file	hydrophobic	hbond	saltbridge	pistacking	pication	halogen	metal
/Volumes/GigiMurin/plip/polyketide/BD1a54-A-A-MDC1/report.txt	2	0	0	0	0	0	0
/Volumes/GigiMurin/plip/polyketide/BD1aj6-A-A-NOV1/report.txt	4	2	1	0	2	0	0
/Volumes/GigiMurin/plip/polyketide/BD1bb7-A-A-GUM1/report.txt	1	6	0	0	0	0	0
/Volumes/GigiMurin/plip/polyketide/BD1bkf-A-A-FK51/report.txt	6	3	0	0	0	0	0
/Volumes/GigiMurin/plip/polyketide/BD1c3r-A-A-TSN1/report.txt	4	4	0	0	0	0	0
/Volumes/GigiMurin/plip/polyketide/BD1c3r-B-B-TSN1/report.txt	4	3	0	0	0	0	0
/Volumes/GigiMurin/plip/polyketide/BD1c8k-A-A-CPB1/report.txt	4	1	0	3	0	0	0
/Volumes/GigiMurin/plip/polyketide/BD1c9h-A-A-RAP1/report.txt	11	5	0	0	0	0	0
/Volumes/GigiMurin/plip/polyketide/BD1cgk-A-A-NAR1/report.txt	7	5	0	0	0	0	0
/Volumes/GigiMurin/plip/polyketide/BD1cgz-A-A-STL1/report.txt	6	2	0	1	0	0	0
/Volumes/GigiMurin/plip/polyketide/BD1cjf-A-C-HOM1/report.txt	1	0	0	0	0	0	0
/Volumes/GigiMurin/plip/polyketide/BD1cjf-C-C-HOM1/report.txt	0	0	0	0	0	0	0
/Volumes/GigiMurin/plip/polyketide/BD1cjf-D-D-HOM1/report.txt	0	0	0	0	0	0	0
/Volumes/GigiMurin/plip/polyketide/BD1cjp-A-A-MUG1/report.txt	1	8	0	0	0	0	0
/Volumes/GigiMurin/plip/polyketide/BD1dic-A-A-DIC1/report.txt	3	1	0	0	0	0	0
/Volumes/GigiMurin/plip/polyketide/BD1dvs-A-A-STL1/report.txt	2	1	0	0	0	0	0
/Volumes/GigiMurin/plip/polyketide/BD1e1y-A-A-CPB1/report.txt	5	1	0	3	0	0	0
/Volumes/GigiMurin/plip/polyketide/BD1e8w-A-A-QUE1/report.txt	6	5	0	0	0	0	0
/Volumes/GigiMurin/plip/polyketide/BD1e90-A-A-MYC1/report.txt	3	7	0	0	0	0	0
/Volumes/GigiMurin/plip/polyketide/BD1esv-A-A-LAR1/report.txt	3	3	1	0	0	0	0
/Volumes/GigiMurin/plip/polyketide/BD1eyq-A-A-NAR1/report.txt	9	3	0	0	0	0	0
/Volumes/GigiMurin/plip/polyketide/BD1f0q-A-A-EMO1/report.txt	10	4	0	0	0	0	0
/Volumes/GigiMurin/plip/polyketide/BD1fap-A-A-RAP1/report.txt	11	3	0	0	0	0	0
/Volumes/GigiMurin/plip/polyketide/BD1fap-B-A-RAP1/report.txt	11	0	0	0	0	0	0
/Volumes/GigiMurin/plip/polyketide/BD1fax-A-A-DX91/report.txt	4	4	1	0	1	0	0
/Volumes/GigiMurin/plip/polyketide/BD1fcn-A-A-LOR1/report.txt	4	6	0	1	0	0	0
/Volumes/GigiMurin/plip/polyketide/BD1fcz-A-A-1561/report.txt	14	1	1	2	0	0	0
/Volumes/GigiMurin/plip/polyketide/BD1fi1-A-A-RIF1/report.txt	9	4	0	1	0	0	0
/Volumes/GigiMurin/plip/polyketide/BD1fkb-A-A-RAP1/report.txt	9	4	0	0	0	0	0
/Volumes/GigiMurin/plip/polyketide/BD1fkd-A-A-8181/report.txt	10	4	0	0	0	0	0
/Volumes/GigiMurin/plip/polyketide/BD1fkf-A-A-FK51/report.txt	10	2	0	0	0	0	0
/Volumes/GigiMurin/plip/polyketide/BD1fkj-A-A-FK51/report.txt	11	2	0	0	0	0	0
/Volumes/GigiMurin/plip/polyketide/BD1fkl-A-A-RAP1/report.txt	9	5	0	0	0	0	0
/Volumes/GigiMurin/plip/polyketide/BD1fm7-A-A-DFV1/report.txt	7	4	0	0	0	0	0
/Volumes/GigiMurin/plip/polyketide/BD1fm7-B-B-DFV1/report.txt	5	2	0	0	0	0	0
/Volumes/GigiMurin/plip/polyketide/BD1fm8-A-A-DDC1/report.txt	9	5	0	0	0	0	0
/Volumes/GigiMurin/plip/polyketide/BD1fp1-D-D-HCC1/report.txt	8	0	0	1	0	0	0
/Volumes/GigiMurin/plip/polyketide/BD1fp2-A-A-HMO1/report.txt	3	1	0	1	0	0	0
/Volumes/GigiMurin/plip/polyketide/BD1gcz-A-A-YZ91/report.txt	3	1	2	0	0	0	0
/Volumes/GigiMurin/plip/polyketide/BD1gcz-A-B-YZ91/report.txt	1	2	0	1	0	0	0
/Volumes/GigiMurin/plip/polyketide/BD1gcz-B-B-YZ91/report.txt	4	2	2	0	0	0	0
/Volumes/GigiMurin/plip/polyketide/BD1gp5-A-A-DH21/report.txt	4	5	0	0	0	0	0
/Volumes/GigiMurin/plip/polyketide/BD1gp5-A-A-DQH1/report.txt	2	5	0	2	0	0	0
/Volumes/GigiMurin/plip/polyketide/BD1gp6-A-A-DH21/report.txt	5	5	0	0	0	0	0
/Volumes/GigiMurin/plip/polyketide/BD1gp6-A-A-QUE1/report.txt	5	6	0	2	0	0	0
/Volumes/GigiMurin/plip/polyketide/BD1h1i-A-A-QUE1/report.txt	7	3	0	1	0	0	0
/Volumes/GigiMurin/plip/polyketide/BD1h1m-A-A-KMP1/report.txt	8	1	0	1	0	0	0
/Volumes/GigiMurin/plip/polyketide/BD1h9z-A-A-RWF1/report.txt	5	1	1	1	0	0	0
/Volumes/GigiMurin/plip/polyketide/BD1ha2-A-A-SWF1/report.txt	8	1	0	1	0	0	0
/Volumes/GigiMurin/plip/polyketide/BD1i1e-A-A-DM21/report.txt	2	9	1	0	0	0	0
/Volumes/GigiMurin/plip/polyketide/BD1i6v-C-C-RFP1/report.txt	4	5	2	0	0	0	0
/Volumes/GigiMurin/plip/polyketide/BD1ijj-A-A-LAR1/report.txt	7	5	1	0	0	0	0
/Volumes/GigiMurin/plip/polyketide/BD1ijj-B-B-LAR1/report.txt	7	3	1	0	0	0	0
/Volumes/GigiMurin/plip/polyketide/BD1j6z-A-A-RHO1/report.txt	5	1	0	2	0	0	0
/Volumes/GigiMurin/plip/polyketide/BD1jep-A-A-DFL1/report.txt	8	0	0	0	0	0	0
/Volumes/GigiMurin/plip/polyketide/BD1jep-B-B-DFL1/report.txt	4	1	0	0	0	0	0
/Volumes/GigiMurin/plip/polyketide/BD1jio-A-A-DEB1/report.txt	7	0	0	0	0	0	0
/Volumes/GigiMurin/plip/polyketide/BD1jnq-A-A-EGT1/report.txt	7	6	0	0	0	0	0
/Volumes/GigiMurin/plip/polyketide/BD1jx0-A-A-DFV1/report.txt	8	2	0	0	1	0	0
/Volumes/GigiMurin/plip/polyketide/BD1jx1-C-C-DFV1/report.txt	6	3	0	0	0	0	0
/Volumes/GigiMurin/plip/polyketide/BD1k3t-C-C-BRZ1/report.txt	2	3	1	0	0	0	0
/Volumes/GigiMurin/plip/polyketide/BD1kgj-A-C-FL81/report.txt	3	1	0	0	0	0	0
/Volumes/GigiMurin/plip/polyketide/BD1kgj-B-B-FL81/report.txt	3	3	0	0	0	1	0
/Volumes/GigiMurin/plip/polyketide/BD1kgj-C-C-FL81/report.txt	0	1	0	0	0	0	0
/Volumes/GigiMurin/plip/polyketide/BD1kgj-D-B-FL81/report.txt	1	1	0	0	0	1	0
/Volumes/GigiMurin/plip/polyketide/BD1kij-A-A-NOV1/report.txt	4	6	3	0	2	0	0
/Volumes/GigiMurin/plip/polyketide/BD1kij-A-B-NOV1/report.txt	2	0	0	0	0	0	0
/Volumes/GigiMurin/plip/polyketide/BD1kij-B-A-NOV1/report.txt	2	0	0	0	0	0	0
/Volumes/GigiMurin/plip/polyketide/BD1kij-B-B-NOV1/report.txt	6	2	2	0	2	0	0
/Volumes/GigiMurin/plip/polyketide/BD1kyn-A-A-KTP1/report.txt	2	4	0	1	0	0	0
/Volumes/GigiMurin/plip/polyketide/BD1kyn-B-B-KTP1/report.txt	4	7	0	1	0	0	0
/Volumes/GigiMurin/plip/polyketide/BD1kzn-A-A-CBN1/report.txt	7	1	2	0	2	1	0
/Volumes/GigiMurin/plip/polyketide/BD1lcu-A-A-LAR1/report.txt	2	4	1	0	0	0	0
/Volumes/GigiMurin/plip/polyketide/BD1lcu-B-B-LAR1/report.txt	5	4	1	0	0	0	0
/Volumes/GigiMurin/plip/polyketide/BD1mts-A-A-BX31/report.txt	4	3	0	0	0	0	0
/Volumes/GigiMurin/plip/polyketide/BD1mtu-A-A-BX31/report.txt	4	3	0	0	0	0	0
/Volumes/GigiMurin/plip/polyketide/BD1mtv-A-A-BX31/report.txt	4	3	0	0	0	0	0
/Volumes/GigiMurin/plip/polyketide/BD1mtw-A-A-DX91/report.txt	5	2	0	0	0	0	0
/Volumes/GigiMurin/plip/polyketide/BD1n5v-A-A-NOM1/report.txt	7	2	0	0	0	0	0
/Volumes/GigiMurin/plip/polyketide/BD1nsg-A-A-RAD1/report.txt	11	4	0	0	0	0	0
/Volumes/GigiMurin/plip/polyketide/BD1nsg-B-A-RAD1/report.txt	14	0	0	0	0	0	0
/Volumes/GigiMurin/plip/polyketide/BD1nwk-A-A-RHO1/report.txt	5	1	0	2	0	0	0
/Volumes/GigiMurin/plip/polyketide/BD1og5-A-A-SWF1/report.txt	10	3	0	2	0	0	0
/Volumes/GigiMurin/plip/polyketide/BD1oxa-A-A-DEB1/report.txt	7	0	0	0	0	0	0
/Volumes/GigiMurin/plip/polyketide/BD1pb9-A-A-4AX1/report.txt	0	7	0	0	0	0	0
/Volumes/GigiMurin/plip/polyketide/BD1pbk-A-A-RAP1/report.txt	6	7	0	0	0	0	0
/Volumes/GigiMurin/plip/polyketide/BD1pkf-A-A-EPD1/report.txt	1	0	0	1	0	0	0
/Volumes/GigiMurin/plip/polyketide/BD1q0r-A-A-AKT1/report.txt	8	1	1	1	0	0	0
/Volumes/GigiMurin/plip/polyketide/BD1q0z-A-A-AKA1/report.txt	7	1	1	1	0	0	0
/Volumes/GigiMurin/plip/polyketide/BD1q5d-A-A-EPB1/report.txt	7	0	0	1	0	0	0
/Volumes/GigiMurin/plip/polyketide/BD1q6i-A-A-FK51/report.txt	6	4	0	0	0	0	0
/Volumes/GigiMurin/plip/polyketide/BD1q6i-B-B-FK51/report.txt	9	4	0	0	0	0	0
/Volumes/GigiMurin/plip/polyketide/BD1q6j-A-A-3351/report.txt	11	10	0	0	0	1	0
/Volumes/GigiMurin/plip/polyketide/BD1q6m-A-A-P271/report.txt	9	10	0	0	0	1	0
/Volumes/GigiMurin/plip/polyketide/BD1q6p-A-A-2131/report.txt	9	9	0	0	0	0	0
/Volumes/GigiMurin/plip/polyketide/BD1q6p-A-B-2131/report.txt	3	0	0	1	0	0	0
/Volumes/GigiMurin/plip/polyketide/BD1q6p-B-A-2131/report.txt	3	2	0	0	0	0	0
/Volumes/GigiMurin/plip/polyketide/BD1q6p-B-B-2131/report.txt	11	14	0	0	0	0	0
/Volumes/GigiMurin/plip/polyketide/BD1qkm-A-A-GEN1/report.txt	4	2	0	1	0	0	0
/Volumes/GigiMurin/plip/polyketide/BD1qpf-A-A-8581/report.txt	8	2	0	0	0	0	0
/Volumes/GigiMurin/plip/polyketide/BD1qpf-D-D-8581/report.txt	7	4	0	0	0	0	0
/Volumes/GigiMurin/plip/polyketide/BD1qpl-A-A-5871/report.txt	10	6	0	0	0	0	0
/Volumes/GigiMurin/plip/polyketide/BD1qpl-C-A-5871/report.txt	0	1	0	0	0	0	0
/Volumes/GigiMurin/plip/polyketide/BD1qpl-C-C-5871/report.txt	6	2	0	0	0	0	0
/Volumes/GigiMurin/plip/polyketide/BD1qy8-A-A-RDI1/report.txt	5	4	0	0	0	0	0
/Volumes/GigiMurin/plip/polyketide/BD1r5k-A-A-GW51/report.txt	9	2	0	1	0	0	0
/Volumes/GigiMurin/plip/polyketide/BD1r8q-A-A-AFB1/report.txt	5	3	0	0	0	0	0
/Volumes/GigiMurin/plip/polyketide/BD1r8q-E-A-AFB1/report.txt	2	1	0	0	0	0	0
/Volumes/GigiMurin/plip/polyketide/BD1r8q-F-B-AFB1/report.txt	1	1	0	0	0	0	0
/Volumes/GigiMurin/plip/polyketide/BD1rdw-X-X-LAR1/report.txt	5	5	1	0	0	0	0
/Volumes/GigiMurin/plip/polyketide/BD1re0-A-A-AFB1/report.txt	4	3	0	0	0	0	0
/Volumes/GigiMurin/plip/polyketide/BD1re0-B-A-AFB1/report.txt	2	1	0	0	0	0	0
/Volumes/GigiMurin/plip/polyketide/BD1rfq-A-A-LAR1/report.txt	2	3	1	0	0	0	0
/Volumes/GigiMurin/plip/polyketide/BD1rfq-B-B-LAR1/report.txt	2	3	1	0	1	0	0
/Volumes/GigiMurin/plip/polyketide/BD1rv1-A-A-IMZ1/report.txt	5	1	0	0	0	0	0
/Volumes/GigiMurin/plip/polyketide/BD1rv1-A-A-IMZ2/report.txt	4	0	0	0	0	1	0
/Volumes/GigiMurin/plip/polyketide/BD1rv1-A-C-IMZ1/report.txt	0	3	0	0	0	0	0
/Volumes/GigiMurin/plip/polyketide/BD1rv1-B-B-IMZ1/report.txt	4	0	0	0	0	0	0
/Volumes/GigiMurin/plip/polyketide/BD1rv1-C-A-IMZ1/report.txt	0	1	0	0	0	0	0
/Volumes/GigiMurin/plip/polyketide/BD1ry8-A-A-RUT1/report.txt	3	5	0	2	0	0	0
/Volumes/GigiMurin/plip/polyketide/BD1s0j-A-A-MUS1/report.txt	4	7	3	2	0	0	0
/Volumes/GigiMurin/plip/polyketide/BD1s14-A-A-NOV1/report.txt	3	4	2	0	2	0	0
/Volumes/GigiMurin/plip/polyketide/BD1s14-B-B-NOV1/report.txt	3	3	2	0	2	0	0
/Volumes/GigiMurin/plip/polyketide/BD1s9d-A-A-AFB1/report.txt	7	2	0	0	0	0	0
/Volumes/GigiMurin/plip/polyketide/BD1s9d-E-A-AFB1/report.txt	3	0	0	0	0	0	0
/Volumes/GigiMurin/plip/polyketide/BD1s9p-A-A-DES1/report.txt	9	2	0	2	0	0	0
/Volumes/GigiMurin/plip/polyketide/BD1s9p-C-C-DES1/report.txt	8	2	0	1	0	0	0
/Volumes/GigiMurin/plip/polyketide/BD1s9q-A-A-OHT1/report.txt	12	2	1	1	0	0	0
/Volumes/GigiMurin/plip/polyketide/BD1sg0-A-A-STL1/report.txt	4	2	0	1	0	0	0
/Volumes/GigiMurin/plip/polyketide/BD1sg0-A-B-STL1/report.txt	4	2	0	0	0	0	0
/Volumes/GigiMurin/plip/polyketide/BD1sg0-B-B-STL1/report.txt	4	2	0	1	0	0	0
/Volumes/GigiMurin/plip/polyketide/BD1sj0-A-A-E4D1/report.txt	6	4	1	0	0	0	0
/Volumes/GigiMurin/plip/polyketide/BD1skx-A-A-RFP1/report.txt	11	3	0	0	0	0	0
/Volumes/GigiMurin/plip/polyketide/BD1sqk-A-A-LAR1/report.txt	6	5	1	0	0	0	0
/Volumes/GigiMurin/plip/polyketide/BD1sqq-C-C-OST1/report.txt	8	1	0	1	0	0	0
/Volumes/GigiMurin/plip/polyketide/BD1t31-A-A-OHH1/report.txt	9	6	0	1	0	0	0
/Volumes/GigiMurin/plip/polyketide/BD1t32-A-A-OHH1/report.txt	10	5	0	1	0	0	0
/Volumes/GigiMurin/plip/polyketide/BD1t64-A-A-TSN1/report.txt	4	5	0	0	0	0	0
/Volumes/GigiMurin/plip/polyketide/BD1t64-A-A-TSN2/report.txt	5	0	0	1	0	0	0
/Volumes/GigiMurin/plip/polyketide/BD1t64-B-B-TSN1/report.txt	4	4	0	0	0	0	0
/Volumes/GigiMurin/plip/polyketide/BD1t64-B-B-TSN2/report.txt	5	0	0	1	0	0	0
/Volumes/GigiMurin/plip/polyketide/BD1tco-A-C-FK51/report.txt	2	0	0	0	0	0	0
/Volumes/GigiMurin/plip/polyketide/BD1tco-B-C-FK51/report.txt	2	0	0	0	0	0	0
/Volumes/GigiMurin/plip/polyketide/BD1tco-C-C-FK51/report.txt	8	5	0	0	0	0	0
/Volumes/GigiMurin/plip/polyketide/BD1thc-A-A-FL91/report.txt	2	2	0	0	0	0	0
/Volumes/GigiMurin/plip/polyketide/BD1thc-A-A-FL92/report.txt	1	1	0	0	0	0	0
/Volumes/GigiMurin/plip/polyketide/BD1tt6-A-A-DES1/report.txt	2	3	0	0	0	0	0
/Volumes/GigiMurin/plip/polyketide/BD1tt6-B-B-DES1/report.txt	3	2	0	0	0	0	0
/Volumes/GigiMurin/plip/polyketide/BD1ttv-A-A-IMY1/report.txt	6	0	0	0	0	0	0
/Volumes/GigiMurin/plip/polyketide/BD1tvk-B-B-EP1/report.txt	3	7	1	0	0	0	0
/Volumes/GigiMurin/plip/polyketide/BD1tw2-A-A-ERT1/report.txt	7	2	1	1	0	0	0
/Volumes/GigiMurin/plip/polyketide/BD1tw2-B-B-ERT1/report.txt	7	2	1	0	0	0	0
/Volumes/GigiMurin/plip/polyketide/BD1tw3-A-A-ERT1/report.txt	8	3	1	0	0	0	0
/Volumes/GigiMurin/plip/polyketide/BD1tz8-A-B-DES1/report.txt	3	2	0	0	0	0	0
/Volumes/GigiMurin/plip/polyketide/BD1tz8-C-C-DES1/report.txt	4	1	0	0	0	0	0
/Volumes/GigiMurin/plip/polyketide/BD1tz8-D-C-DES1/report.txt	0	2	0	0	0	0	0
/Volumes/GigiMurin/plip/polyketide/BD1tz8-D-D-DES1/report.txt	3	2	0	0	0	0	0
/Volumes/GigiMurin/plip/polyketide/BD1u0w-A-A-STL1/report.txt	7	2	0	0	0	0	0
/Volumes/GigiMurin/plip/polyketide/BD1u0w-B-B-STL1/report.txt	10	2	0	0	0	0	0
/Volumes/GigiMurin/plip/polyketide/BD1u6q-A-A-7451/report.txt	2	3	0	1	0	0	0
/Volumes/GigiMurin/plip/polyketide/BD1u9e-A-A-3971/report.txt	4	3	0	1	0	0	0
/Volumes/GigiMurin/plip/polyketide/BD1u9e-B-B-3971/report.txt	3	2	0	1	0	0	0
/Volumes/GigiMurin/plip/polyketide/BD1upj-A-A-U011/report.txt	3	1	0	0	0	0	0
/Volumes/GigiMurin/plip/polyketide/BD1v5y-A-A-4HC1/report.txt	2	1	0	1	0	0	0
/Volumes/GigiMurin/plip/polyketide/BD1v5y-A-B-4HC1/report.txt	2	0	1	0	0	0	0
/Volumes/GigiMurin/plip/polyketide/BD1vjb-A-A-OHT1/report.txt	12	3	1	1	0	0	0
/Volumes/GigiMurin/plip/polyketide/BD1vjb-B-B-OHT1/report.txt	11	2	1	1	0	0	0
/Volumes/GigiMurin/plip/polyketide/BD1w96-A-A-S1A1/report.txt	7	4	0	0	0	0	0
/Volumes/GigiMurin/plip/polyketide/BD1wua-A-A-AP81/report.txt	8	0	0	0	0	0	0
/Volumes/GigiMurin/plip/polyketide/BD1x76-A-A-6971/report.txt	4	3	0	1	0	0	0
/Volumes/GigiMurin/plip/polyketide/BD1x76-B-B-6971/report.txt	4	2	0	1	0	0	0
/Volumes/GigiMurin/plip/polyketide/BD1x78-A-A-2441/report.txt	7	3	0	1	0	0	0
/Volumes/GigiMurin/plip/polyketide/BD1x78-B-B-2441/report.txt	6	2	0	1	0	0	0
/Volumes/GigiMurin/plip/polyketide/BD1x7e-A-A-2441/report.txt	6	2	0	1	0	0	0
/Volumes/GigiMurin/plip/polyketide/BD1x7j-A-A-GEN1/report.txt	4	4	0	1	0	0	0
/Volumes/GigiMurin/plip/polyketide/BD1x7j-B-B-GEN1/report.txt	3	2	0	1	0	0	0
/Volumes/GigiMurin/plip/polyketide/BD1x7r-A-A-GEN1/report.txt	5	3	0	1	0	0	0
/Volumes/GigiMurin/plip/polyketide/BD1x8i-A-A-BMH1/report.txt	4	2	3	0	0	0	0
/Volumes/GigiMurin/plip/polyketide/BD1xap-A-A-TTB1/report.txt	11	1	1	1	0	0	0
/Volumes/GigiMurin/plip/polyketide/BD1xds-A-A-DRA1/report.txt	11	3	0	0	0	0	0
/Volumes/GigiMurin/plip/polyketide/BD1xo2-B-B-FSE1/report.txt	4	7	0	1	0	0	0
/Volumes/GigiMurin/plip/polyketide/BD1xp1-A-A-AIH1/report.txt	8	4	1	0	0	0	0
/Volumes/GigiMurin/plip/polyketide/BD1xp6-A-A-AIU1/report.txt	7	4	1	0	0	0	0
/Volumes/GigiMurin/plip/polyketide/BD1xp9-A-A-AIJ1/report.txt	8	4	1	0	0	0	0
/Volumes/GigiMurin/plip/polyketide/BD1xpc-A-A-AIT1/report.txt	11	4	1	0	0	0	0
/Volumes/GigiMurin/plip/polyketide/BD1xql-A-A-4AX1/report.txt	0	0	0	0	0	0	0
/Volumes/GigiMurin/plip/polyketide/BD1xql-B-B-4AX1/report.txt	0	0	0	0	0	0	0
/Volumes/GigiMurin/plip/polyketide/BD1y5v-A-A-NE81/report.txt	4	4	0	0	0	0	0
/Volumes/GigiMurin/plip/polyketide/BD1y5w-A-A-NEZ1/report.txt	5	3	2	2	0	0	0
/Volumes/GigiMurin/plip/polyketide/BD1y5x-A-A-E891/report.txt	3	3	2	2	0	0	0
/Volumes/GigiMurin/plip/polyketide/BD1y5x-D-D-E891/report.txt	3	3	2	2	0	0	0
/Volumes/GigiMurin/plip/polyketide/BD1ya4-A-A-CTX1/report.txt	9	0	0	1	0	0	0
/Volumes/GigiMurin/plip/polyketide/BD1ya4-A-A-CTX2/report.txt	5	0	0	0	1	0	0
/Volumes/GigiMurin/plip/polyketide/BD1ya4-B-B-CTX2/report.txt	5	0	0	0	0	0	0
/Volumes/GigiMurin/plip/polyketide/BD1ya4-C-C-CTX1/report.txt	13	0	0	1	0	0	0
/Volumes/GigiMurin/plip/polyketide/BD1ya4-C-C-CTX2/report.txt	3	0	0	0	0	0	0
/Volumes/GigiMurin/plip/polyketide/BD1yat-A-A-FK51/report.txt	10	4	0	0	0	0	0
/Volumes/GigiMurin/plip/polyketide/BD1yim-A-A-CM41/report.txt	9	4	1	1	0	0	0
/Volumes/GigiMurin/plip/polyketide/BD1ynn-C-C-RFP1/report.txt	4	4	0	0	0	0	0
/Volumes/GigiMurin/plip/polyketide/BD1z10-A-A-COU1/report.txt	1	1	0	1	0	0	0
/Volumes/GigiMurin/plip/polyketide/BD1z10-B-B-COU1/report.txt	6	1	0	1	0	0	0
/Volumes/GigiMurin/plip/polyketide/BD1z10-C-C-COU1/report.txt	1	1	0	1	0	0	0
/Volumes/GigiMurin/plip/polyketide/BD1z10-D-D-COU1/report.txt	3	1	0	1	0	0	0
/Volumes/GigiMurin/plip/polyketide/BD1z11-A-A-8MO1/report.txt	7	1	0	1	0	0	0
/Volumes/GigiMurin/plip/polyketide/BD1z11-B-B-8MO1/report.txt	5	1	0	2	0	0	0
/Volumes/GigiMurin/plip/polyketide/BD1z1f-A-A-STL1/report.txt	6	3	0	0	0	0	0
/Volumes/GigiMurin/plip/polyketide/BD1z8o-A-A-DEB1/report.txt	9	2	0	0	0	0	0
/Volumes/GigiMurin/plip/polyketide/BD1z8p-A-A-DEB1/report.txt	9	2	0	0	0	0	0
/Volumes/GigiMurin/plip/polyketide/BD1z8q-A-A-DEB1/report.txt	8	2	0	0	0	0	0
/Volumes/GigiMurin/plip/polyketide/BD1zg3-A-A-2HI1/report.txt	3	0	0	1	0	0	0
/Volumes/GigiMurin/plip/polyketide/BD1zga-A-A-HMK1/report.txt	2	0	0	2	0	0	0
/Volumes/GigiMurin/plip/polyketide/BD1zgj-A-A-P1S1/report.txt	1	1	0	0	0	0	0
/Volumes/GigiMurin/plip/polyketide/BD2a5x-A-A-LAR1/report.txt	3	3	1	0	0	0	0
/Volumes/GigiMurin/plip/polyketide/BD2a68-C-C-RBT1/report.txt	2	7	1	0	0	0	0
/Volumes/GigiMurin/plip/polyketide/BD2a68-M-M-RBT1/report.txt	4	7	1	0	0	0	0
/Volumes/GigiMurin/plip/polyketide/BD2a68-P-M-RBT1/report.txt	1	0	1	0	0	0	0
/Volumes/GigiMurin/plip/polyketide/BD2a69-C-C-RPT1/report.txt	2	7	1	0	0	0	0
/Volumes/GigiMurin/plip/polyketide/BD2bj4-A-A-OHT1/report.txt	10	1	1	1	0	0	0
/Volumes/GigiMurin/plip/polyketide/BD2brt-A-A-NAR1/report.txt	3	4	0	2	0	0	0
/Volumes/GigiMurin/plip/polyketide/BD2bxd-A-A-RWF1/report.txt	6	4	1	0	1	0	0
/Volumes/GigiMurin/plip/polyketide/BD2c1z-A-A-KMP1/report.txt	3	4	0	1	0	0	0
/Volumes/GigiMurin/plip/polyketide/BD2c29-D-D-DQH1/report.txt	4	7	0	0	0	0	0
/Volumes/GigiMurin/plip/polyketide/BD2c9z-A-A-QUE1/report.txt	4	5	0	1	0	0	0
/Volumes/GigiMurin/plip/polyketide/BD2cip-A-A-ZZ11/report.txt	1	1	0	0	0	0	0
/Volumes/GigiMurin/plip/polyketide/BD2dg3-A-A-RAP1/report.txt	8	4	0	0	0	0	0
/Volumes/GigiMurin/plip/polyketide/BD2dg4-A-A-RAP1/report.txt	10	3	0	0	0	0	0
/Volumes/GigiMurin/plip/polyketide/BD2dg9-A-A-RAP1/report.txt	8	4	0	0	0	0	0
/Volumes/GigiMurin/plip/polyketide/BD2dr6-A-A-DM21/report.txt	4	4	0	1	0	0	0
/Volumes/GigiMurin/plip/polyketide/BD2drd-A-A-MIY1/report.txt	4	1	0	0	0	0	0
/Volumes/GigiMurin/plip/polyketide/BD2duv-A-A-3711/report.txt	4	4	0	1	0	0	0
/Volumes/GigiMurin/plip/polyketide/BD2ewp-A-A-TXF1/report.txt	9	5	1	1	0	0	0
/Volumes/GigiMurin/plip/polyketide/BD2ewp-B-B-TXF1/report.txt	13	4	1	1	0	0	0
/Volumes/GigiMurin/plip/polyketide/BD2ewp-C-C-TXF1/report.txt	11	4	1	1	0	0	0
/Volumes/GigiMurin/plip/polyketide/BD2fap-A-A-RAD1/report.txt	11	2	0	0	0	0	0
/Volumes/GigiMurin/plip/polyketide/BD2fap-B-A-RAD1/report.txt	14	0	0	0	0	0	0
/Volumes/GigiMurin/plip/polyketide/BD2fj1-A-A-CTC1/report.txt	2	5	0	0	0	0	0
/Volumes/GigiMurin/plip/polyketide/BD2fjm-A-A-0731/report.txt	9	9	0	0	0	0	0
/Volumes/GigiMurin/plip/polyketide/BD2fjm-A-B-0731/report.txt	2	0	0	0	1	0	0
/Volumes/GigiMurin/plip/polyketide/BD2fjn-A-A-0731/report.txt	12	9	0	0	0	0	0
/Volumes/GigiMurin/plip/polyketide/BD2fjn-A-B-0731/report.txt	3	0	0	0	0	0	0
/Volumes/GigiMurin/plip/polyketide/BD2fjn-B-A-0731/report.txt	3	0	0	0	0	0	0
/Volumes/GigiMurin/plip/polyketide/BD2fke-A-A-FK51/report.txt	11	3	0	0	0	0	0
/Volumes/GigiMurin/plip/polyketide/BD2fsz-A-A-OHT1/report.txt	12	2	1	1	0	0	0
/Volumes/GigiMurin/plip/polyketide/BD2fsz-A-A-OHT2/report.txt	8	0	0	0	0	0	0
/Volumes/GigiMurin/plip/polyketide/BD2g0l-A-A-FLN1/report.txt	3	1	0	1	0	0	0
/Volumes/GigiMurin/plip/polyketide/BD2g2r-A-A-TNS1/report.txt	1	0	0	1	0	0	0
/Volumes/GigiMurin/plip/polyketide/BD2g2r-B-A-TNS1/report.txt	6	1	0	0	0	0	0
/Volumes/GigiMurin/plip/polyketide/BD2g2r-L-L-TNS1/report.txt	2	0	0	1	0	0	0
/Volumes/GigiMurin/plip/polyketide/BD2gpu-A-A-OHT1/report.txt	9	2	1	1	0	0	0
/Volumes/GigiMurin/plip/polyketide/BD2gpv-A-A-OHT1/report.txt	14	1	1	1	0	0	0
/Volumes/GigiMurin/plip/polyketide/BD2gpv-B-B-OHT1/report.txt	10	2	1	1	0	0	0
/Volumes/GigiMurin/plip/polyketide/BD2h44-A-A-7CA1/report.txt	8	5	1	3	0	0	0
/Volumes/GigiMurin/plip/polyketide/BD2h8z-A-A-8CM1/report.txt	2	1	1	0	0	0	0
/Volumes/GigiMurin/plip/polyketide/BD2h8z-A-A-8CM2/report.txt	0	0	1	0	1	0	0
/Volumes/GigiMurin/plip/polyketide/BD2h8z-A-A-8CM3/report.txt	0	1	0	0	0	0	0
/Volumes/GigiMurin/plip/polyketide/BD2h90-A-A-COU1/report.txt	1	0	2	0	0	0	0
/Volumes/GigiMurin/plip/polyketide/BD2h90-A-A-COU2/report.txt	1	0	0	1	0	0	0
/Volumes/GigiMurin/plip/polyketide/BD2hck-A-A-QUE1/report.txt	2	4	0	0	0	0	0
/Volumes/GigiMurin/plip/polyketide/BD2hfk-A-A-E4H1/report.txt	5	1	0	0	0	0	0
/Volumes/GigiMurin/plip/polyketide/BD2hfk-B-B-E4H1/report.txt	8	2	0	0	0	0	0
/Volumes/GigiMurin/plip/polyketide/BD2hi4-A-A-BHF1/report.txt	12	0	0	1	0	0	0
/Volumes/GigiMurin/plip/polyketide/BD2hw2-A-A-RFP1/report.txt	7	2	0	0	0	0	0
/Volumes/GigiMurin/plip/polyketide/BD2i0g-A-A-I0G1/report.txt	7	4	0	1	0	0	0
/Volumes/GigiMurin/plip/polyketide/BD2i0g-B-B-I0G1/report.txt	5	2	0	1	0	0	0
/Volumes/GigiMurin/plip/polyketide/BD2i0j-A-A-I0G1/report.txt	6	2	0	0	0	0	0
/Volumes/GigiMurin/plip/polyketide/BD2i0j-B-B-I0G1/report.txt	8	3	0	0	0	0	0
/Volumes/GigiMurin/plip/polyketide/BD2i0j-C-C-I0G1/report.txt	5	2	0	0	0	0	0
/Volumes/GigiMurin/plip/polyketide/BD2iod-A-A-MYC1/report.txt	3	11	0	0	0	0	0
/Volumes/GigiMurin/plip/polyketide/BD2iod-A-A-MYC2/report.txt	5	4	0	0	0	0	0
/Volumes/GigiMurin/plip/polyketide/BD2iod-B-B-MYC2/report.txt	5	5	0	0	0	0	0
/Volumes/GigiMurin/plip/polyketide/BD2iod-C-C-MYC1/report.txt	3	9	0	0	0	0	0
/Volumes/GigiMurin/plip/polyketide/BD2ipi-A-A-AKY1/report.txt	5	1	0	5	0	0	0
/Volumes/GigiMurin/plip/polyketide/BD2iyf-A-A-ERY1/report.txt	6	2	0	0	2	0	0
/Volumes/GigiMurin/plip/polyketide/BD2iyf-B-B-ERY1/report.txt	9	3	0	0	2	0	0
/Volumes/GigiMurin/plip/polyketide/BD2j0d-A-A-ERY1/report.txt	8	1	0	0	0	0	0
/Volumes/GigiMurin/plip/polyketide/BD2jf9-A-A-OHT1/report.txt	11	2	1	1	0	0	0
/Volumes/GigiMurin/plip/polyketide/BD2jiz-F-G-STL1/report.txt	1	0	0	0	0	0	0
/Volumes/GigiMurin/plip/polyketide/BD2jiz-G-G-STL1/report.txt	3	0	0	0	0	0	0
/Volumes/GigiMurin/plip/polyketide/BD2jiz-I-N-STL1/report.txt	0	1	0	0	0	0	0
/Volumes/GigiMurin/plip/polyketide/BD2jj1-B-G-PIT1/report.txt	1	1	0	0	0	0	0
/Volumes/GigiMurin/plip/polyketide/BD2jj1-C-G-PIT1/report.txt	0	0	0	0	0	0	0
/Volumes/GigiMurin/plip/polyketide/BD2jj1-F-G-PIT1/report.txt	1	1	0	0	0	0	0
/Volumes/GigiMurin/plip/polyketide/BD2jj1-G-G-PIT1/report.txt	5	2	0	0	1	0	0
/Volumes/GigiMurin/plip/polyketide/BD2jj2-B-G-QUE1/report.txt	1	2	0	0	0	0	0
/Volumes/GigiMurin/plip/polyketide/BD2jj2-C-G-QUE1/report.txt	0	0	0	0	0	0	0
/Volumes/GigiMurin/plip/polyketide/BD2jj2-F-G-QUE1/report.txt	0	0	0	0	0	0	0
/Volumes/GigiMurin/plip/polyketide/BD2jj2-G-G-QUE1/report.txt	3	1	0	0	0	0	0
/Volumes/GigiMurin/plip/polyketide/BD2jj3-A-A-JJ31/report.txt	6	4	0	1	0	0	0
/Volumes/GigiMurin/plip/polyketide/BD2jj3-B-A-JJ31/report.txt	0	0	0	0	0	0	0
/Volumes/GigiMurin/plip/polyketide/BD2kdh-A-A-KDH1/report.txt	4	1	0	1	0	0	0
/Volumes/GigiMurin/plip/polyketide/BD2l98-A-A-STL1/report.txt	4	0	0	1	0	0	0
/Volumes/GigiMurin/plip/polyketide/BD2lzg-A-A-13Q1/report.txt	5	0	1	1	0	0	0
/Volumes/GigiMurin/plip/polyketide/BD2n0u-A-A-48M1/report.txt	4	0	0	0	0	1	0
/Volumes/GigiMurin/plip/polyketide/BD2n0w-A-A-48L1/report.txt	4	0	0	0	0	1	0
/Volumes/GigiMurin/plip/polyketide/BD2n14-A-A-49H1/report.txt	2	0	0	0	0	0	0
/Volumes/GigiMurin/plip/polyketide/BD2nnl-D-D-ERD1/report.txt	7	5	0	0	0	0	0
/Volumes/GigiMurin/plip/polyketide/BD2o3p-A-A-QUE1/report.txt	7	3	0	0	0	0	0
/Volumes/GigiMurin/plip/polyketide/BD2o63-A-A-MYC1/report.txt	5	3	0	0	0	0	0
/Volumes/GigiMurin/plip/polyketide/BD2o64-A-A-MYU1/report.txt	5	4	0	0	0	0	0
/Volumes/GigiMurin/plip/polyketide/BD2o65-A-A-MYF1/report.txt	6	2	0	0	0	0	0
/Volumes/GigiMurin/plip/polyketide/BD2o7o-A-A-DXT1/report.txt	2	4	0	0	0	0	0
/Volumes/GigiMurin/plip/polyketide/BD2oos-A-A-JPJ1/report.txt	12	1	0	2	0	1	0
/Volumes/GigiMurin/plip/polyketide/BD2otj-3-0-13T1/report.txt	2	2	0	0	0	0	0
/Volumes/GigiMurin/plip/polyketide/BD2p7z-A-A-OHT1/report.txt	10	2	1	1	0	0	0
/Volumes/GigiMurin/plip/polyketide/BD2pmj-A-A-COU1/report.txt	2	0	0	0	0	0	0
/Volumes/GigiMurin/plip/polyketide/BD2pog-A-A-WST1/report.txt	9	2	0	1	0	0	0
/Volumes/GigiMurin/plip/polyketide/BD2pog-B-B-WST1/report.txt	6	2	0	1	0	0	0
/Volumes/GigiMurin/plip/polyketide/BD2pwb-A-A-COU1/report.txt	0	1	1	0	0	0	0
/Volumes/GigiMurin/plip/polyketide/BD2q0r-A-A-PXT1/report.txt	3	3	0	0	0	0	0
/Volumes/GigiMurin/plip/polyketide/BD2q0u-A-A-LAB1/report.txt	4	4	1	0	0	0	0
/Volumes/GigiMurin/plip/polyketide/BD2q0u-A-A-PXT1/report.txt	3	3	0	0	0	0	0
/Volumes/GigiMurin/plip/polyketide/BD2q1n-A-A-LAR1/report.txt	4	4	1	0	0	0	0
/Volumes/GigiMurin/plip/polyketide/BD2q31-A-A-LAR1/report.txt	2	4	1	0	0	0	0
/Volumes/GigiMurin/plip/polyketide/BD2q70-A-A-DC81/report.txt	8	3	0	0	0	0	0
/Volumes/GigiMurin/plip/polyketide/BD2q70-B-B-DC81/report.txt	8	4	0	0	0	0	0
/Volumes/GigiMurin/plip/polyketide/BD2qa8-A-A-GEN1/report.txt	2	4	0	1	0	0	0
/Volumes/GigiMurin/plip/polyketide/BD2qa8-B-B-GEN1/report.txt	4	2	0	1	0	0	0
/Volumes/GigiMurin/plip/polyketide/BD2qc6-A-A-G121/report.txt	8	3	0	0	0	1	0
/Volumes/GigiMurin/plip/polyketide/BD2qe4-A-A-JJ31/report.txt	7	4	0	1	0	0	0
/Volumes/GigiMurin/plip/polyketide/BD2qje-A-D-TVY1/report.txt	0	2	0	0	0	0	0
/Volumes/GigiMurin/plip/polyketide/BD2qtu-A-A-3AS1/report.txt	6	4	0	1	0	0	0
/Volumes/GigiMurin/plip/polyketide/BD2qyo-A-A-QSO1/report.txt	3	1	0	1	0	0	0
/Volumes/GigiMurin/plip/polyketide/BD2qyo-A-B-QSO1/report.txt	1	0	0	0	0	0	0
/Volumes/GigiMurin/plip/polyketide/BD2r2w-U-U-4PG1/report.txt	1	5	1	1	0	0	0
/Volumes/GigiMurin/plip/polyketide/BD2rh4-A-A-EMO1/report.txt	5	2	0	0	0	0	0
/Volumes/GigiMurin/plip/polyketide/BD2rhc-A-A-EMO1/report.txt	6	3	0	0	0	0	0
/Volumes/GigiMurin/plip/polyketide/BD2rhr-A-A-EMO1/report.txt	5	6	0	0	0	0	0
/Volumes/GigiMurin/plip/polyketide/BD2rhr-A-A-EMO2/report.txt	4	5	0	0	0	0	0
/Volumes/GigiMurin/plip/polyketide/BD2tct-A-A-CTC1/report.txt	1	4	0	0	0	0	0
/Volumes/GigiMurin/plip/polyketide/BD2uxh-A-A-QUE1/report.txt	4	1	0	0	0	0	0
/Volumes/GigiMurin/plip/polyketide/BD2uxi-A-A-G501/report.txt	1	3	0	0	0	0	0
/Volumes/GigiMurin/plip/polyketide/BD2uxi-A-B-G501/report.txt	0	1	0	0	0	0	0
/Volumes/GigiMurin/plip/polyketide/BD2uxi-B-B-G501/report.txt	5	1	0	0	1	0	0
/Volumes/GigiMurin/plip/polyketide/BD2uxu-A-A-NAR1/report.txt	4	2	0	0	0	0	0
/Volumes/GigiMurin/plip/polyketide/BD2v51-B-B-LAB1/report.txt	4	4	1	0	0	0	0
/Volumes/GigiMurin/plip/polyketide/BD2v52-B-B-LAB1/report.txt	6	4	1	0	0	0	0
/Volumes/GigiMurin/plip/polyketide/BD2v60-A-A-C171/report.txt	4	0	0	0	0	1	0
/Volumes/GigiMurin/plip/polyketide/BD2v61-A-A-C181/report.txt	6	1	0	0	0	1	0
/Volumes/GigiMurin/plip/polyketide/BD2v61-B-B-C181/report.txt	5	0	0	0	0	1	0
/Volumes/GigiMurin/plip/polyketide/BD2vcd-A-A-RAP1/report.txt	10	1	0	0	0	0	0
/Volumes/GigiMurin/plip/polyketide/BD2vle-A-A-DZN1/report.txt	6	2	0	2	0	0	0
/Volumes/GigiMurin/plip/polyketide/BD2vn1-A-A-FK51/report.txt	7	6	0	0	0	0	0
/Volumes/GigiMurin/plip/polyketide/BD2vn1-B-A-FK51/report.txt	5	0	0	0	0	0	0
/Volumes/GigiMurin/plip/polyketide/BD2wq5-A-A-MIY1/report.txt	5	4	0	0	0	0	0
/Volumes/GigiMurin/plip/polyketide/BD2xi4-A-A-AFT1/report.txt	4	3	0	2	0	0	0
/Volumes/GigiMurin/plip/polyketide/BD2xk3-A-A-XK31/report.txt	5	3	1	0	0	0	0
/Volumes/GigiMurin/plip/polyketide/BD2xk6-A-A-EQH1/report.txt	4	3	1	0	0	0	0
/Volumes/GigiMurin/plip/polyketide/BD2xpv-A-A-MIY1/report.txt	2	5	0	0	0	0	0
/Volumes/GigiMurin/plip/polyketide/BD2xpw-A-A-OTC1/report.txt	1	3	0	0	0	0	0
/Volumes/GigiMurin/plip/polyketide/BD2xrl-A-A-DXT1/report.txt	3	3	0	0	0	0	0
/Volumes/GigiMurin/plip/polyketide/BD2y6r-A-A-CTC1/report.txt	3	6	0	0	0	0	0
/Volumes/GigiMurin/plip/polyketide/BD2y6r-B-B-CTC1/report.txt	3	2	0	0	0	0	0
/Volumes/GigiMurin/plip/polyketide/BD2y6r-C-C-CTC1/report.txt	3	5	0	0	0	0	0
/Volumes/GigiMurin/plip/polyketide/BD2y6r-D-D-CTC1/report.txt	3	7	0	0	0	0	0
/Volumes/GigiMurin/plip/polyketide/BD2ydx-A-A-STL1/report.txt	6	0	0	0	0	0	0
/Volumes/GigiMurin/plip/polyketide/BD2ydx-A-A-STL2/report.txt	3	4	0	0	1	0	0
/Volumes/GigiMurin/plip/polyketide/BD2ydx-A-C-STL1/report.txt	2	3	0	0	0	0	0
/Volumes/GigiMurin/plip/polyketide/BD2ydx-C-A-STL1/report.txt	2	1	0	0	0	0	0
/Volumes/GigiMurin/plip/polyketide/BD2ydx-D-E-STL2/report.txt	3	1	0	0	0	0	0
/Volumes/GigiMurin/plip/polyketide/BD2ydx-E-E-STL1/report.txt	3	4	0	0	1	0	0
/Volumes/GigiMurin/plip/polyketide/BD2yfe-A-A-YFE1/report.txt	3	1	0	0	0	0	0
/Volumes/GigiMurin/plip/polyketide/BD2yfe-B-B-YFE1/report.txt	11	2	0	0	0	0	0
/Volumes/GigiMurin/plip/polyketide/BD2yje-A-A-LAB1/report.txt	5	4	1	0	0	0	0
/Volumes/GigiMurin/plip/polyketide/BD2yje-B-B-LAB1/report.txt	0	0	0	0	0	0	0
/Volumes/GigiMurin/plip/polyketide/BD2yje-C-C-LAB1/report.txt	0	0	0	0	0	0	0
/Volumes/GigiMurin/plip/polyketide/BD2yjf-A-A-LAB1/report.txt	2	3	1	0	0	0	0
/Volumes/GigiMurin/plip/polyketide/BD2yjf-C-C-LAB1/report.txt	2	3	1	0	0	0	0
/Volumes/GigiMurin/plip/polyketide/BD2z4b-A-A-DC81/report.txt	5	4	0	1	0	0	0
/Volumes/GigiMurin/plip/polyketide/BD2zbh-A-A-BVL1/report.txt	0	1	0	0	0	0	0
/Volumes/GigiMurin/plip/polyketide/BD2zec-A-A-11N1/report.txt	4	3	0	0	0	0	0
/Volumes/GigiMurin/plip/polyketide/BD2zec-A-C-11N1/report.txt	1	0	0	0	0	0	0
/Volumes/GigiMurin/plip/polyketide/BD2zec-B-D-11N1/report.txt	1	0	0	0	0	0	0
/Volumes/GigiMurin/plip/polyketide/BD2zec-C-A-11N1/report.txt	1	0	0	0	0	0	0
/Volumes/GigiMurin/plip/polyketide/BD2zec-D-A-11N1/report.txt	0	0	0	0	0	0	0
/Volumes/GigiMurin/plip/polyketide/BD2zjw-A-A-REF1/report.txt	3	2	0	0	0	0	0
/Volumes/GigiMurin/plip/polyketide/BD2zvj-A-A-KOM1/report.txt	2	4	1	0	0	0	0
/Volumes/GigiMurin/plip/polyketide/BD3aba-A-A-FLI1/report.txt	13	2	0	0	0	0	0
/Volumes/GigiMurin/plip/polyketide/BD3amy-A-A-AGI1/report.txt	6	6	0	1	0	0	0
/Volumes/GigiMurin/plip/polyketide/BD3aob-C-C-RFP1/report.txt	5	3	1	0	0	0	0
/Volumes/GigiMurin/plip/polyketide/BD3aoc-C-C-ERY1/report.txt	7	5	2	0	0	0	0
/Volumes/GigiMurin/plip/polyketide/BD3aod-A-A-MIY1/report.txt	3	2	0	0	0	0	0
/Volumes/GigiMurin/plip/polyketide/BD3aod-C-C-RFP1/report.txt	5	6	1	0	0	0	0
/Volumes/GigiMurin/plip/polyketide/BD3arq-A-A-DM51/report.txt	4	3	0	5	1	0	0
/Volumes/GigiMurin/plip/polyketide/BD3blr-A-A-CPB1/report.txt	4	4	1	0	0	0	0
/Volumes/GigiMurin/plip/polyketide/BD3bpt-A-A-QUE1/report.txt	6	2	0	0	0	0	0
/Volumes/GigiMurin/plip/polyketide/BD3bqc-A-A-EMO1/report.txt	6	2	0	0	0	0	0
/Volumes/GigiMurin/plip/polyketide/BD3buz-B-B-LAR1/report.txt	4	1	1	0	0	0	0
/Volumes/GigiMurin/plip/polyketide/BD3bxx-A-A-QUE1/report.txt	2	2	0	1	0	0	0
/Volumes/GigiMurin/plip/polyketide/BD3bxx-B-B-QUE1/report.txt	3	7	0	0	0	0	0
/Volumes/GigiMurin/plip/polyketide/BD3bxx-B-B-QUE2/report.txt	3	3	0	1	0	0	0
/Volumes/GigiMurin/plip/polyketide/BD3bxx-D-D-QUE2/report.txt	3	3	0	1	0	0	0
/Volumes/GigiMurin/plip/polyketide/BD3bxx-F-F-QUE2/report.txt	3	2	0	1	0	0	0
/Volumes/GigiMurin/plip/polyketide/BD3c10-A-A-TSN1/report.txt	7	2	0	0	0	0	0
/Volumes/GigiMurin/plip/polyketide/BD3c10-B-B-TSN1/report.txt	6	4	0	0	0	0	0
/Volumes/GigiMurin/plip/polyketide/BD3c10-C-C-TSN1/report.txt	6	2	0	0	0	0	0
/Volumes/GigiMurin/plip/polyketide/BD3c13-A-A-EMO1/report.txt	4	1	0	0	0	0	0
/Volumes/GigiMurin/plip/polyketide/BD3c1t-A-A-MYC1/report.txt	3	11	0	0	0	0	0
/Volumes/GigiMurin/plip/polyketide/BD3c1t-A-A-MYC2/report.txt	5	4	0	0	0	0	0
/Volumes/GigiMurin/plip/polyketide/BD3c1t-B-B-MYC2/report.txt	5	5	0	0	0	0	0
/Volumes/GigiMurin/plip/polyketide/BD3c1t-C-C-MYC1/report.txt	3	9	0	0	0	0	0
/Volumes/GigiMurin/plip/polyketide/BD3c9w-A-A-HMY1/report.txt	3	3	0	0	0	0	0
/Volumes/GigiMurin/plip/polyketide/BD3cf8-A-A-QUE1/report.txt	4	1	0	0	0	0	0
/Volumes/GigiMurin/plip/polyketide/BD3cf8-B-A-QUE1/report.txt	4	2	0	0	0	0	0
/Volumes/GigiMurin/plip/polyketide/BD3cf8-C-C-QUE1/report.txt	5	1	0	0	0	0	0
/Volumes/GigiMurin/plip/polyketide/BD3cf9-A-A-AGI1/report.txt	0	0	0	0	0	0	0
/Volumes/GigiMurin/plip/polyketide/BD3cf9-B-A-AGI1/report.txt	2	4	0	1	0	0	0
/Volumes/GigiMurin/plip/polyketide/BD3cf9-C-C-AGI1/report.txt	5	0	0	0	0	0	0
/Volumes/GigiMurin/plip/polyketide/BD3cf9-D-C-AGI1/report.txt	1	0	0	1	0	0	0
/Volumes/GigiMurin/plip/polyketide/BD3ckl-A-A-STL1/report.txt	9	1	0	0	0	0	0
/Volumes/GigiMurin/plip/polyketide/BD3cn0-A-A-LJ11/report.txt	6	0	0	0	0	0	0
/Volumes/GigiMurin/plip/polyketide/BD3cn1-A-A-LJ21/report.txt	2	1	0	0	0	0	0
/Volumes/GigiMurin/plip/polyketide/BD3crb-A-A-COU1/report.txt	0	0	0	0	0	0	0
/Volumes/GigiMurin/plip/polyketide/BD3csd-A-A-EMO1/report.txt	2	3	0	0	0	0	0
/Volumes/GigiMurin/plip/polyketide/BD3csd-A-A-EMO2/report.txt	5	5	0	0	0	0	0
/Volumes/GigiMurin/plip/polyketide/BD3csd-B-B-EMO1/report.txt	5	4	0	0	0	0	0
/Volumes/GigiMurin/plip/polyketide/BD3csd-B-B-EMO2/report.txt	5	4	0	0	0	0	0
/Volumes/GigiMurin/plip/polyketide/BD3cv6-A-A-HXS1/report.txt	7	3	0	0	0	0	0
/Volumes/GigiMurin/plip/polyketide/BD3cv6-B-B-HXS1/report.txt	9	4	0	1	0	0	0
/Volumes/GigiMurin/plip/polyketide/BD3cwe-A-A-8251/report.txt	11	8	0	0	0	0	0
/Volumes/GigiMurin/plip/polyketide/BD3d04-A-A-SAK1/report.txt	0	1	0	0	0	0	0
/Volumes/GigiMurin/plip/polyketide/BD3d04-B-A-SAK1/report.txt	2	0	0	1	0	0	0
/Volumes/GigiMurin/plip/polyketide/BD3d04-C-C-SAK1/report.txt	5	1	0	0	0	0	0
/Volumes/GigiMurin/plip/polyketide/BD3d04-D-C-SAK1/report.txt	4	1	0	0	0	0	0
/Volumes/GigiMurin/plip/polyketide/BD3d4l-A-A-6051/report.txt	6	5	0	2	0	0	0
/Volumes/GigiMurin/plip/polyketide/BD3d4l-B-B-6051/report.txt	8	4	0	1	0	0	0
/Volumes/GigiMurin/plip/polyketide/BD3dct-A-A-0641/report.txt	9	2	1	0	0	0	0
/Volumes/GigiMurin/plip/polyketide/BD3ebo-A-A-57D1/report.txt	3	1	0	3	0	0	0
/Volumes/GigiMurin/plip/polyketide/BD3ebp-A-A-CPB1/report.txt	4	1	0	3	0	0	0
/Volumes/GigiMurin/plip/polyketide/BD3ed0-A-A-EMO1/report.txt	1	0	0	0	0	0	0
/Volumes/GigiMurin/plip/polyketide/BD3ed0-C-C-EMO1/report.txt	7	3	0	1	0	0	0
/Volumes/GigiMurin/plip/polyketide/BD3eks-A-A-CY91/report.txt	8	4	0	0	0	0	0
/Volumes/GigiMurin/plip/polyketide/BD3eku-A-A-CY91/report.txt	8	4	0	0	0	0	0
/Volumes/GigiMurin/plip/polyketide/BD3erd-A-A-DES1/report.txt	9	2	0	1	0	0	0
/Volumes/GigiMurin/plip/polyketide/BD3ert-A-A-OHT1/report.txt	10	2	1	0	0	0	0
/Volumes/GigiMurin/plip/polyketide/BD3ets-A-A-4MU1/report.txt	2	1	0	0	0	0	0
/Volumes/GigiMurin/plip/polyketide/BD3ets-B-B-4MU1/report.txt	2	1	0	0	0	0	0
/Volumes/GigiMurin/plip/polyketide/BD3ewf-A-I-MCM1/report.txt	2	1	1	0	0	0	0
/Volumes/GigiMurin/plip/polyketide/BD3ewf-A-J-MCM1/report.txt	4	0	0	0	0	0	0
/Volumes/GigiMurin/plip/polyketide/BD3ewf-B-I-MCM1/report.txt	3	0	0	0	0	0	0
/Volumes/GigiMurin/plip/polyketide/BD3ewf-I-I-MCM1/report.txt	0	0	0	0	0	0	0
/Volumes/GigiMurin/plip/polyketide/BD3ewf-J-J-MCM1/report.txt	0	0	0	0	0	0	0
/Volumes/GigiMurin/plip/polyketide/BD3ewf-K-K-MCM1/report.txt	0	0	0	0	0	0	0
/Volumes/GigiMurin/plip/polyketide/BD3ewf-L-L-MCM1/report.txt	0	0	0	0	0	0	0
/Volumes/GigiMurin/plip/polyketide/BD3f0r-A-A-TSN1/report.txt	2	0	0	2	0	0	0
/Volumes/GigiMurin/plip/polyketide/BD3f0r-A-A-TSN2/report.txt	1	4	0	0	0	0	0
/Volumes/GigiMurin/plip/polyketide/BD3f0r-B-B-TSN1/report.txt	3	6	0	0	0	0	0
/Volumes/GigiMurin/plip/polyketide/BD3f0r-B-B-TSN2/report.txt	5	1	0	1	0	0	0
/Volumes/GigiMurin/plip/polyketide/BD3f0r-C-C-TSN1/report.txt	2	5	0	0	0	0	0
/Volumes/GigiMurin/plip/polyketide/BD3f0r-C-C-TSN2/report.txt	5	1	0	0	0	0	0
/Volumes/GigiMurin/plip/polyketide/BD3f8f-A-A-DM11/report.txt	2	0	0	2	0	0	0
/Volumes/GigiMurin/plip/polyketide/BD3f8f-B-A-DM11/report.txt	2	0	0	0	0	0	0
/Volumes/GigiMurin/plip/polyketide/BD3fap-A-A-ARD1/report.txt	9	4	0	0	0	0	0
/Volumes/GigiMurin/plip/polyketide/BD3fap-B-A-ARD1/report.txt	14	0	0	0	0	0	0
/Volumes/GigiMurin/plip/polyketide/BD3fnh-A-A-JPJ1/report.txt	6	2	0	0	0	1	0
/Volumes/GigiMurin/plip/polyketide/BD3fqk-A-A-79Z1/report.txt	6	2	0	0	0	0	0
/Volumes/GigiMurin/plip/polyketide/BD3fql-A-A-79Z1/report.txt	6	4	0	0	0	0	0
/Volumes/GigiMurin/plip/polyketide/BD3frq-A-A-ERY1/report.txt	9	1	2	0	0	0	0
/Volumes/GigiMurin/plip/polyketide/BD3frq-B-B-ERY1/report.txt	12	4	2	0	0	0	0
/Volumes/GigiMurin/plip/polyketide/BD3fts-A-A-STL1/report.txt	11	5	0	0	0	0	0
/Volumes/GigiMurin/plip/polyketide/BD3ftu-A-A-RE21/report.txt	10	4	0	0	0	0	0
/Volumes/GigiMurin/plip/polyketide/BD3ftx-A-A-RE21/report.txt	10	3	0	1	0	0	0
/Volumes/GigiMurin/plip/polyketide/BD3g9l-X-X-J671/report.txt	9	5	0	0	0	0	0
/Volumes/GigiMurin/plip/polyketide/BD3gid-A-A-S1A1/report.txt	10	4	0	0	0	0	0
/Volumes/GigiMurin/plip/polyketide/BD3h0b-A-A-B351/report.txt	5	1	2	1	0	0	0
/Volumes/GigiMurin/plip/polyketide/BD3hbf-A-A-MYC1/report.txt	4	2	0	2	0	0	0
/Volumes/GigiMurin/plip/polyketide/BD3hj0-A-A-A931/report.txt	3	0	0	0	0	0	0
/Volumes/GigiMurin/plip/polyketide/BD3i52-A-A-KXN1/report.txt	2	5	0	1	0	0	0
/Volumes/GigiMurin/plip/polyketide/BD3ihz-A-A-FK51/report.txt	11	2	0	0	0	0	0
/Volumes/GigiMurin/plip/polyketide/BD3ihz-B-A-FK51/report.txt	5	4	0	0	0	0	0
/Volumes/GigiMurin/plip/polyketide/BD3imr-A-A-IW11/report.txt	4	1	0	0	0	1	0
/Volumes/GigiMurin/plip/polyketide/BD3ims-A-A-IW21/report.txt	3	2	0	0	0	0	0
/Volumes/GigiMurin/plip/polyketide/BD3imt-A-A-IW31/report.txt	1	2	0	0	0	0	0
/Volumes/GigiMurin/plip/polyketide/BD3imu-A-A-IW41/report.txt	3	1	0	0	0	1	0
/Volumes/GigiMurin/plip/polyketide/BD3imv-A-A-IW51/report.txt	2	1	0	0	0	1	0
/Volumes/GigiMurin/plip/polyketide/BD3imw-A-A-IW61/report.txt	1	1	0	0	0	2	0
/Volumes/GigiMurin/plip/polyketide/BD3imw-B-B-IW61/report.txt	1	1	0	0	0	0	0
/Volumes/GigiMurin/plip/polyketide/BD3ix4-A-A-TX11/report.txt	6	2	0	3	0	1	0
/Volumes/GigiMurin/plip/polyketide/BD3ix4-G-G-TX11/report.txt	7	3	0	3	0	1	0
/Volumes/GigiMurin/plip/polyketide/BD3ix8-A-A-TX31/report.txt	11	3	0	2	0	1	0
/Volumes/GigiMurin/plip/polyketide/BD3ix8-B-B-TX31/report.txt	12	2	0	2	0	1	0
/Volumes/GigiMurin/plip/polyketide/BD3ix8-D-D-TX31/report.txt	10	3	0	2	0	1	0
/Volumes/GigiMurin/plip/polyketide/BD3jaf-A-A-IVM1/report.txt	3	3	0	0	0	0	0
/Volumes/GigiMurin/plip/polyketide/BD3jaf-A-E-IVM1/report.txt	3	1	0	0	0	0	0
/Volumes/GigiMurin/plip/polyketide/BD3jaf-B-B-IVM1/report.txt	3	4	0	0	0	0	0
/Volumes/GigiMurin/plip/polyketide/BD3jaf-E-D-IVM1/report.txt	3	1	0	0	0	0	0
/Volumes/GigiMurin/plip/polyketide/BD3jpu-A-A-TY41/report.txt	10	3	0	2	0	0	0
/Volumes/GigiMurin/plip/polyketide/BD3jpu-C-C-TY41/report.txt	9	2	0	1	0	0	0
/Volumes/GigiMurin/plip/polyketide/BD3jpu-E-E-TY41/report.txt	9	2	0	2	0	0	0
/Volumes/GigiMurin/plip/polyketide/BD3jrx-A-A-S1A1/report.txt	8	4	0	0	0	0	0
/Volumes/GigiMurin/plip/polyketide/BD3jsx-A-A-CC21/report.txt	3	0	1	0	0	0	0
/Volumes/GigiMurin/plip/polyketide/BD3jsx-A-B-CC21/report.txt	5	2	0	1	0	0	0
/Volumes/GigiMurin/plip/polyketide/BD3jsx-B-H-CC21/report.txt	2	0	0	0	0	0	0
/Volumes/GigiMurin/plip/polyketide/BD3jsx-F-A-CC21/report.txt	2	0	0	0	0	0	0
/Volumes/GigiMurin/plip/polyketide/BD3jsx-H-F-CC21/report.txt	5	0	0	1	0	0	0
/Volumes/GigiMurin/plip/polyketide/BD3jzk-A-A-YIN1/report.txt	7	0	0	1	0	0	0
/Volumes/GigiMurin/plip/polyketide/BD3kc3-A-A-MK21/report.txt	5	3	1	0	0	0	0
/Volumes/GigiMurin/plip/polyketide/BD3kc3-C-C-MK21/report.txt	3	5	1	0	0	0	0
/Volumes/GigiMurin/plip/polyketide/BD3kc3-E-E-MK21/report.txt	3	5	1	0	0	0	0
/Volumes/GigiMurin/plip/polyketide/BD3kc3-I-I-MK21/report.txt	3	3	1	0	0	0	0
/Volumes/GigiMurin/plip/polyketide/BD3kc3-K-K-MK21/report.txt	3	4	1	0	0	0	0
/Volumes/GigiMurin/plip/polyketide/BD3kgt-A-A-GEN1/report.txt	1	3	0	0	0	0	0
/Volumes/GigiMurin/plip/polyketide/BD3kgu-A-A-GEN1/report.txt	2	2	0	0	0	0	0
/Volumes/GigiMurin/plip/polyketide/BD3kmz-A-A-EQO1/report.txt	13	1	1	0	0	0	0
/Volumes/GigiMurin/plip/polyketide/BD3kz7-A-A-RAP1/report.txt	7	4	0	0	0	0	0
/Volumes/GigiMurin/plip/polyketide/BD3l5m-A-A-COU1/report.txt	1	0	2	0	0	0	0
/Volumes/GigiMurin/plip/polyketide/BD3l5m-A-A-COU2/report.txt	0	0	0	2	0	0	0
/Volumes/GigiMurin/plip/polyketide/BD3l5r-A-A-47X1/report.txt	7	2	0	0	1	0	0
/Volumes/GigiMurin/plip/polyketide/BD3l5r-C-A-47X1/report.txt	0	1	0	2	0	0	0
/Volumes/GigiMurin/plip/polyketide/BD3l66-A-A-COU1/report.txt	1	0	2	0	0	0	0
/Volumes/GigiMurin/plip/polyketide/BD3l66-A-A-COU2/report.txt	2	0	0	0	0	0	0
/Volumes/GigiMurin/plip/polyketide/BD3l66-A-A-COU3/report.txt	0	0	0	2	0	0	0
/Volumes/GigiMurin/plip/polyketide/BD3l68-A-A-COU1/report.txt	1	0	2	0	0	0	0
/Volumes/GigiMurin/plip/polyketide/BD3l68-A-A-COU2/report.txt	2	0	0	0	0	0	0
/Volumes/GigiMurin/plip/polyketide/BD3l68-A-A-COU3/report.txt	0	0	0	2	0	0	0
/Volumes/GigiMurin/plip/polyketide/BD3l6j-A-A-Z901/report.txt	15	3	2	2	0	0	0
/Volumes/GigiMurin/plip/polyketide/BD3l6j-B-B-Z901/report.txt	15	5	2	2	0	0	0
/Volumes/GigiMurin/plip/polyketide/BD3lj0-A-A-QUE1/report.txt	2	2	0	1	0	0	0
/Volumes/GigiMurin/plip/polyketide/BD3lj0-A-B-QUE1/report.txt	2	2	0	0	0	0	0
/Volumes/GigiMurin/plip/polyketide/BD3lj0-B-B-QUE1/report.txt	3	4	0	1	0	0	0
/Volumes/GigiMurin/plip/polyketide/BD3lm5-A-A-QUE1/report.txt	4	6	0	0	0	0	0
/Volumes/GigiMurin/plip/polyketide/BD3lps-A-A-NOV1/report.txt	2	3	2	0	2	0	0
/Volumes/GigiMurin/plip/polyketide/BD3ls4-H-H-TCI1/report.txt	8	2	0	0	0	0	0
/Volumes/GigiMurin/plip/polyketide/BD3ly2-A-A-Z721/report.txt	3	1	0	0	0	1	0
/Volumes/GigiMurin/plip/polyketide/BD3ly2-B-B-Z721/report.txt	4	1	0	0	0	1	0
/Volumes/GigiMurin/plip/polyketide/BD3m6g-A-A-LO31/report.txt	2	2	0	0	0	0	0
/Volumes/GigiMurin/plip/polyketide/BD3m6g-A-B-LO31/report.txt	2	0	0	0	0	0	0
/Volumes/GigiMurin/plip/polyketide/BD3ml2-A-A-SU01/report.txt	2	3	0	1	0	0	0
/Volumes/GigiMurin/plip/polyketide/BD3mn5-A-A-LAB1/report.txt	4	4	1	0	0	0	0
/Volumes/GigiMurin/plip/polyketide/BD3mnq-A-A-STL1/report.txt	2	2	0	0	0	0	0
/Volumes/GigiMurin/plip/polyketide/BD3ng5-A-A-KDH1/report.txt	1	5	1	0	1	0	0
/Volumes/GigiMurin/plip/polyketide/BD3ng5-A-A-KDH2/report.txt	4	4	0	0	0	0	0
/Volumes/GigiMurin/plip/polyketide/BD3nvy-C-C-QUE1/report.txt	4	5	0	3	0	0	0
/Volumes/GigiMurin/plip/polyketide/BD3o5r-A-A-FK51/report.txt	11	3	0	0	0	0	0
/Volumes/GigiMurin/plip/polyketide/BD3oob-A-A-KDH1/report.txt	1	4	1	0	0	0	0
/Volumes/GigiMurin/plip/polyketide/BD3oob-A-A-KDH2/report.txt	1	3	0	0	0	0	0
/Volumes/GigiMurin/plip/polyketide/BD3ov6-A-A-MK01/report.txt	21	0	0	0	0	0	0
/Volumes/GigiMurin/plip/polyketide/BD3p0h-A-A-FSE1/report.txt	4	5	0	0	0	0	0
/Volumes/GigiMurin/plip/polyketide/BD3pcu-A-A-LX81/report.txt	14	2	1	0	0	0	0
/Volumes/GigiMurin/plip/polyketide/BD3pm0-A-A-BHF1/report.txt	9	1	0	2	0	0	0
/Volumes/GigiMurin/plip/polyketide/BD3pw7-A-B-AFN1/report.txt	2	0	0	0	0	0	0
/Volumes/GigiMurin/plip/polyketide/BD3pw7-E-F-AFN1/report.txt	2	0	0	0	0	0	0
/Volumes/GigiMurin/plip/polyketide/BD3pzh-A-A-EMO1/report.txt	6	3	0	0	0	0	0
/Volumes/GigiMurin/plip/polyketide/BD3q9w-A-A-EMO1/report.txt	7	3	0	0	0	0	0
/Volumes/GigiMurin/plip/polyketide/BD3q9x-A-A-EMO1/report.txt	5	2	0	0	0	0	0
/Volumes/GigiMurin/plip/polyketide/BD3q9x-B-B-EMO1/report.txt	6	2	0	0	0	0	0
/Volumes/GigiMurin/plip/polyketide/BD3qvv-A-A-3QV1/report.txt	3	2	0	2	0	0	0
/Volumes/GigiMurin/plip/polyketide/BD3qwh-A-A-KMP1/report.txt	6	2	0	2	0	0	0
/Volumes/GigiMurin/plip/polyketide/BD3qwh-D-D-KMP1/report.txt	5	3	0	2	0	0	0
/Volumes/GigiMurin/plip/polyketide/BD3qwi-A-A-CUE1/report.txt	6	3	0	2	0	0	0
/Volumes/GigiMurin/plip/polyketide/BD3qwi-B-B-CUE1/report.txt	6	3	0	2	0	0	0
/Volumes/GigiMurin/plip/polyketide/BD3r2a-A-A-RHN1/report.txt	3	0	0	0	0	0	0
/Volumes/GigiMurin/plip/polyketide/BD3r2a-C-C-RHN1/report.txt	1	1	0	0	0	0	0
/Volumes/GigiMurin/plip/polyketide/BD3rhw-A-A-IVM1/report.txt	3	0	0	0	0	0	0
/Volumes/GigiMurin/plip/polyketide/BD3rhw-A-B-IVM1/report.txt	3	2	0	0	0	0	0
/Volumes/GigiMurin/plip/polyketide/BD3rhw-B-B-IVM2/report.txt	4	2	0	0	0	0	0
/Volumes/GigiMurin/plip/polyketide/BD3ri3-A-A-EMO1/report.txt	3	3	0	0	0	0	0
/Volumes/GigiMurin/plip/polyketide/BD3ri3-A-A-EMO2/report.txt	3	5	0	0	0	0	0
/Volumes/GigiMurin/plip/polyketide/BD3ri3-B-B-EMO1/report.txt	4	3	0	0	0	0	0
/Volumes/GigiMurin/plip/polyketide/BD3ri3-B-B-EMO2/report.txt	3	4	0	0	0	0	0
/Volumes/GigiMurin/plip/polyketide/BD3ri5-A-A-IVM1/report.txt	4	1	0	0	0	0	0
/Volumes/GigiMurin/plip/polyketide/BD3ri5-A-B-IVM1/report.txt	5	2	0	0	0	0	0
/Volumes/GigiMurin/plip/polyketide/BD3ri5-B-B-IVM1/report.txt	4	2	0	0	0	0	0
/Volumes/GigiMurin/plip/polyketide/BD3ri5-B-C-IVM1/report.txt	4	2	0	0	0	0	0
/Volumes/GigiMurin/plip/polyketide/BD3ria-A-A-IVM1/report.txt	3	3	0	0	0	0	0
/Volumes/GigiMurin/plip/polyketide/BD3ria-A-E-IVM2/report.txt	2	0	0	0	0	0	0
/Volumes/GigiMurin/plip/polyketide/BD3ria-B-C-IVM1/report.txt	5	3	0	0	0	0	0
/Volumes/GigiMurin/plip/polyketide/BD3ria-E-E-IVM2/report.txt	5	1	0	0	0	0	0
/Volumes/GigiMurin/plip/polyketide/BD3rif-A-A-IVM1/report.txt	5	2	0	0	0	0	0
/Volumes/GigiMurin/plip/polyketide/BD3rif-A-A-IVM2/report.txt	2	1	0	0	0	0	0
/Volumes/GigiMurin/plip/polyketide/BD3rif-D-E-IVM1/report.txt	3	2	0	0	0	0	0
/Volumes/GigiMurin/plip/polyketide/BD3sjh-A-A-LAR1/report.txt	7	4	1	0	0	0	0
/Volumes/GigiMurin/plip/polyketide/BD3sz1-B-B-LU21/report.txt	3	3	0	0	0	0	0
/Volumes/GigiMurin/plip/polyketide/BD3tvq-A-A-DQH1/report.txt	5	6	0	2	0	0	0
/Volumes/GigiMurin/plip/polyketide/BD3u0f-A-A-07L1/report.txt	1	0	0	0	0	0	0
/Volumes/GigiMurin/plip/polyketide/BD3u3m-A-A-3QV1/report.txt	2	3	0	2	0	0	0
/Volumes/GigiMurin/plip/polyketide/BD3u3o-A-A-3QV1/report.txt	4	2	0	1	0	0	0
/Volumes/GigiMurin/plip/polyketide/BD3u3o-A-A-3QV2/report.txt	4	0	0	1	0	0	0
/Volumes/GigiMurin/plip/polyketide/BD3ubd-A-A-SL01/report.txt	8	2	1	1	0	0	0
/Volumes/GigiMurin/plip/polyketide/BD3uf8-A-A-FK51/report.txt	10	6	0	0	0	0	0
/Volumes/GigiMurin/plip/polyketide/BD3upj-A-A-U031/report.txt	2	1	0	0	0	0	0
/Volumes/GigiMurin/plip/polyketide/BD3upj-B-A-U031/report.txt	2	1	0	0	0	0	0
/Volumes/GigiMurin/plip/polyketide/BD3uqa-A-A-FK51/report.txt	7	5	0	0	0	0	0
/Volumes/GigiMurin/plip/polyketide/BD3uqb-A-A-FK51/report.txt	7	2	0	0	0	0	0
/Volumes/GigiMurin/plip/polyketide/BD3ut3-B-B-EMJ1/report.txt	3	7	0	0	0	0	0
/Volumes/GigiMurin/plip/polyketide/BD3uyk-B-B-0CX1/report.txt	10	1	0	0	0	0	0
/Volumes/GigiMurin/plip/polyketide/BD3v3n-A-A-MIY1/report.txt	1	7	0	0	0	0	0
/Volumes/GigiMurin/plip/polyketide/BD3v3n-B-B-MIY1/report.txt	3	5	0	0	0	0	0
/Volumes/GigiMurin/plip/polyketide/BD3v3n-C-C-MIY1/report.txt	1	3	0	0	0	0	0
/Volumes/GigiMurin/plip/polyketide/BD3v3n-D-D-MIY1/report.txt	3	3	0	0	0	0	0
/Volumes/GigiMurin/plip/polyketide/BD3v3v-A-A-MYU1/report.txt	3	8	0	0	0	0	0
/Volumes/GigiMurin/plip/polyketide/BD3vaw-A-A-FK51/report.txt	8	6	0	0	0	0	0
/Volumes/GigiMurin/plip/polyketide/BD3vbx-A-A-0FO1/report.txt	6	1	1	0	0	0	0
/Volumes/GigiMurin/plip/polyketide/BD3vhv-A-A-LD11/report.txt	6	3	0	1	0	0	0
/Volumes/GigiMurin/plip/polyketide/BD3vhv-A-A-LD21/report.txt	6	4	0	0	0	0	0
/Volumes/GigiMurin/plip/polyketide/BD3vjc-A-A-ZGA1/report.txt	9	9	4	2	0	0	0
/Volumes/GigiMurin/plip/polyketide/BD3vjc-B-A-ZGA1/report.txt	1	0	0	0	0	0	0
/Volumes/GigiMurin/plip/polyketide/BD3vjc-B-B-ZGA1/report.txt	9	8	4	2	0	0	0
/Volumes/GigiMurin/plip/polyketide/BD3vjc-C-C-ZGA1/report.txt	12	8	4	2	0	0	0
/Volumes/GigiMurin/plip/polyketide/BD3vjc-D-D-ZGA1/report.txt	10	9	4	2	0	0	0
/Volumes/GigiMurin/plip/polyketide/BD3vjc-E-E-ZGA1/report.txt	9	9	3	2	0	0	0
/Volumes/GigiMurin/plip/polyketide/BD3vjc-F-F-ZGA1/report.txt	13	9	3	2	0	0	0
/Volumes/GigiMurin/plip/polyketide/BD3vje-A-A-ZGA1/report.txt	11	9	7	2	0	0	0
/Volumes/GigiMurin/plip/polyketide/BD3vje-B-B-ZGA1/report.txt	13	11	7	2	0	0	0
/Volumes/GigiMurin/plip/polyketide/BD3w55-A-A-1FM1/report.txt	2	4	0	0	0	0	0
/Volumes/GigiMurin/plip/polyketide/BD3w69-A-A-LTZ1/report.txt	5	1	0	0	0	1	0
/Volumes/GigiMurin/plip/polyketide/BD3wff-A-A-WFF1/report.txt	4	2	0	0	0	1	0
/Volumes/GigiMurin/plip/polyketide/BD3wfg-A-A-WFG1/report.txt	7	3	0	1	0	1	0
/Volumes/GigiMurin/plip/polyketide/BD3wgv-A-A-EFO1/report.txt	3	1	0	0	0	0	0
/Volumes/GigiMurin/plip/polyketide/BD3wig-A-A-CHU1/report.txt	7	5	0	0	0	0	0
/Volumes/GigiMurin/plip/polyketide/BD3wil-A-A-LCD1/report.txt	5	2	1	0	0	0	0
/Volumes/GigiMurin/plip/polyketide/BD3wzm-A-A-ZER1/report.txt	7	2	1	1	0	0	0
/Volumes/GigiMurin/plip/polyketide/BD3wzu-A-A-1FM1/report.txt	2	4	0	0	0	0	0
/Volumes/GigiMurin/plip/polyketide/BD3zkp-A-A-ERB1/report.txt	4	1	2	0	0	0	0
/Volumes/GigiMurin/plip/polyketide/BD3znp-A-A-SE21/report.txt	5	1	1	1	0	0	0
/Volumes/GigiMurin/plip/polyketide/BD4a87-A-A-NAR1/report.txt	5	2	0	0	0	0	0
/Volumes/GigiMurin/plip/polyketide/BD4a99-A-A-MIY1/report.txt	3	4	0	0	0	0	0
/Volumes/GigiMurin/plip/polyketide/BD4a99-A-A-MIY2/report.txt	0	3	0	0	0	0	0
/Volumes/GigiMurin/plip/polyketide/BD4a99-A-C-MIY2/report.txt	2	0	0	0	0	0	0
/Volumes/GigiMurin/plip/polyketide/BD4a99-B-B-MIY1/report.txt	3	4	0	0	0	0	0
/Volumes/GigiMurin/plip/polyketide/BD4a99-C-A-MIY2/report.txt	2	0	0	0	0	0	0
/Volumes/GigiMurin/plip/polyketide/BD4a99-C-C-MIY1/report.txt	3	4	0	0	0	0	0
/Volumes/GigiMurin/plip/polyketide/BD4a99-C-C-MIY2/report.txt	2	1	0	1	0	0	0
/Volumes/GigiMurin/plip/polyketide/BD4a99-D-D-MIY1/report.txt	3	4	0	0	0	0	0
/Volumes/GigiMurin/plip/polyketide/BD4a99-D-D-MIY2/report.txt	2	0	0	0	0	0	0
/Volumes/GigiMurin/plip/polyketide/BD4a99-D-D-MIY3/report.txt	2	1	0	1	0	0	0
/Volumes/GigiMurin/plip/polyketide/BD4ac0-A-A-MIY1/report.txt	1	3	0	0	0	0	0
/Volumes/GigiMurin/plip/polyketide/BD4as7-A-A-6LX1/report.txt	13	2	0	0	0	0	0
/Volumes/GigiMurin/plip/polyketide/BD4au0-A-A-XZZ1/report.txt	1	2	0	0	0	1	0
/Volumes/GigiMurin/plip/polyketide/BD4awm-A-A-KDH1/report.txt	3	10	1	2	0	0	0
/Volumes/GigiMurin/plip/polyketide/BD4awm-A-A-KDH2/report.txt	2	4	0	0	0	0	0
/Volumes/GigiMurin/plip/polyketide/BD4ax6-A-A-UWU1/report.txt	2	0	0	2	0	0	0
/Volumes/GigiMurin/plip/polyketide/BD4ax6-B-B-UWU1/report.txt	1	0	0	4	0	0	0
/Volumes/GigiMurin/plip/polyketide/BD4ax7-A-A-4MU1/report.txt	1	0	0	2	0	0	0
/Volumes/GigiMurin/plip/polyketide/BD4ax7-B-B-4MU1/report.txt	2	0	0	3	0	0	0
/Volumes/GigiMurin/plip/polyketide/BD4b1u-B-B-LAB1/report.txt	4	4	1	0	0	0	0
/Volumes/GigiMurin/plip/polyketide/BD4b1v-A-A-LAB1/report.txt	5	4	1	0	0	0	0
/Volumes/GigiMurin/plip/polyketide/BD4b1w-B-B-LAB1/report.txt	5	4	1	0	0	0	0
/Volumes/GigiMurin/plip/polyketide/BD4b1x-B-B-LAB1/report.txt	3	4	1	0	0	0	0
/Volumes/GigiMurin/plip/polyketide/BD4b1y-B-B-LAB1/report.txt	4	3	1	0	0	0	0
/Volumes/GigiMurin/plip/polyketide/BD4bxn-A-A-6LX1/report.txt	9	1	0	0	1	0	0
/Volumes/GigiMurin/plip/polyketide/BD4bxn-B-B-6LX1/report.txt	6	1	0	0	0	0	0
/Volumes/GigiMurin/plip/polyketide/BD4c78-A-A-BVB1/report.txt	0	2	0	0	0	0	0
/Volumes/GigiMurin/plip/polyketide/BD4c7b-A-A-BVB1/report.txt	5	3	0	1	0	0	0
/Volumes/GigiMurin/plip/polyketide/BD4c94-A-A-KXN1/report.txt	0	2	0	1	1	0	0
/Volumes/GigiMurin/plip/polyketide/BD4c94-A-B-KXN1/report.txt	0	1	0	0	0	0	0
/Volumes/GigiMurin/plip/polyketide/BD4c94-B-B-KXN1/report.txt	3	0	0	1	0	0	0
/Volumes/GigiMurin/plip/polyketide/BD4c94-C-C-KXN1/report.txt	1	1	0	0	1	0	0
/Volumes/GigiMurin/plip/polyketide/BD4c94-D-D-KXN1/report.txt	1	3	0	1	0	0	0
/Volumes/GigiMurin/plip/polyketide/BD4c94-E-E-KXN1/report.txt	3	1	0	1	0	0	0
/Volumes/GigiMurin/plip/polyketide/BD4c94-E-E-KXN2/report.txt	1	2	0	0	0	0	0
/Volumes/GigiMurin/plip/polyketide/BD4c9i-F-F-KXN1/report.txt	1	1	0	0	0	0	0
/Volumes/GigiMurin/plip/polyketide/BD4cbt-A-A-9F41/report.txt	4	4	0	1	0	0	0
/Volumes/GigiMurin/plip/polyketide/BD4cbt-B-B-9F41/report.txt	4	4	0	1	0	0	0
/Volumes/GigiMurin/plip/polyketide/BD4cby-A-A-KEE1/report.txt	5	3	0	1	0	0	0
/Volumes/GigiMurin/plip/polyketide/BD4cga-A-A-QLW1/report.txt	6	0	0	5	0	0	0
/Volumes/GigiMurin/plip/polyketide/BD4cju-A-A-JNS1/report.txt	1	4	1	0	0	0	0
/Volumes/GigiMurin/plip/polyketide/BD4cju-A-B-JNS1/report.txt	4	1	0	0	0	0	0
/Volumes/GigiMurin/plip/polyketide/BD4cju-B-A-JNS1/report.txt	3	0	0	0	0	0	0
/Volumes/GigiMurin/plip/polyketide/BD4clz-A-A-4DS1/report.txt	5	2	1	0	1	0	0
/Volumes/GigiMurin/plip/polyketide/BD4clz-A-A-4DS2/report.txt	6	7	1	0	1	0	0
/Volumes/GigiMurin/plip/polyketide/BD4clz-A-A-4DS3/report.txt	2	0	0	0	0	0	0
/Volumes/GigiMurin/plip/polyketide/BD4cp3-A-B-RBT1/report.txt	3	3	0	0	0	0	0
/Volumes/GigiMurin/plip/polyketide/BD4cp3-B-B-RBT1/report.txt	1	1	0	2	0	0	0
/Volumes/GigiMurin/plip/polyketide/BD4d06-A-A-NAR1/report.txt	5	8	0	0	1	0	0
/Volumes/GigiMurin/plip/polyketide/BD4d06-B-B-X8W1/report.txt	7	2	0	0	0	0	0
/Volumes/GigiMurin/plip/polyketide/BD4d06-C-C-NAR1/report.txt	5	8	0	0	1	0	0
/Volumes/GigiMurin/plip/polyketide/BD4d06-D-D-NAR1/report.txt	3	6	0	0	0	0	0
/Volumes/GigiMurin/plip/polyketide/BD4d06-D-D-NAR2/report.txt	1	0	0	0	0	0	0
/Volumes/GigiMurin/plip/polyketide/BD4d06-D-D-X8W1/report.txt	4	1	0	0	0	0	0
/Volumes/GigiMurin/plip/polyketide/BD4d06-E-E-NAR1/report.txt	4	8	0	0	1	0	0
/Volumes/GigiMurin/plip/polyketide/BD4d06-F-F-NAR2/report.txt	2	1	0	0	0	0	0
/Volumes/GigiMurin/plip/polyketide/BD4der-A-A-AGI1/report.txt	1	1	0	0	1	0	0
/Volumes/GigiMurin/plip/polyketide/BD4der-B-B-AGI1/report.txt	1	1	0	0	0	0	0
/Volumes/GigiMurin/plip/polyketide/BD4des-A-A-57D1/report.txt	2	1	0	0	0	0	0
/Volumes/GigiMurin/plip/polyketide/BD4det-A-A-KMP1/report.txt	3	2	0	0	1	0	0
/Volumes/GigiMurin/plip/polyketide/BD4det-B-B-KMP1/report.txt	2	1	0	0	0	0	0
/Volumes/GigiMurin/plip/polyketide/BD4deu-A-A-NAR1/report.txt	3	3	0	0	0	0	0
/Volumes/GigiMurin/plip/polyketide/BD4deu-B-A-NAR1/report.txt	0	2	0	0	0	0	0
/Volumes/GigiMurin/plip/polyketide/BD4deu-B-B-NAR1/report.txt	3	1	0	0	0	0	0
/Volumes/GigiMurin/plip/polyketide/BD4dew-A-A-LU21/report.txt	2	4	0	0	0	0	0
/Volumes/GigiMurin/plip/polyketide/BD4dfu-A-A-QUE1/report.txt	4	3	0	0	0	0	0
/Volumes/GigiMurin/plip/polyketide/BD4dfu-A-B-QUE1/report.txt	1	2	0	0	0	0	0
/Volumes/GigiMurin/plip/polyketide/BD4dfu-B-B-QUE2/report.txt	5	4	0	0	0	0	0
/Volumes/GigiMurin/plip/polyketide/BD4dgm-A-A-AGI1/report.txt	9	5	0	0	0	0	0
/Volumes/GigiMurin/plip/polyketide/BD4dgn-A-A-LU21/report.txt	9	6	0	0	0	0	0
/Volumes/GigiMurin/plip/polyketide/BD4dm6-A-A-TTB1/report.txt	16	1	1	1	0	0	0
/Volumes/GigiMurin/plip/polyketide/BD4dm6-B-B-TTB1/report.txt	19	1	1	0	0	0	0
/Volumes/GigiMurin/plip/polyketide/BD4dpn-A-A-STL1/report.txt	2	2	0	0	0	0	0
/Volumes/GigiMurin/plip/polyketide/BD4drh-A-A-RAP1/report.txt	9	5	0	0	0	0	0
/Volumes/GigiMurin/plip/polyketide/BD4drh-B-A-RAP1/report.txt	14	1	0	0	0	0	0
/Volumes/GigiMurin/plip/polyketide/BD4dri-A-A-RAP1/report.txt	7	5	0	0	0	0	0
/Volumes/GigiMurin/plip/polyketide/BD4dri-B-A-RAP1/report.txt	11	0	0	0	0	0	0
/Volumes/GigiMurin/plip/polyketide/BD4drj-A-A-RAP1/report.txt	7	5	0	0	0	0	0
/Volumes/GigiMurin/plip/polyketide/BD4drj-B-A-RAP1/report.txt	12	0	0	0	0	0	0
/Volumes/GigiMurin/plip/polyketide/BD4dx5-B-B-MIY1/report.txt	2	5	0	0	0	0	0
/Volumes/GigiMurin/plip/polyketide/BD4dx7-A-A-DM21/report.txt	1	4	0	0	0	0	0
/Volumes/GigiMurin/plip/polyketide/BD4dx7-A-A-DM22/report.txt	3	3	0	4	0	0	0
/Volumes/GigiMurin/plip/polyketide/BD4dx7-B-B-DM21/report.txt	4	3	0	1	0	0	0
/Volumes/GigiMurin/plip/polyketide/BD4dz2-A-A-FK51/report.txt	10	4	0	0	0	0	0
/Volumes/GigiMurin/plip/polyketide/BD4dz2-A-B-FK51/report.txt	0	0	0	0	0	0	0
/Volumes/GigiMurin/plip/polyketide/BD4dz3-A-A-FK51/report.txt	10	3	0	0	0	0	0
/Volumes/GigiMurin/plip/polyketide/BD4eh3-A-A-NAR1/report.txt	4	5	0	0	0	0	0
/Volumes/GigiMurin/plip/polyketide/BD4el9-A-A-AFE1/report.txt	5	4	1	1	0	0	0
/Volumes/GigiMurin/plip/polyketide/BD4erf-A-A-0R31/report.txt	5	0	2	1	0	1	0
/Volumes/GigiMurin/plip/polyketide/BD4f4s-A-B-EFO2/report.txt	5	0	0	0	0	0	0
/Volumes/GigiMurin/plip/polyketide/BD4f4s-B-B-EFO1/report.txt	5	0	0	0	0	0	0
/Volumes/GigiMurin/plip/polyketide/BD4f4s-B-B-EFO2/report.txt	6	2	0	0	0	0	0
/Volumes/GigiMurin/plip/polyketide/BD4f4s-D-M-EFO1/report.txt	1	0	0	0	0	0	0
/Volumes/GigiMurin/plip/polyketide/BD4f4s-K-K-EFO1/report.txt	5	0	0	0	0	0	0
/Volumes/GigiMurin/plip/polyketide/BD4fap-A-A-ARD1/report.txt	9	2	0	0	0	0	0
/Volumes/GigiMurin/plip/polyketide/BD4fap-B-A-ARD1/report.txt	11	1	0	0	0	0	0
/Volumes/GigiMurin/plip/polyketide/BD4fiz-A-A-CUE1/report.txt	3	0	0	2	0	0	0
/Volumes/GigiMurin/plip/polyketide/BD4fj0-B-B-HHF1/report.txt	5	4	0	1	0	0	0
/Volumes/GigiMurin/plip/polyketide/BD4fj0-D-D-HHF1/report.txt	5	3	0	1	0	0	0
/Volumes/GigiMurin/plip/polyketide/BD4fj1-B-B-GEN1/report.txt	6	2	0	2	0	0	0
/Volumes/GigiMurin/plip/polyketide/BD4fj2-B-B-QSO1/report.txt	8	1	0	0	0	0	0
/Volumes/GigiMurin/plip/polyketide/BD4fj2-D-D-QSO1/report.txt	6	3	0	2	0	0	0
/Volumes/GigiMurin/plip/polyketide/BD4fub-A-A-4UP1/report.txt	2	2	0	1	0	0	0
/Volumes/GigiMurin/plip/polyketide/BD4fuj-A-A-1U91/report.txt	3	3	0	0	0	0	0
/Volumes/GigiMurin/plip/polyketide/BD4g20-A-A-4841/report.txt	13	3	0	2	0	0	0
/Volumes/GigiMurin/plip/polyketide/BD4g2h-A-A-0VQ1/report.txt	8	6	0	0	0	0	0
/Volumes/GigiMurin/plip/polyketide/BD4g2i-A-A-0VQ1/report.txt	8	5	0	0	0	0	0
/Volumes/GigiMurin/plip/polyketide/BD4gqr-A-A-MYC1/report.txt	2	4	0	0	0	0	0
/Volumes/GigiMurin/plip/polyketide/BD4gs6-A-A-1FM1/report.txt	6	4	0	0	0	0	0
/Volumes/GigiMurin/plip/polyketide/BD4gue-A-A-QCT1/report.txt	6	2	1	2	0	0	0
/Volumes/GigiMurin/plip/polyketide/BD4gy2-B-B-LAR1/report.txt	4	5	1	0	0	0	0
/Volumes/GigiMurin/plip/polyketide/BD4h03-B-B-LAR1/report.txt	6	5	1	0	0	0	0
/Volumes/GigiMurin/plip/polyketide/BD4h0t-B-B-LAR1/report.txt	5	5	1	0	0	0	0
/Volumes/GigiMurin/plip/polyketide/BD4h0v-B-B-LAR1/report.txt	5	6	1	0	0	0	0
/Volumes/GigiMurin/plip/polyketide/BD4h0x-B-B-LAR1/report.txt	4	6	1	0	0	0	0
/Volumes/GigiMurin/plip/polyketide/BD4h0y-B-B-LAR1/report.txt	4	5	1	0	0	0	0
/Volumes/GigiMurin/plip/polyketide/BD4h2b-A-A-0XE1/report.txt	2	6	3	3	1	0	0
/Volumes/GigiMurin/plip/polyketide/BD4hau-C-C-RJA1/report.txt	7	0	1	0	0	0	0
/Volumes/GigiMurin/plip/polyketide/BD4hav-C-C-AA81/report.txt	12	1	3	0	0	0	0
/Volumes/GigiMurin/plip/polyketide/BD4hax-C-C-RJA1/report.txt	10	1	1	0	0	0	0
/Volumes/GigiMurin/plip/polyketide/BD4hbm-A-A-0Y71/report.txt	8	1	2	1	0	1	0
/Volumes/GigiMurin/plip/polyketide/BD4hbm-A-B-0Y71/report.txt	1	0	0	0	0	0	0
/Volumes/GigiMurin/plip/polyketide/BD4hbm-F-F-0Y71/report.txt	9	0	2	1	0	1	0
/Volumes/GigiMurin/plip/polyketide/BD4hd8-A-A-PIT1/report.txt	2	0	0	0	0	0	0
/Volumes/GigiMurin/plip/polyketide/BD4hda-B-B-STL1/report.txt	1	1	0	0	0	0	0
/Volumes/GigiMurin/plip/polyketide/BD4hg7-A-A-NUT1/report.txt	7	0	0	1	0	0	0
/Volumes/GigiMurin/plip/polyketide/BD4hjs-A-A-18J1/report.txt	3	1	0	0	0	0	0
/Volumes/GigiMurin/plip/polyketide/BD4hjt-A-A-18A1/report.txt	3	1	0	0	0	0	0
/Volumes/GigiMurin/plip/polyketide/BD4hki-A-A-FLN1/report.txt	8	1	0	1	0	0	0
/Volumes/GigiMurin/plip/polyketide/BD4hki-H-H-FLN1/report.txt	8	1	0	1	0	0	0
/Volumes/GigiMurin/plip/polyketide/BD4hkk-A-A-AGI1/report.txt	6	3	0	2	0	0	0
/Volumes/GigiMurin/plip/polyketide/BD4hkn-A-A-LU21/report.txt	7	2	0	2	0	0	0
/Volumes/GigiMurin/plip/polyketide/BD4hl5-A-A-15W1/report.txt	6	1	0	2	0	0	0
/Volumes/GigiMurin/plip/polyketide/BD4hlf-A-A-15Z1/report.txt	7	2	0	2	0	0	0
/Volumes/GigiMurin/plip/polyketide/BD4hlg-A-A-20B1/report.txt	8	2	0	1	0	0	0
/Volumes/GigiMurin/plip/polyketide/BD4hlh-A-A-20D1/report.txt	8	1	0	1	0	0	0
/Volumes/GigiMurin/plip/polyketide/BD4hlk-A-A-4311/report.txt	9	1	0	1	0	0	0
/Volumes/GigiMurin/plip/polyketide/BD4hlk-B-B-4311/report.txt	9	1	0	1	0	0	0
/Volumes/GigiMurin/plip/polyketide/BD4hlm-A-A-16S1/report.txt	8	2	0	1	0	0	0
/Volumes/GigiMurin/plip/polyketide/BD4hlm-B-B-16S1/report.txt	8	2	0	2	0	0	0
/Volumes/GigiMurin/plip/polyketide/BD4hmh-A-A-F941/report.txt	6	3	0	2	0	0	0
/Volumes/GigiMurin/plip/polyketide/BD4i4t-D-D-ZPN1/report.txt	10	2	1	0	0	0	0
/Volumes/GigiMurin/plip/polyketide/BD4i50-D-D-EP1/report.txt	6	5	0	0	0	0	0
/Volumes/GigiMurin/plip/polyketide/BD4i8v-A-A-BHF1/report.txt	8	0	0	2	0	0	0
/Volumes/GigiMurin/plip/polyketide/BD4i8v-B-B-BHF1/report.txt	10	0	0	2	0	0	0
/Volumes/GigiMurin/plip/polyketide/BD4ie7-A-A-RHN1/report.txt	6	3	0	3	0	0	0
/Volumes/GigiMurin/plip/polyketide/BD4ige-A-A-CHJ1/report.txt	7	1	0	1	0	0	0
/Volumes/GigiMurin/plip/polyketide/BD4igf-A-A-CHV1/report.txt	4	3	0	0	0	0	0
/Volumes/GigiMurin/plip/polyketide/BD4ipf-A-A-1F01/report.txt	8	0	0	1	0	1	0
/Volumes/GigiMurin/plip/polyketide/BD4j3e-A-A-NUT1/report.txt	8	1	0	1	0	1	0
/Volumes/GigiMurin/plip/polyketide/BD4j51-A-A-N751/report.txt	3	8	1	2	0	0	0
/Volumes/GigiMurin/plip/polyketide/BD4j74-A-A-I181/report.txt	4	0	0	1	0	1	0
/Volumes/GigiMurin/plip/polyketide/BD4j74-A-A-I182/report.txt	1	0	0	0	0	0	0
/Volumes/GigiMurin/plip/polyketide/BD4j7d-A-A-I311/report.txt	10	0	0	1	0	1	0
/Volumes/GigiMurin/plip/polyketide/BD4j7e-A-A-I291/report.txt	6	1	0	1	0	0	0
/Volumes/GigiMurin/plip/polyketide/BD4jaz-A-A-STL1/report.txt	6	2	0	0	1	0	0
/Volumes/GigiMurin/plip/polyketide/BD4jrg-A-A-I091/report.txt	5	0	0	1	0	1	0
/Volumes/GigiMurin/plip/polyketide/BD4jsc-A-A-1OY1/report.txt	6	1	0	1	0	2	0
/Volumes/GigiMurin/plip/polyketide/BD4jv7-A-A-1MN1/report.txt	5	0	0	1	0	0	0
/Volumes/GigiMurin/plip/polyketide/BD4jv9-A-A-1MO1/report.txt	6	0	0	1	0	0	0
/Volumes/GigiMurin/plip/polyketide/BD4jwr-A-A-1MY1/report.txt	1	0	1	1	0	1	0
/Volumes/GigiMurin/plip/polyketide/BD4kai-A-A-1PV1/report.txt	7	5	0	0	0	0	0
/Volumes/GigiMurin/plip/polyketide/BD4kai-A-A-1PV2/report.txt	3	5	0	0	0	0	0
/Volumes/GigiMurin/plip/polyketide/BD4kai-B-B-1PV2/report.txt	2	2	0	0	0	0	0
/Volumes/GigiMurin/plip/polyketide/BD4kb7-A-A-6901/report.txt	9	3	0	0	0	0	0
/Volumes/GigiMurin/plip/polyketide/BD4kbi-A-A-1C01/report.txt	7	4	0	0	0	0	0
/Volumes/GigiMurin/plip/polyketide/BD4kci-A-A-1QE1/report.txt	4	2	0	0	0	0	0
/Volumes/GigiMurin/plip/polyketide/BD4kci-B-A-1QE1/report.txt	1	0	0	0	0	0	0
/Volumes/GigiMurin/plip/polyketide/BD4ke1-A-A-1R61/report.txt	6	5	0	0	0	0	0
/Volumes/GigiMurin/plip/polyketide/BD4ke5-A-A-1PV1/report.txt	8	4	0	0	0	0	0
/Volumes/GigiMurin/plip/polyketide/BD4ke5-A-A-1PV2/report.txt	1	3	0	0	1	0	0
/Volumes/GigiMurin/plip/polyketide/BD4khm-A-A-1PV1/report.txt	6	4	0	0	0	0	0
/Volumes/GigiMurin/plip/polyketide/BD4khr-A-A-1PV1/report.txt	7	4	0	0	1	0	0
/Volumes/GigiMurin/plip/polyketide/BD4klv-A-A-KLV1/report.txt	2	2	2	0	0	0	0
/Volumes/GigiMurin/plip/polyketide/BD4kmu-C-C-RFP1/report.txt	6	8	1	0	0	0	0
/Volumes/GigiMurin/plip/polyketide/BD4kmu-H-H-RFP1/report.txt	4	7	0	0	0	0	0
/Volumes/GigiMurin/plip/polyketide/BD4kn7-C-C-1RM1/report.txt	6	8	0	0	0	0	0
/Volumes/GigiMurin/plip/polyketide/BD4kn7-X-C-1RM1/report.txt	1	0	0	0	0	0	0
/Volumes/GigiMurin/plip/polyketide/BD4kr8-C-C-DM11/report.txt	2	12	0	0	1	0	0
/Volumes/GigiMurin/plip/polyketide/BD4ky2-A-A-1W31/report.txt	2	0	0	0	1	0	0
/Volumes/GigiMurin/plip/polyketide/BD4ky2-B-B-1W31/report.txt	3	1	0	0	1	0	0
/Volumes/GigiMurin/plip/polyketide/BD4kzl-A-A-20D1/report.txt	8	1	0	1	0	0	0
/Volumes/GigiMurin/plip/polyketide/BD4kzl-B-B-20D1/report.txt	8	1	0	1	0	0	0
/Volumes/GigiMurin/plip/polyketide/BD4kzq-A-A-DFL1/report.txt	9	1	0	1	0	0	0
/Volumes/GigiMurin/plip/polyketide/BD4kzu-A-A-A731/report.txt	9	1	0	1	0	0	0
/Volumes/GigiMurin/plip/polyketide/BD4l09-A-A-1UR1/report.txt	9	1	0	1	0	0	0
/Volumes/GigiMurin/plip/polyketide/BD4l0b-A-A-1UT1/report.txt	7	1	0	1	0	0	0
/Volumes/GigiMurin/plip/polyketide/BD4l0b-B-B-1UT1/report.txt	8	1	0	1	0	0	0
/Volumes/GigiMurin/plip/polyketide/BD4l0i-A-A-1UW1/report.txt	8	1	0	1	0	0	0
/Volumes/GigiMurin/plip/polyketide/BD4l0i-B-B-1UW1/report.txt	9	1	0	1	0	0	0
/Volumes/GigiMurin/plip/polyketide/BD4l0s-A-A-1UZ1/report.txt	9	1	0	1	0	0	0
/Volumes/GigiMurin/plip/polyketide/BD4l0t-A-A-1V01/report.txt	8	1	0	1	0	0	0
/Volumes/GigiMurin/plip/polyketide/BD4l0t-B-B-1V01/report.txt	8	1	0	1	0	0	0
/Volumes/GigiMurin/plip/polyketide/BD4l0v-A-A-1V11/report.txt	8	1	0	1	0	0	0
/Volumes/GigiMurin/plip/polyketide/BD4l10-A-A-A631/report.txt	9	1	0	1	0	0	0
/Volumes/GigiMurin/plip/polyketide/BD4l1s-A-A-1W41/report.txt	0	0	0	0	0	0	0
/Volumes/GigiMurin/plip/polyketide/BD4l1s-B-B-1W41/report.txt	0	0	0	0	0	0	0
/Volumes/GigiMurin/plip/polyketide/BD4l2f-A-A-1V31/report.txt	7	1	0	2	0	0	0
/Volumes/GigiMurin/plip/polyketide/BD4l2g-A-A-1V41/report.txt	6	1	0	2	0	0	0
/Volumes/GigiMurin/plip/polyketide/BD4l2g-B-B-1V41/report.txt	7	1	0	1	0	0	0
/Volumes/GigiMurin/plip/polyketide/BD4l2k-A-A-1V81/report.txt	8	1	0	1	0	0	0
/Volumes/GigiMurin/plip/polyketide/BD4l31-A-A-F081/report.txt	6	1	0	2	0	0	0
/Volumes/GigiMurin/plip/polyketide/BD4l32-A-A-1VF1/report.txt	6	1	0	2	0	0	0
/Volumes/GigiMurin/plip/polyketide/BD4l33-A-A-F701/report.txt	8	2	0	1	0	0	0
/Volumes/GigiMurin/plip/polyketide/BD4l34-A-A-1VG1/report.txt	9	3	0	0	0	0	0
/Volumes/GigiMurin/plip/polyketide/BD4l34-B-B-1VG1/report.txt	7	1	0	1	0	0	0
/Volumes/GigiMurin/plip/polyketide/BD4lax-A-A-FK51/report.txt	8	7	0	0	0	0	0
/Volumes/GigiMurin/plip/polyketide/BD4lb2-A-A-DM51/report.txt	3	1	0	0	0	0	0
/Volumes/GigiMurin/plip/polyketide/BD4lb2-A-A-DM52/report.txt	5	1	0	1	0	0	0
/Volumes/GigiMurin/plip/polyketide/BD4lb2-B-B-DM51/report.txt	5	3	0	0	0	0	0
/Volumes/GigiMurin/plip/polyketide/BD4lmu-A-A-QUE1/report.txt	7	4	0	0	0	0	0
/Volumes/GigiMurin/plip/polyketide/BD4lwg-A-A-FJ41/report.txt	3	2	0	0	1	0	0
/Volumes/GigiMurin/plip/polyketide/BD4m83-A-A-ERY1/report.txt	6	1	0	0	2	0	0
/Volumes/GigiMurin/plip/polyketide/BD4m83-B-B-ERY1/report.txt	4	2	0	0	0	0	0
/Volumes/GigiMurin/plip/polyketide/BD4ma6-A-A-28E1/report.txt	5	4	0	0	1	0	0
/Volumes/GigiMurin/plip/polyketide/BD4mg8-A-A-27J1/report.txt	6	3	0	1	0	0	0
/Volumes/GigiMurin/plip/polyketide/BD4mk8-A-A-28Q1/report.txt	6	5	0	2	0	0	0
/Volumes/GigiMurin/plip/polyketide/BD4mkb-A-A-28V1/report.txt	5	6	0	2	0	0	0
/Volumes/GigiMurin/plip/polyketide/BD4mra-A-A-QUE1/report.txt	4	5	0	0	3	0	0
/Volumes/GigiMurin/plip/polyketide/BD4n86-A-A-GBJ1/report.txt	3	1	0	0	0	0	0
/Volumes/GigiMurin/plip/polyketide/BD4n86-B-B-GBJ1/report.txt	5	1	0	0	0	0	0
/Volumes/GigiMurin/plip/polyketide/BD4n87-A-A-GBJ1/report.txt	2	1	0	0	0	0	0
/Volumes/GigiMurin/plip/polyketide/BD4n87-B-B-GBJ1/report.txt	6	0	0	0	0	0	0
/Volumes/GigiMurin/plip/polyketide/BD4nld-A-A-2N51/report.txt	4	4	0	0	0	0	0
/Volumes/GigiMurin/plip/polyketide/BD4nnr-A-A-FK51/report.txt	9	5	0	0	0	0	0
/Volumes/GigiMurin/plip/polyketide/BD4nnr-B-A-FK51/report.txt	0	1	0	0	0	0	0
/Volumes/GigiMurin/plip/polyketide/BD4o4h-B-B-LLM1/report.txt	5	3	0	0	0	0	0
/Volumes/GigiMurin/plip/polyketide/BD4o4i-B-B-EP1/report.txt	6	4	0	0	0	0	0
/Volumes/GigiMurin/plip/polyketide/BD4o4i-B-B-LLM1/report.txt	4	3	0	0	0	0	0
/Volumes/GigiMurin/plip/polyketide/BD4o4j-B-B-POU1/report.txt	6	7	0	0	0	0	0
/Volumes/GigiMurin/plip/polyketide/BD4o4l-B-B-EP1/report.txt	5	4	0	0	0	0	0
/Volumes/GigiMurin/plip/polyketide/BD4o4l-B-B-POU1/report.txt	4	6	1	0	0	0	0
/Volumes/GigiMurin/plip/polyketide/BD4o71-A-A-CPB1/report.txt	5	1	0	0	0	0	0
/Volumes/GigiMurin/plip/polyketide/BD4o71-A-B-CPB1/report.txt	1	0	1	0	0	0	0
/Volumes/GigiMurin/plip/polyketide/BD4oas-A-A-2SW1/report.txt	5	0	2	1	0	1	0
/Volumes/GigiMurin/plip/polyketide/BD4oas-E-A-2SW1/report.txt	2	0	0	0	0	0	0
/Volumes/GigiMurin/plip/polyketide/BD4oas-E-E-2SW1/report.txt	6	1	2	1	0	1	0
/Volumes/GigiMurin/plip/polyketide/BD4oba-A-A-2TW1/report.txt	7	0	1	1	0	1	0
/Volumes/GigiMurin/plip/polyketide/BD4oba-B-B-2TW1/report.txt	5	0	1	1	0	1	0
/Volumes/GigiMurin/plip/polyketide/BD4oba-C-C-2TW1/report.txt	6	0	1	1	0	1	0
/Volumes/GigiMurin/plip/polyketide/BD4occ-A-A-2TZ1/report.txt	6	1	2	1	0	1	0
/Volumes/GigiMurin/plip/polyketide/BD4occ-E-A-2TZ1/report.txt	0	0	0	0	0	0	0
/Volumes/GigiMurin/plip/polyketide/BD4occ-E-E-2TZ1/report.txt	7	1	2	1	0	1	0
/Volumes/GigiMurin/plip/polyketide/BD4ode-A-A-2U01/report.txt	6	0	0	1	0	1	0
/Volumes/GigiMurin/plip/polyketide/BD4odf-A-A-2U11/report.txt	10	1	1	2	0	1	0
/Volumes/GigiMurin/plip/polyketide/BD4odo-A-A-FK51/report.txt	8	3	0	0	0	0	0
/Volumes/GigiMurin/plip/polyketide/BD4odo-A-C-FK51/report.txt	2	1	0	0	0	0	0
/Volumes/GigiMurin/plip/polyketide/BD4odo-C-A-FK51/report.txt	2	0	0	0	0	0	0
/Volumes/GigiMurin/plip/polyketide/BD4odo-C-B-FK51/report.txt	1	2	0	0	0	0	0
/Volumes/GigiMurin/plip/polyketide/BD4odr-A-A-FK51/report.txt	6	2	0	0	0	0	0
/Volumes/GigiMurin/plip/polyketide/BD4ogn-A-A-2U51/report.txt	6	1	1	1	0	1	0
/Volumes/GigiMurin/plip/polyketide/BD4ogt-A-A-2U61/report.txt	9	1	0	1	0	1	0
/Volumes/GigiMurin/plip/polyketide/BD4ogv-A-A-2U71/report.txt	4	0	1	1	0	1	0
/Volumes/GigiMurin/plip/polyketide/BD4oso-A-A-2V41/report.txt	6	5	0	0	0	0	0
/Volumes/GigiMurin/plip/polyketide/BD4oso-B-B-2V41/report.txt	3	5	0	0	0	0	0
/Volumes/GigiMurin/plip/polyketide/BD4osp-A-A-2V41/report.txt	6	5	0	0	0	0	0
/Volumes/GigiMurin/plip/polyketide/BD4p06-A-A-MUX1/report.txt	5	5	2	0	0	0	0
/Volumes/GigiMurin/plip/polyketide/BD4p06-B-B-MUX1/report.txt	5	4	2	0	0	0	0
/Volumes/GigiMurin/plip/polyketide/BD4pdw-A-A-2XK1/report.txt	5	1	0	1	0	0	0
/Volumes/GigiMurin/plip/polyketide/BD4pl3-A-A-31J1/report.txt	3	2	2	1	0	0	0
/Volumes/GigiMurin/plip/polyketide/BD4pl3-B-B-31J1/report.txt	6	3	2	2	0	0	0
/Volumes/GigiMurin/plip/polyketide/BD4pns-A-A-32Y1/report.txt	3	1	1	2	0	0	0
/Volumes/GigiMurin/plip/polyketide/BD4pns-B-B-32Y1/report.txt	3	2	1	2	0	0	0
/Volumes/GigiMurin/plip/polyketide/BD4pns-C-C-32Y1/report.txt	2	1	1	2	0	0	0
/Volumes/GigiMurin/plip/polyketide/BD4pp6-A-A-STL1/report.txt	4	4	0	0	0	0	0
/Volumes/GigiMurin/plip/polyketide/BD4pp6-B-B-STL1/report.txt	2	3	0	1	0	0	0
/Volumes/GigiMurin/plip/polyketide/BD4ppp-A-A-FSV1/report.txt	2	2	0	0	0	0	0
/Volumes/GigiMurin/plip/polyketide/BD4q2v-A-A-0XE1/report.txt	1	3	2	0	0	0	0
/Volumes/GigiMurin/plip/polyketide/BD4q50-A-A-OHT1/report.txt	11	2	1	1	0	0	0
/Volumes/GigiMurin/plip/polyketide/BD4q50-C-C-OHT1/report.txt	9	2	1	1	0	0	0
/Volumes/GigiMurin/plip/polyketide/BD4q50-D-D-OHT1/report.txt	10	2	1	1	0	0	0
/Volumes/GigiMurin/plip/polyketide/BD4q50-E-E-OHT1/report.txt	7	2	1	1	0	0	0
/Volumes/GigiMurin/plip/polyketide/BD4q93-A-A-STL1/report.txt	5	4	0	1	0	0	0
/Volumes/GigiMurin/plip/polyketide/BD4qa3-A-A-TSN1/report.txt	3	4	0	0	0	0	0
/Volumes/GigiMurin/plip/polyketide/BD4qa3-A-B-TSN1/report.txt	1	0	0	0	0	0	0
/Volumes/GigiMurin/plip/polyketide/BD4qa3-B-A-TSN1/report.txt	1	0	0	0	0	0	0
/Volumes/GigiMurin/plip/polyketide/BD4qa3-B-B-TSN1/report.txt	2	3	0	0	0	0	0
/Volumes/GigiMurin/plip/polyketide/BD4qa5-A-C-MCM1/report.txt	2	1	1	0	0	0	0
/Volumes/GigiMurin/plip/polyketide/BD4qa5-A-D-MCM1/report.txt	3	0	0	0	0	0	0
/Volumes/GigiMurin/plip/polyketide/BD4qa5-C-C-MCM1/report.txt	0	0	0	0	0	0	0
/Volumes/GigiMurin/plip/polyketide/BD4qa5-D-D-MCM1/report.txt	0	0	0	0	0	0	0
/Volumes/GigiMurin/plip/polyketide/BD4qa6-A-C-MCM1/report.txt	2	1	1	0	0	0	0
/Volumes/GigiMurin/plip/polyketide/BD4qa6-A-D-MCM1/report.txt	2	0	0	0	0	0	0
/Volumes/GigiMurin/plip/polyketide/BD4qa6-C-C-MCM1/report.txt	0	0	0	0	0	0	0
/Volumes/GigiMurin/plip/polyketide/BD4qa6-D-D-MCM1/report.txt	0	0	0	0	0	0	0
/Volumes/GigiMurin/plip/polyketide/BD4qa7-A-B-MCM1/report.txt	2	1	1	0	0	0	0
/Volumes/GigiMurin/plip/polyketide/BD4qa7-B-B-MCM1/report.txt	0	0	0	0	0	0	0
/Volumes/GigiMurin/plip/polyketide/BD4qag-A-A-F951/report.txt	1	2	0	0	0	0	0
/Volumes/GigiMurin/plip/polyketide/BD4qer-A-A-STL1/report.txt	2	4	0	0	0	0	0
/Volumes/GigiMurin/plip/polyketide/BD4qfc-A-A-31T1/report.txt	5	6	1	2	1	0	0
/Volumes/GigiMurin/plip/polyketide/BD4qfd-A-A-31R1/report.txt	4	4	2	3	0	0	0
/Volumes/GigiMurin/plip/polyketide/BD4qfd-B-B-31R1/report.txt	3	5	2	3	0	0	0
/Volumes/GigiMurin/plip/polyketide/BD4qiy-A-A-WWX1/report.txt	10	3	0	0	1	0	0
/Volumes/GigiMurin/plip/polyketide/BD4qiz-A-A-WWX1/report.txt	5	2	0	0	1	0	0
/Volumes/GigiMurin/plip/polyketide/BD4qj0-A-A-WWX1/report.txt	3	4	0	0	0	0	0
/Volumes/GigiMurin/plip/polyketide/BD4qj1-A-A-N091/report.txt	2	1	0	0	0	0	0
/Volumes/GigiMurin/plip/polyketide/BD4qj1-A-B-N091/report.txt	2	0	0	0	0	0	0
/Volumes/GigiMurin/plip/polyketide/BD4qj1-B-B-N091/report.txt	2	1	0	0	0	0	0
/Volumes/GigiMurin/plip/polyketide/BD4qj1-C-B-N092/report.txt	1	1	0	0	0	0	0
/Volumes/GigiMurin/plip/polyketide/BD4qoc-A-A-35T1/report.txt	4	0	2	1	0	1	0
/Volumes/GigiMurin/plip/polyketide/BD4qoc-C-E-35T1/report.txt	1	0	0	0	0	0	0
/Volumes/GigiMurin/plip/polyketide/BD4qoc-G-G-35T1/report.txt	5	0	2	1	0	1	0
/Volumes/GigiMurin/plip/polyketide/BD4qoc-I-I-35T1/report.txt	8	1	2	1	0	1	0
/Volumes/GigiMurin/plip/polyketide/BD4qoc-K-K-35T1/report.txt	8	1	2	1	0	1	0
/Volumes/GigiMurin/plip/polyketide/BD4qoh-A-A-STL1/report.txt	3	2	0	1	0	0	0
/Volumes/GigiMurin/plip/polyketide/BD4qoh-A-B-STL1/report.txt	3	2	0	0	0	0	0
/Volumes/GigiMurin/plip/polyketide/BD4qoh-B-B-STL1/report.txt	2	1	0	1	0	0	0
/Volumes/GigiMurin/plip/polyketide/BD4qoj-A-A-STL1/report.txt	2	2	0	1	0	0	0
/Volumes/GigiMurin/plip/polyketide/BD4qoj-A-B-STL1/report.txt	3	1	0	0	0	0	0
/Volumes/GigiMurin/plip/polyketide/BD4qoj-B-A-STL1/report.txt	3	2	0	0	0	0	0
/Volumes/GigiMurin/plip/polyketide/BD4qoj-B-B-STL1/report.txt	3	2	0	1	0	0	0
/Volumes/GigiMurin/plip/polyketide/BD4qt2-A-A-RAP1/report.txt	9	3	0	0	0	0	0
/Volumes/GigiMurin/plip/polyketide/BD4qt3-A-A-RAP1/report.txt	9	3	0	0	0	0	0
/Volumes/GigiMurin/plip/polyketide/BD4qxv-A-A-LU21/report.txt	3	3	0	0	0	0	0
/Volumes/GigiMurin/plip/polyketide/BD4qxv-B-B-LU21/report.txt	3	2	0	0	0	0	0
/Volumes/GigiMurin/plip/polyketide/BD4qya-A-A-LU21/report.txt	3	3	0	0	0	0	0
/Volumes/GigiMurin/plip/polyketide/BD4qya-B-B-LU21/report.txt	3	3	0	0	0	0	0
/Volumes/GigiMurin/plip/polyketide/BD4r6o-A-A-ZZ11/report.txt	3	0	0	1	0	0	0
/Volumes/GigiMurin/plip/polyketide/BD4r6p-G-G-ZZ11/report.txt	3	1	0	0	0	0	0
/Volumes/GigiMurin/plip/polyketide/BD4rdq-A-A-C6N1/report.txt	2	4	0	0	0	0	0
/Volumes/GigiMurin/plip/polyketide/BD4rdq-A-E-C6N1/report.txt	0	0	0	0	0	0	0
/Volumes/GigiMurin/plip/polyketide/BD4rel-A-A-KMP1/report.txt	3	4	0	1	0	0	0
/Volumes/GigiMurin/plip/polyketide/BD4rem-A-A-DLM1/report.txt	5	6	0	0	0	0	0
/Volumes/GigiMurin/plip/polyketide/BD4ren-A-A-P5M1/report.txt	2	5	0	0	0	0	0
/Volumes/GigiMurin/plip/polyketide/BD4rfr-B-B-RHN1/report.txt	5	8	1	1	0	0	0
/Volumes/GigiMurin/plip/polyketide/BD4rlt-A-A-FSE1/report.txt	5	7	0	1	0	0	0
/Volumes/GigiMurin/plip/polyketide/BD4rlu-A-A-HCC1/report.txt	4	3	0	1	0	0	0
/Volumes/GigiMurin/plip/polyketide/BD4rlu-B-A-HCC1/report.txt	0	0	0	0	0	0	0
/Volumes/GigiMurin/plip/polyketide/BD4rlw-A-A-BUN1/report.txt	2	3	0	1	0	0	0
/Volumes/GigiMurin/plip/polyketide/BD4rzm-A-A-LSD1/report.txt	6	4	1	0	0	0	0
/Volumes/GigiMurin/plip/polyketide/BD4tlr-A-A-79Z1/report.txt	6	1	0	0	0	0	0
/Volumes/GigiMurin/plip/polyketide/BD4tuz-A-A-36J1/report.txt	7	3	0	1	0	0	0
/Volumes/GigiMurin/plip/polyketide/BD4tv8-D-D-3GT1/report.txt	4	4	0	0	0	0	0
/Volumes/GigiMurin/plip/polyketide/BD4twk-A-A-37X1/report.txt	0	1	0	0	0	0	0
/Volumes/GigiMurin/plip/polyketide/BD4twk-A-A-37X2/report.txt	2	0	0	0	0	0	0
/Volumes/GigiMurin/plip/polyketide/BD4twk-A-A-37X3/report.txt	1	2	0	0	0	0	0
/Volumes/GigiMurin/plip/polyketide/BD4twk-A-A-37X4/report.txt	6	2	0	0	0	0	0
/Volumes/GigiMurin/plip/polyketide/BD4twk-A-B-37X1/report.txt	5	2	1	0	0	0	0
/Volumes/GigiMurin/plip/polyketide/BD4twk-B-B-37X1/report.txt	2	3	0	0	0	0	0
/Volumes/GigiMurin/plip/polyketide/BD4ty8-A-A-3AV1/report.txt	2	0	0	0	0	0	0
/Volumes/GigiMurin/plip/polyketide/BD4ty8-B-B-3AV1/report.txt	2	0	0	0	0	0	0
/Volumes/GigiMurin/plip/polyketide/BD4u4r-Q2-1-3H31/report.txt	3	1	0	0	0	0	0
/Volumes/GigiMurin/plip/polyketide/BD4u8v-B-B-MIY1/report.txt	4	3	0	0	0	0	0
/Volumes/GigiMurin/plip/polyketide/BD4u8y-B-B-MIY1/report.txt	5	2	0	0	0	0	0
/Volumes/GigiMurin/plip/polyketide/BD4u95-B-B-MIY1/report.txt	4	2	0	0	0	0	0
/Volumes/GigiMurin/plip/polyketide/BD4ub7-A-A-3G51/report.txt	9	4	1	0	0	0	0
/Volumes/GigiMurin/plip/polyketide/BD4uba-A-A-3G51/report.txt	6	5	1	0	0	0	0
/Volumes/GigiMurin/plip/polyketide/BD4ugm-A-A-1QE1/report.txt	6	2	0	1	0	0	0
/Volumes/GigiMurin/plip/polyketide/BD4umz-A-A-XJO1/report.txt	4	0	1	0	0	0	0
/Volumes/GigiMurin/plip/polyketide/BD4upj-A-A-U041/report.txt	4	6	0	0	0	0	0
/Volumes/GigiMurin/plip/polyketide/BD4upj-B-A-U041/report.txt	2	4	0	0	0	0	0
/Volumes/GigiMurin/plip/polyketide/BD4urn-A-A-NOV1/report.txt	1	4	2	0	1	0	0
/Volumes/GigiMurin/plip/polyketide/BD4urn-B-A-NOV1/report.txt	2	2	0	0	0	0	0
/Volumes/GigiMurin/plip/polyketide/BD4urn-B-B-NOV1/report.txt	0	3	2	0	1	0	0
/Volumes/GigiMurin/plip/polyketide/BD4uro-A-A-NOV1/report.txt	3	4	2	0	2	0	0
/Volumes/GigiMurin/plip/polyketide/BD4uro-D-A-NOV1/report.txt	0	0	0	0	1	0	0
/Volumes/GigiMurin/plip/polyketide/BD4uti-A-A-COU1/report.txt	1	0	2	0	0	0	0
/Volumes/GigiMurin/plip/polyketide/BD4utj-A-A-8CM1/report.txt	1	2	1	0	0	0	0
/Volumes/GigiMurin/plip/polyketide/BD4utl-A-A-COU1/report.txt	3	0	2	0	0	0	0
/Volumes/GigiMurin/plip/polyketide/BD4utl-A-A-COU2/report.txt	2	0	1	0	1	0	0
/Volumes/GigiMurin/plip/polyketide/BD4utl-A-A-COU3/report.txt	2	0	1	1	0	0	0
/Volumes/GigiMurin/plip/polyketide/BD4utl-A-A-COU4/report.txt	0	0	0	2	0	0	0
/Volumes/GigiMurin/plip/polyketide/BD4utm-A-A-8CM1/report.txt	2	0	2	0	0	0	0
/Volumes/GigiMurin/plip/polyketide/BD4v0u-A-A-LAB1/report.txt	4	4	1	0	0	0	0
/Volumes/GigiMurin/plip/polyketide/BD4v1f-A-A-BQ11/report.txt	4	0	0	0	0	0	0
/Volumes/GigiMurin/plip/polyketide/BD4v1f-A-B-BQ11/report.txt	1	0	0	0	0	0	0
/Volumes/GigiMurin/plip/polyketide/BD4v1f-B-B-BQ11/report.txt	5	0	1	0	0	0	0
/Volumes/GigiMurin/plip/polyketide/BD4v1h-A-A-IBQ1/report.txt	5	0	0	0	0	0	0
/Volumes/GigiMurin/plip/polyketide/BD4v1h-A-B-IBQ1/report.txt	1	0	0	0	0	0	0
/Volumes/GigiMurin/plip/polyketide/BD4v1h-B-B-IBQ1/report.txt	5	0	1	0	0	0	0
/Volumes/GigiMurin/plip/polyketide/BD4v28-A-A-4MU1/report.txt	3	2	0	1	0	0	0
/Volumes/GigiMurin/plip/polyketide/BD4v2g-B-B-CTC1/report.txt	1	5	0	0	0	0	0
/Volumes/GigiMurin/plip/polyketide/BD4w1w-A-A-3G81/report.txt	4	1	1	2	0	0	0
/Volumes/GigiMurin/plip/polyketide/BD4w1w-A-B-3G81/report.txt	0	0	0	0	0	0	0
/Volumes/GigiMurin/plip/polyketide/BD4w93-A-A-3L91/report.txt	8	7	0	1	0	0	0
/Volumes/GigiMurin/plip/polyketide/BD4wnj-B-B-QUE1/report.txt	2	3	0	0	0	0	0
/Volumes/GigiMurin/plip/polyketide/BD4wns-B-B-3RL1/report.txt	4	1	0	0	0	0	0
/Volumes/GigiMurin/plip/polyketide/BD4wo0-A-A-AGI1/report.txt	3	2	0	0	0	0	0
/Volumes/GigiMurin/plip/polyketide/BD4wq0-A-A-EFO1/report.txt	5	0	0	0	0	0	0
/Volumes/GigiMurin/plip/polyketide/BD4wvd-A-A-IVM1/report.txt	4	3	0	0	0	0	0
/Volumes/GigiMurin/plip/polyketide/BD4wx4-A-A-3VF1/report.txt	3	6	0	1	0	2	0
/Volumes/GigiMurin/plip/polyketide/BD4wxh-A-A-3VL1/report.txt	9	3	1	0	0	0	0
/Volumes/GigiMurin/plip/polyketide/BD4wxh-B-B-3VL1/report.txt	7	3	1	0	0	0	0
/Volumes/GigiMurin/plip/polyketide/BD4x2a-A-A-3WL1/report.txt	1	2	0	0	0	0	0
/Volumes/GigiMurin/plip/polyketide/BD4x2a-A-B-3WL1/report.txt	4	1	0	0	0	0	0
/Volumes/GigiMurin/plip/polyketide/BD4x6x-A-A-S741/report.txt	15	2	0	1	0	0	0
/Volumes/GigiMurin/plip/polyketide/BD4xh6-A-A-HUL1/report.txt	6	1	0	0	0	0	0
/Volumes/GigiMurin/plip/polyketide/BD4ycm-A-A-7BS1/report.txt	12	5	0	0	0	0	0
/Volumes/GigiMurin/plip/polyketide/BD4ycn-A-A-7BL1/report.txt	11	2	0	0	0	0	0
/Volumes/GigiMurin/plip/polyketide/BD4yh3-A-A-Y801/report.txt	10	3	0	1	0	0	0
/Volumes/GigiMurin/plip/polyketide/BD4yrq-A-A-4JQ1/report.txt	3	1	2	2	1	0	0
/Volumes/GigiMurin/plip/polyketide/BD4yua-A-A-REF1/report.txt	4	5	0	3	0	0	0
/Volumes/GigiMurin/plip/polyketide/BD4yzf-A-A-4KU1/report.txt	3	2	0	0	0	0	0
/Volumes/GigiMurin/plip/polyketide/BD4yzf-B-B-4KU1/report.txt	1	0	0	0	0	0	0
/Volumes/GigiMurin/plip/polyketide/BD4yzf-D-D-4KU1/report.txt	2	1	0	0	0	0	0
/Volumes/GigiMurin/plip/polyketide/BD4z2g-A-A-M6V1/report.txt	6	2	1	0	1	0	0
/Volumes/GigiMurin/plip/polyketide/BD4z2g-A-A-M6V2/report.txt	6	2	1	0	0	0	0
/Volumes/GigiMurin/plip/polyketide/BD4z2h-A-A-M6A1/report.txt	6	2	1	0	1	0	0
/Volumes/GigiMurin/plip/polyketide/BD4z2i-A-A-M6B1/report.txt	7	1	2	0	1	0	0
/Volumes/GigiMurin/plip/polyketide/BD4z2i-A-A-M6B2/report.txt	5	1	1	0	0	0	0
/Volumes/GigiMurin/plip/polyketide/BD4z2j-A-A-M6G1/report.txt	8	1	2	0	0	0	0
/Volumes/GigiMurin/plip/polyketide/BD4z2j-A-A-M6G2/report.txt	7	3	1	0	0	0	0
/Volumes/GigiMurin/plip/polyketide/BD4zi1-A-A-KB01/report.txt	11	3	0	1	0	0	0
/Volumes/GigiMurin/plip/polyketide/BD4zjl-A-A-ERY1/report.txt	6	2	3	0	0	0	0
/Volumes/GigiMurin/plip/polyketide/BD4zjl-D-D-ERY1/report.txt	4	4	2	0	0	0	0
/Volumes/GigiMurin/plip/polyketide/BD4zjo-A-A-ERY1/report.txt	2	1	4	0	0	0	0
/Volumes/GigiMurin/plip/polyketide/BD4zjo-D-D-ERY1/report.txt	4	3	3	0	0	0	0
/Volumes/GigiMurin/plip/polyketide/BD4zjq-A-A-ERY1/report.txt	2	3	1	0	0	0	0
/Volumes/GigiMurin/plip/polyketide/BD4zjq-D-D-ERY1/report.txt	1	3	0	0	0	0	0
/Volumes/GigiMurin/plip/polyketide/BD4zn7-A-A-DES1/report.txt	7	4	0	1	0	0	0
/Volumes/GigiMurin/plip/polyketide/BD4zn7-B-B-DES1/report.txt	8	2	0	1	0	0	0
/Volumes/GigiMurin/plip/polyketide/BD4zn9-A-A-OBH1/report.txt	12	3	0	1	0	0	0
/Volumes/GigiMurin/plip/polyketide/BD4zn9-B-B-OBH1/report.txt	11	3	0	1	0	0	0
/Volumes/GigiMurin/plip/polyketide/BD4znt-A-A-OBB1/report.txt	9	3	0	1	0	1	0
/Volumes/GigiMurin/plip/polyketide/BD4znu-A-A-4Q91/report.txt	11	4	0	1	0	0	0
/Volumes/GigiMurin/plip/polyketide/BD4znv-A-A-4Q71/report.txt	10	2	0	1	0	0	0
/Volumes/GigiMurin/plip/polyketide/BD4zvm-A-A-DM21/report.txt	2	1	0	0	0	0	0
/Volumes/GigiMurin/plip/polyketide/BD4zvm-A-B-DM21/report.txt	0	0	0	1	0	0	0
/Volumes/GigiMurin/plip/polyketide/BD4zvm-B-A-DM21/report.txt	0	2	0	1	0	0	0
/Volumes/GigiMurin/plip/polyketide/BD5a4v-A-B-QUE1/report.txt	1	1	0	3	0	0	0
/Volumes/GigiMurin/plip/polyketide/BD5a4v-B-B-QUE1/report.txt	1	1	0	2	0	0	0
/Volumes/GigiMurin/plip/polyketide/BD5a4v-E-F-QUE1/report.txt	0	1	0	2	0	0	0
/Volumes/GigiMurin/plip/polyketide/BD5a4v-F-F-QUE1/report.txt	2	1	0	2	0	0	0
/Volumes/GigiMurin/plip/polyketide/BD5a4w-A-A-QCT1/report.txt	3	2	0	0	0	0	0
/Volumes/GigiMurin/plip/polyketide/BD5a4w-A-A-QCT2/report.txt	2	2	1	2	0	0	0
/Volumes/GigiMurin/plip/polyketide/BD5a4w-A-B-QCT1/report.txt	0	2	0	0	0	0	0
/Volumes/GigiMurin/plip/polyketide/BD5a4w-B-A-QCT2/report.txt	0	1	1	2	0	0	0
/Volumes/GigiMurin/plip/polyketide/BD5a4w-B-B-QCT1/report.txt	3	1	1	0	0	0	0
/Volumes/GigiMurin/plip/polyketide/BD5a4w-C-D-QCT1/report.txt	0	1	0	0	0	0	0
/Volumes/GigiMurin/plip/polyketide/BD5a4w-D-C-QCT2/report.txt	4	0	0	2	0	0	0
/Volumes/GigiMurin/plip/polyketide/BD5aav-A-A-GW51/report.txt	15	1	0	0	0	0	0
/Volumes/GigiMurin/plip/polyketide/BD5aks-A-A-R3X1/report.txt	1	2	2	0	0	0	0
/Volumes/GigiMurin/plip/polyketide/BD5aks-B-B-R3X1/report.txt	3	1	0	0	0	0	0
/Volumes/GigiMurin/plip/polyketide/BD5akt-A-A-R4G1/report.txt	4	1	1	0	0	0	0
/Volumes/GigiMurin/plip/polyketide/BD5akt-B-B-R4G1/report.txt	2	1	2	0	0	0	0
/Volumes/GigiMurin/plip/polyketide/BD5akv-A-A-G7G1/report.txt	3	2	1	0	0	0	0
/Volumes/GigiMurin/plip/polyketide/BD5akv-B-B-G7G1/report.txt	2	0	3	0	0	0	0
/Volumes/GigiMurin/plip/polyketide/BD5al0-A-A-R3S1/report.txt	2	0	0	0	0	0	0
/Volumes/GigiMurin/plip/polyketide/BD5al8-A-A-D751/report.txt	3	2	1	0	0	0	0
/Volumes/GigiMurin/plip/polyketide/BD5ang-A-A-WY31/report.txt	3	2	2	0	0	0	0
/Volumes/GigiMurin/plip/polyketide/BD5auu-A-A-LU21/report.txt	6	8	0	0	0	0	0
/Volumes/GigiMurin/plip/polyketide/BD5auv-A-A-AGI1/report.txt	4	2	0	0	0	0	0
/Volumes/GigiMurin/plip/polyketide/BD5auw-A-A-QUE1/report.txt	7	9	0	0	0	0	0
/Volumes/GigiMurin/plip/polyketide/BD5aux-A-A-KMP1/report.txt	4	4	0	0	0	0	0
/Volumes/GigiMurin/plip/polyketide/BD5auy-A-A-MRI1/report.txt	6	5	0	0	0	0	0
/Volumes/GigiMurin/plip/polyketide/BD5auz-A-A-GEN1/report.txt	3	3	0	0	0	0	0
/Volumes/GigiMurin/plip/polyketide/BD5av0-A-A-47X1/report.txt	5	4	0	0	0	0	0
/Volumes/GigiMurin/plip/polyketide/BD5av2-A-A-KMP1/report.txt	5	4	0	0	0	0	0
/Volumes/GigiMurin/plip/polyketide/BD5av3-A-A-KMP1/report.txt	5	4	0	0	0	0	0
/Volumes/GigiMurin/plip/polyketide/BD5av4-A-A-GEN1/report.txt	2	3	0	0	0	0	0
/Volumes/GigiMurin/plip/polyketide/BD5b09-A-A-4MX1/report.txt	7	1	2	0	0	0	0
/Volumes/GigiMurin/plip/polyketide/BD5b15-A-A-DQM1/report.txt	1	6	4	0	0	0	0
/Volumes/GigiMurin/plip/polyketide/BD5b8i-A-C-FK51/report.txt	4	0	0	0	0	0	0
/Volumes/GigiMurin/plip/polyketide/BD5b8i-B-C-FK51/report.txt	3	0	0	0	0	0	0
/Volumes/GigiMurin/plip/polyketide/BD5b8i-C-C-FK51/report.txt	10	3	0	0	0	0	0
/Volumes/GigiMurin/plip/polyketide/BD5bps-A-B-EFO2/report.txt	5	0	0	0	0	0	0
/Volumes/GigiMurin/plip/polyketide/BD5bps-B-B-EFO1/report.txt	5	0	0	0	0	0	0
/Volumes/GigiMurin/plip/polyketide/BD5bps-B-B-EFO2/report.txt	5	2	0	0	0	0	0
/Volumes/GigiMurin/plip/polyketide/BD5bps-D-M-EFO1/report.txt	1	0	0	0	0	0	0
/Volumes/GigiMurin/plip/polyketide/BD5bq6-A-A-EFB1/report.txt	0	0	0	0	0	0	0
/Volumes/GigiMurin/plip/polyketide/BD5bq6-A-B-EFB1/report.txt	4	0	0	0	0	0	0
/Volumes/GigiMurin/plip/polyketide/BD5bq6-B-B-EFB1/report.txt	5	2	0	0	0	0	0
/Volumes/GigiMurin/plip/polyketide/BD5bq6-B-C-EFB1/report.txt	6	0	0	0	0	0	0
/Volumes/GigiMurin/plip/polyketide/BD5bq6-D-E-EFB1/report.txt	4	0	0	0	0	0	0
/Volumes/GigiMurin/plip/polyketide/BD5bq6-D-M-EFB1/report.txt	1	0	0	0	0	0	0
/Volumes/GigiMurin/plip/polyketide/BD5bqa-A-A-EF41/report.txt	3	0	0	0	0	0	0
/Volumes/GigiMurin/plip/polyketide/BD5bqa-A-B-EF42/report.txt	6	0	0	0	0	0	0
/Volumes/GigiMurin/plip/polyketide/BD5bqa-B-B-EF41/report.txt	4	0	0	0	0	0	0
/Volumes/GigiMurin/plip/polyketide/BD5bqa-D-M-EF41/report.txt	1	0	0	0	0	0	0
/Volumes/GigiMurin/plip/polyketide/BD5bqj-A-B-E212/report.txt	6	0	0	0	0	0	0
/Volumes/GigiMurin/plip/polyketide/BD5bqj-B-B-E211/report.txt	5	0	0	0	0	0	0
/Volumes/GigiMurin/plip/polyketide/BD5bqj-B-B-E212/report.txt	3	1	0	0	0	0	0
/Volumes/GigiMurin/plip/polyketide/BD5bqj-D-E-E211/report.txt	4	0	0	0	0	0	0
/Volumes/GigiMurin/plip/polyketide/BD5bqj-D-M-E211/report.txt	1	0	0	0	0	0	0
/Volumes/GigiMurin/plip/polyketide/BD5btr-A-A-STL1/report.txt	5	1	0	0	0	0	0
/Volumes/GigiMurin/plip/polyketide/BD5btr-A-D-STL1/report.txt	4	2	0	0	0	0	0
/Volumes/GigiMurin/plip/polyketide/BD5btr-B-B-STL1/report.txt	4	3	0	0	0	0	0
/Volumes/GigiMurin/plip/polyketide/BD5btr-B-B-STL2/report.txt	4	2	0	0	0	0	0
/Volumes/GigiMurin/plip/polyketide/BD5btr-B-E-STL1/report.txt	5	1	0	0	0	0	0
/Volumes/GigiMurin/plip/polyketide/BD5btr-C-C-STL2/report.txt	5	1	0	0	0	0	0
/Volumes/GigiMurin/plip/polyketide/BD5btr-C-F-STL1/report.txt	7	2	0	0	0	0	0
/Volumes/GigiMurin/plip/polyketide/BD5btr-D-D-STL1/report.txt	0	1	0	0	0	0	0
/Volumes/GigiMurin/plip/polyketide/BD5btr-D-D-STL2/report.txt	1	1	0	0	0	0	0
/Volumes/GigiMurin/plip/polyketide/BD5btr-E-B-STL2/report.txt	1	1	0	0	0	0	0
/Volumes/GigiMurin/plip/polyketide/BD5btr-E-E-STL1/report.txt	0	1	0	0	0	0	0
/Volumes/GigiMurin/plip/polyketide/BD5btr-F-C-STL2/report.txt	1	1	0	0	0	0	0
/Volumes/GigiMurin/plip/polyketide/BD5btr-F-F-STL1/report.txt	0	1	0	0	0	0	0
/Volumes/GigiMurin/plip/polyketide/BD5bwl-A-B-MCM1/report.txt	3	0	1	0	0	0	0
/Volumes/GigiMurin/plip/polyketide/BD5bwl-B-B-MCM1/report.txt	0	0	0	0	0	0	0
/Volumes/GigiMurin/plip/polyketide/BD5c5a-A-A-NUT1/report.txt	5	1	0	0	1	1	0
/Volumes/GigiMurin/plip/polyketide/BD5c65-A-A-37X1/report.txt	1	3	0	0	0	0	0
/Volumes/GigiMurin/plip/polyketide/BD5c65-A-A-37X2/report.txt	3	0	0	0	0	0	0
/Volumes/GigiMurin/plip/polyketide/BD5c65-A-A-37X3/report.txt	3	1	0	0	0	0	0
/Volumes/GigiMurin/plip/polyketide/BD5c65-A-A-37X4/report.txt	2	0	0	0	0	0	0
/Volumes/GigiMurin/plip/polyketide/BD5c65-A-A-37X5/report.txt	2	1	0	0	0	0	0
/Volumes/GigiMurin/plip/polyketide/BD5c65-A-A-37X6/report.txt	5	0	0	0	0	0	0
/Volumes/GigiMurin/plip/polyketide/BD5c65-A-B-37X1/report.txt	3	0	0	0	0	0	0
/Volumes/GigiMurin/plip/polyketide/BD5c65-B-A-37X1/report.txt	2	0	0	0	0	0	0
/Volumes/GigiMurin/plip/polyketide/BD5c65-B-A-37X2/report.txt	4	2	0	0	0	0	0
/Volumes/GigiMurin/plip/polyketide/BD5c65-B-B-37X1/report.txt	2	3	0	0	0	0	0
/Volumes/GigiMurin/plip/polyketide/BD5c65-B-B-37X2/report.txt	4	0	0	0	0	0	0
/Volumes/GigiMurin/plip/polyketide/BD5c65-B-B-37X3/report.txt	2	1	0	0	0	0	0
/Volumes/GigiMurin/plip/polyketide/BD5cbn-A-A-EYC1/report.txt	3	1	1	0	0	0	0
/Volumes/GigiMurin/plip/polyketide/BD5cqj-A-A-53Q1/report.txt	6	1	0	0	0	0	0
/Volumes/GigiMurin/plip/polyketide/BD5cr1-B-B-STL1/report.txt	1	2	0	0	0	0	0
/Volumes/GigiMurin/plip/polyketide/BD5d1b-A-A-TSN1/report.txt	3	4	0	0	0	0	0
/Volumes/GigiMurin/plip/polyketide/BD5d1b-A-B-TSN1/report.txt	1	0	0	0	0	0	0
/Volumes/GigiMurin/plip/polyketide/BD5d1b-B-A-TSN1/report.txt	1	0	0	0	0	0	0
/Volumes/GigiMurin/plip/polyketide/BD5d1b-B-B-TSN1/report.txt	2	4	0	0	0	0	0
/Volumes/GigiMurin/plip/polyketide/BD5d75-A-A-FK51/report.txt	8	2	0	0	0	0	0
/Volumes/GigiMurin/plip/polyketide/BD5dk9-A-A-5CC1/report.txt	11	3	0	0	0	0	0
/Volumes/GigiMurin/plip/polyketide/BD5dk9-B-B-5CC1/report.txt	11	2	0	1	0	0	0
/Volumes/GigiMurin/plip/polyketide/BD5dkb-A-A-5C91/report.txt	11	2	0	0	0	0	0
/Volumes/GigiMurin/plip/polyketide/BD5dke-A-A-5C81/report.txt	11	4	0	0	0	0	0
/Volumes/GigiMurin/plip/polyketide/BD5dkg-A-A-5C71/report.txt	10	2	0	1	0	0	0
/Volumes/GigiMurin/plip/polyketide/BD5dks-A-A-5C61/report.txt	17	3	0	0	0	0	0
/Volumes/GigiMurin/plip/polyketide/BD5dl4-A-A-5C41/report.txt	9	2	0	1	0	0	0
/Volumes/GigiMurin/plip/polyketide/BD5dlr-A-A-5DJ1/report.txt	9	3	0	1	0	0	0
/Volumes/GigiMurin/plip/polyketide/BD5dlr-B-B-5DJ1/report.txt	8	2	0	1	0	0	0
/Volumes/GigiMurin/plip/polyketide/BD5dmc-A-A-5DH1/report.txt	7	2	0	0	0	0	0
/Volumes/GigiMurin/plip/polyketide/BD5dmc-B-B-5DH1/report.txt	7	3	0	0	0	0	0
/Volumes/GigiMurin/plip/polyketide/BD5dmf-A-A-5DG1/report.txt	10	3	0	1	0	0	0
/Volumes/GigiMurin/plip/polyketide/BD5dp0-A-A-5ES1/report.txt	7	3	0	1	0	0	0
/Volumes/GigiMurin/plip/polyketide/BD5dtv-A-A-5FS1/report.txt	6	2	0	1	0	0	0
/Volumes/GigiMurin/plip/polyketide/BD5du5-A-A-5G21/report.txt	3	1	0	1	0	0	0
/Volumes/GigiMurin/plip/polyketide/BD5du5-B-B-5G21/report.txt	2	1	0	1	0	0	0
/Volumes/GigiMurin/plip/polyketide/BD5due-A-A-5FY1/report.txt	10	2	0	1	0	0	0
/Volumes/GigiMurin/plip/polyketide/BD5dug-A-A-5FV1/report.txt	8	3	0	1	0	0	0
/Volumes/GigiMurin/plip/polyketide/BD5duh-A-A-5FT1/report.txt	12	4	0	0	0	0	0
/Volumes/GigiMurin/plip/polyketide/BD5duh-B-B-5FT1/report.txt	13	3	0	0	0	0	0
/Volumes/GigiMurin/plip/polyketide/BD5edu-A-A-TSN1/report.txt	5	2	0	0	0	0	0
/Volumes/GigiMurin/plip/polyketide/BD5edu-B-B-TSN1/report.txt	6	4	0	0	0	0	0
/Volumes/GigiMurin/plip/polyketide/BD5eef-A-A-TSN1/report.txt	4	6	0	1	0	0	0
/Volumes/GigiMurin/plip/polyketide/BD5eef-B-B-TSN1/report.txt	3	6	0	0	0	0	0
/Volumes/GigiMurin/plip/polyketide/BD5eek-A-A-TSN1/report.txt	6	2	0	0	0	0	0
/Volumes/GigiMurin/plip/polyketide/BD5efk-A-A-MCM1/report.txt	0	1	0	0	0	0	0
/Volumes/GigiMurin/plip/polyketide/BD5efk-B-A-MCM1/report.txt	2	0	0	0	0	0	0
/Volumes/GigiMurin/plip/polyketide/BD5efn-A-E-MCM1/report.txt	2	0	0	0	0	0	0
/Volumes/GigiMurin/plip/polyketide/BD5efn-B-F-MCM1/report.txt	2	0	0	0	0	0	0
/Volumes/GigiMurin/plip/polyketide/BD5efn-E-E-MCM1/report.txt	0	1	0	0	0	0	0
/Volumes/GigiMurin/plip/polyketide/BD5efn-F-F-MCM1/report.txt	0	1	0	0	0	0	0
/Volumes/GigiMurin/plip/polyketide/BD5en3-A-A-7LU1/report.txt	2	0	0	0	0	0	0
/Volumes/GigiMurin/plip/polyketide/BD5ent-C-C-MIY1/report.txt	2	3	0	0	0	0	0
/Volumes/GigiMurin/plip/polyketide/BD5eqi-A-A-5RH1/report.txt	5	5	0	0	0	0	0
/Volumes/GigiMurin/plip/polyketide/BD5equ-A-A-5R61/report.txt	1	3	2	6	0	0	0
/Volumes/GigiMurin/plip/polyketide/BD5equ-B-B-5R61/report.txt	5	1	2	5	0	0	0
/Volumes/GigiMurin/plip/polyketide/BD5equ-C-C-5R61/report.txt	2	3	2	1	0	0	0
/Volumes/GigiMurin/plip/polyketide/BD5erl-A-A-5R61/report.txt	0	2	2	6	0	0	0
/Volumes/GigiMurin/plip/polyketide/BD5erl-C-C-5R61/report.txt	1	1	2	5	0	0	0
/Volumes/GigiMurin/plip/polyketide/BD5ewx-A-A-EYC1/report.txt	3	2	0	0	0	0	0
/Volumes/GigiMurin/plip/polyketide/BD5ewx-B-B-EYC1/report.txt	2	2	0	0	0	0	0
/Volumes/GigiMurin/plip/polyketide/BD5exo-A-A-5SY1/report.txt	0	2	3	0	1	0	0
/Volumes/GigiMurin/plip/polyketide/BD5ezp-A-A-IPJ1/report.txt	2	1	0	0	0	0	0
/Volumes/GigiMurin/plip/polyketide/BD5ezp-B-B-IPJ1/report.txt	1	0	0	0	0	0	0
/Volumes/GigiMurin/plip/polyketide/BD5ezp-B-C-IPJ1/report.txt	1	1	0	0	0	0	0
/Volumes/GigiMurin/plip/polyketide/BD5ezp-C-B-IPJ1/report.txt	3	0	0	0	0	0	0
/Volumes/GigiMurin/plip/polyketide/BD5ezp-C-C-IPJ1/report.txt	1	0	0	0	0	0	0
/Volumes/GigiMurin/plip/polyketide/BD5ezp-D-A-IPJ1/report.txt	3	2	0	0	0	0	0
/Volumes/GigiMurin/plip/polyketide/BD5ezp-E-G-IPJ1/report.txt	1	2	0	0	0	0	0
/Volumes/GigiMurin/plip/polyketide/BD5ezp-G-G-IPJ1/report.txt	4	1	0	0	0	0	0
/Volumes/GigiMurin/plip/polyketide/BD5ezp-H-F-IPJ1/report.txt	2	0	0	0	1	0	0
/Volumes/GigiMurin/plip/polyketide/BD5ezy-B-B-TAJ1/report.txt	2	0	5	0	0	0	0
/Volumes/GigiMurin/plip/polyketide/BD5f8p-A-A-FIJ1/report.txt	2	1	0	1	0	0	0
/Volumes/GigiMurin/plip/polyketide/BD5flc-B-C-RAP1/report.txt	9	0	0	0	0	0	0
/Volumes/GigiMurin/plip/polyketide/BD5flc-C-C-RAP1/report.txt	0	0	0	0	0	0	0
/Volumes/GigiMurin/plip/polyketide/BD5fli-A-A-QUE1/report.txt	4	3	0	3	0	0	0
/Volumes/GigiMurin/plip/polyketide/BD5fli-D-D-QUE1/report.txt	4	5	0	3	0	0	0
/Volumes/GigiMurin/plip/polyketide/BD5fli-F-F-QUE1/report.txt	4	5	0	2	0	0	0
/Volumes/GigiMurin/plip/polyketide/BD5fli-J-J-QUE1/report.txt	4	3	0	1	0	0	0
/Volumes/GigiMurin/plip/polyketide/BD5fli-K-K-QUE1/report.txt	4	4	0	3	0	0	0
/Volumes/GigiMurin/plip/polyketide/BD5flj-A-A-QUE1/report.txt	7	3	0	1	0	0	0
/Volumes/GigiMurin/plip/polyketide/BD5flj-C-C-QUE1/report.txt	6	5	0	2	0	0	0
/Volumes/GigiMurin/plip/polyketide/BD5flj-E-E-QUE1/report.txt	6	4	0	1	0	0	0
/Volumes/GigiMurin/plip/polyketide/BD5g0g-A-A-TSN1/report.txt	3	4	0	0	0	0	0
/Volumes/GigiMurin/plip/polyketide/BD5gmm-A-A-9491/report.txt	5	2	0	1	0	0	0
/Volumes/GigiMurin/plip/polyketide/BD5gmm-A-A-9492/report.txt	2	2	0	0	0	0	0
/Volumes/GigiMurin/plip/polyketide/BD5gmm-A-A-9493/report.txt	3	3	0	0	0	0	0
/Volumes/GigiMurin/plip/polyketide/BD5gmm-A-B-9492/report.txt	1	0	0	0	0	0	0
/Volumes/GigiMurin/plip/polyketide/BD5gmm-B-A-9492/report.txt	1	0	0	0	0	0	0
/Volumes/GigiMurin/plip/polyketide/BD5gmm-B-B-9491/report.txt	5	3	0	1	0	0	0
/Volumes/GigiMurin/plip/polyketide/BD5gmm-B-B-9493/report.txt	2	1	0	0	0	0	0
/Volumes/GigiMurin/plip/polyketide/BD5gmn-A-A-9491/report.txt	9	3	0	0	0	0	0
/Volumes/GigiMurin/plip/polyketide/BD5gn5-A-A-6XZ1/report.txt	4	5	0	1	0	0	0
/Volumes/GigiMurin/plip/polyketide/BD5gn5-B-B-6XZ1/report.txt	2	4	0	1	0	0	0
/Volumes/GigiMurin/plip/polyketide/BD5gn5-C-C-6XZ1/report.txt	2	5	0	2	0	0	0
/Volumes/GigiMurin/plip/polyketide/BD5gn5-D-D-6XZ1/report.txt	3	5	0	1	0	0	0
/Volumes/GigiMurin/plip/polyketide/BD5gn6-A-A-6Y01/report.txt	3	5	0	1	0	0	0
/Volumes/GigiMurin/plip/polyketide/BD5gn6-B-B-6Y01/report.txt	5	4	0	1	0	0	0
/Volumes/GigiMurin/plip/polyketide/BD5gn6-C-C-6Y01/report.txt	4	5	0	0	0	0	0
/Volumes/GigiMurin/plip/polyketide/BD5gn7-A-A-6XZ1/report.txt	5	4	2	0	0	0	0
/Volumes/GigiMurin/plip/polyketide/BD5gn9-A-A-6Y01/report.txt	5	2	0	0	0	0	0
/Volumes/GigiMurin/plip/polyketide/BD5gn9-B-B-6Y01/report.txt	5	3	1	0	0	0	0
/Volumes/GigiMurin/plip/polyketide/BD5gpg-A-A-RAP1/report.txt	7	6	0	0	0	0	0
/Volumes/GigiMurin/plip/polyketide/BD5gpg-B-A-RAP1/report.txt	13	0	0	0	0	0	0
/Volumes/GigiMurin/plip/polyketide/BD5gza-A-A-ZZ11/report.txt	1	1	0	0	0	0	0
/Volumes/GigiMurin/plip/polyketide/BD5h4d-C-C-MCM1/report.txt	0	1	0	0	0	0	0
/Volumes/GigiMurin/plip/polyketide/BD5h4d-D-D-MCM1/report.txt	0	1	0	0	0	0	0
/Volumes/GigiMurin/plip/polyketide/BD5hbm-A-A-F951/report.txt	0	3	0	0	0	0	0
/Volumes/GigiMurin/plip/polyketide/BD5hkg-A-A-RAP1/report.txt	11	5	0	0	0	0	0
/Volumes/GigiMurin/plip/polyketide/BD5hrv-A-A-64C1/report.txt	4	1	0	2	0	0	0
/Volumes/GigiMurin/plip/polyketide/BD5hrw-A-A-64E1/report.txt	5	1	0	2	0	0	0
/Volumes/GigiMurin/plip/polyketide/BD5hrw-B-A-64E1/report.txt	1	0	0	0	0	0	0
/Volumes/GigiMurin/plip/polyketide/BD5hrx-A-A-64F1/report.txt	5	1	0	1	0	0	0
/Volumes/GigiMurin/plip/polyketide/BD5hrx-B-A-64F1/report.txt	1	0	0	0	0	0	0
/Volumes/GigiMurin/plip/polyketide/BD5hua-A-A-FK51/report.txt	9	6	0	0	0	0	0
/Volumes/GigiMurin/plip/polyketide/BD5hv1-A-A-RFP1/report.txt	6	2	0	0	0	0	0
/Volumes/GigiMurin/plip/polyketide/BD5hw8-A-A-FK51/report.txt	8	4	0	0	0	0	0
/Volumes/GigiMurin/plip/polyketide/BD5hw8-B-E-FK51/report.txt	2	0	0	0	0	0	0
/Volumes/GigiMurin/plip/polyketide/BD5hw8-B-F-FK51/report.txt	0	1	0	0	0	0	0
/Volumes/GigiMurin/plip/polyketide/BD5hw8-B-G-FK51/report.txt	1	0	0	0	0	0	0
/Volumes/GigiMurin/plip/polyketide/BD5hw8-D-A-FK51/report.txt	2	0	0	0	0	0	0
/Volumes/GigiMurin/plip/polyketide/BD5hw8-D-B-FK51/report.txt	1	0	0	0	0	0	0
/Volumes/GigiMurin/plip/polyketide/BD5hw8-D-E-FK51/report.txt	0	1	0	0	0	0	0
/Volumes/GigiMurin/plip/polyketide/BD5hw8-E-D-FK51/report.txt	0	1	0	0	0	0	0
/Volumes/GigiMurin/plip/polyketide/BD5hw8-F-B-FK51/report.txt	0	1	0	0	0	0	0
/Volumes/GigiMurin/plip/polyketide/BD5hw8-F-F-FK51/report.txt	8	5	0	0	0	0	0
/Volumes/GigiMurin/plip/polyketide/BD5hw8-H-C-FK51/report.txt	1	0	0	0	0	0	0
/Volumes/GigiMurin/plip/polyketide/BD5hwc-A-A-FK51/report.txt	12	5	0	0	0	0	0
/Volumes/GigiMurin/plip/polyketide/BD5hxc-A-A-MYC1/report.txt	4	0	0	0	0	0	0
/Volumes/GigiMurin/plip/polyketide/BD5hxc-A-A-MYC2/report.txt	2	0	0	0	0	0	0
/Volumes/GigiMurin/plip/polyketide/BD5hxc-A-A-MYC3/report.txt	4	0	0	0	0	0	0
/Volumes/GigiMurin/plip/polyketide/BD5hxc-A-A-MYC4/report.txt	3	0	0	0	0	0	0
/Volumes/GigiMurin/plip/polyketide/BD5i03-A-A-NEZ1/report.txt	6	3	2	2	0	0	0
/Volumes/GigiMurin/plip/polyketide/BD5i06-A-A-E891/report.txt	2	3	2	2	0	0	0
/Volumes/GigiMurin/plip/polyketide/BD5i07-A-A-NE81/report.txt	4	4	2	0	0	0	0
/Volumes/GigiMurin/plip/polyketide/BD5i2h-A-A-AGI1/report.txt	4	4	0	0	0	0	0
/Volumes/GigiMurin/plip/polyketide/BD5i2h-A-B-AGI1/report.txt	0	1	0	0	0	0	0
/Volumes/GigiMurin/plip/polyketide/BD5i2h-B-A-AGI1/report.txt	0	1	0	0	0	0	0
/Volumes/GigiMurin/plip/polyketide/BD5ibd-A-A-GGJ1/report.txt	8	2	0	0	0	0	0
/Volumes/GigiMurin/plip/polyketide/BD5ibe-A-A-69M1/report.txt	7	2	0	0	0	0	0
/Volumes/GigiMurin/plip/polyketide/BD5ibg-A-A-69S1/report.txt	9	5	0	1	0	0	0
/Volumes/GigiMurin/plip/polyketide/BD5ibg-A-A-69S2/report.txt	4	2	0	0	0	0	0
/Volumes/GigiMurin/plip/polyketide/BD5ie4-A-A-36J1/report.txt	6	2	0	1	0	0	0
/Volumes/GigiMurin/plip/polyketide/BD5ie5-A-A-36J1/report.txt	6	2	1	1	0	0	0
/Volumes/GigiMurin/plip/polyketide/BD5ie6-A-A-ZHB1/report.txt	7	3	0	1	0	0	0
/Volumes/GigiMurin/plip/polyketide/BD5ie7-A-A-ZHB1/report.txt	6	3	0	0	0	0	0
/Volumes/GigiMurin/plip/polyketide/BD5ie7-B-B-ZHB1/report.txt	7	4	0	0	0	0	0
/Volumes/GigiMurin/plip/polyketide/BD5igj-A-A-CTY1/report.txt	8	0	1	0	0	0	0
/Volumes/GigiMurin/plip/polyketide/BD5igp-A-A-ERY1/report.txt	6	1	1	0	0	0	0
/Volumes/GigiMurin/plip/polyketide/BD5igt-A-A-ERY1/report.txt	7	0	1	0	0	0	0
/Volumes/GigiMurin/plip/polyketide/BD5igw-A-A-CTY1/report.txt	7	2	3	0	0	0	0
/Volumes/GigiMurin/plip/polyketide/BD5igy-A-A-ERY1/report.txt	9	4	2	0	0	0	0
/Volumes/GigiMurin/plip/polyketide/BD5igz-A-A-SPR1/report.txt	5	5	1	0	0	0	0
/Volumes/GigiMurin/plip/polyketide/BD5ih0-A-A-ERY1/report.txt	8	4	3	0	0	0	0
/Volumes/GigiMurin/plip/polyketide/BD5ihh-A-A-6B51/report.txt	1	1	0	0	0	0	0
/Volumes/GigiMurin/plip/polyketide/BD5ii1-A-A-6BL1/report.txt	5	1	0	2	0	0	0
/Volumes/GigiMurin/plip/polyketide/BD5ii2-A-A-LU21/report.txt	4	3	0	1	0	0	0
/Volumes/GigiMurin/plip/polyketide/BD5ii2-A-B-LU21/report.txt	1	0	0	0	0	0	0
/Volumes/GigiMurin/plip/polyketide/BD5ii2-B-A-LU21/report.txt	1	0	0	0	0	0	0
/Volumes/GigiMurin/plip/polyketide/BD5iid-A-A-6BK1/report.txt	6	2	0	1	0	0	0
/Volumes/GigiMurin/plip/polyketide/BD5iid-A-B-6BK1/report.txt	0	2	0	0	0	0	0
/Volumes/GigiMurin/plip/polyketide/BD5iid-B-A-6BK1/report.txt	1	0	0	0	0	0	0
/Volumes/GigiMurin/plip/polyketide/BD5iid-B-B-6BK1/report.txt	7	2	0	1	0	0	0
/Volumes/GigiMurin/plip/polyketide/BD5ik5-A-A-4MU1/report.txt	1	0	0	0	0	0	0
/Volumes/GigiMurin/plip/polyketide/BD5ik8-B-B-4MU1/report.txt	0	0	0	0	0	0	0
/Volumes/GigiMurin/plip/polyketide/BD5iwu-A-A-ERY1/report.txt	6	5	3	0	0	0	0
/Volumes/GigiMurin/plip/polyketide/BD5j1a-A-A-6F81/report.txt	9	1	0	0	0	0	0
/Volumes/GigiMurin/plip/polyketide/BD5j54-A-A-STL1/report.txt	3	4	0	2	0	0	0
/Volumes/GigiMurin/plip/polyketide/BD5jcj-A-A-6JM1/report.txt	3	3	0	3	0	0	0
/Volumes/GigiMurin/plip/polyketide/BD5jcx-A-A-CC61/report.txt	1	3	0	4	0	0	0
/Volumes/GigiMurin/plip/polyketide/BD5jcx-B-B-CC61/report.txt	3	3	0	4	0	0	0
/Volumes/GigiMurin/plip/polyketide/BD5jdc-A-A-6JP1/report.txt	1	3	0	1	0	0	0
/Volumes/GigiMurin/plip/polyketide/BD5jdi-A-A-6JO1/report.txt	4	5	0	4	0	0	0
/Volumes/GigiMurin/plip/polyketide/BD5jdi-B-B-6JO1/report.txt	5	5	0	3	0	0	0
/Volumes/GigiMurin/plip/polyketide/BD5jmm-A-A-QSO1/report.txt	3	2	0	1	0	0	0
/Volumes/GigiMurin/plip/polyketide/BD5jmm-B-B-QSO1/report.txt	3	2	0	1	0	0	0
/Volumes/GigiMurin/plip/polyketide/BD5jq7-A-B-T0R1/report.txt	8	12	1	0	0	0	0
/Volumes/GigiMurin/plip/polyketide/BD5jq7-B-B-T0R1/report.txt	5	0	0	0	0	0	0
/Volumes/GigiMurin/plip/polyketide/BD5jr3-A-A-4MU1/report.txt	4	0	1	1	0	0	0
/Volumes/GigiMurin/plip/polyketide/BD5jr3-C-C-4MU1/report.txt	3	1	1	1	0	0	0
/Volumes/GigiMurin/plip/polyketide/BD5jvd-A-B-6NL1/report.txt	0	2	0	0	0	0	0
/Volumes/GigiMurin/plip/polyketide/BD5jvd-B-B-6NL1/report.txt	8	1	0	0	0	0	0
/Volumes/GigiMurin/plip/polyketide/BD5k6a-A-A-6QT1/report.txt	4	3	0	3	0	0	0
/Volumes/GigiMurin/plip/polyketide/BD5kcc-A-A-OB11/report.txt	7	3	0	1	0	0	0
/Volumes/GigiMurin/plip/polyketide/BD5kce-A-A-OB31/report.txt	10	2	0	1	0	0	0
/Volumes/GigiMurin/plip/polyketide/BD5kcu-A-A-OB81/report.txt	10	3	0	3	0	0	0
/Volumes/GigiMurin/plip/polyketide/BD5kcu-B-B-OB81/report.txt	8	3	0	1	0	0	0
/Volumes/GigiMurin/plip/polyketide/BD5kd9-A-A-OBT1/report.txt	6	4	0	1	0	0	0
/Volumes/GigiMurin/plip/polyketide/BD5kda-A-A-GEN1/report.txt	4	2	0	0	0	0	0
/Volumes/GigiMurin/plip/polyketide/BD5kir-A-A-RCX1/report.txt	6	0	0	0	0	0	0
/Volumes/GigiMurin/plip/polyketide/BD5kmg-B-B-POU1/report.txt	4	3	1	0	0	0	0
/Volumes/GigiMurin/plip/polyketide/BD5kox-A-A-RFP1/report.txt	8	5	1	0	0	0	0
/Volumes/GigiMurin/plip/polyketide/BD5kr9-A-A-CUE1/report.txt	6	5	0	2	0	0	0
/Volumes/GigiMurin/plip/polyketide/BD5krc-A-A-ZER1/report.txt	5	2	0	0	0	0	0
/Volumes/GigiMurin/plip/polyketide/BD5krj-A-A-6WP1/report.txt	12	2	0	1	0	0	0
/Volumes/GigiMurin/plip/polyketide/BD5kth-A-A-6X71/report.txt	1	0	0	0	0	0	0
/Volumes/GigiMurin/plip/polyketide/BD5kth-A-A-6X72/report.txt	0	0	0	0	0	0	0
/Volumes/GigiMurin/plip/polyketide/BD5l13-A-A-6ZE1/report.txt	8	3	0	3	0	0	0
/Volumes/GigiMurin/plip/polyketide/BD5l13-B-B-6ZE1/report.txt	8	2	0	2	0	0	0
/Volumes/GigiMurin/plip/polyketide/BD5l13-C-C-6ZE1/report.txt	11	2	0	1	0	0	0
/Volumes/GigiMurin/plip/polyketide/BD5l13-E-E-6ZE1/report.txt	4	0	0	3	0	0	0
/Volumes/GigiMurin/plip/polyketide/BD5l13-F-F-6ZE1/report.txt	6	3	0	2	0	0	0
/Volumes/GigiMurin/plip/polyketide/BD5l13-G-G-6ZE1/report.txt	7	2	0	2	0	0	0
/Volumes/GigiMurin/plip/polyketide/BD5l13-H-H-6ZE1/report.txt	8	3	0	2	0	0	0
/Volumes/GigiMurin/plip/polyketide/BD5l2m-A-A-6ZY1/report.txt	6	0	0	2	0	0	0
/Volumes/GigiMurin/plip/polyketide/BD5l2n-A-A-6ZU1/report.txt	4	0	0	3	0	0	0
/Volumes/GigiMurin/plip/polyketide/BD5l2o-A-A-6ZW1/report.txt	5	0	0	0	0	0	0
/Volumes/GigiMurin/plip/polyketide/BD5l4n-A-A-6QT1/report.txt	4	1	0	1	0	0	0
/Volumes/GigiMurin/plip/polyketide/BD5lni-A-A-07L1/report.txt	1	2	0	0	0	0	0
/Volumes/GigiMurin/plip/polyketide/BD5lni-A-A-07L2/report.txt	1	0	1	0	0	0	0
/Volumes/GigiMurin/plip/polyketide/BD5lnj-A-A-07L1/report.txt	1	0	2	0	0	0	0
/Volumes/GigiMurin/plip/polyketide/BD5lyj-A-B-7BA1/report.txt	0	2	0	0	0	0	0
/Volumes/GigiMurin/plip/polyketide/BD5lyj-B-B-7BA1/report.txt	6	0	0	0	0	0	0
/Volumes/GigiMurin/plip/polyketide/BD5lyj-D-D-7BA1/report.txt	5	0	0	0	0	0	0
/Volumes/GigiMurin/plip/polyketide/BD5m4f-A-A-7FC1/report.txt	8	4	1	0	0	0	0
/Volumes/GigiMurin/plip/polyketide/BD5m4i-A-A-7FC1/report.txt	9	6	0	0	0	0	0
/Volumes/GigiMurin/plip/polyketide/BD5m4u-A-A-7FC1/report.txt	9	3	1	0	0	1	0
/Volumes/GigiMurin/plip/polyketide/BD5m56-A-A-7FC1/report.txt	8	3	1	0	0	0	0
/Volumes/GigiMurin/plip/polyketide/BD5m56-B-B-7FC1/report.txt	7	4	1	0	0	0	0
/Volumes/GigiMurin/plip/polyketide/BD5m9x-B-B-7KP1/report.txt	3	14	0	0	0	0	0
/Volumes/GigiMurin/plip/polyketide/BD5mf4-B-B-7LZ1/report.txt	10	4	0	0	0	0	0
/Volumes/GigiMurin/plip/polyketide/BD5mf4-D-D-7LZ1/report.txt	6	4	0	0	0	0	0
/Volumes/GigiMurin/plip/polyketide/BD5mns-A-A-DEB1/report.txt	6	0	0	0	0	0	0
/Volumes/GigiMurin/plip/polyketide/BD5mns-D-D-DEB1/report.txt	7	0	0	0	0	0	0
/Volumes/GigiMurin/plip/polyketide/BD5mnv-A-A-DEB1/report.txt	7	0	0	0	0	0	0
/Volumes/GigiMurin/plip/polyketide/BD5mnv-B-B-DEB1/report.txt	5	0	0	0	0	0	0
/Volumes/GigiMurin/plip/polyketide/BD5mnv-C-C-DEB1/report.txt	6	0	0	0	0	0	0
/Volumes/GigiMurin/plip/polyketide/BD5mnv-E-E-DEB1/report.txt	6	2	0	0	0	0	0
/Volumes/GigiMurin/plip/polyketide/BD5mnv-H-H-DEB1/report.txt	7	0	0	0	0	0	0
/Volumes/GigiMurin/plip/polyketide/BD5mnv-I-I-DEB1/report.txt	5	1	0	0	0	0	0
/Volumes/GigiMurin/plip/polyketide/BD5mnw-A-A-Z901/report.txt	14	5	2	0	1	0	0
/Volumes/GigiMurin/plip/polyketide/BD5mra-B-B-DM21/report.txt	1	2	0	0	0	0	0
/Volumes/GigiMurin/plip/polyketide/BD5n1w-A-D-8HB1/report.txt	5	11	1	0	2	0	0
/Volumes/GigiMurin/plip/polyketide/BD5n1w-C-C-8HB1/report.txt	0	0	0	0	0	0	0
/Volumes/GigiMurin/plip/polyketide/BD5n1w-D-D-8HB1/report.txt	0	0	0	0	0	0	0
/Volumes/GigiMurin/plip/polyketide/BD5n22-A-E-8HB1/report.txt	2	13	1	0	2	0	0
/Volumes/GigiMurin/plip/polyketide/BD5n22-A-J-8HB1/report.txt	0	0	1	0	0	0	0
/Volumes/GigiMurin/plip/polyketide/BD5n22-B-E-8HB1/report.txt	0	0	1	0	0	0	0
/Volumes/GigiMurin/plip/polyketide/BD5n22-E-E-8HB1/report.txt	0	0	0	0	0	0	0
/Volumes/GigiMurin/plip/polyketide/BD5n22-G-G-8HB1/report.txt	0	0	0	0	0	0	0
/Volumes/GigiMurin/plip/polyketide/BD5n22-J-J-8HB1/report.txt	0	0	0	0	0	0	0
/Volumes/GigiMurin/plip/polyketide/BD5n22-L-L-8HB1/report.txt	0	0	0	0	0	0	0
/Volumes/GigiMurin/plip/polyketide/BD5n3w-A-A-8KW1/report.txt	6	4	0	1	0	0	0
/Volumes/GigiMurin/plip/polyketide/BD5nbn-C-C-LAR1/report.txt	4	4	1	0	0	0	0
/Volumes/GigiMurin/plip/polyketide/BD5nbn-D-D-LAR1/report.txt	1	4	1	0	0	0	0
/Volumes/GigiMurin/plip/polyketide/BD5ndf-A-A-LU21/report.txt	4	3	0	2	0	0	0
/Volumes/GigiMurin/plip/polyketide/BD5ndf-B-A-LU21/report.txt	1	0	0	0	0	0	0
/Volumes/GigiMurin/plip/polyketide/BD5ndf-B-B-LU21/report.txt	5	0	0	0	0	0	0
/Volumes/GigiMurin/plip/polyketide/BD5ndx-A-A-8U81/report.txt	2	10	4	0	0	0	0
/Volumes/GigiMurin/plip/polyketide/BD5ndx-A-A-8U82/report.txt	8	3	0	2	0	0	0
/Volumes/GigiMurin/plip/polyketide/BD5ng1-D-D-ZPN1/report.txt	10	3	1	0	0	0	0
/Volumes/GigiMurin/plip/polyketide/BD5nzl-A-A-STL1/report.txt	3	4	0	0	0	0	0
/Volumes/GigiMurin/plip/polyketide/BD5oax-A-A-9Q51/report.txt	2	5	0	0	0	0	0
/Volumes/GigiMurin/plip/polyketide/BD5oc0-A-A-37X1/report.txt	2	1	0	0	0	0	0
/Volumes/GigiMurin/plip/polyketide/BD5od1-A-A-9RQ1/report.txt	8	2	1	0	1	0	0
/Volumes/GigiMurin/plip/polyketide/BD5ody-A-A-9SK1/report.txt	1	7	0	1	1	0	0
/Volumes/GigiMurin/plip/polyketide/BD5ofi-A-A-9TQ1/report.txt	2	5	0	0	0	0	0
/Volumes/GigiMurin/plip/polyketide/BD5ofi-B-B-9TQ1/report.txt	0	5	0	0	0	0	0
/Volumes/GigiMurin/plip/polyketide/BD5om2-B-B-DXT1/report.txt	5	2	0	1	0	0	0
/Volumes/GigiMurin/plip/polyketide/BD5om3-B-B-DXT1/report.txt	4	1	0	0	0	0	0
/Volumes/GigiMurin/plip/polyketide/BD5om7-A-A-DM21/report.txt	2	4	0	2	0	0	0
/Volumes/GigiMurin/plip/polyketide/BD5om7-B-A-DM21/report.txt	2	1	0	3	0	0	0
/Volumes/GigiMurin/plip/polyketide/BD5ooc-A-A-9ZK1/report.txt	3	0	0	0	0	0	0
/Volumes/GigiMurin/plip/polyketide/BD5ooc-A-A-9ZK2/report.txt	3	2	0	0	0	0	0
/Volumes/GigiMurin/plip/polyketide/BD5ood-A-A-9ZK1/report.txt	2	0	0	0	0	0	0
/Volumes/GigiMurin/plip/polyketide/BD5ood-A-A-9ZK2/report.txt	4	1	0	0	0	0	0
/Volumes/GigiMurin/plip/polyketide/BD5owe-A-A-B0E1/report.txt	6	1	0	1	0	0	0
/Volumes/GigiMurin/plip/polyketide/BD5pzk-A-A-2N51/report.txt	6	4	0	0	0	0	0
/Volumes/GigiMurin/plip/polyketide/BD5pzm-B-B-8XS1/report.txt	5	3	0	1	0	0	0
/Volumes/GigiMurin/plip/polyketide/BD5pzn-A-A-8XP1/report.txt	9	2	0	1	0	0	0
/Volumes/GigiMurin/plip/polyketide/BD5pzo-A-A-8XM1/report.txt	6	3	0	0	0	0	0
/Volumes/GigiMurin/plip/polyketide/BD5pzo-B-B-8XM1/report.txt	7	2	0	1	0	0	0
/Volumes/GigiMurin/plip/polyketide/BD5pzp-A-A-8XJ1/report.txt	12	2	0	1	0	1	0
/Volumes/GigiMurin/plip/polyketide/BD5pzp-B-B-8XJ1/report.txt	11	3	0	0	0	1	0
/Volumes/GigiMurin/plip/polyketide/BD5q1q-A-A-AWS1/report.txt	0	0	0	0	0	0	0
/Volumes/GigiMurin/plip/polyketide/BD5qcg-A-A-BJJ1/report.txt	4	1	0	1	0	0	0
/Volumes/GigiMurin/plip/polyketide/BD5qcg-A-B-BJJ1/report.txt	2	0	0	0	0	0	0
/Volumes/GigiMurin/plip/polyketide/BD5qcg-B-A-BJJ1/report.txt	2	0	0	0	0	0	0
/Volumes/GigiMurin/plip/polyketide/BD5qcg-B-B-BJJ1/report.txt	4	2	0	1	1	0	0
/Volumes/GigiMurin/plip/polyketide/BD5qd8-A-A-E6V1/report.txt	13	8	0	0	0	0	0
/Volumes/GigiMurin/plip/polyketide/BD5qdg-A-A-AWS1/report.txt	0	0	0	0	0	0	0
/Volumes/GigiMurin/plip/polyketide/BD5qj0-A-A-J6D1/report.txt	9	2	0	1	0	0	0
/Volumes/GigiMurin/plip/polyketide/BD5qj1-A-A-J6J1/report.txt	10	3	0	0	0	0	0
/Volumes/GigiMurin/plip/polyketide/BD5qok-A-A-AWS1/report.txt	3	1	1	0	0	0	0
/Volumes/GigiMurin/plip/polyketide/BD5rt5-A-A-07L1/report.txt	3	0	0	1	0	0	0
/Volumes/GigiMurin/plip/polyketide/BD5rvj-A-A-4JQ1/report.txt	1	2	0	1	0	0	0
/Volumes/GigiMurin/plip/polyketide/BD5syc-B-B-POU1/report.txt	4	5	1	0	0	0	0
/Volumes/GigiMurin/plip/polyketide/BD5sye-B-B-POU1/report.txt	5	5	1	0	0	0	0
/Volumes/GigiMurin/plip/polyketide/BD5syg-B-B-ZPN1/report.txt	10	0	1	0	0	0	0
/Volumes/GigiMurin/plip/polyketide/BD5t1z-A-A-Q971/report.txt	12	3	0	1	0	0	0
/Volumes/GigiMurin/plip/polyketide/BD5tlx-A-A-7G51/report.txt	0	0	0	0	0	0	0
/Volumes/GigiMurin/plip/polyketide/BD5tlx-A-A-7G52/report.txt	0	0	0	0	0	0	0
/Volumes/GigiMurin/plip/polyketide/BD5tlx-B-B-7G51/report.txt	0	0	0	0	0	0	0
/Volumes/GigiMurin/plip/polyketide/BD5tly-A-A-7ER1/report.txt	5	2	0	1	0	0	0
/Volumes/GigiMurin/plip/polyketide/BD5tmw-A-A-7FP1/report.txt	10	4	0	1	0	0	0
/Volumes/GigiMurin/plip/polyketide/BD5tnb-A-A-7EB1/report.txt	6	3	1	0	0	0	0
/Volumes/GigiMurin/plip/polyketide/BD5tnb-B-B-7EB1/report.txt	6	3	1	0	0	0	0
/Volumes/GigiMurin/plip/polyketide/BD5tnb-D-D-7EB1/report.txt	6	2	1	0	0	0	0
/Volumes/GigiMurin/plip/polyketide/BD5tne-A-A-7F61/report.txt	0	0	0	0	0	0	0
/Volumes/GigiMurin/plip/polyketide/BD5tui-B-B-CTC1/report.txt	1	4	0	0	0	0	0
/Volumes/GigiMurin/plip/polyketide/BD5u09-A-A-7DY1/report.txt	9	2	0	0	0	0	0
/Volumes/GigiMurin/plip/polyketide/BD5u2d-A-A-OBH1/report.txt	11	2	0	1	0	0	0
/Volumes/GigiMurin/plip/polyketide/BD5u48-A-A-S4B1/report.txt	3	1	0	0	0	0	0
/Volumes/GigiMurin/plip/polyketide/BD5u48-B-B-S4B1/report.txt	2	2	0	0	0	0	0
/Volumes/GigiMurin/plip/polyketide/BD5u4a-A-A-7VG1/report.txt	4	2	0	0	0	0	0
/Volumes/GigiMurin/plip/polyketide/BD5u4b-A-A-XOS1/report.txt	3	2	1	0	0	0	0
/Volumes/GigiMurin/plip/polyketide/BD5u4c-A-A-XBS1/report.txt	3	1	0	0	0	0	0
/Volumes/GigiMurin/plip/polyketide/BD5u4c-B-B-XBS1/report.txt	3	1	0	0	0	0	0
/Volumes/GigiMurin/plip/polyketide/BD5u4f-A-A-IWW1/report.txt	3	1	0	0	0	0	0
/Volumes/GigiMurin/plip/polyketide/BD5u4f-B-B-IWW1/report.txt	4	0	0	0	0	0	0
/Volumes/GigiMurin/plip/polyketide/BD5u8z-A-A-83D1/report.txt	6	2	0	1	1	0	0
/Volumes/GigiMurin/plip/polyketide/BD5u90-A-A-STL1/report.txt	4	2	0	2	0	0	0
/Volumes/GigiMurin/plip/polyketide/BD5u90-A-A-STL2/report.txt	5	1	0	0	0	0	0
/Volumes/GigiMurin/plip/polyketide/BD5u90-A-A-STL3/report.txt	1	1	0	0	0	0	0
/Volumes/GigiMurin/plip/polyketide/BD5u90-A-A-STL4/report.txt	3	0	0	0	0	0	0
/Volumes/GigiMurin/plip/polyketide/BD5u90-C-C-STL2/report.txt	1	0	0	0	0	0	0
/Volumes/GigiMurin/plip/polyketide/BD5u90-D-D-STL2/report.txt	6	1	0	0	0	0	0
/Volumes/GigiMurin/plip/polyketide/BD5u90-D-D-STL3/report.txt	1	0	0	0	0	0	0
/Volumes/GigiMurin/plip/polyketide/BD5u97-A-A-PIT1/report.txt	3	3	0	2	0	0	0
/Volumes/GigiMurin/plip/polyketide/BD5u97-A-A-PIT2/report.txt	5	0	0	0	0	0	0
/Volumes/GigiMurin/plip/polyketide/BD5u97-A-A-PIT3/report.txt	5	2	0	0	0	0	0
/Volumes/GigiMurin/plip/polyketide/BD5u97-D-D-PIT2/report.txt	4	0	0	0	0	0	0
/Volumes/GigiMurin/plip/polyketide/BD5u97-D-D-PIT3/report.txt	4	4	0	0	1	0	0
/Volumes/GigiMurin/plip/polyketide/BD5uac-C-C-RFP1/report.txt	4	7	0	0	0	0	0
/Volumes/GigiMurin/plip/polyketide/BD5uah-C-C-RFP1/report.txt	5	8	0	0	0	0	0
/Volumes/GigiMurin/plip/polyketide/BD5ual-C-C-RFP1/report.txt	4	5	0	0	0	0	0
/Volumes/GigiMurin/plip/polyketide/BD5uh6-C-C-RFP1/report.txt	5	8	0	0	0	0	0
/Volumes/GigiMurin/plip/polyketide/BD5uhb-C-C-RFP1/report.txt	4	7	0	0	0	0	0
/Volumes/GigiMurin/plip/polyketide/BD5uhc-C-C-RFP1/report.txt	4	7	0	0	0	0	0
/Volumes/GigiMurin/plip/polyketide/BD5uhc-F-C-RFP1/report.txt	1	0	2	0	0	0	0
/Volumes/GigiMurin/plip/polyketide/BD5uhd-C-C-RFP1/report.txt	4	9	0	0	0	0	0
/Volumes/GigiMurin/plip/polyketide/BD5uhg-C-C-RFP1/report.txt	4	8	0	0	0	0	0
/Volumes/GigiMurin/plip/polyketide/BD5unv-A-A-8J71/report.txt	4	1	0	0	0	0	0
/Volumes/GigiMurin/plip/polyketide/BD5unw-A-A-8F71/report.txt	3	2	0	0	0	0	0
/Volumes/GigiMurin/plip/polyketide/BD5unw-B-B-8F71/report.txt	5	3	0	0	0	0	0
/Volumes/GigiMurin/plip/polyketide/BD5uqt-A-B-AGI1/report.txt	1	1	0	0	0	0	0
/Volumes/GigiMurin/plip/polyketide/BD5v3x-A-A-I281/report.txt	8	0	1	1	0	0	0
/Volumes/GigiMurin/plip/polyketide/BD5v3y-A-A-5V81/report.txt	7	2	1	2	0	0	0
/Volumes/GigiMurin/plip/polyketide/BD5v40-A-A-JS11/report.txt	6	0	1	1	0	0	0
/Volumes/GigiMurin/plip/polyketide/BD5v40-B-B-JS11/report.txt	6	1	1	1	0	0	0
/Volumes/GigiMurin/plip/polyketide/BD5v41-A-A-J241/report.txt	6	0	1	1	0	0	0
/Volumes/GigiMurin/plip/polyketide/BD5v42-A-A-I661/report.txt	9	0	1	1	0	0	0
/Volumes/GigiMurin/plip/polyketide/BD5v42-B-B-I661/report.txt	9	1	1	1	0	0	0
/Volumes/GigiMurin/plip/polyketide/BD5vdh-A-A-IVM1/report.txt	4	1	0	0	0	0	0
/Volumes/GigiMurin/plip/polyketide/BD5vdh-A-E-IVM1/report.txt	5	1	0	0	0	0	0
/Volumes/GigiMurin/plip/polyketide/BD5vdh-B-B-IVM1/report.txt	4	1	0	0	0	0	0
/Volumes/GigiMurin/plip/polyketide/BD5vdh-C-B-IVM1/report.txt	5	0	0	0	0	0	0
/Volumes/GigiMurin/plip/polyketide/BD5vdi-A-A-IVM1/report.txt	4	2	0	0	0	0	0
/Volumes/GigiMurin/plip/polyketide/BD5vdi-A-E-IVM1/report.txt	3	1	0	0	0	0	0
/Volumes/GigiMurin/plip/polyketide/BD5vdi-B-B-IVM1/report.txt	3	1	0	0	0	0	0
/Volumes/GigiMurin/plip/polyketide/BD5vdi-C-B-IVM1/report.txt	5	2	0	0	0	0	0
/Volumes/GigiMurin/plip/polyketide/BD5vdi-C-C-IVM1/report.txt	3	1	0	0	0	0	0
/Volumes/GigiMurin/plip/polyketide/BD5vdi-D-C-IVM1/report.txt	5	2	0	0	0	0	0
/Volumes/GigiMurin/plip/polyketide/BD5w2e-A-A-9VY1/report.txt	12	4	0	2	0	1	0
/Volumes/GigiMurin/plip/polyketide/BD5w3h-B-B-EP1/report.txt	8	3	0	0	0	0	0
/Volumes/GigiMurin/plip/polyketide/BD5w9c-A-A-OHT1/report.txt	9	2	1	0	0	0	0
/Volumes/GigiMurin/plip/polyketide/BD5w9c-C-C-OHT1/report.txt	10	2	1	0	0	0	0
/Volumes/GigiMurin/plip/polyketide/BD5w9d-A-A-9XY1/report.txt	7	3	0	0	0	0	0
/Volumes/GigiMurin/plip/polyketide/BD5wgi-A-A-TSN1/report.txt	3	6	0	0	0	0	0
/Volumes/GigiMurin/plip/polyketide/BD5wkr-A-A-NAR1/report.txt	2	1	0	0	0	0	0
/Volumes/GigiMurin/plip/polyketide/BD5wks-A-A-NAR1/report.txt	6	1	0	0	1	0	0
/Volumes/GigiMurin/plip/polyketide/BD5wuu-A-A-7UU1/report.txt	5	3	0	0	0	0	0
/Volumes/GigiMurin/plip/polyketide/BD5xg4-U-U-QUE1/report.txt	1	4	0	0	0	0	0
/Volumes/GigiMurin/plip/polyketide/BD5xhs-A-A-MCM1/report.txt	4	1	0	0	0	0	0
/Volumes/GigiMurin/plip/polyketide/BD5xo7-A-A-36J1/report.txt	8	6	1	1	0	0	0
/Volumes/GigiMurin/plip/polyketide/BD5xo8-A-A-ZER1/report.txt	8	5	1	1	0	0	0
/Volumes/GigiMurin/plip/polyketide/BD5xo8-E-E-ZER1/report.txt	9	4	1	1	0	0	0
/Volumes/GigiMurin/plip/polyketide/BD5xoh-A-A-8B61/report.txt	3	1	1	2	0	0	0
/Volumes/GigiMurin/plip/polyketide/BD5y6k-A-A-8R61/report.txt	2	3	3	0	0	0	0
/Volumes/GigiMurin/plip/polyketide/BD5y6k-A-A-8R62/report.txt	1	1	2	0	0	0	0
/Volumes/GigiMurin/plip/polyketide/BD5yee-B-B-LAB1/report.txt	4	5	1	0	0	0	0
/Volumes/GigiMurin/plip/polyketide/BD5yk2-A-A-ERY1/report.txt	5	2	2	0	0	0	0
/Volumes/GigiMurin/plip/polyketide/BD5yl2-A-B-8WU1/report.txt	0	2	0	0	0	0	0
/Volumes/GigiMurin/plip/polyketide/BD5yl2-B-B-8WU1/report.txt	5	1	0	0	0	0	0
/Volumes/GigiMurin/plip/polyketide/BD5yun-A-D-MYC1/report.txt	1	3	0	0	0	0	0
/Volumes/GigiMurin/plip/polyketide/BD5yun-B-B-MYC1/report.txt	2	4	0	0	0	0	0
/Volumes/GigiMurin/plip/polyketide/BD5yun-D-D-MYC1/report.txt	1	2	0	0	0	0	0
/Volumes/GigiMurin/plip/polyketide/BD5yx4-A-A-HCC1/report.txt	6	3	0	0	0	0	0
/Volumes/GigiMurin/plip/polyketide/BD5z02-A-A-NUT1/report.txt	3	0	0	0	0	0	0
/Volumes/GigiMurin/plip/polyketide/BD5z1b-A-A-SE21/report.txt	2	2	0	2	0	0	0
/Volumes/GigiMurin/plip/polyketide/BD5z7j-A-A-36J1/report.txt	7	2	1	1	0	0	0
/Volumes/GigiMurin/plip/polyketide/BD5z7j-C-C-36J1/report.txt	6	6	1	1	0	0	0
/Volumes/GigiMurin/plip/polyketide/BD5z97-A-A-ZER1/report.txt	7	4	1	1	0	0	0
/Volumes/GigiMurin/plip/polyketide/BD5z97-B-B-ZER1/report.txt	5	4	1	1	0	0	0
/Volumes/GigiMurin/plip/polyketide/BD5zxf-A-A-NUT1/report.txt	3	0	0	0	0	0	0
/Volumes/GigiMurin/plip/polyketide/BD5zza-A-A-LAB1/report.txt	4	3	1	0	0	0	0
/Volumes/GigiMurin/plip/polyketide/BD5zza-A-P-LAB1/report.txt	6	0	0	0	0	0	0
/Volumes/GigiMurin/plip/polyketide/BD5zza-P-P-LAB1/report.txt	1	2	1	0	0	0	0
/Volumes/GigiMurin/plip/polyketide/BD5zzb-B-B-LAB1/report.txt	6	3	1	0	0	0	0
/Volumes/GigiMurin/plip/polyketide/BD6a60-A-A-0641/report.txt	11	1	1	0	0	0	0
/Volumes/GigiMurin/plip/polyketide/BD6ae3-A-A-MRI1/report.txt	4	4	0	0	0	0	0
/Volumes/GigiMurin/plip/polyketide/BD6ae3-A-B-MRI1/report.txt	0	1	0	0	0	0	0
/Volumes/GigiMurin/plip/polyketide/BD6ajv-A-A-HCC1/report.txt	10	3	0	0	0	0	0
/Volumes/GigiMurin/plip/polyketide/BD6ajx-A-A-HCC1/report.txt	5	2	0	0	0	0	0
/Volumes/GigiMurin/plip/polyketide/BD6ajy-A-A-A0R1/report.txt	8	2	0	0	0	0	0
/Volumes/GigiMurin/plip/polyketide/BD6akr-A-A-A0O1/report.txt	7	1	0	0	0	0	0
/Volumes/GigiMurin/plip/polyketide/BD6akr-B-B-A0O1/report.txt	6	1	0	0	0	0	0
/Volumes/GigiMurin/plip/polyketide/BD6akr-D-D-A0O1/report.txt	6	0	0	0	0	0	0
/Volumes/GigiMurin/plip/polyketide/BD6aol-A-A-VC11/report.txt	6	3	0	0	0	0	0
/Volumes/GigiMurin/plip/polyketide/BD6aom-A-A-VC51/report.txt	6	1	0	0	0	0	0
/Volumes/GigiMurin/plip/polyketide/BD6aom-B-B-VC51/report.txt	6	2	0	0	1	0	0
/Volumes/GigiMurin/plip/polyketide/BD6aws-A-A-QUE1/report.txt	5	3	0	0	0	0	0
/Volumes/GigiMurin/plip/polyketide/BD6aws-A-A-QUE2/report.txt	6	3	0	0	0	0	0
/Volumes/GigiMurin/plip/polyketide/BD6aws-A-A-QUE3/report.txt	5	1	0	0	0	0	0
/Volumes/GigiMurin/plip/polyketide/BD6aws-C-C-QUE2/report.txt	6	0	0	0	0	0	0
/Volumes/GigiMurin/plip/polyketide/BD6aws-C-C-QUE3/report.txt	3	6	0	0	0	0	0
/Volumes/GigiMurin/plip/polyketide/BD6awt-A-A-28E1/report.txt	8	2	0	1	0	0	0
/Volumes/GigiMurin/plip/polyketide/BD6awt-A-A-28E2/report.txt	3	3	0	0	0	0	0
/Volumes/GigiMurin/plip/polyketide/BD6awt-A-B-28E1/report.txt	0	1	0	0	0	0	0
/Volumes/GigiMurin/plip/polyketide/BD6awt-C-C-28E1/report.txt	7	3	0	0	0	0	0
/Volumes/GigiMurin/plip/polyketide/BD6awt-C-C-28E2/report.txt	5	6	0	1	0	0	0
/Volumes/GigiMurin/plip/polyketide/BD6awv-A-A-28E1/report.txt	4	3	0	1	0	0	0
/Volumes/GigiMurin/plip/polyketide/BD6awv-A-C-28E1/report.txt	0	1	0	0	0	0	0
/Volumes/GigiMurin/plip/polyketide/BD6awv-C-C-28E1/report.txt	3	0	0	0	0	0	0
/Volumes/GigiMurin/plip/polyketide/BD6awv-C-C-28E2/report.txt	3	3	0	0	0	0	0
/Volumes/GigiMurin/plip/polyketide/BD6ax0-A-A-28E1/report.txt	4	3	0	1	0	0	0
/Volumes/GigiMurin/plip/polyketide/BD6b1d-A-A-QUE1/report.txt	1	3	0	0	0	0	0
/Volumes/GigiMurin/plip/polyketide/BD6b1d-C-C-QUE1/report.txt	5	3	0	0	0	0	0
/Volumes/GigiMurin/plip/polyketide/BD6b89-A-A-NOV1/report.txt	5	3	0	0	0	0	0
/Volumes/GigiMurin/plip/polyketide/BD6b89-A-B-NOV1/report.txt	2	3	0	0	2	0	0
/Volumes/GigiMurin/plip/polyketide/BD6b8b-A-A-CZJ1/report.txt	2	1	0	0	0	0	0
/Volumes/GigiMurin/plip/polyketide/BD6bec-A-C-RBT1/report.txt	6	0	0	0	0	0	0
/Volumes/GigiMurin/plip/polyketide/BD6bec-B-C-RBT1/report.txt	3	0	0	0	0	0	0
/Volumes/GigiMurin/plip/polyketide/BD6bec-C-C-RBT1/report.txt	4	0	0	0	0	0	0
/Volumes/GigiMurin/plip/polyketide/BD6bed-A-C-RFP1/report.txt	6	1	0	0	0	0	0
/Volumes/GigiMurin/plip/polyketide/BD6bed-B-C-RFP1/report.txt	3	0	0	0	0	0	0
/Volumes/GigiMurin/plip/polyketide/BD6bed-C-C-RFP1/report.txt	3	0	0	0	0	0	0
/Volumes/GigiMurin/plip/polyketide/BD6bee-A-B-RXM1/report.txt	5	1	0	0	0	0	0
/Volumes/GigiMurin/plip/polyketide/BD6bee-B-B-RXM1/report.txt	3	0	0	0	0	0	0
/Volumes/GigiMurin/plip/polyketide/BD6bee-C-B-RXM1/report.txt	3	0	0	0	0	0	0
/Volumes/GigiMurin/plip/polyketide/BD6bef-A-A-3YI1/report.txt	6	1	0	0	0	0	0
/Volumes/GigiMurin/plip/polyketide/BD6bef-C-A-3YI1/report.txt	3	0	0	0	0	0	0
/Volumes/GigiMurin/plip/polyketide/BD6beh-A-A-RPT1/report.txt	6	1	0	0	0	0	0
/Volumes/GigiMurin/plip/polyketide/BD6beh-B-A-RPT1/report.txt	3	0	0	0	0	0	0
/Volumes/GigiMurin/plip/polyketide/BD6beh-C-A-RPT1/report.txt	4	0	0	0	0	0	0
/Volumes/GigiMurin/plip/polyketide/BD6brd-A-A-RFP1/report.txt	6	4	1	0	0	0	0
/Volumes/GigiMurin/plip/polyketide/BD6brd-B-B-RFP1/report.txt	3	2	1	0	0	0	0
/Volumes/GigiMurin/plip/polyketide/BD6brd-C-C-RFP1/report.txt	5	2	1	0	0	0	0
/Volumes/GigiMurin/plip/polyketide/BD6bzo-C-C-FI81/report.txt	3	4	0	0	0	0	0
/Volumes/GigiMurin/plip/polyketide/BD6bzo-D-C-FI81/report.txt	1	2	4	0	1	0	0
/Volumes/GigiMurin/plip/polyketide/BD6c06-C-D-FI81/report.txt	1	4	0	0	0	0	0
/Volumes/GigiMurin/plip/polyketide/BD6c06-D-D-FI81/report.txt	0	4	5	0	0	0	0
/Volumes/GigiMurin/plip/polyketide/BD6c42-A-A-85M1/report.txt	7	3	1	0	0	0	0
/Volumes/GigiMurin/plip/polyketide/BD6c42-B-B-85M1/report.txt	5	3	1	0	0	0	0
/Volumes/GigiMurin/plip/polyketide/BD6c7s-A-A-RFH1/report.txt	10	5	1	0	0	0	0
/Volumes/GigiMurin/plip/polyketide/BD6ccv-C-C-RFP1/report.txt	3	7	0	0	0	0	0
/Volumes/GigiMurin/plip/polyketide/BD6cdj-A-A-GR81/report.txt	6	4	0	0	0	0	0
/Volumes/GigiMurin/plip/polyketide/BD6cdj-B-A-GR81/report.txt	2	1	0	0	0	0	0
/Volumes/GigiMurin/plip/polyketide/BD6cdl-A-B-GR51/report.txt	6	4	0	0	0	0	0
/Volumes/GigiMurin/plip/polyketide/BD6cdl-B-B-GR51/report.txt	4	3	0	0	0	0	0
/Volumes/GigiMurin/plip/polyketide/BD6cp5-M-N-EFO1/report.txt	5	0	0	0	0	0	0
/Volumes/GigiMurin/plip/polyketide/BD6cp5-N-N-EFO1/report.txt	2	0	0	0	0	0	0
/Volumes/GigiMurin/plip/polyketide/BD6cp5-O-N-EFO2/report.txt	2	0	0	0	0	0	0
/Volumes/GigiMurin/plip/polyketide/BD6cp5-O-O-EFO1/report.txt	1	0	0	0	0	0	0
/Volumes/GigiMurin/plip/polyketide/BD6cp5-P-O-EFO1/report.txt	3	0	0	0	0	0	0
/Volumes/GigiMurin/plip/polyketide/BD6cp5-P-P-EFO1/report.txt	5	0	0	0	0	0	0
/Volumes/GigiMurin/plip/polyketide/BD6cp5-Q-P-EFO1/report.txt	1	0	0	0	0	0	0
/Volumes/GigiMurin/plip/polyketide/BD6czn-A-A-FNJ1/report.txt	12	3	0	0	0	0	0
/Volumes/GigiMurin/plip/polyketide/BD6d0f-A-A-FYS1/report.txt	10	3	0	0	0	0	0
/Volumes/GigiMurin/plip/polyketide/BD6d15-A-A-TWB1/report.txt	0	10	1	0	0	0	0
/Volumes/GigiMurin/plip/polyketide/BD6d15-A-A-TWB2/report.txt	3	0	0	0	0	0	0
/Volumes/GigiMurin/plip/polyketide/BD6d16-A-A-FUJ1/report.txt	1	9	0	2	0	0	0
/Volumes/GigiMurin/plip/polyketide/BD6d17-A-A-VKE1/report.txt	1	10	1	2	0	0	0
/Volumes/GigiMurin/plip/polyketide/BD6d18-A-A-GTV1/report.txt	2	9	0	2	0	0	0
/Volumes/GigiMurin/plip/polyketide/BD6d18-A-A-GTV2/report.txt	2	0	0	2	0	0	0
/Volumes/GigiMurin/plip/polyketide/BD6d18-A-A-GTV3/report.txt	5	2	0	0	1	0	0
/Volumes/GigiMurin/plip/polyketide/BD6d19-A-A-YKG1/report.txt	1	9	0	2	0	1	0
/Volumes/GigiMurin/plip/polyketide/BD6d19-A-A-YKG2/report.txt	4	1	0	1	0	0	0
/Volumes/GigiMurin/plip/polyketide/BD6d19-A-A-YKG3/report.txt	4	0	0	0	1	0	0
/Volumes/GigiMurin/plip/polyketide/BD6d1a-A-A-TWB1/report.txt	1	3	0	0	0	0	0
/Volumes/GigiMurin/plip/polyketide/BD6d1b-A-A-FUJ1/report.txt	1	2	0	0	0	0	0
/Volumes/GigiMurin/plip/polyketide/BD6d1c-A-A-VKE1/report.txt	0	3	0	1	0	0	0
/Volumes/GigiMurin/plip/polyketide/BD6d1d-A-A-GTV1/report.txt	1	2	0	0	0	0	0
/Volumes/GigiMurin/plip/polyketide/BD6d1e-A-A-XJE1/report.txt	0	2	0	1	0	0	0
/Volumes/GigiMurin/plip/polyketide/BD6d1f-A-A-P9T1/report.txt	1	2	0	0	0	0	0
/Volumes/GigiMurin/plip/polyketide/BD6d1g-A-A-YKG1/report.txt	1	2	0	1	0	0	0
/Volumes/GigiMurin/plip/polyketide/BD6d6a-A-A-FXD1/report.txt	6	2	0	5	0	1	0
/Volumes/GigiMurin/plip/polyketide/BD6d6a-B-B-FXD1/report.txt	7	3	0	3	0	0	0
/Volumes/GigiMurin/plip/polyketide/BD6d6a-D-D-FXD1/report.txt	8	3	0	3	0	0	0
/Volumes/GigiMurin/plip/polyketide/BD6d6b-A-A-FXS1/report.txt	3	2	0	5	0	1	0
/Volumes/GigiMurin/plip/polyketide/BD6d6c-A-A-FYD1/report.txt	8	5	0	0	0	0	0
/Volumes/GigiMurin/plip/polyketide/BD6d6d-A-A-FY71/report.txt	6	2	0	4	0	1	0
/Volumes/GigiMurin/plip/polyketide/BD6d6l-A-A-FY41/report.txt	4	2	0	4	0	0	0
/Volumes/GigiMurin/plip/polyketide/BD6d6l-B-B-FY41/report.txt	7	2	0	3	0	0	0
/Volumes/GigiMurin/plip/polyketide/BD6d6m-A-A-TX71/report.txt	8	2	0	4	0	0	0
/Volumes/GigiMurin/plip/polyketide/BD6d6n-A-A-FXJ1/report.txt	5	2	0	4	0	0	0
/Volumes/GigiMurin/plip/polyketide/BD6d6n-D-D-FXJ1/report.txt	6	3	0	4	0	0	0
/Volumes/GigiMurin/plip/polyketide/BD6dd0-A-A-P9T1/report.txt	2	3	2	0	0	0	0
/Volumes/GigiMurin/plip/polyketide/BD6dd0-B-B-P9T1/report.txt	2	2	2	1	0	0	0
/Volumes/GigiMurin/plip/polyketide/BD6dhl-A-A-XEG1/report.txt	2	6	1	0	2	0	0
/Volumes/GigiMurin/plip/polyketide/BD6dhl-A-B-XEG1/report.txt	0	2	1	0	0	0	0
/Volumes/GigiMurin/plip/polyketide/BD6dhl-G-H-XEG1/report.txt	0	2	1	0	0	0	0
/Volumes/GigiMurin/plip/polyketide/BD6dhl-L-L-XEG1/report.txt	2	8	0	0	1	0	0
/Volumes/GigiMurin/plip/polyketide/BD6f6a-A-A-CU51/report.txt	6	4	0	1	0	0	0
/Volumes/GigiMurin/plip/polyketide/BD6f6a-B-B-CU51/report.txt	5	2	0	3	0	0	0
/Volumes/GigiMurin/plip/polyketide/BD6f71-A-A-CWE1/report.txt	5	0	0	0	0	0	0
/Volumes/GigiMurin/plip/polyketide/BD6f71-A-B-CWE1/report.txt	0	0	0	0	0	0	0
/Volumes/GigiMurin/plip/polyketide/BD6f71-B-A-CWE1/report.txt	0	0	0	0	0	0	0
/Volumes/GigiMurin/plip/polyketide/BD6f71-B-B-CWE1/report.txt	5	0	0	0	0	0	0
/Volumes/GigiMurin/plip/polyketide/BD6faz-A-B-D451/report.txt	1	2	0	0	0	0	0
/Volumes/GigiMurin/plip/polyketide/BD6fbv-C-D-FI81/report.txt	3	5	0	0	0	0	0
/Volumes/GigiMurin/plip/polyketide/BD6fbv-D-D-FI81/report.txt	1	5	3	0	1	0	0
/Volumes/GigiMurin/plip/polyketide/BD6fbv-F-D-FI81/report.txt	1	0	0	0	0	0	0
/Volumes/GigiMurin/plip/polyketide/BD6ftp-A-B-DM21/report.txt	2	2	0	2	0	0	0
/Volumes/GigiMurin/plip/polyketide/BD6ftp-B-B-DM21/report.txt	2	1	0	0	0	0	0
/Volumes/GigiMurin/plip/polyketide/BD6g8g-A-B-GEN1/report.txt	4	0	0	0	0	0	0
/Volumes/GigiMurin/plip/polyketide/BD6g8g-B-B-GEN1/report.txt	2	2	0	0	0	0	0
/Volumes/GigiMurin/plip/polyketide/BD6g8g-C-D-GEN1/report.txt	4	2	0	0	0	0	0
/Volumes/GigiMurin/plip/polyketide/BD6gic-A-B-EZH1/report.txt	2	3	0	0	0	0	0
/Volumes/GigiMurin/plip/polyketide/BD6gic-B-B-EZE1/report.txt	5	3	0	0	1	0	0
/Volumes/GigiMurin/plip/polyketide/BD6gic-B-B-EZH1/report.txt	2	3	0	0	0	0	0
/Volumes/GigiMurin/plip/polyketide/BD6gu2-A-A-F9Z1/report.txt	3	4	1	0	0	0	0
/Volumes/GigiMurin/plip/polyketide/BD6gub-A-A-F9Z1/report.txt	3	3	1	0	0	0	0
/Volumes/GigiMurin/plip/polyketide/BD6gvc-A-A-LAB1/report.txt	4	3	1	0	0	0	0
/Volumes/GigiMurin/plip/polyketide/BD6gvc-D-D-LAB1/report.txt	5	4	1	0	0	0	0
/Volumes/GigiMurin/plip/polyketide/BD6hc9-A-B-FXW1/report.txt	2	1	0	0	0	0	0
/Volumes/GigiMurin/plip/polyketide/BD6hca-A-B-FXW1/report.txt	3	0	0	0	0	0	0
/Volumes/GigiMurin/plip/polyketide/BD6hcb-A-B-D451/report.txt	2	2	0	0	0	0	0
/Volumes/GigiMurin/plip/polyketide/BD6hcc-A-A-FXW1/report.txt	2	2	0	0	0	0	0
/Volumes/GigiMurin/plip/polyketide/BD6hch-A-A-D451/report.txt	1	2	0	0	0	0	0
/Volumes/GigiMurin/plip/polyketide/BD6hdp-A-A-FZ51/report.txt	7	5	0	0	0	0	0
/Volumes/GigiMurin/plip/polyketide/BD6hnw-A-A-CUE1/report.txt	9	5	0	0	0	0	0
/Volumes/GigiMurin/plip/polyketide/BD6hoy-A-A-TSN1/report.txt	7	5	0	1	0	0	0
/Volumes/GigiMurin/plip/polyketide/BD6hoy-B-B-TSN1/report.txt	9	4	0	0	0	0	0
/Volumes/GigiMurin/plip/polyketide/BD6i1s-A-A-E261/report.txt	5	3	0	0	0	0	0
/Volumes/GigiMurin/plip/polyketide/BD6ijd-A-A-QUE1/report.txt	2	2	0	1	0	0	0
/Volumes/GigiMurin/plip/polyketide/BD6j2m-A-A-FK51/report.txt	8	4	0	0	0	0	0
/Volumes/GigiMurin/plip/polyketide/BD6jcj-A-B-BG01/report.txt	0	2	0	0	0	0	0
/Volumes/GigiMurin/plip/polyketide/BD6jcj-B-B-BG01/report.txt	5	2	0	0	0	0	0
/Volumes/GigiMurin/plip/polyketide/BD6jcj-D-D-BG01/report.txt	2	2	0	0	0	0	0
/Volumes/GigiMurin/plip/polyketide/BD6jem-A-A-STL1/report.txt	2	1	0	0	0	0	0
/Volumes/GigiMurin/plip/polyketide/BD6jem-B-B-STL1/report.txt	3	1	0	0	0	0	0
/Volumes/GigiMurin/plip/polyketide/BD6jen-A-A-3RL1/report.txt	1	1	0	1	0	0	0
/Volumes/GigiMurin/plip/polyketide/BD6jen-B-B-3RL1/report.txt	1	1	0	0	0	0	0
/Volumes/GigiMurin/plip/polyketide/BD6jen-C-C-3RL1/report.txt	3	1	0	0	0	0	0
/Volumes/GigiMurin/plip/polyketide/BD6jez-A-A-EJO1/report.txt	1	0	1	0	0	0	0
/Volumes/GigiMurin/plip/polyketide/BD6jf0-B-B-EBF1/report.txt	2	1	0	0	0	0	0
/Volumes/GigiMurin/plip/polyketide/BD6jno-A-A-WY51/report.txt	1	1	0	0	0	0	0
/Volumes/GigiMurin/plip/polyketide/BD6jno-D-A-WY51/report.txt	2	0	0	0	0	0	0
/Volumes/GigiMurin/plip/polyketide/BD6jnr-A-A-WY51/report.txt	12	2	1	0	0	0	0
/Volumes/GigiMurin/plip/polyketide/BD6jqz-A-A-ZER1/report.txt	6	4	0	1	0	0	0
/Volumes/GigiMurin/plip/polyketide/BD6jr2-A-A-36J1/report.txt	5	4	0	0	0	0	0
/Volumes/GigiMurin/plip/polyketide/BD6jr5-A-A-ZHB1/report.txt	7	3	0	1	0	0	0
/Volumes/GigiMurin/plip/polyketide/BD6jr9-A-A-ZER1/report.txt	5	3	1	0	0	0	0
/Volumes/GigiMurin/plip/polyketide/BD6jrb-A-A-ZHB1/report.txt	7	5	0	0	0	0	0
/Volumes/GigiMurin/plip/polyketide/BD6jse-A-A-C6R1/report.txt	4	3	0	0	0	1	0
/Volumes/GigiMurin/plip/polyketide/BD6jsf-A-A-C7X1/report.txt	3	2	0	0	0	0	0
/Volumes/GigiMurin/plip/polyketide/BD6kct-A-A-D5O1/report.txt	3	4	1	3	1	0	0
/Volumes/GigiMurin/plip/polyketide/BD6kjp-A-A-D9F1/report.txt	13	2	1	0	0	0	0
/Volumes/GigiMurin/plip/polyketide/BD6kjq-A-A-D9F1/report.txt	14	2	1	0	0	0	0
/Volumes/GigiMurin/plip/polyketide/BD6knr-A-A-DL91/report.txt	13	3	1	1	1	0	0
/Volumes/GigiMurin/plip/polyketide/BD6l3a-B-B-E531/report.txt	2	1	0	0	0	0	0
/Volumes/GigiMurin/plip/polyketide/BD6l5r-A-A-G501/report.txt	6	2	0	0	0	0	0
/Volumes/GigiMurin/plip/polyketide/BD6l5s-A-A-G501/report.txt	6	2	0	1	0	0	0
/Volumes/GigiMurin/plip/polyketide/BD6l7h-A-A-E7F1/report.txt	5	3	0	2	0	0	0
/Volumes/GigiMurin/plip/polyketide/BD6ljm-A-B-MCM1/report.txt	2	0	0	0	0	0	0
/Volumes/GigiMurin/plip/polyketide/BD6ljm-B-B-MCM1/report.txt	0	0	0	0	0	0	0
/Volumes/GigiMurin/plip/polyketide/BD6ljn-A-B-MCM1/report.txt	1	1	0	0	0	0	0
/Volumes/GigiMurin/plip/polyketide/BD6ljn-B-B-MCM1/report.txt	0	0	0	0	0	0	0
/Volumes/GigiMurin/plip/polyketide/BD6m2n-A-A-3WL1/report.txt	2	6	0	0	0	0	0
/Volumes/GigiMurin/plip/polyketide/BD6m4u-A-A-RAP1/report.txt	11	5	0	0	0	0	0
/Volumes/GigiMurin/plip/polyketide/BD6m4u-B-A-RAP1/report.txt	11	0	0	0	0	0	0
/Volumes/GigiMurin/plip/polyketide/BD6m4v-B-B-RAP1/report.txt	11	2	0	0	0	0	0
/Volumes/GigiMurin/plip/polyketide/BD6m4w-A-D-RAP1/report.txt	1	0	0	0	0	0	0
/Volumes/GigiMurin/plip/polyketide/BD6m4w-A-F-RAP1/report.txt	0	1	0	0	0	0	0
/Volumes/GigiMurin/plip/polyketide/BD6m4w-C-F-RAP1/report.txt	1	1	0	0	0	0	0
/Volumes/GigiMurin/plip/polyketide/BD6m4w-D-D-RAP1/report.txt	10	2	0	0	0	0	0
/Volumes/GigiMurin/plip/polyketide/BD6m4w-G-D-RAP1/report.txt	13	0	0	0	0	0	0
/Volumes/GigiMurin/plip/polyketide/BD6m4w-H-E-RAP1/report.txt	14	0	0	0	0	0	0
/Volumes/GigiMurin/plip/polyketide/BD6m88-A-A-MYC1/report.txt	6	6	0	0	0	0	0
/Volumes/GigiMurin/plip/polyketide/BD6m89-A-A-QUE1/report.txt	7	5	0	0	0	0	0
/Volumes/GigiMurin/plip/polyketide/BD6m8a-A-A-LU21/report.txt	7	1	0	0	0	0	0
/Volumes/GigiMurin/plip/polyketide/BD6m8b-A-A-KMP1/report.txt	7	3	0	0	0	0	0
/Volumes/GigiMurin/plip/polyketide/BD6m8c-A-A-IRH1/report.txt	5	4	0	0	0	0	0
/Volumes/GigiMurin/plip/polyketide/BD6m8d-A-A-J8D1/report.txt	6	1	0	0	0	0	0
/Volumes/GigiMurin/plip/polyketide/BD6m8e-A-A-J8G1/report.txt	4	3	0	0	0	0	0
/Volumes/GigiMurin/plip/polyketide/BD6mg5-A-B-6ZW1/report.txt	2	0	0	3	0	0	0
/Volumes/GigiMurin/plip/polyketide/BD6mg5-B-B-6ZW1/report.txt	3	2	0	0	0	0	0
/Volumes/GigiMurin/plip/polyketide/BD6mgf-A-A-CZJ1/report.txt	2	0	0	0	0	0	0
/Volumes/GigiMurin/plip/polyketide/BD6mit-B-E-NOV1/report.txt	0	2	0	1	0	0	0
/Volumes/GigiMurin/plip/polyketide/BD6mit-E-E-NOV1/report.txt	2	2	2	1	0	0	0
/Volumes/GigiMurin/plip/polyketide/BD6mke-A-A-FK51/report.txt	8	4	0	0	0	0	0
/Volumes/GigiMurin/plip/polyketide/BD6mke-A-D-FK51/report.txt	1	0	0	0	0	0	0
/Volumes/GigiMurin/plip/polyketide/BD6mke-C-B-FK51/report.txt	1	0	0	0	0	0	0
/Volumes/GigiMurin/plip/polyketide/BD6mp4-A-A-TCI1/report.txt	8	2	0	0	0	0	0
/Volumes/GigiMurin/plip/polyketide/BD6mp4-E-E-TCI1/report.txt	5	3	0	0	0	0	0
/Volumes/GigiMurin/plip/polyketide/BD6mp4-H-H-TCI1/report.txt	6	2	0	0	0	0	0
/Volumes/GigiMurin/plip/polyketide/BD6ms8-A-A-NAR1/report.txt	6	6	0	1	1	0	0
/Volumes/GigiMurin/plip/polyketide/BD6ms8-E-E-NAR1/report.txt	5	5	0	0	1	0	0
/Volumes/GigiMurin/plip/polyketide/BD6mvo-A-A-K4P1/report.txt	10	4	0	0	0	0	0
/Volumes/GigiMurin/plip/polyketide/BD6mvp-A-A-K4S1/report.txt	7	4	0	0	0	1	0
/Volumes/GigiMurin/plip/polyketide/BD6mvq-A-A-K4M1/report.txt	5	4	0	0	0	0	0
/Volumes/GigiMurin/plip/polyketide/BD6nas-A-A-LAB1/report.txt	5	4	1	0	0	0	0
/Volumes/GigiMurin/plip/polyketide/BD6nbe-A-A-LAB1/report.txt	7	5	1	0	0	0	0
/Volumes/GigiMurin/plip/polyketide/BD6nbw-A-A-LAB1/report.txt	5	5	1	0	0	0	0
/Volumes/GigiMurin/plip/polyketide/BD6o3r-A-A-XJE1/report.txt	2	1	0	1	0	0	0
/Volumes/GigiMurin/plip/polyketide/BD6ohu-A-A-CTX1/report.txt	10	0	3	0	0	0	0
/Volumes/GigiMurin/plip/polyketide/BD6ohu-B-B-CTX1/report.txt	9	1	2	0	0	0	0
/Volumes/GigiMurin/plip/polyketide/BD6ohu-C-C-CTX1/report.txt	11	1	2	0	0	0	0
/Volumes/GigiMurin/plip/polyketide/BD6omq-A-B-MZD1/report.txt	1	0	0	0	0	0	0
/Volumes/GigiMurin/plip/polyketide/BD6omq-B-B-MZD1/report.txt	3	4	0	0	0	0	0
/Volumes/GigiMurin/plip/polyketide/BD6omr-B-B-MYM1/report.txt	3	4	1	0	0	0	0
/Volumes/GigiMurin/plip/polyketide/BD6ooa-A-A-MWY1/report.txt	4	1	1	0	0	0	0
/Volumes/GigiMurin/plip/polyketide/BD6oqa-A-A-60Z1/report.txt	8	6	0	0	0	0	0
/Volumes/GigiMurin/plip/polyketide/BD6oqa-C-A-60Z1/report.txt	4	0	0	0	0	0	0
/Volumes/GigiMurin/plip/polyketide/BD6oqa-C-B-60Z1/report.txt	3	1	0	0	0	0	0
/Volumes/GigiMurin/plip/polyketide/BD6oqa-E-E-60Z1/report.txt	9	6	0	0	0	0	0
/Volumes/GigiMurin/plip/polyketide/BD6oqa-H-F-60Z1/report.txt	4	0	0	0	0	0	0
/Volumes/GigiMurin/plip/polyketide/BD6oyu-A-A-BHF1/report.txt	9	1	0	1	0	0	0
/Volumes/GigiMurin/plip/polyketide/BD6oyu-A-A-BHF2/report.txt	4	0	0	0	0	0	0
/Volumes/GigiMurin/plip/polyketide/BD6oyu-A-A-BHF3/report.txt	8	0	0	0	0	0	0
/Volumes/GigiMurin/plip/polyketide/BD6oyu-A-A-BHF4/report.txt	6	0	0	0	0	0	0
/Volumes/GigiMurin/plip/polyketide/BD6oyu-B-B-BHF1/report.txt	11	1	0	0	0	0	0
/Volumes/GigiMurin/plip/polyketide/BD6oyu-B-B-BHF2/report.txt	6	0	0	0	0	0	0
/Volumes/GigiMurin/plip/polyketide/BD6oyu-B-B-BHF4/report.txt	5	0	0	0	0	0	0
/Volumes/GigiMurin/plip/polyketide/BD6pfm-A-A-OGJ1/report.txt	6	4	1	1	0	0	0
/Volumes/GigiMurin/plip/polyketide/BD6pfm-D-D-OGJ1/report.txt	6	3	1	1	0	0	0
/Volumes/GigiMurin/plip/polyketide/BD6pzs-A-A-P7J1/report.txt	5	2	0	2	0	0	0
/Volumes/GigiMurin/plip/polyketide/BD6q8w-4-4-HQW1/report.txt	1	1	1	0	0	0	0
/Volumes/GigiMurin/plip/polyketide/BD6q8w-E-E-HQW1/report.txt	1	1	0	0	0	0	0
/Volumes/GigiMurin/plip/polyketide/BD6qcd-A-A-QUE1/report.txt	5	0	0	0	0	0	0
/Volumes/GigiMurin/plip/polyketide/BD6qcd-B-B-QUE1/report.txt	4	1	0	1	0	0	0
/Volumes/GigiMurin/plip/polyketide/BD6qce-A-A-HW21/report.txt	3	0	0	1	0	0	0
/Volumes/GigiMurin/plip/polyketide/BD6qch-A-A-HWB1/report.txt	5	0	0	0	0	0	0
/Volumes/GigiMurin/plip/polyketide/BD6qch-B-B-HWB1/report.txt	4	1	0	1	0	0	0
/Volumes/GigiMurin/plip/polyketide/BD6qcj-A-A-XEG1/report.txt	8	5	0	0	0	0	0
/Volumes/GigiMurin/plip/polyketide/BD6qcj-B-B-XEG1/report.txt	4	3	0	0	0	0	0
/Volumes/GigiMurin/plip/polyketide/BD6qcn-A-A-QUE1/report.txt	0	1	0	0	0	0	0
/Volumes/GigiMurin/plip/polyketide/BD6qcn-B-A-QUE1/report.txt	2	1	0	0	0	0	0
/Volumes/GigiMurin/plip/polyketide/BD6qds-A-A-HY51/report.txt	6	3	0	0	0	0	0
/Volumes/GigiMurin/plip/polyketide/BD6qdu-A-A-HY51/report.txt	6	3	0	0	0	0	0
/Volumes/GigiMurin/plip/polyketide/BD6qjw-A-A-CTC1/report.txt	0	3	0	0	0	0	0
/Volumes/GigiMurin/plip/polyketide/BD6qjx-A-A-MIY1/report.txt	3	8	0	0	0	0	0
/Volumes/GigiMurin/plip/polyketide/BD6qtn-B-B-JHH1/report.txt	4	1	2	0	0	0	0
/Volumes/GigiMurin/plip/polyketide/BD6qtn-D-D-JHH1/report.txt	1	0	1	0	0	0	0
/Volumes/GigiMurin/plip/polyketide/BD6rbl-A-A-DXT1/report.txt	3	5	0	0	0	0	0
/Volumes/GigiMurin/plip/polyketide/BD6rbm-A-A-MIY1/report.txt	2	4	0	0	0	0	0
/Volumes/GigiMurin/plip/polyketide/BD6rcr-A-A-DXT1/report.txt	3	3	0	0	0	0	0
/Volumes/GigiMurin/plip/polyketide/BD6rgx-B-B-DXT1/report.txt	2	4	0	0	0	0	0
/Volumes/GigiMurin/plip/polyketide/BD6rwd-A-B-REF1/report.txt	0	1	1	3	0	0	0
/Volumes/GigiMurin/plip/polyketide/BD6rxb-A-A-MIY1/report.txt	1	5	0	0	0	0	0
/Volumes/GigiMurin/plip/polyketide/BD6rxb-B-B-MIY1/report.txt	1	5	0	0	0	0	0
/Volumes/GigiMurin/plip/polyketide/BD6rxb-C-C-MIY1/report.txt	1	7	0	0	0	0	0
/Volumes/GigiMurin/plip/polyketide/BD6rxb-D-D-MIY1/report.txt	2	4	0	0	0	0	0
/Volumes/GigiMurin/plip/polyketide/BD6ryp-A-A-KNH1/report.txt	7	8	1	0	0	0	0
/Volumes/GigiMurin/plip/polyketide/BD6s2g-A-A-KDH1/report.txt	2	3	0	1	0	0	0
/Volumes/GigiMurin/plip/polyketide/BD6s2g-A-A-KDH2/report.txt	5	9	0	0	0	0	0
/Volumes/GigiMurin/plip/polyketide/BD6s2g-A-A-KDH3/report.txt	2	3	1	0	0	0	0
/Volumes/GigiMurin/plip/polyketide/BD6s2g-A-A-KDH4/report.txt	4	0	0	0	0	0	0
/Volumes/GigiMurin/plip/polyketide/BD6s2g-A-A-KDH5/report.txt	0	3	0	0	0	0	0
/Volumes/GigiMurin/plip/polyketide/BD6s2g-A-A-KDH6/report.txt	2	2	0	0	0	0	0
/Volumes/GigiMurin/plip/polyketide/BD6s2g-A-A-KDH7/report.txt	4	2	0	0	0	0	0
/Volumes/GigiMurin/plip/polyketide/BD6s2g-A-A-KDH8/report.txt	1	7	0	0	0	0	0
/Volumes/GigiMurin/plip/polyketide/BD6s8m-B-B-EPB1/report.txt	2	0	0	0	0	0	0
/Volumes/GigiMurin/plip/polyketide/BD6shh-A-A-SH71/report.txt	2	1	1	2	0	0	0
/Volumes/GigiMurin/plip/polyketide/BD6shh-A-B-SH71/report.txt	0	0	0	0	0	0	0
/Volumes/GigiMurin/plip/polyketide/BD6shh-C-C-SH71/report.txt	1	1	1	0	0	0	0
/Volumes/GigiMurin/plip/polyketide/BD6shi-A-A-SH81/report.txt	1	0	1	2	0	0	0
/Volumes/GigiMurin/plip/polyketide/BD6shi-A-B-SH81/report.txt	0	0	0	0	0	0	0
/Volumes/GigiMurin/plip/polyketide/BD6sr9-A-A-EZE1/report.txt	4	2	0	0	0	0	0
/Volumes/GigiMurin/plip/polyketide/BD6sra-A-A-CWE1/report.txt	4	1	0	0	0	0	0
/Volumes/GigiMurin/plip/polyketide/BD6ssz-A-A-JV11/report.txt	0	0	0	1	0	0	0
/Volumes/GigiMurin/plip/polyketide/BD6ssz-B-B-JV11/report.txt	0	0	0	1	0	0	0
/Volumes/GigiMurin/plip/polyketide/BD6sxc-A-A-OHT1/report.txt	5	0	0	0	0	0	0
/Volumes/GigiMurin/plip/polyketide/BD6sxc-A-A-OHT2/report.txt	0	0	0	0	0	0	0
/Volumes/GigiMurin/plip/polyketide/BD6sxe-A-A-9XY1/report.txt	5	0	0	0	0	0	0
/Volumes/GigiMurin/plip/polyketide/BD6sxe-A-A-9XY2/report.txt	5	0	0	0	0	0	0
/Volumes/GigiMurin/plip/polyketide/BD6sxf-A-A-CTX1/report.txt	0	0	1	0	0	0	0
/Volumes/GigiMurin/plip/polyketide/BD6sxf-B-B-CTX1/report.txt	4	0	0	0	1	0	0
/Volumes/GigiMurin/plip/polyketide/BD6sxg-A-A-OHT1/report.txt	4	0	0	0	0	0	0
/Volumes/GigiMurin/plip/polyketide/BD6t23-A-A-9ZK1/report.txt	3	1	0	0	0	0	0
/Volumes/GigiMurin/plip/polyketide/BD6t23-A-B-9ZK1/report.txt	4	4	0	0	0	0	0
/Volumes/GigiMurin/plip/polyketide/BD6t23-B-A-9ZK1/report.txt	1	0	0	0	0	0	0
/Volumes/GigiMurin/plip/polyketide/BD6t23-C-B-9ZK1/report.txt	1	0	0	0	0	0	0
/Volumes/GigiMurin/plip/polyketide/BD6t23-D-C-9ZK1/report.txt	1	0	0	0	0	0	0
/Volumes/GigiMurin/plip/polyketide/BD6t23-E-D-9ZK1/report.txt	1	0	0	0	0	0	0
/Volumes/GigiMurin/plip/polyketide/BD6t24-A-A-9ZK1/report.txt	3	0	0	0	0	0	0
/Volumes/GigiMurin/plip/polyketide/BD6t24-A-B-9ZK1/report.txt	5	4	0	0	0	0	0
/Volumes/GigiMurin/plip/polyketide/BD6t24-B-A-9ZK1/report.txt	1	0	0	0	0	0	0
/Volumes/GigiMurin/plip/polyketide/BD6t24-C-B-9ZK1/report.txt	1	0	0	0	0	0	0
/Volumes/GigiMurin/plip/polyketide/BD6t24-D-C-9ZK1/report.txt	1	0	0	0	0	0	0
/Volumes/GigiMurin/plip/polyketide/BD6t24-E-D-9ZK1/report.txt	1	0	0	0	0	0	0
/Volumes/GigiMurin/plip/polyketide/BD6tbe-A-A-NOV1/report.txt	9	3	1	0	0	0	0
/Volumes/GigiMurin/plip/polyketide/BD6tt8-A-A-MRI1/report.txt	3	2	0	0	0	0	0
/Volumes/GigiMurin/plip/polyketide/BD6tta-A-A-QUE1/report.txt	1	1	0	0	0	0	0
/Volumes/GigiMurin/plip/polyketide/BD6ttc-A-A-MYC1/report.txt	0	2	0	0	0	0	0
/Volumes/GigiMurin/plip/polyketide/BD6tz6-A-C-FK51/report.txt	2	0	0	0	0	0	0
/Volumes/GigiMurin/plip/polyketide/BD6tz6-B-C-FK51/report.txt	2	0	0	0	0	0	0
/Volumes/GigiMurin/plip/polyketide/BD6tz6-C-C-FK51/report.txt	10	2	0	0	0	0	0
/Volumes/GigiMurin/plip/polyketide/BD6tz6-E-F-FK51/report.txt	0	0	0	0	0	0	0
/Volumes/GigiMurin/plip/polyketide/BD6tz7-A-C-FK51/report.txt	4	0	0	0	0	0	0
/Volumes/GigiMurin/plip/polyketide/BD6tz7-B-C-FK51/report.txt	3	0	0	0	0	0	0
/Volumes/GigiMurin/plip/polyketide/BD6tz7-C-C-FK51/report.txt	7	5	0	0	0	0	0
/Volumes/GigiMurin/plip/polyketide/BD6tz8-A-C-FK51/report.txt	3	0	0	0	0	0	0
/Volumes/GigiMurin/plip/polyketide/BD6tz8-C-C-FK51/report.txt	9	4	0	0	0	0	0
/Volumes/GigiMurin/plip/polyketide/BD6u18-A-A-CTY1/report.txt	7	0	0	0	0	0	0
/Volumes/GigiMurin/plip/polyketide/BD6u18-B-B-CTY1/report.txt	6	2	0	0	0	0	0
/Volumes/GigiMurin/plip/polyketide/BD6u88-A-A-P0T1/report.txt	5	1	0	0	0	0	0
/Volumes/GigiMurin/plip/polyketide/BD6u88-A-B-P0T1/report.txt	9	1	0	0	0	0	0
/Volumes/GigiMurin/plip/polyketide/BD6u8a-A-A-P0T1/report.txt	8	1	0	0	0	0	0
/Volumes/GigiMurin/plip/polyketide/BD6u8a-A-A-P0T2/report.txt	7	1	0	0	0	0	0
/Volumes/GigiMurin/plip/polyketide/BD6u8a-D-D-P0T1/report.txt	7	1	0	0	0	0	0
/Volumes/GigiMurin/plip/polyketide/BD6ul7-A-A-A0O1/report.txt	5	1	0	0	0	0	0
/Volumes/GigiMurin/plip/polyketide/BD6umw-A-A-CTC1/report.txt	4	6	0	0	0	0	0
/Volumes/GigiMurin/plip/polyketide/BD6uo2-A-A-TSN1/report.txt	5	4	0	0	0	0	0
/Volumes/GigiMurin/plip/polyketide/BD6uo2-A-B-TSN1/report.txt	1	0	0	0	0	0	0
/Volumes/GigiMurin/plip/polyketide/BD6uo2-B-A-TSN1/report.txt	1	0	0	0	0	0	0
/Volumes/GigiMurin/plip/polyketide/BD6uo2-B-B-TSN1/report.txt	4	3	0	1	0	0	0
/Volumes/GigiMurin/plip/polyketide/BD6uo4-A-A-TSN1/report.txt	3	5	0	1	0	0	0
/Volumes/GigiMurin/plip/polyketide/BD6uo4-A-B-TSN1/report.txt	1	0	0	0	0	0	0
/Volumes/GigiMurin/plip/polyketide/BD6uo4-B-A-TSN1/report.txt	1	0	0	0	0	0	0
/Volumes/GigiMurin/plip/polyketide/BD6uo4-B-B-TSN1/report.txt	3	4	0	1	0	0	0
/Volumes/GigiMurin/plip/polyketide/BD6uwu-A-A-QKP1/report.txt	9	1	0	0	0	0	0
/Volumes/GigiMurin/plip/polyketide/BD6v87-A-A-OHT1/report.txt	8	2	1	1	0	0	0
/Volumes/GigiMurin/plip/polyketide/BD6v87-B-B-OHT1/report.txt	8	2	1	0	0	0	0
/Volumes/GigiMurin/plip/polyketide/BD6vh6-B-B-QX41/report.txt	5	1	1	0	0	0	0
/Volumes/GigiMurin/plip/polyketide/BD6vkt-B-B-ERY1/report.txt	11	2	0	0	0	0	0
/Volumes/GigiMurin/plip/polyketide/BD6vm0-A-A-IVM1/report.txt	2	3	0	0	0	0	0
/Volumes/GigiMurin/plip/polyketide/BD6vm0-A-E-IVM1/report.txt	5	0	0	0	0	0	0
/Volumes/GigiMurin/plip/polyketide/BD6vm2-A-A-IVM1/report.txt	2	3	0	0	0	0	0
/Volumes/GigiMurin/plip/polyketide/BD6vm2-A-E-IVM1/report.txt	5	0	0	0	0	0	0
/Volumes/GigiMurin/plip/polyketide/BD6vm3-A-A-IVM1/report.txt	4	2	0	0	0	0	0
/Volumes/GigiMurin/plip/polyketide/BD6vm3-A-E-IVM1/report.txt	4	0	0	0	0	0	0
/Volumes/GigiMurin/plip/polyketide/BD6vpf-A-A-53Q1/report.txt	8	0	1	1	0	0	0
/Volumes/GigiMurin/plip/polyketide/BD6vpf-B-B-53Q1/report.txt	8	0	1	1	0	0	0
/Volumes/GigiMurin/plip/polyketide/BD6vpf-D-D-53Q1/report.txt	10	0	1	1	0	0	0
/Volumes/GigiMurin/plip/polyketide/BD6vrx-A-A-FK51/report.txt	10	5	0	0	0	0	0
/Volumes/GigiMurin/plip/polyketide/BD6vrx-C-D-FK51/report.txt	2	1	0	0	0	0	0
/Volumes/GigiMurin/plip/polyketide/BD6w7v-A-A-LAB1/report.txt	8	5	1	0	0	0	0
/Volumes/GigiMurin/plip/polyketide/BD6wv3-A-A-SWF1/report.txt	13	2	0	0	0	0	0
/Volumes/GigiMurin/plip/polyketide/BD6wv4-A-A-SWF1/report.txt	8	2	0	0	0	0	0
/Volumes/GigiMurin/plip/polyketide/BD6wvb-A-A-SWF1/report.txt	9	2	0	0	0	0	0
/Volumes/GigiMurin/plip/polyketide/BD6wyo-A-A-TSN1/report.txt	4	7	0	0	0	0	0
/Volumes/GigiMurin/plip/polyketide/BD6wyo-A-B-TSN1/report.txt	1	0	0	0	0	0	0
/Volumes/GigiMurin/plip/polyketide/BD6wyo-B-A-TSN1/report.txt	1	0	0	0	0	0	0
/Volumes/GigiMurin/plip/polyketide/BD6wyo-B-B-TSN1/report.txt	5	6	0	0	0	0	0
/Volumes/GigiMurin/plip/polyketide/BD6x4q-A-A-UOJ1/report.txt	4	4	0	0	2	0	0
/Volumes/GigiMurin/plip/polyketide/BD6xfv-A-A-V271/report.txt	7	1	0	0	0	0	0
/Volumes/GigiMurin/plip/polyketide/BD6xfv-B-B-V271/report.txt	6	0	0	0	0	0	0
/Volumes/GigiMurin/plip/polyketide/BD6xm7-A-A-V5M1/report.txt	7	8	0	0	0	0	0
/Volumes/GigiMurin/plip/polyketide/BD6xm8-A-A-V5P1/report.txt	4	5	0	1	1	0	0
/Volumes/GigiMurin/plip/polyketide/BD6y1u-B-B-4HC1/report.txt	6	1	1	0	0	0	0
/Volumes/GigiMurin/plip/polyketide/BD6y1u-B-B-4HC2/report.txt	2	0	1	0	0	0	0
/Volumes/GigiMurin/plip/polyketide/BD6y1v-B-B-4HC1/report.txt	6	1	1	0	0	0	0
/Volumes/GigiMurin/plip/polyketide/BD6y55-A-A-O9Q1/report.txt	6	1	0	3	0	0	0
/Volumes/GigiMurin/plip/polyketide/BD6y5c-A-A-O9T1/report.txt	7	1	0	3	0	0	0
/Volumes/GigiMurin/plip/polyketide/BD6y5o-A-A-O9Z1/report.txt	5	1	0	3	0	0	0
/Volumes/GigiMurin/plip/polyketide/BD6y6b-B-B-OD81/report.txt	2	3	0	0	0	0	0
/Volumes/GigiMurin/plip/polyketide/BD6y7f-A-A-37X1/report.txt	4	1	0	0	0	0	0
/Volumes/GigiMurin/plip/polyketide/BD6y7f-B-B-37X1/report.txt	0	2	0	0	0	0	0
/Volumes/GigiMurin/plip/polyketide/BD6y8l-A-A-NOV1/report.txt	4	9	0	0	0	0	0
/Volumes/GigiMurin/plip/polyketide/BD6y8l-A-B-NOV1/report.txt	2	0	0	0	0	0	0
/Volumes/GigiMurin/plip/polyketide/BD6y8l-B-A-NOV1/report.txt	0	0	0	0	0	0	0
/Volumes/GigiMurin/plip/polyketide/BD6y8o-A-A-NOV1/report.txt	1	3	2	0	2	0	0
/Volumes/GigiMurin/plip/polyketide/BD6ya5-A-A-LU21/report.txt	1	4	0	0	0	0	0
/Volumes/GigiMurin/plip/polyketide/BD6yf0-A-A-8181/report.txt	10	4	0	0	0	0	0
/Volumes/GigiMurin/plip/polyketide/BD6yf1-A-A-OP81/report.txt	10	3	0	0	0	0	0
/Volumes/GigiMurin/plip/polyketide/BD6yf2-A-A-OP51/report.txt	9	2	0	0	0	0	0
/Volumes/GigiMurin/plip/polyketide/BD6yf3-A-A-OOZ1/report.txt	9	3	0	0	0	0	0
/Volumes/GigiMurin/plip/polyketide/BD6ygr-A-A-NE81/report.txt	5	3	2	1	0	0	0
/Volumes/GigiMurin/plip/polyketide/BD6ygs-A-A-OQQ1/report.txt	4	8	0	0	0	0	0
/Volumes/GigiMurin/plip/polyketide/BD6ygy-A-A-NEZ1/report.txt	4	3	2	2	0	0	0
/Volumes/GigiMurin/plip/polyketide/BD6ygz-A-A-NE81/report.txt	4	3	2	2	0	0	0
/Volumes/GigiMurin/plip/polyketide/BD6yh1-A-A-OQQ1/report.txt	5	8	0	0	0	0	0
/Volumes/GigiMurin/plip/polyketide/BD6yh3-A-A-OQN1/report.txt	3	4	2	2	0	0	0
/Volumes/GigiMurin/plip/polyketide/BD6yh9-A-A-WWX1/report.txt	7	4	0	0	1	0	0
/Volumes/GigiMurin/plip/polyketide/BD6yiq-A-A-OQN1/report.txt	3	4	2	2	0	0	0
/Volumes/GigiMurin/plip/polyketide/BD6yiq-B-B-OQN1/report.txt	4	4	2	1	0	0	0
/Volumes/GigiMurin/plip/polyketide/BD6z69-A-A-4MU1/report.txt	3	1	0	0	0	0	0
/Volumes/GigiMurin/plip/polyketide/BD6z69-A-A-4MU2/report.txt	0	0	0	0	0	0	0
/Volumes/GigiMurin/plip/polyketide/BD6z8c-A-A-QBN1/report.txt	4	0	0	0	0	0	0
/Volumes/GigiMurin/plip/polyketide/BD6z8c-A-A-QBN2/report.txt	4	0	0	0	0	0	0
/Volumes/GigiMurin/plip/polyketide/BD6zhz-A-A-QR81/report.txt	6	0	0	0	0	0	0
/Volumes/GigiMurin/plip/polyketide/BD6zhz-B-B-QR81/report.txt	4	0	0	0	0	0	0
/Volumes/GigiMurin/plip/polyketide/BD6zhz-D-D-QR81/report.txt	4	0	0	0	0	0	0
/Volumes/GigiMurin/plip/polyketide/BD6zi2-A-A-QR81/report.txt	5	0	0	0	0	0	0
/Volumes/GigiMurin/plip/polyketide/BD6zi2-B-B-QR81/report.txt	2	0	0	0	0	0	0
/Volumes/GigiMurin/plip/polyketide/BD6zi2-C-C-QR81/report.txt	5	1	0	0	0	0	0
/Volumes/GigiMurin/plip/polyketide/BD6zi2-D-D-QR81/report.txt	5	0	0	0	0	0	0
/Volumes/GigiMurin/plip/polyketide/BD6zi2-F-F-QR81/report.txt	6	0	0	0	0	0	0
/Volumes/GigiMurin/plip/polyketide/BD6zi2-G-G-QR81/report.txt	5	1	0	0	0	0	0
/Volumes/GigiMurin/plip/polyketide/BD6zi2-H-H-QR81/report.txt	4	0	0	0	0	0	0
/Volumes/GigiMurin/plip/polyketide/BD6zi2-I-I-QR81/report.txt	1	0	0	0	0	0	0
/Volumes/GigiMurin/plip/polyketide/BD6zi3-A-A-DEB1/report.txt	5	0	0	0	0	0	0
/Volumes/GigiMurin/plip/polyketide/BD6zi3-B-B-DEB1/report.txt	9	0	0	0	0	0	0
/Volumes/GigiMurin/plip/polyketide/BD6zi7-A-A-QR81/report.txt	6	0	0	0	0	0	0
/Volumes/GigiMurin/plip/polyketide/BD6zkk-4-4-9701/report.txt	4	1	0	0	0	0	0
/Volumes/GigiMurin/plip/polyketide/BD6zkk-6-4-9701/report.txt	4	1	0	0	0	0	0
/Volumes/GigiMurin/plip/polyketide/BD6zkl-4-6-9701/report.txt	3	1	0	0	0	0	0
/Volumes/GigiMurin/plip/polyketide/BD6zkl-6-6-9701/report.txt	2	1	0	0	0	0	0
/Volumes/GigiMurin/plip/polyketide/BD6zkl-6-H-9701/report.txt	2	0	0	0	1	0	0
/Volumes/GigiMurin/plip/polyketide/BD6zkl-H-H-9701/report.txt	6	1	0	1	0	0	0
/Volumes/GigiMurin/plip/polyketide/BD6zkm-4-6-9701/report.txt	3	1	0	0	0	0	0
/Volumes/GigiMurin/plip/polyketide/BD6zkm-6-6-9701/report.txt	3	1	0	0	0	0	0
/Volumes/GigiMurin/plip/polyketide/BD6zkm-6-H-9701/report.txt	0	2	0	1	1	0	0
/Volumes/GigiMurin/plip/polyketide/BD6zkm-H-H-9701/report.txt	7	1	0	1	0	0	0
/Volumes/GigiMurin/plip/polyketide/BD6zkm-M-M-9701/report.txt	4	0	0	0	0	0	0
/Volumes/GigiMurin/plip/polyketide/BD6zkm-N-M-9701/report.txt	4	0	0	1	0	0	0
/Volumes/GigiMurin/plip/polyketide/BD6zkn-4-6-9701/report.txt	3	1	0	0	0	0	0
/Volumes/GigiMurin/plip/polyketide/BD6zkn-6-6-9701/report.txt	3	1	0	0	0	0	0
/Volumes/GigiMurin/plip/polyketide/BD6zkn-6-H-9701/report.txt	0	2	0	1	1	0	0
/Volumes/GigiMurin/plip/polyketide/BD6zkn-H-H-9701/report.txt	7	1	0	1	0	0	0
/Volumes/GigiMurin/plip/polyketide/BD6zkn-M-M-9701/report.txt	4	0	0	0	0	0	0
/Volumes/GigiMurin/plip/polyketide/BD6zkn-N-M-9701/report.txt	4	0	0	1	0	0	0
/Volumes/GigiMurin/plip/polyketide/BD6zo6-B-B-MIY1/report.txt	3	4	0	0	0	0	0
/Volumes/GigiMurin/plip/polyketide/BD6zo7-A-A-3YI1/report.txt	9	4	1	0	0	0	0
/Volumes/GigiMurin/plip/polyketide/BD6zo7-B-B-3YI1/report.txt	11	4	1	0	0	0	0
/Volumes/GigiMurin/plip/polyketide/BD6zo8-B-B-MIY1/report.txt	3	3	0	0	0	0	0
/Volumes/GigiMurin/plip/polyketide/BD6zo9-B-B-RBT1/report.txt	6	5	0	2	0	0	0
/Volumes/GigiMurin/plip/polyketide/BD6zo9-B-B-RBT2/report.txt	4	2	0	1	0	0	0
/Volumes/GigiMurin/plip/polyketide/BD6zob-A-A-3YI1/report.txt	9	4	1	0	0	0	0
/Volumes/GigiMurin/plip/polyketide/BD6zoc-A-A-ERY1/report.txt	7	4	2	0	0	0	0
/Volumes/GigiMurin/plip/polyketide/BD6zoc-B-B-3YI1/report.txt	4	4	1	1	0	0	0
/Volumes/GigiMurin/plip/polyketide/BD6zog-B-B-MIY1/report.txt	2	5	1	0	0	0	0
/Volumes/GigiMurin/plip/polyketide/BD6zoh-A-A-3YI1/report.txt	9	5	1	1	0	0	0
/Volumes/GigiMurin/plip/polyketide/BD6zoh-B-B-3YI1/report.txt	4	4	1	0	0	0	0
/Volumes/GigiMurin/plip/polyketide/BD7a63-A-A-R3N1/report.txt	2	4	4	0	0	0	0
/Volumes/GigiMurin/plip/polyketide/BD7aar-A-A-37X1/report.txt	5	2	1	0	0	0	0
/Volumes/GigiMurin/plip/polyketide/BD7aar-A-A-37X2/report.txt	5	5	0	0	0	0	0
/Volumes/GigiMurin/plip/polyketide/BD7axh-A-A-27J1/report.txt	11	4	0	0	0	0	0
/Volumes/GigiMurin/plip/polyketide/BD7b0v-A-A-SKB1/report.txt	9	0	0	0	0	0	0
/Volumes/GigiMurin/plip/polyketide/BD7b0z-A-A-SK51/report.txt	6	0	0	0	0	0	0
/Volumes/GigiMurin/plip/polyketide/BD7b0z-B-B-SK51/report.txt	6	0	0	0	0	0	0
/Volumes/GigiMurin/plip/polyketide/BD7b3e-A-A-MYC1/report.txt	1	5	0	0	0	0	0
/Volumes/GigiMurin/plip/polyketide/BD7b3e-B-B-MYC1/report.txt	1	4	0	0	0	0	0
/Volumes/GigiMurin/plip/polyketide/BD7b8r-C-C-DXT1/report.txt	4	5	0	0	0	0	0
/Volumes/GigiMurin/plip/polyketide/BD7b8r-C-C-DXT2/report.txt	10	1	0	1	0	0	0
/Volumes/GigiMurin/plip/polyketide/BD7bur-A-A-NAR1/report.txt	8	3	0	0	0	0	0
/Volumes/GigiMurin/plip/polyketide/BD7bur-B-B-NAR1/report.txt	9	4	0	0	0	0	0
/Volumes/GigiMurin/plip/polyketide/BD7c2f-A-A-LAB1/report.txt	6	5	1	0	0	0	0
/Volumes/GigiMurin/plip/polyketide/BD7c2z-A-A-SQH1/report.txt	6	2	0	0	0	0	0
/Volumes/GigiMurin/plip/polyketide/BD7c3q-A-A-NUT1/report.txt	7	0	0	0	0	0	0
/Volumes/GigiMurin/plip/polyketide/BD7c3y-A-A-NUT1/report.txt	5	0	0	0	0	0	0
/Volumes/GigiMurin/plip/polyketide/BD7c44-A-A-NUT1/report.txt	6	0	0	0	0	0	0
/Volumes/GigiMurin/plip/polyketide/BD7c6p-A-A-SQH1/report.txt	5	1	0	0	0	0	0
/Volumes/GigiMurin/plip/polyketide/BD7cba-A-A-IRH1/report.txt	2	3	0	3	0	0	0
/Volumes/GigiMurin/plip/polyketide/BD7cba-B-B-IRH1/report.txt	3	2	0	3	0	0	0
/Volumes/GigiMurin/plip/polyketide/BD7ccu-A-A-STL1/report.txt	8	4	0	0	0	0	0
/Volumes/GigiMurin/plip/polyketide/BD7ccv-A-A-PIT1/report.txt	12	8	0	0	0	0	0
/Volumes/GigiMurin/plip/polyketide/BD7ccw-A-A-STL1/report.txt	4	3	0	0	0	0	0
/Volumes/GigiMurin/plip/polyketide/BD7cko-A-A-G5L1/report.txt	4	1	2	3	0	0	0
/Volumes/GigiMurin/plip/polyketide/BD7d38-A-A-57D1/report.txt	0	2	0	0	0	0	0
/Volumes/GigiMurin/plip/polyketide/BD7d3a-A-A-AGI1/report.txt	0	1	0	0	0	0	0
/Volumes/GigiMurin/plip/polyketide/BD7d3b-A-A-LU21/report.txt	0	1	0	0	0	0	0
/Volumes/GigiMurin/plip/polyketide/BD7d9t-B-B-Z901/report.txt	17	2	2	1	0	0	0
/Volumes/GigiMurin/plip/polyketide/BD7d9u-B-B-Z901/report.txt	15	5	2	1	0	0	0
/Volumes/GigiMurin/plip/polyketide/BD7dad-D-D-EPD1/report.txt	9	3	0	0	0	0	0
/Volumes/GigiMurin/plip/polyketide/BD7dae-D-D-EPB1/report.txt	11	4	0	0	0	0	0
/Volumes/GigiMurin/plip/polyketide/BD7daf-D-D-GZX1/report.txt	11	3	0	0	0	0	0
/Volumes/GigiMurin/plip/polyketide/BD7dmz-C-C-TAJ1/report.txt	3	1	3	0	0	0	0
/Volumes/GigiMurin/plip/polyketide/BD7dmz-E-E-TAJ1/report.txt	2	1	3	0	0	0	0
/Volumes/GigiMurin/plip/polyketide/BD7dn0-E-E-TAJ1/report.txt	4	1	3	0	0	0	0
/Volumes/GigiMurin/plip/polyketide/BD7dn0-F-F-TAJ1/report.txt	4	1	3	0	0	0	0
/Volumes/GigiMurin/plip/polyketide/BD7dnn-A-A-H9R1/report.txt	0	6	0	0	0	0	0
/Volumes/GigiMurin/plip/polyketide/BD7dnn-B-A-H9R1/report.txt	2	1	0	0	0	0	0
/Volumes/GigiMurin/plip/polyketide/BD7dpp-A-A-MYC1/report.txt	0	4	0	2	0	0	0
/Volumes/GigiMurin/plip/polyketide/BD7dpu-A-A-HER1/report.txt	2	6	0	0	0	0	0
/Volumes/GigiMurin/plip/polyketide/BD7dpu-B-B-HER1/report.txt	1	3	0	0	0	0	0
/Volumes/GigiMurin/plip/polyketide/BD7dqi-A-A-HFC1/report.txt	7	2	0	0	0	0	0
/Volumes/GigiMurin/plip/polyketide/BD7dqm-B-B-CWE1/report.txt	8	0	0	0	0	0	0
/Volumes/GigiMurin/plip/polyketide/BD7e45-B-B-HWO1/report.txt	0	4	0	0	0	0	0
/Volumes/GigiMurin/plip/polyketide/BD7e45-C-B-HWO1/report.txt	4	1	0	1	0	0	0
/Volumes/GigiMurin/plip/polyketide/BD7e47-B-C-HWR1/report.txt	0	1	0	1	0	0	0
/Volumes/GigiMurin/plip/polyketide/BD7e47-C-C-HWR1/report.txt	6	3	1	0	1	0	0
/Volumes/GigiMurin/plip/polyketide/BD7e49-A-A-MYC1/report.txt	0	1	0	0	1	0	0
/Volumes/GigiMurin/plip/polyketide/BD7e49-A-B-MYC1/report.txt	0	2	0	0	0	0	0
/Volumes/GigiMurin/plip/polyketide/BD7e4a-A-A-HWL1/report.txt	1	1	0	0	0	0	0
/Volumes/GigiMurin/plip/polyketide/BD7e4a-B-A-HWL1/report.txt	1	0	0	1	0	0	0
/Volumes/GigiMurin/plip/polyketide/BD7e4a-B-C-HWL1/report.txt	0	0	0	1	0	0	0
/Volumes/GigiMurin/plip/polyketide/BD7e4a-C-C-HWL1/report.txt	8	1	0	2	0	0	0
/Volumes/GigiMurin/plip/polyketide/BD7e4b-A-B-MRI1/report.txt	1	3	0	0	0	0	0
/Volumes/GigiMurin/plip/polyketide/BD7e4b-B-B-MRI1/report.txt	5	2	0	2	0	0	0
/Volumes/GigiMurin/plip/polyketide/BD7e4c-A-B-GBJ1/report.txt	1	0	0	0	0	0	0
/Volumes/GigiMurin/plip/polyketide/BD7e4c-B-B-GBJ1/report.txt	3	0	0	2	0	0	0
/Volumes/GigiMurin/plip/polyketide/BD7eba-A-A-J0U1/report.txt	5	4	0	0	0	0	0
/Volumes/GigiMurin/plip/polyketide/BD7ebu-A-A-ZF11/report.txt	3	1	0	1	0	0	0
/Volumes/GigiMurin/plip/polyketide/BD7ebu-C-C-ZF11/report.txt	3	2	0	1	0	0	0
/Volumes/GigiMurin/plip/polyketide/BD7ebv-A-A-LU21/report.txt	3	1	0	0	0	0	0
/Volumes/GigiMurin/plip/polyketide/BD7ebv-B-B-LU21/report.txt	3	2	0	0	0	0	0
/Volumes/GigiMurin/plip/polyketide/BD7ebw-A-A-6741/report.txt	1	2	0	1	0	0	0
/Volumes/GigiMurin/plip/polyketide/BD7eka-A-A-EGT1/report.txt	2	1	0	0	0	0	0
/Volumes/GigiMurin/plip/polyketide/BD7elw-a-a-MYC1/report.txt	5	8	0	0	0	0	0
/Volumes/GigiMurin/plip/polyketide/BD7emj-B-B-J6L1/report.txt	6	1	0	0	0	0	0
/Volumes/GigiMurin/plip/polyketide/BD7es0-A-A-3E61/report.txt	6	5	0	0	0	0	0
/Volumes/GigiMurin/plip/polyketide/BD7f2j-A-A-RAP1/report.txt	9	5	0	0	0	0	0
/Volumes/GigiMurin/plip/polyketide/BD7f2j-A-B-RAP1/report.txt	1	0	0	0	0	0	0
/Volumes/GigiMurin/plip/polyketide/BD7fh2-A-A-4JI1/report.txt	6	2	0	1	0	0	0
/Volumes/GigiMurin/plip/polyketide/BD7fh2-B-B-4JI1/report.txt	6	2	0	1	0	0	0
/Volumes/GigiMurin/plip/polyketide/BD7fh2-B-B-4JI2/report.txt	2	1	0	0	0	0	0
/Volumes/GigiMurin/plip/polyketide/BD7fo6-A-A-WCB1/report.txt	3	1	0	0	0	0	0
/Volumes/GigiMurin/plip/polyketide/BD7fo6-B-B-WCB1/report.txt	3	2	0	0	0	0	0
/Volumes/GigiMurin/plip/polyketide/BD7h8x-D-D-COU1/report.txt	0	0	0	0	0	0	0
/Volumes/GigiMurin/plip/polyketide/BD7jg8-1-1-BQ11/report.txt	0	0	0	0	0	0	0
/Volumes/GigiMurin/plip/polyketide/BD7jg8-1-2-BQ11/report.txt	0	0	0	0	0	0	0
/Volumes/GigiMurin/plip/polyketide/BD7jg8-2-2-BQ11/report.txt	0	0	0	0	0	0	0
/Volumes/GigiMurin/plip/polyketide/BD7jg8-2-3-BQ11/report.txt	0	0	0	0	0	0	0
/Volumes/GigiMurin/plip/polyketide/BD7jg8-3-4-BQ11/report.txt	0	0	0	0	0	0	0
/Volumes/GigiMurin/plip/polyketide/BD7jg9-1-1-BQ11/report.txt	0	0	0	0	0	0	0
/Volumes/GigiMurin/plip/polyketide/BD7jg9-1-1-BQ12/report.txt	0	0	0	0	0	0	0
/Volumes/GigiMurin/plip/polyketide/BD7jg9-2-1-BQ11/report.txt	0	0	0	0	0	0	0
/Volumes/GigiMurin/plip/polyketide/BD7jg9-2-2-BQ11/report.txt	0	0	0	0	0	0	0
/Volumes/GigiMurin/plip/polyketide/BD7jg9-6-6-BQ11/report.txt	0	0	0	0	0	0	0
/Volumes/GigiMurin/plip/polyketide/BD7jg9-7-8-BQ11/report.txt	0	0	0	0	0	0	0
/Volumes/GigiMurin/plip/polyketide/BD7jga-1-1-BQ11/report.txt	3	0	2	0	0	0	0
/Volumes/GigiMurin/plip/polyketide/BD7jga-1-9-BQ11/report.txt	1	0	0	0	0	0	0
/Volumes/GigiMurin/plip/polyketide/BD7jga-5-4-BQ11/report.txt	1	0	0	0	0	0	0
/Volumes/GigiMurin/plip/polyketide/BD7jga-6-5-BQ11/report.txt	1	0	0	0	0	0	0
/Volumes/GigiMurin/plip/polyketide/BD7jga-7-7-BQ11/report.txt	3	1	1	1	0	0	0
/Volumes/GigiMurin/plip/polyketide/BD7jga-8-7-BQ11/report.txt	0	0	0	0	0	0	0
/Volumes/GigiMurin/plip/polyketide/BD7jga-a-1-BQ11/report.txt	3	0	0	0	0	0	0
/Volumes/GigiMurin/plip/polyketide/BD7jga-a-4-BQ11/report.txt	3	0	0	0	0	0	0
/Volumes/GigiMurin/plip/polyketide/BD7jgc-1-1-BQ11/report.txt	3	0	2	0	0	0	0
/Volumes/GigiMurin/plip/polyketide/BD7jgc-1-9-BQ11/report.txt	1	0	0	0	0	0	0
/Volumes/GigiMurin/plip/polyketide/BD7jgc-5-4-BQ11/report.txt	1	0	0	0	0	0	0
/Volumes/GigiMurin/plip/polyketide/BD7jgc-6-5-BQ11/report.txt	1	0	0	0	0	0	0
/Volumes/GigiMurin/plip/polyketide/BD7jgc-7-7-BQ11/report.txt	3	1	1	1	0	0	0
/Volumes/GigiMurin/plip/polyketide/BD7jgc-8-7-BQ11/report.txt	0	0	0	0	0	0	0
/Volumes/GigiMurin/plip/polyketide/BD7jgc-a-1-BQ11/report.txt	3	0	0	0	0	0	0
/Volumes/GigiMurin/plip/polyketide/BD7jgc-a-4-BQ11/report.txt	3	0	0	0	0	0	0
/Volumes/GigiMurin/plip/polyketide/BD7jlj-A-A-53Q1/report.txt	12	0	0	0	0	0	0
/Volumes/GigiMurin/plip/polyketide/BD7k1c-A-A-STL1/report.txt	7	2	0	0	0	0	0
/Volumes/GigiMurin/plip/polyketide/BD7k1c-B-B-STL1/report.txt	6	3	0	0	0	0	0
/Volumes/GigiMurin/plip/polyketide/BD7kd8-A-A-STL1/report.txt	5	3	0	1	0	0	0
/Volumes/GigiMurin/plip/polyketide/BD7khr-c-g-WEV1/report.txt	3	1	0	0	0	0	0
/Volumes/GigiMurin/plip/polyketide/BD7khr-g-g-WEV1/report.txt	3	0	0	0	0	0	0
/Volumes/GigiMurin/plip/polyketide/BD7khr-g-g-WEV2/report.txt	2	0	0	0	0	0	0
/Volumes/GigiMurin/plip/polyketide/BD7khr-k-g-WEV2/report.txt	2	1	0	0	0	0	0
/Volumes/GigiMurin/plip/polyketide/BD7khr-k-l-WEV1/report.txt	2	0	0	0	0	0	0
/Volumes/GigiMurin/plip/polyketide/BD7khr-l-l-WEV1/report.txt	2	0	0	0	0	0	0
/Volumes/GigiMurin/plip/polyketide/BD7khr-l-m-WEV1/report.txt	5	1	0	0	0	0	0
/Volumes/GigiMurin/plip/polyketide/BD7khr-m-m-WEV1/report.txt	2	0	0	0	0	0	0
/Volumes/GigiMurin/plip/polyketide/BD7khr-o-o-WEV1/report.txt	4	0	0	0	0	0	0
/Volumes/GigiMurin/plip/polyketide/BD7khr-p-o-WEV1/report.txt	1	0	0	0	0	0	0
/Volumes/GigiMurin/plip/polyketide/BD7khr-q-p-WEV1/report.txt	2	0	0	0	0	0	0
/Volumes/GigiMurin/plip/polyketide/BD7l7b-C-D-FI81/report.txt	5	3	0	0	0	0	0
/Volumes/GigiMurin/plip/polyketide/BD7l7b-D-D-FI81/report.txt	2	6	3	0	0	0	0
/Volumes/GigiMurin/plip/polyketide/BD7l7b-F-D-FI81/report.txt	2	0	0	0	0	0	0
/Volumes/GigiMurin/plip/polyketide/BD7m0z-B-B-CHU1/report.txt	6	5	0	0	0	2	0
/Volumes/GigiMurin/plip/polyketide/BD7m6m-A-A-TCI1/report.txt	2	0	0	0	0	0	0
/Volumes/GigiMurin/plip/polyketide/BD7m6m-B-B-TCI1/report.txt	2	0	0	0	0	0	0
/Volumes/GigiMurin/plip/polyketide/BD7m6m-C-C-TCI1/report.txt	2	0	0	0	0	0	0
/Volumes/GigiMurin/plip/polyketide/BD7m6m-D-D-TCI1/report.txt	2	0	0	0	0	0	0
/Volumes/GigiMurin/plip/polyketide/BD7m6m-E-E-TCI1/report.txt	2	0	0	0	0	0	0
/Volumes/GigiMurin/plip/polyketide/BD7m6o-A-A-TCI1/report.txt	3	1	0	0	0	0	0
/Volumes/GigiMurin/plip/polyketide/BD7m6o-B-B-TCI1/report.txt	3	1	0	0	0	0	0
/Volumes/GigiMurin/plip/polyketide/BD7m6o-C-C-TCI1/report.txt	3	1	0	0	0	0	0
/Volumes/GigiMurin/plip/polyketide/BD7m6o-D-D-TCI1/report.txt	3	1	0	0	0	0	0
/Volumes/GigiMurin/plip/polyketide/BD7m6o-E-E-TCI1/report.txt	3	1	0	0	0	0	0
/Volumes/GigiMurin/plip/polyketide/BD7m6q-A-A-TCI1/report.txt	4	2	0	0	0	0	0
/Volumes/GigiMurin/plip/polyketide/BD7m6q-B-B-TCI1/report.txt	4	2	0	0	0	0	0
/Volumes/GigiMurin/plip/polyketide/BD7m6q-C-C-TCI1/report.txt	4	2	0	0	0	0	0
/Volumes/GigiMurin/plip/polyketide/BD7m6q-D-D-TCI1/report.txt	4	2	0	0	0	0	0
/Volumes/GigiMurin/plip/polyketide/BD7m6q-E-E-TCI1/report.txt	4	2	0	0	0	0	0
/Volumes/GigiMurin/plip/polyketide/BD7md3-A-G-ZH71/report.txt	1	0	0	0	0	0	0
/Volumes/GigiMurin/plip/polyketide/BD7md3-C-G-ZH71/report.txt	4	0	0	0	0	0	0
/Volumes/GigiMurin/plip/polyketide/BD7md3-D-G-ZH71/report.txt	1	2	0	0	0	0	0
/Volumes/GigiMurin/plip/polyketide/BD7md3-F-G-ZH71/report.txt	2	0	0	0	0	0	0
/Volumes/GigiMurin/plip/polyketide/BD7md3-G-G-ZH71/report.txt	5	2	0	0	0	0	0
/Volumes/GigiMurin/plip/polyketide/BD7mfd-B-B-CHU1/report.txt	6	6	0	0	0	0	0
/Volumes/GigiMurin/plip/polyketide/BD7nfb-A-A-GEN1/report.txt	2	3	0	1	0	0	0
/Volumes/GigiMurin/plip/polyketide/BD7nfb-B-B-GEN1/report.txt	3	4	0	1	0	0	0
/Volumes/GigiMurin/plip/polyketide/BD7nim-A-A-UFK1/report.txt	3	0	0	0	0	0	0
/Volumes/GigiMurin/plip/polyketide/BD7nin-A-A-UFK1/report.txt	4	4	0	0	0	0	0
/Volumes/GigiMurin/plip/polyketide/BD7njv-a-N-BQ11/report.txt	3	0	0	0	0	0	0
/Volumes/GigiMurin/plip/polyketide/BD7njv-M-N-BQ11/report.txt	1	0	0	0	0	0	0
/Volumes/GigiMurin/plip/polyketide/BD7njv-N-N-BQ11/report.txt	4	0	1	0	0	0	0
/Volumes/GigiMurin/plip/polyketide/BD7nso-7-7-ERY1/report.txt	0	0	0	0	0	0	0
/Volumes/GigiMurin/plip/polyketide/BD7nsp-7-7-ERY1/report.txt	2	2	0	0	0	0	0
/Volumes/GigiMurin/plip/polyketide/BD7nug-A-A-USE1/report.txt	0	7	0	0	0	0	0
/Volumes/GigiMurin/plip/polyketide/BD7nuh-A-A-USE1/report.txt	1	8	0	0	0	0	0
/Volumes/GigiMurin/plip/polyketide/BD7owb-A-A-3VL1/report.txt	8	3	1	0	0	0	0
/Volumes/GigiMurin/plip/polyketide/BD7oy1-A-A-3VL1/report.txt	5	3	2	0	0	0	0
/Volumes/GigiMurin/plip/polyketide/BD7oy1-B-B-3VL1/report.txt	7	3	0	0	0	0	0
/Volumes/GigiMurin/plip/polyketide/BD7p4f-A-A-5IK1/report.txt	11	0	0	1	0	0	0
/Volumes/GigiMurin/plip/polyketide/BD7p4j-A-A-TCI1/report.txt	11	0	0	1	0	0	0
/Volumes/GigiMurin/plip/polyketide/BD7phd-A-A-3VL1/report.txt	6	3	1	0	0	0	0
/Volumes/GigiMurin/plip/polyketide/BD7pou-A-A-6JP1/report.txt	4	0	0	1	0	0	0
/Volumes/GigiMurin/plip/polyketide/BD7pqi-A-A-NOV1/report.txt	3	3	2	0	2	0	0
/Volumes/GigiMurin/plip/polyketide/BD7ptf-A-A-NOV1/report.txt	5	2	2	0	2	0	0
/Volumes/GigiMurin/plip/polyketide/BD7ptf-B-B-NOV1/report.txt	5	5	2	0	2	0	0
/Volumes/GigiMurin/plip/polyketide/BD7q2c-A-A-3AV1/report.txt	7	1	0	1	0	0	0
/Volumes/GigiMurin/plip/polyketide/BD7q2c-A-A-3AV2/report.txt	3	0	1	1	2	0	0
/Volumes/GigiMurin/plip/polyketide/BD7q6r-A-A-DEB1/report.txt	6	0	0	0	0	0	0
/Volumes/GigiMurin/plip/polyketide/BD7q6r-B-B-DEB1/report.txt	7	0	0	0	0	0	0
/Volumes/GigiMurin/plip/polyketide/BD7q6r-F-F-DEB1/report.txt	3	0	0	0	0	0	0
/Volumes/GigiMurin/plip/polyketide/BD7q6x-A-A-DEB1/report.txt	9	1	0	0	0	0	0
/Volumes/GigiMurin/plip/polyketide/BD7q6x-D-D-DEB1/report.txt	6	1	0	0	0	0	0
/Volumes/GigiMurin/plip/polyketide/BD7q6x-E-E-DEB1/report.txt	9	1	0	0	0	0	0
/Volumes/GigiMurin/plip/polyketide/BD7q89-A-A-DEB1/report.txt	7	0	0	0	0	0	0
/Volumes/GigiMurin/plip/polyketide/BD7q9o-A-A-STL1/report.txt	5	1	0	0	0	0	0
/Volumes/GigiMurin/plip/polyketide/BD7qak-A-A-5IK1/report.txt	7	3	0	7	0	0	0
/Volumes/GigiMurin/plip/polyketide/BD7qdq-A-A-AU01/report.txt	5	1	0	0	0	0	0
/Volumes/GigiMurin/plip/polyketide/BD7qz6-A-A-DM11/report.txt	3	0	0	0	0	0	0
/Volumes/GigiMurin/plip/polyketide/BD7qz6-B-A-DM11/report.txt	2	1	0	0	0	0	0
/Volumes/GigiMurin/plip/polyketide/BD7qz7-A-B-DM11/report.txt	2	0	0	0	0	0	0
/Volumes/GigiMurin/plip/polyketide/BD7qz7-B-B-DM11/report.txt	2	1	0	0	0	0	0
/Volumes/GigiMurin/plip/polyketide/BD7qz8-A-A-DM11/report.txt	2	0	0	0	0	0	0
/Volumes/GigiMurin/plip/polyketide/BD7qz8-B-A-DM11/report.txt	1	1	0	0	0	0	0
/Volumes/GigiMurin/plip/polyketide/BD7r8r-A-A-8L61/report.txt	6	2	0	0	0	0	0
/Volumes/GigiMurin/plip/polyketide/BD7ras-A-A-A0O1/report.txt	0	1	1	0	0	0	0
/Volumes/GigiMurin/plip/polyketide/BD7ras-A-A-A0O2/report.txt	1	0	1	0	0	0	0
/Volumes/GigiMurin/plip/polyketide/BD7ras-B-B-A0O2/report.txt	1	0	1	0	0	0	0
/Volumes/GigiMurin/plip/polyketide/BD7rau-A-A-A0O1/report.txt	0	1	1	0	0	0	0
/Volumes/GigiMurin/plip/polyketide/BD7rau-A-A-A0O2/report.txt	3	0	2	0	1	0	0
/Volumes/GigiMurin/plip/polyketide/BD7rs4-A-A-7I01/report.txt	12	1	1	1	0	0	0
/Volumes/GigiMurin/plip/polyketide/BD7ry1-A-A-MDC1/report.txt	1	2	0	0	0	0	0
/Volumes/GigiMurin/plip/polyketide/BD7ry1-B-B-MDC1/report.txt	2	3	0	0	0	0	0
/Volumes/GigiMurin/plip/polyketide/BD7ry1-B-C-MDC1/report.txt	1	0	0	0	0	0	0
/Volumes/GigiMurin/plip/polyketide/BD7ry1-C-A-MDC1/report.txt	0	1	0	0	0	0	0
/Volumes/GigiMurin/plip/polyketide/BD7ry1-C-C-MDC1/report.txt	0	3	0	0	0	0	0
/Volumes/GigiMurin/plip/polyketide/BD7s3p-A-A-8L61/report.txt	3	1	0	0	0	0	0
/Volumes/GigiMurin/plip/polyketide/BD7s3p-C-C-8L61/report.txt	6	2	0	0	0	0	0
/Volumes/GigiMurin/plip/polyketide/BD7s3p-D-D-8L61/report.txt	5	2	0	0	0	0	0
/Volumes/GigiMurin/plip/polyketide/BD7sv2-A-A-MWY1/report.txt	4	2	0	0	0	0	0
/Volumes/GigiMurin/plip/polyketide/BD7sv2-A-A-MWY2/report.txt	4	3	0	0	0	0	0
/Volumes/GigiMurin/plip/polyketide/BD7sv2-B-B-MWY1/report.txt	5	4	0	0	0	0	0
/Volumes/GigiMurin/plip/polyketide/BD7sv2-C-C-MWY1/report.txt	4	4	0	0	0	0	0
/Volumes/GigiMurin/plip/polyketide/BD7szj-C-C-RFP1/report.txt	4	7	0	0	0	0	0
/Volumes/GigiMurin/plip/polyketide/BD7t37-A-A-P0T1/report.txt	5	2	0	0	0	0	0
/Volumes/GigiMurin/plip/polyketide/BD7t37-A-D-P0T1/report.txt	4	0	0	0	0	0	0
/Volumes/GigiMurin/plip/polyketide/BD7tao-A-D-WEV1/report.txt	3	0	0	0	0	0	0
/Volumes/GigiMurin/plip/polyketide/BD7tao-A-K-WEV1/report.txt	4	0	0	0	0	0	0
/Volumes/GigiMurin/plip/polyketide/BD7tao-C-D-WEV1/report.txt	4	0	0	0	0	0	0
/Volumes/GigiMurin/plip/polyketide/BD7tao-D-D-WEV1/report.txt	5	0	0	0	0	0	0
/Volumes/GigiMurin/plip/polyketide/BD7tao-D-D-WEV2/report.txt	3	0	0	0	0	0	0
/Volumes/GigiMurin/plip/polyketide/BD7tao-E-D-WEV2/report.txt	4	0	0	0	0	0	0
/Volumes/GigiMurin/plip/polyketide/BD7tao-E-E-WEV1/report.txt	1	1	0	0	0	0	0
/Volumes/GigiMurin/plip/polyketide/BD7tao-F-F-WEV1/report.txt	3	2	0	0	0	0	0
/Volumes/GigiMurin/plip/polyketide/BD7tao-H-G-WEV1/report.txt	3	0	0	0	0	0	0
/Volumes/GigiMurin/plip/polyketide/BD7tao-H-H-WEV1/report.txt	4	2	0	0	0	0	0
/Volumes/GigiMurin/plip/polyketide/BD7tao-I-I-WEV1/report.txt	3	0	0	0	0	0	0
/Volumes/GigiMurin/plip/polyketide/BD7tao-J-I-WEV1/report.txt	6	0	0	0	0	0	0
/Volumes/GigiMurin/plip/polyketide/BD7tao-K-K-WEV1/report.txt	3	0	0	0	0	0	0
/Volumes/GigiMurin/plip/polyketide/BD7tap-C-D-KJL1/report.txt	2	0	0	0	0	0	0
/Volumes/GigiMurin/plip/polyketide/BD7tap-D-D-KJL1/report.txt	6	3	0	0	0	0	0
/Volumes/GigiMurin/plip/polyketide/BD7tap-D-E-KJL1/report.txt	3	2	0	0	0	0	0
/Volumes/GigiMurin/plip/polyketide/BD7tap-E-E-KJL1/report.txt	7	3	0	0	0	0	0
/Volumes/GigiMurin/plip/polyketide/BD7tap-E-F-KJL1/report.txt	3	2	0	0	0	0	0
/Volumes/GigiMurin/plip/polyketide/BD7tap-G-G-KJL1/report.txt	4	3	0	0	0	0	0
/Volumes/GigiMurin/plip/polyketide/BD7te8-A-C-P0T1/report.txt	2	1	0	0	1	0	0
/Volumes/GigiMurin/plip/polyketide/BD7te8-C-C-P0T1/report.txt	4	1	0	0	0	0	0
/Volumes/GigiMurin/plip/polyketide/BD7te8-D-D-P0T1/report.txt	7	2	0	0	0	0	0
/Volumes/GigiMurin/plip/polyketide/BD7ty6-A-A-4DS1/report.txt	4	3	1	0	0	0	0
/Volumes/GigiMurin/plip/polyketide/BD7u0s-A-A-KXX1/report.txt	13	4	0	0	0	0	0
/Volumes/GigiMurin/plip/polyketide/BD7u0s-A-B-KXX1/report.txt	2	0	0	0	0	0	0
/Volumes/GigiMurin/plip/polyketide/BD7u0t-A-B-KXX1/report.txt	5	0	0	0	0	0	0
/Volumes/GigiMurin/plip/polyketide/BD7u0t-B-B-KXX1/report.txt	11	4	0	0	0	0	0
/Volumes/GigiMurin/plip/polyketide/BD7u0u-A-B-FK51/report.txt	3	0	0	0	0	0	0
/Volumes/GigiMurin/plip/polyketide/BD7u0u-B-B-FK51/report.txt	11	8	0	0	0	0	0
/Volumes/GigiMurin/plip/polyketide/BD7uj8-A-A-OHT1/report.txt	9	2	1	0	0	0	0
/Volumes/GigiMurin/plip/polyketide/BD7upg-A-A-KDH1/report.txt	0	2	0	0	0	0	0
/Volumes/GigiMurin/plip/polyketide/BD7upg-A-A-KDH2/report.txt	0	1	0	0	0	0	0
/Volumes/GigiMurin/plip/polyketide/BD7upg-A-E-KDH1/report.txt	0	1	0	0	0	0	0
/Volumes/GigiMurin/plip/polyketide/BD7upg-B-A-KDH2/report.txt	0	1	0	0	0	0	0
/Volumes/GigiMurin/plip/polyketide/BD7upg-C-A-KDH1/report.txt	0	1	0	0	0	0	0
/Volumes/GigiMurin/plip/polyketide/BD7upg-D-B-KDH1/report.txt	0	1	0	0	0	0	0
/Volumes/GigiMurin/plip/polyketide/BD7upg-E-I-KDH1/report.txt	0	1	0	0	0	0	0
/Volumes/GigiMurin/plip/polyketide/BD7upg-F-E-KDH2/report.txt	0	1	0	0	0	0	0
/Volumes/GigiMurin/plip/polyketide/BD7upg-G-C-KDH1/report.txt	0	1	0	0	0	0	0
/Volumes/GigiMurin/plip/polyketide/BD7upg-H-D-KDH1/report.txt	0	1	0	0	0	0	0
/Volumes/GigiMurin/plip/polyketide/BD7v31-C-C-9701/report.txt	0	1	0	1	0	0	0
/Volumes/GigiMurin/plip/polyketide/BD7v31-Q-C-9701/report.txt	2	1	0	0	0	0	0
/Volumes/GigiMurin/plip/polyketide/BD7v33-C-Q-9701/report.txt	1	1	0	0	0	0	0
/Volumes/GigiMurin/plip/polyketide/BD7v33-Q-Q-9701/report.txt	3	1	0	0	0	0	0
/Volumes/GigiMurin/plip/polyketide/BD7v3d-A-A-5M51/report.txt	4	5	0	0	0	0	0
/Volumes/GigiMurin/plip/polyketide/BD7v3d-A-B-5M51/report.txt	2	0	0	0	0	0	0
/Volumes/GigiMurin/plip/polyketide/BD7vb8-A-A-STL1/report.txt	4	1	0	1	0	0	0
/Volumes/GigiMurin/plip/polyketide/BD7vb8-B-B-STL1/report.txt	4	1	0	1	0	0	0
/Volumes/GigiMurin/plip/polyketide/BD7vbz-C-Q-9701/report.txt	1	1	0	0	0	0	0
/Volumes/GigiMurin/plip/polyketide/BD7vbz-Q-Q-9701/report.txt	3	1	0	0	0	0	0
/Volumes/GigiMurin/plip/polyketide/BD7vej-A-A-KMP1/report.txt	2	1	0	0	0	0	0
/Volumes/GigiMurin/plip/polyketide/BD7vej-B-B-KMP1/report.txt	6	1	0	0	0	0	0
/Volumes/GigiMurin/plip/polyketide/BD7vez-A-A-NAR1/report.txt	7	4	0	0	0	0	0
/Volumes/GigiMurin/plip/polyketide/BD7vez-C-C-NAR1/report.txt	6	5	0	0	0	0	0
/Volumes/GigiMurin/plip/polyketide/BD7vez-D-D-NAR1/report.txt	5	6	0	0	0	0	0
/Volumes/GigiMurin/plip/polyketide/BD7vf0-A-A-NAR1/report.txt	6	6	0	0	0	0	0
/Volumes/GigiMurin/plip/polyketide/BD7vf0-B-B-NAR1/report.txt	5	5	0	0	0	0	0
/Volumes/GigiMurin/plip/polyketide/BD7vf0-C-C-NAR1/report.txt	7	5	0	0	0	0	0
/Volumes/GigiMurin/plip/polyketide/BD7vl7-A-A-7OU1/report.txt	1	4	1	1	0	0	0
/Volumes/GigiMurin/plip/polyketide/BD7vnh-A-A-BHF1/report.txt	10	2	0	3	0	0	0
/Volumes/GigiMurin/plip/polyketide/BD7vnh-B-B-BHF1/report.txt	8	1	0	4	0	0	0
/Volumes/GigiMurin/plip/polyketide/BD7vum-A-A-QUE1/report.txt	2	0	0	0	0	0	0
/Volumes/GigiMurin/plip/polyketide/BD7vum-C-A-QUE1/report.txt	0	1	0	0	0	0	0
/Volumes/GigiMurin/plip/polyketide/BD7vyf-C-C-9701/report.txt	1	1	0	0	0	0	0
/Volumes/GigiMurin/plip/polyketide/BD7vyf-Q-C-9701/report.txt	2	1	0	0	0	0	0
/Volumes/GigiMurin/plip/polyketide/BD7w15-A-A-ERY1/report.txt	9	2	2	0	0	0	0
/Volumes/GigiMurin/plip/polyketide/BD7w15-B-B-ERY1/report.txt	7	2	2	0	0	0	0
/Volumes/GigiMurin/plip/polyketide/BD7w1t-C-C-9701/report.txt	1	1	0	0	0	0	0
/Volumes/GigiMurin/plip/polyketide/BD7w1t-Q-C-9701/report.txt	2	1	0	0	0	0	0
/Volumes/GigiMurin/plip/polyketide/BD7w1u-C-C-9701/report.txt	1	1	0	0	0	0	0
/Volumes/GigiMurin/plip/polyketide/BD7w1u-Q-C-9701/report.txt	1	1	0	0	0	0	0
/Volumes/GigiMurin/plip/polyketide/BD7w1v-C-C-9701/report.txt	0	0	0	0	0	0	0
/Volumes/GigiMurin/plip/polyketide/BD7w1v-Q-C-9701/report.txt	1	1	0	0	0	0	0
/Volumes/GigiMurin/plip/polyketide/BD7w1z-C-Q-9701/report.txt	2	0	0	0	0	0	0
/Volumes/GigiMurin/plip/polyketide/BD7w1z-Q-Q-9701/report.txt	2	1	0	0	0	0	0
/Volumes/GigiMurin/plip/polyketide/BD7w20-C-C-9701/report.txt	2	1	0	0	0	0	0
/Volumes/GigiMurin/plip/polyketide/BD7w20-Q-C-9701/report.txt	3	1	0	0	0	0	0
/Volumes/GigiMurin/plip/polyketide/BD7w6d-A-A-4MX1/report.txt	7	5	0	0	0	0	0
/Volumes/GigiMurin/plip/polyketide/BD7w6d-B-B-4MX1/report.txt	8	5	0	0	0	0	0
/Volumes/GigiMurin/plip/polyketide/BD7w9q-A-A-90Q1/report.txt	1	2	0	0	0	0	0
/Volumes/GigiMurin/plip/polyketide/BD7w9q-B-B-90Q1/report.txt	2	3	0	0	0	0	0
/Volumes/GigiMurin/plip/polyketide/BD7waq-A-A-STL1/report.txt	4	3	0	0	0	0	0
/Volumes/GigiMurin/plip/polyketide/BD7waq-C-C-STL1/report.txt	5	4	0	0	0	0	0
/Volumes/GigiMurin/plip/polyketide/BD7waq-D-D-STL1/report.txt	4	2	0	1	0	0	0
/Volumes/GigiMurin/plip/polyketide/BD7war-A-A-8KZ1/report.txt	5	1	0	1	0	0	0
/Volumes/GigiMurin/plip/polyketide/BD7was-A-A-3RL1/report.txt	6	0	0	0	0	0	0
/Volumes/GigiMurin/plip/polyketide/BD7was-B-B-3RL1/report.txt	6	0	0	0	0	0	0
/Volumes/GigiMurin/plip/polyketide/BD7wh9-A-A-EMO1/report.txt	4	3	0	0	0	0	0
/Volumes/GigiMurin/plip/polyketide/BD7wh9-B-B-EMO1/report.txt	4	5	0	0	0	0	0
/Volumes/GigiMurin/plip/polyketide/BD7wh9-C-C-EMO1/report.txt	6	6	0	0	0	0	0
/Volumes/GigiMurin/plip/polyketide/BD7wqq-A-A-5Z61/report.txt	15	3	1	0	0	0	0
/Volumes/GigiMurin/plip/polyketide/BD7wsm-A-A-5RH1/report.txt	6	6	0	0	0	0	0
/Volumes/GigiMurin/plip/polyketide/BD7wsn-A-A-5RH1/report.txt	5	6	0	0	0	0	0
/Volumes/GigiMurin/plip/polyketide/BD7x5n-A-A-5M51/report.txt	5	5	0	0	0	0	0
/Volumes/GigiMurin/plip/polyketide/BD7x5n-A-B-5M51/report.txt	2	0	0	0	0	0	0
/Volumes/GigiMurin/plip/polyketide/BD7x5n-B-B-5M51/report.txt	6	4	0	0	0	0	0
/Volumes/GigiMurin/plip/polyketide/BD7x5p-A-A-DXT1/report.txt	2	0	1	1	0	0	0
/Volumes/GigiMurin/plip/polyketide/BD7x5p-B-B-DXT1/report.txt	3	7	1	1	0	0	0
/Volumes/GigiMurin/plip/polyketide/BD7x5p-D-D-DXT1/report.txt	3	3	1	1	0	0	0
/Volumes/GigiMurin/plip/polyketide/BD7x5p-F-F-DXT1/report.txt	1	1	0	1	0	0	0
/Volumes/GigiMurin/plip/polyketide/BD7xax-A-A-3WL1/report.txt	2	4	0	1	0	0	0
/Volumes/GigiMurin/plip/polyketide/BD7xbo-A-A-E4H1/report.txt	9	0	0	0	0	0	0
/Volumes/GigiMurin/plip/polyketide/BD7xbo-B-B-E4H1/report.txt	5	0	0	0	0	0	0
/Volumes/GigiMurin/plip/polyketide/BD7xvy-A-A-I0K1/report.txt	5	3	0	1	0	0	0
/Volumes/GigiMurin/plip/polyketide/BD7xvy-B-B-I0K1/report.txt	6	3	0	1	0	0	0
/Volumes/GigiMurin/plip/polyketide/BD7yb2-A-A-EMO1/report.txt	4	5	0	2	1	0	0
/Volumes/GigiMurin/plip/polyketide/BD7yb2-B-B-EMO1/report.txt	4	4	0	2	0	0	0
/Volumes/GigiMurin/plip/polyketide/BD7yb2-C-C-EMO1/report.txt	5	5	0	2	0	0	0
/Volumes/GigiMurin/plip/polyketide/BD7yb2-D-D-EMO1/report.txt	3	5	0	2	0	0	0
/Volumes/GigiMurin/plip/polyketide/BD7yj7-A-A-NAR1/report.txt	5	4	0	0	0	0	0
/Volumes/GigiMurin/plip/polyketide/BD7yj8-A-A-KML1/report.txt	7	3	0	0	0	0	0
/Volumes/GigiMurin/plip/polyketide/BD7yj9-A-A-NAR1/report.txt	8	5	0	0	0	0	0
/Volumes/GigiMurin/plip/polyketide/BD7yja-A-A-KML1/report.txt	6	3	0	0	0	0	0
/Volumes/GigiMurin/plip/polyketide/BD7yjb-A-A-ERD1/report.txt	5	6	0	0	0	0	0
/Volumes/GigiMurin/plip/polyketide/BD7yqf-A-A-JN01/report.txt	5	4	0	0	0	0	0
/Volumes/GigiMurin/plip/polyketide/BD7ysx-A-A-JU31/report.txt	1	4	0	1	0	0	0
/Volumes/GigiMurin/plip/polyketide/BD7yv4-A-A-JXY1/report.txt	7	2	0	0	1	0	0
/Volumes/GigiMurin/plip/polyketide/BD7yyb-B-B-QX41/report.txt	4	0	0	0	0	0	0
/Volumes/GigiMurin/plip/polyketide/BD7z60-B-B-J6O1/report.txt	1	1	1	0	0	0	0
/Volumes/GigiMurin/plip/polyketide/BD7zo2-A-A-DQM1/report.txt	3	6	7	0	0	0	0
/Volumes/GigiMurin/plip/polyketide/BD8a0l-B-B-KLC1/report.txt	4	6	1	0	0	0	0
/Volumes/GigiMurin/plip/polyketide/BD8a0o-A-A-KMC1/report.txt	5	1	0	1	0	0	0
/Volumes/GigiMurin/plip/polyketide/BD8a0p-A-A-MRI1/report.txt	4	2	0	0	0	0	0
/Volumes/GigiMurin/plip/polyketide/BD8a0q-A-A-3WL1/report.txt	5	1	0	1	0	0	0
/Volumes/GigiMurin/plip/polyketide/BD8a0r-A-A-KML1/report.txt	9	1	0	0	0	0	0
/Volumes/GigiMurin/plip/polyketide/BD8a9q-A-A-RWF1/report.txt	7	0	1	0	0	0	0
/Volumes/GigiMurin/plip/polyketide/BD8a9q-B-B-RWF1/report.txt	5	4	1	0	1	0	0
/Volumes/GigiMurin/plip/polyketide/BD8abt-A-A-STL1/report.txt	6	2	0	0	0	0	0
/Volumes/GigiMurin/plip/polyketide/BD8abt-B-B-STL1/report.txt	6	2	0	0	0	0	0
/Volumes/GigiMurin/plip/polyketide/BD8abu-A-A-LJU1/report.txt	4	4	0	1	0	0	0
/Volumes/GigiMurin/plip/polyketide/BD8abv-A-A-LJL1/report.txt	7	5	0	2	0	0	0
/Volumes/GigiMurin/plip/polyketide/BD8abw-A-A-LHX1/report.txt	4	3	0	2	0	0	0
/Volumes/GigiMurin/plip/polyketide/BD8agq-A-A-M5O1/report.txt	4	3	0	1	0	0	0
/Volumes/GigiMurin/plip/polyketide/BD8aka-A-A-STL1/report.txt	6	2	0	0	0	0	0
/Volumes/GigiMurin/plip/polyketide/BD8b35-A-A-NAR1/report.txt	7	4	0	0	0	0	0
/Volumes/GigiMurin/plip/polyketide/BD8b3c-A-A-ERD1/report.txt	3	6	0	0	0	0	0
/Volumes/GigiMurin/plip/polyketide/BD8b50-H-H-P0M1/report.txt	1	0	2	3	0	0	0
/Volumes/GigiMurin/plip/polyketide/BD8b50-L-H-P0M1/report.txt	0	3	0	0	0	0	0
/Volumes/GigiMurin/plip/polyketide/BD8b7r-A-A-Q0X1/report.txt	3	4	0	0	0	0	0
/Volumes/GigiMurin/plip/polyketide/BD8b7r-B-B-Q0X1/report.txt	4	5	0	0	1	0	0
/Volumes/GigiMurin/plip/polyketide/BD8b7r-C-C-Q0X1/report.txt	5	5	0	0	0	0	0
/Volumes/GigiMurin/plip/polyketide/BD8b7r-D-D-Q0X1/report.txt	7	4	0	0	0	0	0
/Volumes/GigiMurin/plip/polyketide/BD8b7u-A-A-DQH1/report.txt	5	6	0	1	0	0	0
/Volumes/GigiMurin/plip/polyketide/BD8b7u-A-A-DQH2/report.txt	2	2	0	0	0	0	0
/Volumes/GigiMurin/plip/polyketide/BD8b7u-B-B-DQH1/report.txt	3	6	0	1	0	0	0
/Volumes/GigiMurin/plip/polyketide/BD8b7u-B-B-DQH2/report.txt	4	1	0	0	0	0	0
/Volumes/GigiMurin/plip/polyketide/BD8b7u-B-I-DQH2/report.txt	0	0	0	0	0	0	0
/Volumes/GigiMurin/plip/polyketide/BD8b7u-D-D-DQH2/report.txt	2	4	0	1	0	0	0
/Volumes/GigiMurin/plip/polyketide/BD8b7u-G-G-DQH1/report.txt	5	6	0	1	0	0	0
/Volumes/GigiMurin/plip/polyketide/BD8b7u-G-G-DQH2/report.txt	4	4	0	0	0	0	0
/Volumes/GigiMurin/plip/polyketide/BD8b7u-I-B-DQH2/report.txt	0	1	0	0	0	0	0
/Volumes/GigiMurin/plip/polyketide/BD8b7u-I-I-DQH2/report.txt	1	1	0	1	0	0	0
/Volumes/GigiMurin/plip/polyketide/BD8b7u-K-K-DQH2/report.txt	5	2	0	0	0	0	0
/Volumes/GigiMurin/plip/polyketide/BD8b7z-A-A-DQH1/report.txt	3	5	0	1	0	0	0
/Volumes/GigiMurin/plip/polyketide/BD8b7z-A-A-DQH2/report.txt	5	3	0	0	0	0	0
/Volumes/GigiMurin/plip/polyketide/BD8b7z-A-O-DQH3/report.txt	1	0	0	0	0	0	0
/Volumes/GigiMurin/plip/polyketide/BD8b7z-B-I-DQH3/report.txt	0	0	0	0	0	0	0
/Volumes/GigiMurin/plip/polyketide/BD8b7z-C-C-DQH2/report.txt	5	1	0	0	0	0	0
/Volumes/GigiMurin/plip/polyketide/BD8b7z-I-I-DQH1/report.txt	2	5	0	1	0	0	0
/Volumes/GigiMurin/plip/polyketide/BD8b7z-I-I-DQH2/report.txt	4	1	0	0	0	0	0
/Volumes/GigiMurin/plip/polyketide/BD8b7z-I-I-DQH3/report.txt	1	2	0	0	0	0	0
/Volumes/GigiMurin/plip/polyketide/BD8b7z-J-N-DQH4/report.txt	1	1	0	0	0	0	0
/Volumes/GigiMurin/plip/polyketide/BD8b7z-M-M-DQH3/report.txt	2	1	0	0	0	0	0
/Volumes/GigiMurin/plip/polyketide/BD8b7z-M-N-DQH5/report.txt	0	1	0	0	0	0	0
/Volumes/GigiMurin/plip/polyketide/BD8b7z-M-O-DQH3/report.txt	1	2	0	0	0	0	0
/Volumes/GigiMurin/plip/polyketide/BD8b7z-M-O-DQH4/report.txt	0	2	0	0	0	0	0
/Volumes/GigiMurin/plip/polyketide/BD8b7z-M-O-DQH5/report.txt	0	1	0	0	0	0	0
/Volumes/GigiMurin/plip/polyketide/BD8b7z-N-N-DQH1/report.txt	2	5	0	1	0	0	0
/Volumes/GigiMurin/plip/polyketide/BD8b7z-N-N-DQH3/report.txt	1	4	0	0	0	0	0
/Volumes/GigiMurin/plip/polyketide/BD8b7z-N-N-DQH4/report.txt	2	2	0	0	0	0	0
/Volumes/GigiMurin/plip/polyketide/BD8b7z-N-N-DQH5/report.txt	0	4	0	0	0	0	0
/Volumes/GigiMurin/plip/polyketide/BD8b7z-O-M-DQH3/report.txt	0	1	0	0	0	0	0
/Volumes/GigiMurin/plip/polyketide/BD8b7z-P-O-DQH5/report.txt	0	2	0	0	0	0	0
/Volumes/GigiMurin/plip/polyketide/BD8b7z-P-P-DQH3/report.txt	2	1	0	0	0	0	0
/Volumes/GigiMurin/plip/polyketide/BD8b7z-P-P-DQH4/report.txt	1	1	0	0	1	0	0
/Volumes/GigiMurin/plip/polyketide/BD8bdf-B-B-R421/report.txt	10	6	2	1	0	0	0
/Volumes/GigiMurin/plip/polyketide/BD8bjh-A-A-LAB1/report.txt	4	5	1	0	0	0	0
/Volumes/GigiMurin/plip/polyketide/BD8bjh-B-A-LAB1/report.txt	1	0	0	0	0	0	0
/Volumes/GigiMurin/plip/polyketide/BD8bjj-A-A-LAB1/report.txt	4	5	1	0	0	0	0
/Volumes/GigiMurin/plip/polyketide/BD8bjj-B-A-LAB1/report.txt	0	0	0	0	0	0	0
/Volumes/GigiMurin/plip/polyketide/BD8bo1-A-A-LAB1/report.txt	5	4	1	0	0	0	0
/Volumes/GigiMurin/plip/polyketide/BD8br0-A-A-LAB1/report.txt	5	5	1	0	0	0	0
/Volumes/GigiMurin/plip/polyketide/BD8br1-A-A-LAB1/report.txt	6	5	1	0	0	0	0
/Volumes/GigiMurin/plip/polyketide/BD8bzs-A-A-3WL1/report.txt	4	1	0	3	0	0	0
/Volumes/GigiMurin/plip/polyketide/BD8c0q-A-A-SWU1/report.txt	3	3	0	0	0	0	0
/Volumes/GigiMurin/plip/polyketide/BD8c0r-A-A-SXL1/report.txt	4	3	0	0	0	0	0
/Volumes/GigiMurin/plip/polyketide/BD8c3q-A-A-RUT1/report.txt	6	7	0	2	0	0	0
/Volumes/GigiMurin/plip/polyketide/BD8c3q-B-B-RUT1/report.txt	7	9	0	2	0	0	0
/Volumes/GigiMurin/plip/polyketide/BD8clg-B-B-EP1/report.txt	7	2	0	0	0	0	0
/Volumes/GigiMurin/plip/polyketide/BD8clg-D-D-EP1/report.txt	6	3	0	0	0	0	0
/Volumes/GigiMurin/plip/polyketide/BD8clh-B-B-EP1/report.txt	6	1	0	0	0	0	0
/Volumes/GigiMurin/plip/polyketide/BD8clh-B-B-POU1/report.txt	3	2	0	0	0	0	0
/Volumes/GigiMurin/plip/polyketide/BD8clh-D-D-EP1/report.txt	9	3	0	0	0	0	0
/Volumes/GigiMurin/plip/polyketide/BD8cno-A-A-STL1/report.txt	7	0	0	0	0	0	0
/Volumes/GigiMurin/plip/polyketide/BD8cno-B-B-STL1/report.txt	8	2	0	0	0	0	0
/Volumes/GigiMurin/plip/polyketide/BD8dqp-A-A-T831/report.txt	3	1	1	3	0	0	0
/Volumes/GigiMurin/plip/polyketide/BD8dqq-A-A-07L1/report.txt	3	1	1	2	0	0	0
/Volumes/GigiMurin/plip/polyketide/BD8dse-A-A-QCT1/report.txt	0	0	0	0	0	0	0
/Volumes/GigiMurin/plip/polyketide/BD8dsh-A-A-QCT1/report.txt	7	4	0	0	0	0	0
/Volumes/GigiMurin/plip/polyketide/BD8e3n-A-A-VA01/report.txt	15	6	0	0	0	0	0
/Volumes/GigiMurin/plip/polyketide/BD8eq5-A-A-QCT1/report.txt	4	1	1	1	0	0	0
/Volumes/GigiMurin/plip/polyketide/BD8er6-A-A-XYU1/report.txt	9	5	0	0	0	0	0
/Volumes/GigiMurin/plip/polyketide/BD8er6-B-A-XYU1/report.txt	13	0	0	0	0	0	0
/Volumes/GigiMurin/plip/polyketide/BD8er6-C-A-XYU1/report.txt	0	1	0	0	0	0	0
/Volumes/GigiMurin/plip/polyketide/BD8er6-E-E-XYU1/report.txt	8	5	0	0	0	0	0
/Volumes/GigiMurin/plip/polyketide/BD8er6-F-E-XYU1/report.txt	14	0	0	0	0	0	0
/Volumes/GigiMurin/plip/polyketide/BD8era-A-B-XYU1/report.txt	2	0	0	0	0	0	0
/Volumes/GigiMurin/plip/polyketide/BD8era-B-B-XYU1/report.txt	2	2	0	0	0	0	0
/Volumes/GigiMurin/plip/polyketide/BD8f2k-B-E-XBC1/report.txt	5	1	0	0	0	0	0
/Volumes/GigiMurin/plip/polyketide/BD8f2k-C-F-XBC1/report.txt	9	1	0	0	0	0	0
/Volumes/GigiMurin/plip/polyketide/BD8f2k-E-E-XBC1/report.txt	2	2	0	0	0	0	0
/Volumes/GigiMurin/plip/polyketide/BD8f2k-F-F-XBC1/report.txt	1	2	0	1	0	0	0
/Volumes/GigiMurin/plip/polyketide/BD8f4v-A-A-IVM1/report.txt	1	0	0	0	0	0	0
/Volumes/GigiMurin/plip/polyketide/BD8f4v-A-A-IVM2/report.txt	5	0	0	0	0	0	0
/Volumes/GigiMurin/plip/polyketide/BD8fe1-A-A-IVM1/report.txt	5	2	0	0	0	0	0
/Volumes/GigiMurin/plip/polyketide/BD8fe1-A-A-IVM2/report.txt	6	1	0	0	0	0	0
/Volumes/GigiMurin/plip/polyketide/BD8fe1-B-A-IVM2/report.txt	5	1	0	0	0	0	0
/Volumes/GigiMurin/plip/polyketide/BD8fe1-D-D-IVM1/report.txt	6	0	0	0	0	0	0
/Volumes/GigiMurin/plip/polyketide/BD8fe1-E-A-IVM1/report.txt	1	0	0	0	0	0	0
/Volumes/GigiMurin/plip/polyketide/BD8fe1-E-D-IVM1/report.txt	5	0	0	0	0	0	0
/Volumes/GigiMurin/plip/polyketide/BD8fen-A-A-DQH1/report.txt	2	10	0	0	0	0	0
/Volumes/GigiMurin/plip/polyketide/BD8feu-A-A-NAR1/report.txt	3	4	0	0	0	0	0
/Volumes/GigiMurin/plip/polyketide/BD8fev-A-A-DQH1/report.txt	2	3	0	0	0	0	0
/Volumes/GigiMurin/plip/polyketide/BD8fev-B-B-DQH1/report.txt	4	2	0	0	0	0	0
/Volumes/GigiMurin/plip/polyketide/BD8few-A-A-NAR1/report.txt	4	3	0	0	0	0	0
/Volumes/GigiMurin/plip/polyketide/BD8ffs-A-A-ERY1/report.txt	11	1	0	0	0	0	0
/Volumes/GigiMurin/plip/polyketide/BD8fio-A-A-NAR1/report.txt	2	2	0	0	0	0	0
/Volumes/GigiMurin/plip/polyketide/BD8foa-A-A-GEN1/report.txt	1	0	0	0	0	0	0
/Volumes/GigiMurin/plip/polyketide/BD8foa-A-D-GEN1/report.txt	0	0	0	0	0	0	0
/Volumes/GigiMurin/plip/polyketide/BD8foa-B-A-GEN1/report.txt	1	0	0	0	0	0	0
/Volumes/GigiMurin/plip/polyketide/BD8foa-C-A-GEN1/report.txt	3	0	0	0	0	0	0
/Volumes/GigiMurin/plip/polyketide/BD8foa-C-D-GEN1/report.txt	1	0	0	0	0	0	0
/Volumes/GigiMurin/plip/polyketide/BD8foa-D-D-GEN1/report.txt	2	1	0	0	0	0	0
/Volumes/GigiMurin/plip/polyketide/BD8fu2-A-A-PIT1/report.txt	2	3	0	2	0	0	0
/Volumes/GigiMurin/plip/polyketide/BD8fu2-A-A-PIT2/report.txt	5	2	0	0	0	0	0
/Volumes/GigiMurin/plip/polyketide/BD8fu2-B-B-PIT1/report.txt	3	4	0	2	0	0	0
/Volumes/GigiMurin/plip/polyketide/BD8fu2-B-B-PIT2/report.txt	3	5	0	0	1	0	0
/Volumes/GigiMurin/plip/polyketide/BD8fu2-C-C-PIT1/report.txt	2	3	0	2	0	0	0
/Volumes/GigiMurin/plip/polyketide/BD8fu2-C-C-PIT2/report.txt	5	2	0	0	1	0	0
/Volumes/GigiMurin/plip/polyketide/BD8fu2-D-D-PIT1/report.txt	2	4	0	2	1	0	0
/Volumes/GigiMurin/plip/polyketide/BD8fu2-D-D-PIT2/report.txt	4	5	0	0	1	0	0
/Volumes/GigiMurin/plip/polyketide/BD8fu2-D-D-PIT3/report.txt	1	0	0	0	0	0	0
/Volumes/GigiMurin/plip/polyketide/BD8fu5-A-A-PIT1/report.txt	3	3	0	2	0	0	0
/Volumes/GigiMurin/plip/polyketide/BD8fu5-B-B-PIT1/report.txt	3	4	0	2	0	0	0
/Volumes/GigiMurin/plip/polyketide/BD8fu5-C-C-PIT1/report.txt	3	3	0	2	0	0	0
/Volumes/GigiMurin/plip/polyketide/BD8fu5-D-D-PIT1/report.txt	3	4	0	2	1	0	0
/Volumes/GigiMurin/plip/polyketide/BD8g1a-A-A-P0T1/report.txt	9	0	0	0	0	0	0
/Volumes/GigiMurin/plip/polyketide/BD8g1a-A-A-P0T2/report.txt	10	0	0	0	0	0	0
/Volumes/GigiMurin/plip/polyketide/BD8g5y-Lo-L5-3H31/report.txt	1	0	0	0	0	0	0
/Volumes/GigiMurin/plip/polyketide/BD8g5z-Lo-L5-3H31/report.txt	1	0	1	0	0	0	0
/Volumes/GigiMurin/plip/polyketide/BD8g60-Lo-L5-3H31/report.txt	2	0	0	0	0	0	0
/Volumes/GigiMurin/plip/polyketide/BD8g61-Lo-L5-3H31/report.txt	2	0	1	0	0	0	0
/Volumes/GigiMurin/plip/polyketide/BD8gk0-C-C-ERY1/report.txt	9	1	0	0	0	0	0
/Volumes/GigiMurin/plip/polyketide/BD8gkn-A-A-NAR1/report.txt	4	2	0	2	0	0	0
/Volumes/GigiMurin/plip/polyketide/BD8gkn-B-B-NAR1/report.txt	7	0	0	2	0	0	0
/Volumes/GigiMurin/plip/polyketide/BD8glp-Lo-L5-3H31/report.txt	0	0	1	0	0	0	0
/Volumes/GigiMurin/plip/polyketide/BD8gqt-D-D-QUE1/report.txt	2	3	0	0	0	0	0
/Volumes/GigiMurin/plip/polyketide/BD8gv8-A-A-4KU1/report.txt	2	0	0	1	0	0	0
/Volumes/GigiMurin/plip/polyketide/BD8gv8-B-B-4KU1/report.txt	1	0	0	1	0	0	0
/Volumes/GigiMurin/plip/polyketide/BD8hdg-A-A-NUT1/report.txt	4	0	0	0	0	0	0
/Volumes/GigiMurin/plip/polyketide/BD8hdg-C-B-NUT1/report.txt	1	0	0	0	0	0	0
/Volumes/GigiMurin/plip/polyketide/BD8hi9-A-A-LKR1/report.txt	1	6	0	0	0	0	0
/Volumes/GigiMurin/plip/polyketide/BD8hi9-B-B-LKR1/report.txt	1	4	0	0	0	0	0
/Volumes/GigiMurin/plip/polyketide/BD8huq-A-A-MUO1/report.txt	7	2	1	0	0	0	0
/Volumes/GigiMurin/plip/polyketide/BD8i94-A-A-LU21/report.txt	4	0	0	2	0	0	0
/Volumes/GigiMurin/plip/polyketide/BD8i94-B-B-LU21/report.txt	5	0	0	1	0	0	0
/Volumes/GigiMurin/plip/polyketide/BD8ia5-A-A-NUT1/report.txt	6	0	0	0	0	0	0
/Volumes/GigiMurin/plip/polyketide/BD8ibu-R-R-ERY1/report.txt	8	1	1	0	0	0	0
/Volumes/GigiMurin/plip/polyketide/BD8ie5-A-A-EZE1/report.txt	7	5	0	0	0	0	0
/Volumes/GigiMurin/plip/polyketide/BD8ie6-A-A-8KZ1/report.txt	5	4	0	0	0	0	0
/Volumes/GigiMurin/plip/polyketide/BD8ie7-A-A-3RL1/report.txt	5	3	0	0	0	0	0
/Volumes/GigiMurin/plip/polyketide/BD8ie8-A-A-P5O1/report.txt	3	4	0	0	0	0	0
/Volumes/GigiMurin/plip/polyketide/BD8ime-A-A-0XE1/report.txt	1	4	3	1	1	0	0
/Volumes/GigiMurin/plip/polyketide/BD8ime-B-B-0XE1/report.txt	0	6	1	1	1	0	0
/Volumes/GigiMurin/plip/polyketide/BD8imf-B-B-3WL1/report.txt	5	1	0	1	0	0	0
/Volumes/GigiMurin/plip/polyketide/BD8ita-A-A-R0U1/report.txt	4	5	0	0	1	0	0
/Volumes/GigiMurin/plip/polyketide/BD8j00-A-A-P0T1/report.txt	3	1	0	0	0	0	0
/Volumes/GigiMurin/plip/polyketide/BD8j00-A-A-P0T2/report.txt	3	0	0	0	0	0	0
/Volumes/GigiMurin/plip/polyketide/BD8j00-A-C-P0T2/report.txt	1	0	0	0	0	0	0
/Volumes/GigiMurin/plip/polyketide/BD8j00-A-D-P0T1/report.txt	7	0	0	0	0	0	0
/Volumes/GigiMurin/plip/polyketide/BD8j00-A-D-P0T2/report.txt	0	1	0	0	0	0	0
/Volumes/GigiMurin/plip/polyketide/BD8j00-B-A-P0T1/report.txt	7	0	0	0	0	0	0
/Volumes/GigiMurin/plip/polyketide/BD8j00-B-A-P0T2/report.txt	1	1	0	0	0	0	0
/Volumes/GigiMurin/plip/polyketide/BD8j00-B-B-P0T1/report.txt	3	1	0	0	0	0	0
/Volumes/GigiMurin/plip/polyketide/BD8j00-B-B-P0T2/report.txt	3	0	0	0	0	0	0
/Volumes/GigiMurin/plip/polyketide/BD8j00-B-D-P0T2/report.txt	1	0	0	0	0	0	0
/Volumes/GigiMurin/plip/polyketide/BD8j00-C-A-P0T2/report.txt	1	0	0	0	0	0	0
/Volumes/GigiMurin/plip/polyketide/BD8j00-C-B-P0T1/report.txt	7	0	0	0	0	0	0
/Volumes/GigiMurin/plip/polyketide/BD8j00-C-B-P0T2/report.txt	1	1	0	0	0	0	0
/Volumes/GigiMurin/plip/polyketide/BD8j00-C-C-P0T1/report.txt	3	1	0	0	0	0	0
/Volumes/GigiMurin/plip/polyketide/BD8j00-C-C-P0T2/report.txt	3	0	0	0	0	0	0
/Volumes/GigiMurin/plip/polyketide/BD8j00-D-B-P0T2/report.txt	1	0	0	0	0	0	0
/Volumes/GigiMurin/plip/polyketide/BD8j00-D-C-P0T1/report.txt	7	0	0	0	0	0	0
/Volumes/GigiMurin/plip/polyketide/BD8j00-D-C-P0T2/report.txt	0	1	0	0	0	0	0
/Volumes/GigiMurin/plip/polyketide/BD8j00-D-D-P0T1/report.txt	3	1	0	0	0	0	0
/Volumes/GigiMurin/plip/polyketide/BD8j00-D-D-P0T2/report.txt	3	0	0	0	0	0	0
/Volumes/GigiMurin/plip/polyketide/BD8j01-A-A-P0T1/report.txt	1	0	0	0	0	0	0
/Volumes/GigiMurin/plip/polyketide/BD8j01-A-A-P0T2/report.txt	2	0	0	0	0	0	0
/Volumes/GigiMurin/plip/polyketide/BD8j01-A-B-P0T1/report.txt	7	1	0	0	0	0	0
/Volumes/GigiMurin/plip/polyketide/BD8j01-A-B-P0T2/report.txt	0	1	0	0	0	0	0
/Volumes/GigiMurin/plip/polyketide/BD8j01-A-D-P0T2/report.txt	1	0	0	0	0	0	0
/Volumes/GigiMurin/plip/polyketide/BD8j01-B-B-P0T1/report.txt	1	0	0	0	0	0	0
/Volumes/GigiMurin/plip/polyketide/BD8j01-B-B-P0T2/report.txt	3	0	0	0	0	0	0
/Volumes/GigiMurin/plip/polyketide/BD8j01-B-D-P0T1/report.txt	8	1	0	0	0	0	0
/Volumes/GigiMurin/plip/polyketide/BD8j01-B-D-P0T2/report.txt	2	1	0	0	0	0	0
/Volumes/GigiMurin/plip/polyketide/BD8j01-B-G-P0T2/report.txt	1	0	0	0	0	0	0
/Volumes/GigiMurin/plip/polyketide/BD8j01-D-A-P0T2/report.txt	1	0	0	0	0	0	0
/Volumes/GigiMurin/plip/polyketide/BD8j01-D-D-P0T1/report.txt	0	0	0	0	0	0	0
/Volumes/GigiMurin/plip/polyketide/BD8j01-D-D-P0T2/report.txt	3	1	0	0	0	0	0
/Volumes/GigiMurin/plip/polyketide/BD8j01-D-G-P0T1/report.txt	7	1	0	0	0	0	0
/Volumes/GigiMurin/plip/polyketide/BD8j01-D-G-P0T2/report.txt	1	1	0	0	0	0	0
/Volumes/GigiMurin/plip/polyketide/BD8j01-G-A-P0T1/report.txt	7	0	0	0	0	0	0
/Volumes/GigiMurin/plip/polyketide/BD8j01-G-A-P0T2/report.txt	0	1	0	0	0	0	0
/Volumes/GigiMurin/plip/polyketide/BD8j01-G-B-P0T2/report.txt	1	0	0	0	0	0	0
/Volumes/GigiMurin/plip/polyketide/BD8j01-G-G-P0T1/report.txt	0	0	0	0	0	0	0
/Volumes/GigiMurin/plip/polyketide/BD8j01-G-G-P0T2/report.txt	3	1	0	0	0	0	0
/Volumes/GigiMurin/plip/polyketide/BD8j02-A-A-P0T1/report.txt	2	0	0	0	0	0	0
/Volumes/GigiMurin/plip/polyketide/BD8j02-A-B-P0T1/report.txt	6	1	0	0	0	0	0
/Volumes/GigiMurin/plip/polyketide/BD8j02-B-B-P0T1/report.txt	2	0	0	0	0	0	0
/Volumes/GigiMurin/plip/polyketide/BD8j02-B-D-P0T1/report.txt	6	1	0	0	0	0	0
/Volumes/GigiMurin/plip/polyketide/BD8j02-D-D-P0T1/report.txt	2	0	0	0	0	0	0
/Volumes/GigiMurin/plip/polyketide/BD8j02-D-G-P0T1/report.txt	6	1	0	0	0	0	0
/Volumes/GigiMurin/plip/polyketide/BD8j02-G-A-P0T1/report.txt	6	1	0	0	0	0	0
/Volumes/GigiMurin/plip/polyketide/BD8j02-G-G-P0T1/report.txt	2	0	0	0	0	0	0
/Volumes/GigiMurin/plip/polyketide/BD8j03-A-A-P0T1/report.txt	7	0	0	0	0	0	0
/Volumes/GigiMurin/plip/polyketide/BD8j03-A-I-P0T1/report.txt	2	1	0	0	0	0	0
/Volumes/GigiMurin/plip/polyketide/BD8j03-D-A-P0T1/report.txt	2	1	0	0	0	0	0
/Volumes/GigiMurin/plip/polyketide/BD8j03-D-D-P0T1/report.txt	7	0	0	0	0	0	0
/Volumes/GigiMurin/plip/polyketide/BD8j03-G-D-P0T1/report.txt	2	1	0	0	0	0	0
/Volumes/GigiMurin/plip/polyketide/BD8j03-G-G-P0T1/report.txt	7	0	0	0	0	0	0
/Volumes/GigiMurin/plip/polyketide/BD8j03-I-G-P0T1/report.txt	2	1	0	0	0	0	0
/Volumes/GigiMurin/plip/polyketide/BD8j03-I-I-P0T1/report.txt	7	0	0	0	0	0	0
/Volumes/GigiMurin/plip/polyketide/BD8j0s-1-1-BQ11/report.txt	5	0	1	0	0	0	0
/Volumes/GigiMurin/plip/polyketide/BD8j0s-1-9-BQ11/report.txt	1	0	0	0	0	0	0
/Volumes/GigiMurin/plip/polyketide/BD8j0s-4-4-BQ11/report.txt	5	0	1	0	0	0	0
/Volumes/GigiMurin/plip/polyketide/BD8j0s-5-4-BQ11/report.txt	1	0	0	0	0	0	0
/Volumes/GigiMurin/plip/polyketide/BD8j0s-5-5-BQ11/report.txt	3	0	1	0	0	0	0
/Volumes/GigiMurin/plip/polyketide/BD8j0s-6-5-BQ11/report.txt	1	0	0	0	0	0	0
/Volumes/GigiMurin/plip/polyketide/BD8j0s-6-6-BQ11/report.txt	3	0	1	0	0	0	0
/Volumes/GigiMurin/plip/polyketide/BD8j0s-7-6-BQ11/report.txt	1	0	0	0	0	0	0
/Volumes/GigiMurin/plip/polyketide/BD8j0s-7-7-BQ11/report.txt	2	0	1	0	0	0	0
/Volumes/GigiMurin/plip/polyketide/BD8j0s-8-7-BQ11/report.txt	1	0	0	0	0	0	0
/Volumes/GigiMurin/plip/polyketide/BD8j0s-8-8-BQ11/report.txt	2	0	1	0	0	0	0
/Volumes/GigiMurin/plip/polyketide/BD8j0s-9-8-BQ11/report.txt	1	0	0	0	0	0	0
/Volumes/GigiMurin/plip/polyketide/BD8j0s-9-9-BQ11/report.txt	5	0	1	0	0	0	0
/Volumes/GigiMurin/plip/polyketide/BD8j2v-A-A-T831/report.txt	6	0	0	0	0	0	0
/Volumes/GigiMurin/plip/polyketide/BD8j57-1-1-BQ11/report.txt	4	0	1	0	0	0	0
/Volumes/GigiMurin/plip/polyketide/BD8j57-1-9-BQ11/report.txt	1	0	0	0	0	0	0
/Volumes/GigiMurin/plip/polyketide/BD8j57-4-4-BQ11/report.txt	2	0	1	0	0	0	0
/Volumes/GigiMurin/plip/polyketide/BD8j57-5-4-BQ11/report.txt	1	0	0	0	0	0	0
/Volumes/GigiMurin/plip/polyketide/BD8j57-5-5-BQ11/report.txt	4	0	1	0	0	0	0
/Volumes/GigiMurin/plip/polyketide/BD8j57-6-5-BQ11/report.txt	1	0	0	0	0	0	0
/Volumes/GigiMurin/plip/polyketide/BD8j57-6-6-BQ11/report.txt	4	2	1	0	0	0	0
/Volumes/GigiMurin/plip/polyketide/BD8j57-7-6-BQ11/report.txt	1	0	0	0	0	0	0
/Volumes/GigiMurin/plip/polyketide/BD8j57-7-7-BQ11/report.txt	5	0	1	0	0	0	0
/Volumes/GigiMurin/plip/polyketide/BD8j57-8-7-BQ11/report.txt	1	0	0	0	0	0	0
/Volumes/GigiMurin/plip/polyketide/BD8j57-8-8-BQ11/report.txt	4	0	1	0	0	0	0
/Volumes/GigiMurin/plip/polyketide/BD8j57-9-8-BQ11/report.txt	1	0	0	0	0	0	0
/Volumes/GigiMurin/plip/polyketide/BD8j57-9-9-BQ11/report.txt	3	0	1	0	0	0	0
/Volumes/GigiMurin/plip/polyketide/BD8jp1-A-A-DFV1/report.txt	4	4	0	2	0	0	0
/Volumes/GigiMurin/plip/polyketide/BD8jp1-B-B-DFV1/report.txt	6	4	0	1	0	0	0
/Volumes/GigiMurin/plip/polyketide/BD8jp2-A-A-DFV1/report.txt	9	1	0	2	0	0	0
/Volumes/GigiMurin/plip/polyketide/BD8jrd-A-A-NAR1/report.txt	7	4	0	0	0	0	0
/Volumes/GigiMurin/plip/polyketide/BD8jrd-B-B-NAR1/report.txt	6	3	0	0	0	0	0
/Volumes/GigiMurin/plip/polyketide/BD8jtc-A-A-YHR1/report.txt	7	3	1	0	0	0	0
/Volumes/GigiMurin/plip/polyketide/BD8jwm-A-A-TYK1/report.txt	7	6	1	0	0	0	0
/Volumes/GigiMurin/plip/polyketide/BD8jwm-B-B-TYK1/report.txt	4	6	1	0	0	0	0
/Volumes/GigiMurin/plip/polyketide/BD8jwm-B-B-TYK2/report.txt	2	2	1	0	0	0	0
/Volumes/GigiMurin/plip/polyketide/BD8jwm-C-C-TYK1/report.txt	7	6	1	0	0	0	0
/Volumes/GigiMurin/plip/polyketide/BD8jwm-E-E-TYK1/report.txt	4	4	2	0	0	0	0
/Volumes/GigiMurin/plip/polyketide/BD8jwm-F-B-TYK2/report.txt	2	0	0	0	0	0	0
/Volumes/GigiMurin/plip/polyketide/BD8jwm-F-F-TYK1/report.txt	5	6	1	0	0	0	0
/Volumes/GigiMurin/plip/polyketide/BD8jwm-G-G-TYK1/report.txt	5	6	1	0	0	0	0
/Volumes/GigiMurin/plip/polyketide/BD8jwo-A-A-TYK1/report.txt	3	5	1	0	0	0	0
/Volumes/GigiMurin/plip/polyketide/BD8jwo-B-B-TYK1/report.txt	2	4	0	0	0	0	0
/Volumes/GigiMurin/plip/polyketide/BD8jwo-C-C-TYK1/report.txt	2	4	1	0	0	0	0
/Volumes/GigiMurin/plip/polyketide/BD8jwo-D-D-TYK1/report.txt	2	5	1	0	0	0	0
/Volumes/GigiMurin/plip/polyketide/BD8jwo-E-E-TYK1/report.txt	2	4	2	0	0	0	0
/Volumes/GigiMurin/plip/polyketide/BD8jwo-F-F-TYK1/report.txt	3	6	2	0	0	0	0
/Volumes/GigiMurin/plip/polyketide/BD8jwo-G-G-TYK1/report.txt	3	6	1	0	0	0	0
/Volumes/GigiMurin/plip/polyketide/BD8jwo-H-H-TYK1/report.txt	3	5	1	0	0	0	0
/Volumes/GigiMurin/plip/polyketide/BD8jwo-I-I-TYK1/report.txt	5	7	1	0	0	0	0
/Volumes/GigiMurin/plip/polyketide/BD8jwo-J-J-TYK1/report.txt	2	4	1	0	0	0	0
/Volumes/GigiMurin/plip/polyketide/BD8jwo-K-K-TYK1/report.txt	1	4	2	0	0	0	0
/Volumes/GigiMurin/plip/polyketide/BD8jwo-L-L-TYK1/report.txt	4	4	2	0	0	0	0
/Volumes/GigiMurin/plip/polyketide/BD8jwo-M-M-TYK1/report.txt	4	5	1	0	0	0	0
/Volumes/GigiMurin/plip/polyketide/BD8jwo-N-N-TYK1/report.txt	2	5	2	0	0	0	0
/Volumes/GigiMurin/plip/polyketide/BD8jwo-O-O-TYK1/report.txt	2	6	1	0	0	0	0
/Volumes/GigiMurin/plip/polyketide/BD8jwo-P-P-TYK1/report.txt	2	4	2	0	0	0	0
/Volumes/GigiMurin/plip/polyketide/BD8k1n-C-C-RFP1/report.txt	2	1	1	0	0	0	0
/Volumes/GigiMurin/plip/polyketide/BD8khf-4-4-BQ11/report.txt	1	0	1	0	0	0	0
/Volumes/GigiMurin/plip/polyketide/BD8ki3-4-4-BQ11/report.txt	4	1	1	0	0	0	0
/Volumes/GigiMurin/plip/polyketide/BD8opv-A-A-STL1/report.txt	2	2	0	0	0	0	0
/Volumes/GigiMurin/plip/polyketide/BD8opv-A-A-STL2/report.txt	5	0	0	0	0	0	0
/Volumes/GigiMurin/plip/polyketide/BD8opv-B-B-STL1/report.txt	4	2	0	0	0	0	0
/Volumes/GigiMurin/plip/polyketide/BD8opv-B-B-STL2/report.txt	4	0	0	0	0	0	0
/Volumes/GigiMurin/plip/polyketide/BD8r2j-A-A-DM21/report.txt	3	4	1	0	0	0	0
/Volumes/GigiMurin/plip/polyketide/BD8r2j-A-A-DM22/report.txt	10	3	0	0	0	0	0
/Volumes/GigiMurin/plip/polyketide/BD8r2j-B-B-DM21/report.txt	2	5	1	0	0	0	0
/Volumes/GigiMurin/plip/polyketide/BD8r2j-B-B-DM22/report.txt	7	2	0	1	0	0	0
/Volumes/GigiMurin/plip/polyketide/BD8sft-A-A-KMP1/report.txt	6	1	0	0	0	0	0
/Volumes/GigiMurin/plip/polyketide/BD8sft-B-B-KMP1/report.txt	4	1	0	0	0	0	0
/Volumes/GigiMurin/plip/polyketide/BD8sft-C-C-KMP1/report.txt	5	1	0	0	0	0	0
/Volumes/GigiMurin/plip/polyketide/BD8sfu-A-A-ZWN1/report.txt	7	1	0	0	0	0	0
/Volumes/GigiMurin/plip/polyketide/BD8sfu-B-B-ZWN1/report.txt	8	2	0	1	0	0	0
/Volumes/GigiMurin/plip/polyketide/BD8sfw-A-A-QUE1/report.txt	3	1	0	0	0	0	0
/Volumes/GigiMurin/plip/polyketide/BD8slx-A-A-P0T1/report.txt	7	0	0	0	0	0	0
/Volumes/GigiMurin/plip/polyketide/BD8slx-A-D-P0T1/report.txt	7	2	0	0	0	0	0
/Volumes/GigiMurin/plip/polyketide/BD8slx-B-C-P0T1/report.txt	6	0	0	0	0	0	0
/Volumes/GigiMurin/plip/polyketide/BD8sly-A-A-P0T1/report.txt	9	1	0	0	0	0	0
/Volumes/GigiMurin/plip/polyketide/BD8sly-A-A-P0T2/report.txt	7	2	0	0	0	0	0
/Volumes/GigiMurin/plip/polyketide/BD8sly-A-B-P0T1/report.txt	3	0	0	0	0	0	0
/Volumes/GigiMurin/plip/polyketide/BD8sly-A-B-P0T2/report.txt	1	0	0	0	0	0	0
/Volumes/GigiMurin/plip/polyketide/BD8sly-B-C-P0T2/report.txt	3	0	0	0	0	0	0
/Volumes/GigiMurin/plip/polyketide/BD8sly-C-D-P0T2/report.txt	2	0	0	0	0	0	0
/Volumes/GigiMurin/plip/polyketide/BD8srl-A-A-PIT1/report.txt	3	3	0	2	0	0	0
/Volumes/GigiMurin/plip/polyketide/BD8srl-B-B-PIT1/report.txt	3	4	0	2	0	0	0
/Volumes/GigiMurin/plip/polyketide/BD8srl-C-C-PIT1/report.txt	3	3	0	2	0	0	0
/Volumes/GigiMurin/plip/polyketide/BD8srl-D-D-PIT1/report.txt	3	4	0	2	0	0	0
/Volumes/GigiMurin/plip/polyketide/BD8t6a-A-A-YHR1/report.txt	5	2	0	0	0	0	0
/Volumes/GigiMurin/plip/polyketide/BD8t6v-A-A-4DS1/report.txt	5	2	1	1	0	0	0
/Volumes/GigiMurin/plip/polyketide/BD8tgg-B-B-YHR1/report.txt	5	3	0	0	0	0	0
/Volumes/GigiMurin/plip/polyketide/BD8tgh-B-B-YHR1/report.txt	3	1	0	0	0	0	0
/Volumes/GigiMurin/plip/polyketide/BD8tgi-B-B-YHR1/report.txt	4	2	0	0	0	0	0
/Volumes/GigiMurin/plip/polyketide/BD8tgj-B-B-YHR1/report.txt	4	1	0	0	0	0	0
/Volumes/GigiMurin/plip/polyketide/BD8tgk-B-B-YHR1/report.txt	2	1	0	0	0	0	0
/Volumes/GigiMurin/plip/polyketide/BD8tgl-B-B-YHR1/report.txt	6	1	0	0	0	0	0
/Volumes/GigiMurin/plip/polyketide/BD8tgm-A-A-YHR1/report.txt	3	1	0	0	0	0	0
/Volumes/GigiMurin/plip/polyketide/BD8tgm-B-B-YHR1/report.txt	3	3	0	0	0	0	0
/Volumes/GigiMurin/plip/polyketide/BD8tgn-B-B-YHR1/report.txt	3	2	0	0	0	0	0
/Volumes/GigiMurin/plip/polyketide/BD8uzj-A-A-IVM1/report.txt	4	1	0	0	0	0	0
/Volumes/GigiMurin/plip/polyketide/BD8uzj-A-B-IVM1/report.txt	2	0	0	0	0	0	0
/Volumes/GigiMurin/plip/polyketide/BD8uzj-B-B-IVM1/report.txt	4	0	0	0	0	0	0
/Volumes/GigiMurin/plip/polyketide/BD8uzj-B-C-IVM1/report.txt	2	0	0	0	0	0	0
/Volumes/GigiMurin/plip/polyketide/BD8uzj-C-C-IVM1/report.txt	4	1	0	0	0	0	0
/Volumes/GigiMurin/plip/polyketide/BD8uzj-C-D-IVM1/report.txt	2	0	0	0	0	0	0
/Volumes/GigiMurin/plip/polyketide/BD8uzj-D-D-IVM1/report.txt	4	1	0	0	0	0	0
/Volumes/GigiMurin/plip/polyketide/BD8uzj-D-E-IVM1/report.txt	2	0	0	0	0	0	0
/Volumes/GigiMurin/plip/polyketide/BD8uzj-E-A-IVM1/report.txt	2	0	0	0	0	0	0
/Volumes/GigiMurin/plip/polyketide/BD8uzj-E-E-IVM1/report.txt	4	0	0	0	0	0	0
/Volumes/GigiMurin/plip/polyketide/BD8v8m-A-A-NAR1/report.txt	4	1	0	0	0	0	0
/Volumes/GigiMurin/plip/polyketide/BD8v8m-A-A-NAR2/report.txt	0	0	0	0	0	0	0
/Volumes/GigiMurin/plip/polyketide/BD8v8p-A-A-DFV1/report.txt	4	3	0	1	0	0	0
/Volumes/GigiMurin/plip/polyketide/BD8v8p-A-A-DFV2/report.txt	2	0	0	0	0	0	0
/Volumes/GigiMurin/plip/polyketide/BD8v8p-B-A-DFV2/report.txt	4	0	0	0	0	0	0
/Volumes/GigiMurin/plip/polyketide/BD8v8p-B-B-DFV1/report.txt	6	0	0	0	1	0	0
/Volumes/GigiMurin/plip/polyketide/BD8v8p-C-C-DFV1/report.txt	4	1	0	0	0	0	0
/Volumes/GigiMurin/plip/polyketide/BD8v8p-D-D-DFV1/report.txt	5	2	0	0	0	0	0
/Volumes/GigiMurin/plip/polyketide/BD8w03-A-A-OBT1/report.txt	3	2	0	0	0	0	0
/Volumes/GigiMurin/plip/polyketide/BD8w03-B-B-OBT1/report.txt	5	2	0	0	0	0	0
/Volumes/GigiMurin/plip/polyketide/BD8w03-C-C-OBT1/report.txt	9	3	0	0	0	0	0
/Volumes/GigiMurin/plip/polyketide/BD8w03-D-D-OBT1/report.txt	5	3	0	0	0	1	0
/Volumes/GigiMurin/plip/polyketide/BD8w42-A-A-STL1/report.txt	3	4	0	0	0	0	0
/Volumes/GigiMurin/plip/polyketide/BD8w42-B-B-STL1/report.txt	1	1	0	0	0	0	0
/Volumes/GigiMurin/plip/polyketide/BD8w43-A-A-PIT1/report.txt	3	2	0	0	0	0	0
/Volumes/GigiMurin/plip/polyketide/BD8w43-B-B-PIT1/report.txt	3	2	0	0	0	0	0
/Volumes/GigiMurin/plip/polyketide/BD8w44-A-A-EZE1/report.txt	4	1	0	0	0	0	0
/Volumes/GigiMurin/plip/polyketide/BD8w44-B-B-EZE1/report.txt	2	1	0	0	0	0	0
/Volumes/GigiMurin/plip/polyketide/BD8w44-B-B-EZE2/report.txt	4	0	0	0	0	0	0
/Volumes/GigiMurin/plip/polyketide/BD8w45-A-A-8KZ1/report.txt	3	0	0	0	0	0	0
/Volumes/GigiMurin/plip/polyketide/BD8w45-B-B-8KZ1/report.txt	3	1	0	0	0	0	0
/Volumes/GigiMurin/plip/polyketide/BD8w46-A-A-3RL1/report.txt	4	2	0	0	0	0	0
/Volumes/GigiMurin/plip/polyketide/BD8w46-B-B-3RL1/report.txt	4	2	0	0	0	0	0
/Volumes/GigiMurin/plip/polyketide/BD8w46-B-B-3RL2/report.txt	2	0	0	0	0	0	0
/Volumes/GigiMurin/plip/polyketide/BD8w47-A-A-P5O1/report.txt	3	3	0	0	0	0	0
/Volumes/GigiMurin/plip/polyketide/BD8w47-B-B-P5O1/report.txt	4	2	0	0	0	0	0
/Volumes/GigiMurin/plip/polyketide/BD8w48-A-A-PIT1/report.txt	4	3	0	0	0	0	0
/Volumes/GigiMurin/plip/polyketide/BD8w48-B-B-PIT1/report.txt	1	2	0	0	0	0	0
/Volumes/GigiMurin/plip/polyketide/BD8wll-A-A-YHR1/report.txt	4	3	0	0	0	0	0
/Volumes/GigiMurin/plip/polyketide/BD8wr2-A-A-LU21/report.txt	3	2	0	0	0	0	0
/Volumes/GigiMurin/plip/polyketide/BD8wr2-B-B-LU21/report.txt	5	2	0	0	0	0	0
/Volumes/GigiMurin/plip/polyketide/BD8wrk-A-A-PIT1/report.txt	1	2	0	0	0	0	0
/Volumes/GigiMurin/plip/polyketide/BD8xi9-A-A-RAP1/report.txt	12	5	0	0	0	0	0
/Volumes/GigiMurin/plip/polyketide/BD8y66-A-A-AGI1/report.txt	3	2	0	0	0	0	0
/Volumes/GigiMurin/plip/polyketide/BD8y85-A-A-4KU1/report.txt	3	1	0	1	0	0	0
/Volumes/GigiMurin/plip/polyketide/BD8y85-B-B-4KU1/report.txt	2	1	0	1	0	0	0
/Volumes/GigiMurin/plip/polyketide/BD9j9c-A-A-T831/report.txt	2	0	0	0	0	0	0
/Volumes/GigiMurin/plip/polyketide/BD9j9c-B-B-T831/report.txt	2	1	0	0	0	0	0
/Volumes/GigiMurin/plip/polyketide/BD9j9c-C-C-T831/report.txt	5	0	1	1	0	0	0
/Volumes/GigiMurin/plip/polyketide/BD9j9c-D-D-T831/report.txt	3	0	1	0	0	0	0
/Volumes/GigiMurin/plip/polyketide/BD9j9c-F-F-T831/report.txt	3	0	1	0	0	0	0
/Volumes/GigiMurin/plip/polyketide/BD9j9k-A-A-T831/report.txt	5	2	1	0	0	0	0
/Volumes/GigiMurin/plip/polyketide/BD9j9k-B-B-T831/report.txt	4	1	1	0	0	0	0
/Volumes/GigiMurin/plip/polyketide/BD6g8h-BBB-BBB-NAR1/report.txt	2	2	0	0	0	0	0
/Volumes/GigiMurin/plip/polyketide/BD6g8h-CCC-DDD-CWE1/report.txt	4	0	0	0	0	0	0
/Volumes/GigiMurin/plip/polyketide/BD6g8h-DDD-DDD-CWE1/report.txt	2	1	0	0	0	0	0
/Volumes/GigiMurin/plip/polyketide/BD6yq0-AAA-AAA-P7K1/report.txt	6	2	0	0	0	0	0
/Volumes/GigiMurin/plip/polyketide/BD6yq0-BBB-BBB-P7K1/report.txt	7	3	0	0	0	0	0
/Volumes/GigiMurin/plip/polyketide/BD6yq3-AAA-AAA-P7Q1/report.txt	6	6	0	0	0	0	0
/Volumes/GigiMurin/plip/polyketide/BD6yq3-BBB-BBB-P7Q1/report.txt	7	4	0	0	0	0	0
/Volumes/GigiMurin/plip/polyketide/BD7l82-AAA-AAA-XQD1/report.txt	5	12	0	0	0	0	0
