class	GO_CC	lig_vol
Polyketide	protein-containing complex [GO:0032991]	730.48
Polyketide	axonal growth cone [GO:0044295]	730.48
Polyketide	perinuclear region of cytoplasm [GO:0048471]	730.48
Polyketide	cytosol [GO:0005829]	730.48
Polyketide	extracellular exosome [GO:0070062]	730.48
Polyketide	nucleoplasm [GO:0005654]	730.48
Polyketide	microtubule [GO:0005874]	730.48
Polyketide	mitochondrion [GO:0005739]	730.48
Polyketide	cytoplasm [GO:0005737]	730.48
Polyketide	neuronal cell body [GO:0043025]	730.48
Polyketide	periplasmic space [GO:0042597]	194.2
Polyketide	intracellular membrane-bounded organelle [GO:0043231]	369.53
Polyketide	endoplasmic reticulum membrane [GO:0005789]	369.53
Polyketide	lysosomal lumen [GO:0043202]	191.99
Polyketide	basolateral plasma membrane [GO:0016323]	191.99
Polyketide	secretory granule lumen [GO:0034774]	191.99
Polyketide	extracellular exosome [GO:0070062]	191.99
Polyketide	nucleoplasm [GO:0005654]	191.99
Polyketide	brush border membrane [GO:0031526]	191.99
Polyketide	cytoplasm [GO:0005737]	191.99
Polyketide	cell surface [GO:0009986]	191.99
Polyketide	neuronal cell body [GO:0043025]	191.99
Polyketide	endocytic vesicle lumen [GO:0071682]	191.99
Polyketide	melanosome [GO:0042470]	191.99
Polyketide	protein-containing complex [GO:0032991]	191.99
Polyketide	axonal growth cone [GO:0044295]	191.99
Polyketide	perinuclear region of cytoplasm [GO:0048471]	191.99
Polyketide	cytosol [GO:0005829]	191.99
Polyketide	sperm mitochondrial sheath [GO:0097226]	191.99
Polyketide	membrane [GO:0016020]	191.99
Polyketide	extracellular region [GO:0005576]	191.99
Polyketide	nucleus [GO:0005634]	191.99
Polyketide	sperm plasma membrane [GO:0097524]	191.99
Polyketide	collagen-containing extracellular matrix [GO:0062023]	191.99
Polyketide	myelin sheath [GO:0043209]	191.99
Polyketide	apical plasma membrane [GO:0016324]	191.99
Polyketide	ficolin-1-rich granule lumen [GO:1904813]	191.99
Polyketide	dendritic growth cone [GO:0044294]	191.99
Polyketide	plasma membrane [GO:0005886]	191.99
Polyketide	mitochondrion [GO:0005739]	191.99
Polyketide	DNA-directed RNA polymerase complex [GO:0000428]	949.92
Polyketide	protein kinase CK2 complex [GO:0005956]	269.06
Polyketide	cytosol [GO:0005829]	269.06
Polyketide	nucleoplasm [GO:0005654]	269.06
Polyketide	chromatin [GO:0000785]	269.06
Polyketide	nucleus [GO:0005634]	269.06
Polyketide	acrosomal vesicle [GO:0001669]	269.06
Polyketide	lysosomal lumen [GO:0043202]	214.67
Polyketide	basolateral plasma membrane [GO:0016323]	214.67
Polyketide	secretory granule lumen [GO:0034774]	214.67
Polyketide	extracellular exosome [GO:0070062]	214.67
Polyketide	nucleoplasm [GO:0005654]	214.67
Polyketide	brush border membrane [GO:0031526]	214.67
Polyketide	cytoplasm [GO:0005737]	214.67
Polyketide	cell surface [GO:0009986]	214.67
Polyketide	neuronal cell body [GO:0043025]	214.67
Polyketide	endocytic vesicle lumen [GO:0071682]	214.67
Polyketide	melanosome [GO:0042470]	214.67
Polyketide	protein-containing complex [GO:0032991]	214.67
Polyketide	axonal growth cone [GO:0044295]	214.67
Polyketide	perinuclear region of cytoplasm [GO:0048471]	214.67
Polyketide	cytosol [GO:0005829]	214.67
Polyketide	sperm mitochondrial sheath [GO:0097226]	214.67
Polyketide	membrane [GO:0016020]	214.67
Polyketide	extracellular region [GO:0005576]	214.67
Polyketide	nucleus [GO:0005634]	214.67
Polyketide	sperm plasma membrane [GO:0097524]	214.67
Polyketide	collagen-containing extracellular matrix [GO:0062023]	214.67
Polyketide	myelin sheath [GO:0043209]	214.67
Polyketide	apical plasma membrane [GO:0016324]	214.67
Polyketide	ficolin-1-rich granule lumen [GO:1904813]	214.67
Polyketide	dendritic growth cone [GO:0044294]	214.67
Polyketide	plasma membrane [GO:0005886]	214.67
Polyketide	mitochondrion [GO:0005739]	214.67
Polyketide	extracellular space [GO:0005615]	238.59
Polyketide	azurophil granule lumen [GO:0035578]	238.59
Polyketide	extracellular region [GO:0005576]	238.59
Polyketide	extracellular exosome [GO:0070062]	238.59
Polyketide	chloride channel complex [GO:0034707]	279.44
Polyketide	postsynaptic membrane [GO:0045211]	279.44
Polyketide	perikaryon [GO:0043204]	279.44
Polyketide	membrane [GO:0016020]	279.44
Polyketide	plasma membrane [GO:0005886]	279.44
Polyketide	dendrite [GO:0030425]	279.44
Polyketide	neuron projection [GO:0043005]	279.44
Polyketide	synapse [GO:0045202]	279.44
Polyketide	cytoplasm [GO:0005737]	232.8
Polyketide	chloroplast stroma [GO:0009570]	317.5
Polyketide	endoplasmic reticulum [GO:0005783]	317.5
Polyketide	chloroplast [GO:0009507]	317.5
Polyketide	cytosol [GO:0005829]	317.5
Polyketide	intracellular membrane-bounded organelle [GO:0043231]	317.5
Polyketide	plasma membrane [GO:0005886]	317.5
Polyketide	apoplast [GO:0048046]	317.5
Polyketide	plasmodesma [GO:0009506]	317.5
Polyketide	plant-type vacuole [GO:0000325]	317.5
Polyketide	extracellular space [GO:0005615]	369.94
Polyketide	azurophil granule lumen [GO:0035578]	369.94
Polyketide	extracellular region [GO:0005576]	369.94
Polyketide	extracellular exosome [GO:0070062]	369.94
Polyketide	postsynaptic density [GO:0014069]	178.48
Polyketide	glutamatergic synapse [GO:0098978]	178.48
Polyketide	plasma membrane [GO:0005886]	178.48
Polyketide	DAPK1-calmodulin complex [GO:1990722]	178.48
Polyketide	actin cytoskeleton [GO:0015629]	178.48
Polyketide	nucleus [GO:0005634]	178.48
Polyketide	cytoplasm [GO:0005737]	178.48
Polyketide	node of Ranvier [GO:0033268]	231.53
Polyketide	synapse [GO:0045202]	231.53
Polyketide	plasma membrane [GO:0005886]	231.53
Polyketide	axon initial segment [GO:0043194]	231.53
Polyketide	voltage-gated potassium channel complex [GO:0008076]	231.53
Polyketide	cell body [GO:0044297]	494.48
Polyketide	actin filament [GO:0005884]	494.48
Polyketide	skeletal muscle myofibril [GO:0098723]	494.48
Polyketide	stress fiber [GO:0001725]	494.48
Polyketide	filamentous actin [GO:0031941]	494.48
Polyketide	actin filament bundle [GO:0032432]	494.48
Polyketide	lamellipodium [GO:0030027]	494.48
Polyketide	striated muscle thin filament [GO:0005865]	494.48
Polyketide	cytoplasm [GO:0005737]	494.48
Polyketide	filopodium [GO:0030175]	494.48
Polyketide	protein-containing complex [GO:0032991]	237.38
Polyketide	cytosol [GO:0005829]	237.38
Polyketide	nucleoplasm [GO:0005654]	237.38
Polyketide	membrane [GO:0016020]	237.38
Polyketide	plasma membrane [GO:0005886]	237.38
Polyketide	euchromatin [GO:0000791]	237.38
Polyketide	chromatin [GO:0000785]	237.38
Polyketide	transcription regulator complex [GO:0005667]	237.38
Polyketide	nucleus [GO:0005634]	237.38
Polyketide	cytoplasm [GO:0005737]	237.38
Polyketide	Golgi apparatus [GO:0005794]	237.38
Polyketide	nucleoplasm [GO:0005654]	384.53
Polyketide	nucleus [GO:0005634]	384.53
Polyketide	chromatin [GO:0000785]	384.53
Polyketide	microtubule [GO:0005874]	508.87
Polyketide	cytoplasm [GO:0005737]	508.87
Polyketide	intracellular membrane-bounded organelle [GO:0043231]	181.37
Polyketide	endoplasmic reticulum membrane [GO:0005789]	181.37
Polyketide	cell body [GO:0044297]	777.67
Polyketide	actin filament [GO:0005884]	777.67
Polyketide	skeletal muscle myofibril [GO:0098723]	777.67
Polyketide	stress fiber [GO:0001725]	777.67
Polyketide	filamentous actin [GO:0031941]	777.67
Polyketide	actin filament bundle [GO:0032432]	777.67
Polyketide	lamellipodium [GO:0030027]	777.67
Polyketide	striated muscle thin filament [GO:0005865]	777.67
Polyketide	cytoplasm [GO:0005737]	777.67
Polyketide	filopodium [GO:0030175]	777.67
Polyketide	cytosol [GO:0005829]	266.34
Polyketide	extracellular exosome [GO:0070062]	266.34
Polyketide	membrane [GO:0016020]	184.11
Polyketide	vesicle [GO:0031982]	328.94
Polyketide	cytoplasm [GO:0005737]	328.94
Polyketide	secretory granule lumen [GO:0034774]	328.94
Polyketide	cytosol [GO:0005829]	328.94
Polyketide	ficolin-1-rich granule lumen [GO:1904813]	328.94
Polyketide	extracellular exosome [GO:0070062]	328.94
Polyketide	nucleoplasm [GO:0005654]	328.94
Polyketide	plasma membrane [GO:0005886]	328.94
Polyketide	extracellular region [GO:0005576]	328.94
Polyketide	extracellular space [GO:0005615]	328.94
Polyketide	cell surface [GO:0009986]	328.94
Polyketide	protein-containing complex [GO:0032991]	241.17
Polyketide	cytosol [GO:0005829]	241.17
Polyketide	nucleoplasm [GO:0005654]	241.17
Polyketide	membrane [GO:0016020]	241.17
Polyketide	plasma membrane [GO:0005886]	241.17
Polyketide	euchromatin [GO:0000791]	241.17
Polyketide	chromatin [GO:0000785]	241.17
Polyketide	transcription regulator complex [GO:0005667]	241.17
Polyketide	nucleus [GO:0005634]	241.17
Polyketide	cytoplasm [GO:0005737]	241.17
Polyketide	Golgi apparatus [GO:0005794]	241.17
Polyketide	endocytic vesicle [GO:0030139]	284.36
Polyketide	focal adhesion [GO:0005925]	284.36
Polyketide	intercellular canaliculus [GO:0046581]	284.36
Polyketide	apical plasma membrane [GO:0016324]	284.36
Polyketide	lamellipodium membrane [GO:0031258]	284.36
Polyketide	lamellipodium [GO:0030027]	284.36
Polyketide	extracellular exosome [GO:0070062]	284.36
Polyketide	plasma membrane [GO:0005886]	284.36
Polyketide	membrane [GO:0016020]	284.36
Polyketide	extracellular region [GO:0005576]	284.36
Polyketide	membrane raft [GO:0045121]	284.36
Polyketide	lysosomal membrane [GO:0005765]	284.36
Polyketide	cell surface [GO:0009986]	284.36
Polyketide	nuclear envelope [GO:0005635]	181.81
Polyketide	perinuclear region of cytoplasm [GO:0048471]	181.81
Polyketide	cytosol [GO:0005829]	181.81
Polyketide	pericentriolar material [GO:0000242]	181.81
Polyketide	Golgi membrane [GO:0000139]	181.81
Polyketide	chromosome, telomeric region [GO:0000781]	181.81
Polyketide	nucleus [GO:0005634]	181.81
Polyketide	cytoplasm [GO:0005737]	181.81
Polyketide	extracellular space [GO:0005615]	290.55
Polyketide	azurophil granule lumen [GO:0035578]	290.55
Polyketide	extracellular region [GO:0005576]	290.55
Polyketide	extracellular exosome [GO:0070062]	290.55
Polyketide	neuron projection [GO:0043005]	254.76
Polyketide	cytosol [GO:0005829]	254.76
Polyketide	postsynaptic density [GO:0014069]	254.76
Polyketide	Golgi membrane [GO:0000139]	254.76
Polyketide	plasma membrane [GO:0005886]	254.76
Polyketide	Golgi apparatus [GO:0005794]	254.76
Polyketide	protein-containing complex [GO:0032991]	554.92
Polyketide	endocytic vesicle membrane [GO:0030666]	554.92
Polyketide	cytosol [GO:0005829]	554.92
Polyketide	transcription repressor complex [GO:0017053]	554.92
Polyketide	nucleoplasm [GO:0005654]	554.92
Polyketide	plasma membrane [GO:0005886]	554.92
Polyketide	nucleus [GO:0005634]	554.92
Polyketide	cytoplasm [GO:0005737]	554.92
Polyketide	nucleolus [GO:0005730]	554.92
Polyketide	protein-containing complex [GO:0032991]	181.88
Polyketide	cytosol [GO:0005829]	181.88
Polyketide	nucleoplasm [GO:0005654]	181.88
Polyketide	membrane [GO:0016020]	181.88
Polyketide	plasma membrane [GO:0005886]	181.88
Polyketide	euchromatin [GO:0000791]	181.88
Polyketide	chromatin [GO:0000785]	181.88
Polyketide	transcription regulator complex [GO:0005667]	181.88
Polyketide	nucleus [GO:0005634]	181.88
Polyketide	cytoplasm [GO:0005737]	181.88
Polyketide	Golgi apparatus [GO:0005794]	181.88
Polyketide	chromosome [GO:0005694]	472.53
Polyketide	cytoplasm [GO:0005737]	472.53
Polyketide	protein-containing complex [GO:0032991]	414.33
Polyketide	cytosol [GO:0005829]	414.33
Polyketide	nucleoplasm [GO:0005654]	414.33
Polyketide	membrane [GO:0016020]	414.33
Polyketide	plasma membrane [GO:0005886]	414.33
Polyketide	euchromatin [GO:0000791]	414.33
Polyketide	chromatin [GO:0000785]	414.33
Polyketide	transcription regulator complex [GO:0005667]	414.33
Polyketide	nucleus [GO:0005634]	414.33
Polyketide	cytoplasm [GO:0005737]	414.33
Polyketide	Golgi apparatus [GO:0005794]	414.33
Polyketide	intracellular membrane-bounded organelle [GO:0043231]	207.43
Polyketide	nucleoplasm [GO:0005654]	207.43
Polyketide	mitochondrion [GO:0005739]	207.43
Polyketide	chromatin [GO:0000785]	207.43
Polyketide	nucleus [GO:0005634]	207.43
Polyketide	host cell nucleus [GO:0042025]	324.55
Polyketide	host cell cytoplasm [GO:0030430]	324.55
Polyketide	cell body [GO:0044297]	328.38
Polyketide	actin filament [GO:0005884]	328.38
Polyketide	skeletal muscle myofibril [GO:0098723]	328.38
Polyketide	stress fiber [GO:0001725]	328.38
Polyketide	filamentous actin [GO:0031941]	328.38
Polyketide	actin filament bundle [GO:0032432]	328.38
Polyketide	lamellipodium [GO:0030027]	328.38
Polyketide	striated muscle thin filament [GO:0005865]	328.38
Polyketide	cytoplasm [GO:0005737]	328.38
Polyketide	filopodium [GO:0030175]	328.38
Polyketide	host cell nucleus [GO:0042025]	224.05
Polyketide	host cell plasma membrane [GO:0020002]	224.05
Polyketide	membrane [GO:0016020]	224.05
Polyketide	viral nucleocapsid [GO:0019013]	224.05
Polyketide	host multivesicular body [GO:0072494]	224.05
Polyketide	virion membrane [GO:0055036]	224.05
Polyketide	nucleus [GO:0005634]	369.41
Polyketide	cytoplasm [GO:0005737]	369.41
Polyketide	host cell nucleus [GO:0042025]	315.93
Polyketide	protein-containing complex [GO:0032991]	315.93
Polyketide	host cell plasma membrane [GO:0020002]	315.93
Polyketide	host cell lipid droplet [GO:0044186]	315.93
Polyketide	viral envelope [GO:0019031]	315.93
Polyketide	host cell endoplasmic reticulum membrane [GO:0044167]	315.93
Polyketide	host cell mitochondrial membrane [GO:0044191]	315.93
Polyketide	ribonucleoprotein complex [GO:1990904]	315.93
Polyketide	membrane [GO:0016020]	315.93
Polyketide	viral nucleocapsid [GO:0019013]	315.93
Polyketide	virion membrane [GO:0055036]	315.93
Polyketide	host cell perinuclear region of cytoplasm [GO:0044220]	315.93
Polyketide	nuclear chromosome [GO:0000228]	280.94
Polyketide	histone deacetylase complex [GO:0000118]	280.94
Polyketide	cytoplasm [GO:0005737]	280.94
Polyketide	nucleoplasm [GO:0005654]	280.94
Polyketide	nucleus [GO:0005634]	280.94
Polyketide	intracellular membrane-bounded organelle [GO:0043231]	114.37
Polyketide	endoplasmic reticulum membrane [GO:0005789]	114.37
Polyketide	cytoplasm [GO:0005737]	114.37
Polyketide	cytoplasmic microtubule [GO:0005881]	114.37
Polyketide	cytoplasmic side of endoplasmic reticulum membrane [GO:0098554]	463.77
Polyketide	protein-containing complex [GO:0032991]	463.77
Polyketide	endoplasmic reticulum [GO:0005783]	463.77
Polyketide	sorting endosome [GO:0097443]	463.77
Polyketide	endosome lumen [GO:0031904]	463.77
Polyketide	early endosome [GO:0005769]	463.77
Polyketide	cytosol [GO:0005829]	463.77
Polyketide	mitochondrial crista [GO:0030061]	463.77
Polyketide	mitochondrial matrix [GO:0005759]	463.77
Polyketide	cytoplasm [GO:0005737]	463.77
Polyketide	mitochondrial respiratory chain complex I [GO:0005747]	352.09
Polyketide	mitochondrial inner membrane [GO:0005743]	352.09
Polyketide	cell body [GO:0044297]	308.25
Polyketide	actin filament [GO:0005884]	308.25
Polyketide	skeletal muscle myofibril [GO:0098723]	308.25
Polyketide	stress fiber [GO:0001725]	308.25
Polyketide	filamentous actin [GO:0031941]	308.25
Polyketide	actin filament bundle [GO:0032432]	308.25
Polyketide	lamellipodium [GO:0030027]	308.25
Polyketide	striated muscle thin filament [GO:0005865]	308.25
Polyketide	cytoplasm [GO:0005737]	308.25
Polyketide	filopodium [GO:0030175]	308.25
Polyketide	postsynaptic density membrane [GO:0098839]	76.57
Polyketide	parallel fiber to Purkinje cell synapse [GO:0098688]	76.57
Polyketide	dendritic spine [GO:0043197]	76.57
Polyketide	synaptic vesicle [GO:0008021]	76.57
Polyketide	synaptic membrane [GO:0097060]	76.57
Polyketide	NMDA selective glutamate receptor complex [GO:0017146]	76.57
Polyketide	cell surface [GO:0009986]	76.57
Polyketide	plasma membrane [GO:0005886]	76.57
Polyketide	endoplasmic reticulum membrane [GO:0005789]	76.57
Polyketide	presynaptic active zone membrane [GO:0048787]	76.57
Polyketide	hippocampal mossy fiber to CA3 synapse [GO:0098686]	76.57
Polyketide	dendrite membrane [GO:0032590]	76.57
Polyketide	excitatory synapse [GO:0060076]	76.57
Polyketide	dendritic branch [GO:0044307]	76.57
Polyketide	postsynaptic membrane [GO:0045211]	76.57
Polyketide	membrane [GO:0016020]	76.57
Polyketide	presynaptic membrane [GO:0042734]	76.57
Polyketide	synaptic cleft [GO:0043083]	76.57
Polyketide	dendrite [GO:0030425]	76.57
Polyketide	cytoplasm [GO:0005737]	76.57
Polyketide	glutamatergic synapse [GO:0098978]	76.57
Polyketide	neuron projection [GO:0043005]	76.57
Polyketide	neuronal cell body [GO:0043025]	76.57
Polyketide	synaptic vesicle membrane [GO:0030672]	76.57
Polyketide	terminal bouton [GO:0043195]	76.57
Polyketide	synapse [GO:0045202]	76.57
Polyketide	postsynaptic density [GO:0014069]	76.57
Polyketide	endoplasmic reticulum [GO:0005783]	76.57
Polyketide	node of Ranvier [GO:0033268]	330.05
Polyketide	synapse [GO:0045202]	330.05
Polyketide	plasma membrane [GO:0005886]	330.05
Polyketide	axon initial segment [GO:0043194]	330.05
Polyketide	voltage-gated potassium channel complex [GO:0008076]	330.05
Polyketide	membrane [GO:0016020]	551.59
Polyketide	endoplasmic reticulum [GO:0005783]	551.59
Polyketide	endoplasmic reticulum membrane [GO:0005789]	551.59
Polyketide	maltose transport complex [GO:1990060]	645.38
Polyketide	outer membrane-bounded periplasmic space [GO:0030288]	645.38
Polyketide	cytoplasm [GO:0005737]	645.38
Polyketide	sarcoplasmic reticulum membrane [GO:0033017]	645.38
Polyketide	cytoplasmic side of membrane [GO:0098562]	645.38
Polyketide	cytosol [GO:0005829]	645.38
Polyketide	Z disc [GO:0030018]	645.38
Polyketide	sarcoplasmic reticulum [GO:0016529]	645.38
Polyketide	terminal cisterna [GO:0014802]	645.38
Polyketide	membrane [GO:0016020]	645.38
Polyketide	ATP-binding cassette (ABC) transporter complex [GO:0043190]	645.38
Polyketide	ryanodine receptor complex [GO:1990425]	645.38
Polyketide	periplasmic space [GO:0042597]	645.38
Polyketide	ATP-binding cassette (ABC) transporter complex, substrate-binding subunit-containing [GO:0055052]	645.38
Polyketide	cytoplasm [GO:0005737]	352.82
Polyketide	plasma membrane [GO:0005886]	333.16
Polyketide	proton-transporting ATP synthase complex, coupling factor F(o) [GO:0045263]	333.16
Polyketide	host cell endoplasmic reticulum-Golgi intermediate compartment [GO:0044172]	212.27
Polyketide	host cell Golgi apparatus [GO:0044177]	212.27
Polyketide	host cell endosome [GO:0044174]	212.27
Polyketide	host cell endoplasmic reticulum [GO:0044165]	212.27
Polyketide	membrane [GO:0016020]	212.27
Polyketide	double membrane vesicle viral factory outer membrane [GO:0062243]	212.27
Polyketide	host cell perinuclear region of cytoplasm [GO:0044220]	212.27
Polyketide	protein-containing complex [GO:0032991]	249.81
Polyketide	cytosol [GO:0005829]	249.81
Polyketide	nucleoplasm [GO:0005654]	249.81
Polyketide	membrane [GO:0016020]	249.81
Polyketide	plasma membrane [GO:0005886]	249.81
Polyketide	euchromatin [GO:0000791]	249.81
Polyketide	chromatin [GO:0000785]	249.81
Polyketide	transcription regulator complex [GO:0005667]	249.81
Polyketide	nucleus [GO:0005634]	249.81
Polyketide	cytoplasm [GO:0005737]	249.81
Polyketide	Golgi apparatus [GO:0005794]	249.81
Polyketide	dendrite [GO:0030425]	359.47
Polyketide	protein-containing complex [GO:0032991]	359.47
Polyketide	perinuclear region of cytoplasm [GO:0048471]	359.47
Polyketide	cytosol [GO:0005829]	359.47
Polyketide	nucleoplasm [GO:0005654]	359.47
Polyketide	plasma membrane [GO:0005886]	359.47
Polyketide	actin cytoskeleton [GO:0015629]	359.47
Polyketide	RNA polymerase II transcription regulator complex [GO:0090575]	359.47
Polyketide	chromatin [GO:0000785]	359.47
Polyketide	transcription regulator complex [GO:0005667]	359.47
Polyketide	nucleus [GO:0005634]	359.47
Polyketide	cytoplasm [GO:0005737]	359.47
Polyketide	nucleolus [GO:0005730]	359.47
Polyketide	chloroplast stroma [GO:0009570]	242.5
Polyketide	endoplasmic reticulum [GO:0005783]	242.5
Polyketide	chloroplast [GO:0009507]	242.5
Polyketide	cytosol [GO:0005829]	242.5
Polyketide	intracellular membrane-bounded organelle [GO:0043231]	242.5
Polyketide	plasma membrane [GO:0005886]	242.5
Polyketide	apoplast [GO:0048046]	242.5
Polyketide	plasmodesma [GO:0009506]	242.5
Polyketide	plant-type vacuole [GO:0000325]	242.5
Polyketide	proton-transporting V-type ATPase complex [GO:0033176]	599.88
Polyketide	vacuolar proton-transporting V-type ATPase, V0 domain [GO:0000220]	599.88
Polyketide	Golgi membrane [GO:0000139]	599.88
Polyketide	membrane [GO:0016020]	599.88
Polyketide	vacuolar proton-transporting V-type ATPase complex [GO:0016471]	599.88
Polyketide	fungal-type vacuole membrane [GO:0000329]	599.88
Polyketide	chromosome, centromeric region [GO:0000775]	627.4
Polyketide	meiotic cohesin complex [GO:0030893]	627.4
Polyketide	chromatin [GO:0000785]	627.4
Polyketide	nucleus [GO:0005634]	627.4
Polyketide	microtubule [GO:0005874]	381.95
Polyketide	cytoplasm [GO:0005737]	381.95
Polyketide	microtubule cytoskeleton [GO:0015630]	381.95
Polyketide	proton-transporting V-type ATPase complex [GO:0033176]	513.63
Polyketide	vacuolar proton-transporting V-type ATPase, V0 domain [GO:0000220]	513.63
Polyketide	Golgi membrane [GO:0000139]	513.63
Polyketide	membrane [GO:0016020]	513.63
Polyketide	vacuolar proton-transporting V-type ATPase complex [GO:0016471]	513.63
Polyketide	fungal-type vacuole membrane [GO:0000329]	513.63
Polyketide	fungal biofilm matrix [GO:0062040]	624.94
Polyketide	cytoplasm [GO:0005737]	624.94
Polyketide	extracellular region [GO:0005576]	624.94
Polyketide	protein-containing complex [GO:0032991]	396.87
Polyketide	endocytic vesicle membrane [GO:0030666]	396.87
Polyketide	cytosol [GO:0005829]	396.87
Polyketide	transcription repressor complex [GO:0017053]	396.87
Polyketide	nucleoplasm [GO:0005654]	396.87
Polyketide	plasma membrane [GO:0005886]	396.87
Polyketide	nucleus [GO:0005634]	396.87
Polyketide	cytoplasm [GO:0005737]	396.87
Polyketide	nucleolus [GO:0005730]	396.87
Polyketide	NuA4 histone acetyltransferase complex [GO:0035267]	390.35
Polyketide	actin filament [GO:0005884]	390.35
Polyketide	Swr1 complex [GO:0000812]	390.35
Polyketide	actin filament bundle [GO:0032432]	390.35
Polyketide	Ino80 complex [GO:0031011]	390.35
Polyketide	actin cortical patch [GO:0030479]	390.35
Polyketide	cellular bud neck contractile ring [GO:0000142]	390.35
Polyketide	chromatin [GO:0000785]	390.35
Polyketide	nucleus [GO:0005634]	390.35
Polyketide	nuclear envelope [GO:0005635]	201.71
Polyketide	perinuclear region of cytoplasm [GO:0048471]	201.71
Polyketide	cytosol [GO:0005829]	201.71
Polyketide	pericentriolar material [GO:0000242]	201.71
Polyketide	Golgi membrane [GO:0000139]	201.71
Polyketide	chromosome, telomeric region [GO:0000781]	201.71
Polyketide	nucleus [GO:0005634]	201.71
Polyketide	cytoplasm [GO:0005737]	201.71
Polyketide	melanosome [GO:0042470]	322.21
Polyketide	perinuclear region of cytoplasm [GO:0048471]	322.21
Polyketide	sarcoplasmic reticulum lumen [GO:0033018]	322.21
Polyketide	endoplasmic reticulum [GO:0005783]	322.21
Polyketide	cytoplasm [GO:0005737]	228.75
Polyketide	chromosome [GO:0005694]	210.29
Polyketide	condensed nuclear chromosome [GO:0000794]	210.29
Polyketide	nucleus [GO:0005634]	210.29
Polyketide	nucleoplasm [GO:0005654]	210.29
Polyketide	protein-containing complex [GO:0032991]	579.21
Polyketide	endocytic vesicle membrane [GO:0030666]	579.21
Polyketide	cytosol [GO:0005829]	579.21
Polyketide	transcription repressor complex [GO:0017053]	579.21
Polyketide	nucleoplasm [GO:0005654]	579.21
Polyketide	plasma membrane [GO:0005886]	579.21
Polyketide	nucleus [GO:0005634]	579.21
Polyketide	cytoplasm [GO:0005737]	579.21
Polyketide	nucleolus [GO:0005730]	579.21
Polyketide	nuclear chromosome [GO:0000228]	287.2
Polyketide	histone deacetylase complex [GO:0000118]	287.2
Polyketide	cytoplasm [GO:0005737]	287.2
Polyketide	nucleoplasm [GO:0005654]	287.2
Polyketide	nucleus [GO:0005634]	287.2
Polyketide	nucleus [GO:0005634]	347.07
Polyketide	protein-containing complex [GO:0032991]	273.23
Polyketide	cytosol [GO:0005829]	273.23
Polyketide	nucleoplasm [GO:0005654]	273.23
Polyketide	membrane [GO:0016020]	273.23
Polyketide	plasma membrane [GO:0005886]	273.23
Polyketide	euchromatin [GO:0000791]	273.23
Polyketide	chromatin [GO:0000785]	273.23
Polyketide	transcription regulator complex [GO:0005667]	273.23
Polyketide	nucleus [GO:0005634]	273.23
Polyketide	cytoplasm [GO:0005737]	273.23
Polyketide	Golgi apparatus [GO:0005794]	273.23
Polyketide	cell body [GO:0044297]	286.73
Polyketide	actin filament [GO:0005884]	286.73
Polyketide	skeletal muscle myofibril [GO:0098723]	286.73
Polyketide	stress fiber [GO:0001725]	286.73
Polyketide	filamentous actin [GO:0031941]	286.73
Polyketide	actin filament bundle [GO:0032432]	286.73
Polyketide	lamellipodium [GO:0030027]	286.73
Polyketide	striated muscle thin filament [GO:0005865]	286.73
Polyketide	cytoplasm [GO:0005737]	286.73
Polyketide	filopodium [GO:0030175]	286.73
Polyketide	protein-containing complex [GO:0032991]	278.77
Polyketide	cytosol [GO:0005829]	278.77
Polyketide	nucleoplasm [GO:0005654]	278.77
Polyketide	membrane [GO:0016020]	278.77
Polyketide	plasma membrane [GO:0005886]	278.77
Polyketide	euchromatin [GO:0000791]	278.77
Polyketide	chromatin [GO:0000785]	278.77
Polyketide	transcription regulator complex [GO:0005667]	278.77
Polyketide	nucleus [GO:0005634]	278.77
Polyketide	cytoplasm [GO:0005737]	278.77
Polyketide	Golgi apparatus [GO:0005794]	278.77
Polyketide	plasma membrane [GO:0005886]	468.44
Polyketide	proton-transporting ATP synthase complex, coupling factor F(o) [GO:0045263]	468.44
Polyketide	extracellular exosome [GO:0070062]	179.16
Polyketide	cytosol [GO:0005829]	179.16
Polyketide	transporter complex [GO:1990351]	426.44
Polyketide	plasma membrane [GO:0005886]	426.44
Polyketide	membrane [GO:0016020]	426.44
Polyketide	ATP-binding cassette (ABC) transporter complex [GO:0043190]	426.44
Polyketide	cytoplasm [GO:0005737]	426.44
Polyketide	cytosol [GO:0005829]	142.66
Polyketide	mitochondrion [GO:0005739]	142.66
Polyketide	mitochondrial intermembrane space [GO:0005758]	142.66
Polyketide	mitochondrial matrix [GO:0005759]	142.66
Polyketide	nucleus [GO:0005634]	142.66
Polyketide	collagen-containing extracellular matrix [GO:0062023]	319.74
Polyketide	cytoplasmic stress granule [GO:0010494]	319.74
Polyketide	lysosome [GO:0005764]	319.74
Polyketide	azurophil granule lumen [GO:0035578]	319.74
Polyketide	cytosol [GO:0005829]	319.74
Polyketide	extracellular exosome [GO:0070062]	319.74
Polyketide	intracellular membrane-bounded organelle [GO:0043231]	319.74
Polyketide	plasma membrane [GO:0005886]	319.74
Polyketide	membrane [GO:0016020]	319.74
Polyketide	extracellular region [GO:0005576]	319.74
Polyketide	extracellular space [GO:0005615]	319.74
Polyketide	secretory granule [GO:0030141]	319.74
Polyketide	nucleus [GO:0005634]	319.74
Polyketide	cytoplasm [GO:0005737]	319.74
Polyketide	focal adhesion [GO:0005925]	306.04
Polyketide	cytosol [GO:0005829]	306.04
Polyketide	extracellular exosome [GO:0070062]	306.04
Polyketide	glutamatergic synapse [GO:0098978]	306.04
Polyketide	membrane [GO:0016020]	306.04
Polyketide	blood microparticle [GO:0072562]	306.04
Polyketide	cell cortex [GO:0005938]	306.04
Polyketide	cytoskeleton [GO:0005856]	306.04
Polyketide	nucleus [GO:0005634]	306.04
Polyketide	cytoplasm [GO:0005737]	306.04
Polyketide	aggresome [GO:0016235]	388.43
Polyketide	cell projection [GO:0042995]	388.43
Polyketide	secretory granule membrane [GO:0030667]	388.43
Polyketide	ficolin-1-rich granule membrane [GO:0101003]	388.43
Polyketide	tertiary granule membrane [GO:0070821]	388.43
Polyketide	extracellular exosome [GO:0070062]	388.43
Polyketide	plasma membrane [GO:0005886]	388.43
Polyketide	membrane [GO:0016020]	388.43
Polyketide	specific granule membrane [GO:0035579]	388.43
Polyketide	perikaryon [GO:0043204]	388.43
Polyketide	glycosome [GO:0020015]	268.9
Polyketide	melanosome [GO:0042470]	267.74
Polyketide	axonal growth cone [GO:0044295]	267.74
Polyketide	cell body [GO:0044297]	267.74
Polyketide	endomembrane system [GO:0012505]	267.74
Polyketide	lamellipodium [GO:0030027]	267.74
Polyketide	growth cone membrane [GO:0032584]	267.74
Polyketide	plasma membrane [GO:0005886]	267.74
Polyketide	axon [GO:0030424]	267.74
Polyketide	cell surface [GO:0009986]	267.74
Polyketide	cortical cytoskeleton [GO:0030863]	228.48
Polyketide	basolateral plasma membrane [GO:0016323]	228.48
Polyketide	ankyrin-1 complex [GO:0170014]	228.48
Polyketide	Z disc [GO:0030018]	228.48
Polyketide	extracellular exosome [GO:0070062]	228.48
Polyketide	plasma membrane [GO:0005886]	228.48
Polyketide	membrane [GO:0016020]	228.48
Polyketide	blood microparticle [GO:0072562]	228.48
Polyketide	cytoplasmic side of plasma membrane [GO:0009898]	228.48
Polyketide	cytosol [GO:0005829]	666.31
Polyketide	cytosolic DNA-directed RNA polymerase complex [GO:0000345]	666.31
Polyketide	membrane [GO:0016020]	666.31
Polyketide	cytoplasm [GO:0005737]	666.31
Polyketide	transcription elongation factor complex [GO:0008023]	666.31
Polyketide	protein-containing complex [GO:0032991]	306.19
Polyketide	cytosol [GO:0005829]	306.19
Polyketide	nucleoplasm [GO:0005654]	306.19
Polyketide	membrane [GO:0016020]	306.19
Polyketide	plasma membrane [GO:0005886]	306.19
Polyketide	euchromatin [GO:0000791]	306.19
Polyketide	chromatin [GO:0000785]	306.19
Polyketide	transcription regulator complex [GO:0005667]	306.19
Polyketide	nucleus [GO:0005634]	306.19
Polyketide	cytoplasm [GO:0005737]	306.19
Polyketide	Golgi apparatus [GO:0005794]	306.19
Polyketide	mitochondrial proton-transporting ATP synthase complex [GO:0005753]	745.95
Polyketide	cytosol [GO:0005829]	745.95
Polyketide	mitochondrial proton-transporting ATP synthase complex, coupling factor F(o) [GO:0000276]	745.95
Polyketide	mitochondrion [GO:0005739]	745.95
Polyketide	mitochondrial intermembrane space [GO:0005758]	745.95
Polyketide	mitochondrial inner membrane [GO:0005743]	745.95
Polyketide	plasma membrane [GO:0005886]	431.15
Polyketide	periplasmic side of plasma membrane [GO:0098567]	431.15
Polyketide	membrane [GO:0016020]	431.15
Polyketide	outer membrane-bounded periplasmic space [GO:0030288]	431.15
Polyketide	efflux pump complex [GO:1990281]	431.15
Polyketide	RSC-type complex [GO:0016586]	193.27
Polyketide	kinetochore [GO:0000776]	193.27
Polyketide	SWI/SNF complex [GO:0016514]	193.27
Polyketide	nucleoplasm [GO:0005654]	193.27
Polyketide	nuclear matrix [GO:0016363]	193.27
Polyketide	chromatin [GO:0000785]	193.27
Polyketide	nuclear chromosome [GO:0000228]	193.27
Polyketide	nucleus [GO:0005634]	193.27
Polyketide	nuclear envelope [GO:0005635]	281.85
Polyketide	perinuclear region of cytoplasm [GO:0048471]	281.85
Polyketide	cytosol [GO:0005829]	281.85
Polyketide	pericentriolar material [GO:0000242]	281.85
Polyketide	Golgi membrane [GO:0000139]	281.85
Polyketide	chromosome, telomeric region [GO:0000781]	281.85
Polyketide	nucleus [GO:0005634]	281.85
Polyketide	cytoplasm [GO:0005737]	281.85
Polyketide	plasma membrane [GO:0005886]	402.99
Polyketide	proton-transporting ATP synthase complex, coupling factor F(o) [GO:0045263]	402.99
Polyketide	centrosome [GO:0005813]	214.79
Polyketide	cytosol [GO:0005829]	214.79
Polyketide	ruffle [GO:0001726]	214.79
Polyketide	cyclin-dependent protein kinase holoenzyme complex [GO:0000307]	214.79
Polyketide	nucleoplasm [GO:0005654]	214.79
Polyketide	cyclin D2-CDK6 complex [GO:0097132]	214.79
Polyketide	nucleus [GO:0005634]	214.79
Polyketide	cytoplasm [GO:0005737]	214.79
Polyketide	chromosome [GO:0005694]	498.25
Polyketide	cytoplasm [GO:0005737]	498.25
Polyketide	nuclear envelope [GO:0005635]	204.25
Polyketide	perinuclear region of cytoplasm [GO:0048471]	204.25
Polyketide	cytosol [GO:0005829]	204.25
Polyketide	pericentriolar material [GO:0000242]	204.25
Polyketide	Golgi membrane [GO:0000139]	204.25
Polyketide	chromosome, telomeric region [GO:0000781]	204.25
Polyketide	nucleus [GO:0005634]	204.25
Polyketide	cytoplasm [GO:0005737]	204.25
Polyketide	proton-transporting ATP synthase complex, catalytic core F(1) [GO:0045261]	1238.25
Polyketide	respirasome [GO:0070469]	199.8
Polyketide	mitochondrion [GO:0005739]	199.8
Polyketide	mitochondrial inner membrane [GO:0005743]	199.8
Polyketide	plasma membrane [GO:0005886]	422.48
Polyketide	proton-transporting ATP synthase complex, coupling factor F(o) [GO:0045263]	422.48
Polyketide	cytoplasm [GO:0005737]	237.5
Polyketide	RSC-type complex [GO:0016586]	203.79
Polyketide	kinetochore [GO:0000776]	203.79
Polyketide	SWI/SNF complex [GO:0016514]	203.79
Polyketide	nucleoplasm [GO:0005654]	203.79
Polyketide	nuclear matrix [GO:0016363]	203.79
Polyketide	chromatin [GO:0000785]	203.79
Polyketide	nuclear chromosome [GO:0000228]	203.79
Polyketide	nucleus [GO:0005634]	203.79
Polyketide	plasma membrane [GO:0005886]	479.73
Polyketide	proton-transporting ATP synthase complex, coupling factor F(o) [GO:0045263]	479.73
Polyketide	dendrite [GO:0030425]	580.12
Polyketide	neuron projection [GO:0043005]	580.12
Polyketide	intracellular membrane-bounded organelle [GO:0043231]	580.12
Polyketide	plasma membrane [GO:0005886]	580.12
Polyketide	postsynaptic membrane [GO:0045211]	580.12
Polyketide	synapse [GO:0045202]	580.12
Polyketide	glycine-gated chloride channel complex [GO:0016935]	580.12
Polyketide	perikaryon [GO:0043204]	580.12
Polyketide	cytoplasm [GO:0005737]	295.02
Polyketide	pericentric heterochromatin [GO:0005721]	274.4
Polyketide	endoplasmic reticulum [GO:0005783]	274.4
Polyketide	intracellular membrane-bounded organelle [GO:0043231]	274.4
Polyketide	nucleoplasm [GO:0005654]	274.4
Polyketide	site of DNA damage [GO:0090734]	274.4
Polyketide	chromatin [GO:0000785]	274.4
Polyketide	nucleus [GO:0005634]	274.4
Polyketide	site of double-strand break [GO:0035861]	274.4
Polyketide	chromosome, subtelomeric region [GO:0099115]	274.4
Polyketide	cytosol [GO:0005829]	211.51
Polyketide	plasma membrane [GO:0005886]	211.51
Polyketide	peptidoglycan-based cell wall [GO:0009274]	211.51
Polyketide	protein-containing complex [GO:0032991]	345.76
Polyketide	cytosol [GO:0005829]	345.76
Polyketide	nucleoplasm [GO:0005654]	345.76
Polyketide	membrane [GO:0016020]	345.76
Polyketide	plasma membrane [GO:0005886]	345.76
Polyketide	euchromatin [GO:0000791]	345.76
Polyketide	chromatin [GO:0000785]	345.76
Polyketide	transcription regulator complex [GO:0005667]	345.76
Polyketide	nucleus [GO:0005634]	345.76
Polyketide	cytoplasm [GO:0005737]	345.76
Polyketide	Golgi apparatus [GO:0005794]	345.76
Polyketide	membrane [GO:0016020]	192.75
Polyketide	vesicle [GO:0031982]	294.66
Polyketide	cytoplasm [GO:0005737]	294.66
Polyketide	secretory granule lumen [GO:0034774]	294.66
Polyketide	cytosol [GO:0005829]	294.66
Polyketide	ficolin-1-rich granule lumen [GO:1904813]	294.66
Polyketide	extracellular exosome [GO:0070062]	294.66
Polyketide	nucleoplasm [GO:0005654]	294.66
Polyketide	plasma membrane [GO:0005886]	294.66
Polyketide	extracellular region [GO:0005576]	294.66
Polyketide	extracellular space [GO:0005615]	294.66
Polyketide	cell surface [GO:0009986]	294.66
Polyketide	plasma membrane [GO:0005886]	627.47
Polyketide	periplasmic side of plasma membrane [GO:0098567]	627.47
Polyketide	membrane [GO:0016020]	627.47
Polyketide	outer membrane-bounded periplasmic space [GO:0030288]	627.47
Polyketide	efflux pump complex [GO:1990281]	627.47
Polyketide	proton-transporting ATP synthase complex, catalytic core F(1) [GO:0045261]	244.63
Polyketide	plasma membrane [GO:0005886]	244.63
Polyketide	mitochondrial proton-transporting ATP synthase, catalytic core [GO:0005754]	244.63
Polyketide	mitochondrial proton-transporting ATP synthase complex [GO:0005753]	244.63
Polyketide	extracellular space [GO:0005615]	197.78
Polyketide	azurophil granule lumen [GO:0035578]	197.78
Polyketide	extracellular region [GO:0005576]	197.78
Polyketide	extracellular exosome [GO:0070062]	197.78
Polyketide	cortical cytoskeleton [GO:0030863]	309.58
Polyketide	basolateral plasma membrane [GO:0016323]	309.58
Polyketide	ankyrin-1 complex [GO:0170014]	309.58
Polyketide	Z disc [GO:0030018]	309.58
Polyketide	extracellular exosome [GO:0070062]	309.58
Polyketide	plasma membrane [GO:0005886]	309.58
Polyketide	membrane [GO:0016020]	309.58
Polyketide	blood microparticle [GO:0072562]	309.58
Polyketide	cytoplasmic side of plasma membrane [GO:0009898]	309.58
Polyketide	transcription repressor complex [GO:0017053]	457.67
Polyketide	nucleoplasm [GO:0005654]	457.67
Polyketide	nucleus [GO:0005634]	457.67
Polyketide	plasma membrane [GO:0005886]	194.38
Polyketide	calcium channel complex [GO:0034704]	194.38
Polyketide	extracellular space [GO:0005615]	183.16
Polyketide	azurophil granule lumen [GO:0035578]	183.16
Polyketide	extracellular region [GO:0005576]	183.16
Polyketide	extracellular exosome [GO:0070062]	183.16
Polyketide	protein-DNA complex [GO:0032993]	412.2
Polyketide	extracellular region [GO:0005576]	309.65
Polyketide	histone deacetylase complex [GO:0000118]	246.28
Polyketide	plasma membrane [GO:0005886]	282.83
Polyketide	periplasmic side of plasma membrane [GO:0098567]	282.83
Polyketide	membrane [GO:0016020]	282.83
Polyketide	outer membrane-bounded periplasmic space [GO:0030288]	282.83
Polyketide	efflux pump complex [GO:1990281]	282.83
Polyketide	plasma membrane [GO:0005886]	110.24
Polyketide	cell division site [GO:0032153]	110.24
Polyketide	cytoplasm [GO:0005737]	110.24
Polyketide	cytoplasm [GO:0005737]	389.26
Polyketide	periplasmic space [GO:0042597]	190.56
Polyketide	extracellular space [GO:0005615]	205.66
Polyketide	azurophil granule lumen [GO:0035578]	205.66
Polyketide	extracellular region [GO:0005576]	205.66
Polyketide	extracellular exosome [GO:0070062]	205.66
Polyketide	protein-DNA complex [GO:0032993]	320.36
Polyketide	protein-containing complex [GO:0032991]	228.15
Polyketide	cytosol [GO:0005829]	228.15
Polyketide	nucleoplasm [GO:0005654]	228.15
Polyketide	membrane [GO:0016020]	228.15
Polyketide	plasma membrane [GO:0005886]	228.15
Polyketide	euchromatin [GO:0000791]	228.15
Polyketide	chromatin [GO:0000785]	228.15
Polyketide	transcription regulator complex [GO:0005667]	228.15
Polyketide	nucleus [GO:0005634]	228.15
Polyketide	cytoplasm [GO:0005737]	228.15
Polyketide	Golgi apparatus [GO:0005794]	228.15
Polyketide	cell body [GO:0044297]	358.04
Polyketide	actin filament [GO:0005884]	358.04
Polyketide	skeletal muscle myofibril [GO:0098723]	358.04
Polyketide	stress fiber [GO:0001725]	358.04
Polyketide	filamentous actin [GO:0031941]	358.04
Polyketide	actin filament bundle [GO:0032432]	358.04
Polyketide	lamellipodium [GO:0030027]	358.04
Polyketide	striated muscle thin filament [GO:0005865]	358.04
Polyketide	cytoplasm [GO:0005737]	358.04
Polyketide	filopodium [GO:0030175]	358.04
Polyketide	protein-containing complex [GO:0032991]	329.96
Polyketide	mitotic spindle [GO:0072686]	329.96
Polyketide	cytosol [GO:0005829]	329.96
Polyketide	microtubule [GO:0005874]	329.96
Polyketide	membrane [GO:0016020]	329.96
Polyketide	nucleus [GO:0005634]	329.96
Polyketide	spindle [GO:0005819]	329.96
Polyketide	spindle pole [GO:0000922]	329.96
Polyketide	kinesin complex [GO:0005871]	329.96
Polyketide	protein-containing complex [GO:0032991]	147.27
Polyketide	nucleoplasm [GO:0005654]	147.27
Polyketide	mitochondrion [GO:0005739]	147.27
Polyketide	mitochondrial matrix [GO:0005759]	147.27
Polyketide	nucleus [GO:0005634]	147.27
Polyketide	ciliary plasm [GO:0097014]	214.96
Polyketide	cytoplasm [GO:0005737]	214.96
Polyketide	myelin sheath [GO:0043209]	298.82
Polyketide	cytosol [GO:0005829]	298.82
Polyketide	apical part of cell [GO:0045177]	298.82
Polyketide	extracellular exosome [GO:0070062]	298.82
Polyketide	plasma membrane [GO:0005886]	298.82
Polyketide	cytoplasm [GO:0005737]	298.82
Polyketide	sarcoplasmic reticulum membrane [GO:0033017]	734.73
Polyketide	cytoplasmic side of membrane [GO:0098562]	734.73
Polyketide	cytosol [GO:0005829]	734.73
Polyketide	Z disc [GO:0030018]	734.73
Polyketide	sarcoplasmic reticulum [GO:0016529]	734.73
Polyketide	terminal cisterna [GO:0014802]	734.73
Polyketide	membrane [GO:0016020]	734.73
Polyketide	ryanodine receptor complex [GO:1990425]	734.73
Polyketide	cytoplasm [GO:0005737]	734.73
Polyketide	cytosol [GO:0005829]	293.97
Polyketide	intracellular membrane-bounded organelle [GO:0043231]	293.97
Polyketide	nucleoplasm [GO:0005654]	293.97
Polyketide	receptor complex [GO:0043235]	293.97
Polyketide	RNA polymerase II transcription regulator complex [GO:0090575]	293.97
Polyketide	chromatin [GO:0000785]	293.97
Polyketide	nucleus [GO:0005634]	293.97
Polyketide	mitochondrial proton-transporting ATP synthase complex [GO:0005753]	588.6
Polyketide	cytosol [GO:0005829]	588.6
Polyketide	mitochondrial proton-transporting ATP synthase complex, coupling factor F(o) [GO:0000276]	588.6
Polyketide	mitochondrion [GO:0005739]	588.6
Polyketide	mitochondrial intermembrane space [GO:0005758]	588.6
Polyketide	mitochondrial inner membrane [GO:0005743]	588.6
Polyketide	extracellular space [GO:0005615]	256.54
Polyketide	extracellular region [GO:0005576]	256.54
Polyketide	fibrillar center [GO:0001650]	188.16
Polyketide	nuclear inner membrane [GO:0005637]	188.16
Polyketide	heterochromatin [GO:0000792]	188.16
Polyketide	nuclear envelope [GO:0005635]	188.16
Polyketide	PML body [GO:0016605]	188.16
Polyketide	cytosol [GO:0005829]	188.16
Polyketide	eNoSc complex [GO:0061773]	188.16
Polyketide	rDNA heterochromatin [GO:0033553]	188.16
Polyketide	nucleoplasm [GO:0005654]	188.16
Polyketide	mitochondrion [GO:0005739]	188.16
Polyketide	euchromatin [GO:0000791]	188.16
Polyketide	chromatin [GO:0000785]	188.16
Polyketide	chromatin silencing complex [GO:0005677]	188.16
Polyketide	nucleus [GO:0005634]	188.16
Polyketide	cytoplasm [GO:0005737]	188.16
Polyketide	nucleolus [GO:0005730]	188.16
Polyketide	sarcoplasmic reticulum membrane [GO:0033017]	509.19
Polyketide	cytoplasmic side of membrane [GO:0098562]	509.19
Polyketide	cytosol [GO:0005829]	509.19
Polyketide	Z disc [GO:0030018]	509.19
Polyketide	sarcoplasmic reticulum [GO:0016529]	509.19
Polyketide	terminal cisterna [GO:0014802]	509.19
Polyketide	membrane [GO:0016020]	509.19
Polyketide	ryanodine receptor complex [GO:1990425]	509.19
Polyketide	cytoplasm [GO:0005737]	509.19
Polyketide	plasma membrane [GO:0005886]	429.3
Polyketide	proton-transporting ATP synthase complex, coupling factor F(o) [GO:0045263]	429.3
Polyketide	plasma membrane [GO:0005886]	326.59
Polyketide	proton-transporting ATP synthase complex, coupling factor F(o) [GO:0045263]	326.59
Polyketide	cell body [GO:0044297]	357.89
Polyketide	actin filament [GO:0005884]	357.89
Polyketide	skeletal muscle myofibril [GO:0098723]	357.89
Polyketide	stress fiber [GO:0001725]	357.89
Polyketide	filamentous actin [GO:0031941]	357.89
Polyketide	actin filament bundle [GO:0032432]	357.89
Polyketide	lamellipodium [GO:0030027]	357.89
Polyketide	striated muscle thin filament [GO:0005865]	357.89
Polyketide	cytoplasm [GO:0005737]	357.89
Polyketide	filopodium [GO:0030175]	357.89
Polyketide	ATP-binding cassette (ABC) transporter complex [GO:0043190]	241.12
Polyketide	membrane [GO:0016020]	241.12
Polyketide	ATP-binding cassette (ABC) transporter complex, substrate-binding subunit-containing [GO:0055052]	241.12
Polyketide	maltose transport complex [GO:1990060]	241.12
Polyketide	periplasmic space [GO:0042597]	241.12
Polyketide	outer membrane-bounded periplasmic space [GO:0030288]	241.12
Polyketide	extracellular space [GO:0005615]	223.16
Polyketide	azurophil granule lumen [GO:0035578]	223.16
Polyketide	extracellular region [GO:0005576]	223.16
Polyketide	extracellular exosome [GO:0070062]	223.16
Polyketide	mitochondrial proton-transporting ATP synthase, catalytic core [GO:0005754]	533.5
Polyketide	proton-transporting ATP synthase complex, catalytic core F(1) [GO:0045261]	533.5
Polyketide	mitochondrial proton-transporting ATP synthase complex [GO:0005753]	533.5
Polyketide	cytosol [GO:0005829]	533.5
Polyketide	mitochondrion [GO:0005739]	533.5
Polyketide	mitochondrial intermembrane space [GO:0005758]	533.5
Polyketide	mitochondrial inner membrane [GO:0005743]	533.5
Polyketide	endoplasmic reticulum lumen [GO:0005788]	434.43
Polyketide	plasma membrane [GO:0005886]	434.43
Polyketide	extracellular region [GO:0005576]	434.43
Polyketide	extracellular space [GO:0005615]	434.43
Polyketide	external side of plasma membrane [GO:0009897]	434.43
Polyketide	Golgi lumen [GO:0005796]	434.43
Polyketide	nucleoplasm [GO:0005654]	222.17
Polyketide	cytosol [GO:0005829]	222.17
Polyketide	extracellular exosome [GO:0070062]	222.17
Polyketide	protein-DNA complex [GO:0032993]	177.8
Polyketide	plasma membrane [GO:0005886]	425.12
Polyketide	fungal biofilm matrix [GO:0062040]	567.06
Polyketide	cytoplasm [GO:0005737]	567.06
Polyketide	extracellular region [GO:0005576]	567.06
Polyketide	NuA4 histone acetyltransferase complex [GO:0035267]	371.79
Polyketide	actin filament [GO:0005884]	371.79
Polyketide	Swr1 complex [GO:0000812]	371.79
Polyketide	actin filament bundle [GO:0032432]	371.79
Polyketide	Ino80 complex [GO:0031011]	371.79
Polyketide	actin cortical patch [GO:0030479]	371.79
Polyketide	cellular bud neck contractile ring [GO:0000142]	371.79
Polyketide	chromatin [GO:0000785]	371.79
Polyketide	nucleus [GO:0005634]	371.79
Polyketide	plasma membrane [GO:0005886]	427.98
Polyketide	proton-transporting ATP synthase complex, coupling factor F(o) [GO:0045263]	427.98
Polyketide	endocytic vesicle [GO:0030139]	337.11
Polyketide	endoplasmic reticulum lumen [GO:0005788]	337.11
Polyketide	HFE-transferrin receptor complex [GO:1990712]	337.11
Polyketide	secretory granule lumen [GO:0034774]	337.11
Polyketide	extracellular exosome [GO:0070062]	337.11
Polyketide	blood microparticle [GO:0072562]	337.11
Polyketide	cell surface [GO:0009986]	337.11
Polyketide	recycling endosome [GO:0055037]	337.11
Polyketide	endosome membrane [GO:0010008]	337.11
Polyketide	clathrin-coated pit [GO:0005905]	337.11
Polyketide	extracellular space [GO:0005615]	337.11
Polyketide	perinuclear region of cytoplasm [GO:0048471]	337.11
Polyketide	early endosome [GO:0005769]	337.11
Polyketide	extracellular region [GO:0005576]	337.11
Polyketide	cytoplasmic vesicle [GO:0031410]	337.11
Polyketide	vesicle [GO:0031982]	337.11
Polyketide	basal plasma membrane [GO:0009925]	337.11
Polyketide	apical plasma membrane [GO:0016324]	337.11
Polyketide	plasma membrane [GO:0005886]	337.11
Polyketide	basal part of cell [GO:0045178]	337.11
Polyketide	clathrin-coated endocytic vesicle membrane [GO:0030669]	337.11
Polyketide	late endosome [GO:0005770]	337.11
Polyketide	cytosol [GO:0005829]	630.88
Polyketide	cytosolic DNA-directed RNA polymerase complex [GO:0000345]	630.88
Polyketide	membrane [GO:0016020]	630.88
Polyketide	cytoplasm [GO:0005737]	630.88
Polyketide	transcription elongation factor complex [GO:0008023]	630.88
Polyketide	histone deacetylase complex [GO:0000118]	284.14
Polyketide	host cell nucleus [GO:0042025]	412.94
Polyketide	viral envelope [GO:0019031]	412.94
Polyketide	host cell plasma membrane [GO:0020002]	412.94
Polyketide	host cell lipid droplet [GO:0044186]	412.94
Polyketide	host cell endoplasmic reticulum membrane [GO:0044167]	412.94
Polyketide	host cell mitochondrial membrane [GO:0044191]	412.94
Polyketide	ribonucleoprotein complex [GO:1990904]	412.94
Polyketide	membrane [GO:0016020]	412.94
Polyketide	viral nucleocapsid [GO:0019013]	412.94
Polyketide	virion membrane [GO:0055036]	412.94
Polyketide	host cell perinuclear region of cytoplasm [GO:0044220]	412.94
Polyketide	extracellular region [GO:0005576]	268.0
Polyketide	extracellular exosome [GO:0070062]	268.0
Polyketide	secretory granule lumen [GO:0034774]	268.0
Polyketide	cytosol [GO:0005829]	268.0
Polyketide	specific granule lumen [GO:0035580]	268.0
Polyketide	nucleoplasm [GO:0005654]	268.0
Polyketide	nucleus [GO:0005634]	268.0
Polyketide	GABA-ergic synapse [GO:0098982]	457.87
Polyketide	mitochondrial outer membrane [GO:0005741]	457.87
Polyketide	glutamatergic synapse [GO:0098978]	457.87
Polyketide	plasma membrane [GO:0005886]	457.87
Polyketide	actin cytoskeleton [GO:0015629]	457.87
Polyketide	growth cone [GO:0030426]	457.87
Polyketide	presynaptic membrane [GO:0042734]	457.87
Polyketide	membrane raft [GO:0045121]	457.87
Polyketide	cytoplasm [GO:0005737]	457.87
Polyketide	intracellular membrane-bounded organelle [GO:0043231]	352.32
Polyketide	endoplasmic reticulum membrane [GO:0005789]	352.32
Polyketide	endoplasmic reticulum [GO:0005783]	258.94
Polyketide	focal adhesion [GO:0005925]	258.94
Polyketide	cytosol [GO:0005829]	258.94
Polyketide	early endosome [GO:0005769]	258.94
Polyketide	plasma membrane [GO:0005886]	258.94
Polyketide	mitochondrion [GO:0005739]	258.94
Polyketide	nucleus [GO:0005634]	258.94
Polyketide	late endosome [GO:0005770]	258.94
Polyketide	microtubule organizing center [GO:0005815]	258.94
Polyketide	Golgi apparatus [GO:0005794]	258.94
Polyketide	membrane [GO:0016020]	128.0
Polyketide	proton-transporting V-type ATPase complex [GO:0033176]	467.96
Polyketide	vacuolar proton-transporting V-type ATPase, V0 domain [GO:0000220]	467.96
Polyketide	Golgi membrane [GO:0000139]	467.96
Polyketide	membrane [GO:0016020]	467.96
Polyketide	vacuolar proton-transporting V-type ATPase complex [GO:0016471]	467.96
Polyketide	fungal-type vacuole membrane [GO:0000329]	467.96
Polyketide	vacuolar proton-transporting V-type ATPase, V0 domain [GO:0000220]	440.14
Polyketide	synaptic vesicle membrane [GO:0030672]	440.14
Polyketide	clathrin-coated vesicle membrane [GO:0030665]	440.14
Polyketide	nucleus [GO:0005634]	598.18
Polyketide	sarcoplasmic reticulum membrane [GO:0033017]	720.63
Polyketide	cytoplasmic side of membrane [GO:0098562]	720.63
Polyketide	cytosol [GO:0005829]	720.63
Polyketide	Z disc [GO:0030018]	720.63
Polyketide	sarcoplasmic reticulum [GO:0016529]	720.63
Polyketide	terminal cisterna [GO:0014802]	720.63
Polyketide	membrane [GO:0016020]	720.63
Polyketide	ryanodine receptor complex [GO:1990425]	720.63
Polyketide	cytoplasm [GO:0005737]	720.63
Polyketide	cytoplasm [GO:0005737]	292.05
Polyketide	protein-containing complex [GO:0032991]	301.47
Polyketide	cytosol [GO:0005829]	301.47
Polyketide	nucleoplasm [GO:0005654]	301.47
Polyketide	membrane [GO:0016020]	301.47
Polyketide	plasma membrane [GO:0005886]	301.47
Polyketide	euchromatin [GO:0000791]	301.47
Polyketide	chromatin [GO:0000785]	301.47
Polyketide	transcription regulator complex [GO:0005667]	301.47
Polyketide	nucleus [GO:0005634]	301.47
Polyketide	cytoplasm [GO:0005737]	301.47
Polyketide	Golgi apparatus [GO:0005794]	301.47
Polyketide	chromatin [GO:0000785]	172.91
Polyketide	intracellular membrane-bounded organelle [GO:0043231]	172.91
Polyketide	nucleoplasm [GO:0005654]	172.91
Polyketide	chromosome, subtelomeric region [GO:0099115]	172.91
Polyketide	pericentric heterochromatin [GO:0005721]	172.91
Polyketide	site of double-strand break [GO:0035861]	172.91
Polyketide	nucleus [GO:0005634]	172.91
Polyketide	site of DNA damage [GO:0090734]	172.91
Polyketide	endoplasmic reticulum [GO:0005783]	172.91
Polyketide	extracellular space [GO:0005615]	222.49
Polyketide	membrane [GO:0016020]	222.49
Polyketide	food vacuole [GO:0020020]	222.49
Polyketide	plasma membrane [GO:0005886]	706.26
Polyketide	cytoplasm [GO:0005737]	706.26
Polyketide	peptidoglycan-based cell wall [GO:0009274]	706.26
Polyketide	dendrite [GO:0030425]	302.39
Polyketide	cytosol [GO:0005829]	302.39
Polyketide	synapse [GO:0045202]	302.39
Polyketide	nucleus [GO:0005634]	302.39
Polyketide	cytoplasm [GO:0005737]	302.39
Polyketide	neuronal cell body [GO:0043025]	302.39
Polyketide	dendrite [GO:0030425]	629.13
Polyketide	chloride channel complex [GO:0034707]	629.13
Polyketide	neuron projection [GO:0043005]	629.13
Polyketide	plasma membrane [GO:0005886]	629.13
Polyketide	membrane [GO:0016020]	629.13
Polyketide	postsynaptic membrane [GO:0045211]	629.13
Polyketide	synapse [GO:0045202]	629.13
Polyketide	perikaryon [GO:0043204]	629.13
Polyketide	periplasmic space [GO:0042597]	771.28
Polyketide	cytosol [GO:0005829]	234.16
Polyketide	nucleoplasm [GO:0005654]	234.16
Polyketide	plasma membrane [GO:0005886]	234.16
Polyketide	nucleus [GO:0005634]	234.16
Polyketide	cytoplasm [GO:0005737]	234.16
Polyketide	nucleolus [GO:0005730]	234.16
Polyketide	mitochondrial proton-transporting ATP synthase complex, catalytic sector F(1) [GO:0000275]	180.89
Polyketide	mitochondrial proton-transporting ATP synthase complex [GO:0005753]	180.89
Polyketide	histone deacetylase complex [GO:0000118]	275.33
Polyketide	cell body [GO:0044297]	322.76
Polyketide	actin filament [GO:0005884]	322.76
Polyketide	skeletal muscle myofibril [GO:0098723]	322.76
Polyketide	stress fiber [GO:0001725]	322.76
Polyketide	filamentous actin [GO:0031941]	322.76
Polyketide	actin filament bundle [GO:0032432]	322.76
Polyketide	lamellipodium [GO:0030027]	322.76
Polyketide	striated muscle thin filament [GO:0005865]	322.76
Polyketide	cytoplasm [GO:0005737]	322.76
Polyketide	filopodium [GO:0030175]	322.76
Polyketide	Sin3-type complex [GO:0070822]	228.92
Polyketide	cytosol [GO:0005829]	228.92
Polyketide	plasma membrane [GO:0005886]	228.92
Polyketide	nucleoplasm [GO:0005654]	228.92
Polyketide	protein kinase CK2 complex [GO:0005956]	228.92
Polyketide	nucleus [GO:0005634]	228.92
Polyketide	PML body [GO:0016605]	228.92
Polyketide	extracellular region [GO:0005576]	128.48
Polyketide	cytoplasm [GO:0005737]	322.84
Polyketide	protein-containing complex [GO:0032991]	290.66
Polyketide	cytosol [GO:0005829]	290.66
Polyketide	nucleoplasm [GO:0005654]	290.66
Polyketide	membrane [GO:0016020]	290.66
Polyketide	plasma membrane [GO:0005886]	290.66
Polyketide	euchromatin [GO:0000791]	290.66
Polyketide	chromatin [GO:0000785]	290.66
Polyketide	transcription regulator complex [GO:0005667]	290.66
Polyketide	nucleus [GO:0005634]	290.66
Polyketide	cytoplasm [GO:0005737]	290.66
Polyketide	Golgi apparatus [GO:0005794]	290.66
Polyketide	collagen-containing extracellular matrix [GO:0062023]	648.39
Polyketide	lysosomal lumen [GO:0043202]	648.39
Polyketide	lysosome [GO:0005764]	648.39
Polyketide	tertiary granule lumen [GO:1904724]	648.39
Polyketide	ficolin-1-rich granule lumen [GO:1904813]	648.39
Polyketide	endolysosome lumen [GO:0036021]	648.39
Polyketide	intracellular membrane-bounded organelle [GO:0043231]	648.39
Polyketide	extracellular region [GO:0005576]	648.39
Polyketide	extracellular space [GO:0005615]	648.39
Polyketide	late endosome [GO:0005770]	648.39
Polyketide	phagocytic vesicle [GO:0045335]	648.39
Polyketide	microtubule [GO:0005874]	440.71
Polyketide	cytoplasm [GO:0005737]	440.71
Polyketide	histone deacetylase complex [GO:0000118]	141.8
Polyketide	nucleoplasm [GO:0005654]	141.8
Polyketide	nuclear chromosome [GO:0000228]	141.8
Polyketide	nucleus [GO:0005634]	141.8
Polyketide	cytoplasm [GO:0005737]	141.8
Polyketide	respirasome [GO:0070469]	298.71
Polyketide	collagen-containing extracellular matrix [GO:0062023]	344.78
Polyketide	secretory granule lumen [GO:0034774]	344.78
Polyketide	azurophil granule lumen [GO:0035578]	344.78
Polyketide	extracellular exosome [GO:0070062]	344.78
Polyketide	blood microparticle [GO:0072562]	344.78
Polyketide	platelet alpha granule lumen [GO:0031093]	344.78
Polyketide	extracellular region [GO:0005576]	344.78
Polyketide	extracellular space [GO:0005615]	344.78
Polyketide	nucleus [GO:0005634]	344.78
Polyketide	nuclear periphery [GO:0034399]	253.76
Polyketide	main axon [GO:0044304]	253.76
Polyketide	neurofibrillary tangle [GO:0097418]	253.76
Polyketide	neuron projection [GO:0043005]	253.76
Polyketide	somatodendritic compartment [GO:0036477]	253.76
Polyketide	microtubule [GO:0005874]	253.76
Polyketide	cytoplasm [GO:0005737]	253.76
Polyketide	neuronal cell body [GO:0043025]	253.76
Polyketide	cell body [GO:0044297]	253.76
Polyketide	nuclear speck [GO:0016607]	253.76
Polyketide	growth cone [GO:0030426]	253.76
Polyketide	membrane raft [GO:0045121]	253.76
Polyketide	dendrite [GO:0030425]	253.76
Polyketide	tubulin complex [GO:0045298]	253.76
Polyketide	microtubule cytoskeleton [GO:0015630]	253.76
Polyketide	cytosol [GO:0005829]	253.76
Polyketide	axolemma [GO:0030673]	253.76
Polyketide	glial cell projection [GO:0097386]	253.76
Polyketide	dendritic spine [GO:0043197]	253.76
Polyketide	extracellular region [GO:0005576]	253.76
Polyketide	cytoplasmic ribonucleoprotein granule [GO:0036464]	253.76
Polyketide	nucleus [GO:0005634]	253.76
Polyketide	axon cytoplasm [GO:1904115]	253.76
Polyketide	plasma membrane [GO:0005886]	253.76
Polyketide	mitochondrion [GO:0005739]	253.76
Polyketide	axon [GO:0030424]	253.76
Polyketide	host cell nucleus [GO:0042025]	532.66
Polyketide	protein-containing complex [GO:0032991]	532.66
Polyketide	host cell plasma membrane [GO:0020002]	532.66
Polyketide	host cell lipid droplet [GO:0044186]	532.66
Polyketide	viral envelope [GO:0019031]	532.66
Polyketide	host cell endoplasmic reticulum membrane [GO:0044167]	532.66
Polyketide	host cell mitochondrial membrane [GO:0044191]	532.66
Polyketide	ribonucleoprotein complex [GO:1990904]	532.66
Polyketide	membrane [GO:0016020]	532.66
Polyketide	viral nucleocapsid [GO:0019013]	532.66
Polyketide	virion membrane [GO:0055036]	532.66
Polyketide	host cell perinuclear region of cytoplasm [GO:0044220]	532.66
Polyketide	periplasmic space [GO:0042597]	156.98
Polyketide	membrane [GO:0016020]	608.86
Polyketide	node of Ranvier [GO:0033268]	281.42
Polyketide	synapse [GO:0045202]	281.42
Polyketide	plasma membrane [GO:0005886]	281.42
Polyketide	axon initial segment [GO:0043194]	281.42
Polyketide	voltage-gated potassium channel complex [GO:0008076]	281.42
Polyketide	endoplasmic reticulum lumen [GO:0005788]	308.19
Polyketide	endosome [GO:0005768]	308.19
Polyketide	Golgi-associated vesicle lumen [GO:0070931]	308.19
Polyketide	cell surface [GO:0009986]	308.19
Polyketide	neuronal cell body [GO:0043025]	308.19
Polyketide	recycling endosome [GO:0055037]	308.19
Polyketide	trans-Golgi network [GO:0005802]	308.19
Polyketide	endosome membrane [GO:0010008]	308.19
Polyketide	synaptic vesicle [GO:0008021]	308.19
Polyketide	lysosome [GO:0005764]	308.19
Polyketide	membrane raft [GO:0045121]	308.19
Polyketide	Golgi apparatus [GO:0005794]	308.19
Polyketide	dendrite [GO:0030425]	308.19
Polyketide	early endosome [GO:0005769]	308.19
Polyketide	membrane [GO:0016020]	308.19
Polyketide	multivesicular body [GO:0005771]	308.19
Polyketide	plasma membrane [GO:0005886]	308.19
Polyketide	hippocampal mossy fiber to CA3 synapse [GO:0098686]	308.19
Polyketide	axon [GO:0030424]	308.19
Polyketide	late endosome [GO:0005770]	308.19
Polyketide	node of Ranvier [GO:0033268]	383.96
Polyketide	synapse [GO:0045202]	383.96
Polyketide	plasma membrane [GO:0005886]	383.96
Polyketide	axon initial segment [GO:0043194]	383.96
Polyketide	voltage-gated potassium channel complex [GO:0008076]	383.96
Polyketide	cytosol [GO:0005829]	135.48
Polyketide	intracellular membrane-bounded organelle [GO:0043231]	135.48
Polyketide	nucleoplasm [GO:0005654]	135.48
Polyketide	receptor complex [GO:0043235]	135.48
Polyketide	RNA polymerase II transcription regulator complex [GO:0090575]	135.48
Polyketide	chromatin [GO:0000785]	135.48
Polyketide	nucleus [GO:0005634]	135.48
Polyketide	cytosol [GO:0005829]	285.62
Polyketide	intracellular membrane-bounded organelle [GO:0043231]	285.62
Polyketide	nucleoplasm [GO:0005654]	285.62
Polyketide	plasma membrane [GO:0005886]	285.62
Polyketide	nuclear speck [GO:0016607]	285.62
Polyketide	nucleus [GO:0005634]	285.62
Polyketide	cytoplasm [GO:0005737]	285.62
Polyketide	cytoplasm [GO:0005737]	198.85
Polyketide	nucleoplasm [GO:0005654]	194.54
Polyketide	plasma membrane [GO:0005886]	194.54
Polyketide	cytosol [GO:0005829]	194.54
Polyketide	chromosome [GO:0005694]	258.87
Polyketide	condensed nuclear chromosome [GO:0000794]	258.87
Polyketide	nucleus [GO:0005634]	258.87
Polyketide	nucleoplasm [GO:0005654]	258.87
Polyketide	nucleoplasm [GO:0005654]	310.5
Polyketide	mitochondrial respiratory chain complex I [GO:0005747]	310.5
Polyketide	extracellular space [GO:0005615]	190.69
Polyketide	azurophil granule lumen [GO:0035578]	190.69
Polyketide	extracellular region [GO:0005576]	190.69
Polyketide	extracellular exosome [GO:0070062]	190.69
Polyketide	cortical cytoskeleton [GO:0030863]	297.8
Polyketide	basolateral plasma membrane [GO:0016323]	297.8
Polyketide	ankyrin-1 complex [GO:0170014]	297.8
Polyketide	Z disc [GO:0030018]	297.8
Polyketide	extracellular exosome [GO:0070062]	297.8
Polyketide	plasma membrane [GO:0005886]	297.8
Polyketide	membrane [GO:0016020]	297.8
Polyketide	blood microparticle [GO:0072562]	297.8
Polyketide	cytoplasmic side of plasma membrane [GO:0009898]	297.8
Polyketide	vesicle [GO:0031982]	190.56
Polyketide	cytoplasm [GO:0005737]	190.56
Polyketide	secretory granule lumen [GO:0034774]	190.56
Polyketide	cytosol [GO:0005829]	190.56
Polyketide	ficolin-1-rich granule lumen [GO:1904813]	190.56
Polyketide	extracellular exosome [GO:0070062]	190.56
Polyketide	nucleoplasm [GO:0005654]	190.56
Polyketide	plasma membrane [GO:0005886]	190.56
Polyketide	extracellular region [GO:0005576]	190.56
Polyketide	extracellular space [GO:0005615]	190.56
Polyketide	cell surface [GO:0009986]	190.56
Polyketide	extracellular region [GO:0005576]	181.73
Polyketide	extracellular exosome [GO:0070062]	181.73
Polyketide	azurophil granule lumen [GO:0035578]	181.73
Polyketide	extracellular space [GO:0005615]	181.73
Polyketide	extracellular space [GO:0005615]	220.48
Polyketide	azurophil granule lumen [GO:0035578]	220.48
Polyketide	extracellular region [GO:0005576]	220.48
Polyketide	extracellular exosome [GO:0070062]	220.48
Polyketide	endoplasmic reticulum [GO:0005783]	255.24
Polyketide	endoplasmic reticulum membrane [GO:0005789]	255.24
Polyketide	Ire1 complex [GO:1990332]	255.24
Polyketide	nucleus [GO:0005634]	255.24
Polyketide	IRE1-TRAF2-ASK1 complex [GO:1990604]	255.24
Polyketide	cell body [GO:0044297]	561.51
Polyketide	actin filament [GO:0005884]	561.51
Polyketide	skeletal muscle myofibril [GO:0098723]	561.51
Polyketide	stress fiber [GO:0001725]	561.51
Polyketide	filamentous actin [GO:0031941]	561.51
Polyketide	actin filament bundle [GO:0032432]	561.51
Polyketide	lamellipodium [GO:0030027]	561.51
Polyketide	striated muscle thin filament [GO:0005865]	561.51
Polyketide	cytoplasm [GO:0005737]	561.51
Polyketide	filopodium [GO:0030175]	561.51
Polyketide	tertiary granule lumen [GO:1904724]	156.06
Polyketide	cytosol [GO:0005829]	156.06
Polyketide	ficolin-1-rich granule lumen [GO:1904813]	156.06
Polyketide	extracellular exosome [GO:0070062]	156.06
Polyketide	nucleoplasm [GO:0005654]	156.06
Polyketide	extracellular region [GO:0005576]	156.06
Polyketide	nucleus [GO:0005634]	156.06
Polyketide	extracellular region [GO:0005576]	237.88
Polyketide	extracellular exosome [GO:0070062]	237.88
Polyketide	azurophil granule lumen [GO:0035578]	237.88
Polyketide	extracellular space [GO:0005615]	237.88
Polyketide	endoplasmic reticulum membrane [GO:0005789]	566.12
Polyketide	endoplasmic reticulum [GO:0005783]	566.12
Polyketide	plasma membrane [GO:0005886]	275.05
Polyketide	periplasmic side of plasma membrane [GO:0098567]	275.05
Polyketide	membrane [GO:0016020]	275.05
Polyketide	outer membrane-bounded periplasmic space [GO:0030288]	275.05
Polyketide	efflux pump complex [GO:1990281]	275.05
Polyketide	sarcoplasmic reticulum membrane [GO:0033017]	651.34
Polyketide	cytoplasmic side of membrane [GO:0098562]	651.34
Polyketide	cytosol [GO:0005829]	651.34
Polyketide	Z disc [GO:0030018]	651.34
Polyketide	sarcoplasmic reticulum [GO:0016529]	651.34
Polyketide	terminal cisterna [GO:0014802]	651.34
Polyketide	membrane [GO:0016020]	651.34
Polyketide	ryanodine receptor complex [GO:1990425]	651.34
Polyketide	cytoplasm [GO:0005737]	651.34
Polyketide	dendrite [GO:0030425]	701.3
Polyketide	PML body [GO:0016605]	701.3
Polyketide	nuclear envelope [GO:0005635]	701.3
Polyketide	lysosome [GO:0005764]	701.3
Polyketide	endomembrane system [GO:0012505]	701.3
Polyketide	mitochondrial outer membrane [GO:0005741]	701.3
Polyketide	cytosol [GO:0005829]	701.3
Polyketide	Golgi membrane [GO:0000139]	701.3
Polyketide	nucleoplasm [GO:0005654]	701.3
Polyketide	endoplasmic reticulum membrane [GO:0005789]	701.3
Polyketide	membrane [GO:0016020]	701.3
Polyketide	TORC1 complex [GO:0031931]	701.3
Polyketide	nucleus [GO:0005634]	701.3
Polyketide	TORC2 complex [GO:0031932]	701.3
Polyketide	lysosomal membrane [GO:0005765]	701.3
Polyketide	cytoplasm [GO:0005737]	701.3
Polyketide	phagocytic vesicle [GO:0045335]	701.3
Polyketide	plasma membrane [GO:0005886]	384.64
Polyketide	cytosol [GO:0005829]	684.95
Polyketide	glutamatergic synapse [GO:0098978]	684.95
Polyketide	calcineurin complex [GO:0005955]	684.95
Polyketide	Schaffer collateral - CA1 synapse [GO:0098685]	684.95
Polyketide	parallel fiber to Purkinje cell synapse [GO:0098688]	684.95
Polyketide	hippocampal mossy fiber to CA3 synapse [GO:0098686]	684.95
Polyketide	postsynapse [GO:0098794]	684.95
Polyketide	sarcolemma [GO:0042383]	684.95
Polyketide	mitochondrial proton-transporting ATP synthase complex [GO:0005753]	668.78
Polyketide	cytosol [GO:0005829]	668.78
Polyketide	mitochondrial proton-transporting ATP synthase complex, coupling factor F(o) [GO:0000276]	668.78
Polyketide	mitochondrion [GO:0005739]	668.78
Polyketide	mitochondrial intermembrane space [GO:0005758]	668.78
Polyketide	mitochondrial inner membrane [GO:0005743]	668.78
Polyketide	protein-containing complex [GO:0032991]	532.54
Polyketide	endocytic vesicle membrane [GO:0030666]	532.54
Polyketide	cytosol [GO:0005829]	532.54
Polyketide	transcription repressor complex [GO:0017053]	532.54
Polyketide	nucleoplasm [GO:0005654]	532.54
Polyketide	plasma membrane [GO:0005886]	532.54
Polyketide	nucleus [GO:0005634]	532.54
Polyketide	cytoplasm [GO:0005737]	532.54
Polyketide	nucleolus [GO:0005730]	532.54
Polyketide	protein-containing complex [GO:0032991]	337.78
Polyketide	endocytic vesicle membrane [GO:0030666]	337.78
Polyketide	cytosol [GO:0005829]	337.78
Polyketide	transcription repressor complex [GO:0017053]	337.78
Polyketide	nucleoplasm [GO:0005654]	337.78
Polyketide	plasma membrane [GO:0005886]	337.78
Polyketide	nucleus [GO:0005634]	337.78
Polyketide	cytoplasm [GO:0005737]	337.78
Polyketide	nucleolus [GO:0005730]	337.78
Polyketide	nucleoid [GO:0009295]	198.23
Polyketide	nucleoplasm [GO:0005654]	559.54
Polyketide	nucleus [GO:0005634]	559.54
Polyketide	cytoplasm [GO:0005737]	559.54
Polyketide	nucleolus [GO:0005730]	559.54
Polyketide	nucleoplasm [GO:0005654]	165.19
Polyketide	cytosol [GO:0005829]	165.19
Polyketide	extracellular exosome [GO:0070062]	165.19
Polyketide	immunoglobulin complex [GO:0019814]	274.92
Polyketide	extracellular region [GO:0005576]	274.92
Polyketide	cell body [GO:0044297]	321.03
Polyketide	actin filament [GO:0005884]	321.03
Polyketide	skeletal muscle myofibril [GO:0098723]	321.03
Polyketide	stress fiber [GO:0001725]	321.03
Polyketide	filamentous actin [GO:0031941]	321.03
Polyketide	actin filament bundle [GO:0032432]	321.03
Polyketide	lamellipodium [GO:0030027]	321.03
Polyketide	striated muscle thin filament [GO:0005865]	321.03
Polyketide	cytoplasm [GO:0005737]	321.03
Polyketide	filopodium [GO:0030175]	321.03
Polyketide	postsynaptic density [GO:0014069]	151.94
Polyketide	glutamatergic synapse [GO:0098978]	151.94
Polyketide	plasma membrane [GO:0005886]	151.94
Polyketide	DAPK1-calmodulin complex [GO:1990722]	151.94
Polyketide	actin cytoskeleton [GO:0015629]	151.94
Polyketide	nucleus [GO:0005634]	151.94
Polyketide	cytoplasm [GO:0005737]	151.94
Polyketide	protein-containing complex [GO:0032991]	129.93
Polyketide	recycling endosome [GO:0055037]	129.93
Polyketide	early endosome [GO:0005769]	129.93
Polyketide	plasma membrane [GO:0005886]	129.93
Polyketide	specific granule [GO:0042581]	129.93
Polyketide	extracellular space [GO:0005615]	129.93
Polyketide	cell surface [GO:0009986]	129.93
Polyketide	cytoplasm [GO:0005737]	251.45
Polyketide	plasma membrane [GO:0005886]	292.06
Polyketide	Sin3-type complex [GO:0070822]	196.28
Polyketide	cytosol [GO:0005829]	196.28
Polyketide	plasma membrane [GO:0005886]	196.28
Polyketide	nucleoplasm [GO:0005654]	196.28
Polyketide	protein kinase CK2 complex [GO:0005956]	196.28
Polyketide	nucleus [GO:0005634]	196.28
Polyketide	PML body [GO:0016605]	196.28
Polyketide	chromosome [GO:0005694]	573.86
Polyketide	cytoplasm [GO:0005737]	573.86
Polyketide	postsynaptic density [GO:0014069]	216.22
Polyketide	glutamatergic synapse [GO:0098978]	216.22
Polyketide	plasma membrane [GO:0005886]	216.22
Polyketide	DAPK1-calmodulin complex [GO:1990722]	216.22
Polyketide	actin cytoskeleton [GO:0015629]	216.22
Polyketide	nucleus [GO:0005634]	216.22
Polyketide	cytoplasm [GO:0005737]	216.22
Polyketide	Sin3-type complex [GO:0070822]	215.34
Polyketide	cytosol [GO:0005829]	215.34
Polyketide	plasma membrane [GO:0005886]	215.34
Polyketide	nucleoplasm [GO:0005654]	215.34
Polyketide	protein kinase CK2 complex [GO:0005956]	215.34
Polyketide	nucleus [GO:0005634]	215.34
Polyketide	PML body [GO:0016605]	215.34
Polyketide	endoplasmic reticulum lumen [GO:0005788]	218.35
Polyketide	protein-containing complex [GO:0032991]	218.35
Polyketide	endoplasmic reticulum [GO:0005783]	218.35
Polyketide	extracellular exosome [GO:0070062]	218.35
Polyketide	blood microparticle [GO:0072562]	218.35
Polyketide	platelet alpha granule lumen [GO:0031093]	218.35
Polyketide	extracellular region [GO:0005576]	218.35
Polyketide	extracellular space [GO:0005615]	218.35
Polyketide	nucleus [GO:0005634]	218.35
Polyketide	cytoplasm [GO:0005737]	218.35
Polyketide	Golgi apparatus [GO:0005794]	218.35
Polyketide	mitochondrial proton-transporting ATP synthase complex [GO:0005753]	601.74
Polyketide	cytosol [GO:0005829]	601.74
Polyketide	mitochondrial proton-transporting ATP synthase complex, coupling factor F(o) [GO:0000276]	601.74
Polyketide	mitochondrion [GO:0005739]	601.74
Polyketide	mitochondrial intermembrane space [GO:0005758]	601.74
Polyketide	mitochondrial inner membrane [GO:0005743]	601.74
Polyketide	extracellular space [GO:0005615]	322.89
Polyketide	serine protease inhibitor complex [GO:0097180]	322.89
Polyketide	myelin sheath [GO:0043209]	156.24
Polyketide	cytosol [GO:0005829]	156.24
Polyketide	apical part of cell [GO:0045177]	156.24
Polyketide	extracellular exosome [GO:0070062]	156.24
Polyketide	plasma membrane [GO:0005886]	156.24
Polyketide	cytoplasm [GO:0005737]	156.24
Polyketide	node of Ranvier [GO:0033268]	352.83
Polyketide	synapse [GO:0045202]	352.83
Polyketide	plasma membrane [GO:0005886]	352.83
Polyketide	axon initial segment [GO:0043194]	352.83
Polyketide	voltage-gated potassium channel complex [GO:0008076]	352.83
Polyketide	microtubule [GO:0005874]	272.6
Polyketide	cytoplasm [GO:0005737]	272.6
Polyketide	microtubule cytoskeleton [GO:0015630]	272.6
Polyketide	node of Ranvier [GO:0033268]	253.02
Polyketide	synapse [GO:0045202]	253.02
Polyketide	plasma membrane [GO:0005886]	253.02
Polyketide	axon initial segment [GO:0043194]	253.02
Polyketide	voltage-gated potassium channel complex [GO:0008076]	253.02
Polyketide	dendritic shaft [GO:0043198]	410.13
Polyketide	neuron projection [GO:0043005]	410.13
Polyketide	postsynaptic density [GO:0014069]	410.13
Polyketide	somatodendritic compartment [GO:0036477]	410.13
Polyketide	dendrite membrane [GO:0032590]	410.13
Polyketide	endoplasmic reticulum membrane [GO:0005789]	410.13
Polyketide	cell surface [GO:0009986]	410.13
Polyketide	presynaptic active zone membrane [GO:0048787]	410.13
Polyketide	neuronal cell body [GO:0043025]	410.13
Polyketide	dendrite cytoplasm [GO:0032839]	410.13
Polyketide	spine synapse [GO:0106033]	410.13
Polyketide	synaptic vesicle [GO:0008021]	410.13
Polyketide	Schaffer collateral - CA1 synapse [GO:0098685]	410.13
Polyketide	presynapse [GO:0098793]	410.13
Polyketide	growth cone [GO:0030426]	410.13
Polyketide	perikaryon [GO:0043204]	410.13
Polyketide	AMPA glutamate receptor complex [GO:0032281]	410.13
Polyketide	asymmetric synapse [GO:0032279]	410.13
Polyketide	dendrite [GO:0030425]	410.13
Polyketide	protein-containing complex [GO:0032991]	410.13
Polyketide	ionotropic glutamate receptor complex [GO:0008328]	410.13
Polyketide	dendritic spine head [GO:0044327]	410.13
Polyketide	dendritic spine neck [GO:0044326]	410.13
Polyketide	glutamatergic synapse [GO:0098978]	410.13
Polyketide	membrane [GO:0016020]	410.13
Polyketide	dendritic spine [GO:0043197]	410.13
Polyketide	perisynaptic space [GO:0099544]	410.13
Polyketide	endoplasmic reticulum [GO:0005783]	410.13
Polyketide	plasma membrane [GO:0005886]	410.13
Polyketide	postsynaptic membrane [GO:0045211]	410.13
Polyketide	synapse [GO:0045202]	410.13
Polyketide	terminal bouton [GO:0043195]	410.13
Polyketide	presynaptic membrane [GO:0042734]	410.13
Polyketide	postsynaptic density membrane [GO:0098839]	410.13
Polyketide	synaptic vesicle membrane [GO:0030672]	410.13
Polyketide	axon [GO:0030424]	410.13
Polyketide	synaptic membrane [GO:0097060]	410.13
Polyketide	cytosol [GO:0005829]	621.65
Polyketide	cytosolic DNA-directed RNA polymerase complex [GO:0000345]	621.65
Polyketide	membrane [GO:0016020]	621.65
Polyketide	cytoplasm [GO:0005737]	621.65
Polyketide	transcription elongation factor complex [GO:0008023]	621.65
Polyketide	DNA-directed RNA polymerase complex [GO:0000428]	595.52
Polyketide	sarcoplasmic reticulum membrane [GO:0033017]	211.24
Polyketide	postsynaptic density [GO:0014069]	211.24
Polyketide	Z disc [GO:0030018]	211.24
Polyketide	T-tubule [GO:0030315]	211.24
Polyketide	secretory granule [GO:0030141]	211.24
Polyketide	sarcolemma [GO:0042383]	211.24
Polyketide	cytoplasm [GO:0005737]	211.24
Polyketide	calyx of Held [GO:0044305]	211.24
Polyketide	azurophil granule [GO:0042582]	211.24
Polyketide	nuclear membrane [GO:0031965]	211.24
Polyketide	membrane raft [GO:0045121]	211.24
Polyketide	postsynaptic specialization, intracellular component [GO:0099091]	211.24
Polyketide	postsynaptic density, intracellular component [GO:0099092]	211.24
Polyketide	dendrite [GO:0030425]	211.24
Polyketide	protein-containing complex [GO:0032991]	211.24
Polyketide	perinuclear region of cytoplasm [GO:0048471]	211.24
Polyketide	cytosol [GO:0005829]	211.24
Polyketide	sarcoplasmic reticulum [GO:0016529]	211.24
Polyketide	glutamatergic synapse [GO:0098978]	211.24
Polyketide	dendritic spine [GO:0043197]	211.24
Polyketide	cell periphery [GO:0071944]	211.24
Polyketide	nucleus [GO:0005634]	211.24
Polyketide	mitochondrial outer membrane [GO:0005741]	211.24
Polyketide	plasma membrane [GO:0005886]	211.24
Polyketide	synapse [GO:0045202]	211.24
Polyketide	mitochondrion [GO:0005739]	211.24
Polyketide	photoreceptor inner segment [GO:0001917]	211.24
Polyketide	cytoskeleton [GO:0005856]	211.24
Polyketide	cell body [GO:0044297]	260.01
Polyketide	actin filament [GO:0005884]	260.01
Polyketide	skeletal muscle myofibril [GO:0098723]	260.01
Polyketide	stress fiber [GO:0001725]	260.01
Polyketide	filamentous actin [GO:0031941]	260.01
Polyketide	actin filament bundle [GO:0032432]	260.01
Polyketide	lamellipodium [GO:0030027]	260.01
Polyketide	striated muscle thin filament [GO:0005865]	260.01
Polyketide	cytoplasm [GO:0005737]	260.01
Polyketide	filopodium [GO:0030175]	260.01
Polyketide	membrane [GO:0016020]	201.63
Polyketide	receptor complex [GO:0043235]	201.63
Polyketide	protein-containing complex [GO:0032991]	293.92
Polyketide	cytosol [GO:0005829]	293.92
Polyketide	nucleoplasm [GO:0005654]	293.92
Polyketide	membrane [GO:0016020]	293.92
Polyketide	plasma membrane [GO:0005886]	293.92
Polyketide	euchromatin [GO:0000791]	293.92
Polyketide	chromatin [GO:0000785]	293.92
Polyketide	transcription regulator complex [GO:0005667]	293.92
Polyketide	nucleus [GO:0005634]	293.92
Polyketide	cytoplasm [GO:0005737]	293.92
Polyketide	Golgi apparatus [GO:0005794]	293.92
Polyketide	mitochondrial matrix [GO:0005759]	225.93
Polyketide	mitochondrion [GO:0005739]	225.93
Polyketide	extracellular exosome [GO:0070062]	225.93
Polyketide	nuclear envelope [GO:0005635]	238.76
Polyketide	perinuclear region of cytoplasm [GO:0048471]	238.76
Polyketide	cytosol [GO:0005829]	238.76
Polyketide	pericentriolar material [GO:0000242]	238.76
Polyketide	Golgi membrane [GO:0000139]	238.76
Polyketide	chromosome, telomeric region [GO:0000781]	238.76
Polyketide	nucleus [GO:0005634]	238.76
Polyketide	cytoplasm [GO:0005737]	238.76
Polyketide	mitochondrial proton-transporting ATP synthase, catalytic core [GO:0005754]	549.33
Polyketide	proton-transporting ATP synthase complex, catalytic core F(1) [GO:0045261]	549.33
Polyketide	mitochondrial proton-transporting ATP synthase complex [GO:0005753]	549.33
Polyketide	cytosol [GO:0005829]	549.33
Polyketide	mitochondrion [GO:0005739]	549.33
Polyketide	mitochondrial intermembrane space [GO:0005758]	549.33
Polyketide	mitochondrial inner membrane [GO:0005743]	549.33
Polyketide	dendrite [GO:0030425]	984.88
Polyketide	PML body [GO:0016605]	984.88
Polyketide	nuclear envelope [GO:0005635]	984.88
Polyketide	lysosome [GO:0005764]	984.88
Polyketide	endomembrane system [GO:0012505]	984.88
Polyketide	mitochondrial outer membrane [GO:0005741]	984.88
Polyketide	cytosol [GO:0005829]	984.88
Polyketide	Golgi membrane [GO:0000139]	984.88
Polyketide	nucleoplasm [GO:0005654]	984.88
Polyketide	endoplasmic reticulum membrane [GO:0005789]	984.88
Polyketide	membrane [GO:0016020]	984.88
Polyketide	TORC1 complex [GO:0031931]	984.88
Polyketide	nucleus [GO:0005634]	984.88
Polyketide	TORC2 complex [GO:0031932]	984.88
Polyketide	lysosomal membrane [GO:0005765]	984.88
Polyketide	cytoplasm [GO:0005737]	984.88
Polyketide	phagocytic vesicle [GO:0045335]	984.88
Polyketide	ATP-binding cassette (ABC) transporter complex [GO:0043190]	258.76
Polyketide	membrane [GO:0016020]	258.76
Polyketide	ATP-binding cassette (ABC) transporter complex, substrate-binding subunit-containing [GO:0055052]	258.76
Polyketide	maltose transport complex [GO:1990060]	258.76
Polyketide	periplasmic space [GO:0042597]	258.76
Polyketide	outer membrane-bounded periplasmic space [GO:0030288]	258.76
Polyketide	plasma membrane [GO:0005886]	394.63
Polyketide	proton-transporting ATP synthase complex, coupling factor F(o) [GO:0045263]	394.63
Polyketide	NuA4 histone acetyltransferase complex [GO:0035267]	402.49
Polyketide	GBAF complex [GO:0140288]	402.49
Polyketide	ribonucleoprotein complex [GO:1990904]	402.49
Polyketide	extracellular exosome [GO:0070062]	402.49
Polyketide	nucleoplasm [GO:0005654]	402.49
Polyketide	blood microparticle [GO:0072562]	402.49
Polyketide	adherens junction [GO:0005912]	402.49
Polyketide	cytoplasm [GO:0005737]	402.49
Polyketide	calyx of Held [GO:0044305]	402.49
Polyketide	axon [GO:0030424]	402.49
Polyketide	cortical cytoskeleton [GO:0030863]	402.49
Polyketide	SWI/SNF complex [GO:0016514]	402.49
Polyketide	kinetochore [GO:0000776]	402.49
Polyketide	lamellipodium [GO:0030027]	402.49
Polyketide	Schaffer collateral - CA1 synapse [GO:0098685]	402.49
Polyketide	actin cytoskeleton [GO:0015629]	402.49
Polyketide	postsynaptic actin cytoskeleton [GO:0098871]	402.49
Polyketide	dense body [GO:0097433]	402.49
Polyketide	presynapse [GO:0098793]	402.49
Polyketide	extracellular space [GO:0005615]	402.49
Polyketide	tight junction [GO:0070160]	402.49
Polyketide	apical junction complex [GO:0043296]	402.49
Polyketide	protein-containing complex [GO:0032991]	402.49
Polyketide	brahma complex [GO:0035060]	402.49
Polyketide	focal adhesion [GO:0005925]	402.49
Polyketide	actin filament [GO:0005884]	402.49
Polyketide	RSC-type complex [GO:0016586]	402.49
Polyketide	cell-cell junction [GO:0005911]	402.49
Polyketide	cytosol [GO:0005829]	402.49
Polyketide	glutamatergic synapse [GO:0098978]	402.49
Polyketide	membrane [GO:0016020]	402.49
Polyketide	nBAF complex [GO:0071565]	402.49
Polyketide	chromatin [GO:0000785]	402.49
Polyketide	cytoplasmic ribonucleoprotein granule [GO:0036464]	402.49
Polyketide	nucleus [GO:0005634]	402.49
Polyketide	npBAF complex [GO:0071564]	402.49
Polyketide	vesicle [GO:0031982]	402.49
Polyketide	nucleosome [GO:0000786]	402.49
Polyketide	plasma membrane [GO:0005886]	402.49
Polyketide	synapse [GO:0045202]	402.49
Polyketide	nuclear matrix [GO:0016363]	402.49
Polyketide	bBAF complex [GO:0140092]	402.49
Polyketide	cytoskeleton [GO:0005856]	402.49
Polyketide	brush border [GO:0005903]	402.49
Polyketide	protein-containing complex [GO:0032991]	481.29
Polyketide	centrosome [GO:0005813]	481.29
Polyketide	perinuclear region of cytoplasm [GO:0048471]	481.29
Polyketide	cytosol [GO:0005829]	481.29
Polyketide	extracellular exosome [GO:0070062]	481.29
Polyketide	photoreceptor outer segment [GO:0001750]	481.29
Polyketide	ciliary basal body [GO:0036064]	481.29
Polyketide	photoreceptor inner segment [GO:0001917]	481.29
Polyketide	centriole [GO:0005814]	481.29
Polyketide	microtubule organizing center [GO:0005815]	481.29
Polyketide	host cell nucleus [GO:0042025]	398.0
Polyketide	viral envelope [GO:0019031]	398.0
Polyketide	host cell plasma membrane [GO:0020002]	398.0
Polyketide	host cell lipid droplet [GO:0044186]	398.0
Polyketide	host cell endoplasmic reticulum membrane [GO:0044167]	398.0
Polyketide	host cell mitochondrial membrane [GO:0044191]	398.0
Polyketide	ribonucleoprotein complex [GO:1990904]	398.0
Polyketide	membrane [GO:0016020]	398.0
Polyketide	viral nucleocapsid [GO:0019013]	398.0
Polyketide	virion membrane [GO:0055036]	398.0
Polyketide	host cell perinuclear region of cytoplasm [GO:0044220]	398.0
Polyketide	cytosol [GO:0005829]	658.68
Polyketide	cytosolic DNA-directed RNA polymerase complex [GO:0000345]	658.68
Polyketide	membrane [GO:0016020]	658.68
Polyketide	cytoplasm [GO:0005737]	658.68
Polyketide	transcription elongation factor complex [GO:0008023]	658.68
Polyketide	endocytic vesicle [GO:0030139]	302.81
Polyketide	endoplasmic reticulum lumen [GO:0005788]	302.81
Polyketide	HFE-transferrin receptor complex [GO:1990712]	302.81
Polyketide	secretory granule lumen [GO:0034774]	302.81
Polyketide	extracellular exosome [GO:0070062]	302.81
Polyketide	blood microparticle [GO:0072562]	302.81
Polyketide	cell surface [GO:0009986]	302.81
Polyketide	recycling endosome [GO:0055037]	302.81
Polyketide	endosome membrane [GO:0010008]	302.81
Polyketide	clathrin-coated pit [GO:0005905]	302.81
Polyketide	extracellular space [GO:0005615]	302.81
Polyketide	perinuclear region of cytoplasm [GO:0048471]	302.81
Polyketide	early endosome [GO:0005769]	302.81
Polyketide	extracellular region [GO:0005576]	302.81
Polyketide	cytoplasmic vesicle [GO:0031410]	302.81
Polyketide	vesicle [GO:0031982]	302.81
Polyketide	basal plasma membrane [GO:0009925]	302.81
Polyketide	apical plasma membrane [GO:0016324]	302.81
Polyketide	plasma membrane [GO:0005886]	302.81
Polyketide	basal part of cell [GO:0045178]	302.81
Polyketide	clathrin-coated endocytic vesicle membrane [GO:0030669]	302.81
Polyketide	late endosome [GO:0005770]	302.81
Polyketide	tertiary granule lumen [GO:1904724]	220.15
Polyketide	cytosol [GO:0005829]	220.15
Polyketide	ficolin-1-rich granule lumen [GO:1904813]	220.15
Polyketide	extracellular exosome [GO:0070062]	220.15
Polyketide	nucleoplasm [GO:0005654]	220.15
Polyketide	extracellular region [GO:0005576]	220.15
Polyketide	nucleus [GO:0005634]	220.15
Polyketide	plasma membrane [GO:0005886]	452.22
Polyketide	proton-transporting ATP synthase complex, coupling factor F(o) [GO:0045263]	452.22
Polyketide	fungal biofilm matrix [GO:0062040]	567.9
Polyketide	cytoplasm [GO:0005737]	567.9
Polyketide	extracellular region [GO:0005576]	567.9
Polyketide	cytosol [GO:0005829]	292.75
Polyketide	collagen-containing extracellular matrix [GO:0062023]	389.0
Polyketide	cytoplasm [GO:0005737]	389.0
Polyketide	secretory granule membrane [GO:0030667]	389.0
Polyketide	cytosol [GO:0005829]	389.0
Polyketide	ficolin-1-rich granule membrane [GO:0101003]	389.0
Polyketide	immunological synapse [GO:0001772]	389.0
Polyketide	extracellular exosome [GO:0070062]	389.0
Polyketide	spliceosomal complex [GO:0005681]	389.0
Polyketide	nucleoplasm [GO:0005654]	389.0
Polyketide	membrane [GO:0016020]	389.0
Polyketide	plasma membrane [GO:0005886]	389.0
Polyketide	extracellular region [GO:0005576]	389.0
Polyketide	extracellular space [GO:0005615]	389.0
Polyketide	nucleus [GO:0005634]	389.0
Polyketide	cell surface [GO:0009986]	389.0
Polyketide	mitochondrial inner membrane [GO:0005743]	389.0
Polyketide	nucleoplasm [GO:0005654]	209.8
Polyketide	cytosol [GO:0005829]	209.8
Polyketide	extracellular exosome [GO:0070062]	209.8
Polyketide	cytoplasm [GO:0005737]	613.28
Polyketide	protein-containing complex [GO:0032991]	333.22
Polyketide	endocytic vesicle membrane [GO:0030666]	333.22
Polyketide	cytosol [GO:0005829]	333.22
Polyketide	transcription repressor complex [GO:0017053]	333.22
Polyketide	nucleoplasm [GO:0005654]	333.22
Polyketide	plasma membrane [GO:0005886]	333.22
Polyketide	nucleus [GO:0005634]	333.22
Polyketide	cytoplasm [GO:0005737]	333.22
Polyketide	nucleolus [GO:0005730]	333.22
Polyketide	protein-containing complex [GO:0032991]	380.97
Polyketide	mitotic spindle [GO:0072686]	380.97
Polyketide	cytosol [GO:0005829]	380.97
Polyketide	microtubule [GO:0005874]	380.97
Polyketide	membrane [GO:0016020]	380.97
Polyketide	nucleus [GO:0005634]	380.97
Polyketide	spindle [GO:0005819]	380.97
Polyketide	spindle pole [GO:0000922]	380.97
Polyketide	kinesin complex [GO:0005871]	380.97
Polyketide	cell body [GO:0044297]	356.37
Polyketide	actin filament [GO:0005884]	356.37
Polyketide	skeletal muscle myofibril [GO:0098723]	356.37
Polyketide	stress fiber [GO:0001725]	356.37
Polyketide	filamentous actin [GO:0031941]	356.37
Polyketide	actin filament bundle [GO:0032432]	356.37
Polyketide	lamellipodium [GO:0030027]	356.37
Polyketide	striated muscle thin filament [GO:0005865]	356.37
Polyketide	cytoplasm [GO:0005737]	356.37
Polyketide	filopodium [GO:0030175]	356.37
Polyketide	protein-containing complex [GO:0032991]	338.3
Polyketide	cytosol [GO:0005829]	338.3
Polyketide	nucleoplasm [GO:0005654]	338.3
Polyketide	membrane [GO:0016020]	338.3
Polyketide	plasma membrane [GO:0005886]	338.3
Polyketide	euchromatin [GO:0000791]	338.3
Polyketide	chromatin [GO:0000785]	338.3
Polyketide	transcription regulator complex [GO:0005667]	338.3
Polyketide	nucleus [GO:0005634]	338.3
Polyketide	cytoplasm [GO:0005737]	338.3
Polyketide	Golgi apparatus [GO:0005794]	338.3
Polyketide	sarcoplasmic reticulum membrane [GO:0033017]	645.51
Polyketide	cytoplasmic side of membrane [GO:0098562]	645.51
Polyketide	cytosol [GO:0005829]	645.51
Polyketide	Z disc [GO:0030018]	645.51
Polyketide	sarcoplasmic reticulum [GO:0016529]	645.51
Polyketide	terminal cisterna [GO:0014802]	645.51
Polyketide	membrane [GO:0016020]	645.51
Polyketide	ryanodine receptor complex [GO:1990425]	645.51
Polyketide	cytoplasm [GO:0005737]	645.51
Polyketide	protein-containing complex [GO:0032991]	276.0
Polyketide	cytosol [GO:0005829]	276.0
Polyketide	nucleoplasm [GO:0005654]	276.0
Polyketide	membrane [GO:0016020]	276.0
Polyketide	plasma membrane [GO:0005886]	276.0
Polyketide	euchromatin [GO:0000791]	276.0
Polyketide	chromatin [GO:0000785]	276.0
Polyketide	transcription regulator complex [GO:0005667]	276.0
Polyketide	nucleus [GO:0005634]	276.0
Polyketide	cytoplasm [GO:0005737]	276.0
Polyketide	Golgi apparatus [GO:0005794]	276.0
Polyketide	extracellular space [GO:0005615]	323.1
Polyketide	extracellular region [GO:0005576]	323.1
Polyketide	mitochondrial proton-transporting ATP synthase complex [GO:0005753]	668.02
Polyketide	cytosol [GO:0005829]	668.02
Polyketide	mitochondrial proton-transporting ATP synthase complex, coupling factor F(o) [GO:0000276]	668.02
Polyketide	mitochondrion [GO:0005739]	668.02
Polyketide	mitochondrial intermembrane space [GO:0005758]	668.02
Polyketide	mitochondrial inner membrane [GO:0005743]	668.02
Polyketide	sarcoplasmic reticulum membrane [GO:0033017]	693.99
Polyketide	cytoplasmic side of membrane [GO:0098562]	693.99
Polyketide	cytosol [GO:0005829]	693.99
Polyketide	Z disc [GO:0030018]	693.99
Polyketide	sarcoplasmic reticulum [GO:0016529]	693.99
Polyketide	terminal cisterna [GO:0014802]	693.99
Polyketide	membrane [GO:0016020]	693.99
Polyketide	ryanodine receptor complex [GO:1990425]	693.99
Polyketide	cytoplasm [GO:0005737]	693.99
Polyketide	cell body [GO:0044297]	304.85
Polyketide	actin filament [GO:0005884]	304.85
Polyketide	skeletal muscle myofibril [GO:0098723]	304.85
Polyketide	stress fiber [GO:0001725]	304.85
Polyketide	filamentous actin [GO:0031941]	304.85
Polyketide	actin filament bundle [GO:0032432]	304.85
Polyketide	lamellipodium [GO:0030027]	304.85
Polyketide	striated muscle thin filament [GO:0005865]	304.85
Polyketide	cytoplasm [GO:0005737]	304.85
Polyketide	filopodium [GO:0030175]	304.85
Polyketide	cell body [GO:0044297]	437.9
Polyketide	actin filament [GO:0005884]	437.9
Polyketide	skeletal muscle myofibril [GO:0098723]	437.9
Polyketide	stress fiber [GO:0001725]	437.9
Polyketide	filamentous actin [GO:0031941]	437.9
Polyketide	actin filament bundle [GO:0032432]	437.9
Polyketide	lamellipodium [GO:0030027]	437.9
Polyketide	striated muscle thin filament [GO:0005865]	437.9
Polyketide	cytoplasm [GO:0005737]	437.9
Polyketide	filopodium [GO:0030175]	437.9
Polyketide	endoplasmic reticulum lumen [GO:0005788]	545.19
Polyketide	ER to Golgi transport vesicle membrane [GO:0012507]	545.19
Polyketide	HFE-transferrin receptor complex [GO:1990712]	545.19
Polyketide	extracellular exosome [GO:0070062]	545.19
Polyketide	external side of plasma membrane [GO:0009897]	545.19
Polyketide	cell surface [GO:0009986]	545.19
Polyketide	phagocytic vesicle membrane [GO:0030670]	545.19
Polyketide	early endosome membrane [GO:0031901]	545.19
Polyketide	endosome membrane [GO:0010008]	545.19
Polyketide	lysosome [GO:0005764]	545.19
Polyketide	Golgi membrane [GO:0000139]	545.19
Polyketide	extracellular space [GO:0005615]	545.19
Polyketide	lysosomal membrane [GO:0005765]	545.19
Polyketide	Golgi apparatus [GO:0005794]	545.19
Polyketide	focal adhesion [GO:0005925]	545.19
Polyketide	cytosol [GO:0005829]	545.19
Polyketide	intracellular membrane-bounded organelle [GO:0043231]	545.19
Polyketide	membrane [GO:0016020]	545.19
Polyketide	specific granule lumen [GO:0035580]	545.19
Polyketide	extracellular region [GO:0005576]	545.19
Polyketide	endoplasmic reticulum [GO:0005783]	545.19
Polyketide	early endosome lumen [GO:0031905]	545.19
Polyketide	late endosome membrane [GO:0031902]	545.19
Polyketide	MHC class I protein complex [GO:0042612]	545.19
Polyketide	MHC class II protein complex [GO:0042613]	545.19
Polyketide	MHC class I peptide loading complex [GO:0042824]	545.19
Polyketide	tertiary granule lumen [GO:1904724]	545.19
Polyketide	plasma membrane [GO:0005886]	545.19
Polyketide	recycling endosome membrane [GO:0055038]	545.19
Polyketide	Sin3-type complex [GO:0070822]	217.81
Polyketide	cytosol [GO:0005829]	217.81
Polyketide	plasma membrane [GO:0005886]	217.81
Polyketide	nucleoplasm [GO:0005654]	217.81
Polyketide	protein kinase CK2 complex [GO:0005956]	217.81
Polyketide	nucleus [GO:0005634]	217.81
Polyketide	PML body [GO:0016605]	217.81
Polyketide	histone deacetylase complex [GO:0000118]	308.39
Polyketide	cell body [GO:0044297]	665.43
Polyketide	actin filament [GO:0005884]	665.43
Polyketide	skeletal muscle myofibril [GO:0098723]	665.43
Polyketide	stress fiber [GO:0001725]	665.43
Polyketide	filamentous actin [GO:0031941]	665.43
Polyketide	actin filament bundle [GO:0032432]	665.43
Polyketide	lamellipodium [GO:0030027]	665.43
Polyketide	striated muscle thin filament [GO:0005865]	665.43
Polyketide	cytoplasm [GO:0005737]	665.43
Polyketide	filopodium [GO:0030175]	665.43
Polyketide	proton-transporting ATP synthase complex, catalytic core F(1) [GO:0045261]	175.18
Polyketide	plasma membrane [GO:0005886]	175.18
Polyketide	mitochondrial proton-transporting ATP synthase, catalytic core [GO:0005754]	175.18
Polyketide	mitochondrial proton-transporting ATP synthase complex [GO:0005753]	175.18
Polyketide	microtubule [GO:0005874]	413.64
Polyketide	cytoplasm [GO:0005737]	413.64
Polyketide	protein-containing complex [GO:0032991]	318.7
Polyketide	cytosol [GO:0005829]	318.7
Polyketide	nucleoplasm [GO:0005654]	318.7
Polyketide	membrane [GO:0016020]	318.7
Polyketide	plasma membrane [GO:0005886]	318.7
Polyketide	euchromatin [GO:0000791]	318.7
Polyketide	chromatin [GO:0000785]	318.7
Polyketide	transcription regulator complex [GO:0005667]	318.7
Polyketide	nucleus [GO:0005634]	318.7
Polyketide	cytoplasm [GO:0005737]	318.7
Polyketide	Golgi apparatus [GO:0005794]	318.7
Polyketide	collagen-containing extracellular matrix [GO:0062023]	459.29
Polyketide	lysosomal lumen [GO:0043202]	459.29
Polyketide	lysosome [GO:0005764]	459.29
Polyketide	tertiary granule lumen [GO:1904724]	459.29
Polyketide	ficolin-1-rich granule lumen [GO:1904813]	459.29
Polyketide	endolysosome lumen [GO:0036021]	459.29
Polyketide	intracellular membrane-bounded organelle [GO:0043231]	459.29
Polyketide	extracellular region [GO:0005576]	459.29
Polyketide	extracellular space [GO:0005615]	459.29
Polyketide	late endosome [GO:0005770]	459.29
Polyketide	phagocytic vesicle [GO:0045335]	459.29
Polyketide	cytoplasm [GO:0005737]	290.05
Polyketide	extracellular region [GO:0005576]	206.4
Polyketide	vacuolar proton-transporting V-type ATPase, V0 domain [GO:0000220]	440.14
Polyketide	synaptic vesicle membrane [GO:0030672]	440.14
Polyketide	clathrin-coated vesicle membrane [GO:0030665]	440.14
Polyketide	proton-transporting V-type ATPase complex [GO:0033176]	511.84
Polyketide	vacuolar proton-transporting V-type ATPase, V0 domain [GO:0000220]	511.84
Polyketide	Golgi membrane [GO:0000139]	511.84
Polyketide	fungal-type vacuole [GO:0000324]	511.84
Polyketide	membrane [GO:0016020]	511.84
Polyketide	cell periphery [GO:0071944]	511.84
Polyketide	vacuolar proton-transporting V-type ATPase complex [GO:0016471]	511.84
Polyketide	fungal-type vacuole membrane [GO:0000329]	511.84
Polyketide	cytosol [GO:0005829]	299.37
Polyketide	cytosolic large ribosomal subunit [GO:0022625]	299.37
Polyketide	intracellular membrane-bounded organelle [GO:0043231]	374.31
Polyketide	endoplasmic reticulum membrane [GO:0005789]	374.31
Polyketide	protein-containing complex [GO:0032991]	235.64
Polyketide	cytosol [GO:0005829]	235.64
Polyketide	nucleoplasm [GO:0005654]	235.64
Polyketide	membrane [GO:0016020]	235.64
Polyketide	plasma membrane [GO:0005886]	235.64
Polyketide	euchromatin [GO:0000791]	235.64
Polyketide	chromatin [GO:0000785]	235.64
Polyketide	transcription regulator complex [GO:0005667]	235.64
Polyketide	nucleus [GO:0005634]	235.64
Polyketide	cytoplasm [GO:0005737]	235.64
Polyketide	Golgi apparatus [GO:0005794]	235.64
Polyketide	protein-containing complex [GO:0032991]	288.34
Polyketide	cytosol [GO:0005829]	288.34
Polyketide	nucleoplasm [GO:0005654]	288.34
Polyketide	membrane [GO:0016020]	288.34
Polyketide	plasma membrane [GO:0005886]	288.34
Polyketide	euchromatin [GO:0000791]	288.34
Polyketide	chromatin [GO:0000785]	288.34
Polyketide	transcription regulator complex [GO:0005667]	288.34
Polyketide	nucleus [GO:0005634]	288.34
Polyketide	cytoplasm [GO:0005737]	288.34
Polyketide	Golgi apparatus [GO:0005794]	288.34
Polyketide	dendrite [GO:0030425]	740.03
Polyketide	chloride channel complex [GO:0034707]	740.03
Polyketide	neuron projection [GO:0043005]	740.03
Polyketide	plasma membrane [GO:0005886]	740.03
Polyketide	membrane [GO:0016020]	740.03
Polyketide	postsynaptic membrane [GO:0045211]	740.03
Polyketide	synapse [GO:0045202]	740.03
Polyketide	perikaryon [GO:0043204]	740.03
Polyketide	periplasmic space [GO:0042597]	741.89
Polyketide	secretory granule membrane [GO:0030667]	372.2
Polyketide	clathrin-sculpted monoamine transport vesicle membrane [GO:0070083]	372.2
Polyketide	terminal bouton [GO:0043195]	372.2
Polyketide	synaptic vesicle membrane [GO:0030672]	372.2
Polyketide	presynapse [GO:0098793]	372.2
Polyketide	endoplasmic reticulum membrane [GO:0005789]	372.2
Polyketide	protein-containing complex [GO:0032991]	362.38
Polyketide	endocytic vesicle membrane [GO:0030666]	362.38
Polyketide	cytosol [GO:0005829]	362.38
Polyketide	transcription repressor complex [GO:0017053]	362.38
Polyketide	nucleoplasm [GO:0005654]	362.38
Polyketide	plasma membrane [GO:0005886]	362.38
Polyketide	nucleus [GO:0005634]	362.38
Polyketide	cytoplasm [GO:0005737]	362.38
Polyketide	nucleolus [GO:0005730]	362.38
Polyketide	collagen-containing extracellular matrix [GO:0062023]	466.8
Polyketide	secretory granule lumen [GO:0034774]	466.8
Polyketide	azurophil granule lumen [GO:0035578]	466.8
Polyketide	extracellular exosome [GO:0070062]	466.8
Polyketide	blood microparticle [GO:0072562]	466.8
Polyketide	platelet alpha granule lumen [GO:0031093]	466.8
Polyketide	extracellular region [GO:0005576]	466.8
Polyketide	extracellular space [GO:0005615]	466.8
Polyketide	nucleus [GO:0005634]	466.8
Polyketide	extracellular space [GO:0005615]	230.01
Polyketide	membrane [GO:0016020]	230.01
Polyketide	food vacuole [GO:0020020]	230.01
Polyketide	protein-containing complex [GO:0032991]	257.52
Polyketide	cytosol [GO:0005829]	257.52
Polyketide	nucleoplasm [GO:0005654]	257.52
Polyketide	membrane [GO:0016020]	257.52
Polyketide	plasma membrane [GO:0005886]	257.52
Polyketide	euchromatin [GO:0000791]	257.52
Polyketide	chromatin [GO:0000785]	257.52
Polyketide	transcription regulator complex [GO:0005667]	257.52
Polyketide	nucleus [GO:0005634]	257.52
Polyketide	cytoplasm [GO:0005737]	257.52
Polyketide	Golgi apparatus [GO:0005794]	257.52
Polyketide	dendrite [GO:0030425]	605.33
Polyketide	PML body [GO:0016605]	605.33
Polyketide	nuclear envelope [GO:0005635]	605.33
Polyketide	lysosome [GO:0005764]	605.33
Polyketide	endomembrane system [GO:0012505]	605.33
Polyketide	mitochondrial outer membrane [GO:0005741]	605.33
Polyketide	cytosol [GO:0005829]	605.33
Polyketide	Golgi membrane [GO:0000139]	605.33
Polyketide	nucleoplasm [GO:0005654]	605.33
Polyketide	endoplasmic reticulum membrane [GO:0005789]	605.33
Polyketide	membrane [GO:0016020]	605.33
Polyketide	TORC1 complex [GO:0031931]	605.33
Polyketide	nucleus [GO:0005634]	605.33
Polyketide	TORC2 complex [GO:0031932]	605.33
Polyketide	lysosomal membrane [GO:0005765]	605.33
Polyketide	cytoplasm [GO:0005737]	605.33
Polyketide	phagocytic vesicle [GO:0045335]	605.33
Polyketide	nuclear chromosome [GO:0000228]	296.68
Polyketide	histone deacetylase complex [GO:0000118]	296.68
Polyketide	cytoplasm [GO:0005737]	296.68
Polyketide	nucleoplasm [GO:0005654]	296.68
Polyketide	nucleus [GO:0005634]	296.68
Polyketide	sarcoplasmic reticulum membrane [GO:0033017]	635.14
Polyketide	cytoplasmic side of membrane [GO:0098562]	635.14
Polyketide	cytosol [GO:0005829]	635.14
Polyketide	Z disc [GO:0030018]	635.14
Polyketide	sarcoplasmic reticulum [GO:0016529]	635.14
Polyketide	terminal cisterna [GO:0014802]	635.14
Polyketide	membrane [GO:0016020]	635.14
Polyketide	ryanodine receptor complex [GO:1990425]	635.14
Polyketide	cytoplasm [GO:0005737]	635.14
Polyketide	plasma membrane [GO:0005886]	457.88
Polyketide	efflux pump complex [GO:1990281]	606.88
Polyketide	outer membrane-bounded periplasmic space [GO:0030288]	606.88
Polyketide	periplasmic side of plasma membrane [GO:0098567]	606.88
Polyketide	plasma membrane [GO:0005886]	606.88
Polyketide	membrane [GO:0016020]	606.88
Polyketide	chromosome [GO:0005694]	485.77
Polyketide	cytoplasm [GO:0005737]	485.77
Polyketide	tertiary granule lumen [GO:1904724]	214.34
Polyketide	cytosol [GO:0005829]	214.34
Polyketide	ficolin-1-rich granule lumen [GO:1904813]	214.34
Polyketide	extracellular exosome [GO:0070062]	214.34
Polyketide	nucleoplasm [GO:0005654]	214.34
Polyketide	extracellular region [GO:0005576]	214.34
Polyketide	nucleus [GO:0005634]	214.34
Polyketide	extracellular region [GO:0005576]	209.03
Polyketide	extracellular exosome [GO:0070062]	209.03
Polyketide	azurophil granule lumen [GO:0035578]	209.03
Polyketide	extracellular space [GO:0005615]	209.03
Polyketide	cell body [GO:0044297]	552.12
Polyketide	actin filament [GO:0005884]	552.12
Polyketide	skeletal muscle myofibril [GO:0098723]	552.12
Polyketide	stress fiber [GO:0001725]	552.12
Polyketide	filamentous actin [GO:0031941]	552.12
Polyketide	actin filament bundle [GO:0032432]	552.12
Polyketide	lamellipodium [GO:0030027]	552.12
Polyketide	striated muscle thin filament [GO:0005865]	552.12
Polyketide	cytoplasm [GO:0005737]	552.12
Polyketide	filopodium [GO:0030175]	552.12
Polyketide	endoplasmic reticulum [GO:0005783]	265.31
Polyketide	endoplasmic reticulum membrane [GO:0005789]	265.31
Polyketide	Ire1 complex [GO:1990332]	265.31
Polyketide	nucleus [GO:0005634]	265.31
Polyketide	IRE1-TRAF2-ASK1 complex [GO:1990604]	265.31
Polyketide	extracellular region [GO:0005576]	188.47
Polyketide	extracellular exosome [GO:0070062]	188.47
Polyketide	azurophil granule lumen [GO:0035578]	188.47
Polyketide	extracellular space [GO:0005615]	188.47
Polyketide	extracellular space [GO:0005615]	231.98
Polyketide	azurophil granule lumen [GO:0035578]	231.98
Polyketide	extracellular region [GO:0005576]	231.98
Polyketide	extracellular exosome [GO:0070062]	231.98
Polyketide	mitochondrial proton-transporting ATP synthase complex [GO:0005753]	711.17
Polyketide	cytosol [GO:0005829]	711.17
Polyketide	mitochondrial proton-transporting ATP synthase complex, coupling factor F(o) [GO:0000276]	711.17
Polyketide	mitochondrion [GO:0005739]	711.17
Polyketide	mitochondrial intermembrane space [GO:0005758]	711.17
Polyketide	mitochondrial inner membrane [GO:0005743]	711.17
Polyketide	cytosol [GO:0005829]	650.12
Polyketide	Z disc [GO:0030018]	650.12
Polyketide	calcineurin complex [GO:0005955]	650.12
Polyketide	dendritic spine [GO:0043197]	650.12
Polyketide	sarcolemma [GO:0042383]	650.12
Polyketide	cytoplasm [GO:0005737]	650.12
Polyketide	membrane [GO:0016020]	653.81
Polyketide	host cell nucleus [GO:0042025]	478.63
Polyketide	protein-containing complex [GO:0032991]	478.63
Polyketide	host cell plasma membrane [GO:0020002]	478.63
Polyketide	host cell lipid droplet [GO:0044186]	478.63
Polyketide	viral envelope [GO:0019031]	478.63
Polyketide	host cell endoplasmic reticulum membrane [GO:0044167]	478.63
Polyketide	host cell mitochondrial membrane [GO:0044191]	478.63
Polyketide	ribonucleoprotein complex [GO:1990904]	478.63
Polyketide	membrane [GO:0016020]	478.63
Polyketide	viral nucleocapsid [GO:0019013]	478.63
Polyketide	virion membrane [GO:0055036]	478.63
Polyketide	host cell perinuclear region of cytoplasm [GO:0044220]	478.63
Polyketide	periplasmic space [GO:0042597]	186.51
Polyketide	nuclear periphery [GO:0034399]	346.73
Polyketide	main axon [GO:0044304]	346.73
Polyketide	neurofibrillary tangle [GO:0097418]	346.73
Polyketide	neuron projection [GO:0043005]	346.73
Polyketide	somatodendritic compartment [GO:0036477]	346.73
Polyketide	microtubule [GO:0005874]	346.73
Polyketide	cytoplasm [GO:0005737]	346.73
Polyketide	neuronal cell body [GO:0043025]	346.73
Polyketide	cell body [GO:0044297]	346.73
Polyketide	nuclear speck [GO:0016607]	346.73
Polyketide	growth cone [GO:0030426]	346.73
Polyketide	membrane raft [GO:0045121]	346.73
Polyketide	dendrite [GO:0030425]	346.73
Polyketide	tubulin complex [GO:0045298]	346.73
Polyketide	microtubule cytoskeleton [GO:0015630]	346.73
Polyketide	cytosol [GO:0005829]	346.73
Polyketide	axolemma [GO:0030673]	346.73
Polyketide	glial cell projection [GO:0097386]	346.73
Polyketide	dendritic spine [GO:0043197]	346.73
Polyketide	extracellular region [GO:0005576]	346.73
Polyketide	cytoplasmic ribonucleoprotein granule [GO:0036464]	346.73
Polyketide	nucleus [GO:0005634]	346.73
Polyketide	axon cytoplasm [GO:1904115]	346.73
Polyketide	plasma membrane [GO:0005886]	346.73
Polyketide	mitochondrion [GO:0005739]	346.73
Polyketide	axon [GO:0030424]	346.73
Polyketide	collagen-containing extracellular matrix [GO:0062023]	353.19
Polyketide	secretory granule lumen [GO:0034774]	353.19
Polyketide	azurophil granule lumen [GO:0035578]	353.19
Polyketide	extracellular exosome [GO:0070062]	353.19
Polyketide	blood microparticle [GO:0072562]	353.19
Polyketide	platelet alpha granule lumen [GO:0031093]	353.19
Polyketide	extracellular region [GO:0005576]	353.19
Polyketide	extracellular space [GO:0005615]	353.19
Polyketide	nucleus [GO:0005634]	353.19
Polyketide	nucleoplasm [GO:0005654]	321.0
Polyketide	mitochondrial respiratory chain complex I [GO:0005747]	321.0
Polyketide	extracellular region [GO:0005576]	423.79
Polyketide	extracellular region [GO:0005576]	168.11
Polyketide	extracellular exosome [GO:0070062]	168.11
Polyketide	azurophil granule lumen [GO:0035578]	168.11
Polyketide	extracellular space [GO:0005615]	168.11
Polyketide	peroxisomal matrix [GO:0005782]	422.48
Polyketide	peroxisome [GO:0005777]	422.48
Polyketide	cytosol [GO:0005829]	422.48
Polyketide	extracellular exosome [GO:0070062]	422.48
Polyketide	nucleus [GO:0005634]	806.26
Polyketide	nucleolus [GO:0005730]	806.26
Polyketide	dendrite [GO:0030425]	830.54
Polyketide	PML body [GO:0016605]	830.54
Polyketide	nuclear envelope [GO:0005635]	830.54
Polyketide	lysosome [GO:0005764]	830.54
Polyketide	endomembrane system [GO:0012505]	830.54
Polyketide	mitochondrial outer membrane [GO:0005741]	830.54
Polyketide	cytosol [GO:0005829]	830.54
Polyketide	Golgi membrane [GO:0000139]	830.54
Polyketide	nucleoplasm [GO:0005654]	830.54
Polyketide	endoplasmic reticulum membrane [GO:0005789]	830.54
Polyketide	membrane [GO:0016020]	830.54
Polyketide	TORC1 complex [GO:0031931]	830.54
Polyketide	nucleus [GO:0005634]	830.54
Polyketide	TORC2 complex [GO:0031932]	830.54
Polyketide	lysosomal membrane [GO:0005765]	830.54
Polyketide	cytoplasm [GO:0005737]	830.54
Polyketide	phagocytic vesicle [GO:0045335]	830.54
Polyketide	extracellular space [GO:0005615]	236.01
Polyketide	azurophil granule lumen [GO:0035578]	236.01
Polyketide	extracellular region [GO:0005576]	236.01
Polyketide	extracellular exosome [GO:0070062]	236.01
Polyketide	heterochromatin [GO:0000792]	155.91
Polyketide	perinuclear region of cytoplasm [GO:0048471]	155.91
Polyketide	dense fibrillar component [GO:0001651]	155.91
Polyketide	receptor complex [GO:0043235]	155.91
Polyketide	euchromatin [GO:0000791]	155.91
Polyketide	nuclear matrix [GO:0016363]	155.91
Polyketide	RNA polymerase II transcription regulator complex [GO:0090575]	155.91
Polyketide	T-tubule [GO:0030315]	155.91
Polyketide	nucleus [GO:0005634]	155.91
Polyketide	node of Ranvier [GO:0033268]	310.44
Polyketide	synapse [GO:0045202]	310.44
Polyketide	plasma membrane [GO:0005886]	310.44
Polyketide	axon initial segment [GO:0043194]	310.44
Polyketide	voltage-gated potassium channel complex [GO:0008076]	310.44
Polyketide	endoplasmic reticulum lumen [GO:0005788]	388.45
Polyketide	endosome [GO:0005768]	388.45
Polyketide	Golgi-associated vesicle lumen [GO:0070931]	388.45
Polyketide	cell surface [GO:0009986]	388.45
Polyketide	neuronal cell body [GO:0043025]	388.45
Polyketide	recycling endosome [GO:0055037]	388.45
Polyketide	trans-Golgi network [GO:0005802]	388.45
Polyketide	endosome membrane [GO:0010008]	388.45
Polyketide	synaptic vesicle [GO:0008021]	388.45
Polyketide	lysosome [GO:0005764]	388.45
Polyketide	membrane raft [GO:0045121]	388.45
Polyketide	Golgi apparatus [GO:0005794]	388.45
Polyketide	dendrite [GO:0030425]	388.45
Polyketide	early endosome [GO:0005769]	388.45
Polyketide	membrane [GO:0016020]	388.45
Polyketide	multivesicular body [GO:0005771]	388.45
Polyketide	plasma membrane [GO:0005886]	388.45
Polyketide	hippocampal mossy fiber to CA3 synapse [GO:0098686]	388.45
Polyketide	axon [GO:0030424]	388.45
Polyketide	late endosome [GO:0005770]	388.45
Polyketide	node of Ranvier [GO:0033268]	254.5
Polyketide	synapse [GO:0045202]	254.5
Polyketide	plasma membrane [GO:0005886]	254.5
Polyketide	axon initial segment [GO:0043194]	254.5
Polyketide	voltage-gated potassium channel complex [GO:0008076]	254.5
Polyketide	dendritic shaft [GO:0043198]	337.66
Polyketide	neuron projection [GO:0043005]	337.66
Polyketide	postsynaptic density [GO:0014069]	337.66
Polyketide	somatodendritic compartment [GO:0036477]	337.66
Polyketide	dendrite membrane [GO:0032590]	337.66
Polyketide	endoplasmic reticulum membrane [GO:0005789]	337.66
Polyketide	cell surface [GO:0009986]	337.66
Polyketide	presynaptic active zone membrane [GO:0048787]	337.66
Polyketide	neuronal cell body [GO:0043025]	337.66
Polyketide	dendrite cytoplasm [GO:0032839]	337.66
Polyketide	spine synapse [GO:0106033]	337.66
Polyketide	synaptic vesicle [GO:0008021]	337.66
Polyketide	Schaffer collateral - CA1 synapse [GO:0098685]	337.66
Polyketide	presynapse [GO:0098793]	337.66
Polyketide	growth cone [GO:0030426]	337.66
Polyketide	perikaryon [GO:0043204]	337.66
Polyketide	AMPA glutamate receptor complex [GO:0032281]	337.66
Polyketide	asymmetric synapse [GO:0032279]	337.66
Polyketide	dendrite [GO:0030425]	337.66
Polyketide	protein-containing complex [GO:0032991]	337.66
Polyketide	ionotropic glutamate receptor complex [GO:0008328]	337.66
Polyketide	dendritic spine head [GO:0044327]	337.66
Polyketide	dendritic spine neck [GO:0044326]	337.66
Polyketide	glutamatergic synapse [GO:0098978]	337.66
Polyketide	membrane [GO:0016020]	337.66
Polyketide	dendritic spine [GO:0043197]	337.66
Polyketide	perisynaptic space [GO:0099544]	337.66
Polyketide	endoplasmic reticulum [GO:0005783]	337.66
Polyketide	plasma membrane [GO:0005886]	337.66
Polyketide	postsynaptic membrane [GO:0045211]	337.66
Polyketide	synapse [GO:0045202]	337.66
Polyketide	terminal bouton [GO:0043195]	337.66
Polyketide	presynaptic membrane [GO:0042734]	337.66
Polyketide	postsynaptic density membrane [GO:0098839]	337.66
Polyketide	synaptic vesicle membrane [GO:0030672]	337.66
Polyketide	axon [GO:0030424]	337.66
Polyketide	synaptic membrane [GO:0097060]	337.66
Polyketide	node of Ranvier [GO:0033268]	283.83
Polyketide	synapse [GO:0045202]	283.83
Polyketide	plasma membrane [GO:0005886]	283.83
Polyketide	axon initial segment [GO:0043194]	283.83
Polyketide	voltage-gated potassium channel complex [GO:0008076]	283.83
Polyketide	microtubule [GO:0005874]	272.6
Polyketide	cytoplasm [GO:0005737]	272.6
Polyketide	microtubule cytoskeleton [GO:0015630]	272.6
Polyketide	node of Ranvier [GO:0033268]	305.5
Polyketide	synapse [GO:0045202]	305.5
Polyketide	plasma membrane [GO:0005886]	305.5
Polyketide	axon initial segment [GO:0043194]	305.5
Polyketide	voltage-gated potassium channel complex [GO:0008076]	305.5
Polyketide	mitochondrial proton-transporting ATP synthase complex [GO:0005753]	696.35
Polyketide	cytosol [GO:0005829]	696.35
Polyketide	mitochondrial proton-transporting ATP synthase complex, coupling factor F(o) [GO:0000276]	696.35
Polyketide	mitochondrion [GO:0005739]	696.35
Polyketide	mitochondrial intermembrane space [GO:0005758]	696.35
Polyketide	mitochondrial inner membrane [GO:0005743]	696.35
Polyketide	myelin sheath [GO:0043209]	189.93
Polyketide	cytosol [GO:0005829]	189.93
Polyketide	apical part of cell [GO:0045177]	189.93
Polyketide	extracellular exosome [GO:0070062]	189.93
Polyketide	plasma membrane [GO:0005886]	189.93
Polyketide	cytoplasm [GO:0005737]	189.93
Polyketide	microtubule [GO:0005874]	568.07
Polyketide	cytoplasm [GO:0005737]	568.07
Polyketide	microtubule cytoskeleton [GO:0015630]	568.07
Polyketide	postsynaptic density [GO:0014069]	219.85
Polyketide	glutamatergic synapse [GO:0098978]	219.85
Polyketide	plasma membrane [GO:0005886]	219.85
Polyketide	DAPK1-calmodulin complex [GO:1990722]	219.85
Polyketide	actin cytoskeleton [GO:0015629]	219.85
Polyketide	nucleus [GO:0005634]	219.85
Polyketide	cytoplasm [GO:0005737]	219.85
Polyketide	chromosome [GO:0005694]	492.68
Polyketide	cytoplasm [GO:0005737]	492.68
Polyketide	cell body [GO:0044297]	376.98
Polyketide	actin filament [GO:0005884]	376.98
Polyketide	skeletal muscle myofibril [GO:0098723]	376.98
Polyketide	stress fiber [GO:0001725]	376.98
Polyketide	filamentous actin [GO:0031941]	376.98
Polyketide	actin filament bundle [GO:0032432]	376.98
Polyketide	lamellipodium [GO:0030027]	376.98
Polyketide	striated muscle thin filament [GO:0005865]	376.98
Polyketide	cytoplasm [GO:0005737]	376.98
Polyketide	filopodium [GO:0030175]	376.98
Polyketide	nuclear envelope [GO:0005635]	203.21
Polyketide	perinuclear region of cytoplasm [GO:0048471]	203.21
Polyketide	cytosol [GO:0005829]	203.21
Polyketide	pericentriolar material [GO:0000242]	203.21
Polyketide	Golgi membrane [GO:0000139]	203.21
Polyketide	chromosome, telomeric region [GO:0000781]	203.21
Polyketide	nucleus [GO:0005634]	203.21
Polyketide	cytoplasm [GO:0005737]	203.21
Polyketide	mitochondrial matrix [GO:0005759]	238.51
Polyketide	mitochondrion [GO:0005739]	238.51
Polyketide	extracellular exosome [GO:0070062]	238.51
Polyketide	DNA-directed RNA polymerase complex [GO:0000428]	674.92
Polyketide	nuclear envelope [GO:0005635]	204.69
Polyketide	perinuclear region of cytoplasm [GO:0048471]	204.69
Polyketide	cytosol [GO:0005829]	204.69
Polyketide	pericentriolar material [GO:0000242]	204.69
Polyketide	Golgi membrane [GO:0000139]	204.69
Polyketide	chromosome, telomeric region [GO:0000781]	204.69
Polyketide	nucleus [GO:0005634]	204.69
Polyketide	cytoplasm [GO:0005737]	204.69
Polyketide	membrane [GO:0016020]	221.9
Polyketide	receptor complex [GO:0043235]	221.9
Polyketide	membrane [GO:0016020]	745.42
Polyketide	sarcoplasmic reticulum membrane [GO:0033017]	247.07
Polyketide	postsynaptic density [GO:0014069]	247.07
Polyketide	Z disc [GO:0030018]	247.07
Polyketide	T-tubule [GO:0030315]	247.07
Polyketide	secretory granule [GO:0030141]	247.07
Polyketide	sarcolemma [GO:0042383]	247.07
Polyketide	cytoplasm [GO:0005737]	247.07
Polyketide	calyx of Held [GO:0044305]	247.07
Polyketide	azurophil granule [GO:0042582]	247.07
Polyketide	nuclear membrane [GO:0031965]	247.07
Polyketide	membrane raft [GO:0045121]	247.07
Polyketide	postsynaptic specialization, intracellular component [GO:0099091]	247.07
Polyketide	postsynaptic density, intracellular component [GO:0099092]	247.07
Polyketide	dendrite [GO:0030425]	247.07
Polyketide	protein-containing complex [GO:0032991]	247.07
Polyketide	perinuclear region of cytoplasm [GO:0048471]	247.07
Polyketide	cytosol [GO:0005829]	247.07
Polyketide	sarcoplasmic reticulum [GO:0016529]	247.07
Polyketide	glutamatergic synapse [GO:0098978]	247.07
Polyketide	dendritic spine [GO:0043197]	247.07
Polyketide	cell periphery [GO:0071944]	247.07
Polyketide	nucleus [GO:0005634]	247.07
Polyketide	mitochondrial outer membrane [GO:0005741]	247.07
Polyketide	plasma membrane [GO:0005886]	247.07
Polyketide	synapse [GO:0045202]	247.07
Polyketide	mitochondrion [GO:0005739]	247.07
Polyketide	photoreceptor inner segment [GO:0001917]	247.07
Polyketide	cytoskeleton [GO:0005856]	247.07
Polyketide	nucleoplasm [GO:0005654]	169.91
Polyketide	cytosol [GO:0005829]	169.91
Polyketide	extracellular exosome [GO:0070062]	169.91
Polyketide	extracellular exosome [GO:0070062]	368.25
Polyketide	nucleus [GO:0005634]	368.25
Polyketide	cytoplasm [GO:0005737]	368.25
Polyketide	cytosol [GO:0005829]	368.25
Polyketide	nucleoplasm [GO:0005654]	370.2
Polyketide	nucleus [GO:0005634]	370.2
Polyketide	cytoplasm [GO:0005737]	370.2
Polyketide	nucleolus [GO:0005730]	370.2
Polyketide	nucleoid [GO:0009295]	243.78
Polyketide	protein-containing complex [GO:0032991]	334.16
Polyketide	endocytic vesicle membrane [GO:0030666]	334.16
Polyketide	cytosol [GO:0005829]	334.16
Polyketide	transcription repressor complex [GO:0017053]	334.16
Polyketide	nucleoplasm [GO:0005654]	334.16
Polyketide	plasma membrane [GO:0005886]	334.16
Polyketide	nucleus [GO:0005634]	334.16
Polyketide	cytoplasm [GO:0005737]	334.16
Polyketide	nucleolus [GO:0005730]	334.16
Polyketide	cell body [GO:0044297]	295.07
Polyketide	actin filament [GO:0005884]	295.07
Polyketide	skeletal muscle myofibril [GO:0098723]	295.07
Polyketide	stress fiber [GO:0001725]	295.07
Polyketide	filamentous actin [GO:0031941]	295.07
Polyketide	actin filament bundle [GO:0032432]	295.07
Polyketide	lamellipodium [GO:0030027]	295.07
Polyketide	striated muscle thin filament [GO:0005865]	295.07
Polyketide	cytoplasm [GO:0005737]	295.07
Polyketide	filopodium [GO:0030175]	295.07
Polyketide	cytoplasm [GO:0005737]	226.3
Polyketide	basal plasma membrane [GO:0009925]	283.31
Polyketide	centrosome [GO:0005813]	283.31
Polyketide	basolateral plasma membrane [GO:0016323]	283.31
Polyketide	apical plasma membrane [GO:0016324]	283.31
Polyketide	extracellular exosome [GO:0070062]	283.31
Polyketide	intracellular membrane-bounded organelle [GO:0043231]	283.31
Polyketide	plasma membrane [GO:0005886]	283.31
Polyketide	membrane [GO:0016020]	283.31
Polyketide	synapse [GO:0045202]	283.31
Polyketide	lateral plasma membrane [GO:0016328]	283.31
Polyketide	cell junction [GO:0030054]	283.31
Polyketide	chromosome [GO:0005694]	256.73
Polyketide	condensed nuclear chromosome [GO:0000794]	256.73
Polyketide	nucleus [GO:0005634]	256.73
Polyketide	nucleoplasm [GO:0005654]	256.73
Polyketide	endocytic vesicle [GO:0030139]	264.04
Polyketide	focal adhesion [GO:0005925]	264.04
Polyketide	intercellular canaliculus [GO:0046581]	264.04
Polyketide	apical plasma membrane [GO:0016324]	264.04
Polyketide	lamellipodium membrane [GO:0031258]	264.04
Polyketide	lamellipodium [GO:0030027]	264.04
Polyketide	extracellular exosome [GO:0070062]	264.04
Polyketide	plasma membrane [GO:0005886]	264.04
Polyketide	membrane [GO:0016020]	264.04
Polyketide	extracellular region [GO:0005576]	264.04
Polyketide	membrane raft [GO:0045121]	264.04
Polyketide	lysosomal membrane [GO:0005765]	264.04
Polyketide	cell surface [GO:0009986]	264.04
Polyketide	periplasmic space [GO:0042597]	141.53
Polyketide	vesicle [GO:0031982]	360.68
Polyketide	cytoplasm [GO:0005737]	360.68
Polyketide	secretory granule lumen [GO:0034774]	360.68
Polyketide	cytosol [GO:0005829]	360.68
Polyketide	ficolin-1-rich granule lumen [GO:1904813]	360.68
Polyketide	extracellular exosome [GO:0070062]	360.68
Polyketide	nucleoplasm [GO:0005654]	360.68
Polyketide	plasma membrane [GO:0005886]	360.68
Polyketide	extracellular region [GO:0005576]	360.68
Polyketide	extracellular space [GO:0005615]	360.68
Polyketide	cell surface [GO:0009986]	360.68
Polyketide	plasma membrane [GO:0005886]	546.85
Polyketide	cytosol [GO:0005829]	288.43
Polyketide	extracellular exosome [GO:0070062]	288.43
Polyketide	cellular anatomical entity [GO:0110165]	126.81
Polyketide	microtubule [GO:0005874]	572.62
Polyketide	cytoplasm [GO:0005737]	572.62
Polyketide	host cell endoplasmic reticulum-Golgi intermediate compartment [GO:0044172]	220.61
Polyketide	double membrane vesicle viral factory outer membrane [GO:0062243]	220.61
Polyketide	host cell perinuclear region of cytoplasm [GO:0044220]	220.61
Polyketide	host cell endosome [GO:0044174]	220.61
Polyketide	host cell nucleus [GO:0042025]	220.61
Polyketide	membrane [GO:0016020]	220.61
Polyketide	host cell endoplasmic reticulum membrane [GO:0044167]	220.61
Polyketide	host cell Golgi apparatus [GO:0044177]	220.61
Polyketide	nucleus [GO:0005634]	176.2
Polyketide	cytosol [GO:0005829]	176.2
Polyketide	protein kinase CK2 complex [GO:0005956]	176.2
Polyketide	protein-containing complex [GO:0032991]	486.42
Polyketide	endocytic vesicle membrane [GO:0030666]	486.42
Polyketide	cytosol [GO:0005829]	486.42
Polyketide	transcription repressor complex [GO:0017053]	486.42
Polyketide	nucleoplasm [GO:0005654]	486.42
Polyketide	plasma membrane [GO:0005886]	486.42
Polyketide	nucleus [GO:0005634]	486.42
Polyketide	cytoplasm [GO:0005737]	486.42
Polyketide	nucleolus [GO:0005730]	486.42
Polyketide	nucleoplasm [GO:0005654]	318.83
Polyketide	mitochondrial respiratory chain complex I [GO:0005747]	318.83
Polyketide	protein-containing complex [GO:0032991]	245.44
Polyketide	cytosol [GO:0005829]	245.44
Polyketide	nucleoplasm [GO:0005654]	245.44
Polyketide	membrane [GO:0016020]	245.44
Polyketide	plasma membrane [GO:0005886]	245.44
Polyketide	euchromatin [GO:0000791]	245.44
Polyketide	chromatin [GO:0000785]	245.44
Polyketide	transcription regulator complex [GO:0005667]	245.44
Polyketide	nucleus [GO:0005634]	245.44
Polyketide	cytoplasm [GO:0005737]	245.44
Polyketide	Golgi apparatus [GO:0005794]	245.44
Polyketide	extracellular space [GO:0005615]	266.58
Polyketide	azurophil granule lumen [GO:0035578]	266.58
Polyketide	extracellular region [GO:0005576]	266.58
Polyketide	extracellular exosome [GO:0070062]	266.58
Polyketide	nuclear envelope [GO:0005635]	199.95
Polyketide	perinuclear region of cytoplasm [GO:0048471]	199.95
Polyketide	cytosol [GO:0005829]	199.95
Polyketide	pericentriolar material [GO:0000242]	199.95
Polyketide	Golgi membrane [GO:0000139]	199.95
Polyketide	chromosome, telomeric region [GO:0000781]	199.95
Polyketide	nucleus [GO:0005634]	199.95
Polyketide	cytoplasm [GO:0005737]	199.95
Polyketide	chloride channel complex [GO:0034707]	236.81
Polyketide	postsynaptic membrane [GO:0045211]	236.81
Polyketide	perikaryon [GO:0043204]	236.81
Polyketide	membrane [GO:0016020]	236.81
Polyketide	plasma membrane [GO:0005886]	236.81
Polyketide	dendrite [GO:0030425]	236.81
Polyketide	neuron projection [GO:0043005]	236.81
Polyketide	synapse [GO:0045202]	236.81
Polyketide	extracellular space [GO:0005615]	252.8
Polyketide	azurophil granule lumen [GO:0035578]	252.8
Polyketide	extracellular region [GO:0005576]	252.8
Polyketide	extracellular exosome [GO:0070062]	252.8
Polyketide	lysosomal lumen [GO:0043202]	357.9
Polyketide	basolateral plasma membrane [GO:0016323]	357.9
Polyketide	secretory granule lumen [GO:0034774]	357.9
Polyketide	extracellular exosome [GO:0070062]	357.9
Polyketide	nucleoplasm [GO:0005654]	357.9
Polyketide	brush border membrane [GO:0031526]	357.9
Polyketide	cytoplasm [GO:0005737]	357.9
Polyketide	cell surface [GO:0009986]	357.9
Polyketide	neuronal cell body [GO:0043025]	357.9
Polyketide	endocytic vesicle lumen [GO:0071682]	357.9
Polyketide	melanosome [GO:0042470]	357.9
Polyketide	protein-containing complex [GO:0032991]	357.9
Polyketide	axonal growth cone [GO:0044295]	357.9
Polyketide	perinuclear region of cytoplasm [GO:0048471]	357.9
Polyketide	cytosol [GO:0005829]	357.9
Polyketide	sperm mitochondrial sheath [GO:0097226]	357.9
Polyketide	membrane [GO:0016020]	357.9
Polyketide	extracellular region [GO:0005576]	357.9
Polyketide	nucleus [GO:0005634]	357.9
Polyketide	sperm plasma membrane [GO:0097524]	357.9
Polyketide	collagen-containing extracellular matrix [GO:0062023]	357.9
Polyketide	myelin sheath [GO:0043209]	357.9
Polyketide	apical plasma membrane [GO:0016324]	357.9
Polyketide	ficolin-1-rich granule lumen [GO:1904813]	357.9
Polyketide	dendritic growth cone [GO:0044294]	357.9
Polyketide	plasma membrane [GO:0005886]	357.9
Polyketide	mitochondrion [GO:0005739]	357.9
Polyketide	cytoplasm [GO:0005737]	1038.98
Polyketide	cytosol [GO:0005829]	211.11
Polyketide	nucleoplasm [GO:0005654]	211.11
Polyketide	plasma membrane [GO:0005886]	211.11
Polyketide	nucleus [GO:0005634]	211.11
Polyketide	cytoplasm [GO:0005737]	211.11
Polyketide	nucleolus [GO:0005730]	211.11
Polyketide	protein kinase CK2 complex [GO:0005956]	239.9
Polyketide	cytosol [GO:0005829]	239.9
Polyketide	nucleoplasm [GO:0005654]	239.9
Polyketide	chromatin [GO:0000785]	239.9
Polyketide	nucleus [GO:0005634]	239.9
Polyketide	acrosomal vesicle [GO:0001669]	239.9
Polyketide	cytosol [GO:0005829]	740.32
Polyketide	cytosolic DNA-directed RNA polymerase complex [GO:0000345]	740.32
Polyketide	membrane [GO:0016020]	740.32
Polyketide	cytoplasm [GO:0005737]	740.32
Polyketide	transcription elongation factor complex [GO:0008023]	740.32
Polyketide	periplasmic space [GO:0042597]	179.51
Polyketide	dendrite [GO:0030425]	682.57
Polyketide	PML body [GO:0016605]	682.57
Polyketide	nuclear envelope [GO:0005635]	682.57
Polyketide	lysosome [GO:0005764]	682.57
Polyketide	endomembrane system [GO:0012505]	682.57
Polyketide	mitochondrial outer membrane [GO:0005741]	682.57
Polyketide	cytosol [GO:0005829]	682.57
Polyketide	Golgi membrane [GO:0000139]	682.57
Polyketide	nucleoplasm [GO:0005654]	682.57
Polyketide	endoplasmic reticulum membrane [GO:0005789]	682.57
Polyketide	membrane [GO:0016020]	682.57
Polyketide	TORC1 complex [GO:0031931]	682.57
Polyketide	nucleus [GO:0005634]	682.57
Polyketide	TORC2 complex [GO:0031932]	682.57
Polyketide	lysosomal membrane [GO:0005765]	682.57
Polyketide	cytoplasm [GO:0005737]	682.57
Polyketide	phagocytic vesicle [GO:0045335]	682.57
Polyketide	node of Ranvier [GO:0033268]	284.44
Polyketide	synapse [GO:0045202]	284.44
Polyketide	plasma membrane [GO:0005886]	284.44
Polyketide	axon initial segment [GO:0043194]	284.44
Polyketide	voltage-gated potassium channel complex [GO:0008076]	284.44
Polyketide	plasma membrane [GO:0005886]	300.7
Polyketide	collagen-containing extracellular matrix [GO:0062023]	504.45
Polyketide	secretory granule lumen [GO:0034774]	504.45
Polyketide	azurophil granule lumen [GO:0035578]	504.45
Polyketide	extracellular exosome [GO:0070062]	504.45
Polyketide	blood microparticle [GO:0072562]	504.45
Polyketide	platelet alpha granule lumen [GO:0031093]	504.45
Polyketide	extracellular region [GO:0005576]	504.45
Polyketide	extracellular space [GO:0005615]	504.45
Polyketide	nucleus [GO:0005634]	504.45
Polyketide	postsynaptic density [GO:0014069]	235.09
Polyketide	glutamatergic synapse [GO:0098978]	235.09
Polyketide	plasma membrane [GO:0005886]	235.09
Polyketide	DAPK1-calmodulin complex [GO:1990722]	235.09
Polyketide	actin cytoskeleton [GO:0015629]	235.09
Polyketide	nucleus [GO:0005634]	235.09
Polyketide	cytoplasm [GO:0005737]	235.09
Polyketide	endosome [GO:0005768]	190.17
Polyketide	cyclin E2-CDK2 complex [GO:0097135]	190.17
Polyketide	cyclin E1-CDK2 complex [GO:0097134]	190.17
Polyketide	Cajal body [GO:0015030]	190.17
Polyketide	nucleoplasm [GO:0005654]	190.17
Polyketide	male germ cell nucleus [GO:0001673]	190.17
Polyketide	cytoplasm [GO:0005737]	190.17
Polyketide	centrosome [GO:0005813]	190.17
Polyketide	condensed chromosome [GO:0000793]	190.17
Polyketide	cyclin A1-CDK2 complex [GO:0097123]	190.17
Polyketide	cyclin A2-CDK2 complex [GO:0097124]	190.17
Polyketide	cytosol [GO:0005829]	190.17
Polyketide	X chromosome [GO:0000805]	190.17
Polyketide	chromosome, telomeric region [GO:0000781]	190.17
Polyketide	nucleus [GO:0005634]	190.17
Polyketide	Y chromosome [GO:0000806]	190.17
Polyketide	nuclear envelope [GO:0005635]	190.17
Polyketide	cyclin-dependent protein kinase holoenzyme complex [GO:0000307]	190.17
Polyketide	transcription regulator complex [GO:0005667]	190.17
Polyketide	chloroplast stroma [GO:0009570]	255.45
Polyketide	endoplasmic reticulum [GO:0005783]	255.45
Polyketide	chloroplast [GO:0009507]	255.45
Polyketide	cytosol [GO:0005829]	255.45
Polyketide	intracellular membrane-bounded organelle [GO:0043231]	255.45
Polyketide	plasma membrane [GO:0005886]	255.45
Polyketide	apoplast [GO:0048046]	255.45
Polyketide	plasmodesma [GO:0009506]	255.45
Polyketide	plant-type vacuole [GO:0000325]	255.45
Polyketide	cytoplasm [GO:0005737]	183.66
Polyketide	chloroplast stroma [GO:0009570]	156.38
Polyketide	endoplasmic reticulum [GO:0005783]	156.38
Polyketide	chloroplast [GO:0009507]	156.38
Polyketide	cytosol [GO:0005829]	156.38
Polyketide	intracellular membrane-bounded organelle [GO:0043231]	156.38
Polyketide	plasma membrane [GO:0005886]	156.38
Polyketide	apoplast [GO:0048046]	156.38
Polyketide	plasmodesma [GO:0009506]	156.38
Polyketide	plant-type vacuole [GO:0000325]	156.38
Polyketide	T-tubule [GO:0030315]	444.4
Polyketide	external side of plasma membrane [GO:0009897]	444.4
Polyketide	clathrin-coated pit [GO:0005905]	444.4
Polyketide	membrane [GO:0016020]	444.4
Polyketide	extracellular exosome [GO:0070062]	444.4
Polyketide	cytosol [GO:0005829]	444.4
Polyketide	sarcolemma [GO:0042383]	444.4
Polyketide	vesicle membrane [GO:0012506]	444.4
Polyketide	trans-Golgi network [GO:0005802]	444.4
Polyketide	perinuclear region of cytoplasm [GO:0048471]	444.4
Polyketide	sarcoplasmic reticulum [GO:0016529]	444.4
Polyketide	insulin-responsive compartment [GO:0032593]	444.4
Polyketide	endomembrane system [GO:0012505]	444.4
Polyketide	clathrin-coated vesicle [GO:0030136]	444.4
Polyketide	plasma membrane [GO:0005886]	444.4
Polyketide	membrane raft [GO:0045121]	444.4
Polyketide	presynapse [GO:0098793]	444.4
Polyketide	multivesicular body [GO:0005771]	444.4
Polyketide	cytoplasmic vesicle membrane [GO:0030659]	444.4
Polyketide	trans-Golgi network transport vesicle [GO:0030140]	444.4
Polyketide	protein-containing complex [GO:0032991]	382.26
Polyketide	cytosol [GO:0005829]	382.26
Polyketide	nucleoplasm [GO:0005654]	382.26
Polyketide	membrane [GO:0016020]	382.26
Polyketide	plasma membrane [GO:0005886]	382.26
Polyketide	euchromatin [GO:0000791]	382.26
Polyketide	chromatin [GO:0000785]	382.26
Polyketide	transcription regulator complex [GO:0005667]	382.26
Polyketide	nucleus [GO:0005634]	382.26
Polyketide	cytoplasm [GO:0005737]	382.26
Polyketide	Golgi apparatus [GO:0005794]	382.26
Polyketide	cytoplasm [GO:0005737]	364.75
Polyketide	plasma membrane [GO:0005886]	325.04
Polyketide	proton-transporting ATP synthase complex, coupling factor F(o) [GO:0045263]	325.04
Polyketide	maltose transport complex [GO:1990060]	589.79
Polyketide	outer membrane-bounded periplasmic space [GO:0030288]	589.79
Polyketide	cytoplasm [GO:0005737]	589.79
Polyketide	sarcoplasmic reticulum membrane [GO:0033017]	589.79
Polyketide	cytoplasmic side of membrane [GO:0098562]	589.79
Polyketide	cytosol [GO:0005829]	589.79
Polyketide	Z disc [GO:0030018]	589.79
Polyketide	sarcoplasmic reticulum [GO:0016529]	589.79
Polyketide	terminal cisterna [GO:0014802]	589.79
Polyketide	membrane [GO:0016020]	589.79
Polyketide	ATP-binding cassette (ABC) transporter complex [GO:0043190]	589.79
Polyketide	ryanodine receptor complex [GO:1990425]	589.79
Polyketide	periplasmic space [GO:0042597]	589.79
Polyketide	ATP-binding cassette (ABC) transporter complex, substrate-binding subunit-containing [GO:0055052]	589.79
Polyketide	node of Ranvier [GO:0033268]	258.07
Polyketide	synapse [GO:0045202]	258.07
Polyketide	plasma membrane [GO:0005886]	258.07
Polyketide	axon initial segment [GO:0043194]	258.07
Polyketide	voltage-gated potassium channel complex [GO:0008076]	258.07
Polyketide	membrane [GO:0016020]	595.85
Polyketide	endoplasmic reticulum [GO:0005783]	595.85
Polyketide	endoplasmic reticulum membrane [GO:0005789]	595.85
Polyketide	melanosome [GO:0042470]	277.72
Polyketide	perinuclear region of cytoplasm [GO:0048471]	277.72
Polyketide	sarcoplasmic reticulum lumen [GO:0033018]	277.72
Polyketide	endoplasmic reticulum [GO:0005783]	277.72
Polyketide	nuclear envelope [GO:0005635]	190.29
Polyketide	perinuclear region of cytoplasm [GO:0048471]	190.29
Polyketide	cytosol [GO:0005829]	190.29
Polyketide	pericentriolar material [GO:0000242]	190.29
Polyketide	Golgi membrane [GO:0000139]	190.29
Polyketide	chromosome, telomeric region [GO:0000781]	190.29
Polyketide	nucleus [GO:0005634]	190.29
Polyketide	cytoplasm [GO:0005737]	190.29
Polyketide	viral envelope [GO:0019031]	437.73
Polyketide	host cell plasma membrane [GO:0020002]	437.73
Polyketide	host cell lipid droplet [GO:0044186]	437.73
Polyketide	cytoplasm [GO:0005737]	437.73
Polyketide	host cell endoplasmic reticulum membrane [GO:0044167]	437.73
Polyketide	host cell mitochondrial membrane [GO:0044191]	437.73
Polyketide	ribonucleoprotein complex [GO:1990904]	437.73
Polyketide	lipid droplet [GO:0005811]	437.73
Polyketide	plasma membrane [GO:0005886]	437.73
Polyketide	viral nucleocapsid [GO:0019013]	437.73
Polyketide	virion membrane [GO:0055036]	437.73
Polyketide	host cell perinuclear region of cytoplasm [GO:0044220]	437.73
Polyketide	protein-containing complex [GO:0032991]	390.86
Polyketide	endocytic vesicle membrane [GO:0030666]	390.86
Polyketide	cytosol [GO:0005829]	390.86
Polyketide	transcription repressor complex [GO:0017053]	390.86
Polyketide	nucleoplasm [GO:0005654]	390.86
Polyketide	plasma membrane [GO:0005886]	390.86
Polyketide	nucleus [GO:0005634]	390.86
Polyketide	cytoplasm [GO:0005737]	390.86
Polyketide	nucleolus [GO:0005730]	390.86
Polyketide	perinuclear region of cytoplasm [GO:0048471]	192.63
Polyketide	Golgi membrane [GO:0000139]	192.63
Polyketide	endoplasmic reticulum membrane [GO:0005789]	192.63
Polyketide	membrane [GO:0016020]	192.63
Polyketide	extracellular region [GO:0005576]	192.63
Polyketide	Golgi stack [GO:0005795]	192.63
Polyketide	Golgi cisterna membrane [GO:0032580]	192.63
Polyketide	Golgi apparatus [GO:0005794]	192.63
Polyketide	proton-transporting V-type ATPase complex [GO:0033176]	449.21
Polyketide	vacuolar proton-transporting V-type ATPase, V0 domain [GO:0000220]	449.21
Polyketide	Golgi membrane [GO:0000139]	449.21
Polyketide	membrane [GO:0016020]	449.21
Polyketide	vacuolar proton-transporting V-type ATPase complex [GO:0016471]	449.21
Polyketide	fungal-type vacuole membrane [GO:0000329]	449.21
Polyketide	fungal biofilm matrix [GO:0062040]	573.38
Polyketide	cytoplasm [GO:0005737]	573.38
Polyketide	extracellular region [GO:0005576]	573.38
Polyketide	nucleus [GO:0005634]	773.7
Polyketide	microtubule [GO:0005874]	409.24
Polyketide	cytoplasm [GO:0005737]	409.24
Polyketide	microtubule cytoskeleton [GO:0015630]	409.24
Polyketide	nucleus [GO:0005634]	360.99
Polyketide	cytoplasm [GO:0005737]	360.99
Polyketide	dendrite [GO:0030425]	283.12
Polyketide	perinuclear region of cytoplasm [GO:0048471]	283.12
Polyketide	apical plasma membrane [GO:0016324]	283.12
Polyketide	cytosol [GO:0005829]	283.12
Polyketide	cilium [GO:0005929]	283.12
Polyketide	mitochondrion [GO:0005739]	283.12
Polyketide	astrocyte end-foot [GO:0097450]	283.12
Polyketide	extracellular region [GO:0005576]	283.12
Polyketide	basal part of cell [GO:0045178]	283.12
Polyketide	cytoskeleton [GO:0005856]	283.12
Polyketide	nucleus [GO:0005634]	283.12
Polyketide	cytoplasm [GO:0005737]	283.12
Polyketide	central region of growth cone [GO:0090724]	283.12
Polyketide	neuronal cell body [GO:0043025]	283.12
Polyketide	cell body [GO:0044297]	297.25
Polyketide	actin filament [GO:0005884]	297.25
Polyketide	skeletal muscle myofibril [GO:0098723]	297.25
Polyketide	stress fiber [GO:0001725]	297.25
Polyketide	filamentous actin [GO:0031941]	297.25
Polyketide	actin filament bundle [GO:0032432]	297.25
Polyketide	lamellipodium [GO:0030027]	297.25
Polyketide	striated muscle thin filament [GO:0005865]	297.25
Polyketide	cytoplasm [GO:0005737]	297.25
Polyketide	filopodium [GO:0030175]	297.25
Polyketide	protein-containing complex [GO:0032991]	234.84
Polyketide	cytosol [GO:0005829]	234.84
Polyketide	nucleoplasm [GO:0005654]	234.84
Polyketide	membrane [GO:0016020]	234.84
Polyketide	plasma membrane [GO:0005886]	234.84
Polyketide	euchromatin [GO:0000791]	234.84
Polyketide	chromatin [GO:0000785]	234.84
Polyketide	transcription regulator complex [GO:0005667]	234.84
Polyketide	nucleus [GO:0005634]	234.84
Polyketide	cytoplasm [GO:0005737]	234.84
Polyketide	Golgi apparatus [GO:0005794]	234.84
Polyketide	host cell nucleus [GO:0042025]	301.76
Polyketide	host cell cytoplasm [GO:0030430]	301.76
Polyketide	protein-containing complex [GO:0032991]	434.0
Polyketide	cytosol [GO:0005829]	434.0
Polyketide	nucleoplasm [GO:0005654]	434.0
Polyketide	membrane [GO:0016020]	434.0
Polyketide	plasma membrane [GO:0005886]	434.0
Polyketide	euchromatin [GO:0000791]	434.0
Polyketide	chromatin [GO:0000785]	434.0
Polyketide	transcription regulator complex [GO:0005667]	434.0
Polyketide	nucleus [GO:0005634]	434.0
Polyketide	cytoplasm [GO:0005737]	434.0
Polyketide	Golgi apparatus [GO:0005794]	434.0
Polyketide	nucleoplasm [GO:0005654]	629.46
Polyketide	receptor complex [GO:0043235]	629.46
Polyketide	euchromatin [GO:0000791]	629.46
Polyketide	chromatin [GO:0000785]	629.46
Polyketide	chromosome [GO:0005694]	343.61
Polyketide	cytoplasm [GO:0005737]	343.61
Polyketide	protein-containing complex [GO:0032991]	166.59
Polyketide	cytosol [GO:0005829]	166.59
Polyketide	nucleoplasm [GO:0005654]	166.59
Polyketide	membrane [GO:0016020]	166.59
Polyketide	plasma membrane [GO:0005886]	166.59
Polyketide	euchromatin [GO:0000791]	166.59
Polyketide	chromatin [GO:0000785]	166.59
Polyketide	transcription regulator complex [GO:0005667]	166.59
Polyketide	nucleus [GO:0005634]	166.59
Polyketide	cytoplasm [GO:0005737]	166.59
Polyketide	Golgi apparatus [GO:0005794]	166.59
Polyketide	plasma membrane [GO:0005886]	402.03
Polyketide	periplasmic side of plasma membrane [GO:0098567]	402.03
Polyketide	membrane [GO:0016020]	402.03
Polyketide	outer membrane-bounded periplasmic space [GO:0030288]	402.03
Polyketide	efflux pump complex [GO:1990281]	402.03
Polyketide	cytoplasm [GO:0005737]	291.18
Polyketide	cytoplasmic side of endoplasmic reticulum membrane [GO:0098554]	469.34
Polyketide	protein-containing complex [GO:0032991]	469.34
Polyketide	endoplasmic reticulum [GO:0005783]	469.34
Polyketide	sorting endosome [GO:0097443]	469.34
Polyketide	endosome lumen [GO:0031904]	469.34
Polyketide	early endosome [GO:0005769]	469.34
Polyketide	cytosol [GO:0005829]	469.34
Polyketide	mitochondrial crista [GO:0030061]	469.34
Polyketide	mitochondrial matrix [GO:0005759]	469.34
Polyketide	cytoplasm [GO:0005737]	469.34
Polyketide	intracellular membrane-bounded organelle [GO:0043231]	122.02
Polyketide	endoplasmic reticulum membrane [GO:0005789]	122.02
Polyketide	cytoplasm [GO:0005737]	122.02
Polyketide	cytoplasmic microtubule [GO:0005881]	122.02
Polyketide	nuclear chromosome [GO:0000228]	252.06
Polyketide	histone deacetylase complex [GO:0000118]	252.06
Polyketide	cytoplasm [GO:0005737]	252.06
Polyketide	nucleoplasm [GO:0005654]	252.06
Polyketide	nucleus [GO:0005634]	252.06
Polyketide	secretory granule membrane [GO:0030667]	555.17
Polyketide	clathrin-sculpted monoamine transport vesicle membrane [GO:0070083]	555.17
Polyketide	terminal bouton [GO:0043195]	555.17
Polyketide	synaptic vesicle membrane [GO:0030672]	555.17
Polyketide	presynapse [GO:0098793]	555.17
Polyketide	endoplasmic reticulum membrane [GO:0005789]	555.17
Polyketide	melanosome [GO:0042470]	305.05
Polyketide	axonal growth cone [GO:0044295]	305.05
Polyketide	cell body [GO:0044297]	305.05
Polyketide	endomembrane system [GO:0012505]	305.05
Polyketide	lamellipodium [GO:0030027]	305.05
Polyketide	growth cone membrane [GO:0032584]	305.05
Polyketide	plasma membrane [GO:0005886]	305.05
Polyketide	axon [GO:0030424]	305.05
Polyketide	cell surface [GO:0009986]	305.05
Polyketide	aggresome [GO:0016235]	466.85
Polyketide	cell projection [GO:0042995]	466.85
Polyketide	secretory granule membrane [GO:0030667]	466.85
Polyketide	ficolin-1-rich granule membrane [GO:0101003]	466.85
Polyketide	tertiary granule membrane [GO:0070821]	466.85
Polyketide	extracellular exosome [GO:0070062]	466.85
Polyketide	plasma membrane [GO:0005886]	466.85
Polyketide	membrane [GO:0016020]	466.85
Polyketide	specific granule membrane [GO:0035579]	466.85
Polyketide	perikaryon [GO:0043204]	466.85
Polyketide	collagen-containing extracellular matrix [GO:0062023]	319.36
Polyketide	cytoplasmic stress granule [GO:0010494]	319.36
Polyketide	lysosome [GO:0005764]	319.36
Polyketide	azurophil granule lumen [GO:0035578]	319.36
Polyketide	cytosol [GO:0005829]	319.36
Polyketide	extracellular exosome [GO:0070062]	319.36
Polyketide	intracellular membrane-bounded organelle [GO:0043231]	319.36
Polyketide	plasma membrane [GO:0005886]	319.36
Polyketide	membrane [GO:0016020]	319.36
Polyketide	extracellular region [GO:0005576]	319.36
Polyketide	extracellular space [GO:0005615]	319.36
Polyketide	secretory granule [GO:0030141]	319.36
Polyketide	nucleus [GO:0005634]	319.36
Polyketide	cytoplasm [GO:0005737]	319.36
Polyketide	cell body [GO:0044297]	326.44
Polyketide	actin filament [GO:0005884]	326.44
Polyketide	skeletal muscle myofibril [GO:0098723]	326.44
Polyketide	stress fiber [GO:0001725]	326.44
Polyketide	filamentous actin [GO:0031941]	326.44
Polyketide	actin filament bundle [GO:0032432]	326.44
Polyketide	lamellipodium [GO:0030027]	326.44
Polyketide	striated muscle thin filament [GO:0005865]	326.44
Polyketide	cytoplasm [GO:0005737]	326.44
Polyketide	filopodium [GO:0030175]	326.44
Polyketide	chloride channel complex [GO:0034707]	289.27
Polyketide	postsynaptic membrane [GO:0045211]	289.27
Polyketide	perikaryon [GO:0043204]	289.27
Polyketide	membrane [GO:0016020]	289.27
Polyketide	plasma membrane [GO:0005886]	289.27
Polyketide	dendrite [GO:0030425]	289.27
Polyketide	neuron projection [GO:0043005]	289.27
Polyketide	synapse [GO:0045202]	289.27
Polyketide	nuclear envelope [GO:0005635]	162.98
Polyketide	perinuclear region of cytoplasm [GO:0048471]	162.98
Polyketide	cytosol [GO:0005829]	162.98
Polyketide	pericentriolar material [GO:0000242]	162.98
Polyketide	Golgi membrane [GO:0000139]	162.98
Polyketide	chromosome, telomeric region [GO:0000781]	162.98
Polyketide	nucleus [GO:0005634]	162.98
Polyketide	cytoplasm [GO:0005737]	162.98
Polyketide	chromosome [GO:0005694]	438.12
Polyketide	cytoplasm [GO:0005737]	438.12
Polyketide	extracellular region [GO:0005576]	683.58
Polyketide	nuclear envelope [GO:0005635]	255.23
Polyketide	perinuclear region of cytoplasm [GO:0048471]	255.23
Polyketide	cytosol [GO:0005829]	255.23
Polyketide	pericentriolar material [GO:0000242]	255.23
Polyketide	Golgi membrane [GO:0000139]	255.23
Polyketide	chromosome, telomeric region [GO:0000781]	255.23
Polyketide	nucleus [GO:0005634]	255.23
Polyketide	cytoplasm [GO:0005737]	255.23
Polyketide	PML body [GO:0016605]	250.91
Polyketide	Sin3 complex [GO:0016580]	250.91
Polyketide	protein kinase CK2 complex [GO:0005956]	250.91
Polyketide	cytosol [GO:0005829]	250.91
Polyketide	nucleoplasm [GO:0005654]	250.91
Polyketide	plasma membrane [GO:0005886]	250.91
Polyketide	nucleus [GO:0005634]	250.91
Polyketide	RSC-type complex [GO:0016586]	224.46
Polyketide	kinetochore [GO:0000776]	224.46
Polyketide	SWI/SNF complex [GO:0016514]	224.46
Polyketide	nucleoplasm [GO:0005654]	224.46
Polyketide	nuclear matrix [GO:0016363]	224.46
Polyketide	chromatin [GO:0000785]	224.46
Polyketide	nuclear chromosome [GO:0000228]	224.46
Polyketide	nucleus [GO:0005634]	224.46
Polyketide	mitochondrial proton-transporting ATP synthase complex [GO:0005753]	634.39
Polyketide	cytosol [GO:0005829]	634.39
Polyketide	mitochondrial proton-transporting ATP synthase complex, coupling factor F(o) [GO:0000276]	634.39
Polyketide	mitochondrion [GO:0005739]	634.39
Polyketide	mitochondrial intermembrane space [GO:0005758]	634.39
Polyketide	mitochondrial inner membrane [GO:0005743]	634.39
Polyketide	protein-containing complex [GO:0032991]	409.12
Polyketide	cytosol [GO:0005829]	409.12
Polyketide	nucleoplasm [GO:0005654]	409.12
Polyketide	membrane [GO:0016020]	409.12
Polyketide	plasma membrane [GO:0005886]	409.12
Polyketide	euchromatin [GO:0000791]	409.12
Polyketide	chromatin [GO:0000785]	409.12
Polyketide	transcription regulator complex [GO:0005667]	409.12
Polyketide	nucleus [GO:0005634]	409.12
Polyketide	cytoplasm [GO:0005737]	409.12
Polyketide	Golgi apparatus [GO:0005794]	409.12
Polyketide	cytosol [GO:0005829]	785.57
Polyketide	cytosolic DNA-directed RNA polymerase complex [GO:0000345]	785.57
Polyketide	membrane [GO:0016020]	785.57
Polyketide	cytoplasm [GO:0005737]	785.57
Polyketide	transcription elongation factor complex [GO:0008023]	785.57
Polyketide	nucleoplasm [GO:0005654]	181.08
Polyketide	cytosol [GO:0005829]	181.08
Polyketide	extracellular exosome [GO:0070062]	181.08
Polyketide	nuclear chromosome [GO:0000228]	265.12
Polyketide	histone deacetylase complex [GO:0000118]	265.12
Polyketide	cytoplasm [GO:0005737]	265.12
Polyketide	nucleoplasm [GO:0005654]	265.12
Polyketide	nucleus [GO:0005634]	265.12
Polyketide	endoplasmic reticulum lumen [GO:0005788]	264.05
Polyketide	nucleoplasm [GO:0005654]	264.05
Polyketide	cytoplasm [GO:0005737]	264.05
Polyketide	microtubule organizing center [GO:0005815]	264.05
Polyketide	azurophil granule lumen [GO:0035578]	264.05
Polyketide	caveola [GO:0005901]	264.05
Polyketide	Golgi apparatus [GO:0005794]	264.05
Polyketide	focal adhesion [GO:0005925]	264.05
Polyketide	cytosol [GO:0005829]	264.05
Polyketide	early endosome [GO:0005769]	264.05
Polyketide	extracellular region [GO:0005576]	264.05
Polyketide	nucleus [GO:0005634]	264.05
Polyketide	pseudopodium [GO:0031143]	264.05
Polyketide	mitotic spindle [GO:0072686]	264.05
Polyketide	ficolin-1-rich granule lumen [GO:1904813]	264.05
Polyketide	plasma membrane [GO:0005886]	264.05
Polyketide	synapse [GO:0045202]	264.05
Polyketide	mitochondrion [GO:0005739]	264.05
Polyketide	cytoskeleton [GO:0005856]	264.05
Polyketide	late endosome [GO:0005770]	264.05
Polyketide	chromosome [GO:0005694]	181.28
Polyketide	condensed nuclear chromosome [GO:0000794]	181.28
Polyketide	nucleus [GO:0005634]	181.28
Polyketide	nucleoplasm [GO:0005654]	181.28
Polyketide	peroxisomal membrane [GO:0005778]	132.0
Polyketide	cytosol [GO:0005829]	132.0
Polyketide	peroxisomal matrix [GO:0005782]	132.0
Polyketide	peroxisome [GO:0005777]	132.0
Polyketide	cytoplasm [GO:0005737]	132.0
Polyketide	extracellular exosome [GO:0070062]	213.6
Polyketide	cytosol [GO:0005829]	213.6
Polyketide	cytoplasm [GO:0005737]	213.6
Polyketide	nucleus [GO:0005634]	213.6
Polyketide	plasma membrane [GO:0005886]	371.52
Polyketide	proton-transporting ATP synthase complex, coupling factor F(o) [GO:0045263]	371.52
Polyketide	cytosol [GO:0005829]	223.3
Polyketide	intracellular membrane-bounded organelle [GO:0043231]	223.3
Polyketide	nucleoplasm [GO:0005654]	223.3
Polyketide	receptor complex [GO:0043235]	223.3
Polyketide	RNA polymerase II transcription regulator complex [GO:0090575]	223.3
Polyketide	chromatin [GO:0000785]	223.3
Polyketide	nucleus [GO:0005634]	223.3
Polyketide	mitochondrial envelope [GO:0005740]	317.76
Polyketide	mitochondrial outer membrane [GO:0005741]	317.76
Polyketide	mitochondrion [GO:0005739]	317.76
Polyketide	protein-containing complex [GO:0032991]	324.09
Polyketide	cytosol [GO:0005829]	324.09
Polyketide	nucleoplasm [GO:0005654]	324.09
Polyketide	membrane [GO:0016020]	324.09
Polyketide	plasma membrane [GO:0005886]	324.09
Polyketide	euchromatin [GO:0000791]	324.09
Polyketide	chromatin [GO:0000785]	324.09
Polyketide	transcription regulator complex [GO:0005667]	324.09
Polyketide	nucleus [GO:0005634]	324.09
Polyketide	cytoplasm [GO:0005737]	324.09
Polyketide	Golgi apparatus [GO:0005794]	324.09
Polyketide	protein-containing complex [GO:0032991]	364.81
Polyketide	cytosol [GO:0005829]	364.81
Polyketide	nucleoplasm [GO:0005654]	364.81
Polyketide	membrane [GO:0016020]	364.81
Polyketide	plasma membrane [GO:0005886]	364.81
Polyketide	euchromatin [GO:0000791]	364.81
Polyketide	chromatin [GO:0000785]	364.81
Polyketide	transcription regulator complex [GO:0005667]	364.81
Polyketide	nucleus [GO:0005634]	364.81
Polyketide	cytoplasm [GO:0005737]	364.81
Polyketide	Golgi apparatus [GO:0005794]	364.81
Polyketide	efflux pump complex [GO:1990281]	633.35
Polyketide	outer membrane-bounded periplasmic space [GO:0030288]	633.35
Polyketide	periplasmic side of plasma membrane [GO:0098567]	633.35
Polyketide	plasma membrane [GO:0005886]	633.35
Polyketide	membrane [GO:0016020]	633.35
Polyketide	plasma membrane [GO:0005886]	126.35
Polyketide	cell division site [GO:0032153]	126.35
Polyketide	cytoplasm [GO:0005737]	126.35
Polyketide	nucleus [GO:0005634]	170.09
Polyketide	cytosol [GO:0005829]	170.09
Polyketide	methionine adenosyltransferase complex [GO:0048269]	170.09
Polyketide	extracellular exosome [GO:0070062]	170.09
Polyketide	plasma membrane [GO:0005886]	349.71
Polyketide	periplasmic side of plasma membrane [GO:0098567]	349.71
Polyketide	membrane [GO:0016020]	349.71
Polyketide	outer membrane-bounded periplasmic space [GO:0030288]	349.71
Polyketide	efflux pump complex [GO:1990281]	349.71
Polyketide	plasma membrane [GO:0005886]	200.31
Polyketide	side of membrane [GO:0098552]	200.31
Polyketide	synaptic cleft [GO:0043083]	200.31
Polyketide	synapse [GO:0045202]	200.31
Polyketide	endoplasmic reticulum membrane [GO:0005789]	195.25
Polyketide	protein-DNA complex [GO:0032993]	320.1
Polyketide	centrosome [GO:0005813]	288.01
Polyketide	cytosol [GO:0005829]	288.01
Polyketide	extracellular exosome [GO:0070062]	288.01
Polyketide	nucleoplasm [GO:0005654]	288.01
Polyketide	nucleus [GO:0005634]	288.01
Polyketide	cytoplasm [GO:0005737]	288.01
Polyketide	protein-DNA complex [GO:0032993]	346.44
Polyketide	protein-DNA complex [GO:0032993]	360.35
Polyketide	extracellular space [GO:0005615]	225.76
Polyketide	azurophil granule lumen [GO:0035578]	225.76
Polyketide	extracellular region [GO:0005576]	225.76
Polyketide	extracellular exosome [GO:0070062]	225.76
Polyketide	cytoplasm [GO:0005737]	288.8
Polyketide	dendrite [GO:0030425]	774.83
Polyketide	neuron projection [GO:0043005]	774.83
Polyketide	intracellular membrane-bounded organelle [GO:0043231]	774.83
Polyketide	plasma membrane [GO:0005886]	774.83
Polyketide	postsynaptic membrane [GO:0045211]	774.83
Polyketide	synapse [GO:0045202]	774.83
Polyketide	glycine-gated chloride channel complex [GO:0016935]	774.83
Polyketide	perikaryon [GO:0043204]	774.83
Polyketide	membrane [GO:0016020]	114.68
Polyketide	host cell plasma membrane [GO:0020002]	114.68
Polyketide	host cell cytoplasmic vesicle membrane [GO:0044162]	114.68
Polyketide	host cell filopodium [GO:0044176]	114.68
Polyketide	host cell nucleus [GO:0042025]	114.68
Polyketide	cytoplasm [GO:0005737]	242.25
Polyketide	RSC-type complex [GO:0016586]	198.35
Polyketide	kinetochore [GO:0000776]	198.35
Polyketide	SWI/SNF complex [GO:0016514]	198.35
Polyketide	nucleoplasm [GO:0005654]	198.35
Polyketide	nuclear matrix [GO:0016363]	198.35
Polyketide	chromatin [GO:0000785]	198.35
Polyketide	nuclear chromosome [GO:0000228]	198.35
Polyketide	nucleus [GO:0005634]	198.35
Polyketide	plasma membrane [GO:0005886]	444.59
Polyketide	proton-transporting ATP synthase complex, coupling factor F(o) [GO:0045263]	444.59
Polyketide	respirasome [GO:0070469]	175.42
Polyketide	mitochondrion [GO:0005739]	175.42
Polyketide	mitochondrial inner membrane [GO:0005743]	175.42
Polyketide	host cell nucleus [GO:0042025]	179.35
Polyketide	host cell plasma membrane [GO:0020002]	179.35
Polyketide	membrane [GO:0016020]	179.35
Polyketide	viral nucleocapsid [GO:0019013]	179.35
Polyketide	host multivesicular body [GO:0072494]	179.35
Polyketide	virion membrane [GO:0055036]	179.35
Polyketide	transcription repressor complex [GO:0017053]	556.54
Polyketide	nucleoplasm [GO:0005654]	556.54
Polyketide	nucleus [GO:0005634]	556.54
Polyketide	cortical cytoskeleton [GO:0030863]	238.88
Polyketide	basolateral plasma membrane [GO:0016323]	238.88
Polyketide	ankyrin-1 complex [GO:0170014]	238.88
Polyketide	Z disc [GO:0030018]	238.88
Polyketide	extracellular exosome [GO:0070062]	238.88
Polyketide	plasma membrane [GO:0005886]	238.88
Polyketide	membrane [GO:0016020]	238.88
Polyketide	blood microparticle [GO:0072562]	238.88
Polyketide	cytoplasmic side of plasma membrane [GO:0009898]	238.88
Polyketide	plasma membrane [GO:0005886]	231.44
Polyketide	calcium channel complex [GO:0034704]	231.44
Polyketide	extracellular space [GO:0005615]	208.79
Polyketide	azurophil granule lumen [GO:0035578]	208.79
Polyketide	extracellular region [GO:0005576]	208.79
Polyketide	extracellular exosome [GO:0070062]	208.79
Polyketide	vesicle [GO:0031982]	329.99
Polyketide	cytoplasm [GO:0005737]	329.99
Polyketide	secretory granule lumen [GO:0034774]	329.99
Polyketide	cytosol [GO:0005829]	329.99
Polyketide	ficolin-1-rich granule lumen [GO:1904813]	329.99
Polyketide	extracellular exosome [GO:0070062]	329.99
Polyketide	nucleoplasm [GO:0005654]	329.99
Polyketide	plasma membrane [GO:0005886]	329.99
Polyketide	extracellular region [GO:0005576]	329.99
Polyketide	extracellular space [GO:0005615]	329.99
Polyketide	cell surface [GO:0009986]	329.99
Polyketide	proton-transporting ATP synthase complex, catalytic core F(1) [GO:0045261]	222.68
Polyketide	plasma membrane [GO:0005886]	222.68
Polyketide	mitochondrial proton-transporting ATP synthase, catalytic core [GO:0005754]	222.68
Polyketide	mitochondrial proton-transporting ATP synthase complex [GO:0005753]	222.68
Polyketide	intracellular membrane-bounded organelle [GO:0043231]	302.3
Polyketide	nucleoplasm [GO:0005654]	302.3
Polyketide	mitochondrion [GO:0005739]	302.3
Polyketide	chromatin [GO:0000785]	302.3
Polyketide	nucleus [GO:0005634]	302.3
Polyketide	membrane [GO:0016020]	476.82
Polyketide	protein-containing complex [GO:0032991]	450.84
Polyketide	cytosol [GO:0005829]	450.84
Polyketide	nucleoplasm [GO:0005654]	450.84
Polyketide	membrane [GO:0016020]	450.84
Polyketide	plasma membrane [GO:0005886]	450.84
Polyketide	euchromatin [GO:0000791]	450.84
Polyketide	chromatin [GO:0000785]	450.84
Polyketide	transcription regulator complex [GO:0005667]	450.84
Polyketide	nucleus [GO:0005634]	450.84
Polyketide	cytoplasm [GO:0005737]	450.84
Polyketide	Golgi apparatus [GO:0005794]	450.84
Polyketide	cytosol [GO:0005829]	171.24
Polyketide	plasma membrane [GO:0005886]	171.24
Polyketide	peptidoglycan-based cell wall [GO:0009274]	171.24
Polyketide	pericentric heterochromatin [GO:0005721]	326.75
Polyketide	endoplasmic reticulum [GO:0005783]	326.75
Polyketide	intracellular membrane-bounded organelle [GO:0043231]	326.75
Polyketide	nucleoplasm [GO:0005654]	326.75
Polyketide	site of DNA damage [GO:0090734]	326.75
Polyketide	chromatin [GO:0000785]	326.75
Polyketide	nucleus [GO:0005634]	326.75
Polyketide	site of double-strand break [GO:0035861]	326.75
Polyketide	chromosome, subtelomeric region [GO:0099115]	326.75
Polyketide	nuclear envelope [GO:0005635]	208.12
Polyketide	perinuclear region of cytoplasm [GO:0048471]	208.12
Polyketide	cytosol [GO:0005829]	208.12
Polyketide	pericentriolar material [GO:0000242]	208.12
Polyketide	Golgi membrane [GO:0000139]	208.12
Polyketide	chromosome, telomeric region [GO:0000781]	208.12
Polyketide	nucleus [GO:0005634]	208.12
Polyketide	cytoplasm [GO:0005737]	208.12
Polyketide	host cell nucleus [GO:0042025]	318.64
Polyketide	host cell cytoplasm [GO:0030430]	318.64
Polyketide	cytoplasm [GO:0005737]	329.72
Polyketide	collagen-containing extracellular matrix [GO:0062023]	567.36
Polyketide	lysosomal lumen [GO:0043202]	567.36
Polyketide	lysosome [GO:0005764]	567.36
Polyketide	tertiary granule lumen [GO:1904724]	567.36
Polyketide	ficolin-1-rich granule lumen [GO:1904813]	567.36
Polyketide	endolysosome lumen [GO:0036021]	567.36
Polyketide	intracellular membrane-bounded organelle [GO:0043231]	567.36
Polyketide	extracellular region [GO:0005576]	567.36
Polyketide	extracellular space [GO:0005615]	567.36
Polyketide	late endosome [GO:0005770]	567.36
Polyketide	phagocytic vesicle [GO:0045335]	567.36
Polyketide	protein-containing complex [GO:0032991]	404.07
Polyketide	cytosol [GO:0005829]	404.07
Polyketide	nucleoplasm [GO:0005654]	404.07
Polyketide	membrane [GO:0016020]	404.07
Polyketide	plasma membrane [GO:0005886]	404.07
Polyketide	euchromatin [GO:0000791]	404.07
Polyketide	chromatin [GO:0000785]	404.07
Polyketide	transcription regulator complex [GO:0005667]	404.07
Polyketide	nucleus [GO:0005634]	404.07
Polyketide	cytoplasm [GO:0005737]	404.07
Polyketide	Golgi apparatus [GO:0005794]	404.07
Polyketide	aryl hydrocarbon receptor complex [GO:0034751]	236.81
Polyketide	cytosol [GO:0005829]	236.81
Polyketide	nucleus [GO:0005634]	236.81
Polyketide	histone deacetylase complex [GO:0000118]	136.42
Polyketide	nucleoplasm [GO:0005654]	136.42
Polyketide	nuclear chromosome [GO:0000228]	136.42
Polyketide	nucleus [GO:0005634]	136.42
Polyketide	cytoplasm [GO:0005737]	136.42
Polyketide	host cell nucleus [GO:0042025]	140.96
Polyketide	host cell endoplasmic reticulum membrane [GO:0044167]	140.96
Polyketide	host cell endoplasmic reticulum-Golgi intermediate compartment [GO:0044172]	140.96
Polyketide	host cell Golgi apparatus [GO:0044177]	140.96
Polyketide	host cell endosome [GO:0044174]	140.96
Polyketide	membrane [GO:0016020]	140.96
Polyketide	double membrane vesicle viral factory outer membrane [GO:0062243]	140.96
Polyketide	host cell perinuclear region of cytoplasm [GO:0044220]	140.96
Polyketide	nucleoplasm [GO:0005654]	346.86
Polyketide	mitochondrial respiratory chain complex I [GO:0005747]	346.86
Polyketide	melanosome [GO:0042470]	285.92
Polyketide	axonal growth cone [GO:0044295]	285.92
Polyketide	cell body [GO:0044297]	285.92
Polyketide	endomembrane system [GO:0012505]	285.92
Polyketide	lamellipodium [GO:0030027]	285.92
Polyketide	growth cone membrane [GO:0032584]	285.92
Polyketide	plasma membrane [GO:0005886]	285.92
Polyketide	axon [GO:0030424]	285.92
Polyketide	cell surface [GO:0009986]	285.92
Polyketide	ribosome [GO:0005840]	516.92
Polyketide	ribonucleoprotein complex [GO:1990904]	516.92
Polyketide	cell body [GO:0044297]	382.0
Polyketide	actin filament [GO:0005884]	382.0
Polyketide	skeletal muscle myofibril [GO:0098723]	382.0
Polyketide	stress fiber [GO:0001725]	382.0
Polyketide	filamentous actin [GO:0031941]	382.0
Polyketide	actin filament bundle [GO:0032432]	382.0
Polyketide	lamellipodium [GO:0030027]	382.0
Polyketide	striated muscle thin filament [GO:0005865]	382.0
Polyketide	cytoplasm [GO:0005737]	382.0
Polyketide	filopodium [GO:0030175]	382.0
Polyketide	histone deacetylase complex [GO:0000118]	236.88
Polyketide	cytoplasm [GO:0005737]	152.89
Polyketide	cytosol [GO:0005829]	152.89
Polyketide	cell body [GO:0044297]	316.42
Polyketide	actin filament [GO:0005884]	316.42
Polyketide	skeletal muscle myofibril [GO:0098723]	316.42
Polyketide	stress fiber [GO:0001725]	316.42
Polyketide	filamentous actin [GO:0031941]	316.42
Polyketide	actin filament bundle [GO:0032432]	316.42
Polyketide	lamellipodium [GO:0030027]	316.42
Polyketide	striated muscle thin filament [GO:0005865]	316.42
Polyketide	cytoplasm [GO:0005737]	316.42
Polyketide	filopodium [GO:0030175]	316.42
Polyketide	cytosol [GO:0005829]	375.06
Polyketide	nucleoplasm [GO:0005654]	375.06
Polyketide	synapse [GO:0045202]	375.06
Polyketide	cytoplasm [GO:0005737]	375.06
Polyketide	nucleolus [GO:0005730]	375.06
Polyketide	protein-containing complex [GO:0032991]	372.33
Polyketide	cytosol [GO:0005829]	372.33
Polyketide	nucleoplasm [GO:0005654]	372.33
Polyketide	membrane [GO:0016020]	372.33
Polyketide	plasma membrane [GO:0005886]	372.33
Polyketide	euchromatin [GO:0000791]	372.33
Polyketide	chromatin [GO:0000785]	372.33
Polyketide	transcription regulator complex [GO:0005667]	372.33
Polyketide	nucleus [GO:0005634]	372.33
Polyketide	cytoplasm [GO:0005737]	372.33
Polyketide	Golgi apparatus [GO:0005794]	372.33
Polyketide	protein-containing complex [GO:0032991]	253.36
Polyketide	cytosol [GO:0005829]	253.36
Polyketide	nucleoplasm [GO:0005654]	253.36
Polyketide	membrane [GO:0016020]	253.36
Polyketide	plasma membrane [GO:0005886]	253.36
Polyketide	euchromatin [GO:0000791]	253.36
Polyketide	chromatin [GO:0000785]	253.36
Polyketide	transcription regulator complex [GO:0005667]	253.36
Polyketide	nucleus [GO:0005634]	253.36
Polyketide	cytoplasm [GO:0005737]	253.36
Polyketide	Golgi apparatus [GO:0005794]	253.36
Polyketide	centrosome [GO:0005813]	250.05
Polyketide	cytosol [GO:0005829]	250.05
Polyketide	extracellular exosome [GO:0070062]	250.05
Polyketide	nucleoplasm [GO:0005654]	250.05
Polyketide	nucleus [GO:0005634]	250.05
Polyketide	cytoplasm [GO:0005737]	250.05
Polyketide	plasma membrane [GO:0005886]	364.12
Polyketide	node of Ranvier [GO:0033268]	368.62
Polyketide	synapse [GO:0045202]	368.62
Polyketide	plasma membrane [GO:0005886]	368.62
Polyketide	axon initial segment [GO:0043194]	368.62
Polyketide	voltage-gated potassium channel complex [GO:0008076]	368.62
Polyketide	periplasmic space [GO:0042597]	760.91
Polyketide	protein-DNA complex [GO:0032993]	298.04
Polyketide	epidermal lamellar body [GO:0097209]	147.47
Polyketide	extracellular region [GO:0005576]	147.47
Polyketide	extracellular space [GO:0005615]	147.47
Polyketide	secretory granule [GO:0030141]	147.47
Polyketide	cornified envelope [GO:0001533]	147.47
Polyketide	membrane [GO:0016020]	212.32
Polyketide	apical plasma membrane [GO:0016324]	212.32
Polyketide	plasma membrane [GO:0005886]	212.32
Polyketide	basolateral plasma membrane [GO:0016323]	212.32
Polyketide	cytosol [GO:0005829]	876.31
Polyketide	extracellular exosome [GO:0070062]	876.31
Polyketide	nucleoplasm [GO:0005654]	876.31
Polyketide	membrane [GO:0016020]	876.31
Polyketide	cytoplasm [GO:0005737]	876.31
Polyketide	extracellular space [GO:0005615]	283.31
Polyketide	azurophil granule lumen [GO:0035578]	283.31
Polyketide	extracellular region [GO:0005576]	283.31
Polyketide	extracellular exosome [GO:0070062]	283.31
Polyketide	chloride channel complex [GO:0034707]	317.62
Polyketide	postsynaptic membrane [GO:0045211]	317.62
Polyketide	perikaryon [GO:0043204]	317.62
Polyketide	membrane [GO:0016020]	317.62
Polyketide	plasma membrane [GO:0005886]	317.62
Polyketide	dendrite [GO:0030425]	317.62
Polyketide	neuron projection [GO:0043005]	317.62
Polyketide	synapse [GO:0045202]	317.62
Polyketide	nucleus [GO:0005634]	709.23
Polyketide	vacuolar proton-transporting V-type ATPase, V0 domain [GO:0000220]	541.57
Polyketide	synaptic vesicle membrane [GO:0030672]	541.57
Polyketide	clathrin-coated vesicle membrane [GO:0030665]	541.57
Polyketide	membrane [GO:0016020]	143.8
Polyketide	plasma membrane [GO:0005886]	415.51
Polyketide	proton-transporting ATP synthase complex, coupling factor F(o) [GO:0045263]	415.51
Polyketide	fungal biofilm matrix [GO:0062040]	689.41
Polyketide	cytoplasm [GO:0005737]	689.41
Polyketide	extracellular region [GO:0005576]	689.41
Polyketide	nucleus [GO:0005634]	635.73
Polyketide	cytoplasm [GO:0005737]	635.73
Polyketide	proton-transporting V-type ATPase complex [GO:0033176]	569.06
Polyketide	vacuolar proton-transporting V-type ATPase, V0 domain [GO:0000220]	569.06
Polyketide	Golgi membrane [GO:0000139]	569.06
Polyketide	fungal-type vacuole [GO:0000324]	569.06
Polyketide	membrane [GO:0016020]	569.06
Polyketide	cell periphery [GO:0071944]	569.06
Polyketide	vacuolar proton-transporting V-type ATPase complex [GO:0016471]	569.06
Polyketide	fungal-type vacuole membrane [GO:0000329]	569.06
Polyketide	plasma membrane [GO:0005886]	440.18
Polyketide	proton-transporting ATP synthase complex, coupling factor F(o) [GO:0045263]	440.18
Polyketide	nucleus [GO:0005634]	693.23
Polyketide	cytoplasm [GO:0005737]	693.23
Polyketide	cytosol [GO:0005829]	693.23
Polyketide	fungal biofilm matrix [GO:0062040]	606.32
Polyketide	cytoplasm [GO:0005737]	606.32
Polyketide	extracellular region [GO:0005576]	606.32
Polyketide	sigma factor antagonist complex [GO:1903865]	994.77
Polyketide	cytosol [GO:0005829]	994.77
Polyketide	cytosolic DNA-directed RNA polymerase complex [GO:0000345]	994.77
Polyketide	peptidoglycan-based cell wall [GO:0009274]	562.53
Polyketide	sarcoplasmic reticulum membrane [GO:0033017]	383.21
Polyketide	postsynaptic density [GO:0014069]	383.21
Polyketide	Z disc [GO:0030018]	383.21
Polyketide	T-tubule [GO:0030315]	383.21
Polyketide	secretory granule [GO:0030141]	383.21
Polyketide	sarcolemma [GO:0042383]	383.21
Polyketide	cytoplasm [GO:0005737]	383.21
Polyketide	calyx of Held [GO:0044305]	383.21
Polyketide	azurophil granule [GO:0042582]	383.21
Polyketide	nuclear membrane [GO:0031965]	383.21
Polyketide	membrane raft [GO:0045121]	383.21
Polyketide	postsynaptic specialization, intracellular component [GO:0099091]	383.21
Polyketide	postsynaptic density, intracellular component [GO:0099092]	383.21
Polyketide	dendrite [GO:0030425]	383.21
Polyketide	protein-containing complex [GO:0032991]	383.21
Polyketide	perinuclear region of cytoplasm [GO:0048471]	383.21
Polyketide	cytosol [GO:0005829]	383.21
Polyketide	sarcoplasmic reticulum [GO:0016529]	383.21
Polyketide	glutamatergic synapse [GO:0098978]	383.21
Polyketide	dendritic spine [GO:0043197]	383.21
Polyketide	cell periphery [GO:0071944]	383.21
Polyketide	nucleus [GO:0005634]	383.21
Polyketide	mitochondrial outer membrane [GO:0005741]	383.21
Polyketide	plasma membrane [GO:0005886]	383.21
Polyketide	synapse [GO:0045202]	383.21
Polyketide	mitochondrion [GO:0005739]	383.21
Polyketide	photoreceptor inner segment [GO:0001917]	383.21
Polyketide	cytoskeleton [GO:0005856]	383.21
Polyketide	chromosome [GO:0005694]	251.76
Polyketide	condensed nuclear chromosome [GO:0000794]	251.76
Polyketide	nucleus [GO:0005634]	251.76
Polyketide	nucleoplasm [GO:0005654]	251.76
Polyketide	sarcoplasmic reticulum membrane [GO:0033017]	761.28
Polyketide	cytoplasmic side of membrane [GO:0098562]	761.28
Polyketide	cytosol [GO:0005829]	761.28
Polyketide	Z disc [GO:0030018]	761.28
Polyketide	sarcoplasmic reticulum [GO:0016529]	761.28
Polyketide	terminal cisterna [GO:0014802]	761.28
Polyketide	membrane [GO:0016020]	761.28
Polyketide	ryanodine receptor complex [GO:1990425]	761.28
Polyketide	cytoplasm [GO:0005737]	761.28
Polyketide	intracellular membrane-bounded organelle [GO:0043231]	395.42
Polyketide	endoplasmic reticulum membrane [GO:0005789]	395.42
Polyketide	cytoplasm [GO:0005737]	395.42
Polyketide	nucleoplasm [GO:0005654]	190.76
Polyketide	nucleus [GO:0005634]	190.76
Polyketide	cytoplasm [GO:0005737]	190.76
Polyketide	cell body [GO:0044297]	314.42
Polyketide	actin filament [GO:0005884]	314.42
Polyketide	skeletal muscle myofibril [GO:0098723]	314.42
Polyketide	stress fiber [GO:0001725]	314.42
Polyketide	filamentous actin [GO:0031941]	314.42
Polyketide	actin filament bundle [GO:0032432]	314.42
Polyketide	lamellipodium [GO:0030027]	314.42
Polyketide	striated muscle thin filament [GO:0005865]	314.42
Polyketide	cytoplasm [GO:0005737]	314.42
Polyketide	filopodium [GO:0030175]	314.42
Polyketide	protein-containing complex [GO:0032991]	396.7
Polyketide	cytosol [GO:0005829]	396.7
Polyketide	nucleoplasm [GO:0005654]	396.7
Polyketide	membrane [GO:0016020]	396.7
Polyketide	plasma membrane [GO:0005886]	396.7
Polyketide	euchromatin [GO:0000791]	396.7
Polyketide	chromatin [GO:0000785]	396.7
Polyketide	transcription regulator complex [GO:0005667]	396.7
Polyketide	nucleus [GO:0005634]	396.7
Polyketide	cytoplasm [GO:0005737]	396.7
Polyketide	Golgi apparatus [GO:0005794]	396.7
Polyketide	outer membrane-bounded periplasmic space [GO:0030288]	264.28
Polyketide	acetylcholine-gated channel complex [GO:0005892]	948.84
Polyketide	neuron projection [GO:0043005]	948.84
Polyketide	plasma membrane raft [GO:0044853]	948.84
Polyketide	cholinergic synapse [GO:0098981]	948.84
Polyketide	apical plasma membrane [GO:0016324]	948.84
Polyketide	axolemma [GO:0030673]	948.84
Polyketide	plasma membrane [GO:0005886]	948.84
Polyketide	membrane [GO:0016020]	948.84
Polyketide	postsynaptic specialization membrane [GO:0099634]	948.84
Polyketide	synapse [GO:0045202]	948.84
Polyketide	presynaptic membrane [GO:0042734]	948.84
Polyketide	postsynapse [GO:0098794]	948.84
Polyketide	external side of plasma membrane [GO:0009897]	948.84
Polyketide	histone deacetylase complex [GO:0000118]	138.69
Polyketide	cytosol [GO:0005829]	303.99
Polyketide	glutamatergic synapse [GO:0098978]	303.99
Polyketide	nucleoplasm [GO:0005654]	303.99
Polyketide	ciliary basal body [GO:0036064]	303.99
Polyketide	postsynaptic cytosol [GO:0099524]	303.99
Polyketide	nuclear speck [GO:0016607]	303.99
Polyketide	nucleus [GO:0005634]	303.99
Polyketide	midbody [GO:0030496]	303.99
Polyketide	cytoplasm [GO:0005737]	303.99
Polyketide	centrosome [GO:0005813]	338.26
Polyketide	voltage-gated calcium channel complex [GO:0005891]	338.26
Polyketide	synaptic vesicle [GO:0008021]	338.26
Polyketide	perinuclear region of cytoplasm [GO:0048471]	338.26
Polyketide	cytosol [GO:0005829]	338.26
Polyketide	gamma-tubulin complex [GO:0000930]	338.26
Polyketide	postsynaptic density [GO:0014069]	338.26
Polyketide	Z disc [GO:0030018]	338.26
Polyketide	excitatory synapse [GO:0060076]	338.26
Polyketide	dendritic spine [GO:0043197]	338.26
Polyketide	nucleus [GO:0005634]	338.26
Polyketide	mitochondrial proton-transporting ATP synthase complex [GO:0005753]	546.57
Polyketide	cytosol [GO:0005829]	546.57
Polyketide	mitochondrial proton-transporting ATP synthase complex, coupling factor F(o) [GO:0000276]	546.57
Polyketide	mitochondrion [GO:0005739]	546.57
Polyketide	mitochondrial intermembrane space [GO:0005758]	546.57
Polyketide	mitochondrial inner membrane [GO:0005743]	546.57
Polyketide	cytosol [GO:0005829]	279.3
Polyketide	intracellular membrane-bounded organelle [GO:0043231]	279.3
Polyketide	nucleoplasm [GO:0005654]	279.3
Polyketide	receptor complex [GO:0043235]	279.3
Polyketide	RNA polymerase II transcription regulator complex [GO:0090575]	279.3
Polyketide	chromatin [GO:0000785]	279.3
Polyketide	nucleus [GO:0005634]	279.3
Polyketide	sarcoplasmic reticulum membrane [GO:0033017]	712.65
Polyketide	cytoplasmic side of membrane [GO:0098562]	712.65
Polyketide	cytosol [GO:0005829]	712.65
Polyketide	Z disc [GO:0030018]	712.65
Polyketide	sarcoplasmic reticulum [GO:0016529]	712.65
Polyketide	terminal cisterna [GO:0014802]	712.65
Polyketide	membrane [GO:0016020]	712.65
Polyketide	ryanodine receptor complex [GO:1990425]	712.65
Polyketide	cytoplasm [GO:0005737]	712.65
Polyketide	cytoplasm [GO:0005737]	338.84
Polyketide	fibrillar center [GO:0001650]	176.04
Polyketide	nuclear inner membrane [GO:0005637]	176.04
Polyketide	heterochromatin [GO:0000792]	176.04
Polyketide	nuclear envelope [GO:0005635]	176.04
Polyketide	PML body [GO:0016605]	176.04
Polyketide	cytosol [GO:0005829]	176.04
Polyketide	eNoSc complex [GO:0061773]	176.04
Polyketide	rDNA heterochromatin [GO:0033553]	176.04
Polyketide	nucleoplasm [GO:0005654]	176.04
Polyketide	mitochondrion [GO:0005739]	176.04
Polyketide	euchromatin [GO:0000791]	176.04
Polyketide	chromatin [GO:0000785]	176.04
Polyketide	chromatin silencing complex [GO:0005677]	176.04
Polyketide	nucleus [GO:0005634]	176.04
Polyketide	cytoplasm [GO:0005737]	176.04
Polyketide	nucleolus [GO:0005730]	176.04
Polyketide	myelin sheath [GO:0043209]	423.82
Polyketide	cytosol [GO:0005829]	423.82
Polyketide	apical part of cell [GO:0045177]	423.82
Polyketide	extracellular exosome [GO:0070062]	423.82
Polyketide	plasma membrane [GO:0005886]	423.82
Polyketide	cytoplasm [GO:0005737]	423.82
Polyketide	extracellular space [GO:0005615]	285.9
Polyketide	extracellular region [GO:0005576]	285.9
Polyketide	histone deacetylase complex [GO:0000118]	220.0
Polyketide	cytosol [GO:0005829]	220.0
Polyketide	transcription repressor complex [GO:0017053]	220.0
Polyketide	nucleoplasm [GO:0005654]	220.0
Polyketide	nuclear speck [GO:0016607]	220.0
Polyketide	chromatin [GO:0000785]	220.0
Polyketide	nucleus [GO:0005634]	220.0
Polyketide	cytoplasm [GO:0005737]	220.0
Polyketide	protein-containing complex [GO:0032991]	219.13
Polyketide	nucleoplasm [GO:0005654]	219.13
Polyketide	mitochondrion [GO:0005739]	219.13
Polyketide	mitochondrial matrix [GO:0005759]	219.13
Polyketide	nucleus [GO:0005634]	219.13
Polyketide	nuclear envelope [GO:0005635]	231.29
Polyketide	perinuclear region of cytoplasm [GO:0048471]	231.29
Polyketide	cytosol [GO:0005829]	231.29
Polyketide	pericentriolar material [GO:0000242]	231.29
Polyketide	Golgi membrane [GO:0000139]	231.29
Polyketide	chromosome, telomeric region [GO:0000781]	231.29
Polyketide	nucleus [GO:0005634]	231.29
Polyketide	cytoplasm [GO:0005737]	231.29
Polyketide	mitochondrial matrix [GO:0005759]	210.75
Polyketide	mitochondrion [GO:0005739]	210.75
Polyketide	extracellular exosome [GO:0070062]	210.75
Polyketide	membrane [GO:0016020]	215.93
Polyketide	receptor complex [GO:0043235]	215.93
Polyketide	microtubule [GO:0005874]	295.79
Polyketide	cytoplasm [GO:0005737]	295.79
Polyketide	microtubule cytoskeleton [GO:0015630]	295.79
Polyketide	cytosol [GO:0005829]	295.79
Polyketide	protein-containing complex [GO:0032991]	575.44
Polyketide	endocytic vesicle membrane [GO:0030666]	575.44
Polyketide	cytosol [GO:0005829]	575.44
Polyketide	transcription repressor complex [GO:0017053]	575.44
Polyketide	nucleoplasm [GO:0005654]	575.44
Polyketide	plasma membrane [GO:0005886]	575.44
Polyketide	nucleus [GO:0005634]	575.44
Polyketide	cytoplasm [GO:0005737]	575.44
Polyketide	nucleolus [GO:0005730]	575.44
Polyketide	postsynaptic density [GO:0014069]	147.44
Polyketide	glutamatergic synapse [GO:0098978]	147.44
Polyketide	plasma membrane [GO:0005886]	147.44
Polyketide	DAPK1-calmodulin complex [GO:1990722]	147.44
Polyketide	actin cytoskeleton [GO:0015629]	147.44
Polyketide	nucleus [GO:0005634]	147.44
Polyketide	cytoplasm [GO:0005737]	147.44
Polyketide	cytoplasm [GO:0005737]	263.38
Polyketide	cytosol [GO:0005829]	263.38
Polyketide	mitochondrial matrix [GO:0005759]	233.7
Polyketide	mitochondrion [GO:0005739]	233.7
Polyketide	mitochondrial proton-transporting ATP synthase complex [GO:0005753]	718.45
Polyketide	cytosol [GO:0005829]	718.45
Polyketide	mitochondrial proton-transporting ATP synthase complex, coupling factor F(o) [GO:0000276]	718.45
Polyketide	mitochondrion [GO:0005739]	718.45
Polyketide	mitochondrial intermembrane space [GO:0005758]	718.45
Polyketide	mitochondrial inner membrane [GO:0005743]	718.45
Polyketide	aggresome [GO:0016235]	415.64
Polyketide	cell projection [GO:0042995]	415.64
Polyketide	secretory granule membrane [GO:0030667]	415.64
Polyketide	ficolin-1-rich granule membrane [GO:0101003]	415.64
Polyketide	tertiary granule membrane [GO:0070821]	415.64
Polyketide	extracellular exosome [GO:0070062]	415.64
Polyketide	plasma membrane [GO:0005886]	415.64
Polyketide	membrane [GO:0016020]	415.64
Polyketide	specific granule membrane [GO:0035579]	415.64
Polyketide	perikaryon [GO:0043204]	415.64
Polyketide	cytosol [GO:0005829]	333.74
Polyketide	cytoplasm [GO:0005737]	333.74
Polyketide	nucleoplasm [GO:0005654]	333.74
Polyketide	nucleus [GO:0005634]	333.74
Polyketide	cytosol [GO:0005829]	185.85
Polyketide	extracellular region [GO:0005576]	185.85
Polyketide	node of Ranvier [GO:0033268]	251.99
Polyketide	synapse [GO:0045202]	251.99
Polyketide	plasma membrane [GO:0005886]	251.99
Polyketide	axon initial segment [GO:0043194]	251.99
Polyketide	voltage-gated potassium channel complex [GO:0008076]	251.99
Polyketide	dendritic shaft [GO:0043198]	409.56
Polyketide	neuron projection [GO:0043005]	409.56
Polyketide	postsynaptic density [GO:0014069]	409.56
Polyketide	somatodendritic compartment [GO:0036477]	409.56
Polyketide	dendrite membrane [GO:0032590]	409.56
Polyketide	endoplasmic reticulum membrane [GO:0005789]	409.56
Polyketide	cell surface [GO:0009986]	409.56
Polyketide	presynaptic active zone membrane [GO:0048787]	409.56
Polyketide	neuronal cell body [GO:0043025]	409.56
Polyketide	dendrite cytoplasm [GO:0032839]	409.56
Polyketide	spine synapse [GO:0106033]	409.56
Polyketide	synaptic vesicle [GO:0008021]	409.56
Polyketide	Schaffer collateral - CA1 synapse [GO:0098685]	409.56
Polyketide	presynapse [GO:0098793]	409.56
Polyketide	growth cone [GO:0030426]	409.56
Polyketide	perikaryon [GO:0043204]	409.56
Polyketide	AMPA glutamate receptor complex [GO:0032281]	409.56
Polyketide	asymmetric synapse [GO:0032279]	409.56
Polyketide	dendrite [GO:0030425]	409.56
Polyketide	protein-containing complex [GO:0032991]	409.56
Polyketide	ionotropic glutamate receptor complex [GO:0008328]	409.56
Polyketide	dendritic spine head [GO:0044327]	409.56
Polyketide	dendritic spine neck [GO:0044326]	409.56
Polyketide	glutamatergic synapse [GO:0098978]	409.56
Polyketide	membrane [GO:0016020]	409.56
Polyketide	dendritic spine [GO:0043197]	409.56
Polyketide	perisynaptic space [GO:0099544]	409.56
Polyketide	endoplasmic reticulum [GO:0005783]	409.56
Polyketide	plasma membrane [GO:0005886]	409.56
Polyketide	postsynaptic membrane [GO:0045211]	409.56
Polyketide	synapse [GO:0045202]	409.56
Polyketide	terminal bouton [GO:0043195]	409.56
Polyketide	presynaptic membrane [GO:0042734]	409.56
Polyketide	postsynaptic density membrane [GO:0098839]	409.56
Polyketide	synaptic vesicle membrane [GO:0030672]	409.56
Polyketide	axon [GO:0030424]	409.56
Polyketide	synaptic membrane [GO:0097060]	409.56
Polyketide	node of Ranvier [GO:0033268]	241.22
Polyketide	synapse [GO:0045202]	241.22
Polyketide	plasma membrane [GO:0005886]	241.22
Polyketide	axon initial segment [GO:0043194]	241.22
Polyketide	voltage-gated potassium channel complex [GO:0008076]	241.22
Polyketide	intracellular membrane-bounded organelle [GO:0043231]	363.13
Polyketide	nucleoplasm [GO:0005654]	363.13
Polyketide	mitochondrion [GO:0005739]	363.13
Polyketide	chromatin [GO:0000785]	363.13
Polyketide	nucleus [GO:0005634]	363.13
Polyketide	endoplasmic reticulum membrane [GO:0005789]	274.6
Polyketide	endoplasmic reticulum [GO:0005783]	274.6
Polyketide	postsynaptic density [GO:0014069]	197.03
Polyketide	glutamatergic synapse [GO:0098978]	197.03
Polyketide	plasma membrane [GO:0005886]	197.03
Polyketide	DAPK1-calmodulin complex [GO:1990722]	197.03
Polyketide	actin cytoskeleton [GO:0015629]	197.03
Polyketide	nucleus [GO:0005634]	197.03
Polyketide	cytoplasm [GO:0005737]	197.03
Polyketide	dendrite [GO:0030425]	557.47
Polyketide	chloride channel complex [GO:0034707]	557.47
Polyketide	neuron projection [GO:0043005]	557.47
Polyketide	plasma membrane [GO:0005886]	557.47
Polyketide	membrane [GO:0016020]	557.47
Polyketide	postsynaptic membrane [GO:0045211]	557.47
Polyketide	synapse [GO:0045202]	557.47
Polyketide	perikaryon [GO:0043204]	557.47
Polyketide	extracellular space [GO:0005615]	203.7
Polyketide	azurophil granule lumen [GO:0035578]	203.7
Polyketide	extracellular region [GO:0005576]	203.7
Polyketide	extracellular exosome [GO:0070062]	203.7
Polyketide	postsynaptic density [GO:0014069]	310.61
Polyketide	nucleoplasm [GO:0005654]	310.61
Polyketide	cytoplasm [GO:0005737]	310.61
Polyketide	microtubule organizing center [GO:0005815]	310.61
Polyketide	dendrite cytoplasm [GO:0032839]	310.61
Polyketide	caveola [GO:0005901]	310.61
Polyketide	perikaryon [GO:0043204]	310.61
Polyketide	Golgi apparatus [GO:0005794]	310.61
Polyketide	protein-containing complex [GO:0032991]	310.61
Polyketide	focal adhesion [GO:0005925]	310.61
Polyketide	cytosol [GO:0005829]	310.61
Polyketide	early endosome [GO:0005769]	310.61
Polyketide	nucleus [GO:0005634]	310.61
Polyketide	pseudopodium [GO:0031143]	310.61
Polyketide	mitotic spindle [GO:0072686]	310.61
Polyketide	plasma membrane [GO:0005886]	310.61
Polyketide	mitochondrion [GO:0005739]	310.61
Polyketide	axon [GO:0030424]	310.61
Polyketide	cytoskeleton [GO:0005856]	310.61
Polyketide	late endosome [GO:0005770]	310.61
Polyketide	septin ring [GO:0005940]	665.31
Polyketide	condensed nuclear chromosome [GO:0000794]	665.31
Polyketide	nucleus [GO:0005634]	665.31
Polyketide	host cell nucleus [GO:0042025]	375.39
Polyketide	viral envelope [GO:0019031]	375.39
Polyketide	host cell plasma membrane [GO:0020002]	375.39
Polyketide	host cell lipid droplet [GO:0044186]	375.39
Polyketide	host cell endoplasmic reticulum membrane [GO:0044167]	375.39
Polyketide	host cell mitochondrial membrane [GO:0044191]	375.39
Polyketide	ribonucleoprotein complex [GO:1990904]	375.39
Polyketide	membrane [GO:0016020]	375.39
Polyketide	viral nucleocapsid [GO:0019013]	375.39
Polyketide	virion membrane [GO:0055036]	375.39
Polyketide	host cell perinuclear region of cytoplasm [GO:0044220]	375.39
Polyketide	cytoskeleton [GO:0005856]	270.77
Polyketide	cytoplasm [GO:0005737]	270.77
Polyketide	nucleoplasm [GO:0005654]	238.82
Polyketide	nucleus [GO:0005634]	238.82
Polyketide	cytoplasm [GO:0005737]	238.82
Polyketide	nucleolus [GO:0005730]	238.82
Polyketide	chromosome [GO:0005694]	492.49
Polyketide	DNA topoisomerase type II (double strand cut, ATP-hydrolyzing) complex [GO:0009330]	492.49
Polyketide	cytosol [GO:0005829]	492.49
Polyketide	protein-containing complex [GO:0032991]	363.63
Polyketide	cytosol [GO:0005829]	363.63
Polyketide	nucleoplasm [GO:0005654]	363.63
Polyketide	membrane [GO:0016020]	363.63
Polyketide	plasma membrane [GO:0005886]	363.63
Polyketide	euchromatin [GO:0000791]	363.63
Polyketide	chromatin [GO:0000785]	363.63
Polyketide	transcription regulator complex [GO:0005667]	363.63
Polyketide	nucleus [GO:0005634]	363.63
Polyketide	cytoplasm [GO:0005737]	363.63
Polyketide	Golgi apparatus [GO:0005794]	363.63
Polyketide	nuclear chromosome [GO:0000228]	245.49
Polyketide	histone deacetylase complex [GO:0000118]	245.49
Polyketide	cytoplasm [GO:0005737]	245.49
Polyketide	nucleoplasm [GO:0005654]	245.49
Polyketide	nucleus [GO:0005634]	245.49
Polyketide	protein-DNA complex [GO:0032993]	326.51
Polyketide	mitochondrial proton-transporting ATP synthase complex [GO:0005753]	587.0
Polyketide	cytosol [GO:0005829]	587.0
Polyketide	mitochondrial proton-transporting ATP synthase complex, coupling factor F(o) [GO:0000276]	587.0
Polyketide	mitochondrion [GO:0005739]	587.0
Polyketide	mitochondrial intermembrane space [GO:0005758]	587.0
Polyketide	mitochondrial inner membrane [GO:0005743]	587.0
Polyketide	extracellular space [GO:0005615]	243.09
Polyketide	azurophil granule lumen [GO:0035578]	243.09
Polyketide	extracellular region [GO:0005576]	243.09
Polyketide	extracellular exosome [GO:0070062]	243.09
Polyketide	membrane [GO:0016020]	368.94
Polyketide	cytosol [GO:0005829]	368.94
Polyketide	transcription regulator complex [GO:0005667]	368.94
Polyketide	cytoplasm [GO:0005737]	368.94
Polyketide	chromatin [GO:0000785]	368.94
Polyketide	Golgi apparatus [GO:0005794]	368.94
Polyketide	plasma membrane [GO:0005886]	368.94
Polyketide	nucleoplasm [GO:0005654]	368.94
Polyketide	protein-containing complex [GO:0032991]	368.94
Polyketide	euchromatin [GO:0000791]	368.94
Polyketide	nucleus [GO:0005634]	368.94
Polyketide	fungal biofilm matrix [GO:0062040]	738.87
Polyketide	cytoplasm [GO:0005737]	738.87
Polyketide	extracellular region [GO:0005576]	738.87
Polyketide	extracellular region [GO:0005576]	240.66
Polyketide	extracellular exosome [GO:0070062]	240.66
Polyketide	azurophil granule lumen [GO:0035578]	240.66
Polyketide	extracellular space [GO:0005615]	240.66
Polyketide	mitochondrion [GO:0005739]	342.05
Polyketide	mitochondrial outer membrane [GO:0005741]	342.05
Polyketide	nucleus [GO:0005634]	342.05
Polyketide	cytosol [GO:0005829]	342.05
Polyketide	cell body [GO:0044297]	484.51
Polyketide	actin filament [GO:0005884]	484.51
Polyketide	skeletal muscle myofibril [GO:0098723]	484.51
Polyketide	stress fiber [GO:0001725]	484.51
Polyketide	filamentous actin [GO:0031941]	484.51
Polyketide	actin filament bundle [GO:0032432]	484.51
Polyketide	lamellipodium [GO:0030027]	484.51
Polyketide	striated muscle thin filament [GO:0005865]	484.51
Polyketide	cytoplasm [GO:0005737]	484.51
Polyketide	filopodium [GO:0030175]	484.51
Polyketide	sarcoplasmic reticulum membrane [GO:0033017]	636.91
Polyketide	cytoplasmic side of membrane [GO:0098562]	636.91
Polyketide	cytosol [GO:0005829]	636.91
Polyketide	Z disc [GO:0030018]	636.91
Polyketide	sarcoplasmic reticulum [GO:0016529]	636.91
Polyketide	terminal cisterna [GO:0014802]	636.91
Polyketide	membrane [GO:0016020]	636.91
Polyketide	ryanodine receptor complex [GO:1990425]	636.91
Polyketide	cytoplasm [GO:0005737]	636.91
Polyketide	efflux pump complex [GO:1990281]	588.2
Polyketide	outer membrane-bounded periplasmic space [GO:0030288]	588.2
Polyketide	periplasmic side of plasma membrane [GO:0098567]	588.2
Polyketide	plasma membrane [GO:0005886]	588.2
Polyketide	membrane [GO:0016020]	588.2
Polyketide	mitochondrial envelope [GO:0005740]	229.38
Polyketide	mitochondrial outer membrane [GO:0005741]	229.38
Polyketide	mitochondrion [GO:0005739]	229.38
Polyketide	cytoplasm [GO:0005737]	184.98
Polyketide	node of Ranvier [GO:0033268]	305.85
Polyketide	synapse [GO:0045202]	305.85
Polyketide	plasma membrane [GO:0005886]	305.85
Polyketide	axon initial segment [GO:0043194]	305.85
Polyketide	voltage-gated potassium channel complex [GO:0008076]	305.85
Polyketide	cytosol [GO:0005829]	309.16
Polyketide	nucleoplasm [GO:0005654]	309.16
Polyketide	receptor complex [GO:0043235]	309.16
Polyketide	mitochondrion [GO:0005739]	309.16
Polyketide	RNA polymerase II transcription regulator complex [GO:0090575]	309.16
Polyketide	chromatin [GO:0000785]	309.16
Polyketide	transcription regulator complex [GO:0005667]	309.16
Polyketide	nucleus [GO:0005634]	309.16
Polyketide	node of Ranvier [GO:0033268]	299.74
Polyketide	synapse [GO:0045202]	299.74
Polyketide	plasma membrane [GO:0005886]	299.74
Polyketide	axon initial segment [GO:0043194]	299.74
Polyketide	voltage-gated potassium channel complex [GO:0008076]	299.74
Polyketide	endoplasmic reticulum [GO:0005783]	668.62
Polyketide	perinuclear region of cytoplasm [GO:0048471]	668.62
Polyketide	sarcoplasmic reticulum membrane [GO:0033017]	668.62
Polyketide	sarcoplasmic reticulum [GO:0016529]	668.62
Polyketide	endoplasmic reticulum membrane [GO:0005789]	668.62
Polyketide	H zone [GO:0031673]	668.62
Polyketide	membrane [GO:0016020]	668.62
Polyketide	endoplasmic reticulum-Golgi intermediate compartment [GO:0005793]	668.62
Polyketide	I band [GO:0031674]	668.62
Polyketide	cytoplasm [GO:0005737]	194.51
Polyketide	extracellular region [GO:0005576]	429.28
Polyketide	plasma membrane [GO:0005886]	190.54
Polyketide	cytoplasm [GO:0005737]	190.54
Polyketide	phosphatidylinositol 3-kinase complex, class IB [GO:0005944]	190.54
Polyketide	phosphatidylinositol 3-kinase complex, class IA [GO:0005943]	190.54
Polyketide	blood microparticle [GO:0072562]	311.0
Polyketide	extracellular region [GO:0005576]	311.0
Polyketide	extracellular exosome [GO:0070062]	311.0
Polyketide	secretory granule lumen [GO:0034774]	311.0
Polyketide	collagen-containing extracellular matrix [GO:0062023]	311.0
Polyketide	platelet alpha granule lumen [GO:0031093]	311.0
Polyketide	azurophil granule lumen [GO:0035578]	311.0
Polyketide	extracellular space [GO:0005615]	311.0
Polyketide	nucleus [GO:0005634]	311.0
Polyketide	protein-containing complex [GO:0032991]	477.78
Polyketide	endocytic vesicle membrane [GO:0030666]	477.78
Polyketide	cytosol [GO:0005829]	477.78
Polyketide	transcription repressor complex [GO:0017053]	477.78
Polyketide	nucleoplasm [GO:0005654]	477.78
Polyketide	plasma membrane [GO:0005886]	477.78
Polyketide	nucleus [GO:0005634]	477.78
Polyketide	cytoplasm [GO:0005737]	477.78
Polyketide	nucleolus [GO:0005730]	477.78
Polyketide	protein-containing complex [GO:0032991]	436.38
Polyketide	endocytic vesicle membrane [GO:0030666]	436.38
Polyketide	cytosol [GO:0005829]	436.38
Polyketide	transcription repressor complex [GO:0017053]	436.38
Polyketide	nucleoplasm [GO:0005654]	436.38
Polyketide	plasma membrane [GO:0005886]	436.38
Polyketide	nucleus [GO:0005634]	436.38
Polyketide	cytoplasm [GO:0005737]	436.38
Polyketide	nucleolus [GO:0005730]	436.38
Polyketide	nucleoplasm [GO:0005654]	325.61
Polyketide	mitochondrial respiratory chain complex I [GO:0005747]	325.61
Polyketide	host cell nucleus [GO:0042025]	384.79
Polyketide	protein-containing complex [GO:0032991]	384.79
Polyketide	host cell plasma membrane [GO:0020002]	384.79
Polyketide	host cell lipid droplet [GO:0044186]	384.79
Polyketide	viral envelope [GO:0019031]	384.79
Polyketide	host cell endoplasmic reticulum membrane [GO:0044167]	384.79
Polyketide	host cell mitochondrial membrane [GO:0044191]	384.79
Polyketide	ribonucleoprotein complex [GO:1990904]	384.79
Polyketide	membrane [GO:0016020]	384.79
Polyketide	viral nucleocapsid [GO:0019013]	384.79
Polyketide	virion membrane [GO:0055036]	384.79
Polyketide	host cell perinuclear region of cytoplasm [GO:0044220]	384.79
Polyketide	myelin sheath [GO:0043209]	396.54
Polyketide	cytosol [GO:0005829]	396.54
Polyketide	apical part of cell [GO:0045177]	396.54
Polyketide	extracellular exosome [GO:0070062]	396.54
Polyketide	plasma membrane [GO:0005886]	396.54
Polyketide	cytoplasm [GO:0005737]	396.54
Polyketide	nuclear periphery [GO:0034399]	325.59
Polyketide	main axon [GO:0044304]	325.59
Polyketide	neurofibrillary tangle [GO:0097418]	325.59
Polyketide	neuron projection [GO:0043005]	325.59
Polyketide	somatodendritic compartment [GO:0036477]	325.59
Polyketide	microtubule [GO:0005874]	325.59
Polyketide	cytoplasm [GO:0005737]	325.59
Polyketide	neuronal cell body [GO:0043025]	325.59
Polyketide	cell body [GO:0044297]	325.59
Polyketide	nuclear speck [GO:0016607]	325.59
Polyketide	growth cone [GO:0030426]	325.59
Polyketide	membrane raft [GO:0045121]	325.59
Polyketide	dendrite [GO:0030425]	325.59
Polyketide	tubulin complex [GO:0045298]	325.59
Polyketide	microtubule cytoskeleton [GO:0015630]	325.59
Polyketide	cytosol [GO:0005829]	325.59
Polyketide	axolemma [GO:0030673]	325.59
Polyketide	glial cell projection [GO:0097386]	325.59
Polyketide	dendritic spine [GO:0043197]	325.59
Polyketide	extracellular region [GO:0005576]	325.59
Polyketide	cytoplasmic ribonucleoprotein granule [GO:0036464]	325.59
Polyketide	nucleus [GO:0005634]	325.59
Polyketide	axon cytoplasm [GO:1904115]	325.59
Polyketide	plasma membrane [GO:0005886]	325.59
Polyketide	mitochondrion [GO:0005739]	325.59
Polyketide	axon [GO:0030424]	325.59
Polyketide	membrane [GO:0016020]	705.43
Polyketide	cytoplasm [GO:0005737]	309.84
Polyketide	dendrite [GO:0030425]	628.8
Polyketide	neuron projection [GO:0043005]	628.8
Polyketide	intracellular membrane-bounded organelle [GO:0043231]	628.8
Polyketide	plasma membrane [GO:0005886]	628.8
Polyketide	postsynaptic membrane [GO:0045211]	628.8
Polyketide	synapse [GO:0045202]	628.8
Polyketide	glycine-gated chloride channel complex [GO:0016935]	628.8
Polyketide	perikaryon [GO:0043204]	628.8
Polyketide	plasma membrane [GO:0005886]	449.78
Polyketide	proton-transporting ATP synthase complex, coupling factor F(o) [GO:0045263]	449.78
Polyketide	nucleus [GO:0005634]	595.16
Polyketide	proton-transporting V-type ATPase complex [GO:0033176]	814.81
Polyketide	vacuolar proton-transporting V-type ATPase, V0 domain [GO:0000220]	814.81
Polyketide	Golgi membrane [GO:0000139]	814.81
Polyketide	membrane [GO:0016020]	814.81
Polyketide	vacuolar proton-transporting V-type ATPase complex [GO:0016471]	814.81
Polyketide	fungal-type vacuole membrane [GO:0000329]	814.81
Polyketide	perinuclear region of cytoplasm [GO:0048471]	213.6
Polyketide	Golgi membrane [GO:0000139]	213.6
Polyketide	endoplasmic reticulum membrane [GO:0005789]	213.6
Polyketide	membrane [GO:0016020]	213.6
Polyketide	extracellular region [GO:0005576]	213.6
Polyketide	Golgi stack [GO:0005795]	213.6
Polyketide	Golgi cisterna membrane [GO:0032580]	213.6
Polyketide	Golgi apparatus [GO:0005794]	213.6
Polyketide	protein-containing complex [GO:0032991]	425.69
Polyketide	endocytic vesicle membrane [GO:0030666]	425.69
Polyketide	cytosol [GO:0005829]	425.69
Polyketide	transcription repressor complex [GO:0017053]	425.69
Polyketide	nucleoplasm [GO:0005654]	425.69
Polyketide	plasma membrane [GO:0005886]	425.69
Polyketide	nucleus [GO:0005634]	425.69
Polyketide	cytoplasm [GO:0005737]	425.69
Polyketide	nucleolus [GO:0005730]	425.69
Polyketide	vacuolar proton-transporting V-type ATPase, V0 domain [GO:0000220]	362.39
Polyketide	synaptic vesicle membrane [GO:0030672]	362.39
Polyketide	clathrin-coated vesicle membrane [GO:0030665]	362.39
Polyketide	proton-transporting V-type ATPase complex [GO:0033176]	469.27
Polyketide	vacuolar proton-transporting V-type ATPase, V0 domain [GO:0000220]	469.27
Polyketide	Golgi membrane [GO:0000139]	469.27
Polyketide	membrane [GO:0016020]	469.27
Polyketide	vacuolar proton-transporting V-type ATPase complex [GO:0016471]	469.27
Polyketide	fungal-type vacuole membrane [GO:0000329]	469.27
Polyketide	melanosome [GO:0042470]	302.41
Polyketide	perinuclear region of cytoplasm [GO:0048471]	302.41
Polyketide	sarcoplasmic reticulum lumen [GO:0033018]	302.41
Polyketide	endoplasmic reticulum [GO:0005783]	302.41
Polyketide	dendrite [GO:0030425]	761.28
Polyketide	PML body [GO:0016605]	761.28
Polyketide	nuclear envelope [GO:0005635]	761.28
Polyketide	lysosome [GO:0005764]	761.28
Polyketide	endomembrane system [GO:0012505]	761.28
Polyketide	mitochondrial outer membrane [GO:0005741]	761.28
Polyketide	cytosol [GO:0005829]	761.28
Polyketide	Golgi membrane [GO:0000139]	761.28
Polyketide	nucleoplasm [GO:0005654]	761.28
Polyketide	endoplasmic reticulum membrane [GO:0005789]	761.28
Polyketide	membrane [GO:0016020]	761.28
Polyketide	TORC1 complex [GO:0031931]	761.28
Polyketide	nucleus [GO:0005634]	761.28
Polyketide	TORC2 complex [GO:0031932]	761.28
Polyketide	lysosomal membrane [GO:0005765]	761.28
Polyketide	cytoplasm [GO:0005737]	761.28
Polyketide	phagocytic vesicle [GO:0045335]	761.28
Polyketide	cytosol [GO:0005829]	234.42
Polyketide	nucleoplasm [GO:0005654]	234.42
Polyketide	endoplasmic reticulum membrane [GO:0005789]	234.42
Polyketide	receptor complex [GO:0043235]	234.42
Polyketide	chromatin [GO:0000785]	234.42
Polyketide	node of Ranvier [GO:0033268]	352.05
Polyketide	synapse [GO:0045202]	352.05
Polyketide	plasma membrane [GO:0005886]	352.05
Polyketide	axon initial segment [GO:0043194]	352.05
Polyketide	voltage-gated potassium channel complex [GO:0008076]	352.05
Polyketide	plasma membrane [GO:0005886]	379.12
Polyketide	proton-transporting ATP synthase complex, coupling factor F(o) [GO:0045263]	379.12
Polyketide	extracellular exosome [GO:0070062]	250.96
Polyketide	collagen-containing extracellular matrix [GO:0062023]	250.96
Polyketide	plasma membrane [GO:0005886]	250.96
Polyketide	peptidase inhibitor complex [GO:1904090]	250.96
Polyketide	serine protease inhibitor complex [GO:0097180]	250.96
Polyketide	extracellular region [GO:0005576]	250.96
Polyketide	platelet alpha granule lumen [GO:0031093]	250.96
Polyketide	extracellular space [GO:0005615]	250.96
Polyketide	protein-containing complex [GO:0032991]	237.58
Polyketide	cytosol [GO:0005829]	237.58
Polyketide	nucleoplasm [GO:0005654]	237.58
Polyketide	membrane [GO:0016020]	237.58
Polyketide	plasma membrane [GO:0005886]	237.58
Polyketide	euchromatin [GO:0000791]	237.58
Polyketide	chromatin [GO:0000785]	237.58
Polyketide	transcription regulator complex [GO:0005667]	237.58
Polyketide	nucleus [GO:0005634]	237.58
Polyketide	cytoplasm [GO:0005737]	237.58
Polyketide	Golgi apparatus [GO:0005794]	237.58
Polyketide	intracellular membrane-bounded organelle [GO:0043231]	188.98
Polyketide	nucleoplasm [GO:0005654]	188.98
Polyketide	mitochondrion [GO:0005739]	188.98
Polyketide	chromatin [GO:0000785]	188.98
Polyketide	nucleus [GO:0005634]	188.98
Polyketide	chloroplast stroma [GO:0009570]	205.45
Polyketide	endoplasmic reticulum [GO:0005783]	205.45
Polyketide	chloroplast [GO:0009507]	205.45
Polyketide	cytosol [GO:0005829]	205.45
Polyketide	intracellular membrane-bounded organelle [GO:0043231]	205.45
Polyketide	plasma membrane [GO:0005886]	205.45
Polyketide	apoplast [GO:0048046]	205.45
Polyketide	plasmodesma [GO:0009506]	205.45
Polyketide	plant-type vacuole [GO:0000325]	205.45
Polyketide	cytoplasm [GO:0005737]	394.13
Polyketide	host cell nucleus [GO:0042025]	263.72
Polyketide	viral envelope [GO:0019031]	263.72
Polyketide	host cell plasma membrane [GO:0020002]	263.72
Polyketide	host cell lipid droplet [GO:0044186]	263.72
Polyketide	host cell endoplasmic reticulum membrane [GO:0044167]	263.72
Polyketide	host cell mitochondrial membrane [GO:0044191]	263.72
Polyketide	ribonucleoprotein complex [GO:1990904]	263.72
Polyketide	membrane [GO:0016020]	263.72
Polyketide	viral nucleocapsid [GO:0019013]	263.72
Polyketide	virion membrane [GO:0055036]	263.72
Polyketide	host cell perinuclear region of cytoplasm [GO:0044220]	263.72
Polyketide	nuclear chromosome [GO:0000228]	284.56
Polyketide	histone deacetylase complex [GO:0000118]	284.56
Polyketide	cytoplasm [GO:0005737]	284.56
Polyketide	nucleoplasm [GO:0005654]	284.56
Polyketide	nucleus [GO:0005634]	284.56
Polyketide	intracellular membrane-bounded organelle [GO:0043231]	126.02
Polyketide	endoplasmic reticulum membrane [GO:0005789]	126.02
Polyketide	cytoplasm [GO:0005737]	126.02
Polyketide	cytoplasmic microtubule [GO:0005881]	126.02
Polyketide	cytoplasmic side of endoplasmic reticulum membrane [GO:0098554]	501.03
Polyketide	protein-containing complex [GO:0032991]	501.03
Polyketide	endoplasmic reticulum [GO:0005783]	501.03
Polyketide	sorting endosome [GO:0097443]	501.03
Polyketide	endosome lumen [GO:0031904]	501.03
Polyketide	early endosome [GO:0005769]	501.03
Polyketide	cytosol [GO:0005829]	501.03
Polyketide	mitochondrial crista [GO:0030061]	501.03
Polyketide	mitochondrial matrix [GO:0005759]	501.03
Polyketide	cytoplasm [GO:0005737]	501.03
Polyketide	PML body [GO:0016605]	249.76
Polyketide	Sin3 complex [GO:0016580]	249.76
Polyketide	protein kinase CK2 complex [GO:0005956]	249.76
Polyketide	cytosol [GO:0005829]	249.76
Polyketide	nucleoplasm [GO:0005654]	249.76
Polyketide	plasma membrane [GO:0005886]	249.76
Polyketide	nucleus [GO:0005634]	249.76
Polyketide	nucleus [GO:0005634]	654.76
Polyketide	mitochondrial respiratory chain complex I [GO:0005747]	361.48
Polyketide	mitochondrial inner membrane [GO:0005743]	361.48
Polyketide	intracellular membrane-bounded organelle [GO:0043231]	267.46
Polyketide	nucleoplasm [GO:0005654]	267.46
Polyketide	mitochondrion [GO:0005739]	267.46
Polyketide	chromatin [GO:0000785]	267.46
Polyketide	nucleus [GO:0005634]	267.46
Polyketide	nucleoplasm [GO:0005654]	316.32
Polyketide	chromatin [GO:0000785]	316.32
Polyketide	viral envelope [GO:0019031]	307.07
Polyketide	host cell plasma membrane [GO:0020002]	307.07
Polyketide	host cell endoplasmic reticulum [GO:0044165]	307.07
Polyketide	virion membrane [GO:0055036]	307.07
Polyketide	extracellular region [GO:0005576]	307.07
Polyketide	membrane raft [GO:0045121]	307.07
Polyketide	host cell cytoplasm [GO:0030430]	307.07
Polyketide	intracellular membrane-bounded organelle [GO:0043231]	163.6
Polyketide	nucleoplasm [GO:0005654]	163.6
Polyketide	mitochondrion [GO:0005739]	163.6
Polyketide	chromatin [GO:0000785]	163.6
Polyketide	nucleus [GO:0005634]	163.6
Polyketide	protein-containing complex [GO:0032991]	302.96
Polyketide	cytosol [GO:0005829]	302.96
Polyketide	nucleoplasm [GO:0005654]	302.96
Polyketide	membrane [GO:0016020]	302.96
Polyketide	plasma membrane [GO:0005886]	302.96
Polyketide	euchromatin [GO:0000791]	302.96
Polyketide	chromatin [GO:0000785]	302.96
Polyketide	transcription regulator complex [GO:0005667]	302.96
Polyketide	nucleus [GO:0005634]	302.96
Polyketide	cytoplasm [GO:0005737]	302.96
Polyketide	Golgi apparatus [GO:0005794]	302.96
Polyketide	spindle pole body [GO:0005816]	467.7
Polyketide	perinuclear region of cytoplasm [GO:0048471]	467.7
Polyketide	kinetochore [GO:0000776]	467.7
Polyketide	nucleus [GO:0005634]	467.7
Polyketide	cytoplasm [GO:0005737]	467.7
Polyketide	extracellular space [GO:0005615]	248.73
Polyketide	extracellular region [GO:0005576]	248.73
Polyketide	extracellular exosome [GO:0070062]	248.73
Polyketide	nuclear envelope [GO:0005635]	169.42
Polyketide	perinuclear region of cytoplasm [GO:0048471]	169.42
Polyketide	cytosol [GO:0005829]	169.42
Polyketide	pericentriolar material [GO:0000242]	169.42
Polyketide	Golgi membrane [GO:0000139]	169.42
Polyketide	chromosome, telomeric region [GO:0000781]	169.42
Polyketide	nucleus [GO:0005634]	169.42
Polyketide	cytoplasm [GO:0005737]	169.42
Polyketide	host cell nucleus [GO:0042025]	263.18
Polyketide	host cell cytoplasm [GO:0030430]	263.18
Polyketide	protein-containing complex [GO:0032991]	437.03
Polyketide	endocytic vesicle membrane [GO:0030666]	437.03
Polyketide	cytosol [GO:0005829]	437.03
Polyketide	transcription repressor complex [GO:0017053]	437.03
Polyketide	nucleoplasm [GO:0005654]	437.03
Polyketide	plasma membrane [GO:0005886]	437.03
Polyketide	nucleus [GO:0005634]	437.03
Polyketide	cytoplasm [GO:0005737]	437.03
Polyketide	nucleolus [GO:0005730]	437.03
Polyketide	cell body [GO:0044297]	284.55
Polyketide	actin filament [GO:0005884]	284.55
Polyketide	skeletal muscle myofibril [GO:0098723]	284.55
Polyketide	stress fiber [GO:0001725]	284.55
Polyketide	filamentous actin [GO:0031941]	284.55
Polyketide	actin filament bundle [GO:0032432]	284.55
Polyketide	lamellipodium [GO:0030027]	284.55
Polyketide	striated muscle thin filament [GO:0005865]	284.55
Polyketide	cytoplasm [GO:0005737]	284.55
Polyketide	filopodium [GO:0030175]	284.55
Polyketide	sarcoplasmic reticulum membrane [GO:0033017]	864.88
Polyketide	cytoplasmic side of membrane [GO:0098562]	864.88
Polyketide	cytosol [GO:0005829]	864.88
Polyketide	Z disc [GO:0030018]	864.88
Polyketide	sarcoplasmic reticulum [GO:0016529]	864.88
Polyketide	terminal cisterna [GO:0014802]	864.88
Polyketide	membrane [GO:0016020]	864.88
Polyketide	ryanodine receptor complex [GO:1990425]	864.88
Polyketide	cytoplasm [GO:0005737]	864.88
Polyketide	host cell nucleus [GO:0042025]	443.8
Polyketide	viral envelope [GO:0019031]	443.8
Polyketide	host cell plasma membrane [GO:0020002]	443.8
Polyketide	host cell lipid droplet [GO:0044186]	443.8
Polyketide	host cell endoplasmic reticulum membrane [GO:0044167]	443.8
Polyketide	host cell mitochondrial membrane [GO:0044191]	443.8
Polyketide	ribonucleoprotein complex [GO:1990904]	443.8
Polyketide	membrane [GO:0016020]	443.8
Polyketide	viral nucleocapsid [GO:0019013]	443.8
Polyketide	virion membrane [GO:0055036]	443.8
Polyketide	host cell perinuclear region of cytoplasm [GO:0044220]	443.8
Polyketide	cell body [GO:0044297]	349.54
Polyketide	actin filament [GO:0005884]	349.54
Polyketide	skeletal muscle myofibril [GO:0098723]	349.54
Polyketide	stress fiber [GO:0001725]	349.54
Polyketide	filamentous actin [GO:0031941]	349.54
Polyketide	actin filament bundle [GO:0032432]	349.54
Polyketide	lamellipodium [GO:0030027]	349.54
Polyketide	striated muscle thin filament [GO:0005865]	349.54
Polyketide	cytoplasm [GO:0005737]	349.54
Polyketide	filopodium [GO:0030175]	349.54
Polyketide	transcription repressor complex [GO:0017053]	608.89
Polyketide	nucleoplasm [GO:0005654]	608.89
Polyketide	nucleus [GO:0005634]	608.89
Polyketide	endoplasmic reticulum [GO:0005783]	385.71
Polyketide	ribonucleoprotein complex [GO:1990904]	385.71
Polyketide	cytosol [GO:0005829]	385.71
Polyketide	plasma membrane [GO:0005886]	385.71
Polyketide	ribosome [GO:0005840]	385.71
Polyketide	vesicle [GO:0031982]	179.39
Polyketide	cytoplasm [GO:0005737]	179.39
Polyketide	secretory granule lumen [GO:0034774]	179.39
Polyketide	cytosol [GO:0005829]	179.39
Polyketide	ficolin-1-rich granule lumen [GO:1904813]	179.39
Polyketide	extracellular exosome [GO:0070062]	179.39
Polyketide	nucleoplasm [GO:0005654]	179.39
Polyketide	plasma membrane [GO:0005886]	179.39
Polyketide	extracellular region [GO:0005576]	179.39
Polyketide	extracellular space [GO:0005615]	179.39
Polyketide	cell surface [GO:0009986]	179.39
Polyketide	cytosol [GO:0005829]	263.15
Polyketide	extracellular exosome [GO:0070062]	263.15
Polyketide	histone deacetylase complex [GO:0000118]	121.81
Polyketide	nucleoplasm [GO:0005654]	121.81
Polyketide	nuclear chromosome [GO:0000228]	121.81
Polyketide	nucleus [GO:0005634]	121.81
Polyketide	cytoplasm [GO:0005737]	121.81
Polyketide	skeletal muscle myofibril [GO:0098723]	217.57
Polyketide	extracellular space [GO:0005615]	277.58
Polyketide	azurophil granule lumen [GO:0035578]	277.58
Polyketide	extracellular region [GO:0005576]	277.58
Polyketide	extracellular exosome [GO:0070062]	277.58
Polyketide	cytoplasm [GO:0005737]	199.83
Polyketide	postsynaptic density [GO:0014069]	225.34
Polyketide	glutamatergic synapse [GO:0098978]	225.34
Polyketide	plasma membrane [GO:0005886]	225.34
Polyketide	DAPK1-calmodulin complex [GO:1990722]	225.34
Polyketide	actin cytoskeleton [GO:0015629]	225.34
Polyketide	nucleus [GO:0005634]	225.34
Polyketide	cytoplasm [GO:0005737]	225.34
Polyketide	transcription repressor complex [GO:0017053]	584.77
Polyketide	nucleoplasm [GO:0005654]	584.77
Polyketide	nucleus [GO:0005634]	584.77
Polyketide	periplasmic space [GO:0042597]	772.8
Polyketide	node of Ranvier [GO:0033268]	267.6
Polyketide	synapse [GO:0045202]	267.6
Polyketide	plasma membrane [GO:0005886]	267.6
Polyketide	axon initial segment [GO:0043194]	267.6
Polyketide	voltage-gated potassium channel complex [GO:0008076]	267.6
Polyketide	dendrite [GO:0030425]	597.48
Polyketide	PML body [GO:0016605]	597.48
Polyketide	nuclear envelope [GO:0005635]	597.48
Polyketide	lysosome [GO:0005764]	597.48
Polyketide	endomembrane system [GO:0012505]	597.48
Polyketide	mitochondrial outer membrane [GO:0005741]	597.48
Polyketide	cytosol [GO:0005829]	597.48
Polyketide	Golgi membrane [GO:0000139]	597.48
Polyketide	nucleoplasm [GO:0005654]	597.48
Polyketide	endoplasmic reticulum membrane [GO:0005789]	597.48
Polyketide	membrane [GO:0016020]	597.48
Polyketide	TORC1 complex [GO:0031931]	597.48
Polyketide	nucleus [GO:0005634]	597.48
Polyketide	TORC2 complex [GO:0031932]	597.48
Polyketide	lysosomal membrane [GO:0005765]	597.48
Polyketide	cytoplasm [GO:0005737]	597.48
Polyketide	phagocytic vesicle [GO:0045335]	597.48
Polyketide	protein-containing complex [GO:0032991]	278.16
Polyketide	cytosol [GO:0005829]	278.16
Polyketide	nucleoplasm [GO:0005654]	278.16
Polyketide	membrane [GO:0016020]	278.16
Polyketide	plasma membrane [GO:0005886]	278.16
Polyketide	euchromatin [GO:0000791]	278.16
Polyketide	chromatin [GO:0000785]	278.16
Polyketide	transcription regulator complex [GO:0005667]	278.16
Polyketide	nucleus [GO:0005634]	278.16
Polyketide	cytoplasm [GO:0005737]	278.16
Polyketide	Golgi apparatus [GO:0005794]	278.16
Polyketide	extracellular space [GO:0005615]	192.66
Polyketide	azurophil granule lumen [GO:0035578]	192.66
Polyketide	extracellular region [GO:0005576]	192.66
Polyketide	extracellular exosome [GO:0070062]	192.66
Polyketide	PML body [GO:0016605]	229.3
Polyketide	Sin3 complex [GO:0016580]	229.3
Polyketide	protein kinase CK2 complex [GO:0005956]	229.3
Polyketide	cytosol [GO:0005829]	229.3
Polyketide	nucleoplasm [GO:0005654]	229.3
Polyketide	plasma membrane [GO:0005886]	229.3
Polyketide	nucleus [GO:0005634]	229.3
Polyketide	endoplasmic reticulum lumen [GO:0005788]	337.96
Polyketide	protein-containing complex [GO:0032991]	337.96
Polyketide	endoplasmic reticulum [GO:0005783]	337.96
Polyketide	extracellular exosome [GO:0070062]	337.96
Polyketide	blood microparticle [GO:0072562]	337.96
Polyketide	platelet alpha granule lumen [GO:0031093]	337.96
Polyketide	extracellular region [GO:0005576]	337.96
Polyketide	extracellular space [GO:0005615]	337.96
Polyketide	nucleus [GO:0005634]	337.96
Polyketide	cytoplasm [GO:0005737]	337.96
Polyketide	Golgi apparatus [GO:0005794]	337.96
Polyketide	melanosome [GO:0042470]	273.48
Polyketide	axonal growth cone [GO:0044295]	273.48
Polyketide	cell body [GO:0044297]	273.48
Polyketide	endomembrane system [GO:0012505]	273.48
Polyketide	lamellipodium [GO:0030027]	273.48
Polyketide	growth cone membrane [GO:0032584]	273.48
Polyketide	plasma membrane [GO:0005886]	273.48
Polyketide	axon [GO:0030424]	273.48
Polyketide	cell surface [GO:0009986]	273.48
Polyketide	skeletal muscle myofibril [GO:0098723]	247.97
Polyketide	lysosomal lumen [GO:0043202]	315.16
Polyketide	basolateral plasma membrane [GO:0016323]	315.16
Polyketide	secretory granule lumen [GO:0034774]	315.16
Polyketide	extracellular exosome [GO:0070062]	315.16
Polyketide	nucleoplasm [GO:0005654]	315.16
Polyketide	brush border membrane [GO:0031526]	315.16
Polyketide	cytoplasm [GO:0005737]	315.16
Polyketide	cell surface [GO:0009986]	315.16
Polyketide	neuronal cell body [GO:0043025]	315.16
Polyketide	endocytic vesicle lumen [GO:0071682]	315.16
Polyketide	melanosome [GO:0042470]	315.16
Polyketide	protein-containing complex [GO:0032991]	315.16
Polyketide	axonal growth cone [GO:0044295]	315.16
Polyketide	perinuclear region of cytoplasm [GO:0048471]	315.16
Polyketide	cytosol [GO:0005829]	315.16
Polyketide	sperm mitochondrial sheath [GO:0097226]	315.16
Polyketide	membrane [GO:0016020]	315.16
Polyketide	extracellular region [GO:0005576]	315.16
Polyketide	nucleus [GO:0005634]	315.16
Polyketide	sperm plasma membrane [GO:0097524]	315.16
Polyketide	collagen-containing extracellular matrix [GO:0062023]	315.16
Polyketide	myelin sheath [GO:0043209]	315.16
Polyketide	apical plasma membrane [GO:0016324]	315.16
Polyketide	ficolin-1-rich granule lumen [GO:1904813]	315.16
Polyketide	dendritic growth cone [GO:0044294]	315.16
Polyketide	plasma membrane [GO:0005886]	315.16
Polyketide	mitochondrion [GO:0005739]	315.16
Polyketide	nucleoplasm [GO:0005654]	430.39
Polyketide	nucleus [GO:0005634]	430.39
Polyketide	cytoplasm [GO:0005737]	430.39
Polyketide	nucleolus [GO:0005730]	430.39
Polyketide	protein-DNA complex [GO:0032993]	360.86
Polyketide	extracellular space [GO:0005615]	195.65
Polyketide	azurophil granule lumen [GO:0035578]	195.65
Polyketide	extracellular region [GO:0005576]	195.65
Polyketide	extracellular exosome [GO:0070062]	195.65
Polyketide	periplasmic space [GO:0042597]	193.21
Polyketide	extracellular space [GO:0005615]	213.14
Polyketide	azurophil granule lumen [GO:0035578]	213.14
Polyketide	extracellular region [GO:0005576]	213.14
Polyketide	extracellular exosome [GO:0070062]	213.14
Polyketide	histone deacetylase complex [GO:0000118]	251.61
Polyketide	protein-containing complex [GO:0032991]	247.29
Polyketide	condensed nuclear chromosome [GO:0000794]	247.29
Polyketide	centrosome [GO:0005813]	247.29
Polyketide	kinetochore [GO:0000776]	247.29
Polyketide	cytosol [GO:0005829]	247.29
Polyketide	nucleoplasm [GO:0005654]	247.29
Polyketide	microtubule [GO:0005874]	247.29
Polyketide	nucleus [GO:0005634]	247.29
Polyketide	spindle pole [GO:0000922]	247.29
Polyketide	midbody [GO:0030496]	247.29
Polyketide	cytoplasm [GO:0005737]	247.29
Polyketide	nucleolus [GO:0005730]	247.29
Polyketide	nucleus [GO:0005634]	220.24
Polyketide	cytosol [GO:0005829]	220.24
Polyketide	methionine adenosyltransferase complex [GO:0048269]	220.24
Polyketide	extracellular exosome [GO:0070062]	220.24
Polyketide	plasma membrane [GO:0005886]	132.71
Polyketide	cell division site [GO:0032153]	132.71
Polyketide	cytoplasm [GO:0005737]	132.71
Polyketide	mitochondrion [GO:0005739]	389.65
Polyketide	mitochondrial inner membrane [GO:0005743]	389.65
Polyketide	mitochondrial proton-transporting ATP synthase complex [GO:0005753]	389.65
Polyketide	mitochondrial proton-transporting ATP synthase complex, coupling factor F(o) [GO:0000276]	389.65
Polyketide	heterochromatin [GO:0000792]	213.16
Polyketide	chromosome [GO:0005694]	213.16
Polyketide	paranode region of axon [GO:0033270]	213.16
Polyketide	microtubule [GO:0005874]	213.16
Polyketide	juxtaparanode region of axon [GO:0044224]	213.16
Polyketide	chromatin silencing complex [GO:0005677]	213.16
Polyketide	cytoplasm [GO:0005737]	213.16
Polyketide	nucleolus [GO:0005730]	213.16
Polyketide	centrosome [GO:0005813]	213.16
Polyketide	meiotic spindle [GO:0072687]	213.16
Polyketide	paranodal junction [GO:0033010]	213.16
Polyketide	lateral loop [GO:0043219]	213.16
Polyketide	centriole [GO:0005814]	213.16
Polyketide	growth cone [GO:0030426]	213.16
Polyketide	perikaryon [GO:0043204]	213.16
Polyketide	midbody [GO:0030496]	213.16
Polyketide	perinuclear region of cytoplasm [GO:0048471]	213.16
Polyketide	cytosol [GO:0005829]	213.16
Polyketide	glial cell projection [GO:0097386]	213.16
Polyketide	chromosome, telomeric region [GO:0000781]	213.16
Polyketide	spindle [GO:0005819]	213.16
Polyketide	nucleus [GO:0005634]	213.16
Polyketide	myelin sheath [GO:0043209]	213.16
Polyketide	Schmidt-Lanterman incisure [GO:0043220]	213.16
Polyketide	mitotic spindle [GO:0072686]	213.16
Polyketide	plasma membrane [GO:0005886]	213.16
Polyketide	mitochondrion [GO:0005739]	213.16
Polyketide	membrane [GO:0016020]	220.11
Polyketide	plasma membrane [GO:0005886]	325.88
Polyketide	proton-transporting ATP synthase complex, catalytic core F(1) [GO:0045261]	185.04
Polyketide	mitochondrial proton-transporting ATP synthase complex [GO:0005753]	185.04
Polyketide	vesicle [GO:0031982]	213.61
Polyketide	cytoplasm [GO:0005737]	213.61
Polyketide	secretory granule lumen [GO:0034774]	213.61
Polyketide	cytosol [GO:0005829]	213.61
Polyketide	ficolin-1-rich granule lumen [GO:1904813]	213.61
Polyketide	extracellular exosome [GO:0070062]	213.61
Polyketide	nucleoplasm [GO:0005654]	213.61
Polyketide	plasma membrane [GO:0005886]	213.61
Polyketide	extracellular region [GO:0005576]	213.61
Polyketide	extracellular space [GO:0005615]	213.61
Polyketide	cell surface [GO:0009986]	213.61
Polyketide	nucleoplasm [GO:0005654]	269.62
Polyketide	mitochondrial respiratory chain complex I [GO:0005747]	269.62
Polyketide	extracellular space [GO:0005615]	268.43
Polyketide	extracellular space [GO:0005615]	180.95
Polyketide	azurophil granule lumen [GO:0035578]	180.95
Polyketide	extracellular region [GO:0005576]	180.95
Polyketide	extracellular exosome [GO:0070062]	180.95
Polyketide	nuclear envelope [GO:0005635]	157.49
Polyketide	perinuclear region of cytoplasm [GO:0048471]	157.49
Polyketide	cytosol [GO:0005829]	157.49
Polyketide	pericentriolar material [GO:0000242]	157.49
Polyketide	Golgi membrane [GO:0000139]	157.49
Polyketide	chromosome, telomeric region [GO:0000781]	157.49
Polyketide	nucleus [GO:0005634]	157.49
Polyketide	cytoplasm [GO:0005737]	157.49
Polyketide	plasma membrane [GO:0005886]	366.89
Polyketide	proton-transporting ATP synthase complex, coupling factor F(o) [GO:0045263]	366.89
Polyketide	histone deacetylase complex [GO:0000118]	139.79
Polyketide	nucleoplasm [GO:0005654]	139.79
Polyketide	nuclear chromosome [GO:0000228]	139.79
Polyketide	nucleus [GO:0005634]	139.79
Polyketide	cytoplasm [GO:0005737]	139.79
Polyketide	membrane-bounded organelle [GO:0043227]	171.78
Polyketide	plasma membrane [GO:0005886]	406.82
Polyketide	proton-transporting ATP synthase complex, coupling factor F(o) [GO:0045263]	406.82
Polyketide	calcium channel complex [GO:0034704]	725.43
Polyketide	sarcoplasmic reticulum membrane [GO:0033017]	725.43
Polyketide	cytosol [GO:0005829]	725.43
Polyketide	Z disc [GO:0030018]	725.43
Polyketide	membrane [GO:0016020]	725.43
Polyketide	cytoplasm [GO:0005737]	725.43
Polyketide	cytoplasm [GO:0005737]	305.69
Polyketide	membrane [GO:0016020]	682.19
Polyketide	dendrite [GO:0030425]	610.66
Polyketide	neuron projection [GO:0043005]	610.66
Polyketide	intracellular membrane-bounded organelle [GO:0043231]	610.66
Polyketide	plasma membrane [GO:0005886]	610.66
Polyketide	postsynaptic membrane [GO:0045211]	610.66
Polyketide	synapse [GO:0045202]	610.66
Polyketide	glycine-gated chloride channel complex [GO:0016935]	610.66
Polyketide	perikaryon [GO:0043204]	610.66
Polyketide	membrane [GO:0016020]	655.07
Polyketide	host cell plasma membrane [GO:0020002]	221.66
Polyketide	host cell endosome membrane [GO:0044175]	221.66
Polyketide	host cell cytosol [GO:0044164]	221.66
Polyketide	membrane [GO:0016020]	221.66
Polyketide	extracellular region [GO:0005576]	221.66
Polyketide	plasma membrane [GO:0005886]	508.86
Polyketide	DNA-directed RNA polymerase complex [GO:0000428]	508.86
Polyketide	cytosol [GO:0005829]	508.86
Polyketide	peptidoglycan-based cell wall [GO:0009274]	508.86
Polyketide	protein-containing complex [GO:0032991]	372.12
Polyketide	cytosol [GO:0005829]	372.12
Polyketide	nucleoplasm [GO:0005654]	372.12
Polyketide	membrane [GO:0016020]	372.12
Polyketide	plasma membrane [GO:0005886]	372.12
Polyketide	euchromatin [GO:0000791]	372.12
Polyketide	chromatin [GO:0000785]	372.12
Polyketide	transcription regulator complex [GO:0005667]	372.12
Polyketide	nucleus [GO:0005634]	372.12
Polyketide	cytoplasm [GO:0005737]	372.12
Polyketide	Golgi apparatus [GO:0005794]	372.12
Polyketide	protein-containing complex [GO:0032991]	201.69
Polyketide	cytosol [GO:0005829]	201.69
Polyketide	nucleoplasm [GO:0005654]	201.69
Polyketide	membrane [GO:0016020]	201.69
Polyketide	plasma membrane [GO:0005886]	201.69
Polyketide	euchromatin [GO:0000791]	201.69
Polyketide	chromatin [GO:0000785]	201.69
Polyketide	transcription regulator complex [GO:0005667]	201.69
Polyketide	nucleus [GO:0005634]	201.69
Polyketide	cytoplasm [GO:0005737]	201.69
Polyketide	Golgi apparatus [GO:0005794]	201.69
Polyketide	RSC-type complex [GO:0016586]	157.84
Polyketide	kinetochore [GO:0000776]	157.84
Polyketide	SWI/SNF complex [GO:0016514]	157.84
Polyketide	nucleoplasm [GO:0005654]	157.84
Polyketide	nuclear matrix [GO:0016363]	157.84
Polyketide	chromatin [GO:0000785]	157.84
Polyketide	nuclear chromosome [GO:0000228]	157.84
Polyketide	nucleus [GO:0005634]	157.84
Polyketide	chloride channel complex [GO:0034707]	275.82
Polyketide	postsynaptic membrane [GO:0045211]	275.82
Polyketide	perikaryon [GO:0043204]	275.82
Polyketide	membrane [GO:0016020]	275.82
Polyketide	plasma membrane [GO:0005886]	275.82
Polyketide	dendrite [GO:0030425]	275.82
Polyketide	neuron projection [GO:0043005]	275.82
Polyketide	synapse [GO:0045202]	275.82
Polyketide	endoplasmic reticulum lumen [GO:0005788]	316.26
Polyketide	endoplasmic reticulum [GO:0005783]	316.26
Polyketide	cytosol [GO:0005829]	316.26
Polyketide	lipid droplet [GO:0005811]	316.26
Polyketide	cytoplasm [GO:0005737]	316.26
Polyketide	cell body [GO:0044297]	295.14
Polyketide	actin filament [GO:0005884]	295.14
Polyketide	skeletal muscle myofibril [GO:0098723]	295.14
Polyketide	stress fiber [GO:0001725]	295.14
Polyketide	filamentous actin [GO:0031941]	295.14
Polyketide	actin filament bundle [GO:0032432]	295.14
Polyketide	lamellipodium [GO:0030027]	295.14
Polyketide	striated muscle thin filament [GO:0005865]	295.14
Polyketide	cytoplasm [GO:0005737]	295.14
Polyketide	filopodium [GO:0030175]	295.14
Polyketide	mitochondrial proton-transporting ATP synthase complex [GO:0005753]	517.64
Polyketide	cytosol [GO:0005829]	517.64
Polyketide	mitochondrial proton-transporting ATP synthase complex, coupling factor F(o) [GO:0000276]	517.64
Polyketide	mitochondrion [GO:0005739]	517.64
Polyketide	mitochondrial intermembrane space [GO:0005758]	517.64
Polyketide	mitochondrial inner membrane [GO:0005743]	517.64
Polyketide	chromosome [GO:0005694]	536.63
Polyketide	DNA topoisomerase type II (double strand cut, ATP-hydrolyzing) complex [GO:0009330]	536.63
Polyketide	cytoplasm [GO:0005737]	536.63
Polyketide	cytosol [GO:0005829]	536.63
Polyketide	extracellular space [GO:0005615]	277.55
Polyketide	protein-containing complex [GO:0032991]	277.55
Polyketide	aggresome [GO:0016235]	431.01
Polyketide	cell projection [GO:0042995]	431.01
Polyketide	secretory granule membrane [GO:0030667]	431.01
Polyketide	ficolin-1-rich granule membrane [GO:0101003]	431.01
Polyketide	tertiary granule membrane [GO:0070821]	431.01
Polyketide	extracellular exosome [GO:0070062]	431.01
Polyketide	plasma membrane [GO:0005886]	431.01
Polyketide	membrane [GO:0016020]	431.01
Polyketide	specific granule membrane [GO:0035579]	431.01
Polyketide	perikaryon [GO:0043204]	431.01
Polyketide	melanosome [GO:0042470]	246.77
Polyketide	axonal growth cone [GO:0044295]	246.77
Polyketide	cell body [GO:0044297]	246.77
Polyketide	endomembrane system [GO:0012505]	246.77
Polyketide	lamellipodium [GO:0030027]	246.77
Polyketide	growth cone membrane [GO:0032584]	246.77
Polyketide	plasma membrane [GO:0005886]	246.77
Polyketide	axon [GO:0030424]	246.77
Polyketide	cell surface [GO:0009986]	246.77
Polyketide	secretory granule membrane [GO:0030667]	580.63
Polyketide	clathrin-sculpted monoamine transport vesicle membrane [GO:0070083]	580.63
Polyketide	terminal bouton [GO:0043195]	580.63
Polyketide	synaptic vesicle membrane [GO:0030672]	580.63
Polyketide	presynapse [GO:0098793]	580.63
Polyketide	endoplasmic reticulum membrane [GO:0005789]	580.63
Polyketide	presynaptic active zone cytoplasmic component [GO:0098831]	462.27
Polyketide	glutamatergic synapse [GO:0098978]	462.27
Polyketide	guanylate cyclase complex, soluble [GO:0008074]	462.27
Polyketide	cytosol [GO:0005829]	462.27
Polyketide	histone deacetylase complex [GO:0000118]	256.89
Polyketide	extracellular region [GO:0005576]	252.01
Polyketide	dendrite [GO:0030425]	782.53
Polyketide	chloride channel complex [GO:0034707]	782.53
Polyketide	neuron projection [GO:0043005]	782.53
Polyketide	plasma membrane [GO:0005886]	782.53
Polyketide	membrane [GO:0016020]	782.53
Polyketide	postsynaptic membrane [GO:0045211]	782.53
Polyketide	synapse [GO:0045202]	782.53
Polyketide	perikaryon [GO:0043204]	782.53
Polyketide	cell body [GO:0044297]	285.67
Polyketide	actin filament [GO:0005884]	285.67
Polyketide	skeletal muscle myofibril [GO:0098723]	285.67
Polyketide	stress fiber [GO:0001725]	285.67
Polyketide	filamentous actin [GO:0031941]	285.67
Polyketide	actin filament bundle [GO:0032432]	285.67
Polyketide	lamellipodium [GO:0030027]	285.67
Polyketide	striated muscle thin filament [GO:0005865]	285.67
Polyketide	cytoplasm [GO:0005737]	285.67
Polyketide	filopodium [GO:0030175]	285.67
Polyketide	cytoplasm [GO:0005737]	200.92
Polyketide	extracellular exosome [GO:0070062]	214.92
Polyketide	cytosol [GO:0005829]	214.92
Polyketide	nucleoplasm [GO:0005654]	214.92
Polyketide	protein-containing complex [GO:0032991]	214.92
Polyketide	peroxisomal matrix [GO:0005782]	214.92
Polyketide	apical cortex [GO:0045179]	214.92
Polyketide	nucleus [GO:0005634]	214.92
Polyketide	plasma membrane [GO:0005886]	373.7
Polyketide	proton-transporting ATP synthase complex, coupling factor F(o) [GO:0045263]	373.7
Polyketide	cytosol [GO:0005829]	209.03
Polyketide	nucleoplasm [GO:0005654]	222.03
Polyketide	nucleus [GO:0005634]	222.03
Polyketide	cytoplasm [GO:0005737]	222.03
Polyketide	cytoplasm [GO:0005737]	341.79
Polyketide	cytosol [GO:0005829]	284.66
Polyketide	nucleoplasm [GO:0005654]	284.66
Polyketide	endoplasmic reticulum membrane [GO:0005789]	284.66
Polyketide	receptor complex [GO:0043235]	284.66
Polyketide	chromatin [GO:0000785]	284.66
Polyketide	extracellular region [GO:0005576]	305.06
Polyketide	respirasome [GO:0070469]	275.42
Polyketide	mitochondrial inner membrane [GO:0005743]	275.42
Polyketide	efflux pump complex [GO:1990281]	588.45
Polyketide	outer membrane-bounded periplasmic space [GO:0030288]	588.45
Polyketide	periplasmic side of plasma membrane [GO:0098567]	588.45
Polyketide	plasma membrane [GO:0005886]	588.45
Polyketide	membrane [GO:0016020]	588.45
Polyketide	respirasome [GO:0070469]	315.66
Polyketide	mitochondrial inner membrane [GO:0005743]	315.66
Polyketide	cytoplasmic side of endoplasmic reticulum membrane [GO:0098554]	564.59
Polyketide	protein-containing complex [GO:0032991]	564.59
Polyketide	endoplasmic reticulum [GO:0005783]	564.59
Polyketide	sorting endosome [GO:0097443]	564.59
Polyketide	endosome lumen [GO:0031904]	564.59
Polyketide	early endosome [GO:0005769]	564.59
Polyketide	cytosol [GO:0005829]	564.59
Polyketide	mitochondrial crista [GO:0030061]	564.59
Polyketide	mitochondrial matrix [GO:0005759]	564.59
Polyketide	cytoplasm [GO:0005737]	564.59
Polyketide	intracellular membrane-bounded organelle [GO:0043231]	126.55
Polyketide	endoplasmic reticulum membrane [GO:0005789]	126.55
Polyketide	cytoplasm [GO:0005737]	126.55
Polyketide	cytoplasmic microtubule [GO:0005881]	126.55
Polyketide	nuclear chromosome [GO:0000228]	327.86
Polyketide	histone deacetylase complex [GO:0000118]	327.86
Polyketide	cytoplasm [GO:0005737]	327.86
Polyketide	nucleoplasm [GO:0005654]	327.86
Polyketide	nucleus [GO:0005634]	327.86
Polyketide	plasma membrane [GO:0005886]	343.55
Polyketide	peptidoglycan-based cell wall [GO:0009274]	343.55
Polyketide	cytosol [GO:0005829]	396.69
Polyketide	nucleoplasm [GO:0005654]	396.69
Polyketide	receptor complex [GO:0043235]	396.69
Polyketide	RNA polymerase II transcription regulator complex [GO:0090575]	396.69
Polyketide	chromatin [GO:0000785]	396.69
Polyketide	nucleus [GO:0005634]	396.69
Polyketide	cytosol [GO:0005829]	322.11
Polyketide	extracellular exosome [GO:0070062]	322.11
Polyketide	nucleoplasm [GO:0005654]	322.11
Polyketide	membrane [GO:0016020]	322.11
Polyketide	plasma membrane [GO:0005886]	322.11
Polyketide	external side of plasma membrane [GO:0009897]	322.11
Polyketide	cell surface [GO:0009986]	322.11
Polyketide	host cell nucleus [GO:0042025]	358.86
Polyketide	virion component [GO:0044423]	358.86
Polyketide	protein-containing complex [GO:0032991]	225.1
Polyketide	cytosol [GO:0005829]	225.1
Polyketide	nucleoplasm [GO:0005654]	225.1
Polyketide	membrane [GO:0016020]	225.1
Polyketide	plasma membrane [GO:0005886]	225.1
Polyketide	euchromatin [GO:0000791]	225.1
Polyketide	chromatin [GO:0000785]	225.1
Polyketide	transcription regulator complex [GO:0005667]	225.1
Polyketide	nucleus [GO:0005634]	225.1
Polyketide	cytoplasm [GO:0005737]	225.1
Polyketide	Golgi apparatus [GO:0005794]	225.1
Polyketide	protein-containing complex [GO:0032991]	188.66
Polyketide	cytosol [GO:0005829]	188.66
Polyketide	nucleoplasm [GO:0005654]	188.66
Polyketide	membrane [GO:0016020]	188.66
Polyketide	plasma membrane [GO:0005886]	188.66
Polyketide	euchromatin [GO:0000791]	188.66
Polyketide	chromatin [GO:0000785]	188.66
Polyketide	transcription regulator complex [GO:0005667]	188.66
Polyketide	nucleus [GO:0005634]	188.66
Polyketide	cytoplasm [GO:0005737]	188.66
Polyketide	Golgi apparatus [GO:0005794]	188.66
Polyketide	viral envelope [GO:0019031]	296.1
Polyketide	host cell plasma membrane [GO:0020002]	296.1
Polyketide	host cell endoplasmic reticulum [GO:0044165]	296.1
Polyketide	virion membrane [GO:0055036]	296.1
Polyketide	extracellular region [GO:0005576]	296.1
Polyketide	membrane raft [GO:0045121]	296.1
Polyketide	host cell cytoplasm [GO:0030430]	296.1
Polyketide	membrane [GO:0016020]	127.08
Polyketide	nucleoplasm [GO:0005654]	319.51
Polyketide	chromatin [GO:0000785]	319.51
Polyketide	chromosome [GO:0005694]	423.33
Polyketide	cytoplasm [GO:0005737]	423.33
Polyketide	proton-transporting V-type ATPase complex [GO:0033176]	585.47
Polyketide	vacuolar proton-transporting V-type ATPase, V0 domain [GO:0000220]	585.47
Polyketide	Golgi membrane [GO:0000139]	585.47
Polyketide	membrane [GO:0016020]	585.47
Polyketide	vacuolar proton-transporting V-type ATPase complex [GO:0016471]	585.47
Polyketide	fungal-type vacuole membrane [GO:0000329]	585.47
Polyketide	perinuclear region of cytoplasm [GO:0048471]	202.42
Polyketide	Golgi membrane [GO:0000139]	202.42
Polyketide	endoplasmic reticulum membrane [GO:0005789]	202.42
Polyketide	membrane [GO:0016020]	202.42
Polyketide	extracellular region [GO:0005576]	202.42
Polyketide	Golgi stack [GO:0005795]	202.42
Polyketide	Golgi cisterna membrane [GO:0032580]	202.42
Polyketide	Golgi apparatus [GO:0005794]	202.42
Polyketide	vacuolar proton-transporting V-type ATPase, V0 domain [GO:0000220]	521.49
Polyketide	synaptic vesicle membrane [GO:0030672]	521.49
Polyketide	clathrin-coated vesicle membrane [GO:0030665]	521.49
Polyketide	protein-containing complex [GO:0032991]	460.58
Polyketide	endocytic vesicle membrane [GO:0030666]	460.58
Polyketide	cytosol [GO:0005829]	460.58
Polyketide	transcription repressor complex [GO:0017053]	460.58
Polyketide	nucleoplasm [GO:0005654]	460.58
Polyketide	plasma membrane [GO:0005886]	460.58
Polyketide	nucleus [GO:0005634]	460.58
Polyketide	cytoplasm [GO:0005737]	460.58
Polyketide	nucleolus [GO:0005730]	460.58
Polyketide	proton-transporting V-type ATPase complex [GO:0033176]	750.44
Polyketide	vacuolar proton-transporting V-type ATPase, V0 domain [GO:0000220]	750.44
Polyketide	Golgi membrane [GO:0000139]	750.44
Polyketide	membrane [GO:0016020]	750.44
Polyketide	vacuolar proton-transporting V-type ATPase complex [GO:0016471]	750.44
Polyketide	fungal-type vacuole membrane [GO:0000329]	750.44
Polyketide	plasma membrane [GO:0005886]	484.92
Polyketide	proton-transporting ATP synthase complex, coupling factor F(o) [GO:0045263]	484.92
Polyketide	microtubule [GO:0005874]	402.63
Polyketide	cytoplasm [GO:0005737]	402.63
Polyketide	microtubule cytoskeleton [GO:0015630]	402.63
Polyketide	nucleus [GO:0005634]	639.57
Polyketide	T-tubule [GO:0030315]	375.88
Polyketide	external side of plasma membrane [GO:0009897]	375.88
Polyketide	clathrin-coated pit [GO:0005905]	375.88
Polyketide	membrane [GO:0016020]	375.88
Polyketide	extracellular exosome [GO:0070062]	375.88
Polyketide	cytosol [GO:0005829]	375.88
Polyketide	sarcolemma [GO:0042383]	375.88
Polyketide	vesicle membrane [GO:0012506]	375.88
Polyketide	trans-Golgi network [GO:0005802]	375.88
Polyketide	perinuclear region of cytoplasm [GO:0048471]	375.88
Polyketide	sarcoplasmic reticulum [GO:0016529]	375.88
Polyketide	insulin-responsive compartment [GO:0032593]	375.88
Polyketide	endomembrane system [GO:0012505]	375.88
Polyketide	clathrin-coated vesicle [GO:0030136]	375.88
Polyketide	plasma membrane [GO:0005886]	375.88
Polyketide	membrane raft [GO:0045121]	375.88
Polyketide	presynapse [GO:0098793]	375.88
Polyketide	multivesicular body [GO:0005771]	375.88
Polyketide	cytoplasmic vesicle membrane [GO:0030659]	375.88
Polyketide	trans-Golgi network transport vesicle [GO:0030140]	375.88
Polyketide	nucleoplasm [GO:0005654]	327.87
Polyketide	cytosol [GO:0005829]	327.87
Polyketide	extracellular exosome [GO:0070062]	327.87
Polyketide	plasma membrane [GO:0005886]	698.62
Polyketide	periplasmic side of plasma membrane [GO:0098567]	698.62
Polyketide	membrane [GO:0016020]	698.62
Polyketide	outer membrane-bounded periplasmic space [GO:0030288]	698.62
Polyketide	efflux pump complex [GO:1990281]	698.62
Polyketide	plasma membrane [GO:0005886]	357.24
Polyketide	proton-transporting ATP synthase complex, coupling factor F(o) [GO:0045263]	357.24
Polyketide	membrane [GO:0016020]	621.21
Polyketide	endoplasmic reticulum [GO:0005783]	621.21
Polyketide	endoplasmic reticulum membrane [GO:0005789]	621.21
Polyketide	node of Ranvier [GO:0033268]	313.47
Polyketide	synapse [GO:0045202]	313.47
Polyketide	plasma membrane [GO:0005886]	313.47
Polyketide	axon initial segment [GO:0043194]	313.47
Polyketide	voltage-gated potassium channel complex [GO:0008076]	313.47
Polyketide	sarcoplasmic reticulum membrane [GO:0033017]	787.1
Polyketide	cytoplasmic side of membrane [GO:0098562]	787.1
Polyketide	cytosol [GO:0005829]	787.1
Polyketide	Z disc [GO:0030018]	787.1
Polyketide	sarcoplasmic reticulum [GO:0016529]	787.1
Polyketide	terminal cisterna [GO:0014802]	787.1
Polyketide	membrane [GO:0016020]	787.1
Polyketide	ryanodine receptor complex [GO:1990425]	787.1
Polyketide	cytoplasm [GO:0005737]	787.1
Polyketide	node of Ranvier [GO:0033268]	342.28
Polyketide	synapse [GO:0045202]	342.28
Polyketide	plasma membrane [GO:0005886]	342.28
Polyketide	axon initial segment [GO:0043194]	342.28
Polyketide	voltage-gated potassium channel complex [GO:0008076]	342.28
Polyketide	periplasmic space [GO:0042597]	732.5
Polyketide	periplasmic space [GO:0042597]	682.9
Polyketide	postsynaptic density [GO:0014069]	194.18
Polyketide	glutamatergic synapse [GO:0098978]	194.18
Polyketide	plasma membrane [GO:0005886]	194.18
Polyketide	DAPK1-calmodulin complex [GO:1990722]	194.18
Polyketide	actin cytoskeleton [GO:0015629]	194.18
Polyketide	nucleus [GO:0005634]	194.18
Polyketide	cytoplasm [GO:0005737]	194.18
Polyketide	microtubule [GO:0005874]	366.06
Polyketide	cytoplasm [GO:0005737]	366.06
Polyketide	microtubule cytoskeleton [GO:0015630]	366.06
Polyketide	protein-containing complex [GO:0032991]	272.17
Polyketide	cytosol [GO:0005829]	272.17
Polyketide	nucleoplasm [GO:0005654]	272.17
Polyketide	membrane [GO:0016020]	272.17
Polyketide	plasma membrane [GO:0005886]	272.17
Polyketide	euchromatin [GO:0000791]	272.17
Polyketide	chromatin [GO:0000785]	272.17
Polyketide	transcription regulator complex [GO:0005667]	272.17
Polyketide	nucleus [GO:0005634]	272.17
Polyketide	cytoplasm [GO:0005737]	272.17
Polyketide	Golgi apparatus [GO:0005794]	272.17
Polyketide	lysosomal lumen [GO:0043202]	321.66
Polyketide	basolateral plasma membrane [GO:0016323]	321.66
Polyketide	secretory granule lumen [GO:0034774]	321.66
Polyketide	extracellular exosome [GO:0070062]	321.66
Polyketide	nucleoplasm [GO:0005654]	321.66
Polyketide	brush border membrane [GO:0031526]	321.66
Polyketide	cytoplasm [GO:0005737]	321.66
Polyketide	cell surface [GO:0009986]	321.66
Polyketide	neuronal cell body [GO:0043025]	321.66
Polyketide	endocytic vesicle lumen [GO:0071682]	321.66
Polyketide	melanosome [GO:0042470]	321.66
Polyketide	protein-containing complex [GO:0032991]	321.66
Polyketide	axonal growth cone [GO:0044295]	321.66
Polyketide	perinuclear region of cytoplasm [GO:0048471]	321.66
Polyketide	cytosol [GO:0005829]	321.66
Polyketide	sperm mitochondrial sheath [GO:0097226]	321.66
Polyketide	membrane [GO:0016020]	321.66
Polyketide	extracellular region [GO:0005576]	321.66
Polyketide	nucleus [GO:0005634]	321.66
Polyketide	sperm plasma membrane [GO:0097524]	321.66
Polyketide	collagen-containing extracellular matrix [GO:0062023]	321.66
Polyketide	myelin sheath [GO:0043209]	321.66
Polyketide	apical plasma membrane [GO:0016324]	321.66
Polyketide	ficolin-1-rich granule lumen [GO:1904813]	321.66
Polyketide	dendritic growth cone [GO:0044294]	321.66
Polyketide	plasma membrane [GO:0005886]	321.66
Polyketide	mitochondrion [GO:0005739]	321.66
Polyketide	extracellular space [GO:0005615]	269.49
Polyketide	azurophil granule lumen [GO:0035578]	269.49
Polyketide	extracellular region [GO:0005576]	269.49
Polyketide	extracellular exosome [GO:0070062]	269.49
Polyketide	melanosome [GO:0042470]	249.95
Polyketide	axonal growth cone [GO:0044295]	249.95
Polyketide	cell body [GO:0044297]	249.95
Polyketide	endomembrane system [GO:0012505]	249.95
Polyketide	lamellipodium [GO:0030027]	249.95
Polyketide	growth cone membrane [GO:0032584]	249.95
Polyketide	plasma membrane [GO:0005886]	249.95
Polyketide	axon [GO:0030424]	249.95
Polyketide	cell surface [GO:0009986]	249.95
Polyketide	PML body [GO:0016605]	236.27
Polyketide	Sin3 complex [GO:0016580]	236.27
Polyketide	protein kinase CK2 complex [GO:0005956]	236.27
Polyketide	cytosol [GO:0005829]	236.27
Polyketide	nucleoplasm [GO:0005654]	236.27
Polyketide	plasma membrane [GO:0005886]	236.27
Polyketide	nucleus [GO:0005634]	236.27
Polyketide	endoplasmic reticulum lumen [GO:0005788]	344.97
Polyketide	protein-containing complex [GO:0032991]	344.97
Polyketide	endoplasmic reticulum [GO:0005783]	344.97
Polyketide	extracellular exosome [GO:0070062]	344.97
Polyketide	blood microparticle [GO:0072562]	344.97
Polyketide	platelet alpha granule lumen [GO:0031093]	344.97
Polyketide	extracellular region [GO:0005576]	344.97
Polyketide	extracellular space [GO:0005615]	344.97
Polyketide	nucleus [GO:0005634]	344.97
Polyketide	cytoplasm [GO:0005737]	344.97
Polyketide	Golgi apparatus [GO:0005794]	344.97
Polyketide	cytosol [GO:0005829]	704.24
Polyketide	extracellular exosome [GO:0070062]	704.24
Polyketide	nucleoplasm [GO:0005654]	704.24
Polyketide	membrane [GO:0016020]	704.24
Polyketide	cytoplasm [GO:0005737]	704.24
Polyketide	periplasmic space [GO:0042597]	210.87
Polyketide	protein-containing complex [GO:0032991]	464.8
Polyketide	endocytic vesicle membrane [GO:0030666]	464.8
Polyketide	cytosol [GO:0005829]	464.8
Polyketide	transcription repressor complex [GO:0017053]	464.8
Polyketide	nucleoplasm [GO:0005654]	464.8
Polyketide	plasma membrane [GO:0005886]	464.8
Polyketide	nucleus [GO:0005634]	464.8
Polyketide	cytoplasm [GO:0005737]	464.8
Polyketide	nucleolus [GO:0005730]	464.8
Polyketide	cytoplasm [GO:0005737]	220.62
Polyketide	RISC complex [GO:0016442]	220.62
Polyketide	cytosol [GO:0005829]	220.62
Polyketide	P-body [GO:0000932]	220.62
Polyketide	nucleoplasm [GO:0005654]	220.62
Polyketide	cytoplasmic ribonucleoprotein granule [GO:0036464]	220.62
Polyketide	cell junction [GO:0030054]	220.62
Polyketide	melanosome [GO:0042470]	271.15
Polyketide	perinuclear region of cytoplasm [GO:0048471]	271.15
Polyketide	sarcoplasmic reticulum lumen [GO:0033018]	271.15
Polyketide	endoplasmic reticulum [GO:0005783]	271.15
Polyketide	protein-containing complex [GO:0032991]	223.88
Polyketide	cytosol [GO:0005829]	223.88
Polyketide	nucleoplasm [GO:0005654]	223.88
Polyketide	membrane [GO:0016020]	223.88
Polyketide	plasma membrane [GO:0005886]	223.88
Polyketide	euchromatin [GO:0000791]	223.88
Polyketide	chromatin [GO:0000785]	223.88
Polyketide	transcription regulator complex [GO:0005667]	223.88
Polyketide	nucleus [GO:0005634]	223.88
Polyketide	cytoplasm [GO:0005737]	223.88
Polyketide	Golgi apparatus [GO:0005794]	223.88
Polyketide	cell body [GO:0044297]	344.41
Polyketide	actin filament [GO:0005884]	344.41
Polyketide	skeletal muscle myofibril [GO:0098723]	344.41
Polyketide	stress fiber [GO:0001725]	344.41
Polyketide	filamentous actin [GO:0031941]	344.41
Polyketide	actin filament bundle [GO:0032432]	344.41
Polyketide	lamellipodium [GO:0030027]	344.41
Polyketide	striated muscle thin filament [GO:0005865]	344.41
Polyketide	cytoplasm [GO:0005737]	344.41
Polyketide	filopodium [GO:0030175]	344.41
Polyketide	cytosol [GO:0005829]	174.37
Polyketide	mitochondrion [GO:0005739]	174.37
Polyketide	mitochondrial intermembrane space [GO:0005758]	174.37
Polyketide	mitochondrial matrix [GO:0005759]	174.37
Polyketide	nucleus [GO:0005634]	174.37
Polyketide	extracellular region [GO:0005576]	129.36
Polyketide	nuclear envelope [GO:0005635]	176.59
Polyketide	perinuclear region of cytoplasm [GO:0048471]	176.59
Polyketide	cytosol [GO:0005829]	176.59
Polyketide	pericentriolar material [GO:0000242]	176.59
Polyketide	Golgi membrane [GO:0000139]	176.59
Polyketide	chromosome, telomeric region [GO:0000781]	176.59
Polyketide	nucleus [GO:0005634]	176.59
Polyketide	cytoplasm [GO:0005737]	176.59
Polyketide	nucleoplasm [GO:0005654]	468.62
Polyketide	receptor complex [GO:0043235]	468.62
Polyketide	euchromatin [GO:0000791]	468.62
Polyketide	chromatin [GO:0000785]	468.62
Polyketide	periplasmic space [GO:0042597]	142.3
Polyketide	myelin sheath [GO:0043209]	275.89
Polyketide	cytosol [GO:0005829]	275.89
Polyketide	apical part of cell [GO:0045177]	275.89
Polyketide	extracellular exosome [GO:0070062]	275.89
Polyketide	plasma membrane [GO:0005886]	275.89
Polyketide	cytoplasm [GO:0005737]	275.89
Polyketide	vesicle [GO:0031982]	369.47
Polyketide	cytoplasm [GO:0005737]	369.47
Polyketide	secretory granule lumen [GO:0034774]	369.47
Polyketide	cytosol [GO:0005829]	369.47
Polyketide	ficolin-1-rich granule lumen [GO:1904813]	369.47
Polyketide	extracellular exosome [GO:0070062]	369.47
Polyketide	nucleoplasm [GO:0005654]	369.47
Polyketide	plasma membrane [GO:0005886]	369.47
Polyketide	extracellular region [GO:0005576]	369.47
Polyketide	extracellular space [GO:0005615]	369.47
Polyketide	cell surface [GO:0009986]	369.47
Polyketide	endoplasmic reticulum [GO:0005783]	334.32
Polyketide	ribonucleoprotein complex [GO:1990904]	334.32
Polyketide	cytosol [GO:0005829]	334.32
Polyketide	plasma membrane [GO:0005886]	334.32
Polyketide	ribosome [GO:0005840]	334.32
Polyketide	intracellular membrane-bounded organelle [GO:0043231]	249.36
Polyketide	nucleoplasm [GO:0005654]	249.36
Polyketide	mitochondrion [GO:0005739]	249.36
Polyketide	chromatin [GO:0000785]	249.36
Polyketide	nucleus [GO:0005634]	249.36
Polyketide	host cell endoplasmic reticulum-Golgi intermediate compartment [GO:0044172]	223.98
Polyketide	double membrane vesicle viral factory outer membrane [GO:0062243]	223.98
Polyketide	host cell perinuclear region of cytoplasm [GO:0044220]	223.98
Polyketide	host cell endosome [GO:0044174]	223.98
Polyketide	host cell nucleus [GO:0042025]	223.98
Polyketide	membrane [GO:0016020]	223.98
Polyketide	host cell endoplasmic reticulum membrane [GO:0044167]	223.98
Polyketide	host cell Golgi apparatus [GO:0044177]	223.98
Polyketide	extracellular space [GO:0005615]	166.18
Polyketide	azurophil granule lumen [GO:0035578]	166.18
Polyketide	extracellular region [GO:0005576]	166.18
Polyketide	extracellular exosome [GO:0070062]	166.18
Polyketide	plasma membrane [GO:0005886]	185.55
Polyketide	calcium channel complex [GO:0034704]	185.55
Polyketide	cytosol [GO:0005829]	239.59
Polyketide	nucleoplasm [GO:0005654]	239.59
Polyketide	plasma membrane [GO:0005886]	239.59
Polyketide	nucleus [GO:0005634]	239.59
Polyketide	cytoplasm [GO:0005737]	239.59
Polyketide	nucleolus [GO:0005730]	239.59
Polyketide	mitochondrial proton-transporting ATP synthase complex, catalytic sector F(1) [GO:0000275]	203.86
Polyketide	mitochondrial proton-transporting ATP synthase complex [GO:0005753]	203.86
Polyketide	focal adhesion [GO:0005925]	179.74
Polyketide	cytosol [GO:0005829]	179.74
Polyketide	extracellular exosome [GO:0070062]	179.74
Polyketide	glutamatergic synapse [GO:0098978]	179.74
Polyketide	membrane [GO:0016020]	179.74
Polyketide	blood microparticle [GO:0072562]	179.74
Polyketide	cell cortex [GO:0005938]	179.74
Polyketide	cytoskeleton [GO:0005856]	179.74
Polyketide	nucleus [GO:0005634]	179.74
Polyketide	cytoplasm [GO:0005737]	179.74
Polyketide	vesicle [GO:0031982]	298.05
Polyketide	cytoplasm [GO:0005737]	298.05
Polyketide	secretory granule lumen [GO:0034774]	298.05
Polyketide	cytosol [GO:0005829]	298.05
Polyketide	ficolin-1-rich granule lumen [GO:1904813]	298.05
Polyketide	extracellular exosome [GO:0070062]	298.05
Polyketide	nucleoplasm [GO:0005654]	298.05
Polyketide	plasma membrane [GO:0005886]	298.05
Polyketide	extracellular region [GO:0005576]	298.05
Polyketide	extracellular space [GO:0005615]	298.05
Polyketide	cell surface [GO:0009986]	298.05
Polyketide	histone deacetylase complex [GO:0000118]	245.79
Polyketide	membrane [GO:0016020]	228.17
Polyketide	juxtaparanode region of axon [GO:0044224]	183.55
Polyketide	perikaryon [GO:0043204]	183.55
Polyketide	paranodal junction [GO:0033010]	183.55
Polyketide	cytosol [GO:0005829]	183.55
Polyketide	cytoplasm [GO:0005737]	183.55
Polyketide	chromosome [GO:0005694]	183.55
Polyketide	heterochromatin [GO:0000792]	183.55
Polyketide	perinuclear region of cytoplasm [GO:0048471]	183.55
Polyketide	spindle [GO:0005819]	183.55
Polyketide	chromosome, telomeric region [GO:0000781]	183.55
Polyketide	microtubule [GO:0005874]	183.55
Polyketide	mitochondrion [GO:0005739]	183.55
Polyketide	midbody [GO:0030496]	183.55
Polyketide	nucleolus [GO:0005730]	183.55
Polyketide	myelin sheath [GO:0043209]	183.55
Polyketide	paranode region of axon [GO:0033270]	183.55
Polyketide	centrosome [GO:0005813]	183.55
Polyketide	centriole [GO:0005814]	183.55
Polyketide	plasma membrane [GO:0005886]	183.55
Polyketide	glial cell projection [GO:0097386]	183.55
Polyketide	mitotic spindle [GO:0072686]	183.55
Polyketide	growth cone [GO:0030426]	183.55
Polyketide	chromatin silencing complex [GO:0005677]	183.55
Polyketide	Schmidt-Lanterman incisure [GO:0043220]	183.55
Polyketide	lateral loop [GO:0043219]	183.55
Polyketide	meiotic spindle [GO:0072687]	183.55
Polyketide	nucleus [GO:0005634]	183.55
Polyketide	mitochondrion [GO:0005739]	488.43
Polyketide	mitochondrial inner membrane [GO:0005743]	488.43
Polyketide	mitochondrial proton-transporting ATP synthase complex [GO:0005753]	488.43
Polyketide	mitochondrial proton-transporting ATP synthase complex, coupling factor F(o) [GO:0000276]	488.43
Polyketide	sarcoplasmic reticulum membrane [GO:0033017]	276.94
Polyketide	postsynaptic density [GO:0014069]	276.94
Polyketide	Z disc [GO:0030018]	276.94
Polyketide	T-tubule [GO:0030315]	276.94
Polyketide	secretory granule [GO:0030141]	276.94
Polyketide	sarcolemma [GO:0042383]	276.94
Polyketide	cytoplasm [GO:0005737]	276.94
Polyketide	calyx of Held [GO:0044305]	276.94
Polyketide	azurophil granule [GO:0042582]	276.94
Polyketide	nuclear membrane [GO:0031965]	276.94
Polyketide	membrane raft [GO:0045121]	276.94
Polyketide	postsynaptic specialization, intracellular component [GO:0099091]	276.94
Polyketide	postsynaptic density, intracellular component [GO:0099092]	276.94
Polyketide	dendrite [GO:0030425]	276.94
Polyketide	protein-containing complex [GO:0032991]	276.94
Polyketide	perinuclear region of cytoplasm [GO:0048471]	276.94
Polyketide	cytosol [GO:0005829]	276.94
Polyketide	sarcoplasmic reticulum [GO:0016529]	276.94
Polyketide	glutamatergic synapse [GO:0098978]	276.94
Polyketide	dendritic spine [GO:0043197]	276.94
Polyketide	cell periphery [GO:0071944]	276.94
Polyketide	nucleus [GO:0005634]	276.94
Polyketide	mitochondrial outer membrane [GO:0005741]	276.94
Polyketide	plasma membrane [GO:0005886]	276.94
Polyketide	synapse [GO:0045202]	276.94
Polyketide	mitochondrion [GO:0005739]	276.94
Polyketide	photoreceptor inner segment [GO:0001917]	276.94
Polyketide	cytoskeleton [GO:0005856]	276.94
Polyketide	membrane [GO:0016020]	553.42
Polyketide	dendrite [GO:0030425]	657.15
Polyketide	neuron projection [GO:0043005]	657.15
Polyketide	intracellular membrane-bounded organelle [GO:0043231]	657.15
Polyketide	plasma membrane [GO:0005886]	657.15
Polyketide	postsynaptic membrane [GO:0045211]	657.15
Polyketide	synapse [GO:0045202]	657.15
Polyketide	glycine-gated chloride channel complex [GO:0016935]	657.15
Polyketide	perikaryon [GO:0043204]	657.15
Polyketide	membrane [GO:0016020]	574.48
Polyketide	RSC-type complex [GO:0016586]	183.69
Polyketide	kinetochore [GO:0000776]	183.69
Polyketide	SWI/SNF complex [GO:0016514]	183.69
Polyketide	nucleoplasm [GO:0005654]	183.69
Polyketide	nuclear matrix [GO:0016363]	183.69
Polyketide	chromatin [GO:0000785]	183.69
Polyketide	nuclear chromosome [GO:0000228]	183.69
Polyketide	nucleus [GO:0005634]	183.69
Polyketide	basolateral plasma membrane [GO:0016323]	363.74
Polyketide	plasma membrane [GO:0005886]	363.74
Polyketide	membrane [GO:0016020]	363.74
Polyketide	apical plasma membrane [GO:0016324]	363.74
Polyketide	plasma membrane [GO:0005886]	438.73
Polyketide	proton-transporting ATP synthase complex, coupling factor F(o) [GO:0045263]	438.73
Polyketide	protein-containing complex [GO:0032991]	454.86
Polyketide	endocytic vesicle membrane [GO:0030666]	454.86
Polyketide	cytosol [GO:0005829]	454.86
Polyketide	transcription repressor complex [GO:0017053]	454.86
Polyketide	nucleoplasm [GO:0005654]	454.86
Polyketide	plasma membrane [GO:0005886]	454.86
Polyketide	nucleus [GO:0005634]	454.86
Polyketide	cytoplasm [GO:0005737]	454.86
Polyketide	nucleolus [GO:0005730]	454.86
Polyketide	respirasome [GO:0070469]	348.3
Polyketide	mitochondrion [GO:0005739]	348.3
Polyketide	mitochondrial inner membrane [GO:0005743]	348.3
Polyketide	plasma membrane [GO:0005886]	456.58
Polyketide	proton-transporting ATP synthase complex, coupling factor F(o) [GO:0045263]	456.58
Polyketide	nuclear envelope [GO:0005635]	173.41
Polyketide	perinuclear region of cytoplasm [GO:0048471]	173.41
Polyketide	cytosol [GO:0005829]	173.41
Polyketide	pericentriolar material [GO:0000242]	173.41
Polyketide	Golgi membrane [GO:0000139]	173.41
Polyketide	chromosome, telomeric region [GO:0000781]	173.41
Polyketide	nucleus [GO:0005634]	173.41
Polyketide	cytoplasm [GO:0005737]	173.41
Polyketide	periplasmic space [GO:0042597]	198.01
Polyketide	extracellular space [GO:0005615]	192.97
Polyketide	azurophil granule lumen [GO:0035578]	192.97
Polyketide	extracellular region [GO:0005576]	192.97
Polyketide	extracellular exosome [GO:0070062]	192.97
Polyketide	protein-DNA complex [GO:0032993]	430.68
Polyketide	extracellular space [GO:0005615]	232.44
Polyketide	azurophil granule lumen [GO:0035578]	232.44
Polyketide	extracellular region [GO:0005576]	232.44
Polyketide	extracellular exosome [GO:0070062]	232.44
Polyketide	nucleus [GO:0005634]	181.42
Polyketide	cytosol [GO:0005829]	181.42
Polyketide	methionine adenosyltransferase complex [GO:0048269]	181.42
Polyketide	extracellular exosome [GO:0070062]	181.42
Polyketide	skeletal muscle myofibril [GO:0098723]	203.69
Polyketide	histone deacetylase complex [GO:0000118]	266.81
Polyketide	protein-containing complex [GO:0032991]	266.29
Polyketide	condensed nuclear chromosome [GO:0000794]	266.29
Polyketide	centrosome [GO:0005813]	266.29
Polyketide	kinetochore [GO:0000776]	266.29
Polyketide	cytosol [GO:0005829]	266.29
Polyketide	nucleoplasm [GO:0005654]	266.29
Polyketide	microtubule [GO:0005874]	266.29
Polyketide	nucleus [GO:0005634]	266.29
Polyketide	spindle pole [GO:0000922]	266.29
Polyketide	midbody [GO:0030496]	266.29
Polyketide	cytoplasm [GO:0005737]	266.29
Polyketide	nucleolus [GO:0005730]	266.29
Polyketide	dendrite [GO:0030425]	447.1
Polyketide	protein-containing complex [GO:0032991]	447.1
Polyketide	perinuclear region of cytoplasm [GO:0048471]	447.1
Polyketide	cytosol [GO:0005829]	447.1
Polyketide	nucleoplasm [GO:0005654]	447.1
Polyketide	plasma membrane [GO:0005886]	447.1
Polyketide	actin cytoskeleton [GO:0015629]	447.1
Polyketide	RNA polymerase II transcription regulator complex [GO:0090575]	447.1
Polyketide	chromatin [GO:0000785]	447.1
Polyketide	transcription regulator complex [GO:0005667]	447.1
Polyketide	nucleus [GO:0005634]	447.1
Polyketide	cytoplasm [GO:0005737]	447.1
Polyketide	nucleolus [GO:0005730]	447.1
Polyketide	cytoplasmic side of endoplasmic reticulum membrane [GO:0098554]	342.45
Polyketide	protein-containing complex [GO:0032991]	342.45
Polyketide	endoplasmic reticulum [GO:0005783]	342.45
Polyketide	sorting endosome [GO:0097443]	342.45
Polyketide	endosome lumen [GO:0031904]	342.45
Polyketide	early endosome [GO:0005769]	342.45
Polyketide	cytosol [GO:0005829]	342.45
Polyketide	mitochondrial crista [GO:0030061]	342.45
Polyketide	mitochondrial matrix [GO:0005759]	342.45
Polyketide	cytoplasm [GO:0005737]	342.45
Polyketide	cell body [GO:0044297]	372.25
Polyketide	actin filament [GO:0005884]	372.25
Polyketide	skeletal muscle myofibril [GO:0098723]	372.25
Polyketide	stress fiber [GO:0001725]	372.25
Polyketide	filamentous actin [GO:0031941]	372.25
Polyketide	actin filament bundle [GO:0032432]	372.25
Polyketide	lamellipodium [GO:0030027]	372.25
Polyketide	striated muscle thin filament [GO:0005865]	372.25
Polyketide	cytoplasm [GO:0005737]	372.25
Polyketide	filopodium [GO:0030175]	372.25
Polyketide	plasma membrane [GO:0005886]	351.28
Polyketide	proton-transporting ATP synthase complex, coupling factor F(o) [GO:0045263]	351.28
Polyketide	extracellular exosome [GO:0070062]	281.51
Polyketide	cytosol [GO:0005829]	281.51
Polyketide	nucleoplasm [GO:0005654]	281.51
Polyketide	protein-containing complex [GO:0032991]	281.51
Polyketide	peroxisomal matrix [GO:0005782]	281.51
Polyketide	apical cortex [GO:0045179]	281.51
Polyketide	nucleus [GO:0005634]	281.51
Polyketide	cytoplasm [GO:0005737]	202.24
Polyketide	cytosol [GO:0005829]	202.24
Polyketide	dendrite [GO:0030425]	638.5
Polyketide	chloride channel complex [GO:0034707]	638.5
Polyketide	neuron projection [GO:0043005]	638.5
Polyketide	plasma membrane [GO:0005886]	638.5
Polyketide	membrane [GO:0016020]	638.5
Polyketide	postsynaptic membrane [GO:0045211]	638.5
Polyketide	synapse [GO:0045202]	638.5
Polyketide	perikaryon [GO:0043204]	638.5
Polyketide	protein-DNA complex [GO:0032993]	241.62
Polyketide	extracellular region [GO:0005576]	245.09
Polyketide	focal adhesion [GO:0005925]	212.12
Polyketide	tertiary granule membrane [GO:0070821]	212.12
Polyketide	extracellular exosome [GO:0070062]	212.12
Polyketide	plasma membrane [GO:0005886]	212.12
Polyketide	protein complex involved in cell-matrix adhesion [GO:0098637]	212.12
Polyketide	serine protease inhibitor complex [GO:0097180]	212.12
Polyketide	extracellular region [GO:0005576]	212.12
Polyketide	specific granule membrane [GO:0035579]	212.12
Polyketide	extracellular space [GO:0005615]	212.12
Polyketide	external side of plasma membrane [GO:0009897]	212.12
Polyketide	cell surface [GO:0009986]	212.12
Polyketide	serine-type endopeptidase complex [GO:1905370]	212.12
Polyketide	chromosome [GO:0005694]	360.65
Polyketide	condensed nuclear chromosome [GO:0000794]	360.65
Polyketide	nucleus [GO:0005634]	360.65
Polyketide	nucleoplasm [GO:0005654]	360.65
Polyketide	microtubule [GO:0005874]	425.28
Polyketide	cytoplasm [GO:0005737]	425.28
Polyketide	cytosol [GO:0005829]	280.97
Polyketide	nucleoplasm [GO:0005654]	280.97
Polyketide	endoplasmic reticulum membrane [GO:0005789]	280.97
Polyketide	receptor complex [GO:0043235]	280.97
Polyketide	chromatin [GO:0000785]	280.97
Polyketide	cytoplasm [GO:0005737]	351.0
Polyketide	chloride channel complex [GO:0034707]	261.06
Polyketide	postsynaptic membrane [GO:0045211]	261.06
Polyketide	perikaryon [GO:0043204]	261.06
Polyketide	membrane [GO:0016020]	261.06
Polyketide	plasma membrane [GO:0005886]	261.06
Polyketide	dendrite [GO:0030425]	261.06
Polyketide	neuron projection [GO:0043005]	261.06
Polyketide	synapse [GO:0045202]	261.06
Polyketide	endoplasmic reticulum lumen [GO:0005788]	369.58
Polyketide	endoplasmic reticulum [GO:0005783]	369.58
Polyketide	cytosol [GO:0005829]	369.58
Polyketide	lipid droplet [GO:0005811]	369.58
Polyketide	cytoplasm [GO:0005737]	369.58
Polyketide	RSC-type complex [GO:0016586]	187.04
Polyketide	kinetochore [GO:0000776]	187.04
Polyketide	SWI/SNF complex [GO:0016514]	187.04
Polyketide	nucleoplasm [GO:0005654]	187.04
Polyketide	nuclear matrix [GO:0016363]	187.04
Polyketide	chromatin [GO:0000785]	187.04
Polyketide	nuclear chromosome [GO:0000228]	187.04
Polyketide	nucleus [GO:0005634]	187.04
Polyketide	PML body [GO:0016605]	261.59
Polyketide	Sin3 complex [GO:0016580]	261.59
Polyketide	protein kinase CK2 complex [GO:0005956]	261.59
Polyketide	cytosol [GO:0005829]	261.59
Polyketide	nucleoplasm [GO:0005654]	261.59
Polyketide	plasma membrane [GO:0005886]	261.59
Polyketide	nucleus [GO:0005634]	261.59
Polyketide	protein-containing complex [GO:0032991]	350.41
Polyketide	cytosol [GO:0005829]	350.41
Polyketide	nucleoplasm [GO:0005654]	350.41
Polyketide	membrane [GO:0016020]	350.41
Polyketide	plasma membrane [GO:0005886]	350.41
Polyketide	euchromatin [GO:0000791]	350.41
Polyketide	chromatin [GO:0000785]	350.41
Polyketide	transcription regulator complex [GO:0005667]	350.41
Polyketide	nucleus [GO:0005634]	350.41
Polyketide	cytoplasm [GO:0005737]	350.41
Polyketide	Golgi apparatus [GO:0005794]	350.41
Polyketide	extracellular region [GO:0005576]	602.31
Polyketide	plasma membrane [GO:0005886]	584.32
Polyketide	DNA-directed RNA polymerase complex [GO:0000428]	584.32
Polyketide	cytosol [GO:0005829]	584.32
Polyketide	peptidoglycan-based cell wall [GO:0009274]	584.32
Polyketide	secretory granule membrane [GO:0030667]	689.38
Polyketide	clathrin-sculpted monoamine transport vesicle membrane [GO:0070083]	689.38
Polyketide	terminal bouton [GO:0043195]	689.38
Polyketide	synaptic vesicle membrane [GO:0030672]	689.38
Polyketide	presynapse [GO:0098793]	689.38
Polyketide	endoplasmic reticulum membrane [GO:0005789]	689.38
Polyketide	melanosome [GO:0042470]	195.46
Polyketide	axonal growth cone [GO:0044295]	195.46
Polyketide	cell body [GO:0044297]	195.46
Polyketide	endomembrane system [GO:0012505]	195.46
Polyketide	lamellipodium [GO:0030027]	195.46
Polyketide	growth cone membrane [GO:0032584]	195.46
Polyketide	plasma membrane [GO:0005886]	195.46
Polyketide	axon [GO:0030424]	195.46
Polyketide	cell surface [GO:0009986]	195.46
Polyketide	aggresome [GO:0016235]	374.78
Polyketide	cell projection [GO:0042995]	374.78
Polyketide	secretory granule membrane [GO:0030667]	374.78
Polyketide	ficolin-1-rich granule membrane [GO:0101003]	374.78
Polyketide	tertiary granule membrane [GO:0070821]	374.78
Polyketide	extracellular exosome [GO:0070062]	374.78
Polyketide	plasma membrane [GO:0005886]	374.78
Polyketide	membrane [GO:0016020]	374.78
Polyketide	specific granule membrane [GO:0035579]	374.78
Polyketide	perikaryon [GO:0043204]	374.78
Polyketide	extracellular space [GO:0005615]	281.52
Polyketide	protein-containing complex [GO:0032991]	281.52
Polyketide	cell body [GO:0044297]	277.69
Polyketide	actin filament [GO:0005884]	277.69
Polyketide	skeletal muscle myofibril [GO:0098723]	277.69
Polyketide	stress fiber [GO:0001725]	277.69
Polyketide	filamentous actin [GO:0031941]	277.69
Polyketide	actin filament bundle [GO:0032432]	277.69
Polyketide	lamellipodium [GO:0030027]	277.69
Polyketide	striated muscle thin filament [GO:0005865]	277.69
Polyketide	cytoplasm [GO:0005737]	277.69
Polyketide	filopodium [GO:0030175]	277.69
Polyketide	mitochondrial proton-transporting ATP synthase complex [GO:0005753]	619.75
Polyketide	cytosol [GO:0005829]	619.75
Polyketide	mitochondrial proton-transporting ATP synthase complex, coupling factor F(o) [GO:0000276]	619.75
Polyketide	mitochondrion [GO:0005739]	619.75
Polyketide	mitochondrial intermembrane space [GO:0005758]	619.75
Polyketide	mitochondrial inner membrane [GO:0005743]	619.75
Polyketide	cytosol [GO:0005829]	201.37
Polyketide	plasma membrane [GO:0005886]	201.37
Polyketide	cytoplasm [GO:0005737]	201.37
Polyketide	nucleoplasm [GO:0005654]	201.37
Polyketide	site of double-strand break [GO:0035861]	201.37
Polyketide	nuclear body [GO:0016604]	201.37
Polyketide	nucleus [GO:0005634]	201.37
Polyketide	astral microtubule [GO:0000235]	434.3
Polyketide	cytosol [GO:0005829]	434.3
Polyketide	microtubule [GO:0005874]	434.3
Polyketide	cytoplasmic microtubule [GO:0005881]	434.3
Polyketide	spindle microtubule [GO:0005876]	434.3
Polyketide	nucleus [GO:0005634]	434.3
Polyketide	cytoplasm [GO:0005737]	434.3
Polyketide	periplasmic space [GO:0042597]	770.07
Polyketide	protein-DNA complex [GO:0032993]	387.89
Polyketide	plasma membrane [GO:0005886]	285.97
Polyketide	node of Ranvier [GO:0033268]	379.16
Polyketide	synapse [GO:0045202]	379.16
Polyketide	plasma membrane [GO:0005886]	379.16
Polyketide	axon initial segment [GO:0043194]	379.16
Polyketide	voltage-gated potassium channel complex [GO:0008076]	379.16
Polyketide	centrosome [GO:0005813]	194.01
Polyketide	cytosol [GO:0005829]	194.01
Polyketide	extracellular exosome [GO:0070062]	194.01
Polyketide	nucleoplasm [GO:0005654]	194.01
Polyketide	nucleus [GO:0005634]	194.01
Polyketide	cytoplasm [GO:0005737]	194.01
Polyketide	secretory granule membrane [GO:0030667]	565.99
Polyketide	clathrin-sculpted monoamine transport vesicle membrane [GO:0070083]	565.99
Polyketide	terminal bouton [GO:0043195]	565.99
Polyketide	synaptic vesicle membrane [GO:0030672]	565.99
Polyketide	presynapse [GO:0098793]	565.99
Polyketide	endoplasmic reticulum membrane [GO:0005789]	565.99
Polyketide	protein-containing complex [GO:0032991]	343.35
Polyketide	cytosol [GO:0005829]	343.35
Polyketide	nucleoplasm [GO:0005654]	343.35
Polyketide	membrane [GO:0016020]	343.35
Polyketide	plasma membrane [GO:0005886]	343.35
Polyketide	euchromatin [GO:0000791]	343.35
Polyketide	chromatin [GO:0000785]	343.35
Polyketide	transcription regulator complex [GO:0005667]	343.35
Polyketide	nucleus [GO:0005634]	343.35
Polyketide	cytoplasm [GO:0005737]	343.35
Polyketide	Golgi apparatus [GO:0005794]	343.35
Polyketide	cytoplasm [GO:0005737]	539.19
Polyketide	microtubule [GO:0005874]	539.19
Polyketide	microtubule cytoskeleton [GO:0015630]	539.19
Polyketide	protein-containing complex [GO:0032991]	300.18
Polyketide	cytosol [GO:0005829]	300.18
Polyketide	nucleoplasm [GO:0005654]	300.18
Polyketide	membrane [GO:0016020]	300.18
Polyketide	plasma membrane [GO:0005886]	300.18
Polyketide	euchromatin [GO:0000791]	300.18
Polyketide	chromatin [GO:0000785]	300.18
Polyketide	transcription regulator complex [GO:0005667]	300.18
Polyketide	nucleus [GO:0005634]	300.18
Polyketide	cytoplasm [GO:0005737]	300.18
Polyketide	Golgi apparatus [GO:0005794]	300.18
Polyketide	sarcoplasmic reticulum membrane [GO:0033017]	763.87
Polyketide	cytoplasmic side of membrane [GO:0098562]	763.87
Polyketide	cytosol [GO:0005829]	763.87
Polyketide	Z disc [GO:0030018]	763.87
Polyketide	sarcoplasmic reticulum [GO:0016529]	763.87
Polyketide	terminal cisterna [GO:0014802]	763.87
Polyketide	membrane [GO:0016020]	763.87
Polyketide	ryanodine receptor complex [GO:1990425]	763.87
Polyketide	cytoplasm [GO:0005737]	763.87
Polyketide	voltage-gated potassium channel complex [GO:0008076]	492.83
Polyketide	endoplasmic reticulum [GO:0005783]	492.83
Polyketide	cell surface [GO:0009986]	492.83
Polyketide	apical plasma membrane [GO:0016324]	492.83
Polyketide	plasma membrane [GO:0005886]	492.83
Polyketide	endoplasmic reticulum membrane [GO:0005789]	492.83
Polyketide	astrocyte projection [GO:0097449]	492.83
Polyketide	calyx of Held [GO:0044305]	492.83
Polyketide	neuronal cell body [GO:0043025]	492.83
Polyketide	vacuolar proton-transporting V-type ATPase, V0 domain [GO:0000220]	569.1
Polyketide	synaptic vesicle membrane [GO:0030672]	569.1
Polyketide	clathrin-coated vesicle membrane [GO:0030665]	569.1
Polyketide	plasma membrane [GO:0005886]	267.67
Polyketide	chloride channel complex [GO:0034707]	218.95
Polyketide	postsynaptic membrane [GO:0045211]	218.95
Polyketide	perikaryon [GO:0043204]	218.95
Polyketide	membrane [GO:0016020]	218.95
Polyketide	plasma membrane [GO:0005886]	218.95
Polyketide	dendrite [GO:0030425]	218.95
Polyketide	neuron projection [GO:0043005]	218.95
Polyketide	synapse [GO:0045202]	218.95
Polyketide	efflux pump complex [GO:1990281]	372.66
Polyketide	outer membrane-bounded periplasmic space [GO:0030288]	372.66
Polyketide	periplasmic side of plasma membrane [GO:0098567]	372.66
Polyketide	plasma membrane [GO:0005886]	372.66
Polyketide	membrane [GO:0016020]	372.66
Polyketide	extracellular space [GO:0005615]	219.21
Polyketide	azurophil granule lumen [GO:0035578]	219.21
Polyketide	extracellular region [GO:0005576]	219.21
Polyketide	extracellular exosome [GO:0070062]	219.21
Polyketide	nuclear envelope [GO:0005635]	661.72
Polyketide	cytosol [GO:0005829]	661.72
Polyketide	Golgi membrane [GO:0000139]	661.72
Polyketide	TORC1 complex [GO:0031931]	661.72
Polyketide	phagocytic vesicle [GO:0045335]	661.72
Polyketide	lysosome [GO:0005764]	661.72
Polyketide	endoplasmic reticulum membrane [GO:0005789]	661.72
Polyketide	membrane [GO:0016020]	661.72
Polyketide	dendrite [GO:0030425]	661.72
Polyketide	cytoplasm [GO:0005737]	661.72
Polyketide	lysosomal membrane [GO:0005765]	661.72
Polyketide	mitochondrial outer membrane [GO:0005741]	661.72
Polyketide	endomembrane system [GO:0012505]	661.72
Polyketide	nucleoplasm [GO:0005654]	661.72
Polyketide	TORC2 complex [GO:0031932]	661.72
Polyketide	nucleus [GO:0005634]	661.72
Polyketide	PML body [GO:0016605]	661.72
Polyketide	respirasome [GO:0070469]	322.44
Polyketide	host cell nucleus [GO:0042025]	142.25
Polyketide	host cell endoplasmic reticulum membrane [GO:0044167]	142.25
Polyketide	host cell endoplasmic reticulum-Golgi intermediate compartment [GO:0044172]	142.25
Polyketide	host cell Golgi apparatus [GO:0044177]	142.25
Polyketide	host cell endosome [GO:0044174]	142.25
Polyketide	membrane [GO:0016020]	142.25
Polyketide	double membrane vesicle viral factory outer membrane [GO:0062243]	142.25
Polyketide	host cell perinuclear region of cytoplasm [GO:0044220]	142.25
Polyketide	protein-containing complex [GO:0032991]	417.93
Polyketide	cytosol [GO:0005829]	417.93
Polyketide	nucleoplasm [GO:0005654]	417.93
Polyketide	membrane [GO:0016020]	417.93
Polyketide	plasma membrane [GO:0005886]	417.93
Polyketide	euchromatin [GO:0000791]	417.93
Polyketide	chromatin [GO:0000785]	417.93
Polyketide	transcription regulator complex [GO:0005667]	417.93
Polyketide	nucleus [GO:0005634]	417.93
Polyketide	cytoplasm [GO:0005737]	417.93
Polyketide	Golgi apparatus [GO:0005794]	417.93
Polyketide	cytoplasm [GO:0005737]	361.03
Polyketide	intracellular membrane-bounded organelle [GO:0043231]	177.54
Polyketide	endoplasmic reticulum membrane [GO:0005789]	177.54
Polyketide	mitochondrial inner membrane [GO:0005743]	177.54
Polyketide	extracellular region [GO:0005576]	207.26
Polyketide	nuclear envelope [GO:0005635]	187.3
Polyketide	perinuclear region of cytoplasm [GO:0048471]	187.3
Polyketide	cytosol [GO:0005829]	187.3
Polyketide	pericentriolar material [GO:0000242]	187.3
Polyketide	Golgi membrane [GO:0000139]	187.3
Polyketide	chromosome, telomeric region [GO:0000781]	187.3
Polyketide	nucleus [GO:0005634]	187.3
Polyketide	cytoplasm [GO:0005737]	187.3
Polyketide	cell body [GO:0044297]	337.19
Polyketide	actin filament [GO:0005884]	337.19
Polyketide	skeletal muscle myofibril [GO:0098723]	337.19
Polyketide	stress fiber [GO:0001725]	337.19
Polyketide	filamentous actin [GO:0031941]	337.19
Polyketide	actin filament bundle [GO:0032432]	337.19
Polyketide	lamellipodium [GO:0030027]	337.19
Polyketide	striated muscle thin filament [GO:0005865]	337.19
Polyketide	cytoplasm [GO:0005737]	337.19
Polyketide	filopodium [GO:0030175]	337.19
Polyketide	histone deacetylase complex [GO:0000118]	354.99
Polyketide	melanosome [GO:0042470]	217.33
Polyketide	axonal growth cone [GO:0044295]	217.33
Polyketide	cell body [GO:0044297]	217.33
Polyketide	endomembrane system [GO:0012505]	217.33
Polyketide	lamellipodium [GO:0030027]	217.33
Polyketide	growth cone membrane [GO:0032584]	217.33
Polyketide	plasma membrane [GO:0005886]	217.33
Polyketide	axon [GO:0030424]	217.33
Polyketide	cell surface [GO:0009986]	217.33
Polyketide	extracellular space [GO:0005615]	251.3
Polyketide	extracellular region [GO:0005576]	251.3
Polyketide	fibrillar center [GO:0001650]	193.96
Polyketide	nuclear inner membrane [GO:0005637]	193.96
Polyketide	heterochromatin [GO:0000792]	193.96
Polyketide	nuclear envelope [GO:0005635]	193.96
Polyketide	PML body [GO:0016605]	193.96
Polyketide	cytosol [GO:0005829]	193.96
Polyketide	eNoSc complex [GO:0061773]	193.96
Polyketide	rDNA heterochromatin [GO:0033553]	193.96
Polyketide	nucleoplasm [GO:0005654]	193.96
Polyketide	mitochondrion [GO:0005739]	193.96
Polyketide	euchromatin [GO:0000791]	193.96
Polyketide	chromatin [GO:0000785]	193.96
Polyketide	chromatin silencing complex [GO:0005677]	193.96
Polyketide	nucleus [GO:0005634]	193.96
Polyketide	cytoplasm [GO:0005737]	193.96
Polyketide	nucleolus [GO:0005730]	193.96
Polyketide	cytoplasm [GO:0005737]	251.76
Polyketide	nucleus [GO:0005634]	181.51
Polyketide	cytosol [GO:0005829]	181.51
Polyketide	methionine adenosyltransferase complex [GO:0048269]	181.51
Polyketide	extracellular exosome [GO:0070062]	181.51
Polyketide	sarcoplasmic reticulum membrane [GO:0033017]	489.19
Polyketide	cytoplasmic side of membrane [GO:0098562]	489.19
Polyketide	cytosol [GO:0005829]	489.19
Polyketide	Z disc [GO:0030018]	489.19
Polyketide	sarcoplasmic reticulum [GO:0016529]	489.19
Polyketide	terminal cisterna [GO:0014802]	489.19
Polyketide	membrane [GO:0016020]	489.19
Polyketide	ryanodine receptor complex [GO:1990425]	489.19
Polyketide	cytoplasm [GO:0005737]	489.19
Polyketide	mitochondrial proton-transporting ATP synthase complex [GO:0005753]	600.86
Polyketide	cytosol [GO:0005829]	600.86
Polyketide	mitochondrial proton-transporting ATP synthase complex, coupling factor F(o) [GO:0000276]	600.86
Polyketide	mitochondrion [GO:0005739]	600.86
Polyketide	mitochondrial intermembrane space [GO:0005758]	600.86
Polyketide	mitochondrial inner membrane [GO:0005743]	600.86
Polyketide	protein-containing complex [GO:0032991]	394.67
Polyketide	cytosol [GO:0005829]	394.67
Polyketide	nucleoplasm [GO:0005654]	394.67
Polyketide	membrane [GO:0016020]	394.67
Polyketide	plasma membrane [GO:0005886]	394.67
Polyketide	euchromatin [GO:0000791]	394.67
Polyketide	chromatin [GO:0000785]	394.67
Polyketide	transcription regulator complex [GO:0005667]	394.67
Polyketide	nucleus [GO:0005634]	394.67
Polyketide	cytoplasm [GO:0005737]	394.67
Polyketide	Golgi apparatus [GO:0005794]	394.67
Polyketide	cell body [GO:0044297]	588.79
Polyketide	actin filament [GO:0005884]	588.79
Polyketide	skeletal muscle myofibril [GO:0098723]	588.79
Polyketide	stress fiber [GO:0001725]	588.79
Polyketide	filamentous actin [GO:0031941]	588.79
Polyketide	actin filament bundle [GO:0032432]	588.79
Polyketide	lamellipodium [GO:0030027]	588.79
Polyketide	striated muscle thin filament [GO:0005865]	588.79
Polyketide	cytoplasm [GO:0005737]	588.79
Polyketide	filopodium [GO:0030175]	588.79
Polyketide	cytosol [GO:0005829]	358.0
Polyketide	glutamatergic synapse [GO:0098978]	358.0
Polyketide	nucleoplasm [GO:0005654]	358.0
Polyketide	ciliary basal body [GO:0036064]	358.0
Polyketide	postsynaptic cytosol [GO:0099524]	358.0
Polyketide	nuclear speck [GO:0016607]	358.0
Polyketide	nucleus [GO:0005634]	358.0
Polyketide	midbody [GO:0030496]	358.0
Polyketide	cytoplasm [GO:0005737]	358.0
Polyketide	protein-containing complex [GO:0032991]	147.94
Polyketide	nucleoplasm [GO:0005654]	147.94
Polyketide	mitochondrion [GO:0005739]	147.94
Polyketide	mitochondrial matrix [GO:0005759]	147.94
Polyketide	nucleus [GO:0005634]	147.94
Polyketide	histone deacetylase complex [GO:0000118]	286.07
Polyketide	cytosol [GO:0005829]	286.07
Polyketide	transcription repressor complex [GO:0017053]	286.07
Polyketide	nucleoplasm [GO:0005654]	286.07
Polyketide	nuclear speck [GO:0016607]	286.07
Polyketide	chromatin [GO:0000785]	286.07
Polyketide	nucleus [GO:0005634]	286.07
Polyketide	cytoplasm [GO:0005737]	286.07
Polyketide	skeletal muscle myofibril [GO:0098723]	339.37
Polyketide	extracellular space [GO:0005615]	278.43
Polyketide	sarcoplasmic reticulum membrane [GO:0033017]	312.82
Polyketide	postsynaptic density [GO:0014069]	312.82
Polyketide	Z disc [GO:0030018]	312.82
Polyketide	T-tubule [GO:0030315]	312.82
Polyketide	secretory granule [GO:0030141]	312.82
Polyketide	sarcolemma [GO:0042383]	312.82
Polyketide	cytoplasm [GO:0005737]	312.82
Polyketide	calyx of Held [GO:0044305]	312.82
Polyketide	azurophil granule [GO:0042582]	312.82
Polyketide	nuclear membrane [GO:0031965]	312.82
Polyketide	membrane raft [GO:0045121]	312.82
Polyketide	postsynaptic specialization, intracellular component [GO:0099091]	312.82
Polyketide	postsynaptic density, intracellular component [GO:0099092]	312.82
Polyketide	dendrite [GO:0030425]	312.82
Polyketide	protein-containing complex [GO:0032991]	312.82
Polyketide	perinuclear region of cytoplasm [GO:0048471]	312.82
Polyketide	cytosol [GO:0005829]	312.82
Polyketide	sarcoplasmic reticulum [GO:0016529]	312.82
Polyketide	glutamatergic synapse [GO:0098978]	312.82
Polyketide	dendritic spine [GO:0043197]	312.82
Polyketide	cell periphery [GO:0071944]	312.82
Polyketide	nucleus [GO:0005634]	312.82
Polyketide	mitochondrial outer membrane [GO:0005741]	312.82
Polyketide	plasma membrane [GO:0005886]	312.82
Polyketide	synapse [GO:0045202]	312.82
Polyketide	mitochondrion [GO:0005739]	312.82
Polyketide	photoreceptor inner segment [GO:0001917]	312.82
Polyketide	cytoskeleton [GO:0005856]	312.82
Polyketide	cell body [GO:0044297]	305.75
Polyketide	actin filament [GO:0005884]	305.75
Polyketide	skeletal muscle myofibril [GO:0098723]	305.75
Polyketide	stress fiber [GO:0001725]	305.75
Polyketide	filamentous actin [GO:0031941]	305.75
Polyketide	actin filament bundle [GO:0032432]	305.75
Polyketide	lamellipodium [GO:0030027]	305.75
Polyketide	striated muscle thin filament [GO:0005865]	305.75
Polyketide	cytoplasm [GO:0005737]	305.75
Polyketide	filopodium [GO:0030175]	305.75
Polyketide	cytosol [GO:0005829]	976.35
Polyketide	cytosolic DNA-directed RNA polymerase complex [GO:0000345]	976.35
Polyketide	membrane [GO:0016020]	976.35
Polyketide	cytoplasm [GO:0005737]	976.35
Polyketide	transcription elongation factor complex [GO:0008023]	976.35
Polyketide	protein serine/threonine phosphatase complex [GO:0008287]	498.7
Polyketide	cytosol [GO:0005829]	498.7
Polyketide	glutamatergic synapse [GO:0098978]	498.7
Polyketide	calcineurin complex [GO:0005955]	498.7
Polyketide	nucleoplasm [GO:0005654]	498.7
Polyketide	mitochondrion [GO:0005739]	498.7
Polyketide	presynapse [GO:0098793]	498.7
Polyketide	hippocampal mossy fiber to CA3 synapse [GO:0098686]	498.7
Polyketide	parallel fiber to Purkinje cell synapse [GO:0098688]	498.7
Polyketide	Schaffer collateral - CA1 synapse [GO:0098685]	498.7
Polyketide	postsynapse [GO:0098794]	498.7
Polyketide	sarcolemma [GO:0042383]	498.7
Polyketide	cytoplasm [GO:0005737]	498.7
Polyketide	nucleus [GO:0005634]	605.47
Polyketide	cytoplasm [GO:0005737]	605.47
Polyketide	cytosol [GO:0005829]	605.47
Polyketide	plasma membrane [GO:0005886]	391.27
Polyketide	proton-transporting ATP synthase complex, coupling factor F(o) [GO:0045263]	391.27
Polyketide	fungal biofilm matrix [GO:0062040]	771.99
Polyketide	cytoplasm [GO:0005737]	771.99
Polyketide	extracellular region [GO:0005576]	771.99
Polyketide	proton-transporting V-type ATPase complex [GO:0033176]	721.57
Polyketide	vacuolar proton-transporting V-type ATPase, V0 domain [GO:0000220]	721.57
Polyketide	Golgi membrane [GO:0000139]	721.57
Polyketide	fungal-type vacuole [GO:0000324]	721.57
Polyketide	membrane [GO:0016020]	721.57
Polyketide	cell periphery [GO:0071944]	721.57
Polyketide	vacuolar proton-transporting V-type ATPase complex [GO:0016471]	721.57
Polyketide	fungal-type vacuole membrane [GO:0000329]	721.57
Polyketide	nucleoplasm [GO:0005654]	231.3
Polyketide	cytosol [GO:0005829]	231.3
Polyketide	extracellular exosome [GO:0070062]	231.3
Polyketide	plasma membrane [GO:0005886]	412.61
Polyketide	proton-transporting ATP synthase complex, coupling factor F(o) [GO:0045263]	412.61
Polyketide	nucleoplasm [GO:0005654]	379.66
Polyketide	membrane [GO:0016020]	379.66
Polyketide	chromatin [GO:0000785]	379.66
Polyketide	transcription regulator complex [GO:0005667]	379.66
Polyketide	nucleus [GO:0005634]	379.66
Polyketide	cytoplasm [GO:0005737]	379.66
Polyketide	acetylcholine-gated channel complex [GO:0005892]	835.31
Polyketide	neuron projection [GO:0043005]	835.31
Polyketide	plasma membrane raft [GO:0044853]	835.31
Polyketide	cholinergic synapse [GO:0098981]	835.31
Polyketide	apical plasma membrane [GO:0016324]	835.31
Polyketide	axolemma [GO:0030673]	835.31
Polyketide	plasma membrane [GO:0005886]	835.31
Polyketide	membrane [GO:0016020]	835.31
Polyketide	postsynaptic specialization membrane [GO:0099634]	835.31
Polyketide	synapse [GO:0045202]	835.31
Polyketide	presynaptic membrane [GO:0042734]	835.31
Polyketide	postsynapse [GO:0098794]	835.31
Polyketide	external side of plasma membrane [GO:0009897]	835.31
Polyketide	protein-containing complex [GO:0032991]	283.75
Polyketide	cytosol [GO:0005829]	283.75
Polyketide	nucleoplasm [GO:0005654]	283.75
Polyketide	membrane [GO:0016020]	283.75
Polyketide	plasma membrane [GO:0005886]	283.75
Polyketide	euchromatin [GO:0000791]	283.75
Polyketide	chromatin [GO:0000785]	283.75
Polyketide	transcription regulator complex [GO:0005667]	283.75
Polyketide	nucleus [GO:0005634]	283.75
Polyketide	cytoplasm [GO:0005737]	283.75
Polyketide	Golgi apparatus [GO:0005794]	283.75
Polyketide	host cell nucleus [GO:0042025]	493.4
Polyketide	viral envelope [GO:0019031]	493.4
Polyketide	host cell plasma membrane [GO:0020002]	493.4
Polyketide	host cell lipid droplet [GO:0044186]	493.4
Polyketide	host cell endoplasmic reticulum membrane [GO:0044167]	493.4
Polyketide	host cell mitochondrial membrane [GO:0044191]	493.4
Polyketide	ribonucleoprotein complex [GO:1990904]	493.4
Polyketide	lipid droplet [GO:0005811]	493.4
Polyketide	plasma membrane [GO:0005886]	493.4
Polyketide	host cell perinuclear region of cytoplasm [GO:0044220]	493.4
Polyketide	viral nucleocapsid [GO:0019013]	493.4
Polyketide	virion membrane [GO:0055036]	493.4
Polyketide	cytoplasm [GO:0005737]	493.4
Polyketide	nucleoplasm [GO:0005654]	270.77
Polyketide	nucleus [GO:0005634]	270.77
Polyketide	cytoplasm [GO:0005737]	270.77
Polyketide	host cell nucleus [GO:0042025]	186.64
Polyketide	host cell endoplasmic reticulum membrane [GO:0044167]	186.64
Polyketide	host cell endoplasmic reticulum-Golgi intermediate compartment [GO:0044172]	186.64
Polyketide	host cell Golgi apparatus [GO:0044177]	186.64
Polyketide	host cell endosome [GO:0044174]	186.64
Polyketide	membrane [GO:0016020]	186.64
Polyketide	double membrane vesicle viral factory outer membrane [GO:0062243]	186.64
Polyketide	host cell perinuclear region of cytoplasm [GO:0044220]	186.64
Polyketide	nucleolus [GO:0005730]	395.05
Polyketide	nucleoplasm [GO:0005654]	395.05
Polyketide	cytoplasm [GO:0005737]	395.05
Polyketide	cytosol [GO:0005829]	395.05
Polyketide	extracellular space [GO:0005615]	188.24
Polyketide	azurophil granule lumen [GO:0035578]	188.24
Polyketide	extracellular region [GO:0005576]	188.24
Polyketide	extracellular exosome [GO:0070062]	188.24
Polyketide	dendrite [GO:0030425]	450.13
Polyketide	chloride channel complex [GO:0034707]	450.13
Polyketide	neuron projection [GO:0043005]	450.13
Polyketide	plasma membrane [GO:0005886]	450.13
Polyketide	membrane [GO:0016020]	450.13
Polyketide	postsynaptic membrane [GO:0045211]	450.13
Polyketide	synapse [GO:0045202]	450.13
Polyketide	perikaryon [GO:0043204]	450.13
Polyketide	postsynaptic density [GO:0014069]	170.28
Polyketide	glutamatergic synapse [GO:0098978]	170.28
Polyketide	plasma membrane [GO:0005886]	170.28
Polyketide	DAPK1-calmodulin complex [GO:1990722]	170.28
Polyketide	actin cytoskeleton [GO:0015629]	170.28
Polyketide	nucleus [GO:0005634]	170.28
Polyketide	cytoplasm [GO:0005737]	170.28
Polyketide	endoplasmic reticulum membrane [GO:0005789]	230.27
Polyketide	endoplasmic reticulum [GO:0005783]	230.27
Polyketide	nuclear body [GO:0016604]	564.67
Polyketide	nucleoplasm [GO:0005654]	564.67
Polyketide	chromatin [GO:0000785]	564.67
Polyketide	transcription regulator complex [GO:0005667]	564.67
Polyketide	intermediate filament cytoskeleton [GO:0045111]	564.67
Polyketide	chromosome [GO:0005694]	447.56
Polyketide	DNA topoisomerase type II (double strand cut, ATP-hydrolyzing) complex [GO:0009330]	447.56
Polyketide	cytosol [GO:0005829]	447.56
Polyketide	nucleoid [GO:0009295]	254.87
Polyketide	perinuclear region of cytoplasm [GO:0048471]	329.92
Polyketide	cytosol [GO:0005829]	329.92
Polyketide	nucleus [GO:0005634]	329.92
Polyketide	cytoplasm [GO:0005737]	329.92
Polyketide	cytoplasmic side of plasma membrane [GO:0009898]	329.92
Polyketide	cell body [GO:0044297]	289.78
Polyketide	actin filament [GO:0005884]	289.78
Polyketide	skeletal muscle myofibril [GO:0098723]	289.78
Polyketide	stress fiber [GO:0001725]	289.78
Polyketide	filamentous actin [GO:0031941]	289.78
Polyketide	actin filament bundle [GO:0032432]	289.78
Polyketide	lamellipodium [GO:0030027]	289.78
Polyketide	striated muscle thin filament [GO:0005865]	289.78
Polyketide	cytoplasm [GO:0005737]	289.78
Polyketide	filopodium [GO:0030175]	289.78
Polyketide	protein-containing complex [GO:0032991]	380.87
Polyketide	endocytic vesicle membrane [GO:0030666]	380.87
Polyketide	cytosol [GO:0005829]	380.87
Polyketide	transcription repressor complex [GO:0017053]	380.87
Polyketide	nucleoplasm [GO:0005654]	380.87
Polyketide	plasma membrane [GO:0005886]	380.87
Polyketide	nucleus [GO:0005634]	380.87
Polyketide	cytoplasm [GO:0005737]	380.87
Polyketide	nucleolus [GO:0005730]	380.87
Polyketide	endoplasmic reticulum lumen [GO:0005788]	333.57
Polyketide	neuromuscular junction [GO:0031594]	333.57
Polyketide	cell surface [GO:0009986]	333.57
Polyketide	neuronal cell body [GO:0043025]	333.57
Polyketide	axon [GO:0030424]	333.57
Polyketide	extracellular space [GO:0005615]	333.57
Polyketide	Golgi apparatus [GO:0005794]	333.57
Polyketide	dendrite [GO:0030425]	333.57
Polyketide	perinuclear region of cytoplasm [GO:0048471]	333.57
Polyketide	membrane [GO:0016020]	333.57
Polyketide	extracellular region [GO:0005576]	333.57
Polyketide	synaptic cleft [GO:0043083]	333.57
Polyketide	nuclear envelope [GO:0005635]	333.57
Polyketide	basement membrane [GO:0005604]	333.57
Polyketide	plasma membrane [GO:0005886]	333.57
Polyketide	postsynaptic membrane [GO:0045211]	333.57
Polyketide	side of membrane [GO:0098552]	333.57
Polyketide	synapse [GO:0045202]	333.57
Polyketide	presynaptic membrane [GO:0042734]	333.57
Polyketide	nuclear envelope [GO:0005635]	187.21
Polyketide	perinuclear region of cytoplasm [GO:0048471]	187.21
Polyketide	cytosol [GO:0005829]	187.21
Polyketide	pericentriolar material [GO:0000242]	187.21
Polyketide	Golgi membrane [GO:0000139]	187.21
Polyketide	chromosome, telomeric region [GO:0000781]	187.21
Polyketide	nucleus [GO:0005634]	187.21
Polyketide	cytoplasm [GO:0005737]	187.21
Polyketide	membrane [GO:0016020]	191.61
Polyketide	receptor complex [GO:0043235]	191.61
Polyketide	nuclear envelope [GO:0005635]	244.05
Polyketide	perinuclear region of cytoplasm [GO:0048471]	244.05
Polyketide	cytosol [GO:0005829]	244.05
Polyketide	pericentriolar material [GO:0000242]	244.05
Polyketide	Golgi membrane [GO:0000139]	244.05
Polyketide	chromosome, telomeric region [GO:0000781]	244.05
Polyketide	nucleus [GO:0005634]	244.05
Polyketide	cytoplasm [GO:0005737]	244.05
Polyketide	mitochondrial matrix [GO:0005759]	236.56
Polyketide	mitochondrion [GO:0005739]	236.56
Polyketide	extracellular exosome [GO:0070062]	236.56
Polyketide	node of Ranvier [GO:0033268]	285.04
Polyketide	synapse [GO:0045202]	285.04
Polyketide	plasma membrane [GO:0005886]	285.04
Polyketide	axon initial segment [GO:0043194]	285.04
Polyketide	voltage-gated potassium channel complex [GO:0008076]	285.04
Polyketide	dendritic shaft [GO:0043198]	358.57
Polyketide	neuron projection [GO:0043005]	358.57
Polyketide	postsynaptic density [GO:0014069]	358.57
Polyketide	somatodendritic compartment [GO:0036477]	358.57
Polyketide	dendrite membrane [GO:0032590]	358.57
Polyketide	endoplasmic reticulum membrane [GO:0005789]	358.57
Polyketide	cell surface [GO:0009986]	358.57
Polyketide	presynaptic active zone membrane [GO:0048787]	358.57
Polyketide	neuronal cell body [GO:0043025]	358.57
Polyketide	dendrite cytoplasm [GO:0032839]	358.57
Polyketide	spine synapse [GO:0106033]	358.57
Polyketide	synaptic vesicle [GO:0008021]	358.57
Polyketide	Schaffer collateral - CA1 synapse [GO:0098685]	358.57
Polyketide	presynapse [GO:0098793]	358.57
Polyketide	growth cone [GO:0030426]	358.57
Polyketide	perikaryon [GO:0043204]	358.57
Polyketide	AMPA glutamate receptor complex [GO:0032281]	358.57
Polyketide	asymmetric synapse [GO:0032279]	358.57
Polyketide	dendrite [GO:0030425]	358.57
Polyketide	protein-containing complex [GO:0032991]	358.57
Polyketide	ionotropic glutamate receptor complex [GO:0008328]	358.57
Polyketide	dendritic spine head [GO:0044327]	358.57
Polyketide	dendritic spine neck [GO:0044326]	358.57
Polyketide	glutamatergic synapse [GO:0098978]	358.57
Polyketide	membrane [GO:0016020]	358.57
Polyketide	dendritic spine [GO:0043197]	358.57
Polyketide	perisynaptic space [GO:0099544]	358.57
Polyketide	endoplasmic reticulum [GO:0005783]	358.57
Polyketide	plasma membrane [GO:0005886]	358.57
Polyketide	postsynaptic membrane [GO:0045211]	358.57
Polyketide	synapse [GO:0045202]	358.57
Polyketide	terminal bouton [GO:0043195]	358.57
Polyketide	presynaptic membrane [GO:0042734]	358.57
Polyketide	postsynaptic density membrane [GO:0098839]	358.57
Polyketide	synaptic vesicle membrane [GO:0030672]	358.57
Polyketide	axon [GO:0030424]	358.57
Polyketide	synaptic membrane [GO:0097060]	358.57
Polyketide	node of Ranvier [GO:0033268]	337.11
Polyketide	synapse [GO:0045202]	337.11
Polyketide	plasma membrane [GO:0005886]	337.11
Polyketide	axon initial segment [GO:0043194]	337.11
Polyketide	voltage-gated potassium channel complex [GO:0008076]	337.11
Polyketide	nucleus [GO:0005634]	754.12
Polyketide	nucleolus [GO:0005730]	754.12
Polyketide	cytosol [GO:0005829]	261.18
Polyketide	cytoplasm [GO:0005737]	261.18
Polyketide	nucleoplasm [GO:0005654]	261.18
Polyketide	nucleus [GO:0005634]	261.18
Polyketide	aggresome [GO:0016235]	408.82
Polyketide	cell projection [GO:0042995]	408.82
Polyketide	secretory granule membrane [GO:0030667]	408.82
Polyketide	ficolin-1-rich granule membrane [GO:0101003]	408.82
Polyketide	tertiary granule membrane [GO:0070821]	408.82
Polyketide	extracellular exosome [GO:0070062]	408.82
Polyketide	plasma membrane [GO:0005886]	408.82
Polyketide	membrane [GO:0016020]	408.82
Polyketide	specific granule membrane [GO:0035579]	408.82
Polyketide	perikaryon [GO:0043204]	408.82
Polyketide	PML body [GO:0016605]	290.48
Polyketide	nucleoplasm [GO:0005654]	290.48
Polyketide	membrane [GO:0016020]	290.48
Polyketide	cytoplasmic ribonucleoprotein granule [GO:0036464]	290.48
Polyketide	nucleus [GO:0005634]	290.48
Polyketide	P-TEFb complex [GO:0070691]	290.48
Polyketide	transcription elongation factor complex [GO:0008023]	290.48
Polyketide	cyclin/CDK positive transcription elongation factor complex [GO:0008024]	290.48
Polyketide	extracellular region [GO:0005576]	355.18
Polyketide	postsynaptic density [GO:0014069]	231.67
Polyketide	glutamatergic synapse [GO:0098978]	231.67
Polyketide	plasma membrane [GO:0005886]	231.67
Polyketide	DAPK1-calmodulin complex [GO:1990722]	231.67
Polyketide	actin cytoskeleton [GO:0015629]	231.67
Polyketide	nucleus [GO:0005634]	231.67
Polyketide	cytoplasm [GO:0005737]	231.67
Polyketide	plasma membrane [GO:0005886]	225.69
Polyketide	cytoplasm [GO:0005737]	225.69
Polyketide	phosphatidylinositol 3-kinase complex, class IB [GO:0005944]	225.69
Polyketide	phosphatidylinositol 3-kinase complex, class IA [GO:0005943]	225.69
Polyketide	extracellular region [GO:0005576]	632.82
Polyketide	nucleoplasm [GO:0005654]	266.49
Polyketide	mitochondrial respiratory chain complex I [GO:0005747]	266.49
Polyketide	cytosol [GO:0005829]	182.44
Polyketide	nucleoplasm [GO:0005654]	182.44
Polyketide	plasma membrane [GO:0005886]	182.44
Polyketide	nucleus [GO:0005634]	182.44
Polyketide	cytoplasm [GO:0005737]	182.44
Polyketide	nucleolus [GO:0005730]	182.44
Polyketide	node of Ranvier [GO:0033268]	331.37
Polyketide	synapse [GO:0045202]	331.37
Polyketide	plasma membrane [GO:0005886]	331.37
Polyketide	axon initial segment [GO:0043194]	331.37
Polyketide	voltage-gated potassium channel complex [GO:0008076]	331.37
Polyketide	cytosol [GO:0005829]	293.1
Polyketide	nucleoplasm [GO:0005654]	293.1
Polyketide	receptor complex [GO:0043235]	293.1
Polyketide	mitochondrion [GO:0005739]	293.1
Polyketide	RNA polymerase II transcription regulator complex [GO:0090575]	293.1
Polyketide	chromatin [GO:0000785]	293.1
Polyketide	transcription regulator complex [GO:0005667]	293.1
Polyketide	nucleus [GO:0005634]	293.1
Polyketide	node of Ranvier [GO:0033268]	256.68
Polyketide	synapse [GO:0045202]	256.68
Polyketide	plasma membrane [GO:0005886]	256.68
Polyketide	axon initial segment [GO:0043194]	256.68
Polyketide	voltage-gated potassium channel complex [GO:0008076]	256.68
Polyketide	host cell nucleus [GO:0042025]	517.34
Polyketide	viral envelope [GO:0019031]	517.34
Polyketide	host cell plasma membrane [GO:0020002]	517.34
Polyketide	host cell lipid droplet [GO:0044186]	517.34
Polyketide	host cell endoplasmic reticulum membrane [GO:0044167]	517.34
Polyketide	host cell mitochondrial membrane [GO:0044191]	517.34
Polyketide	ribonucleoprotein complex [GO:1990904]	517.34
Polyketide	membrane [GO:0016020]	517.34
Polyketide	viral nucleocapsid [GO:0019013]	517.34
Polyketide	virion membrane [GO:0055036]	517.34
Polyketide	host cell perinuclear region of cytoplasm [GO:0044220]	517.34
Polyketide	dendrite [GO:0030425]	606.02
Polyketide	neuron projection [GO:0043005]	606.02
Polyketide	intracellular membrane-bounded organelle [GO:0043231]	606.02
Polyketide	plasma membrane [GO:0005886]	606.02
Polyketide	postsynaptic membrane [GO:0045211]	606.02
Polyketide	synapse [GO:0045202]	606.02
Polyketide	glycine-gated chloride channel complex [GO:0016935]	606.02
Polyketide	perikaryon [GO:0043204]	606.02
Polyketide	membrane [GO:0016020]	688.23
Polyketide	nuclear periphery [GO:0034399]	317.02
Polyketide	main axon [GO:0044304]	317.02
Polyketide	neurofibrillary tangle [GO:0097418]	317.02
Polyketide	neuron projection [GO:0043005]	317.02
Polyketide	somatodendritic compartment [GO:0036477]	317.02
Polyketide	microtubule [GO:0005874]	317.02
Polyketide	cytoplasm [GO:0005737]	317.02
Polyketide	neuronal cell body [GO:0043025]	317.02
Polyketide	cell body [GO:0044297]	317.02
Polyketide	nuclear speck [GO:0016607]	317.02
Polyketide	growth cone [GO:0030426]	317.02
Polyketide	membrane raft [GO:0045121]	317.02
Polyketide	dendrite [GO:0030425]	317.02
Polyketide	tubulin complex [GO:0045298]	317.02
Polyketide	microtubule cytoskeleton [GO:0015630]	317.02
Polyketide	cytosol [GO:0005829]	317.02
Polyketide	axolemma [GO:0030673]	317.02
Polyketide	glial cell projection [GO:0097386]	317.02
Polyketide	dendritic spine [GO:0043197]	317.02
Polyketide	extracellular region [GO:0005576]	317.02
Polyketide	cytoplasmic ribonucleoprotein granule [GO:0036464]	317.02
Polyketide	nucleus [GO:0005634]	317.02
Polyketide	axon cytoplasm [GO:1904115]	317.02
Polyketide	plasma membrane [GO:0005886]	317.02
Polyketide	mitochondrion [GO:0005739]	317.02
Polyketide	axon [GO:0030424]	317.02
Polyketide	intracellular membrane-bounded organelle [GO:0043231]	358.37
Polyketide	myelin sheath [GO:0043209]	358.37
Polyketide	cytoplasm [GO:0005737]	358.37
Polyketide	cytosol [GO:0005829]	358.37
Polyketide	host cell nucleus [GO:0042025]	355.51
Polyketide	protein-containing complex [GO:0032991]	355.51
Polyketide	host cell plasma membrane [GO:0020002]	355.51
Polyketide	host cell lipid droplet [GO:0044186]	355.51
Polyketide	viral envelope [GO:0019031]	355.51
Polyketide	host cell endoplasmic reticulum membrane [GO:0044167]	355.51
Polyketide	host cell mitochondrial membrane [GO:0044191]	355.51
Polyketide	ribonucleoprotein complex [GO:1990904]	355.51
Polyketide	membrane [GO:0016020]	355.51
Polyketide	viral nucleocapsid [GO:0019013]	355.51
Polyketide	virion membrane [GO:0055036]	355.51
Polyketide	host cell perinuclear region of cytoplasm [GO:0044220]	355.51
Polyketide	respirasome [GO:0070469]	362.3
Polyketide	protein-containing complex [GO:0032991]	405.72
Polyketide	endocytic vesicle membrane [GO:0030666]	405.72
Polyketide	cytosol [GO:0005829]	405.72
Polyketide	transcription repressor complex [GO:0017053]	405.72
Polyketide	nucleoplasm [GO:0005654]	405.72
Polyketide	plasma membrane [GO:0005886]	405.72
Polyketide	nucleus [GO:0005634]	405.72
Polyketide	cytoplasm [GO:0005737]	405.72
Polyketide	nucleolus [GO:0005730]	405.72
Polyketide	blood microparticle [GO:0072562]	403.67
Polyketide	extracellular region [GO:0005576]	403.67
Polyketide	extracellular exosome [GO:0070062]	403.67
Polyketide	secretory granule lumen [GO:0034774]	403.67
Polyketide	collagen-containing extracellular matrix [GO:0062023]	403.67
Polyketide	platelet alpha granule lumen [GO:0031093]	403.67
Polyketide	azurophil granule lumen [GO:0035578]	403.67
Polyketide	extracellular space [GO:0005615]	403.67
Polyketide	nucleus [GO:0005634]	403.67
Polyketide	protein-containing complex [GO:0032991]	297.22
Polyketide	endocytic vesicle membrane [GO:0030666]	297.22
Polyketide	cytosol [GO:0005829]	297.22
Polyketide	transcription repressor complex [GO:0017053]	297.22
Polyketide	nucleoplasm [GO:0005654]	297.22
Polyketide	plasma membrane [GO:0005886]	297.22
Polyketide	nucleus [GO:0005634]	297.22
Polyketide	cytoplasm [GO:0005737]	297.22
Polyketide	nucleolus [GO:0005730]	297.22
Polyketide	endoplasmic reticulum [GO:0005783]	360.11
Polyketide	mitochondrion [GO:0005739]	360.11
Polyketide	mitochondrial inner membrane [GO:0005743]	360.11
Polyketide	protein-DNA complex [GO:0032993]	396.07
Polyketide	nuclear chromosome [GO:0000228]	235.31
Polyketide	histone deacetylase complex [GO:0000118]	235.31
Polyketide	cytoplasm [GO:0005737]	235.31
Polyketide	nucleoplasm [GO:0005654]	235.31
Polyketide	nucleus [GO:0005634]	235.31
Polyketide	nuclear body [GO:0016604]	274.52
Polyketide	nucleoplasm [GO:0005654]	274.52
Polyketide	chromatin [GO:0000785]	274.52
Polyketide	transcription regulator complex [GO:0005667]	274.52
Polyketide	intermediate filament cytoskeleton [GO:0045111]	274.52
Polyketide	cytoplasmic side of endoplasmic reticulum membrane [GO:0098554]	352.69
Polyketide	protein-containing complex [GO:0032991]	352.69
Polyketide	endoplasmic reticulum [GO:0005783]	352.69
Polyketide	sorting endosome [GO:0097443]	352.69
Polyketide	endosome lumen [GO:0031904]	352.69
Polyketide	early endosome [GO:0005769]	352.69
Polyketide	cytosol [GO:0005829]	352.69
Polyketide	mitochondrial crista [GO:0030061]	352.69
Polyketide	mitochondrial matrix [GO:0005759]	352.69
Polyketide	cytoplasm [GO:0005737]	352.69
Polyketide	sarcoplasmic reticulum membrane [GO:0033017]	715.72
Polyketide	cytoplasmic side of membrane [GO:0098562]	715.72
Polyketide	cytosol [GO:0005829]	715.72
Polyketide	Z disc [GO:0030018]	715.72
Polyketide	sarcoplasmic reticulum [GO:0016529]	715.72
Polyketide	terminal cisterna [GO:0014802]	715.72
Polyketide	membrane [GO:0016020]	715.72
Polyketide	ryanodine receptor complex [GO:1990425]	715.72
Polyketide	cytoplasm [GO:0005737]	715.72
Polyketide	efflux pump complex [GO:1990281]	691.54
Polyketide	outer membrane-bounded periplasmic space [GO:0030288]	691.54
Polyketide	periplasmic side of plasma membrane [GO:0098567]	691.54
Polyketide	plasma membrane [GO:0005886]	691.54
Polyketide	membrane [GO:0016020]	691.54
Polyketide	cell body [GO:0044297]	538.24
Polyketide	actin filament [GO:0005884]	538.24
Polyketide	skeletal muscle myofibril [GO:0098723]	538.24
Polyketide	stress fiber [GO:0001725]	538.24
Polyketide	filamentous actin [GO:0031941]	538.24
Polyketide	actin filament bundle [GO:0032432]	538.24
Polyketide	lamellipodium [GO:0030027]	538.24
Polyketide	striated muscle thin filament [GO:0005865]	538.24
Polyketide	cytoplasm [GO:0005737]	538.24
Polyketide	filopodium [GO:0030175]	538.24
Polyketide	extracellular region [GO:0005576]	205.97
Polyketide	extracellular exosome [GO:0070062]	205.97
Polyketide	azurophil granule lumen [GO:0035578]	205.97
Polyketide	extracellular space [GO:0005615]	205.97
Polyketide	cytosol [GO:0005829]	386.11
Polyketide	nucleoplasm [GO:0005654]	386.11
Polyketide	plasma membrane [GO:0005886]	386.11
Polyketide	mitochondrion [GO:0005739]	386.11
Polyketide	nucleus [GO:0005634]	386.11
Polyketide	cytoplasm [GO:0005737]	386.11
Polyketide	extracellular space [GO:0005615]	259.21
Polyketide	azurophil granule lumen [GO:0035578]	259.21
Polyketide	extracellular region [GO:0005576]	259.21
Polyketide	extracellular exosome [GO:0070062]	259.21
Polyketide	membrane [GO:0016020]	444.71
Polyketide	cytosol [GO:0005829]	444.71
Polyketide	transcription regulator complex [GO:0005667]	444.71
Polyketide	cytoplasm [GO:0005737]	444.71
Polyketide	chromatin [GO:0000785]	444.71
Polyketide	Golgi apparatus [GO:0005794]	444.71
Polyketide	plasma membrane [GO:0005886]	444.71
Polyketide	nucleoplasm [GO:0005654]	444.71
Polyketide	protein-containing complex [GO:0032991]	444.71
Polyketide	euchromatin [GO:0000791]	444.71
Polyketide	nucleus [GO:0005634]	444.71
Polyketide	nucleus [GO:0005634]	172.85
Polyketide	collagen-containing extracellular matrix [GO:0062023]	580.59
Polyketide	cytosol [GO:0005829]	580.59
Polyketide	intracellular membrane-bounded organelle [GO:0043231]	580.59
Polyketide	extracellular region [GO:0005576]	580.59
Polyketide	extracellular space [GO:0005615]	580.59
Polyketide	cytoplasmic ribonucleoprotein granule [GO:0036464]	580.59
Polyketide	secretory granule [GO:0030141]	580.59
Polyketide	cytoplasm [GO:0005737]	580.59
Polyketide	dendritic shaft [GO:0043198]	264.37
Polyketide	ribonucleoprotein complex [GO:1990904]	264.37
Polyketide	postsynaptic density [GO:0014069]	264.37
Polyketide	nucleoplasm [GO:0005654]	264.37
Polyketide	microtubule [GO:0005874]	264.37
Polyketide	Wnt signalosome [GO:1990909]	264.37
Polyketide	cytoplasm [GO:0005737]	264.37
Polyketide	neuronal cell body [GO:0043025]	264.37
Polyketide	centrosome [GO:0005813]	264.37
Polyketide	meiotic spindle [GO:0072687]	264.37
Polyketide	Schaffer collateral - CA1 synapse [GO:0098685]	264.37
Polyketide	presynapse [GO:0098793]	264.37
Polyketide	growth cone [GO:0030426]	264.37
Polyketide	dendrite [GO:0030425]	264.37
Polyketide	protein-containing complex [GO:0032991]	264.37
Polyketide	perinuclear region of cytoplasm [GO:0048471]	264.37
Polyketide	cytosol [GO:0005829]	264.37
Polyketide	glutamatergic synapse [GO:0098978]	264.37
Polyketide	membrane [GO:0016020]	264.37
Polyketide	dendritic spine [GO:0043197]	264.37
Polyketide	nucleus [GO:0005634]	264.37
Polyketide	membrane-bounded organelle [GO:0043227]	264.37
Polyketide	plasma membrane [GO:0005886]	264.37
Polyketide	mitochondrion [GO:0005739]	264.37
Polyketide	axon [GO:0030424]	264.37
Polyketide	beta-catenin destruction complex [GO:0030877]	264.37
Polyketide	nucleoplasm [GO:0005654]	362.07
Polyketide	nucleus [GO:0005634]	362.07
Polyketide	cytoplasm [GO:0005737]	362.07
Polyketide	nucleolus [GO:0005730]	362.07
Polyketide	apicoplast [GO:0020011]	215.6
Polyketide	ATP-binding cassette (ABC) transporter complex [GO:0043190]	593.37
Polyketide	host cell nucleus [GO:0042025]	421.12
Polyketide	viral envelope [GO:0019031]	421.12
Polyketide	host cell plasma membrane [GO:0020002]	421.12
Polyketide	host cell lipid droplet [GO:0044186]	421.12
Polyketide	host cell endoplasmic reticulum membrane [GO:0044167]	421.12
Polyketide	host cell mitochondrial membrane [GO:0044191]	421.12
Polyketide	ribonucleoprotein complex [GO:1990904]	421.12
Polyketide	membrane [GO:0016020]	421.12
Polyketide	viral nucleocapsid [GO:0019013]	421.12
Polyketide	virion membrane [GO:0055036]	421.12
Polyketide	host cell perinuclear region of cytoplasm [GO:0044220]	421.12
Polyketide	cytoplasm [GO:0005737]	194.09
Polyketide	mitochondrial envelope [GO:0005740]	250.81
Polyketide	mitochondrial outer membrane [GO:0005741]	250.81
Polyketide	mitochondrion [GO:0005739]	250.81
Polyketide	cytoplasmic side of endoplasmic reticulum membrane [GO:0098554]	440.16
Polyketide	protein-containing complex [GO:0032991]	440.16
Polyketide	endoplasmic reticulum [GO:0005783]	440.16
Polyketide	sorting endosome [GO:0097443]	440.16
Polyketide	endosome lumen [GO:0031904]	440.16
Polyketide	early endosome [GO:0005769]	440.16
Polyketide	cytosol [GO:0005829]	440.16
Polyketide	mitochondrial crista [GO:0030061]	440.16
Polyketide	mitochondrial matrix [GO:0005759]	440.16
Polyketide	cytoplasm [GO:0005737]	440.16
Polyketide	transcription repressor complex [GO:0017053]	482.94
Polyketide	nucleoplasm [GO:0005654]	482.94
Polyketide	nucleus [GO:0005634]	482.94
Polyketide	nucleoplasm [GO:0005654]	302.68
Polyketide	chromatin [GO:0000785]	302.68
Polyketide	node of Ranvier [GO:0033268]	310.7
Polyketide	synapse [GO:0045202]	310.7
Polyketide	plasma membrane [GO:0005886]	310.7
Polyketide	axon initial segment [GO:0043194]	310.7
Polyketide	voltage-gated potassium channel complex [GO:0008076]	310.7
Polyketide	PML body [GO:0016605]	196.3
Polyketide	Sin3 complex [GO:0016580]	196.3
Polyketide	protein kinase CK2 complex [GO:0005956]	196.3
Polyketide	cytosol [GO:0005829]	196.3
Polyketide	nucleoplasm [GO:0005654]	196.3
Polyketide	plasma membrane [GO:0005886]	196.3
Polyketide	nucleus [GO:0005634]	196.3
Polyketide	node of Ranvier [GO:0033268]	305.73
Polyketide	synapse [GO:0045202]	305.73
Polyketide	plasma membrane [GO:0005886]	305.73
Polyketide	axon initial segment [GO:0043194]	305.73
Polyketide	voltage-gated potassium channel complex [GO:0008076]	305.73
Polyketide	centrosome [GO:0005813]	315.19
Polyketide	midbody [GO:0030496]	315.19
Polyketide	cyclin A2-CDK1 complex [GO:0097122]	315.19
Polyketide	mitotic spindle [GO:0072686]	315.19
Polyketide	cytosol [GO:0005829]	315.19
Polyketide	cyclin-dependent protein kinase holoenzyme complex [GO:0000307]	315.19
Polyketide	extracellular exosome [GO:0070062]	315.19
Polyketide	nucleoplasm [GO:0005654]	315.19
Polyketide	endoplasmic reticulum membrane [GO:0005789]	315.19
Polyketide	membrane [GO:0016020]	315.19
Polyketide	mitochondrion [GO:0005739]	315.19
Polyketide	chromosome, telomeric region [GO:0000781]	315.19
Polyketide	nucleus [GO:0005634]	315.19
Polyketide	spindle microtubule [GO:0005876]	315.19
Polyketide	mitochondrial matrix [GO:0005759]	315.19
Polyketide	cyclin B1-CDK1 complex [GO:0097125]	315.19
Polyketide	cytoplasm [GO:0005737]	315.19
Polyketide	plasma membrane [GO:0005886]	307.63
Polyketide	plasma membrane [GO:0005886]	349.37
Polyketide	periplasmic side of plasma membrane [GO:0098567]	349.37
Polyketide	membrane [GO:0016020]	349.37
Polyketide	outer membrane-bounded periplasmic space [GO:0030288]	349.37
Polyketide	efflux pump complex [GO:1990281]	349.37
Polyketide	postsynaptic density [GO:0014069]	193.1
Polyketide	glutamatergic synapse [GO:0098978]	193.1
Polyketide	plasma membrane [GO:0005886]	193.1
Polyketide	DAPK1-calmodulin complex [GO:1990722]	193.1
Polyketide	actin cytoskeleton [GO:0015629]	193.1
Polyketide	nucleus [GO:0005634]	193.1
Polyketide	cytoplasm [GO:0005737]	193.1
Polyketide	pericentric heterochromatin [GO:0005721]	192.68
Polyketide	endoplasmic reticulum [GO:0005783]	192.68
Polyketide	intracellular membrane-bounded organelle [GO:0043231]	192.68
Polyketide	nucleoplasm [GO:0005654]	192.68
Polyketide	site of DNA damage [GO:0090734]	192.68
Polyketide	chromatin [GO:0000785]	192.68
Polyketide	nucleus [GO:0005634]	192.68
Polyketide	site of double-strand break [GO:0035861]	192.68
Polyketide	chromosome, subtelomeric region [GO:0099115]	192.68
Polyketide	mitochondrial proton-transporting ATP synthase complex [GO:0005753]	600.9
Polyketide	cytosol [GO:0005829]	600.9
Polyketide	mitochondrial proton-transporting ATP synthase complex, coupling factor F(o) [GO:0000276]	600.9
Polyketide	mitochondrion [GO:0005739]	600.9
Polyketide	mitochondrial intermembrane space [GO:0005758]	600.9
Polyketide	mitochondrial inner membrane [GO:0005743]	600.9
Polyketide	mitochondrial matrix [GO:0005759]	203.48
Polyketide	mitochondrion [GO:0005739]	203.48
Polyketide	extracellular exosome [GO:0070062]	203.48
Polyketide	proton-transporting ATP synthase complex, catalytic core F(1) [GO:0045261]	948.44
Polyketide	nuclear envelope [GO:0005635]	182.38
Polyketide	perinuclear region of cytoplasm [GO:0048471]	182.38
Polyketide	cytosol [GO:0005829]	182.38
Polyketide	pericentriolar material [GO:0000242]	182.38
Polyketide	Golgi membrane [GO:0000139]	182.38
Polyketide	chromosome, telomeric region [GO:0000781]	182.38
Polyketide	nucleus [GO:0005634]	182.38
Polyketide	cytoplasm [GO:0005737]	182.38
Polyketide	plasma membrane [GO:0005886]	353.65
Polyketide	proton-transporting ATP synthase complex, coupling factor F(o) [GO:0045263]	353.65
Polyketide	nuclear envelope [GO:0005635]	237.72
Polyketide	perinuclear region of cytoplasm [GO:0048471]	237.72
Polyketide	cytosol [GO:0005829]	237.72
Polyketide	pericentriolar material [GO:0000242]	237.72
Polyketide	Golgi membrane [GO:0000139]	237.72
Polyketide	chromosome, telomeric region [GO:0000781]	237.72
Polyketide	nucleus [GO:0005634]	237.72
Polyketide	cytoplasm [GO:0005737]	237.72
Polyketide	cytosol [GO:0005829]	190.58
Polyketide	mitochondrial proton-transporting ATP synthase complex [GO:0005753]	628.4
Polyketide	cytosol [GO:0005829]	628.4
Polyketide	mitochondrial proton-transporting ATP synthase complex, coupling factor F(o) [GO:0000276]	628.4
Polyketide	mitochondrion [GO:0005739]	628.4
Polyketide	mitochondrial intermembrane space [GO:0005758]	628.4
Polyketide	mitochondrial inner membrane [GO:0005743]	628.4
Polyketide	plasma membrane [GO:0005886]	878.12
Polyketide	DNA-directed RNA polymerase complex [GO:0000428]	878.12
Polyketide	cytosol [GO:0005829]	878.12
Polyketide	peptidoglycan-based cell wall [GO:0009274]	878.12
Polyketide	membrane [GO:0016020]	584.83
Polyketide	transporter complex [GO:1990351]	464.71
Polyketide	plasma membrane [GO:0005886]	464.71
Polyketide	membrane [GO:0016020]	464.71
Polyketide	ATP-binding cassette (ABC) transporter complex [GO:0043190]	464.71
Polyketide	cytoplasm [GO:0005737]	464.71
Polyketide	nuclear periphery [GO:0034399]	355.17
Polyketide	main axon [GO:0044304]	355.17
Polyketide	neurofibrillary tangle [GO:0097418]	355.17
Polyketide	neuron projection [GO:0043005]	355.17
Polyketide	somatodendritic compartment [GO:0036477]	355.17
Polyketide	microtubule [GO:0005874]	355.17
Polyketide	cytoplasm [GO:0005737]	355.17
Polyketide	neuronal cell body [GO:0043025]	355.17
Polyketide	cell body [GO:0044297]	355.17
Polyketide	nuclear speck [GO:0016607]	355.17
Polyketide	growth cone [GO:0030426]	355.17
Polyketide	membrane raft [GO:0045121]	355.17
Polyketide	dendrite [GO:0030425]	355.17
Polyketide	tubulin complex [GO:0045298]	355.17
Polyketide	microtubule cytoskeleton [GO:0015630]	355.17
Polyketide	cytosol [GO:0005829]	355.17
Polyketide	axolemma [GO:0030673]	355.17
Polyketide	glial cell projection [GO:0097386]	355.17
Polyketide	dendritic spine [GO:0043197]	355.17
Polyketide	extracellular region [GO:0005576]	355.17
Polyketide	cytoplasmic ribonucleoprotein granule [GO:0036464]	355.17
Polyketide	nucleus [GO:0005634]	355.17
Polyketide	axon cytoplasm [GO:1904115]	355.17
Polyketide	plasma membrane [GO:0005886]	355.17
Polyketide	mitochondrion [GO:0005739]	355.17
Polyketide	axon [GO:0030424]	355.17
Polyketide	RSC-type complex [GO:0016586]	175.0
Polyketide	kinetochore [GO:0000776]	175.0
Polyketide	SWI/SNF complex [GO:0016514]	175.0
Polyketide	nucleoplasm [GO:0005654]	175.0
Polyketide	nuclear matrix [GO:0016363]	175.0
Polyketide	chromatin [GO:0000785]	175.0
Polyketide	nuclear chromosome [GO:0000228]	175.0
Polyketide	nucleus [GO:0005634]	175.0
Polyketide	collagen-containing extracellular matrix [GO:0062023]	460.59
Polyketide	cytoplasm [GO:0005737]	460.59
Polyketide	secretory granule membrane [GO:0030667]	460.59
Polyketide	cytosol [GO:0005829]	460.59
Polyketide	ficolin-1-rich granule membrane [GO:0101003]	460.59
Polyketide	immunological synapse [GO:0001772]	460.59
Polyketide	extracellular exosome [GO:0070062]	460.59
Polyketide	spliceosomal complex [GO:0005681]	460.59
Polyketide	nucleoplasm [GO:0005654]	460.59
Polyketide	membrane [GO:0016020]	460.59
Polyketide	plasma membrane [GO:0005886]	460.59
Polyketide	extracellular region [GO:0005576]	460.59
Polyketide	extracellular space [GO:0005615]	460.59
Polyketide	nucleus [GO:0005634]	460.59
Polyketide	cell surface [GO:0009986]	460.59
Polyketide	mitochondrial inner membrane [GO:0005743]	460.59
Polyketide	dendrite [GO:0030425]	728.96
Polyketide	PML body [GO:0016605]	728.96
Polyketide	nuclear envelope [GO:0005635]	728.96
Polyketide	lysosome [GO:0005764]	728.96
Polyketide	endomembrane system [GO:0012505]	728.96
Polyketide	mitochondrial outer membrane [GO:0005741]	728.96
Polyketide	cytosol [GO:0005829]	728.96
Polyketide	Golgi membrane [GO:0000139]	728.96
Polyketide	nucleoplasm [GO:0005654]	728.96
Polyketide	endoplasmic reticulum membrane [GO:0005789]	728.96
Polyketide	membrane [GO:0016020]	728.96
Polyketide	TORC1 complex [GO:0031931]	728.96
Polyketide	nucleus [GO:0005634]	728.96
Polyketide	TORC2 complex [GO:0031932]	728.96
Polyketide	lysosomal membrane [GO:0005765]	728.96
Polyketide	cytoplasm [GO:0005737]	728.96
Polyketide	phagocytic vesicle [GO:0045335]	728.96
Polyketide	protein-containing complex [GO:0032991]	373.82
Polyketide	cytosol [GO:0005829]	373.82
Polyketide	nucleoplasm [GO:0005654]	373.82
Polyketide	membrane [GO:0016020]	373.82
Polyketide	plasma membrane [GO:0005886]	373.82
Polyketide	euchromatin [GO:0000791]	373.82
Polyketide	chromatin [GO:0000785]	373.82
Polyketide	transcription regulator complex [GO:0005667]	373.82
Polyketide	nucleus [GO:0005634]	373.82
Polyketide	cytoplasm [GO:0005737]	373.82
Polyketide	Golgi apparatus [GO:0005794]	373.82
Polyketide	cell body [GO:0044297]	514.85
Polyketide	actin filament [GO:0005884]	514.85
Polyketide	skeletal muscle myofibril [GO:0098723]	514.85
Polyketide	stress fiber [GO:0001725]	514.85
Polyketide	filamentous actin [GO:0031941]	514.85
Polyketide	actin filament bundle [GO:0032432]	514.85
Polyketide	lamellipodium [GO:0030027]	514.85
Polyketide	striated muscle thin filament [GO:0005865]	514.85
Polyketide	cytoplasm [GO:0005737]	514.85
Polyketide	filopodium [GO:0030175]	514.85
Polyketide	host cell nucleus [GO:0042025]	245.19
Polyketide	membrane [GO:0016020]	245.19
Polyketide	T=pseudo3 icosahedral viral capsid [GO:0039618]	245.19
Polyketide	host cell cytoplasmic vesicle membrane [GO:0044162]	245.19
Polyketide	skeletal muscle myofibril [GO:0098723]	216.17
Polyketide	extracellular region [GO:0005576]	703.09
Polyketide	node of Ranvier [GO:0033268]	290.13
Polyketide	synapse [GO:0045202]	290.13
Polyketide	plasma membrane [GO:0005886]	290.13
Polyketide	axon initial segment [GO:0043194]	290.13
Polyketide	voltage-gated potassium channel complex [GO:0008076]	290.13
Polyketide	membrane [GO:0016020]	451.29
Polyketide	node of Ranvier [GO:0033268]	315.7
Polyketide	synapse [GO:0045202]	315.7
Polyketide	plasma membrane [GO:0005886]	315.7
Polyketide	axon initial segment [GO:0043194]	315.7
Polyketide	voltage-gated potassium channel complex [GO:0008076]	315.7
Polyketide	cytosol [GO:0005829]	144.89
Polyketide	plasma membrane [GO:0005886]	144.89
Polyketide	peptidoglycan-based cell wall [GO:0009274]	144.89
Polyketide	efflux pump complex [GO:1990281]	495.11
Polyketide	outer membrane-bounded periplasmic space [GO:0030288]	495.11
Polyketide	periplasmic side of plasma membrane [GO:0098567]	495.11
Polyketide	plasma membrane [GO:0005886]	495.11
Polyketide	membrane [GO:0016020]	495.11
Polyketide	nucleoplasm [GO:0005654]	336.72
Polyketide	chromatin [GO:0000785]	336.72
Polyketide	host cell nucleus [GO:0042025]	242.76
Polyketide	host cell endoplasmic reticulum membrane [GO:0044167]	242.76
Polyketide	host cell endoplasmic reticulum-Golgi intermediate compartment [GO:0044172]	242.76
Polyketide	host cell Golgi apparatus [GO:0044177]	242.76
Polyketide	host cell endosome [GO:0044174]	242.76
Polyketide	membrane [GO:0016020]	242.76
Polyketide	double membrane vesicle viral factory outer membrane [GO:0062243]	242.76
Polyketide	host cell perinuclear region of cytoplasm [GO:0044220]	242.76
Polyketide	protein-DNA complex [GO:0032993]	401.27
Polyketide	cell body [GO:0044297]	559.07
Polyketide	actin filament [GO:0005884]	559.07
Polyketide	skeletal muscle myofibril [GO:0098723]	559.07
Polyketide	stress fiber [GO:0001725]	559.07
Polyketide	filamentous actin [GO:0031941]	559.07
Polyketide	actin filament bundle [GO:0032432]	559.07
Polyketide	lamellipodium [GO:0030027]	559.07
Polyketide	striated muscle thin filament [GO:0005865]	559.07
Polyketide	cytoplasm [GO:0005737]	559.07
Polyketide	filopodium [GO:0030175]	559.07
Polyketide	extracellular region [GO:0005576]	179.22
Polyketide	extracellular exosome [GO:0070062]	179.22
Polyketide	azurophil granule lumen [GO:0035578]	179.22
Polyketide	extracellular space [GO:0005615]	179.22
Polyketide	dendrite [GO:0030425]	682.69
Polyketide	PML body [GO:0016605]	682.69
Polyketide	nuclear envelope [GO:0005635]	682.69
Polyketide	lysosome [GO:0005764]	682.69
Polyketide	endomembrane system [GO:0012505]	682.69
Polyketide	mitochondrial outer membrane [GO:0005741]	682.69
Polyketide	cytosol [GO:0005829]	682.69
Polyketide	Golgi membrane [GO:0000139]	682.69
Polyketide	nucleoplasm [GO:0005654]	682.69
Polyketide	endoplasmic reticulum membrane [GO:0005789]	682.69
Polyketide	membrane [GO:0016020]	682.69
Polyketide	TORC1 complex [GO:0031931]	682.69
Polyketide	nucleus [GO:0005634]	682.69
Polyketide	TORC2 complex [GO:0031932]	682.69
Polyketide	lysosomal membrane [GO:0005765]	682.69
Polyketide	cytoplasm [GO:0005737]	682.69
Polyketide	phagocytic vesicle [GO:0045335]	682.69
Polyketide	extracellular space [GO:0005615]	217.79
Polyketide	azurophil granule lumen [GO:0035578]	217.79
Polyketide	extracellular region [GO:0005576]	217.79
Polyketide	extracellular exosome [GO:0070062]	217.79
Polyketide	sarcoplasmic reticulum membrane [GO:0033017]	603.68
Polyketide	cytoplasmic side of membrane [GO:0098562]	603.68
Polyketide	cytosol [GO:0005829]	603.68
Polyketide	Z disc [GO:0030018]	603.68
Polyketide	sarcoplasmic reticulum [GO:0016529]	603.68
Polyketide	extracellular exosome [GO:0070062]	603.68
Polyketide	membrane [GO:0016020]	603.68
Polyketide	ryanodine receptor complex [GO:1990425]	603.68
Polyketide	cytoplasm [GO:0005737]	603.68
Polyketide	extracellular space [GO:0005615]	239.64
Polyketide	azurophil granule lumen [GO:0035578]	239.64
Polyketide	extracellular region [GO:0005576]	239.64
Polyketide	extracellular exosome [GO:0070062]	239.64
Polyketide	cytoplasm [GO:0005737]	293.41
Polyketide	plasma membrane [GO:0005886]	184.16
Polyketide	chloride channel complex [GO:0034707]	269.57
Polyketide	postsynaptic membrane [GO:0045211]	269.57
Polyketide	perikaryon [GO:0043204]	269.57
Polyketide	membrane [GO:0016020]	269.57
Polyketide	plasma membrane [GO:0005886]	269.57
Polyketide	dendrite [GO:0030425]	269.57
Polyketide	neuron projection [GO:0043005]	269.57
Polyketide	synapse [GO:0045202]	269.57
Polyketide	host cell nucleus [GO:0042025]	423.92
Polyketide	protein-containing complex [GO:0032991]	423.92
Polyketide	host cell plasma membrane [GO:0020002]	423.92
Polyketide	host cell lipid droplet [GO:0044186]	423.92
Polyketide	viral envelope [GO:0019031]	423.92
Polyketide	host cell endoplasmic reticulum membrane [GO:0044167]	423.92
Polyketide	host cell mitochondrial membrane [GO:0044191]	423.92
Polyketide	ribonucleoprotein complex [GO:1990904]	423.92
Polyketide	membrane [GO:0016020]	423.92
Polyketide	viral nucleocapsid [GO:0019013]	423.92
Polyketide	virion membrane [GO:0055036]	423.92
Polyketide	host cell perinuclear region of cytoplasm [GO:0044220]	423.92
Polyketide	voltage-gated potassium channel complex [GO:0008076]	458.57
Polyketide	endoplasmic reticulum [GO:0005783]	458.57
Polyketide	cell surface [GO:0009986]	458.57
Polyketide	apical plasma membrane [GO:0016324]	458.57
Polyketide	plasma membrane [GO:0005886]	458.57
Polyketide	endoplasmic reticulum membrane [GO:0005789]	458.57
Polyketide	astrocyte projection [GO:0097449]	458.57
Polyketide	calyx of Held [GO:0044305]	458.57
Polyketide	neuronal cell body [GO:0043025]	458.57
Polyketide	vacuolar proton-transporting V-type ATPase, V0 domain [GO:0000220]	501.47
Polyketide	synaptic vesicle membrane [GO:0030672]	501.47
Polyketide	clathrin-coated vesicle membrane [GO:0030665]	501.47
Polyketide	extracellular space [GO:0005615]	203.0
Polyketide	azurophil granule lumen [GO:0035578]	203.0
Polyketide	extracellular region [GO:0005576]	203.0
Polyketide	extracellular exosome [GO:0070062]	203.0
Polyketide	extracellular region [GO:0005576]	231.47
Polyketide	extracellular exosome [GO:0070062]	231.47
Polyketide	secretory granule lumen [GO:0034774]	231.47
Polyketide	cytosol [GO:0005829]	231.47
Polyketide	specific granule lumen [GO:0035580]	231.47
Polyketide	nucleoplasm [GO:0005654]	231.47
Polyketide	nucleus [GO:0005634]	231.47
Polyketide	protein-containing complex [GO:0032991]	420.39
Polyketide	cytosol [GO:0005829]	420.39
Polyketide	nucleoplasm [GO:0005654]	420.39
Polyketide	membrane [GO:0016020]	420.39
Polyketide	plasma membrane [GO:0005886]	420.39
Polyketide	euchromatin [GO:0000791]	420.39
Polyketide	chromatin [GO:0000785]	420.39
Polyketide	transcription regulator complex [GO:0005667]	420.39
Polyketide	nucleus [GO:0005634]	420.39
Polyketide	cytoplasm [GO:0005737]	420.39
Polyketide	Golgi apparatus [GO:0005794]	420.39
Polyketide	periplasmic space [GO:0042597]	188.88
Polyketide	plasma membrane [GO:0005886]	401.54
Polyketide	periplasmic space [GO:0042597]	978.08
Polyketide	dendrite [GO:0030425]	254.92
Polyketide	cytosol [GO:0005829]	254.92
Polyketide	synapse [GO:0045202]	254.92
Polyketide	nucleus [GO:0005634]	254.92
Polyketide	cytoplasm [GO:0005737]	254.92
Polyketide	neuronal cell body [GO:0043025]	254.92
Polyketide	epidermal lamellar body [GO:0097209]	159.45
Polyketide	extracellular region [GO:0005576]	159.45
Polyketide	extracellular space [GO:0005615]	159.45
Polyketide	secretory granule [GO:0030141]	159.45
Polyketide	cornified envelope [GO:0001533]	159.45
Polyketide	dendrite [GO:0030425]	771.07
Polyketide	chloride channel complex [GO:0034707]	771.07
Polyketide	neuron projection [GO:0043005]	771.07
Polyketide	plasma membrane [GO:0005886]	771.07
Polyketide	membrane [GO:0016020]	771.07
Polyketide	postsynaptic membrane [GO:0045211]	771.07
Polyketide	synapse [GO:0045202]	771.07
Polyketide	perikaryon [GO:0043204]	771.07
Polyketide	calcium channel complex [GO:0034704]	290.07
Polyketide	voltage-gated calcium channel complex [GO:0005891]	290.07
Polyketide	perinuclear region of cytoplasm [GO:0048471]	290.07
Polyketide	apical plasma membrane [GO:0016324]	290.07
Polyketide	cytosol [GO:0005829]	290.07
Polyketide	plasma membrane [GO:0005886]	290.07
Polyketide	membrane [GO:0016020]	290.07
Polyketide	nucleus [GO:0005634]	290.07
Polyketide	microtubule organizing center [GO:0005815]	290.07
Polyketide	nuclear chromosome [GO:0000228]	252.91
Polyketide	histone deacetylase complex [GO:0000118]	252.91
Polyketide	cytoplasm [GO:0005737]	252.91
Polyketide	nucleoplasm [GO:0005654]	252.91
Polyketide	nucleus [GO:0005634]	252.91
Polyketide	host cell plasma membrane [GO:0020002]	389.23
Polyketide	host cell cytosol [GO:0044164]	389.23
Polyketide	membrane [GO:0016020]	389.23
Polyketide	extracellular region [GO:0005576]	389.23
Polyketide	host cell cytoplasmic vesicle [GO:0044161]	389.23
Polyketide	host cell presynaptic membrane [GO:0044231]	389.23
Polyketide	protein-containing complex [GO:0032991]	382.89
Polyketide	cytosol [GO:0005829]	382.89
Polyketide	nucleoplasm [GO:0005654]	382.89
Polyketide	membrane [GO:0016020]	382.89
Polyketide	plasma membrane [GO:0005886]	382.89
Polyketide	euchromatin [GO:0000791]	382.89
Polyketide	chromatin [GO:0000785]	382.89
Polyketide	transcription regulator complex [GO:0005667]	382.89
Polyketide	nucleus [GO:0005634]	382.89
Polyketide	cytoplasm [GO:0005737]	382.89
Polyketide	Golgi apparatus [GO:0005794]	382.89
Polyketide	cytoplasm [GO:0005737]	198.28
Polyketide	vesicle [GO:0031982]	160.61
Polyketide	cytoplasm [GO:0005737]	160.61
Polyketide	secretory granule lumen [GO:0034774]	160.61
Polyketide	cytosol [GO:0005829]	160.61
Polyketide	ficolin-1-rich granule lumen [GO:1904813]	160.61
Polyketide	extracellular exosome [GO:0070062]	160.61
Polyketide	nucleoplasm [GO:0005654]	160.61
Polyketide	plasma membrane [GO:0005886]	160.61
Polyketide	extracellular region [GO:0005576]	160.61
Polyketide	extracellular space [GO:0005615]	160.61
Polyketide	cell surface [GO:0009986]	160.61
Polyketide	nuclear speck [GO:0016607]	445.37
Polyketide	dendrite [GO:0030425]	445.37
Polyketide	cytoplasm [GO:0005737]	445.37
Polyketide	nucleoplasm [GO:0005654]	445.37
Polyketide	cytoskeleton [GO:0005856]	445.37
Polyketide	axon [GO:0030424]	445.37
Polyketide	ribonucleoprotein complex [GO:1990904]	445.37
Polyketide	nucleus [GO:0005634]	445.37
Polyketide	cytosol [GO:0005829]	192.39
Polyketide	transcription regulator complex [GO:0005667]	192.39
Polyketide	chromatin [GO:0000785]	192.39
Polyketide	receptor complex [GO:0043235]	192.39
Polyketide	mitochondrion [GO:0005739]	192.39
Polyketide	RNA polymerase II transcription regulator complex [GO:0090575]	192.39
Polyketide	nucleoplasm [GO:0005654]	192.39
Polyketide	nucleus [GO:0005634]	192.39
Polyketide	cytosol [GO:0005829]	213.29
Polyketide	protein kinase CK2 complex [GO:0005956]	213.29
Polyketide	nucleus [GO:0005634]	213.29
Polyketide	protein-containing complex [GO:0032991]	238.03
Polyketide	cytosol [GO:0005829]	238.03
Polyketide	nucleoplasm [GO:0005654]	238.03
Polyketide	membrane [GO:0016020]	238.03
Polyketide	plasma membrane [GO:0005886]	238.03
Polyketide	euchromatin [GO:0000791]	238.03
Polyketide	chromatin [GO:0000785]	238.03
Polyketide	transcription regulator complex [GO:0005667]	238.03
Polyketide	nucleus [GO:0005634]	238.03
Polyketide	cytoplasm [GO:0005737]	238.03
Polyketide	Golgi apparatus [GO:0005794]	238.03
Polyketide	mitotic actomyosin contractile ring, intermediate layer [GO:0120105]	578.07
Polyketide	calcineurin complex [GO:0005955]	578.07
Polyketide	endoplasmic reticulum [GO:0005783]	375.53
Polyketide	ribonucleoprotein complex [GO:1990904]	375.53
Polyketide	cytosol [GO:0005829]	375.53
Polyketide	plasma membrane [GO:0005886]	375.53
Polyketide	ribosome [GO:0005840]	375.53
Polyketide	extracellular exosome [GO:0070062]	316.18
Polyketide	cytosol [GO:0005829]	316.18
Polyketide	dendrite [GO:0030425]	316.18
Polyketide	glutamatergic synapse [GO:0098978]	316.18
Polyketide	axon [GO:0030424]	316.18
Polyketide	filopodium tip [GO:0032433]	316.18
Polyketide	plasma membrane [GO:0005886]	316.18
Polyketide	membrane raft [GO:0045121]	316.18
Polyketide	extracellular region [GO:0005576]	316.18
Polyketide	early endosome membrane [GO:0031901]	316.18
Polyketide	endoplasmic reticulum [GO:0005783]	316.18
Polyketide	protein-containing complex [GO:0032991]	229.86
Polyketide	cytosol [GO:0005829]	229.86
Polyketide	nucleoplasm [GO:0005654]	229.86
Polyketide	membrane [GO:0016020]	229.86
Polyketide	plasma membrane [GO:0005886]	229.86
Polyketide	euchromatin [GO:0000791]	229.86
Polyketide	chromatin [GO:0000785]	229.86
Polyketide	transcription regulator complex [GO:0005667]	229.86
Polyketide	nucleus [GO:0005634]	229.86
Polyketide	cytoplasm [GO:0005737]	229.86
Polyketide	Golgi apparatus [GO:0005794]	229.86
Polyketide	protein-containing complex [GO:0032991]	162.2
Polyketide	cytosol [GO:0005829]	162.2
Polyketide	nucleoplasm [GO:0005654]	162.2
Polyketide	membrane [GO:0016020]	162.2
Polyketide	plasma membrane [GO:0005886]	162.2
Polyketide	euchromatin [GO:0000791]	162.2
Polyketide	chromatin [GO:0000785]	162.2
Polyketide	transcription regulator complex [GO:0005667]	162.2
Polyketide	nucleus [GO:0005634]	162.2
Polyketide	cytoplasm [GO:0005737]	162.2
Polyketide	Golgi apparatus [GO:0005794]	162.2
Polyketide	protein-containing complex [GO:0032991]	434.81
Polyketide	endocytic vesicle membrane [GO:0030666]	434.81
Polyketide	cytosol [GO:0005829]	434.81
Polyketide	transcription repressor complex [GO:0017053]	434.81
Polyketide	nucleoplasm [GO:0005654]	434.81
Polyketide	plasma membrane [GO:0005886]	434.81
Polyketide	nucleus [GO:0005634]	434.81
Polyketide	cytoplasm [GO:0005737]	434.81
Polyketide	nucleolus [GO:0005730]	434.81
Polyketide	endoplasmic reticulum lumen [GO:0005788]	380.15
Polyketide	endosome [GO:0005768]	380.15
Polyketide	Golgi-associated vesicle lumen [GO:0070931]	380.15
Polyketide	cell surface [GO:0009986]	380.15
Polyketide	neuronal cell body [GO:0043025]	380.15
Polyketide	recycling endosome [GO:0055037]	380.15
Polyketide	trans-Golgi network [GO:0005802]	380.15
Polyketide	endosome membrane [GO:0010008]	380.15
Polyketide	synaptic vesicle [GO:0008021]	380.15
Polyketide	lysosome [GO:0005764]	380.15
Polyketide	membrane raft [GO:0045121]	380.15
Polyketide	Golgi apparatus [GO:0005794]	380.15
Polyketide	dendrite [GO:0030425]	380.15
Polyketide	early endosome [GO:0005769]	380.15
Polyketide	membrane [GO:0016020]	380.15
Polyketide	multivesicular body [GO:0005771]	380.15
Polyketide	plasma membrane [GO:0005886]	380.15
Polyketide	hippocampal mossy fiber to CA3 synapse [GO:0098686]	380.15
Polyketide	axon [GO:0030424]	380.15
Polyketide	late endosome [GO:0005770]	380.15
Polyketide	bicellular tight junction [GO:0005923]	213.27
Polyketide	cytosol [GO:0005829]	213.27
Polyketide	Golgi membrane [GO:0000139]	213.27
Polyketide	plasma membrane [GO:0005886]	213.27
Polyketide	membrane [GO:0016020]	213.27
Polyketide	growth cone [GO:0030426]	213.27
Polyketide	adherens junction [GO:0005912]	213.27
Polyketide	cytoplasm [GO:0005737]	213.27
Polyketide	protein-containing complex [GO:0032991]	302.85
Polyketide	cytosol [GO:0005829]	302.85
Polyketide	nucleoplasm [GO:0005654]	302.85
Polyketide	membrane [GO:0016020]	302.85
Polyketide	plasma membrane [GO:0005886]	302.85
Polyketide	euchromatin [GO:0000791]	302.85
Polyketide	chromatin [GO:0000785]	302.85
Polyketide	transcription regulator complex [GO:0005667]	302.85
Polyketide	nucleus [GO:0005634]	302.85
Polyketide	cytoplasm [GO:0005737]	302.85
Polyketide	Golgi apparatus [GO:0005794]	302.85
Polyketide	nuclear chromosome [GO:0000228]	227.28
Polyketide	histone deacetylase complex [GO:0000118]	227.28
Polyketide	cytoplasm [GO:0005737]	227.28
Polyketide	nucleoplasm [GO:0005654]	227.28
Polyketide	nucleus [GO:0005634]	227.28
Polyketide	extracellular region [GO:0005576]	133.89
Polyketide	cytoplasm [GO:0005737]	345.2
Polyketide	host cell nucleus [GO:0042025]	201.02
Polyketide	host cell plasma membrane [GO:0020002]	201.02
Polyketide	membrane [GO:0016020]	201.02
Polyketide	viral nucleocapsid [GO:0019013]	201.02
Polyketide	host multivesicular body [GO:0072494]	201.02
Polyketide	virion membrane [GO:0055036]	201.02
Polyketide	chromosome [GO:0005694]	403.59
Polyketide	DNA topoisomerase type II (double strand cut, ATP-hydrolyzing) complex [GO:0009330]	403.59
Polyketide	cytoplasm [GO:0005737]	403.59
Polyketide	cytosol [GO:0005829]	403.59
Polyketide	chromosome [GO:0005694]	509.75
Polyketide	cytoplasm [GO:0005737]	509.75
Polyketide	skeletal muscle myofibril [GO:0098723]	300.51
Polyketide	lamellipodium [GO:0030027]	300.51
Polyketide	cytoplasm [GO:0005737]	300.51
Polyketide	actin filament bundle [GO:0032432]	300.51
Polyketide	stress fiber [GO:0001725]	300.51
Polyketide	actin filament [GO:0005884]	300.51
Polyketide	filamentous actin [GO:0031941]	300.51
Polyketide	cell body [GO:0044297]	300.51
Polyketide	striated muscle thin filament [GO:0005865]	300.51
Polyketide	filopodium [GO:0030175]	300.51
Polyketide	efflux pump complex [GO:1990281]	537.37
Polyketide	outer membrane-bounded periplasmic space [GO:0030288]	537.37
Polyketide	periplasmic side of plasma membrane [GO:0098567]	537.37
Polyketide	plasma membrane [GO:0005886]	537.37
Polyketide	membrane [GO:0016020]	537.37
Polyketide	mitochondrial proton-transporting ATP synthase complex [GO:0005753]	727.48
Polyketide	cytosol [GO:0005829]	727.48
Polyketide	mitochondrial proton-transporting ATP synthase complex, coupling factor F(o) [GO:0000276]	727.48
Polyketide	mitochondrion [GO:0005739]	727.48
Polyketide	mitochondrial intermembrane space [GO:0005758]	727.48
Polyketide	mitochondrial inner membrane [GO:0005743]	727.48
Polyketide	PML body [GO:0016605]	180.25
Polyketide	Sin3 complex [GO:0016580]	180.25
Polyketide	protein kinase CK2 complex [GO:0005956]	180.25
Polyketide	cytosol [GO:0005829]	180.25
Polyketide	nucleoplasm [GO:0005654]	180.25
Polyketide	plasma membrane [GO:0005886]	180.25
Polyketide	nucleus [GO:0005634]	180.25
Polyketide	fibrillar center [GO:0001650]	211.48
Polyketide	nuclear inner membrane [GO:0005637]	211.48
Polyketide	heterochromatin [GO:0000792]	211.48
Polyketide	nuclear envelope [GO:0005635]	211.48
Polyketide	PML body [GO:0016605]	211.48
Polyketide	cytosol [GO:0005829]	211.48
Polyketide	eNoSc complex [GO:0061773]	211.48
Polyketide	rDNA heterochromatin [GO:0033553]	211.48
Polyketide	nucleoplasm [GO:0005654]	211.48
Polyketide	mitochondrion [GO:0005739]	211.48
Polyketide	euchromatin [GO:0000791]	211.48
Polyketide	chromatin [GO:0000785]	211.48
Polyketide	chromatin silencing complex [GO:0005677]	211.48
Polyketide	nucleus [GO:0005634]	211.48
Polyketide	cytoplasm [GO:0005737]	211.48
Polyketide	nucleolus [GO:0005730]	211.48
Polyketide	respirasome [GO:0070469]	297.45
Polyketide	mitochondrial inner membrane [GO:0005743]	297.45
Polyketide	extracellular space [GO:0005615]	308.96
Polyketide	azurophil granule lumen [GO:0035578]	308.96
Polyketide	extracellular region [GO:0005576]	308.96
Polyketide	extracellular exosome [GO:0070062]	308.96
Polyketide	nuclear chromosome [GO:0000228]	210.77
Polyketide	histone deacetylase complex [GO:0000118]	210.77
Polyketide	cytoplasm [GO:0005737]	210.77
Polyketide	nucleoplasm [GO:0005654]	210.77
Polyketide	nucleus [GO:0005634]	210.77
Polyketide	nucleoplasm [GO:0005654]	234.24
Polyketide	plasma membrane [GO:0005886]	234.24
Polyketide	actin cytoskeleton [GO:0015629]	234.24
Polyketide	Flemming body [GO:0090543]	234.24
Polyketide	nucleus [GO:0005634]	234.24
Polyketide	endoplasmic reticulum-Golgi intermediate compartment [GO:0005793]	234.24
Polyketide	protein-containing complex [GO:0032991]	239.86
Polyketide	cytosol [GO:0005829]	239.86
Polyketide	nucleoplasm [GO:0005654]	239.86
Polyketide	membrane [GO:0016020]	239.86
Polyketide	plasma membrane [GO:0005886]	239.86
Polyketide	euchromatin [GO:0000791]	239.86
Polyketide	chromatin [GO:0000785]	239.86
Polyketide	transcription regulator complex [GO:0005667]	239.86
Polyketide	nucleus [GO:0005634]	239.86
Polyketide	cytoplasm [GO:0005737]	239.86
Polyketide	Golgi apparatus [GO:0005794]	239.86
Polyketide	sarcoplasmic reticulum membrane [GO:0033017]	551.15
Polyketide	cytoplasmic side of membrane [GO:0098562]	551.15
Polyketide	cytosol [GO:0005829]	551.15
Polyketide	Z disc [GO:0030018]	551.15
Polyketide	sarcoplasmic reticulum [GO:0016529]	551.15
Polyketide	terminal cisterna [GO:0014802]	551.15
Polyketide	membrane [GO:0016020]	551.15
Polyketide	ryanodine receptor complex [GO:1990425]	551.15
Polyketide	cytoplasm [GO:0005737]	551.15
Polyketide	chloroplast stroma [GO:0009570]	238.48
Polyketide	endoplasmic reticulum [GO:0005783]	238.48
Polyketide	chloroplast [GO:0009507]	238.48
Polyketide	cytosol [GO:0005829]	238.48
Polyketide	intracellular membrane-bounded organelle [GO:0043231]	238.48
Polyketide	plasma membrane [GO:0005886]	238.48
Polyketide	apoplast [GO:0048046]	238.48
Polyketide	plasmodesma [GO:0009506]	238.48
Polyketide	plant-type vacuole [GO:0000325]	238.48
Polyketide	neuron projection [GO:0043005]	683.32
Polyketide	synapse [GO:0045202]	683.32
Polyketide	postsynaptic membrane [GO:0045211]	683.32
Polyketide	histone deacetylase complex [GO:0000118]	208.28
Polyketide	mitochondrial proton-transporting ATP synthase, catalytic core [GO:0005754]	501.98
Polyketide	proton-transporting ATP synthase complex, catalytic core F(1) [GO:0045261]	501.98
Polyketide	mitochondrial proton-transporting ATP synthase complex [GO:0005753]	501.98
Polyketide	cytosol [GO:0005829]	501.98
Polyketide	mitochondrial nucleoid [GO:0042645]	501.98
Polyketide	mitochondrion [GO:0005739]	501.98
Polyketide	mitochondrial intermembrane space [GO:0005758]	501.98
Polyketide	mitochondrial inner membrane [GO:0005743]	501.98
Polyketide	protein-containing complex [GO:0032991]	251.06
Polyketide	cytosol [GO:0005829]	251.06
Polyketide	nucleoplasm [GO:0005654]	251.06
Polyketide	membrane [GO:0016020]	251.06
Polyketide	plasma membrane [GO:0005886]	251.06
Polyketide	euchromatin [GO:0000791]	251.06
Polyketide	chromatin [GO:0000785]	251.06
Polyketide	transcription regulator complex [GO:0005667]	251.06
Polyketide	nucleus [GO:0005634]	251.06
Polyketide	cytoplasm [GO:0005737]	251.06
Polyketide	Golgi apparatus [GO:0005794]	251.06
Polyketide	cytosol [GO:0005829]	234.4
Polyketide	protein kinase CK2 complex [GO:0005956]	234.4
Polyketide	nucleus [GO:0005634]	234.4
Polyketide	cytoplasm [GO:0005737]	375.08
Polyketide	sarcoplasmic reticulum membrane [GO:0033017]	413.26
Polyketide	cytoplasmic side of membrane [GO:0098562]	413.26
Polyketide	cytosol [GO:0005829]	413.26
Polyketide	Z disc [GO:0030018]	413.26
Polyketide	sarcoplasmic reticulum [GO:0016529]	413.26
Polyketide	terminal cisterna [GO:0014802]	413.26
Polyketide	membrane [GO:0016020]	413.26
Polyketide	ryanodine receptor complex [GO:1990425]	413.26
Polyketide	cytoplasm [GO:0005737]	413.26
Polyketide	membrane [GO:0016020]	563.84
Polyketide	endoplasmic reticulum [GO:0005783]	563.84
Polyketide	endoplasmic reticulum membrane [GO:0005789]	563.84
Polyketide	endoplasmic reticulum [GO:0005783]	326.29
Polyketide	nuclear envelope [GO:0005635]	326.29
Polyketide	nuclear membrane [GO:0031965]	326.29
Polyketide	endoplasmic reticulum membrane [GO:0005789]	326.29
Polyketide	cytoplasmic vesicle [GO:0031410]	326.29
Polyketide	cytoplasm [GO:0005737]	149.67
Polyketide	nuclear envelope [GO:0005635]	191.85
Polyketide	perinuclear region of cytoplasm [GO:0048471]	191.85
Polyketide	cytosol [GO:0005829]	191.85
Polyketide	pericentriolar material [GO:0000242]	191.85
Polyketide	Golgi membrane [GO:0000139]	191.85
Polyketide	chromosome, telomeric region [GO:0000781]	191.85
Polyketide	nucleus [GO:0005634]	191.85
Polyketide	cytoplasm [GO:0005737]	191.85
Polyketide	protein-containing complex [GO:0032991]	364.84
Polyketide	cytosol [GO:0005829]	364.84
Polyketide	nucleoplasm [GO:0005654]	364.84
Polyketide	membrane [GO:0016020]	364.84
Polyketide	plasma membrane [GO:0005886]	364.84
Polyketide	euchromatin [GO:0000791]	364.84
Polyketide	chromatin [GO:0000785]	364.84
Polyketide	transcription regulator complex [GO:0005667]	364.84
Polyketide	nucleus [GO:0005634]	364.84
Polyketide	cytoplasm [GO:0005737]	364.84
Polyketide	Golgi apparatus [GO:0005794]	364.84
Polyketide	viral envelope [GO:0019031]	424.83
Polyketide	host cell plasma membrane [GO:0020002]	424.83
Polyketide	host cell lipid droplet [GO:0044186]	424.83
Polyketide	cytoplasm [GO:0005737]	424.83
Polyketide	host cell endoplasmic reticulum membrane [GO:0044167]	424.83
Polyketide	host cell mitochondrial membrane [GO:0044191]	424.83
Polyketide	ribonucleoprotein complex [GO:1990904]	424.83
Polyketide	lipid droplet [GO:0005811]	424.83
Polyketide	plasma membrane [GO:0005886]	424.83
Polyketide	viral nucleocapsid [GO:0019013]	424.83
Polyketide	virion membrane [GO:0055036]	424.83
Polyketide	host cell perinuclear region of cytoplasm [GO:0044220]	424.83
Polyketide	nucleoplasm [GO:0005654]	232.55
Polyketide	cytosol [GO:0005829]	232.55
Polyketide	extracellular exosome [GO:0070062]	232.55
Polyketide	fungal biofilm matrix [GO:0062040]	640.17
Polyketide	cytoplasm [GO:0005737]	640.17
Polyketide	extracellular region [GO:0005576]	640.17
Polyketide	protein-DNA complex [GO:0032993]	228.6
Polyketide	plasma membrane [GO:0005886]	137.0
Polyketide	plasma membrane [GO:0005886]	440.95
Polyketide	proton-transporting ATP synthase complex, coupling factor F(o) [GO:0045263]	440.95
Polyketide	dendrite [GO:0030425]	745.45
Polyketide	neuron projection [GO:0043005]	745.45
Polyketide	intracellular membrane-bounded organelle [GO:0043231]	745.45
Polyketide	plasma membrane [GO:0005886]	745.45
Polyketide	postsynaptic membrane [GO:0045211]	745.45
Polyketide	synapse [GO:0045202]	745.45
Polyketide	glycine-gated chloride channel complex [GO:0016935]	745.45
Polyketide	perikaryon [GO:0043204]	745.45
Polyketide	cytoplasm [GO:0005737]	276.7
Polyketide	membrane-bounded organelle [GO:0043227]	369.44
Polyketide	peroxisomal membrane [GO:0005778]	317.06
Polyketide	cytosol [GO:0005829]	317.06
Polyketide	peroxisomal matrix [GO:0005782]	317.06
Polyketide	peroxisome [GO:0005777]	317.06
Polyketide	cytoplasm [GO:0005737]	317.06
Polyketide	host cell nucleus [GO:0042025]	493.9
Polyketide	protein-containing complex [GO:0032991]	493.9
Polyketide	host cell plasma membrane [GO:0020002]	493.9
Polyketide	host cell lipid droplet [GO:0044186]	493.9
Polyketide	viral envelope [GO:0019031]	493.9
Polyketide	host cell endoplasmic reticulum membrane [GO:0044167]	493.9
Polyketide	host cell mitochondrial membrane [GO:0044191]	493.9
Polyketide	ribonucleoprotein complex [GO:1990904]	493.9
Polyketide	membrane [GO:0016020]	493.9
Polyketide	viral nucleocapsid [GO:0019013]	493.9
Polyketide	virion membrane [GO:0055036]	493.9
Polyketide	host cell perinuclear region of cytoplasm [GO:0044220]	493.9
Polyketide	plasma membrane [GO:0005886]	464.07
Polyketide	proton-transporting ATP synthase complex, coupling factor F(o) [GO:0045263]	464.07
Polyketide	protein-containing complex [GO:0032991]	425.36
Polyketide	endocytic vesicle membrane [GO:0030666]	425.36
Polyketide	cytosol [GO:0005829]	425.36
Polyketide	transcription repressor complex [GO:0017053]	425.36
Polyketide	nucleoplasm [GO:0005654]	425.36
Polyketide	plasma membrane [GO:0005886]	425.36
Polyketide	nucleus [GO:0005634]	425.36
Polyketide	cytoplasm [GO:0005737]	425.36
Polyketide	nucleolus [GO:0005730]	425.36
Polyketide	endoplasmic reticulum membrane [GO:0005789]	150.69
Polyketide	U5 snRNP [GO:0005682]	181.08
Polyketide	nucleus [GO:0005634]	181.08
Polyketide	U4/U6 x U5 tri-snRNP complex [GO:0046540]	181.08
Polyketide	catalytic step 2 spliceosome [GO:0071013]	181.08
Polyketide	cell body [GO:0044297]	544.03
Polyketide	actin filament [GO:0005884]	544.03
Polyketide	skeletal muscle myofibril [GO:0098723]	544.03
Polyketide	stress fiber [GO:0001725]	544.03
Polyketide	filamentous actin [GO:0031941]	544.03
Polyketide	actin filament bundle [GO:0032432]	544.03
Polyketide	lamellipodium [GO:0030027]	544.03
Polyketide	striated muscle thin filament [GO:0005865]	544.03
Polyketide	cytoplasm [GO:0005737]	544.03
Polyketide	filopodium [GO:0030175]	544.03
Polyketide	extracellular region [GO:0005576]	311.0
Polyketide	host cell cytoplasm [GO:0030430]	311.0
Polyketide	peroxisomal matrix [GO:0005782]	345.89
Polyketide	peroxisome [GO:0005777]	345.89
Polyketide	cytosol [GO:0005829]	345.89
Polyketide	extracellular exosome [GO:0070062]	345.89
Polyketide	proton-transporting ATP synthase complex, catalytic core F(1) [GO:0045261]	175.97
Polyketide	mitochondrial proton-transporting ATP synthase complex [GO:0005753]	175.97
Polyketide	extracellular space [GO:0005615]	187.55
Polyketide	azurophil granule lumen [GO:0035578]	187.55
Polyketide	extracellular region [GO:0005576]	187.55
Polyketide	extracellular exosome [GO:0070062]	187.55
Polyketide	protein-containing complex [GO:0032991]	398.99
Polyketide	endocytic vesicle membrane [GO:0030666]	398.99
Polyketide	cytosol [GO:0005829]	398.99
Polyketide	transcription repressor complex [GO:0017053]	398.99
Polyketide	nucleoplasm [GO:0005654]	398.99
Polyketide	plasma membrane [GO:0005886]	398.99
Polyketide	nucleus [GO:0005634]	398.99
Polyketide	cytoplasm [GO:0005737]	398.99
Polyketide	nucleolus [GO:0005730]	398.99
Polyketide	plasma membrane [GO:0005886]	223.1
Polyketide	calcium channel complex [GO:0034704]	223.1
Polyketide	nucleus [GO:0005634]	681.47
Polyketide	nucleolus [GO:0005730]	681.47
Polyketide	node of Ranvier [GO:0033268]	274.49
Polyketide	synapse [GO:0045202]	274.49
Polyketide	plasma membrane [GO:0005886]	274.49
Polyketide	axon initial segment [GO:0043194]	274.49
Polyketide	voltage-gated potassium channel complex [GO:0008076]	274.49
Polyketide	pericentric heterochromatin [GO:0005721]	228.17
Polyketide	endoplasmic reticulum [GO:0005783]	228.17
Polyketide	intracellular membrane-bounded organelle [GO:0043231]	228.17
Polyketide	nucleoplasm [GO:0005654]	228.17
Polyketide	site of DNA damage [GO:0090734]	228.17
Polyketide	chromatin [GO:0000785]	228.17
Polyketide	nucleus [GO:0005634]	228.17
Polyketide	site of double-strand break [GO:0035861]	228.17
Polyketide	chromosome, subtelomeric region [GO:0099115]	228.17
Polyketide	node of Ranvier [GO:0033268]	305.85
Polyketide	synapse [GO:0045202]	305.85
Polyketide	plasma membrane [GO:0005886]	305.85
Polyketide	axon initial segment [GO:0043194]	305.85
Polyketide	voltage-gated potassium channel complex [GO:0008076]	305.85
Polyketide	nucleus [GO:0005634]	651.9
Polyketide	cytoplasm [GO:0005737]	651.9
Polyketide	nucleoplasm [GO:0005654]	414.36
Polyketide	nucleus [GO:0005634]	414.36
Polyketide	nuclear body [GO:0016604]	414.36
Polyketide	chromatin [GO:0000785]	414.36
Polyketide	focal adhesion [GO:0005925]	451.1
Polyketide	cytosol [GO:0005829]	451.1
Polyketide	extracellular exosome [GO:0070062]	451.1
Polyketide	membrane [GO:0016020]	451.1
Polyketide	presynapse [GO:0098793]	451.1
Polyketide	cytoplasm [GO:0005737]	451.1
Polyketide	cytoplasm [GO:0005737]	325.4
Polyketide	extracellular region [GO:0005576]	190.65
Polyketide	extracellular exosome [GO:0070062]	190.65
Polyketide	azurophil granule lumen [GO:0035578]	190.65
Polyketide	extracellular space [GO:0005615]	190.65
Polyketide	extracellular region [GO:0005576]	192.46
Polyketide	extracellular exosome [GO:0070062]	192.46
Polyketide	azurophil granule lumen [GO:0035578]	192.46
Polyketide	extracellular space [GO:0005615]	192.46
Polyketide	mitochondrial proton-transporting ATP synthase complex [GO:0005753]	527.9
Polyketide	cytosol [GO:0005829]	527.9
Polyketide	mitochondrial proton-transporting ATP synthase complex, coupling factor F(o) [GO:0000276]	527.9
Polyketide	mitochondrion [GO:0005739]	527.9
Polyketide	mitochondrial intermembrane space [GO:0005758]	527.9
Polyketide	mitochondrial inner membrane [GO:0005743]	527.9
Polyketide	dendrite [GO:0030425]	306.19
Polyketide	perinuclear region of cytoplasm [GO:0048471]	306.19
Polyketide	apical plasma membrane [GO:0016324]	306.19
Polyketide	cytosol [GO:0005829]	306.19
Polyketide	cilium [GO:0005929]	306.19
Polyketide	mitochondrion [GO:0005739]	306.19
Polyketide	astrocyte end-foot [GO:0097450]	306.19
Polyketide	extracellular region [GO:0005576]	306.19
Polyketide	basal part of cell [GO:0045178]	306.19
Polyketide	cytoskeleton [GO:0005856]	306.19
Polyketide	nucleus [GO:0005634]	306.19
Polyketide	cytoplasm [GO:0005737]	306.19
Polyketide	central region of growth cone [GO:0090724]	306.19
Polyketide	neuronal cell body [GO:0043025]	306.19
Polyketide	focal adhesion [GO:0005925]	223.6
Polyketide	tertiary granule membrane [GO:0070821]	223.6
Polyketide	extracellular exosome [GO:0070062]	223.6
Polyketide	plasma membrane [GO:0005886]	223.6
Polyketide	protein complex involved in cell-matrix adhesion [GO:0098637]	223.6
Polyketide	serine protease inhibitor complex [GO:0097180]	223.6
Polyketide	extracellular region [GO:0005576]	223.6
Polyketide	specific granule membrane [GO:0035579]	223.6
Polyketide	extracellular space [GO:0005615]	223.6
Polyketide	external side of plasma membrane [GO:0009897]	223.6
Polyketide	cell surface [GO:0009986]	223.6
Polyketide	serine-type endopeptidase complex [GO:1905370]	223.6
Polyketide	protein-DNA complex [GO:0032993]	364.89
Polyketide	nucleus [GO:0005634]	296.96
Polyketide	cytoplasm [GO:0005737]	296.96
Polyketide	cytosol [GO:0005829]	296.96
Polyketide	plasma membrane [GO:0005886]	317.85
Polyketide	proton-transporting ATP synthase complex, coupling factor F(o) [GO:0045263]	317.85
Polyketide	plasma membrane [GO:0005886]	390.04
Polyketide	proton-transporting ATP synthase complex, coupling factor F(o) [GO:0045263]	390.04
Polyketide	nucleoplasm [GO:0005654]	189.27
Polyketide	nucleus [GO:0005634]	189.27
Polyketide	cytoplasm [GO:0005737]	189.27
Polyketide	host cell PML body [GO:0075341]	144.34
Polyketide	intracellular membrane-bounded organelle [GO:0043231]	277.86
Polyketide	nucleoplasm [GO:0005654]	277.86
Polyketide	mitochondrion [GO:0005739]	277.86
Polyketide	chromatin [GO:0000785]	277.86
Polyketide	nucleus [GO:0005634]	277.86
Polyketide	protein-DNA complex [GO:0032993]	229.06
Polyketide	protein-containing complex [GO:0032991]	341.88
Polyketide	cytosol [GO:0005829]	341.88
Polyketide	nucleoplasm [GO:0005654]	341.88
Polyketide	membrane [GO:0016020]	341.88
Polyketide	plasma membrane [GO:0005886]	341.88
Polyketide	euchromatin [GO:0000791]	341.88
Polyketide	chromatin [GO:0000785]	341.88
Polyketide	transcription regulator complex [GO:0005667]	341.88
Polyketide	nucleus [GO:0005634]	341.88
Polyketide	cytoplasm [GO:0005737]	341.88
Polyketide	Golgi apparatus [GO:0005794]	341.88
Polyketide	nucleoplasm [GO:0005654]	277.14
Polyketide	chromatin [GO:0000785]	277.14
Polyketide	ribonucleoprotein complex [GO:1990904]	345.81
Polyketide	cytosol [GO:0005829]	345.81
Polyketide	ubiquitin ligase complex [GO:0000151]	345.81
Polyketide	nucleoplasm [GO:0005654]	345.81
Polyketide	cytoskeleton [GO:0005856]	345.81
Polyketide	nucleus [GO:0005634]	345.81
Polyketide	cytoplasm [GO:0005737]	345.81
Polyketide	melanosome [GO:0042470]	285.67
Polyketide	axonal growth cone [GO:0044295]	285.67
Polyketide	cell body [GO:0044297]	285.67
Polyketide	endomembrane system [GO:0012505]	285.67
Polyketide	lamellipodium [GO:0030027]	285.67
Polyketide	growth cone membrane [GO:0032584]	285.67
Polyketide	plasma membrane [GO:0005886]	285.67
Polyketide	axon [GO:0030424]	285.67
Polyketide	cell surface [GO:0009986]	285.67
Polyketide	membrane [GO:0016020]	459.08
Polyketide	clathrin-sculpted monoamine transport vesicle membrane [GO:0070083]	459.08
Polyketide	terminal bouton [GO:0043195]	459.08
Polyketide	centrosome [GO:0005813]	459.08
Polyketide	plasma membrane [GO:0005886]	459.08
Polyketide	intracellular membrane-bounded organelle [GO:0043231]	459.08
Polyketide	dendrite [GO:0030425]	459.08
Polyketide	dopaminergic synapse [GO:0098691]	459.08
Polyketide	secretory granule membrane [GO:0030667]	459.08
Polyketide	synaptic vesicle membrane [GO:0030672]	459.08
Polyketide	axon [GO:0030424]	459.08
Polyketide	synaptic vesicle [GO:0008021]	459.08
Polyketide	extracellular space [GO:0005615]	411.03
Polyketide	serine protease inhibitor complex [GO:0097180]	411.03
Polyketide	cell body [GO:0044297]	330.71
Polyketide	actin filament [GO:0005884]	330.71
Polyketide	skeletal muscle myofibril [GO:0098723]	330.71
Polyketide	stress fiber [GO:0001725]	330.71
Polyketide	filamentous actin [GO:0031941]	330.71
Polyketide	actin filament bundle [GO:0032432]	330.71
Polyketide	lamellipodium [GO:0030027]	330.71
Polyketide	striated muscle thin filament [GO:0005865]	330.71
Polyketide	cytoplasm [GO:0005737]	330.71
Polyketide	filopodium [GO:0030175]	330.71
Polyketide	aggresome [GO:0016235]	464.32
Polyketide	cell projection [GO:0042995]	464.32
Polyketide	secretory granule membrane [GO:0030667]	464.32
Polyketide	ficolin-1-rich granule membrane [GO:0101003]	464.32
Polyketide	tertiary granule membrane [GO:0070821]	464.32
Polyketide	extracellular exosome [GO:0070062]	464.32
Polyketide	plasma membrane [GO:0005886]	464.32
Polyketide	membrane [GO:0016020]	464.32
Polyketide	specific granule membrane [GO:0035579]	464.32
Polyketide	perikaryon [GO:0043204]	464.32
Polyketide	chromosome [GO:0005694]	460.7
Polyketide	cytoplasm [GO:0005737]	460.7
Polyketide	RSC-type complex [GO:0016586]	187.05
Polyketide	kinetochore [GO:0000776]	187.05
Polyketide	SWI/SNF complex [GO:0016514]	187.05
Polyketide	nucleoplasm [GO:0005654]	187.05
Polyketide	nuclear matrix [GO:0016363]	187.05
Polyketide	chromatin [GO:0000785]	187.05
Polyketide	nuclear chromosome [GO:0000228]	187.05
Polyketide	nucleus [GO:0005634]	187.05
Polyketide	proton-transporting ATP synthase complex, catalytic core F(1) [GO:0045261]	869.41
Polyketide	membrane raft [GO:0045121]	233.82
Polyketide	endosome membrane [GO:0010008]	233.82
Polyketide	plasma membrane [GO:0005886]	233.82
Polyketide	extracellular space [GO:0005615]	233.82
Polyketide	external side of plasma membrane [GO:0009897]	233.82
Polyketide	protein-containing complex [GO:0032991]	320.36
Polyketide	cytosol [GO:0005829]	320.36
Polyketide	nucleoplasm [GO:0005654]	320.36
Polyketide	membrane [GO:0016020]	320.36
Polyketide	plasma membrane [GO:0005886]	320.36
Polyketide	euchromatin [GO:0000791]	320.36
Polyketide	chromatin [GO:0000785]	320.36
Polyketide	transcription regulator complex [GO:0005667]	320.36
Polyketide	nucleus [GO:0005634]	320.36
Polyketide	cytoplasm [GO:0005737]	320.36
Polyketide	Golgi apparatus [GO:0005794]	320.36
Polyketide	endoplasmic reticulum lumen [GO:0005788]	357.26
Polyketide	endoplasmic reticulum [GO:0005783]	357.26
Polyketide	cytosol [GO:0005829]	357.26
Polyketide	lipid droplet [GO:0005811]	357.26
Polyketide	cytoplasm [GO:0005737]	357.26
Polyketide	chloride channel complex [GO:0034707]	287.24
Polyketide	postsynaptic membrane [GO:0045211]	287.24
Polyketide	perikaryon [GO:0043204]	287.24
Polyketide	membrane [GO:0016020]	287.24
Polyketide	plasma membrane [GO:0005886]	287.24
Polyketide	dendrite [GO:0030425]	287.24
Polyketide	neuron projection [GO:0043005]	287.24
Polyketide	synapse [GO:0045202]	287.24
Polyketide	plasma membrane [GO:0005886]	624.43
Polyketide	DNA-directed RNA polymerase complex [GO:0000428]	624.43
Polyketide	cytosol [GO:0005829]	624.43
Polyketide	peptidoglycan-based cell wall [GO:0009274]	624.43
Polyketide	protein-containing complex [GO:0032991]	350.83
Polyketide	endocytic vesicle membrane [GO:0030666]	350.83
Polyketide	cytosol [GO:0005829]	350.83
Polyketide	transcription repressor complex [GO:0017053]	350.83
Polyketide	nucleoplasm [GO:0005654]	350.83
Polyketide	plasma membrane [GO:0005886]	350.83
Polyketide	nucleus [GO:0005634]	350.83
Polyketide	cytoplasm [GO:0005737]	350.83
Polyketide	nucleolus [GO:0005730]	350.83
Polyketide	cell body [GO:0044297]	312.98
Polyketide	actin filament [GO:0005884]	312.98
Polyketide	skeletal muscle myofibril [GO:0098723]	312.98
Polyketide	stress fiber [GO:0001725]	312.98
Polyketide	filamentous actin [GO:0031941]	312.98
Polyketide	actin filament bundle [GO:0032432]	312.98
Polyketide	lamellipodium [GO:0030027]	312.98
Polyketide	striated muscle thin filament [GO:0005865]	312.98
Polyketide	cytoplasm [GO:0005737]	312.98
Polyketide	filopodium [GO:0030175]	312.98
Polyketide	microtubule [GO:0005874]	250.15
Polyketide	cytoplasm [GO:0005737]	250.15
Polyketide	microtubule cytoskeleton [GO:0015630]	250.15
Polyketide	cytosol [GO:0005829]	250.15
Polyketide	plasma membrane [GO:0005886]	135.23
Polyketide	peptidoglycan-based cell wall [GO:0009274]	135.23
Polyketide	intracellular membrane-bounded organelle [GO:0043231]	196.12
Polyketide	nucleoplasm [GO:0005654]	196.12
Polyketide	mitochondrion [GO:0005739]	196.12
Polyketide	chromatin [GO:0000785]	196.12
Polyketide	nucleus [GO:0005634]	196.12
Polyketide	microtubule [GO:0005874]	448.53
Polyketide	cytoplasm [GO:0005737]	448.53
Polyketide	extracellular space [GO:0005615]	211.9
Polyketide	azurophil granule lumen [GO:0035578]	211.9
Polyketide	extracellular region [GO:0005576]	211.9
Polyketide	extracellular exosome [GO:0070062]	211.9
Polyketide	intracellular membrane-bounded organelle [GO:0043231]	241.8
Polyketide	nucleoplasm [GO:0005654]	241.8
Polyketide	mitochondrion [GO:0005739]	241.8
Polyketide	chromatin [GO:0000785]	241.8
Polyketide	nucleus [GO:0005634]	241.8
Polyketide	outer membrane-bounded periplasmic space [GO:0030288]	656.9
Polyketide	intracellular membrane-bounded organelle [GO:0043231]	128.07
Polyketide	endoplasmic reticulum membrane [GO:0005789]	128.07
Polyketide	cytoplasm [GO:0005737]	128.07
Polyketide	cytoplasmic microtubule [GO:0005881]	128.07
Polyketide	cell body [GO:0044297]	482.87
Polyketide	actin filament [GO:0005884]	482.87
Polyketide	skeletal muscle myofibril [GO:0098723]	482.87
Polyketide	stress fiber [GO:0001725]	482.87
Polyketide	filamentous actin [GO:0031941]	482.87
Polyketide	actin filament bundle [GO:0032432]	482.87
Polyketide	lamellipodium [GO:0030027]	482.87
Polyketide	striated muscle thin filament [GO:0005865]	482.87
Polyketide	cytoplasm [GO:0005737]	482.87
Polyketide	filopodium [GO:0030175]	482.87
Polyketide	mitochondrial proton-transporting ATP synthase complex [GO:0005753]	808.82
Polyketide	cytosol [GO:0005829]	808.82
Polyketide	mitochondrial proton-transporting ATP synthase complex, coupling factor F(o) [GO:0000276]	808.82
Polyketide	mitochondrion [GO:0005739]	808.82
Polyketide	mitochondrial intermembrane space [GO:0005758]	808.82
Polyketide	mitochondrial inner membrane [GO:0005743]	808.82
Polyketide	DNA-directed RNA polymerase complex [GO:0000428]	694.15
Polyketide	cortical actin cytoskeleton [GO:0030864]	211.94
Polyketide	extracellular matrix [GO:0031012]	211.94
Polyketide	myosin II complex [GO:0016460]	211.94
Polyketide	cell cortex [GO:0005938]	211.94
Polyketide	cytoplasm [GO:0005737]	211.94
Polyketide	cleavage furrow [GO:0032154]	211.94
Polyketide	pathogen-containing vacuole [GO:0140220]	211.94
Polyketide	phagocytic cup base [GO:0097204]	211.94
Polyketide	myosin filament [GO:0032982]	211.94
Polyketide	early phagosome [GO:0032009]	211.94
Polyketide	uropod [GO:0001931]	211.94
Polyketide	cytosol [GO:0005829]	211.94
Polyketide	equatorial cell cortex [GO:1990753]	211.94
Polyketide	apical cortex [GO:0045179]	211.94
Polyketide	cytoplasmic vesicle [GO:0031410]	211.94
Polyketide	actomyosin contractile ring [GO:0005826]	211.94
Polyketide	pseudopodium [GO:0031143]	211.94
Polyketide	actomyosin [GO:0042641]	211.94
Polyketide	cell trailing edge [GO:0031254]	211.94
Polyketide	cytoskeleton [GO:0005856]	211.94
Polyketide	intracellular membrane-bounded organelle [GO:0043231]	235.98
Polyketide	endoplasmic reticulum membrane [GO:0005789]	235.98
Polyketide	mitochondrion [GO:0005739]	235.98
Polyketide	pore complex [GO:0046930]	308.31
Polyketide	cell outer membrane [GO:0009279]	308.31
Polyketide	membrane [GO:0016020]	409.88
Polyketide	Z disc [GO:0030018]	409.88
Polyketide	photoreceptor inner segment [GO:0001917]	409.88
Polyketide	extracellular exosome [GO:0070062]	409.88
Polyketide	cytosol [GO:0005829]	409.88
Polyketide	sarcolemma [GO:0042383]	409.88
Polyketide	basolateral plasma membrane [GO:0016323]	409.88
Polyketide	Golgi membrane [GO:0000139]	409.88
Polyketide	female germ cell nucleus [GO:0001674]	409.88
Polyketide	intercalated disc [GO:0014704]	409.88
Polyketide	glucose transporter complex [GO:1990350]	409.88
Polyketide	midbody [GO:0030496]	409.88
Polyketide	melanosome [GO:0042470]	409.88
Polyketide	apical plasma membrane [GO:0016324]	409.88
Polyketide	caveola [GO:0005901]	409.88
Polyketide	plasma membrane [GO:0005886]	409.88
Polyketide	presynapse [GO:0098793]	409.88
Polyketide	blood microparticle [GO:0072562]	409.88
Polyketide	cortical actin cytoskeleton [GO:0030864]	409.88
Polyketide	female pronucleus [GO:0001939]	409.88
Polyketide	plasma membrane [GO:0005886]	404.46
Polyketide	periplasmic side of plasma membrane [GO:0098567]	404.46
Polyketide	membrane [GO:0016020]	404.46
Polyketide	outer membrane-bounded periplasmic space [GO:0030288]	404.46
Polyketide	efflux pump complex [GO:1990281]	404.46
Polyketide	histone deacetylase complex [GO:0000118]	180.95
Polyketide	protein-containing complex [GO:0032991]	305.36
Polyketide	cytosol [GO:0005829]	305.36
Polyketide	nucleoplasm [GO:0005654]	305.36
Polyketide	membrane [GO:0016020]	305.36
Polyketide	plasma membrane [GO:0005886]	305.36
Polyketide	euchromatin [GO:0000791]	305.36
Polyketide	chromatin [GO:0000785]	305.36
Polyketide	transcription regulator complex [GO:0005667]	305.36
Polyketide	nucleus [GO:0005634]	305.36
Polyketide	cytoplasm [GO:0005737]	305.36
Polyketide	Golgi apparatus [GO:0005794]	305.36
Polyketide	plasma membrane [GO:0005886]	351.75
Polyketide	proton-transporting ATP synthase complex, coupling factor F(o) [GO:0045263]	351.75
Polyketide	cytosol [GO:0005829]	198.06
Polyketide	nucleoplasm [GO:0005654]	198.06
Polyketide	synapse [GO:0045202]	198.06
Polyketide	mitochondrion [GO:0005739]	198.06
Polyketide	nucleus [GO:0005634]	198.06
Polyketide	axon [GO:0030424]	198.06
Polyketide	basal dendrite [GO:0097441]	198.06
Polyketide	cytoplasm [GO:0005737]	198.06
Polyketide	maltose transport complex [GO:1990060]	591.59
Polyketide	outer membrane-bounded periplasmic space [GO:0030288]	591.59
Polyketide	cytoplasm [GO:0005737]	591.59
Polyketide	sarcoplasmic reticulum membrane [GO:0033017]	591.59
Polyketide	cytoplasmic side of membrane [GO:0098562]	591.59
Polyketide	cytosol [GO:0005829]	591.59
Polyketide	Z disc [GO:0030018]	591.59
Polyketide	sarcoplasmic reticulum [GO:0016529]	591.59
Polyketide	terminal cisterna [GO:0014802]	591.59
Polyketide	membrane [GO:0016020]	591.59
Polyketide	ATP-binding cassette (ABC) transporter complex [GO:0043190]	591.59
Polyketide	ryanodine receptor complex [GO:1990425]	591.59
Polyketide	periplasmic space [GO:0042597]	591.59
Polyketide	ATP-binding cassette (ABC) transporter complex, substrate-binding subunit-containing [GO:0055052]	591.59
Polyketide	host cell nucleus [GO:0042025]	257.64
Polyketide	host cell plasma membrane [GO:0020002]	257.64
Polyketide	membrane [GO:0016020]	257.64
Polyketide	viral nucleocapsid [GO:0019013]	257.64
Polyketide	host multivesicular body [GO:0072494]	257.64
Polyketide	virion membrane [GO:0055036]	257.64
Polyketide	plasma membrane [GO:0005886]	435.75
Polyketide	proton-transporting ATP synthase complex, coupling factor F(o) [GO:0045263]	435.75
Polyketide	cytosol [GO:0005829]	155.24
Polyketide	mitochondrion [GO:0005739]	155.24
Polyketide	mitochondrial intermembrane space [GO:0005758]	155.24
Polyketide	mitochondrial matrix [GO:0005759]	155.24
Polyketide	nucleus [GO:0005634]	155.24
Polyketide	calcium channel complex [GO:0034704]	235.1
Polyketide	voltage-gated calcium channel complex [GO:0005891]	235.1
Polyketide	perinuclear region of cytoplasm [GO:0048471]	235.1
Polyketide	apical plasma membrane [GO:0016324]	235.1
Polyketide	cytosol [GO:0005829]	235.1
Polyketide	plasma membrane [GO:0005886]	235.1
Polyketide	membrane [GO:0016020]	235.1
Polyketide	nucleus [GO:0005634]	235.1
Polyketide	microtubule organizing center [GO:0005815]	235.1
Polyketide	microtubule [GO:0005874]	410.92
Polyketide	cytoplasm [GO:0005737]	410.92
Polyketide	microtubule cytoskeleton [GO:0015630]	410.92
Polyketide	proton-transporting V-type ATPase complex [GO:0033176]	563.43
Polyketide	vacuolar proton-transporting V-type ATPase, V0 domain [GO:0000220]	563.43
Polyketide	Golgi membrane [GO:0000139]	563.43
Polyketide	membrane [GO:0016020]	563.43
Polyketide	vacuolar proton-transporting V-type ATPase complex [GO:0016471]	563.43
Polyketide	fungal-type vacuole membrane [GO:0000329]	563.43
Polyketide	protein-containing complex [GO:0032991]	406.02
Polyketide	endocytic vesicle membrane [GO:0030666]	406.02
Polyketide	cytosol [GO:0005829]	406.02
Polyketide	transcription repressor complex [GO:0017053]	406.02
Polyketide	nucleoplasm [GO:0005654]	406.02
Polyketide	plasma membrane [GO:0005886]	406.02
Polyketide	nucleus [GO:0005634]	406.02
Polyketide	cytoplasm [GO:0005737]	406.02
Polyketide	nucleolus [GO:0005730]	406.02
Polyketide	nuclear lumen [GO:0031981]	206.35
Polyketide	ciliary plasm [GO:0097014]	206.35
Polyketide	cytoplasm [GO:0005737]	206.35
Polyketide	cytosol [GO:0005829]	206.35
Polyketide	proton-transporting V-type ATPase complex [GO:0033176]	493.5
Polyketide	vacuolar proton-transporting V-type ATPase, V0 domain [GO:0000220]	493.5
Polyketide	Golgi membrane [GO:0000139]	493.5
Polyketide	fungal-type vacuole [GO:0000324]	493.5
Polyketide	membrane [GO:0016020]	493.5
Polyketide	cell periphery [GO:0071944]	493.5
Polyketide	vacuolar proton-transporting V-type ATPase complex [GO:0016471]	493.5
Polyketide	fungal-type vacuole membrane [GO:0000329]	493.5
Polyketide	plasma membrane [GO:0005886]	438.32
Polyketide	periplasmic side of plasma membrane [GO:0098567]	438.32
Polyketide	membrane [GO:0016020]	438.32
Polyketide	outer membrane-bounded periplasmic space [GO:0030288]	438.32
Polyketide	efflux pump complex [GO:1990281]	438.32
Polyketide	nuclear envelope [GO:0005635]	212.68
Polyketide	perinuclear region of cytoplasm [GO:0048471]	212.68
Polyketide	cytosol [GO:0005829]	212.68
Polyketide	pericentriolar material [GO:0000242]	212.68
Polyketide	Golgi membrane [GO:0000139]	212.68
Polyketide	chromosome, telomeric region [GO:0000781]	212.68
Polyketide	nucleus [GO:0005634]	212.68
Polyketide	cytoplasm [GO:0005737]	212.68
Polyketide	intracellular membrane-bounded organelle [GO:0043231]	424.32
Polyketide	endoplasmic reticulum membrane [GO:0005789]	424.32
Polyketide	cytoplasm [GO:0005737]	447.15
Polyketide	microtubule [GO:0005874]	447.15
Polyketide	microtubule cytoskeleton [GO:0015630]	447.15
Polyketide	extracellular space [GO:0005615]	229.1
Polyketide	azurophil granule lumen [GO:0035578]	229.1
Polyketide	extracellular region [GO:0005576]	229.1
Polyketide	extracellular exosome [GO:0070062]	229.1
Polyketide	dendrite [GO:0030425]	811.64
Polyketide	PML body [GO:0016605]	811.64
Polyketide	nuclear envelope [GO:0005635]	811.64
Polyketide	lysosome [GO:0005764]	811.64
Polyketide	endomembrane system [GO:0012505]	811.64
Polyketide	mitochondrial outer membrane [GO:0005741]	811.64
Polyketide	cytosol [GO:0005829]	811.64
Polyketide	Golgi membrane [GO:0000139]	811.64
Polyketide	nucleoplasm [GO:0005654]	811.64
Polyketide	endoplasmic reticulum membrane [GO:0005789]	811.64
Polyketide	membrane [GO:0016020]	811.64
Polyketide	TORC1 complex [GO:0031931]	811.64
Polyketide	nucleus [GO:0005634]	811.64
Polyketide	TORC2 complex [GO:0031932]	811.64
Polyketide	lysosomal membrane [GO:0005765]	811.64
Polyketide	cytoplasm [GO:0005737]	811.64
Polyketide	phagocytic vesicle [GO:0045335]	811.64
Polyketide	nucleus [GO:0005634]	218.22
Polyketide	cytosol [GO:0005829]	218.22
Polyketide	protein kinase CK2 complex [GO:0005956]	218.22
Polyketide	mitochondrial proton-transporting ATP synthase complex [GO:0005753]	706.02
Polyketide	cytosol [GO:0005829]	706.02
Polyketide	mitochondrial proton-transporting ATP synthase complex, coupling factor F(o) [GO:0000276]	706.02
Polyketide	mitochondrion [GO:0005739]	706.02
Polyketide	mitochondrial intermembrane space [GO:0005758]	706.02
Polyketide	mitochondrial inner membrane [GO:0005743]	706.02
Polyketide	postsynaptic density [GO:0014069]	215.85
Polyketide	glutamatergic synapse [GO:0098978]	215.85
Polyketide	plasma membrane [GO:0005886]	215.85
Polyketide	DAPK1-calmodulin complex [GO:1990722]	215.85
Polyketide	actin cytoskeleton [GO:0015629]	215.85
Polyketide	nucleus [GO:0005634]	215.85
Polyketide	cytoplasm [GO:0005737]	215.85
Polyketide	node of Ranvier [GO:0033268]	310.69
Polyketide	synapse [GO:0045202]	310.69
Polyketide	plasma membrane [GO:0005886]	310.69
Polyketide	axon initial segment [GO:0043194]	310.69
Polyketide	voltage-gated potassium channel complex [GO:0008076]	310.69
Polyketide	plasma membrane [GO:0005886]	781.93
Polyketide	DNA-directed RNA polymerase complex [GO:0000428]	781.93
Polyketide	cytosol [GO:0005829]	781.93
Polyketide	peptidoglycan-based cell wall [GO:0009274]	781.93
Polyketide	cytoplasm [GO:0005737]	153.48
Polyketide	chloroplast stroma [GO:0009570]	404.46
Polyketide	endoplasmic reticulum [GO:0005783]	404.46
Polyketide	chloroplast [GO:0009507]	404.46
Polyketide	cytosol [GO:0005829]	404.46
Polyketide	intracellular membrane-bounded organelle [GO:0043231]	404.46
Polyketide	plasma membrane [GO:0005886]	404.46
Polyketide	apoplast [GO:0048046]	404.46
Polyketide	plasmodesma [GO:0009506]	404.46
Polyketide	plant-type vacuole [GO:0000325]	404.46
Polyketide	endoplasmic reticulum lumen [GO:0005788]	255.34
Polyketide	protein-containing complex [GO:0032991]	255.34
Polyketide	endoplasmic reticulum [GO:0005783]	255.34
Polyketide	extracellular exosome [GO:0070062]	255.34
Polyketide	blood microparticle [GO:0072562]	255.34
Polyketide	platelet alpha granule lumen [GO:0031093]	255.34
Polyketide	extracellular region [GO:0005576]	255.34
Polyketide	extracellular space [GO:0005615]	255.34
Polyketide	nucleus [GO:0005634]	255.34
Polyketide	cytoplasm [GO:0005737]	255.34
Polyketide	Golgi apparatus [GO:0005794]	255.34
Polyketide	dendrite [GO:0030425]	715.51
Polyketide	PML body [GO:0016605]	715.51
Polyketide	nuclear envelope [GO:0005635]	715.51
Polyketide	lysosome [GO:0005764]	715.51
Polyketide	endomembrane system [GO:0012505]	715.51
Polyketide	mitochondrial outer membrane [GO:0005741]	715.51
Polyketide	cytosol [GO:0005829]	715.51
Polyketide	Golgi membrane [GO:0000139]	715.51
Polyketide	nucleoplasm [GO:0005654]	715.51
Polyketide	endoplasmic reticulum membrane [GO:0005789]	715.51
Polyketide	membrane [GO:0016020]	715.51
Polyketide	TORC1 complex [GO:0031931]	715.51
Polyketide	nucleus [GO:0005634]	715.51
Polyketide	TORC2 complex [GO:0031932]	715.51
Polyketide	lysosomal membrane [GO:0005765]	715.51
Polyketide	cytoplasm [GO:0005737]	715.51
Polyketide	phagocytic vesicle [GO:0045335]	715.51
Polyketide	extracellular space [GO:0005615]	263.51
Polyketide	azurophil granule lumen [GO:0035578]	263.51
Polyketide	extracellular region [GO:0005576]	263.51
Polyketide	extracellular exosome [GO:0070062]	263.51
Polyketide	protein-containing complex [GO:0032991]	236.19
Polyketide	cytosol [GO:0005829]	236.19
Polyketide	nucleoplasm [GO:0005654]	236.19
Polyketide	membrane [GO:0016020]	236.19
Polyketide	plasma membrane [GO:0005886]	236.19
Polyketide	euchromatin [GO:0000791]	236.19
Polyketide	chromatin [GO:0000785]	236.19
Polyketide	transcription regulator complex [GO:0005667]	236.19
Polyketide	nucleus [GO:0005634]	236.19
Polyketide	cytoplasm [GO:0005737]	236.19
Polyketide	Golgi apparatus [GO:0005794]	236.19
Polyketide	cytoplasm [GO:0005737]	189.69
Polyketide	microtubule [GO:0005874]	543.29
Polyketide	cytoplasm [GO:0005737]	543.29
Polyketide	host cell endoplasmic reticulum membrane [GO:0044167]	217.29
Polyketide	host cell Golgi apparatus [GO:0044177]	217.29
Polyketide	host cell endosome [GO:0044174]	217.29
Polyketide	membrane [GO:0016020]	217.29
Polyketide	double membrane vesicle viral factory outer membrane [GO:0062243]	217.29
Polyketide	host cell perinuclear region of cytoplasm [GO:0044220]	217.29
Polyketide	protein-containing complex [GO:0032991]	214.76
Polyketide	cytosol [GO:0005829]	214.76
Polyketide	nucleoplasm [GO:0005654]	214.76
Polyketide	membrane [GO:0016020]	214.76
Polyketide	plasma membrane [GO:0005886]	214.76
Polyketide	euchromatin [GO:0000791]	214.76
Polyketide	chromatin [GO:0000785]	214.76
Polyketide	transcription regulator complex [GO:0005667]	214.76
Polyketide	nucleus [GO:0005634]	214.76
Polyketide	cytoplasm [GO:0005737]	214.76
Polyketide	Golgi apparatus [GO:0005794]	214.76
Polyketide	cytosol [GO:0005829]	289.97
Polyketide	extracellular exosome [GO:0070062]	289.97
Polyketide	protein-containing complex [GO:0032991]	381.71
Polyketide	cytosol [GO:0005829]	381.71
Polyketide	nucleoplasm [GO:0005654]	381.71
Polyketide	membrane [GO:0016020]	381.71
Polyketide	plasma membrane [GO:0005886]	381.71
Polyketide	euchromatin [GO:0000791]	381.71
Polyketide	chromatin [GO:0000785]	381.71
Polyketide	transcription regulator complex [GO:0005667]	381.71
Polyketide	nucleus [GO:0005634]	381.71
Polyketide	cytoplasm [GO:0005737]	381.71
Polyketide	Golgi apparatus [GO:0005794]	381.71
Polyketide	vesicle [GO:0031982]	449.28
Polyketide	cytoplasm [GO:0005737]	449.28
Polyketide	secretory granule lumen [GO:0034774]	449.28
Polyketide	cytosol [GO:0005829]	449.28
Polyketide	ficolin-1-rich granule lumen [GO:1904813]	449.28
Polyketide	extracellular exosome [GO:0070062]	449.28
Polyketide	nucleoplasm [GO:0005654]	449.28
Polyketide	plasma membrane [GO:0005886]	449.28
Polyketide	extracellular region [GO:0005576]	449.28
Polyketide	extracellular space [GO:0005615]	449.28
Polyketide	cell surface [GO:0009986]	449.28
Polyketide	voltage-gated sodium channel complex [GO:0001518]	255.73
Polyketide	axon [GO:0030424]	255.73
Polyketide	plasma membrane [GO:0005886]	255.73
Polyketide	voltage-gated calcium channel complex [GO:0005891]	255.73
Polyketide	sarcoplasmic reticulum membrane [GO:0033017]	884.5
Polyketide	cytoplasmic side of membrane [GO:0098562]	884.5
Polyketide	cytosol [GO:0005829]	884.5
Polyketide	Z disc [GO:0030018]	884.5
Polyketide	sarcoplasmic reticulum [GO:0016529]	884.5
Polyketide	terminal cisterna [GO:0014802]	884.5
Polyketide	membrane [GO:0016020]	884.5
Polyketide	ryanodine receptor complex [GO:1990425]	884.5
Polyketide	cytoplasm [GO:0005737]	884.5
Polyketide	nuclear chromosome [GO:0000228]	258.81
Polyketide	histone deacetylase complex [GO:0000118]	258.81
Polyketide	cytoplasm [GO:0005737]	258.81
Polyketide	nucleoplasm [GO:0005654]	258.81
Polyketide	nucleus [GO:0005634]	258.81
Polyketide	cell body [GO:0044297]	300.56
Polyketide	actin filament [GO:0005884]	300.56
Polyketide	skeletal muscle myofibril [GO:0098723]	300.56
Polyketide	stress fiber [GO:0001725]	300.56
Polyketide	filamentous actin [GO:0031941]	300.56
Polyketide	actin filament bundle [GO:0032432]	300.56
Polyketide	lamellipodium [GO:0030027]	300.56
Polyketide	striated muscle thin filament [GO:0005865]	300.56
Polyketide	cytoplasm [GO:0005737]	300.56
Polyketide	filopodium [GO:0030175]	300.56
Polyketide	nuclear envelope [GO:0005635]	172.89
Polyketide	perinuclear region of cytoplasm [GO:0048471]	172.89
Polyketide	cytosol [GO:0005829]	172.89
Polyketide	pericentriolar material [GO:0000242]	172.89
Polyketide	Golgi membrane [GO:0000139]	172.89
Polyketide	chromosome, telomeric region [GO:0000781]	172.89
Polyketide	nucleus [GO:0005634]	172.89
Polyketide	cytoplasm [GO:0005737]	172.89
Polyketide	nuclear envelope [GO:0005635]	173.96
Polyketide	perinuclear region of cytoplasm [GO:0048471]	173.96
Polyketide	cytosol [GO:0005829]	173.96
Polyketide	pericentriolar material [GO:0000242]	173.96
Polyketide	Golgi membrane [GO:0000139]	173.96
Polyketide	chromosome, telomeric region [GO:0000781]	173.96
Polyketide	nucleus [GO:0005634]	173.96
Polyketide	cytoplasm [GO:0005737]	173.96
Polyketide	extracellular region [GO:0005576]	179.88
Polyketide	extracellular exosome [GO:0070062]	179.88
Polyketide	azurophil granule lumen [GO:0035578]	179.88
Polyketide	extracellular space [GO:0005615]	179.88
Polyketide	vesicle [GO:0031982]	215.41
Polyketide	cytoplasm [GO:0005737]	215.41
Polyketide	secretory granule lumen [GO:0034774]	215.41
Polyketide	cytosol [GO:0005829]	215.41
Polyketide	ficolin-1-rich granule lumen [GO:1904813]	215.41
Polyketide	extracellular exosome [GO:0070062]	215.41
Polyketide	nucleoplasm [GO:0005654]	215.41
Polyketide	plasma membrane [GO:0005886]	215.41
Polyketide	extracellular region [GO:0005576]	215.41
Polyketide	extracellular space [GO:0005615]	215.41
Polyketide	cell surface [GO:0009986]	215.41
Polyketide	extracellular region [GO:0005576]	177.96
Polyketide	extracellular exosome [GO:0070062]	177.96
Polyketide	azurophil granule lumen [GO:0035578]	177.96
Polyketide	extracellular space [GO:0005615]	177.96
Polyketide	endoplasmic reticulum [GO:0005783]	259.34
Polyketide	endoplasmic reticulum membrane [GO:0005789]	259.34
Polyketide	Ire1 complex [GO:1990332]	259.34
Polyketide	nucleus [GO:0005634]	259.34
Polyketide	IRE1-TRAF2-ASK1 complex [GO:1990604]	259.34
Polyketide	endoplasmic reticulum membrane [GO:0005789]	470.82
Polyketide	endoplasmic reticulum [GO:0005783]	470.82
Polyketide	cytoplasm [GO:0005737]	295.14
Polyketide	nucleus [GO:0005634]	534.19
Polyketide	cytoplasm [GO:0005737]	534.19
Polyketide	nucleoplasm [GO:0005654]	409.12
Polyketide	nucleus [GO:0005634]	409.12
Polyketide	nuclear body [GO:0016604]	409.12
Polyketide	chromatin [GO:0000785]	409.12
Polyketide	protein-DNA complex [GO:0032993]	399.92
Polyketide	focal adhesion [GO:0005925]	396.77
Polyketide	tertiary granule membrane [GO:0070821]	396.77
Polyketide	extracellular exosome [GO:0070062]	396.77
Polyketide	plasma membrane [GO:0005886]	396.77
Polyketide	protein complex involved in cell-matrix adhesion [GO:0098637]	396.77
Polyketide	serine protease inhibitor complex [GO:0097180]	396.77
Polyketide	extracellular region [GO:0005576]	396.77
Polyketide	specific granule membrane [GO:0035579]	396.77
Polyketide	extracellular space [GO:0005615]	396.77
Polyketide	external side of plasma membrane [GO:0009897]	396.77
Polyketide	cell surface [GO:0009986]	396.77
Polyketide	serine-type endopeptidase complex [GO:1905370]	396.77
Polyketide	dendrite [GO:0030425]	403.74
Polyketide	perinuclear region of cytoplasm [GO:0048471]	403.74
Polyketide	apical plasma membrane [GO:0016324]	403.74
Polyketide	cytosol [GO:0005829]	403.74
Polyketide	cilium [GO:0005929]	403.74
Polyketide	mitochondrion [GO:0005739]	403.74
Polyketide	astrocyte end-foot [GO:0097450]	403.74
Polyketide	extracellular region [GO:0005576]	403.74
Polyketide	basal part of cell [GO:0045178]	403.74
Polyketide	cytoskeleton [GO:0005856]	403.74
Polyketide	nucleus [GO:0005634]	403.74
Polyketide	cytoplasm [GO:0005737]	403.74
Polyketide	central region of growth cone [GO:0090724]	403.74
Polyketide	neuronal cell body [GO:0043025]	403.74
Polyketide	endoplasmic reticulum [GO:0005783]	305.95
Polyketide	mitochondrion [GO:0005739]	305.95
Polyketide	mitochondrial inner membrane [GO:0005743]	305.95
Polyketide	mitochondrial proton-transporting ATP synthase complex [GO:0005753]	630.24
Polyketide	cytosol [GO:0005829]	630.24
Polyketide	mitochondrial proton-transporting ATP synthase complex, coupling factor F(o) [GO:0000276]	630.24
Polyketide	mitochondrion [GO:0005739]	630.24
Polyketide	mitochondrial intermembrane space [GO:0005758]	630.24
Polyketide	mitochondrial inner membrane [GO:0005743]	630.24
Polyketide	U5 snRNP [GO:0005682]	161.29
Polyketide	cytoplasm [GO:0005737]	161.29
Polyketide	cell body [GO:0044297]	513.32
Polyketide	actin filament [GO:0005884]	513.32
Polyketide	skeletal muscle myofibril [GO:0098723]	513.32
Polyketide	stress fiber [GO:0001725]	513.32
Polyketide	filamentous actin [GO:0031941]	513.32
Polyketide	actin filament bundle [GO:0032432]	513.32
Polyketide	lamellipodium [GO:0030027]	513.32
Polyketide	striated muscle thin filament [GO:0005865]	513.32
Polyketide	cytoplasm [GO:0005737]	513.32
Polyketide	filopodium [GO:0030175]	513.32
Polyketide	cytoplasm [GO:0005737]	256.75
Polyketide	host cell nucleus [GO:0042025]	354.99
Polyketide	protein-containing complex [GO:0032991]	354.99
Polyketide	host cell plasma membrane [GO:0020002]	354.99
Polyketide	host cell lipid droplet [GO:0044186]	354.99
Polyketide	viral envelope [GO:0019031]	354.99
Polyketide	host cell endoplasmic reticulum membrane [GO:0044167]	354.99
Polyketide	host cell mitochondrial membrane [GO:0044191]	354.99
Polyketide	ribonucleoprotein complex [GO:1990904]	354.99
Polyketide	membrane [GO:0016020]	354.99
Polyketide	viral nucleocapsid [GO:0019013]	354.99
Polyketide	virion membrane [GO:0055036]	354.99
Polyketide	host cell perinuclear region of cytoplasm [GO:0044220]	354.99
Polyketide	plasma membrane [GO:0005886]	447.83
Polyketide	proton-transporting ATP synthase complex, coupling factor F(o) [GO:0045263]	447.83
Polyketide	membrane-bounded organelle [GO:0043227]	252.42
Polyketide	extracellular region [GO:0005576]	168.68
Polyketide	cytoplasm [GO:0005737]	300.79
Polyketide	dendrite [GO:0030425]	726.96
Polyketide	neuron projection [GO:0043005]	726.96
Polyketide	intracellular membrane-bounded organelle [GO:0043231]	726.96
Polyketide	plasma membrane [GO:0005886]	726.96
Polyketide	postsynaptic membrane [GO:0045211]	726.96
Polyketide	synapse [GO:0045202]	726.96
Polyketide	glycine-gated chloride channel complex [GO:0016935]	726.96
Polyketide	perikaryon [GO:0043204]	726.96
Polyketide	node of Ranvier [GO:0033268]	318.11
Polyketide	synapse [GO:0045202]	318.11
Polyketide	plasma membrane [GO:0005886]	318.11
Polyketide	axon initial segment [GO:0043194]	318.11
Polyketide	voltage-gated potassium channel complex [GO:0008076]	318.11
Polyketide	node of Ranvier [GO:0033268]	334.94
Polyketide	synapse [GO:0045202]	334.94
Polyketide	plasma membrane [GO:0005886]	334.94
Polyketide	axon initial segment [GO:0043194]	334.94
Polyketide	voltage-gated potassium channel complex [GO:0008076]	334.94
Polyketide	pericentric heterochromatin [GO:0005721]	247.03
Polyketide	endoplasmic reticulum [GO:0005783]	247.03
Polyketide	intracellular membrane-bounded organelle [GO:0043231]	247.03
Polyketide	nucleoplasm [GO:0005654]	247.03
Polyketide	site of DNA damage [GO:0090734]	247.03
Polyketide	chromatin [GO:0000785]	247.03
Polyketide	nucleus [GO:0005634]	247.03
Polyketide	site of double-strand break [GO:0035861]	247.03
Polyketide	chromosome, subtelomeric region [GO:0099115]	247.03
Polyketide	transcription repressor complex [GO:0017053]	433.56
Polyketide	nucleoplasm [GO:0005654]	433.56
Polyketide	nucleus [GO:0005634]	433.56
Polyketide	plasma membrane [GO:0005886]	193.22
Polyketide	calcium channel complex [GO:0034704]	193.22
Polyketide	microtubule [GO:0005874]	473.28
Polyketide	cytoplasm [GO:0005737]	473.28
Polyketide	microtubule cytoskeleton [GO:0015630]	473.28
Polyketide	vesicle [GO:0031982]	239.34
Polyketide	cytoplasm [GO:0005737]	239.34
Polyketide	secretory granule lumen [GO:0034774]	239.34
Polyketide	cytosol [GO:0005829]	239.34
Polyketide	ficolin-1-rich granule lumen [GO:1904813]	239.34
Polyketide	extracellular exosome [GO:0070062]	239.34
Polyketide	nucleoplasm [GO:0005654]	239.34
Polyketide	plasma membrane [GO:0005886]	239.34
Polyketide	extracellular region [GO:0005576]	239.34
Polyketide	extracellular space [GO:0005615]	239.34
Polyketide	cell surface [GO:0009986]	239.34
Polyketide	secretory granule lumen [GO:0034774]	110.71
Polyketide	ficolin-1-rich granule lumen [GO:1904813]	110.71
Polyketide	extracellular exosome [GO:0070062]	110.71
Polyketide	platelet alpha granule lumen [GO:0031093]	110.71
Polyketide	extracellular region [GO:0005576]	110.71
Polyketide	mitochondrial proton-transporting ATP synthase complex, catalytic sector F(1) [GO:0000275]	239.95
Polyketide	mitochondrial proton-transporting ATP synthase complex [GO:0005753]	239.95
Polyketide	collagen-containing extracellular matrix [GO:0062023]	313.45
Polyketide	cytoplasm [GO:0005737]	313.45
Polyketide	secretory granule membrane [GO:0030667]	313.45
Polyketide	cytosol [GO:0005829]	313.45
Polyketide	ficolin-1-rich granule membrane [GO:0101003]	313.45
Polyketide	immunological synapse [GO:0001772]	313.45
Polyketide	extracellular exosome [GO:0070062]	313.45
Polyketide	spliceosomal complex [GO:0005681]	313.45
Polyketide	nucleoplasm [GO:0005654]	313.45
Polyketide	membrane [GO:0016020]	313.45
Polyketide	plasma membrane [GO:0005886]	313.45
Polyketide	extracellular region [GO:0005576]	313.45
Polyketide	extracellular space [GO:0005615]	313.45
Polyketide	nucleus [GO:0005634]	313.45
Polyketide	cell surface [GO:0009986]	313.45
Polyketide	mitochondrial inner membrane [GO:0005743]	313.45
Polyketide	chromosome [GO:0005694]	510.93
Polyketide	cytoplasm [GO:0005737]	510.93
Polyketide	aggresome [GO:0016235]	422.81
Polyketide	cell projection [GO:0042995]	422.81
Polyketide	secretory granule membrane [GO:0030667]	422.81
Polyketide	ficolin-1-rich granule membrane [GO:0101003]	422.81
Polyketide	tertiary granule membrane [GO:0070821]	422.81
Polyketide	extracellular exosome [GO:0070062]	422.81
Polyketide	plasma membrane [GO:0005886]	422.81
Polyketide	membrane [GO:0016020]	422.81
Polyketide	specific granule membrane [GO:0035579]	422.81
Polyketide	perikaryon [GO:0043204]	422.81
Polyketide	extracellular space [GO:0005615]	387.41
Polyketide	serine protease inhibitor complex [GO:0097180]	387.41
Polyketide	skeletal muscle myofibril [GO:0098723]	218.62
Polyketide	protein-containing complex [GO:0032991]	450.45
Polyketide	endocytic vesicle membrane [GO:0030666]	450.45
Polyketide	cytosol [GO:0005829]	450.45
Polyketide	transcription repressor complex [GO:0017053]	450.45
Polyketide	nucleoplasm [GO:0005654]	450.45
Polyketide	plasma membrane [GO:0005886]	450.45
Polyketide	nucleus [GO:0005634]	450.45
Polyketide	cytoplasm [GO:0005737]	450.45
Polyketide	nucleolus [GO:0005730]	450.45
Polyketide	microtubule [GO:0005874]	290.48
Polyketide	cytoplasm [GO:0005737]	290.48
Polyketide	microtubule cytoskeleton [GO:0015630]	290.48
Polyketide	dendritic shaft [GO:0043198]	314.18
Polyketide	neuron projection [GO:0043005]	314.18
Polyketide	postsynaptic density [GO:0014069]	314.18
Polyketide	somatodendritic compartment [GO:0036477]	314.18
Polyketide	dendrite membrane [GO:0032590]	314.18
Polyketide	endoplasmic reticulum membrane [GO:0005789]	314.18
Polyketide	cell surface [GO:0009986]	314.18
Polyketide	presynaptic active zone membrane [GO:0048787]	314.18
Polyketide	neuronal cell body [GO:0043025]	314.18
Polyketide	dendrite cytoplasm [GO:0032839]	314.18
Polyketide	spine synapse [GO:0106033]	314.18
Polyketide	synaptic vesicle [GO:0008021]	314.18
Polyketide	Schaffer collateral - CA1 synapse [GO:0098685]	314.18
Polyketide	presynapse [GO:0098793]	314.18
Polyketide	growth cone [GO:0030426]	314.18
Polyketide	perikaryon [GO:0043204]	314.18
Polyketide	AMPA glutamate receptor complex [GO:0032281]	314.18
Polyketide	asymmetric synapse [GO:0032279]	314.18
Polyketide	dendrite [GO:0030425]	314.18
Polyketide	protein-containing complex [GO:0032991]	314.18
Polyketide	ionotropic glutamate receptor complex [GO:0008328]	314.18
Polyketide	dendritic spine head [GO:0044327]	314.18
Polyketide	dendritic spine neck [GO:0044326]	314.18
Polyketide	glutamatergic synapse [GO:0098978]	314.18
Polyketide	membrane [GO:0016020]	314.18
Polyketide	dendritic spine [GO:0043197]	314.18
Polyketide	perisynaptic space [GO:0099544]	314.18
Polyketide	endoplasmic reticulum [GO:0005783]	314.18
Polyketide	plasma membrane [GO:0005886]	314.18
Polyketide	postsynaptic membrane [GO:0045211]	314.18
Polyketide	synapse [GO:0045202]	314.18
Polyketide	terminal bouton [GO:0043195]	314.18
Polyketide	presynaptic membrane [GO:0042734]	314.18
Polyketide	postsynaptic density membrane [GO:0098839]	314.18
Polyketide	synaptic vesicle membrane [GO:0030672]	314.18
Polyketide	axon [GO:0030424]	314.18
Polyketide	synaptic membrane [GO:0097060]	314.18
Polyketide	melanosome [GO:0042470]	252.54
Polyketide	axonal growth cone [GO:0044295]	252.54
Polyketide	cell body [GO:0044297]	252.54
Polyketide	endomembrane system [GO:0012505]	252.54
Polyketide	lamellipodium [GO:0030027]	252.54
Polyketide	growth cone membrane [GO:0032584]	252.54
Polyketide	plasma membrane [GO:0005886]	252.54
Polyketide	axon [GO:0030424]	252.54
Polyketide	cell surface [GO:0009986]	252.54
Polyketide	plasma membrane [GO:0005886]	472.86
Polyketide	DNA-directed RNA polymerase complex [GO:0000428]	472.86
Polyketide	cytosol [GO:0005829]	472.86
Polyketide	peptidoglycan-based cell wall [GO:0009274]	472.86
Polyketide	mitochondrion [GO:0005739]	672.4
Polyketide	nucleus [GO:0005634]	672.4
Polyketide	cytoplasm [GO:0005737]	672.4
Polyketide	chloride channel complex [GO:0034707]	261.36
Polyketide	postsynaptic membrane [GO:0045211]	261.36
Polyketide	perikaryon [GO:0043204]	261.36
Polyketide	membrane [GO:0016020]	261.36
Polyketide	plasma membrane [GO:0005886]	261.36
Polyketide	dendrite [GO:0030425]	261.36
Polyketide	neuron projection [GO:0043005]	261.36
Polyketide	synapse [GO:0045202]	261.36
Polyketide	lysosomal lumen [GO:0043202]	295.78
Polyketide	basolateral plasma membrane [GO:0016323]	295.78
Polyketide	secretory granule lumen [GO:0034774]	295.78
Polyketide	extracellular exosome [GO:0070062]	295.78
Polyketide	nucleoplasm [GO:0005654]	295.78
Polyketide	brush border membrane [GO:0031526]	295.78
Polyketide	cytoplasm [GO:0005737]	295.78
Polyketide	cell surface [GO:0009986]	295.78
Polyketide	neuronal cell body [GO:0043025]	295.78
Polyketide	endocytic vesicle lumen [GO:0071682]	295.78
Polyketide	melanosome [GO:0042470]	295.78
Polyketide	protein-containing complex [GO:0032991]	295.78
Polyketide	axonal growth cone [GO:0044295]	295.78
Polyketide	perinuclear region of cytoplasm [GO:0048471]	295.78
Polyketide	cytosol [GO:0005829]	295.78
Polyketide	sperm mitochondrial sheath [GO:0097226]	295.78
Polyketide	membrane [GO:0016020]	295.78
Polyketide	extracellular region [GO:0005576]	295.78
Polyketide	nucleus [GO:0005634]	295.78
Polyketide	sperm plasma membrane [GO:0097524]	295.78
Polyketide	collagen-containing extracellular matrix [GO:0062023]	295.78
Polyketide	myelin sheath [GO:0043209]	295.78
Polyketide	apical plasma membrane [GO:0016324]	295.78
Polyketide	ficolin-1-rich granule lumen [GO:1904813]	295.78
Polyketide	dendritic growth cone [GO:0044294]	295.78
Polyketide	plasma membrane [GO:0005886]	295.78
Polyketide	mitochondrion [GO:0005739]	295.78
Polyketide	proton-transporting ATP synthase complex, catalytic core F(1) [GO:0045261]	1290.94
Polyketide	host cell nucleus [GO:0042025]	333.08
Polyketide	host cell plasma membrane [GO:0020002]	333.08
Polyketide	membrane [GO:0016020]	333.08
Polyketide	viral nucleocapsid [GO:0019013]	333.08
Polyketide	host multivesicular body [GO:0072494]	333.08
Polyketide	virion membrane [GO:0055036]	333.08
Polyketide	RSC-type complex [GO:0016586]	190.68
Polyketide	kinetochore [GO:0000776]	190.68
Polyketide	SWI/SNF complex [GO:0016514]	190.68
Polyketide	nucleoplasm [GO:0005654]	190.68
Polyketide	nuclear matrix [GO:0016363]	190.68
Polyketide	chromatin [GO:0000785]	190.68
Polyketide	nuclear chromosome [GO:0000228]	190.68
Polyketide	nucleus [GO:0005634]	190.68
Polyketide	protein-DNA complex [GO:0032993]	229.17
Polyketide	extrinsic component of cytoplasmic side of plasma membrane [GO:0031234]	224.21
Polyketide	Golgi apparatus [GO:0005794]	224.21
Polyketide	cell projection [GO:0042995]	224.21
Polyketide	focal adhesion [GO:0005925]	224.21
Polyketide	lysosome [GO:0005764]	224.21
Polyketide	cytosol [GO:0005829]	224.21
Polyketide	intracellular membrane-bounded organelle [GO:0043231]	224.21
Polyketide	plasma membrane [GO:0005886]	224.21
Polyketide	caveola [GO:0005901]	224.21
Polyketide	transport vesicle [GO:0030133]	224.21
Polyketide	cytoskeleton [GO:0005856]	224.21
Polyketide	nucleus [GO:0005634]	224.21
Polyketide	cytoplasmic side of plasma membrane [GO:0009898]	224.21
Polyketide	plasma membrane [GO:0005886]	551.35
Polyketide	protein-containing complex [GO:0032991]	224.23
Polyketide	recycling endosome [GO:0055037]	224.23
Polyketide	early endosome [GO:0005769]	224.23
Polyketide	plasma membrane [GO:0005886]	224.23
Polyketide	specific granule [GO:0042581]	224.23
Polyketide	extracellular space [GO:0005615]	224.23
Polyketide	cell surface [GO:0009986]	224.23
Polyketide	nucleoplasm [GO:0005654]	176.53
Polyketide	nucleus [GO:0005634]	176.53
Polyketide	cytoplasm [GO:0005737]	176.53
Polyketide	extracellular exosome [GO:0070062]	209.97
Polyketide	cytosol [GO:0005829]	209.97
Polyketide	cytoplasm [GO:0005737]	209.97
Polyketide	nucleus [GO:0005634]	209.97
Polyketide	plasma membrane [GO:0005886]	446.35
Polyketide	proton-transporting ATP synthase complex, coupling factor F(o) [GO:0045263]	446.35
Polyketide	cytoplasm [GO:0005737]	133.23
Polyketide	cytosol [GO:0005829]	133.23
Polyketide	host cell nucleus [GO:0042025]	285.39
Polyketide	host cell plasma membrane [GO:0020002]	285.39
Polyketide	membrane [GO:0016020]	285.39
Polyketide	viral nucleocapsid [GO:0019013]	285.39
Polyketide	host multivesicular body [GO:0072494]	285.39
Polyketide	virion membrane [GO:0055036]	285.39
Polyketide	plasma membrane [GO:0005886]	351.66
Polyketide	proton-transporting ATP synthase complex, coupling factor F(o) [GO:0045263]	351.66
Polyketide	sarcoplasmic reticulum membrane [GO:0033017]	719.55
Polyketide	cytoplasmic side of membrane [GO:0098562]	719.55
Polyketide	cytosol [GO:0005829]	719.55
Polyketide	Z disc [GO:0030018]	719.55
Polyketide	sarcoplasmic reticulum [GO:0016529]	719.55
Polyketide	terminal cisterna [GO:0014802]	719.55
Polyketide	membrane [GO:0016020]	719.55
Polyketide	ryanodine receptor complex [GO:1990425]	719.55
Polyketide	cytoplasm [GO:0005737]	719.55
Polyketide	plasma membrane [GO:0005886]	436.45
Polyketide	proton-transporting ATP synthase complex, coupling factor F(o) [GO:0045263]	436.45
Polyketide	septin ring [GO:0005940]	707.43
Polyketide	condensed nuclear chromosome [GO:0000794]	707.43
Polyketide	nucleus [GO:0005634]	707.43
Polyketide	protein-containing complex [GO:0032991]	331.86
Polyketide	cytosol [GO:0005829]	331.86
Polyketide	nucleoplasm [GO:0005654]	331.86
Polyketide	membrane [GO:0016020]	331.86
Polyketide	plasma membrane [GO:0005886]	331.86
Polyketide	euchromatin [GO:0000791]	331.86
Polyketide	chromatin [GO:0000785]	331.86
Polyketide	transcription regulator complex [GO:0005667]	331.86
Polyketide	nucleus [GO:0005634]	331.86
Polyketide	cytoplasm [GO:0005737]	331.86
Polyketide	Golgi apparatus [GO:0005794]	331.86
Polyketide	histone deacetylase complex [GO:0000118]	219.86
Polyketide	plasma membrane [GO:0005886]	628.54
Polyketide	periplasmic side of plasma membrane [GO:0098567]	628.54
Polyketide	membrane [GO:0016020]	628.54
Polyketide	outer membrane-bounded periplasmic space [GO:0030288]	628.54
Polyketide	efflux pump complex [GO:1990281]	628.54
Polyketide	pore complex [GO:0046930]	328.23
Polyketide	cell outer membrane [GO:0009279]	328.23
Polyketide	plasma membrane [GO:0005886]	284.86
Polyketide	periplasmic side of plasma membrane [GO:0098567]	284.86
Polyketide	membrane [GO:0016020]	284.86
Polyketide	outer membrane-bounded periplasmic space [GO:0030288]	284.86
Polyketide	efflux pump complex [GO:1990281]	284.86
Polyketide	protein-containing complex [GO:0032991]	370.34
Polyketide	endocytic vesicle membrane [GO:0030666]	370.34
Polyketide	cytosol [GO:0005829]	370.34
Polyketide	transcription repressor complex [GO:0017053]	370.34
Polyketide	nucleoplasm [GO:0005654]	370.34
Polyketide	plasma membrane [GO:0005886]	370.34
Polyketide	nucleus [GO:0005634]	370.34
Polyketide	cytoplasm [GO:0005737]	370.34
Polyketide	nucleolus [GO:0005730]	370.34
Polyketide	microtubule [GO:0005874]	570.88
Polyketide	cytoplasm [GO:0005737]	570.88
Polyketide	microtubule cytoskeleton [GO:0015630]	570.88
Polyketide	proton-transporting V-type ATPase complex [GO:0033176]	532.7
Polyketide	vacuolar proton-transporting V-type ATPase, V0 domain [GO:0000220]	532.7
Polyketide	Golgi membrane [GO:0000139]	532.7
Polyketide	membrane [GO:0016020]	532.7
Polyketide	vacuolar proton-transporting V-type ATPase complex [GO:0016471]	532.7
Polyketide	fungal-type vacuole membrane [GO:0000329]	532.7
Polyketide	calcium channel complex [GO:0034704]	242.6
Polyketide	voltage-gated calcium channel complex [GO:0005891]	242.6
Polyketide	perinuclear region of cytoplasm [GO:0048471]	242.6
Polyketide	apical plasma membrane [GO:0016324]	242.6
Polyketide	cytosol [GO:0005829]	242.6
Polyketide	plasma membrane [GO:0005886]	242.6
Polyketide	membrane [GO:0016020]	242.6
Polyketide	nucleus [GO:0005634]	242.6
Polyketide	microtubule organizing center [GO:0005815]	242.6
Polyketide	intracellular membrane-bounded organelle [GO:0043231]	209.81
Polyketide	nucleoplasm [GO:0005654]	209.81
Polyketide	mitochondrion [GO:0005739]	209.81
Polyketide	chromatin [GO:0000785]	209.81
Polyketide	nucleus [GO:0005634]	209.81
Polyketide	extracellular space [GO:0005615]	253.34
Polyketide	azurophil granule lumen [GO:0035578]	253.34
Polyketide	extracellular region [GO:0005576]	253.34
Polyketide	extracellular exosome [GO:0070062]	253.34
Polyketide	plasma membrane [GO:0005886]	134.77
Polyketide	peptidoglycan-based cell wall [GO:0009274]	134.77
Polyketide	host cell nucleus [GO:0042025]	248.96
Polyketide	host cell plasma membrane [GO:0020002]	248.96
Polyketide	membrane [GO:0016020]	248.96
Polyketide	viral nucleocapsid [GO:0019013]	248.96
Polyketide	host multivesicular body [GO:0072494]	248.96
Polyketide	virion membrane [GO:0055036]	248.96
Polyketide	microtubule [GO:0005874]	347.15
Polyketide	cytoplasm [GO:0005737]	347.15
Polyketide	microtubule cytoskeleton [GO:0015630]	347.15
Polyketide	cell body [GO:0044297]	369.33
Polyketide	actin filament [GO:0005884]	369.33
Polyketide	skeletal muscle myofibril [GO:0098723]	369.33
Polyketide	stress fiber [GO:0001725]	369.33
Polyketide	filamentous actin [GO:0031941]	369.33
Polyketide	actin filament bundle [GO:0032432]	369.33
Polyketide	lamellipodium [GO:0030027]	369.33
Polyketide	striated muscle thin filament [GO:0005865]	369.33
Polyketide	cytoplasm [GO:0005737]	369.33
Polyketide	filopodium [GO:0030175]	369.33
Polyketide	protein-containing complex [GO:0032991]	331.18
Polyketide	endocytic vesicle membrane [GO:0030666]	331.18
Polyketide	cytosol [GO:0005829]	331.18
Polyketide	transcription repressor complex [GO:0017053]	331.18
Polyketide	nucleoplasm [GO:0005654]	331.18
Polyketide	plasma membrane [GO:0005886]	331.18
Polyketide	nucleus [GO:0005634]	331.18
Polyketide	cytoplasm [GO:0005737]	331.18
Polyketide	nucleolus [GO:0005730]	331.18
Polyketide	cytosol [GO:0005829]	286.95
Polyketide	nucleoplasm [GO:0005654]	286.95
Polyketide	receptor complex [GO:0043235]	286.95
Polyketide	mitochondrion [GO:0005739]	286.95
Polyketide	RNA polymerase II transcription regulator complex [GO:0090575]	286.95
Polyketide	chromatin [GO:0000785]	286.95
Polyketide	transcription regulator complex [GO:0005667]	286.95
Polyketide	nucleus [GO:0005634]	286.95
Polyketide	cell body [GO:0044297]	292.32
Polyketide	actin filament [GO:0005884]	292.32
Polyketide	skeletal muscle myofibril [GO:0098723]	292.32
Polyketide	stress fiber [GO:0001725]	292.32
Polyketide	filamentous actin [GO:0031941]	292.32
Polyketide	actin filament bundle [GO:0032432]	292.32
Polyketide	lamellipodium [GO:0030027]	292.32
Polyketide	striated muscle thin filament [GO:0005865]	292.32
Polyketide	cytoplasm [GO:0005737]	292.32
Polyketide	filopodium [GO:0030175]	292.32
Polyketide	mitochondrial respiratory chain complex I [GO:0005747]	309.84
Polyketide	mitochondrial inner membrane [GO:0005743]	309.84
Polyketide	DNA-directed RNA polymerase complex [GO:0000428]	715.35
Polyketide	mitochondrial proton-transporting ATP synthase complex [GO:0005753]	759.41
Polyketide	cytosol [GO:0005829]	759.41
Polyketide	mitochondrial proton-transporting ATP synthase complex, coupling factor F(o) [GO:0000276]	759.41
Polyketide	mitochondrion [GO:0005739]	759.41
Polyketide	mitochondrial intermembrane space [GO:0005758]	759.41
Polyketide	mitochondrial inner membrane [GO:0005743]	759.41
Polyketide	intracellular membrane-bounded organelle [GO:0043231]	268.0
Polyketide	plasma membrane [GO:0005886]	268.0
Polyketide	endoplasmic reticulum membrane [GO:0005789]	268.0
Polyketide	cytoplasm [GO:0005737]	268.0
Polyketide	intracellular membrane-bounded organelle [GO:0043231]	176.87
Polyketide	endoplasmic reticulum membrane [GO:0005789]	176.87
Polyketide	cytoplasm [GO:0005737]	176.87
Polyketide	cytoplasmic microtubule [GO:0005881]	176.87
Polyketide	cytoplasmic side of endoplasmic reticulum membrane [GO:0098554]	544.84
Polyketide	protein-containing complex [GO:0032991]	544.84
Polyketide	endoplasmic reticulum [GO:0005783]	544.84
Polyketide	sorting endosome [GO:0097443]	544.84
Polyketide	endosome lumen [GO:0031904]	544.84
Polyketide	early endosome [GO:0005769]	544.84
Polyketide	cytosol [GO:0005829]	544.84
Polyketide	mitochondrial crista [GO:0030061]	544.84
Polyketide	mitochondrial matrix [GO:0005759]	544.84
Polyketide	cytoplasm [GO:0005737]	544.84
Polyketide	proton-transporting ATP synthase complex, catalytic core F(1) [GO:0045261]	189.24
Polyketide	mitochondrial proton-transporting ATP synthase complex [GO:0005753]	189.24
Polyketide	voltage-gated sodium channel complex [GO:0001518]	324.68
Polyketide	axon [GO:0030424]	324.68
Polyketide	plasma membrane [GO:0005886]	324.68
Polyketide	voltage-gated calcium channel complex [GO:0005891]	324.68
Polyketide	chromosome [GO:0005694]	192.74
Polyketide	DNA topoisomerase type II (double strand cut, ATP-hydrolyzing) complex [GO:0009330]	192.74
Polyketide	cytoplasm [GO:0005737]	192.74
Polyketide	cytosol [GO:0005829]	192.74
Polyketide	cytosol [GO:0005829]	280.71
Polyketide	extracellular exosome [GO:0070062]	280.71
Polyketide	basolateral plasma membrane [GO:0016323]	411.72
Polyketide	focal adhesion [GO:0005925]	411.72
Polyketide	apical plasma membrane [GO:0016324]	411.72
Polyketide	plasma membrane [GO:0005886]	411.72
Polyketide	membrane [GO:0016020]	411.72
Polyketide	microtubule [GO:0005874]	468.18
Polyketide	cytoplasm [GO:0005737]	468.18
Polyketide	protein-containing complex [GO:0032991]	242.76
Polyketide	cytosol [GO:0005829]	242.76
Polyketide	nucleoplasm [GO:0005654]	242.76
Polyketide	membrane [GO:0016020]	242.76
Polyketide	plasma membrane [GO:0005886]	242.76
Polyketide	euchromatin [GO:0000791]	242.76
Polyketide	chromatin [GO:0000785]	242.76
Polyketide	transcription regulator complex [GO:0005667]	242.76
Polyketide	nucleus [GO:0005634]	242.76
Polyketide	cytoplasm [GO:0005737]	242.76
Polyketide	Golgi apparatus [GO:0005794]	242.76
Polyketide	cytoplasm [GO:0005737]	208.98
Polyketide	Ino80 complex [GO:0031011]	347.51
Polyketide	brahma complex [GO:0035060]	347.51
Polyketide	cytoskeleton [GO:0005856]	347.51
Polyketide	cytoplasm [GO:0005737]	347.51
Polyketide	nuclear envelope [GO:0005635]	207.64
Polyketide	perinuclear region of cytoplasm [GO:0048471]	207.64
Polyketide	cytosol [GO:0005829]	207.64
Polyketide	pericentriolar material [GO:0000242]	207.64
Polyketide	Golgi membrane [GO:0000139]	207.64
Polyketide	chromosome, telomeric region [GO:0000781]	207.64
Polyketide	nucleus [GO:0005634]	207.64
Polyketide	cytoplasm [GO:0005737]	207.64
Polyketide	nuclear envelope [GO:0005635]	188.63
Polyketide	perinuclear region of cytoplasm [GO:0048471]	188.63
Polyketide	cytosol [GO:0005829]	188.63
Polyketide	pericentriolar material [GO:0000242]	188.63
Polyketide	Golgi membrane [GO:0000139]	188.63
Polyketide	chromosome, telomeric region [GO:0000781]	188.63
Polyketide	nucleus [GO:0005634]	188.63
Polyketide	cytoplasm [GO:0005737]	188.63
Polyketide	nuclear body [GO:0016604]	197.94
Polyketide	cytosol [GO:0005829]	197.94
Polyketide	extracellular space [GO:0005615]	197.94
Polyketide	nucleus [GO:0005634]	197.94
Polyketide	cytoplasm [GO:0005737]	197.94
Polyketide	protein-containing complex [GO:0032991]	234.55
Polyketide	cell leading edge [GO:0031252]	234.55
Polyketide	focal adhesion [GO:0005925]	234.55
Polyketide	neuron projection [GO:0043005]	234.55
Polyketide	cytosol [GO:0005829]	234.55
Polyketide	postsynaptic density [GO:0014069]	234.55
Polyketide	Golgi membrane [GO:0000139]	234.55
Polyketide	extracellular exosome [GO:0070062]	234.55
Polyketide	plasma membrane [GO:0005886]	234.55
Polyketide	sarcomere [GO:0030017]	234.55
Polyketide	sarcoplasmic reticulum membrane [GO:0033017]	772.86
Polyketide	cytoplasmic side of membrane [GO:0098562]	772.86
Polyketide	cytosol [GO:0005829]	772.86
Polyketide	Z disc [GO:0030018]	772.86
Polyketide	sarcoplasmic reticulum [GO:0016529]	772.86
Polyketide	terminal cisterna [GO:0014802]	772.86
Polyketide	membrane [GO:0016020]	772.86
Polyketide	ryanodine receptor complex [GO:1990425]	772.86
Polyketide	cytoplasm [GO:0005737]	772.86
Polyketide	histone deacetylase complex [GO:0000118]	128.46
Polyketide	nucleoplasm [GO:0005654]	128.46
Polyketide	nuclear chromosome [GO:0000228]	128.46
Polyketide	nucleus [GO:0005634]	128.46
Polyketide	cytoplasm [GO:0005737]	128.46
Polyketide	mitochondrial proton-transporting ATP synthase complex [GO:0005753]	675.88
Polyketide	cytosol [GO:0005829]	675.88
Polyketide	mitochondrial proton-transporting ATP synthase complex, coupling factor F(o) [GO:0000276]	675.88
Polyketide	mitochondrion [GO:0005739]	675.88
Polyketide	mitochondrial intermembrane space [GO:0005758]	675.88
Polyketide	mitochondrial inner membrane [GO:0005743]	675.88
Polyketide	nucleus [GO:0005634]	201.42
Polyketide	cytosol [GO:0005829]	201.42
Polyketide	protein kinase CK2 complex [GO:0005956]	201.42
Polyketide	plasma membrane [GO:0005886]	302.94
Polyketide	periplasmic side of plasma membrane [GO:0098567]	302.94
Polyketide	membrane [GO:0016020]	302.94
Polyketide	outer membrane-bounded periplasmic space [GO:0030288]	302.94
Polyketide	efflux pump complex [GO:1990281]	302.94
Polyketide	extracellular space [GO:0005615]	226.48
Polyketide	azurophil granule lumen [GO:0035578]	226.48
Polyketide	extracellular region [GO:0005576]	226.48
Polyketide	extracellular exosome [GO:0070062]	226.48
Polyketide	protein-containing complex [GO:0032991]	233.18
Polyketide	cytosol [GO:0005829]	233.18
Polyketide	nucleoplasm [GO:0005654]	233.18
Polyketide	membrane [GO:0016020]	233.18
Polyketide	plasma membrane [GO:0005886]	233.18
Polyketide	euchromatin [GO:0000791]	233.18
Polyketide	chromatin [GO:0000785]	233.18
Polyketide	transcription regulator complex [GO:0005667]	233.18
Polyketide	nucleus [GO:0005634]	233.18
Polyketide	cytoplasm [GO:0005737]	233.18
Polyketide	Golgi apparatus [GO:0005794]	233.18
Polyketide	voltage-gated potassium channel complex [GO:0008076]	219.41
Polyketide	endoplasmic reticulum [GO:0005783]	219.41
Polyketide	cell surface [GO:0009986]	219.41
Polyketide	apical plasma membrane [GO:0016324]	219.41
Polyketide	plasma membrane [GO:0005886]	219.41
Polyketide	endoplasmic reticulum membrane [GO:0005789]	219.41
Polyketide	astrocyte projection [GO:0097449]	219.41
Polyketide	calyx of Held [GO:0044305]	219.41
Polyketide	neuronal cell body [GO:0043025]	219.41
Polyketide	nucleus [GO:0005634]	428.21
Polyketide	nuclear envelope [GO:0005635]	235.56
Polyketide	perinuclear region of cytoplasm [GO:0048471]	235.56
Polyketide	cytosol [GO:0005829]	235.56
Polyketide	pericentriolar material [GO:0000242]	235.56
Polyketide	Golgi membrane [GO:0000139]	235.56
Polyketide	chromosome, telomeric region [GO:0000781]	235.56
Polyketide	nucleus [GO:0005634]	235.56
Polyketide	cytoplasm [GO:0005737]	235.56
Polyketide	protein kinase CK2 complex [GO:0005956]	276.11
Polyketide	cytosol [GO:0005829]	276.11
Polyketide	nucleoplasm [GO:0005654]	276.11
Polyketide	chromatin [GO:0000785]	276.11
Polyketide	nucleus [GO:0005634]	276.11
Polyketide	acrosomal vesicle [GO:0001669]	276.11
Polyketide	plasma membrane [GO:0005886]	440.95
Polyketide	periplasmic side of plasma membrane [GO:0098567]	440.95
Polyketide	membrane [GO:0016020]	440.95
Polyketide	outer membrane-bounded periplasmic space [GO:0030288]	440.95
Polyketide	efflux pump complex [GO:1990281]	440.95
Polyketide	proton-transporting V-type ATPase complex [GO:0033176]	598.19
Polyketide	vacuolar proton-transporting V-type ATPase, V0 domain [GO:0000220]	598.19
Polyketide	Golgi membrane [GO:0000139]	598.19
Polyketide	membrane [GO:0016020]	598.19
Polyketide	vacuolar proton-transporting V-type ATPase complex [GO:0016471]	598.19
Polyketide	fungal-type vacuole membrane [GO:0000329]	598.19
Polyketide	sarcoplasmic reticulum membrane [GO:0033017]	761.18
Polyketide	cytoplasmic side of membrane [GO:0098562]	761.18
Polyketide	cytosol [GO:0005829]	761.18
Polyketide	Z disc [GO:0030018]	761.18
Polyketide	sarcoplasmic reticulum [GO:0016529]	761.18
Polyketide	terminal cisterna [GO:0014802]	761.18
Polyketide	membrane [GO:0016020]	761.18
Polyketide	ryanodine receptor complex [GO:1990425]	761.18
Polyketide	cytoplasm [GO:0005737]	761.18
Polyketide	extracellular space [GO:0005615]	321.72
Polyketide	azurophil granule lumen [GO:0035578]	321.72
Polyketide	extracellular region [GO:0005576]	321.72
Polyketide	extracellular exosome [GO:0070062]	321.72
Polyketide	cytoplasm [GO:0005737]	221.63
Polyketide	endoplasmic reticulum lumen [GO:0005788]	212.99
Polyketide	protein-containing complex [GO:0032991]	212.99
Polyketide	endoplasmic reticulum [GO:0005783]	212.99
Polyketide	extracellular exosome [GO:0070062]	212.99
Polyketide	blood microparticle [GO:0072562]	212.99
Polyketide	platelet alpha granule lumen [GO:0031093]	212.99
Polyketide	extracellular region [GO:0005576]	212.99
Polyketide	extracellular space [GO:0005615]	212.99
Polyketide	nucleus [GO:0005634]	212.99
Polyketide	cytoplasm [GO:0005737]	212.99
Polyketide	Golgi apparatus [GO:0005794]	212.99
Polyketide	chloroplast stroma [GO:0009570]	304.07
Polyketide	endoplasmic reticulum [GO:0005783]	304.07
Polyketide	chloroplast [GO:0009507]	304.07
Polyketide	cytosol [GO:0005829]	304.07
Polyketide	intracellular membrane-bounded organelle [GO:0043231]	304.07
Polyketide	plasma membrane [GO:0005886]	304.07
Polyketide	apoplast [GO:0048046]	304.07
Polyketide	plasmodesma [GO:0009506]	304.07
Polyketide	plant-type vacuole [GO:0000325]	304.07
Polyketide	chromatin [GO:0000785]	190.09
Polyketide	intracellular membrane-bounded organelle [GO:0043231]	190.09
Polyketide	nucleoplasm [GO:0005654]	190.09
Polyketide	chromosome, subtelomeric region [GO:0099115]	190.09
Polyketide	pericentric heterochromatin [GO:0005721]	190.09
Polyketide	site of double-strand break [GO:0035861]	190.09
Polyketide	nucleus [GO:0005634]	190.09
Polyketide	site of DNA damage [GO:0090734]	190.09
Polyketide	endoplasmic reticulum [GO:0005783]	190.09
Polyketide	nucleoplasm [GO:0005654]	244.17
Polyketide	cytoplasm [GO:0005737]	244.17
Polyketide	cytosol [GO:0005829]	244.17
Polyketide	plasma membrane [GO:0005886]	1084.61
Polyketide	DNA-directed RNA polymerase complex [GO:0000428]	1084.61
Polyketide	cytosol [GO:0005829]	1084.61
Polyketide	peptidoglycan-based cell wall [GO:0009274]	1084.61
Polyketide	node of Ranvier [GO:0033268]	293.33
Polyketide	synapse [GO:0045202]	293.33
Polyketide	plasma membrane [GO:0005886]	293.33
Polyketide	axon initial segment [GO:0043194]	293.33
Polyketide	voltage-gated potassium channel complex [GO:0008076]	293.33
Polyketide	postsynaptic density [GO:0014069]	193.15
Polyketide	glutamatergic synapse [GO:0098978]	193.15
Polyketide	plasma membrane [GO:0005886]	193.15
Polyketide	DAPK1-calmodulin complex [GO:1990722]	193.15
Polyketide	actin cytoskeleton [GO:0015629]	193.15
Polyketide	nucleus [GO:0005634]	193.15
Polyketide	cytoplasm [GO:0005737]	193.15
Polyketide	mitochondrial proton-transporting ATP synthase complex [GO:0005753]	614.73
Polyketide	cytosol [GO:0005829]	614.73
Polyketide	mitochondrial proton-transporting ATP synthase complex, coupling factor F(o) [GO:0000276]	614.73
Polyketide	mitochondrion [GO:0005739]	614.73
Polyketide	mitochondrial intermembrane space [GO:0005758]	614.73
Polyketide	mitochondrial inner membrane [GO:0005743]	614.73
Polyketide	cytoplasm [GO:0005737]	211.25
Polyketide	cytosol [GO:0005829]	211.25
Polyketide	postsynaptic density [GO:0014069]	195.75
Polyketide	glutamatergic synapse [GO:0098978]	195.75
Polyketide	plasma membrane [GO:0005886]	195.75
Polyketide	DAPK1-calmodulin complex [GO:1990722]	195.75
Polyketide	actin cytoskeleton [GO:0015629]	195.75
Polyketide	nucleus [GO:0005634]	195.75
Polyketide	cytoplasm [GO:0005737]	195.75
Polyketide	plasma membrane [GO:0005886]	558.3
Polyketide	periplasmic side of plasma membrane [GO:0098567]	558.3
Polyketide	membrane [GO:0016020]	558.3
Polyketide	outer membrane-bounded periplasmic space [GO:0030288]	558.3
Polyketide	efflux pump complex [GO:1990281]	558.3
Polyketide	endosome [GO:0005768]	277.29
Polyketide	cyclin E2-CDK2 complex [GO:0097135]	277.29
Polyketide	cyclin E1-CDK2 complex [GO:0097134]	277.29
Polyketide	Cajal body [GO:0015030]	277.29
Polyketide	nucleoplasm [GO:0005654]	277.29
Polyketide	male germ cell nucleus [GO:0001673]	277.29
Polyketide	cytoplasm [GO:0005737]	277.29
Polyketide	centrosome [GO:0005813]	277.29
Polyketide	condensed chromosome [GO:0000793]	277.29
Polyketide	cyclin A1-CDK2 complex [GO:0097123]	277.29
Polyketide	cyclin A2-CDK2 complex [GO:0097124]	277.29
Polyketide	cytosol [GO:0005829]	277.29
Polyketide	X chromosome [GO:0000805]	277.29
Polyketide	chromosome, telomeric region [GO:0000781]	277.29
Polyketide	nucleus [GO:0005634]	277.29
Polyketide	Y chromosome [GO:0000806]	277.29
Polyketide	nuclear envelope [GO:0005635]	277.29
Polyketide	cyclin-dependent protein kinase holoenzyme complex [GO:0000307]	277.29
Polyketide	transcription regulator complex [GO:0005667]	277.29
Polyketide	node of Ranvier [GO:0033268]	341.72
Polyketide	synapse [GO:0045202]	341.72
Polyketide	plasma membrane [GO:0005886]	341.72
Polyketide	axon initial segment [GO:0043194]	341.72
Polyketide	voltage-gated potassium channel complex [GO:0008076]	341.72
Polyketide	chromatin [GO:0000785]	247.72
Polyketide	intracellular membrane-bounded organelle [GO:0043231]	247.72
Polyketide	nucleoplasm [GO:0005654]	247.72
Polyketide	chromosome, subtelomeric region [GO:0099115]	247.72
Polyketide	pericentric heterochromatin [GO:0005721]	247.72
Polyketide	site of double-strand break [GO:0035861]	247.72
Polyketide	nucleus [GO:0005634]	247.72
Polyketide	site of DNA damage [GO:0090734]	247.72
Polyketide	endoplasmic reticulum [GO:0005783]	247.72
Polyketide	node of Ranvier [GO:0033268]	257.14
Polyketide	synapse [GO:0045202]	257.14
Polyketide	plasma membrane [GO:0005886]	257.14
Polyketide	axon initial segment [GO:0043194]	257.14
Polyketide	voltage-gated potassium channel complex [GO:0008076]	257.14
Polyketide	plasma membrane [GO:0005886]	878.12
Polyketide	DNA-directed RNA polymerase complex [GO:0000428]	878.12
Polyketide	cytosol [GO:0005829]	878.12
Polyketide	peptidoglycan-based cell wall [GO:0009274]	878.12
Polyketide	mitochondrial proton-transporting ATP synthase complex [GO:0005753]	618.1
Polyketide	cytosol [GO:0005829]	618.1
Polyketide	mitochondrial proton-transporting ATP synthase complex, coupling factor F(o) [GO:0000276]	618.1
Polyketide	mitochondrion [GO:0005739]	618.1
Polyketide	mitochondrial intermembrane space [GO:0005758]	618.1
Polyketide	mitochondrial inner membrane [GO:0005743]	618.1
Polyketide	nuclear envelope [GO:0005635]	234.55
Polyketide	perinuclear region of cytoplasm [GO:0048471]	234.55
Polyketide	cytosol [GO:0005829]	234.55
Polyketide	pericentriolar material [GO:0000242]	234.55
Polyketide	Golgi membrane [GO:0000139]	234.55
Polyketide	chromosome, telomeric region [GO:0000781]	234.55
Polyketide	nucleus [GO:0005634]	234.55
Polyketide	cytoplasm [GO:0005737]	234.55
Polyketide	plasma membrane [GO:0005886]	427.66
Polyketide	proton-transporting ATP synthase complex, coupling factor F(o) [GO:0045263]	427.66
Polyketide	cytosol [GO:0005829]	141.58
Polyketide	extracellular exosome [GO:0070062]	141.58
Polyketide	synapse [GO:0045202]	141.58
Polyketide	axon [GO:0030424]	141.58
Polyketide	cytoplasm [GO:0005737]	141.58
Polyketide	phagocytic vesicle membrane [GO:0030670]	113.64
Polyketide	external side of plasma membrane [GO:0009897]	113.64
Polyketide	nuclear envelope [GO:0005635]	217.02
Polyketide	perinuclear region of cytoplasm [GO:0048471]	217.02
Polyketide	cytosol [GO:0005829]	217.02
Polyketide	pericentriolar material [GO:0000242]	217.02
Polyketide	Golgi membrane [GO:0000139]	217.02
Polyketide	chromosome, telomeric region [GO:0000781]	217.02
Polyketide	nucleus [GO:0005634]	217.02
Polyketide	cytoplasm [GO:0005737]	217.02
Polyketide	proton-transporting ATP synthase complex, catalytic core F(1) [GO:0045261]	1053.83
Polyketide	apicoplast [GO:0020011]	240.58
Polyketide	nucleoplasm [GO:0005654]	381.91
Polyketide	nucleus [GO:0005634]	381.91
Polyketide	cytoplasm [GO:0005737]	381.91
Polyketide	nucleolus [GO:0005730]	381.91
Polyketide	dendritic shaft [GO:0043198]	249.19
Polyketide	ribonucleoprotein complex [GO:1990904]	249.19
Polyketide	postsynaptic density [GO:0014069]	249.19
Polyketide	nucleoplasm [GO:0005654]	249.19
Polyketide	microtubule [GO:0005874]	249.19
Polyketide	Wnt signalosome [GO:1990909]	249.19
Polyketide	cytoplasm [GO:0005737]	249.19
Polyketide	neuronal cell body [GO:0043025]	249.19
Polyketide	centrosome [GO:0005813]	249.19
Polyketide	meiotic spindle [GO:0072687]	249.19
Polyketide	Schaffer collateral - CA1 synapse [GO:0098685]	249.19
Polyketide	presynapse [GO:0098793]	249.19
Polyketide	growth cone [GO:0030426]	249.19
Polyketide	dendrite [GO:0030425]	249.19
Polyketide	protein-containing complex [GO:0032991]	249.19
Polyketide	perinuclear region of cytoplasm [GO:0048471]	249.19
Polyketide	cytosol [GO:0005829]	249.19
Polyketide	glutamatergic synapse [GO:0098978]	249.19
Polyketide	membrane [GO:0016020]	249.19
Polyketide	dendritic spine [GO:0043197]	249.19
Polyketide	nucleus [GO:0005634]	249.19
Polyketide	membrane-bounded organelle [GO:0043227]	249.19
Polyketide	plasma membrane [GO:0005886]	249.19
Polyketide	mitochondrion [GO:0005739]	249.19
Polyketide	axon [GO:0030424]	249.19
Polyketide	beta-catenin destruction complex [GO:0030877]	249.19
Polyketide	collagen-containing extracellular matrix [GO:0062023]	487.37
Polyketide	cytoplasmic stress granule [GO:0010494]	487.37
Polyketide	lysosome [GO:0005764]	487.37
Polyketide	azurophil granule lumen [GO:0035578]	487.37
Polyketide	cytosol [GO:0005829]	487.37
Polyketide	extracellular exosome [GO:0070062]	487.37
Polyketide	intracellular membrane-bounded organelle [GO:0043231]	487.37
Polyketide	plasma membrane [GO:0005886]	487.37
Polyketide	membrane [GO:0016020]	487.37
Polyketide	extracellular region [GO:0005576]	487.37
Polyketide	extracellular space [GO:0005615]	487.37
Polyketide	secretory granule [GO:0030141]	487.37
Polyketide	nucleus [GO:0005634]	487.37
Polyketide	cytoplasm [GO:0005737]	487.37
Polyketide	nucleus [GO:0005634]	231.43
Polyketide	nucleoplasm [GO:0005654]	289.98
Polyketide	chromatin [GO:0000785]	289.98
Polyketide	cytoplasmic side of endoplasmic reticulum membrane [GO:0098554]	440.14
Polyketide	protein-containing complex [GO:0032991]	440.14
Polyketide	endoplasmic reticulum [GO:0005783]	440.14
Polyketide	sorting endosome [GO:0097443]	440.14
Polyketide	endosome lumen [GO:0031904]	440.14
Polyketide	early endosome [GO:0005769]	440.14
Polyketide	cytosol [GO:0005829]	440.14
Polyketide	mitochondrial crista [GO:0030061]	440.14
Polyketide	mitochondrial matrix [GO:0005759]	440.14
Polyketide	cytoplasm [GO:0005737]	440.14
Polyketide	transcription repressor complex [GO:0017053]	435.84
Polyketide	nucleoplasm [GO:0005654]	435.84
Polyketide	nucleus [GO:0005634]	435.84
Polyketide	mitochondrial envelope [GO:0005740]	235.01
Polyketide	mitochondrial outer membrane [GO:0005741]	235.01
Polyketide	mitochondrion [GO:0005739]	235.01
Polyketide	cytoplasm [GO:0005737]	192.8
Polyketide	host cell nucleus [GO:0042025]	314.79
Polyketide	viral envelope [GO:0019031]	314.79
Polyketide	host cell plasma membrane [GO:0020002]	314.79
Polyketide	host cell lipid droplet [GO:0044186]	314.79
Polyketide	host cell endoplasmic reticulum membrane [GO:0044167]	314.79
Polyketide	host cell mitochondrial membrane [GO:0044191]	314.79
Polyketide	ribonucleoprotein complex [GO:1990904]	314.79
Polyketide	membrane [GO:0016020]	314.79
Polyketide	viral nucleocapsid [GO:0019013]	314.79
Polyketide	virion membrane [GO:0055036]	314.79
Polyketide	host cell perinuclear region of cytoplasm [GO:0044220]	314.79
Polyketide	ATP-binding cassette (ABC) transporter complex [GO:0043190]	492.37
Polyketide	extracellular space [GO:0005615]	206.55
Polyketide	azurophil granule lumen [GO:0035578]	206.55
Polyketide	extracellular region [GO:0005576]	206.55
Polyketide	extracellular exosome [GO:0070062]	206.55
Polyketide	extracellular region [GO:0005576]	195.35
Polyketide	extracellular exosome [GO:0070062]	195.35
Polyketide	azurophil granule lumen [GO:0035578]	195.35
Polyketide	extracellular space [GO:0005615]	195.35
Polyketide	cell body [GO:0044297]	497.55
Polyketide	actin filament [GO:0005884]	497.55
Polyketide	skeletal muscle myofibril [GO:0098723]	497.55
Polyketide	stress fiber [GO:0001725]	497.55
Polyketide	filamentous actin [GO:0031941]	497.55
Polyketide	actin filament bundle [GO:0032432]	497.55
Polyketide	lamellipodium [GO:0030027]	497.55
Polyketide	striated muscle thin filament [GO:0005865]	497.55
Polyketide	cytoplasm [GO:0005737]	497.55
Polyketide	filopodium [GO:0030175]	497.55
Polyketide	extracellular space [GO:0005615]	263.31
Polyketide	azurophil granule lumen [GO:0035578]	263.31
Polyketide	extracellular region [GO:0005576]	263.31
Polyketide	extracellular exosome [GO:0070062]	263.31
Polyketide	nucleoplasm [GO:0005654]	330.48
Polyketide	chromatin [GO:0000785]	330.48
Polyketide	host cell nucleus [GO:0042025]	240.93
Polyketide	host cell endoplasmic reticulum membrane [GO:0044167]	240.93
Polyketide	host cell endoplasmic reticulum-Golgi intermediate compartment [GO:0044172]	240.93
Polyketide	host cell Golgi apparatus [GO:0044177]	240.93
Polyketide	host cell endosome [GO:0044174]	240.93
Polyketide	membrane [GO:0016020]	240.93
Polyketide	double membrane vesicle viral factory outer membrane [GO:0062243]	240.93
Polyketide	host cell perinuclear region of cytoplasm [GO:0044220]	240.93
Polyketide	plasma membrane [GO:0005886]	310.56
Polyketide	periplasmic side of plasma membrane [GO:0098567]	310.56
Polyketide	membrane [GO:0016020]	310.56
Polyketide	outer membrane-bounded periplasmic space [GO:0030288]	310.56
Polyketide	efflux pump complex [GO:1990281]	310.56
Polyketide	extracellular space [GO:0005615]	225.48
Polyketide	azurophil granule lumen [GO:0035578]	225.48
Polyketide	extracellular region [GO:0005576]	225.48
Polyketide	extracellular exosome [GO:0070062]	225.48
Polyketide	extracellular space [GO:0005615]	266.64
Polyketide	azurophil granule lumen [GO:0035578]	266.64
Polyketide	extracellular region [GO:0005576]	266.64
Polyketide	extracellular exosome [GO:0070062]	266.64
Polyketide	extracellular space [GO:0005615]	216.07
Polyketide	azurophil granule lumen [GO:0035578]	216.07
Polyketide	extracellular region [GO:0005576]	216.07
Polyketide	extracellular exosome [GO:0070062]	216.07
Polyketide	sarcoplasmic reticulum membrane [GO:0033017]	798.89
Polyketide	cytoplasmic side of membrane [GO:0098562]	798.89
Polyketide	cytosol [GO:0005829]	798.89
Polyketide	Z disc [GO:0030018]	798.89
Polyketide	sarcoplasmic reticulum [GO:0016529]	798.89
Polyketide	terminal cisterna [GO:0014802]	798.89
Polyketide	membrane [GO:0016020]	798.89
Polyketide	ryanodine receptor complex [GO:1990425]	798.89
Polyketide	cytoplasm [GO:0005737]	798.89
Polyketide	cell body [GO:0044297]	519.71
Polyketide	actin filament [GO:0005884]	519.71
Polyketide	skeletal muscle myofibril [GO:0098723]	519.71
Polyketide	stress fiber [GO:0001725]	519.71
Polyketide	filamentous actin [GO:0031941]	519.71
Polyketide	actin filament bundle [GO:0032432]	519.71
Polyketide	lamellipodium [GO:0030027]	519.71
Polyketide	striated muscle thin filament [GO:0005865]	519.71
Polyketide	cytoplasm [GO:0005737]	519.71
Polyketide	filopodium [GO:0030175]	519.71
Polyketide	endoplasmic reticulum [GO:0005783]	236.35
Polyketide	AIP1-IRE1 complex [GO:1990597]	236.35
Polyketide	nuclear inner membrane [GO:0005637]	236.35
Polyketide	endoplasmic reticulum membrane [GO:0005789]	236.35
Polyketide	mitochondrion [GO:0005739]	236.35
Polyketide	IRE1-RACK1-PP2A complex [GO:1990630]	236.35
Polyketide	cytoplasm [GO:0005737]	236.35
Polyketide	IRE1-TRAF2-ASK1 complex [GO:1990604]	236.35
Polyketide	nucleus [GO:0005634]	928.83
Polyketide	nucleus [GO:0005634]	634.64
Polyketide	cytoplasm [GO:0005737]	634.64
Polyketide	cytosol [GO:0005829]	634.64
Polyketide	sarcoplasmic reticulum membrane [GO:0033017]	708.23
Polyketide	cytoplasmic side of membrane [GO:0098562]	708.23
Polyketide	cytosol [GO:0005829]	708.23
Polyketide	Z disc [GO:0030018]	708.23
Polyketide	sarcoplasmic reticulum [GO:0016529]	708.23
Polyketide	terminal cisterna [GO:0014802]	708.23
Polyketide	membrane [GO:0016020]	708.23
Polyketide	ryanodine receptor complex [GO:1990425]	708.23
Polyketide	cytoplasm [GO:0005737]	708.23
Polyketide	nuclear periphery [GO:0034399]	317.19
Polyketide	main axon [GO:0044304]	317.19
Polyketide	neurofibrillary tangle [GO:0097418]	317.19
Polyketide	neuron projection [GO:0043005]	317.19
Polyketide	somatodendritic compartment [GO:0036477]	317.19
Polyketide	microtubule [GO:0005874]	317.19
Polyketide	cytoplasm [GO:0005737]	317.19
Polyketide	neuronal cell body [GO:0043025]	317.19
Polyketide	cell body [GO:0044297]	317.19
Polyketide	nuclear speck [GO:0016607]	317.19
Polyketide	growth cone [GO:0030426]	317.19
Polyketide	membrane raft [GO:0045121]	317.19
Polyketide	dendrite [GO:0030425]	317.19
Polyketide	tubulin complex [GO:0045298]	317.19
Polyketide	microtubule cytoskeleton [GO:0015630]	317.19
Polyketide	cytosol [GO:0005829]	317.19
Polyketide	axolemma [GO:0030673]	317.19
Polyketide	glial cell projection [GO:0097386]	317.19
Polyketide	dendritic spine [GO:0043197]	317.19
Polyketide	extracellular region [GO:0005576]	317.19
Polyketide	cytoplasmic ribonucleoprotein granule [GO:0036464]	317.19
Polyketide	nucleus [GO:0005634]	317.19
Polyketide	axon cytoplasm [GO:1904115]	317.19
Polyketide	plasma membrane [GO:0005886]	317.19
Polyketide	mitochondrion [GO:0005739]	317.19
Polyketide	axon [GO:0030424]	317.19
Polyketide	RSC-type complex [GO:0016586]	165.1
Polyketide	kinetochore [GO:0000776]	165.1
Polyketide	SWI/SNF complex [GO:0016514]	165.1
Polyketide	nucleoplasm [GO:0005654]	165.1
Polyketide	nuclear matrix [GO:0016363]	165.1
Polyketide	chromatin [GO:0000785]	165.1
Polyketide	nuclear chromosome [GO:0000228]	165.1
Polyketide	nucleus [GO:0005634]	165.1
Polyketide	transporter complex [GO:1990351]	471.13
Polyketide	plasma membrane [GO:0005886]	471.13
Polyketide	membrane [GO:0016020]	471.13
Polyketide	ATP-binding cassette (ABC) transporter complex [GO:0043190]	471.13
Polyketide	cytoplasm [GO:0005737]	471.13
Polyketide	membrane [GO:0016020]	576.82
Polyketide	cytosol [GO:0005829]	167.79
Polyketide	plasma membrane [GO:0005886]	167.79
Polyketide	peptidoglycan-based cell wall [GO:0009274]	167.79
Polyketide	node of Ranvier [GO:0033268]	299.8
Polyketide	synapse [GO:0045202]	299.8
Polyketide	plasma membrane [GO:0005886]	299.8
Polyketide	axon initial segment [GO:0043194]	299.8
Polyketide	voltage-gated potassium channel complex [GO:0008076]	299.8
Polyketide	membrane [GO:0016020]	229.2
Polyketide	node of Ranvier [GO:0033268]	274.67
Polyketide	synapse [GO:0045202]	274.67
Polyketide	plasma membrane [GO:0005886]	274.67
Polyketide	axon initial segment [GO:0043194]	274.67
Polyketide	voltage-gated potassium channel complex [GO:0008076]	274.67
Polyketide	extracellular region [GO:0005576]	457.15
Polyketide	nucleoplasm [GO:0005654]	356.13
Polyketide	mitochondrial respiratory chain complex I [GO:0005747]	356.13
Polyketide	cytoplasm [GO:0005737]	122.79
Polyketide	extracellular space [GO:0005615]	224.17
Polyketide	azurophil granule lumen [GO:0035578]	224.17
Polyketide	extracellular region [GO:0005576]	224.17
Polyketide	extracellular exosome [GO:0070062]	224.17
Polyketide	histone deacetylase complex [GO:0000118]	252.0
Polyketide	protein-containing complex [GO:0032991]	204.95
Polyketide	cytosol [GO:0005829]	204.95
Polyketide	nucleoplasm [GO:0005654]	204.95
Polyketide	membrane [GO:0016020]	204.95
Polyketide	plasma membrane [GO:0005886]	204.95
Polyketide	euchromatin [GO:0000791]	204.95
Polyketide	chromatin [GO:0000785]	204.95
Polyketide	transcription regulator complex [GO:0005667]	204.95
Polyketide	nucleus [GO:0005634]	204.95
Polyketide	cytoplasm [GO:0005737]	204.95
Polyketide	Golgi apparatus [GO:0005794]	204.95
Polyketide	membrane [GO:0016020]	212.62
Polyketide	protein-containing complex [GO:0032991]	214.3
Polyketide	cytosol [GO:0005829]	214.3
Polyketide	nucleoplasm [GO:0005654]	214.3
Polyketide	membrane [GO:0016020]	214.3
Polyketide	plasma membrane [GO:0005886]	214.3
Polyketide	euchromatin [GO:0000791]	214.3
Polyketide	chromatin [GO:0000785]	214.3
Polyketide	transcription regulator complex [GO:0005667]	214.3
Polyketide	nucleus [GO:0005634]	214.3
Polyketide	cytoplasm [GO:0005737]	214.3
Polyketide	Golgi apparatus [GO:0005794]	214.3
Polyketide	cytoplasm [GO:0005737]	578.07
Polyketide	Sin3-type complex [GO:0070822]	196.87
Polyketide	cytosol [GO:0005829]	196.87
Polyketide	plasma membrane [GO:0005886]	196.87
Polyketide	nucleoplasm [GO:0005654]	196.87
Polyketide	protein kinase CK2 complex [GO:0005956]	196.87
Polyketide	nucleus [GO:0005634]	196.87
Polyketide	PML body [GO:0016605]	196.87
Polyketide	cytoplasm [GO:0005737]	306.67
Polyketide	protein-containing complex [GO:0032991]	296.05
Polyketide	cell body [GO:0044297]	296.05
Polyketide	actin filament [GO:0005884]	296.05
Polyketide	stress fiber [GO:0001725]	296.05
Polyketide	lamellipodium [GO:0030027]	296.05
Polyketide	actin cytoskeleton [GO:0015629]	296.05
Polyketide	striated muscle thin filament [GO:0005865]	296.05
Polyketide	sarcomere [GO:0030017]	296.05
Polyketide	cytoplasm [GO:0005737]	296.05
Polyketide	filopodium [GO:0030175]	296.05
Polyketide	microtubule [GO:0005874]	406.02
Polyketide	cytoplasm [GO:0005737]	406.02
Polyketide	bicellular tight junction [GO:0005923]	223.25
Polyketide	cytosol [GO:0005829]	223.25
Polyketide	Golgi membrane [GO:0000139]	223.25
Polyketide	plasma membrane [GO:0005886]	223.25
Polyketide	membrane [GO:0016020]	223.25
Polyketide	growth cone [GO:0030426]	223.25
Polyketide	adherens junction [GO:0005912]	223.25
Polyketide	cytoplasm [GO:0005737]	223.25
Polyketide	nuclear chromosome [GO:0000228]	229.51
Polyketide	histone deacetylase complex [GO:0000118]	229.51
Polyketide	cytoplasm [GO:0005737]	229.51
Polyketide	nucleoplasm [GO:0005654]	229.51
Polyketide	nucleus [GO:0005634]	229.51
Polyketide	protein-containing complex [GO:0032991]	184.46
Polyketide	cytosol [GO:0005829]	184.46
Polyketide	nucleoplasm [GO:0005654]	184.46
Polyketide	membrane [GO:0016020]	184.46
Polyketide	plasma membrane [GO:0005886]	184.46
Polyketide	euchromatin [GO:0000791]	184.46
Polyketide	chromatin [GO:0000785]	184.46
Polyketide	transcription regulator complex [GO:0005667]	184.46
Polyketide	nucleus [GO:0005634]	184.46
Polyketide	cytoplasm [GO:0005737]	184.46
Polyketide	Golgi apparatus [GO:0005794]	184.46
Polyketide	collagen-containing extracellular matrix [GO:0062023]	502.84
Polyketide	lysosomal lumen [GO:0043202]	502.84
Polyketide	lysosome [GO:0005764]	502.84
Polyketide	tertiary granule lumen [GO:1904724]	502.84
Polyketide	ficolin-1-rich granule lumen [GO:1904813]	502.84
Polyketide	endolysosome lumen [GO:0036021]	502.84
Polyketide	intracellular membrane-bounded organelle [GO:0043231]	502.84
Polyketide	extracellular region [GO:0005576]	502.84
Polyketide	extracellular space [GO:0005615]	502.84
Polyketide	late endosome [GO:0005770]	502.84
Polyketide	phagocytic vesicle [GO:0045335]	502.84
Polyketide	protein-containing complex [GO:0032991]	425.55
Polyketide	endocytic vesicle membrane [GO:0030666]	425.55
Polyketide	cytosol [GO:0005829]	425.55
Polyketide	transcription repressor complex [GO:0017053]	425.55
Polyketide	nucleoplasm [GO:0005654]	425.55
Polyketide	plasma membrane [GO:0005886]	425.55
Polyketide	nucleus [GO:0005634]	425.55
Polyketide	cytoplasm [GO:0005737]	425.55
Polyketide	nucleolus [GO:0005730]	425.55
Polyketide	nucleoid [GO:0009295]	215.47
Polyketide	periplasmic space [GO:0042597]	201.65
Polyketide	protein-containing complex [GO:0032991]	417.95
Polyketide	cytosol [GO:0005829]	417.95
Polyketide	nucleoplasm [GO:0005654]	417.95
Polyketide	membrane [GO:0016020]	417.95
Polyketide	plasma membrane [GO:0005886]	417.95
Polyketide	euchromatin [GO:0000791]	417.95
Polyketide	chromatin [GO:0000785]	417.95
Polyketide	transcription regulator complex [GO:0005667]	417.95
Polyketide	nucleus [GO:0005634]	417.95
Polyketide	cytoplasm [GO:0005737]	417.95
Polyketide	Golgi apparatus [GO:0005794]	417.95
Polyketide	membrane [GO:0016020]	352.76
Polyketide	clathrin-sculpted monoamine transport vesicle membrane [GO:0070083]	352.76
Polyketide	terminal bouton [GO:0043195]	352.76
Polyketide	centrosome [GO:0005813]	352.76
Polyketide	plasma membrane [GO:0005886]	352.76
Polyketide	intracellular membrane-bounded organelle [GO:0043231]	352.76
Polyketide	dendrite [GO:0030425]	352.76
Polyketide	dopaminergic synapse [GO:0098691]	352.76
Polyketide	secretory granule membrane [GO:0030667]	352.76
Polyketide	synaptic vesicle membrane [GO:0030672]	352.76
Polyketide	axon [GO:0030424]	352.76
Polyketide	synaptic vesicle [GO:0008021]	352.76
Polyketide	extracellular space [GO:0005615]	239.25
Polyketide	azurophil granule lumen [GO:0035578]	239.25
Polyketide	extracellular region [GO:0005576]	239.25
Polyketide	extracellular exosome [GO:0070062]	239.25
Polyketide	DNA-directed RNA polymerase complex [GO:0000428]	1098.35
Polyketide	voltage-gated potassium channel complex [GO:0008076]	257.05
Polyketide	endoplasmic reticulum [GO:0005783]	257.05
Polyketide	cell surface [GO:0009986]	257.05
Polyketide	apical plasma membrane [GO:0016324]	257.05
Polyketide	plasma membrane [GO:0005886]	257.05
Polyketide	endoplasmic reticulum membrane [GO:0005789]	257.05
Polyketide	astrocyte projection [GO:0097449]	257.05
Polyketide	calyx of Held [GO:0044305]	257.05
Polyketide	neuronal cell body [GO:0043025]	257.05
Polyketide	extracellular space [GO:0005615]	266.02
Polyketide	azurophil granule lumen [GO:0035578]	266.02
Polyketide	extracellular region [GO:0005576]	266.02
Polyketide	extracellular exosome [GO:0070062]	266.02
Polyketide	chloride channel complex [GO:0034707]	220.15
Polyketide	postsynaptic membrane [GO:0045211]	220.15
Polyketide	perikaryon [GO:0043204]	220.15
Polyketide	membrane [GO:0016020]	220.15
Polyketide	plasma membrane [GO:0005886]	220.15
Polyketide	dendrite [GO:0030425]	220.15
Polyketide	neuron projection [GO:0043005]	220.15
Polyketide	synapse [GO:0045202]	220.15
Polyketide	cytoplasm [GO:0005737]	275.31
Polyketide	cytoplasm [GO:0005737]	210.3
Polyketide	vesicle [GO:0031982]	172.5
Polyketide	cytoplasm [GO:0005737]	172.5
Polyketide	secretory granule lumen [GO:0034774]	172.5
Polyketide	cytosol [GO:0005829]	172.5
Polyketide	ficolin-1-rich granule lumen [GO:1904813]	172.5
Polyketide	extracellular exosome [GO:0070062]	172.5
Polyketide	nucleoplasm [GO:0005654]	172.5
Polyketide	plasma membrane [GO:0005886]	172.5
Polyketide	extracellular region [GO:0005576]	172.5
Polyketide	extracellular space [GO:0005615]	172.5
Polyketide	cell surface [GO:0009986]	172.5
Polyketide	nuclear speck [GO:0016607]	458.89
Polyketide	dendrite [GO:0030425]	458.89
Polyketide	cytoplasm [GO:0005737]	458.89
Polyketide	nucleoplasm [GO:0005654]	458.89
Polyketide	cytoskeleton [GO:0005856]	458.89
Polyketide	axon [GO:0030424]	458.89
Polyketide	ribonucleoprotein complex [GO:1990904]	458.89
Polyketide	nucleus [GO:0005634]	458.89
Polyketide	protein-containing complex [GO:0032991]	179.59
Polyketide	cytosol [GO:0005829]	179.59
Polyketide	nucleoplasm [GO:0005654]	179.59
Polyketide	membrane [GO:0016020]	179.59
Polyketide	plasma membrane [GO:0005886]	179.59
Polyketide	euchromatin [GO:0000791]	179.59
Polyketide	chromatin [GO:0000785]	179.59
Polyketide	transcription regulator complex [GO:0005667]	179.59
Polyketide	nucleus [GO:0005634]	179.59
Polyketide	cytoplasm [GO:0005737]	179.59
Polyketide	Golgi apparatus [GO:0005794]	179.59
Polyketide	endoplasmic reticulum lumen [GO:0005788]	254.27
Polyketide	protein-containing complex [GO:0032991]	254.27
Polyketide	endoplasmic reticulum [GO:0005783]	254.27
Polyketide	extracellular exosome [GO:0070062]	254.27
Polyketide	blood microparticle [GO:0072562]	254.27
Polyketide	platelet alpha granule lumen [GO:0031093]	254.27
Polyketide	extracellular region [GO:0005576]	254.27
Polyketide	extracellular space [GO:0005615]	254.27
Polyketide	nucleus [GO:0005634]	254.27
Polyketide	cytoplasm [GO:0005737]	254.27
Polyketide	Golgi apparatus [GO:0005794]	254.27
Polyketide	DNA-directed RNA polymerase complex [GO:0000428]	627.33
Polyketide	calcium channel complex [GO:0034704]	295.99
Polyketide	voltage-gated calcium channel complex [GO:0005891]	295.99
Polyketide	perinuclear region of cytoplasm [GO:0048471]	295.99
Polyketide	apical plasma membrane [GO:0016324]	295.99
Polyketide	cytosol [GO:0005829]	295.99
Polyketide	plasma membrane [GO:0005886]	295.99
Polyketide	membrane [GO:0016020]	295.99
Polyketide	nucleus [GO:0005634]	295.99
Polyketide	microtubule organizing center [GO:0005815]	295.99
Polyketide	nuclear chromosome [GO:0000228]	217.87
Polyketide	histone deacetylase complex [GO:0000118]	217.87
Polyketide	cytoplasm [GO:0005737]	217.87
Polyketide	nucleoplasm [GO:0005654]	217.87
Polyketide	nucleus [GO:0005634]	217.87
Polyketide	dendrite [GO:0030425]	703.72
Polyketide	chloride channel complex [GO:0034707]	703.72
Polyketide	neuron projection [GO:0043005]	703.72
Polyketide	plasma membrane [GO:0005886]	703.72
Polyketide	membrane [GO:0016020]	703.72
Polyketide	postsynaptic membrane [GO:0045211]	703.72
Polyketide	synapse [GO:0045202]	703.72
Polyketide	perikaryon [GO:0043204]	703.72
Polyketide	epidermal lamellar body [GO:0097209]	164.39
Polyketide	extracellular region [GO:0005576]	164.39
Polyketide	extracellular space [GO:0005615]	164.39
Polyketide	secretory granule [GO:0030141]	164.39
Polyketide	cornified envelope [GO:0001533]	164.39
Polyketide	periplasmic space [GO:0042597]	899.82
Polyketide	dendrite [GO:0030425]	290.72
Polyketide	cytosol [GO:0005829]	290.72
Polyketide	synapse [GO:0045202]	290.72
Polyketide	nucleus [GO:0005634]	290.72
Polyketide	cytoplasm [GO:0005737]	290.72
Polyketide	neuronal cell body [GO:0043025]	290.72
Polyketide	plasma membrane [GO:0005886]	296.58
Polyketide	periplasmic space [GO:0042597]	203.24
Polyketide	membrane [GO:0016020]	534.55
Polyketide	endoplasmic reticulum [GO:0005783]	534.55
Polyketide	endoplasmic reticulum membrane [GO:0005789]	534.55
Polyketide	protein-containing complex [GO:0032991]	483.82
Polyketide	centrosome [GO:0005813]	483.82
Polyketide	perinuclear region of cytoplasm [GO:0048471]	483.82
Polyketide	cytosol [GO:0005829]	483.82
Polyketide	extracellular exosome [GO:0070062]	483.82
Polyketide	photoreceptor outer segment [GO:0001750]	483.82
Polyketide	ciliary basal body [GO:0036064]	483.82
Polyketide	photoreceptor inner segment [GO:0001917]	483.82
Polyketide	centriole [GO:0005814]	483.82
Polyketide	microtubule organizing center [GO:0005815]	483.82
Polyketide	cytoplasm [GO:0005737]	380.73
Polyketide	mitochondrial proton-transporting ATP synthase, catalytic core [GO:0005754]	533.5
Polyketide	proton-transporting ATP synthase complex, catalytic core F(1) [GO:0045261]	533.5
Polyketide	mitochondrial proton-transporting ATP synthase complex [GO:0005753]	533.5
Polyketide	cytosol [GO:0005829]	533.5
Polyketide	mitochondrial nucleoid [GO:0042645]	533.5
Polyketide	mitochondrion [GO:0005739]	533.5
Polyketide	mitochondrial intermembrane space [GO:0005758]	533.5
Polyketide	mitochondrial inner membrane [GO:0005743]	533.5
Polyketide	sarcoplasmic reticulum membrane [GO:0033017]	656.59
Polyketide	cytoplasmic side of membrane [GO:0098562]	656.59
Polyketide	cytosol [GO:0005829]	656.59
Polyketide	Z disc [GO:0030018]	656.59
Polyketide	sarcoplasmic reticulum [GO:0016529]	656.59
Polyketide	terminal cisterna [GO:0014802]	656.59
Polyketide	membrane [GO:0016020]	656.59
Polyketide	ryanodine receptor complex [GO:1990425]	656.59
Polyketide	cytoplasm [GO:0005737]	656.59
Polyketide	protein-containing complex [GO:0032991]	412.16
Polyketide	cytosol [GO:0005829]	412.16
Polyketide	nucleoplasm [GO:0005654]	412.16
Polyketide	membrane [GO:0016020]	412.16
Polyketide	plasma membrane [GO:0005886]	412.16
Polyketide	euchromatin [GO:0000791]	412.16
Polyketide	chromatin [GO:0000785]	412.16
Polyketide	transcription regulator complex [GO:0005667]	412.16
Polyketide	nucleus [GO:0005634]	412.16
Polyketide	cytoplasm [GO:0005737]	412.16
Polyketide	Golgi apparatus [GO:0005794]	412.16
Polyketide	chloroplast stroma [GO:0009570]	315.21
Polyketide	endoplasmic reticulum [GO:0005783]	315.21
Polyketide	chloroplast [GO:0009507]	315.21
Polyketide	cytosol [GO:0005829]	315.21
Polyketide	intracellular membrane-bounded organelle [GO:0043231]	315.21
Polyketide	plasma membrane [GO:0005886]	315.21
Polyketide	apoplast [GO:0048046]	315.21
Polyketide	plasmodesma [GO:0009506]	315.21
Polyketide	plant-type vacuole [GO:0000325]	315.21
Polyketide	sarcoplasmic reticulum membrane [GO:0033017]	893.16
Polyketide	cytoplasmic side of membrane [GO:0098562]	893.16
Polyketide	cytosol [GO:0005829]	893.16
Polyketide	Z disc [GO:0030018]	893.16
Polyketide	sarcoplasmic reticulum [GO:0016529]	893.16
Polyketide	extracellular exosome [GO:0070062]	893.16
Polyketide	membrane [GO:0016020]	893.16
Polyketide	ryanodine receptor complex [GO:1990425]	893.16
Polyketide	cytoplasm [GO:0005737]	893.16
Polyketide	neuron projection [GO:0043005]	676.88
Polyketide	synapse [GO:0045202]	676.88
Polyketide	postsynaptic membrane [GO:0045211]	676.88
Polyketide	protein-containing complex [GO:0032991]	262.78
Polyketide	cytosol [GO:0005829]	262.78
Polyketide	nucleoplasm [GO:0005654]	262.78
Polyketide	membrane [GO:0016020]	262.78
Polyketide	plasma membrane [GO:0005886]	262.78
Polyketide	euchromatin [GO:0000791]	262.78
Polyketide	chromatin [GO:0000785]	262.78
Polyketide	transcription regulator complex [GO:0005667]	262.78
Polyketide	nucleus [GO:0005634]	262.78
Polyketide	cytoplasm [GO:0005737]	262.78
Polyketide	Golgi apparatus [GO:0005794]	262.78
Polyketide	plasma membrane [GO:0005886]	409.89
Polyketide	proton-transporting ATP synthase complex, coupling factor F(o) [GO:0045263]	409.89
Polyketide	plasma membrane [GO:0005886]	70.54
Polyketide	extracellular space [GO:0005615]	204.63
Polyketide	azurophil granule lumen [GO:0035578]	204.63
Polyketide	extracellular region [GO:0005576]	204.63
Polyketide	extracellular exosome [GO:0070062]	204.63
Polyketide	protein-DNA complex [GO:0032993]	164.59
Polyketide	nucleoplasm [GO:0005654]	194.81
Polyketide	cytosol [GO:0005829]	194.81
Polyketide	extracellular exosome [GO:0070062]	194.81
Polyketide	fungal biofilm matrix [GO:0062040]	609.96
Polyketide	cytoplasm [GO:0005737]	609.96
Polyketide	extracellular region [GO:0005576]	609.96
Polyketide	host cell nucleus [GO:0042025]	468.97
Polyketide	viral envelope [GO:0019031]	468.97
Polyketide	host cell plasma membrane [GO:0020002]	468.97
Polyketide	host cell lipid droplet [GO:0044186]	468.97
Polyketide	host cell endoplasmic reticulum membrane [GO:0044167]	468.97
Polyketide	host cell mitochondrial membrane [GO:0044191]	468.97
Polyketide	ribonucleoprotein complex [GO:1990904]	468.97
Polyketide	membrane [GO:0016020]	468.97
Polyketide	viral nucleocapsid [GO:0019013]	468.97
Polyketide	virion membrane [GO:0055036]	468.97
Polyketide	host cell perinuclear region of cytoplasm [GO:0044220]	468.97
Polyketide	protein-containing complex [GO:0032991]	309.08
Polyketide	cytosol [GO:0005829]	309.08
Polyketide	nucleoplasm [GO:0005654]	309.08
Polyketide	membrane [GO:0016020]	309.08
Polyketide	plasma membrane [GO:0005886]	309.08
Polyketide	euchromatin [GO:0000791]	309.08
Polyketide	chromatin [GO:0000785]	309.08
Polyketide	transcription regulator complex [GO:0005667]	309.08
Polyketide	nucleus [GO:0005634]	309.08
Polyketide	cytoplasm [GO:0005737]	309.08
Polyketide	Golgi apparatus [GO:0005794]	309.08
Polyketide	extracellular space [GO:0005615]	254.24
Polyketide	azurophil granule lumen [GO:0035578]	254.24
Polyketide	extracellular region [GO:0005576]	254.24
Polyketide	extracellular exosome [GO:0070062]	254.24
Polyketide	extracellular space [GO:0005615]	418.02
Polyketide	host cell nucleus [GO:0042025]	215.48
Polyketide	host cell plasma membrane [GO:0020002]	215.48
Polyketide	membrane [GO:0016020]	215.48
Polyketide	viral nucleocapsid [GO:0019013]	215.48
Polyketide	host multivesicular body [GO:0072494]	215.48
Polyketide	virion membrane [GO:0055036]	215.48
Polyketide	tertiary granule lumen [GO:1904724]	216.95
Polyketide	cytosol [GO:0005829]	216.95
Polyketide	ficolin-1-rich granule lumen [GO:1904813]	216.95
Polyketide	extracellular exosome [GO:0070062]	216.95
Polyketide	nucleoplasm [GO:0005654]	216.95
Polyketide	extracellular region [GO:0005576]	216.95
Polyketide	nucleus [GO:0005634]	216.95
Polyketide	chromosome [GO:0005694]	525.06
Polyketide	nuclear chromosome [GO:0000228]	244.11
Polyketide	histone deacetylase complex [GO:0000118]	244.11
Polyketide	cytoplasm [GO:0005737]	244.11
Polyketide	nucleoplasm [GO:0005654]	244.11
Polyketide	nucleus [GO:0005634]	244.11
Polyketide	extracellular space [GO:0005615]	315.93
Polyketide	azurophil granule lumen [GO:0035578]	315.93
Polyketide	extracellular region [GO:0005576]	315.93
Polyketide	extracellular exosome [GO:0070062]	315.93
Polyketide	fibrillar center [GO:0001650]	218.57
Polyketide	nuclear inner membrane [GO:0005637]	218.57
Polyketide	heterochromatin [GO:0000792]	218.57
Polyketide	nuclear envelope [GO:0005635]	218.57
Polyketide	PML body [GO:0016605]	218.57
Polyketide	cytosol [GO:0005829]	218.57
Polyketide	eNoSc complex [GO:0061773]	218.57
Polyketide	rDNA heterochromatin [GO:0033553]	218.57
Polyketide	nucleoplasm [GO:0005654]	218.57
Polyketide	mitochondrion [GO:0005739]	218.57
Polyketide	euchromatin [GO:0000791]	218.57
Polyketide	chromatin [GO:0000785]	218.57
Polyketide	chromatin silencing complex [GO:0005677]	218.57
Polyketide	nucleus [GO:0005634]	218.57
Polyketide	cytoplasm [GO:0005737]	218.57
Polyketide	nucleolus [GO:0005730]	218.57
Polyketide	mitochondrial respiratory chain complex I [GO:0005747]	291.06
Polyketide	mitochondrial inner membrane [GO:0005743]	291.06
Polyketide	extracellular space [GO:0005615]	307.71
Polyketide	extracellular region [GO:0005576]	307.71
Polyketide	efflux pump complex [GO:1990281]	551.81
Polyketide	outer membrane-bounded periplasmic space [GO:0030288]	551.81
Polyketide	periplasmic side of plasma membrane [GO:0098567]	551.81
Polyketide	plasma membrane [GO:0005886]	551.81
Polyketide	membrane [GO:0016020]	551.81
Polyketide	mitochondrial proton-transporting ATP synthase complex [GO:0005753]	554.31
Polyketide	cytosol [GO:0005829]	554.31
Polyketide	mitochondrial proton-transporting ATP synthase complex, coupling factor F(o) [GO:0000276]	554.31
Polyketide	mitochondrion [GO:0005739]	554.31
Polyketide	mitochondrial intermembrane space [GO:0005758]	554.31
Polyketide	mitochondrial inner membrane [GO:0005743]	554.31
Polyketide	chromosome [GO:0005694]	503.44
Polyketide	cytoplasm [GO:0005737]	503.44
Polyketide	skeletal muscle myofibril [GO:0098723]	346.77
Polyketide	lamellipodium [GO:0030027]	346.77
Polyketide	cytoplasm [GO:0005737]	346.77
Polyketide	actin filament bundle [GO:0032432]	346.77
Polyketide	stress fiber [GO:0001725]	346.77
Polyketide	actin filament [GO:0005884]	346.77
Polyketide	filamentous actin [GO:0031941]	346.77
Polyketide	cell body [GO:0044297]	346.77
Polyketide	striated muscle thin filament [GO:0005865]	346.77
Polyketide	filopodium [GO:0030175]	346.77
Polyketide	microtubule [GO:0005874]	261.1
Polyketide	cytoplasm [GO:0005737]	261.1
Polyketide	microtubule cytoskeleton [GO:0015630]	261.1
Polyketide	protein-containing complex [GO:0032991]	248.91
Polyketide	cytosol [GO:0005829]	248.91
Polyketide	nucleoplasm [GO:0005654]	248.91
Polyketide	membrane [GO:0016020]	248.91
Polyketide	plasma membrane [GO:0005886]	248.91
Polyketide	euchromatin [GO:0000791]	248.91
Polyketide	chromatin [GO:0000785]	248.91
Polyketide	transcription regulator complex [GO:0005667]	248.91
Polyketide	nucleus [GO:0005634]	248.91
Polyketide	cytoplasm [GO:0005737]	248.91
Polyketide	Golgi apparatus [GO:0005794]	248.91
Polyketide	protein-containing complex [GO:0032991]	187.72
Polyketide	cytosol [GO:0005829]	187.72
Polyketide	nucleoplasm [GO:0005654]	187.72
Polyketide	membrane [GO:0016020]	187.72
Polyketide	plasma membrane [GO:0005886]	187.72
Polyketide	euchromatin [GO:0000791]	187.72
Polyketide	chromatin [GO:0000785]	187.72
Polyketide	transcription regulator complex [GO:0005667]	187.72
Polyketide	nucleus [GO:0005634]	187.72
Polyketide	cytoplasm [GO:0005737]	187.72
Polyketide	Golgi apparatus [GO:0005794]	187.72
Polyketide	RSC-type complex [GO:0016586]	148.15
Polyketide	kinetochore [GO:0000776]	148.15
Polyketide	SWI/SNF complex [GO:0016514]	148.15
Polyketide	nucleoplasm [GO:0005654]	148.15
Polyketide	nuclear matrix [GO:0016363]	148.15
Polyketide	chromatin [GO:0000785]	148.15
Polyketide	nuclear chromosome [GO:0000228]	148.15
Polyketide	nucleus [GO:0005634]	148.15
Polyketide	chloride channel complex [GO:0034707]	265.31
Polyketide	postsynaptic membrane [GO:0045211]	265.31
Polyketide	perikaryon [GO:0043204]	265.31
Polyketide	membrane [GO:0016020]	265.31
Polyketide	plasma membrane [GO:0005886]	265.31
Polyketide	dendrite [GO:0030425]	265.31
Polyketide	neuron projection [GO:0043005]	265.31
Polyketide	synapse [GO:0045202]	265.31
Polyketide	mitochondrial matrix [GO:0005759]	258.37
Polyketide	mitochondrion [GO:0005739]	258.37
Polyketide	extracellular exosome [GO:0070062]	258.37
Polyketide	endoplasmic reticulum lumen [GO:0005788]	327.95
Polyketide	endoplasmic reticulum [GO:0005783]	327.95
Polyketide	cytosol [GO:0005829]	327.95
Polyketide	lipid droplet [GO:0005811]	327.95
Polyketide	cytoplasm [GO:0005737]	327.95
Polyketide	plasma membrane [GO:0005886]	658.92
Polyketide	DNA-directed RNA polymerase complex [GO:0000428]	658.92
Polyketide	cytosol [GO:0005829]	658.92
Polyketide	peptidoglycan-based cell wall [GO:0009274]	658.92
Polyketide	melanosome [GO:0042470]	213.95
Polyketide	axonal growth cone [GO:0044295]	213.95
Polyketide	cell body [GO:0044297]	213.95
Polyketide	endomembrane system [GO:0012505]	213.95
Polyketide	lamellipodium [GO:0030027]	213.95
Polyketide	growth cone membrane [GO:0032584]	213.95
Polyketide	plasma membrane [GO:0005886]	213.95
Polyketide	axon [GO:0030424]	213.95
Polyketide	cell surface [GO:0009986]	213.95
Polyketide	node of Ranvier [GO:0033268]	395.34
Polyketide	synapse [GO:0045202]	395.34
Polyketide	plasma membrane [GO:0005886]	395.34
Polyketide	axon initial segment [GO:0043194]	395.34
Polyketide	voltage-gated potassium channel complex [GO:0008076]	395.34
Polyketide	microtubule [GO:0005874]	336.99
Polyketide	cytoplasm [GO:0005737]	336.99
Polyketide	microtubule cytoskeleton [GO:0015630]	336.99
Polyketide	node of Ranvier [GO:0033268]	282.98
Polyketide	synapse [GO:0045202]	282.98
Polyketide	plasma membrane [GO:0005886]	282.98
Polyketide	axon initial segment [GO:0043194]	282.98
Polyketide	voltage-gated potassium channel complex [GO:0008076]	282.98
Polyketide	cell body [GO:0044297]	283.52
Polyketide	actin filament [GO:0005884]	283.52
Polyketide	skeletal muscle myofibril [GO:0098723]	283.52
Polyketide	stress fiber [GO:0001725]	283.52
Polyketide	filamentous actin [GO:0031941]	283.52
Polyketide	actin filament bundle [GO:0032432]	283.52
Polyketide	lamellipodium [GO:0030027]	283.52
Polyketide	striated muscle thin filament [GO:0005865]	283.52
Polyketide	cytoplasm [GO:0005737]	283.52
Polyketide	filopodium [GO:0030175]	283.52
Polyketide	extracellular space [GO:0005615]	380.97
Polyketide	serine protease inhibitor complex [GO:0097180]	380.97
Polyketide	aggresome [GO:0016235]	578.03
Polyketide	cell projection [GO:0042995]	578.03
Polyketide	secretory granule membrane [GO:0030667]	578.03
Polyketide	ficolin-1-rich granule membrane [GO:0101003]	578.03
Polyketide	tertiary granule membrane [GO:0070821]	578.03
Polyketide	extracellular exosome [GO:0070062]	578.03
Polyketide	plasma membrane [GO:0005886]	578.03
Polyketide	membrane [GO:0016020]	578.03
Polyketide	specific granule membrane [GO:0035579]	578.03
Polyketide	perikaryon [GO:0043204]	578.03
Polyketide	extracellular space [GO:0005615]	224.4
Polyketide	protein-containing complex [GO:0032991]	224.4
Polyketide	aggresome [GO:0016235]	453.7
Polyketide	cell projection [GO:0042995]	453.7
Polyketide	secretory granule membrane [GO:0030667]	453.7
Polyketide	ficolin-1-rich granule membrane [GO:0101003]	453.7
Polyketide	tertiary granule membrane [GO:0070821]	453.7
Polyketide	extracellular exosome [GO:0070062]	453.7
Polyketide	plasma membrane [GO:0005886]	453.7
Polyketide	membrane [GO:0016020]	453.7
Polyketide	specific granule membrane [GO:0035579]	453.7
Polyketide	perikaryon [GO:0043204]	453.7
Polyketide	extracellular exosome [GO:0070062]	313.7
Polyketide	cytosol [GO:0005829]	313.7
Polyketide	nucleoplasm [GO:0005654]	313.7
Polyketide	protein-containing complex [GO:0032991]	313.7
Polyketide	peroxisomal matrix [GO:0005782]	313.7
Polyketide	apical cortex [GO:0045179]	313.7
Polyketide	nucleus [GO:0005634]	313.7
Polyketide	cytoplasm [GO:0005737]	139.51
Polyketide	cytosol [GO:0005829]	139.51
Polyketide	plasma membrane [GO:0005886]	382.82
Polyketide	proton-transporting ATP synthase complex, coupling factor F(o) [GO:0045263]	382.82
Polyketide	nucleoplasm [GO:0005654]	171.0
Polyketide	nucleus [GO:0005634]	171.0
Polyketide	cytoplasm [GO:0005737]	171.0
Polyketide	plasma membrane [GO:0005886]	345.29
Polyketide	proton-transporting ATP synthase complex, coupling factor F(o) [GO:0045263]	345.29
Polyketide	dendrite [GO:0030425]	655.84
Polyketide	chloride channel complex [GO:0034707]	655.84
Polyketide	neuron projection [GO:0043005]	655.84
Polyketide	plasma membrane [GO:0005886]	655.84
Polyketide	membrane [GO:0016020]	655.84
Polyketide	postsynaptic membrane [GO:0045211]	655.84
Polyketide	synapse [GO:0045202]	655.84
Polyketide	perikaryon [GO:0043204]	655.84
Polyketide	cell body [GO:0044297]	362.62
Polyketide	actin filament [GO:0005884]	362.62
Polyketide	skeletal muscle myofibril [GO:0098723]	362.62
Polyketide	stress fiber [GO:0001725]	362.62
Polyketide	filamentous actin [GO:0031941]	362.62
Polyketide	actin filament bundle [GO:0032432]	362.62
Polyketide	lamellipodium [GO:0030027]	362.62
Polyketide	striated muscle thin filament [GO:0005865]	362.62
Polyketide	cytoplasm [GO:0005737]	362.62
Polyketide	filopodium [GO:0030175]	362.62
Polyketide	protein-DNA complex [GO:0032993]	252.56
Polyketide	nucleoplasm [GO:0005654]	433.38
Polyketide	nucleus [GO:0005634]	433.38
Polyketide	cytoplasm [GO:0005737]	433.38
Polyketide	nucleolus [GO:0005730]	433.38
Polyketide	host cell nucleus [GO:0042025]	435.12
Polyketide	viral envelope [GO:0019031]	435.12
Polyketide	host cell plasma membrane [GO:0020002]	435.12
Polyketide	host cell lipid droplet [GO:0044186]	435.12
Polyketide	host cell endoplasmic reticulum membrane [GO:0044167]	435.12
Polyketide	host cell mitochondrial membrane [GO:0044191]	435.12
Polyketide	ribonucleoprotein complex [GO:1990904]	435.12
Polyketide	membrane [GO:0016020]	435.12
Polyketide	viral nucleocapsid [GO:0019013]	435.12
Polyketide	virion membrane [GO:0055036]	435.12
Polyketide	host cell perinuclear region of cytoplasm [GO:0044220]	435.12
Polyketide	membrane [GO:0016020]	582.6
Polyketide	endoplasmic reticulum [GO:0005783]	582.6
Polyketide	endoplasmic reticulum membrane [GO:0005789]	582.6
Polyketide	endoplasmic reticulum [GO:0005783]	318.93
Polyketide	mitochondrion [GO:0005739]	318.93
Polyketide	mitochondrial inner membrane [GO:0005743]	318.93
Polyketide	extracellular space [GO:0005615]	191.26
Polyketide	azurophil granule lumen [GO:0035578]	191.26
Polyketide	extracellular region [GO:0005576]	191.26
Polyketide	extracellular exosome [GO:0070062]	191.26
Polyketide	protein-DNA complex [GO:0032993]	384.93
Polyketide	nucleoplasm [GO:0005654]	879.71
Polyketide	paraspeckles [GO:0042382]	879.71
Polyketide	nucleus [GO:0005634]	879.71
Polyketide	Golgi apparatus [GO:0005794]	879.71
Polyketide	nucleolus [GO:0005730]	879.71
Polyketide	cytoplasmic side of endoplasmic reticulum membrane [GO:0098554]	440.52
Polyketide	protein-containing complex [GO:0032991]	440.52
Polyketide	endoplasmic reticulum [GO:0005783]	440.52
Polyketide	sorting endosome [GO:0097443]	440.52
Polyketide	endosome lumen [GO:0031904]	440.52
Polyketide	early endosome [GO:0005769]	440.52
Polyketide	cytosol [GO:0005829]	440.52
Polyketide	mitochondrial crista [GO:0030061]	440.52
Polyketide	mitochondrial matrix [GO:0005759]	440.52
Polyketide	cytoplasm [GO:0005737]	440.52
Polyketide	vesicle [GO:0031982]	437.72
Polyketide	protein-containing complex [GO:0032991]	437.72
Polyketide	focal adhesion [GO:0005925]	437.72
Polyketide	secretory granule lumen [GO:0034774]	437.72
Polyketide	cytosol [GO:0005829]	437.72
Polyketide	ficolin-1-rich granule lumen [GO:1904813]	437.72
Polyketide	extracellular exosome [GO:0070062]	437.72
Polyketide	membrane [GO:0016020]	437.72
Polyketide	extracellular region [GO:0005576]	437.72
Polyketide	extracellular space [GO:0005615]	437.72
Polyketide	nucleus [GO:0005634]	437.72
Polyketide	cytoplasm [GO:0005737]	437.72
Polyketide	cell outer membrane [GO:0009279]	844.26
Polyketide	efflux pump complex [GO:1990281]	391.97
Polyketide	outer membrane-bounded periplasmic space [GO:0030288]	391.97
Polyketide	periplasmic side of plasma membrane [GO:0098567]	391.97
Polyketide	plasma membrane [GO:0005886]	391.97
Polyketide	membrane [GO:0016020]	391.97
Polyketide	skeletal muscle myofibril [GO:0098723]	206.69
Polyketide	cell body [GO:0044297]	520.12
Polyketide	actin filament [GO:0005884]	520.12
Polyketide	skeletal muscle myofibril [GO:0098723]	520.12
Polyketide	stress fiber [GO:0001725]	520.12
Polyketide	filamentous actin [GO:0031941]	520.12
Polyketide	actin filament bundle [GO:0032432]	520.12
Polyketide	lamellipodium [GO:0030027]	520.12
Polyketide	striated muscle thin filament [GO:0005865]	520.12
Polyketide	cytoplasm [GO:0005737]	520.12
Polyketide	filopodium [GO:0030175]	520.12
Polyketide	calcineurin complex [GO:0005955]	674.04
Polyketide	cytoplasm [GO:0005737]	674.04
Polyketide	proton-transporting ATP synthase complex, catalytic core F(1) [GO:0045261]	188.76
Polyketide	plasma membrane [GO:0005886]	188.76
Polyketide	mitochondrial proton-transporting ATP synthase, catalytic core [GO:0005754]	188.76
Polyketide	mitochondrial proton-transporting ATP synthase complex [GO:0005753]	188.76
Polyketide	skeletal muscle myofibril [GO:0098723]	358.31
Polyketide	vesicle [GO:0031982]	237.72
Polyketide	cytoplasm [GO:0005737]	237.72
Polyketide	secretory granule lumen [GO:0034774]	237.72
Polyketide	cytosol [GO:0005829]	237.72
Polyketide	ficolin-1-rich granule lumen [GO:1904813]	237.72
Polyketide	extracellular exosome [GO:0070062]	237.72
Polyketide	nucleoplasm [GO:0005654]	237.72
Polyketide	plasma membrane [GO:0005886]	237.72
Polyketide	extracellular region [GO:0005576]	237.72
Polyketide	extracellular space [GO:0005615]	237.72
Polyketide	cell surface [GO:0009986]	237.72
Polyketide	extracellular region [GO:0005576]	349.92
Polyketide	host cell cytoplasm [GO:0030430]	349.92
Polyketide	cardiac Troponin complex [GO:1990584]	220.11
Polyketide	troponin complex [GO:0005861]	220.11
Polyketide	cytosol [GO:0005829]	220.11
Polyketide	extracellular space [GO:0005615]	187.09
Polyketide	azurophil granule lumen [GO:0035578]	187.09
Polyketide	extracellular region [GO:0005576]	187.09
Polyketide	extracellular exosome [GO:0070062]	187.09
Polyketide	cytosol [GO:0005829]	316.14
Polyketide	nucleoplasm [GO:0005654]	316.14
Polyketide	receptor complex [GO:0043235]	316.14
Polyketide	mitochondrion [GO:0005739]	316.14
Polyketide	RNA polymerase II transcription regulator complex [GO:0090575]	316.14
Polyketide	chromatin [GO:0000785]	316.14
Polyketide	transcription regulator complex [GO:0005667]	316.14
Polyketide	nucleus [GO:0005634]	316.14
Polyketide	pericentric heterochromatin [GO:0005721]	224.96
Polyketide	endoplasmic reticulum [GO:0005783]	224.96
Polyketide	intracellular membrane-bounded organelle [GO:0043231]	224.96
Polyketide	nucleoplasm [GO:0005654]	224.96
Polyketide	site of DNA damage [GO:0090734]	224.96
Polyketide	chromatin [GO:0000785]	224.96
Polyketide	nucleus [GO:0005634]	224.96
Polyketide	site of double-strand break [GO:0035861]	224.96
Polyketide	chromosome, subtelomeric region [GO:0099115]	224.96
Polyketide	dendrite [GO:0030425]	668.33
Polyketide	neuron projection [GO:0043005]	668.33
Polyketide	intracellular membrane-bounded organelle [GO:0043231]	668.33
Polyketide	plasma membrane [GO:0005886]	668.33
Polyketide	postsynaptic membrane [GO:0045211]	668.33
Polyketide	synapse [GO:0045202]	668.33
Polyketide	glycine-gated chloride channel complex [GO:0016935]	668.33
Polyketide	perikaryon [GO:0043204]	668.33
Polyketide	cytoplasm [GO:0005737]	275.62
Polyketide	plasma membrane [GO:0005886]	389.99
Polyketide	proton-transporting ATP synthase complex, coupling factor F(o) [GO:0045263]	389.99
Polyketide	nuclear periphery [GO:0034399]	329.9
Polyketide	main axon [GO:0044304]	329.9
Polyketide	neurofibrillary tangle [GO:0097418]	329.9
Polyketide	neuron projection [GO:0043005]	329.9
Polyketide	somatodendritic compartment [GO:0036477]	329.9
Polyketide	microtubule [GO:0005874]	329.9
Polyketide	cytoplasm [GO:0005737]	329.9
Polyketide	neuronal cell body [GO:0043025]	329.9
Polyketide	cell body [GO:0044297]	329.9
Polyketide	nuclear speck [GO:0016607]	329.9
Polyketide	growth cone [GO:0030426]	329.9
Polyketide	membrane raft [GO:0045121]	329.9
Polyketide	dendrite [GO:0030425]	329.9
Polyketide	tubulin complex [GO:0045298]	329.9
Polyketide	microtubule cytoskeleton [GO:0015630]	329.9
Polyketide	cytosol [GO:0005829]	329.9
Polyketide	axolemma [GO:0030673]	329.9
Polyketide	glial cell projection [GO:0097386]	329.9
Polyketide	dendritic spine [GO:0043197]	329.9
Polyketide	extracellular region [GO:0005576]	329.9
Polyketide	cytoplasmic ribonucleoprotein granule [GO:0036464]	329.9
Polyketide	nucleus [GO:0005634]	329.9
Polyketide	axon cytoplasm [GO:1904115]	329.9
Polyketide	plasma membrane [GO:0005886]	329.9
Polyketide	mitochondrion [GO:0005739]	329.9
Polyketide	axon [GO:0030424]	329.9
Polyketide	peroxisomal membrane [GO:0005778]	174.87
Polyketide	cytosol [GO:0005829]	174.87
Polyketide	peroxisomal matrix [GO:0005782]	174.87
Polyketide	peroxisome [GO:0005777]	174.87
Polyketide	cytoplasm [GO:0005737]	174.87
Polyketide	membrane-bounded organelle [GO:0043227]	202.76
Polyketide	chromosome [GO:0005694]	369.98
Polyketide	condensed nuclear chromosome [GO:0000794]	369.98
Polyketide	nucleus [GO:0005634]	369.98
Polyketide	nucleoplasm [GO:0005654]	369.98
Polyketide	host cell nucleus [GO:0042025]	144.06
Polyketide	host cell plasma membrane [GO:0020002]	144.06
Polyketide	membrane [GO:0016020]	144.06
Polyketide	viral nucleocapsid [GO:0019013]	144.06
Polyketide	host multivesicular body [GO:0072494]	144.06
Polyketide	virion membrane [GO:0055036]	144.06
Polyketide	cytoplasm [GO:0005737]	358.95
Polyketide	protein-containing complex [GO:0032991]	398.8
Polyketide	endocytic vesicle membrane [GO:0030666]	398.8
Polyketide	cytosol [GO:0005829]	398.8
Polyketide	transcription repressor complex [GO:0017053]	398.8
Polyketide	nucleoplasm [GO:0005654]	398.8
Polyketide	plasma membrane [GO:0005886]	398.8
Polyketide	nucleus [GO:0005634]	398.8
Polyketide	cytoplasm [GO:0005737]	398.8
Polyketide	nucleolus [GO:0005730]	398.8
Polyketide	sarcoplasmic reticulum membrane [GO:0033017]	792.9
Polyketide	cytoplasmic side of membrane [GO:0098562]	792.9
Polyketide	cytosol [GO:0005829]	792.9
Polyketide	Z disc [GO:0030018]	792.9
Polyketide	sarcoplasmic reticulum [GO:0016529]	792.9
Polyketide	terminal cisterna [GO:0014802]	792.9
Polyketide	membrane [GO:0016020]	792.9
Polyketide	ryanodine receptor complex [GO:1990425]	792.9
Polyketide	cytoplasm [GO:0005737]	792.9
Polyketide	cell body [GO:0044297]	286.82
Polyketide	actin filament [GO:0005884]	286.82
Polyketide	skeletal muscle myofibril [GO:0098723]	286.82
Polyketide	stress fiber [GO:0001725]	286.82
Polyketide	filamentous actin [GO:0031941]	286.82
Polyketide	actin filament bundle [GO:0032432]	286.82
Polyketide	lamellipodium [GO:0030027]	286.82
Polyketide	striated muscle thin filament [GO:0005865]	286.82
Polyketide	cytoplasm [GO:0005737]	286.82
Polyketide	filopodium [GO:0030175]	286.82
Polyketide	nuclear envelope [GO:0005635]	219.67
Polyketide	perinuclear region of cytoplasm [GO:0048471]	219.67
Polyketide	cytosol [GO:0005829]	219.67
Polyketide	pericentriolar material [GO:0000242]	219.67
Polyketide	Golgi membrane [GO:0000139]	219.67
Polyketide	chromosome, telomeric region [GO:0000781]	219.67
Polyketide	nucleus [GO:0005634]	219.67
Polyketide	cytoplasm [GO:0005737]	219.67
Polyketide	nuclear envelope [GO:0005635]	184.07
Polyketide	perinuclear region of cytoplasm [GO:0048471]	184.07
Polyketide	cytosol [GO:0005829]	184.07
Polyketide	pericentriolar material [GO:0000242]	184.07
Polyketide	Golgi membrane [GO:0000139]	184.07
Polyketide	chromosome, telomeric region [GO:0000781]	184.07
Polyketide	nucleus [GO:0005634]	184.07
Polyketide	cytoplasm [GO:0005737]	184.07
Polyketide	cytoplasm [GO:0005737]	205.86
Polyketide	cytoplasm [GO:0005737]	207.7
Polyketide	protein-containing complex [GO:0032991]	234.71
Polyketide	cytosol [GO:0005829]	234.71
Polyketide	nucleoplasm [GO:0005654]	234.71
Polyketide	membrane [GO:0016020]	234.71
Polyketide	plasma membrane [GO:0005886]	234.71
Polyketide	euchromatin [GO:0000791]	234.71
Polyketide	chromatin [GO:0000785]	234.71
Polyketide	transcription regulator complex [GO:0005667]	234.71
Polyketide	nucleus [GO:0005634]	234.71
Polyketide	cytoplasm [GO:0005737]	234.71
Polyketide	Golgi apparatus [GO:0005794]	234.71
Polyketide	microtubule [GO:0005874]	299.43
Polyketide	cytoplasm [GO:0005737]	299.43
Polyketide	transcription repressor complex [GO:0017053]	418.68
Polyketide	nucleoplasm [GO:0005654]	418.68
Polyketide	nucleus [GO:0005634]	418.68
Polyketide	histone deacetylase complex [GO:0000118]	264.92
Polyketide	host cell nucleus [GO:0042025]	282.85
Polyketide	host cell endoplasmic reticulum membrane [GO:0044167]	282.85
Polyketide	host cell endoplasmic reticulum-Golgi intermediate compartment [GO:0044172]	282.85
Polyketide	host cell Golgi apparatus [GO:0044177]	282.85
Polyketide	host cell endosome [GO:0044174]	282.85
Polyketide	membrane [GO:0016020]	282.85
Polyketide	double membrane vesicle viral factory outer membrane [GO:0062243]	282.85
Polyketide	host cell perinuclear region of cytoplasm [GO:0044220]	282.85
Polyketide	endoplasmic reticulum [GO:0005783]	374.37
Polyketide	ribonucleoprotein complex [GO:1990904]	374.37
Polyketide	cytosol [GO:0005829]	374.37
Polyketide	plasma membrane [GO:0005886]	374.37
Polyketide	ribosome [GO:0005840]	374.37
Polyketide	cytoplasm [GO:0005737]	661.37
Polyketide	intracellular membrane-bounded organelle [GO:0043231]	661.37
Polyketide	endoplasmic reticulum membrane [GO:0005789]	661.37
Polyketide	melanosome [GO:0042470]	218.86
Polyketide	axonal growth cone [GO:0044295]	218.86
Polyketide	cell body [GO:0044297]	218.86
Polyketide	endomembrane system [GO:0012505]	218.86
Polyketide	lamellipodium [GO:0030027]	218.86
Polyketide	growth cone membrane [GO:0032584]	218.86
Polyketide	plasma membrane [GO:0005886]	218.86
Polyketide	axon [GO:0030424]	218.86
Polyketide	cell surface [GO:0009986]	218.86
Polyketide	cytosol [GO:0005829]	301.95
Polyketide	extracellular exosome [GO:0070062]	301.95
Polyketide	mitochondrion [GO:0005739]	383.32
Polyketide	mitochondrial outer membrane [GO:0005741]	383.32
Polyketide	nucleus [GO:0005634]	383.32
Polyketide	cytosol [GO:0005829]	383.32
Polyketide	cytosol [GO:0005829]	272.15
Polyketide	plasma membrane [GO:0005886]	272.15
Polyketide	cytoplasm [GO:0005737]	272.15
Polyketide	nucleoplasm [GO:0005654]	272.15
Polyketide	site of double-strand break [GO:0035861]	272.15
Polyketide	nuclear body [GO:0016604]	272.15
Polyketide	nucleus [GO:0005634]	272.15
Polyketide	centrosome [GO:0005813]	334.56
Polyketide	cytosol [GO:0005829]	334.56
Polyketide	extracellular exosome [GO:0070062]	334.56
Polyketide	nucleoplasm [GO:0005654]	334.56
Polyketide	nucleus [GO:0005634]	334.56
Polyketide	cytoplasm [GO:0005737]	334.56
Polyketide	dendritic shaft [GO:0043198]	357.04
Polyketide	neuron projection [GO:0043005]	357.04
Polyketide	postsynaptic density [GO:0014069]	357.04
Polyketide	somatodendritic compartment [GO:0036477]	357.04
Polyketide	dendrite membrane [GO:0032590]	357.04
Polyketide	endoplasmic reticulum membrane [GO:0005789]	357.04
Polyketide	cell surface [GO:0009986]	357.04
Polyketide	presynaptic active zone membrane [GO:0048787]	357.04
Polyketide	neuronal cell body [GO:0043025]	357.04
Polyketide	dendrite cytoplasm [GO:0032839]	357.04
Polyketide	spine synapse [GO:0106033]	357.04
Polyketide	synaptic vesicle [GO:0008021]	357.04
Polyketide	Schaffer collateral - CA1 synapse [GO:0098685]	357.04
Polyketide	presynapse [GO:0098793]	357.04
Polyketide	growth cone [GO:0030426]	357.04
Polyketide	perikaryon [GO:0043204]	357.04
Polyketide	AMPA glutamate receptor complex [GO:0032281]	357.04
Polyketide	asymmetric synapse [GO:0032279]	357.04
Polyketide	dendrite [GO:0030425]	357.04
Polyketide	protein-containing complex [GO:0032991]	357.04
Polyketide	ionotropic glutamate receptor complex [GO:0008328]	357.04
Polyketide	dendritic spine head [GO:0044327]	357.04
Polyketide	dendritic spine neck [GO:0044326]	357.04
Polyketide	glutamatergic synapse [GO:0098978]	357.04
Polyketide	membrane [GO:0016020]	357.04
Polyketide	dendritic spine [GO:0043197]	357.04
Polyketide	perisynaptic space [GO:0099544]	357.04
Polyketide	endoplasmic reticulum [GO:0005783]	357.04
Polyketide	plasma membrane [GO:0005886]	357.04
Polyketide	postsynaptic membrane [GO:0045211]	357.04
Polyketide	synapse [GO:0045202]	357.04
Polyketide	terminal bouton [GO:0043195]	357.04
Polyketide	presynaptic membrane [GO:0042734]	357.04
Polyketide	postsynaptic density membrane [GO:0098839]	357.04
Polyketide	synaptic vesicle membrane [GO:0030672]	357.04
Polyketide	axon [GO:0030424]	357.04
Polyketide	synaptic membrane [GO:0097060]	357.04
Polyketide	node of Ranvier [GO:0033268]	308.68
Polyketide	synapse [GO:0045202]	308.68
Polyketide	plasma membrane [GO:0005886]	308.68
Polyketide	axon initial segment [GO:0043194]	308.68
Polyketide	voltage-gated potassium channel complex [GO:0008076]	308.68
Polyketide	chloroplast stroma [GO:0009570]	223.75
Polyketide	endoplasmic reticulum [GO:0005783]	223.75
Polyketide	chloroplast [GO:0009507]	223.75
Polyketide	cytosol [GO:0005829]	223.75
Polyketide	intracellular membrane-bounded organelle [GO:0043231]	223.75
Polyketide	plasma membrane [GO:0005886]	223.75
Polyketide	apoplast [GO:0048046]	223.75
Polyketide	plasmodesma [GO:0009506]	223.75
Polyketide	plant-type vacuole [GO:0000325]	223.75
Polyketide	extracellular space [GO:0005615]	288.89
Polyketide	azurophil granule lumen [GO:0035578]	288.89
Polyketide	extracellular region [GO:0005576]	288.89
Polyketide	extracellular exosome [GO:0070062]	288.89
Polyketide	protein-containing complex [GO:0032991]	330.94
Polyketide	cytosol [GO:0005829]	330.94
Polyketide	nucleoplasm [GO:0005654]	330.94
Polyketide	membrane [GO:0016020]	330.94
Polyketide	plasma membrane [GO:0005886]	330.94
Polyketide	euchromatin [GO:0000791]	330.94
Polyketide	chromatin [GO:0000785]	330.94
Polyketide	transcription regulator complex [GO:0005667]	330.94
Polyketide	nucleus [GO:0005634]	330.94
Polyketide	cytoplasm [GO:0005737]	330.94
Polyketide	Golgi apparatus [GO:0005794]	330.94
Polyketide	extracellular space [GO:0005615]	349.03
Polyketide	azurophil granule lumen [GO:0035578]	349.03
Polyketide	extracellular region [GO:0005576]	349.03
Polyketide	extracellular exosome [GO:0070062]	349.03
Polyketide	protein-containing complex [GO:0032991]	308.17
Polyketide	cytosol [GO:0005829]	308.17
Polyketide	nucleoplasm [GO:0005654]	308.17
Polyketide	membrane [GO:0016020]	308.17
Polyketide	plasma membrane [GO:0005886]	308.17
Polyketide	euchromatin [GO:0000791]	308.17
Polyketide	chromatin [GO:0000785]	308.17
Polyketide	transcription regulator complex [GO:0005667]	308.17
Polyketide	nucleus [GO:0005634]	308.17
Polyketide	cytoplasm [GO:0005737]	308.17
Polyketide	Golgi apparatus [GO:0005794]	308.17
Polyketide	microtubule [GO:0005874]	642.99
Polyketide	cytoplasm [GO:0005737]	642.99
Polyketide	microtubule cytoskeleton [GO:0015630]	642.99
Polyketide	endoplasmic reticulum lumen [GO:0005788]	337.84
Polyketide	protein-containing complex [GO:0032991]	337.84
Polyketide	endoplasmic reticulum [GO:0005783]	337.84
Polyketide	extracellular exosome [GO:0070062]	337.84
Polyketide	blood microparticle [GO:0072562]	337.84
Polyketide	platelet alpha granule lumen [GO:0031093]	337.84
Polyketide	extracellular region [GO:0005576]	337.84
Polyketide	extracellular space [GO:0005615]	337.84
Polyketide	nucleus [GO:0005634]	337.84
Polyketide	cytoplasm [GO:0005737]	337.84
Polyketide	Golgi apparatus [GO:0005794]	337.84
Polyketide	fungal-type vacuole [GO:0000324]	560.8
Polyketide	vacuolar proton-transporting V-type ATPase complex [GO:0016471]	560.8
Polyketide	vacuolar proton-transporting V-type ATPase, V0 domain [GO:0000220]	560.8
Polyketide	fungal-type vacuole membrane [GO:0000329]	560.8
Polyketide	host cell nucleus [GO:0042025]	425.79
Polyketide	viral envelope [GO:0019031]	425.79
Polyketide	host cell plasma membrane [GO:0020002]	425.79
Polyketide	host cell lipid droplet [GO:0044186]	425.79
Polyketide	host cell endoplasmic reticulum membrane [GO:0044167]	425.79
Polyketide	host cell mitochondrial membrane [GO:0044191]	425.79
Polyketide	ribonucleoprotein complex [GO:1990904]	425.79
Polyketide	membrane [GO:0016020]	425.79
Polyketide	viral nucleocapsid [GO:0019013]	425.79
Polyketide	virion membrane [GO:0055036]	425.79
Polyketide	host cell perinuclear region of cytoplasm [GO:0044220]	425.79
Polyketide	presynaptic active zone cytoplasmic component [GO:0098831]	542.51
Polyketide	glutamatergic synapse [GO:0098978]	542.51
Polyketide	guanylate cyclase complex, soluble [GO:0008074]	542.51
Polyketide	cytosol [GO:0005829]	542.51
Polyketide	nucleus [GO:0005634]	349.11
Polyketide	efflux pump complex [GO:1990281]	330.31
Polyketide	outer membrane-bounded periplasmic space [GO:0030288]	330.31
Polyketide	periplasmic side of plasma membrane [GO:0098567]	330.31
Polyketide	plasma membrane [GO:0005886]	330.31
Polyketide	membrane [GO:0016020]	330.31
Polyketide	external side of plasma membrane [GO:0009897]	308.38
Polyketide	membrane [GO:0016020]	308.38
Polyketide	plasma membrane [GO:0005886]	308.38
Polyketide	protein-containing complex [GO:0032991]	234.3
Polyketide	cytosol [GO:0005829]	234.3
Polyketide	nucleoplasm [GO:0005654]	234.3
Polyketide	membrane [GO:0016020]	234.3
Polyketide	plasma membrane [GO:0005886]	234.3
Polyketide	euchromatin [GO:0000791]	234.3
Polyketide	chromatin [GO:0000785]	234.3
Polyketide	transcription regulator complex [GO:0005667]	234.3
Polyketide	nucleus [GO:0005634]	234.3
Polyketide	cytoplasm [GO:0005737]	234.3
Polyketide	Golgi apparatus [GO:0005794]	234.3
Polyketide	nucleoplasm [GO:0005654]	287.9
Polyketide	nucleus [GO:0005634]	287.9
Polyketide	cytoplasm [GO:0005737]	287.9
Polyketide	chromatin [GO:0000785]	287.9
Polyketide	cytosol [GO:0005829]	135.13
Polyketide	mitochondrion [GO:0005739]	135.13
Polyketide	mitochondrial intermembrane space [GO:0005758]	135.13
Polyketide	mitochondrial matrix [GO:0005759]	135.13
Polyketide	nucleus [GO:0005634]	135.13
Polyketide	calcium channel complex [GO:0034704]	167.47
Polyketide	voltage-gated calcium channel complex [GO:0005891]	167.47
Polyketide	perinuclear region of cytoplasm [GO:0048471]	167.47
Polyketide	apical plasma membrane [GO:0016324]	167.47
Polyketide	cytosol [GO:0005829]	167.47
Polyketide	plasma membrane [GO:0005886]	167.47
Polyketide	membrane [GO:0016020]	167.47
Polyketide	nucleus [GO:0005634]	167.47
Polyketide	microtubule organizing center [GO:0005815]	167.47
Polyketide	microtubule [GO:0005874]	333.85
Polyketide	cytoplasm [GO:0005737]	333.85
Polyketide	endoplasmic reticulum membrane [GO:0005789]	700.5
Polyketide	endoplasmic reticulum [GO:0005783]	700.5
Polyketide	chromosome, centromeric region [GO:0000775]	684.43
Polyketide	meiotic cohesin complex [GO:0030893]	684.43
Polyketide	chromatin [GO:0000785]	684.43
Polyketide	nucleus [GO:0005634]	684.43
Polyketide	cortical cytoskeleton [GO:0030863]	322.82
Polyketide	basolateral plasma membrane [GO:0016323]	322.82
Polyketide	ankyrin-1 complex [GO:0170014]	322.82
Polyketide	Z disc [GO:0030018]	322.82
Polyketide	extracellular exosome [GO:0070062]	322.82
Polyketide	plasma membrane [GO:0005886]	322.82
Polyketide	membrane [GO:0016020]	322.82
Polyketide	blood microparticle [GO:0072562]	322.82
Polyketide	cytoplasmic side of plasma membrane [GO:0009898]	322.82
Polyketide	protein-containing complex [GO:0032991]	365.54
Polyketide	endocytic vesicle membrane [GO:0030666]	365.54
Polyketide	cytosol [GO:0005829]	365.54
Polyketide	transcription repressor complex [GO:0017053]	365.54
Polyketide	nucleoplasm [GO:0005654]	365.54
Polyketide	plasma membrane [GO:0005886]	365.54
Polyketide	nucleus [GO:0005634]	365.54
Polyketide	cytoplasm [GO:0005737]	365.54
Polyketide	nucleolus [GO:0005730]	365.54
Polyketide	proton-transporting V-type ATPase complex [GO:0033176]	361.35
Polyketide	vacuolar proton-transporting V-type ATPase, V0 domain [GO:0000220]	361.35
Polyketide	Golgi membrane [GO:0000139]	361.35
Polyketide	membrane [GO:0016020]	361.35
Polyketide	vacuolar proton-transporting V-type ATPase complex [GO:0016471]	361.35
Polyketide	fungal-type vacuole membrane [GO:0000329]	361.35
Polyketide	extracellular space [GO:0005615]	214.14
Polyketide	azurophil granule lumen [GO:0035578]	214.14
Polyketide	extracellular region [GO:0005576]	214.14
Polyketide	extracellular exosome [GO:0070062]	214.14
Polyketide	plasma membrane [GO:0005886]	544.22
Polyketide	periplasmic side of plasma membrane [GO:0098567]	544.22
Polyketide	membrane [GO:0016020]	544.22
Polyketide	outer membrane-bounded periplasmic space [GO:0030288]	544.22
Polyketide	efflux pump complex [GO:1990281]	544.22
Polyketide	membrane [GO:0016020]	772.86
Polyketide	cell outer membrane [GO:0009279]	772.86
Polyketide	transmembrane transporter complex [GO:1902495]	772.86
Polyketide	dendrite [GO:0030425]	667.05
Polyketide	chloride channel complex [GO:0034707]	667.05
Polyketide	neuron projection [GO:0043005]	667.05
Polyketide	plasma membrane [GO:0005886]	667.05
Polyketide	membrane [GO:0016020]	667.05
Polyketide	postsynaptic membrane [GO:0045211]	667.05
Polyketide	synapse [GO:0045202]	667.05
Polyketide	perikaryon [GO:0043204]	667.05
Polyketide	pore complex [GO:0046930]	387.49
Polyketide	cell outer membrane [GO:0009279]	387.49
Polyketide	nucleoplasm [GO:0005654]	399.84
Polyketide	cytosol [GO:0005829]	399.84
Polyketide	extracellular exosome [GO:0070062]	399.84
Polyketide	dendrite [GO:0030425]	690.6
Polyketide	PML body [GO:0016605]	690.6
Polyketide	nuclear envelope [GO:0005635]	690.6
Polyketide	lysosome [GO:0005764]	690.6
Polyketide	endomembrane system [GO:0012505]	690.6
Polyketide	mitochondrial outer membrane [GO:0005741]	690.6
Polyketide	cytosol [GO:0005829]	690.6
Polyketide	Golgi membrane [GO:0000139]	690.6
Polyketide	nucleoplasm [GO:0005654]	690.6
Polyketide	endoplasmic reticulum membrane [GO:0005789]	690.6
Polyketide	membrane [GO:0016020]	690.6
Polyketide	TORC1 complex [GO:0031931]	690.6
Polyketide	nucleus [GO:0005634]	690.6
Polyketide	TORC2 complex [GO:0031932]	690.6
Polyketide	lysosomal membrane [GO:0005765]	690.6
Polyketide	cytoplasm [GO:0005737]	690.6
Polyketide	phagocytic vesicle [GO:0045335]	690.6
Polyketide	cytosol [GO:0005829]	272.82
Polyketide	nucleoplasm [GO:0005654]	272.82
Polyketide	endoplasmic reticulum membrane [GO:0005789]	272.82
Polyketide	receptor complex [GO:0043235]	272.82
Polyketide	chromatin [GO:0000785]	272.82
Polyketide	node of Ranvier [GO:0033268]	411.73
Polyketide	synapse [GO:0045202]	411.73
Polyketide	plasma membrane [GO:0005886]	411.73
Polyketide	axon initial segment [GO:0043194]	411.73
Polyketide	voltage-gated potassium channel complex [GO:0008076]	411.73
Polyketide	plasma membrane [GO:0005886]	440.26
Polyketide	proton-transporting ATP synthase complex, coupling factor F(o) [GO:0045263]	440.26
Polyketide	septin ring [GO:0005940]	660.98
Polyketide	condensed nuclear chromosome [GO:0000794]	660.98
Polyketide	nucleus [GO:0005634]	660.98
Polyketide	outer membrane-bounded periplasmic space [GO:0030288]	747.05
Polyketide	cytoplasm [GO:0005737]	318.8
Polyketide	dendrite [GO:0030425]	674.83
Polyketide	PML body [GO:0016605]	674.83
Polyketide	nuclear envelope [GO:0005635]	674.83
Polyketide	lysosome [GO:0005764]	674.83
Polyketide	endomembrane system [GO:0012505]	674.83
Polyketide	mitochondrial outer membrane [GO:0005741]	674.83
Polyketide	cytosol [GO:0005829]	674.83
Polyketide	Golgi membrane [GO:0000139]	674.83
Polyketide	nucleoplasm [GO:0005654]	674.83
Polyketide	endoplasmic reticulum membrane [GO:0005789]	674.83
Polyketide	membrane [GO:0016020]	674.83
Polyketide	TORC1 complex [GO:0031931]	674.83
Polyketide	nucleus [GO:0005634]	674.83
Polyketide	TORC2 complex [GO:0031932]	674.83
Polyketide	lysosomal membrane [GO:0005765]	674.83
Polyketide	cytoplasm [GO:0005737]	674.83
Polyketide	phagocytic vesicle [GO:0045335]	674.83
Polyketide	DNA-directed RNA polymerase complex [GO:0000428]	595.87
Polyketide	sarcoplasmic reticulum membrane [GO:0033017]	912.56
Polyketide	cytoplasmic side of membrane [GO:0098562]	912.56
Polyketide	cytosol [GO:0005829]	912.56
Polyketide	Z disc [GO:0030018]	912.56
Polyketide	sarcoplasmic reticulum [GO:0016529]	912.56
Polyketide	terminal cisterna [GO:0014802]	912.56
Polyketide	membrane [GO:0016020]	912.56
Polyketide	ryanodine receptor complex [GO:1990425]	912.56
Polyketide	cytoplasm [GO:0005737]	912.56
Polyketide	spindle pole body [GO:0005816]	499.48
Polyketide	perinuclear region of cytoplasm [GO:0048471]	499.48
Polyketide	kinetochore [GO:0000776]	499.48
Polyketide	nucleus [GO:0005634]	499.48
Polyketide	cytoplasm [GO:0005737]	499.48
Polyketide	protein-containing complex [GO:0032991]	233.9
Polyketide	endosome membrane [GO:0010008]	233.9
Polyketide	cytosol [GO:0005829]	233.9
Polyketide	ATAC complex [GO:0140672]	233.9
Polyketide	plasma membrane [GO:0005886]	233.9
Polyketide	nuclear speck [GO:0016607]	233.9
Polyketide	nucleus [GO:0005634]	233.9
Polyketide	cytoplasm [GO:0005737]	233.9
Polyketide	intracellular membrane-bounded organelle [GO:0043231]	184.75
Polyketide	nucleoplasm [GO:0005654]	184.75
Polyketide	mitochondrion [GO:0005739]	184.75
Polyketide	chromatin [GO:0000785]	184.75
Polyketide	nucleus [GO:0005634]	184.75
Polyketide	calcium channel complex [GO:0034704]	742.14
Polyketide	sarcoplasmic reticulum membrane [GO:0033017]	742.14
Polyketide	cytosol [GO:0005829]	742.14
Polyketide	Z disc [GO:0030018]	742.14
Polyketide	membrane [GO:0016020]	742.14
Polyketide	cytoplasm [GO:0005737]	742.14
Polyketide	mitochondrial envelope [GO:0005740]	414.9
Polyketide	mitochondrial outer membrane [GO:0005741]	414.9
Polyketide	mitochondrion [GO:0005739]	414.9
Polyketide	intracellular membrane-bounded organelle [GO:0043231]	176.58
Polyketide	nucleoplasm [GO:0005654]	176.58
Polyketide	mitochondrion [GO:0005739]	176.58
Polyketide	chromatin [GO:0000785]	176.58
Polyketide	nucleus [GO:0005634]	176.58
Polyketide	extracellular space [GO:0005615]	766.78
Polyketide	extracellular region [GO:0005576]	766.78
Polyketide	extracellular exosome [GO:0070062]	766.78
Polyketide	endoplasmic reticulum lumen [GO:0005788]	292.19
Polyketide	protein-containing complex [GO:0032991]	292.19
Polyketide	endoplasmic reticulum [GO:0005783]	292.19
Polyketide	nuclear inner membrane [GO:0005637]	292.19
Polyketide	neuron projection [GO:0043005]	292.19
Polyketide	caveola [GO:0005901]	292.19
Polyketide	endoplasmic reticulum membrane [GO:0005789]	292.19
Polyketide	nuclear outer membrane [GO:0005640]	292.19
Polyketide	cytoplasm [GO:0005737]	292.19
Polyketide	secretory granule lumen [GO:0034774]	162.81
Polyketide	cytosol [GO:0005829]	162.81
Polyketide	ficolin-1-rich granule lumen [GO:1904813]	162.81
Polyketide	glutamatergic synapse [GO:0098978]	162.81
Polyketide	nucleoplasm [GO:0005654]	162.81
Polyketide	mitochondrion [GO:0005739]	162.81
Polyketide	nuclear speck [GO:0016607]	162.81
Polyketide	extracellular region [GO:0005576]	162.81
Polyketide	spindle pole [GO:0000922]	162.81
Polyketide	nucleus [GO:0005634]	162.81
Polyketide	cytoplasm [GO:0005737]	162.81
Polyketide	extracellular space [GO:0005615]	254.1
Polyketide	azurophil granule lumen [GO:0035578]	254.1
Polyketide	extracellular region [GO:0005576]	254.1
Polyketide	extracellular exosome [GO:0070062]	254.1
Polyketide	extracellular space [GO:0005615]	228.08
Polyketide	azurophil granule lumen [GO:0035578]	228.08
Polyketide	extracellular region [GO:0005576]	228.08
Polyketide	extracellular exosome [GO:0070062]	228.08
Polyketide	plasma membrane [GO:0005886]	603.94
Polyketide	periplasmic side of plasma membrane [GO:0098567]	603.94
Polyketide	membrane [GO:0016020]	603.94
Polyketide	outer membrane-bounded periplasmic space [GO:0030288]	603.94
Polyketide	efflux pump complex [GO:1990281]	603.94
Polyketide	nucleus [GO:0005634]	190.79
Polyketide	cytosol [GO:0005829]	190.79
Polyketide	methionine adenosyltransferase complex [GO:0048269]	190.79
Polyketide	extracellular exosome [GO:0070062]	190.79
Polyketide	mitochondrial envelope [GO:0005740]	223.18
Polyketide	mitochondrial outer membrane [GO:0005741]	223.18
Polyketide	mitochondrion [GO:0005739]	223.18
Polyketide	nucleoplasm [GO:0005654]	269.4
Polyketide	chromatin [GO:0000785]	269.4
Polyketide	extracellular space [GO:0005615]	223.64
Polyketide	azurophil granule lumen [GO:0035578]	223.64
Polyketide	extracellular region [GO:0005576]	223.64
Polyketide	extracellular exosome [GO:0070062]	223.64
Polyketide	membrane [GO:0016020]	311.93
Polyketide	cytosol [GO:0005829]	311.93
Polyketide	transcription regulator complex [GO:0005667]	311.93
Polyketide	cytoplasm [GO:0005737]	311.93
Polyketide	chromatin [GO:0000785]	311.93
Polyketide	Golgi apparatus [GO:0005794]	311.93
Polyketide	plasma membrane [GO:0005886]	311.93
Polyketide	nucleoplasm [GO:0005654]	311.93
Polyketide	protein-containing complex [GO:0032991]	311.93
Polyketide	euchromatin [GO:0000791]	311.93
Polyketide	nucleus [GO:0005634]	311.93
Polyketide	cell body [GO:0044297]	611.7
Polyketide	actin filament [GO:0005884]	611.7
Polyketide	skeletal muscle myofibril [GO:0098723]	611.7
Polyketide	stress fiber [GO:0001725]	611.7
Polyketide	filamentous actin [GO:0031941]	611.7
Polyketide	actin filament bundle [GO:0032432]	611.7
Polyketide	lamellipodium [GO:0030027]	611.7
Polyketide	striated muscle thin filament [GO:0005865]	611.7
Polyketide	cytoplasm [GO:0005737]	611.7
Polyketide	filopodium [GO:0030175]	611.7
Polyketide	extracellular region [GO:0005576]	144.11
Polyketide	extracellular exosome [GO:0070062]	144.11
Polyketide	azurophil granule lumen [GO:0035578]	144.11
Polyketide	extracellular space [GO:0005615]	144.11
Polyketide	endoplasmic reticulum lumen [GO:0005788]	253.15
Polyketide	endosome [GO:0005768]	253.15
Polyketide	Golgi-associated vesicle lumen [GO:0070931]	253.15
Polyketide	cell surface [GO:0009986]	253.15
Polyketide	neuronal cell body [GO:0043025]	253.15
Polyketide	recycling endosome [GO:0055037]	253.15
Polyketide	trans-Golgi network [GO:0005802]	253.15
Polyketide	endosome membrane [GO:0010008]	253.15
Polyketide	synaptic vesicle [GO:0008021]	253.15
Polyketide	lysosome [GO:0005764]	253.15
Polyketide	membrane raft [GO:0045121]	253.15
Polyketide	Golgi apparatus [GO:0005794]	253.15
Polyketide	dendrite [GO:0030425]	253.15
Polyketide	early endosome [GO:0005769]	253.15
Polyketide	membrane [GO:0016020]	253.15
Polyketide	multivesicular body [GO:0005771]	253.15
Polyketide	plasma membrane [GO:0005886]	253.15
Polyketide	hippocampal mossy fiber to CA3 synapse [GO:0098686]	253.15
Polyketide	axon [GO:0030424]	253.15
Polyketide	late endosome [GO:0005770]	253.15
Polyketide	cell body [GO:0044297]	720.94
Polyketide	actin filament [GO:0005884]	720.94
Polyketide	skeletal muscle myofibril [GO:0098723]	720.94
Polyketide	stress fiber [GO:0001725]	720.94
Polyketide	filamentous actin [GO:0031941]	720.94
Polyketide	actin filament bundle [GO:0032432]	720.94
Polyketide	lamellipodium [GO:0030027]	720.94
Polyketide	striated muscle thin filament [GO:0005865]	720.94
Polyketide	cytoplasm [GO:0005737]	720.94
Polyketide	filopodium [GO:0030175]	720.94
Polyketide	cytosol [GO:0005829]	230.8
Polyketide	nucleoplasm [GO:0005654]	230.8
Polyketide	plasma membrane [GO:0005886]	230.8
Polyketide	nucleus [GO:0005634]	230.8
Polyketide	cytoplasm [GO:0005737]	230.8
Polyketide	nucleolus [GO:0005730]	230.8
Polyketide	endoplasmic reticulum [GO:0005783]	442.04
Polyketide	perinuclear region of cytoplasm [GO:0048471]	442.04
Polyketide	sarcoplasmic reticulum membrane [GO:0033017]	442.04
Polyketide	sarcoplasmic reticulum [GO:0016529]	442.04
Polyketide	endoplasmic reticulum membrane [GO:0005789]	442.04
Polyketide	H zone [GO:0031673]	442.04
Polyketide	membrane [GO:0016020]	442.04
Polyketide	endoplasmic reticulum-Golgi intermediate compartment [GO:0005793]	442.04
Polyketide	I band [GO:0031674]	442.04
Polyketide	intracellular membrane-bounded organelle [GO:0043231]	229.86
Polyketide	nucleoplasm [GO:0005654]	229.86
Polyketide	mitochondrion [GO:0005739]	229.86
Polyketide	chromatin [GO:0000785]	229.86
Polyketide	nucleus [GO:0005634]	229.86
Polyketide	extracellular region [GO:0005576]	467.76
Polyketide	nucleoplasm [GO:0005654]	340.7
Polyketide	mitochondrial respiratory chain complex I [GO:0005747]	340.7
Polyketide	node of Ranvier [GO:0033268]	286.82
Polyketide	synapse [GO:0045202]	286.82
Polyketide	plasma membrane [GO:0005886]	286.82
Polyketide	axon initial segment [GO:0043194]	286.82
Polyketide	voltage-gated potassium channel complex [GO:0008076]	286.82
Polyketide	pericentric heterochromatin [GO:0005721]	192.66
Polyketide	endoplasmic reticulum [GO:0005783]	192.66
Polyketide	intracellular membrane-bounded organelle [GO:0043231]	192.66
Polyketide	nucleoplasm [GO:0005654]	192.66
Polyketide	site of DNA damage [GO:0090734]	192.66
Polyketide	chromatin [GO:0000785]	192.66
Polyketide	nucleus [GO:0005634]	192.66
Polyketide	site of double-strand break [GO:0035861]	192.66
Polyketide	chromosome, subtelomeric region [GO:0099115]	192.66
Polyketide	cytosol [GO:0005829]	492.05
Polyketide	extracellular exosome [GO:0070062]	492.05
Polyketide	extracellular space [GO:0005615]	492.05
Polyketide	nucleus [GO:0005634]	492.05
Polyketide	cytoplasm [GO:0005737]	492.05
Polyketide	node of Ranvier [GO:0033268]	331.3
Polyketide	synapse [GO:0045202]	331.3
Polyketide	plasma membrane [GO:0005886]	331.3
Polyketide	axon initial segment [GO:0043194]	331.3
Polyketide	voltage-gated potassium channel complex [GO:0008076]	331.3
Polyketide	membrane [GO:0016020]	615.52
Polyketide	membrane [GO:0016020]	718.1
Polyketide	plasma membrane [GO:0005886]	397.71
Polyketide	proton-transporting ATP synthase complex, coupling factor F(o) [GO:0045263]	397.71
Polyketide	protein-containing complex [GO:0032991]	386.43
Polyketide	endocytic vesicle membrane [GO:0030666]	386.43
Polyketide	cytosol [GO:0005829]	386.43
Polyketide	transcription repressor complex [GO:0017053]	386.43
Polyketide	nucleoplasm [GO:0005654]	386.43
Polyketide	plasma membrane [GO:0005886]	386.43
Polyketide	nucleus [GO:0005634]	386.43
Polyketide	cytoplasm [GO:0005737]	386.43
Polyketide	nucleolus [GO:0005730]	386.43
Polyketide	nuclear periphery [GO:0034399]	380.05
Polyketide	main axon [GO:0044304]	380.05
Polyketide	neurofibrillary tangle [GO:0097418]	380.05
Polyketide	neuron projection [GO:0043005]	380.05
Polyketide	somatodendritic compartment [GO:0036477]	380.05
Polyketide	microtubule [GO:0005874]	380.05
Polyketide	cytoplasm [GO:0005737]	380.05
Polyketide	neuronal cell body [GO:0043025]	380.05
Polyketide	cell body [GO:0044297]	380.05
Polyketide	nuclear speck [GO:0016607]	380.05
Polyketide	growth cone [GO:0030426]	380.05
Polyketide	membrane raft [GO:0045121]	380.05
Polyketide	dendrite [GO:0030425]	380.05
Polyketide	tubulin complex [GO:0045298]	380.05
Polyketide	microtubule cytoskeleton [GO:0015630]	380.05
Polyketide	cytosol [GO:0005829]	380.05
Polyketide	axolemma [GO:0030673]	380.05
Polyketide	glial cell projection [GO:0097386]	380.05
Polyketide	dendritic spine [GO:0043197]	380.05
Polyketide	extracellular region [GO:0005576]	380.05
Polyketide	cytoplasmic ribonucleoprotein granule [GO:0036464]	380.05
Polyketide	nucleus [GO:0005634]	380.05
Polyketide	axon cytoplasm [GO:1904115]	380.05
Polyketide	plasma membrane [GO:0005886]	380.05
Polyketide	mitochondrion [GO:0005739]	380.05
Polyketide	axon [GO:0030424]	380.05
Polyketide	plasma membrane [GO:0005886]	391.71
Polyketide	proton-transporting ATP synthase complex, coupling factor F(o) [GO:0045263]	391.71
Polyketide	nuclear envelope [GO:0005635]	144.86
Polyketide	perinuclear region of cytoplasm [GO:0048471]	144.86
Polyketide	cytosol [GO:0005829]	144.86
Polyketide	pericentriolar material [GO:0000242]	144.86
Polyketide	Golgi membrane [GO:0000139]	144.86
Polyketide	chromosome, telomeric region [GO:0000781]	144.86
Polyketide	nucleus [GO:0005634]	144.86
Polyketide	cytoplasm [GO:0005737]	144.86
Polyketide	MOZ/MORF histone acetyltransferase complex [GO:0070776]	194.47
Polyketide	histone acetyltransferase complex [GO:0000123]	194.47
Polyketide	cytosol [GO:0005829]	194.47
Polyketide	nucleoplasm [GO:0005654]	194.47
Polyketide	plasma membrane [GO:0005886]	194.47
Polyketide	nucleus [GO:0005634]	194.47
Polyketide	cytoplasm [GO:0005737]	194.47
Polyketide	sarcoplasmic reticulum membrane [GO:0033017]	689.69
Polyketide	cytoplasmic side of membrane [GO:0098562]	689.69
Polyketide	cytosol [GO:0005829]	689.69
Polyketide	Z disc [GO:0030018]	689.69
Polyketide	sarcoplasmic reticulum [GO:0016529]	689.69
Polyketide	terminal cisterna [GO:0014802]	689.69
Polyketide	membrane [GO:0016020]	689.69
Polyketide	ryanodine receptor complex [GO:1990425]	689.69
Polyketide	cytoplasm [GO:0005737]	689.69
Polyketide	nuclear envelope [GO:0005635]	231.11
Polyketide	perinuclear region of cytoplasm [GO:0048471]	231.11
Polyketide	cytosol [GO:0005829]	231.11
Polyketide	pericentriolar material [GO:0000242]	231.11
Polyketide	Golgi membrane [GO:0000139]	231.11
Polyketide	chromosome, telomeric region [GO:0000781]	231.11
Polyketide	nucleus [GO:0005634]	231.11
Polyketide	cytoplasm [GO:0005737]	231.11
Polyketide	protein-containing complex [GO:0032991]	342.08
Polyketide	cytosol [GO:0005829]	342.08
Polyketide	nucleoplasm [GO:0005654]	342.08
Polyketide	membrane [GO:0016020]	342.08
Polyketide	plasma membrane [GO:0005886]	342.08
Polyketide	euchromatin [GO:0000791]	342.08
Polyketide	chromatin [GO:0000785]	342.08
Polyketide	transcription regulator complex [GO:0005667]	342.08
Polyketide	nucleus [GO:0005634]	342.08
Polyketide	cytoplasm [GO:0005737]	342.08
Polyketide	Golgi apparatus [GO:0005794]	342.08
Polyketide	nucleus [GO:0005634]	398.34
Polyketide	cytosol [GO:0005829]	307.34
Polyketide	extracellular exosome [GO:0070062]	307.34
Polyketide	synapse [GO:0045202]	307.34
Polyketide	axon [GO:0030424]	307.34
Polyketide	cytoplasm [GO:0005737]	307.34
Polyketide	nuclear envelope [GO:0005635]	179.5
Polyketide	perinuclear region of cytoplasm [GO:0048471]	179.5
Polyketide	cytosol [GO:0005829]	179.5
Polyketide	pericentriolar material [GO:0000242]	179.5
Polyketide	Golgi membrane [GO:0000139]	179.5
Polyketide	chromosome, telomeric region [GO:0000781]	179.5
Polyketide	nucleus [GO:0005634]	179.5
Polyketide	cytoplasm [GO:0005737]	179.5
Polyketide	RSC-type complex [GO:0016586]	197.3
Polyketide	kinetochore [GO:0000776]	197.3
Polyketide	SWI/SNF complex [GO:0016514]	197.3
Polyketide	nucleoplasm [GO:0005654]	197.3
Polyketide	nuclear matrix [GO:0016363]	197.3
Polyketide	chromatin [GO:0000785]	197.3
Polyketide	nuclear chromosome [GO:0000228]	197.3
Polyketide	nucleus [GO:0005634]	197.3
Polyketide	plasma membrane [GO:0005886]	815.51
Polyketide	DNA-directed RNA polymerase complex [GO:0000428]	815.51
Polyketide	cytosol [GO:0005829]	815.51
Polyketide	peptidoglycan-based cell wall [GO:0009274]	815.51
Polyketide	activin receptor complex [GO:0048179]	325.82
Polyketide	BMP receptor complex [GO:0070724]	325.82
Polyketide	plasma membrane [GO:0005886]	325.82
Polyketide	apical part of cell [GO:0045177]	325.82
Polyketide	secretory granule membrane [GO:0030667]	496.44
Polyketide	clathrin-sculpted monoamine transport vesicle membrane [GO:0070083]	496.44
Polyketide	terminal bouton [GO:0043195]	496.44
Polyketide	synaptic vesicle membrane [GO:0030672]	496.44
Polyketide	presynapse [GO:0098793]	496.44
Polyketide	endoplasmic reticulum membrane [GO:0005789]	496.44
Polyketide	node of Ranvier [GO:0033268]	277.81
Polyketide	synapse [GO:0045202]	277.81
Polyketide	plasma membrane [GO:0005886]	277.81
Polyketide	axon initial segment [GO:0043194]	277.81
Polyketide	voltage-gated potassium channel complex [GO:0008076]	277.81
Polyketide	cell body [GO:0044297]	288.83
Polyketide	actin filament [GO:0005884]	288.83
Polyketide	skeletal muscle myofibril [GO:0098723]	288.83
Polyketide	stress fiber [GO:0001725]	288.83
Polyketide	filamentous actin [GO:0031941]	288.83
Polyketide	actin filament bundle [GO:0032432]	288.83
Polyketide	lamellipodium [GO:0030027]	288.83
Polyketide	striated muscle thin filament [GO:0005865]	288.83
Polyketide	cytoplasm [GO:0005737]	288.83
Polyketide	filopodium [GO:0030175]	288.83
Polyketide	node of Ranvier [GO:0033268]	335.93
Polyketide	synapse [GO:0045202]	335.93
Polyketide	plasma membrane [GO:0005886]	335.93
Polyketide	axon initial segment [GO:0043194]	335.93
Polyketide	voltage-gated potassium channel complex [GO:0008076]	335.93
Polyketide	cytoplasm [GO:0005737]	189.35
Polyketide	efflux pump complex [GO:1990281]	584.22
Polyketide	outer membrane-bounded periplasmic space [GO:0030288]	584.22
Polyketide	periplasmic side of plasma membrane [GO:0098567]	584.22
Polyketide	plasma membrane [GO:0005886]	584.22
Polyketide	membrane [GO:0016020]	584.22
Polyketide	mitochondrial proton-transporting ATP synthase complex [GO:0005753]	448.63
Polyketide	cytosol [GO:0005829]	448.63
Polyketide	mitochondrial proton-transporting ATP synthase complex, coupling factor F(o) [GO:0000276]	448.63
Polyketide	mitochondrion [GO:0005739]	448.63
Polyketide	mitochondrial intermembrane space [GO:0005758]	448.63
Polyketide	mitochondrial inner membrane [GO:0005743]	448.63
Polyketide	membrane [GO:0016020]	482.96
Polyketide	clathrin-sculpted monoamine transport vesicle membrane [GO:0070083]	482.96
Polyketide	terminal bouton [GO:0043195]	482.96
Polyketide	centrosome [GO:0005813]	482.96
Polyketide	plasma membrane [GO:0005886]	482.96
Polyketide	intracellular membrane-bounded organelle [GO:0043231]	482.96
Polyketide	dendrite [GO:0030425]	482.96
Polyketide	dopaminergic synapse [GO:0098691]	482.96
Polyketide	secretory granule membrane [GO:0030667]	482.96
Polyketide	synaptic vesicle membrane [GO:0030672]	482.96
Polyketide	axon [GO:0030424]	482.96
Polyketide	synaptic vesicle [GO:0008021]	482.96
Polyketide	cytoplasm [GO:0005737]	180.61
Polyketide	plasma membrane [GO:0005886]	436.63
Polyketide	proton-transporting ATP synthase complex, coupling factor F(o) [GO:0045263]	436.63
Polyketide	transcription repressor complex [GO:0017053]	443.23
Polyketide	nucleoplasm [GO:0005654]	443.23
Polyketide	nucleus [GO:0005634]	443.23
Polyketide	intracellular membrane-bounded organelle [GO:0043231]	336.98
Polyketide	nucleoplasm [GO:0005654]	336.98
Polyketide	mitochondrion [GO:0005739]	336.98
Polyketide	chromatin [GO:0000785]	336.98
Polyketide	nucleus [GO:0005634]	336.98
Polyketide	bicellular tight junction [GO:0005923]	224.31
Polyketide	cytosol [GO:0005829]	224.31
Polyketide	Golgi membrane [GO:0000139]	224.31
Polyketide	plasma membrane [GO:0005886]	224.31
Polyketide	membrane [GO:0016020]	224.31
Polyketide	growth cone [GO:0030426]	224.31
Polyketide	adherens junction [GO:0005912]	224.31
Polyketide	cytoplasm [GO:0005737]	224.31
Polyketide	mitochondrial respiratory chain complex III [GO:0005750]	236.42
Polyketide	membrane [GO:0016020]	236.42
Polyketide	mitochondrial membrane [GO:0031966]	236.42
Polyketide	nucleoplasm [GO:0005654]	480.67
Polyketide	nucleus [GO:0005634]	480.67
Polyketide	cytoplasm [GO:0005737]	480.67
Polyketide	nucleolus [GO:0005730]	480.67
Polyketide	melanosome [GO:0042470]	659.92
Polyketide	basolateral plasma membrane [GO:0016323]	659.92
Polyketide	plasma membrane [GO:0005886]	659.92
Polyketide	membrane [GO:0016020]	659.92
Polyketide	axon [GO:0030424]	659.92
Polyketide	sarcolemma [GO:0042383]	659.92
Polyketide	sodium:potassium-exchanging ATPase complex [GO:0005890]	659.92
Polyketide	cell body [GO:0044297]	335.42
Polyketide	actin filament [GO:0005884]	335.42
Polyketide	skeletal muscle myofibril [GO:0098723]	335.42
Polyketide	stress fiber [GO:0001725]	335.42
Polyketide	filamentous actin [GO:0031941]	335.42
Polyketide	actin filament bundle [GO:0032432]	335.42
Polyketide	lamellipodium [GO:0030027]	335.42
Polyketide	striated muscle thin filament [GO:0005865]	335.42
Polyketide	cytoplasm [GO:0005737]	335.42
Polyketide	filopodium [GO:0030175]	335.42
Polyketide	intracellular membrane-bounded organelle [GO:0043231]	183.73
Polyketide	endoplasmic reticulum membrane [GO:0005789]	183.73
Polyketide	mitochondrial inner membrane [GO:0005743]	183.73
Polyketide	cytoplasm [GO:0005737]	284.47
Polyketide	protein-containing complex [GO:0032991]	478.57
Polyketide	endocytic vesicle membrane [GO:0030666]	478.57
Polyketide	cytosol [GO:0005829]	478.57
Polyketide	transcription repressor complex [GO:0017053]	478.57
Polyketide	nucleoplasm [GO:0005654]	478.57
Polyketide	plasma membrane [GO:0005886]	478.57
Polyketide	nucleus [GO:0005634]	478.57
Polyketide	cytoplasm [GO:0005737]	478.57
Polyketide	nucleolus [GO:0005730]	478.57
Polyketide	cell outer membrane [GO:0009279]	446.94
Polyketide	pore complex [GO:0046930]	446.94
Polyketide	endoplasmic reticulum lumen [GO:0005788]	428.98
Polyketide	endosome [GO:0005768]	428.98
Polyketide	Golgi-associated vesicle lumen [GO:0070931]	428.98
Polyketide	cell surface [GO:0009986]	428.98
Polyketide	neuronal cell body [GO:0043025]	428.98
Polyketide	recycling endosome [GO:0055037]	428.98
Polyketide	trans-Golgi network [GO:0005802]	428.98
Polyketide	endosome membrane [GO:0010008]	428.98
Polyketide	synaptic vesicle [GO:0008021]	428.98
Polyketide	lysosome [GO:0005764]	428.98
Polyketide	membrane raft [GO:0045121]	428.98
Polyketide	Golgi apparatus [GO:0005794]	428.98
Polyketide	dendrite [GO:0030425]	428.98
Polyketide	early endosome [GO:0005769]	428.98
Polyketide	membrane [GO:0016020]	428.98
Polyketide	multivesicular body [GO:0005771]	428.98
Polyketide	plasma membrane [GO:0005886]	428.98
Polyketide	hippocampal mossy fiber to CA3 synapse [GO:0098686]	428.98
Polyketide	axon [GO:0030424]	428.98
Polyketide	late endosome [GO:0005770]	428.98
Polyketide	vacuolar proton-transporting V-type ATPase, V0 domain [GO:0000220]	505.93
Polyketide	synaptic vesicle membrane [GO:0030672]	505.93
Polyketide	clathrin-coated vesicle membrane [GO:0030665]	505.93
Polyketide	protein-containing complex [GO:0032991]	479.63
Polyketide	endocytic vesicle membrane [GO:0030666]	479.63
Polyketide	cytosol [GO:0005829]	479.63
Polyketide	transcription repressor complex [GO:0017053]	479.63
Polyketide	nucleoplasm [GO:0005654]	479.63
Polyketide	plasma membrane [GO:0005886]	479.63
Polyketide	nucleus [GO:0005634]	479.63
Polyketide	cytoplasm [GO:0005737]	479.63
Polyketide	nucleolus [GO:0005730]	479.63
Polyketide	fungal biofilm matrix [GO:0062040]	658.51
Polyketide	cytoplasm [GO:0005737]	658.51
Polyketide	extracellular region [GO:0005576]	658.51
Polyketide	nucleoplasm [GO:0005654]	158.8
Polyketide	cytosol [GO:0005829]	158.8
Polyketide	extracellular exosome [GO:0070062]	158.8
Polyketide	plasma membrane [GO:0005886]	545.23
Polyketide	proton-transporting ATP synthase complex, coupling factor F(o) [GO:0045263]	545.23
Polyketide	chromosome [GO:0005694]	357.17
Polyketide	condensed nuclear chromosome [GO:0000794]	357.17
Polyketide	nucleus [GO:0005634]	357.17
Polyketide	nucleoplasm [GO:0005654]	357.17
Polyketide	extracellular space [GO:0005615]	245.48
Polyketide	azurophil granule lumen [GO:0035578]	245.48
Polyketide	extracellular region [GO:0005576]	245.48
Polyketide	extracellular exosome [GO:0070062]	245.48
Polyketide	plasma membrane [GO:0005886]	80.97
Polyketide	dendrite [GO:0030425]	715.55
Polyketide	chloride channel complex [GO:0034707]	715.55
Polyketide	neuron projection [GO:0043005]	715.55
Polyketide	plasma membrane [GO:0005886]	715.55
Polyketide	membrane [GO:0016020]	715.55
Polyketide	postsynaptic membrane [GO:0045211]	715.55
Polyketide	synapse [GO:0045202]	715.55
Polyketide	perikaryon [GO:0043204]	715.55
Polyketide	sarcoplasmic reticulum membrane [GO:0033017]	718.19
Polyketide	cytoplasmic side of membrane [GO:0098562]	718.19
Polyketide	cytosol [GO:0005829]	718.19
Polyketide	Z disc [GO:0030018]	718.19
Polyketide	sarcoplasmic reticulum [GO:0016529]	718.19
Polyketide	terminal cisterna [GO:0014802]	718.19
Polyketide	membrane [GO:0016020]	718.19
Polyketide	ryanodine receptor complex [GO:1990425]	718.19
Polyketide	cytoplasm [GO:0005737]	718.19
Polyketide	cytoplasm [GO:0005737]	285.27
Polyketide	protein-containing complex [GO:0032991]	425.61
Polyketide	cytosol [GO:0005829]	425.61
Polyketide	nucleoplasm [GO:0005654]	425.61
Polyketide	membrane [GO:0016020]	425.61
Polyketide	plasma membrane [GO:0005886]	425.61
Polyketide	euchromatin [GO:0000791]	425.61
Polyketide	chromatin [GO:0000785]	425.61
Polyketide	transcription regulator complex [GO:0005667]	425.61
Polyketide	nucleus [GO:0005634]	425.61
Polyketide	cytoplasm [GO:0005737]	425.61
Polyketide	Golgi apparatus [GO:0005794]	425.61
Polyketide	sarcoplasmic reticulum membrane [GO:0033017]	764.08
Polyketide	cytoplasmic side of membrane [GO:0098562]	764.08
Polyketide	cytosol [GO:0005829]	764.08
Polyketide	Z disc [GO:0030018]	764.08
Polyketide	sarcoplasmic reticulum [GO:0016529]	764.08
Polyketide	terminal cisterna [GO:0014802]	764.08
Polyketide	membrane [GO:0016020]	764.08
Polyketide	ryanodine receptor complex [GO:1990425]	764.08
Polyketide	cytoplasm [GO:0005737]	764.08
Polyketide	histone deacetylase complex [GO:0000118]	172.38
Polyketide	protein-containing complex [GO:0032991]	424.36
Polyketide	centrosome [GO:0005813]	424.36
Polyketide	perinuclear region of cytoplasm [GO:0048471]	424.36
Polyketide	cytosol [GO:0005829]	424.36
Polyketide	extracellular exosome [GO:0070062]	424.36
Polyketide	photoreceptor outer segment [GO:0001750]	424.36
Polyketide	ciliary basal body [GO:0036064]	424.36
Polyketide	photoreceptor inner segment [GO:0001917]	424.36
Polyketide	centriole [GO:0005814]	424.36
Polyketide	microtubule organizing center [GO:0005815]	424.36
Polyketide	endoplasmic reticulum [GO:0005783]	382.76
Polyketide	nuclear envelope [GO:0005635]	382.76
Polyketide	nuclear membrane [GO:0031965]	382.76
Polyketide	endoplasmic reticulum membrane [GO:0005789]	382.76
Polyketide	cytoplasmic vesicle [GO:0031410]	382.76
Polyketide	mitochondrial proton-transporting ATP synthase complex [GO:0005753]	715.9
Polyketide	cytosol [GO:0005829]	715.9
Polyketide	mitochondrial proton-transporting ATP synthase complex, coupling factor F(o) [GO:0000276]	715.9
Polyketide	mitochondrion [GO:0005739]	715.9
Polyketide	mitochondrial intermembrane space [GO:0005758]	715.9
Polyketide	mitochondrial inner membrane [GO:0005743]	715.9
Polyketide	cell body [GO:0044297]	330.86
Polyketide	actin filament [GO:0005884]	330.86
Polyketide	skeletal muscle myofibril [GO:0098723]	330.86
Polyketide	stress fiber [GO:0001725]	330.86
Polyketide	filamentous actin [GO:0031941]	330.86
Polyketide	actin filament bundle [GO:0032432]	330.86
Polyketide	lamellipodium [GO:0030027]	330.86
Polyketide	striated muscle thin filament [GO:0005865]	330.86
Polyketide	cytoplasm [GO:0005737]	330.86
Polyketide	filopodium [GO:0030175]	330.86
Polyketide	host cell nucleus [GO:0042025]	219.37
Polyketide	host cell cytoplasm [GO:0030430]	219.37
Polyketide	fibrillar center [GO:0001650]	183.96
Polyketide	nuclear inner membrane [GO:0005637]	183.96
Polyketide	heterochromatin [GO:0000792]	183.96
Polyketide	nuclear envelope [GO:0005635]	183.96
Polyketide	PML body [GO:0016605]	183.96
Polyketide	cytosol [GO:0005829]	183.96
Polyketide	eNoSc complex [GO:0061773]	183.96
Polyketide	rDNA heterochromatin [GO:0033553]	183.96
Polyketide	nucleoplasm [GO:0005654]	183.96
Polyketide	mitochondrion [GO:0005739]	183.96
Polyketide	euchromatin [GO:0000791]	183.96
Polyketide	chromatin [GO:0000785]	183.96
Polyketide	chromatin silencing complex [GO:0005677]	183.96
Polyketide	nucleus [GO:0005634]	183.96
Polyketide	cytoplasm [GO:0005737]	183.96
Polyketide	nucleolus [GO:0005730]	183.96
Polyketide	cytoplasmic side of endoplasmic reticulum membrane [GO:0098554]	481.76
Polyketide	protein-containing complex [GO:0032991]	481.76
Polyketide	endoplasmic reticulum [GO:0005783]	481.76
Polyketide	sorting endosome [GO:0097443]	481.76
Polyketide	endosome lumen [GO:0031904]	481.76
Polyketide	early endosome [GO:0005769]	481.76
Polyketide	cytosol [GO:0005829]	481.76
Polyketide	mitochondrial crista [GO:0030061]	481.76
Polyketide	mitochondrial matrix [GO:0005759]	481.76
Polyketide	cytoplasm [GO:0005737]	481.76
Polyketide	dendrite [GO:0030425]	197.94
Polyketide	postsynapse [GO:0098794]	197.94
Polyketide	cell body [GO:0044297]	197.94
Polyketide	glutamatergic synapse [GO:0098978]	197.94
Polyketide	membrane [GO:0016020]	197.94
Polyketide	postsynaptic membrane [GO:0045211]	197.94
Polyketide	dendritic spine [GO:0043197]	197.94
Polyketide	axon [GO:0030424]	197.94
Polyketide	cytoplasm [GO:0005737]	197.94
Polyketide	cytosol [GO:0005829]	540.81
Polyketide	extracellular exosome [GO:0070062]	540.81
Polyketide	nucleoplasm [GO:0005654]	540.81
Polyketide	membrane [GO:0016020]	540.81
Polyketide	cytoplasm [GO:0005737]	540.81
Polyketide	centrosome [GO:0005813]	345.1
Polyketide	voltage-gated calcium channel complex [GO:0005891]	345.1
Polyketide	synaptic vesicle [GO:0008021]	345.1
Polyketide	perinuclear region of cytoplasm [GO:0048471]	345.1
Polyketide	cytosol [GO:0005829]	345.1
Polyketide	gamma-tubulin complex [GO:0000930]	345.1
Polyketide	postsynaptic density [GO:0014069]	345.1
Polyketide	Z disc [GO:0030018]	345.1
Polyketide	excitatory synapse [GO:0060076]	345.1
Polyketide	dendritic spine [GO:0043197]	345.1
Polyketide	nucleus [GO:0005634]	345.1
Polyketide	lipid droplet [GO:0005811]	263.77
Polyketide	cytoplasm [GO:0005737]	263.77
Polyketide	cytosol [GO:0005829]	263.77
Polyketide	membrane [GO:0016020]	309.9
Polyketide	ATP-binding cassette (ABC) transporter complex, substrate-binding subunit-containing [GO:0055052]	309.9
Polyketide	outer membrane-bounded periplasmic space [GO:0030288]	309.9
Polyketide	periplasmic space [GO:0042597]	255.32
Polyketide	nucleoplasm [GO:0005654]	198.52
Polyketide	plasma membrane [GO:0005886]	198.52
Polyketide	cytosol [GO:0005829]	198.52
Polyketide	mitochondrion [GO:0005739]	350.15
Polyketide	acetyl-CoA carboxylase complex [GO:0009317]	350.15
Polyketide	endoplasmic reticulum membrane [GO:0005789]	350.15
Polyketide	cytosol [GO:0005829]	350.15
Polyketide	cytoplasm [GO:0005737]	207.23
Polyketide	aryl hydrocarbon receptor complex [GO:0034751]	221.24
Polyketide	cytosol [GO:0005829]	221.24
Polyketide	nucleus [GO:0005634]	221.24
Polyketide	histone deacetylase complex [GO:0000118]	125.7
Polyketide	nucleoplasm [GO:0005654]	125.7
Polyketide	nuclear chromosome [GO:0000228]	125.7
Polyketide	nucleus [GO:0005634]	125.7
Polyketide	cytoplasm [GO:0005737]	125.7
Polyketide	cell body [GO:0044297]	258.5
Polyketide	actin filament [GO:0005884]	258.5
Polyketide	skeletal muscle myofibril [GO:0098723]	258.5
Polyketide	stress fiber [GO:0001725]	258.5
Polyketide	filamentous actin [GO:0031941]	258.5
Polyketide	actin filament bundle [GO:0032432]	258.5
Polyketide	lamellipodium [GO:0030027]	258.5
Polyketide	striated muscle thin filament [GO:0005865]	258.5
Polyketide	cytoplasm [GO:0005737]	258.5
Polyketide	filopodium [GO:0030175]	258.5
Polyketide	protein-containing complex [GO:0032991]	355.7
Polyketide	mitotic spindle [GO:0072686]	355.7
Polyketide	cytosol [GO:0005829]	355.7
Polyketide	microtubule [GO:0005874]	355.7
Polyketide	membrane [GO:0016020]	355.7
Polyketide	nucleus [GO:0005634]	355.7
Polyketide	spindle [GO:0005819]	355.7
Polyketide	spindle pole [GO:0000922]	355.7
Polyketide	kinesin complex [GO:0005871]	355.7
Polyketide	cytoplasm [GO:0005737]	191.68
Polyketide	cytosol [GO:0005829]	192.24
Polyketide	transcription regulator complex [GO:0005667]	192.24
Polyketide	chromatin [GO:0000785]	192.24
Polyketide	receptor complex [GO:0043235]	192.24
Polyketide	mitochondrion [GO:0005739]	192.24
Polyketide	RNA polymerase II transcription regulator complex [GO:0090575]	192.24
Polyketide	nucleoplasm [GO:0005654]	192.24
Polyketide	nucleus [GO:0005634]	192.24
Polyketide	histone deacetylase complex [GO:0000118]	153.29
Polyketide	nucleoplasm [GO:0005654]	153.29
Polyketide	nuclear chromosome [GO:0000228]	153.29
Polyketide	nucleus [GO:0005634]	153.29
Polyketide	cytoplasm [GO:0005737]	153.29
Polyketide	cytoplasm [GO:0005737]	239.44
Polyketide	vesicle [GO:0031982]	283.33
Polyketide	cytoplasm [GO:0005737]	283.33
Polyketide	secretory granule lumen [GO:0034774]	283.33
Polyketide	cytosol [GO:0005829]	283.33
Polyketide	ficolin-1-rich granule lumen [GO:1904813]	283.33
Polyketide	extracellular exosome [GO:0070062]	283.33
Polyketide	nucleoplasm [GO:0005654]	283.33
Polyketide	plasma membrane [GO:0005886]	283.33
Polyketide	extracellular region [GO:0005576]	283.33
Polyketide	extracellular space [GO:0005615]	283.33
Polyketide	cell surface [GO:0009986]	283.33
Polyketide	nucleus [GO:0005634]	697.28
Polyketide	cytoplasm [GO:0005737]	697.28
Polyketide	cytosol [GO:0005829]	697.28
Polyketide	membrane-bounded organelle [GO:0043227]	277.08
Polyketide	nucleoplasm [GO:0005654]	328.26
Polyketide	chromatin [GO:0000785]	328.26
Polyketide	host cell nucleus [GO:0042025]	207.53
Polyketide	host cell endoplasmic reticulum membrane [GO:0044167]	207.53
Polyketide	host cell endoplasmic reticulum-Golgi intermediate compartment [GO:0044172]	207.53
Polyketide	host cell Golgi apparatus [GO:0044177]	207.53
Polyketide	host cell endosome [GO:0044174]	207.53
Polyketide	membrane [GO:0016020]	207.53
Polyketide	double membrane vesicle viral factory outer membrane [GO:0062243]	207.53
Polyketide	host cell perinuclear region of cytoplasm [GO:0044220]	207.53
Polyketide	protein-containing complex [GO:0032991]	223.41
Polyketide	cytosol [GO:0005829]	223.41
Polyketide	nucleoplasm [GO:0005654]	223.41
Polyketide	membrane [GO:0016020]	223.41
Polyketide	plasma membrane [GO:0005886]	223.41
Polyketide	euchromatin [GO:0000791]	223.41
Polyketide	chromatin [GO:0000785]	223.41
Polyketide	transcription regulator complex [GO:0005667]	223.41
Polyketide	nucleus [GO:0005634]	223.41
Polyketide	cytoplasm [GO:0005737]	223.41
Polyketide	Golgi apparatus [GO:0005794]	223.41
Polyketide	extracellular exosome [GO:0070062]	186.44
Polyketide	cytoplasm [GO:0005737]	186.44
Polyketide	cytosol [GO:0005829]	186.44
Polyketide	dendrite [GO:0030425]	258.84
Polyketide	cytosol [GO:0005829]	258.84
Polyketide	synapse [GO:0045202]	258.84
Polyketide	nucleus [GO:0005634]	258.84
Polyketide	cytoplasm [GO:0005737]	258.84
Polyketide	neuronal cell body [GO:0043025]	258.84
Polyketide	periplasmic space [GO:0042597]	744.19
Polyketide	plasma membrane [GO:0005886]	249.75
Polyketide	protein-DNA complex [GO:0032993]	334.21
Polyketide	epidermal lamellar body [GO:0097209]	176.41
Polyketide	extracellular region [GO:0005576]	176.41
Polyketide	extracellular space [GO:0005615]	176.41
Polyketide	secretory granule [GO:0030141]	176.41
Polyketide	cornified envelope [GO:0001533]	176.41
Polyketide	cell body [GO:0044297]	349.18
Polyketide	actin filament [GO:0005884]	349.18
Polyketide	skeletal muscle myofibril [GO:0098723]	349.18
Polyketide	stress fiber [GO:0001725]	349.18
Polyketide	filamentous actin [GO:0031941]	349.18
Polyketide	actin filament bundle [GO:0032432]	349.18
Polyketide	lamellipodium [GO:0030027]	349.18
Polyketide	striated muscle thin filament [GO:0005865]	349.18
Polyketide	cytoplasm [GO:0005737]	349.18
Polyketide	filopodium [GO:0030175]	349.18
Polyketide	postsynaptic density [GO:0014069]	204.06
Polyketide	glutamatergic synapse [GO:0098978]	204.06
Polyketide	plasma membrane [GO:0005886]	204.06
Polyketide	DAPK1-calmodulin complex [GO:1990722]	204.06
Polyketide	actin cytoskeleton [GO:0015629]	204.06
Polyketide	nucleus [GO:0005634]	204.06
Polyketide	cytoplasm [GO:0005737]	204.06
Polyketide	nuclear body [GO:0016604]	506.6
Polyketide	nucleoplasm [GO:0005654]	506.6
Polyketide	chromatin [GO:0000785]	506.6
Polyketide	transcription regulator complex [GO:0005667]	506.6
Polyketide	intermediate filament cytoskeleton [GO:0045111]	506.6
Polyketide	nuclear chromosome [GO:0000228]	245.8
Polyketide	histone deacetylase complex [GO:0000118]	245.8
Polyketide	cytoplasm [GO:0005737]	245.8
Polyketide	nucleoplasm [GO:0005654]	245.8
Polyketide	nucleus [GO:0005634]	245.8
Polyketide	extracellular space [GO:0005615]	335.04
Polyketide	azurophil granule lumen [GO:0035578]	335.04
Polyketide	extracellular region [GO:0005576]	335.04
Polyketide	extracellular exosome [GO:0070062]	335.04
Polyketide	protein-containing complex [GO:0032991]	324.97
Polyketide	cytosol [GO:0005829]	324.97
Polyketide	nucleoplasm [GO:0005654]	324.97
Polyketide	membrane [GO:0016020]	324.97
Polyketide	plasma membrane [GO:0005886]	324.97
Polyketide	euchromatin [GO:0000791]	324.97
Polyketide	chromatin [GO:0000785]	324.97
Polyketide	transcription regulator complex [GO:0005667]	324.97
Polyketide	nucleus [GO:0005634]	324.97
Polyketide	cytoplasm [GO:0005737]	324.97
Polyketide	Golgi apparatus [GO:0005794]	324.97
Polyketide	chloride channel complex [GO:0034707]	281.75
Polyketide	postsynaptic membrane [GO:0045211]	281.75
Polyketide	perikaryon [GO:0043204]	281.75
Polyketide	membrane [GO:0016020]	281.75
Polyketide	plasma membrane [GO:0005886]	281.75
Polyketide	dendrite [GO:0030425]	281.75
Polyketide	neuron projection [GO:0043005]	281.75
Polyketide	synapse [GO:0045202]	281.75
Polyketide	plasma membrane [GO:0005886]	178.92
Polyketide	cytoplasm [GO:0005737]	280.76
Polyketide	vacuolar proton-transporting V-type ATPase, V0 domain [GO:0000220]	569.51
Polyketide	synaptic vesicle membrane [GO:0030672]	569.51
Polyketide	clathrin-coated vesicle membrane [GO:0030665]	569.51
Polyketide	voltage-gated potassium channel complex [GO:0008076]	413.66
Polyketide	endoplasmic reticulum [GO:0005783]	413.66
Polyketide	cell surface [GO:0009986]	413.66
Polyketide	apical plasma membrane [GO:0016324]	413.66
Polyketide	plasma membrane [GO:0005886]	413.66
Polyketide	endoplasmic reticulum membrane [GO:0005789]	413.66
Polyketide	astrocyte projection [GO:0097449]	413.66
Polyketide	calyx of Held [GO:0044305]	413.66
Polyketide	neuronal cell body [GO:0043025]	413.66
Polyketide	extracellular region [GO:0005576]	195.29
Polyketide	extracellular exosome [GO:0070062]	195.29
Polyketide	azurophil granule lumen [GO:0035578]	195.29
Polyketide	extracellular space [GO:0005615]	195.29
Polyketide	extracellular space [GO:0005615]	225.94
Polyketide	azurophil granule lumen [GO:0035578]	225.94
Polyketide	extracellular region [GO:0005576]	225.94
Polyketide	extracellular exosome [GO:0070062]	225.94
Polyketide	protein-containing complex [GO:0032991]	334.73
Polyketide	cytosol [GO:0005829]	334.73
Polyketide	nucleoplasm [GO:0005654]	334.73
Polyketide	membrane [GO:0016020]	334.73
Polyketide	plasma membrane [GO:0005886]	334.73
Polyketide	euchromatin [GO:0000791]	334.73
Polyketide	chromatin [GO:0000785]	334.73
Polyketide	transcription regulator complex [GO:0005667]	334.73
Polyketide	nucleus [GO:0005634]	334.73
Polyketide	cytoplasm [GO:0005737]	334.73
Polyketide	Golgi apparatus [GO:0005794]	334.73
Polyketide	cytosol [GO:0005829]	701.47
Polyketide	extracellular exosome [GO:0070062]	701.47
Polyketide	extracellular space [GO:0005615]	701.47
Polyketide	nucleus [GO:0005634]	701.47
Polyketide	cytoplasm [GO:0005737]	701.47
Polyketide	node of Ranvier [GO:0033268]	289.28
Polyketide	synapse [GO:0045202]	289.28
Polyketide	plasma membrane [GO:0005886]	289.28
Polyketide	axon initial segment [GO:0043194]	289.28
Polyketide	voltage-gated potassium channel complex [GO:0008076]	289.28
Polyketide	node of Ranvier [GO:0033268]	304.11
Polyketide	synapse [GO:0045202]	304.11
Polyketide	plasma membrane [GO:0005886]	304.11
Polyketide	axon initial segment [GO:0043194]	304.11
Polyketide	voltage-gated potassium channel complex [GO:0008076]	304.11
Polyketide	plasma membrane [GO:0005886]	306.56
Polyketide	extracellular region [GO:0005576]	631.68
Polyketide	intracellular membrane-bounded organelle [GO:0043231]	257.73
Polyketide	nucleoplasm [GO:0005654]	257.73
Polyketide	mitochondrion [GO:0005739]	257.73
Polyketide	chromatin [GO:0000785]	257.73
Polyketide	nucleus [GO:0005634]	257.73
Polyketide	chromosome [GO:0005694]	327.83
Polyketide	condensed nuclear chromosome [GO:0000794]	327.83
Polyketide	nucleus [GO:0005634]	327.83
Polyketide	nucleoplasm [GO:0005654]	327.83
Polyketide	cytosol [GO:0005829]	203.06
Polyketide	nucleoplasm [GO:0005654]	203.06
Polyketide	plasma membrane [GO:0005886]	203.06
Polyketide	nucleus [GO:0005634]	203.06
Polyketide	cytoplasm [GO:0005737]	203.06
Polyketide	nucleolus [GO:0005730]	203.06
Polyketide	calcineurin complex [GO:0005955]	726.76
Polyketide	cytoplasm [GO:0005737]	726.76
Polyketide	endoplasmic reticulum [GO:0005783]	241.14
Polyketide	AIP1-IRE1 complex [GO:1990597]	241.14
Polyketide	nuclear inner membrane [GO:0005637]	241.14
Polyketide	endoplasmic reticulum membrane [GO:0005789]	241.14
Polyketide	mitochondrion [GO:0005739]	241.14
Polyketide	IRE1-RACK1-PP2A complex [GO:1990630]	241.14
Polyketide	cytoplasm [GO:0005737]	241.14
Polyketide	IRE1-TRAF2-ASK1 complex [GO:1990604]	241.14
Polyketide	plasma membrane [GO:0005886]	430.2
Polyketide	proton-transporting ATP synthase complex, coupling factor F(o) [GO:0045263]	430.2
Polyketide	host cell nucleus [GO:0042025]	421.77
Polyketide	protein-containing complex [GO:0032991]	421.77
Polyketide	host cell plasma membrane [GO:0020002]	421.77
Polyketide	host cell lipid droplet [GO:0044186]	421.77
Polyketide	viral envelope [GO:0019031]	421.77
Polyketide	host cell endoplasmic reticulum membrane [GO:0044167]	421.77
Polyketide	host cell mitochondrial membrane [GO:0044191]	421.77
Polyketide	ribonucleoprotein complex [GO:1990904]	421.77
Polyketide	membrane [GO:0016020]	421.77
Polyketide	viral nucleocapsid [GO:0019013]	421.77
Polyketide	virion membrane [GO:0055036]	421.77
Polyketide	host cell perinuclear region of cytoplasm [GO:0044220]	421.77
Polyketide	nuclear periphery [GO:0034399]	312.66
Polyketide	main axon [GO:0044304]	312.66
Polyketide	neurofibrillary tangle [GO:0097418]	312.66
Polyketide	neuron projection [GO:0043005]	312.66
Polyketide	somatodendritic compartment [GO:0036477]	312.66
Polyketide	microtubule [GO:0005874]	312.66
Polyketide	cytoplasm [GO:0005737]	312.66
Polyketide	neuronal cell body [GO:0043025]	312.66
Polyketide	cell body [GO:0044297]	312.66
Polyketide	nuclear speck [GO:0016607]	312.66
Polyketide	growth cone [GO:0030426]	312.66
Polyketide	membrane raft [GO:0045121]	312.66
Polyketide	dendrite [GO:0030425]	312.66
Polyketide	tubulin complex [GO:0045298]	312.66
Polyketide	microtubule cytoskeleton [GO:0015630]	312.66
Polyketide	cytosol [GO:0005829]	312.66
Polyketide	axolemma [GO:0030673]	312.66
Polyketide	glial cell projection [GO:0097386]	312.66
Polyketide	dendritic spine [GO:0043197]	312.66
Polyketide	extracellular region [GO:0005576]	312.66
Polyketide	cytoplasmic ribonucleoprotein granule [GO:0036464]	312.66
Polyketide	nucleus [GO:0005634]	312.66
Polyketide	axon cytoplasm [GO:1904115]	312.66
Polyketide	plasma membrane [GO:0005886]	312.66
Polyketide	mitochondrion [GO:0005739]	312.66
Polyketide	axon [GO:0030424]	312.66
Polyketide	protein-containing complex [GO:0032991]	581.07
Polyketide	endocytic vesicle membrane [GO:0030666]	581.07
Polyketide	cytosol [GO:0005829]	581.07
Polyketide	transcription repressor complex [GO:0017053]	581.07
Polyketide	nucleoplasm [GO:0005654]	581.07
Polyketide	plasma membrane [GO:0005886]	581.07
Polyketide	nucleus [GO:0005634]	581.07
Polyketide	cytoplasm [GO:0005737]	581.07
Polyketide	nucleolus [GO:0005730]	581.07
Polyketide	plasma membrane [GO:0005886]	480.82
Polyketide	proton-transporting ATP synthase complex, coupling factor F(o) [GO:0045263]	480.82
Polyketide	transporter complex [GO:1990351]	444.96
Polyketide	plasma membrane [GO:0005886]	444.96
Polyketide	membrane [GO:0016020]	444.96
Polyketide	ATP-binding cassette (ABC) transporter complex [GO:0043190]	444.96
Polyketide	cytoplasm [GO:0005737]	444.96
Polyketide	membrane [GO:0016020]	511.78
Polyketide	extracellular space [GO:0005615]	228.17
Polyketide	azurophil granule lumen [GO:0035578]	228.17
Polyketide	extracellular region [GO:0005576]	228.17
Polyketide	extracellular exosome [GO:0070062]	228.17
Polyketide	extracellular space [GO:0005615]	152.46
Polyketide	azurophil granule lumen [GO:0035578]	152.46
Polyketide	extracellular region [GO:0005576]	152.46
Polyketide	extracellular exosome [GO:0070062]	152.46
Polyketide	nucleolus [GO:0005730]	364.53
Polyketide	nucleoplasm [GO:0005654]	364.53
Polyketide	cytoplasm [GO:0005737]	364.53
Polyketide	cytosol [GO:0005829]	364.53
Polyketide	cell body [GO:0044297]	494.48
Polyketide	actin filament [GO:0005884]	494.48
Polyketide	skeletal muscle myofibril [GO:0098723]	494.48
Polyketide	stress fiber [GO:0001725]	494.48
Polyketide	filamentous actin [GO:0031941]	494.48
Polyketide	actin filament bundle [GO:0032432]	494.48
Polyketide	lamellipodium [GO:0030027]	494.48
Polyketide	striated muscle thin filament [GO:0005865]	494.48
Polyketide	cytoplasm [GO:0005737]	494.48
Polyketide	filopodium [GO:0030175]	494.48
Polyketide	extracellular region [GO:0005576]	179.72
Polyketide	extracellular exosome [GO:0070062]	179.72
Polyketide	azurophil granule lumen [GO:0035578]	179.72
Polyketide	extracellular space [GO:0005615]	179.72
Polyketide	organelle membrane [GO:0031090]	531.84
Polyketide	cytosol [GO:0005829]	531.84
Polyketide	autophagosome [GO:0005776]	531.84
Polyketide	intracellular membrane-bounded organelle [GO:0043231]	531.84
Polyketide	glutamatergic synapse [GO:0098978]	531.84
Polyketide	microtubule [GO:0005874]	531.84
Polyketide	autolysosome [GO:0044754]	531.84
Polyketide	late endosome [GO:0005770]	531.84
Polyketide	autophagosome membrane [GO:0000421]	531.84
Polyketide	extracellular space [GO:0005615]	246.29
Polyketide	azurophil granule lumen [GO:0035578]	246.29
Polyketide	extracellular region [GO:0005576]	246.29
Polyketide	extracellular exosome [GO:0070062]	246.29
Polyketide	membrane [GO:0016020]	410.84
Polyketide	cytosol [GO:0005829]	410.84
Polyketide	transcription regulator complex [GO:0005667]	410.84
Polyketide	cytoplasm [GO:0005737]	410.84
Polyketide	chromatin [GO:0000785]	410.84
Polyketide	Golgi apparatus [GO:0005794]	410.84
Polyketide	plasma membrane [GO:0005886]	410.84
Polyketide	nucleoplasm [GO:0005654]	410.84
Polyketide	protein-containing complex [GO:0032991]	410.84
Polyketide	euchromatin [GO:0000791]	410.84
Polyketide	nucleus [GO:0005634]	410.84
Polyketide	mitochondrial envelope [GO:0005740]	207.2
Polyketide	mitochondrial outer membrane [GO:0005741]	207.2
Polyketide	mitochondrion [GO:0005739]	207.2
Polyketide	endosome [GO:0005768]	351.48
Polyketide	cyclin E2-CDK2 complex [GO:0097135]	351.48
Polyketide	cyclin E1-CDK2 complex [GO:0097134]	351.48
Polyketide	Cajal body [GO:0015030]	351.48
Polyketide	nucleoplasm [GO:0005654]	351.48
Polyketide	male germ cell nucleus [GO:0001673]	351.48
Polyketide	cytoplasm [GO:0005737]	351.48
Polyketide	centrosome [GO:0005813]	351.48
Polyketide	condensed chromosome [GO:0000793]	351.48
Polyketide	cyclin A1-CDK2 complex [GO:0097123]	351.48
Polyketide	cyclin A2-CDK2 complex [GO:0097124]	351.48
Polyketide	cytosol [GO:0005829]	351.48
Polyketide	X chromosome [GO:0000805]	351.48
Polyketide	chromosome, telomeric region [GO:0000781]	351.48
Polyketide	nucleus [GO:0005634]	351.48
Polyketide	Y chromosome [GO:0000806]	351.48
Polyketide	nuclear envelope [GO:0005635]	351.48
Polyketide	cyclin-dependent protein kinase holoenzyme complex [GO:0000307]	351.48
Polyketide	transcription regulator complex [GO:0005667]	351.48
Polyketide	nucleus [GO:0005634]	224.38
Polyketide	cytosol [GO:0005829]	224.38
Polyketide	methionine adenosyltransferase complex [GO:0048269]	224.38
Polyketide	extracellular exosome [GO:0070062]	224.38
Polyketide	endoplasmic reticulum lumen [GO:0005788]	234.36
Polyketide	protein-containing complex [GO:0032991]	234.36
Polyketide	endoplasmic reticulum [GO:0005783]	234.36
Polyketide	extracellular exosome [GO:0070062]	234.36
Polyketide	blood microparticle [GO:0072562]	234.36
Polyketide	platelet alpha granule lumen [GO:0031093]	234.36
Polyketide	extracellular region [GO:0005576]	234.36
Polyketide	extracellular space [GO:0005615]	234.36
Polyketide	nucleus [GO:0005634]	234.36
Polyketide	cytoplasm [GO:0005737]	234.36
Polyketide	Golgi apparatus [GO:0005794]	234.36
Polyketide	efflux pump complex [GO:1990281]	603.81
Polyketide	outer membrane-bounded periplasmic space [GO:0030288]	603.81
Polyketide	periplasmic side of plasma membrane [GO:0098567]	603.81
Polyketide	plasma membrane [GO:0005886]	603.81
Polyketide	membrane [GO:0016020]	603.81
Polyketide	cytosol [GO:0005829]	340.56
Polyketide	presynaptic active zone cytoplasmic component [GO:0098831]	501.35
Polyketide	glutamatergic synapse [GO:0098978]	501.35
Polyketide	guanylate cyclase complex, soluble [GO:0008074]	501.35
Polyketide	cytosol [GO:0005829]	501.35
Polyketide	chromosome [GO:0005694]	221.64
Polyketide	condensed nuclear chromosome [GO:0000794]	221.64
Polyketide	nucleus [GO:0005634]	221.64
Polyketide	nucleoplasm [GO:0005654]	221.64
Polyketide	sarcoplasmic reticulum membrane [GO:0033017]	768.51
Polyketide	cytoplasmic side of membrane [GO:0098562]	768.51
Polyketide	cytosol [GO:0005829]	768.51
Polyketide	Z disc [GO:0030018]	768.51
Polyketide	sarcoplasmic reticulum [GO:0016529]	768.51
Polyketide	terminal cisterna [GO:0014802]	768.51
Polyketide	membrane [GO:0016020]	768.51
Polyketide	ryanodine receptor complex [GO:1990425]	768.51
Polyketide	cytoplasm [GO:0005737]	768.51
Polyketide	plasma membrane [GO:0005886]	499.0
Polyketide	proton-transporting ATP synthase complex, coupling factor F(o) [GO:0045263]	499.0
Polyketide	cytoplasm [GO:0005737]	195.7
Polyketide	cytosol [GO:0005829]	188.11
Polyketide	cytoplasm [GO:0005737]	299.56
Polyketide	nuclear speck [GO:0016607]	217.87
Polyketide	cytosol [GO:0005829]	217.87
Polyketide	plasma membrane [GO:0005886]	217.87
Polyketide	intracellular membrane-bounded organelle [GO:0043231]	217.87
Polyketide	cytoplasm [GO:0005737]	217.87
Polyketide	nucleoplasm [GO:0005654]	217.87
Polyketide	nucleus [GO:0005634]	217.87
Polyketide	nucleoplasm [GO:0005654]	324.77
Polyketide	receptor complex [GO:0043235]	324.77
Polyketide	euchromatin [GO:0000791]	324.77
Polyketide	chromatin [GO:0000785]	324.77
Polyketide	endoplasmic reticulum [GO:0005783]	321.86
Polyketide	focal adhesion [GO:0005925]	321.86
Polyketide	cytosol [GO:0005829]	321.86
Polyketide	early endosome [GO:0005769]	321.86
Polyketide	plasma membrane [GO:0005886]	321.86
Polyketide	mitochondrion [GO:0005739]	321.86
Polyketide	nucleus [GO:0005634]	321.86
Polyketide	late endosome [GO:0005770]	321.86
Polyketide	microtubule organizing center [GO:0005815]	321.86
Polyketide	Golgi apparatus [GO:0005794]	321.86
Polyketide	cytosol [GO:0005829]	164.93
Polyketide	intracellular membrane-bounded organelle [GO:0043231]	164.93
Polyketide	nucleoplasm [GO:0005654]	164.93
Polyketide	receptor complex [GO:0043235]	164.93
Polyketide	RNA polymerase II transcription regulator complex [GO:0090575]	164.93
Polyketide	chromatin [GO:0000785]	164.93
Polyketide	nucleus [GO:0005634]	164.93
Polyketide	cell body [GO:0044297]	351.0
Polyketide	actin filament [GO:0005884]	351.0
Polyketide	skeletal muscle myofibril [GO:0098723]	351.0
Polyketide	stress fiber [GO:0001725]	351.0
Polyketide	filamentous actin [GO:0031941]	351.0
Polyketide	actin filament bundle [GO:0032432]	351.0
Polyketide	lamellipodium [GO:0030027]	351.0
Polyketide	striated muscle thin filament [GO:0005865]	351.0
Polyketide	cytoplasm [GO:0005737]	351.0
Polyketide	filopodium [GO:0030175]	351.0
Polyketide	neuron projection [GO:0043005]	248.89
Polyketide	cytosol [GO:0005829]	248.89
Polyketide	postsynaptic density [GO:0014069]	248.89
Polyketide	Golgi membrane [GO:0000139]	248.89
Polyketide	plasma membrane [GO:0005886]	248.89
Polyketide	Golgi apparatus [GO:0005794]	248.89
Polyketide	plasma membrane [GO:0005886]	954.75
Polyketide	DNA-directed RNA polymerase complex [GO:0000428]	954.75
Polyketide	cytosol [GO:0005829]	954.75
Polyketide	peptidoglycan-based cell wall [GO:0009274]	954.75
Polyketide	collagen-containing extracellular matrix [GO:0062023]	148.16
Polyketide	basement membrane [GO:0005604]	148.16
Polyketide	neuromuscular junction [GO:0031594]	148.16
Polyketide	protein complex involved in cell-matrix adhesion [GO:0098637]	148.16
Polyketide	extracellular region [GO:0005576]	148.16
Polyketide	dendritic spine [GO:0043197]	148.16
Polyketide	synaptic cleft [GO:0043083]	148.16
Polyketide	sarcolemma [GO:0042383]	148.16
Polyketide	extracellular space [GO:0005615]	166.07
Polyketide	azurophil granule lumen [GO:0035578]	166.07
Polyketide	extracellular region [GO:0005576]	166.07
Polyketide	extracellular exosome [GO:0070062]	166.07
Polyketide	cytosol [GO:0005829]	242.34
Polyketide	extracellular exosome [GO:0070062]	242.34
Polyketide	synapse [GO:0045202]	242.34
Polyketide	axon [GO:0030424]	242.34
Polyketide	cytoplasm [GO:0005737]	242.34
Polyketide	nuclear envelope [GO:0005635]	217.28
Polyketide	perinuclear region of cytoplasm [GO:0048471]	217.28
Polyketide	cytosol [GO:0005829]	217.28
Polyketide	pericentriolar material [GO:0000242]	217.28
Polyketide	Golgi membrane [GO:0000139]	217.28
Polyketide	chromosome, telomeric region [GO:0000781]	217.28
Polyketide	nucleus [GO:0005634]	217.28
Polyketide	cytoplasm [GO:0005737]	217.28
Polyketide	membrane [GO:0016020]	237.77
Polyketide	receptor complex [GO:0043235]	237.77
Polyketide	nuclear envelope [GO:0005635]	243.04
Polyketide	perinuclear region of cytoplasm [GO:0048471]	243.04
Polyketide	cytosol [GO:0005829]	243.04
Polyketide	pericentriolar material [GO:0000242]	243.04
Polyketide	Golgi membrane [GO:0000139]	243.04
Polyketide	chromosome, telomeric region [GO:0000781]	243.04
Polyketide	nucleus [GO:0005634]	243.04
Polyketide	cytoplasm [GO:0005737]	243.04
Polyketide	phagocytic vesicle membrane [GO:0030670]	106.61
Polyketide	external side of plasma membrane [GO:0009897]	106.61
Polyketide	cytosol [GO:0005829]	306.37
Polyketide	cytoplasm [GO:0005737]	306.37
Polyketide	nucleoplasm [GO:0005654]	306.37
Polyketide	nucleus [GO:0005634]	306.37
Polyketide	mitochondrial proton-transporting ATP synthase complex [GO:0005753]	684.76
Polyketide	cytosol [GO:0005829]	684.76
Polyketide	mitochondrial proton-transporting ATP synthase complex, coupling factor F(o) [GO:0000276]	684.76
Polyketide	mitochondrion [GO:0005739]	684.76
Polyketide	mitochondrial intermembrane space [GO:0005758]	684.76
Polyketide	mitochondrial inner membrane [GO:0005743]	684.76
Polyketide	extracellular region [GO:0005576]	324.93
Polyketide	node of Ranvier [GO:0033268]	408.59
Polyketide	synapse [GO:0045202]	408.59
Polyketide	plasma membrane [GO:0005886]	408.59
Polyketide	axon initial segment [GO:0043194]	408.59
Polyketide	voltage-gated potassium channel complex [GO:0008076]	408.59
Polyketide	melanosome [GO:0042470]	259.17
Polyketide	axonal growth cone [GO:0044295]	259.17
Polyketide	cell body [GO:0044297]	259.17
Polyketide	endomembrane system [GO:0012505]	259.17
Polyketide	lamellipodium [GO:0030027]	259.17
Polyketide	growth cone membrane [GO:0032584]	259.17
Polyketide	plasma membrane [GO:0005886]	259.17
Polyketide	axon [GO:0030424]	259.17
Polyketide	cell surface [GO:0009986]	259.17
Polyketide	cell body [GO:0044297]	334.1
Polyketide	actin filament [GO:0005884]	334.1
Polyketide	skeletal muscle myofibril [GO:0098723]	334.1
Polyketide	stress fiber [GO:0001725]	334.1
Polyketide	filamentous actin [GO:0031941]	334.1
Polyketide	actin filament bundle [GO:0032432]	334.1
Polyketide	lamellipodium [GO:0030027]	334.1
Polyketide	striated muscle thin filament [GO:0005865]	334.1
Polyketide	cytoplasm [GO:0005737]	334.1
Polyketide	filopodium [GO:0030175]	334.1
Polyketide	node of Ranvier [GO:0033268]	305.42
Polyketide	synapse [GO:0045202]	305.42
Polyketide	plasma membrane [GO:0005886]	305.42
Polyketide	axon initial segment [GO:0043194]	305.42
Polyketide	voltage-gated potassium channel complex [GO:0008076]	305.42
Polyketide	chromatin [GO:0000785]	225.17
Polyketide	intracellular membrane-bounded organelle [GO:0043231]	225.17
Polyketide	nucleoplasm [GO:0005654]	225.17
Polyketide	chromosome, subtelomeric region [GO:0099115]	225.17
Polyketide	pericentric heterochromatin [GO:0005721]	225.17
Polyketide	site of double-strand break [GO:0035861]	225.17
Polyketide	nucleus [GO:0005634]	225.17
Polyketide	site of DNA damage [GO:0090734]	225.17
Polyketide	endoplasmic reticulum [GO:0005783]	225.17
Polyketide	extracellular space [GO:0005615]	177.55
Polyketide	xanthine dehydrogenase complex [GO:0002197]	177.55
Polyketide	peroxisome [GO:0005777]	177.55
Polyketide	intracellular membrane-bounded organelle [GO:0043231]	198.66
Polyketide	nucleoplasm [GO:0005654]	198.66
Polyketide	mitochondrion [GO:0005739]	198.66
Polyketide	chromatin [GO:0000785]	198.66
Polyketide	nucleus [GO:0005634]	198.66
Polyketide	fibrillar center [GO:0001650]	148.8
Polyketide	nuclear inner membrane [GO:0005637]	148.8
Polyketide	heterochromatin [GO:0000792]	148.8
Polyketide	nuclear envelope [GO:0005635]	148.8
Polyketide	PML body [GO:0016605]	148.8
Polyketide	cytosol [GO:0005829]	148.8
Polyketide	eNoSc complex [GO:0061773]	148.8
Polyketide	rDNA heterochromatin [GO:0033553]	148.8
Polyketide	nucleoplasm [GO:0005654]	148.8
Polyketide	mitochondrion [GO:0005739]	148.8
Polyketide	euchromatin [GO:0000791]	148.8
Polyketide	chromatin [GO:0000785]	148.8
Polyketide	chromatin silencing complex [GO:0005677]	148.8
Polyketide	nucleus [GO:0005634]	148.8
Polyketide	cytoplasm [GO:0005737]	148.8
Polyketide	nucleolus [GO:0005730]	148.8
Polyketide	cell body [GO:0044297]	281.29
Polyketide	actin filament [GO:0005884]	281.29
Polyketide	skeletal muscle myofibril [GO:0098723]	281.29
Polyketide	stress fiber [GO:0001725]	281.29
Polyketide	filamentous actin [GO:0031941]	281.29
Polyketide	actin filament bundle [GO:0032432]	281.29
Polyketide	lamellipodium [GO:0030027]	281.29
Polyketide	striated muscle thin filament [GO:0005865]	281.29
Polyketide	cytoplasm [GO:0005737]	281.29
Polyketide	filopodium [GO:0030175]	281.29
Polyketide	chromosome [GO:0005694]	369.4
Polyketide	cytoplasm [GO:0005737]	369.4
Polyketide	mitochondrial proton-transporting ATP synthase complex [GO:0005753]	526.72
Polyketide	cytosol [GO:0005829]	526.72
Polyketide	mitochondrial proton-transporting ATP synthase complex, coupling factor F(o) [GO:0000276]	526.72
Polyketide	mitochondrion [GO:0005739]	526.72
Polyketide	mitochondrial intermembrane space [GO:0005758]	526.72
Polyketide	mitochondrial inner membrane [GO:0005743]	526.72
Polyketide	cytoplasm [GO:0005737]	305.43
Polyketide	cell body [GO:0044297]	1247.0
Polyketide	actin filament [GO:0005884]	1247.0
Polyketide	skeletal muscle myofibril [GO:0098723]	1247.0
Polyketide	stress fiber [GO:0001725]	1247.0
Polyketide	filamentous actin [GO:0031941]	1247.0
Polyketide	actin filament bundle [GO:0032432]	1247.0
Polyketide	lamellipodium [GO:0030027]	1247.0
Polyketide	striated muscle thin filament [GO:0005865]	1247.0
Polyketide	cytoplasm [GO:0005737]	1247.0
Polyketide	filopodium [GO:0030175]	1247.0
Polyketide	nucleoplasm [GO:0005654]	301.92
Polyketide	nucleus [GO:0005634]	301.92
Polyketide	cytoplasm [GO:0005737]	301.92
Polyketide	chromatin [GO:0000785]	301.92
Polyketide	histone deacetylase complex [GO:0000118]	247.99
Polyketide	cytosol [GO:0005829]	247.99
Polyketide	transcription repressor complex [GO:0017053]	247.99
Polyketide	nucleoplasm [GO:0005654]	247.99
Polyketide	nuclear speck [GO:0016607]	247.99
Polyketide	chromatin [GO:0000785]	247.99
Polyketide	nucleus [GO:0005634]	247.99
Polyketide	cytoplasm [GO:0005737]	247.99
Polyketide	extracellular space [GO:0005615]	214.0
Polyketide	azurophil granule lumen [GO:0035578]	214.0
Polyketide	extracellular region [GO:0005576]	214.0
Polyketide	extracellular exosome [GO:0070062]	214.0
Polyketide	plasma membrane [GO:0005886]	148.38
Polyketide	chromosome [GO:0005694]	322.94
Polyketide	condensed nuclear chromosome [GO:0000794]	322.94
Polyketide	nucleus [GO:0005634]	322.94
Polyketide	nucleoplasm [GO:0005654]	322.94
Polyketide	plasma membrane [GO:0005886]	434.33
Polyketide	proton-transporting ATP synthase complex, coupling factor F(o) [GO:0045263]	434.33
Polyketide	fungal biofilm matrix [GO:0062040]	748.95
Polyketide	cytoplasm [GO:0005737]	748.95
Polyketide	extracellular region [GO:0005576]	748.95
Polyketide	nucleoplasm [GO:0005654]	143.4
Polyketide	cytosol [GO:0005829]	143.4
Polyketide	extracellular exosome [GO:0070062]	143.4
Polyketide	protein-containing complex [GO:0032991]	618.04
Polyketide	endocytic vesicle membrane [GO:0030666]	618.04
Polyketide	cytosol [GO:0005829]	618.04
Polyketide	transcription repressor complex [GO:0017053]	618.04
Polyketide	nucleoplasm [GO:0005654]	618.04
Polyketide	plasma membrane [GO:0005886]	618.04
Polyketide	nucleus [GO:0005634]	618.04
Polyketide	cytoplasm [GO:0005737]	618.04
Polyketide	nucleolus [GO:0005730]	618.04
Polyketide	vacuolar proton-transporting V-type ATPase, V0 domain [GO:0000220]	563.05
Polyketide	synaptic vesicle membrane [GO:0030672]	563.05
Polyketide	clathrin-coated vesicle membrane [GO:0030665]	563.05
Polyketide	protein-containing complex [GO:0032991]	327.7
Polyketide	cytosol [GO:0005829]	327.7
Polyketide	nucleoplasm [GO:0005654]	327.7
Polyketide	membrane [GO:0016020]	327.7
Polyketide	plasma membrane [GO:0005886]	327.7
Polyketide	euchromatin [GO:0000791]	327.7
Polyketide	chromatin [GO:0000785]	327.7
Polyketide	transcription regulator complex [GO:0005667]	327.7
Polyketide	nucleus [GO:0005634]	327.7
Polyketide	cytoplasm [GO:0005737]	327.7
Polyketide	Golgi apparatus [GO:0005794]	327.7
Polyketide	host cell nucleus [GO:0042025]	335.56
Polyketide	viral envelope [GO:0019031]	335.56
Polyketide	host cell plasma membrane [GO:0020002]	335.56
Polyketide	host cell lipid droplet [GO:0044186]	335.56
Polyketide	host cell endoplasmic reticulum membrane [GO:0044167]	335.56
Polyketide	host cell mitochondrial membrane [GO:0044191]	335.56
Polyketide	ribonucleoprotein complex [GO:1990904]	335.56
Polyketide	membrane [GO:0016020]	335.56
Polyketide	viral nucleocapsid [GO:0019013]	335.56
Polyketide	virion membrane [GO:0055036]	335.56
Polyketide	host cell perinuclear region of cytoplasm [GO:0044220]	335.56
Polyketide	extracellular space [GO:0005615]	261.28
Polyketide	azurophil granule lumen [GO:0035578]	261.28
Polyketide	extracellular region [GO:0005576]	261.28
Polyketide	extracellular exosome [GO:0070062]	261.28
Polyketide	endoplasmic reticulum [GO:0005783]	358.55
Polyketide	nuclear envelope [GO:0005635]	358.55
Polyketide	nuclear membrane [GO:0031965]	358.55
Polyketide	endoplasmic reticulum membrane [GO:0005789]	358.55
Polyketide	cytoplasmic vesicle [GO:0031410]	358.55
Polyketide	histone deacetylase complex [GO:0000118]	138.54
Polyketide	intracellular membrane-bounded organelle [GO:0043231]	180.29
Polyketide	nucleoplasm [GO:0005654]	180.29
Polyketide	mitochondrion [GO:0005739]	180.29
Polyketide	chromatin [GO:0000785]	180.29
Polyketide	nucleus [GO:0005634]	180.29
Polyketide	cell body [GO:0044297]	297.68
Polyketide	actin filament [GO:0005884]	297.68
Polyketide	skeletal muscle myofibril [GO:0098723]	297.68
Polyketide	stress fiber [GO:0001725]	297.68
Polyketide	filamentous actin [GO:0031941]	297.68
Polyketide	actin filament bundle [GO:0032432]	297.68
Polyketide	lamellipodium [GO:0030027]	297.68
Polyketide	striated muscle thin filament [GO:0005865]	297.68
Polyketide	cytoplasm [GO:0005737]	297.68
Polyketide	filopodium [GO:0030175]	297.68
Polyketide	dendrite [GO:0030425]	641.28
Polyketide	PML body [GO:0016605]	641.28
Polyketide	nuclear envelope [GO:0005635]	641.28
Polyketide	lysosome [GO:0005764]	641.28
Polyketide	endomembrane system [GO:0012505]	641.28
Polyketide	mitochondrial outer membrane [GO:0005741]	641.28
Polyketide	cytosol [GO:0005829]	641.28
Polyketide	Golgi membrane [GO:0000139]	641.28
Polyketide	nucleoplasm [GO:0005654]	641.28
Polyketide	endoplasmic reticulum membrane [GO:0005789]	641.28
Polyketide	membrane [GO:0016020]	641.28
Polyketide	TORC1 complex [GO:0031931]	641.28
Polyketide	nucleus [GO:0005634]	641.28
Polyketide	TORC2 complex [GO:0031932]	641.28
Polyketide	lysosomal membrane [GO:0005765]	641.28
Polyketide	cytoplasm [GO:0005737]	641.28
Polyketide	phagocytic vesicle [GO:0045335]	641.28
Polyketide	cytoplasm [GO:0005737]	344.14
Polyketide	protein-containing complex [GO:0032991]	391.52
Polyketide	cytosol [GO:0005829]	391.52
Polyketide	nucleoplasm [GO:0005654]	391.52
Polyketide	membrane [GO:0016020]	391.52
Polyketide	plasma membrane [GO:0005886]	391.52
Polyketide	euchromatin [GO:0000791]	391.52
Polyketide	chromatin [GO:0000785]	391.52
Polyketide	transcription regulator complex [GO:0005667]	391.52
Polyketide	nucleus [GO:0005634]	391.52
Polyketide	cytoplasm [GO:0005737]	391.52
Polyketide	Golgi apparatus [GO:0005794]	391.52
Polyketide	dendrite [GO:0030425]	662.12
Polyketide	chloride channel complex [GO:0034707]	662.12
Polyketide	neuron projection [GO:0043005]	662.12
Polyketide	plasma membrane [GO:0005886]	662.12
Polyketide	membrane [GO:0016020]	662.12
Polyketide	postsynaptic membrane [GO:0045211]	662.12
Polyketide	synapse [GO:0045202]	662.12
Polyketide	perikaryon [GO:0043204]	662.12
Polyketide	sarcoplasmic reticulum membrane [GO:0033017]	657.18
Polyketide	cytoplasmic side of membrane [GO:0098562]	657.18
Polyketide	cytosol [GO:0005829]	657.18
Polyketide	Z disc [GO:0030018]	657.18
Polyketide	sarcoplasmic reticulum [GO:0016529]	657.18
Polyketide	terminal cisterna [GO:0014802]	657.18
Polyketide	membrane [GO:0016020]	657.18
Polyketide	ryanodine receptor complex [GO:1990425]	657.18
Polyketide	cytoplasm [GO:0005737]	657.18
Polyketide	protein-containing complex [GO:0032991]	290.34
Polyketide	cytosol [GO:0005829]	290.34
Polyketide	nucleoplasm [GO:0005654]	290.34
Polyketide	membrane [GO:0016020]	290.34
Polyketide	plasma membrane [GO:0005886]	290.34
Polyketide	euchromatin [GO:0000791]	290.34
Polyketide	chromatin [GO:0000785]	290.34
Polyketide	transcription regulator complex [GO:0005667]	290.34
Polyketide	nucleus [GO:0005634]	290.34
Polyketide	cytoplasm [GO:0005737]	290.34
Polyketide	Golgi apparatus [GO:0005794]	290.34
Polyketide	extracellular space [GO:0005615]	348.69
Polyketide	azurophil granule lumen [GO:0035578]	348.69
Polyketide	extracellular region [GO:0005576]	348.69
Polyketide	extracellular exosome [GO:0070062]	348.69
Polyketide	extracellular space [GO:0005615]	190.02
Polyketide	azurophil granule lumen [GO:0035578]	190.02
Polyketide	extracellular region [GO:0005576]	190.02
Polyketide	extracellular exosome [GO:0070062]	190.02
Polyketide	postsynaptic density [GO:0014069]	233.98
Polyketide	glutamatergic synapse [GO:0098978]	233.98
Polyketide	plasma membrane [GO:0005886]	233.98
Polyketide	DAPK1-calmodulin complex [GO:1990722]	233.98
Polyketide	actin cytoskeleton [GO:0015629]	233.98
Polyketide	nucleus [GO:0005634]	233.98
Polyketide	cytoplasm [GO:0005737]	233.98
Polyketide	cell body [GO:0044297]	381.73
Polyketide	actin filament [GO:0005884]	381.73
Polyketide	skeletal muscle myofibril [GO:0098723]	381.73
Polyketide	stress fiber [GO:0001725]	381.73
Polyketide	filamentous actin [GO:0031941]	381.73
Polyketide	actin filament bundle [GO:0032432]	381.73
Polyketide	lamellipodium [GO:0030027]	381.73
Polyketide	striated muscle thin filament [GO:0005865]	381.73
Polyketide	cytoplasm [GO:0005737]	381.73
Polyketide	filopodium [GO:0030175]	381.73
Polyketide	extracellular exosome [GO:0070062]	377.36
Polyketide	cell junction [GO:0030054]	377.36
Polyketide	nuclear speck [GO:0016607]	377.36
Polyketide	cytosol [GO:0005829]	377.36
Polyketide	epidermal lamellar body [GO:0097209]	154.46
Polyketide	extracellular region [GO:0005576]	154.46
Polyketide	extracellular space [GO:0005615]	154.46
Polyketide	secretory granule [GO:0030141]	154.46
Polyketide	cornified envelope [GO:0001533]	154.46
Polyketide	protein-DNA complex [GO:0032993]	370.18
Polyketide	plasma membrane [GO:0005886]	339.72
Polyketide	dendrite [GO:0030425]	266.81
Polyketide	cytosol [GO:0005829]	266.81
Polyketide	synapse [GO:0045202]	266.81
Polyketide	nucleus [GO:0005634]	266.81
Polyketide	cytoplasm [GO:0005737]	266.81
Polyketide	neuronal cell body [GO:0043025]	266.81
Polyketide	periplasmic space [GO:0042597]	848.19
Polyketide	protein-containing complex [GO:0032991]	435.68
Polyketide	cytosol [GO:0005829]	435.68
Polyketide	nucleoplasm [GO:0005654]	435.68
Polyketide	membrane [GO:0016020]	435.68
Polyketide	plasma membrane [GO:0005886]	435.68
Polyketide	euchromatin [GO:0000791]	435.68
Polyketide	chromatin [GO:0000785]	435.68
Polyketide	transcription regulator complex [GO:0005667]	435.68
Polyketide	nucleus [GO:0005634]	435.68
Polyketide	cytoplasm [GO:0005737]	435.68
Polyketide	Golgi apparatus [GO:0005794]	435.68
Polyketide	extracellular space [GO:0005615]	219.88
Polyketide	azurophil granule lumen [GO:0035578]	219.88
Polyketide	extracellular region [GO:0005576]	219.88
Polyketide	extracellular exosome [GO:0070062]	219.88
Polyketide	extracellular region [GO:0005576]	227.27
Polyketide	extracellular exosome [GO:0070062]	227.27
Polyketide	azurophil granule lumen [GO:0035578]	227.27
Polyketide	extracellular space [GO:0005615]	227.27
Polyketide	voltage-gated potassium channel complex [GO:0008076]	536.64
Polyketide	endoplasmic reticulum [GO:0005783]	536.64
Polyketide	cell surface [GO:0009986]	536.64
Polyketide	apical plasma membrane [GO:0016324]	536.64
Polyketide	plasma membrane [GO:0005886]	536.64
Polyketide	endoplasmic reticulum membrane [GO:0005789]	536.64
Polyketide	astrocyte projection [GO:0097449]	536.64
Polyketide	calyx of Held [GO:0044305]	536.64
Polyketide	neuronal cell body [GO:0043025]	536.64
Polyketide	vacuolar proton-transporting V-type ATPase, V0 domain [GO:0000220]	485.14
Polyketide	synaptic vesicle membrane [GO:0030672]	485.14
Polyketide	clathrin-coated vesicle membrane [GO:0030665]	485.14
Polyketide	cytoplasm [GO:0005737]	284.73
Polyketide	chloride channel complex [GO:0034707]	305.42
Polyketide	postsynaptic membrane [GO:0045211]	305.42
Polyketide	perikaryon [GO:0043204]	305.42
Polyketide	membrane [GO:0016020]	305.42
Polyketide	plasma membrane [GO:0005886]	305.42
Polyketide	dendrite [GO:0030425]	305.42
Polyketide	neuron projection [GO:0043005]	305.42
Polyketide	synapse [GO:0045202]	305.42
Polyketide	cell body [GO:0044297]	280.26
Polyketide	actin filament [GO:0005884]	280.26
Polyketide	skeletal muscle myofibril [GO:0098723]	280.26
Polyketide	stress fiber [GO:0001725]	280.26
Polyketide	filamentous actin [GO:0031941]	280.26
Polyketide	actin filament bundle [GO:0032432]	280.26
Polyketide	lamellipodium [GO:0030027]	280.26
Polyketide	striated muscle thin filament [GO:0005865]	280.26
Polyketide	cytoplasm [GO:0005737]	280.26
Polyketide	filopodium [GO:0030175]	280.26
Polyketide	nuclear chromosome [GO:0000228]	211.04
Polyketide	histone deacetylase complex [GO:0000118]	211.04
Polyketide	cytoplasm [GO:0005737]	211.04
Polyketide	nucleoplasm [GO:0005654]	211.04
Polyketide	nucleus [GO:0005634]	211.04
Polyketide	nucleoid [GO:0009295]	207.49
Polyketide	host cell nucleus [GO:0042025]	638.08
Polyketide	viral envelope [GO:0019031]	638.08
Polyketide	host cell plasma membrane [GO:0020002]	638.08
Polyketide	host cell lipid droplet [GO:0044186]	638.08
Polyketide	host cell endoplasmic reticulum membrane [GO:0044167]	638.08
Polyketide	host cell mitochondrial membrane [GO:0044191]	638.08
Polyketide	ribonucleoprotein complex [GO:1990904]	638.08
Polyketide	membrane [GO:0016020]	638.08
Polyketide	viral nucleocapsid [GO:0019013]	638.08
Polyketide	virion membrane [GO:0055036]	638.08
Polyketide	host cell perinuclear region of cytoplasm [GO:0044220]	638.08
Polyketide	protein-containing complex [GO:0032991]	179.03
Polyketide	cytosol [GO:0005829]	179.03
Polyketide	nucleoplasm [GO:0005654]	179.03
Polyketide	membrane [GO:0016020]	179.03
Polyketide	plasma membrane [GO:0005886]	179.03
Polyketide	euchromatin [GO:0000791]	179.03
Polyketide	chromatin [GO:0000785]	179.03
Polyketide	transcription regulator complex [GO:0005667]	179.03
Polyketide	nucleus [GO:0005634]	179.03
Polyketide	cytoplasm [GO:0005737]	179.03
Polyketide	Golgi apparatus [GO:0005794]	179.03
Polyketide	protein-containing complex [GO:0032991]	219.92
Polyketide	cytosol [GO:0005829]	219.92
Polyketide	nucleoplasm [GO:0005654]	219.92
Polyketide	membrane [GO:0016020]	219.92
Polyketide	plasma membrane [GO:0005886]	219.92
Polyketide	euchromatin [GO:0000791]	219.92
Polyketide	chromatin [GO:0000785]	219.92
Polyketide	transcription regulator complex [GO:0005667]	219.92
Polyketide	nucleus [GO:0005634]	219.92
Polyketide	cytoplasm [GO:0005737]	219.92
Polyketide	Golgi apparatus [GO:0005794]	219.92
Polyketide	histone deacetylase complex [GO:0000118]	259.96
Polyketide	melanosome [GO:0042470]	294.17
Polyketide	axonal growth cone [GO:0044295]	294.17
Polyketide	cell body [GO:0044297]	294.17
Polyketide	endomembrane system [GO:0012505]	294.17
Polyketide	lamellipodium [GO:0030027]	294.17
Polyketide	growth cone membrane [GO:0032584]	294.17
Polyketide	plasma membrane [GO:0005886]	294.17
Polyketide	axon [GO:0030424]	294.17
Polyketide	cell surface [GO:0009986]	294.17
Polyketide	host cell nucleus [GO:0042025]	226.79
Polyketide	host cell endoplasmic reticulum membrane [GO:0044167]	226.79
Polyketide	host cell endoplasmic reticulum-Golgi intermediate compartment [GO:0044172]	226.79
Polyketide	host cell Golgi apparatus [GO:0044177]	226.79
Polyketide	host cell endosome [GO:0044174]	226.79
Polyketide	membrane [GO:0016020]	226.79
Polyketide	double membrane vesicle viral factory outer membrane [GO:0062243]	226.79
Polyketide	host cell perinuclear region of cytoplasm [GO:0044220]	226.79
Polyketide	calcineurin complex [GO:0005955]	685.66
Polyketide	extracellular region [GO:0005576]	124.24
Polyketide	membrane-bounded organelle [GO:0043227]	320.96
Polyketide	vesicle [GO:0031982]	224.23
Polyketide	cytoplasm [GO:0005737]	224.23
Polyketide	secretory granule lumen [GO:0034774]	224.23
Polyketide	cytosol [GO:0005829]	224.23
Polyketide	ficolin-1-rich granule lumen [GO:1904813]	224.23
Polyketide	extracellular exosome [GO:0070062]	224.23
Polyketide	nucleoplasm [GO:0005654]	224.23
Polyketide	plasma membrane [GO:0005886]	224.23
Polyketide	extracellular region [GO:0005576]	224.23
Polyketide	extracellular space [GO:0005615]	224.23
Polyketide	cell surface [GO:0009986]	224.23
Polyketide	cytoplasm [GO:0005737]	191.32
Polyketide	histone deacetylase complex [GO:0000118]	135.92
Polyketide	nucleoplasm [GO:0005654]	135.92
Polyketide	nuclear chromosome [GO:0000228]	135.92
Polyketide	nucleus [GO:0005634]	135.92
Polyketide	cytoplasm [GO:0005737]	135.92
Polyketide	skeletal muscle myofibril [GO:0098723]	315.62
Polyketide	protein-DNA complex [GO:0032993]	231.22
Polyketide	dendrite [GO:0030425]	626.96
Polyketide	chloride channel complex [GO:0034707]	626.96
Polyketide	neuron projection [GO:0043005]	626.96
Polyketide	plasma membrane [GO:0005886]	626.96
Polyketide	membrane [GO:0016020]	626.96
Polyketide	postsynaptic membrane [GO:0045211]	626.96
Polyketide	synapse [GO:0045202]	626.96
Polyketide	perikaryon [GO:0043204]	626.96
Polyketide	plasma membrane [GO:0005886]	521.77
Polyketide	proton-transporting ATP synthase complex, coupling factor F(o) [GO:0045263]	521.77
Polyketide	nucleoplasm [GO:0005654]	210.34
Polyketide	nucleus [GO:0005634]	210.34
Polyketide	cytoplasm [GO:0005737]	210.34
Polyketide	cytoplasm [GO:0005737]	145.89
Polyketide	cytosol [GO:0005829]	145.89
Polyketide	plasma membrane [GO:0005886]	438.87
Polyketide	proton-transporting ATP synthase complex, coupling factor F(o) [GO:0045263]	438.87
Polyketide	membrane [GO:0016020]	552.83
Polyketide	endoplasmic reticulum [GO:0005783]	552.83
Polyketide	endoplasmic reticulum membrane [GO:0005789]	552.83
Polyketide	host cell nucleus [GO:0042025]	454.36
Polyketide	viral envelope [GO:0019031]	454.36
Polyketide	host cell plasma membrane [GO:0020002]	454.36
Polyketide	host cell lipid droplet [GO:0044186]	454.36
Polyketide	host cell endoplasmic reticulum membrane [GO:0044167]	454.36
Polyketide	host cell mitochondrial membrane [GO:0044191]	454.36
Polyketide	ribonucleoprotein complex [GO:1990904]	454.36
Polyketide	membrane [GO:0016020]	454.36
Polyketide	viral nucleocapsid [GO:0019013]	454.36
Polyketide	virion membrane [GO:0055036]	454.36
Polyketide	host cell perinuclear region of cytoplasm [GO:0044220]	454.36
Polyketide	PML body [GO:0016605]	201.36
Polyketide	Sin3 complex [GO:0016580]	201.36
Polyketide	protein kinase CK2 complex [GO:0005956]	201.36
Polyketide	cytosol [GO:0005829]	201.36
Polyketide	nucleoplasm [GO:0005654]	201.36
Polyketide	plasma membrane [GO:0005886]	201.36
Polyketide	nucleus [GO:0005634]	201.36
Polyketide	nucleoplasm [GO:0005654]	251.38
Polyketide	nucleus [GO:0005634]	251.38
Polyketide	cytoplasm [GO:0005737]	251.38
Polyketide	nucleolus [GO:0005730]	251.38
Polyketide	plasma membrane [GO:0005886]	631.84
Polyketide	cytoplasm [GO:0005737]	631.84
Polyketide	peptidoglycan-based cell wall [GO:0009274]	631.84
Polyketide	basement membrane [GO:0005604]	134.31
Polyketide	collagen-containing extracellular matrix [GO:0062023]	134.31
Polyketide	sarcolemma [GO:0042383]	134.31
Polyketide	synaptic cleft [GO:0043083]	134.31
Polyketide	neuromuscular junction [GO:0031594]	134.31
Polyketide	extracellular region [GO:0005576]	134.31
Polyketide	dendritic spine [GO:0043197]	134.31
Polyketide	protein complex involved in cell-matrix adhesion [GO:0098637]	134.31
Polyketide	chloride channel complex [GO:0034707]	275.09
Polyketide	postsynaptic membrane [GO:0045211]	275.09
Polyketide	perikaryon [GO:0043204]	275.09
Polyketide	membrane [GO:0016020]	275.09
Polyketide	plasma membrane [GO:0005886]	275.09
Polyketide	dendrite [GO:0030425]	275.09
Polyketide	neuron projection [GO:0043005]	275.09
Polyketide	synapse [GO:0045202]	275.09
Polyketide	endoplasmic reticulum lumen [GO:0005788]	321.47
Polyketide	endoplasmic reticulum [GO:0005783]	321.47
Polyketide	cytosol [GO:0005829]	321.47
Polyketide	lipid droplet [GO:0005811]	321.47
Polyketide	cytoplasm [GO:0005737]	321.47
Polyketide	mitochondrial matrix [GO:0005759]	205.21
Polyketide	mitochondrion [GO:0005739]	205.21
Polyketide	extracellular exosome [GO:0070062]	205.21
Polyketide	extracellular space [GO:0005615]	215.56
Polyketide	azurophil granule lumen [GO:0035578]	215.56
Polyketide	extracellular region [GO:0005576]	215.56
Polyketide	extracellular exosome [GO:0070062]	215.56
Polyketide	host cell nucleus [GO:0042025]	393.03
Polyketide	host cell plasma membrane [GO:0020002]	393.03
Polyketide	membrane [GO:0016020]	393.03
Polyketide	viral nucleocapsid [GO:0019013]	393.03
Polyketide	host multivesicular body [GO:0072494]	393.03
Polyketide	virion membrane [GO:0055036]	393.03
Polyketide	protein-containing complex [GO:0032991]	372.26
Polyketide	cytosol [GO:0005829]	372.26
Polyketide	nucleoplasm [GO:0005654]	372.26
Polyketide	membrane [GO:0016020]	372.26
Polyketide	plasma membrane [GO:0005886]	372.26
Polyketide	euchromatin [GO:0000791]	372.26
Polyketide	chromatin [GO:0000785]	372.26
Polyketide	transcription regulator complex [GO:0005667]	372.26
Polyketide	nucleus [GO:0005634]	372.26
Polyketide	cytoplasm [GO:0005737]	372.26
Polyketide	Golgi apparatus [GO:0005794]	372.26
Polyketide	microtubule [GO:0005874]	233.15
Polyketide	cytoplasm [GO:0005737]	233.15
Polyketide	microtubule cytoskeleton [GO:0015630]	233.15
Polyketide	endoplasmic reticulum [GO:0005783]	315.03
Polyketide	focal adhesion [GO:0005925]	315.03
Polyketide	cytosol [GO:0005829]	315.03
Polyketide	early endosome [GO:0005769]	315.03
Polyketide	plasma membrane [GO:0005886]	315.03
Polyketide	mitochondrion [GO:0005739]	315.03
Polyketide	nucleus [GO:0005634]	315.03
Polyketide	late endosome [GO:0005770]	315.03
Polyketide	microtubule organizing center [GO:0005815]	315.03
Polyketide	Golgi apparatus [GO:0005794]	315.03
Polyketide	aggresome [GO:0016235]	436.41
Polyketide	cell projection [GO:0042995]	436.41
Polyketide	secretory granule membrane [GO:0030667]	436.41
Polyketide	ficolin-1-rich granule membrane [GO:0101003]	436.41
Polyketide	tertiary granule membrane [GO:0070821]	436.41
Polyketide	extracellular exosome [GO:0070062]	436.41
Polyketide	plasma membrane [GO:0005886]	436.41
Polyketide	membrane [GO:0016020]	436.41
Polyketide	specific granule membrane [GO:0035579]	436.41
Polyketide	perikaryon [GO:0043204]	436.41
Polyketide	extracellular space [GO:0005615]	252.7
Polyketide	protein-containing complex [GO:0032991]	252.7
Polyketide	aggresome [GO:0016235]	433.24
Polyketide	cell projection [GO:0042995]	433.24
Polyketide	secretory granule membrane [GO:0030667]	433.24
Polyketide	ficolin-1-rich granule membrane [GO:0101003]	433.24
Polyketide	tertiary granule membrane [GO:0070821]	433.24
Polyketide	extracellular exosome [GO:0070062]	433.24
Polyketide	plasma membrane [GO:0005886]	433.24
Polyketide	membrane [GO:0016020]	433.24
Polyketide	specific granule membrane [GO:0035579]	433.24
Polyketide	perikaryon [GO:0043204]	433.24
Polyketide	cell body [GO:0044297]	297.56
Polyketide	actin filament [GO:0005884]	297.56
Polyketide	skeletal muscle myofibril [GO:0098723]	297.56
Polyketide	stress fiber [GO:0001725]	297.56
Polyketide	filamentous actin [GO:0031941]	297.56
Polyketide	actin filament bundle [GO:0032432]	297.56
Polyketide	lamellipodium [GO:0030027]	297.56
Polyketide	striated muscle thin filament [GO:0005865]	297.56
Polyketide	cytoplasm [GO:0005737]	297.56
Polyketide	filopodium [GO:0030175]	297.56
Polyketide	cell body [GO:0044297]	318.63
Polyketide	actin filament [GO:0005884]	318.63
Polyketide	skeletal muscle myofibril [GO:0098723]	318.63
Polyketide	stress fiber [GO:0001725]	318.63
Polyketide	filamentous actin [GO:0031941]	318.63
Polyketide	actin filament bundle [GO:0032432]	318.63
Polyketide	lamellipodium [GO:0030027]	318.63
Polyketide	striated muscle thin filament [GO:0005865]	318.63
Polyketide	cytoplasm [GO:0005737]	318.63
Polyketide	filopodium [GO:0030175]	318.63
Polyketide	microtubule [GO:0005874]	341.71
Polyketide	cytoplasm [GO:0005737]	341.71
Polyketide	microtubule cytoskeleton [GO:0015630]	341.71
Polyketide	node of Ranvier [GO:0033268]	352.82
Polyketide	synapse [GO:0045202]	352.82
Polyketide	plasma membrane [GO:0005886]	352.82
Polyketide	axon initial segment [GO:0043194]	352.82
Polyketide	voltage-gated potassium channel complex [GO:0008076]	352.82
Polyketide	node of Ranvier [GO:0033268]	326.24
Polyketide	synapse [GO:0045202]	326.24
Polyketide	plasma membrane [GO:0005886]	326.24
Polyketide	axon initial segment [GO:0043194]	326.24
Polyketide	voltage-gated potassium channel complex [GO:0008076]	326.24
Polyketide	plasma membrane [GO:0005886]	608.07
Polyketide	melanosome [GO:0042470]	265.97
Polyketide	axonal growth cone [GO:0044295]	265.97
Polyketide	cell body [GO:0044297]	265.97
Polyketide	endomembrane system [GO:0012505]	265.97
Polyketide	lamellipodium [GO:0030027]	265.97
Polyketide	growth cone membrane [GO:0032584]	265.97
Polyketide	plasma membrane [GO:0005886]	265.97
Polyketide	axon [GO:0030424]	265.97
Polyketide	cell surface [GO:0009986]	265.97
Polyketide	nucleoplasm [GO:0005654]	404.25
Polyketide	chromatin [GO:0000785]	404.25
Polyketide	pericentric heterochromatin [GO:0005721]	350.77
Polyketide	endoplasmic reticulum [GO:0005783]	350.77
Polyketide	intracellular membrane-bounded organelle [GO:0043231]	350.77
Polyketide	nucleoplasm [GO:0005654]	350.77
Polyketide	site of DNA damage [GO:0090734]	350.77
Polyketide	chromatin [GO:0000785]	350.77
Polyketide	nucleus [GO:0005634]	350.77
Polyketide	site of double-strand break [GO:0035861]	350.77
Polyketide	chromosome, subtelomeric region [GO:0099115]	350.77
Polyketide	plasma membrane [GO:0005886]	549.48
Polyketide	extracellular space [GO:0005615]	192.59
Polyketide	azurophil granule lumen [GO:0035578]	192.59
Polyketide	extracellular region [GO:0005576]	192.59
Polyketide	extracellular exosome [GO:0070062]	192.59
Polyketide	microtubule [GO:0005874]	308.15
Polyketide	cytoplasm [GO:0005737]	308.15
Polyketide	plasma membrane [GO:0005886]	188.97
Polyketide	calcium channel complex [GO:0034704]	188.97
Polyketide	cardiac Troponin complex [GO:1990584]	379.92
Polyketide	troponin complex [GO:0005861]	379.92
Polyketide	cytosol [GO:0005829]	379.92
Polyketide	extracellular space [GO:0005615]	202.13
Polyketide	azurophil granule lumen [GO:0035578]	202.13
Polyketide	extracellular region [GO:0005576]	202.13
Polyketide	extracellular exosome [GO:0070062]	202.13
Polyketide	proton-transporting ATP synthase complex, catalytic core F(1) [GO:0045261]	236.75
Polyketide	plasma membrane [GO:0005886]	236.75
Polyketide	mitochondrial proton-transporting ATP synthase, catalytic core [GO:0005754]	236.75
Polyketide	mitochondrial proton-transporting ATP synthase complex [GO:0005753]	236.75
Polyketide	vesicle [GO:0031982]	272.35
Polyketide	cytoplasm [GO:0005737]	272.35
Polyketide	secretory granule lumen [GO:0034774]	272.35
Polyketide	cytosol [GO:0005829]	272.35
Polyketide	ficolin-1-rich granule lumen [GO:1904813]	272.35
Polyketide	extracellular exosome [GO:0070062]	272.35
Polyketide	nucleoplasm [GO:0005654]	272.35
Polyketide	plasma membrane [GO:0005886]	272.35
Polyketide	extracellular region [GO:0005576]	272.35
Polyketide	extracellular space [GO:0005615]	272.35
Polyketide	cell surface [GO:0009986]	272.35
Polyketide	protein-containing complex [GO:0032991]	401.64
Polyketide	endocytic vesicle membrane [GO:0030666]	401.64
Polyketide	cytosol [GO:0005829]	401.64
Polyketide	transcription repressor complex [GO:0017053]	401.64
Polyketide	nucleoplasm [GO:0005654]	401.64
Polyketide	plasma membrane [GO:0005886]	401.64
Polyketide	nucleus [GO:0005634]	401.64
Polyketide	cytoplasm [GO:0005737]	401.64
Polyketide	nucleolus [GO:0005730]	401.64
Polyketide	cytoplasm [GO:0005737]	350.48
Polyketide	chromosome [GO:0005694]	305.11
Polyketide	condensed nuclear chromosome [GO:0000794]	305.11
Polyketide	nucleus [GO:0005634]	305.11
Polyketide	nucleoplasm [GO:0005654]	305.11
Polyketide	peroxisomal membrane [GO:0005778]	234.34
Polyketide	cytosol [GO:0005829]	234.34
Polyketide	peroxisomal matrix [GO:0005782]	234.34
Polyketide	peroxisome [GO:0005777]	234.34
Polyketide	cytoplasm [GO:0005737]	234.34
Polyketide	nuclear periphery [GO:0034399]	270.67
Polyketide	main axon [GO:0044304]	270.67
Polyketide	neurofibrillary tangle [GO:0097418]	270.67
Polyketide	neuron projection [GO:0043005]	270.67
Polyketide	somatodendritic compartment [GO:0036477]	270.67
Polyketide	microtubule [GO:0005874]	270.67
Polyketide	cytoplasm [GO:0005737]	270.67
Polyketide	neuronal cell body [GO:0043025]	270.67
Polyketide	cell body [GO:0044297]	270.67
Polyketide	nuclear speck [GO:0016607]	270.67
Polyketide	growth cone [GO:0030426]	270.67
Polyketide	membrane raft [GO:0045121]	270.67
Polyketide	dendrite [GO:0030425]	270.67
Polyketide	tubulin complex [GO:0045298]	270.67
Polyketide	microtubule cytoskeleton [GO:0015630]	270.67
Polyketide	cytosol [GO:0005829]	270.67
Polyketide	axolemma [GO:0030673]	270.67
Polyketide	glial cell projection [GO:0097386]	270.67
Polyketide	dendritic spine [GO:0043197]	270.67
Polyketide	extracellular region [GO:0005576]	270.67
Polyketide	cytoplasmic ribonucleoprotein granule [GO:0036464]	270.67
Polyketide	nucleus [GO:0005634]	270.67
Polyketide	axon cytoplasm [GO:1904115]	270.67
Polyketide	plasma membrane [GO:0005886]	270.67
Polyketide	mitochondrion [GO:0005739]	270.67
Polyketide	axon [GO:0030424]	270.67
Polyketide	membrane-bounded organelle [GO:0043227]	198.5
Polyketide	plasma membrane [GO:0005886]	455.93
Polyketide	proton-transporting ATP synthase complex, coupling factor F(o) [GO:0045263]	455.93
Polyketide	cytoplasm [GO:0005737]	279.77
Polyketide	dendrite [GO:0030425]	576.4
Polyketide	neuron projection [GO:0043005]	576.4
Polyketide	intracellular membrane-bounded organelle [GO:0043231]	576.4
Polyketide	plasma membrane [GO:0005886]	576.4
Polyketide	postsynaptic membrane [GO:0045211]	576.4
Polyketide	synapse [GO:0045202]	576.4
Polyketide	glycine-gated chloride channel complex [GO:0016935]	576.4
Polyketide	perikaryon [GO:0043204]	576.4
Polyketide	nucleoplasm [GO:0005654]	549.82
Polyketide	paraspeckles [GO:0042382]	549.82
Polyketide	nucleus [GO:0005634]	549.82
Polyketide	Golgi apparatus [GO:0005794]	549.82
Polyketide	nucleolus [GO:0005730]	549.82
Polyketide	protein-DNA complex [GO:0032993]	399.35
Polyketide	extracellular space [GO:0005615]	186.71
Polyketide	azurophil granule lumen [GO:0035578]	186.71
Polyketide	extracellular region [GO:0005576]	186.71
Polyketide	extracellular exosome [GO:0070062]	186.71
Polyketide	endoplasmic reticulum [GO:0005783]	351.37
Polyketide	mitochondrion [GO:0005739]	351.37
Polyketide	mitochondrial inner membrane [GO:0005743]	351.37
Polyketide	nucleus [GO:0005634]	736.05
Polyketide	cell body [GO:0044297]	558.95
Polyketide	actin filament [GO:0005884]	558.95
Polyketide	skeletal muscle myofibril [GO:0098723]	558.95
Polyketide	stress fiber [GO:0001725]	558.95
Polyketide	filamentous actin [GO:0031941]	558.95
Polyketide	actin filament bundle [GO:0032432]	558.95
Polyketide	lamellipodium [GO:0030027]	558.95
Polyketide	striated muscle thin filament [GO:0005865]	558.95
Polyketide	cytoplasm [GO:0005737]	558.95
Polyketide	filopodium [GO:0030175]	558.95
Polyketide	cytoplasm [GO:0005737]	350.2
Polyketide	skeletal muscle myofibril [GO:0098723]	188.15
Polyketide	plasma membrane [GO:0005886]	251.42
Polyketide	periplasmic side of plasma membrane [GO:0098567]	251.42
Polyketide	membrane [GO:0016020]	251.42
Polyketide	outer membrane-bounded periplasmic space [GO:0030288]	251.42
Polyketide	efflux pump complex [GO:1990281]	251.42
Polyketide	histone deacetylase complex [GO:0000118]	260.0
Polyketide	mitochondrial matrix [GO:0005759]	295.1
Polyketide	mitochondrion [GO:0005739]	295.1
Polyketide	extracellular exosome [GO:0070062]	295.1
Polyketide	cytoplasmic side of endoplasmic reticulum membrane [GO:0098554]	415.68
Polyketide	protein-containing complex [GO:0032991]	415.68
Polyketide	endoplasmic reticulum [GO:0005783]	415.68
Polyketide	sorting endosome [GO:0097443]	415.68
Polyketide	endosome lumen [GO:0031904]	415.68
Polyketide	early endosome [GO:0005769]	415.68
Polyketide	cytosol [GO:0005829]	415.68
Polyketide	mitochondrial crista [GO:0030061]	415.68
Polyketide	mitochondrial matrix [GO:0005759]	415.68
Polyketide	cytoplasm [GO:0005737]	415.68
Polyketide	protein-containing complex [GO:0032991]	294.87
Polyketide	cytosol [GO:0005829]	294.87
Polyketide	nucleoplasm [GO:0005654]	294.87
Polyketide	membrane [GO:0016020]	294.87
Polyketide	plasma membrane [GO:0005886]	294.87
Polyketide	euchromatin [GO:0000791]	294.87
Polyketide	chromatin [GO:0000785]	294.87
Polyketide	transcription regulator complex [GO:0005667]	294.87
Polyketide	nucleus [GO:0005634]	294.87
Polyketide	cytoplasm [GO:0005737]	294.87
Polyketide	Golgi apparatus [GO:0005794]	294.87
Polyketide	extracellular space [GO:0005615]	308.77
Polyketide	azurophil granule lumen [GO:0035578]	308.77
Polyketide	extracellular region [GO:0005576]	308.77
Polyketide	extracellular exosome [GO:0070062]	308.77
Polyketide	periplasmic space [GO:0042597]	328.96
Polyketide	protein-containing complex [GO:0032991]	245.58
Polyketide	cytosol [GO:0005829]	245.58
Polyketide	nucleoplasm [GO:0005654]	245.58
Polyketide	membrane [GO:0016020]	245.58
Polyketide	plasma membrane [GO:0005886]	245.58
Polyketide	euchromatin [GO:0000791]	245.58
Polyketide	chromatin [GO:0000785]	245.58
Polyketide	transcription regulator complex [GO:0005667]	245.58
Polyketide	nucleus [GO:0005634]	245.58
Polyketide	cytoplasm [GO:0005737]	245.58
Polyketide	Golgi apparatus [GO:0005794]	245.58
Polyketide	chloroplast stroma [GO:0009570]	266.23
Polyketide	endoplasmic reticulum [GO:0005783]	266.23
Polyketide	chloroplast [GO:0009507]	266.23
Polyketide	cytosol [GO:0005829]	266.23
Polyketide	intracellular membrane-bounded organelle [GO:0043231]	266.23
Polyketide	plasma membrane [GO:0005886]	266.23
Polyketide	apoplast [GO:0048046]	266.23
Polyketide	plasmodesma [GO:0009506]	266.23
Polyketide	plant-type vacuole [GO:0000325]	266.23
Polyketide	node of Ranvier [GO:0033268]	310.68
Polyketide	synapse [GO:0045202]	310.68
Polyketide	plasma membrane [GO:0005886]	310.68
Polyketide	axon initial segment [GO:0043194]	310.68
Polyketide	voltage-gated potassium channel complex [GO:0008076]	310.68
Polyketide	centrosome [GO:0005813]	273.35
Polyketide	cytosol [GO:0005829]	273.35
Polyketide	extracellular exosome [GO:0070062]	273.35
Polyketide	nucleoplasm [GO:0005654]	273.35
Polyketide	nucleus [GO:0005634]	273.35
Polyketide	cytoplasm [GO:0005737]	273.35
Polyketide	cytosol [GO:0005829]	333.96
Polyketide	plasma membrane [GO:0005886]	333.96
Polyketide	cytoplasm [GO:0005737]	333.96
Polyketide	nucleoplasm [GO:0005654]	333.96
Polyketide	site of double-strand break [GO:0035861]	333.96
Polyketide	nuclear body [GO:0016604]	333.96
Polyketide	nucleus [GO:0005634]	333.96
Polyketide	protein-DNA complex [GO:0032993]	281.87
Polyketide	nucleoplasm [GO:0005654]	349.2
Polyketide	nucleus [GO:0005634]	349.2
Polyketide	cytoplasm [GO:0005737]	349.2
Polyketide	chromatin [GO:0000785]	349.2
Polyketide	external side of plasma membrane [GO:0009897]	265.29
Polyketide	membrane [GO:0016020]	265.29
Polyketide	plasma membrane [GO:0005886]	265.29
Polyketide	mitochondrial proton-transporting ATP synthase complex [GO:0005753]	554.0
Polyketide	cytosol [GO:0005829]	554.0
Polyketide	mitochondrial proton-transporting ATP synthase complex, coupling factor F(o) [GO:0000276]	554.0
Polyketide	mitochondrion [GO:0005739]	554.0
Polyketide	mitochondrial intermembrane space [GO:0005758]	554.0
Polyketide	mitochondrial inner membrane [GO:0005743]	554.0
Polyketide	efflux pump complex [GO:1990281]	332.34
Polyketide	outer membrane-bounded periplasmic space [GO:0030288]	332.34
Polyketide	periplasmic side of plasma membrane [GO:0098567]	332.34
Polyketide	plasma membrane [GO:0005886]	332.34
Polyketide	membrane [GO:0016020]	332.34
Polyketide	nucleus [GO:0005634]	395.34
Polyketide	host cell nucleus [GO:0042025]	371.64
Polyketide	viral envelope [GO:0019031]	371.64
Polyketide	host cell plasma membrane [GO:0020002]	371.64
Polyketide	host cell lipid droplet [GO:0044186]	371.64
Polyketide	host cell endoplasmic reticulum membrane [GO:0044167]	371.64
Polyketide	host cell mitochondrial membrane [GO:0044191]	371.64
Polyketide	ribonucleoprotein complex [GO:1990904]	371.64
Polyketide	membrane [GO:0016020]	371.64
Polyketide	viral nucleocapsid [GO:0019013]	371.64
Polyketide	virion membrane [GO:0055036]	371.64
Polyketide	host cell perinuclear region of cytoplasm [GO:0044220]	371.64
Polyketide	sarcoplasmic reticulum membrane [GO:0033017]	450.5
Polyketide	cytosol [GO:0005829]	450.5
Polyketide	Z disc [GO:0030018]	450.5
Polyketide	sarcoplasmic reticulum [GO:0016529]	450.5
Polyketide	extracellular exosome [GO:0070062]	450.5
Polyketide	nucleoplasm [GO:0005654]	450.5
Polyketide	membrane [GO:0016020]	450.5
Polyketide	endoplasmic reticulum membrane [GO:0005789]	450.5
Polyketide	T-tubule [GO:0030315]	450.5
Polyketide	cytoplasm [GO:0005737]	450.5
Polyketide	fungal-type vacuole [GO:0000324]	494.48
Polyketide	vacuolar proton-transporting V-type ATPase complex [GO:0016471]	494.48
Polyketide	vacuolar proton-transporting V-type ATPase, V0 domain [GO:0000220]	494.48
Polyketide	fungal-type vacuole membrane [GO:0000329]	494.48
Polyketide	microtubule [GO:0005874]	496.55
Polyketide	cytoplasm [GO:0005737]	496.55
Polyketide	microtubule cytoskeleton [GO:0015630]	496.55
Polyketide	protein-containing complex [GO:0032991]	659.06
Polyketide	axonal growth cone [GO:0044295]	659.06
Polyketide	perinuclear region of cytoplasm [GO:0048471]	659.06
Polyketide	cytosol [GO:0005829]	659.06
Polyketide	extracellular exosome [GO:0070062]	659.06
Polyketide	nucleoplasm [GO:0005654]	659.06
Polyketide	microtubule [GO:0005874]	659.06
Polyketide	mitochondrion [GO:0005739]	659.06
Polyketide	cytoplasm [GO:0005737]	659.06
Polyketide	neuronal cell body [GO:0043025]	659.06
Polyketide	nuclear envelope [GO:0005635]	243.02
Polyketide	perinuclear region of cytoplasm [GO:0048471]	243.02
Polyketide	cytosol [GO:0005829]	243.02
Polyketide	pericentriolar material [GO:0000242]	243.02
Polyketide	Golgi membrane [GO:0000139]	243.02
Polyketide	chromosome, telomeric region [GO:0000781]	243.02
Polyketide	nucleus [GO:0005634]	243.02
Polyketide	cytoplasm [GO:0005737]	243.02
Polyketide	microtubule [GO:0005874]	475.52
Polyketide	cytoplasm [GO:0005737]	475.52
Polyketide	microtubule cytoskeleton [GO:0015630]	475.52
Polyketide	cellular bud [GO:0005933]	234.55
Polyketide	endoplasmic reticulum [GO:0005783]	234.55
Polyketide	Golgi cis cisterna [GO:0000137]	234.55
Polyketide	cytosol [GO:0005829]	234.55
Polyketide	membrane [GO:0016020]	234.55
Polyketide	mitochondrion [GO:0005739]	234.55
Polyketide	sarcoplasmic reticulum membrane [GO:0033017]	778.22
Polyketide	cytoplasmic side of membrane [GO:0098562]	778.22
Polyketide	cytosol [GO:0005829]	778.22
Polyketide	Z disc [GO:0030018]	778.22
Polyketide	sarcoplasmic reticulum [GO:0016529]	778.22
Polyketide	terminal cisterna [GO:0014802]	778.22
Polyketide	membrane [GO:0016020]	778.22
Polyketide	ryanodine receptor complex [GO:1990425]	778.22
Polyketide	cytoplasm [GO:0005737]	778.22
Polyketide	melanosome [GO:0042470]	238.24
Polyketide	axonal growth cone [GO:0044295]	238.24
Polyketide	cell body [GO:0044297]	238.24
Polyketide	endomembrane system [GO:0012505]	238.24
Polyketide	lamellipodium [GO:0030027]	238.24
Polyketide	growth cone membrane [GO:0032584]	238.24
Polyketide	plasma membrane [GO:0005886]	238.24
Polyketide	axon [GO:0030424]	238.24
Polyketide	cell surface [GO:0009986]	238.24
Polyketide	cytosol [GO:0005829]	228.6
Polyketide	extracellular exosome [GO:0070062]	228.6
Polyketide	endoplasmic reticulum [GO:0005783]	313.78
Polyketide	ribonucleoprotein complex [GO:1990904]	313.78
Polyketide	cytosol [GO:0005829]	313.78
Polyketide	plasma membrane [GO:0005886]	313.78
Polyketide	ribosome [GO:0005840]	313.78
Polyketide	chromosome [GO:0005694]	139.34
Polyketide	DNA topoisomerase type II (double strand cut, ATP-hydrolyzing) complex [GO:0009330]	139.34
Polyketide	cytoplasm [GO:0005737]	139.34
Polyketide	cytosol [GO:0005829]	139.34
Polyketide	histone deacetylase complex [GO:0000118]	327.69
Polyketide	intracellular membrane-bounded organelle [GO:0043231]	216.6
Polyketide	nucleoplasm [GO:0005654]	216.6
Polyketide	mitochondrion [GO:0005739]	216.6
Polyketide	chromatin [GO:0000785]	216.6
Polyketide	nucleus [GO:0005634]	216.6
Polyketide	basolateral plasma membrane [GO:0016323]	291.35
Polyketide	focal adhesion [GO:0005925]	291.35
Polyketide	apical plasma membrane [GO:0016324]	291.35
Polyketide	plasma membrane [GO:0005886]	291.35
Polyketide	membrane [GO:0016020]	291.35
Polyketide	microtubule [GO:0005874]	375.51
Polyketide	cytoplasm [GO:0005737]	375.51
Polyketide	cytoplasm [GO:0005737]	182.09
Polyketide	Ino80 complex [GO:0031011]	448.41
Polyketide	brahma complex [GO:0035060]	448.41
Polyketide	cytoskeleton [GO:0005856]	448.41
Polyketide	cytoplasm [GO:0005737]	448.41
Polyketide	dendrite [GO:0030425]	841.26
Polyketide	PML body [GO:0016605]	841.26
Polyketide	nuclear envelope [GO:0005635]	841.26
Polyketide	lysosome [GO:0005764]	841.26
Polyketide	endomembrane system [GO:0012505]	841.26
Polyketide	mitochondrial outer membrane [GO:0005741]	841.26
Polyketide	cytosol [GO:0005829]	841.26
Polyketide	Golgi membrane [GO:0000139]	841.26
Polyketide	nucleoplasm [GO:0005654]	841.26
Polyketide	endoplasmic reticulum membrane [GO:0005789]	841.26
Polyketide	membrane [GO:0016020]	841.26
Polyketide	TORC1 complex [GO:0031931]	841.26
Polyketide	nucleus [GO:0005634]	841.26
Polyketide	TORC2 complex [GO:0031932]	841.26
Polyketide	lysosomal membrane [GO:0005765]	841.26
Polyketide	cytoplasm [GO:0005737]	841.26
Polyketide	phagocytic vesicle [GO:0045335]	841.26
Polyketide	cytoplasm [GO:0005737]	525.33
Polyketide	sarcoplasmic reticulum membrane [GO:0033017]	701.3
Polyketide	cytoplasmic side of membrane [GO:0098562]	701.3
Polyketide	cytosol [GO:0005829]	701.3
Polyketide	Z disc [GO:0030018]	701.3
Polyketide	sarcoplasmic reticulum [GO:0016529]	701.3
Polyketide	terminal cisterna [GO:0014802]	701.3
Polyketide	membrane [GO:0016020]	701.3
Polyketide	ryanodine receptor complex [GO:1990425]	701.3
Polyketide	cytoplasm [GO:0005737]	701.3
Polyketide	extracellular space [GO:0005615]	218.73
Polyketide	azurophil granule lumen [GO:0035578]	218.73
Polyketide	extracellular region [GO:0005576]	218.73
Polyketide	extracellular exosome [GO:0070062]	218.73
Polyketide	intracellular membrane-bounded organelle [GO:0043231]	169.69
Polyketide	nucleoplasm [GO:0005654]	169.69
Polyketide	mitochondrion [GO:0005739]	169.69
Polyketide	chromatin [GO:0000785]	169.69
Polyketide	nucleus [GO:0005634]	169.69
Polyketide	focal adhesion [GO:0005925]	198.86
Polyketide	tertiary granule membrane [GO:0070821]	198.86
Polyketide	extracellular exosome [GO:0070062]	198.86
Polyketide	plasma membrane [GO:0005886]	198.86
Polyketide	protein complex involved in cell-matrix adhesion [GO:0098637]	198.86
Polyketide	serine protease inhibitor complex [GO:0097180]	198.86
Polyketide	extracellular region [GO:0005576]	198.86
Polyketide	specific granule membrane [GO:0035579]	198.86
Polyketide	extracellular space [GO:0005615]	198.86
Polyketide	external side of plasma membrane [GO:0009897]	198.86
Polyketide	cell surface [GO:0009986]	198.86
Polyketide	serine-type endopeptidase complex [GO:1905370]	198.86
Polyketide	nucleolus [GO:0005730]	350.26
Polyketide	nucleoplasm [GO:0005654]	350.26
Polyketide	cytoplasm [GO:0005737]	350.26
Polyketide	cytosol [GO:0005829]	350.26
Polyketide	spindle pole body [GO:0005816]	401.61
Polyketide	perinuclear region of cytoplasm [GO:0048471]	401.61
Polyketide	kinetochore [GO:0000776]	401.61
Polyketide	nucleus [GO:0005634]	401.61
Polyketide	cytoplasm [GO:0005737]	401.61
Polyketide	nucleus [GO:0005634]	720.19
Polyketide	cytoplasm [GO:0005737]	720.19
Polyketide	proton-transporting V-type ATPase complex [GO:0033176]	790.37
Polyketide	vacuolar proton-transporting V-type ATPase, V0 domain [GO:0000220]	790.37
Polyketide	Golgi membrane [GO:0000139]	790.37
Polyketide	membrane [GO:0016020]	790.37
Polyketide	vacuolar proton-transporting V-type ATPase complex [GO:0016471]	790.37
Polyketide	fungal-type vacuole membrane [GO:0000329]	790.37
Polyketide	protein-containing complex [GO:0032991]	494.15
Polyketide	endocytic vesicle membrane [GO:0030666]	494.15
Polyketide	cytosol [GO:0005829]	494.15
Polyketide	transcription repressor complex [GO:0017053]	494.15
Polyketide	nucleoplasm [GO:0005654]	494.15
Polyketide	plasma membrane [GO:0005886]	494.15
Polyketide	nucleus [GO:0005634]	494.15
Polyketide	cytoplasm [GO:0005737]	494.15
Polyketide	nucleolus [GO:0005730]	494.15
Polyketide	nucleus [GO:0005634]	682.38
Polyketide	cytoplasm [GO:0005737]	682.38
Polyketide	cytosol [GO:0005829]	682.38
Polyketide	endoplasmic reticulum membrane [GO:0005789]	621.57
Polyketide	endoplasmic reticulum [GO:0005783]	621.57
Polyketide	chromosome, centromeric region [GO:0000775]	567.54
Polyketide	meiotic cohesin complex [GO:0030893]	567.54
Polyketide	chromatin [GO:0000785]	567.54
Polyketide	nucleus [GO:0005634]	567.54
Polyketide	microtubule [GO:0005874]	318.9
Polyketide	cytoplasm [GO:0005737]	318.9
Polyketide	microtubule cytoskeleton [GO:0015630]	318.9
Polyketide	chromosome [GO:0005694]	240.9
Polyketide	condensed nuclear chromosome [GO:0000794]	240.9
Polyketide	nucleus [GO:0005634]	240.9
Polyketide	nucleoplasm [GO:0005654]	240.9
Polyketide	focal adhesion [GO:0005925]	222.36
Polyketide	tertiary granule membrane [GO:0070821]	222.36
Polyketide	extracellular exosome [GO:0070062]	222.36
Polyketide	plasma membrane [GO:0005886]	222.36
Polyketide	protein complex involved in cell-matrix adhesion [GO:0098637]	222.36
Polyketide	serine protease inhibitor complex [GO:0097180]	222.36
Polyketide	extracellular region [GO:0005576]	222.36
Polyketide	specific granule membrane [GO:0035579]	222.36
Polyketide	extracellular space [GO:0005615]	222.36
Polyketide	external side of plasma membrane [GO:0009897]	222.36
Polyketide	cell surface [GO:0009986]	222.36
Polyketide	serine-type endopeptidase complex [GO:1905370]	222.36
Polyketide	plasma membrane [GO:0005886]	376.22
Polyketide	proton-transporting ATP synthase complex, coupling factor F(o) [GO:0045263]	376.22
Polyketide	septin ring [GO:0005940]	822.55
Polyketide	condensed nuclear chromosome [GO:0000794]	822.55
Polyketide	nucleus [GO:0005634]	822.55
Polyketide	cytosol [GO:0005829]	148.23
Polyketide	mitochondrion [GO:0005739]	148.23
Polyketide	mitochondrial intermembrane space [GO:0005758]	148.23
Polyketide	mitochondrial matrix [GO:0005759]	148.23
Polyketide	nucleus [GO:0005634]	148.23
Polyketide	cytosol [GO:0005829]	126.03
Polyketide	nucleoplasm [GO:0005654]	126.03
Polyketide	plasma membrane [GO:0005886]	126.03
Polyketide	nucleus [GO:0005634]	126.03
Polyketide	cytoplasm [GO:0005737]	126.03
Polyketide	nucleolus [GO:0005730]	126.03
Polyketide	node of Ranvier [GO:0033268]	318.97
Polyketide	synapse [GO:0045202]	318.97
Polyketide	plasma membrane [GO:0005886]	318.97
Polyketide	axon initial segment [GO:0043194]	318.97
Polyketide	voltage-gated potassium channel complex [GO:0008076]	318.97
Polyketide	dendrite [GO:0030425]	802.12
Polyketide	PML body [GO:0016605]	802.12
Polyketide	nuclear envelope [GO:0005635]	802.12
Polyketide	lysosome [GO:0005764]	802.12
Polyketide	endomembrane system [GO:0012505]	802.12
Polyketide	mitochondrial outer membrane [GO:0005741]	802.12
Polyketide	cytosol [GO:0005829]	802.12
Polyketide	Golgi membrane [GO:0000139]	802.12
Polyketide	nucleoplasm [GO:0005654]	802.12
Polyketide	endoplasmic reticulum membrane [GO:0005789]	802.12
Polyketide	membrane [GO:0016020]	802.12
Polyketide	TORC1 complex [GO:0031931]	802.12
Polyketide	nucleus [GO:0005634]	802.12
Polyketide	TORC2 complex [GO:0031932]	802.12
Polyketide	lysosomal membrane [GO:0005765]	802.12
Polyketide	cytoplasm [GO:0005737]	802.12
Polyketide	phagocytic vesicle [GO:0045335]	802.12
Polyketide	plasma membrane [GO:0005886]	457.62
Polyketide	nucleoplasm [GO:0005654]	425.59
Polyketide	cytosol [GO:0005829]	425.59
Polyketide	extracellular exosome [GO:0070062]	425.59
Polyketide	vesicle [GO:0031982]	188.04
Polyketide	cytoplasm [GO:0005737]	188.04
Polyketide	secretory granule lumen [GO:0034774]	188.04
Polyketide	cytosol [GO:0005829]	188.04
Polyketide	ficolin-1-rich granule lumen [GO:1904813]	188.04
Polyketide	extracellular exosome [GO:0070062]	188.04
Polyketide	nucleoplasm [GO:0005654]	188.04
Polyketide	plasma membrane [GO:0005886]	188.04
Polyketide	extracellular region [GO:0005576]	188.04
Polyketide	extracellular space [GO:0005615]	188.04
Polyketide	cell surface [GO:0009986]	188.04
Polyketide	pore complex [GO:0046930]	311.23
Polyketide	cell outer membrane [GO:0009279]	311.23
Polyketide	sarcoplasmic reticulum membrane [GO:0033017]	745.2
Polyketide	cytoplasmic side of membrane [GO:0098562]	745.2
Polyketide	cytosol [GO:0005829]	745.2
Polyketide	Z disc [GO:0030018]	745.2
Polyketide	sarcoplasmic reticulum [GO:0016529]	745.2
Polyketide	terminal cisterna [GO:0014802]	745.2
Polyketide	membrane [GO:0016020]	745.2
Polyketide	ryanodine receptor complex [GO:1990425]	745.2
Polyketide	cytoplasm [GO:0005737]	745.2
Polyketide	plasma membrane [GO:0005886]	584.92
Polyketide	periplasmic side of plasma membrane [GO:0098567]	584.92
Polyketide	membrane [GO:0016020]	584.92
Polyketide	outer membrane-bounded periplasmic space [GO:0030288]	584.92
Polyketide	efflux pump complex [GO:1990281]	584.92
Polyketide	dendrite [GO:0030425]	710.56
Polyketide	chloride channel complex [GO:0034707]	710.56
Polyketide	neuron projection [GO:0043005]	710.56
Polyketide	plasma membrane [GO:0005886]	710.56
Polyketide	membrane [GO:0016020]	710.56
Polyketide	postsynaptic membrane [GO:0045211]	710.56
Polyketide	synapse [GO:0045202]	710.56
Polyketide	perikaryon [GO:0043204]	710.56
