class	GO_CC	hydrophobicity_score
Polyketide	protein-containing complex [GO:0032991]	39.47
Polyketide	axonal growth cone [GO:0044295]	39.47
Polyketide	perinuclear region of cytoplasm [GO:0048471]	39.47
Polyketide	cytosol [GO:0005829]	39.47
Polyketide	extracellular exosome [GO:0070062]	39.47
Polyketide	nucleoplasm [GO:0005654]	39.47
Polyketide	microtubule [GO:0005874]	39.47
Polyketide	mitochondrion [GO:0005739]	39.47
Polyketide	cytoplasm [GO:0005737]	39.47
Polyketide	neuronal cell body [GO:0043025]	39.47
Polyketide	periplasmic space [GO:0042597]	14.29
Polyketide	intracellular membrane-bounded organelle [GO:0043231]	42.48
Polyketide	endoplasmic reticulum membrane [GO:0005789]	42.48
Polyketide	lysosomal lumen [GO:0043202]	28.2
Polyketide	basolateral plasma membrane [GO:0016323]	28.2
Polyketide	secretory granule lumen [GO:0034774]	28.2
Polyketide	extracellular exosome [GO:0070062]	28.2
Polyketide	nucleoplasm [GO:0005654]	28.2
Polyketide	brush border membrane [GO:0031526]	28.2
Polyketide	cytoplasm [GO:0005737]	28.2
Polyketide	cell surface [GO:0009986]	28.2
Polyketide	neuronal cell body [GO:0043025]	28.2
Polyketide	endocytic vesicle lumen [GO:0071682]	28.2
Polyketide	melanosome [GO:0042470]	28.2
Polyketide	protein-containing complex [GO:0032991]	28.2
Polyketide	axonal growth cone [GO:0044295]	28.2
Polyketide	perinuclear region of cytoplasm [GO:0048471]	28.2
Polyketide	cytosol [GO:0005829]	28.2
Polyketide	sperm mitochondrial sheath [GO:0097226]	28.2
Polyketide	membrane [GO:0016020]	28.2
Polyketide	extracellular region [GO:0005576]	28.2
Polyketide	nucleus [GO:0005634]	28.2
Polyketide	sperm plasma membrane [GO:0097524]	28.2
Polyketide	collagen-containing extracellular matrix [GO:0062023]	28.2
Polyketide	myelin sheath [GO:0043209]	28.2
Polyketide	apical plasma membrane [GO:0016324]	28.2
Polyketide	ficolin-1-rich granule lumen [GO:1904813]	28.2
Polyketide	dendritic growth cone [GO:0044294]	28.2
Polyketide	plasma membrane [GO:0005886]	28.2
Polyketide	mitochondrion [GO:0005739]	28.2
Polyketide	DNA-directed RNA polymerase complex [GO:0000428]	-2.32
Polyketide	protein kinase CK2 complex [GO:0005956]	34.53
Polyketide	cytosol [GO:0005829]	34.53
Polyketide	nucleoplasm [GO:0005654]	34.53
Polyketide	chromatin [GO:0000785]	34.53
Polyketide	nucleus [GO:0005634]	34.53
Polyketide	acrosomal vesicle [GO:0001669]	34.53
Polyketide	lysosomal lumen [GO:0043202]	44.87
Polyketide	basolateral plasma membrane [GO:0016323]	44.87
Polyketide	secretory granule lumen [GO:0034774]	44.87
Polyketide	extracellular exosome [GO:0070062]	44.87
Polyketide	nucleoplasm [GO:0005654]	44.87
Polyketide	brush border membrane [GO:0031526]	44.87
Polyketide	cytoplasm [GO:0005737]	44.87
Polyketide	cell surface [GO:0009986]	44.87
Polyketide	neuronal cell body [GO:0043025]	44.87
Polyketide	endocytic vesicle lumen [GO:0071682]	44.87
Polyketide	melanosome [GO:0042470]	44.87
Polyketide	protein-containing complex [GO:0032991]	44.87
Polyketide	axonal growth cone [GO:0044295]	44.87
Polyketide	perinuclear region of cytoplasm [GO:0048471]	44.87
Polyketide	cytosol [GO:0005829]	44.87
Polyketide	sperm mitochondrial sheath [GO:0097226]	44.87
Polyketide	membrane [GO:0016020]	44.87
Polyketide	extracellular region [GO:0005576]	44.87
Polyketide	nucleus [GO:0005634]	44.87
Polyketide	sperm plasma membrane [GO:0097524]	44.87
Polyketide	collagen-containing extracellular matrix [GO:0062023]	44.87
Polyketide	myelin sheath [GO:0043209]	44.87
Polyketide	apical plasma membrane [GO:0016324]	44.87
Polyketide	ficolin-1-rich granule lumen [GO:1904813]	44.87
Polyketide	dendritic growth cone [GO:0044294]	44.87
Polyketide	plasma membrane [GO:0005886]	44.87
Polyketide	mitochondrion [GO:0005739]	44.87
Polyketide	extracellular space [GO:0005615]	36.1
Polyketide	azurophil granule lumen [GO:0035578]	36.1
Polyketide	extracellular region [GO:0005576]	36.1
Polyketide	extracellular exosome [GO:0070062]	36.1
Polyketide	chloride channel complex [GO:0034707]	52.58
Polyketide	postsynaptic membrane [GO:0045211]	52.58
Polyketide	perikaryon [GO:0043204]	52.58
Polyketide	membrane [GO:0016020]	52.58
Polyketide	plasma membrane [GO:0005886]	52.58
Polyketide	dendrite [GO:0030425]	52.58
Polyketide	neuron projection [GO:0043005]	52.58
Polyketide	synapse [GO:0045202]	52.58
Polyketide	cytoplasm [GO:0005737]	55.82
Polyketide	chloroplast stroma [GO:0009570]	27.89
Polyketide	endoplasmic reticulum [GO:0005783]	27.89
Polyketide	chloroplast [GO:0009507]	27.89
Polyketide	cytosol [GO:0005829]	27.89
Polyketide	intracellular membrane-bounded organelle [GO:0043231]	27.89
Polyketide	plasma membrane [GO:0005886]	27.89
Polyketide	apoplast [GO:0048046]	27.89
Polyketide	plasmodesma [GO:0009506]	27.89
Polyketide	plant-type vacuole [GO:0000325]	27.89
Polyketide	extracellular space [GO:0005615]	29.46
Polyketide	azurophil granule lumen [GO:0035578]	29.46
Polyketide	extracellular region [GO:0005576]	29.46
Polyketide	extracellular exosome [GO:0070062]	29.46
Polyketide	postsynaptic density [GO:0014069]	27.56
Polyketide	glutamatergic synapse [GO:0098978]	27.56
Polyketide	plasma membrane [GO:0005886]	27.56
Polyketide	DAPK1-calmodulin complex [GO:1990722]	27.56
Polyketide	actin cytoskeleton [GO:0015629]	27.56
Polyketide	nucleus [GO:0005634]	27.56
Polyketide	cytoplasm [GO:0005737]	27.56
Polyketide	node of Ranvier [GO:0033268]	66.56
Polyketide	synapse [GO:0045202]	66.56
Polyketide	plasma membrane [GO:0005886]	66.56
Polyketide	axon initial segment [GO:0043194]	66.56
Polyketide	voltage-gated potassium channel complex [GO:0008076]	66.56
Polyketide	cell body [GO:0044297]	14.39
Polyketide	actin filament [GO:0005884]	14.39
Polyketide	skeletal muscle myofibril [GO:0098723]	14.39
Polyketide	stress fiber [GO:0001725]	14.39
Polyketide	filamentous actin [GO:0031941]	14.39
Polyketide	actin filament bundle [GO:0032432]	14.39
Polyketide	lamellipodium [GO:0030027]	14.39
Polyketide	striated muscle thin filament [GO:0005865]	14.39
Polyketide	cytoplasm [GO:0005737]	14.39
Polyketide	filopodium [GO:0030175]	14.39
Polyketide	protein-containing complex [GO:0032991]	61.64
Polyketide	cytosol [GO:0005829]	61.64
Polyketide	nucleoplasm [GO:0005654]	61.64
Polyketide	membrane [GO:0016020]	61.64
Polyketide	plasma membrane [GO:0005886]	61.64
Polyketide	euchromatin [GO:0000791]	61.64
Polyketide	chromatin [GO:0000785]	61.64
Polyketide	transcription regulator complex [GO:0005667]	61.64
Polyketide	nucleus [GO:0005634]	61.64
Polyketide	cytoplasm [GO:0005737]	61.64
Polyketide	Golgi apparatus [GO:0005794]	61.64
Polyketide	nucleoplasm [GO:0005654]	67.0
Polyketide	nucleus [GO:0005634]	67.0
Polyketide	chromatin [GO:0000785]	67.0
Polyketide	microtubule [GO:0005874]	23.62
Polyketide	cytoplasm [GO:0005737]	23.62
Polyketide	intracellular membrane-bounded organelle [GO:0043231]	39.36
Polyketide	endoplasmic reticulum membrane [GO:0005789]	39.36
Polyketide	cell body [GO:0044297]	22.05
Polyketide	actin filament [GO:0005884]	22.05
Polyketide	skeletal muscle myofibril [GO:0098723]	22.05
Polyketide	stress fiber [GO:0001725]	22.05
Polyketide	filamentous actin [GO:0031941]	22.05
Polyketide	actin filament bundle [GO:0032432]	22.05
Polyketide	lamellipodium [GO:0030027]	22.05
Polyketide	striated muscle thin filament [GO:0005865]	22.05
Polyketide	cytoplasm [GO:0005737]	22.05
Polyketide	filopodium [GO:0030175]	22.05
Polyketide	cytosol [GO:0005829]	44.95
Polyketide	extracellular exosome [GO:0070062]	44.95
Polyketide	membrane [GO:0016020]	59.35
Polyketide	vesicle [GO:0031982]	28.83
Polyketide	cytoplasm [GO:0005737]	28.83
Polyketide	secretory granule lumen [GO:0034774]	28.83
Polyketide	cytosol [GO:0005829]	28.83
Polyketide	ficolin-1-rich granule lumen [GO:1904813]	28.83
Polyketide	extracellular exosome [GO:0070062]	28.83
Polyketide	nucleoplasm [GO:0005654]	28.83
Polyketide	plasma membrane [GO:0005886]	28.83
Polyketide	extracellular region [GO:0005576]	28.83
Polyketide	extracellular space [GO:0005615]	28.83
Polyketide	cell surface [GO:0009986]	28.83
Polyketide	protein-containing complex [GO:0032991]	55.7
Polyketide	cytosol [GO:0005829]	55.7
Polyketide	nucleoplasm [GO:0005654]	55.7
Polyketide	membrane [GO:0016020]	55.7
Polyketide	plasma membrane [GO:0005886]	55.7
Polyketide	euchromatin [GO:0000791]	55.7
Polyketide	chromatin [GO:0000785]	55.7
Polyketide	transcription regulator complex [GO:0005667]	55.7
Polyketide	nucleus [GO:0005634]	55.7
Polyketide	cytoplasm [GO:0005737]	55.7
Polyketide	Golgi apparatus [GO:0005794]	55.7
Polyketide	endocytic vesicle [GO:0030139]	19.33
Polyketide	focal adhesion [GO:0005925]	19.33
Polyketide	intercellular canaliculus [GO:0046581]	19.33
Polyketide	apical plasma membrane [GO:0016324]	19.33
Polyketide	lamellipodium membrane [GO:0031258]	19.33
Polyketide	lamellipodium [GO:0030027]	19.33
Polyketide	extracellular exosome [GO:0070062]	19.33
Polyketide	plasma membrane [GO:0005886]	19.33
Polyketide	membrane [GO:0016020]	19.33
Polyketide	extracellular region [GO:0005576]	19.33
Polyketide	membrane raft [GO:0045121]	19.33
Polyketide	lysosomal membrane [GO:0005765]	19.33
Polyketide	cell surface [GO:0009986]	19.33
Polyketide	nuclear envelope [GO:0005635]	33.8
Polyketide	perinuclear region of cytoplasm [GO:0048471]	33.8
Polyketide	cytosol [GO:0005829]	33.8
Polyketide	pericentriolar material [GO:0000242]	33.8
Polyketide	Golgi membrane [GO:0000139]	33.8
Polyketide	chromosome, telomeric region [GO:0000781]	33.8
Polyketide	nucleus [GO:0005634]	33.8
Polyketide	cytoplasm [GO:0005737]	33.8
Polyketide	extracellular space [GO:0005615]	25.83
Polyketide	azurophil granule lumen [GO:0035578]	25.83
Polyketide	extracellular region [GO:0005576]	25.83
Polyketide	extracellular exosome [GO:0070062]	25.83
Polyketide	neuron projection [GO:0043005]	48.73
Polyketide	cytosol [GO:0005829]	48.73
Polyketide	postsynaptic density [GO:0014069]	48.73
Polyketide	Golgi membrane [GO:0000139]	48.73
Polyketide	plasma membrane [GO:0005886]	48.73
Polyketide	Golgi apparatus [GO:0005794]	48.73
Polyketide	protein-containing complex [GO:0032991]	56.43
Polyketide	endocytic vesicle membrane [GO:0030666]	56.43
Polyketide	cytosol [GO:0005829]	56.43
Polyketide	transcription repressor complex [GO:0017053]	56.43
Polyketide	nucleoplasm [GO:0005654]	56.43
Polyketide	plasma membrane [GO:0005886]	56.43
Polyketide	nucleus [GO:0005634]	56.43
Polyketide	cytoplasm [GO:0005737]	56.43
Polyketide	nucleolus [GO:0005730]	56.43
Polyketide	protein-containing complex [GO:0032991]	62.17
Polyketide	cytosol [GO:0005829]	62.17
Polyketide	nucleoplasm [GO:0005654]	62.17
Polyketide	membrane [GO:0016020]	62.17
Polyketide	plasma membrane [GO:0005886]	62.17
Polyketide	euchromatin [GO:0000791]	62.17
Polyketide	chromatin [GO:0000785]	62.17
Polyketide	transcription regulator complex [GO:0005667]	62.17
Polyketide	nucleus [GO:0005634]	62.17
Polyketide	cytoplasm [GO:0005737]	62.17
Polyketide	Golgi apparatus [GO:0005794]	62.17
Polyketide	chromosome [GO:0005694]	13.45
Polyketide	cytoplasm [GO:0005737]	13.45
Polyketide	protein-containing complex [GO:0032991]	61.39
Polyketide	cytosol [GO:0005829]	61.39
Polyketide	nucleoplasm [GO:0005654]	61.39
Polyketide	membrane [GO:0016020]	61.39
Polyketide	plasma membrane [GO:0005886]	61.39
Polyketide	euchromatin [GO:0000791]	61.39
Polyketide	chromatin [GO:0000785]	61.39
Polyketide	transcription regulator complex [GO:0005667]	61.39
Polyketide	nucleus [GO:0005634]	61.39
Polyketide	cytoplasm [GO:0005737]	61.39
Polyketide	Golgi apparatus [GO:0005794]	61.39
Polyketide	intracellular membrane-bounded organelle [GO:0043231]	65.8
Polyketide	nucleoplasm [GO:0005654]	65.8
Polyketide	mitochondrion [GO:0005739]	65.8
Polyketide	chromatin [GO:0000785]	65.8
Polyketide	nucleus [GO:0005634]	65.8
Polyketide	host cell nucleus [GO:0042025]	15.75
Polyketide	host cell cytoplasm [GO:0030430]	15.75
Polyketide	cell body [GO:0044297]	0.58
Polyketide	actin filament [GO:0005884]	0.58
Polyketide	skeletal muscle myofibril [GO:0098723]	0.58
Polyketide	stress fiber [GO:0001725]	0.58
Polyketide	filamentous actin [GO:0031941]	0.58
Polyketide	actin filament bundle [GO:0032432]	0.58
Polyketide	lamellipodium [GO:0030027]	0.58
Polyketide	striated muscle thin filament [GO:0005865]	0.58
Polyketide	cytoplasm [GO:0005737]	0.58
Polyketide	filopodium [GO:0030175]	0.58
Polyketide	host cell nucleus [GO:0042025]	44.9
Polyketide	host cell plasma membrane [GO:0020002]	44.9
Polyketide	membrane [GO:0016020]	44.9
Polyketide	viral nucleocapsid [GO:0019013]	44.9
Polyketide	host multivesicular body [GO:0072494]	44.9
Polyketide	virion membrane [GO:0055036]	44.9
Polyketide	nucleus [GO:0005634]	62.94
Polyketide	cytoplasm [GO:0005737]	62.94
Polyketide	host cell nucleus [GO:0042025]	43.84
Polyketide	protein-containing complex [GO:0032991]	43.84
Polyketide	host cell plasma membrane [GO:0020002]	43.84
Polyketide	host cell lipid droplet [GO:0044186]	43.84
Polyketide	viral envelope [GO:0019031]	43.84
Polyketide	host cell endoplasmic reticulum membrane [GO:0044167]	43.84
Polyketide	host cell mitochondrial membrane [GO:0044191]	43.84
Polyketide	ribonucleoprotein complex [GO:1990904]	43.84
Polyketide	membrane [GO:0016020]	43.84
Polyketide	viral nucleocapsid [GO:0019013]	43.84
Polyketide	virion membrane [GO:0055036]	43.84
Polyketide	host cell perinuclear region of cytoplasm [GO:0044220]	43.84
Polyketide	nuclear chromosome [GO:0000228]	20.14
Polyketide	histone deacetylase complex [GO:0000118]	20.14
Polyketide	cytoplasm [GO:0005737]	20.14
Polyketide	nucleoplasm [GO:0005654]	20.14
Polyketide	nucleus [GO:0005634]	20.14
Polyketide	intracellular membrane-bounded organelle [GO:0043231]	63.73
Polyketide	endoplasmic reticulum membrane [GO:0005789]	63.73
Polyketide	cytoplasm [GO:0005737]	63.73
Polyketide	cytoplasmic microtubule [GO:0005881]	63.73
Polyketide	cytoplasmic side of endoplasmic reticulum membrane [GO:0098554]	15.71
Polyketide	protein-containing complex [GO:0032991]	15.71
Polyketide	endoplasmic reticulum [GO:0005783]	15.71
Polyketide	sorting endosome [GO:0097443]	15.71
Polyketide	endosome lumen [GO:0031904]	15.71
Polyketide	early endosome [GO:0005769]	15.71
Polyketide	cytosol [GO:0005829]	15.71
Polyketide	mitochondrial crista [GO:0030061]	15.71
Polyketide	mitochondrial matrix [GO:0005759]	15.71
Polyketide	cytoplasm [GO:0005737]	15.71
Polyketide	mitochondrial respiratory chain complex I [GO:0005747]	36.2
Polyketide	mitochondrial inner membrane [GO:0005743]	36.2
Polyketide	cell body [GO:0044297]	18.32
Polyketide	actin filament [GO:0005884]	18.32
Polyketide	skeletal muscle myofibril [GO:0098723]	18.32
Polyketide	stress fiber [GO:0001725]	18.32
Polyketide	filamentous actin [GO:0031941]	18.32
Polyketide	actin filament bundle [GO:0032432]	18.32
Polyketide	lamellipodium [GO:0030027]	18.32
Polyketide	striated muscle thin filament [GO:0005865]	18.32
Polyketide	cytoplasm [GO:0005737]	18.32
Polyketide	filopodium [GO:0030175]	18.32
Polyketide	postsynaptic density membrane [GO:0098839]	10.62
Polyketide	parallel fiber to Purkinje cell synapse [GO:0098688]	10.62
Polyketide	dendritic spine [GO:0043197]	10.62
Polyketide	synaptic vesicle [GO:0008021]	10.62
Polyketide	synaptic membrane [GO:0097060]	10.62
Polyketide	NMDA selective glutamate receptor complex [GO:0017146]	10.62
Polyketide	cell surface [GO:0009986]	10.62
Polyketide	plasma membrane [GO:0005886]	10.62
Polyketide	endoplasmic reticulum membrane [GO:0005789]	10.62
Polyketide	presynaptic active zone membrane [GO:0048787]	10.62
Polyketide	hippocampal mossy fiber to CA3 synapse [GO:0098686]	10.62
Polyketide	dendrite membrane [GO:0032590]	10.62
Polyketide	excitatory synapse [GO:0060076]	10.62
Polyketide	dendritic branch [GO:0044307]	10.62
Polyketide	postsynaptic membrane [GO:0045211]	10.62
Polyketide	membrane [GO:0016020]	10.62
Polyketide	presynaptic membrane [GO:0042734]	10.62
Polyketide	synaptic cleft [GO:0043083]	10.62
Polyketide	dendrite [GO:0030425]	10.62
Polyketide	cytoplasm [GO:0005737]	10.62
Polyketide	glutamatergic synapse [GO:0098978]	10.62
Polyketide	neuron projection [GO:0043005]	10.62
Polyketide	neuronal cell body [GO:0043025]	10.62
Polyketide	synaptic vesicle membrane [GO:0030672]	10.62
Polyketide	terminal bouton [GO:0043195]	10.62
Polyketide	synapse [GO:0045202]	10.62
Polyketide	postsynaptic density [GO:0014069]	10.62
Polyketide	endoplasmic reticulum [GO:0005783]	10.62
Polyketide	node of Ranvier [GO:0033268]	66.56
Polyketide	synapse [GO:0045202]	66.56
Polyketide	plasma membrane [GO:0005886]	66.56
Polyketide	axon initial segment [GO:0043194]	66.56
Polyketide	voltage-gated potassium channel complex [GO:0008076]	66.56
Polyketide	membrane [GO:0016020]	37.1
Polyketide	endoplasmic reticulum [GO:0005783]	37.1
Polyketide	endoplasmic reticulum membrane [GO:0005789]	37.1
Polyketide	maltose transport complex [GO:1990060]	0.0
Polyketide	outer membrane-bounded periplasmic space [GO:0030288]	0.0
Polyketide	cytoplasm [GO:0005737]	0.0
Polyketide	sarcoplasmic reticulum membrane [GO:0033017]	0.0
Polyketide	cytoplasmic side of membrane [GO:0098562]	0.0
Polyketide	cytosol [GO:0005829]	0.0
Polyketide	Z disc [GO:0030018]	0.0
Polyketide	sarcoplasmic reticulum [GO:0016529]	0.0
Polyketide	terminal cisterna [GO:0014802]	0.0
Polyketide	membrane [GO:0016020]	0.0
Polyketide	ATP-binding cassette (ABC) transporter complex [GO:0043190]	0.0
Polyketide	ryanodine receptor complex [GO:1990425]	0.0
Polyketide	periplasmic space [GO:0042597]	0.0
Polyketide	ATP-binding cassette (ABC) transporter complex, substrate-binding subunit-containing [GO:0055052]	0.0
Polyketide	cytoplasm [GO:0005737]	25.07
Polyketide	plasma membrane [GO:0005886]	58.33
Polyketide	proton-transporting ATP synthase complex, coupling factor F(o) [GO:0045263]	58.33
Polyketide	host cell endoplasmic reticulum-Golgi intermediate compartment [GO:0044172]	15.94
Polyketide	host cell Golgi apparatus [GO:0044177]	15.94
Polyketide	host cell endosome [GO:0044174]	15.94
Polyketide	host cell endoplasmic reticulum [GO:0044165]	15.94
Polyketide	membrane [GO:0016020]	15.94
Polyketide	double membrane vesicle viral factory outer membrane [GO:0062243]	15.94
Polyketide	host cell perinuclear region of cytoplasm [GO:0044220]	15.94
Polyketide	protein-containing complex [GO:0032991]	67.19
Polyketide	cytosol [GO:0005829]	67.19
Polyketide	nucleoplasm [GO:0005654]	67.19
Polyketide	membrane [GO:0016020]	67.19
Polyketide	plasma membrane [GO:0005886]	67.19
Polyketide	euchromatin [GO:0000791]	67.19
Polyketide	chromatin [GO:0000785]	67.19
Polyketide	transcription regulator complex [GO:0005667]	67.19
Polyketide	nucleus [GO:0005634]	67.19
Polyketide	cytoplasm [GO:0005737]	67.19
Polyketide	Golgi apparatus [GO:0005794]	67.19
Polyketide	dendrite [GO:0030425]	56.74
Polyketide	protein-containing complex [GO:0032991]	56.74
Polyketide	perinuclear region of cytoplasm [GO:0048471]	56.74
Polyketide	cytosol [GO:0005829]	56.74
Polyketide	nucleoplasm [GO:0005654]	56.74
Polyketide	plasma membrane [GO:0005886]	56.74
Polyketide	actin cytoskeleton [GO:0015629]	56.74
Polyketide	RNA polymerase II transcription regulator complex [GO:0090575]	56.74
Polyketide	chromatin [GO:0000785]	56.74
Polyketide	transcription regulator complex [GO:0005667]	56.74
Polyketide	nucleus [GO:0005634]	56.74
Polyketide	cytoplasm [GO:0005737]	56.74
Polyketide	nucleolus [GO:0005730]	56.74
Polyketide	chloroplast stroma [GO:0009570]	26.3
Polyketide	endoplasmic reticulum [GO:0005783]	26.3
Polyketide	chloroplast [GO:0009507]	26.3
Polyketide	cytosol [GO:0005829]	26.3
Polyketide	intracellular membrane-bounded organelle [GO:0043231]	26.3
Polyketide	plasma membrane [GO:0005886]	26.3
Polyketide	apoplast [GO:0048046]	26.3
Polyketide	plasmodesma [GO:0009506]	26.3
Polyketide	plant-type vacuole [GO:0000325]	26.3
Polyketide	proton-transporting V-type ATPase complex [GO:0033176]	66.11
Polyketide	vacuolar proton-transporting V-type ATPase, V0 domain [GO:0000220]	66.11
Polyketide	Golgi membrane [GO:0000139]	66.11
Polyketide	membrane [GO:0016020]	66.11
Polyketide	vacuolar proton-transporting V-type ATPase complex [GO:0016471]	66.11
Polyketide	fungal-type vacuole membrane [GO:0000329]	66.11
Polyketide	chromosome, centromeric region [GO:0000775]	0.0
Polyketide	meiotic cohesin complex [GO:0030893]	0.0
Polyketide	chromatin [GO:0000785]	0.0
Polyketide	nucleus [GO:0005634]	0.0
Polyketide	microtubule [GO:0005874]	13.43
Polyketide	cytoplasm [GO:0005737]	13.43
Polyketide	microtubule cytoskeleton [GO:0015630]	13.43
Polyketide	proton-transporting V-type ATPase complex [GO:0033176]	71.25
Polyketide	vacuolar proton-transporting V-type ATPase, V0 domain [GO:0000220]	71.25
Polyketide	Golgi membrane [GO:0000139]	71.25
Polyketide	membrane [GO:0016020]	71.25
Polyketide	vacuolar proton-transporting V-type ATPase complex [GO:0016471]	71.25
Polyketide	fungal-type vacuole membrane [GO:0000329]	71.25
Polyketide	fungal biofilm matrix [GO:0062040]	0.75
Polyketide	cytoplasm [GO:0005737]	0.75
Polyketide	extracellular region [GO:0005576]	0.75
Polyketide	protein-containing complex [GO:0032991]	59.95
Polyketide	endocytic vesicle membrane [GO:0030666]	59.95
Polyketide	cytosol [GO:0005829]	59.95
Polyketide	transcription repressor complex [GO:0017053]	59.95
Polyketide	nucleoplasm [GO:0005654]	59.95
Polyketide	plasma membrane [GO:0005886]	59.95
Polyketide	nucleus [GO:0005634]	59.95
Polyketide	cytoplasm [GO:0005737]	59.95
Polyketide	nucleolus [GO:0005730]	59.95
Polyketide	NuA4 histone acetyltransferase complex [GO:0035267]	6.45
Polyketide	actin filament [GO:0005884]	6.45
Polyketide	Swr1 complex [GO:0000812]	6.45
Polyketide	actin filament bundle [GO:0032432]	6.45
Polyketide	Ino80 complex [GO:0031011]	6.45
Polyketide	actin cortical patch [GO:0030479]	6.45
Polyketide	cellular bud neck contractile ring [GO:0000142]	6.45
Polyketide	chromatin [GO:0000785]	6.45
Polyketide	nucleus [GO:0005634]	6.45
Polyketide	nuclear envelope [GO:0005635]	32.94
Polyketide	perinuclear region of cytoplasm [GO:0048471]	32.94
Polyketide	cytosol [GO:0005829]	32.94
Polyketide	pericentriolar material [GO:0000242]	32.94
Polyketide	Golgi membrane [GO:0000139]	32.94
Polyketide	chromosome, telomeric region [GO:0000781]	32.94
Polyketide	nucleus [GO:0005634]	32.94
Polyketide	cytoplasm [GO:0005737]	32.94
Polyketide	melanosome [GO:0042470]	38.38
Polyketide	perinuclear region of cytoplasm [GO:0048471]	38.38
Polyketide	sarcoplasmic reticulum lumen [GO:0033018]	38.38
Polyketide	endoplasmic reticulum [GO:0005783]	38.38
Polyketide	cytoplasm [GO:0005737]	37.64
Polyketide	chromosome [GO:0005694]	50.0
Polyketide	condensed nuclear chromosome [GO:0000794]	50.0
Polyketide	nucleus [GO:0005634]	50.0
Polyketide	nucleoplasm [GO:0005654]	50.0
Polyketide	protein-containing complex [GO:0032991]	54.15
Polyketide	endocytic vesicle membrane [GO:0030666]	54.15
Polyketide	cytosol [GO:0005829]	54.15
Polyketide	transcription repressor complex [GO:0017053]	54.15
Polyketide	nucleoplasm [GO:0005654]	54.15
Polyketide	plasma membrane [GO:0005886]	54.15
Polyketide	nucleus [GO:0005634]	54.15
Polyketide	cytoplasm [GO:0005737]	54.15
Polyketide	nucleolus [GO:0005730]	54.15
Polyketide	nuclear chromosome [GO:0000228]	27.5
Polyketide	histone deacetylase complex [GO:0000118]	27.5
Polyketide	cytoplasm [GO:0005737]	27.5
Polyketide	nucleoplasm [GO:0005654]	27.5
Polyketide	nucleus [GO:0005634]	27.5
Polyketide	nucleus [GO:0005634]	53.5
Polyketide	protein-containing complex [GO:0032991]	56.76
Polyketide	cytosol [GO:0005829]	56.76
Polyketide	nucleoplasm [GO:0005654]	56.76
Polyketide	membrane [GO:0016020]	56.76
Polyketide	plasma membrane [GO:0005886]	56.76
Polyketide	euchromatin [GO:0000791]	56.76
Polyketide	chromatin [GO:0000785]	56.76
Polyketide	transcription regulator complex [GO:0005667]	56.76
Polyketide	nucleus [GO:0005634]	56.76
Polyketide	cytoplasm [GO:0005737]	56.76
Polyketide	Golgi apparatus [GO:0005794]	56.76
Polyketide	cell body [GO:0044297]	14.09
Polyketide	actin filament [GO:0005884]	14.09
Polyketide	skeletal muscle myofibril [GO:0098723]	14.09
Polyketide	stress fiber [GO:0001725]	14.09
Polyketide	filamentous actin [GO:0031941]	14.09
Polyketide	actin filament bundle [GO:0032432]	14.09
Polyketide	lamellipodium [GO:0030027]	14.09
Polyketide	striated muscle thin filament [GO:0005865]	14.09
Polyketide	cytoplasm [GO:0005737]	14.09
Polyketide	filopodium [GO:0030175]	14.09
Polyketide	protein-containing complex [GO:0032991]	53.04
Polyketide	cytosol [GO:0005829]	53.04
Polyketide	nucleoplasm [GO:0005654]	53.04
Polyketide	membrane [GO:0016020]	53.04
Polyketide	plasma membrane [GO:0005886]	53.04
Polyketide	euchromatin [GO:0000791]	53.04
Polyketide	chromatin [GO:0000785]	53.04
Polyketide	transcription regulator complex [GO:0005667]	53.04
Polyketide	nucleus [GO:0005634]	53.04
Polyketide	cytoplasm [GO:0005737]	53.04
Polyketide	Golgi apparatus [GO:0005794]	53.04
Polyketide	plasma membrane [GO:0005886]	75.6
Polyketide	proton-transporting ATP synthase complex, coupling factor F(o) [GO:0045263]	75.6
Polyketide	extracellular exosome [GO:0070062]	48.79
Polyketide	cytosol [GO:0005829]	48.79
Polyketide	transporter complex [GO:1990351]	28.5
Polyketide	plasma membrane [GO:0005886]	28.5
Polyketide	membrane [GO:0016020]	28.5
Polyketide	ATP-binding cassette (ABC) transporter complex [GO:0043190]	28.5
Polyketide	cytoplasm [GO:0005737]	28.5
Polyketide	cytosol [GO:0005829]	34.92
Polyketide	mitochondrion [GO:0005739]	34.92
Polyketide	mitochondrial intermembrane space [GO:0005758]	34.92
Polyketide	mitochondrial matrix [GO:0005759]	34.92
Polyketide	nucleus [GO:0005634]	34.92
Polyketide	collagen-containing extracellular matrix [GO:0062023]	15.9
Polyketide	cytoplasmic stress granule [GO:0010494]	15.9
Polyketide	lysosome [GO:0005764]	15.9
Polyketide	azurophil granule lumen [GO:0035578]	15.9
Polyketide	cytosol [GO:0005829]	15.9
Polyketide	extracellular exosome [GO:0070062]	15.9
Polyketide	intracellular membrane-bounded organelle [GO:0043231]	15.9
Polyketide	plasma membrane [GO:0005886]	15.9
Polyketide	membrane [GO:0016020]	15.9
Polyketide	extracellular region [GO:0005576]	15.9
Polyketide	extracellular space [GO:0005615]	15.9
Polyketide	secretory granule [GO:0030141]	15.9
Polyketide	nucleus [GO:0005634]	15.9
Polyketide	cytoplasm [GO:0005737]	15.9
Polyketide	focal adhesion [GO:0005925]	-11.6
Polyketide	cytosol [GO:0005829]	-11.6
Polyketide	extracellular exosome [GO:0070062]	-11.6
Polyketide	glutamatergic synapse [GO:0098978]	-11.6
Polyketide	membrane [GO:0016020]	-11.6
Polyketide	blood microparticle [GO:0072562]	-11.6
Polyketide	cell cortex [GO:0005938]	-11.6
Polyketide	cytoskeleton [GO:0005856]	-11.6
Polyketide	nucleus [GO:0005634]	-11.6
Polyketide	cytoplasm [GO:0005737]	-11.6
Polyketide	aggresome [GO:0016235]	76.4
Polyketide	cell projection [GO:0042995]	76.4
Polyketide	secretory granule membrane [GO:0030667]	76.4
Polyketide	ficolin-1-rich granule membrane [GO:0101003]	76.4
Polyketide	tertiary granule membrane [GO:0070821]	76.4
Polyketide	extracellular exosome [GO:0070062]	76.4
Polyketide	plasma membrane [GO:0005886]	76.4
Polyketide	membrane [GO:0016020]	76.4
Polyketide	specific granule membrane [GO:0035579]	76.4
Polyketide	perikaryon [GO:0043204]	76.4
Polyketide	glycosome [GO:0020015]	8.05
Polyketide	melanosome [GO:0042470]	77.08
Polyketide	axonal growth cone [GO:0044295]	77.08
Polyketide	cell body [GO:0044297]	77.08
Polyketide	endomembrane system [GO:0012505]	77.08
Polyketide	lamellipodium [GO:0030027]	77.08
Polyketide	growth cone membrane [GO:0032584]	77.08
Polyketide	plasma membrane [GO:0005886]	77.08
Polyketide	axon [GO:0030424]	77.08
Polyketide	cell surface [GO:0009986]	77.08
Polyketide	cortical cytoskeleton [GO:0030863]	40.91
Polyketide	basolateral plasma membrane [GO:0016323]	40.91
Polyketide	ankyrin-1 complex [GO:0170014]	40.91
Polyketide	Z disc [GO:0030018]	40.91
Polyketide	extracellular exosome [GO:0070062]	40.91
Polyketide	plasma membrane [GO:0005886]	40.91
Polyketide	membrane [GO:0016020]	40.91
Polyketide	blood microparticle [GO:0072562]	40.91
Polyketide	cytoplasmic side of plasma membrane [GO:0009898]	40.91
Polyketide	cytosol [GO:0005829]	13.35
Polyketide	cytosolic DNA-directed RNA polymerase complex [GO:0000345]	13.35
Polyketide	membrane [GO:0016020]	13.35
Polyketide	cytoplasm [GO:0005737]	13.35
Polyketide	transcription elongation factor complex [GO:0008023]	13.35
Polyketide	protein-containing complex [GO:0032991]	54.43
Polyketide	cytosol [GO:0005829]	54.43
Polyketide	nucleoplasm [GO:0005654]	54.43
Polyketide	membrane [GO:0016020]	54.43
Polyketide	plasma membrane [GO:0005886]	54.43
Polyketide	euchromatin [GO:0000791]	54.43
Polyketide	chromatin [GO:0000785]	54.43
Polyketide	transcription regulator complex [GO:0005667]	54.43
Polyketide	nucleus [GO:0005634]	54.43
Polyketide	cytoplasm [GO:0005737]	54.43
Polyketide	Golgi apparatus [GO:0005794]	54.43
Polyketide	mitochondrial proton-transporting ATP synthase complex [GO:0005753]	70.15
Polyketide	cytosol [GO:0005829]	70.15
Polyketide	mitochondrial proton-transporting ATP synthase complex, coupling factor F(o) [GO:0000276]	70.15
Polyketide	mitochondrion [GO:0005739]	70.15
Polyketide	mitochondrial intermembrane space [GO:0005758]	70.15
Polyketide	mitochondrial inner membrane [GO:0005743]	70.15
Polyketide	plasma membrane [GO:0005886]	24.84
Polyketide	periplasmic side of plasma membrane [GO:0098567]	24.84
Polyketide	membrane [GO:0016020]	24.84
Polyketide	outer membrane-bounded periplasmic space [GO:0030288]	24.84
Polyketide	efflux pump complex [GO:1990281]	24.84
Polyketide	RSC-type complex [GO:0016586]	42.4
Polyketide	kinetochore [GO:0000776]	42.4
Polyketide	SWI/SNF complex [GO:0016514]	42.4
Polyketide	nucleoplasm [GO:0005654]	42.4
Polyketide	nuclear matrix [GO:0016363]	42.4
Polyketide	chromatin [GO:0000785]	42.4
Polyketide	nuclear chromosome [GO:0000228]	42.4
Polyketide	nucleus [GO:0005634]	42.4
Polyketide	nuclear envelope [GO:0005635]	33.05
Polyketide	perinuclear region of cytoplasm [GO:0048471]	33.05
Polyketide	cytosol [GO:0005829]	33.05
Polyketide	pericentriolar material [GO:0000242]	33.05
Polyketide	Golgi membrane [GO:0000139]	33.05
Polyketide	chromosome, telomeric region [GO:0000781]	33.05
Polyketide	nucleus [GO:0005634]	33.05
Polyketide	cytoplasm [GO:0005737]	33.05
Polyketide	plasma membrane [GO:0005886]	70.83
Polyketide	proton-transporting ATP synthase complex, coupling factor F(o) [GO:0045263]	70.83
Polyketide	centrosome [GO:0005813]	16.45
Polyketide	cytosol [GO:0005829]	16.45
Polyketide	ruffle [GO:0001726]	16.45
Polyketide	cyclin-dependent protein kinase holoenzyme complex [GO:0000307]	16.45
Polyketide	nucleoplasm [GO:0005654]	16.45
Polyketide	cyclin D2-CDK6 complex [GO:0097132]	16.45
Polyketide	nucleus [GO:0005634]	16.45
Polyketide	cytoplasm [GO:0005737]	16.45
Polyketide	chromosome [GO:0005694]	11.86
Polyketide	cytoplasm [GO:0005737]	11.86
Polyketide	nuclear envelope [GO:0005635]	39.22
Polyketide	perinuclear region of cytoplasm [GO:0048471]	39.22
Polyketide	cytosol [GO:0005829]	39.22
Polyketide	pericentriolar material [GO:0000242]	39.22
Polyketide	Golgi membrane [GO:0000139]	39.22
Polyketide	chromosome, telomeric region [GO:0000781]	39.22
Polyketide	nucleus [GO:0005634]	39.22
Polyketide	cytoplasm [GO:0005737]	39.22
Polyketide	proton-transporting ATP synthase complex, catalytic core F(1) [GO:0045261]	46.2
Polyketide	respirasome [GO:0070469]	33.76
Polyketide	mitochondrion [GO:0005739]	33.76
Polyketide	mitochondrial inner membrane [GO:0005743]	33.76
Polyketide	plasma membrane [GO:0005886]	41.6
Polyketide	proton-transporting ATP synthase complex, coupling factor F(o) [GO:0045263]	41.6
Polyketide	cytoplasm [GO:0005737]	25.71
Polyketide	RSC-type complex [GO:0016586]	45.2
Polyketide	kinetochore [GO:0000776]	45.2
Polyketide	SWI/SNF complex [GO:0016514]	45.2
Polyketide	nucleoplasm [GO:0005654]	45.2
Polyketide	nuclear matrix [GO:0016363]	45.2
Polyketide	chromatin [GO:0000785]	45.2
Polyketide	nuclear chromosome [GO:0000228]	45.2
Polyketide	nucleus [GO:0005634]	45.2
Polyketide	plasma membrane [GO:0005886]	0.0
Polyketide	proton-transporting ATP synthase complex, coupling factor F(o) [GO:0045263]	0.0
Polyketide	dendrite [GO:0030425]	56.45
Polyketide	neuron projection [GO:0043005]	56.45
Polyketide	intracellular membrane-bounded organelle [GO:0043231]	56.45
Polyketide	plasma membrane [GO:0005886]	56.45
Polyketide	postsynaptic membrane [GO:0045211]	56.45
Polyketide	synapse [GO:0045202]	56.45
Polyketide	glycine-gated chloride channel complex [GO:0016935]	56.45
Polyketide	perikaryon [GO:0043204]	56.45
Polyketide	cytoplasm [GO:0005737]	18.14
Polyketide	pericentric heterochromatin [GO:0005721]	45.94
Polyketide	endoplasmic reticulum [GO:0005783]	45.94
Polyketide	intracellular membrane-bounded organelle [GO:0043231]	45.94
Polyketide	nucleoplasm [GO:0005654]	45.94
Polyketide	site of DNA damage [GO:0090734]	45.94
Polyketide	chromatin [GO:0000785]	45.94
Polyketide	nucleus [GO:0005634]	45.94
Polyketide	site of double-strand break [GO:0035861]	45.94
Polyketide	chromosome, subtelomeric region [GO:0099115]	45.94
Polyketide	cytosol [GO:0005829]	29.33
Polyketide	plasma membrane [GO:0005886]	29.33
Polyketide	peptidoglycan-based cell wall [GO:0009274]	29.33
Polyketide	protein-containing complex [GO:0032991]	58.62
Polyketide	cytosol [GO:0005829]	58.62
Polyketide	nucleoplasm [GO:0005654]	58.62
Polyketide	membrane [GO:0016020]	58.62
Polyketide	plasma membrane [GO:0005886]	58.62
Polyketide	euchromatin [GO:0000791]	58.62
Polyketide	chromatin [GO:0000785]	58.62
Polyketide	transcription regulator complex [GO:0005667]	58.62
Polyketide	nucleus [GO:0005634]	58.62
Polyketide	cytoplasm [GO:0005737]	58.62
Polyketide	Golgi apparatus [GO:0005794]	58.62
Polyketide	membrane [GO:0016020]	45.86
Polyketide	vesicle [GO:0031982]	44.4
Polyketide	cytoplasm [GO:0005737]	44.4
Polyketide	secretory granule lumen [GO:0034774]	44.4
Polyketide	cytosol [GO:0005829]	44.4
Polyketide	ficolin-1-rich granule lumen [GO:1904813]	44.4
Polyketide	extracellular exosome [GO:0070062]	44.4
Polyketide	nucleoplasm [GO:0005654]	44.4
Polyketide	plasma membrane [GO:0005886]	44.4
Polyketide	extracellular region [GO:0005576]	44.4
Polyketide	extracellular space [GO:0005615]	44.4
Polyketide	cell surface [GO:0009986]	44.4
Polyketide	plasma membrane [GO:0005886]	27.13
Polyketide	periplasmic side of plasma membrane [GO:0098567]	27.13
Polyketide	membrane [GO:0016020]	27.13
Polyketide	outer membrane-bounded periplasmic space [GO:0030288]	27.13
Polyketide	efflux pump complex [GO:1990281]	27.13
Polyketide	proton-transporting ATP synthase complex, catalytic core F(1) [GO:0045261]	-1.0
Polyketide	plasma membrane [GO:0005886]	-1.0
Polyketide	mitochondrial proton-transporting ATP synthase, catalytic core [GO:0005754]	-1.0
Polyketide	mitochondrial proton-transporting ATP synthase complex [GO:0005753]	-1.0
Polyketide	extracellular space [GO:0005615]	39.8
Polyketide	azurophil granule lumen [GO:0035578]	39.8
Polyketide	extracellular region [GO:0005576]	39.8
Polyketide	extracellular exosome [GO:0070062]	39.8
Polyketide	cortical cytoskeleton [GO:0030863]	32.26
Polyketide	basolateral plasma membrane [GO:0016323]	32.26
Polyketide	ankyrin-1 complex [GO:0170014]	32.26
Polyketide	Z disc [GO:0030018]	32.26
Polyketide	extracellular exosome [GO:0070062]	32.26
Polyketide	plasma membrane [GO:0005886]	32.26
Polyketide	membrane [GO:0016020]	32.26
Polyketide	blood microparticle [GO:0072562]	32.26
Polyketide	cytoplasmic side of plasma membrane [GO:0009898]	32.26
Polyketide	transcription repressor complex [GO:0017053]	40.72
Polyketide	nucleoplasm [GO:0005654]	40.72
Polyketide	nucleus [GO:0005634]	40.72
Polyketide	plasma membrane [GO:0005886]	70.25
Polyketide	calcium channel complex [GO:0034704]	70.25
Polyketide	extracellular space [GO:0005615]	31.7
Polyketide	azurophil granule lumen [GO:0035578]	31.7
Polyketide	extracellular region [GO:0005576]	31.7
Polyketide	extracellular exosome [GO:0070062]	31.7
Polyketide	protein-DNA complex [GO:0032993]	49.04
Polyketide	extracellular region [GO:0005576]	45.55
Polyketide	histone deacetylase complex [GO:0000118]	27.11
Polyketide	plasma membrane [GO:0005886]	42.39
Polyketide	periplasmic side of plasma membrane [GO:0098567]	42.39
Polyketide	membrane [GO:0016020]	42.39
Polyketide	outer membrane-bounded periplasmic space [GO:0030288]	42.39
Polyketide	efflux pump complex [GO:1990281]	42.39
Polyketide	plasma membrane [GO:0005886]	17.85
Polyketide	cell division site [GO:0032153]	17.85
Polyketide	cytoplasm [GO:0005737]	17.85
Polyketide	cytoplasm [GO:0005737]	19.76
Polyketide	periplasmic space [GO:0042597]	28.17
Polyketide	extracellular space [GO:0005615]	34.5
Polyketide	azurophil granule lumen [GO:0035578]	34.5
Polyketide	extracellular region [GO:0005576]	34.5
Polyketide	extracellular exosome [GO:0070062]	34.5
Polyketide	protein-DNA complex [GO:0032993]	48.74
Polyketide	protein-containing complex [GO:0032991]	67.19
Polyketide	cytosol [GO:0005829]	67.19
Polyketide	nucleoplasm [GO:0005654]	67.19
Polyketide	membrane [GO:0016020]	67.19
Polyketide	plasma membrane [GO:0005886]	67.19
Polyketide	euchromatin [GO:0000791]	67.19
Polyketide	chromatin [GO:0000785]	67.19
Polyketide	transcription regulator complex [GO:0005667]	67.19
Polyketide	nucleus [GO:0005634]	67.19
Polyketide	cytoplasm [GO:0005737]	67.19
Polyketide	Golgi apparatus [GO:0005794]	67.19
Polyketide	cell body [GO:0044297]	12.6
Polyketide	actin filament [GO:0005884]	12.6
Polyketide	skeletal muscle myofibril [GO:0098723]	12.6
Polyketide	stress fiber [GO:0001725]	12.6
Polyketide	filamentous actin [GO:0031941]	12.6
Polyketide	actin filament bundle [GO:0032432]	12.6
Polyketide	lamellipodium [GO:0030027]	12.6
Polyketide	striated muscle thin filament [GO:0005865]	12.6
Polyketide	cytoplasm [GO:0005737]	12.6
Polyketide	filopodium [GO:0030175]	12.6
Polyketide	protein-containing complex [GO:0032991]	27.48
Polyketide	mitotic spindle [GO:0072686]	27.48
Polyketide	cytosol [GO:0005829]	27.48
Polyketide	microtubule [GO:0005874]	27.48
Polyketide	membrane [GO:0016020]	27.48
Polyketide	nucleus [GO:0005634]	27.48
Polyketide	spindle [GO:0005819]	27.48
Polyketide	spindle pole [GO:0000922]	27.48
Polyketide	kinesin complex [GO:0005871]	27.48
Polyketide	protein-containing complex [GO:0032991]	15.12
Polyketide	nucleoplasm [GO:0005654]	15.12
Polyketide	mitochondrion [GO:0005739]	15.12
Polyketide	mitochondrial matrix [GO:0005759]	15.12
Polyketide	nucleus [GO:0005634]	15.12
Polyketide	ciliary plasm [GO:0097014]	19.41
Polyketide	cytoplasm [GO:0005737]	19.41
Polyketide	myelin sheath [GO:0043209]	29.79
Polyketide	cytosol [GO:0005829]	29.79
Polyketide	apical part of cell [GO:0045177]	29.79
Polyketide	extracellular exosome [GO:0070062]	29.79
Polyketide	plasma membrane [GO:0005886]	29.79
Polyketide	cytoplasm [GO:0005737]	29.79
Polyketide	sarcoplasmic reticulum membrane [GO:0033017]	39.11
Polyketide	cytoplasmic side of membrane [GO:0098562]	39.11
Polyketide	cytosol [GO:0005829]	39.11
Polyketide	Z disc [GO:0030018]	39.11
Polyketide	sarcoplasmic reticulum [GO:0016529]	39.11
Polyketide	terminal cisterna [GO:0014802]	39.11
Polyketide	membrane [GO:0016020]	39.11
Polyketide	ryanodine receptor complex [GO:1990425]	39.11
Polyketide	cytoplasm [GO:0005737]	39.11
Polyketide	cytosol [GO:0005829]	54.96
Polyketide	intracellular membrane-bounded organelle [GO:0043231]	54.96
Polyketide	nucleoplasm [GO:0005654]	54.96
Polyketide	receptor complex [GO:0043235]	54.96
Polyketide	RNA polymerase II transcription regulator complex [GO:0090575]	54.96
Polyketide	chromatin [GO:0000785]	54.96
Polyketide	nucleus [GO:0005634]	54.96
Polyketide	mitochondrial proton-transporting ATP synthase complex [GO:0005753]	62.75
Polyketide	cytosol [GO:0005829]	62.75
Polyketide	mitochondrial proton-transporting ATP synthase complex, coupling factor F(o) [GO:0000276]	62.75
Polyketide	mitochondrion [GO:0005739]	62.75
Polyketide	mitochondrial intermembrane space [GO:0005758]	62.75
Polyketide	mitochondrial inner membrane [GO:0005743]	62.75
Polyketide	extracellular space [GO:0005615]	10.0
Polyketide	extracellular region [GO:0005576]	10.0
Polyketide	fibrillar center [GO:0001650]	29.44
Polyketide	nuclear inner membrane [GO:0005637]	29.44
Polyketide	heterochromatin [GO:0000792]	29.44
Polyketide	nuclear envelope [GO:0005635]	29.44
Polyketide	PML body [GO:0016605]	29.44
Polyketide	cytosol [GO:0005829]	29.44
Polyketide	eNoSc complex [GO:0061773]	29.44
Polyketide	rDNA heterochromatin [GO:0033553]	29.44
Polyketide	nucleoplasm [GO:0005654]	29.44
Polyketide	mitochondrion [GO:0005739]	29.44
Polyketide	euchromatin [GO:0000791]	29.44
Polyketide	chromatin [GO:0000785]	29.44
Polyketide	chromatin silencing complex [GO:0005677]	29.44
Polyketide	nucleus [GO:0005634]	29.44
Polyketide	cytoplasm [GO:0005737]	29.44
Polyketide	nucleolus [GO:0005730]	29.44
Polyketide	sarcoplasmic reticulum membrane [GO:0033017]	47.76
Polyketide	cytoplasmic side of membrane [GO:0098562]	47.76
Polyketide	cytosol [GO:0005829]	47.76
Polyketide	Z disc [GO:0030018]	47.76
Polyketide	sarcoplasmic reticulum [GO:0016529]	47.76
Polyketide	terminal cisterna [GO:0014802]	47.76
Polyketide	membrane [GO:0016020]	47.76
Polyketide	ryanodine receptor complex [GO:1990425]	47.76
Polyketide	cytoplasm [GO:0005737]	47.76
Polyketide	plasma membrane [GO:0005886]	60.75
Polyketide	proton-transporting ATP synthase complex, coupling factor F(o) [GO:0045263]	60.75
Polyketide	plasma membrane [GO:0005886]	47.78
Polyketide	proton-transporting ATP synthase complex, coupling factor F(o) [GO:0045263]	47.78
Polyketide	cell body [GO:0044297]	15.43
Polyketide	actin filament [GO:0005884]	15.43
Polyketide	skeletal muscle myofibril [GO:0098723]	15.43
Polyketide	stress fiber [GO:0001725]	15.43
Polyketide	filamentous actin [GO:0031941]	15.43
Polyketide	actin filament bundle [GO:0032432]	15.43
Polyketide	lamellipodium [GO:0030027]	15.43
Polyketide	striated muscle thin filament [GO:0005865]	15.43
Polyketide	cytoplasm [GO:0005737]	15.43
Polyketide	filopodium [GO:0030175]	15.43
Polyketide	ATP-binding cassette (ABC) transporter complex [GO:0043190]	20.39
Polyketide	membrane [GO:0016020]	20.39
Polyketide	ATP-binding cassette (ABC) transporter complex, substrate-binding subunit-containing [GO:0055052]	20.39
Polyketide	maltose transport complex [GO:1990060]	20.39
Polyketide	periplasmic space [GO:0042597]	20.39
Polyketide	outer membrane-bounded periplasmic space [GO:0030288]	20.39
Polyketide	extracellular space [GO:0005615]	36.3
Polyketide	azurophil granule lumen [GO:0035578]	36.3
Polyketide	extracellular region [GO:0005576]	36.3
Polyketide	extracellular exosome [GO:0070062]	36.3
Polyketide	mitochondrial proton-transporting ATP synthase, catalytic core [GO:0005754]	28.67
Polyketide	proton-transporting ATP synthase complex, catalytic core F(1) [GO:0045261]	28.67
Polyketide	mitochondrial proton-transporting ATP synthase complex [GO:0005753]	28.67
Polyketide	cytosol [GO:0005829]	28.67
Polyketide	mitochondrion [GO:0005739]	28.67
Polyketide	mitochondrial intermembrane space [GO:0005758]	28.67
Polyketide	mitochondrial inner membrane [GO:0005743]	28.67
Polyketide	endoplasmic reticulum lumen [GO:0005788]	21.63
Polyketide	plasma membrane [GO:0005886]	21.63
Polyketide	extracellular region [GO:0005576]	21.63
Polyketide	extracellular space [GO:0005615]	21.63
Polyketide	external side of plasma membrane [GO:0009897]	21.63
Polyketide	Golgi lumen [GO:0005796]	21.63
Polyketide	nucleoplasm [GO:0005654]	51.44
Polyketide	cytosol [GO:0005829]	51.44
Polyketide	extracellular exosome [GO:0070062]	51.44
Polyketide	protein-DNA complex [GO:0032993]	45.0
Polyketide	plasma membrane [GO:0005886]	49.0
Polyketide	fungal biofilm matrix [GO:0062040]	50.61
Polyketide	cytoplasm [GO:0005737]	50.61
Polyketide	extracellular region [GO:0005576]	50.61
Polyketide	NuA4 histone acetyltransferase complex [GO:0035267]	3.18
Polyketide	actin filament [GO:0005884]	3.18
Polyketide	Swr1 complex [GO:0000812]	3.18
Polyketide	actin filament bundle [GO:0032432]	3.18
Polyketide	Ino80 complex [GO:0031011]	3.18
Polyketide	actin cortical patch [GO:0030479]	3.18
Polyketide	cellular bud neck contractile ring [GO:0000142]	3.18
Polyketide	chromatin [GO:0000785]	3.18
Polyketide	nucleus [GO:0005634]	3.18
Polyketide	plasma membrane [GO:0005886]	65.4
Polyketide	proton-transporting ATP synthase complex, coupling factor F(o) [GO:0045263]	65.4
Polyketide	endocytic vesicle [GO:0030139]	5.36
Polyketide	endoplasmic reticulum lumen [GO:0005788]	5.36
Polyketide	HFE-transferrin receptor complex [GO:1990712]	5.36
Polyketide	secretory granule lumen [GO:0034774]	5.36
Polyketide	extracellular exosome [GO:0070062]	5.36
Polyketide	blood microparticle [GO:0072562]	5.36
Polyketide	cell surface [GO:0009986]	5.36
Polyketide	recycling endosome [GO:0055037]	5.36
Polyketide	endosome membrane [GO:0010008]	5.36
Polyketide	clathrin-coated pit [GO:0005905]	5.36
Polyketide	extracellular space [GO:0005615]	5.36
Polyketide	perinuclear region of cytoplasm [GO:0048471]	5.36
Polyketide	early endosome [GO:0005769]	5.36
Polyketide	extracellular region [GO:0005576]	5.36
Polyketide	cytoplasmic vesicle [GO:0031410]	5.36
Polyketide	vesicle [GO:0031982]	5.36
Polyketide	basal plasma membrane [GO:0009925]	5.36
Polyketide	apical plasma membrane [GO:0016324]	5.36
Polyketide	plasma membrane [GO:0005886]	5.36
Polyketide	basal part of cell [GO:0045178]	5.36
Polyketide	clathrin-coated endocytic vesicle membrane [GO:0030669]	5.36
Polyketide	late endosome [GO:0005770]	5.36
Polyketide	cytosol [GO:0005829]	3.13
Polyketide	cytosolic DNA-directed RNA polymerase complex [GO:0000345]	3.13
Polyketide	membrane [GO:0016020]	3.13
Polyketide	cytoplasm [GO:0005737]	3.13
Polyketide	transcription elongation factor complex [GO:0008023]	3.13
Polyketide	histone deacetylase complex [GO:0000118]	24.31
Polyketide	host cell nucleus [GO:0042025]	32.04
Polyketide	viral envelope [GO:0019031]	32.04
Polyketide	host cell plasma membrane [GO:0020002]	32.04
Polyketide	host cell lipid droplet [GO:0044186]	32.04
Polyketide	host cell endoplasmic reticulum membrane [GO:0044167]	32.04
Polyketide	host cell mitochondrial membrane [GO:0044191]	32.04
Polyketide	ribonucleoprotein complex [GO:1990904]	32.04
Polyketide	membrane [GO:0016020]	32.04
Polyketide	viral nucleocapsid [GO:0019013]	32.04
Polyketide	virion membrane [GO:0055036]	32.04
Polyketide	host cell perinuclear region of cytoplasm [GO:0044220]	32.04
Polyketide	extracellular region [GO:0005576]	38.5
Polyketide	extracellular exosome [GO:0070062]	38.5
Polyketide	secretory granule lumen [GO:0034774]	38.5
Polyketide	cytosol [GO:0005829]	38.5
Polyketide	specific granule lumen [GO:0035580]	38.5
Polyketide	nucleoplasm [GO:0005654]	38.5
Polyketide	nucleus [GO:0005634]	38.5
Polyketide	GABA-ergic synapse [GO:0098982]	56.71
Polyketide	mitochondrial outer membrane [GO:0005741]	56.71
Polyketide	glutamatergic synapse [GO:0098978]	56.71
Polyketide	plasma membrane [GO:0005886]	56.71
Polyketide	actin cytoskeleton [GO:0015629]	56.71
Polyketide	growth cone [GO:0030426]	56.71
Polyketide	presynaptic membrane [GO:0042734]	56.71
Polyketide	membrane raft [GO:0045121]	56.71
Polyketide	cytoplasm [GO:0005737]	56.71
Polyketide	intracellular membrane-bounded organelle [GO:0043231]	39.26
Polyketide	endoplasmic reticulum membrane [GO:0005789]	39.26
Polyketide	endoplasmic reticulum [GO:0005783]	44.83
Polyketide	focal adhesion [GO:0005925]	44.83
Polyketide	cytosol [GO:0005829]	44.83
Polyketide	early endosome [GO:0005769]	44.83
Polyketide	plasma membrane [GO:0005886]	44.83
Polyketide	mitochondrion [GO:0005739]	44.83
Polyketide	nucleus [GO:0005634]	44.83
Polyketide	late endosome [GO:0005770]	44.83
Polyketide	microtubule organizing center [GO:0005815]	44.83
Polyketide	Golgi apparatus [GO:0005794]	44.83
Polyketide	membrane [GO:0016020]	17.93
Polyketide	proton-transporting V-type ATPase complex [GO:0033176]	83.62
Polyketide	vacuolar proton-transporting V-type ATPase, V0 domain [GO:0000220]	83.62
Polyketide	Golgi membrane [GO:0000139]	83.62
Polyketide	membrane [GO:0016020]	83.62
Polyketide	vacuolar proton-transporting V-type ATPase complex [GO:0016471]	83.62
Polyketide	fungal-type vacuole membrane [GO:0000329]	83.62
Polyketide	vacuolar proton-transporting V-type ATPase, V0 domain [GO:0000220]	66.56
Polyketide	synaptic vesicle membrane [GO:0030672]	66.56
Polyketide	clathrin-coated vesicle membrane [GO:0030665]	66.56
Polyketide	nucleus [GO:0005634]	39.1
Polyketide	sarcoplasmic reticulum membrane [GO:0033017]	0.0
Polyketide	cytoplasmic side of membrane [GO:0098562]	0.0
Polyketide	cytosol [GO:0005829]	0.0
Polyketide	Z disc [GO:0030018]	0.0
Polyketide	sarcoplasmic reticulum [GO:0016529]	0.0
Polyketide	terminal cisterna [GO:0014802]	0.0
Polyketide	membrane [GO:0016020]	0.0
Polyketide	ryanodine receptor complex [GO:1990425]	0.0
Polyketide	cytoplasm [GO:0005737]	0.0
Polyketide	cytoplasm [GO:0005737]	41.48
Polyketide	protein-containing complex [GO:0032991]	69.96
Polyketide	cytosol [GO:0005829]	69.96
Polyketide	nucleoplasm [GO:0005654]	69.96
Polyketide	membrane [GO:0016020]	69.96
Polyketide	plasma membrane [GO:0005886]	69.96
Polyketide	euchromatin [GO:0000791]	69.96
Polyketide	chromatin [GO:0000785]	69.96
Polyketide	transcription regulator complex [GO:0005667]	69.96
Polyketide	nucleus [GO:0005634]	69.96
Polyketide	cytoplasm [GO:0005737]	69.96
Polyketide	Golgi apparatus [GO:0005794]	69.96
Polyketide	chromatin [GO:0000785]	52.6
Polyketide	intracellular membrane-bounded organelle [GO:0043231]	52.6
Polyketide	nucleoplasm [GO:0005654]	52.6
Polyketide	chromosome, subtelomeric region [GO:0099115]	52.6
Polyketide	pericentric heterochromatin [GO:0005721]	52.6
Polyketide	site of double-strand break [GO:0035861]	52.6
Polyketide	nucleus [GO:0005634]	52.6
Polyketide	site of DNA damage [GO:0090734]	52.6
Polyketide	endoplasmic reticulum [GO:0005783]	52.6
Polyketide	extracellular space [GO:0005615]	27.0
Polyketide	membrane [GO:0016020]	27.0
Polyketide	food vacuole [GO:0020020]	27.0
Polyketide	plasma membrane [GO:0005886]	34.88
Polyketide	cytoplasm [GO:0005737]	34.88
Polyketide	peptidoglycan-based cell wall [GO:0009274]	34.88
Polyketide	dendrite [GO:0030425]	59.57
Polyketide	cytosol [GO:0005829]	59.57
Polyketide	synapse [GO:0045202]	59.57
Polyketide	nucleus [GO:0005634]	59.57
Polyketide	cytoplasm [GO:0005737]	59.57
Polyketide	neuronal cell body [GO:0043025]	59.57
Polyketide	dendrite [GO:0030425]	45.38
Polyketide	chloride channel complex [GO:0034707]	45.38
Polyketide	neuron projection [GO:0043005]	45.38
Polyketide	plasma membrane [GO:0005886]	45.38
Polyketide	membrane [GO:0016020]	45.38
Polyketide	postsynaptic membrane [GO:0045211]	45.38
Polyketide	synapse [GO:0045202]	45.38
Polyketide	perikaryon [GO:0043204]	45.38
Polyketide	periplasmic space [GO:0042597]	47.11
Polyketide	cytosol [GO:0005829]	20.39
Polyketide	nucleoplasm [GO:0005654]	20.39
Polyketide	plasma membrane [GO:0005886]	20.39
Polyketide	nucleus [GO:0005634]	20.39
Polyketide	cytoplasm [GO:0005737]	20.39
Polyketide	nucleolus [GO:0005730]	20.39
Polyketide	mitochondrial proton-transporting ATP synthase complex, catalytic sector F(1) [GO:0000275]	8.75
Polyketide	mitochondrial proton-transporting ATP synthase complex [GO:0005753]	8.75
Polyketide	histone deacetylase complex [GO:0000118]	6.75
Polyketide	cell body [GO:0044297]	16.9
Polyketide	actin filament [GO:0005884]	16.9
Polyketide	skeletal muscle myofibril [GO:0098723]	16.9
Polyketide	stress fiber [GO:0001725]	16.9
Polyketide	filamentous actin [GO:0031941]	16.9
Polyketide	actin filament bundle [GO:0032432]	16.9
Polyketide	lamellipodium [GO:0030027]	16.9
Polyketide	striated muscle thin filament [GO:0005865]	16.9
Polyketide	cytoplasm [GO:0005737]	16.9
Polyketide	filopodium [GO:0030175]	16.9
Polyketide	Sin3-type complex [GO:0070822]	27.44
Polyketide	cytosol [GO:0005829]	27.44
Polyketide	plasma membrane [GO:0005886]	27.44
Polyketide	nucleoplasm [GO:0005654]	27.44
Polyketide	protein kinase CK2 complex [GO:0005956]	27.44
Polyketide	nucleus [GO:0005634]	27.44
Polyketide	PML body [GO:0016605]	27.44
Polyketide	extracellular region [GO:0005576]	30.5
Polyketide	cytoplasm [GO:0005737]	21.69
Polyketide	protein-containing complex [GO:0032991]	64.96
Polyketide	cytosol [GO:0005829]	64.96
Polyketide	nucleoplasm [GO:0005654]	64.96
Polyketide	membrane [GO:0016020]	64.96
Polyketide	plasma membrane [GO:0005886]	64.96
Polyketide	euchromatin [GO:0000791]	64.96
Polyketide	chromatin [GO:0000785]	64.96
Polyketide	transcription regulator complex [GO:0005667]	64.96
Polyketide	nucleus [GO:0005634]	64.96
Polyketide	cytoplasm [GO:0005737]	64.96
Polyketide	Golgi apparatus [GO:0005794]	64.96
Polyketide	collagen-containing extracellular matrix [GO:0062023]	16.17
Polyketide	lysosomal lumen [GO:0043202]	16.17
Polyketide	lysosome [GO:0005764]	16.17
Polyketide	tertiary granule lumen [GO:1904724]	16.17
Polyketide	ficolin-1-rich granule lumen [GO:1904813]	16.17
Polyketide	endolysosome lumen [GO:0036021]	16.17
Polyketide	intracellular membrane-bounded organelle [GO:0043231]	16.17
Polyketide	extracellular region [GO:0005576]	16.17
Polyketide	extracellular space [GO:0005615]	16.17
Polyketide	late endosome [GO:0005770]	16.17
Polyketide	phagocytic vesicle [GO:0045335]	16.17
Polyketide	microtubule [GO:0005874]	14.73
Polyketide	cytoplasm [GO:0005737]	14.73
Polyketide	histone deacetylase complex [GO:0000118]	32.91
Polyketide	nucleoplasm [GO:0005654]	32.91
Polyketide	nuclear chromosome [GO:0000228]	32.91
Polyketide	nucleus [GO:0005634]	32.91
Polyketide	cytoplasm [GO:0005737]	32.91
Polyketide	respirasome [GO:0070469]	59.73
Polyketide	collagen-containing extracellular matrix [GO:0062023]	22.61
Polyketide	secretory granule lumen [GO:0034774]	22.61
Polyketide	azurophil granule lumen [GO:0035578]	22.61
Polyketide	extracellular exosome [GO:0070062]	22.61
Polyketide	blood microparticle [GO:0072562]	22.61
Polyketide	platelet alpha granule lumen [GO:0031093]	22.61
Polyketide	extracellular region [GO:0005576]	22.61
Polyketide	extracellular space [GO:0005615]	22.61
Polyketide	nucleus [GO:0005634]	22.61
Polyketide	nuclear periphery [GO:0034399]	-27.0
Polyketide	main axon [GO:0044304]	-27.0
Polyketide	neurofibrillary tangle [GO:0097418]	-27.0
Polyketide	neuron projection [GO:0043005]	-27.0
Polyketide	somatodendritic compartment [GO:0036477]	-27.0
Polyketide	microtubule [GO:0005874]	-27.0
Polyketide	cytoplasm [GO:0005737]	-27.0
Polyketide	neuronal cell body [GO:0043025]	-27.0
Polyketide	cell body [GO:0044297]	-27.0
Polyketide	nuclear speck [GO:0016607]	-27.0
Polyketide	growth cone [GO:0030426]	-27.0
Polyketide	membrane raft [GO:0045121]	-27.0
Polyketide	dendrite [GO:0030425]	-27.0
Polyketide	tubulin complex [GO:0045298]	-27.0
Polyketide	microtubule cytoskeleton [GO:0015630]	-27.0
Polyketide	cytosol [GO:0005829]	-27.0
Polyketide	axolemma [GO:0030673]	-27.0
Polyketide	glial cell projection [GO:0097386]	-27.0
Polyketide	dendritic spine [GO:0043197]	-27.0
Polyketide	extracellular region [GO:0005576]	-27.0
Polyketide	cytoplasmic ribonucleoprotein granule [GO:0036464]	-27.0
Polyketide	nucleus [GO:0005634]	-27.0
Polyketide	axon cytoplasm [GO:1904115]	-27.0
Polyketide	plasma membrane [GO:0005886]	-27.0
Polyketide	mitochondrion [GO:0005739]	-27.0
Polyketide	axon [GO:0030424]	-27.0
Polyketide	host cell nucleus [GO:0042025]	42.09
Polyketide	protein-containing complex [GO:0032991]	42.09
Polyketide	host cell plasma membrane [GO:0020002]	42.09
Polyketide	host cell lipid droplet [GO:0044186]	42.09
Polyketide	viral envelope [GO:0019031]	42.09
Polyketide	host cell endoplasmic reticulum membrane [GO:0044167]	42.09
Polyketide	host cell mitochondrial membrane [GO:0044191]	42.09
Polyketide	ribonucleoprotein complex [GO:1990904]	42.09
Polyketide	membrane [GO:0016020]	42.09
Polyketide	viral nucleocapsid [GO:0019013]	42.09
Polyketide	virion membrane [GO:0055036]	42.09
Polyketide	host cell perinuclear region of cytoplasm [GO:0044220]	42.09
Polyketide	periplasmic space [GO:0042597]	22.57
Polyketide	membrane [GO:0016020]	13.88
Polyketide	node of Ranvier [GO:0033268]	87.17
Polyketide	synapse [GO:0045202]	87.17
Polyketide	plasma membrane [GO:0005886]	87.17
Polyketide	axon initial segment [GO:0043194]	87.17
Polyketide	voltage-gated potassium channel complex [GO:0008076]	87.17
Polyketide	endoplasmic reticulum lumen [GO:0005788]	20.9
Polyketide	endosome [GO:0005768]	20.9
Polyketide	Golgi-associated vesicle lumen [GO:0070931]	20.9
Polyketide	cell surface [GO:0009986]	20.9
Polyketide	neuronal cell body [GO:0043025]	20.9
Polyketide	recycling endosome [GO:0055037]	20.9
Polyketide	trans-Golgi network [GO:0005802]	20.9
Polyketide	endosome membrane [GO:0010008]	20.9
Polyketide	synaptic vesicle [GO:0008021]	20.9
Polyketide	lysosome [GO:0005764]	20.9
Polyketide	membrane raft [GO:0045121]	20.9
Polyketide	Golgi apparatus [GO:0005794]	20.9
Polyketide	dendrite [GO:0030425]	20.9
Polyketide	early endosome [GO:0005769]	20.9
Polyketide	membrane [GO:0016020]	20.9
Polyketide	multivesicular body [GO:0005771]	20.9
Polyketide	plasma membrane [GO:0005886]	20.9
Polyketide	hippocampal mossy fiber to CA3 synapse [GO:0098686]	20.9
Polyketide	axon [GO:0030424]	20.9
Polyketide	late endosome [GO:0005770]	20.9
Polyketide	node of Ranvier [GO:0033268]	77.33
Polyketide	synapse [GO:0045202]	77.33
Polyketide	plasma membrane [GO:0005886]	77.33
Polyketide	axon initial segment [GO:0043194]	77.33
Polyketide	voltage-gated potassium channel complex [GO:0008076]	77.33
Polyketide	cytosol [GO:0005829]	54.35
Polyketide	intracellular membrane-bounded organelle [GO:0043231]	54.35
Polyketide	nucleoplasm [GO:0005654]	54.35
Polyketide	receptor complex [GO:0043235]	54.35
Polyketide	RNA polymerase II transcription regulator complex [GO:0090575]	54.35
Polyketide	chromatin [GO:0000785]	54.35
Polyketide	nucleus [GO:0005634]	54.35
Polyketide	cytosol [GO:0005829]	30.0
Polyketide	intracellular membrane-bounded organelle [GO:0043231]	30.0
Polyketide	nucleoplasm [GO:0005654]	30.0
Polyketide	plasma membrane [GO:0005886]	30.0
Polyketide	nuclear speck [GO:0016607]	30.0
Polyketide	nucleus [GO:0005634]	30.0
Polyketide	cytoplasm [GO:0005737]	30.0
Polyketide	cytoplasm [GO:0005737]	63.06
Polyketide	nucleoplasm [GO:0005654]	64.91
Polyketide	plasma membrane [GO:0005886]	64.91
Polyketide	cytosol [GO:0005829]	64.91
Polyketide	chromosome [GO:0005694]	29.62
Polyketide	condensed nuclear chromosome [GO:0000794]	29.62
Polyketide	nucleus [GO:0005634]	29.62
Polyketide	nucleoplasm [GO:0005654]	29.62
Polyketide	nucleoplasm [GO:0005654]	38.71
Polyketide	mitochondrial respiratory chain complex I [GO:0005747]	38.71
Polyketide	extracellular space [GO:0005615]	34.25
Polyketide	azurophil granule lumen [GO:0035578]	34.25
Polyketide	extracellular region [GO:0005576]	34.25
Polyketide	extracellular exosome [GO:0070062]	34.25
Polyketide	cortical cytoskeleton [GO:0030863]	40.24
Polyketide	basolateral plasma membrane [GO:0016323]	40.24
Polyketide	ankyrin-1 complex [GO:0170014]	40.24
Polyketide	Z disc [GO:0030018]	40.24
Polyketide	extracellular exosome [GO:0070062]	40.24
Polyketide	plasma membrane [GO:0005886]	40.24
Polyketide	membrane [GO:0016020]	40.24
Polyketide	blood microparticle [GO:0072562]	40.24
Polyketide	cytoplasmic side of plasma membrane [GO:0009898]	40.24
Polyketide	vesicle [GO:0031982]	57.75
Polyketide	cytoplasm [GO:0005737]	57.75
Polyketide	secretory granule lumen [GO:0034774]	57.75
Polyketide	cytosol [GO:0005829]	57.75
Polyketide	ficolin-1-rich granule lumen [GO:1904813]	57.75
Polyketide	extracellular exosome [GO:0070062]	57.75
Polyketide	nucleoplasm [GO:0005654]	57.75
Polyketide	plasma membrane [GO:0005886]	57.75
Polyketide	extracellular region [GO:0005576]	57.75
Polyketide	extracellular space [GO:0005615]	57.75
Polyketide	cell surface [GO:0009986]	57.75
Polyketide	extracellular region [GO:0005576]	31.7
Polyketide	extracellular exosome [GO:0070062]	31.7
Polyketide	azurophil granule lumen [GO:0035578]	31.7
Polyketide	extracellular space [GO:0005615]	31.7
Polyketide	extracellular space [GO:0005615]	30.18
Polyketide	azurophil granule lumen [GO:0035578]	30.18
Polyketide	extracellular region [GO:0005576]	30.18
Polyketide	extracellular exosome [GO:0070062]	30.18
Polyketide	endoplasmic reticulum [GO:0005783]	28.88
Polyketide	endoplasmic reticulum membrane [GO:0005789]	28.88
Polyketide	Ire1 complex [GO:1990332]	28.88
Polyketide	nucleus [GO:0005634]	28.88
Polyketide	IRE1-TRAF2-ASK1 complex [GO:1990604]	28.88
Polyketide	cell body [GO:0044297]	42.5
Polyketide	actin filament [GO:0005884]	42.5
Polyketide	skeletal muscle myofibril [GO:0098723]	42.5
Polyketide	stress fiber [GO:0001725]	42.5
Polyketide	filamentous actin [GO:0031941]	42.5
Polyketide	actin filament bundle [GO:0032432]	42.5
Polyketide	lamellipodium [GO:0030027]	42.5
Polyketide	striated muscle thin filament [GO:0005865]	42.5
Polyketide	cytoplasm [GO:0005737]	42.5
Polyketide	filopodium [GO:0030175]	42.5
Polyketide	tertiary granule lumen [GO:1904724]	37.47
Polyketide	cytosol [GO:0005829]	37.47
Polyketide	ficolin-1-rich granule lumen [GO:1904813]	37.47
Polyketide	extracellular exosome [GO:0070062]	37.47
Polyketide	nucleoplasm [GO:0005654]	37.47
Polyketide	extracellular region [GO:0005576]	37.47
Polyketide	nucleus [GO:0005634]	37.47
Polyketide	extracellular region [GO:0005576]	38.89
Polyketide	extracellular exosome [GO:0070062]	38.89
Polyketide	azurophil granule lumen [GO:0035578]	38.89
Polyketide	extracellular space [GO:0005615]	38.89
Polyketide	endoplasmic reticulum membrane [GO:0005789]	-21.71
Polyketide	endoplasmic reticulum [GO:0005783]	-21.71
Polyketide	plasma membrane [GO:0005886]	24.69
Polyketide	periplasmic side of plasma membrane [GO:0098567]	24.69
Polyketide	membrane [GO:0016020]	24.69
Polyketide	outer membrane-bounded periplasmic space [GO:0030288]	24.69
Polyketide	efflux pump complex [GO:1990281]	24.69
Polyketide	sarcoplasmic reticulum membrane [GO:0033017]	50.71
Polyketide	cytoplasmic side of membrane [GO:0098562]	50.71
Polyketide	cytosol [GO:0005829]	50.71
Polyketide	Z disc [GO:0030018]	50.71
Polyketide	sarcoplasmic reticulum [GO:0016529]	50.71
Polyketide	terminal cisterna [GO:0014802]	50.71
Polyketide	membrane [GO:0016020]	50.71
Polyketide	ryanodine receptor complex [GO:1990425]	50.71
Polyketide	cytoplasm [GO:0005737]	50.71
Polyketide	dendrite [GO:0030425]	28.21
Polyketide	PML body [GO:0016605]	28.21
Polyketide	nuclear envelope [GO:0005635]	28.21
Polyketide	lysosome [GO:0005764]	28.21
Polyketide	endomembrane system [GO:0012505]	28.21
Polyketide	mitochondrial outer membrane [GO:0005741]	28.21
Polyketide	cytosol [GO:0005829]	28.21
Polyketide	Golgi membrane [GO:0000139]	28.21
Polyketide	nucleoplasm [GO:0005654]	28.21
Polyketide	endoplasmic reticulum membrane [GO:0005789]	28.21
Polyketide	membrane [GO:0016020]	28.21
Polyketide	TORC1 complex [GO:0031931]	28.21
Polyketide	nucleus [GO:0005634]	28.21
Polyketide	TORC2 complex [GO:0031932]	28.21
Polyketide	lysosomal membrane [GO:0005765]	28.21
Polyketide	cytoplasm [GO:0005737]	28.21
Polyketide	phagocytic vesicle [GO:0045335]	28.21
Polyketide	plasma membrane [GO:0005886]	25.47
Polyketide	cytosol [GO:0005829]	86.0
Polyketide	glutamatergic synapse [GO:0098978]	86.0
Polyketide	calcineurin complex [GO:0005955]	86.0
Polyketide	Schaffer collateral - CA1 synapse [GO:0098685]	86.0
Polyketide	parallel fiber to Purkinje cell synapse [GO:0098688]	86.0
Polyketide	hippocampal mossy fiber to CA3 synapse [GO:0098686]	86.0
Polyketide	postsynapse [GO:0098794]	86.0
Polyketide	sarcolemma [GO:0042383]	86.0
Polyketide	mitochondrial proton-transporting ATP synthase complex [GO:0005753]	75.2
Polyketide	cytosol [GO:0005829]	75.2
Polyketide	mitochondrial proton-transporting ATP synthase complex, coupling factor F(o) [GO:0000276]	75.2
Polyketide	mitochondrion [GO:0005739]	75.2
Polyketide	mitochondrial intermembrane space [GO:0005758]	75.2
Polyketide	mitochondrial inner membrane [GO:0005743]	75.2
Polyketide	protein-containing complex [GO:0032991]	61.18
Polyketide	endocytic vesicle membrane [GO:0030666]	61.18
Polyketide	cytosol [GO:0005829]	61.18
Polyketide	transcription repressor complex [GO:0017053]	61.18
Polyketide	nucleoplasm [GO:0005654]	61.18
Polyketide	plasma membrane [GO:0005886]	61.18
Polyketide	nucleus [GO:0005634]	61.18
Polyketide	cytoplasm [GO:0005737]	61.18
Polyketide	nucleolus [GO:0005730]	61.18
Polyketide	protein-containing complex [GO:0032991]	56.41
Polyketide	endocytic vesicle membrane [GO:0030666]	56.41
Polyketide	cytosol [GO:0005829]	56.41
Polyketide	transcription repressor complex [GO:0017053]	56.41
Polyketide	nucleoplasm [GO:0005654]	56.41
Polyketide	plasma membrane [GO:0005886]	56.41
Polyketide	nucleus [GO:0005634]	56.41
Polyketide	cytoplasm [GO:0005737]	56.41
Polyketide	nucleolus [GO:0005730]	56.41
Polyketide	nucleoid [GO:0009295]	-7.44
Polyketide	nucleoplasm [GO:0005654]	47.61
Polyketide	nucleus [GO:0005634]	47.61
Polyketide	cytoplasm [GO:0005737]	47.61
Polyketide	nucleolus [GO:0005730]	47.61
Polyketide	nucleoplasm [GO:0005654]	47.19
Polyketide	cytosol [GO:0005829]	47.19
Polyketide	extracellular exosome [GO:0070062]	47.19
Polyketide	immunoglobulin complex [GO:0019814]	43.92
Polyketide	extracellular region [GO:0005576]	43.92
Polyketide	cell body [GO:0044297]	6.1
Polyketide	actin filament [GO:0005884]	6.1
Polyketide	skeletal muscle myofibril [GO:0098723]	6.1
Polyketide	stress fiber [GO:0001725]	6.1
Polyketide	filamentous actin [GO:0031941]	6.1
Polyketide	actin filament bundle [GO:0032432]	6.1
Polyketide	lamellipodium [GO:0030027]	6.1
Polyketide	striated muscle thin filament [GO:0005865]	6.1
Polyketide	cytoplasm [GO:0005737]	6.1
Polyketide	filopodium [GO:0030175]	6.1
Polyketide	postsynaptic density [GO:0014069]	26.11
Polyketide	glutamatergic synapse [GO:0098978]	26.11
Polyketide	plasma membrane [GO:0005886]	26.11
Polyketide	DAPK1-calmodulin complex [GO:1990722]	26.11
Polyketide	actin cytoskeleton [GO:0015629]	26.11
Polyketide	nucleus [GO:0005634]	26.11
Polyketide	cytoplasm [GO:0005737]	26.11
Polyketide	protein-containing complex [GO:0032991]	7.0
Polyketide	recycling endosome [GO:0055037]	7.0
Polyketide	early endosome [GO:0005769]	7.0
Polyketide	plasma membrane [GO:0005886]	7.0
Polyketide	specific granule [GO:0042581]	7.0
Polyketide	extracellular space [GO:0005615]	7.0
Polyketide	cell surface [GO:0009986]	7.0
Polyketide	cytoplasm [GO:0005737]	49.83
Polyketide	plasma membrane [GO:0005886]	13.65
Polyketide	Sin3-type complex [GO:0070822]	28.61
Polyketide	cytosol [GO:0005829]	28.61
Polyketide	plasma membrane [GO:0005886]	28.61
Polyketide	nucleoplasm [GO:0005654]	28.61
Polyketide	protein kinase CK2 complex [GO:0005956]	28.61
Polyketide	nucleus [GO:0005634]	28.61
Polyketide	PML body [GO:0016605]	28.61
Polyketide	chromosome [GO:0005694]	70.0
Polyketide	cytoplasm [GO:0005737]	70.0
Polyketide	postsynaptic density [GO:0014069]	25.58
Polyketide	glutamatergic synapse [GO:0098978]	25.58
Polyketide	plasma membrane [GO:0005886]	25.58
Polyketide	DAPK1-calmodulin complex [GO:1990722]	25.58
Polyketide	actin cytoskeleton [GO:0015629]	25.58
Polyketide	nucleus [GO:0005634]	25.58
Polyketide	cytoplasm [GO:0005737]	25.58
Polyketide	Sin3-type complex [GO:0070822]	25.63
Polyketide	cytosol [GO:0005829]	25.63
Polyketide	plasma membrane [GO:0005886]	25.63
Polyketide	nucleoplasm [GO:0005654]	25.63
Polyketide	protein kinase CK2 complex [GO:0005956]	25.63
Polyketide	nucleus [GO:0005634]	25.63
Polyketide	PML body [GO:0016605]	25.63
Polyketide	endoplasmic reticulum lumen [GO:0005788]	33.58
Polyketide	protein-containing complex [GO:0032991]	33.58
Polyketide	endoplasmic reticulum [GO:0005783]	33.58
Polyketide	extracellular exosome [GO:0070062]	33.58
Polyketide	blood microparticle [GO:0072562]	33.58
Polyketide	platelet alpha granule lumen [GO:0031093]	33.58
Polyketide	extracellular region [GO:0005576]	33.58
Polyketide	extracellular space [GO:0005615]	33.58
Polyketide	nucleus [GO:0005634]	33.58
Polyketide	cytoplasm [GO:0005737]	33.58
Polyketide	Golgi apparatus [GO:0005794]	33.58
Polyketide	mitochondrial proton-transporting ATP synthase complex [GO:0005753]	79.17
Polyketide	cytosol [GO:0005829]	79.17
Polyketide	mitochondrial proton-transporting ATP synthase complex, coupling factor F(o) [GO:0000276]	79.17
Polyketide	mitochondrion [GO:0005739]	79.17
Polyketide	mitochondrial intermembrane space [GO:0005758]	79.17
Polyketide	mitochondrial inner membrane [GO:0005743]	79.17
Polyketide	extracellular space [GO:0005615]	13.05
Polyketide	serine protease inhibitor complex [GO:0097180]	13.05
Polyketide	myelin sheath [GO:0043209]	34.26
Polyketide	cytosol [GO:0005829]	34.26
Polyketide	apical part of cell [GO:0045177]	34.26
Polyketide	extracellular exosome [GO:0070062]	34.26
Polyketide	plasma membrane [GO:0005886]	34.26
Polyketide	cytoplasm [GO:0005737]	34.26
Polyketide	node of Ranvier [GO:0033268]	91.0
Polyketide	synapse [GO:0045202]	91.0
Polyketide	plasma membrane [GO:0005886]	91.0
Polyketide	axon initial segment [GO:0043194]	91.0
Polyketide	voltage-gated potassium channel complex [GO:0008076]	91.0
Polyketide	microtubule [GO:0005874]	41.42
Polyketide	cytoplasm [GO:0005737]	41.42
Polyketide	microtubule cytoskeleton [GO:0015630]	41.42
Polyketide	node of Ranvier [GO:0033268]	68.14
Polyketide	synapse [GO:0045202]	68.14
Polyketide	plasma membrane [GO:0005886]	68.14
Polyketide	axon initial segment [GO:0043194]	68.14
Polyketide	voltage-gated potassium channel complex [GO:0008076]	68.14
Polyketide	dendritic shaft [GO:0043198]	12.65
Polyketide	neuron projection [GO:0043005]	12.65
Polyketide	postsynaptic density [GO:0014069]	12.65
Polyketide	somatodendritic compartment [GO:0036477]	12.65
Polyketide	dendrite membrane [GO:0032590]	12.65
Polyketide	endoplasmic reticulum membrane [GO:0005789]	12.65
Polyketide	cell surface [GO:0009986]	12.65
Polyketide	presynaptic active zone membrane [GO:0048787]	12.65
Polyketide	neuronal cell body [GO:0043025]	12.65
Polyketide	dendrite cytoplasm [GO:0032839]	12.65
Polyketide	spine synapse [GO:0106033]	12.65
Polyketide	synaptic vesicle [GO:0008021]	12.65
Polyketide	Schaffer collateral - CA1 synapse [GO:0098685]	12.65
Polyketide	presynapse [GO:0098793]	12.65
Polyketide	growth cone [GO:0030426]	12.65
Polyketide	perikaryon [GO:0043204]	12.65
Polyketide	AMPA glutamate receptor complex [GO:0032281]	12.65
Polyketide	asymmetric synapse [GO:0032279]	12.65
Polyketide	dendrite [GO:0030425]	12.65
Polyketide	protein-containing complex [GO:0032991]	12.65
Polyketide	ionotropic glutamate receptor complex [GO:0008328]	12.65
Polyketide	dendritic spine head [GO:0044327]	12.65
Polyketide	dendritic spine neck [GO:0044326]	12.65
Polyketide	glutamatergic synapse [GO:0098978]	12.65
Polyketide	membrane [GO:0016020]	12.65
Polyketide	dendritic spine [GO:0043197]	12.65
Polyketide	perisynaptic space [GO:0099544]	12.65
Polyketide	endoplasmic reticulum [GO:0005783]	12.65
Polyketide	plasma membrane [GO:0005886]	12.65
Polyketide	postsynaptic membrane [GO:0045211]	12.65
Polyketide	synapse [GO:0045202]	12.65
Polyketide	terminal bouton [GO:0043195]	12.65
Polyketide	presynaptic membrane [GO:0042734]	12.65
Polyketide	postsynaptic density membrane [GO:0098839]	12.65
Polyketide	synaptic vesicle membrane [GO:0030672]	12.65
Polyketide	axon [GO:0030424]	12.65
Polyketide	synaptic membrane [GO:0097060]	12.65
Polyketide	cytosol [GO:0005829]	12.0
Polyketide	cytosolic DNA-directed RNA polymerase complex [GO:0000345]	12.0
Polyketide	membrane [GO:0016020]	12.0
Polyketide	cytoplasm [GO:0005737]	12.0
Polyketide	transcription elongation factor complex [GO:0008023]	12.0
Polyketide	DNA-directed RNA polymerase complex [GO:0000428]	5.62
Polyketide	sarcoplasmic reticulum membrane [GO:0033017]	29.52
Polyketide	postsynaptic density [GO:0014069]	29.52
Polyketide	Z disc [GO:0030018]	29.52
Polyketide	T-tubule [GO:0030315]	29.52
Polyketide	secretory granule [GO:0030141]	29.52
Polyketide	sarcolemma [GO:0042383]	29.52
Polyketide	cytoplasm [GO:0005737]	29.52
Polyketide	calyx of Held [GO:0044305]	29.52
Polyketide	azurophil granule [GO:0042582]	29.52
Polyketide	nuclear membrane [GO:0031965]	29.52
Polyketide	membrane raft [GO:0045121]	29.52
Polyketide	postsynaptic specialization, intracellular component [GO:0099091]	29.52
Polyketide	postsynaptic density, intracellular component [GO:0099092]	29.52
Polyketide	dendrite [GO:0030425]	29.52
Polyketide	protein-containing complex [GO:0032991]	29.52
Polyketide	perinuclear region of cytoplasm [GO:0048471]	29.52
Polyketide	cytosol [GO:0005829]	29.52
Polyketide	sarcoplasmic reticulum [GO:0016529]	29.52
Polyketide	glutamatergic synapse [GO:0098978]	29.52
Polyketide	dendritic spine [GO:0043197]	29.52
Polyketide	cell periphery [GO:0071944]	29.52
Polyketide	nucleus [GO:0005634]	29.52
Polyketide	mitochondrial outer membrane [GO:0005741]	29.52
Polyketide	plasma membrane [GO:0005886]	29.52
Polyketide	synapse [GO:0045202]	29.52
Polyketide	mitochondrion [GO:0005739]	29.52
Polyketide	photoreceptor inner segment [GO:0001917]	29.52
Polyketide	cytoskeleton [GO:0005856]	29.52
Polyketide	cell body [GO:0044297]	9.6
Polyketide	actin filament [GO:0005884]	9.6
Polyketide	skeletal muscle myofibril [GO:0098723]	9.6
Polyketide	stress fiber [GO:0001725]	9.6
Polyketide	filamentous actin [GO:0031941]	9.6
Polyketide	actin filament bundle [GO:0032432]	9.6
Polyketide	lamellipodium [GO:0030027]	9.6
Polyketide	striated muscle thin filament [GO:0005865]	9.6
Polyketide	cytoplasm [GO:0005737]	9.6
Polyketide	filopodium [GO:0030175]	9.6
Polyketide	membrane [GO:0016020]	54.38
Polyketide	receptor complex [GO:0043235]	54.38
Polyketide	protein-containing complex [GO:0032991]	61.25
Polyketide	cytosol [GO:0005829]	61.25
Polyketide	nucleoplasm [GO:0005654]	61.25
Polyketide	membrane [GO:0016020]	61.25
Polyketide	plasma membrane [GO:0005886]	61.25
Polyketide	euchromatin [GO:0000791]	61.25
Polyketide	chromatin [GO:0000785]	61.25
Polyketide	transcription regulator complex [GO:0005667]	61.25
Polyketide	nucleus [GO:0005634]	61.25
Polyketide	cytoplasm [GO:0005737]	61.25
Polyketide	Golgi apparatus [GO:0005794]	61.25
Polyketide	mitochondrial matrix [GO:0005759]	51.05
Polyketide	mitochondrion [GO:0005739]	51.05
Polyketide	extracellular exosome [GO:0070062]	51.05
Polyketide	nuclear envelope [GO:0005635]	39.22
Polyketide	perinuclear region of cytoplasm [GO:0048471]	39.22
Polyketide	cytosol [GO:0005829]	39.22
Polyketide	pericentriolar material [GO:0000242]	39.22
Polyketide	Golgi membrane [GO:0000139]	39.22
Polyketide	chromosome, telomeric region [GO:0000781]	39.22
Polyketide	nucleus [GO:0005634]	39.22
Polyketide	cytoplasm [GO:0005737]	39.22
Polyketide	mitochondrial proton-transporting ATP synthase, catalytic core [GO:0005754]	32.33
Polyketide	proton-transporting ATP synthase complex, catalytic core F(1) [GO:0045261]	32.33
Polyketide	mitochondrial proton-transporting ATP synthase complex [GO:0005753]	32.33
Polyketide	cytosol [GO:0005829]	32.33
Polyketide	mitochondrion [GO:0005739]	32.33
Polyketide	mitochondrial intermembrane space [GO:0005758]	32.33
Polyketide	mitochondrial inner membrane [GO:0005743]	32.33
Polyketide	dendrite [GO:0030425]	29.25
Polyketide	PML body [GO:0016605]	29.25
Polyketide	nuclear envelope [GO:0005635]	29.25
Polyketide	lysosome [GO:0005764]	29.25
Polyketide	endomembrane system [GO:0012505]	29.25
Polyketide	mitochondrial outer membrane [GO:0005741]	29.25
Polyketide	cytosol [GO:0005829]	29.25
Polyketide	Golgi membrane [GO:0000139]	29.25
Polyketide	nucleoplasm [GO:0005654]	29.25
Polyketide	endoplasmic reticulum membrane [GO:0005789]	29.25
Polyketide	membrane [GO:0016020]	29.25
Polyketide	TORC1 complex [GO:0031931]	29.25
Polyketide	nucleus [GO:0005634]	29.25
Polyketide	TORC2 complex [GO:0031932]	29.25
Polyketide	lysosomal membrane [GO:0005765]	29.25
Polyketide	cytoplasm [GO:0005737]	29.25
Polyketide	phagocytic vesicle [GO:0045335]	29.25
Polyketide	ATP-binding cassette (ABC) transporter complex [GO:0043190]	8.74
Polyketide	membrane [GO:0016020]	8.74
Polyketide	ATP-binding cassette (ABC) transporter complex, substrate-binding subunit-containing [GO:0055052]	8.74
Polyketide	maltose transport complex [GO:1990060]	8.74
Polyketide	periplasmic space [GO:0042597]	8.74
Polyketide	outer membrane-bounded periplasmic space [GO:0030288]	8.74
Polyketide	plasma membrane [GO:0005886]	50.0
Polyketide	proton-transporting ATP synthase complex, coupling factor F(o) [GO:0045263]	50.0
Polyketide	NuA4 histone acetyltransferase complex [GO:0035267]	12.0
Polyketide	GBAF complex [GO:0140288]	12.0
Polyketide	ribonucleoprotein complex [GO:1990904]	12.0
Polyketide	extracellular exosome [GO:0070062]	12.0
Polyketide	nucleoplasm [GO:0005654]	12.0
Polyketide	blood microparticle [GO:0072562]	12.0
Polyketide	adherens junction [GO:0005912]	12.0
Polyketide	cytoplasm [GO:0005737]	12.0
Polyketide	calyx of Held [GO:0044305]	12.0
Polyketide	axon [GO:0030424]	12.0
Polyketide	cortical cytoskeleton [GO:0030863]	12.0
Polyketide	SWI/SNF complex [GO:0016514]	12.0
Polyketide	kinetochore [GO:0000776]	12.0
Polyketide	lamellipodium [GO:0030027]	12.0
Polyketide	Schaffer collateral - CA1 synapse [GO:0098685]	12.0
Polyketide	actin cytoskeleton [GO:0015629]	12.0
Polyketide	postsynaptic actin cytoskeleton [GO:0098871]	12.0
Polyketide	dense body [GO:0097433]	12.0
Polyketide	presynapse [GO:0098793]	12.0
Polyketide	extracellular space [GO:0005615]	12.0
Polyketide	tight junction [GO:0070160]	12.0
Polyketide	apical junction complex [GO:0043296]	12.0
Polyketide	protein-containing complex [GO:0032991]	12.0
Polyketide	brahma complex [GO:0035060]	12.0
Polyketide	focal adhesion [GO:0005925]	12.0
Polyketide	actin filament [GO:0005884]	12.0
Polyketide	RSC-type complex [GO:0016586]	12.0
Polyketide	cell-cell junction [GO:0005911]	12.0
Polyketide	cytosol [GO:0005829]	12.0
Polyketide	glutamatergic synapse [GO:0098978]	12.0
Polyketide	membrane [GO:0016020]	12.0
Polyketide	nBAF complex [GO:0071565]	12.0
Polyketide	chromatin [GO:0000785]	12.0
Polyketide	cytoplasmic ribonucleoprotein granule [GO:0036464]	12.0
Polyketide	nucleus [GO:0005634]	12.0
Polyketide	npBAF complex [GO:0071564]	12.0
Polyketide	vesicle [GO:0031982]	12.0
Polyketide	nucleosome [GO:0000786]	12.0
Polyketide	plasma membrane [GO:0005886]	12.0
Polyketide	synapse [GO:0045202]	12.0
Polyketide	nuclear matrix [GO:0016363]	12.0
Polyketide	bBAF complex [GO:0140092]	12.0
Polyketide	cytoskeleton [GO:0005856]	12.0
Polyketide	brush border [GO:0005903]	12.0
Polyketide	protein-containing complex [GO:0032991]	48.38
Polyketide	centrosome [GO:0005813]	48.38
Polyketide	perinuclear region of cytoplasm [GO:0048471]	48.38
Polyketide	cytosol [GO:0005829]	48.38
Polyketide	extracellular exosome [GO:0070062]	48.38
Polyketide	photoreceptor outer segment [GO:0001750]	48.38
Polyketide	ciliary basal body [GO:0036064]	48.38
Polyketide	photoreceptor inner segment [GO:0001917]	48.38
Polyketide	centriole [GO:0005814]	48.38
Polyketide	microtubule organizing center [GO:0005815]	48.38
Polyketide	host cell nucleus [GO:0042025]	35.41
Polyketide	viral envelope [GO:0019031]	35.41
Polyketide	host cell plasma membrane [GO:0020002]	35.41
Polyketide	host cell lipid droplet [GO:0044186]	35.41
Polyketide	host cell endoplasmic reticulum membrane [GO:0044167]	35.41
Polyketide	host cell mitochondrial membrane [GO:0044191]	35.41
Polyketide	ribonucleoprotein complex [GO:1990904]	35.41
Polyketide	membrane [GO:0016020]	35.41
Polyketide	viral nucleocapsid [GO:0019013]	35.41
Polyketide	virion membrane [GO:0055036]	35.41
Polyketide	host cell perinuclear region of cytoplasm [GO:0044220]	35.41
Polyketide	cytosol [GO:0005829]	6.38
Polyketide	cytosolic DNA-directed RNA polymerase complex [GO:0000345]	6.38
Polyketide	membrane [GO:0016020]	6.38
Polyketide	cytoplasm [GO:0005737]	6.38
Polyketide	transcription elongation factor complex [GO:0008023]	6.38
Polyketide	endocytic vesicle [GO:0030139]	11.6
Polyketide	endoplasmic reticulum lumen [GO:0005788]	11.6
Polyketide	HFE-transferrin receptor complex [GO:1990712]	11.6
Polyketide	secretory granule lumen [GO:0034774]	11.6
Polyketide	extracellular exosome [GO:0070062]	11.6
Polyketide	blood microparticle [GO:0072562]	11.6
Polyketide	cell surface [GO:0009986]	11.6
Polyketide	recycling endosome [GO:0055037]	11.6
Polyketide	endosome membrane [GO:0010008]	11.6
Polyketide	clathrin-coated pit [GO:0005905]	11.6
Polyketide	extracellular space [GO:0005615]	11.6
Polyketide	perinuclear region of cytoplasm [GO:0048471]	11.6
Polyketide	early endosome [GO:0005769]	11.6
Polyketide	extracellular region [GO:0005576]	11.6
Polyketide	cytoplasmic vesicle [GO:0031410]	11.6
Polyketide	vesicle [GO:0031982]	11.6
Polyketide	basal plasma membrane [GO:0009925]	11.6
Polyketide	apical plasma membrane [GO:0016324]	11.6
Polyketide	plasma membrane [GO:0005886]	11.6
Polyketide	basal part of cell [GO:0045178]	11.6
Polyketide	clathrin-coated endocytic vesicle membrane [GO:0030669]	11.6
Polyketide	late endosome [GO:0005770]	11.6
Polyketide	tertiary granule lumen [GO:1904724]	38.7
Polyketide	cytosol [GO:0005829]	38.7
Polyketide	ficolin-1-rich granule lumen [GO:1904813]	38.7
Polyketide	extracellular exosome [GO:0070062]	38.7
Polyketide	nucleoplasm [GO:0005654]	38.7
Polyketide	extracellular region [GO:0005576]	38.7
Polyketide	nucleus [GO:0005634]	38.7
Polyketide	plasma membrane [GO:0005886]	43.0
Polyketide	proton-transporting ATP synthase complex, coupling factor F(o) [GO:0045263]	43.0
Polyketide	fungal biofilm matrix [GO:0062040]	1.0
Polyketide	cytoplasm [GO:0005737]	1.0
Polyketide	extracellular region [GO:0005576]	1.0
Polyketide	cytosol [GO:0005829]	58.44
Polyketide	collagen-containing extracellular matrix [GO:0062023]	-4.95
Polyketide	cytoplasm [GO:0005737]	-4.95
Polyketide	secretory granule membrane [GO:0030667]	-4.95
Polyketide	cytosol [GO:0005829]	-4.95
Polyketide	ficolin-1-rich granule membrane [GO:0101003]	-4.95
Polyketide	immunological synapse [GO:0001772]	-4.95
Polyketide	extracellular exosome [GO:0070062]	-4.95
Polyketide	spliceosomal complex [GO:0005681]	-4.95
Polyketide	nucleoplasm [GO:0005654]	-4.95
Polyketide	membrane [GO:0016020]	-4.95
Polyketide	plasma membrane [GO:0005886]	-4.95
Polyketide	extracellular region [GO:0005576]	-4.95
Polyketide	extracellular space [GO:0005615]	-4.95
Polyketide	nucleus [GO:0005634]	-4.95
Polyketide	cell surface [GO:0009986]	-4.95
Polyketide	mitochondrial inner membrane [GO:0005743]	-4.95
Polyketide	nucleoplasm [GO:0005654]	61.75
Polyketide	cytosol [GO:0005829]	61.75
Polyketide	extracellular exosome [GO:0070062]	61.75
Polyketide	cytoplasm [GO:0005737]	41.23
Polyketide	protein-containing complex [GO:0032991]	49.19
Polyketide	endocytic vesicle membrane [GO:0030666]	49.19
Polyketide	cytosol [GO:0005829]	49.19
Polyketide	transcription repressor complex [GO:0017053]	49.19
Polyketide	nucleoplasm [GO:0005654]	49.19
Polyketide	plasma membrane [GO:0005886]	49.19
Polyketide	nucleus [GO:0005634]	49.19
Polyketide	cytoplasm [GO:0005737]	49.19
Polyketide	nucleolus [GO:0005730]	49.19
Polyketide	protein-containing complex [GO:0032991]	32.42
Polyketide	mitotic spindle [GO:0072686]	32.42
Polyketide	cytosol [GO:0005829]	32.42
Polyketide	microtubule [GO:0005874]	32.42
Polyketide	membrane [GO:0016020]	32.42
Polyketide	nucleus [GO:0005634]	32.42
Polyketide	spindle [GO:0005819]	32.42
Polyketide	spindle pole [GO:0000922]	32.42
Polyketide	kinesin complex [GO:0005871]	32.42
Polyketide	cell body [GO:0044297]	8.44
Polyketide	actin filament [GO:0005884]	8.44
Polyketide	skeletal muscle myofibril [GO:0098723]	8.44
Polyketide	stress fiber [GO:0001725]	8.44
Polyketide	filamentous actin [GO:0031941]	8.44
Polyketide	actin filament bundle [GO:0032432]	8.44
Polyketide	lamellipodium [GO:0030027]	8.44
Polyketide	striated muscle thin filament [GO:0005865]	8.44
Polyketide	cytoplasm [GO:0005737]	8.44
Polyketide	filopodium [GO:0030175]	8.44
Polyketide	protein-containing complex [GO:0032991]	62.58
Polyketide	cytosol [GO:0005829]	62.58
Polyketide	nucleoplasm [GO:0005654]	62.58
Polyketide	membrane [GO:0016020]	62.58
Polyketide	plasma membrane [GO:0005886]	62.58
Polyketide	euchromatin [GO:0000791]	62.58
Polyketide	chromatin [GO:0000785]	62.58
Polyketide	transcription regulator complex [GO:0005667]	62.58
Polyketide	nucleus [GO:0005634]	62.58
Polyketide	cytoplasm [GO:0005737]	62.58
Polyketide	Golgi apparatus [GO:0005794]	62.58
Polyketide	sarcoplasmic reticulum membrane [GO:0033017]	46.53
Polyketide	cytoplasmic side of membrane [GO:0098562]	46.53
Polyketide	cytosol [GO:0005829]	46.53
Polyketide	Z disc [GO:0030018]	46.53
Polyketide	sarcoplasmic reticulum [GO:0016529]	46.53
Polyketide	terminal cisterna [GO:0014802]	46.53
Polyketide	membrane [GO:0016020]	46.53
Polyketide	ryanodine receptor complex [GO:1990425]	46.53
Polyketide	cytoplasm [GO:0005737]	46.53
Polyketide	protein-containing complex [GO:0032991]	67.5
Polyketide	cytosol [GO:0005829]	67.5
Polyketide	nucleoplasm [GO:0005654]	67.5
Polyketide	membrane [GO:0016020]	67.5
Polyketide	plasma membrane [GO:0005886]	67.5
Polyketide	euchromatin [GO:0000791]	67.5
Polyketide	chromatin [GO:0000785]	67.5
Polyketide	transcription regulator complex [GO:0005667]	67.5
Polyketide	nucleus [GO:0005634]	67.5
Polyketide	cytoplasm [GO:0005737]	67.5
Polyketide	Golgi apparatus [GO:0005794]	67.5
Polyketide	extracellular space [GO:0005615]	23.0
Polyketide	extracellular region [GO:0005576]	23.0
Polyketide	mitochondrial proton-transporting ATP synthase complex [GO:0005753]	67.09
Polyketide	cytosol [GO:0005829]	67.09
Polyketide	mitochondrial proton-transporting ATP synthase complex, coupling factor F(o) [GO:0000276]	67.09
Polyketide	mitochondrion [GO:0005739]	67.09
Polyketide	mitochondrial intermembrane space [GO:0005758]	67.09
Polyketide	mitochondrial inner membrane [GO:0005743]	67.09
Polyketide	sarcoplasmic reticulum membrane [GO:0033017]	42.56
Polyketide	cytoplasmic side of membrane [GO:0098562]	42.56
Polyketide	cytosol [GO:0005829]	42.56
Polyketide	Z disc [GO:0030018]	42.56
Polyketide	sarcoplasmic reticulum [GO:0016529]	42.56
Polyketide	terminal cisterna [GO:0014802]	42.56
Polyketide	membrane [GO:0016020]	42.56
Polyketide	ryanodine receptor complex [GO:1990425]	42.56
Polyketide	cytoplasm [GO:0005737]	42.56
Polyketide	cell body [GO:0044297]	6.15
Polyketide	actin filament [GO:0005884]	6.15
Polyketide	skeletal muscle myofibril [GO:0098723]	6.15
Polyketide	stress fiber [GO:0001725]	6.15
Polyketide	filamentous actin [GO:0031941]	6.15
Polyketide	actin filament bundle [GO:0032432]	6.15
Polyketide	lamellipodium [GO:0030027]	6.15
Polyketide	striated muscle thin filament [GO:0005865]	6.15
Polyketide	cytoplasm [GO:0005737]	6.15
Polyketide	filopodium [GO:0030175]	6.15
Polyketide	cell body [GO:0044297]	26.44
Polyketide	actin filament [GO:0005884]	26.44
Polyketide	skeletal muscle myofibril [GO:0098723]	26.44
Polyketide	stress fiber [GO:0001725]	26.44
Polyketide	filamentous actin [GO:0031941]	26.44
Polyketide	actin filament bundle [GO:0032432]	26.44
Polyketide	lamellipodium [GO:0030027]	26.44
Polyketide	striated muscle thin filament [GO:0005865]	26.44
Polyketide	cytoplasm [GO:0005737]	26.44
Polyketide	filopodium [GO:0030175]	26.44
Polyketide	endoplasmic reticulum lumen [GO:0005788]	54.57
Polyketide	ER to Golgi transport vesicle membrane [GO:0012507]	54.57
Polyketide	HFE-transferrin receptor complex [GO:1990712]	54.57
Polyketide	extracellular exosome [GO:0070062]	54.57
Polyketide	external side of plasma membrane [GO:0009897]	54.57
Polyketide	cell surface [GO:0009986]	54.57
Polyketide	phagocytic vesicle membrane [GO:0030670]	54.57
Polyketide	early endosome membrane [GO:0031901]	54.57
Polyketide	endosome membrane [GO:0010008]	54.57
Polyketide	lysosome [GO:0005764]	54.57
Polyketide	Golgi membrane [GO:0000139]	54.57
Polyketide	extracellular space [GO:0005615]	54.57
Polyketide	lysosomal membrane [GO:0005765]	54.57
Polyketide	Golgi apparatus [GO:0005794]	54.57
Polyketide	focal adhesion [GO:0005925]	54.57
Polyketide	cytosol [GO:0005829]	54.57
Polyketide	intracellular membrane-bounded organelle [GO:0043231]	54.57
Polyketide	membrane [GO:0016020]	54.57
Polyketide	specific granule lumen [GO:0035580]	54.57
Polyketide	extracellular region [GO:0005576]	54.57
Polyketide	endoplasmic reticulum [GO:0005783]	54.57
Polyketide	early endosome lumen [GO:0031905]	54.57
Polyketide	late endosome membrane [GO:0031902]	54.57
Polyketide	MHC class I protein complex [GO:0042612]	54.57
Polyketide	MHC class II protein complex [GO:0042613]	54.57
Polyketide	MHC class I peptide loading complex [GO:0042824]	54.57
Polyketide	tertiary granule lumen [GO:1904724]	54.57
Polyketide	plasma membrane [GO:0005886]	54.57
Polyketide	recycling endosome membrane [GO:0055038]	54.57
Polyketide	Sin3-type complex [GO:0070822]	24.53
Polyketide	cytosol [GO:0005829]	24.53
Polyketide	plasma membrane [GO:0005886]	24.53
Polyketide	nucleoplasm [GO:0005654]	24.53
Polyketide	protein kinase CK2 complex [GO:0005956]	24.53
Polyketide	nucleus [GO:0005634]	24.53
Polyketide	PML body [GO:0016605]	24.53
Polyketide	histone deacetylase complex [GO:0000118]	6.75
Polyketide	cell body [GO:0044297]	18.95
Polyketide	actin filament [GO:0005884]	18.95
Polyketide	skeletal muscle myofibril [GO:0098723]	18.95
Polyketide	stress fiber [GO:0001725]	18.95
Polyketide	filamentous actin [GO:0031941]	18.95
Polyketide	actin filament bundle [GO:0032432]	18.95
Polyketide	lamellipodium [GO:0030027]	18.95
Polyketide	striated muscle thin filament [GO:0005865]	18.95
Polyketide	cytoplasm [GO:0005737]	18.95
Polyketide	filopodium [GO:0030175]	18.95
Polyketide	proton-transporting ATP synthase complex, catalytic core F(1) [GO:0045261]	-22.5
Polyketide	plasma membrane [GO:0005886]	-22.5
Polyketide	mitochondrial proton-transporting ATP synthase, catalytic core [GO:0005754]	-22.5
Polyketide	mitochondrial proton-transporting ATP synthase complex [GO:0005753]	-22.5
Polyketide	microtubule [GO:0005874]	14.31
Polyketide	cytoplasm [GO:0005737]	14.31
Polyketide	protein-containing complex [GO:0032991]	64.96
Polyketide	cytosol [GO:0005829]	64.96
Polyketide	nucleoplasm [GO:0005654]	64.96
Polyketide	membrane [GO:0016020]	64.96
Polyketide	plasma membrane [GO:0005886]	64.96
Polyketide	euchromatin [GO:0000791]	64.96
Polyketide	chromatin [GO:0000785]	64.96
Polyketide	transcription regulator complex [GO:0005667]	64.96
Polyketide	nucleus [GO:0005634]	64.96
Polyketide	cytoplasm [GO:0005737]	64.96
Polyketide	Golgi apparatus [GO:0005794]	64.96
Polyketide	collagen-containing extracellular matrix [GO:0062023]	10.38
Polyketide	lysosomal lumen [GO:0043202]	10.38
Polyketide	lysosome [GO:0005764]	10.38
Polyketide	tertiary granule lumen [GO:1904724]	10.38
Polyketide	ficolin-1-rich granule lumen [GO:1904813]	10.38
Polyketide	endolysosome lumen [GO:0036021]	10.38
Polyketide	intracellular membrane-bounded organelle [GO:0043231]	10.38
Polyketide	extracellular region [GO:0005576]	10.38
Polyketide	extracellular space [GO:0005615]	10.38
Polyketide	late endosome [GO:0005770]	10.38
Polyketide	phagocytic vesicle [GO:0045335]	10.38
Polyketide	cytoplasm [GO:0005737]	29.46
Polyketide	extracellular region [GO:0005576]	15.88
Polyketide	vacuolar proton-transporting V-type ATPase, V0 domain [GO:0000220]	87.0
Polyketide	synaptic vesicle membrane [GO:0030672]	87.0
Polyketide	clathrin-coated vesicle membrane [GO:0030665]	87.0
Polyketide	proton-transporting V-type ATPase complex [GO:0033176]	89.86
Polyketide	vacuolar proton-transporting V-type ATPase, V0 domain [GO:0000220]	89.86
Polyketide	Golgi membrane [GO:0000139]	89.86
Polyketide	fungal-type vacuole [GO:0000324]	89.86
Polyketide	membrane [GO:0016020]	89.86
Polyketide	cell periphery [GO:0071944]	89.86
Polyketide	vacuolar proton-transporting V-type ATPase complex [GO:0016471]	89.86
Polyketide	fungal-type vacuole membrane [GO:0000329]	89.86
Polyketide	cytosol [GO:0005829]	15.33
Polyketide	cytosolic large ribosomal subunit [GO:0022625]	15.33
Polyketide	intracellular membrane-bounded organelle [GO:0043231]	47.91
Polyketide	endoplasmic reticulum membrane [GO:0005789]	47.91
Polyketide	protein-containing complex [GO:0032991]	67.19
Polyketide	cytosol [GO:0005829]	67.19
Polyketide	nucleoplasm [GO:0005654]	67.19
Polyketide	membrane [GO:0016020]	67.19
Polyketide	plasma membrane [GO:0005886]	67.19
Polyketide	euchromatin [GO:0000791]	67.19
Polyketide	chromatin [GO:0000785]	67.19
Polyketide	transcription regulator complex [GO:0005667]	67.19
Polyketide	nucleus [GO:0005634]	67.19
Polyketide	cytoplasm [GO:0005737]	67.19
Polyketide	Golgi apparatus [GO:0005794]	67.19
Polyketide	protein-containing complex [GO:0032991]	62.93
Polyketide	cytosol [GO:0005829]	62.93
Polyketide	nucleoplasm [GO:0005654]	62.93
Polyketide	membrane [GO:0016020]	62.93
Polyketide	plasma membrane [GO:0005886]	62.93
Polyketide	euchromatin [GO:0000791]	62.93
Polyketide	chromatin [GO:0000785]	62.93
Polyketide	transcription regulator complex [GO:0005667]	62.93
Polyketide	nucleus [GO:0005634]	62.93
Polyketide	cytoplasm [GO:0005737]	62.93
Polyketide	Golgi apparatus [GO:0005794]	62.93
Polyketide	dendrite [GO:0030425]	60.6
Polyketide	chloride channel complex [GO:0034707]	60.6
Polyketide	neuron projection [GO:0043005]	60.6
Polyketide	plasma membrane [GO:0005886]	60.6
Polyketide	membrane [GO:0016020]	60.6
Polyketide	postsynaptic membrane [GO:0045211]	60.6
Polyketide	synapse [GO:0045202]	60.6
Polyketide	perikaryon [GO:0043204]	60.6
Polyketide	periplasmic space [GO:0042597]	62.0
Polyketide	secretory granule membrane [GO:0030667]	34.26
Polyketide	clathrin-sculpted monoamine transport vesicle membrane [GO:0070083]	34.26
Polyketide	terminal bouton [GO:0043195]	34.26
Polyketide	synaptic vesicle membrane [GO:0030672]	34.26
Polyketide	presynapse [GO:0098793]	34.26
Polyketide	endoplasmic reticulum membrane [GO:0005789]	34.26
Polyketide	protein-containing complex [GO:0032991]	53.64
Polyketide	endocytic vesicle membrane [GO:0030666]	53.64
Polyketide	cytosol [GO:0005829]	53.64
Polyketide	transcription repressor complex [GO:0017053]	53.64
Polyketide	nucleoplasm [GO:0005654]	53.64
Polyketide	plasma membrane [GO:0005886]	53.64
Polyketide	nucleus [GO:0005634]	53.64
Polyketide	cytoplasm [GO:0005737]	53.64
Polyketide	nucleolus [GO:0005730]	53.64
Polyketide	collagen-containing extracellular matrix [GO:0062023]	24.67
Polyketide	secretory granule lumen [GO:0034774]	24.67
Polyketide	azurophil granule lumen [GO:0035578]	24.67
Polyketide	extracellular exosome [GO:0070062]	24.67
Polyketide	blood microparticle [GO:0072562]	24.67
Polyketide	platelet alpha granule lumen [GO:0031093]	24.67
Polyketide	extracellular region [GO:0005576]	24.67
Polyketide	extracellular space [GO:0005615]	24.67
Polyketide	nucleus [GO:0005634]	24.67
Polyketide	extracellular space [GO:0005615]	24.92
Polyketide	membrane [GO:0016020]	24.92
Polyketide	food vacuole [GO:0020020]	24.92
Polyketide	protein-containing complex [GO:0032991]	68.55
Polyketide	cytosol [GO:0005829]	68.55
Polyketide	nucleoplasm [GO:0005654]	68.55
Polyketide	membrane [GO:0016020]	68.55
Polyketide	plasma membrane [GO:0005886]	68.55
Polyketide	euchromatin [GO:0000791]	68.55
Polyketide	chromatin [GO:0000785]	68.55
Polyketide	transcription regulator complex [GO:0005667]	68.55
Polyketide	nucleus [GO:0005634]	68.55
Polyketide	cytoplasm [GO:0005737]	68.55
Polyketide	Golgi apparatus [GO:0005794]	68.55
Polyketide	dendrite [GO:0030425]	28.86
Polyketide	PML body [GO:0016605]	28.86
Polyketide	nuclear envelope [GO:0005635]	28.86
Polyketide	lysosome [GO:0005764]	28.86
Polyketide	endomembrane system [GO:0012505]	28.86
Polyketide	mitochondrial outer membrane [GO:0005741]	28.86
Polyketide	cytosol [GO:0005829]	28.86
Polyketide	Golgi membrane [GO:0000139]	28.86
Polyketide	nucleoplasm [GO:0005654]	28.86
Polyketide	endoplasmic reticulum membrane [GO:0005789]	28.86
Polyketide	membrane [GO:0016020]	28.86
Polyketide	TORC1 complex [GO:0031931]	28.86
Polyketide	nucleus [GO:0005634]	28.86
Polyketide	TORC2 complex [GO:0031932]	28.86
Polyketide	lysosomal membrane [GO:0005765]	28.86
Polyketide	cytoplasm [GO:0005737]	28.86
Polyketide	phagocytic vesicle [GO:0045335]	28.86
Polyketide	nuclear chromosome [GO:0000228]	26.0
Polyketide	histone deacetylase complex [GO:0000118]	26.0
Polyketide	cytoplasm [GO:0005737]	26.0
Polyketide	nucleoplasm [GO:0005654]	26.0
Polyketide	nucleus [GO:0005634]	26.0
Polyketide	sarcoplasmic reticulum membrane [GO:0033017]	44.0
Polyketide	cytoplasmic side of membrane [GO:0098562]	44.0
Polyketide	cytosol [GO:0005829]	44.0
Polyketide	Z disc [GO:0030018]	44.0
Polyketide	sarcoplasmic reticulum [GO:0016529]	44.0
Polyketide	terminal cisterna [GO:0014802]	44.0
Polyketide	membrane [GO:0016020]	44.0
Polyketide	ryanodine receptor complex [GO:1990425]	44.0
Polyketide	cytoplasm [GO:0005737]	44.0
Polyketide	plasma membrane [GO:0005886]	27.78
Polyketide	efflux pump complex [GO:1990281]	24.55
Polyketide	outer membrane-bounded periplasmic space [GO:0030288]	24.55
Polyketide	periplasmic side of plasma membrane [GO:0098567]	24.55
Polyketide	plasma membrane [GO:0005886]	24.55
Polyketide	membrane [GO:0016020]	24.55
Polyketide	chromosome [GO:0005694]	18.65
Polyketide	cytoplasm [GO:0005737]	18.65
Polyketide	tertiary granule lumen [GO:1904724]	35.11
Polyketide	cytosol [GO:0005829]	35.11
Polyketide	ficolin-1-rich granule lumen [GO:1904813]	35.11
Polyketide	extracellular exosome [GO:0070062]	35.11
Polyketide	nucleoplasm [GO:0005654]	35.11
Polyketide	extracellular region [GO:0005576]	35.11
Polyketide	nucleus [GO:0005634]	35.11
Polyketide	extracellular region [GO:0005576]	55.75
Polyketide	extracellular exosome [GO:0070062]	55.75
Polyketide	azurophil granule lumen [GO:0035578]	55.75
Polyketide	extracellular space [GO:0005615]	55.75
Polyketide	cell body [GO:0044297]	17.63
Polyketide	actin filament [GO:0005884]	17.63
Polyketide	skeletal muscle myofibril [GO:0098723]	17.63
Polyketide	stress fiber [GO:0001725]	17.63
Polyketide	filamentous actin [GO:0031941]	17.63
Polyketide	actin filament bundle [GO:0032432]	17.63
Polyketide	lamellipodium [GO:0030027]	17.63
Polyketide	striated muscle thin filament [GO:0005865]	17.63
Polyketide	cytoplasm [GO:0005737]	17.63
Polyketide	filopodium [GO:0030175]	17.63
Polyketide	endoplasmic reticulum [GO:0005783]	7.89
Polyketide	endoplasmic reticulum membrane [GO:0005789]	7.89
Polyketide	Ire1 complex [GO:1990332]	7.89
Polyketide	nucleus [GO:0005634]	7.89
Polyketide	IRE1-TRAF2-ASK1 complex [GO:1990604]	7.89
Polyketide	extracellular region [GO:0005576]	38.89
Polyketide	extracellular exosome [GO:0070062]	38.89
Polyketide	azurophil granule lumen [GO:0035578]	38.89
Polyketide	extracellular space [GO:0005615]	38.89
Polyketide	extracellular space [GO:0005615]	36.3
Polyketide	azurophil granule lumen [GO:0035578]	36.3
Polyketide	extracellular region [GO:0005576]	36.3
Polyketide	extracellular exosome [GO:0070062]	36.3
Polyketide	mitochondrial proton-transporting ATP synthase complex [GO:0005753]	67.09
Polyketide	cytosol [GO:0005829]	67.09
Polyketide	mitochondrial proton-transporting ATP synthase complex, coupling factor F(o) [GO:0000276]	67.09
Polyketide	mitochondrion [GO:0005739]	67.09
Polyketide	mitochondrial intermembrane space [GO:0005758]	67.09
Polyketide	mitochondrial inner membrane [GO:0005743]	67.09
Polyketide	cytosol [GO:0005829]	35.64
Polyketide	Z disc [GO:0030018]	35.64
Polyketide	calcineurin complex [GO:0005955]	35.64
Polyketide	dendritic spine [GO:0043197]	35.64
Polyketide	sarcolemma [GO:0042383]	35.64
Polyketide	cytoplasm [GO:0005737]	35.64
Polyketide	membrane [GO:0016020]	37.86
Polyketide	host cell nucleus [GO:0042025]	45.69
Polyketide	protein-containing complex [GO:0032991]	45.69
Polyketide	host cell plasma membrane [GO:0020002]	45.69
Polyketide	host cell lipid droplet [GO:0044186]	45.69
Polyketide	viral envelope [GO:0019031]	45.69
Polyketide	host cell endoplasmic reticulum membrane [GO:0044167]	45.69
Polyketide	host cell mitochondrial membrane [GO:0044191]	45.69
Polyketide	ribonucleoprotein complex [GO:1990904]	45.69
Polyketide	membrane [GO:0016020]	45.69
Polyketide	viral nucleocapsid [GO:0019013]	45.69
Polyketide	virion membrane [GO:0055036]	45.69
Polyketide	host cell perinuclear region of cytoplasm [GO:0044220]	45.69
Polyketide	periplasmic space [GO:0042597]	25.41
Polyketide	nuclear periphery [GO:0034399]	0.0
Polyketide	main axon [GO:0044304]	0.0
Polyketide	neurofibrillary tangle [GO:0097418]	0.0
Polyketide	neuron projection [GO:0043005]	0.0
Polyketide	somatodendritic compartment [GO:0036477]	0.0
Polyketide	microtubule [GO:0005874]	0.0
Polyketide	cytoplasm [GO:0005737]	0.0
Polyketide	neuronal cell body [GO:0043025]	0.0
Polyketide	cell body [GO:0044297]	0.0
Polyketide	nuclear speck [GO:0016607]	0.0
Polyketide	growth cone [GO:0030426]	0.0
Polyketide	membrane raft [GO:0045121]	0.0
Polyketide	dendrite [GO:0030425]	0.0
Polyketide	tubulin complex [GO:0045298]	0.0
Polyketide	microtubule cytoskeleton [GO:0015630]	0.0
Polyketide	cytosol [GO:0005829]	0.0
Polyketide	axolemma [GO:0030673]	0.0
Polyketide	glial cell projection [GO:0097386]	0.0
Polyketide	dendritic spine [GO:0043197]	0.0
Polyketide	extracellular region [GO:0005576]	0.0
Polyketide	cytoplasmic ribonucleoprotein granule [GO:0036464]	0.0
Polyketide	nucleus [GO:0005634]	0.0
Polyketide	axon cytoplasm [GO:1904115]	0.0
Polyketide	plasma membrane [GO:0005886]	0.0
Polyketide	mitochondrion [GO:0005739]	0.0
Polyketide	axon [GO:0030424]	0.0
Polyketide	collagen-containing extracellular matrix [GO:0062023]	22.5
Polyketide	secretory granule lumen [GO:0034774]	22.5
Polyketide	azurophil granule lumen [GO:0035578]	22.5
Polyketide	extracellular exosome [GO:0070062]	22.5
Polyketide	blood microparticle [GO:0072562]	22.5
Polyketide	platelet alpha granule lumen [GO:0031093]	22.5
Polyketide	extracellular region [GO:0005576]	22.5
Polyketide	extracellular space [GO:0005615]	22.5
Polyketide	nucleus [GO:0005634]	22.5
Polyketide	nucleoplasm [GO:0005654]	38.71
Polyketide	mitochondrial respiratory chain complex I [GO:0005747]	38.71
Polyketide	extracellular region [GO:0005576]	19.17
Polyketide	extracellular region [GO:0005576]	6.57
Polyketide	extracellular exosome [GO:0070062]	6.57
Polyketide	azurophil granule lumen [GO:0035578]	6.57
Polyketide	extracellular space [GO:0005615]	6.57
Polyketide	peroxisomal matrix [GO:0005782]	39.83
Polyketide	peroxisome [GO:0005777]	39.83
Polyketide	cytosol [GO:0005829]	39.83
Polyketide	extracellular exosome [GO:0070062]	39.83
Polyketide	nucleus [GO:0005634]	23.8
Polyketide	nucleolus [GO:0005730]	23.8
Polyketide	dendrite [GO:0030425]	22.27
Polyketide	PML body [GO:0016605]	22.27
Polyketide	nuclear envelope [GO:0005635]	22.27
Polyketide	lysosome [GO:0005764]	22.27
Polyketide	endomembrane system [GO:0012505]	22.27
Polyketide	mitochondrial outer membrane [GO:0005741]	22.27
Polyketide	cytosol [GO:0005829]	22.27
Polyketide	Golgi membrane [GO:0000139]	22.27
Polyketide	nucleoplasm [GO:0005654]	22.27
Polyketide	endoplasmic reticulum membrane [GO:0005789]	22.27
Polyketide	membrane [GO:0016020]	22.27
Polyketide	TORC1 complex [GO:0031931]	22.27
Polyketide	nucleus [GO:0005634]	22.27
Polyketide	TORC2 complex [GO:0031932]	22.27
Polyketide	lysosomal membrane [GO:0005765]	22.27
Polyketide	cytoplasm [GO:0005737]	22.27
Polyketide	phagocytic vesicle [GO:0045335]	22.27
Polyketide	extracellular space [GO:0005615]	33.83
Polyketide	azurophil granule lumen [GO:0035578]	33.83
Polyketide	extracellular region [GO:0005576]	33.83
Polyketide	extracellular exosome [GO:0070062]	33.83
Polyketide	heterochromatin [GO:0000792]	13.6
Polyketide	perinuclear region of cytoplasm [GO:0048471]	13.6
Polyketide	dense fibrillar component [GO:0001651]	13.6
Polyketide	receptor complex [GO:0043235]	13.6
Polyketide	euchromatin [GO:0000791]	13.6
Polyketide	nuclear matrix [GO:0016363]	13.6
Polyketide	RNA polymerase II transcription regulator complex [GO:0090575]	13.6
Polyketide	T-tubule [GO:0030315]	13.6
Polyketide	nucleus [GO:0005634]	13.6
Polyketide	node of Ranvier [GO:0033268]	64.53
Polyketide	synapse [GO:0045202]	64.53
Polyketide	plasma membrane [GO:0005886]	64.53
Polyketide	axon initial segment [GO:0043194]	64.53
Polyketide	voltage-gated potassium channel complex [GO:0008076]	64.53
Polyketide	endoplasmic reticulum lumen [GO:0005788]	25.15
Polyketide	endosome [GO:0005768]	25.15
Polyketide	Golgi-associated vesicle lumen [GO:0070931]	25.15
Polyketide	cell surface [GO:0009986]	25.15
Polyketide	neuronal cell body [GO:0043025]	25.15
Polyketide	recycling endosome [GO:0055037]	25.15
Polyketide	trans-Golgi network [GO:0005802]	25.15
Polyketide	endosome membrane [GO:0010008]	25.15
Polyketide	synaptic vesicle [GO:0008021]	25.15
Polyketide	lysosome [GO:0005764]	25.15
Polyketide	membrane raft [GO:0045121]	25.15
Polyketide	Golgi apparatus [GO:0005794]	25.15
Polyketide	dendrite [GO:0030425]	25.15
Polyketide	early endosome [GO:0005769]	25.15
Polyketide	membrane [GO:0016020]	25.15
Polyketide	multivesicular body [GO:0005771]	25.15
Polyketide	plasma membrane [GO:0005886]	25.15
Polyketide	hippocampal mossy fiber to CA3 synapse [GO:0098686]	25.15
Polyketide	axon [GO:0030424]	25.15
Polyketide	late endosome [GO:0005770]	25.15
Polyketide	node of Ranvier [GO:0033268]	91.67
Polyketide	synapse [GO:0045202]	91.67
Polyketide	plasma membrane [GO:0005886]	91.67
Polyketide	axon initial segment [GO:0043194]	91.67
Polyketide	voltage-gated potassium channel complex [GO:0008076]	91.67
Polyketide	dendritic shaft [GO:0043198]	17.93
Polyketide	neuron projection [GO:0043005]	17.93
Polyketide	postsynaptic density [GO:0014069]	17.93
Polyketide	somatodendritic compartment [GO:0036477]	17.93
Polyketide	dendrite membrane [GO:0032590]	17.93
Polyketide	endoplasmic reticulum membrane [GO:0005789]	17.93
Polyketide	cell surface [GO:0009986]	17.93
Polyketide	presynaptic active zone membrane [GO:0048787]	17.93
Polyketide	neuronal cell body [GO:0043025]	17.93
Polyketide	dendrite cytoplasm [GO:0032839]	17.93
Polyketide	spine synapse [GO:0106033]	17.93
Polyketide	synaptic vesicle [GO:0008021]	17.93
Polyketide	Schaffer collateral - CA1 synapse [GO:0098685]	17.93
Polyketide	presynapse [GO:0098793]	17.93
Polyketide	growth cone [GO:0030426]	17.93
Polyketide	perikaryon [GO:0043204]	17.93
Polyketide	AMPA glutamate receptor complex [GO:0032281]	17.93
Polyketide	asymmetric synapse [GO:0032279]	17.93
Polyketide	dendrite [GO:0030425]	17.93
Polyketide	protein-containing complex [GO:0032991]	17.93
Polyketide	ionotropic glutamate receptor complex [GO:0008328]	17.93
Polyketide	dendritic spine head [GO:0044327]	17.93
Polyketide	dendritic spine neck [GO:0044326]	17.93
Polyketide	glutamatergic synapse [GO:0098978]	17.93
Polyketide	membrane [GO:0016020]	17.93
Polyketide	dendritic spine [GO:0043197]	17.93
Polyketide	perisynaptic space [GO:0099544]	17.93
Polyketide	endoplasmic reticulum [GO:0005783]	17.93
Polyketide	plasma membrane [GO:0005886]	17.93
Polyketide	postsynaptic membrane [GO:0045211]	17.93
Polyketide	synapse [GO:0045202]	17.93
Polyketide	terminal bouton [GO:0043195]	17.93
Polyketide	presynaptic membrane [GO:0042734]	17.93
Polyketide	postsynaptic density membrane [GO:0098839]	17.93
Polyketide	synaptic vesicle membrane [GO:0030672]	17.93
Polyketide	axon [GO:0030424]	17.93
Polyketide	synaptic membrane [GO:0097060]	17.93
Polyketide	node of Ranvier [GO:0033268]	90.25
Polyketide	synapse [GO:0045202]	90.25
Polyketide	plasma membrane [GO:0005886]	90.25
Polyketide	axon initial segment [GO:0043194]	90.25
Polyketide	voltage-gated potassium channel complex [GO:0008076]	90.25
Polyketide	microtubule [GO:0005874]	19.4
Polyketide	cytoplasm [GO:0005737]	19.4
Polyketide	microtubule cytoskeleton [GO:0015630]	19.4
Polyketide	node of Ranvier [GO:0033268]	61.43
Polyketide	synapse [GO:0045202]	61.43
Polyketide	plasma membrane [GO:0005886]	61.43
Polyketide	axon initial segment [GO:0043194]	61.43
Polyketide	voltage-gated potassium channel complex [GO:0008076]	61.43
Polyketide	mitochondrial proton-transporting ATP synthase complex [GO:0005753]	67.09
Polyketide	cytosol [GO:0005829]	67.09
Polyketide	mitochondrial proton-transporting ATP synthase complex, coupling factor F(o) [GO:0000276]	67.09
Polyketide	mitochondrion [GO:0005739]	67.09
Polyketide	mitochondrial intermembrane space [GO:0005758]	67.09
Polyketide	mitochondrial inner membrane [GO:0005743]	67.09
Polyketide	myelin sheath [GO:0043209]	31.41
Polyketide	cytosol [GO:0005829]	31.41
Polyketide	apical part of cell [GO:0045177]	31.41
Polyketide	extracellular exosome [GO:0070062]	31.41
Polyketide	plasma membrane [GO:0005886]	31.41
Polyketide	cytoplasm [GO:0005737]	31.41
Polyketide	microtubule [GO:0005874]	14.57
Polyketide	cytoplasm [GO:0005737]	14.57
Polyketide	microtubule cytoskeleton [GO:0015630]	14.57
Polyketide	postsynaptic density [GO:0014069]	25.23
Polyketide	glutamatergic synapse [GO:0098978]	25.23
Polyketide	plasma membrane [GO:0005886]	25.23
Polyketide	DAPK1-calmodulin complex [GO:1990722]	25.23
Polyketide	actin cytoskeleton [GO:0015629]	25.23
Polyketide	nucleus [GO:0005634]	25.23
Polyketide	cytoplasm [GO:0005737]	25.23
Polyketide	chromosome [GO:0005694]	21.79
Polyketide	cytoplasm [GO:0005737]	21.79
Polyketide	cell body [GO:0044297]	13.95
Polyketide	actin filament [GO:0005884]	13.95
Polyketide	skeletal muscle myofibril [GO:0098723]	13.95
Polyketide	stress fiber [GO:0001725]	13.95
Polyketide	filamentous actin [GO:0031941]	13.95
Polyketide	actin filament bundle [GO:0032432]	13.95
Polyketide	lamellipodium [GO:0030027]	13.95
Polyketide	striated muscle thin filament [GO:0005865]	13.95
Polyketide	cytoplasm [GO:0005737]	13.95
Polyketide	filopodium [GO:0030175]	13.95
Polyketide	nuclear envelope [GO:0005635]	39.22
Polyketide	perinuclear region of cytoplasm [GO:0048471]	39.22
Polyketide	cytosol [GO:0005829]	39.22
Polyketide	pericentriolar material [GO:0000242]	39.22
Polyketide	Golgi membrane [GO:0000139]	39.22
Polyketide	chromosome, telomeric region [GO:0000781]	39.22
Polyketide	nucleus [GO:0005634]	39.22
Polyketide	cytoplasm [GO:0005737]	39.22
Polyketide	mitochondrial matrix [GO:0005759]	48.75
Polyketide	mitochondrion [GO:0005739]	48.75
Polyketide	extracellular exosome [GO:0070062]	48.75
Polyketide	DNA-directed RNA polymerase complex [GO:0000428]	6.72
Polyketide	nuclear envelope [GO:0005635]	37.94
Polyketide	perinuclear region of cytoplasm [GO:0048471]	37.94
Polyketide	cytosol [GO:0005829]	37.94
Polyketide	pericentriolar material [GO:0000242]	37.94
Polyketide	Golgi membrane [GO:0000139]	37.94
Polyketide	chromosome, telomeric region [GO:0000781]	37.94
Polyketide	nucleus [GO:0005634]	37.94
Polyketide	cytoplasm [GO:0005737]	37.94
Polyketide	membrane [GO:0016020]	38.57
Polyketide	receptor complex [GO:0043235]	38.57
Polyketide	membrane [GO:0016020]	27.5
Polyketide	sarcoplasmic reticulum membrane [GO:0033017]	28.16
Polyketide	postsynaptic density [GO:0014069]	28.16
Polyketide	Z disc [GO:0030018]	28.16
Polyketide	T-tubule [GO:0030315]	28.16
Polyketide	secretory granule [GO:0030141]	28.16
Polyketide	sarcolemma [GO:0042383]	28.16
Polyketide	cytoplasm [GO:0005737]	28.16
Polyketide	calyx of Held [GO:0044305]	28.16
Polyketide	azurophil granule [GO:0042582]	28.16
Polyketide	nuclear membrane [GO:0031965]	28.16
Polyketide	membrane raft [GO:0045121]	28.16
Polyketide	postsynaptic specialization, intracellular component [GO:0099091]	28.16
Polyketide	postsynaptic density, intracellular component [GO:0099092]	28.16
Polyketide	dendrite [GO:0030425]	28.16
Polyketide	protein-containing complex [GO:0032991]	28.16
Polyketide	perinuclear region of cytoplasm [GO:0048471]	28.16
Polyketide	cytosol [GO:0005829]	28.16
Polyketide	sarcoplasmic reticulum [GO:0016529]	28.16
Polyketide	glutamatergic synapse [GO:0098978]	28.16
Polyketide	dendritic spine [GO:0043197]	28.16
Polyketide	cell periphery [GO:0071944]	28.16
Polyketide	nucleus [GO:0005634]	28.16
Polyketide	mitochondrial outer membrane [GO:0005741]	28.16
Polyketide	plasma membrane [GO:0005886]	28.16
Polyketide	synapse [GO:0045202]	28.16
Polyketide	mitochondrion [GO:0005739]	28.16
Polyketide	photoreceptor inner segment [GO:0001917]	28.16
Polyketide	cytoskeleton [GO:0005856]	28.16
Polyketide	nucleoplasm [GO:0005654]	51.78
Polyketide	cytosol [GO:0005829]	51.78
Polyketide	extracellular exosome [GO:0070062]	51.78
Polyketide	extracellular exosome [GO:0070062]	24.31
Polyketide	nucleus [GO:0005634]	24.31
Polyketide	cytoplasm [GO:0005737]	24.31
Polyketide	cytosol [GO:0005829]	24.31
Polyketide	nucleoplasm [GO:0005654]	56.44
Polyketide	nucleus [GO:0005634]	56.44
Polyketide	cytoplasm [GO:0005737]	56.44
Polyketide	nucleolus [GO:0005730]	56.44
Polyketide	nucleoid [GO:0009295]	32.29
Polyketide	protein-containing complex [GO:0032991]	53.69
Polyketide	endocytic vesicle membrane [GO:0030666]	53.69
Polyketide	cytosol [GO:0005829]	53.69
Polyketide	transcription repressor complex [GO:0017053]	53.69
Polyketide	nucleoplasm [GO:0005654]	53.69
Polyketide	plasma membrane [GO:0005886]	53.69
Polyketide	nucleus [GO:0005634]	53.69
Polyketide	cytoplasm [GO:0005737]	53.69
Polyketide	nucleolus [GO:0005730]	53.69
Polyketide	cell body [GO:0044297]	10.84
Polyketide	actin filament [GO:0005884]	10.84
Polyketide	skeletal muscle myofibril [GO:0098723]	10.84
Polyketide	stress fiber [GO:0001725]	10.84
Polyketide	filamentous actin [GO:0031941]	10.84
Polyketide	actin filament bundle [GO:0032432]	10.84
Polyketide	lamellipodium [GO:0030027]	10.84
Polyketide	striated muscle thin filament [GO:0005865]	10.84
Polyketide	cytoplasm [GO:0005737]	10.84
Polyketide	filopodium [GO:0030175]	10.84
Polyketide	cytoplasm [GO:0005737]	20.12
Polyketide	basal plasma membrane [GO:0009925]	59.12
Polyketide	centrosome [GO:0005813]	59.12
Polyketide	basolateral plasma membrane [GO:0016323]	59.12
Polyketide	apical plasma membrane [GO:0016324]	59.12
Polyketide	extracellular exosome [GO:0070062]	59.12
Polyketide	intracellular membrane-bounded organelle [GO:0043231]	59.12
Polyketide	plasma membrane [GO:0005886]	59.12
Polyketide	membrane [GO:0016020]	59.12
Polyketide	synapse [GO:0045202]	59.12
Polyketide	lateral plasma membrane [GO:0016328]	59.12
Polyketide	cell junction [GO:0030054]	59.12
Polyketide	chromosome [GO:0005694]	33.0
Polyketide	condensed nuclear chromosome [GO:0000794]	33.0
Polyketide	nucleus [GO:0005634]	33.0
Polyketide	nucleoplasm [GO:0005654]	33.0
Polyketide	endocytic vesicle [GO:0030139]	18.86
Polyketide	focal adhesion [GO:0005925]	18.86
Polyketide	intercellular canaliculus [GO:0046581]	18.86
Polyketide	apical plasma membrane [GO:0016324]	18.86
Polyketide	lamellipodium membrane [GO:0031258]	18.86
Polyketide	lamellipodium [GO:0030027]	18.86
Polyketide	extracellular exosome [GO:0070062]	18.86
Polyketide	plasma membrane [GO:0005886]	18.86
Polyketide	membrane [GO:0016020]	18.86
Polyketide	extracellular region [GO:0005576]	18.86
Polyketide	membrane raft [GO:0045121]	18.86
Polyketide	lysosomal membrane [GO:0005765]	18.86
Polyketide	cell surface [GO:0009986]	18.86
Polyketide	periplasmic space [GO:0042597]	32.74
Polyketide	vesicle [GO:0031982]	58.8
Polyketide	cytoplasm [GO:0005737]	58.8
Polyketide	secretory granule lumen [GO:0034774]	58.8
Polyketide	cytosol [GO:0005829]	58.8
Polyketide	ficolin-1-rich granule lumen [GO:1904813]	58.8
Polyketide	extracellular exosome [GO:0070062]	58.8
Polyketide	nucleoplasm [GO:0005654]	58.8
Polyketide	plasma membrane [GO:0005886]	58.8
Polyketide	extracellular region [GO:0005576]	58.8
Polyketide	extracellular space [GO:0005615]	58.8
Polyketide	cell surface [GO:0009986]	58.8
Polyketide	plasma membrane [GO:0005886]	33.86
Polyketide	cytosol [GO:0005829]	5.0
Polyketide	extracellular exosome [GO:0070062]	5.0
Polyketide	cellular anatomical entity [GO:0110165]	19.33
Polyketide	microtubule [GO:0005874]	24.24
Polyketide	cytoplasm [GO:0005737]	24.24
Polyketide	host cell endoplasmic reticulum-Golgi intermediate compartment [GO:0044172]	24.26
Polyketide	double membrane vesicle viral factory outer membrane [GO:0062243]	24.26
Polyketide	host cell perinuclear region of cytoplasm [GO:0044220]	24.26
Polyketide	host cell endosome [GO:0044174]	24.26
Polyketide	host cell nucleus [GO:0042025]	24.26
Polyketide	membrane [GO:0016020]	24.26
Polyketide	host cell endoplasmic reticulum membrane [GO:0044167]	24.26
Polyketide	host cell Golgi apparatus [GO:0044177]	24.26
Polyketide	nucleus [GO:0005634]	29.63
Polyketide	cytosol [GO:0005829]	29.63
Polyketide	protein kinase CK2 complex [GO:0005956]	29.63
Polyketide	protein-containing complex [GO:0032991]	51.25
Polyketide	endocytic vesicle membrane [GO:0030666]	51.25
Polyketide	cytosol [GO:0005829]	51.25
Polyketide	transcription repressor complex [GO:0017053]	51.25
Polyketide	nucleoplasm [GO:0005654]	51.25
Polyketide	plasma membrane [GO:0005886]	51.25
Polyketide	nucleus [GO:0005634]	51.25
Polyketide	cytoplasm [GO:0005737]	51.25
Polyketide	nucleolus [GO:0005730]	51.25
Polyketide	nucleoplasm [GO:0005654]	34.86
Polyketide	mitochondrial respiratory chain complex I [GO:0005747]	34.86
Polyketide	protein-containing complex [GO:0032991]	54.77
Polyketide	cytosol [GO:0005829]	54.77
Polyketide	nucleoplasm [GO:0005654]	54.77
Polyketide	membrane [GO:0016020]	54.77
Polyketide	plasma membrane [GO:0005886]	54.77
Polyketide	euchromatin [GO:0000791]	54.77
Polyketide	chromatin [GO:0000785]	54.77
Polyketide	transcription regulator complex [GO:0005667]	54.77
Polyketide	nucleus [GO:0005634]	54.77
Polyketide	cytoplasm [GO:0005737]	54.77
Polyketide	Golgi apparatus [GO:0005794]	54.77
Polyketide	extracellular space [GO:0005615]	27.0
Polyketide	azurophil granule lumen [GO:0035578]	27.0
Polyketide	extracellular region [GO:0005576]	27.0
Polyketide	extracellular exosome [GO:0070062]	27.0
Polyketide	nuclear envelope [GO:0005635]	35.71
Polyketide	perinuclear region of cytoplasm [GO:0048471]	35.71
Polyketide	cytosol [GO:0005829]	35.71
Polyketide	pericentriolar material [GO:0000242]	35.71
Polyketide	Golgi membrane [GO:0000139]	35.71
Polyketide	chromosome, telomeric region [GO:0000781]	35.71
Polyketide	nucleus [GO:0005634]	35.71
Polyketide	cytoplasm [GO:0005737]	35.71
Polyketide	chloride channel complex [GO:0034707]	52.58
Polyketide	postsynaptic membrane [GO:0045211]	52.58
Polyketide	perikaryon [GO:0043204]	52.58
Polyketide	membrane [GO:0016020]	52.58
Polyketide	plasma membrane [GO:0005886]	52.58
Polyketide	dendrite [GO:0030425]	52.58
Polyketide	neuron projection [GO:0043005]	52.58
Polyketide	synapse [GO:0045202]	52.58
Polyketide	extracellular space [GO:0005615]	39.73
Polyketide	azurophil granule lumen [GO:0035578]	39.73
Polyketide	extracellular region [GO:0005576]	39.73
Polyketide	extracellular exosome [GO:0070062]	39.73
Polyketide	lysosomal lumen [GO:0043202]	-0.25
Polyketide	basolateral plasma membrane [GO:0016323]	-0.25
Polyketide	secretory granule lumen [GO:0034774]	-0.25
Polyketide	extracellular exosome [GO:0070062]	-0.25
Polyketide	nucleoplasm [GO:0005654]	-0.25
Polyketide	brush border membrane [GO:0031526]	-0.25
Polyketide	cytoplasm [GO:0005737]	-0.25
Polyketide	cell surface [GO:0009986]	-0.25
Polyketide	neuronal cell body [GO:0043025]	-0.25
Polyketide	endocytic vesicle lumen [GO:0071682]	-0.25
Polyketide	melanosome [GO:0042470]	-0.25
Polyketide	protein-containing complex [GO:0032991]	-0.25
Polyketide	axonal growth cone [GO:0044295]	-0.25
Polyketide	perinuclear region of cytoplasm [GO:0048471]	-0.25
Polyketide	cytosol [GO:0005829]	-0.25
Polyketide	sperm mitochondrial sheath [GO:0097226]	-0.25
Polyketide	membrane [GO:0016020]	-0.25
Polyketide	extracellular region [GO:0005576]	-0.25
Polyketide	nucleus [GO:0005634]	-0.25
Polyketide	sperm plasma membrane [GO:0097524]	-0.25
Polyketide	collagen-containing extracellular matrix [GO:0062023]	-0.25
Polyketide	myelin sheath [GO:0043209]	-0.25
Polyketide	apical plasma membrane [GO:0016324]	-0.25
Polyketide	ficolin-1-rich granule lumen [GO:1904813]	-0.25
Polyketide	dendritic growth cone [GO:0044294]	-0.25
Polyketide	plasma membrane [GO:0005886]	-0.25
Polyketide	mitochondrion [GO:0005739]	-0.25
Polyketide	cytoplasm [GO:0005737]	-1.0
Polyketide	cytosol [GO:0005829]	23.71
Polyketide	nucleoplasm [GO:0005654]	23.71
Polyketide	plasma membrane [GO:0005886]	23.71
Polyketide	nucleus [GO:0005634]	23.71
Polyketide	cytoplasm [GO:0005737]	23.71
Polyketide	nucleolus [GO:0005730]	23.71
Polyketide	protein kinase CK2 complex [GO:0005956]	38.47
Polyketide	cytosol [GO:0005829]	38.47
Polyketide	nucleoplasm [GO:0005654]	38.47
Polyketide	chromatin [GO:0000785]	38.47
Polyketide	nucleus [GO:0005634]	38.47
Polyketide	acrosomal vesicle [GO:0001669]	38.47
Polyketide	cytosol [GO:0005829]	10.37
Polyketide	cytosolic DNA-directed RNA polymerase complex [GO:0000345]	10.37
Polyketide	membrane [GO:0016020]	10.37
Polyketide	cytoplasm [GO:0005737]	10.37
Polyketide	transcription elongation factor complex [GO:0008023]	10.37
Polyketide	periplasmic space [GO:0042597]	19.23
Polyketide	dendrite [GO:0030425]	35.73
Polyketide	PML body [GO:0016605]	35.73
Polyketide	nuclear envelope [GO:0005635]	35.73
Polyketide	lysosome [GO:0005764]	35.73
Polyketide	endomembrane system [GO:0012505]	35.73
Polyketide	mitochondrial outer membrane [GO:0005741]	35.73
Polyketide	cytosol [GO:0005829]	35.73
Polyketide	Golgi membrane [GO:0000139]	35.73
Polyketide	nucleoplasm [GO:0005654]	35.73
Polyketide	endoplasmic reticulum membrane [GO:0005789]	35.73
Polyketide	membrane [GO:0016020]	35.73
Polyketide	TORC1 complex [GO:0031931]	35.73
Polyketide	nucleus [GO:0005634]	35.73
Polyketide	TORC2 complex [GO:0031932]	35.73
Polyketide	lysosomal membrane [GO:0005765]	35.73
Polyketide	cytoplasm [GO:0005737]	35.73
Polyketide	phagocytic vesicle [GO:0045335]	35.73
Polyketide	node of Ranvier [GO:0033268]	91.0
Polyketide	synapse [GO:0045202]	91.0
Polyketide	plasma membrane [GO:0005886]	91.0
Polyketide	axon initial segment [GO:0043194]	91.0
Polyketide	voltage-gated potassium channel complex [GO:0008076]	91.0
Polyketide	plasma membrane [GO:0005886]	20.2
Polyketide	collagen-containing extracellular matrix [GO:0062023]	55.43
Polyketide	secretory granule lumen [GO:0034774]	55.43
Polyketide	azurophil granule lumen [GO:0035578]	55.43
Polyketide	extracellular exosome [GO:0070062]	55.43
Polyketide	blood microparticle [GO:0072562]	55.43
Polyketide	platelet alpha granule lumen [GO:0031093]	55.43
Polyketide	extracellular region [GO:0005576]	55.43
Polyketide	extracellular space [GO:0005615]	55.43
Polyketide	nucleus [GO:0005634]	55.43
Polyketide	postsynaptic density [GO:0014069]	38.61
Polyketide	glutamatergic synapse [GO:0098978]	38.61
Polyketide	plasma membrane [GO:0005886]	38.61
Polyketide	DAPK1-calmodulin complex [GO:1990722]	38.61
Polyketide	actin cytoskeleton [GO:0015629]	38.61
Polyketide	nucleus [GO:0005634]	38.61
Polyketide	cytoplasm [GO:0005737]	38.61
Polyketide	endosome [GO:0005768]	28.55
Polyketide	cyclin E2-CDK2 complex [GO:0097135]	28.55
Polyketide	cyclin E1-CDK2 complex [GO:0097134]	28.55
Polyketide	Cajal body [GO:0015030]	28.55
Polyketide	nucleoplasm [GO:0005654]	28.55
Polyketide	male germ cell nucleus [GO:0001673]	28.55
Polyketide	cytoplasm [GO:0005737]	28.55
Polyketide	centrosome [GO:0005813]	28.55
Polyketide	condensed chromosome [GO:0000793]	28.55
Polyketide	cyclin A1-CDK2 complex [GO:0097123]	28.55
Polyketide	cyclin A2-CDK2 complex [GO:0097124]	28.55
Polyketide	cytosol [GO:0005829]	28.55
Polyketide	X chromosome [GO:0000805]	28.55
Polyketide	chromosome, telomeric region [GO:0000781]	28.55
Polyketide	nucleus [GO:0005634]	28.55
Polyketide	Y chromosome [GO:0000806]	28.55
Polyketide	nuclear envelope [GO:0005635]	28.55
Polyketide	cyclin-dependent protein kinase holoenzyme complex [GO:0000307]	28.55
Polyketide	transcription regulator complex [GO:0005667]	28.55
Polyketide	chloroplast stroma [GO:0009570]	36.82
Polyketide	endoplasmic reticulum [GO:0005783]	36.82
Polyketide	chloroplast [GO:0009507]	36.82
Polyketide	cytosol [GO:0005829]	36.82
Polyketide	intracellular membrane-bounded organelle [GO:0043231]	36.82
Polyketide	plasma membrane [GO:0005886]	36.82
Polyketide	apoplast [GO:0048046]	36.82
Polyketide	plasmodesma [GO:0009506]	36.82
Polyketide	plant-type vacuole [GO:0000325]	36.82
Polyketide	cytoplasm [GO:0005737]	57.7
Polyketide	chloroplast stroma [GO:0009570]	26.3
Polyketide	endoplasmic reticulum [GO:0005783]	26.3
Polyketide	chloroplast [GO:0009507]	26.3
Polyketide	cytosol [GO:0005829]	26.3
Polyketide	intracellular membrane-bounded organelle [GO:0043231]	26.3
Polyketide	plasma membrane [GO:0005886]	26.3
Polyketide	apoplast [GO:0048046]	26.3
Polyketide	plasmodesma [GO:0009506]	26.3
Polyketide	plant-type vacuole [GO:0000325]	26.3
Polyketide	T-tubule [GO:0030315]	34.34
Polyketide	external side of plasma membrane [GO:0009897]	34.34
Polyketide	clathrin-coated pit [GO:0005905]	34.34
Polyketide	membrane [GO:0016020]	34.34
Polyketide	extracellular exosome [GO:0070062]	34.34
Polyketide	cytosol [GO:0005829]	34.34
Polyketide	sarcolemma [GO:0042383]	34.34
Polyketide	vesicle membrane [GO:0012506]	34.34
Polyketide	trans-Golgi network [GO:0005802]	34.34
Polyketide	perinuclear region of cytoplasm [GO:0048471]	34.34
Polyketide	sarcoplasmic reticulum [GO:0016529]	34.34
Polyketide	insulin-responsive compartment [GO:0032593]	34.34
Polyketide	endomembrane system [GO:0012505]	34.34
Polyketide	clathrin-coated vesicle [GO:0030136]	34.34
Polyketide	plasma membrane [GO:0005886]	34.34
Polyketide	membrane raft [GO:0045121]	34.34
Polyketide	presynapse [GO:0098793]	34.34
Polyketide	multivesicular body [GO:0005771]	34.34
Polyketide	cytoplasmic vesicle membrane [GO:0030659]	34.34
Polyketide	trans-Golgi network transport vesicle [GO:0030140]	34.34
Polyketide	protein-containing complex [GO:0032991]	62.93
Polyketide	cytosol [GO:0005829]	62.93
Polyketide	nucleoplasm [GO:0005654]	62.93
Polyketide	membrane [GO:0016020]	62.93
Polyketide	plasma membrane [GO:0005886]	62.93
Polyketide	euchromatin [GO:0000791]	62.93
Polyketide	chromatin [GO:0000785]	62.93
Polyketide	transcription regulator complex [GO:0005667]	62.93
Polyketide	nucleus [GO:0005634]	62.93
Polyketide	cytoplasm [GO:0005737]	62.93
Polyketide	Golgi apparatus [GO:0005794]	62.93
Polyketide	cytoplasm [GO:0005737]	23.82
Polyketide	plasma membrane [GO:0005886]	50.11
Polyketide	proton-transporting ATP synthase complex, coupling factor F(o) [GO:0045263]	50.11
Polyketide	maltose transport complex [GO:1990060]	69.5
Polyketide	outer membrane-bounded periplasmic space [GO:0030288]	69.5
Polyketide	cytoplasm [GO:0005737]	69.5
Polyketide	sarcoplasmic reticulum membrane [GO:0033017]	69.5
Polyketide	cytoplasmic side of membrane [GO:0098562]	69.5
Polyketide	cytosol [GO:0005829]	69.5
Polyketide	Z disc [GO:0030018]	69.5
Polyketide	sarcoplasmic reticulum [GO:0016529]	69.5
Polyketide	terminal cisterna [GO:0014802]	69.5
Polyketide	membrane [GO:0016020]	69.5
Polyketide	ATP-binding cassette (ABC) transporter complex [GO:0043190]	69.5
Polyketide	ryanodine receptor complex [GO:1990425]	69.5
Polyketide	periplasmic space [GO:0042597]	69.5
Polyketide	ATP-binding cassette (ABC) transporter complex, substrate-binding subunit-containing [GO:0055052]	69.5
Polyketide	node of Ranvier [GO:0033268]	68.14
Polyketide	synapse [GO:0045202]	68.14
Polyketide	plasma membrane [GO:0005886]	68.14
Polyketide	axon initial segment [GO:0043194]	68.14
Polyketide	voltage-gated potassium channel complex [GO:0008076]	68.14
Polyketide	membrane [GO:0016020]	58.5
Polyketide	endoplasmic reticulum [GO:0005783]	58.5
Polyketide	endoplasmic reticulum membrane [GO:0005789]	58.5
Polyketide	melanosome [GO:0042470]	36.12
Polyketide	perinuclear region of cytoplasm [GO:0048471]	36.12
Polyketide	sarcoplasmic reticulum lumen [GO:0033018]	36.12
Polyketide	endoplasmic reticulum [GO:0005783]	36.12
Polyketide	nuclear envelope [GO:0005635]	37.83
Polyketide	perinuclear region of cytoplasm [GO:0048471]	37.83
Polyketide	cytosol [GO:0005829]	37.83
Polyketide	pericentriolar material [GO:0000242]	37.83
Polyketide	Golgi membrane [GO:0000139]	37.83
Polyketide	chromosome, telomeric region [GO:0000781]	37.83
Polyketide	nucleus [GO:0005634]	37.83
Polyketide	cytoplasm [GO:0005737]	37.83
Polyketide	viral envelope [GO:0019031]	34.34
Polyketide	host cell plasma membrane [GO:0020002]	34.34
Polyketide	host cell lipid droplet [GO:0044186]	34.34
Polyketide	cytoplasm [GO:0005737]	34.34
Polyketide	host cell endoplasmic reticulum membrane [GO:0044167]	34.34
Polyketide	host cell mitochondrial membrane [GO:0044191]	34.34
Polyketide	ribonucleoprotein complex [GO:1990904]	34.34
Polyketide	lipid droplet [GO:0005811]	34.34
Polyketide	plasma membrane [GO:0005886]	34.34
Polyketide	viral nucleocapsid [GO:0019013]	34.34
Polyketide	virion membrane [GO:0055036]	34.34
Polyketide	host cell perinuclear region of cytoplasm [GO:0044220]	34.34
Polyketide	protein-containing complex [GO:0032991]	57.78
Polyketide	endocytic vesicle membrane [GO:0030666]	57.78
Polyketide	cytosol [GO:0005829]	57.78
Polyketide	transcription repressor complex [GO:0017053]	57.78
Polyketide	nucleoplasm [GO:0005654]	57.78
Polyketide	plasma membrane [GO:0005886]	57.78
Polyketide	nucleus [GO:0005634]	57.78
Polyketide	cytoplasm [GO:0005737]	57.78
Polyketide	nucleolus [GO:0005730]	57.78
Polyketide	perinuclear region of cytoplasm [GO:0048471]	58.67
Polyketide	Golgi membrane [GO:0000139]	58.67
Polyketide	endoplasmic reticulum membrane [GO:0005789]	58.67
Polyketide	membrane [GO:0016020]	58.67
Polyketide	extracellular region [GO:0005576]	58.67
Polyketide	Golgi stack [GO:0005795]	58.67
Polyketide	Golgi cisterna membrane [GO:0032580]	58.67
Polyketide	Golgi apparatus [GO:0005794]	58.67
Polyketide	proton-transporting V-type ATPase complex [GO:0033176]	89.86
Polyketide	vacuolar proton-transporting V-type ATPase, V0 domain [GO:0000220]	89.86
Polyketide	Golgi membrane [GO:0000139]	89.86
Polyketide	membrane [GO:0016020]	89.86
Polyketide	vacuolar proton-transporting V-type ATPase complex [GO:0016471]	89.86
Polyketide	fungal-type vacuole membrane [GO:0000329]	89.86
Polyketide	fungal biofilm matrix [GO:0062040]	1.0
Polyketide	cytoplasm [GO:0005737]	1.0
Polyketide	extracellular region [GO:0005576]	1.0
Polyketide	nucleus [GO:0005634]	35.74
Polyketide	microtubule [GO:0005874]	13.07
Polyketide	cytoplasm [GO:0005737]	13.07
Polyketide	microtubule cytoskeleton [GO:0015630]	13.07
Polyketide	nucleus [GO:0005634]	64.71
Polyketide	cytoplasm [GO:0005737]	64.71
Polyketide	dendrite [GO:0030425]	28.72
Polyketide	perinuclear region of cytoplasm [GO:0048471]	28.72
Polyketide	apical plasma membrane [GO:0016324]	28.72
Polyketide	cytosol [GO:0005829]	28.72
Polyketide	cilium [GO:0005929]	28.72
Polyketide	mitochondrion [GO:0005739]	28.72
Polyketide	astrocyte end-foot [GO:0097450]	28.72
Polyketide	extracellular region [GO:0005576]	28.72
Polyketide	basal part of cell [GO:0045178]	28.72
Polyketide	cytoskeleton [GO:0005856]	28.72
Polyketide	nucleus [GO:0005634]	28.72
Polyketide	cytoplasm [GO:0005737]	28.72
Polyketide	central region of growth cone [GO:0090724]	28.72
Polyketide	neuronal cell body [GO:0043025]	28.72
Polyketide	cell body [GO:0044297]	6.4
Polyketide	actin filament [GO:0005884]	6.4
Polyketide	skeletal muscle myofibril [GO:0098723]	6.4
Polyketide	stress fiber [GO:0001725]	6.4
Polyketide	filamentous actin [GO:0031941]	6.4
Polyketide	actin filament bundle [GO:0032432]	6.4
Polyketide	lamellipodium [GO:0030027]	6.4
Polyketide	striated muscle thin filament [GO:0005865]	6.4
Polyketide	cytoplasm [GO:0005737]	6.4
Polyketide	filopodium [GO:0030175]	6.4
Polyketide	protein-containing complex [GO:0032991]	67.19
Polyketide	cytosol [GO:0005829]	67.19
Polyketide	nucleoplasm [GO:0005654]	67.19
Polyketide	membrane [GO:0016020]	67.19
Polyketide	plasma membrane [GO:0005886]	67.19
Polyketide	euchromatin [GO:0000791]	67.19
Polyketide	chromatin [GO:0000785]	67.19
Polyketide	transcription regulator complex [GO:0005667]	67.19
Polyketide	nucleus [GO:0005634]	67.19
Polyketide	cytoplasm [GO:0005737]	67.19
Polyketide	Golgi apparatus [GO:0005794]	67.19
Polyketide	host cell nucleus [GO:0042025]	8.91
Polyketide	host cell cytoplasm [GO:0030430]	8.91
Polyketide	protein-containing complex [GO:0032991]	62.58
Polyketide	cytosol [GO:0005829]	62.58
Polyketide	nucleoplasm [GO:0005654]	62.58
Polyketide	membrane [GO:0016020]	62.58
Polyketide	plasma membrane [GO:0005886]	62.58
Polyketide	euchromatin [GO:0000791]	62.58
Polyketide	chromatin [GO:0000785]	62.58
Polyketide	transcription regulator complex [GO:0005667]	62.58
Polyketide	nucleus [GO:0005634]	62.58
Polyketide	cytoplasm [GO:0005737]	62.58
Polyketide	Golgi apparatus [GO:0005794]	62.58
Polyketide	nucleoplasm [GO:0005654]	38.28
Polyketide	receptor complex [GO:0043235]	38.28
Polyketide	euchromatin [GO:0000791]	38.28
Polyketide	chromatin [GO:0000785]	38.28
Polyketide	chromosome [GO:0005694]	19.65
Polyketide	cytoplasm [GO:0005737]	19.65
Polyketide	protein-containing complex [GO:0032991]	67.5
Polyketide	cytosol [GO:0005829]	67.5
Polyketide	nucleoplasm [GO:0005654]	67.5
Polyketide	membrane [GO:0016020]	67.5
Polyketide	plasma membrane [GO:0005886]	67.5
Polyketide	euchromatin [GO:0000791]	67.5
Polyketide	chromatin [GO:0000785]	67.5
Polyketide	transcription regulator complex [GO:0005667]	67.5
Polyketide	nucleus [GO:0005634]	67.5
Polyketide	cytoplasm [GO:0005737]	67.5
Polyketide	Golgi apparatus [GO:0005794]	67.5
Polyketide	plasma membrane [GO:0005886]	21.59
Polyketide	periplasmic side of plasma membrane [GO:0098567]	21.59
Polyketide	membrane [GO:0016020]	21.59
Polyketide	outer membrane-bounded periplasmic space [GO:0030288]	21.59
Polyketide	efflux pump complex [GO:1990281]	21.59
Polyketide	cytoplasm [GO:0005737]	42.47
Polyketide	cytoplasmic side of endoplasmic reticulum membrane [GO:0098554]	19.65
Polyketide	protein-containing complex [GO:0032991]	19.65
Polyketide	endoplasmic reticulum [GO:0005783]	19.65
Polyketide	sorting endosome [GO:0097443]	19.65
Polyketide	endosome lumen [GO:0031904]	19.65
Polyketide	early endosome [GO:0005769]	19.65
Polyketide	cytosol [GO:0005829]	19.65
Polyketide	mitochondrial crista [GO:0030061]	19.65
Polyketide	mitochondrial matrix [GO:0005759]	19.65
Polyketide	cytoplasm [GO:0005737]	19.65
Polyketide	intracellular membrane-bounded organelle [GO:0043231]	59.75
Polyketide	endoplasmic reticulum membrane [GO:0005789]	59.75
Polyketide	cytoplasm [GO:0005737]	59.75
Polyketide	cytoplasmic microtubule [GO:0005881]	59.75
Polyketide	nuclear chromosome [GO:0000228]	39.71
Polyketide	histone deacetylase complex [GO:0000118]	39.71
Polyketide	cytoplasm [GO:0005737]	39.71
Polyketide	nucleoplasm [GO:0005654]	39.71
Polyketide	nucleus [GO:0005634]	39.71
Polyketide	secretory granule membrane [GO:0030667]	33.92
Polyketide	clathrin-sculpted monoamine transport vesicle membrane [GO:0070083]	33.92
Polyketide	terminal bouton [GO:0043195]	33.92
Polyketide	synaptic vesicle membrane [GO:0030672]	33.92
Polyketide	presynapse [GO:0098793]	33.92
Polyketide	endoplasmic reticulum membrane [GO:0005789]	33.92
Polyketide	melanosome [GO:0042470]	81.8
Polyketide	axonal growth cone [GO:0044295]	81.8
Polyketide	cell body [GO:0044297]	81.8
Polyketide	endomembrane system [GO:0012505]	81.8
Polyketide	lamellipodium [GO:0030027]	81.8
Polyketide	growth cone membrane [GO:0032584]	81.8
Polyketide	plasma membrane [GO:0005886]	81.8
Polyketide	axon [GO:0030424]	81.8
Polyketide	cell surface [GO:0009986]	81.8
Polyketide	aggresome [GO:0016235]	76.4
Polyketide	cell projection [GO:0042995]	76.4
Polyketide	secretory granule membrane [GO:0030667]	76.4
Polyketide	ficolin-1-rich granule membrane [GO:0101003]	76.4
Polyketide	tertiary granule membrane [GO:0070821]	76.4
Polyketide	extracellular exosome [GO:0070062]	76.4
Polyketide	plasma membrane [GO:0005886]	76.4
Polyketide	membrane [GO:0016020]	76.4
Polyketide	specific granule membrane [GO:0035579]	76.4
Polyketide	perikaryon [GO:0043204]	76.4
Polyketide	collagen-containing extracellular matrix [GO:0062023]	22.5
Polyketide	cytoplasmic stress granule [GO:0010494]	22.5
Polyketide	lysosome [GO:0005764]	22.5
Polyketide	azurophil granule lumen [GO:0035578]	22.5
Polyketide	cytosol [GO:0005829]	22.5
Polyketide	extracellular exosome [GO:0070062]	22.5
Polyketide	intracellular membrane-bounded organelle [GO:0043231]	22.5
Polyketide	plasma membrane [GO:0005886]	22.5
Polyketide	membrane [GO:0016020]	22.5
Polyketide	extracellular region [GO:0005576]	22.5
Polyketide	extracellular space [GO:0005615]	22.5
Polyketide	secretory granule [GO:0030141]	22.5
Polyketide	nucleus [GO:0005634]	22.5
Polyketide	cytoplasm [GO:0005737]	22.5
Polyketide	cell body [GO:0044297]	8.71
Polyketide	actin filament [GO:0005884]	8.71
Polyketide	skeletal muscle myofibril [GO:0098723]	8.71
Polyketide	stress fiber [GO:0001725]	8.71
Polyketide	filamentous actin [GO:0031941]	8.71
Polyketide	actin filament bundle [GO:0032432]	8.71
Polyketide	lamellipodium [GO:0030027]	8.71
Polyketide	striated muscle thin filament [GO:0005865]	8.71
Polyketide	cytoplasm [GO:0005737]	8.71
Polyketide	filopodium [GO:0030175]	8.71
Polyketide	chloride channel complex [GO:0034707]	57.17
Polyketide	postsynaptic membrane [GO:0045211]	57.17
Polyketide	perikaryon [GO:0043204]	57.17
Polyketide	membrane [GO:0016020]	57.17
Polyketide	plasma membrane [GO:0005886]	57.17
Polyketide	dendrite [GO:0030425]	57.17
Polyketide	neuron projection [GO:0043005]	57.17
Polyketide	synapse [GO:0045202]	57.17
Polyketide	nuclear envelope [GO:0005635]	41.05
Polyketide	perinuclear region of cytoplasm [GO:0048471]	41.05
Polyketide	cytosol [GO:0005829]	41.05
Polyketide	pericentriolar material [GO:0000242]	41.05
Polyketide	Golgi membrane [GO:0000139]	41.05
Polyketide	chromosome, telomeric region [GO:0000781]	41.05
Polyketide	nucleus [GO:0005634]	41.05
Polyketide	cytoplasm [GO:0005737]	41.05
Polyketide	chromosome [GO:0005694]	-9.5
Polyketide	cytoplasm [GO:0005737]	-9.5
Polyketide	extracellular region [GO:0005576]	10.69
Polyketide	nuclear envelope [GO:0005635]	32.94
Polyketide	perinuclear region of cytoplasm [GO:0048471]	32.94
Polyketide	cytosol [GO:0005829]	32.94
Polyketide	pericentriolar material [GO:0000242]	32.94
Polyketide	Golgi membrane [GO:0000139]	32.94
Polyketide	chromosome, telomeric region [GO:0000781]	32.94
Polyketide	nucleus [GO:0005634]	32.94
Polyketide	cytoplasm [GO:0005737]	32.94
Polyketide	PML body [GO:0016605]	28.79
Polyketide	Sin3 complex [GO:0016580]	28.79
Polyketide	protein kinase CK2 complex [GO:0005956]	28.79
Polyketide	cytosol [GO:0005829]	28.79
Polyketide	nucleoplasm [GO:0005654]	28.79
Polyketide	plasma membrane [GO:0005886]	28.79
Polyketide	nucleus [GO:0005634]	28.79
Polyketide	RSC-type complex [GO:0016586]	44.88
Polyketide	kinetochore [GO:0000776]	44.88
Polyketide	SWI/SNF complex [GO:0016514]	44.88
Polyketide	nucleoplasm [GO:0005654]	44.88
Polyketide	nuclear matrix [GO:0016363]	44.88
Polyketide	chromatin [GO:0000785]	44.88
Polyketide	nuclear chromosome [GO:0000228]	44.88
Polyketide	nucleus [GO:0005634]	44.88
Polyketide	mitochondrial proton-transporting ATP synthase complex [GO:0005753]	64.83
Polyketide	cytosol [GO:0005829]	64.83
Polyketide	mitochondrial proton-transporting ATP synthase complex, coupling factor F(o) [GO:0000276]	64.83
Polyketide	mitochondrion [GO:0005739]	64.83
Polyketide	mitochondrial intermembrane space [GO:0005758]	64.83
Polyketide	mitochondrial inner membrane [GO:0005743]	64.83
Polyketide	protein-containing complex [GO:0032991]	53.7
Polyketide	cytosol [GO:0005829]	53.7
Polyketide	nucleoplasm [GO:0005654]	53.7
Polyketide	membrane [GO:0016020]	53.7
Polyketide	plasma membrane [GO:0005886]	53.7
Polyketide	euchromatin [GO:0000791]	53.7
Polyketide	chromatin [GO:0000785]	53.7
Polyketide	transcription regulator complex [GO:0005667]	53.7
Polyketide	nucleus [GO:0005634]	53.7
Polyketide	cytoplasm [GO:0005737]	53.7
Polyketide	Golgi apparatus [GO:0005794]	53.7
Polyketide	cytosol [GO:0005829]	11.25
Polyketide	cytosolic DNA-directed RNA polymerase complex [GO:0000345]	11.25
Polyketide	membrane [GO:0016020]	11.25
Polyketide	cytoplasm [GO:0005737]	11.25
Polyketide	transcription elongation factor complex [GO:0008023]	11.25
Polyketide	nucleoplasm [GO:0005654]	41.77
Polyketide	cytosol [GO:0005829]	41.77
Polyketide	extracellular exosome [GO:0070062]	41.77
Polyketide	nuclear chromosome [GO:0000228]	37.74
Polyketide	histone deacetylase complex [GO:0000118]	37.74
Polyketide	cytoplasm [GO:0005737]	37.74
Polyketide	nucleoplasm [GO:0005654]	37.74
Polyketide	nucleus [GO:0005634]	37.74
Polyketide	endoplasmic reticulum lumen [GO:0005788]	16.77
Polyketide	nucleoplasm [GO:0005654]	16.77
Polyketide	cytoplasm [GO:0005737]	16.77
Polyketide	microtubule organizing center [GO:0005815]	16.77
Polyketide	azurophil granule lumen [GO:0035578]	16.77
Polyketide	caveola [GO:0005901]	16.77
Polyketide	Golgi apparatus [GO:0005794]	16.77
Polyketide	focal adhesion [GO:0005925]	16.77
Polyketide	cytosol [GO:0005829]	16.77
Polyketide	early endosome [GO:0005769]	16.77
Polyketide	extracellular region [GO:0005576]	16.77
Polyketide	nucleus [GO:0005634]	16.77
Polyketide	pseudopodium [GO:0031143]	16.77
Polyketide	mitotic spindle [GO:0072686]	16.77
Polyketide	ficolin-1-rich granule lumen [GO:1904813]	16.77
Polyketide	plasma membrane [GO:0005886]	16.77
Polyketide	synapse [GO:0045202]	16.77
Polyketide	mitochondrion [GO:0005739]	16.77
Polyketide	cytoskeleton [GO:0005856]	16.77
Polyketide	late endosome [GO:0005770]	16.77
Polyketide	chromosome [GO:0005694]	24.06
Polyketide	condensed nuclear chromosome [GO:0000794]	24.06
Polyketide	nucleus [GO:0005634]	24.06
Polyketide	nucleoplasm [GO:0005654]	24.06
Polyketide	peroxisomal membrane [GO:0005778]	39.0
Polyketide	cytosol [GO:0005829]	39.0
Polyketide	peroxisomal matrix [GO:0005782]	39.0
Polyketide	peroxisome [GO:0005777]	39.0
Polyketide	cytoplasm [GO:0005737]	39.0
Polyketide	extracellular exosome [GO:0070062]	24.16
Polyketide	cytosol [GO:0005829]	24.16
Polyketide	cytoplasm [GO:0005737]	24.16
Polyketide	nucleus [GO:0005634]	24.16
Polyketide	plasma membrane [GO:0005886]	44.25
Polyketide	proton-transporting ATP synthase complex, coupling factor F(o) [GO:0045263]	44.25
Polyketide	cytosol [GO:0005829]	49.17
Polyketide	intracellular membrane-bounded organelle [GO:0043231]	49.17
Polyketide	nucleoplasm [GO:0005654]	49.17
Polyketide	receptor complex [GO:0043235]	49.17
Polyketide	RNA polymerase II transcription regulator complex [GO:0090575]	49.17
Polyketide	chromatin [GO:0000785]	49.17
Polyketide	nucleus [GO:0005634]	49.17
Polyketide	mitochondrial envelope [GO:0005740]	64.05
Polyketide	mitochondrial outer membrane [GO:0005741]	64.05
Polyketide	mitochondrion [GO:0005739]	64.05
Polyketide	protein-containing complex [GO:0032991]	55.96
Polyketide	cytosol [GO:0005829]	55.96
Polyketide	nucleoplasm [GO:0005654]	55.96
Polyketide	membrane [GO:0016020]	55.96
Polyketide	plasma membrane [GO:0005886]	55.96
Polyketide	euchromatin [GO:0000791]	55.96
Polyketide	chromatin [GO:0000785]	55.96
Polyketide	transcription regulator complex [GO:0005667]	55.96
Polyketide	nucleus [GO:0005634]	55.96
Polyketide	cytoplasm [GO:0005737]	55.96
Polyketide	Golgi apparatus [GO:0005794]	55.96
Polyketide	protein-containing complex [GO:0032991]	57.54
Polyketide	cytosol [GO:0005829]	57.54
Polyketide	nucleoplasm [GO:0005654]	57.54
Polyketide	membrane [GO:0016020]	57.54
Polyketide	plasma membrane [GO:0005886]	57.54
Polyketide	euchromatin [GO:0000791]	57.54
Polyketide	chromatin [GO:0000785]	57.54
Polyketide	transcription regulator complex [GO:0005667]	57.54
Polyketide	nucleus [GO:0005634]	57.54
Polyketide	cytoplasm [GO:0005737]	57.54
Polyketide	Golgi apparatus [GO:0005794]	57.54
Polyketide	efflux pump complex [GO:1990281]	26.07
Polyketide	outer membrane-bounded periplasmic space [GO:0030288]	26.07
Polyketide	periplasmic side of plasma membrane [GO:0098567]	26.07
Polyketide	plasma membrane [GO:0005886]	26.07
Polyketide	membrane [GO:0016020]	26.07
Polyketide	plasma membrane [GO:0005886]	28.73
Polyketide	cell division site [GO:0032153]	28.73
Polyketide	cytoplasm [GO:0005737]	28.73
Polyketide	nucleus [GO:0005634]	30.12
Polyketide	cytosol [GO:0005829]	30.12
Polyketide	methionine adenosyltransferase complex [GO:0048269]	30.12
Polyketide	extracellular exosome [GO:0070062]	30.12
Polyketide	plasma membrane [GO:0005886]	29.83
Polyketide	periplasmic side of plasma membrane [GO:0098567]	29.83
Polyketide	membrane [GO:0016020]	29.83
Polyketide	outer membrane-bounded periplasmic space [GO:0030288]	29.83
Polyketide	efflux pump complex [GO:1990281]	29.83
Polyketide	plasma membrane [GO:0005886]	52.22
Polyketide	side of membrane [GO:0098552]	52.22
Polyketide	synaptic cleft [GO:0043083]	52.22
Polyketide	synapse [GO:0045202]	52.22
Polyketide	endoplasmic reticulum membrane [GO:0005789]	40.24
Polyketide	protein-DNA complex [GO:0032993]	48.74
Polyketide	centrosome [GO:0005813]	23.45
Polyketide	cytosol [GO:0005829]	23.45
Polyketide	extracellular exosome [GO:0070062]	23.45
Polyketide	nucleoplasm [GO:0005654]	23.45
Polyketide	nucleus [GO:0005634]	23.45
Polyketide	cytoplasm [GO:0005737]	23.45
Polyketide	protein-DNA complex [GO:0032993]	44.76
Polyketide	protein-DNA complex [GO:0032993]	46.89
Polyketide	extracellular space [GO:0005615]	38.89
Polyketide	azurophil granule lumen [GO:0035578]	38.89
Polyketide	extracellular region [GO:0005576]	38.89
Polyketide	extracellular exosome [GO:0070062]	38.89
Polyketide	cytoplasm [GO:0005737]	17.0
Polyketide	dendrite [GO:0030425]	43.47
Polyketide	neuron projection [GO:0043005]	43.47
Polyketide	intracellular membrane-bounded organelle [GO:0043231]	43.47
Polyketide	plasma membrane [GO:0005886]	43.47
Polyketide	postsynaptic membrane [GO:0045211]	43.47
Polyketide	synapse [GO:0045202]	43.47
Polyketide	glycine-gated chloride channel complex [GO:0016935]	43.47
Polyketide	perikaryon [GO:0043204]	43.47
Polyketide	membrane [GO:0016020]	26.09
Polyketide	host cell plasma membrane [GO:0020002]	26.09
Polyketide	host cell cytoplasmic vesicle membrane [GO:0044162]	26.09
Polyketide	host cell filopodium [GO:0044176]	26.09
Polyketide	host cell nucleus [GO:0042025]	26.09
Polyketide	cytoplasm [GO:0005737]	26.58
Polyketide	RSC-type complex [GO:0016586]	52.15
Polyketide	kinetochore [GO:0000776]	52.15
Polyketide	SWI/SNF complex [GO:0016514]	52.15
Polyketide	nucleoplasm [GO:0005654]	52.15
Polyketide	nuclear matrix [GO:0016363]	52.15
Polyketide	chromatin [GO:0000785]	52.15
Polyketide	nuclear chromosome [GO:0000228]	52.15
Polyketide	nucleus [GO:0005634]	52.15
Polyketide	plasma membrane [GO:0005886]	41.38
Polyketide	proton-transporting ATP synthase complex, coupling factor F(o) [GO:0045263]	41.38
Polyketide	respirasome [GO:0070469]	36.26
Polyketide	mitochondrion [GO:0005739]	36.26
Polyketide	mitochondrial inner membrane [GO:0005743]	36.26
Polyketide	host cell nucleus [GO:0042025]	-5.11
Polyketide	host cell plasma membrane [GO:0020002]	-5.11
Polyketide	membrane [GO:0016020]	-5.11
Polyketide	viral nucleocapsid [GO:0019013]	-5.11
Polyketide	host multivesicular body [GO:0072494]	-5.11
Polyketide	virion membrane [GO:0055036]	-5.11
Polyketide	transcription repressor complex [GO:0017053]	38.19
Polyketide	nucleoplasm [GO:0005654]	38.19
Polyketide	nucleus [GO:0005634]	38.19
Polyketide	cortical cytoskeleton [GO:0030863]	37.21
Polyketide	basolateral plasma membrane [GO:0016323]	37.21
Polyketide	ankyrin-1 complex [GO:0170014]	37.21
Polyketide	Z disc [GO:0030018]	37.21
Polyketide	extracellular exosome [GO:0070062]	37.21
Polyketide	plasma membrane [GO:0005886]	37.21
Polyketide	membrane [GO:0016020]	37.21
Polyketide	blood microparticle [GO:0072562]	37.21
Polyketide	cytoplasmic side of plasma membrane [GO:0009898]	37.21
Polyketide	plasma membrane [GO:0005886]	45.25
Polyketide	calcium channel complex [GO:0034704]	45.25
Polyketide	extracellular space [GO:0005615]	22.38
Polyketide	azurophil granule lumen [GO:0035578]	22.38
Polyketide	extracellular region [GO:0005576]	22.38
Polyketide	extracellular exosome [GO:0070062]	22.38
Polyketide	vesicle [GO:0031982]	28.33
Polyketide	cytoplasm [GO:0005737]	28.33
Polyketide	secretory granule lumen [GO:0034774]	28.33
Polyketide	cytosol [GO:0005829]	28.33
Polyketide	ficolin-1-rich granule lumen [GO:1904813]	28.33
Polyketide	extracellular exosome [GO:0070062]	28.33
Polyketide	nucleoplasm [GO:0005654]	28.33
Polyketide	plasma membrane [GO:0005886]	28.33
Polyketide	extracellular region [GO:0005576]	28.33
Polyketide	extracellular space [GO:0005615]	28.33
Polyketide	cell surface [GO:0009986]	28.33
Polyketide	proton-transporting ATP synthase complex, catalytic core F(1) [GO:0045261]	7.71
Polyketide	plasma membrane [GO:0005886]	7.71
Polyketide	mitochondrial proton-transporting ATP synthase, catalytic core [GO:0005754]	7.71
Polyketide	mitochondrial proton-transporting ATP synthase complex [GO:0005753]	7.71
Polyketide	intracellular membrane-bounded organelle [GO:0043231]	67.29
Polyketide	nucleoplasm [GO:0005654]	67.29
Polyketide	mitochondrion [GO:0005739]	67.29
Polyketide	chromatin [GO:0000785]	67.29
Polyketide	nucleus [GO:0005634]	67.29
Polyketide	membrane [GO:0016020]	53.65
Polyketide	protein-containing complex [GO:0032991]	62.68
Polyketide	cytosol [GO:0005829]	62.68
Polyketide	nucleoplasm [GO:0005654]	62.68
Polyketide	membrane [GO:0016020]	62.68
Polyketide	plasma membrane [GO:0005886]	62.68
Polyketide	euchromatin [GO:0000791]	62.68
Polyketide	chromatin [GO:0000785]	62.68
Polyketide	transcription regulator complex [GO:0005667]	62.68
Polyketide	nucleus [GO:0005634]	62.68
Polyketide	cytoplasm [GO:0005737]	62.68
Polyketide	Golgi apparatus [GO:0005794]	62.68
Polyketide	cytosol [GO:0005829]	37.12
Polyketide	plasma membrane [GO:0005886]	37.12
Polyketide	peptidoglycan-based cell wall [GO:0009274]	37.12
Polyketide	pericentric heterochromatin [GO:0005721]	45.8
Polyketide	endoplasmic reticulum [GO:0005783]	45.8
Polyketide	intracellular membrane-bounded organelle [GO:0043231]	45.8
Polyketide	nucleoplasm [GO:0005654]	45.8
Polyketide	site of DNA damage [GO:0090734]	45.8
Polyketide	chromatin [GO:0000785]	45.8
Polyketide	nucleus [GO:0005634]	45.8
Polyketide	site of double-strand break [GO:0035861]	45.8
Polyketide	chromosome, subtelomeric region [GO:0099115]	45.8
Polyketide	nuclear envelope [GO:0005635]	38.3
Polyketide	perinuclear region of cytoplasm [GO:0048471]	38.3
Polyketide	cytosol [GO:0005829]	38.3
Polyketide	pericentriolar material [GO:0000242]	38.3
Polyketide	Golgi membrane [GO:0000139]	38.3
Polyketide	chromosome, telomeric region [GO:0000781]	38.3
Polyketide	nucleus [GO:0005634]	38.3
Polyketide	cytoplasm [GO:0005737]	38.3
Polyketide	host cell nucleus [GO:0042025]	10.0
Polyketide	host cell cytoplasm [GO:0030430]	10.0
Polyketide	cytoplasm [GO:0005737]	13.07
Polyketide	collagen-containing extracellular matrix [GO:0062023]	24.9
Polyketide	lysosomal lumen [GO:0043202]	24.9
Polyketide	lysosome [GO:0005764]	24.9
Polyketide	tertiary granule lumen [GO:1904724]	24.9
Polyketide	ficolin-1-rich granule lumen [GO:1904813]	24.9
Polyketide	endolysosome lumen [GO:0036021]	24.9
Polyketide	intracellular membrane-bounded organelle [GO:0043231]	24.9
Polyketide	extracellular region [GO:0005576]	24.9
Polyketide	extracellular space [GO:0005615]	24.9
Polyketide	late endosome [GO:0005770]	24.9
Polyketide	phagocytic vesicle [GO:0045335]	24.9
Polyketide	protein-containing complex [GO:0032991]	61.33
Polyketide	cytosol [GO:0005829]	61.33
Polyketide	nucleoplasm [GO:0005654]	61.33
Polyketide	membrane [GO:0016020]	61.33
Polyketide	plasma membrane [GO:0005886]	61.33
Polyketide	euchromatin [GO:0000791]	61.33
Polyketide	chromatin [GO:0000785]	61.33
Polyketide	transcription regulator complex [GO:0005667]	61.33
Polyketide	nucleus [GO:0005634]	61.33
Polyketide	cytoplasm [GO:0005737]	61.33
Polyketide	Golgi apparatus [GO:0005794]	61.33
Polyketide	aryl hydrocarbon receptor complex [GO:0034751]	49.62
Polyketide	cytosol [GO:0005829]	49.62
Polyketide	nucleus [GO:0005634]	49.62
Polyketide	histone deacetylase complex [GO:0000118]	31.75
Polyketide	nucleoplasm [GO:0005654]	31.75
Polyketide	nuclear chromosome [GO:0000228]	31.75
Polyketide	nucleus [GO:0005634]	31.75
Polyketide	cytoplasm [GO:0005737]	31.75
Polyketide	host cell nucleus [GO:0042025]	41.88
Polyketide	host cell endoplasmic reticulum membrane [GO:0044167]	41.88
Polyketide	host cell endoplasmic reticulum-Golgi intermediate compartment [GO:0044172]	41.88
Polyketide	host cell Golgi apparatus [GO:0044177]	41.88
Polyketide	host cell endosome [GO:0044174]	41.88
Polyketide	membrane [GO:0016020]	41.88
Polyketide	double membrane vesicle viral factory outer membrane [GO:0062243]	41.88
Polyketide	host cell perinuclear region of cytoplasm [GO:0044220]	41.88
Polyketide	nucleoplasm [GO:0005654]	46.0
Polyketide	mitochondrial respiratory chain complex I [GO:0005747]	46.0
Polyketide	melanosome [GO:0042470]	78.14
Polyketide	axonal growth cone [GO:0044295]	78.14
Polyketide	cell body [GO:0044297]	78.14
Polyketide	endomembrane system [GO:0012505]	78.14
Polyketide	lamellipodium [GO:0030027]	78.14
Polyketide	growth cone membrane [GO:0032584]	78.14
Polyketide	plasma membrane [GO:0005886]	78.14
Polyketide	axon [GO:0030424]	78.14
Polyketide	cell surface [GO:0009986]	78.14
Polyketide	ribosome [GO:0005840]	9.45
Polyketide	ribonucleoprotein complex [GO:1990904]	9.45
Polyketide	cell body [GO:0044297]	10.12
Polyketide	actin filament [GO:0005884]	10.12
Polyketide	skeletal muscle myofibril [GO:0098723]	10.12
Polyketide	stress fiber [GO:0001725]	10.12
Polyketide	filamentous actin [GO:0031941]	10.12
Polyketide	actin filament bundle [GO:0032432]	10.12
Polyketide	lamellipodium [GO:0030027]	10.12
Polyketide	striated muscle thin filament [GO:0005865]	10.12
Polyketide	cytoplasm [GO:0005737]	10.12
Polyketide	filopodium [GO:0030175]	10.12
Polyketide	histone deacetylase complex [GO:0000118]	21.95
Polyketide	cytoplasm [GO:0005737]	52.32
Polyketide	cytosol [GO:0005829]	52.32
Polyketide	cell body [GO:0044297]	60.33
Polyketide	actin filament [GO:0005884]	60.33
Polyketide	skeletal muscle myofibril [GO:0098723]	60.33
Polyketide	stress fiber [GO:0001725]	60.33
Polyketide	filamentous actin [GO:0031941]	60.33
Polyketide	actin filament bundle [GO:0032432]	60.33
Polyketide	lamellipodium [GO:0030027]	60.33
Polyketide	striated muscle thin filament [GO:0005865]	60.33
Polyketide	cytoplasm [GO:0005737]	60.33
Polyketide	filopodium [GO:0030175]	60.33
Polyketide	cytosol [GO:0005829]	51.04
Polyketide	nucleoplasm [GO:0005654]	51.04
Polyketide	synapse [GO:0045202]	51.04
Polyketide	cytoplasm [GO:0005737]	51.04
Polyketide	nucleolus [GO:0005730]	51.04
Polyketide	protein-containing complex [GO:0032991]	61.39
Polyketide	cytosol [GO:0005829]	61.39
Polyketide	nucleoplasm [GO:0005654]	61.39
Polyketide	membrane [GO:0016020]	61.39
Polyketide	plasma membrane [GO:0005886]	61.39
Polyketide	euchromatin [GO:0000791]	61.39
Polyketide	chromatin [GO:0000785]	61.39
Polyketide	transcription regulator complex [GO:0005667]	61.39
Polyketide	nucleus [GO:0005634]	61.39
Polyketide	cytoplasm [GO:0005737]	61.39
Polyketide	Golgi apparatus [GO:0005794]	61.39
Polyketide	protein-containing complex [GO:0032991]	71.23
Polyketide	cytosol [GO:0005829]	71.23
Polyketide	nucleoplasm [GO:0005654]	71.23
Polyketide	membrane [GO:0016020]	71.23
Polyketide	plasma membrane [GO:0005886]	71.23
Polyketide	euchromatin [GO:0000791]	71.23
Polyketide	chromatin [GO:0000785]	71.23
Polyketide	transcription regulator complex [GO:0005667]	71.23
Polyketide	nucleus [GO:0005634]	71.23
Polyketide	cytoplasm [GO:0005737]	71.23
Polyketide	Golgi apparatus [GO:0005794]	71.23
Polyketide	centrosome [GO:0005813]	20.04
Polyketide	cytosol [GO:0005829]	20.04
Polyketide	extracellular exosome [GO:0070062]	20.04
Polyketide	nucleoplasm [GO:0005654]	20.04
Polyketide	nucleus [GO:0005634]	20.04
Polyketide	cytoplasm [GO:0005737]	20.04
Polyketide	plasma membrane [GO:0005886]	11.4
Polyketide	node of Ranvier [GO:0033268]	91.0
Polyketide	synapse [GO:0045202]	91.0
Polyketide	plasma membrane [GO:0005886]	91.0
Polyketide	axon initial segment [GO:0043194]	91.0
Polyketide	voltage-gated potassium channel complex [GO:0008076]	91.0
Polyketide	periplasmic space [GO:0042597]	47.11
Polyketide	protein-DNA complex [GO:0032993]	44.96
Polyketide	epidermal lamellar body [GO:0097209]	19.0
Polyketide	extracellular region [GO:0005576]	19.0
Polyketide	extracellular space [GO:0005615]	19.0
Polyketide	secretory granule [GO:0030141]	19.0
Polyketide	cornified envelope [GO:0001533]	19.0
Polyketide	membrane [GO:0016020]	40.27
Polyketide	apical plasma membrane [GO:0016324]	40.27
Polyketide	plasma membrane [GO:0005886]	40.27
Polyketide	basolateral plasma membrane [GO:0016323]	40.27
Polyketide	cytosol [GO:0005829]	47.68
Polyketide	extracellular exosome [GO:0070062]	47.68
Polyketide	nucleoplasm [GO:0005654]	47.68
Polyketide	membrane [GO:0016020]	47.68
Polyketide	cytoplasm [GO:0005737]	47.68
Polyketide	extracellular space [GO:0005615]	38.89
Polyketide	azurophil granule lumen [GO:0035578]	38.89
Polyketide	extracellular region [GO:0005576]	38.89
Polyketide	extracellular exosome [GO:0070062]	38.89
Polyketide	chloride channel complex [GO:0034707]	60.08
Polyketide	postsynaptic membrane [GO:0045211]	60.08
Polyketide	perikaryon [GO:0043204]	60.08
Polyketide	membrane [GO:0016020]	60.08
Polyketide	plasma membrane [GO:0005886]	60.08
Polyketide	dendrite [GO:0030425]	60.08
Polyketide	neuron projection [GO:0043005]	60.08
Polyketide	synapse [GO:0045202]	60.08
Polyketide	nucleus [GO:0005634]	28.69
Polyketide	vacuolar proton-transporting V-type ATPase, V0 domain [GO:0000220]	87.0
Polyketide	synaptic vesicle membrane [GO:0030672]	87.0
Polyketide	clathrin-coated vesicle membrane [GO:0030665]	87.0
Polyketide	membrane [GO:0016020]	27.87
Polyketide	plasma membrane [GO:0005886]	43.0
Polyketide	proton-transporting ATP synthase complex, coupling factor F(o) [GO:0045263]	43.0
Polyketide	fungal biofilm matrix [GO:0062040]	52.42
Polyketide	cytoplasm [GO:0005737]	52.42
Polyketide	extracellular region [GO:0005576]	52.42
Polyketide	nucleus [GO:0005634]	45.05
Polyketide	cytoplasm [GO:0005737]	45.05
Polyketide	proton-transporting V-type ATPase complex [GO:0033176]	67.87
Polyketide	vacuolar proton-transporting V-type ATPase, V0 domain [GO:0000220]	67.87
Polyketide	Golgi membrane [GO:0000139]	67.87
Polyketide	fungal-type vacuole [GO:0000324]	67.87
Polyketide	membrane [GO:0016020]	67.87
Polyketide	cell periphery [GO:0071944]	67.87
Polyketide	vacuolar proton-transporting V-type ATPase complex [GO:0016471]	67.87
Polyketide	fungal-type vacuole membrane [GO:0000329]	67.87
Polyketide	plasma membrane [GO:0005886]	58.6
Polyketide	proton-transporting ATP synthase complex, coupling factor F(o) [GO:0045263]	58.6
Polyketide	nucleus [GO:0005634]	14.83
Polyketide	cytoplasm [GO:0005737]	14.83
Polyketide	cytosol [GO:0005829]	14.83
Polyketide	fungal biofilm matrix [GO:0062040]	36.0
Polyketide	cytoplasm [GO:0005737]	36.0
Polyketide	extracellular region [GO:0005576]	36.0
Polyketide	sigma factor antagonist complex [GO:1903865]	-49.0
Polyketide	cytosol [GO:0005829]	-49.0
Polyketide	cytosolic DNA-directed RNA polymerase complex [GO:0000345]	-49.0
Polyketide	peptidoglycan-based cell wall [GO:0009274]	12.55
Polyketide	sarcoplasmic reticulum membrane [GO:0033017]	97.0
Polyketide	postsynaptic density [GO:0014069]	97.0
Polyketide	Z disc [GO:0030018]	97.0
Polyketide	T-tubule [GO:0030315]	97.0
Polyketide	secretory granule [GO:0030141]	97.0
Polyketide	sarcolemma [GO:0042383]	97.0
Polyketide	cytoplasm [GO:0005737]	97.0
Polyketide	calyx of Held [GO:0044305]	97.0
Polyketide	azurophil granule [GO:0042582]	97.0
Polyketide	nuclear membrane [GO:0031965]	97.0
Polyketide	membrane raft [GO:0045121]	97.0
Polyketide	postsynaptic specialization, intracellular component [GO:0099091]	97.0
Polyketide	postsynaptic density, intracellular component [GO:0099092]	97.0
Polyketide	dendrite [GO:0030425]	97.0
Polyketide	protein-containing complex [GO:0032991]	97.0
Polyketide	perinuclear region of cytoplasm [GO:0048471]	97.0
Polyketide	cytosol [GO:0005829]	97.0
Polyketide	sarcoplasmic reticulum [GO:0016529]	97.0
Polyketide	glutamatergic synapse [GO:0098978]	97.0
Polyketide	dendritic spine [GO:0043197]	97.0
Polyketide	cell periphery [GO:0071944]	97.0
Polyketide	nucleus [GO:0005634]	97.0
Polyketide	mitochondrial outer membrane [GO:0005741]	97.0
Polyketide	plasma membrane [GO:0005886]	97.0
Polyketide	synapse [GO:0045202]	97.0
Polyketide	mitochondrion [GO:0005739]	97.0
Polyketide	photoreceptor inner segment [GO:0001917]	97.0
Polyketide	cytoskeleton [GO:0005856]	97.0
Polyketide	chromosome [GO:0005694]	35.94
Polyketide	condensed nuclear chromosome [GO:0000794]	35.94
Polyketide	nucleus [GO:0005634]	35.94
Polyketide	nucleoplasm [GO:0005654]	35.94
Polyketide	sarcoplasmic reticulum membrane [GO:0033017]	55.06
Polyketide	cytoplasmic side of membrane [GO:0098562]	55.06
Polyketide	cytosol [GO:0005829]	55.06
Polyketide	Z disc [GO:0030018]	55.06
Polyketide	sarcoplasmic reticulum [GO:0016529]	55.06
Polyketide	terminal cisterna [GO:0014802]	55.06
Polyketide	membrane [GO:0016020]	55.06
Polyketide	ryanodine receptor complex [GO:1990425]	55.06
Polyketide	cytoplasm [GO:0005737]	55.06
Polyketide	intracellular membrane-bounded organelle [GO:0043231]	49.07
Polyketide	endoplasmic reticulum membrane [GO:0005789]	49.07
Polyketide	cytoplasm [GO:0005737]	49.07
Polyketide	nucleoplasm [GO:0005654]	22.9
Polyketide	nucleus [GO:0005634]	22.9
Polyketide	cytoplasm [GO:0005737]	22.9
Polyketide	cell body [GO:0044297]	13.05
Polyketide	actin filament [GO:0005884]	13.05
Polyketide	skeletal muscle myofibril [GO:0098723]	13.05
Polyketide	stress fiber [GO:0001725]	13.05
Polyketide	filamentous actin [GO:0031941]	13.05
Polyketide	actin filament bundle [GO:0032432]	13.05
Polyketide	lamellipodium [GO:0030027]	13.05
Polyketide	striated muscle thin filament [GO:0005865]	13.05
Polyketide	cytoplasm [GO:0005737]	13.05
Polyketide	filopodium [GO:0030175]	13.05
Polyketide	protein-containing complex [GO:0032991]	63.85
Polyketide	cytosol [GO:0005829]	63.85
Polyketide	nucleoplasm [GO:0005654]	63.85
Polyketide	membrane [GO:0016020]	63.85
Polyketide	plasma membrane [GO:0005886]	63.85
Polyketide	euchromatin [GO:0000791]	63.85
Polyketide	chromatin [GO:0000785]	63.85
Polyketide	transcription regulator complex [GO:0005667]	63.85
Polyketide	nucleus [GO:0005634]	63.85
Polyketide	cytoplasm [GO:0005737]	63.85
Polyketide	Golgi apparatus [GO:0005794]	63.85
Polyketide	outer membrane-bounded periplasmic space [GO:0030288]	17.09
Polyketide	acetylcholine-gated channel complex [GO:0005892]	44.92
Polyketide	neuron projection [GO:0043005]	44.92
Polyketide	plasma membrane raft [GO:0044853]	44.92
Polyketide	cholinergic synapse [GO:0098981]	44.92
Polyketide	apical plasma membrane [GO:0016324]	44.92
Polyketide	axolemma [GO:0030673]	44.92
Polyketide	plasma membrane [GO:0005886]	44.92
Polyketide	membrane [GO:0016020]	44.92
Polyketide	postsynaptic specialization membrane [GO:0099634]	44.92
Polyketide	synapse [GO:0045202]	44.92
Polyketide	presynaptic membrane [GO:0042734]	44.92
Polyketide	postsynapse [GO:0098794]	44.92
Polyketide	external side of plasma membrane [GO:0009897]	44.92
Polyketide	histone deacetylase complex [GO:0000118]	51.33
Polyketide	cytosol [GO:0005829]	35.86
Polyketide	glutamatergic synapse [GO:0098978]	35.86
Polyketide	nucleoplasm [GO:0005654]	35.86
Polyketide	ciliary basal body [GO:0036064]	35.86
Polyketide	postsynaptic cytosol [GO:0099524]	35.86
Polyketide	nuclear speck [GO:0016607]	35.86
Polyketide	nucleus [GO:0005634]	35.86
Polyketide	midbody [GO:0030496]	35.86
Polyketide	cytoplasm [GO:0005737]	35.86
Polyketide	centrosome [GO:0005813]	27.04
Polyketide	voltage-gated calcium channel complex [GO:0005891]	27.04
Polyketide	synaptic vesicle [GO:0008021]	27.04
Polyketide	perinuclear region of cytoplasm [GO:0048471]	27.04
Polyketide	cytosol [GO:0005829]	27.04
Polyketide	gamma-tubulin complex [GO:0000930]	27.04
Polyketide	postsynaptic density [GO:0014069]	27.04
Polyketide	Z disc [GO:0030018]	27.04
Polyketide	excitatory synapse [GO:0060076]	27.04
Polyketide	dendritic spine [GO:0043197]	27.04
Polyketide	nucleus [GO:0005634]	27.04
Polyketide	mitochondrial proton-transporting ATP synthase complex [GO:0005753]	64.83
Polyketide	cytosol [GO:0005829]	64.83
Polyketide	mitochondrial proton-transporting ATP synthase complex, coupling factor F(o) [GO:0000276]	64.83
Polyketide	mitochondrion [GO:0005739]	64.83
Polyketide	mitochondrial intermembrane space [GO:0005758]	64.83
Polyketide	mitochondrial inner membrane [GO:0005743]	64.83
Polyketide	cytosol [GO:0005829]	52.34
Polyketide	intracellular membrane-bounded organelle [GO:0043231]	52.34
Polyketide	nucleoplasm [GO:0005654]	52.34
Polyketide	receptor complex [GO:0043235]	52.34
Polyketide	RNA polymerase II transcription regulator complex [GO:0090575]	52.34
Polyketide	chromatin [GO:0000785]	52.34
Polyketide	nucleus [GO:0005634]	52.34
Polyketide	sarcoplasmic reticulum membrane [GO:0033017]	38.3
Polyketide	cytoplasmic side of membrane [GO:0098562]	38.3
Polyketide	cytosol [GO:0005829]	38.3
Polyketide	Z disc [GO:0030018]	38.3
Polyketide	sarcoplasmic reticulum [GO:0016529]	38.3
Polyketide	terminal cisterna [GO:0014802]	38.3
Polyketide	membrane [GO:0016020]	38.3
Polyketide	ryanodine receptor complex [GO:1990425]	38.3
Polyketide	cytoplasm [GO:0005737]	38.3
Polyketide	cytoplasm [GO:0005737]	38.78
Polyketide	fibrillar center [GO:0001650]	9.13
Polyketide	nuclear inner membrane [GO:0005637]	9.13
Polyketide	heterochromatin [GO:0000792]	9.13
Polyketide	nuclear envelope [GO:0005635]	9.13
Polyketide	PML body [GO:0016605]	9.13
Polyketide	cytosol [GO:0005829]	9.13
Polyketide	eNoSc complex [GO:0061773]	9.13
Polyketide	rDNA heterochromatin [GO:0033553]	9.13
Polyketide	nucleoplasm [GO:0005654]	9.13
Polyketide	mitochondrion [GO:0005739]	9.13
Polyketide	euchromatin [GO:0000791]	9.13
Polyketide	chromatin [GO:0000785]	9.13
Polyketide	chromatin silencing complex [GO:0005677]	9.13
Polyketide	nucleus [GO:0005634]	9.13
Polyketide	cytoplasm [GO:0005737]	9.13
Polyketide	nucleolus [GO:0005730]	9.13
Polyketide	myelin sheath [GO:0043209]	23.33
Polyketide	cytosol [GO:0005829]	23.33
Polyketide	apical part of cell [GO:0045177]	23.33
Polyketide	extracellular exosome [GO:0070062]	23.33
Polyketide	plasma membrane [GO:0005886]	23.33
Polyketide	cytoplasm [GO:0005737]	23.33
Polyketide	extracellular space [GO:0005615]	23.0
Polyketide	extracellular region [GO:0005576]	23.0
Polyketide	histone deacetylase complex [GO:0000118]	3.0
Polyketide	cytosol [GO:0005829]	3.0
Polyketide	transcription repressor complex [GO:0017053]	3.0
Polyketide	nucleoplasm [GO:0005654]	3.0
Polyketide	nuclear speck [GO:0016607]	3.0
Polyketide	chromatin [GO:0000785]	3.0
Polyketide	nucleus [GO:0005634]	3.0
Polyketide	cytoplasm [GO:0005737]	3.0
Polyketide	protein-containing complex [GO:0032991]	-11.0
Polyketide	nucleoplasm [GO:0005654]	-11.0
Polyketide	mitochondrion [GO:0005739]	-11.0
Polyketide	mitochondrial matrix [GO:0005759]	-11.0
Polyketide	nucleus [GO:0005634]	-11.0
Polyketide	nuclear envelope [GO:0005635]	36.42
Polyketide	perinuclear region of cytoplasm [GO:0048471]	36.42
Polyketide	cytosol [GO:0005829]	36.42
Polyketide	pericentriolar material [GO:0000242]	36.42
Polyketide	Golgi membrane [GO:0000139]	36.42
Polyketide	chromosome, telomeric region [GO:0000781]	36.42
Polyketide	nucleus [GO:0005634]	36.42
Polyketide	cytoplasm [GO:0005737]	36.42
Polyketide	mitochondrial matrix [GO:0005759]	48.75
Polyketide	mitochondrion [GO:0005739]	48.75
Polyketide	extracellular exosome [GO:0070062]	48.75
Polyketide	membrane [GO:0016020]	46.21
Polyketide	receptor complex [GO:0043235]	46.21
Polyketide	microtubule [GO:0005874]	19.4
Polyketide	cytoplasm [GO:0005737]	19.4
Polyketide	microtubule cytoskeleton [GO:0015630]	19.4
Polyketide	cytosol [GO:0005829]	19.4
Polyketide	protein-containing complex [GO:0032991]	58.74
Polyketide	endocytic vesicle membrane [GO:0030666]	58.74
Polyketide	cytosol [GO:0005829]	58.74
Polyketide	transcription repressor complex [GO:0017053]	58.74
Polyketide	nucleoplasm [GO:0005654]	58.74
Polyketide	plasma membrane [GO:0005886]	58.74
Polyketide	nucleus [GO:0005634]	58.74
Polyketide	cytoplasm [GO:0005737]	58.74
Polyketide	nucleolus [GO:0005730]	58.74
Polyketide	postsynaptic density [GO:0014069]	22.75
Polyketide	glutamatergic synapse [GO:0098978]	22.75
Polyketide	plasma membrane [GO:0005886]	22.75
Polyketide	DAPK1-calmodulin complex [GO:1990722]	22.75
Polyketide	actin cytoskeleton [GO:0015629]	22.75
Polyketide	nucleus [GO:0005634]	22.75
Polyketide	cytoplasm [GO:0005737]	22.75
Polyketide	cytoplasm [GO:0005737]	54.93
Polyketide	cytosol [GO:0005829]	54.93
Polyketide	mitochondrial matrix [GO:0005759]	23.95
Polyketide	mitochondrion [GO:0005739]	23.95
Polyketide	mitochondrial proton-transporting ATP synthase complex [GO:0005753]	79.17
Polyketide	cytosol [GO:0005829]	79.17
Polyketide	mitochondrial proton-transporting ATP synthase complex, coupling factor F(o) [GO:0000276]	79.17
Polyketide	mitochondrion [GO:0005739]	79.17
Polyketide	mitochondrial intermembrane space [GO:0005758]	79.17
Polyketide	mitochondrial inner membrane [GO:0005743]	79.17
Polyketide	aggresome [GO:0016235]	71.22
Polyketide	cell projection [GO:0042995]	71.22
Polyketide	secretory granule membrane [GO:0030667]	71.22
Polyketide	ficolin-1-rich granule membrane [GO:0101003]	71.22
Polyketide	tertiary granule membrane [GO:0070821]	71.22
Polyketide	extracellular exosome [GO:0070062]	71.22
Polyketide	plasma membrane [GO:0005886]	71.22
Polyketide	membrane [GO:0016020]	71.22
Polyketide	specific granule membrane [GO:0035579]	71.22
Polyketide	perikaryon [GO:0043204]	71.22
Polyketide	cytosol [GO:0005829]	0.52
Polyketide	cytoplasm [GO:0005737]	0.52
Polyketide	nucleoplasm [GO:0005654]	0.52
Polyketide	nucleus [GO:0005634]	0.52
Polyketide	cytosol [GO:0005829]	35.35
Polyketide	extracellular region [GO:0005576]	35.35
Polyketide	node of Ranvier [GO:0033268]	66.56
Polyketide	synapse [GO:0045202]	66.56
Polyketide	plasma membrane [GO:0005886]	66.56
Polyketide	axon initial segment [GO:0043194]	66.56
Polyketide	voltage-gated potassium channel complex [GO:0008076]	66.56
Polyketide	dendritic shaft [GO:0043198]	17.89
Polyketide	neuron projection [GO:0043005]	17.89
Polyketide	postsynaptic density [GO:0014069]	17.89
Polyketide	somatodendritic compartment [GO:0036477]	17.89
Polyketide	dendrite membrane [GO:0032590]	17.89
Polyketide	endoplasmic reticulum membrane [GO:0005789]	17.89
Polyketide	cell surface [GO:0009986]	17.89
Polyketide	presynaptic active zone membrane [GO:0048787]	17.89
Polyketide	neuronal cell body [GO:0043025]	17.89
Polyketide	dendrite cytoplasm [GO:0032839]	17.89
Polyketide	spine synapse [GO:0106033]	17.89
Polyketide	synaptic vesicle [GO:0008021]	17.89
Polyketide	Schaffer collateral - CA1 synapse [GO:0098685]	17.89
Polyketide	presynapse [GO:0098793]	17.89
Polyketide	growth cone [GO:0030426]	17.89
Polyketide	perikaryon [GO:0043204]	17.89
Polyketide	AMPA glutamate receptor complex [GO:0032281]	17.89
Polyketide	asymmetric synapse [GO:0032279]	17.89
Polyketide	dendrite [GO:0030425]	17.89
Polyketide	protein-containing complex [GO:0032991]	17.89
Polyketide	ionotropic glutamate receptor complex [GO:0008328]	17.89
Polyketide	dendritic spine head [GO:0044327]	17.89
Polyketide	dendritic spine neck [GO:0044326]	17.89
Polyketide	glutamatergic synapse [GO:0098978]	17.89
Polyketide	membrane [GO:0016020]	17.89
Polyketide	dendritic spine [GO:0043197]	17.89
Polyketide	perisynaptic space [GO:0099544]	17.89
Polyketide	endoplasmic reticulum [GO:0005783]	17.89
Polyketide	plasma membrane [GO:0005886]	17.89
Polyketide	postsynaptic membrane [GO:0045211]	17.89
Polyketide	synapse [GO:0045202]	17.89
Polyketide	terminal bouton [GO:0043195]	17.89
Polyketide	presynaptic membrane [GO:0042734]	17.89
Polyketide	postsynaptic density membrane [GO:0098839]	17.89
Polyketide	synaptic vesicle membrane [GO:0030672]	17.89
Polyketide	axon [GO:0030424]	17.89
Polyketide	synaptic membrane [GO:0097060]	17.89
Polyketide	node of Ranvier [GO:0033268]	61.43
Polyketide	synapse [GO:0045202]	61.43
Polyketide	plasma membrane [GO:0005886]	61.43
Polyketide	axon initial segment [GO:0043194]	61.43
Polyketide	voltage-gated potassium channel complex [GO:0008076]	61.43
Polyketide	intracellular membrane-bounded organelle [GO:0043231]	48.57
Polyketide	nucleoplasm [GO:0005654]	48.57
Polyketide	mitochondrion [GO:0005739]	48.57
Polyketide	chromatin [GO:0000785]	48.57
Polyketide	nucleus [GO:0005634]	48.57
Polyketide	endoplasmic reticulum membrane [GO:0005789]	46.7
Polyketide	endoplasmic reticulum [GO:0005783]	46.7
Polyketide	postsynaptic density [GO:0014069]	40.29
Polyketide	glutamatergic synapse [GO:0098978]	40.29
Polyketide	plasma membrane [GO:0005886]	40.29
Polyketide	DAPK1-calmodulin complex [GO:1990722]	40.29
Polyketide	actin cytoskeleton [GO:0015629]	40.29
Polyketide	nucleus [GO:0005634]	40.29
Polyketide	cytoplasm [GO:0005737]	40.29
Polyketide	dendrite [GO:0030425]	59.11
Polyketide	chloride channel complex [GO:0034707]	59.11
Polyketide	neuron projection [GO:0043005]	59.11
Polyketide	plasma membrane [GO:0005886]	59.11
Polyketide	membrane [GO:0016020]	59.11
Polyketide	postsynaptic membrane [GO:0045211]	59.11
Polyketide	synapse [GO:0045202]	59.11
Polyketide	perikaryon [GO:0043204]	59.11
Polyketide	extracellular space [GO:0005615]	33.83
Polyketide	azurophil granule lumen [GO:0035578]	33.83
Polyketide	extracellular region [GO:0005576]	33.83
Polyketide	extracellular exosome [GO:0070062]	33.83
Polyketide	postsynaptic density [GO:0014069]	13.3
Polyketide	nucleoplasm [GO:0005654]	13.3
Polyketide	cytoplasm [GO:0005737]	13.3
Polyketide	microtubule organizing center [GO:0005815]	13.3
Polyketide	dendrite cytoplasm [GO:0032839]	13.3
Polyketide	caveola [GO:0005901]	13.3
Polyketide	perikaryon [GO:0043204]	13.3
Polyketide	Golgi apparatus [GO:0005794]	13.3
Polyketide	protein-containing complex [GO:0032991]	13.3
Polyketide	focal adhesion [GO:0005925]	13.3
Polyketide	cytosol [GO:0005829]	13.3
Polyketide	early endosome [GO:0005769]	13.3
Polyketide	nucleus [GO:0005634]	13.3
Polyketide	pseudopodium [GO:0031143]	13.3
Polyketide	mitotic spindle [GO:0072686]	13.3
Polyketide	plasma membrane [GO:0005886]	13.3
Polyketide	mitochondrion [GO:0005739]	13.3
Polyketide	axon [GO:0030424]	13.3
Polyketide	cytoskeleton [GO:0005856]	13.3
Polyketide	late endosome [GO:0005770]	13.3
Polyketide	septin ring [GO:0005940]	46.1
Polyketide	condensed nuclear chromosome [GO:0000794]	46.1
Polyketide	nucleus [GO:0005634]	46.1
Polyketide	host cell nucleus [GO:0042025]	31.77
Polyketide	viral envelope [GO:0019031]	31.77
Polyketide	host cell plasma membrane [GO:0020002]	31.77
Polyketide	host cell lipid droplet [GO:0044186]	31.77
Polyketide	host cell endoplasmic reticulum membrane [GO:0044167]	31.77
Polyketide	host cell mitochondrial membrane [GO:0044191]	31.77
Polyketide	ribonucleoprotein complex [GO:1990904]	31.77
Polyketide	membrane [GO:0016020]	31.77
Polyketide	viral nucleocapsid [GO:0019013]	31.77
Polyketide	virion membrane [GO:0055036]	31.77
Polyketide	host cell perinuclear region of cytoplasm [GO:0044220]	31.77
Polyketide	cytoskeleton [GO:0005856]	8.0
Polyketide	cytoplasm [GO:0005737]	8.0
Polyketide	nucleoplasm [GO:0005654]	66.36
Polyketide	nucleus [GO:0005634]	66.36
Polyketide	cytoplasm [GO:0005737]	66.36
Polyketide	nucleolus [GO:0005730]	66.36
Polyketide	chromosome [GO:0005694]	17.14
Polyketide	DNA topoisomerase type II (double strand cut, ATP-hydrolyzing) complex [GO:0009330]	17.14
Polyketide	cytosol [GO:0005829]	17.14
Polyketide	protein-containing complex [GO:0032991]	64.79
Polyketide	cytosol [GO:0005829]	64.79
Polyketide	nucleoplasm [GO:0005654]	64.79
Polyketide	membrane [GO:0016020]	64.79
Polyketide	plasma membrane [GO:0005886]	64.79
Polyketide	euchromatin [GO:0000791]	64.79
Polyketide	chromatin [GO:0000785]	64.79
Polyketide	transcription regulator complex [GO:0005667]	64.79
Polyketide	nucleus [GO:0005634]	64.79
Polyketide	cytoplasm [GO:0005737]	64.79
Polyketide	Golgi apparatus [GO:0005794]	64.79
Polyketide	nuclear chromosome [GO:0000228]	27.5
Polyketide	histone deacetylase complex [GO:0000118]	27.5
Polyketide	cytoplasm [GO:0005737]	27.5
Polyketide	nucleoplasm [GO:0005654]	27.5
Polyketide	nucleus [GO:0005634]	27.5
Polyketide	protein-DNA complex [GO:0032993]	47.7
Polyketide	mitochondrial proton-transporting ATP synthase complex [GO:0005753]	79.17
Polyketide	cytosol [GO:0005829]	79.17
Polyketide	mitochondrial proton-transporting ATP synthase complex, coupling factor F(o) [GO:0000276]	79.17
Polyketide	mitochondrion [GO:0005739]	79.17
Polyketide	mitochondrial intermembrane space [GO:0005758]	79.17
Polyketide	mitochondrial inner membrane [GO:0005743]	79.17
Polyketide	extracellular space [GO:0005615]	28.55
Polyketide	azurophil granule lumen [GO:0035578]	28.55
Polyketide	extracellular region [GO:0005576]	28.55
Polyketide	extracellular exosome [GO:0070062]	28.55
Polyketide	membrane [GO:0016020]	55.47
Polyketide	cytosol [GO:0005829]	55.47
Polyketide	transcription regulator complex [GO:0005667]	55.47
Polyketide	cytoplasm [GO:0005737]	55.47
Polyketide	chromatin [GO:0000785]	55.47
Polyketide	Golgi apparatus [GO:0005794]	55.47
Polyketide	plasma membrane [GO:0005886]	55.47
Polyketide	nucleoplasm [GO:0005654]	55.47
Polyketide	protein-containing complex [GO:0032991]	55.47
Polyketide	euchromatin [GO:0000791]	55.47
Polyketide	nucleus [GO:0005634]	55.47
Polyketide	fungal biofilm matrix [GO:0062040]	44.85
Polyketide	cytoplasm [GO:0005737]	44.85
Polyketide	extracellular region [GO:0005576]	44.85
Polyketide	extracellular region [GO:0005576]	31.9
Polyketide	extracellular exosome [GO:0070062]	31.9
Polyketide	azurophil granule lumen [GO:0035578]	31.9
Polyketide	extracellular space [GO:0005615]	31.9
Polyketide	mitochondrion [GO:0005739]	13.6
Polyketide	mitochondrial outer membrane [GO:0005741]	13.6
Polyketide	nucleus [GO:0005634]	13.6
Polyketide	cytosol [GO:0005829]	13.6
Polyketide	cell body [GO:0044297]	42.5
Polyketide	actin filament [GO:0005884]	42.5
Polyketide	skeletal muscle myofibril [GO:0098723]	42.5
Polyketide	stress fiber [GO:0001725]	42.5
Polyketide	filamentous actin [GO:0031941]	42.5
Polyketide	actin filament bundle [GO:0032432]	42.5
Polyketide	lamellipodium [GO:0030027]	42.5
Polyketide	striated muscle thin filament [GO:0005865]	42.5
Polyketide	cytoplasm [GO:0005737]	42.5
Polyketide	filopodium [GO:0030175]	42.5
Polyketide	sarcoplasmic reticulum membrane [GO:0033017]	59.87
Polyketide	cytoplasmic side of membrane [GO:0098562]	59.87
Polyketide	cytosol [GO:0005829]	59.87
Polyketide	Z disc [GO:0030018]	59.87
Polyketide	sarcoplasmic reticulum [GO:0016529]	59.87
Polyketide	terminal cisterna [GO:0014802]	59.87
Polyketide	membrane [GO:0016020]	59.87
Polyketide	ryanodine receptor complex [GO:1990425]	59.87
Polyketide	cytoplasm [GO:0005737]	59.87
Polyketide	efflux pump complex [GO:1990281]	25.73
Polyketide	outer membrane-bounded periplasmic space [GO:0030288]	25.73
Polyketide	periplasmic side of plasma membrane [GO:0098567]	25.73
Polyketide	plasma membrane [GO:0005886]	25.73
Polyketide	membrane [GO:0016020]	25.73
Polyketide	mitochondrial envelope [GO:0005740]	52.29
Polyketide	mitochondrial outer membrane [GO:0005741]	52.29
Polyketide	mitochondrion [GO:0005739]	52.29
Polyketide	cytoplasm [GO:0005737]	13.32
Polyketide	node of Ranvier [GO:0033268]	91.67
Polyketide	synapse [GO:0045202]	91.67
Polyketide	plasma membrane [GO:0005886]	91.67
Polyketide	axon initial segment [GO:0043194]	91.67
Polyketide	voltage-gated potassium channel complex [GO:0008076]	91.67
Polyketide	cytosol [GO:0005829]	29.67
Polyketide	nucleoplasm [GO:0005654]	29.67
Polyketide	receptor complex [GO:0043235]	29.67
Polyketide	mitochondrion [GO:0005739]	29.67
Polyketide	RNA polymerase II transcription regulator complex [GO:0090575]	29.67
Polyketide	chromatin [GO:0000785]	29.67
Polyketide	transcription regulator complex [GO:0005667]	29.67
Polyketide	nucleus [GO:0005634]	29.67
Polyketide	node of Ranvier [GO:0033268]	77.33
Polyketide	synapse [GO:0045202]	77.33
Polyketide	plasma membrane [GO:0005886]	77.33
Polyketide	axon initial segment [GO:0043194]	77.33
Polyketide	voltage-gated potassium channel complex [GO:0008076]	77.33
Polyketide	endoplasmic reticulum [GO:0005783]	33.67
Polyketide	perinuclear region of cytoplasm [GO:0048471]	33.67
Polyketide	sarcoplasmic reticulum membrane [GO:0033017]	33.67
Polyketide	sarcoplasmic reticulum [GO:0016529]	33.67
Polyketide	endoplasmic reticulum membrane [GO:0005789]	33.67
Polyketide	H zone [GO:0031673]	33.67
Polyketide	membrane [GO:0016020]	33.67
Polyketide	endoplasmic reticulum-Golgi intermediate compartment [GO:0005793]	33.67
Polyketide	I band [GO:0031674]	33.67
Polyketide	cytoplasm [GO:0005737]	60.21
Polyketide	extracellular region [GO:0005576]	19.79
Polyketide	plasma membrane [GO:0005886]	24.52
Polyketide	cytoplasm [GO:0005737]	24.52
Polyketide	phosphatidylinositol 3-kinase complex, class IB [GO:0005944]	24.52
Polyketide	phosphatidylinositol 3-kinase complex, class IA [GO:0005943]	24.52
Polyketide	blood microparticle [GO:0072562]	45.57
Polyketide	extracellular region [GO:0005576]	45.57
Polyketide	extracellular exosome [GO:0070062]	45.57
Polyketide	secretory granule lumen [GO:0034774]	45.57
Polyketide	collagen-containing extracellular matrix [GO:0062023]	45.57
Polyketide	platelet alpha granule lumen [GO:0031093]	45.57
Polyketide	azurophil granule lumen [GO:0035578]	45.57
Polyketide	extracellular space [GO:0005615]	45.57
Polyketide	nucleus [GO:0005634]	45.57
Polyketide	protein-containing complex [GO:0032991]	50.64
Polyketide	endocytic vesicle membrane [GO:0030666]	50.64
Polyketide	cytosol [GO:0005829]	50.64
Polyketide	transcription repressor complex [GO:0017053]	50.64
Polyketide	nucleoplasm [GO:0005654]	50.64
Polyketide	plasma membrane [GO:0005886]	50.64
Polyketide	nucleus [GO:0005634]	50.64
Polyketide	cytoplasm [GO:0005737]	50.64
Polyketide	nucleolus [GO:0005730]	50.64
Polyketide	protein-containing complex [GO:0032991]	51.57
Polyketide	endocytic vesicle membrane [GO:0030666]	51.57
Polyketide	cytosol [GO:0005829]	51.57
Polyketide	transcription repressor complex [GO:0017053]	51.57
Polyketide	nucleoplasm [GO:0005654]	51.57
Polyketide	plasma membrane [GO:0005886]	51.57
Polyketide	nucleus [GO:0005634]	51.57
Polyketide	cytoplasm [GO:0005737]	51.57
Polyketide	nucleolus [GO:0005730]	51.57
Polyketide	nucleoplasm [GO:0005654]	41.52
Polyketide	mitochondrial respiratory chain complex I [GO:0005747]	41.52
Polyketide	host cell nucleus [GO:0042025]	49.19
Polyketide	protein-containing complex [GO:0032991]	49.19
Polyketide	host cell plasma membrane [GO:0020002]	49.19
Polyketide	host cell lipid droplet [GO:0044186]	49.19
Polyketide	viral envelope [GO:0019031]	49.19
Polyketide	host cell endoplasmic reticulum membrane [GO:0044167]	49.19
Polyketide	host cell mitochondrial membrane [GO:0044191]	49.19
Polyketide	ribonucleoprotein complex [GO:1990904]	49.19
Polyketide	membrane [GO:0016020]	49.19
Polyketide	viral nucleocapsid [GO:0019013]	49.19
Polyketide	virion membrane [GO:0055036]	49.19
Polyketide	host cell perinuclear region of cytoplasm [GO:0044220]	49.19
Polyketide	myelin sheath [GO:0043209]	35.4
Polyketide	cytosol [GO:0005829]	35.4
Polyketide	apical part of cell [GO:0045177]	35.4
Polyketide	extracellular exosome [GO:0070062]	35.4
Polyketide	plasma membrane [GO:0005886]	35.4
Polyketide	cytoplasm [GO:0005737]	35.4
Polyketide	nuclear periphery [GO:0034399]	-27.0
Polyketide	main axon [GO:0044304]	-27.0
Polyketide	neurofibrillary tangle [GO:0097418]	-27.0
Polyketide	neuron projection [GO:0043005]	-27.0
Polyketide	somatodendritic compartment [GO:0036477]	-27.0
Polyketide	microtubule [GO:0005874]	-27.0
Polyketide	cytoplasm [GO:0005737]	-27.0
Polyketide	neuronal cell body [GO:0043025]	-27.0
Polyketide	cell body [GO:0044297]	-27.0
Polyketide	nuclear speck [GO:0016607]	-27.0
Polyketide	growth cone [GO:0030426]	-27.0
Polyketide	membrane raft [GO:0045121]	-27.0
Polyketide	dendrite [GO:0030425]	-27.0
Polyketide	tubulin complex [GO:0045298]	-27.0
Polyketide	microtubule cytoskeleton [GO:0015630]	-27.0
Polyketide	cytosol [GO:0005829]	-27.0
Polyketide	axolemma [GO:0030673]	-27.0
Polyketide	glial cell projection [GO:0097386]	-27.0
Polyketide	dendritic spine [GO:0043197]	-27.0
Polyketide	extracellular region [GO:0005576]	-27.0
Polyketide	cytoplasmic ribonucleoprotein granule [GO:0036464]	-27.0
Polyketide	nucleus [GO:0005634]	-27.0
Polyketide	axon cytoplasm [GO:1904115]	-27.0
Polyketide	plasma membrane [GO:0005886]	-27.0
Polyketide	mitochondrion [GO:0005739]	-27.0
Polyketide	axon [GO:0030424]	-27.0
Polyketide	membrane [GO:0016020]	15.6
Polyketide	cytoplasm [GO:0005737]	16.9
Polyketide	dendrite [GO:0030425]	56.45
Polyketide	neuron projection [GO:0043005]	56.45
Polyketide	intracellular membrane-bounded organelle [GO:0043231]	56.45
Polyketide	plasma membrane [GO:0005886]	56.45
Polyketide	postsynaptic membrane [GO:0045211]	56.45
Polyketide	synapse [GO:0045202]	56.45
Polyketide	glycine-gated chloride channel complex [GO:0016935]	56.45
Polyketide	perikaryon [GO:0043204]	56.45
Polyketide	plasma membrane [GO:0005886]	58.83
Polyketide	proton-transporting ATP synthase complex, coupling factor F(o) [GO:0045263]	58.83
Polyketide	nucleus [GO:0005634]	0.0
Polyketide	proton-transporting V-type ATPase complex [GO:0033176]	81.86
Polyketide	vacuolar proton-transporting V-type ATPase, V0 domain [GO:0000220]	81.86
Polyketide	Golgi membrane [GO:0000139]	81.86
Polyketide	membrane [GO:0016020]	81.86
Polyketide	vacuolar proton-transporting V-type ATPase complex [GO:0016471]	81.86
Polyketide	fungal-type vacuole membrane [GO:0000329]	81.86
Polyketide	perinuclear region of cytoplasm [GO:0048471]	52.0
Polyketide	Golgi membrane [GO:0000139]	52.0
Polyketide	endoplasmic reticulum membrane [GO:0005789]	52.0
Polyketide	membrane [GO:0016020]	52.0
Polyketide	extracellular region [GO:0005576]	52.0
Polyketide	Golgi stack [GO:0005795]	52.0
Polyketide	Golgi cisterna membrane [GO:0032580]	52.0
Polyketide	Golgi apparatus [GO:0005794]	52.0
Polyketide	protein-containing complex [GO:0032991]	57.89
Polyketide	endocytic vesicle membrane [GO:0030666]	57.89
Polyketide	cytosol [GO:0005829]	57.89
Polyketide	transcription repressor complex [GO:0017053]	57.89
Polyketide	nucleoplasm [GO:0005654]	57.89
Polyketide	plasma membrane [GO:0005886]	57.89
Polyketide	nucleus [GO:0005634]	57.89
Polyketide	cytoplasm [GO:0005737]	57.89
Polyketide	nucleolus [GO:0005730]	57.89
Polyketide	vacuolar proton-transporting V-type ATPase, V0 domain [GO:0000220]	66.67
Polyketide	synaptic vesicle membrane [GO:0030672]	66.67
Polyketide	clathrin-coated vesicle membrane [GO:0030665]	66.67
Polyketide	proton-transporting V-type ATPase complex [GO:0033176]	88.67
Polyketide	vacuolar proton-transporting V-type ATPase, V0 domain [GO:0000220]	88.67
Polyketide	Golgi membrane [GO:0000139]	88.67
Polyketide	membrane [GO:0016020]	88.67
Polyketide	vacuolar proton-transporting V-type ATPase complex [GO:0016471]	88.67
Polyketide	fungal-type vacuole membrane [GO:0000329]	88.67
Polyketide	melanosome [GO:0042470]	38.38
Polyketide	perinuclear region of cytoplasm [GO:0048471]	38.38
Polyketide	sarcoplasmic reticulum lumen [GO:0033018]	38.38
Polyketide	endoplasmic reticulum [GO:0005783]	38.38
Polyketide	dendrite [GO:0030425]	46.5
Polyketide	PML body [GO:0016605]	46.5
Polyketide	nuclear envelope [GO:0005635]	46.5
Polyketide	lysosome [GO:0005764]	46.5
Polyketide	endomembrane system [GO:0012505]	46.5
Polyketide	mitochondrial outer membrane [GO:0005741]	46.5
Polyketide	cytosol [GO:0005829]	46.5
Polyketide	Golgi membrane [GO:0000139]	46.5
Polyketide	nucleoplasm [GO:0005654]	46.5
Polyketide	endoplasmic reticulum membrane [GO:0005789]	46.5
Polyketide	membrane [GO:0016020]	46.5
Polyketide	TORC1 complex [GO:0031931]	46.5
Polyketide	nucleus [GO:0005634]	46.5
Polyketide	TORC2 complex [GO:0031932]	46.5
Polyketide	lysosomal membrane [GO:0005765]	46.5
Polyketide	cytoplasm [GO:0005737]	46.5
Polyketide	phagocytic vesicle [GO:0045335]	46.5
Polyketide	cytosol [GO:0005829]	53.08
Polyketide	nucleoplasm [GO:0005654]	53.08
Polyketide	endoplasmic reticulum membrane [GO:0005789]	53.08
Polyketide	receptor complex [GO:0043235]	53.08
Polyketide	chromatin [GO:0000785]	53.08
Polyketide	node of Ranvier [GO:0033268]	68.14
Polyketide	synapse [GO:0045202]	68.14
Polyketide	plasma membrane [GO:0005886]	68.14
Polyketide	axon initial segment [GO:0043194]	68.14
Polyketide	voltage-gated potassium channel complex [GO:0008076]	68.14
Polyketide	plasma membrane [GO:0005886]	44.25
Polyketide	proton-transporting ATP synthase complex, coupling factor F(o) [GO:0045263]	44.25
Polyketide	extracellular exosome [GO:0070062]	32.25
Polyketide	collagen-containing extracellular matrix [GO:0062023]	32.25
Polyketide	plasma membrane [GO:0005886]	32.25
Polyketide	peptidase inhibitor complex [GO:1904090]	32.25
Polyketide	serine protease inhibitor complex [GO:0097180]	32.25
Polyketide	extracellular region [GO:0005576]	32.25
Polyketide	platelet alpha granule lumen [GO:0031093]	32.25
Polyketide	extracellular space [GO:0005615]	32.25
Polyketide	protein-containing complex [GO:0032991]	67.19
Polyketide	cytosol [GO:0005829]	67.19
Polyketide	nucleoplasm [GO:0005654]	67.19
Polyketide	membrane [GO:0016020]	67.19
Polyketide	plasma membrane [GO:0005886]	67.19
Polyketide	euchromatin [GO:0000791]	67.19
Polyketide	chromatin [GO:0000785]	67.19
Polyketide	transcription regulator complex [GO:0005667]	67.19
Polyketide	nucleus [GO:0005634]	67.19
Polyketide	cytoplasm [GO:0005737]	67.19
Polyketide	Golgi apparatus [GO:0005794]	67.19
Polyketide	intracellular membrane-bounded organelle [GO:0043231]	65.8
Polyketide	nucleoplasm [GO:0005654]	65.8
Polyketide	mitochondrion [GO:0005739]	65.8
Polyketide	chromatin [GO:0000785]	65.8
Polyketide	nucleus [GO:0005634]	65.8
Polyketide	chloroplast stroma [GO:0009570]	31.8
Polyketide	endoplasmic reticulum [GO:0005783]	31.8
Polyketide	chloroplast [GO:0009507]	31.8
Polyketide	cytosol [GO:0005829]	31.8
Polyketide	intracellular membrane-bounded organelle [GO:0043231]	31.8
Polyketide	plasma membrane [GO:0005886]	31.8
Polyketide	apoplast [GO:0048046]	31.8
Polyketide	plasmodesma [GO:0009506]	31.8
Polyketide	plant-type vacuole [GO:0000325]	31.8
Polyketide	cytoplasm [GO:0005737]	13.35
Polyketide	host cell nucleus [GO:0042025]	38.81
Polyketide	viral envelope [GO:0019031]	38.81
Polyketide	host cell plasma membrane [GO:0020002]	38.81
Polyketide	host cell lipid droplet [GO:0044186]	38.81
Polyketide	host cell endoplasmic reticulum membrane [GO:0044167]	38.81
Polyketide	host cell mitochondrial membrane [GO:0044191]	38.81
Polyketide	ribonucleoprotein complex [GO:1990904]	38.81
Polyketide	membrane [GO:0016020]	38.81
Polyketide	viral nucleocapsid [GO:0019013]	38.81
Polyketide	virion membrane [GO:0055036]	38.81
Polyketide	host cell perinuclear region of cytoplasm [GO:0044220]	38.81
Polyketide	nuclear chromosome [GO:0000228]	25.72
Polyketide	histone deacetylase complex [GO:0000118]	25.72
Polyketide	cytoplasm [GO:0005737]	25.72
Polyketide	nucleoplasm [GO:0005654]	25.72
Polyketide	nucleus [GO:0005634]	25.72
Polyketide	intracellular membrane-bounded organelle [GO:0043231]	62.12
Polyketide	endoplasmic reticulum membrane [GO:0005789]	62.12
Polyketide	cytoplasm [GO:0005737]	62.12
Polyketide	cytoplasmic microtubule [GO:0005881]	62.12
Polyketide	cytoplasmic side of endoplasmic reticulum membrane [GO:0098554]	-1.0
Polyketide	protein-containing complex [GO:0032991]	-1.0
Polyketide	endoplasmic reticulum [GO:0005783]	-1.0
Polyketide	sorting endosome [GO:0097443]	-1.0
Polyketide	endosome lumen [GO:0031904]	-1.0
Polyketide	early endosome [GO:0005769]	-1.0
Polyketide	cytosol [GO:0005829]	-1.0
Polyketide	mitochondrial crista [GO:0030061]	-1.0
Polyketide	mitochondrial matrix [GO:0005759]	-1.0
Polyketide	cytoplasm [GO:0005737]	-1.0
Polyketide	PML body [GO:0016605]	38.61
Polyketide	Sin3 complex [GO:0016580]	38.61
Polyketide	protein kinase CK2 complex [GO:0005956]	38.61
Polyketide	cytosol [GO:0005829]	38.61
Polyketide	nucleoplasm [GO:0005654]	38.61
Polyketide	plasma membrane [GO:0005886]	38.61
Polyketide	nucleus [GO:0005634]	38.61
Polyketide	nucleus [GO:0005634]	37.25
Polyketide	mitochondrial respiratory chain complex I [GO:0005747]	49.24
Polyketide	mitochondrial inner membrane [GO:0005743]	49.24
Polyketide	intracellular membrane-bounded organelle [GO:0043231]	66.64
Polyketide	nucleoplasm [GO:0005654]	66.64
Polyketide	mitochondrion [GO:0005739]	66.64
Polyketide	chromatin [GO:0000785]	66.64
Polyketide	nucleus [GO:0005634]	66.64
Polyketide	nucleoplasm [GO:0005654]	68.52
Polyketide	chromatin [GO:0000785]	68.52
Polyketide	viral envelope [GO:0019031]	31.82
Polyketide	host cell plasma membrane [GO:0020002]	31.82
Polyketide	host cell endoplasmic reticulum [GO:0044165]	31.82
Polyketide	virion membrane [GO:0055036]	31.82
Polyketide	extracellular region [GO:0005576]	31.82
Polyketide	membrane raft [GO:0045121]	31.82
Polyketide	host cell cytoplasm [GO:0030430]	31.82
Polyketide	intracellular membrane-bounded organelle [GO:0043231]	67.29
Polyketide	nucleoplasm [GO:0005654]	67.29
Polyketide	mitochondrion [GO:0005739]	67.29
Polyketide	chromatin [GO:0000785]	67.29
Polyketide	nucleus [GO:0005634]	67.29
Polyketide	protein-containing complex [GO:0032991]	61.52
Polyketide	cytosol [GO:0005829]	61.52
Polyketide	nucleoplasm [GO:0005654]	61.52
Polyketide	membrane [GO:0016020]	61.52
Polyketide	plasma membrane [GO:0005886]	61.52
Polyketide	euchromatin [GO:0000791]	61.52
Polyketide	chromatin [GO:0000785]	61.52
Polyketide	transcription regulator complex [GO:0005667]	61.52
Polyketide	nucleus [GO:0005634]	61.52
Polyketide	cytoplasm [GO:0005737]	61.52
Polyketide	Golgi apparatus [GO:0005794]	61.52
Polyketide	spindle pole body [GO:0005816]	55.24
Polyketide	perinuclear region of cytoplasm [GO:0048471]	55.24
Polyketide	kinetochore [GO:0000776]	55.24
Polyketide	nucleus [GO:0005634]	55.24
Polyketide	cytoplasm [GO:0005737]	55.24
Polyketide	extracellular space [GO:0005615]	29.22
Polyketide	extracellular region [GO:0005576]	29.22
Polyketide	extracellular exosome [GO:0070062]	29.22
Polyketide	nuclear envelope [GO:0005635]	35.71
Polyketide	perinuclear region of cytoplasm [GO:0048471]	35.71
Polyketide	cytosol [GO:0005829]	35.71
Polyketide	pericentriolar material [GO:0000242]	35.71
Polyketide	Golgi membrane [GO:0000139]	35.71
Polyketide	chromosome, telomeric region [GO:0000781]	35.71
Polyketide	nucleus [GO:0005634]	35.71
Polyketide	cytoplasm [GO:0005737]	35.71
Polyketide	host cell nucleus [GO:0042025]	24.67
Polyketide	host cell cytoplasm [GO:0030430]	24.67
Polyketide	protein-containing complex [GO:0032991]	57.29
Polyketide	endocytic vesicle membrane [GO:0030666]	57.29
Polyketide	cytosol [GO:0005829]	57.29
Polyketide	transcription repressor complex [GO:0017053]	57.29
Polyketide	nucleoplasm [GO:0005654]	57.29
Polyketide	plasma membrane [GO:0005886]	57.29
Polyketide	nucleus [GO:0005634]	57.29
Polyketide	cytoplasm [GO:0005737]	57.29
Polyketide	nucleolus [GO:0005730]	57.29
Polyketide	cell body [GO:0044297]	10.84
Polyketide	actin filament [GO:0005884]	10.84
Polyketide	skeletal muscle myofibril [GO:0098723]	10.84
Polyketide	stress fiber [GO:0001725]	10.84
Polyketide	filamentous actin [GO:0031941]	10.84
Polyketide	actin filament bundle [GO:0032432]	10.84
Polyketide	lamellipodium [GO:0030027]	10.84
Polyketide	striated muscle thin filament [GO:0005865]	10.84
Polyketide	cytoplasm [GO:0005737]	10.84
Polyketide	filopodium [GO:0030175]	10.84
Polyketide	sarcoplasmic reticulum membrane [GO:0033017]	40.0
Polyketide	cytoplasmic side of membrane [GO:0098562]	40.0
Polyketide	cytosol [GO:0005829]	40.0
Polyketide	Z disc [GO:0030018]	40.0
Polyketide	sarcoplasmic reticulum [GO:0016529]	40.0
Polyketide	terminal cisterna [GO:0014802]	40.0
Polyketide	membrane [GO:0016020]	40.0
Polyketide	ryanodine receptor complex [GO:1990425]	40.0
Polyketide	cytoplasm [GO:0005737]	40.0
Polyketide	host cell nucleus [GO:0042025]	39.06
Polyketide	viral envelope [GO:0019031]	39.06
Polyketide	host cell plasma membrane [GO:0020002]	39.06
Polyketide	host cell lipid droplet [GO:0044186]	39.06
Polyketide	host cell endoplasmic reticulum membrane [GO:0044167]	39.06
Polyketide	host cell mitochondrial membrane [GO:0044191]	39.06
Polyketide	ribonucleoprotein complex [GO:1990904]	39.06
Polyketide	membrane [GO:0016020]	39.06
Polyketide	viral nucleocapsid [GO:0019013]	39.06
Polyketide	virion membrane [GO:0055036]	39.06
Polyketide	host cell perinuclear region of cytoplasm [GO:0044220]	39.06
Polyketide	cell body [GO:0044297]	10.25
Polyketide	actin filament [GO:0005884]	10.25
Polyketide	skeletal muscle myofibril [GO:0098723]	10.25
Polyketide	stress fiber [GO:0001725]	10.25
Polyketide	filamentous actin [GO:0031941]	10.25
Polyketide	actin filament bundle [GO:0032432]	10.25
Polyketide	lamellipodium [GO:0030027]	10.25
Polyketide	striated muscle thin filament [GO:0005865]	10.25
Polyketide	cytoplasm [GO:0005737]	10.25
Polyketide	filopodium [GO:0030175]	10.25
Polyketide	transcription repressor complex [GO:0017053]	32.67
Polyketide	nucleoplasm [GO:0005654]	32.67
Polyketide	nucleus [GO:0005634]	32.67
Polyketide	endoplasmic reticulum [GO:0005783]	34.33
Polyketide	ribonucleoprotein complex [GO:1990904]	34.33
Polyketide	cytosol [GO:0005829]	34.33
Polyketide	plasma membrane [GO:0005886]	34.33
Polyketide	ribosome [GO:0005840]	34.33
Polyketide	vesicle [GO:0031982]	28.17
Polyketide	cytoplasm [GO:0005737]	28.17
Polyketide	secretory granule lumen [GO:0034774]	28.17
Polyketide	cytosol [GO:0005829]	28.17
Polyketide	ficolin-1-rich granule lumen [GO:1904813]	28.17
Polyketide	extracellular exosome [GO:0070062]	28.17
Polyketide	nucleoplasm [GO:0005654]	28.17
Polyketide	plasma membrane [GO:0005886]	28.17
Polyketide	extracellular region [GO:0005576]	28.17
Polyketide	extracellular space [GO:0005615]	28.17
Polyketide	cell surface [GO:0009986]	28.17
Polyketide	cytosol [GO:0005829]	31.55
Polyketide	extracellular exosome [GO:0070062]	31.55
Polyketide	histone deacetylase complex [GO:0000118]	33.38
Polyketide	nucleoplasm [GO:0005654]	33.38
Polyketide	nuclear chromosome [GO:0000228]	33.38
Polyketide	nucleus [GO:0005634]	33.38
Polyketide	cytoplasm [GO:0005737]	33.38
Polyketide	skeletal muscle myofibril [GO:0098723]	22.16
Polyketide	extracellular space [GO:0005615]	22.47
Polyketide	azurophil granule lumen [GO:0035578]	22.47
Polyketide	extracellular region [GO:0005576]	22.47
Polyketide	extracellular exosome [GO:0070062]	22.47
Polyketide	cytoplasm [GO:0005737]	58.48
Polyketide	postsynaptic density [GO:0014069]	29.73
Polyketide	glutamatergic synapse [GO:0098978]	29.73
Polyketide	plasma membrane [GO:0005886]	29.73
Polyketide	DAPK1-calmodulin complex [GO:1990722]	29.73
Polyketide	actin cytoskeleton [GO:0015629]	29.73
Polyketide	nucleus [GO:0005634]	29.73
Polyketide	cytoplasm [GO:0005737]	29.73
Polyketide	transcription repressor complex [GO:0017053]	49.47
Polyketide	nucleoplasm [GO:0005654]	49.47
Polyketide	nucleus [GO:0005634]	49.47
Polyketide	periplasmic space [GO:0042597]	62.0
Polyketide	node of Ranvier [GO:0033268]	77.33
Polyketide	synapse [GO:0045202]	77.33
Polyketide	plasma membrane [GO:0005886]	77.33
Polyketide	axon initial segment [GO:0043194]	77.33
Polyketide	voltage-gated potassium channel complex [GO:0008076]	77.33
Polyketide	dendrite [GO:0030425]	37.77
Polyketide	PML body [GO:0016605]	37.77
Polyketide	nuclear envelope [GO:0005635]	37.77
Polyketide	lysosome [GO:0005764]	37.77
Polyketide	endomembrane system [GO:0012505]	37.77
Polyketide	mitochondrial outer membrane [GO:0005741]	37.77
Polyketide	cytosol [GO:0005829]	37.77
Polyketide	Golgi membrane [GO:0000139]	37.77
Polyketide	nucleoplasm [GO:0005654]	37.77
Polyketide	endoplasmic reticulum membrane [GO:0005789]	37.77
Polyketide	membrane [GO:0016020]	37.77
Polyketide	TORC1 complex [GO:0031931]	37.77
Polyketide	nucleus [GO:0005634]	37.77
Polyketide	TORC2 complex [GO:0031932]	37.77
Polyketide	lysosomal membrane [GO:0005765]	37.77
Polyketide	cytoplasm [GO:0005737]	37.77
Polyketide	phagocytic vesicle [GO:0045335]	37.77
Polyketide	protein-containing complex [GO:0032991]	69.78
Polyketide	cytosol [GO:0005829]	69.78
Polyketide	nucleoplasm [GO:0005654]	69.78
Polyketide	membrane [GO:0016020]	69.78
Polyketide	plasma membrane [GO:0005886]	69.78
Polyketide	euchromatin [GO:0000791]	69.78
Polyketide	chromatin [GO:0000785]	69.78
Polyketide	transcription regulator complex [GO:0005667]	69.78
Polyketide	nucleus [GO:0005634]	69.78
Polyketide	cytoplasm [GO:0005737]	69.78
Polyketide	Golgi apparatus [GO:0005794]	69.78
Polyketide	extracellular space [GO:0005615]	38.89
Polyketide	azurophil granule lumen [GO:0035578]	38.89
Polyketide	extracellular region [GO:0005576]	38.89
Polyketide	extracellular exosome [GO:0070062]	38.89
Polyketide	PML body [GO:0016605]	31.0
Polyketide	Sin3 complex [GO:0016580]	31.0
Polyketide	protein kinase CK2 complex [GO:0005956]	31.0
Polyketide	cytosol [GO:0005829]	31.0
Polyketide	nucleoplasm [GO:0005654]	31.0
Polyketide	plasma membrane [GO:0005886]	31.0
Polyketide	nucleus [GO:0005634]	31.0
Polyketide	endoplasmic reticulum lumen [GO:0005788]	37.63
Polyketide	protein-containing complex [GO:0032991]	37.63
Polyketide	endoplasmic reticulum [GO:0005783]	37.63
Polyketide	extracellular exosome [GO:0070062]	37.63
Polyketide	blood microparticle [GO:0072562]	37.63
Polyketide	platelet alpha granule lumen [GO:0031093]	37.63
Polyketide	extracellular region [GO:0005576]	37.63
Polyketide	extracellular space [GO:0005615]	37.63
Polyketide	nucleus [GO:0005634]	37.63
Polyketide	cytoplasm [GO:0005737]	37.63
Polyketide	Golgi apparatus [GO:0005794]	37.63
Polyketide	melanosome [GO:0042470]	68.44
Polyketide	axonal growth cone [GO:0044295]	68.44
Polyketide	cell body [GO:0044297]	68.44
Polyketide	endomembrane system [GO:0012505]	68.44
Polyketide	lamellipodium [GO:0030027]	68.44
Polyketide	growth cone membrane [GO:0032584]	68.44
Polyketide	plasma membrane [GO:0005886]	68.44
Polyketide	axon [GO:0030424]	68.44
Polyketide	cell surface [GO:0009986]	68.44
Polyketide	skeletal muscle myofibril [GO:0098723]	-7.38
Polyketide	lysosomal lumen [GO:0043202]	41.14
Polyketide	basolateral plasma membrane [GO:0016323]	41.14
Polyketide	secretory granule lumen [GO:0034774]	41.14
Polyketide	extracellular exosome [GO:0070062]	41.14
Polyketide	nucleoplasm [GO:0005654]	41.14
Polyketide	brush border membrane [GO:0031526]	41.14
Polyketide	cytoplasm [GO:0005737]	41.14
Polyketide	cell surface [GO:0009986]	41.14
Polyketide	neuronal cell body [GO:0043025]	41.14
Polyketide	endocytic vesicle lumen [GO:0071682]	41.14
Polyketide	melanosome [GO:0042470]	41.14
Polyketide	protein-containing complex [GO:0032991]	41.14
Polyketide	axonal growth cone [GO:0044295]	41.14
Polyketide	perinuclear region of cytoplasm [GO:0048471]	41.14
Polyketide	cytosol [GO:0005829]	41.14
Polyketide	sperm mitochondrial sheath [GO:0097226]	41.14
Polyketide	membrane [GO:0016020]	41.14
Polyketide	extracellular region [GO:0005576]	41.14
Polyketide	nucleus [GO:0005634]	41.14
Polyketide	sperm plasma membrane [GO:0097524]	41.14
Polyketide	collagen-containing extracellular matrix [GO:0062023]	41.14
Polyketide	myelin sheath [GO:0043209]	41.14
Polyketide	apical plasma membrane [GO:0016324]	41.14
Polyketide	ficolin-1-rich granule lumen [GO:1904813]	41.14
Polyketide	dendritic growth cone [GO:0044294]	41.14
Polyketide	plasma membrane [GO:0005886]	41.14
Polyketide	mitochondrion [GO:0005739]	41.14
Polyketide	nucleoplasm [GO:0005654]	47.35
Polyketide	nucleus [GO:0005634]	47.35
Polyketide	cytoplasm [GO:0005737]	47.35
Polyketide	nucleolus [GO:0005730]	47.35
Polyketide	protein-DNA complex [GO:0032993]	49.57
Polyketide	extracellular space [GO:0005615]	35.73
Polyketide	azurophil granule lumen [GO:0035578]	35.73
Polyketide	extracellular region [GO:0005576]	35.73
Polyketide	extracellular exosome [GO:0070062]	35.73
Polyketide	periplasmic space [GO:0042597]	23.38
Polyketide	extracellular space [GO:0005615]	33.78
Polyketide	azurophil granule lumen [GO:0035578]	33.78
Polyketide	extracellular region [GO:0005576]	33.78
Polyketide	extracellular exosome [GO:0070062]	33.78
Polyketide	histone deacetylase complex [GO:0000118]	6.75
Polyketide	protein-containing complex [GO:0032991]	23.86
Polyketide	condensed nuclear chromosome [GO:0000794]	23.86
Polyketide	centrosome [GO:0005813]	23.86
Polyketide	kinetochore [GO:0000776]	23.86
Polyketide	cytosol [GO:0005829]	23.86
Polyketide	nucleoplasm [GO:0005654]	23.86
Polyketide	microtubule [GO:0005874]	23.86
Polyketide	nucleus [GO:0005634]	23.86
Polyketide	spindle pole [GO:0000922]	23.86
Polyketide	midbody [GO:0030496]	23.86
Polyketide	cytoplasm [GO:0005737]	23.86
Polyketide	nucleolus [GO:0005730]	23.86
Polyketide	nucleus [GO:0005634]	17.25
Polyketide	cytosol [GO:0005829]	17.25
Polyketide	methionine adenosyltransferase complex [GO:0048269]	17.25
Polyketide	extracellular exosome [GO:0070062]	17.25
Polyketide	plasma membrane [GO:0005886]	28.73
Polyketide	cell division site [GO:0032153]	28.73
Polyketide	cytoplasm [GO:0005737]	28.73
Polyketide	mitochondrion [GO:0005739]	42.9
Polyketide	mitochondrial inner membrane [GO:0005743]	42.9
Polyketide	mitochondrial proton-transporting ATP synthase complex [GO:0005753]	42.9
Polyketide	mitochondrial proton-transporting ATP synthase complex, coupling factor F(o) [GO:0000276]	42.9
Polyketide	heterochromatin [GO:0000792]	22.0
Polyketide	chromosome [GO:0005694]	22.0
Polyketide	paranode region of axon [GO:0033270]	22.0
Polyketide	microtubule [GO:0005874]	22.0
Polyketide	juxtaparanode region of axon [GO:0044224]	22.0
Polyketide	chromatin silencing complex [GO:0005677]	22.0
Polyketide	cytoplasm [GO:0005737]	22.0
Polyketide	nucleolus [GO:0005730]	22.0
Polyketide	centrosome [GO:0005813]	22.0
Polyketide	meiotic spindle [GO:0072687]	22.0
Polyketide	paranodal junction [GO:0033010]	22.0
Polyketide	lateral loop [GO:0043219]	22.0
Polyketide	centriole [GO:0005814]	22.0
Polyketide	growth cone [GO:0030426]	22.0
Polyketide	perikaryon [GO:0043204]	22.0
Polyketide	midbody [GO:0030496]	22.0
Polyketide	perinuclear region of cytoplasm [GO:0048471]	22.0
Polyketide	cytosol [GO:0005829]	22.0
Polyketide	glial cell projection [GO:0097386]	22.0
Polyketide	chromosome, telomeric region [GO:0000781]	22.0
Polyketide	spindle [GO:0005819]	22.0
Polyketide	nucleus [GO:0005634]	22.0
Polyketide	myelin sheath [GO:0043209]	22.0
Polyketide	Schmidt-Lanterman incisure [GO:0043220]	22.0
Polyketide	mitotic spindle [GO:0072686]	22.0
Polyketide	plasma membrane [GO:0005886]	22.0
Polyketide	mitochondrion [GO:0005739]	22.0
Polyketide	membrane [GO:0016020]	39.09
Polyketide	plasma membrane [GO:0005886]	45.15
Polyketide	proton-transporting ATP synthase complex, catalytic core F(1) [GO:0045261]	-4.33
Polyketide	mitochondrial proton-transporting ATP synthase complex [GO:0005753]	-4.33
Polyketide	vesicle [GO:0031982]	58.8
Polyketide	cytoplasm [GO:0005737]	58.8
Polyketide	secretory granule lumen [GO:0034774]	58.8
Polyketide	cytosol [GO:0005829]	58.8
Polyketide	ficolin-1-rich granule lumen [GO:1904813]	58.8
Polyketide	extracellular exosome [GO:0070062]	58.8
Polyketide	nucleoplasm [GO:0005654]	58.8
Polyketide	plasma membrane [GO:0005886]	58.8
Polyketide	extracellular region [GO:0005576]	58.8
Polyketide	extracellular space [GO:0005615]	58.8
Polyketide	cell surface [GO:0009986]	58.8
Polyketide	nucleoplasm [GO:0005654]	36.8
Polyketide	mitochondrial respiratory chain complex I [GO:0005747]	36.8
Polyketide	extracellular space [GO:0005615]	25.73
Polyketide	extracellular space [GO:0005615]	8.0
Polyketide	azurophil granule lumen [GO:0035578]	8.0
Polyketide	extracellular region [GO:0005576]	8.0
Polyketide	extracellular exosome [GO:0070062]	8.0
Polyketide	nuclear envelope [GO:0005635]	29.92
Polyketide	perinuclear region of cytoplasm [GO:0048471]	29.92
Polyketide	cytosol [GO:0005829]	29.92
Polyketide	pericentriolar material [GO:0000242]	29.92
Polyketide	Golgi membrane [GO:0000139]	29.92
Polyketide	chromosome, telomeric region [GO:0000781]	29.92
Polyketide	nucleus [GO:0005634]	29.92
Polyketide	cytoplasm [GO:0005737]	29.92
Polyketide	plasma membrane [GO:0005886]	47.89
Polyketide	proton-transporting ATP synthase complex, coupling factor F(o) [GO:0045263]	47.89
Polyketide	histone deacetylase complex [GO:0000118]	34.22
Polyketide	nucleoplasm [GO:0005654]	34.22
Polyketide	nuclear chromosome [GO:0000228]	34.22
Polyketide	nucleus [GO:0005634]	34.22
Polyketide	cytoplasm [GO:0005737]	34.22
Polyketide	membrane-bounded organelle [GO:0043227]	40.26
Polyketide	plasma membrane [GO:0005886]	41.6
Polyketide	proton-transporting ATP synthase complex, coupling factor F(o) [GO:0045263]	41.6
Polyketide	calcium channel complex [GO:0034704]	53.81
Polyketide	sarcoplasmic reticulum membrane [GO:0033017]	53.81
Polyketide	cytosol [GO:0005829]	53.81
Polyketide	Z disc [GO:0030018]	53.81
Polyketide	membrane [GO:0016020]	53.81
Polyketide	cytoplasm [GO:0005737]	53.81
Polyketide	cytoplasm [GO:0005737]	22.96
Polyketide	membrane [GO:0016020]	42.71
Polyketide	dendrite [GO:0030425]	46.81
Polyketide	neuron projection [GO:0043005]	46.81
Polyketide	intracellular membrane-bounded organelle [GO:0043231]	46.81
Polyketide	plasma membrane [GO:0005886]	46.81
Polyketide	postsynaptic membrane [GO:0045211]	46.81
Polyketide	synapse [GO:0045202]	46.81
Polyketide	glycine-gated chloride channel complex [GO:0016935]	46.81
Polyketide	perikaryon [GO:0043204]	46.81
Polyketide	membrane [GO:0016020]	32.27
Polyketide	host cell plasma membrane [GO:0020002]	14.33
Polyketide	host cell endosome membrane [GO:0044175]	14.33
Polyketide	host cell cytosol [GO:0044164]	14.33
Polyketide	membrane [GO:0016020]	14.33
Polyketide	extracellular region [GO:0005576]	14.33
Polyketide	plasma membrane [GO:0005886]	8.83
Polyketide	DNA-directed RNA polymerase complex [GO:0000428]	8.83
Polyketide	cytosol [GO:0005829]	8.83
Polyketide	peptidoglycan-based cell wall [GO:0009274]	8.83
Polyketide	protein-containing complex [GO:0032991]	58.62
Polyketide	cytosol [GO:0005829]	58.62
Polyketide	nucleoplasm [GO:0005654]	58.62
Polyketide	membrane [GO:0016020]	58.62
Polyketide	plasma membrane [GO:0005886]	58.62
Polyketide	euchromatin [GO:0000791]	58.62
Polyketide	chromatin [GO:0000785]	58.62
Polyketide	transcription regulator complex [GO:0005667]	58.62
Polyketide	nucleus [GO:0005634]	58.62
Polyketide	cytoplasm [GO:0005737]	58.62
Polyketide	Golgi apparatus [GO:0005794]	58.62
Polyketide	protein-containing complex [GO:0032991]	63.52
Polyketide	cytosol [GO:0005829]	63.52
Polyketide	nucleoplasm [GO:0005654]	63.52
Polyketide	membrane [GO:0016020]	63.52
Polyketide	plasma membrane [GO:0005886]	63.52
Polyketide	euchromatin [GO:0000791]	63.52
Polyketide	chromatin [GO:0000785]	63.52
Polyketide	transcription regulator complex [GO:0005667]	63.52
Polyketide	nucleus [GO:0005634]	63.52
Polyketide	cytoplasm [GO:0005737]	63.52
Polyketide	Golgi apparatus [GO:0005794]	63.52
Polyketide	RSC-type complex [GO:0016586]	36.83
Polyketide	kinetochore [GO:0000776]	36.83
Polyketide	SWI/SNF complex [GO:0016514]	36.83
Polyketide	nucleoplasm [GO:0005654]	36.83
Polyketide	nuclear matrix [GO:0016363]	36.83
Polyketide	chromatin [GO:0000785]	36.83
Polyketide	nuclear chromosome [GO:0000228]	36.83
Polyketide	nucleus [GO:0005634]	36.83
Polyketide	chloride channel complex [GO:0034707]	57.17
Polyketide	postsynaptic membrane [GO:0045211]	57.17
Polyketide	perikaryon [GO:0043204]	57.17
Polyketide	membrane [GO:0016020]	57.17
Polyketide	plasma membrane [GO:0005886]	57.17
Polyketide	dendrite [GO:0030425]	57.17
Polyketide	neuron projection [GO:0043005]	57.17
Polyketide	synapse [GO:0045202]	57.17
Polyketide	endoplasmic reticulum lumen [GO:0005788]	47.53
Polyketide	endoplasmic reticulum [GO:0005783]	47.53
Polyketide	cytosol [GO:0005829]	47.53
Polyketide	lipid droplet [GO:0005811]	47.53
Polyketide	cytoplasm [GO:0005737]	47.53
Polyketide	cell body [GO:0044297]	5.63
Polyketide	actin filament [GO:0005884]	5.63
Polyketide	skeletal muscle myofibril [GO:0098723]	5.63
Polyketide	stress fiber [GO:0001725]	5.63
Polyketide	filamentous actin [GO:0031941]	5.63
Polyketide	actin filament bundle [GO:0032432]	5.63
Polyketide	lamellipodium [GO:0030027]	5.63
Polyketide	striated muscle thin filament [GO:0005865]	5.63
Polyketide	cytoplasm [GO:0005737]	5.63
Polyketide	filopodium [GO:0030175]	5.63
Polyketide	mitochondrial proton-transporting ATP synthase complex [GO:0005753]	69.71
Polyketide	cytosol [GO:0005829]	69.71
Polyketide	mitochondrial proton-transporting ATP synthase complex, coupling factor F(o) [GO:0000276]	69.71
Polyketide	mitochondrion [GO:0005739]	69.71
Polyketide	mitochondrial intermembrane space [GO:0005758]	69.71
Polyketide	mitochondrial inner membrane [GO:0005743]	69.71
Polyketide	chromosome [GO:0005694]	24.68
Polyketide	DNA topoisomerase type II (double strand cut, ATP-hydrolyzing) complex [GO:0009330]	24.68
Polyketide	cytoplasm [GO:0005737]	24.68
Polyketide	cytosol [GO:0005829]	24.68
Polyketide	extracellular space [GO:0005615]	38.89
Polyketide	protein-containing complex [GO:0032991]	38.89
Polyketide	aggresome [GO:0016235]	44.36
Polyketide	cell projection [GO:0042995]	44.36
Polyketide	secretory granule membrane [GO:0030667]	44.36
Polyketide	ficolin-1-rich granule membrane [GO:0101003]	44.36
Polyketide	tertiary granule membrane [GO:0070821]	44.36
Polyketide	extracellular exosome [GO:0070062]	44.36
Polyketide	plasma membrane [GO:0005886]	44.36
Polyketide	membrane [GO:0016020]	44.36
Polyketide	specific granule membrane [GO:0035579]	44.36
Polyketide	perikaryon [GO:0043204]	44.36
Polyketide	melanosome [GO:0042470]	61.0
Polyketide	axonal growth cone [GO:0044295]	61.0
Polyketide	cell body [GO:0044297]	61.0
Polyketide	endomembrane system [GO:0012505]	61.0
Polyketide	lamellipodium [GO:0030027]	61.0
Polyketide	growth cone membrane [GO:0032584]	61.0
Polyketide	plasma membrane [GO:0005886]	61.0
Polyketide	axon [GO:0030424]	61.0
Polyketide	cell surface [GO:0009986]	61.0
Polyketide	secretory granule membrane [GO:0030667]	32.28
Polyketide	clathrin-sculpted monoamine transport vesicle membrane [GO:0070083]	32.28
Polyketide	terminal bouton [GO:0043195]	32.28
Polyketide	synaptic vesicle membrane [GO:0030672]	32.28
Polyketide	presynapse [GO:0098793]	32.28
Polyketide	endoplasmic reticulum membrane [GO:0005789]	32.28
Polyketide	presynaptic active zone cytoplasmic component [GO:0098831]	61.78
Polyketide	glutamatergic synapse [GO:0098978]	61.78
Polyketide	guanylate cyclase complex, soluble [GO:0008074]	61.78
Polyketide	cytosol [GO:0005829]	61.78
Polyketide	histone deacetylase complex [GO:0000118]	17.0
Polyketide	extracellular region [GO:0005576]	17.89
Polyketide	dendrite [GO:0030425]	43.47
Polyketide	chloride channel complex [GO:0034707]	43.47
Polyketide	neuron projection [GO:0043005]	43.47
Polyketide	plasma membrane [GO:0005886]	43.47
Polyketide	membrane [GO:0016020]	43.47
Polyketide	postsynaptic membrane [GO:0045211]	43.47
Polyketide	synapse [GO:0045202]	43.47
Polyketide	perikaryon [GO:0043204]	43.47
Polyketide	cell body [GO:0044297]	5.63
Polyketide	actin filament [GO:0005884]	5.63
Polyketide	skeletal muscle myofibril [GO:0098723]	5.63
Polyketide	stress fiber [GO:0001725]	5.63
Polyketide	filamentous actin [GO:0031941]	5.63
Polyketide	actin filament bundle [GO:0032432]	5.63
Polyketide	lamellipodium [GO:0030027]	5.63
Polyketide	striated muscle thin filament [GO:0005865]	5.63
Polyketide	cytoplasm [GO:0005737]	5.63
Polyketide	filopodium [GO:0030175]	5.63
Polyketide	cytoplasm [GO:0005737]	58.67
Polyketide	extracellular exosome [GO:0070062]	55.0
Polyketide	cytosol [GO:0005829]	55.0
Polyketide	nucleoplasm [GO:0005654]	55.0
Polyketide	protein-containing complex [GO:0032991]	55.0
Polyketide	peroxisomal matrix [GO:0005782]	55.0
Polyketide	apical cortex [GO:0045179]	55.0
Polyketide	nucleus [GO:0005634]	55.0
Polyketide	plasma membrane [GO:0005886]	58.57
Polyketide	proton-transporting ATP synthase complex, coupling factor F(o) [GO:0045263]	58.57
Polyketide	cytosol [GO:0005829]	44.32
Polyketide	nucleoplasm [GO:0005654]	23.65
Polyketide	nucleus [GO:0005634]	23.65
Polyketide	cytoplasm [GO:0005737]	23.65
Polyketide	cytoplasm [GO:0005737]	23.57
Polyketide	cytosol [GO:0005829]	63.18
Polyketide	nucleoplasm [GO:0005654]	63.18
Polyketide	endoplasmic reticulum membrane [GO:0005789]	63.18
Polyketide	receptor complex [GO:0043235]	63.18
Polyketide	chromatin [GO:0000785]	63.18
Polyketide	extracellular region [GO:0005576]	56.6
Polyketide	respirasome [GO:0070469]	26.64
Polyketide	mitochondrial inner membrane [GO:0005743]	26.64
Polyketide	efflux pump complex [GO:1990281]	22.94
Polyketide	outer membrane-bounded periplasmic space [GO:0030288]	22.94
Polyketide	periplasmic side of plasma membrane [GO:0098567]	22.94
Polyketide	plasma membrane [GO:0005886]	22.94
Polyketide	membrane [GO:0016020]	22.94
Polyketide	respirasome [GO:0070469]	21.96
Polyketide	mitochondrial inner membrane [GO:0005743]	21.96
Polyketide	cytoplasmic side of endoplasmic reticulum membrane [GO:0098554]	0.11
Polyketide	protein-containing complex [GO:0032991]	0.11
Polyketide	endoplasmic reticulum [GO:0005783]	0.11
Polyketide	sorting endosome [GO:0097443]	0.11
Polyketide	endosome lumen [GO:0031904]	0.11
Polyketide	early endosome [GO:0005769]	0.11
Polyketide	cytosol [GO:0005829]	0.11
Polyketide	mitochondrial crista [GO:0030061]	0.11
Polyketide	mitochondrial matrix [GO:0005759]	0.11
Polyketide	cytoplasm [GO:0005737]	0.11
Polyketide	intracellular membrane-bounded organelle [GO:0043231]	63.73
Polyketide	endoplasmic reticulum membrane [GO:0005789]	63.73
Polyketide	cytoplasm [GO:0005737]	63.73
Polyketide	cytoplasmic microtubule [GO:0005881]	63.73
Polyketide	nuclear chromosome [GO:0000228]	39.84
Polyketide	histone deacetylase complex [GO:0000118]	39.84
Polyketide	cytoplasm [GO:0005737]	39.84
Polyketide	nucleoplasm [GO:0005654]	39.84
Polyketide	nucleus [GO:0005634]	39.84
Polyketide	plasma membrane [GO:0005886]	46.55
Polyketide	peptidoglycan-based cell wall [GO:0009274]	46.55
Polyketide	cytosol [GO:0005829]	65.57
Polyketide	nucleoplasm [GO:0005654]	65.57
Polyketide	receptor complex [GO:0043235]	65.57
Polyketide	RNA polymerase II transcription regulator complex [GO:0090575]	65.57
Polyketide	chromatin [GO:0000785]	65.57
Polyketide	nucleus [GO:0005634]	65.57
Polyketide	cytosol [GO:0005829]	1.68
Polyketide	extracellular exosome [GO:0070062]	1.68
Polyketide	nucleoplasm [GO:0005654]	1.68
Polyketide	membrane [GO:0016020]	1.68
Polyketide	plasma membrane [GO:0005886]	1.68
Polyketide	external side of plasma membrane [GO:0009897]	1.68
Polyketide	cell surface [GO:0009986]	1.68
Polyketide	host cell nucleus [GO:0042025]	14.12
Polyketide	virion component [GO:0044423]	14.12
Polyketide	protein-containing complex [GO:0032991]	68.78
Polyketide	cytosol [GO:0005829]	68.78
Polyketide	nucleoplasm [GO:0005654]	68.78
Polyketide	membrane [GO:0016020]	68.78
Polyketide	plasma membrane [GO:0005886]	68.78
Polyketide	euchromatin [GO:0000791]	68.78
Polyketide	chromatin [GO:0000785]	68.78
Polyketide	transcription regulator complex [GO:0005667]	68.78
Polyketide	nucleus [GO:0005634]	68.78
Polyketide	cytoplasm [GO:0005737]	68.78
Polyketide	Golgi apparatus [GO:0005794]	68.78
Polyketide	protein-containing complex [GO:0032991]	67.19
Polyketide	cytosol [GO:0005829]	67.19
Polyketide	nucleoplasm [GO:0005654]	67.19
Polyketide	membrane [GO:0016020]	67.19
Polyketide	plasma membrane [GO:0005886]	67.19
Polyketide	euchromatin [GO:0000791]	67.19
Polyketide	chromatin [GO:0000785]	67.19
Polyketide	transcription regulator complex [GO:0005667]	67.19
Polyketide	nucleus [GO:0005634]	67.19
Polyketide	cytoplasm [GO:0005737]	67.19
Polyketide	Golgi apparatus [GO:0005794]	67.19
Polyketide	viral envelope [GO:0019031]	59.5
Polyketide	host cell plasma membrane [GO:0020002]	59.5
Polyketide	host cell endoplasmic reticulum [GO:0044165]	59.5
Polyketide	virion membrane [GO:0055036]	59.5
Polyketide	extracellular region [GO:0005576]	59.5
Polyketide	membrane raft [GO:0045121]	59.5
Polyketide	host cell cytoplasm [GO:0030430]	59.5
Polyketide	membrane [GO:0016020]	40.67
Polyketide	nucleoplasm [GO:0005654]	62.91
Polyketide	chromatin [GO:0000785]	62.91
Polyketide	chromosome [GO:0005694]	22.09
Polyketide	cytoplasm [GO:0005737]	22.09
Polyketide	proton-transporting V-type ATPase complex [GO:0033176]	88.67
Polyketide	vacuolar proton-transporting V-type ATPase, V0 domain [GO:0000220]	88.67
Polyketide	Golgi membrane [GO:0000139]	88.67
Polyketide	membrane [GO:0016020]	88.67
Polyketide	vacuolar proton-transporting V-type ATPase complex [GO:0016471]	88.67
Polyketide	fungal-type vacuole membrane [GO:0000329]	88.67
Polyketide	perinuclear region of cytoplasm [GO:0048471]	79.33
Polyketide	Golgi membrane [GO:0000139]	79.33
Polyketide	endoplasmic reticulum membrane [GO:0005789]	79.33
Polyketide	membrane [GO:0016020]	79.33
Polyketide	extracellular region [GO:0005576]	79.33
Polyketide	Golgi stack [GO:0005795]	79.33
Polyketide	Golgi cisterna membrane [GO:0032580]	79.33
Polyketide	Golgi apparatus [GO:0005794]	79.33
Polyketide	vacuolar proton-transporting V-type ATPase, V0 domain [GO:0000220]	87.0
Polyketide	synaptic vesicle membrane [GO:0030672]	87.0
Polyketide	clathrin-coated vesicle membrane [GO:0030665]	87.0
Polyketide	protein-containing complex [GO:0032991]	11.71
Polyketide	endocytic vesicle membrane [GO:0030666]	11.71
Polyketide	cytosol [GO:0005829]	11.71
Polyketide	transcription repressor complex [GO:0017053]	11.71
Polyketide	nucleoplasm [GO:0005654]	11.71
Polyketide	plasma membrane [GO:0005886]	11.71
Polyketide	nucleus [GO:0005634]	11.71
Polyketide	cytoplasm [GO:0005737]	11.71
Polyketide	nucleolus [GO:0005730]	11.71
Polyketide	proton-transporting V-type ATPase complex [GO:0033176]	67.78
Polyketide	vacuolar proton-transporting V-type ATPase, V0 domain [GO:0000220]	67.78
Polyketide	Golgi membrane [GO:0000139]	67.78
Polyketide	membrane [GO:0016020]	67.78
Polyketide	vacuolar proton-transporting V-type ATPase complex [GO:0016471]	67.78
Polyketide	fungal-type vacuole membrane [GO:0000329]	67.78
Polyketide	plasma membrane [GO:0005886]	58.6
Polyketide	proton-transporting ATP synthase complex, coupling factor F(o) [GO:0045263]	58.6
Polyketide	microtubule [GO:0005874]	15.23
Polyketide	cytoplasm [GO:0005737]	15.23
Polyketide	microtubule cytoskeleton [GO:0015630]	15.23
Polyketide	nucleus [GO:0005634]	0.0
Polyketide	T-tubule [GO:0030315]	31.2
Polyketide	external side of plasma membrane [GO:0009897]	31.2
Polyketide	clathrin-coated pit [GO:0005905]	31.2
Polyketide	membrane [GO:0016020]	31.2
Polyketide	extracellular exosome [GO:0070062]	31.2
Polyketide	cytosol [GO:0005829]	31.2
Polyketide	sarcolemma [GO:0042383]	31.2
Polyketide	vesicle membrane [GO:0012506]	31.2
Polyketide	trans-Golgi network [GO:0005802]	31.2
Polyketide	perinuclear region of cytoplasm [GO:0048471]	31.2
Polyketide	sarcoplasmic reticulum [GO:0016529]	31.2
Polyketide	insulin-responsive compartment [GO:0032593]	31.2
Polyketide	endomembrane system [GO:0012505]	31.2
Polyketide	clathrin-coated vesicle [GO:0030136]	31.2
Polyketide	plasma membrane [GO:0005886]	31.2
Polyketide	membrane raft [GO:0045121]	31.2
Polyketide	presynapse [GO:0098793]	31.2
Polyketide	multivesicular body [GO:0005771]	31.2
Polyketide	cytoplasmic vesicle membrane [GO:0030659]	31.2
Polyketide	trans-Golgi network transport vesicle [GO:0030140]	31.2
Polyketide	nucleoplasm [GO:0005654]	43.24
Polyketide	cytosol [GO:0005829]	43.24
Polyketide	extracellular exosome [GO:0070062]	43.24
Polyketide	plasma membrane [GO:0005886]	22.2
Polyketide	periplasmic side of plasma membrane [GO:0098567]	22.2
Polyketide	membrane [GO:0016020]	22.2
Polyketide	outer membrane-bounded periplasmic space [GO:0030288]	22.2
Polyketide	efflux pump complex [GO:1990281]	22.2
Polyketide	plasma membrane [GO:0005886]	58.33
Polyketide	proton-transporting ATP synthase complex, coupling factor F(o) [GO:0045263]	58.33
Polyketide	membrane [GO:0016020]	36.33
Polyketide	endoplasmic reticulum [GO:0005783]	36.33
Polyketide	endoplasmic reticulum membrane [GO:0005789]	36.33
Polyketide	node of Ranvier [GO:0033268]	66.56
Polyketide	synapse [GO:0045202]	66.56
Polyketide	plasma membrane [GO:0005886]	66.56
Polyketide	axon initial segment [GO:0043194]	66.56
Polyketide	voltage-gated potassium channel complex [GO:0008076]	66.56
Polyketide	sarcoplasmic reticulum membrane [GO:0033017]	43.38
Polyketide	cytoplasmic side of membrane [GO:0098562]	43.38
Polyketide	cytosol [GO:0005829]	43.38
Polyketide	Z disc [GO:0030018]	43.38
Polyketide	sarcoplasmic reticulum [GO:0016529]	43.38
Polyketide	terminal cisterna [GO:0014802]	43.38
Polyketide	membrane [GO:0016020]	43.38
Polyketide	ryanodine receptor complex [GO:1990425]	43.38
Polyketide	cytoplasm [GO:0005737]	43.38
Polyketide	node of Ranvier [GO:0033268]	61.43
Polyketide	synapse [GO:0045202]	61.43
Polyketide	plasma membrane [GO:0005886]	61.43
Polyketide	axon initial segment [GO:0043194]	61.43
Polyketide	voltage-gated potassium channel complex [GO:0008076]	61.43
Polyketide	periplasmic space [GO:0042597]	47.11
Polyketide	periplasmic space [GO:0042597]	35.22
Polyketide	postsynaptic density [GO:0014069]	40.0
Polyketide	glutamatergic synapse [GO:0098978]	40.0
Polyketide	plasma membrane [GO:0005886]	40.0
Polyketide	DAPK1-calmodulin complex [GO:1990722]	40.0
Polyketide	actin cytoskeleton [GO:0015629]	40.0
Polyketide	nucleus [GO:0005634]	40.0
Polyketide	cytoplasm [GO:0005737]	40.0
Polyketide	microtubule [GO:0005874]	14.85
Polyketide	cytoplasm [GO:0005737]	14.85
Polyketide	microtubule cytoskeleton [GO:0015630]	14.85
Polyketide	protein-containing complex [GO:0032991]	54.35
Polyketide	cytosol [GO:0005829]	54.35
Polyketide	nucleoplasm [GO:0005654]	54.35
Polyketide	membrane [GO:0016020]	54.35
Polyketide	plasma membrane [GO:0005886]	54.35
Polyketide	euchromatin [GO:0000791]	54.35
Polyketide	chromatin [GO:0000785]	54.35
Polyketide	transcription regulator complex [GO:0005667]	54.35
Polyketide	nucleus [GO:0005634]	54.35
Polyketide	cytoplasm [GO:0005737]	54.35
Polyketide	Golgi apparatus [GO:0005794]	54.35
Polyketide	lysosomal lumen [GO:0043202]	-27.33
Polyketide	basolateral plasma membrane [GO:0016323]	-27.33
Polyketide	secretory granule lumen [GO:0034774]	-27.33
Polyketide	extracellular exosome [GO:0070062]	-27.33
Polyketide	nucleoplasm [GO:0005654]	-27.33
Polyketide	brush border membrane [GO:0031526]	-27.33
Polyketide	cytoplasm [GO:0005737]	-27.33
Polyketide	cell surface [GO:0009986]	-27.33
Polyketide	neuronal cell body [GO:0043025]	-27.33
Polyketide	endocytic vesicle lumen [GO:0071682]	-27.33
Polyketide	melanosome [GO:0042470]	-27.33
Polyketide	protein-containing complex [GO:0032991]	-27.33
Polyketide	axonal growth cone [GO:0044295]	-27.33
Polyketide	perinuclear region of cytoplasm [GO:0048471]	-27.33
Polyketide	cytosol [GO:0005829]	-27.33
Polyketide	sperm mitochondrial sheath [GO:0097226]	-27.33
Polyketide	membrane [GO:0016020]	-27.33
Polyketide	extracellular region [GO:0005576]	-27.33
Polyketide	nucleus [GO:0005634]	-27.33
Polyketide	sperm plasma membrane [GO:0097524]	-27.33
Polyketide	collagen-containing extracellular matrix [GO:0062023]	-27.33
Polyketide	myelin sheath [GO:0043209]	-27.33
Polyketide	apical plasma membrane [GO:0016324]	-27.33
Polyketide	ficolin-1-rich granule lumen [GO:1904813]	-27.33
Polyketide	dendritic growth cone [GO:0044294]	-27.33
Polyketide	plasma membrane [GO:0005886]	-27.33
Polyketide	mitochondrion [GO:0005739]	-27.33
Polyketide	extracellular space [GO:0005615]	36.1
Polyketide	azurophil granule lumen [GO:0035578]	36.1
Polyketide	extracellular region [GO:0005576]	36.1
Polyketide	extracellular exosome [GO:0070062]	36.1
Polyketide	melanosome [GO:0042470]	81.4
Polyketide	axonal growth cone [GO:0044295]	81.4
Polyketide	cell body [GO:0044297]	81.4
Polyketide	endomembrane system [GO:0012505]	81.4
Polyketide	lamellipodium [GO:0030027]	81.4
Polyketide	growth cone membrane [GO:0032584]	81.4
Polyketide	plasma membrane [GO:0005886]	81.4
Polyketide	axon [GO:0030424]	81.4
Polyketide	cell surface [GO:0009986]	81.4
Polyketide	PML body [GO:0016605]	26.72
Polyketide	Sin3 complex [GO:0016580]	26.72
Polyketide	protein kinase CK2 complex [GO:0005956]	26.72
Polyketide	cytosol [GO:0005829]	26.72
Polyketide	nucleoplasm [GO:0005654]	26.72
Polyketide	plasma membrane [GO:0005886]	26.72
Polyketide	nucleus [GO:0005634]	26.72
Polyketide	endoplasmic reticulum lumen [GO:0005788]	34.95
Polyketide	protein-containing complex [GO:0032991]	34.95
Polyketide	endoplasmic reticulum [GO:0005783]	34.95
Polyketide	extracellular exosome [GO:0070062]	34.95
Polyketide	blood microparticle [GO:0072562]	34.95
Polyketide	platelet alpha granule lumen [GO:0031093]	34.95
Polyketide	extracellular region [GO:0005576]	34.95
Polyketide	extracellular space [GO:0005615]	34.95
Polyketide	nucleus [GO:0005634]	34.95
Polyketide	cytoplasm [GO:0005737]	34.95
Polyketide	Golgi apparatus [GO:0005794]	34.95
Polyketide	cytosol [GO:0005829]	44.7
Polyketide	extracellular exosome [GO:0070062]	44.7
Polyketide	nucleoplasm [GO:0005654]	44.7
Polyketide	membrane [GO:0016020]	44.7
Polyketide	cytoplasm [GO:0005737]	44.7
Polyketide	periplasmic space [GO:0042597]	14.29
Polyketide	protein-containing complex [GO:0032991]	56.12
Polyketide	endocytic vesicle membrane [GO:0030666]	56.12
Polyketide	cytosol [GO:0005829]	56.12
Polyketide	transcription repressor complex [GO:0017053]	56.12
Polyketide	nucleoplasm [GO:0005654]	56.12
Polyketide	plasma membrane [GO:0005886]	56.12
Polyketide	nucleus [GO:0005634]	56.12
Polyketide	cytoplasm [GO:0005737]	56.12
Polyketide	nucleolus [GO:0005730]	56.12
Polyketide	cytoplasm [GO:0005737]	-5.29
Polyketide	RISC complex [GO:0016442]	-5.29
Polyketide	cytosol [GO:0005829]	-5.29
Polyketide	P-body [GO:0000932]	-5.29
Polyketide	nucleoplasm [GO:0005654]	-5.29
Polyketide	cytoplasmic ribonucleoprotein granule [GO:0036464]	-5.29
Polyketide	cell junction [GO:0030054]	-5.29
Polyketide	melanosome [GO:0042470]	34.17
Polyketide	perinuclear region of cytoplasm [GO:0048471]	34.17
Polyketide	sarcoplasmic reticulum lumen [GO:0033018]	34.17
Polyketide	endoplasmic reticulum [GO:0005783]	34.17
Polyketide	protein-containing complex [GO:0032991]	67.19
Polyketide	cytosol [GO:0005829]	67.19
Polyketide	nucleoplasm [GO:0005654]	67.19
Polyketide	membrane [GO:0016020]	67.19
Polyketide	plasma membrane [GO:0005886]	67.19
Polyketide	euchromatin [GO:0000791]	67.19
Polyketide	chromatin [GO:0000785]	67.19
Polyketide	transcription regulator complex [GO:0005667]	67.19
Polyketide	nucleus [GO:0005634]	67.19
Polyketide	cytoplasm [GO:0005737]	67.19
Polyketide	Golgi apparatus [GO:0005794]	67.19
Polyketide	cell body [GO:0044297]	9.15
Polyketide	actin filament [GO:0005884]	9.15
Polyketide	skeletal muscle myofibril [GO:0098723]	9.15
Polyketide	stress fiber [GO:0001725]	9.15
Polyketide	filamentous actin [GO:0031941]	9.15
Polyketide	actin filament bundle [GO:0032432]	9.15
Polyketide	lamellipodium [GO:0030027]	9.15
Polyketide	striated muscle thin filament [GO:0005865]	9.15
Polyketide	cytoplasm [GO:0005737]	9.15
Polyketide	filopodium [GO:0030175]	9.15
Polyketide	cytosol [GO:0005829]	13.75
Polyketide	mitochondrion [GO:0005739]	13.75
Polyketide	mitochondrial intermembrane space [GO:0005758]	13.75
Polyketide	mitochondrial matrix [GO:0005759]	13.75
Polyketide	nucleus [GO:0005634]	13.75
Polyketide	extracellular region [GO:0005576]	24.36
Polyketide	nuclear envelope [GO:0005635]	36.42
Polyketide	perinuclear region of cytoplasm [GO:0048471]	36.42
Polyketide	cytosol [GO:0005829]	36.42
Polyketide	pericentriolar material [GO:0000242]	36.42
Polyketide	Golgi membrane [GO:0000139]	36.42
Polyketide	chromosome, telomeric region [GO:0000781]	36.42
Polyketide	nucleus [GO:0005634]	36.42
Polyketide	cytoplasm [GO:0005737]	36.42
Polyketide	nucleoplasm [GO:0005654]	59.36
Polyketide	receptor complex [GO:0043235]	59.36
Polyketide	euchromatin [GO:0000791]	59.36
Polyketide	chromatin [GO:0000785]	59.36
Polyketide	periplasmic space [GO:0042597]	32.74
Polyketide	myelin sheath [GO:0043209]	43.67
Polyketide	cytosol [GO:0005829]	43.67
Polyketide	apical part of cell [GO:0045177]	43.67
Polyketide	extracellular exosome [GO:0070062]	43.67
Polyketide	plasma membrane [GO:0005886]	43.67
Polyketide	cytoplasm [GO:0005737]	43.67
Polyketide	vesicle [GO:0031982]	30.45
Polyketide	cytoplasm [GO:0005737]	30.45
Polyketide	secretory granule lumen [GO:0034774]	30.45
Polyketide	cytosol [GO:0005829]	30.45
Polyketide	ficolin-1-rich granule lumen [GO:1904813]	30.45
Polyketide	extracellular exosome [GO:0070062]	30.45
Polyketide	nucleoplasm [GO:0005654]	30.45
Polyketide	plasma membrane [GO:0005886]	30.45
Polyketide	extracellular region [GO:0005576]	30.45
Polyketide	extracellular space [GO:0005615]	30.45
Polyketide	cell surface [GO:0009986]	30.45
Polyketide	endoplasmic reticulum [GO:0005783]	38.67
Polyketide	ribonucleoprotein complex [GO:1990904]	38.67
Polyketide	cytosol [GO:0005829]	38.67
Polyketide	plasma membrane [GO:0005886]	38.67
Polyketide	ribosome [GO:0005840]	38.67
Polyketide	intracellular membrane-bounded organelle [GO:0043231]	66.64
Polyketide	nucleoplasm [GO:0005654]	66.64
Polyketide	mitochondrion [GO:0005739]	66.64
Polyketide	chromatin [GO:0000785]	66.64
Polyketide	nucleus [GO:0005634]	66.64
Polyketide	host cell endoplasmic reticulum-Golgi intermediate compartment [GO:0044172]	20.64
Polyketide	double membrane vesicle viral factory outer membrane [GO:0062243]	20.64
Polyketide	host cell perinuclear region of cytoplasm [GO:0044220]	20.64
Polyketide	host cell endosome [GO:0044174]	20.64
Polyketide	host cell nucleus [GO:0042025]	20.64
Polyketide	membrane [GO:0016020]	20.64
Polyketide	host cell endoplasmic reticulum membrane [GO:0044167]	20.64
Polyketide	host cell Golgi apparatus [GO:0044177]	20.64
Polyketide	extracellular space [GO:0005615]	35.73
Polyketide	azurophil granule lumen [GO:0035578]	35.73
Polyketide	extracellular region [GO:0005576]	35.73
Polyketide	extracellular exosome [GO:0070062]	35.73
Polyketide	plasma membrane [GO:0005886]	87.8
Polyketide	calcium channel complex [GO:0034704]	87.8
Polyketide	cytosol [GO:0005829]	20.39
Polyketide	nucleoplasm [GO:0005654]	20.39
Polyketide	plasma membrane [GO:0005886]	20.39
Polyketide	nucleus [GO:0005634]	20.39
Polyketide	cytoplasm [GO:0005737]	20.39
Polyketide	nucleolus [GO:0005730]	20.39
Polyketide	mitochondrial proton-transporting ATP synthase complex, catalytic sector F(1) [GO:0000275]	12.0
Polyketide	mitochondrial proton-transporting ATP synthase complex [GO:0005753]	12.0
Polyketide	focal adhesion [GO:0005925]	-19.33
Polyketide	cytosol [GO:0005829]	-19.33
Polyketide	extracellular exosome [GO:0070062]	-19.33
Polyketide	glutamatergic synapse [GO:0098978]	-19.33
Polyketide	membrane [GO:0016020]	-19.33
Polyketide	blood microparticle [GO:0072562]	-19.33
Polyketide	cell cortex [GO:0005938]	-19.33
Polyketide	cytoskeleton [GO:0005856]	-19.33
Polyketide	nucleus [GO:0005634]	-19.33
Polyketide	cytoplasm [GO:0005737]	-19.33
Polyketide	vesicle [GO:0031982]	42.67
Polyketide	cytoplasm [GO:0005737]	42.67
Polyketide	secretory granule lumen [GO:0034774]	42.67
Polyketide	cytosol [GO:0005829]	42.67
Polyketide	ficolin-1-rich granule lumen [GO:1904813]	42.67
Polyketide	extracellular exosome [GO:0070062]	42.67
Polyketide	nucleoplasm [GO:0005654]	42.67
Polyketide	plasma membrane [GO:0005886]	42.67
Polyketide	extracellular region [GO:0005576]	42.67
Polyketide	extracellular space [GO:0005615]	42.67
Polyketide	cell surface [GO:0009986]	42.67
Polyketide	histone deacetylase complex [GO:0000118]	24.31
Polyketide	membrane [GO:0016020]	37.79
Polyketide	juxtaparanode region of axon [GO:0044224]	48.5
Polyketide	perikaryon [GO:0043204]	48.5
Polyketide	paranodal junction [GO:0033010]	48.5
Polyketide	cytosol [GO:0005829]	48.5
Polyketide	cytoplasm [GO:0005737]	48.5
Polyketide	chromosome [GO:0005694]	48.5
Polyketide	heterochromatin [GO:0000792]	48.5
Polyketide	perinuclear region of cytoplasm [GO:0048471]	48.5
Polyketide	spindle [GO:0005819]	48.5
Polyketide	chromosome, telomeric region [GO:0000781]	48.5
Polyketide	microtubule [GO:0005874]	48.5
Polyketide	mitochondrion [GO:0005739]	48.5
Polyketide	midbody [GO:0030496]	48.5
Polyketide	nucleolus [GO:0005730]	48.5
Polyketide	myelin sheath [GO:0043209]	48.5
Polyketide	paranode region of axon [GO:0033270]	48.5
Polyketide	centrosome [GO:0005813]	48.5
Polyketide	centriole [GO:0005814]	48.5
Polyketide	plasma membrane [GO:0005886]	48.5
Polyketide	glial cell projection [GO:0097386]	48.5
Polyketide	mitotic spindle [GO:0072686]	48.5
Polyketide	growth cone [GO:0030426]	48.5
Polyketide	chromatin silencing complex [GO:0005677]	48.5
Polyketide	Schmidt-Lanterman incisure [GO:0043220]	48.5
Polyketide	lateral loop [GO:0043219]	48.5
Polyketide	meiotic spindle [GO:0072687]	48.5
Polyketide	nucleus [GO:0005634]	48.5
Polyketide	mitochondrion [GO:0005739]	51.3
Polyketide	mitochondrial inner membrane [GO:0005743]	51.3
Polyketide	mitochondrial proton-transporting ATP synthase complex [GO:0005753]	51.3
Polyketide	mitochondrial proton-transporting ATP synthase complex, coupling factor F(o) [GO:0000276]	51.3
Polyketide	sarcoplasmic reticulum membrane [GO:0033017]	28.16
Polyketide	postsynaptic density [GO:0014069]	28.16
Polyketide	Z disc [GO:0030018]	28.16
Polyketide	T-tubule [GO:0030315]	28.16
Polyketide	secretory granule [GO:0030141]	28.16
Polyketide	sarcolemma [GO:0042383]	28.16
Polyketide	cytoplasm [GO:0005737]	28.16
Polyketide	calyx of Held [GO:0044305]	28.16
Polyketide	azurophil granule [GO:0042582]	28.16
Polyketide	nuclear membrane [GO:0031965]	28.16
Polyketide	membrane raft [GO:0045121]	28.16
Polyketide	postsynaptic specialization, intracellular component [GO:0099091]	28.16
Polyketide	postsynaptic density, intracellular component [GO:0099092]	28.16
Polyketide	dendrite [GO:0030425]	28.16
Polyketide	protein-containing complex [GO:0032991]	28.16
Polyketide	perinuclear region of cytoplasm [GO:0048471]	28.16
Polyketide	cytosol [GO:0005829]	28.16
Polyketide	sarcoplasmic reticulum [GO:0016529]	28.16
Polyketide	glutamatergic synapse [GO:0098978]	28.16
Polyketide	dendritic spine [GO:0043197]	28.16
Polyketide	cell periphery [GO:0071944]	28.16
Polyketide	nucleus [GO:0005634]	28.16
Polyketide	mitochondrial outer membrane [GO:0005741]	28.16
Polyketide	plasma membrane [GO:0005886]	28.16
Polyketide	synapse [GO:0045202]	28.16
Polyketide	mitochondrion [GO:0005739]	28.16
Polyketide	photoreceptor inner segment [GO:0001917]	28.16
Polyketide	cytoskeleton [GO:0005856]	28.16
Polyketide	membrane [GO:0016020]	17.0
Polyketide	dendrite [GO:0030425]	56.45
Polyketide	neuron projection [GO:0043005]	56.45
Polyketide	intracellular membrane-bounded organelle [GO:0043231]	56.45
Polyketide	plasma membrane [GO:0005886]	56.45
Polyketide	postsynaptic membrane [GO:0045211]	56.45
Polyketide	synapse [GO:0045202]	56.45
Polyketide	glycine-gated chloride channel complex [GO:0016935]	56.45
Polyketide	perikaryon [GO:0043204]	56.45
Polyketide	membrane [GO:0016020]	36.5
Polyketide	RSC-type complex [GO:0016586]	47.43
Polyketide	kinetochore [GO:0000776]	47.43
Polyketide	SWI/SNF complex [GO:0016514]	47.43
Polyketide	nucleoplasm [GO:0005654]	47.43
Polyketide	nuclear matrix [GO:0016363]	47.43
Polyketide	chromatin [GO:0000785]	47.43
Polyketide	nuclear chromosome [GO:0000228]	47.43
Polyketide	nucleus [GO:0005634]	47.43
Polyketide	basolateral plasma membrane [GO:0016323]	35.14
Polyketide	plasma membrane [GO:0005886]	35.14
Polyketide	membrane [GO:0016020]	35.14
Polyketide	apical plasma membrane [GO:0016324]	35.14
Polyketide	plasma membrane [GO:0005886]	60.33
Polyketide	proton-transporting ATP synthase complex, coupling factor F(o) [GO:0045263]	60.33
Polyketide	protein-containing complex [GO:0032991]	63.53
Polyketide	endocytic vesicle membrane [GO:0030666]	63.53
Polyketide	cytosol [GO:0005829]	63.53
Polyketide	transcription repressor complex [GO:0017053]	63.53
Polyketide	nucleoplasm [GO:0005654]	63.53
Polyketide	plasma membrane [GO:0005886]	63.53
Polyketide	nucleus [GO:0005634]	63.53
Polyketide	cytoplasm [GO:0005737]	63.53
Polyketide	nucleolus [GO:0005730]	63.53
Polyketide	respirasome [GO:0070469]	47.17
Polyketide	mitochondrion [GO:0005739]	47.17
Polyketide	mitochondrial inner membrane [GO:0005743]	47.17
Polyketide	plasma membrane [GO:0005886]	50.0
Polyketide	proton-transporting ATP synthase complex, coupling factor F(o) [GO:0045263]	50.0
Polyketide	nuclear envelope [GO:0005635]	27.79
Polyketide	perinuclear region of cytoplasm [GO:0048471]	27.79
Polyketide	cytosol [GO:0005829]	27.79
Polyketide	pericentriolar material [GO:0000242]	27.79
Polyketide	Golgi membrane [GO:0000139]	27.79
Polyketide	chromosome, telomeric region [GO:0000781]	27.79
Polyketide	nucleus [GO:0005634]	27.79
Polyketide	cytoplasm [GO:0005737]	27.79
Polyketide	periplasmic space [GO:0042597]	12.07
Polyketide	extracellular space [GO:0005615]	26.31
Polyketide	azurophil granule lumen [GO:0035578]	26.31
Polyketide	extracellular region [GO:0005576]	26.31
Polyketide	extracellular exosome [GO:0070062]	26.31
Polyketide	protein-DNA complex [GO:0032993]	49.72
Polyketide	extracellular space [GO:0005615]	31.89
Polyketide	azurophil granule lumen [GO:0035578]	31.89
Polyketide	extracellular region [GO:0005576]	31.89
Polyketide	extracellular exosome [GO:0070062]	31.89
Polyketide	nucleus [GO:0005634]	20.63
Polyketide	cytosol [GO:0005829]	20.63
Polyketide	methionine adenosyltransferase complex [GO:0048269]	20.63
Polyketide	extracellular exosome [GO:0070062]	20.63
Polyketide	skeletal muscle myofibril [GO:0098723]	19.28
Polyketide	histone deacetylase complex [GO:0000118]	6.75
Polyketide	protein-containing complex [GO:0032991]	31.1
Polyketide	condensed nuclear chromosome [GO:0000794]	31.1
Polyketide	centrosome [GO:0005813]	31.1
Polyketide	kinetochore [GO:0000776]	31.1
Polyketide	cytosol [GO:0005829]	31.1
Polyketide	nucleoplasm [GO:0005654]	31.1
Polyketide	microtubule [GO:0005874]	31.1
Polyketide	nucleus [GO:0005634]	31.1
Polyketide	spindle pole [GO:0000922]	31.1
Polyketide	midbody [GO:0030496]	31.1
Polyketide	cytoplasm [GO:0005737]	31.1
Polyketide	nucleolus [GO:0005730]	31.1
Polyketide	dendrite [GO:0030425]	56.85
Polyketide	protein-containing complex [GO:0032991]	56.85
Polyketide	perinuclear region of cytoplasm [GO:0048471]	56.85
Polyketide	cytosol [GO:0005829]	56.85
Polyketide	nucleoplasm [GO:0005654]	56.85
Polyketide	plasma membrane [GO:0005886]	56.85
Polyketide	actin cytoskeleton [GO:0015629]	56.85
Polyketide	RNA polymerase II transcription regulator complex [GO:0090575]	56.85
Polyketide	chromatin [GO:0000785]	56.85
Polyketide	transcription regulator complex [GO:0005667]	56.85
Polyketide	nucleus [GO:0005634]	56.85
Polyketide	cytoplasm [GO:0005737]	56.85
Polyketide	nucleolus [GO:0005730]	56.85
Polyketide	cytoplasmic side of endoplasmic reticulum membrane [GO:0098554]	18.93
Polyketide	protein-containing complex [GO:0032991]	18.93
Polyketide	endoplasmic reticulum [GO:0005783]	18.93
Polyketide	sorting endosome [GO:0097443]	18.93
Polyketide	endosome lumen [GO:0031904]	18.93
Polyketide	early endosome [GO:0005769]	18.93
Polyketide	cytosol [GO:0005829]	18.93
Polyketide	mitochondrial crista [GO:0030061]	18.93
Polyketide	mitochondrial matrix [GO:0005759]	18.93
Polyketide	cytoplasm [GO:0005737]	18.93
Polyketide	cell body [GO:0044297]	8.68
Polyketide	actin filament [GO:0005884]	8.68
Polyketide	skeletal muscle myofibril [GO:0098723]	8.68
Polyketide	stress fiber [GO:0001725]	8.68
Polyketide	filamentous actin [GO:0031941]	8.68
Polyketide	actin filament bundle [GO:0032432]	8.68
Polyketide	lamellipodium [GO:0030027]	8.68
Polyketide	striated muscle thin filament [GO:0005865]	8.68
Polyketide	cytoplasm [GO:0005737]	8.68
Polyketide	filopodium [GO:0030175]	8.68
Polyketide	plasma membrane [GO:0005886]	58.33
Polyketide	proton-transporting ATP synthase complex, coupling factor F(o) [GO:0045263]	58.33
Polyketide	extracellular exosome [GO:0070062]	56.69
Polyketide	cytosol [GO:0005829]	56.69
Polyketide	nucleoplasm [GO:0005654]	56.69
Polyketide	protein-containing complex [GO:0032991]	56.69
Polyketide	peroxisomal matrix [GO:0005782]	56.69
Polyketide	apical cortex [GO:0045179]	56.69
Polyketide	nucleus [GO:0005634]	56.69
Polyketide	cytoplasm [GO:0005737]	36.16
Polyketide	cytosol [GO:0005829]	36.16
Polyketide	dendrite [GO:0030425]	59.11
Polyketide	chloride channel complex [GO:0034707]	59.11
Polyketide	neuron projection [GO:0043005]	59.11
Polyketide	plasma membrane [GO:0005886]	59.11
Polyketide	membrane [GO:0016020]	59.11
Polyketide	postsynaptic membrane [GO:0045211]	59.11
Polyketide	synapse [GO:0045202]	59.11
Polyketide	perikaryon [GO:0043204]	59.11
Polyketide	protein-DNA complex [GO:0032993]	44.04
Polyketide	extracellular region [GO:0005576]	15.06
Polyketide	focal adhesion [GO:0005925]	23.18
Polyketide	tertiary granule membrane [GO:0070821]	23.18
Polyketide	extracellular exosome [GO:0070062]	23.18
Polyketide	plasma membrane [GO:0005886]	23.18
Polyketide	protein complex involved in cell-matrix adhesion [GO:0098637]	23.18
Polyketide	serine protease inhibitor complex [GO:0097180]	23.18
Polyketide	extracellular region [GO:0005576]	23.18
Polyketide	specific granule membrane [GO:0035579]	23.18
Polyketide	extracellular space [GO:0005615]	23.18
Polyketide	external side of plasma membrane [GO:0009897]	23.18
Polyketide	cell surface [GO:0009986]	23.18
Polyketide	serine-type endopeptidase complex [GO:1905370]	23.18
Polyketide	chromosome [GO:0005694]	27.4
Polyketide	condensed nuclear chromosome [GO:0000794]	27.4
Polyketide	nucleus [GO:0005634]	27.4
Polyketide	nucleoplasm [GO:0005654]	27.4
Polyketide	microtubule [GO:0005874]	27.19
Polyketide	cytoplasm [GO:0005737]	27.19
Polyketide	cytosol [GO:0005829]	63.18
Polyketide	nucleoplasm [GO:0005654]	63.18
Polyketide	endoplasmic reticulum membrane [GO:0005789]	63.18
Polyketide	receptor complex [GO:0043235]	63.18
Polyketide	chromatin [GO:0000785]	63.18
Polyketide	cytoplasm [GO:0005737]	24.25
Polyketide	chloride channel complex [GO:0034707]	57.17
Polyketide	postsynaptic membrane [GO:0045211]	57.17
Polyketide	perikaryon [GO:0043204]	57.17
Polyketide	membrane [GO:0016020]	57.17
Polyketide	plasma membrane [GO:0005886]	57.17
Polyketide	dendrite [GO:0030425]	57.17
Polyketide	neuron projection [GO:0043005]	57.17
Polyketide	synapse [GO:0045202]	57.17
Polyketide	endoplasmic reticulum lumen [GO:0005788]	24.19
Polyketide	endoplasmic reticulum [GO:0005783]	24.19
Polyketide	cytosol [GO:0005829]	24.19
Polyketide	lipid droplet [GO:0005811]	24.19
Polyketide	cytoplasm [GO:0005737]	24.19
Polyketide	RSC-type complex [GO:0016586]	44.5
Polyketide	kinetochore [GO:0000776]	44.5
Polyketide	SWI/SNF complex [GO:0016514]	44.5
Polyketide	nucleoplasm [GO:0005654]	44.5
Polyketide	nuclear matrix [GO:0016363]	44.5
Polyketide	chromatin [GO:0000785]	44.5
Polyketide	nuclear chromosome [GO:0000228]	44.5
Polyketide	nucleus [GO:0005634]	44.5
Polyketide	PML body [GO:0016605]	22.3
Polyketide	Sin3 complex [GO:0016580]	22.3
Polyketide	protein kinase CK2 complex [GO:0005956]	22.3
Polyketide	cytosol [GO:0005829]	22.3
Polyketide	nucleoplasm [GO:0005654]	22.3
Polyketide	plasma membrane [GO:0005886]	22.3
Polyketide	nucleus [GO:0005634]	22.3
Polyketide	protein-containing complex [GO:0032991]	61.19
Polyketide	cytosol [GO:0005829]	61.19
Polyketide	nucleoplasm [GO:0005654]	61.19
Polyketide	membrane [GO:0016020]	61.19
Polyketide	plasma membrane [GO:0005886]	61.19
Polyketide	euchromatin [GO:0000791]	61.19
Polyketide	chromatin [GO:0000785]	61.19
Polyketide	transcription regulator complex [GO:0005667]	61.19
Polyketide	nucleus [GO:0005634]	61.19
Polyketide	cytoplasm [GO:0005737]	61.19
Polyketide	Golgi apparatus [GO:0005794]	61.19
Polyketide	extracellular region [GO:0005576]	18.29
Polyketide	plasma membrane [GO:0005886]	6.38
Polyketide	DNA-directed RNA polymerase complex [GO:0000428]	6.38
Polyketide	cytosol [GO:0005829]	6.38
Polyketide	peptidoglycan-based cell wall [GO:0009274]	6.38
Polyketide	secretory granule membrane [GO:0030667]	36.05
Polyketide	clathrin-sculpted monoamine transport vesicle membrane [GO:0070083]	36.05
Polyketide	terminal bouton [GO:0043195]	36.05
Polyketide	synaptic vesicle membrane [GO:0030672]	36.05
Polyketide	presynapse [GO:0098793]	36.05
Polyketide	endoplasmic reticulum membrane [GO:0005789]	36.05
Polyketide	melanosome [GO:0042470]	61.0
Polyketide	axonal growth cone [GO:0044295]	61.0
Polyketide	cell body [GO:0044297]	61.0
Polyketide	endomembrane system [GO:0012505]	61.0
Polyketide	lamellipodium [GO:0030027]	61.0
Polyketide	growth cone membrane [GO:0032584]	61.0
Polyketide	plasma membrane [GO:0005886]	61.0
Polyketide	axon [GO:0030424]	61.0
Polyketide	cell surface [GO:0009986]	61.0
Polyketide	aggresome [GO:0016235]	30.27
Polyketide	cell projection [GO:0042995]	30.27
Polyketide	secretory granule membrane [GO:0030667]	30.27
Polyketide	ficolin-1-rich granule membrane [GO:0101003]	30.27
Polyketide	tertiary granule membrane [GO:0070821]	30.27
Polyketide	extracellular exosome [GO:0070062]	30.27
Polyketide	plasma membrane [GO:0005886]	30.27
Polyketide	membrane [GO:0016020]	30.27
Polyketide	specific granule membrane [GO:0035579]	30.27
Polyketide	perikaryon [GO:0043204]	30.27
Polyketide	extracellular space [GO:0005615]	35.73
Polyketide	protein-containing complex [GO:0032991]	35.73
Polyketide	cell body [GO:0044297]	7.68
Polyketide	actin filament [GO:0005884]	7.68
Polyketide	skeletal muscle myofibril [GO:0098723]	7.68
Polyketide	stress fiber [GO:0001725]	7.68
Polyketide	filamentous actin [GO:0031941]	7.68
Polyketide	actin filament bundle [GO:0032432]	7.68
Polyketide	lamellipodium [GO:0030027]	7.68
Polyketide	striated muscle thin filament [GO:0005865]	7.68
Polyketide	cytoplasm [GO:0005737]	7.68
Polyketide	filopodium [GO:0030175]	7.68
Polyketide	mitochondrial proton-transporting ATP synthase complex [GO:0005753]	69.71
Polyketide	cytosol [GO:0005829]	69.71
Polyketide	mitochondrial proton-transporting ATP synthase complex, coupling factor F(o) [GO:0000276]	69.71
Polyketide	mitochondrion [GO:0005739]	69.71
Polyketide	mitochondrial intermembrane space [GO:0005758]	69.71
Polyketide	mitochondrial inner membrane [GO:0005743]	69.71
Polyketide	cytosol [GO:0005829]	29.19
Polyketide	plasma membrane [GO:0005886]	29.19
Polyketide	cytoplasm [GO:0005737]	29.19
Polyketide	nucleoplasm [GO:0005654]	29.19
Polyketide	site of double-strand break [GO:0035861]	29.19
Polyketide	nuclear body [GO:0016604]	29.19
Polyketide	nucleus [GO:0005634]	29.19
Polyketide	astral microtubule [GO:0000235]	34.74
Polyketide	cytosol [GO:0005829]	34.74
Polyketide	microtubule [GO:0005874]	34.74
Polyketide	cytoplasmic microtubule [GO:0005881]	34.74
Polyketide	spindle microtubule [GO:0005876]	34.74
Polyketide	nucleus [GO:0005634]	34.74
Polyketide	cytoplasm [GO:0005737]	34.74
Polyketide	periplasmic space [GO:0042597]	62.0
Polyketide	protein-DNA complex [GO:0032993]	44.76
Polyketide	plasma membrane [GO:0005886]	18.38
Polyketide	node of Ranvier [GO:0033268]	61.43
Polyketide	synapse [GO:0045202]	61.43
Polyketide	plasma membrane [GO:0005886]	61.43
Polyketide	axon initial segment [GO:0043194]	61.43
Polyketide	voltage-gated potassium channel complex [GO:0008076]	61.43
Polyketide	centrosome [GO:0005813]	21.09
Polyketide	cytosol [GO:0005829]	21.09
Polyketide	extracellular exosome [GO:0070062]	21.09
Polyketide	nucleoplasm [GO:0005654]	21.09
Polyketide	nucleus [GO:0005634]	21.09
Polyketide	cytoplasm [GO:0005737]	21.09
Polyketide	secretory granule membrane [GO:0030667]	38.21
Polyketide	clathrin-sculpted monoamine transport vesicle membrane [GO:0070083]	38.21
Polyketide	terminal bouton [GO:0043195]	38.21
Polyketide	synaptic vesicle membrane [GO:0030672]	38.21
Polyketide	presynapse [GO:0098793]	38.21
Polyketide	endoplasmic reticulum membrane [GO:0005789]	38.21
Polyketide	protein-containing complex [GO:0032991]	56.71
Polyketide	cytosol [GO:0005829]	56.71
Polyketide	nucleoplasm [GO:0005654]	56.71
Polyketide	membrane [GO:0016020]	56.71
Polyketide	plasma membrane [GO:0005886]	56.71
Polyketide	euchromatin [GO:0000791]	56.71
Polyketide	chromatin [GO:0000785]	56.71
Polyketide	transcription regulator complex [GO:0005667]	56.71
Polyketide	nucleus [GO:0005634]	56.71
Polyketide	cytoplasm [GO:0005737]	56.71
Polyketide	Golgi apparatus [GO:0005794]	56.71
Polyketide	cytoplasm [GO:0005737]	10.67
Polyketide	microtubule [GO:0005874]	10.67
Polyketide	microtubule cytoskeleton [GO:0015630]	10.67
Polyketide	protein-containing complex [GO:0032991]	56.71
Polyketide	cytosol [GO:0005829]	56.71
Polyketide	nucleoplasm [GO:0005654]	56.71
Polyketide	membrane [GO:0016020]	56.71
Polyketide	plasma membrane [GO:0005886]	56.71
Polyketide	euchromatin [GO:0000791]	56.71
Polyketide	chromatin [GO:0000785]	56.71
Polyketide	transcription regulator complex [GO:0005667]	56.71
Polyketide	nucleus [GO:0005634]	56.71
Polyketide	cytoplasm [GO:0005737]	56.71
Polyketide	Golgi apparatus [GO:0005794]	56.71
Polyketide	sarcoplasmic reticulum membrane [GO:0033017]	47.11
Polyketide	cytoplasmic side of membrane [GO:0098562]	47.11
Polyketide	cytosol [GO:0005829]	47.11
Polyketide	Z disc [GO:0030018]	47.11
Polyketide	sarcoplasmic reticulum [GO:0016529]	47.11
Polyketide	terminal cisterna [GO:0014802]	47.11
Polyketide	membrane [GO:0016020]	47.11
Polyketide	ryanodine receptor complex [GO:1990425]	47.11
Polyketide	cytoplasm [GO:0005737]	47.11
Polyketide	voltage-gated potassium channel complex [GO:0008076]	35.54
Polyketide	endoplasmic reticulum [GO:0005783]	35.54
Polyketide	cell surface [GO:0009986]	35.54
Polyketide	apical plasma membrane [GO:0016324]	35.54
Polyketide	plasma membrane [GO:0005886]	35.54
Polyketide	endoplasmic reticulum membrane [GO:0005789]	35.54
Polyketide	astrocyte projection [GO:0097449]	35.54
Polyketide	calyx of Held [GO:0044305]	35.54
Polyketide	neuronal cell body [GO:0043025]	35.54
Polyketide	vacuolar proton-transporting V-type ATPase, V0 domain [GO:0000220]	66.56
Polyketide	synaptic vesicle membrane [GO:0030672]	66.56
Polyketide	clathrin-coated vesicle membrane [GO:0030665]	66.56
Polyketide	plasma membrane [GO:0005886]	41.33
Polyketide	chloride channel complex [GO:0034707]	60.08
Polyketide	postsynaptic membrane [GO:0045211]	60.08
Polyketide	perikaryon [GO:0043204]	60.08
Polyketide	membrane [GO:0016020]	60.08
Polyketide	plasma membrane [GO:0005886]	60.08
Polyketide	dendrite [GO:0030425]	60.08
Polyketide	neuron projection [GO:0043005]	60.08
Polyketide	synapse [GO:0045202]	60.08
Polyketide	efflux pump complex [GO:1990281]	32.26
Polyketide	outer membrane-bounded periplasmic space [GO:0030288]	32.26
Polyketide	periplasmic side of plasma membrane [GO:0098567]	32.26
Polyketide	plasma membrane [GO:0005886]	32.26
Polyketide	membrane [GO:0016020]	32.26
Polyketide	extracellular space [GO:0005615]	31.25
Polyketide	azurophil granule lumen [GO:0035578]	31.25
Polyketide	extracellular region [GO:0005576]	31.25
Polyketide	extracellular exosome [GO:0070062]	31.25
Polyketide	nuclear envelope [GO:0005635]	47.11
Polyketide	cytosol [GO:0005829]	47.11
Polyketide	Golgi membrane [GO:0000139]	47.11
Polyketide	TORC1 complex [GO:0031931]	47.11
Polyketide	phagocytic vesicle [GO:0045335]	47.11
Polyketide	lysosome [GO:0005764]	47.11
Polyketide	endoplasmic reticulum membrane [GO:0005789]	47.11
Polyketide	membrane [GO:0016020]	47.11
Polyketide	dendrite [GO:0030425]	47.11
Polyketide	cytoplasm [GO:0005737]	47.11
Polyketide	lysosomal membrane [GO:0005765]	47.11
Polyketide	mitochondrial outer membrane [GO:0005741]	47.11
Polyketide	endomembrane system [GO:0012505]	47.11
Polyketide	nucleoplasm [GO:0005654]	47.11
Polyketide	TORC2 complex [GO:0031932]	47.11
Polyketide	nucleus [GO:0005634]	47.11
Polyketide	PML body [GO:0016605]	47.11
Polyketide	respirasome [GO:0070469]	57.46
Polyketide	host cell nucleus [GO:0042025]	42.2
Polyketide	host cell endoplasmic reticulum membrane [GO:0044167]	42.2
Polyketide	host cell endoplasmic reticulum-Golgi intermediate compartment [GO:0044172]	42.2
Polyketide	host cell Golgi apparatus [GO:0044177]	42.2
Polyketide	host cell endosome [GO:0044174]	42.2
Polyketide	membrane [GO:0016020]	42.2
Polyketide	double membrane vesicle viral factory outer membrane [GO:0062243]	42.2
Polyketide	host cell perinuclear region of cytoplasm [GO:0044220]	42.2
Polyketide	protein-containing complex [GO:0032991]	59.96
Polyketide	cytosol [GO:0005829]	59.96
Polyketide	nucleoplasm [GO:0005654]	59.96
Polyketide	membrane [GO:0016020]	59.96
Polyketide	plasma membrane [GO:0005886]	59.96
Polyketide	euchromatin [GO:0000791]	59.96
Polyketide	chromatin [GO:0000785]	59.96
Polyketide	transcription regulator complex [GO:0005667]	59.96
Polyketide	nucleus [GO:0005634]	59.96
Polyketide	cytoplasm [GO:0005737]	59.96
Polyketide	Golgi apparatus [GO:0005794]	59.96
Polyketide	cytoplasm [GO:0005737]	23.57
Polyketide	intracellular membrane-bounded organelle [GO:0043231]	41.14
Polyketide	endoplasmic reticulum membrane [GO:0005789]	41.14
Polyketide	mitochondrial inner membrane [GO:0005743]	41.14
Polyketide	extracellular region [GO:0005576]	15.88
Polyketide	nuclear envelope [GO:0005635]	38.3
Polyketide	perinuclear region of cytoplasm [GO:0048471]	38.3
Polyketide	cytosol [GO:0005829]	38.3
Polyketide	pericentriolar material [GO:0000242]	38.3
Polyketide	Golgi membrane [GO:0000139]	38.3
Polyketide	chromosome, telomeric region [GO:0000781]	38.3
Polyketide	nucleus [GO:0005634]	38.3
Polyketide	cytoplasm [GO:0005737]	38.3
Polyketide	cell body [GO:0044297]	18.32
Polyketide	actin filament [GO:0005884]	18.32
Polyketide	skeletal muscle myofibril [GO:0098723]	18.32
Polyketide	stress fiber [GO:0001725]	18.32
Polyketide	filamentous actin [GO:0031941]	18.32
Polyketide	actin filament bundle [GO:0032432]	18.32
Polyketide	lamellipodium [GO:0030027]	18.32
Polyketide	striated muscle thin filament [GO:0005865]	18.32
Polyketide	cytoplasm [GO:0005737]	18.32
Polyketide	filopodium [GO:0030175]	18.32
Polyketide	histone deacetylase complex [GO:0000118]	7.43
Polyketide	melanosome [GO:0042470]	86.92
Polyketide	axonal growth cone [GO:0044295]	86.92
Polyketide	cell body [GO:0044297]	86.92
Polyketide	endomembrane system [GO:0012505]	86.92
Polyketide	lamellipodium [GO:0030027]	86.92
Polyketide	growth cone membrane [GO:0032584]	86.92
Polyketide	plasma membrane [GO:0005886]	86.92
Polyketide	axon [GO:0030424]	86.92
Polyketide	cell surface [GO:0009986]	86.92
Polyketide	extracellular space [GO:0005615]	9.84
Polyketide	extracellular region [GO:0005576]	9.84
Polyketide	fibrillar center [GO:0001650]	25.64
Polyketide	nuclear inner membrane [GO:0005637]	25.64
Polyketide	heterochromatin [GO:0000792]	25.64
Polyketide	nuclear envelope [GO:0005635]	25.64
Polyketide	PML body [GO:0016605]	25.64
Polyketide	cytosol [GO:0005829]	25.64
Polyketide	eNoSc complex [GO:0061773]	25.64
Polyketide	rDNA heterochromatin [GO:0033553]	25.64
Polyketide	nucleoplasm [GO:0005654]	25.64
Polyketide	mitochondrion [GO:0005739]	25.64
Polyketide	euchromatin [GO:0000791]	25.64
Polyketide	chromatin [GO:0000785]	25.64
Polyketide	chromatin silencing complex [GO:0005677]	25.64
Polyketide	nucleus [GO:0005634]	25.64
Polyketide	cytoplasm [GO:0005737]	25.64
Polyketide	nucleolus [GO:0005730]	25.64
Polyketide	cytoplasm [GO:0005737]	38.28
Polyketide	nucleus [GO:0005634]	17.3
Polyketide	cytosol [GO:0005829]	17.3
Polyketide	methionine adenosyltransferase complex [GO:0048269]	17.3
Polyketide	extracellular exosome [GO:0070062]	17.3
Polyketide	sarcoplasmic reticulum membrane [GO:0033017]	41.0
Polyketide	cytoplasmic side of membrane [GO:0098562]	41.0
Polyketide	cytosol [GO:0005829]	41.0
Polyketide	Z disc [GO:0030018]	41.0
Polyketide	sarcoplasmic reticulum [GO:0016529]	41.0
Polyketide	terminal cisterna [GO:0014802]	41.0
Polyketide	membrane [GO:0016020]	41.0
Polyketide	ryanodine receptor complex [GO:1990425]	41.0
Polyketide	cytoplasm [GO:0005737]	41.0
Polyketide	mitochondrial proton-transporting ATP synthase complex [GO:0005753]	87.4
Polyketide	cytosol [GO:0005829]	87.4
Polyketide	mitochondrial proton-transporting ATP synthase complex, coupling factor F(o) [GO:0000276]	87.4
Polyketide	mitochondrion [GO:0005739]	87.4
Polyketide	mitochondrial intermembrane space [GO:0005758]	87.4
Polyketide	mitochondrial inner membrane [GO:0005743]	87.4
Polyketide	protein-containing complex [GO:0032991]	61.64
Polyketide	cytosol [GO:0005829]	61.64
Polyketide	nucleoplasm [GO:0005654]	61.64
Polyketide	membrane [GO:0016020]	61.64
Polyketide	plasma membrane [GO:0005886]	61.64
Polyketide	euchromatin [GO:0000791]	61.64
Polyketide	chromatin [GO:0000785]	61.64
Polyketide	transcription regulator complex [GO:0005667]	61.64
Polyketide	nucleus [GO:0005634]	61.64
Polyketide	cytoplasm [GO:0005737]	61.64
Polyketide	Golgi apparatus [GO:0005794]	61.64
Polyketide	cell body [GO:0044297]	34.71
Polyketide	actin filament [GO:0005884]	34.71
Polyketide	skeletal muscle myofibril [GO:0098723]	34.71
Polyketide	stress fiber [GO:0001725]	34.71
Polyketide	filamentous actin [GO:0031941]	34.71
Polyketide	actin filament bundle [GO:0032432]	34.71
Polyketide	lamellipodium [GO:0030027]	34.71
Polyketide	striated muscle thin filament [GO:0005865]	34.71
Polyketide	cytoplasm [GO:0005737]	34.71
Polyketide	filopodium [GO:0030175]	34.71
Polyketide	cytosol [GO:0005829]	18.75
Polyketide	glutamatergic synapse [GO:0098978]	18.75
Polyketide	nucleoplasm [GO:0005654]	18.75
Polyketide	ciliary basal body [GO:0036064]	18.75
Polyketide	postsynaptic cytosol [GO:0099524]	18.75
Polyketide	nuclear speck [GO:0016607]	18.75
Polyketide	nucleus [GO:0005634]	18.75
Polyketide	midbody [GO:0030496]	18.75
Polyketide	cytoplasm [GO:0005737]	18.75
Polyketide	protein-containing complex [GO:0032991]	33.74
Polyketide	nucleoplasm [GO:0005654]	33.74
Polyketide	mitochondrion [GO:0005739]	33.74
Polyketide	mitochondrial matrix [GO:0005759]	33.74
Polyketide	nucleus [GO:0005634]	33.74
Polyketide	histone deacetylase complex [GO:0000118]	-1.38
Polyketide	cytosol [GO:0005829]	-1.38
Polyketide	transcription repressor complex [GO:0017053]	-1.38
Polyketide	nucleoplasm [GO:0005654]	-1.38
Polyketide	nuclear speck [GO:0016607]	-1.38
Polyketide	chromatin [GO:0000785]	-1.38
Polyketide	nucleus [GO:0005634]	-1.38
Polyketide	cytoplasm [GO:0005737]	-1.38
Polyketide	skeletal muscle myofibril [GO:0098723]	22.26
Polyketide	extracellular space [GO:0005615]	72.48
Polyketide	sarcoplasmic reticulum membrane [GO:0033017]	32.6
Polyketide	postsynaptic density [GO:0014069]	32.6
Polyketide	Z disc [GO:0030018]	32.6
Polyketide	T-tubule [GO:0030315]	32.6
Polyketide	secretory granule [GO:0030141]	32.6
Polyketide	sarcolemma [GO:0042383]	32.6
Polyketide	cytoplasm [GO:0005737]	32.6
Polyketide	calyx of Held [GO:0044305]	32.6
Polyketide	azurophil granule [GO:0042582]	32.6
Polyketide	nuclear membrane [GO:0031965]	32.6
Polyketide	membrane raft [GO:0045121]	32.6
Polyketide	postsynaptic specialization, intracellular component [GO:0099091]	32.6
Polyketide	postsynaptic density, intracellular component [GO:0099092]	32.6
Polyketide	dendrite [GO:0030425]	32.6
Polyketide	protein-containing complex [GO:0032991]	32.6
Polyketide	perinuclear region of cytoplasm [GO:0048471]	32.6
Polyketide	cytosol [GO:0005829]	32.6
Polyketide	sarcoplasmic reticulum [GO:0016529]	32.6
Polyketide	glutamatergic synapse [GO:0098978]	32.6
Polyketide	dendritic spine [GO:0043197]	32.6
Polyketide	cell periphery [GO:0071944]	32.6
Polyketide	nucleus [GO:0005634]	32.6
Polyketide	mitochondrial outer membrane [GO:0005741]	32.6
Polyketide	plasma membrane [GO:0005886]	32.6
Polyketide	synapse [GO:0045202]	32.6
Polyketide	mitochondrion [GO:0005739]	32.6
Polyketide	photoreceptor inner segment [GO:0001917]	32.6
Polyketide	cytoskeleton [GO:0005856]	32.6
Polyketide	cell body [GO:0044297]	12.86
Polyketide	actin filament [GO:0005884]	12.86
Polyketide	skeletal muscle myofibril [GO:0098723]	12.86
Polyketide	stress fiber [GO:0001725]	12.86
Polyketide	filamentous actin [GO:0031941]	12.86
Polyketide	actin filament bundle [GO:0032432]	12.86
Polyketide	lamellipodium [GO:0030027]	12.86
Polyketide	striated muscle thin filament [GO:0005865]	12.86
Polyketide	cytoplasm [GO:0005737]	12.86
Polyketide	filopodium [GO:0030175]	12.86
Polyketide	cytosol [GO:0005829]	3.33
Polyketide	cytosolic DNA-directed RNA polymerase complex [GO:0000345]	3.33
Polyketide	membrane [GO:0016020]	3.33
Polyketide	cytoplasm [GO:0005737]	3.33
Polyketide	transcription elongation factor complex [GO:0008023]	3.33
Polyketide	protein serine/threonine phosphatase complex [GO:0008287]	28.71
Polyketide	cytosol [GO:0005829]	28.71
Polyketide	glutamatergic synapse [GO:0098978]	28.71
Polyketide	calcineurin complex [GO:0005955]	28.71
Polyketide	nucleoplasm [GO:0005654]	28.71
Polyketide	mitochondrion [GO:0005739]	28.71
Polyketide	presynapse [GO:0098793]	28.71
Polyketide	hippocampal mossy fiber to CA3 synapse [GO:0098686]	28.71
Polyketide	parallel fiber to Purkinje cell synapse [GO:0098688]	28.71
Polyketide	Schaffer collateral - CA1 synapse [GO:0098685]	28.71
Polyketide	postsynapse [GO:0098794]	28.71
Polyketide	sarcolemma [GO:0042383]	28.71
Polyketide	cytoplasm [GO:0005737]	28.71
Polyketide	nucleus [GO:0005634]	42.4
Polyketide	cytoplasm [GO:0005737]	42.4
Polyketide	cytosol [GO:0005829]	42.4
Polyketide	plasma membrane [GO:0005886]	58.83
Polyketide	proton-transporting ATP synthase complex, coupling factor F(o) [GO:0045263]	58.83
Polyketide	fungal biofilm matrix [GO:0062040]	17.67
Polyketide	cytoplasm [GO:0005737]	17.67
Polyketide	extracellular region [GO:0005576]	17.67
Polyketide	proton-transporting V-type ATPase complex [GO:0033176]	75.29
Polyketide	vacuolar proton-transporting V-type ATPase, V0 domain [GO:0000220]	75.29
Polyketide	Golgi membrane [GO:0000139]	75.29
Polyketide	fungal-type vacuole [GO:0000324]	75.29
Polyketide	membrane [GO:0016020]	75.29
Polyketide	cell periphery [GO:0071944]	75.29
Polyketide	vacuolar proton-transporting V-type ATPase complex [GO:0016471]	75.29
Polyketide	fungal-type vacuole membrane [GO:0000329]	75.29
Polyketide	nucleoplasm [GO:0005654]	43.35
Polyketide	cytosol [GO:0005829]	43.35
Polyketide	extracellular exosome [GO:0070062]	43.35
Polyketide	plasma membrane [GO:0005886]	65.4
Polyketide	proton-transporting ATP synthase complex, coupling factor F(o) [GO:0045263]	65.4
Polyketide	nucleoplasm [GO:0005654]	60.0
Polyketide	membrane [GO:0016020]	60.0
Polyketide	chromatin [GO:0000785]	60.0
Polyketide	transcription regulator complex [GO:0005667]	60.0
Polyketide	nucleus [GO:0005634]	60.0
Polyketide	cytoplasm [GO:0005737]	60.0
Polyketide	acetylcholine-gated channel complex [GO:0005892]	66.09
Polyketide	neuron projection [GO:0043005]	66.09
Polyketide	plasma membrane raft [GO:0044853]	66.09
Polyketide	cholinergic synapse [GO:0098981]	66.09
Polyketide	apical plasma membrane [GO:0016324]	66.09
Polyketide	axolemma [GO:0030673]	66.09
Polyketide	plasma membrane [GO:0005886]	66.09
Polyketide	membrane [GO:0016020]	66.09
Polyketide	postsynaptic specialization membrane [GO:0099634]	66.09
Polyketide	synapse [GO:0045202]	66.09
Polyketide	presynaptic membrane [GO:0042734]	66.09
Polyketide	postsynapse [GO:0098794]	66.09
Polyketide	external side of plasma membrane [GO:0009897]	66.09
Polyketide	protein-containing complex [GO:0032991]	63.85
Polyketide	cytosol [GO:0005829]	63.85
Polyketide	nucleoplasm [GO:0005654]	63.85
Polyketide	membrane [GO:0016020]	63.85
Polyketide	plasma membrane [GO:0005886]	63.85
Polyketide	euchromatin [GO:0000791]	63.85
Polyketide	chromatin [GO:0000785]	63.85
Polyketide	transcription regulator complex [GO:0005667]	63.85
Polyketide	nucleus [GO:0005634]	63.85
Polyketide	cytoplasm [GO:0005737]	63.85
Polyketide	Golgi apparatus [GO:0005794]	63.85
Polyketide	host cell nucleus [GO:0042025]	25.0
Polyketide	viral envelope [GO:0019031]	25.0
Polyketide	host cell plasma membrane [GO:0020002]	25.0
Polyketide	host cell lipid droplet [GO:0044186]	25.0
Polyketide	host cell endoplasmic reticulum membrane [GO:0044167]	25.0
Polyketide	host cell mitochondrial membrane [GO:0044191]	25.0
Polyketide	ribonucleoprotein complex [GO:1990904]	25.0
Polyketide	lipid droplet [GO:0005811]	25.0
Polyketide	plasma membrane [GO:0005886]	25.0
Polyketide	host cell perinuclear region of cytoplasm [GO:0044220]	25.0
Polyketide	viral nucleocapsid [GO:0019013]	25.0
Polyketide	virion membrane [GO:0055036]	25.0
Polyketide	cytoplasm [GO:0005737]	25.0
Polyketide	nucleoplasm [GO:0005654]	20.33
Polyketide	nucleus [GO:0005634]	20.33
Polyketide	cytoplasm [GO:0005737]	20.33
Polyketide	host cell nucleus [GO:0042025]	25.5
Polyketide	host cell endoplasmic reticulum membrane [GO:0044167]	25.5
Polyketide	host cell endoplasmic reticulum-Golgi intermediate compartment [GO:0044172]	25.5
Polyketide	host cell Golgi apparatus [GO:0044177]	25.5
Polyketide	host cell endosome [GO:0044174]	25.5
Polyketide	membrane [GO:0016020]	25.5
Polyketide	double membrane vesicle viral factory outer membrane [GO:0062243]	25.5
Polyketide	host cell perinuclear region of cytoplasm [GO:0044220]	25.5
Polyketide	nucleolus [GO:0005730]	49.96
Polyketide	nucleoplasm [GO:0005654]	49.96
Polyketide	cytoplasm [GO:0005737]	49.96
Polyketide	cytosol [GO:0005829]	49.96
Polyketide	extracellular space [GO:0005615]	31.89
Polyketide	azurophil granule lumen [GO:0035578]	31.89
Polyketide	extracellular region [GO:0005576]	31.89
Polyketide	extracellular exosome [GO:0070062]	31.89
Polyketide	dendrite [GO:0030425]	39.31
Polyketide	chloride channel complex [GO:0034707]	39.31
Polyketide	neuron projection [GO:0043005]	39.31
Polyketide	plasma membrane [GO:0005886]	39.31
Polyketide	membrane [GO:0016020]	39.31
Polyketide	postsynaptic membrane [GO:0045211]	39.31
Polyketide	synapse [GO:0045202]	39.31
Polyketide	perikaryon [GO:0043204]	39.31
Polyketide	postsynaptic density [GO:0014069]	46.0
Polyketide	glutamatergic synapse [GO:0098978]	46.0
Polyketide	plasma membrane [GO:0005886]	46.0
Polyketide	DAPK1-calmodulin complex [GO:1990722]	46.0
Polyketide	actin cytoskeleton [GO:0015629]	46.0
Polyketide	nucleus [GO:0005634]	46.0
Polyketide	cytoplasm [GO:0005737]	46.0
Polyketide	endoplasmic reticulum membrane [GO:0005789]	44.65
Polyketide	endoplasmic reticulum [GO:0005783]	44.65
Polyketide	nuclear body [GO:0016604]	62.41
Polyketide	nucleoplasm [GO:0005654]	62.41
Polyketide	chromatin [GO:0000785]	62.41
Polyketide	transcription regulator complex [GO:0005667]	62.41
Polyketide	intermediate filament cytoskeleton [GO:0045111]	62.41
Polyketide	chromosome [GO:0005694]	18.25
Polyketide	DNA topoisomerase type II (double strand cut, ATP-hydrolyzing) complex [GO:0009330]	18.25
Polyketide	cytosol [GO:0005829]	18.25
Polyketide	nucleoid [GO:0009295]	6.83
Polyketide	perinuclear region of cytoplasm [GO:0048471]	14.8
Polyketide	cytosol [GO:0005829]	14.8
Polyketide	nucleus [GO:0005634]	14.8
Polyketide	cytoplasm [GO:0005737]	14.8
Polyketide	cytoplasmic side of plasma membrane [GO:0009898]	14.8
Polyketide	cell body [GO:0044297]	55.7
Polyketide	actin filament [GO:0005884]	55.7
Polyketide	skeletal muscle myofibril [GO:0098723]	55.7
Polyketide	stress fiber [GO:0001725]	55.7
Polyketide	filamentous actin [GO:0031941]	55.7
Polyketide	actin filament bundle [GO:0032432]	55.7
Polyketide	lamellipodium [GO:0030027]	55.7
Polyketide	striated muscle thin filament [GO:0005865]	55.7
Polyketide	cytoplasm [GO:0005737]	55.7
Polyketide	filopodium [GO:0030175]	55.7
Polyketide	protein-containing complex [GO:0032991]	59.95
Polyketide	endocytic vesicle membrane [GO:0030666]	59.95
Polyketide	cytosol [GO:0005829]	59.95
Polyketide	transcription repressor complex [GO:0017053]	59.95
Polyketide	nucleoplasm [GO:0005654]	59.95
Polyketide	plasma membrane [GO:0005886]	59.95
Polyketide	nucleus [GO:0005634]	59.95
Polyketide	cytoplasm [GO:0005737]	59.95
Polyketide	nucleolus [GO:0005730]	59.95
Polyketide	endoplasmic reticulum lumen [GO:0005788]	33.9
Polyketide	neuromuscular junction [GO:0031594]	33.9
Polyketide	cell surface [GO:0009986]	33.9
Polyketide	neuronal cell body [GO:0043025]	33.9
Polyketide	axon [GO:0030424]	33.9
Polyketide	extracellular space [GO:0005615]	33.9
Polyketide	Golgi apparatus [GO:0005794]	33.9
Polyketide	dendrite [GO:0030425]	33.9
Polyketide	perinuclear region of cytoplasm [GO:0048471]	33.9
Polyketide	membrane [GO:0016020]	33.9
Polyketide	extracellular region [GO:0005576]	33.9
Polyketide	synaptic cleft [GO:0043083]	33.9
Polyketide	nuclear envelope [GO:0005635]	33.9
Polyketide	basement membrane [GO:0005604]	33.9
Polyketide	plasma membrane [GO:0005886]	33.9
Polyketide	postsynaptic membrane [GO:0045211]	33.9
Polyketide	side of membrane [GO:0098552]	33.9
Polyketide	synapse [GO:0045202]	33.9
Polyketide	presynaptic membrane [GO:0042734]	33.9
Polyketide	nuclear envelope [GO:0005635]	41.05
Polyketide	perinuclear region of cytoplasm [GO:0048471]	41.05
Polyketide	cytosol [GO:0005829]	41.05
Polyketide	pericentriolar material [GO:0000242]	41.05
Polyketide	Golgi membrane [GO:0000139]	41.05
Polyketide	chromosome, telomeric region [GO:0000781]	41.05
Polyketide	nucleus [GO:0005634]	41.05
Polyketide	cytoplasm [GO:0005737]	41.05
Polyketide	membrane [GO:0016020]	46.21
Polyketide	receptor complex [GO:0043235]	46.21
Polyketide	nuclear envelope [GO:0005635]	36.42
Polyketide	perinuclear region of cytoplasm [GO:0048471]	36.42
Polyketide	cytosol [GO:0005829]	36.42
Polyketide	pericentriolar material [GO:0000242]	36.42
Polyketide	Golgi membrane [GO:0000139]	36.42
Polyketide	chromosome, telomeric region [GO:0000781]	36.42
Polyketide	nucleus [GO:0005634]	36.42
Polyketide	cytoplasm [GO:0005737]	36.42
Polyketide	mitochondrial matrix [GO:0005759]	51.05
Polyketide	mitochondrion [GO:0005739]	51.05
Polyketide	extracellular exosome [GO:0070062]	51.05
Polyketide	node of Ranvier [GO:0033268]	69.5
Polyketide	synapse [GO:0045202]	69.5
Polyketide	plasma membrane [GO:0005886]	69.5
Polyketide	axon initial segment [GO:0043194]	69.5
Polyketide	voltage-gated potassium channel complex [GO:0008076]	69.5
Polyketide	dendritic shaft [GO:0043198]	13.74
Polyketide	neuron projection [GO:0043005]	13.74
Polyketide	postsynaptic density [GO:0014069]	13.74
Polyketide	somatodendritic compartment [GO:0036477]	13.74
Polyketide	dendrite membrane [GO:0032590]	13.74
Polyketide	endoplasmic reticulum membrane [GO:0005789]	13.74
Polyketide	cell surface [GO:0009986]	13.74
Polyketide	presynaptic active zone membrane [GO:0048787]	13.74
Polyketide	neuronal cell body [GO:0043025]	13.74
Polyketide	dendrite cytoplasm [GO:0032839]	13.74
Polyketide	spine synapse [GO:0106033]	13.74
Polyketide	synaptic vesicle [GO:0008021]	13.74
Polyketide	Schaffer collateral - CA1 synapse [GO:0098685]	13.74
Polyketide	presynapse [GO:0098793]	13.74
Polyketide	growth cone [GO:0030426]	13.74
Polyketide	perikaryon [GO:0043204]	13.74
Polyketide	AMPA glutamate receptor complex [GO:0032281]	13.74
Polyketide	asymmetric synapse [GO:0032279]	13.74
Polyketide	dendrite [GO:0030425]	13.74
Polyketide	protein-containing complex [GO:0032991]	13.74
Polyketide	ionotropic glutamate receptor complex [GO:0008328]	13.74
Polyketide	dendritic spine head [GO:0044327]	13.74
Polyketide	dendritic spine neck [GO:0044326]	13.74
Polyketide	glutamatergic synapse [GO:0098978]	13.74
Polyketide	membrane [GO:0016020]	13.74
Polyketide	dendritic spine [GO:0043197]	13.74
Polyketide	perisynaptic space [GO:0099544]	13.74
Polyketide	endoplasmic reticulum [GO:0005783]	13.74
Polyketide	plasma membrane [GO:0005886]	13.74
Polyketide	postsynaptic membrane [GO:0045211]	13.74
Polyketide	synapse [GO:0045202]	13.74
Polyketide	terminal bouton [GO:0043195]	13.74
Polyketide	presynaptic membrane [GO:0042734]	13.74
Polyketide	postsynaptic density membrane [GO:0098839]	13.74
Polyketide	synaptic vesicle membrane [GO:0030672]	13.74
Polyketide	axon [GO:0030424]	13.74
Polyketide	synaptic membrane [GO:0097060]	13.74
Polyketide	node of Ranvier [GO:0033268]	91.67
Polyketide	synapse [GO:0045202]	91.67
Polyketide	plasma membrane [GO:0005886]	91.67
Polyketide	axon initial segment [GO:0043194]	91.67
Polyketide	voltage-gated potassium channel complex [GO:0008076]	91.67
Polyketide	nucleus [GO:0005634]	42.05
Polyketide	nucleolus [GO:0005730]	42.05
Polyketide	cytosol [GO:0005829]	-2.41
Polyketide	cytoplasm [GO:0005737]	-2.41
Polyketide	nucleoplasm [GO:0005654]	-2.41
Polyketide	nucleus [GO:0005634]	-2.41
Polyketide	aggresome [GO:0016235]	70.82
Polyketide	cell projection [GO:0042995]	70.82
Polyketide	secretory granule membrane [GO:0030667]	70.82
Polyketide	ficolin-1-rich granule membrane [GO:0101003]	70.82
Polyketide	tertiary granule membrane [GO:0070821]	70.82
Polyketide	extracellular exosome [GO:0070062]	70.82
Polyketide	plasma membrane [GO:0005886]	70.82
Polyketide	membrane [GO:0016020]	70.82
Polyketide	specific granule membrane [GO:0035579]	70.82
Polyketide	perikaryon [GO:0043204]	70.82
Polyketide	PML body [GO:0016605]	29.75
Polyketide	nucleoplasm [GO:0005654]	29.75
Polyketide	membrane [GO:0016020]	29.75
Polyketide	cytoplasmic ribonucleoprotein granule [GO:0036464]	29.75
Polyketide	nucleus [GO:0005634]	29.75
Polyketide	P-TEFb complex [GO:0070691]	29.75
Polyketide	transcription elongation factor complex [GO:0008023]	29.75
Polyketide	cyclin/CDK positive transcription elongation factor complex [GO:0008024]	29.75
Polyketide	extracellular region [GO:0005576]	36.59
Polyketide	postsynaptic density [GO:0014069]	32.64
Polyketide	glutamatergic synapse [GO:0098978]	32.64
Polyketide	plasma membrane [GO:0005886]	32.64
Polyketide	DAPK1-calmodulin complex [GO:1990722]	32.64
Polyketide	actin cytoskeleton [GO:0015629]	32.64
Polyketide	nucleus [GO:0005634]	32.64
Polyketide	cytoplasm [GO:0005737]	32.64
Polyketide	plasma membrane [GO:0005886]	28.68
Polyketide	cytoplasm [GO:0005737]	28.68
Polyketide	phosphatidylinositol 3-kinase complex, class IB [GO:0005944]	28.68
Polyketide	phosphatidylinositol 3-kinase complex, class IA [GO:0005943]	28.68
Polyketide	extracellular region [GO:0005576]	31.91
Polyketide	nucleoplasm [GO:0005654]	33.63
Polyketide	mitochondrial respiratory chain complex I [GO:0005747]	33.63
Polyketide	cytosol [GO:0005829]	20.39
Polyketide	nucleoplasm [GO:0005654]	20.39
Polyketide	plasma membrane [GO:0005886]	20.39
Polyketide	nucleus [GO:0005634]	20.39
Polyketide	cytoplasm [GO:0005737]	20.39
Polyketide	nucleolus [GO:0005730]	20.39
Polyketide	node of Ranvier [GO:0033268]	64.53
Polyketide	synapse [GO:0045202]	64.53
Polyketide	plasma membrane [GO:0005886]	64.53
Polyketide	axon initial segment [GO:0043194]	64.53
Polyketide	voltage-gated potassium channel complex [GO:0008076]	64.53
Polyketide	cytosol [GO:0005829]	45.75
Polyketide	nucleoplasm [GO:0005654]	45.75
Polyketide	receptor complex [GO:0043235]	45.75
Polyketide	mitochondrion [GO:0005739]	45.75
Polyketide	RNA polymerase II transcription regulator complex [GO:0090575]	45.75
Polyketide	chromatin [GO:0000785]	45.75
Polyketide	transcription regulator complex [GO:0005667]	45.75
Polyketide	nucleus [GO:0005634]	45.75
Polyketide	node of Ranvier [GO:0033268]	64.53
Polyketide	synapse [GO:0045202]	64.53
Polyketide	plasma membrane [GO:0005886]	64.53
Polyketide	axon initial segment [GO:0043194]	64.53
Polyketide	voltage-gated potassium channel complex [GO:0008076]	64.53
Polyketide	host cell nucleus [GO:0042025]	48.88
Polyketide	viral envelope [GO:0019031]	48.88
Polyketide	host cell plasma membrane [GO:0020002]	48.88
Polyketide	host cell lipid droplet [GO:0044186]	48.88
Polyketide	host cell endoplasmic reticulum membrane [GO:0044167]	48.88
Polyketide	host cell mitochondrial membrane [GO:0044191]	48.88
Polyketide	ribonucleoprotein complex [GO:1990904]	48.88
Polyketide	membrane [GO:0016020]	48.88
Polyketide	viral nucleocapsid [GO:0019013]	48.88
Polyketide	virion membrane [GO:0055036]	48.88
Polyketide	host cell perinuclear region of cytoplasm [GO:0044220]	48.88
Polyketide	dendrite [GO:0030425]	46.81
Polyketide	neuron projection [GO:0043005]	46.81
Polyketide	intracellular membrane-bounded organelle [GO:0043231]	46.81
Polyketide	plasma membrane [GO:0005886]	46.81
Polyketide	postsynaptic membrane [GO:0045211]	46.81
Polyketide	synapse [GO:0045202]	46.81
Polyketide	glycine-gated chloride channel complex [GO:0016935]	46.81
Polyketide	perikaryon [GO:0043204]	46.81
Polyketide	membrane [GO:0016020]	29.44
Polyketide	nuclear periphery [GO:0034399]	-27.0
Polyketide	main axon [GO:0044304]	-27.0
Polyketide	neurofibrillary tangle [GO:0097418]	-27.0
Polyketide	neuron projection [GO:0043005]	-27.0
Polyketide	somatodendritic compartment [GO:0036477]	-27.0
Polyketide	microtubule [GO:0005874]	-27.0
Polyketide	cytoplasm [GO:0005737]	-27.0
Polyketide	neuronal cell body [GO:0043025]	-27.0
Polyketide	cell body [GO:0044297]	-27.0
Polyketide	nuclear speck [GO:0016607]	-27.0
Polyketide	growth cone [GO:0030426]	-27.0
Polyketide	membrane raft [GO:0045121]	-27.0
Polyketide	dendrite [GO:0030425]	-27.0
Polyketide	tubulin complex [GO:0045298]	-27.0
Polyketide	microtubule cytoskeleton [GO:0015630]	-27.0
Polyketide	cytosol [GO:0005829]	-27.0
Polyketide	axolemma [GO:0030673]	-27.0
Polyketide	glial cell projection [GO:0097386]	-27.0
Polyketide	dendritic spine [GO:0043197]	-27.0
Polyketide	extracellular region [GO:0005576]	-27.0
Polyketide	cytoplasmic ribonucleoprotein granule [GO:0036464]	-27.0
Polyketide	nucleus [GO:0005634]	-27.0
Polyketide	axon cytoplasm [GO:1904115]	-27.0
Polyketide	plasma membrane [GO:0005886]	-27.0
Polyketide	mitochondrion [GO:0005739]	-27.0
Polyketide	axon [GO:0030424]	-27.0
Polyketide	intracellular membrane-bounded organelle [GO:0043231]	28.21
Polyketide	myelin sheath [GO:0043209]	28.21
Polyketide	cytoplasm [GO:0005737]	28.21
Polyketide	cytosol [GO:0005829]	28.21
Polyketide	host cell nucleus [GO:0042025]	35.81
Polyketide	protein-containing complex [GO:0032991]	35.81
Polyketide	host cell plasma membrane [GO:0020002]	35.81
Polyketide	host cell lipid droplet [GO:0044186]	35.81
Polyketide	viral envelope [GO:0019031]	35.81
Polyketide	host cell endoplasmic reticulum membrane [GO:0044167]	35.81
Polyketide	host cell mitochondrial membrane [GO:0044191]	35.81
Polyketide	ribonucleoprotein complex [GO:1990904]	35.81
Polyketide	membrane [GO:0016020]	35.81
Polyketide	viral nucleocapsid [GO:0019013]	35.81
Polyketide	virion membrane [GO:0055036]	35.81
Polyketide	host cell perinuclear region of cytoplasm [GO:0044220]	35.81
Polyketide	respirasome [GO:0070469]	57.46
Polyketide	protein-containing complex [GO:0032991]	53.11
Polyketide	endocytic vesicle membrane [GO:0030666]	53.11
Polyketide	cytosol [GO:0005829]	53.11
Polyketide	transcription repressor complex [GO:0017053]	53.11
Polyketide	nucleoplasm [GO:0005654]	53.11
Polyketide	plasma membrane [GO:0005886]	53.11
Polyketide	nucleus [GO:0005634]	53.11
Polyketide	cytoplasm [GO:0005737]	53.11
Polyketide	nucleolus [GO:0005730]	53.11
Polyketide	blood microparticle [GO:0072562]	45.57
Polyketide	extracellular region [GO:0005576]	45.57
Polyketide	extracellular exosome [GO:0070062]	45.57
Polyketide	secretory granule lumen [GO:0034774]	45.57
Polyketide	collagen-containing extracellular matrix [GO:0062023]	45.57
Polyketide	platelet alpha granule lumen [GO:0031093]	45.57
Polyketide	azurophil granule lumen [GO:0035578]	45.57
Polyketide	extracellular space [GO:0005615]	45.57
Polyketide	nucleus [GO:0005634]	45.57
Polyketide	protein-containing complex [GO:0032991]	57.89
Polyketide	endocytic vesicle membrane [GO:0030666]	57.89
Polyketide	cytosol [GO:0005829]	57.89
Polyketide	transcription repressor complex [GO:0017053]	57.89
Polyketide	nucleoplasm [GO:0005654]	57.89
Polyketide	plasma membrane [GO:0005886]	57.89
Polyketide	nucleus [GO:0005634]	57.89
Polyketide	cytoplasm [GO:0005737]	57.89
Polyketide	nucleolus [GO:0005730]	57.89
Polyketide	endoplasmic reticulum [GO:0005783]	20.21
Polyketide	mitochondrion [GO:0005739]	20.21
Polyketide	mitochondrial inner membrane [GO:0005743]	20.21
Polyketide	protein-DNA complex [GO:0032993]	50.04
Polyketide	nuclear chromosome [GO:0000228]	42.39
Polyketide	histone deacetylase complex [GO:0000118]	42.39
Polyketide	cytoplasm [GO:0005737]	42.39
Polyketide	nucleoplasm [GO:0005654]	42.39
Polyketide	nucleus [GO:0005634]	42.39
Polyketide	nuclear body [GO:0016604]	59.0
Polyketide	nucleoplasm [GO:0005654]	59.0
Polyketide	chromatin [GO:0000785]	59.0
Polyketide	transcription regulator complex [GO:0005667]	59.0
Polyketide	intermediate filament cytoskeleton [GO:0045111]	59.0
Polyketide	cytoplasmic side of endoplasmic reticulum membrane [GO:0098554]	14.78
Polyketide	protein-containing complex [GO:0032991]	14.78
Polyketide	endoplasmic reticulum [GO:0005783]	14.78
Polyketide	sorting endosome [GO:0097443]	14.78
Polyketide	endosome lumen [GO:0031904]	14.78
Polyketide	early endosome [GO:0005769]	14.78
Polyketide	cytosol [GO:0005829]	14.78
Polyketide	mitochondrial crista [GO:0030061]	14.78
Polyketide	mitochondrial matrix [GO:0005759]	14.78
Polyketide	cytoplasm [GO:0005737]	14.78
Polyketide	sarcoplasmic reticulum membrane [GO:0033017]	44.53
Polyketide	cytoplasmic side of membrane [GO:0098562]	44.53
Polyketide	cytosol [GO:0005829]	44.53
Polyketide	Z disc [GO:0030018]	44.53
Polyketide	sarcoplasmic reticulum [GO:0016529]	44.53
Polyketide	terminal cisterna [GO:0014802]	44.53
Polyketide	membrane [GO:0016020]	44.53
Polyketide	ryanodine receptor complex [GO:1990425]	44.53
Polyketide	cytoplasm [GO:0005737]	44.53
Polyketide	efflux pump complex [GO:1990281]	19.53
Polyketide	outer membrane-bounded periplasmic space [GO:0030288]	19.53
Polyketide	periplasmic side of plasma membrane [GO:0098567]	19.53
Polyketide	plasma membrane [GO:0005886]	19.53
Polyketide	membrane [GO:0016020]	19.53
Polyketide	cell body [GO:0044297]	26.94
Polyketide	actin filament [GO:0005884]	26.94
Polyketide	skeletal muscle myofibril [GO:0098723]	26.94
Polyketide	stress fiber [GO:0001725]	26.94
Polyketide	filamentous actin [GO:0031941]	26.94
Polyketide	actin filament bundle [GO:0032432]	26.94
Polyketide	lamellipodium [GO:0030027]	26.94
Polyketide	striated muscle thin filament [GO:0005865]	26.94
Polyketide	cytoplasm [GO:0005737]	26.94
Polyketide	filopodium [GO:0030175]	26.94
Polyketide	extracellular region [GO:0005576]	38.89
Polyketide	extracellular exosome [GO:0070062]	38.89
Polyketide	azurophil granule lumen [GO:0035578]	38.89
Polyketide	extracellular space [GO:0005615]	38.89
Polyketide	cytosol [GO:0005829]	35.38
Polyketide	nucleoplasm [GO:0005654]	35.38
Polyketide	plasma membrane [GO:0005886]	35.38
Polyketide	mitochondrion [GO:0005739]	35.38
Polyketide	nucleus [GO:0005634]	35.38
Polyketide	cytoplasm [GO:0005737]	35.38
Polyketide	extracellular space [GO:0005615]	33.83
Polyketide	azurophil granule lumen [GO:0035578]	33.83
Polyketide	extracellular region [GO:0005576]	33.83
Polyketide	extracellular exosome [GO:0070062]	33.83
Polyketide	membrane [GO:0016020]	54.89
Polyketide	cytosol [GO:0005829]	54.89
Polyketide	transcription regulator complex [GO:0005667]	54.89
Polyketide	cytoplasm [GO:0005737]	54.89
Polyketide	chromatin [GO:0000785]	54.89
Polyketide	Golgi apparatus [GO:0005794]	54.89
Polyketide	plasma membrane [GO:0005886]	54.89
Polyketide	nucleoplasm [GO:0005654]	54.89
Polyketide	protein-containing complex [GO:0032991]	54.89
Polyketide	euchromatin [GO:0000791]	54.89
Polyketide	nucleus [GO:0005634]	54.89
Polyketide	nucleus [GO:0005634]	68.52
Polyketide	collagen-containing extracellular matrix [GO:0062023]	24.69
Polyketide	cytosol [GO:0005829]	24.69
Polyketide	intracellular membrane-bounded organelle [GO:0043231]	24.69
Polyketide	extracellular region [GO:0005576]	24.69
Polyketide	extracellular space [GO:0005615]	24.69
Polyketide	cytoplasmic ribonucleoprotein granule [GO:0036464]	24.69
Polyketide	secretory granule [GO:0030141]	24.69
Polyketide	cytoplasm [GO:0005737]	24.69
Polyketide	dendritic shaft [GO:0043198]	-8.25
Polyketide	ribonucleoprotein complex [GO:1990904]	-8.25
Polyketide	postsynaptic density [GO:0014069]	-8.25
Polyketide	nucleoplasm [GO:0005654]	-8.25
Polyketide	microtubule [GO:0005874]	-8.25
Polyketide	Wnt signalosome [GO:1990909]	-8.25
Polyketide	cytoplasm [GO:0005737]	-8.25
Polyketide	neuronal cell body [GO:0043025]	-8.25
Polyketide	centrosome [GO:0005813]	-8.25
Polyketide	meiotic spindle [GO:0072687]	-8.25
Polyketide	Schaffer collateral - CA1 synapse [GO:0098685]	-8.25
Polyketide	presynapse [GO:0098793]	-8.25
Polyketide	growth cone [GO:0030426]	-8.25
Polyketide	dendrite [GO:0030425]	-8.25
Polyketide	protein-containing complex [GO:0032991]	-8.25
Polyketide	perinuclear region of cytoplasm [GO:0048471]	-8.25
Polyketide	cytosol [GO:0005829]	-8.25
Polyketide	glutamatergic synapse [GO:0098978]	-8.25
Polyketide	membrane [GO:0016020]	-8.25
Polyketide	dendritic spine [GO:0043197]	-8.25
Polyketide	nucleus [GO:0005634]	-8.25
Polyketide	membrane-bounded organelle [GO:0043227]	-8.25
Polyketide	plasma membrane [GO:0005886]	-8.25
Polyketide	mitochondrion [GO:0005739]	-8.25
Polyketide	axon [GO:0030424]	-8.25
Polyketide	beta-catenin destruction complex [GO:0030877]	-8.25
Polyketide	nucleoplasm [GO:0005654]	50.47
Polyketide	nucleus [GO:0005634]	50.47
Polyketide	cytoplasm [GO:0005737]	50.47
Polyketide	nucleolus [GO:0005730]	50.47
Polyketide	apicoplast [GO:0020011]	40.86
Polyketide	ATP-binding cassette (ABC) transporter complex [GO:0043190]	14.17
Polyketide	host cell nucleus [GO:0042025]	30.36
Polyketide	viral envelope [GO:0019031]	30.36
Polyketide	host cell plasma membrane [GO:0020002]	30.36
Polyketide	host cell lipid droplet [GO:0044186]	30.36
Polyketide	host cell endoplasmic reticulum membrane [GO:0044167]	30.36
Polyketide	host cell mitochondrial membrane [GO:0044191]	30.36
Polyketide	ribonucleoprotein complex [GO:1990904]	30.36
Polyketide	membrane [GO:0016020]	30.36
Polyketide	viral nucleocapsid [GO:0019013]	30.36
Polyketide	virion membrane [GO:0055036]	30.36
Polyketide	host cell perinuclear region of cytoplasm [GO:0044220]	30.36
Polyketide	cytoplasm [GO:0005737]	53.64
Polyketide	mitochondrial envelope [GO:0005740]	65.62
Polyketide	mitochondrial outer membrane [GO:0005741]	65.62
Polyketide	mitochondrion [GO:0005739]	65.62
Polyketide	cytoplasmic side of endoplasmic reticulum membrane [GO:0098554]	4.14
Polyketide	protein-containing complex [GO:0032991]	4.14
Polyketide	endoplasmic reticulum [GO:0005783]	4.14
Polyketide	sorting endosome [GO:0097443]	4.14
Polyketide	endosome lumen [GO:0031904]	4.14
Polyketide	early endosome [GO:0005769]	4.14
Polyketide	cytosol [GO:0005829]	4.14
Polyketide	mitochondrial crista [GO:0030061]	4.14
Polyketide	mitochondrial matrix [GO:0005759]	4.14
Polyketide	cytoplasm [GO:0005737]	4.14
Polyketide	transcription repressor complex [GO:0017053]	51.85
Polyketide	nucleoplasm [GO:0005654]	51.85
Polyketide	nucleus [GO:0005634]	51.85
Polyketide	nucleoplasm [GO:0005654]	60.96
Polyketide	chromatin [GO:0000785]	60.96
Polyketide	node of Ranvier [GO:0033268]	91.67
Polyketide	synapse [GO:0045202]	91.67
Polyketide	plasma membrane [GO:0005886]	91.67
Polyketide	axon initial segment [GO:0043194]	91.67
Polyketide	voltage-gated potassium channel complex [GO:0008076]	91.67
Polyketide	PML body [GO:0016605]	31.41
Polyketide	Sin3 complex [GO:0016580]	31.41
Polyketide	protein kinase CK2 complex [GO:0005956]	31.41
Polyketide	cytosol [GO:0005829]	31.41
Polyketide	nucleoplasm [GO:0005654]	31.41
Polyketide	plasma membrane [GO:0005886]	31.41
Polyketide	nucleus [GO:0005634]	31.41
Polyketide	node of Ranvier [GO:0033268]	64.53
Polyketide	synapse [GO:0045202]	64.53
Polyketide	plasma membrane [GO:0005886]	64.53
Polyketide	axon initial segment [GO:0043194]	64.53
Polyketide	voltage-gated potassium channel complex [GO:0008076]	64.53
Polyketide	centrosome [GO:0005813]	25.92
Polyketide	midbody [GO:0030496]	25.92
Polyketide	cyclin A2-CDK1 complex [GO:0097122]	25.92
Polyketide	mitotic spindle [GO:0072686]	25.92
Polyketide	cytosol [GO:0005829]	25.92
Polyketide	cyclin-dependent protein kinase holoenzyme complex [GO:0000307]	25.92
Polyketide	extracellular exosome [GO:0070062]	25.92
Polyketide	nucleoplasm [GO:0005654]	25.92
Polyketide	endoplasmic reticulum membrane [GO:0005789]	25.92
Polyketide	membrane [GO:0016020]	25.92
Polyketide	mitochondrion [GO:0005739]	25.92
Polyketide	chromosome, telomeric region [GO:0000781]	25.92
Polyketide	nucleus [GO:0005634]	25.92
Polyketide	spindle microtubule [GO:0005876]	25.92
Polyketide	mitochondrial matrix [GO:0005759]	25.92
Polyketide	cyclin B1-CDK1 complex [GO:0097125]	25.92
Polyketide	cytoplasm [GO:0005737]	25.92
Polyketide	plasma membrane [GO:0005886]	35.0
Polyketide	plasma membrane [GO:0005886]	17.89
Polyketide	periplasmic side of plasma membrane [GO:0098567]	17.89
Polyketide	membrane [GO:0016020]	17.89
Polyketide	outer membrane-bounded periplasmic space [GO:0030288]	17.89
Polyketide	efflux pump complex [GO:1990281]	17.89
Polyketide	postsynaptic density [GO:0014069]	27.48
Polyketide	glutamatergic synapse [GO:0098978]	27.48
Polyketide	plasma membrane [GO:0005886]	27.48
Polyketide	DAPK1-calmodulin complex [GO:1990722]	27.48
Polyketide	actin cytoskeleton [GO:0015629]	27.48
Polyketide	nucleus [GO:0005634]	27.48
Polyketide	cytoplasm [GO:0005737]	27.48
Polyketide	pericentric heterochromatin [GO:0005721]	53.75
Polyketide	endoplasmic reticulum [GO:0005783]	53.75
Polyketide	intracellular membrane-bounded organelle [GO:0043231]	53.75
Polyketide	nucleoplasm [GO:0005654]	53.75
Polyketide	site of DNA damage [GO:0090734]	53.75
Polyketide	chromatin [GO:0000785]	53.75
Polyketide	nucleus [GO:0005634]	53.75
Polyketide	site of double-strand break [GO:0035861]	53.75
Polyketide	chromosome, subtelomeric region [GO:0099115]	53.75
Polyketide	mitochondrial proton-transporting ATP synthase complex [GO:0005753]	68.29
Polyketide	cytosol [GO:0005829]	68.29
Polyketide	mitochondrial proton-transporting ATP synthase complex, coupling factor F(o) [GO:0000276]	68.29
Polyketide	mitochondrion [GO:0005739]	68.29
Polyketide	mitochondrial intermembrane space [GO:0005758]	68.29
Polyketide	mitochondrial inner membrane [GO:0005743]	68.29
Polyketide	mitochondrial matrix [GO:0005759]	55.15
Polyketide	mitochondrion [GO:0005739]	55.15
Polyketide	extracellular exosome [GO:0070062]	55.15
Polyketide	proton-transporting ATP synthase complex, catalytic core F(1) [GO:0045261]	38.11
Polyketide	nuclear envelope [GO:0005635]	36.42
Polyketide	perinuclear region of cytoplasm [GO:0048471]	36.42
Polyketide	cytosol [GO:0005829]	36.42
Polyketide	pericentriolar material [GO:0000242]	36.42
Polyketide	Golgi membrane [GO:0000139]	36.42
Polyketide	chromosome, telomeric region [GO:0000781]	36.42
Polyketide	nucleus [GO:0005634]	36.42
Polyketide	cytoplasm [GO:0005737]	36.42
Polyketide	plasma membrane [GO:0005886]	44.0
Polyketide	proton-transporting ATP synthase complex, coupling factor F(o) [GO:0045263]	44.0
Polyketide	nuclear envelope [GO:0005635]	35.71
Polyketide	perinuclear region of cytoplasm [GO:0048471]	35.71
Polyketide	cytosol [GO:0005829]	35.71
Polyketide	pericentriolar material [GO:0000242]	35.71
Polyketide	Golgi membrane [GO:0000139]	35.71
Polyketide	chromosome, telomeric region [GO:0000781]	35.71
Polyketide	nucleus [GO:0005634]	35.71
Polyketide	cytoplasm [GO:0005737]	35.71
Polyketide	cytosol [GO:0005829]	37.65
Polyketide	mitochondrial proton-transporting ATP synthase complex [GO:0005753]	70.25
Polyketide	cytosol [GO:0005829]	70.25
Polyketide	mitochondrial proton-transporting ATP synthase complex, coupling factor F(o) [GO:0000276]	70.25
Polyketide	mitochondrion [GO:0005739]	70.25
Polyketide	mitochondrial intermembrane space [GO:0005758]	70.25
Polyketide	mitochondrial inner membrane [GO:0005743]	70.25
Polyketide	plasma membrane [GO:0005886]	18.13
Polyketide	DNA-directed RNA polymerase complex [GO:0000428]	18.13
Polyketide	cytosol [GO:0005829]	18.13
Polyketide	peptidoglycan-based cell wall [GO:0009274]	18.13
Polyketide	membrane [GO:0016020]	26.44
Polyketide	transporter complex [GO:1990351]	38.88
Polyketide	plasma membrane [GO:0005886]	38.88
Polyketide	membrane [GO:0016020]	38.88
Polyketide	ATP-binding cassette (ABC) transporter complex [GO:0043190]	38.88
Polyketide	cytoplasm [GO:0005737]	38.88
Polyketide	nuclear periphery [GO:0034399]	-27.0
Polyketide	main axon [GO:0044304]	-27.0
Polyketide	neurofibrillary tangle [GO:0097418]	-27.0
Polyketide	neuron projection [GO:0043005]	-27.0
Polyketide	somatodendritic compartment [GO:0036477]	-27.0
Polyketide	microtubule [GO:0005874]	-27.0
Polyketide	cytoplasm [GO:0005737]	-27.0
Polyketide	neuronal cell body [GO:0043025]	-27.0
Polyketide	cell body [GO:0044297]	-27.0
Polyketide	nuclear speck [GO:0016607]	-27.0
Polyketide	growth cone [GO:0030426]	-27.0
Polyketide	membrane raft [GO:0045121]	-27.0
Polyketide	dendrite [GO:0030425]	-27.0
Polyketide	tubulin complex [GO:0045298]	-27.0
Polyketide	microtubule cytoskeleton [GO:0015630]	-27.0
Polyketide	cytosol [GO:0005829]	-27.0
Polyketide	axolemma [GO:0030673]	-27.0
Polyketide	glial cell projection [GO:0097386]	-27.0
Polyketide	dendritic spine [GO:0043197]	-27.0
Polyketide	extracellular region [GO:0005576]	-27.0
Polyketide	cytoplasmic ribonucleoprotein granule [GO:0036464]	-27.0
Polyketide	nucleus [GO:0005634]	-27.0
Polyketide	axon cytoplasm [GO:1904115]	-27.0
Polyketide	plasma membrane [GO:0005886]	-27.0
Polyketide	mitochondrion [GO:0005739]	-27.0
Polyketide	axon [GO:0030424]	-27.0
Polyketide	RSC-type complex [GO:0016586]	36.83
Polyketide	kinetochore [GO:0000776]	36.83
Polyketide	SWI/SNF complex [GO:0016514]	36.83
Polyketide	nucleoplasm [GO:0005654]	36.83
Polyketide	nuclear matrix [GO:0016363]	36.83
Polyketide	chromatin [GO:0000785]	36.83
Polyketide	nuclear chromosome [GO:0000228]	36.83
Polyketide	nucleus [GO:0005634]	36.83
Polyketide	collagen-containing extracellular matrix [GO:0062023]	-1.65
Polyketide	cytoplasm [GO:0005737]	-1.65
Polyketide	secretory granule membrane [GO:0030667]	-1.65
Polyketide	cytosol [GO:0005829]	-1.65
Polyketide	ficolin-1-rich granule membrane [GO:0101003]	-1.65
Polyketide	immunological synapse [GO:0001772]	-1.65
Polyketide	extracellular exosome [GO:0070062]	-1.65
Polyketide	spliceosomal complex [GO:0005681]	-1.65
Polyketide	nucleoplasm [GO:0005654]	-1.65
Polyketide	membrane [GO:0016020]	-1.65
Polyketide	plasma membrane [GO:0005886]	-1.65
Polyketide	extracellular region [GO:0005576]	-1.65
Polyketide	extracellular space [GO:0005615]	-1.65
Polyketide	nucleus [GO:0005634]	-1.65
Polyketide	cell surface [GO:0009986]	-1.65
Polyketide	mitochondrial inner membrane [GO:0005743]	-1.65
Polyketide	dendrite [GO:0030425]	40.38
Polyketide	PML body [GO:0016605]	40.38
Polyketide	nuclear envelope [GO:0005635]	40.38
Polyketide	lysosome [GO:0005764]	40.38
Polyketide	endomembrane system [GO:0012505]	40.38
Polyketide	mitochondrial outer membrane [GO:0005741]	40.38
Polyketide	cytosol [GO:0005829]	40.38
Polyketide	Golgi membrane [GO:0000139]	40.38
Polyketide	nucleoplasm [GO:0005654]	40.38
Polyketide	endoplasmic reticulum membrane [GO:0005789]	40.38
Polyketide	membrane [GO:0016020]	40.38
Polyketide	TORC1 complex [GO:0031931]	40.38
Polyketide	nucleus [GO:0005634]	40.38
Polyketide	TORC2 complex [GO:0031932]	40.38
Polyketide	lysosomal membrane [GO:0005765]	40.38
Polyketide	cytoplasm [GO:0005737]	40.38
Polyketide	phagocytic vesicle [GO:0045335]	40.38
Polyketide	protein-containing complex [GO:0032991]	56.76
Polyketide	cytosol [GO:0005829]	56.76
Polyketide	nucleoplasm [GO:0005654]	56.76
Polyketide	membrane [GO:0016020]	56.76
Polyketide	plasma membrane [GO:0005886]	56.76
Polyketide	euchromatin [GO:0000791]	56.76
Polyketide	chromatin [GO:0000785]	56.76
Polyketide	transcription regulator complex [GO:0005667]	56.76
Polyketide	nucleus [GO:0005634]	56.76
Polyketide	cytoplasm [GO:0005737]	56.76
Polyketide	Golgi apparatus [GO:0005794]	56.76
Polyketide	cell body [GO:0044297]	30.62
Polyketide	actin filament [GO:0005884]	30.62
Polyketide	skeletal muscle myofibril [GO:0098723]	30.62
Polyketide	stress fiber [GO:0001725]	30.62
Polyketide	filamentous actin [GO:0031941]	30.62
Polyketide	actin filament bundle [GO:0032432]	30.62
Polyketide	lamellipodium [GO:0030027]	30.62
Polyketide	striated muscle thin filament [GO:0005865]	30.62
Polyketide	cytoplasm [GO:0005737]	30.62
Polyketide	filopodium [GO:0030175]	30.62
Polyketide	host cell nucleus [GO:0042025]	49.36
Polyketide	membrane [GO:0016020]	49.36
Polyketide	T=pseudo3 icosahedral viral capsid [GO:0039618]	49.36
Polyketide	host cell cytoplasmic vesicle membrane [GO:0044162]	49.36
Polyketide	skeletal muscle myofibril [GO:0098723]	1.44
Polyketide	extracellular region [GO:0005576]	28.53
Polyketide	node of Ranvier [GO:0033268]	92.57
Polyketide	synapse [GO:0045202]	92.57
Polyketide	plasma membrane [GO:0005886]	92.57
Polyketide	axon initial segment [GO:0043194]	92.57
Polyketide	voltage-gated potassium channel complex [GO:0008076]	92.57
Polyketide	membrane [GO:0016020]	52.22
Polyketide	node of Ranvier [GO:0033268]	77.33
Polyketide	synapse [GO:0045202]	77.33
Polyketide	plasma membrane [GO:0005886]	77.33
Polyketide	axon initial segment [GO:0043194]	77.33
Polyketide	voltage-gated potassium channel complex [GO:0008076]	77.33
Polyketide	cytosol [GO:0005829]	24.33
Polyketide	plasma membrane [GO:0005886]	24.33
Polyketide	peptidoglycan-based cell wall [GO:0009274]	24.33
Polyketide	efflux pump complex [GO:1990281]	23.37
Polyketide	outer membrane-bounded periplasmic space [GO:0030288]	23.37
Polyketide	periplasmic side of plasma membrane [GO:0098567]	23.37
Polyketide	plasma membrane [GO:0005886]	23.37
Polyketide	membrane [GO:0016020]	23.37
Polyketide	nucleoplasm [GO:0005654]	63.85
Polyketide	chromatin [GO:0000785]	63.85
Polyketide	host cell nucleus [GO:0042025]	22.39
Polyketide	host cell endoplasmic reticulum membrane [GO:0044167]	22.39
Polyketide	host cell endoplasmic reticulum-Golgi intermediate compartment [GO:0044172]	22.39
Polyketide	host cell Golgi apparatus [GO:0044177]	22.39
Polyketide	host cell endosome [GO:0044174]	22.39
Polyketide	membrane [GO:0016020]	22.39
Polyketide	double membrane vesicle viral factory outer membrane [GO:0062243]	22.39
Polyketide	host cell perinuclear region of cytoplasm [GO:0044220]	22.39
Polyketide	protein-DNA complex [GO:0032993]	49.04
Polyketide	cell body [GO:0044297]	42.5
Polyketide	actin filament [GO:0005884]	42.5
Polyketide	skeletal muscle myofibril [GO:0098723]	42.5
Polyketide	stress fiber [GO:0001725]	42.5
Polyketide	filamentous actin [GO:0031941]	42.5
Polyketide	actin filament bundle [GO:0032432]	42.5
Polyketide	lamellipodium [GO:0030027]	42.5
Polyketide	striated muscle thin filament [GO:0005865]	42.5
Polyketide	cytoplasm [GO:0005737]	42.5
Polyketide	filopodium [GO:0030175]	42.5
Polyketide	extracellular region [GO:0005576]	59.8
Polyketide	extracellular exosome [GO:0070062]	59.8
Polyketide	azurophil granule lumen [GO:0035578]	59.8
Polyketide	extracellular space [GO:0005615]	59.8
Polyketide	dendrite [GO:0030425]	32.15
Polyketide	PML body [GO:0016605]	32.15
Polyketide	nuclear envelope [GO:0005635]	32.15
Polyketide	lysosome [GO:0005764]	32.15
Polyketide	endomembrane system [GO:0012505]	32.15
Polyketide	mitochondrial outer membrane [GO:0005741]	32.15
Polyketide	cytosol [GO:0005829]	32.15
Polyketide	Golgi membrane [GO:0000139]	32.15
Polyketide	nucleoplasm [GO:0005654]	32.15
Polyketide	endoplasmic reticulum membrane [GO:0005789]	32.15
Polyketide	membrane [GO:0016020]	32.15
Polyketide	TORC1 complex [GO:0031931]	32.15
Polyketide	nucleus [GO:0005634]	32.15
Polyketide	TORC2 complex [GO:0031932]	32.15
Polyketide	lysosomal membrane [GO:0005765]	32.15
Polyketide	cytoplasm [GO:0005737]	32.15
Polyketide	phagocytic vesicle [GO:0045335]	32.15
Polyketide	extracellular space [GO:0005615]	35.73
Polyketide	azurophil granule lumen [GO:0035578]	35.73
Polyketide	extracellular region [GO:0005576]	35.73
Polyketide	extracellular exosome [GO:0070062]	35.73
Polyketide	sarcoplasmic reticulum membrane [GO:0033017]	36.43
Polyketide	cytoplasmic side of membrane [GO:0098562]	36.43
Polyketide	cytosol [GO:0005829]	36.43
Polyketide	Z disc [GO:0030018]	36.43
Polyketide	sarcoplasmic reticulum [GO:0016529]	36.43
Polyketide	extracellular exosome [GO:0070062]	36.43
Polyketide	membrane [GO:0016020]	36.43
Polyketide	ryanodine receptor complex [GO:1990425]	36.43
Polyketide	cytoplasm [GO:0005737]	36.43
Polyketide	extracellular space [GO:0005615]	30.0
Polyketide	azurophil granule lumen [GO:0035578]	30.0
Polyketide	extracellular region [GO:0005576]	30.0
Polyketide	extracellular exosome [GO:0070062]	30.0
Polyketide	cytoplasm [GO:0005737]	35.69
Polyketide	plasma membrane [GO:0005886]	32.68
Polyketide	chloride channel complex [GO:0034707]	60.08
Polyketide	postsynaptic membrane [GO:0045211]	60.08
Polyketide	perikaryon [GO:0043204]	60.08
Polyketide	membrane [GO:0016020]	60.08
Polyketide	plasma membrane [GO:0005886]	60.08
Polyketide	dendrite [GO:0030425]	60.08
Polyketide	neuron projection [GO:0043005]	60.08
Polyketide	synapse [GO:0045202]	60.08
Polyketide	host cell nucleus [GO:0042025]	51.95
Polyketide	protein-containing complex [GO:0032991]	51.95
Polyketide	host cell plasma membrane [GO:0020002]	51.95
Polyketide	host cell lipid droplet [GO:0044186]	51.95
Polyketide	viral envelope [GO:0019031]	51.95
Polyketide	host cell endoplasmic reticulum membrane [GO:0044167]	51.95
Polyketide	host cell mitochondrial membrane [GO:0044191]	51.95
Polyketide	ribonucleoprotein complex [GO:1990904]	51.95
Polyketide	membrane [GO:0016020]	51.95
Polyketide	viral nucleocapsid [GO:0019013]	51.95
Polyketide	virion membrane [GO:0055036]	51.95
Polyketide	host cell perinuclear region of cytoplasm [GO:0044220]	51.95
Polyketide	voltage-gated potassium channel complex [GO:0008076]	34.0
Polyketide	endoplasmic reticulum [GO:0005783]	34.0
Polyketide	cell surface [GO:0009986]	34.0
Polyketide	apical plasma membrane [GO:0016324]	34.0
Polyketide	plasma membrane [GO:0005886]	34.0
Polyketide	endoplasmic reticulum membrane [GO:0005789]	34.0
Polyketide	astrocyte projection [GO:0097449]	34.0
Polyketide	calyx of Held [GO:0044305]	34.0
Polyketide	neuronal cell body [GO:0043025]	34.0
Polyketide	vacuolar proton-transporting V-type ATPase, V0 domain [GO:0000220]	66.56
Polyketide	synaptic vesicle membrane [GO:0030672]	66.56
Polyketide	clathrin-coated vesicle membrane [GO:0030665]	66.56
Polyketide	extracellular space [GO:0005615]	35.73
Polyketide	azurophil granule lumen [GO:0035578]	35.73
Polyketide	extracellular region [GO:0005576]	35.73
Polyketide	extracellular exosome [GO:0070062]	35.73
Polyketide	extracellular region [GO:0005576]	34.75
Polyketide	extracellular exosome [GO:0070062]	34.75
Polyketide	secretory granule lumen [GO:0034774]	34.75
Polyketide	cytosol [GO:0005829]	34.75
Polyketide	specific granule lumen [GO:0035580]	34.75
Polyketide	nucleoplasm [GO:0005654]	34.75
Polyketide	nucleus [GO:0005634]	34.75
Polyketide	protein-containing complex [GO:0032991]	52.42
Polyketide	cytosol [GO:0005829]	52.42
Polyketide	nucleoplasm [GO:0005654]	52.42
Polyketide	membrane [GO:0016020]	52.42
Polyketide	plasma membrane [GO:0005886]	52.42
Polyketide	euchromatin [GO:0000791]	52.42
Polyketide	chromatin [GO:0000785]	52.42
Polyketide	transcription regulator complex [GO:0005667]	52.42
Polyketide	nucleus [GO:0005634]	52.42
Polyketide	cytoplasm [GO:0005737]	52.42
Polyketide	Golgi apparatus [GO:0005794]	52.42
Polyketide	periplasmic space [GO:0042597]	12.07
Polyketide	plasma membrane [GO:0005886]	22.89
Polyketide	periplasmic space [GO:0042597]	47.11
Polyketide	dendrite [GO:0030425]	45.0
Polyketide	cytosol [GO:0005829]	45.0
Polyketide	synapse [GO:0045202]	45.0
Polyketide	nucleus [GO:0005634]	45.0
Polyketide	cytoplasm [GO:0005737]	45.0
Polyketide	neuronal cell body [GO:0043025]	45.0
Polyketide	epidermal lamellar body [GO:0097209]	4.75
Polyketide	extracellular region [GO:0005576]	4.75
Polyketide	extracellular space [GO:0005615]	4.75
Polyketide	secretory granule [GO:0030141]	4.75
Polyketide	cornified envelope [GO:0001533]	4.75
Polyketide	dendrite [GO:0030425]	60.6
Polyketide	chloride channel complex [GO:0034707]	60.6
Polyketide	neuron projection [GO:0043005]	60.6
Polyketide	plasma membrane [GO:0005886]	60.6
Polyketide	membrane [GO:0016020]	60.6
Polyketide	postsynaptic membrane [GO:0045211]	60.6
Polyketide	synapse [GO:0045202]	60.6
Polyketide	perikaryon [GO:0043204]	60.6
Polyketide	calcium channel complex [GO:0034704]	33.0
Polyketide	voltage-gated calcium channel complex [GO:0005891]	33.0
Polyketide	perinuclear region of cytoplasm [GO:0048471]	33.0
Polyketide	apical plasma membrane [GO:0016324]	33.0
Polyketide	cytosol [GO:0005829]	33.0
Polyketide	plasma membrane [GO:0005886]	33.0
Polyketide	membrane [GO:0016020]	33.0
Polyketide	nucleus [GO:0005634]	33.0
Polyketide	microtubule organizing center [GO:0005815]	33.0
Polyketide	nuclear chromosome [GO:0000228]	29.33
Polyketide	histone deacetylase complex [GO:0000118]	29.33
Polyketide	cytoplasm [GO:0005737]	29.33
Polyketide	nucleoplasm [GO:0005654]	29.33
Polyketide	nucleus [GO:0005634]	29.33
Polyketide	host cell plasma membrane [GO:0020002]	15.36
Polyketide	host cell cytosol [GO:0044164]	15.36
Polyketide	membrane [GO:0016020]	15.36
Polyketide	extracellular region [GO:0005576]	15.36
Polyketide	host cell cytoplasmic vesicle [GO:0044161]	15.36
Polyketide	host cell presynaptic membrane [GO:0044231]	15.36
Polyketide	protein-containing complex [GO:0032991]	58.21
Polyketide	cytosol [GO:0005829]	58.21
Polyketide	nucleoplasm [GO:0005654]	58.21
Polyketide	membrane [GO:0016020]	58.21
Polyketide	plasma membrane [GO:0005886]	58.21
Polyketide	euchromatin [GO:0000791]	58.21
Polyketide	chromatin [GO:0000785]	58.21
Polyketide	transcription regulator complex [GO:0005667]	58.21
Polyketide	nucleus [GO:0005634]	58.21
Polyketide	cytoplasm [GO:0005737]	58.21
Polyketide	Golgi apparatus [GO:0005794]	58.21
Polyketide	cytoplasm [GO:0005737]	56.9
Polyketide	vesicle [GO:0031982]	57.75
Polyketide	cytoplasm [GO:0005737]	57.75
Polyketide	secretory granule lumen [GO:0034774]	57.75
Polyketide	cytosol [GO:0005829]	57.75
Polyketide	ficolin-1-rich granule lumen [GO:1904813]	57.75
Polyketide	extracellular exosome [GO:0070062]	57.75
Polyketide	nucleoplasm [GO:0005654]	57.75
Polyketide	plasma membrane [GO:0005886]	57.75
Polyketide	extracellular region [GO:0005576]	57.75
Polyketide	extracellular space [GO:0005615]	57.75
Polyketide	cell surface [GO:0009986]	57.75
Polyketide	nuclear speck [GO:0016607]	30.59
Polyketide	dendrite [GO:0030425]	30.59
Polyketide	cytoplasm [GO:0005737]	30.59
Polyketide	nucleoplasm [GO:0005654]	30.59
Polyketide	cytoskeleton [GO:0005856]	30.59
Polyketide	axon [GO:0030424]	30.59
Polyketide	ribonucleoprotein complex [GO:1990904]	30.59
Polyketide	nucleus [GO:0005634]	30.59
Polyketide	cytosol [GO:0005829]	70.95
Polyketide	transcription regulator complex [GO:0005667]	70.95
Polyketide	chromatin [GO:0000785]	70.95
Polyketide	receptor complex [GO:0043235]	70.95
Polyketide	mitochondrion [GO:0005739]	70.95
Polyketide	RNA polymerase II transcription regulator complex [GO:0090575]	70.95
Polyketide	nucleoplasm [GO:0005654]	70.95
Polyketide	nucleus [GO:0005634]	70.95
Polyketide	cytosol [GO:0005829]	28.37
Polyketide	protein kinase CK2 complex [GO:0005956]	28.37
Polyketide	nucleus [GO:0005634]	28.37
Polyketide	protein-containing complex [GO:0032991]	65.7
Polyketide	cytosol [GO:0005829]	65.7
Polyketide	nucleoplasm [GO:0005654]	65.7
Polyketide	membrane [GO:0016020]	65.7
Polyketide	plasma membrane [GO:0005886]	65.7
Polyketide	euchromatin [GO:0000791]	65.7
Polyketide	chromatin [GO:0000785]	65.7
Polyketide	transcription regulator complex [GO:0005667]	65.7
Polyketide	nucleus [GO:0005634]	65.7
Polyketide	cytoplasm [GO:0005737]	65.7
Polyketide	Golgi apparatus [GO:0005794]	65.7
Polyketide	mitotic actomyosin contractile ring, intermediate layer [GO:0120105]	30.75
Polyketide	calcineurin complex [GO:0005955]	30.75
Polyketide	endoplasmic reticulum [GO:0005783]	45.8
Polyketide	ribonucleoprotein complex [GO:1990904]	45.8
Polyketide	cytosol [GO:0005829]	45.8
Polyketide	plasma membrane [GO:0005886]	45.8
Polyketide	ribosome [GO:0005840]	45.8
Polyketide	extracellular exosome [GO:0070062]	30.61
Polyketide	cytosol [GO:0005829]	30.61
Polyketide	dendrite [GO:0030425]	30.61
Polyketide	glutamatergic synapse [GO:0098978]	30.61
Polyketide	axon [GO:0030424]	30.61
Polyketide	filopodium tip [GO:0032433]	30.61
Polyketide	plasma membrane [GO:0005886]	30.61
Polyketide	membrane raft [GO:0045121]	30.61
Polyketide	extracellular region [GO:0005576]	30.61
Polyketide	early endosome membrane [GO:0031901]	30.61
Polyketide	endoplasmic reticulum [GO:0005783]	30.61
Polyketide	protein-containing complex [GO:0032991]	67.19
Polyketide	cytosol [GO:0005829]	67.19
Polyketide	nucleoplasm [GO:0005654]	67.19
Polyketide	membrane [GO:0016020]	67.19
Polyketide	plasma membrane [GO:0005886]	67.19
Polyketide	euchromatin [GO:0000791]	67.19
Polyketide	chromatin [GO:0000785]	67.19
Polyketide	transcription regulator complex [GO:0005667]	67.19
Polyketide	nucleus [GO:0005634]	67.19
Polyketide	cytoplasm [GO:0005737]	67.19
Polyketide	Golgi apparatus [GO:0005794]	67.19
Polyketide	protein-containing complex [GO:0032991]	65.11
Polyketide	cytosol [GO:0005829]	65.11
Polyketide	nucleoplasm [GO:0005654]	65.11
Polyketide	membrane [GO:0016020]	65.11
Polyketide	plasma membrane [GO:0005886]	65.11
Polyketide	euchromatin [GO:0000791]	65.11
Polyketide	chromatin [GO:0000785]	65.11
Polyketide	transcription regulator complex [GO:0005667]	65.11
Polyketide	nucleus [GO:0005634]	65.11
Polyketide	cytoplasm [GO:0005737]	65.11
Polyketide	Golgi apparatus [GO:0005794]	65.11
Polyketide	protein-containing complex [GO:0032991]	56.43
Polyketide	endocytic vesicle membrane [GO:0030666]	56.43
Polyketide	cytosol [GO:0005829]	56.43
Polyketide	transcription repressor complex [GO:0017053]	56.43
Polyketide	nucleoplasm [GO:0005654]	56.43
Polyketide	plasma membrane [GO:0005886]	56.43
Polyketide	nucleus [GO:0005634]	56.43
Polyketide	cytoplasm [GO:0005737]	56.43
Polyketide	nucleolus [GO:0005730]	56.43
Polyketide	endoplasmic reticulum lumen [GO:0005788]	20.94
Polyketide	endosome [GO:0005768]	20.94
Polyketide	Golgi-associated vesicle lumen [GO:0070931]	20.94
Polyketide	cell surface [GO:0009986]	20.94
Polyketide	neuronal cell body [GO:0043025]	20.94
Polyketide	recycling endosome [GO:0055037]	20.94
Polyketide	trans-Golgi network [GO:0005802]	20.94
Polyketide	endosome membrane [GO:0010008]	20.94
Polyketide	synaptic vesicle [GO:0008021]	20.94
Polyketide	lysosome [GO:0005764]	20.94
Polyketide	membrane raft [GO:0045121]	20.94
Polyketide	Golgi apparatus [GO:0005794]	20.94
Polyketide	dendrite [GO:0030425]	20.94
Polyketide	early endosome [GO:0005769]	20.94
Polyketide	membrane [GO:0016020]	20.94
Polyketide	multivesicular body [GO:0005771]	20.94
Polyketide	plasma membrane [GO:0005886]	20.94
Polyketide	hippocampal mossy fiber to CA3 synapse [GO:0098686]	20.94
Polyketide	axon [GO:0030424]	20.94
Polyketide	late endosome [GO:0005770]	20.94
Polyketide	bicellular tight junction [GO:0005923]	25.64
Polyketide	cytosol [GO:0005829]	25.64
Polyketide	Golgi membrane [GO:0000139]	25.64
Polyketide	plasma membrane [GO:0005886]	25.64
Polyketide	membrane [GO:0016020]	25.64
Polyketide	growth cone [GO:0030426]	25.64
Polyketide	adherens junction [GO:0005912]	25.64
Polyketide	cytoplasm [GO:0005737]	25.64
Polyketide	protein-containing complex [GO:0032991]	63.85
Polyketide	cytosol [GO:0005829]	63.85
Polyketide	nucleoplasm [GO:0005654]	63.85
Polyketide	membrane [GO:0016020]	63.85
Polyketide	plasma membrane [GO:0005886]	63.85
Polyketide	euchromatin [GO:0000791]	63.85
Polyketide	chromatin [GO:0000785]	63.85
Polyketide	transcription regulator complex [GO:0005667]	63.85
Polyketide	nucleus [GO:0005634]	63.85
Polyketide	cytoplasm [GO:0005737]	63.85
Polyketide	Golgi apparatus [GO:0005794]	63.85
Polyketide	nuclear chromosome [GO:0000228]	33.6
Polyketide	histone deacetylase complex [GO:0000118]	33.6
Polyketide	cytoplasm [GO:0005737]	33.6
Polyketide	nucleoplasm [GO:0005654]	33.6
Polyketide	nucleus [GO:0005634]	33.6
Polyketide	extracellular region [GO:0005576]	14.6
Polyketide	cytoplasm [GO:0005737]	6.93
Polyketide	host cell nucleus [GO:0042025]	12.14
Polyketide	host cell plasma membrane [GO:0020002]	12.14
Polyketide	membrane [GO:0016020]	12.14
Polyketide	viral nucleocapsid [GO:0019013]	12.14
Polyketide	host multivesicular body [GO:0072494]	12.14
Polyketide	virion membrane [GO:0055036]	12.14
Polyketide	chromosome [GO:0005694]	23.38
Polyketide	DNA topoisomerase type II (double strand cut, ATP-hydrolyzing) complex [GO:0009330]	23.38
Polyketide	cytoplasm [GO:0005737]	23.38
Polyketide	cytosol [GO:0005829]	23.38
Polyketide	chromosome [GO:0005694]	15.43
Polyketide	cytoplasm [GO:0005737]	15.43
Polyketide	skeletal muscle myofibril [GO:0098723]	0.0
Polyketide	lamellipodium [GO:0030027]	0.0
Polyketide	cytoplasm [GO:0005737]	0.0
Polyketide	actin filament bundle [GO:0032432]	0.0
Polyketide	stress fiber [GO:0001725]	0.0
Polyketide	actin filament [GO:0005884]	0.0
Polyketide	filamentous actin [GO:0031941]	0.0
Polyketide	cell body [GO:0044297]	0.0
Polyketide	striated muscle thin filament [GO:0005865]	0.0
Polyketide	filopodium [GO:0030175]	0.0
Polyketide	efflux pump complex [GO:1990281]	23.16
Polyketide	outer membrane-bounded periplasmic space [GO:0030288]	23.16
Polyketide	periplasmic side of plasma membrane [GO:0098567]	23.16
Polyketide	plasma membrane [GO:0005886]	23.16
Polyketide	membrane [GO:0016020]	23.16
Polyketide	mitochondrial proton-transporting ATP synthase complex [GO:0005753]	73.8
Polyketide	cytosol [GO:0005829]	73.8
Polyketide	mitochondrial proton-transporting ATP synthase complex, coupling factor F(o) [GO:0000276]	73.8
Polyketide	mitochondrion [GO:0005739]	73.8
Polyketide	mitochondrial intermembrane space [GO:0005758]	73.8
Polyketide	mitochondrial inner membrane [GO:0005743]	73.8
Polyketide	PML body [GO:0016605]	28.05
Polyketide	Sin3 complex [GO:0016580]	28.05
Polyketide	protein kinase CK2 complex [GO:0005956]	28.05
Polyketide	cytosol [GO:0005829]	28.05
Polyketide	nucleoplasm [GO:0005654]	28.05
Polyketide	plasma membrane [GO:0005886]	28.05
Polyketide	nucleus [GO:0005634]	28.05
Polyketide	fibrillar center [GO:0001650]	25.64
Polyketide	nuclear inner membrane [GO:0005637]	25.64
Polyketide	heterochromatin [GO:0000792]	25.64
Polyketide	nuclear envelope [GO:0005635]	25.64
Polyketide	PML body [GO:0016605]	25.64
Polyketide	cytosol [GO:0005829]	25.64
Polyketide	eNoSc complex [GO:0061773]	25.64
Polyketide	rDNA heterochromatin [GO:0033553]	25.64
Polyketide	nucleoplasm [GO:0005654]	25.64
Polyketide	mitochondrion [GO:0005739]	25.64
Polyketide	euchromatin [GO:0000791]	25.64
Polyketide	chromatin [GO:0000785]	25.64
Polyketide	chromatin silencing complex [GO:0005677]	25.64
Polyketide	nucleus [GO:0005634]	25.64
Polyketide	cytoplasm [GO:0005737]	25.64
Polyketide	nucleolus [GO:0005730]	25.64
Polyketide	respirasome [GO:0070469]	26.64
Polyketide	mitochondrial inner membrane [GO:0005743]	26.64
Polyketide	extracellular space [GO:0005615]	32.54
Polyketide	azurophil granule lumen [GO:0035578]	32.54
Polyketide	extracellular region [GO:0005576]	32.54
Polyketide	extracellular exosome [GO:0070062]	32.54
Polyketide	nuclear chromosome [GO:0000228]	27.0
Polyketide	histone deacetylase complex [GO:0000118]	27.0
Polyketide	cytoplasm [GO:0005737]	27.0
Polyketide	nucleoplasm [GO:0005654]	27.0
Polyketide	nucleus [GO:0005634]	27.0
Polyketide	nucleoplasm [GO:0005654]	32.81
Polyketide	plasma membrane [GO:0005886]	32.81
Polyketide	actin cytoskeleton [GO:0015629]	32.81
Polyketide	Flemming body [GO:0090543]	32.81
Polyketide	nucleus [GO:0005634]	32.81
Polyketide	endoplasmic reticulum-Golgi intermediate compartment [GO:0005793]	32.81
Polyketide	protein-containing complex [GO:0032991]	68.55
Polyketide	cytosol [GO:0005829]	68.55
Polyketide	nucleoplasm [GO:0005654]	68.55
Polyketide	membrane [GO:0016020]	68.55
Polyketide	plasma membrane [GO:0005886]	68.55
Polyketide	euchromatin [GO:0000791]	68.55
Polyketide	chromatin [GO:0000785]	68.55
Polyketide	transcription regulator complex [GO:0005667]	68.55
Polyketide	nucleus [GO:0005634]	68.55
Polyketide	cytoplasm [GO:0005737]	68.55
Polyketide	Golgi apparatus [GO:0005794]	68.55
Polyketide	sarcoplasmic reticulum membrane [GO:0033017]	34.85
Polyketide	cytoplasmic side of membrane [GO:0098562]	34.85
Polyketide	cytosol [GO:0005829]	34.85
Polyketide	Z disc [GO:0030018]	34.85
Polyketide	sarcoplasmic reticulum [GO:0016529]	34.85
Polyketide	terminal cisterna [GO:0014802]	34.85
Polyketide	membrane [GO:0016020]	34.85
Polyketide	ryanodine receptor complex [GO:1990425]	34.85
Polyketide	cytoplasm [GO:0005737]	34.85
Polyketide	chloroplast stroma [GO:0009570]	31.0
Polyketide	endoplasmic reticulum [GO:0005783]	31.0
Polyketide	chloroplast [GO:0009507]	31.0
Polyketide	cytosol [GO:0005829]	31.0
Polyketide	intracellular membrane-bounded organelle [GO:0043231]	31.0
Polyketide	plasma membrane [GO:0005886]	31.0
Polyketide	apoplast [GO:0048046]	31.0
Polyketide	plasmodesma [GO:0009506]	31.0
Polyketide	plant-type vacuole [GO:0000325]	31.0
Polyketide	neuron projection [GO:0043005]	43.73
Polyketide	synapse [GO:0045202]	43.73
Polyketide	postsynaptic membrane [GO:0045211]	43.73
Polyketide	histone deacetylase complex [GO:0000118]	22.33
Polyketide	mitochondrial proton-transporting ATP synthase, catalytic core [GO:0005754]	42.64
Polyketide	proton-transporting ATP synthase complex, catalytic core F(1) [GO:0045261]	42.64
Polyketide	mitochondrial proton-transporting ATP synthase complex [GO:0005753]	42.64
Polyketide	cytosol [GO:0005829]	42.64
Polyketide	mitochondrial nucleoid [GO:0042645]	42.64
Polyketide	mitochondrion [GO:0005739]	42.64
Polyketide	mitochondrial intermembrane space [GO:0005758]	42.64
Polyketide	mitochondrial inner membrane [GO:0005743]	42.64
Polyketide	protein-containing complex [GO:0032991]	62.93
Polyketide	cytosol [GO:0005829]	62.93
Polyketide	nucleoplasm [GO:0005654]	62.93
Polyketide	membrane [GO:0016020]	62.93
Polyketide	plasma membrane [GO:0005886]	62.93
Polyketide	euchromatin [GO:0000791]	62.93
Polyketide	chromatin [GO:0000785]	62.93
Polyketide	transcription regulator complex [GO:0005667]	62.93
Polyketide	nucleus [GO:0005634]	62.93
Polyketide	cytoplasm [GO:0005737]	62.93
Polyketide	Golgi apparatus [GO:0005794]	62.93
Polyketide	cytosol [GO:0005829]	38.95
Polyketide	protein kinase CK2 complex [GO:0005956]	38.95
Polyketide	nucleus [GO:0005634]	38.95
Polyketide	cytoplasm [GO:0005737]	23.07
Polyketide	sarcoplasmic reticulum membrane [GO:0033017]	51.24
Polyketide	cytoplasmic side of membrane [GO:0098562]	51.24
Polyketide	cytosol [GO:0005829]	51.24
Polyketide	Z disc [GO:0030018]	51.24
Polyketide	sarcoplasmic reticulum [GO:0016529]	51.24
Polyketide	terminal cisterna [GO:0014802]	51.24
Polyketide	membrane [GO:0016020]	51.24
Polyketide	ryanodine receptor complex [GO:1990425]	51.24
Polyketide	cytoplasm [GO:0005737]	51.24
Polyketide	membrane [GO:0016020]	32.36
Polyketide	endoplasmic reticulum [GO:0005783]	32.36
Polyketide	endoplasmic reticulum membrane [GO:0005789]	32.36
Polyketide	endoplasmic reticulum [GO:0005783]	59.68
Polyketide	nuclear envelope [GO:0005635]	59.68
Polyketide	nuclear membrane [GO:0031965]	59.68
Polyketide	endoplasmic reticulum membrane [GO:0005789]	59.68
Polyketide	cytoplasmic vesicle [GO:0031410]	59.68
Polyketide	cytoplasm [GO:0005737]	60.29
Polyketide	nuclear envelope [GO:0005635]	37.83
Polyketide	perinuclear region of cytoplasm [GO:0048471]	37.83
Polyketide	cytosol [GO:0005829]	37.83
Polyketide	pericentriolar material [GO:0000242]	37.83
Polyketide	Golgi membrane [GO:0000139]	37.83
Polyketide	chromosome, telomeric region [GO:0000781]	37.83
Polyketide	nucleus [GO:0005634]	37.83
Polyketide	cytoplasm [GO:0005737]	37.83
Polyketide	protein-containing complex [GO:0032991]	49.04
Polyketide	cytosol [GO:0005829]	49.04
Polyketide	nucleoplasm [GO:0005654]	49.04
Polyketide	membrane [GO:0016020]	49.04
Polyketide	plasma membrane [GO:0005886]	49.04
Polyketide	euchromatin [GO:0000791]	49.04
Polyketide	chromatin [GO:0000785]	49.04
Polyketide	transcription regulator complex [GO:0005667]	49.04
Polyketide	nucleus [GO:0005634]	49.04
Polyketide	cytoplasm [GO:0005737]	49.04
Polyketide	Golgi apparatus [GO:0005794]	49.04
Polyketide	viral envelope [GO:0019031]	30.69
Polyketide	host cell plasma membrane [GO:0020002]	30.69
Polyketide	host cell lipid droplet [GO:0044186]	30.69
Polyketide	cytoplasm [GO:0005737]	30.69
Polyketide	host cell endoplasmic reticulum membrane [GO:0044167]	30.69
Polyketide	host cell mitochondrial membrane [GO:0044191]	30.69
Polyketide	ribonucleoprotein complex [GO:1990904]	30.69
Polyketide	lipid droplet [GO:0005811]	30.69
Polyketide	plasma membrane [GO:0005886]	30.69
Polyketide	viral nucleocapsid [GO:0019013]	30.69
Polyketide	virion membrane [GO:0055036]	30.69
Polyketide	host cell perinuclear region of cytoplasm [GO:0044220]	30.69
Polyketide	nucleoplasm [GO:0005654]	30.94
Polyketide	cytosol [GO:0005829]	30.94
Polyketide	extracellular exosome [GO:0070062]	30.94
Polyketide	fungal biofilm matrix [GO:0062040]	14.0
Polyketide	cytoplasm [GO:0005737]	14.0
Polyketide	extracellular region [GO:0005576]	14.0
Polyketide	protein-DNA complex [GO:0032993]	45.0
Polyketide	plasma membrane [GO:0005886]	60.92
Polyketide	plasma membrane [GO:0005886]	47.89
Polyketide	proton-transporting ATP synthase complex, coupling factor F(o) [GO:0045263]	47.89
Polyketide	dendrite [GO:0030425]	45.56
Polyketide	neuron projection [GO:0043005]	45.56
Polyketide	intracellular membrane-bounded organelle [GO:0043231]	45.56
Polyketide	plasma membrane [GO:0005886]	45.56
Polyketide	postsynaptic membrane [GO:0045211]	45.56
Polyketide	synapse [GO:0045202]	45.56
Polyketide	glycine-gated chloride channel complex [GO:0016935]	45.56
Polyketide	perikaryon [GO:0043204]	45.56
Polyketide	cytoplasm [GO:0005737]	14.16
Polyketide	membrane-bounded organelle [GO:0043227]	33.65
Polyketide	peroxisomal membrane [GO:0005778]	41.12
Polyketide	cytosol [GO:0005829]	41.12
Polyketide	peroxisomal matrix [GO:0005782]	41.12
Polyketide	peroxisome [GO:0005777]	41.12
Polyketide	cytoplasm [GO:0005737]	41.12
Polyketide	host cell nucleus [GO:0042025]	51.04
Polyketide	protein-containing complex [GO:0032991]	51.04
Polyketide	host cell plasma membrane [GO:0020002]	51.04
Polyketide	host cell lipid droplet [GO:0044186]	51.04
Polyketide	viral envelope [GO:0019031]	51.04
Polyketide	host cell endoplasmic reticulum membrane [GO:0044167]	51.04
Polyketide	host cell mitochondrial membrane [GO:0044191]	51.04
Polyketide	ribonucleoprotein complex [GO:1990904]	51.04
Polyketide	membrane [GO:0016020]	51.04
Polyketide	viral nucleocapsid [GO:0019013]	51.04
Polyketide	virion membrane [GO:0055036]	51.04
Polyketide	host cell perinuclear region of cytoplasm [GO:0044220]	51.04
Polyketide	plasma membrane [GO:0005886]	60.33
Polyketide	proton-transporting ATP synthase complex, coupling factor F(o) [GO:0045263]	60.33
Polyketide	protein-containing complex [GO:0032991]	56.38
Polyketide	endocytic vesicle membrane [GO:0030666]	56.38
Polyketide	cytosol [GO:0005829]	56.38
Polyketide	transcription repressor complex [GO:0017053]	56.38
Polyketide	nucleoplasm [GO:0005654]	56.38
Polyketide	plasma membrane [GO:0005886]	56.38
Polyketide	nucleus [GO:0005634]	56.38
Polyketide	cytoplasm [GO:0005737]	56.38
Polyketide	nucleolus [GO:0005730]	56.38
Polyketide	endoplasmic reticulum membrane [GO:0005789]	3.5
Polyketide	U5 snRNP [GO:0005682]	65.0
Polyketide	nucleus [GO:0005634]	65.0
Polyketide	U4/U6 x U5 tri-snRNP complex [GO:0046540]	65.0
Polyketide	catalytic step 2 spliceosome [GO:0071013]	65.0
Polyketide	cell body [GO:0044297]	25.77
Polyketide	actin filament [GO:0005884]	25.77
Polyketide	skeletal muscle myofibril [GO:0098723]	25.77
Polyketide	stress fiber [GO:0001725]	25.77
Polyketide	filamentous actin [GO:0031941]	25.77
Polyketide	actin filament bundle [GO:0032432]	25.77
Polyketide	lamellipodium [GO:0030027]	25.77
Polyketide	striated muscle thin filament [GO:0005865]	25.77
Polyketide	cytoplasm [GO:0005737]	25.77
Polyketide	filopodium [GO:0030175]	25.77
Polyketide	extracellular region [GO:0005576]	27.57
Polyketide	host cell cytoplasm [GO:0030430]	27.57
Polyketide	peroxisomal matrix [GO:0005782]	38.82
Polyketide	peroxisome [GO:0005777]	38.82
Polyketide	cytosol [GO:0005829]	38.82
Polyketide	extracellular exosome [GO:0070062]	38.82
Polyketide	proton-transporting ATP synthase complex, catalytic core F(1) [GO:0045261]	1.75
Polyketide	mitochondrial proton-transporting ATP synthase complex [GO:0005753]	1.75
Polyketide	extracellular space [GO:0005615]	27.0
Polyketide	azurophil granule lumen [GO:0035578]	27.0
Polyketide	extracellular region [GO:0005576]	27.0
Polyketide	extracellular exosome [GO:0070062]	27.0
Polyketide	protein-containing complex [GO:0032991]	62.15
Polyketide	endocytic vesicle membrane [GO:0030666]	62.15
Polyketide	cytosol [GO:0005829]	62.15
Polyketide	transcription repressor complex [GO:0017053]	62.15
Polyketide	nucleoplasm [GO:0005654]	62.15
Polyketide	plasma membrane [GO:0005886]	62.15
Polyketide	nucleus [GO:0005634]	62.15
Polyketide	cytoplasm [GO:0005737]	62.15
Polyketide	nucleolus [GO:0005730]	62.15
Polyketide	plasma membrane [GO:0005886]	87.8
Polyketide	calcium channel complex [GO:0034704]	87.8
Polyketide	nucleus [GO:0005634]	42.61
Polyketide	nucleolus [GO:0005730]	42.61
Polyketide	node of Ranvier [GO:0033268]	68.14
Polyketide	synapse [GO:0045202]	68.14
Polyketide	plasma membrane [GO:0005886]	68.14
Polyketide	axon initial segment [GO:0043194]	68.14
Polyketide	voltage-gated potassium channel complex [GO:0008076]	68.14
Polyketide	pericentric heterochromatin [GO:0005721]	43.6
Polyketide	endoplasmic reticulum [GO:0005783]	43.6
Polyketide	intracellular membrane-bounded organelle [GO:0043231]	43.6
Polyketide	nucleoplasm [GO:0005654]	43.6
Polyketide	site of DNA damage [GO:0090734]	43.6
Polyketide	chromatin [GO:0000785]	43.6
Polyketide	nucleus [GO:0005634]	43.6
Polyketide	site of double-strand break [GO:0035861]	43.6
Polyketide	chromosome, subtelomeric region [GO:0099115]	43.6
Polyketide	node of Ranvier [GO:0033268]	53.12
Polyketide	synapse [GO:0045202]	53.12
Polyketide	plasma membrane [GO:0005886]	53.12
Polyketide	axon initial segment [GO:0043194]	53.12
Polyketide	voltage-gated potassium channel complex [GO:0008076]	53.12
Polyketide	nucleus [GO:0005634]	24.92
Polyketide	cytoplasm [GO:0005737]	24.92
Polyketide	nucleoplasm [GO:0005654]	60.9
Polyketide	nucleus [GO:0005634]	60.9
Polyketide	nuclear body [GO:0016604]	60.9
Polyketide	chromatin [GO:0000785]	60.9
Polyketide	focal adhesion [GO:0005925]	23.1
Polyketide	cytosol [GO:0005829]	23.1
Polyketide	extracellular exosome [GO:0070062]	23.1
Polyketide	membrane [GO:0016020]	23.1
Polyketide	presynapse [GO:0098793]	23.1
Polyketide	cytoplasm [GO:0005737]	23.1
Polyketide	cytoplasm [GO:0005737]	19.76
Polyketide	extracellular region [GO:0005576]	30.0
Polyketide	extracellular exosome [GO:0070062]	30.0
Polyketide	azurophil granule lumen [GO:0035578]	30.0
Polyketide	extracellular space [GO:0005615]	30.0
Polyketide	extracellular region [GO:0005576]	33.83
Polyketide	extracellular exosome [GO:0070062]	33.83
Polyketide	azurophil granule lumen [GO:0035578]	33.83
Polyketide	extracellular space [GO:0005615]	33.83
Polyketide	mitochondrial proton-transporting ATP synthase complex [GO:0005753]	89.5
Polyketide	cytosol [GO:0005829]	89.5
Polyketide	mitochondrial proton-transporting ATP synthase complex, coupling factor F(o) [GO:0000276]	89.5
Polyketide	mitochondrion [GO:0005739]	89.5
Polyketide	mitochondrial intermembrane space [GO:0005758]	89.5
Polyketide	mitochondrial inner membrane [GO:0005743]	89.5
Polyketide	dendrite [GO:0030425]	28.48
Polyketide	perinuclear region of cytoplasm [GO:0048471]	28.48
Polyketide	apical plasma membrane [GO:0016324]	28.48
Polyketide	cytosol [GO:0005829]	28.48
Polyketide	cilium [GO:0005929]	28.48
Polyketide	mitochondrion [GO:0005739]	28.48
Polyketide	astrocyte end-foot [GO:0097450]	28.48
Polyketide	extracellular region [GO:0005576]	28.48
Polyketide	basal part of cell [GO:0045178]	28.48
Polyketide	cytoskeleton [GO:0005856]	28.48
Polyketide	nucleus [GO:0005634]	28.48
Polyketide	cytoplasm [GO:0005737]	28.48
Polyketide	central region of growth cone [GO:0090724]	28.48
Polyketide	neuronal cell body [GO:0043025]	28.48
Polyketide	focal adhesion [GO:0005925]	22.52
Polyketide	tertiary granule membrane [GO:0070821]	22.52
Polyketide	extracellular exosome [GO:0070062]	22.52
Polyketide	plasma membrane [GO:0005886]	22.52
Polyketide	protein complex involved in cell-matrix adhesion [GO:0098637]	22.52
Polyketide	serine protease inhibitor complex [GO:0097180]	22.52
Polyketide	extracellular region [GO:0005576]	22.52
Polyketide	specific granule membrane [GO:0035579]	22.52
Polyketide	extracellular space [GO:0005615]	22.52
Polyketide	external side of plasma membrane [GO:0009897]	22.52
Polyketide	cell surface [GO:0009986]	22.52
Polyketide	serine-type endopeptidase complex [GO:1905370]	22.52
Polyketide	protein-DNA complex [GO:0032993]	49.04
Polyketide	nucleus [GO:0005634]	30.23
Polyketide	cytoplasm [GO:0005737]	30.23
Polyketide	cytosol [GO:0005829]	30.23
Polyketide	plasma membrane [GO:0005886]	39.6
Polyketide	proton-transporting ATP synthase complex, coupling factor F(o) [GO:0045263]	39.6
Polyketide	plasma membrane [GO:0005886]	48.62
Polyketide	proton-transporting ATP synthase complex, coupling factor F(o) [GO:0045263]	48.62
Polyketide	nucleoplasm [GO:0005654]	22.9
Polyketide	nucleus [GO:0005634]	22.9
Polyketide	cytoplasm [GO:0005737]	22.9
Polyketide	host cell PML body [GO:0075341]	14.5
Polyketide	intracellular membrane-bounded organelle [GO:0043231]	66.64
Polyketide	nucleoplasm [GO:0005654]	66.64
Polyketide	mitochondrion [GO:0005739]	66.64
Polyketide	chromatin [GO:0000785]	66.64
Polyketide	nucleus [GO:0005634]	66.64
Polyketide	protein-DNA complex [GO:0032993]	45.15
Polyketide	protein-containing complex [GO:0032991]	55.96
Polyketide	cytosol [GO:0005829]	55.96
Polyketide	nucleoplasm [GO:0005654]	55.96
Polyketide	membrane [GO:0016020]	55.96
Polyketide	plasma membrane [GO:0005886]	55.96
Polyketide	euchromatin [GO:0000791]	55.96
Polyketide	chromatin [GO:0000785]	55.96
Polyketide	transcription regulator complex [GO:0005667]	55.96
Polyketide	nucleus [GO:0005634]	55.96
Polyketide	cytoplasm [GO:0005737]	55.96
Polyketide	Golgi apparatus [GO:0005794]	55.96
Polyketide	nucleoplasm [GO:0005654]	58.97
Polyketide	chromatin [GO:0000785]	58.97
Polyketide	ribonucleoprotein complex [GO:1990904]	29.7
Polyketide	cytosol [GO:0005829]	29.7
Polyketide	ubiquitin ligase complex [GO:0000151]	29.7
Polyketide	nucleoplasm [GO:0005654]	29.7
Polyketide	cytoskeleton [GO:0005856]	29.7
Polyketide	nucleus [GO:0005634]	29.7
Polyketide	cytoplasm [GO:0005737]	29.7
Polyketide	melanosome [GO:0042470]	86.77
Polyketide	axonal growth cone [GO:0044295]	86.77
Polyketide	cell body [GO:0044297]	86.77
Polyketide	endomembrane system [GO:0012505]	86.77
Polyketide	lamellipodium [GO:0030027]	86.77
Polyketide	growth cone membrane [GO:0032584]	86.77
Polyketide	plasma membrane [GO:0005886]	86.77
Polyketide	axon [GO:0030424]	86.77
Polyketide	cell surface [GO:0009986]	86.77
Polyketide	membrane [GO:0016020]	31.56
Polyketide	clathrin-sculpted monoamine transport vesicle membrane [GO:0070083]	31.56
Polyketide	terminal bouton [GO:0043195]	31.56
Polyketide	centrosome [GO:0005813]	31.56
Polyketide	plasma membrane [GO:0005886]	31.56
Polyketide	intracellular membrane-bounded organelle [GO:0043231]	31.56
Polyketide	dendrite [GO:0030425]	31.56
Polyketide	dopaminergic synapse [GO:0098691]	31.56
Polyketide	secretory granule membrane [GO:0030667]	31.56
Polyketide	synaptic vesicle membrane [GO:0030672]	31.56
Polyketide	axon [GO:0030424]	31.56
Polyketide	synaptic vesicle [GO:0008021]	31.56
Polyketide	extracellular space [GO:0005615]	12.45
Polyketide	serine protease inhibitor complex [GO:0097180]	12.45
Polyketide	cell body [GO:0044297]	2.74
Polyketide	actin filament [GO:0005884]	2.74
Polyketide	skeletal muscle myofibril [GO:0098723]	2.74
Polyketide	stress fiber [GO:0001725]	2.74
Polyketide	filamentous actin [GO:0031941]	2.74
Polyketide	actin filament bundle [GO:0032432]	2.74
Polyketide	lamellipodium [GO:0030027]	2.74
Polyketide	striated muscle thin filament [GO:0005865]	2.74
Polyketide	cytoplasm [GO:0005737]	2.74
Polyketide	filopodium [GO:0030175]	2.74
Polyketide	aggresome [GO:0016235]	44.36
Polyketide	cell projection [GO:0042995]	44.36
Polyketide	secretory granule membrane [GO:0030667]	44.36
Polyketide	ficolin-1-rich granule membrane [GO:0101003]	44.36
Polyketide	tertiary granule membrane [GO:0070821]	44.36
Polyketide	extracellular exosome [GO:0070062]	44.36
Polyketide	plasma membrane [GO:0005886]	44.36
Polyketide	membrane [GO:0016020]	44.36
Polyketide	specific granule membrane [GO:0035579]	44.36
Polyketide	perikaryon [GO:0043204]	44.36
Polyketide	chromosome [GO:0005694]	22.96
Polyketide	cytoplasm [GO:0005737]	22.96
Polyketide	RSC-type complex [GO:0016586]	55.31
Polyketide	kinetochore [GO:0000776]	55.31
Polyketide	SWI/SNF complex [GO:0016514]	55.31
Polyketide	nucleoplasm [GO:0005654]	55.31
Polyketide	nuclear matrix [GO:0016363]	55.31
Polyketide	chromatin [GO:0000785]	55.31
Polyketide	nuclear chromosome [GO:0000228]	55.31
Polyketide	nucleus [GO:0005634]	55.31
Polyketide	proton-transporting ATP synthase complex, catalytic core F(1) [GO:0045261]	47.0
Polyketide	membrane raft [GO:0045121]	62.55
Polyketide	endosome membrane [GO:0010008]	62.55
Polyketide	plasma membrane [GO:0005886]	62.55
Polyketide	extracellular space [GO:0005615]	62.55
Polyketide	external side of plasma membrane [GO:0009897]	62.55
Polyketide	protein-containing complex [GO:0032991]	57.75
Polyketide	cytosol [GO:0005829]	57.75
Polyketide	nucleoplasm [GO:0005654]	57.75
Polyketide	membrane [GO:0016020]	57.75
Polyketide	plasma membrane [GO:0005886]	57.75
Polyketide	euchromatin [GO:0000791]	57.75
Polyketide	chromatin [GO:0000785]	57.75
Polyketide	transcription regulator complex [GO:0005667]	57.75
Polyketide	nucleus [GO:0005634]	57.75
Polyketide	cytoplasm [GO:0005737]	57.75
Polyketide	Golgi apparatus [GO:0005794]	57.75
Polyketide	endoplasmic reticulum lumen [GO:0005788]	36.23
Polyketide	endoplasmic reticulum [GO:0005783]	36.23
Polyketide	cytosol [GO:0005829]	36.23
Polyketide	lipid droplet [GO:0005811]	36.23
Polyketide	cytoplasm [GO:0005737]	36.23
Polyketide	chloride channel complex [GO:0034707]	52.58
Polyketide	postsynaptic membrane [GO:0045211]	52.58
Polyketide	perikaryon [GO:0043204]	52.58
Polyketide	membrane [GO:0016020]	52.58
Polyketide	plasma membrane [GO:0005886]	52.58
Polyketide	dendrite [GO:0030425]	52.58
Polyketide	neuron projection [GO:0043005]	52.58
Polyketide	synapse [GO:0045202]	52.58
Polyketide	plasma membrane [GO:0005886]	5.53
Polyketide	DNA-directed RNA polymerase complex [GO:0000428]	5.53
Polyketide	cytosol [GO:0005829]	5.53
Polyketide	peptidoglycan-based cell wall [GO:0009274]	5.53
Polyketide	protein-containing complex [GO:0032991]	24.8
Polyketide	endocytic vesicle membrane [GO:0030666]	24.8
Polyketide	cytosol [GO:0005829]	24.8
Polyketide	transcription repressor complex [GO:0017053]	24.8
Polyketide	nucleoplasm [GO:0005654]	24.8
Polyketide	plasma membrane [GO:0005886]	24.8
Polyketide	nucleus [GO:0005634]	24.8
Polyketide	cytoplasm [GO:0005737]	24.8
Polyketide	nucleolus [GO:0005730]	24.8
Polyketide	cell body [GO:0044297]	10.86
Polyketide	actin filament [GO:0005884]	10.86
Polyketide	skeletal muscle myofibril [GO:0098723]	10.86
Polyketide	stress fiber [GO:0001725]	10.86
Polyketide	filamentous actin [GO:0031941]	10.86
Polyketide	actin filament bundle [GO:0032432]	10.86
Polyketide	lamellipodium [GO:0030027]	10.86
Polyketide	striated muscle thin filament [GO:0005865]	10.86
Polyketide	cytoplasm [GO:0005737]	10.86
Polyketide	filopodium [GO:0030175]	10.86
Polyketide	microtubule [GO:0005874]	11.86
Polyketide	cytoplasm [GO:0005737]	11.86
Polyketide	microtubule cytoskeleton [GO:0015630]	11.86
Polyketide	cytosol [GO:0005829]	11.86
Polyketide	plasma membrane [GO:0005886]	51.67
Polyketide	peptidoglycan-based cell wall [GO:0009274]	51.67
Polyketide	intracellular membrane-bounded organelle [GO:0043231]	65.8
Polyketide	nucleoplasm [GO:0005654]	65.8
Polyketide	mitochondrion [GO:0005739]	65.8
Polyketide	chromatin [GO:0000785]	65.8
Polyketide	nucleus [GO:0005634]	65.8
Polyketide	microtubule [GO:0005874]	16.47
Polyketide	cytoplasm [GO:0005737]	16.47
Polyketide	extracellular space [GO:0005615]	36.3
Polyketide	azurophil granule lumen [GO:0035578]	36.3
Polyketide	extracellular region [GO:0005576]	36.3
Polyketide	extracellular exosome [GO:0070062]	36.3
Polyketide	intracellular membrane-bounded organelle [GO:0043231]	64.16
Polyketide	nucleoplasm [GO:0005654]	64.16
Polyketide	mitochondrion [GO:0005739]	64.16
Polyketide	chromatin [GO:0000785]	64.16
Polyketide	nucleus [GO:0005634]	64.16
Polyketide	outer membrane-bounded periplasmic space [GO:0030288]	44.74
Polyketide	intracellular membrane-bounded organelle [GO:0043231]	58.43
Polyketide	endoplasmic reticulum membrane [GO:0005789]	58.43
Polyketide	cytoplasm [GO:0005737]	58.43
Polyketide	cytoplasmic microtubule [GO:0005881]	58.43
Polyketide	cell body [GO:0044297]	57.65
Polyketide	actin filament [GO:0005884]	57.65
Polyketide	skeletal muscle myofibril [GO:0098723]	57.65
Polyketide	stress fiber [GO:0001725]	57.65
Polyketide	filamentous actin [GO:0031941]	57.65
Polyketide	actin filament bundle [GO:0032432]	57.65
Polyketide	lamellipodium [GO:0030027]	57.65
Polyketide	striated muscle thin filament [GO:0005865]	57.65
Polyketide	cytoplasm [GO:0005737]	57.65
Polyketide	filopodium [GO:0030175]	57.65
Polyketide	mitochondrial proton-transporting ATP synthase complex [GO:0005753]	64.83
Polyketide	cytosol [GO:0005829]	64.83
Polyketide	mitochondrial proton-transporting ATP synthase complex, coupling factor F(o) [GO:0000276]	64.83
Polyketide	mitochondrion [GO:0005739]	64.83
Polyketide	mitochondrial intermembrane space [GO:0005758]	64.83
Polyketide	mitochondrial inner membrane [GO:0005743]	64.83
Polyketide	DNA-directed RNA polymerase complex [GO:0000428]	14.29
Polyketide	cortical actin cytoskeleton [GO:0030864]	11.54
Polyketide	extracellular matrix [GO:0031012]	11.54
Polyketide	myosin II complex [GO:0016460]	11.54
Polyketide	cell cortex [GO:0005938]	11.54
Polyketide	cytoplasm [GO:0005737]	11.54
Polyketide	cleavage furrow [GO:0032154]	11.54
Polyketide	pathogen-containing vacuole [GO:0140220]	11.54
Polyketide	phagocytic cup base [GO:0097204]	11.54
Polyketide	myosin filament [GO:0032982]	11.54
Polyketide	early phagosome [GO:0032009]	11.54
Polyketide	uropod [GO:0001931]	11.54
Polyketide	cytosol [GO:0005829]	11.54
Polyketide	equatorial cell cortex [GO:1990753]	11.54
Polyketide	apical cortex [GO:0045179]	11.54
Polyketide	cytoplasmic vesicle [GO:0031410]	11.54
Polyketide	actomyosin contractile ring [GO:0005826]	11.54
Polyketide	pseudopodium [GO:0031143]	11.54
Polyketide	actomyosin [GO:0042641]	11.54
Polyketide	cell trailing edge [GO:0031254]	11.54
Polyketide	cytoskeleton [GO:0005856]	11.54
Polyketide	intracellular membrane-bounded organelle [GO:0043231]	38.71
Polyketide	endoplasmic reticulum membrane [GO:0005789]	38.71
Polyketide	mitochondrion [GO:0005739]	38.71
Polyketide	pore complex [GO:0046930]	14.54
Polyketide	cell outer membrane [GO:0009279]	14.54
Polyketide	membrane [GO:0016020]	33.5
Polyketide	Z disc [GO:0030018]	33.5
Polyketide	photoreceptor inner segment [GO:0001917]	33.5
Polyketide	extracellular exosome [GO:0070062]	33.5
Polyketide	cytosol [GO:0005829]	33.5
Polyketide	sarcolemma [GO:0042383]	33.5
Polyketide	basolateral plasma membrane [GO:0016323]	33.5
Polyketide	Golgi membrane [GO:0000139]	33.5
Polyketide	female germ cell nucleus [GO:0001674]	33.5
Polyketide	intercalated disc [GO:0014704]	33.5
Polyketide	glucose transporter complex [GO:1990350]	33.5
Polyketide	midbody [GO:0030496]	33.5
Polyketide	melanosome [GO:0042470]	33.5
Polyketide	apical plasma membrane [GO:0016324]	33.5
Polyketide	caveola [GO:0005901]	33.5
Polyketide	plasma membrane [GO:0005886]	33.5
Polyketide	presynapse [GO:0098793]	33.5
Polyketide	blood microparticle [GO:0072562]	33.5
Polyketide	cortical actin cytoskeleton [GO:0030864]	33.5
Polyketide	female pronucleus [GO:0001939]	33.5
Polyketide	plasma membrane [GO:0005886]	24.79
Polyketide	periplasmic side of plasma membrane [GO:0098567]	24.79
Polyketide	membrane [GO:0016020]	24.79
Polyketide	outer membrane-bounded periplasmic space [GO:0030288]	24.79
Polyketide	efflux pump complex [GO:1990281]	24.79
Polyketide	histone deacetylase complex [GO:0000118]	23.15
Polyketide	protein-containing complex [GO:0032991]	63.32
Polyketide	cytosol [GO:0005829]	63.32
Polyketide	nucleoplasm [GO:0005654]	63.32
Polyketide	membrane [GO:0016020]	63.32
Polyketide	plasma membrane [GO:0005886]	63.32
Polyketide	euchromatin [GO:0000791]	63.32
Polyketide	chromatin [GO:0000785]	63.32
Polyketide	transcription regulator complex [GO:0005667]	63.32
Polyketide	nucleus [GO:0005634]	63.32
Polyketide	cytoplasm [GO:0005737]	63.32
Polyketide	Golgi apparatus [GO:0005794]	63.32
Polyketide	plasma membrane [GO:0005886]	50.11
Polyketide	proton-transporting ATP synthase complex, coupling factor F(o) [GO:0045263]	50.11
Polyketide	cytosol [GO:0005829]	25.09
Polyketide	nucleoplasm [GO:0005654]	25.09
Polyketide	synapse [GO:0045202]	25.09
Polyketide	mitochondrion [GO:0005739]	25.09
Polyketide	nucleus [GO:0005634]	25.09
Polyketide	axon [GO:0030424]	25.09
Polyketide	basal dendrite [GO:0097441]	25.09
Polyketide	cytoplasm [GO:0005737]	25.09
Polyketide	maltose transport complex [GO:1990060]	69.5
Polyketide	outer membrane-bounded periplasmic space [GO:0030288]	69.5
Polyketide	cytoplasm [GO:0005737]	69.5
Polyketide	sarcoplasmic reticulum membrane [GO:0033017]	69.5
Polyketide	cytoplasmic side of membrane [GO:0098562]	69.5
Polyketide	cytosol [GO:0005829]	69.5
Polyketide	Z disc [GO:0030018]	69.5
Polyketide	sarcoplasmic reticulum [GO:0016529]	69.5
Polyketide	terminal cisterna [GO:0014802]	69.5
Polyketide	membrane [GO:0016020]	69.5
Polyketide	ATP-binding cassette (ABC) transporter complex [GO:0043190]	69.5
Polyketide	ryanodine receptor complex [GO:1990425]	69.5
Polyketide	periplasmic space [GO:0042597]	69.5
Polyketide	ATP-binding cassette (ABC) transporter complex, substrate-binding subunit-containing [GO:0055052]	69.5
Polyketide	host cell nucleus [GO:0042025]	14.87
Polyketide	host cell plasma membrane [GO:0020002]	14.87
Polyketide	membrane [GO:0016020]	14.87
Polyketide	viral nucleocapsid [GO:0019013]	14.87
Polyketide	host multivesicular body [GO:0072494]	14.87
Polyketide	virion membrane [GO:0055036]	14.87
Polyketide	plasma membrane [GO:0005886]	58.57
Polyketide	proton-transporting ATP synthase complex, coupling factor F(o) [GO:0045263]	58.57
Polyketide	cytosol [GO:0005829]	42.36
Polyketide	mitochondrion [GO:0005739]	42.36
Polyketide	mitochondrial intermembrane space [GO:0005758]	42.36
Polyketide	mitochondrial matrix [GO:0005759]	42.36
Polyketide	nucleus [GO:0005634]	42.36
Polyketide	calcium channel complex [GO:0034704]	43.68
Polyketide	voltage-gated calcium channel complex [GO:0005891]	43.68
Polyketide	perinuclear region of cytoplasm [GO:0048471]	43.68
Polyketide	apical plasma membrane [GO:0016324]	43.68
Polyketide	cytosol [GO:0005829]	43.68
Polyketide	plasma membrane [GO:0005886]	43.68
Polyketide	membrane [GO:0016020]	43.68
Polyketide	nucleus [GO:0005634]	43.68
Polyketide	microtubule organizing center [GO:0005815]	43.68
Polyketide	microtubule [GO:0005874]	9.59
Polyketide	cytoplasm [GO:0005737]	9.59
Polyketide	microtubule cytoskeleton [GO:0015630]	9.59
Polyketide	proton-transporting V-type ATPase complex [GO:0033176]	72.5
Polyketide	vacuolar proton-transporting V-type ATPase, V0 domain [GO:0000220]	72.5
Polyketide	Golgi membrane [GO:0000139]	72.5
Polyketide	membrane [GO:0016020]	72.5
Polyketide	vacuolar proton-transporting V-type ATPase complex [GO:0016471]	72.5
Polyketide	fungal-type vacuole membrane [GO:0000329]	72.5
Polyketide	protein-containing complex [GO:0032991]	57.78
Polyketide	endocytic vesicle membrane [GO:0030666]	57.78
Polyketide	cytosol [GO:0005829]	57.78
Polyketide	transcription repressor complex [GO:0017053]	57.78
Polyketide	nucleoplasm [GO:0005654]	57.78
Polyketide	plasma membrane [GO:0005886]	57.78
Polyketide	nucleus [GO:0005634]	57.78
Polyketide	cytoplasm [GO:0005737]	57.78
Polyketide	nucleolus [GO:0005730]	57.78
Polyketide	nuclear lumen [GO:0031981]	10.92
Polyketide	ciliary plasm [GO:0097014]	10.92
Polyketide	cytoplasm [GO:0005737]	10.92
Polyketide	cytosol [GO:0005829]	10.92
Polyketide	proton-transporting V-type ATPase complex [GO:0033176]	69.7
Polyketide	vacuolar proton-transporting V-type ATPase, V0 domain [GO:0000220]	69.7
Polyketide	Golgi membrane [GO:0000139]	69.7
Polyketide	fungal-type vacuole [GO:0000324]	69.7
Polyketide	membrane [GO:0016020]	69.7
Polyketide	cell periphery [GO:0071944]	69.7
Polyketide	vacuolar proton-transporting V-type ATPase complex [GO:0016471]	69.7
Polyketide	fungal-type vacuole membrane [GO:0000329]	69.7
Polyketide	plasma membrane [GO:0005886]	27.79
Polyketide	periplasmic side of plasma membrane [GO:0098567]	27.79
Polyketide	membrane [GO:0016020]	27.79
Polyketide	outer membrane-bounded periplasmic space [GO:0030288]	27.79
Polyketide	efflux pump complex [GO:1990281]	27.79
Polyketide	nuclear envelope [GO:0005635]	36.42
Polyketide	perinuclear region of cytoplasm [GO:0048471]	36.42
Polyketide	cytosol [GO:0005829]	36.42
Polyketide	pericentriolar material [GO:0000242]	36.42
Polyketide	Golgi membrane [GO:0000139]	36.42
Polyketide	chromosome, telomeric region [GO:0000781]	36.42
Polyketide	nucleus [GO:0005634]	36.42
Polyketide	cytoplasm [GO:0005737]	36.42
Polyketide	intracellular membrane-bounded organelle [GO:0043231]	43.5
Polyketide	endoplasmic reticulum membrane [GO:0005789]	43.5
Polyketide	cytoplasm [GO:0005737]	24.46
Polyketide	microtubule [GO:0005874]	24.46
Polyketide	microtubule cytoskeleton [GO:0015630]	24.46
Polyketide	extracellular space [GO:0005615]	34.25
Polyketide	azurophil granule lumen [GO:0035578]	34.25
Polyketide	extracellular region [GO:0005576]	34.25
Polyketide	extracellular exosome [GO:0070062]	34.25
Polyketide	dendrite [GO:0030425]	32.62
Polyketide	PML body [GO:0016605]	32.62
Polyketide	nuclear envelope [GO:0005635]	32.62
Polyketide	lysosome [GO:0005764]	32.62
Polyketide	endomembrane system [GO:0012505]	32.62
Polyketide	mitochondrial outer membrane [GO:0005741]	32.62
Polyketide	cytosol [GO:0005829]	32.62
Polyketide	Golgi membrane [GO:0000139]	32.62
Polyketide	nucleoplasm [GO:0005654]	32.62
Polyketide	endoplasmic reticulum membrane [GO:0005789]	32.62
Polyketide	membrane [GO:0016020]	32.62
Polyketide	TORC1 complex [GO:0031931]	32.62
Polyketide	nucleus [GO:0005634]	32.62
Polyketide	TORC2 complex [GO:0031932]	32.62
Polyketide	lysosomal membrane [GO:0005765]	32.62
Polyketide	cytoplasm [GO:0005737]	32.62
Polyketide	phagocytic vesicle [GO:0045335]	32.62
Polyketide	nucleus [GO:0005634]	27.47
Polyketide	cytosol [GO:0005829]	27.47
Polyketide	protein kinase CK2 complex [GO:0005956]	27.47
Polyketide	mitochondrial proton-transporting ATP synthase complex [GO:0005753]	67.36
Polyketide	cytosol [GO:0005829]	67.36
Polyketide	mitochondrial proton-transporting ATP synthase complex, coupling factor F(o) [GO:0000276]	67.36
Polyketide	mitochondrion [GO:0005739]	67.36
Polyketide	mitochondrial intermembrane space [GO:0005758]	67.36
Polyketide	mitochondrial inner membrane [GO:0005743]	67.36
Polyketide	postsynaptic density [GO:0014069]	23.21
Polyketide	glutamatergic synapse [GO:0098978]	23.21
Polyketide	plasma membrane [GO:0005886]	23.21
Polyketide	DAPK1-calmodulin complex [GO:1990722]	23.21
Polyketide	actin cytoskeleton [GO:0015629]	23.21
Polyketide	nucleus [GO:0005634]	23.21
Polyketide	cytoplasm [GO:0005737]	23.21
Polyketide	node of Ranvier [GO:0033268]	91.67
Polyketide	synapse [GO:0045202]	91.67
Polyketide	plasma membrane [GO:0005886]	91.67
Polyketide	axon initial segment [GO:0043194]	91.67
Polyketide	voltage-gated potassium channel complex [GO:0008076]	91.67
Polyketide	plasma membrane [GO:0005886]	19.08
Polyketide	DNA-directed RNA polymerase complex [GO:0000428]	19.08
Polyketide	cytosol [GO:0005829]	19.08
Polyketide	peptidoglycan-based cell wall [GO:0009274]	19.08
Polyketide	cytoplasm [GO:0005737]	31.33
Polyketide	chloroplast stroma [GO:0009570]	57.23
Polyketide	endoplasmic reticulum [GO:0005783]	57.23
Polyketide	chloroplast [GO:0009507]	57.23
Polyketide	cytosol [GO:0005829]	57.23
Polyketide	intracellular membrane-bounded organelle [GO:0043231]	57.23
Polyketide	plasma membrane [GO:0005886]	57.23
Polyketide	apoplast [GO:0048046]	57.23
Polyketide	plasmodesma [GO:0009506]	57.23
Polyketide	plant-type vacuole [GO:0000325]	57.23
Polyketide	endoplasmic reticulum lumen [GO:0005788]	44.86
Polyketide	protein-containing complex [GO:0032991]	44.86
Polyketide	endoplasmic reticulum [GO:0005783]	44.86
Polyketide	extracellular exosome [GO:0070062]	44.86
Polyketide	blood microparticle [GO:0072562]	44.86
Polyketide	platelet alpha granule lumen [GO:0031093]	44.86
Polyketide	extracellular region [GO:0005576]	44.86
Polyketide	extracellular space [GO:0005615]	44.86
Polyketide	nucleus [GO:0005634]	44.86
Polyketide	cytoplasm [GO:0005737]	44.86
Polyketide	Golgi apparatus [GO:0005794]	44.86
Polyketide	dendrite [GO:0030425]	26.23
Polyketide	PML body [GO:0016605]	26.23
Polyketide	nuclear envelope [GO:0005635]	26.23
Polyketide	lysosome [GO:0005764]	26.23
Polyketide	endomembrane system [GO:0012505]	26.23
Polyketide	mitochondrial outer membrane [GO:0005741]	26.23
Polyketide	cytosol [GO:0005829]	26.23
Polyketide	Golgi membrane [GO:0000139]	26.23
Polyketide	nucleoplasm [GO:0005654]	26.23
Polyketide	endoplasmic reticulum membrane [GO:0005789]	26.23
Polyketide	membrane [GO:0016020]	26.23
Polyketide	TORC1 complex [GO:0031931]	26.23
Polyketide	nucleus [GO:0005634]	26.23
Polyketide	TORC2 complex [GO:0031932]	26.23
Polyketide	lysosomal membrane [GO:0005765]	26.23
Polyketide	cytoplasm [GO:0005737]	26.23
Polyketide	phagocytic vesicle [GO:0045335]	26.23
Polyketide	extracellular space [GO:0005615]	33.83
Polyketide	azurophil granule lumen [GO:0035578]	33.83
Polyketide	extracellular region [GO:0005576]	33.83
Polyketide	extracellular exosome [GO:0070062]	33.83
Polyketide	protein-containing complex [GO:0032991]	67.19
Polyketide	cytosol [GO:0005829]	67.19
Polyketide	nucleoplasm [GO:0005654]	67.19
Polyketide	membrane [GO:0016020]	67.19
Polyketide	plasma membrane [GO:0005886]	67.19
Polyketide	euchromatin [GO:0000791]	67.19
Polyketide	chromatin [GO:0000785]	67.19
Polyketide	transcription regulator complex [GO:0005667]	67.19
Polyketide	nucleus [GO:0005634]	67.19
Polyketide	cytoplasm [GO:0005737]	67.19
Polyketide	Golgi apparatus [GO:0005794]	67.19
Polyketide	cytoplasm [GO:0005737]	32.5
Polyketide	microtubule [GO:0005874]	20.19
Polyketide	cytoplasm [GO:0005737]	20.19
Polyketide	host cell endoplasmic reticulum membrane [GO:0044167]	8.29
Polyketide	host cell Golgi apparatus [GO:0044177]	8.29
Polyketide	host cell endosome [GO:0044174]	8.29
Polyketide	membrane [GO:0016020]	8.29
Polyketide	double membrane vesicle viral factory outer membrane [GO:0062243]	8.29
Polyketide	host cell perinuclear region of cytoplasm [GO:0044220]	8.29
Polyketide	protein-containing complex [GO:0032991]	59.95
Polyketide	cytosol [GO:0005829]	59.95
Polyketide	nucleoplasm [GO:0005654]	59.95
Polyketide	membrane [GO:0016020]	59.95
Polyketide	plasma membrane [GO:0005886]	59.95
Polyketide	euchromatin [GO:0000791]	59.95
Polyketide	chromatin [GO:0000785]	59.95
Polyketide	transcription regulator complex [GO:0005667]	59.95
Polyketide	nucleus [GO:0005634]	59.95
Polyketide	cytoplasm [GO:0005737]	59.95
Polyketide	Golgi apparatus [GO:0005794]	59.95
Polyketide	cytosol [GO:0005829]	33.73
Polyketide	extracellular exosome [GO:0070062]	33.73
Polyketide	protein-containing complex [GO:0032991]	62.17
Polyketide	cytosol [GO:0005829]	62.17
Polyketide	nucleoplasm [GO:0005654]	62.17
Polyketide	membrane [GO:0016020]	62.17
Polyketide	plasma membrane [GO:0005886]	62.17
Polyketide	euchromatin [GO:0000791]	62.17
Polyketide	chromatin [GO:0000785]	62.17
Polyketide	transcription regulator complex [GO:0005667]	62.17
Polyketide	nucleus [GO:0005634]	62.17
Polyketide	cytoplasm [GO:0005737]	62.17
Polyketide	Golgi apparatus [GO:0005794]	62.17
Polyketide	vesicle [GO:0031982]	23.5
Polyketide	cytoplasm [GO:0005737]	23.5
Polyketide	secretory granule lumen [GO:0034774]	23.5
Polyketide	cytosol [GO:0005829]	23.5
Polyketide	ficolin-1-rich granule lumen [GO:1904813]	23.5
Polyketide	extracellular exosome [GO:0070062]	23.5
Polyketide	nucleoplasm [GO:0005654]	23.5
Polyketide	plasma membrane [GO:0005886]	23.5
Polyketide	extracellular region [GO:0005576]	23.5
Polyketide	extracellular space [GO:0005615]	23.5
Polyketide	cell surface [GO:0009986]	23.5
Polyketide	voltage-gated sodium channel complex [GO:0001518]	54.29
Polyketide	axon [GO:0030424]	54.29
Polyketide	plasma membrane [GO:0005886]	54.29
Polyketide	voltage-gated calcium channel complex [GO:0005891]	54.29
Polyketide	sarcoplasmic reticulum membrane [GO:0033017]	54.24
Polyketide	cytoplasmic side of membrane [GO:0098562]	54.24
Polyketide	cytosol [GO:0005829]	54.24
Polyketide	Z disc [GO:0030018]	54.24
Polyketide	sarcoplasmic reticulum [GO:0016529]	54.24
Polyketide	terminal cisterna [GO:0014802]	54.24
Polyketide	membrane [GO:0016020]	54.24
Polyketide	ryanodine receptor complex [GO:1990425]	54.24
Polyketide	cytoplasm [GO:0005737]	54.24
Polyketide	nuclear chromosome [GO:0000228]	26.0
Polyketide	histone deacetylase complex [GO:0000118]	26.0
Polyketide	cytoplasm [GO:0005737]	26.0
Polyketide	nucleoplasm [GO:0005654]	26.0
Polyketide	nucleus [GO:0005634]	26.0
Polyketide	cell body [GO:0044297]	2.6
Polyketide	actin filament [GO:0005884]	2.6
Polyketide	skeletal muscle myofibril [GO:0098723]	2.6
Polyketide	stress fiber [GO:0001725]	2.6
Polyketide	filamentous actin [GO:0031941]	2.6
Polyketide	actin filament bundle [GO:0032432]	2.6
Polyketide	lamellipodium [GO:0030027]	2.6
Polyketide	striated muscle thin filament [GO:0005865]	2.6
Polyketide	cytoplasm [GO:0005737]	2.6
Polyketide	filopodium [GO:0030175]	2.6
Polyketide	nuclear envelope [GO:0005635]	38.3
Polyketide	perinuclear region of cytoplasm [GO:0048471]	38.3
Polyketide	cytosol [GO:0005829]	38.3
Polyketide	pericentriolar material [GO:0000242]	38.3
Polyketide	Golgi membrane [GO:0000139]	38.3
Polyketide	chromosome, telomeric region [GO:0000781]	38.3
Polyketide	nucleus [GO:0005634]	38.3
Polyketide	cytoplasm [GO:0005737]	38.3
Polyketide	nuclear envelope [GO:0005635]	35.71
Polyketide	perinuclear region of cytoplasm [GO:0048471]	35.71
Polyketide	cytosol [GO:0005829]	35.71
Polyketide	pericentriolar material [GO:0000242]	35.71
Polyketide	Golgi membrane [GO:0000139]	35.71
Polyketide	chromosome, telomeric region [GO:0000781]	35.71
Polyketide	nucleus [GO:0005634]	35.71
Polyketide	cytoplasm [GO:0005737]	35.71
Polyketide	extracellular region [GO:0005576]	30.0
Polyketide	extracellular exosome [GO:0070062]	30.0
Polyketide	azurophil granule lumen [GO:0035578]	30.0
Polyketide	extracellular space [GO:0005615]	30.0
Polyketide	vesicle [GO:0031982]	30.25
Polyketide	cytoplasm [GO:0005737]	30.25
Polyketide	secretory granule lumen [GO:0034774]	30.25
Polyketide	cytosol [GO:0005829]	30.25
Polyketide	ficolin-1-rich granule lumen [GO:1904813]	30.25
Polyketide	extracellular exosome [GO:0070062]	30.25
Polyketide	nucleoplasm [GO:0005654]	30.25
Polyketide	plasma membrane [GO:0005886]	30.25
Polyketide	extracellular region [GO:0005576]	30.25
Polyketide	extracellular space [GO:0005615]	30.25
Polyketide	cell surface [GO:0009986]	30.25
Polyketide	extracellular region [GO:0005576]	36.3
Polyketide	extracellular exosome [GO:0070062]	36.3
Polyketide	azurophil granule lumen [GO:0035578]	36.3
Polyketide	extracellular space [GO:0005615]	36.3
Polyketide	endoplasmic reticulum [GO:0005783]	7.89
Polyketide	endoplasmic reticulum membrane [GO:0005789]	7.89
Polyketide	Ire1 complex [GO:1990332]	7.89
Polyketide	nucleus [GO:0005634]	7.89
Polyketide	IRE1-TRAF2-ASK1 complex [GO:1990604]	7.89
Polyketide	endoplasmic reticulum membrane [GO:0005789]	76.55
Polyketide	endoplasmic reticulum [GO:0005783]	76.55
Polyketide	cytoplasm [GO:0005737]	16.78
Polyketide	nucleus [GO:0005634]	33.64
Polyketide	cytoplasm [GO:0005737]	33.64
Polyketide	nucleoplasm [GO:0005654]	60.9
Polyketide	nucleus [GO:0005634]	60.9
Polyketide	nuclear body [GO:0016604]	60.9
Polyketide	chromatin [GO:0000785]	60.9
Polyketide	protein-DNA complex [GO:0032993]	46.88
Polyketide	focal adhesion [GO:0005925]	23.52
Polyketide	tertiary granule membrane [GO:0070821]	23.52
Polyketide	extracellular exosome [GO:0070062]	23.52
Polyketide	plasma membrane [GO:0005886]	23.52
Polyketide	protein complex involved in cell-matrix adhesion [GO:0098637]	23.52
Polyketide	serine protease inhibitor complex [GO:0097180]	23.52
Polyketide	extracellular region [GO:0005576]	23.52
Polyketide	specific granule membrane [GO:0035579]	23.52
Polyketide	extracellular space [GO:0005615]	23.52
Polyketide	external side of plasma membrane [GO:0009897]	23.52
Polyketide	cell surface [GO:0009986]	23.52
Polyketide	serine-type endopeptidase complex [GO:1905370]	23.52
Polyketide	dendrite [GO:0030425]	59.69
Polyketide	perinuclear region of cytoplasm [GO:0048471]	59.69
Polyketide	apical plasma membrane [GO:0016324]	59.69
Polyketide	cytosol [GO:0005829]	59.69
Polyketide	cilium [GO:0005929]	59.69
Polyketide	mitochondrion [GO:0005739]	59.69
Polyketide	astrocyte end-foot [GO:0097450]	59.69
Polyketide	extracellular region [GO:0005576]	59.69
Polyketide	basal part of cell [GO:0045178]	59.69
Polyketide	cytoskeleton [GO:0005856]	59.69
Polyketide	nucleus [GO:0005634]	59.69
Polyketide	cytoplasm [GO:0005737]	59.69
Polyketide	central region of growth cone [GO:0090724]	59.69
Polyketide	neuronal cell body [GO:0043025]	59.69
Polyketide	endoplasmic reticulum [GO:0005783]	9.06
Polyketide	mitochondrion [GO:0005739]	9.06
Polyketide	mitochondrial inner membrane [GO:0005743]	9.06
Polyketide	mitochondrial proton-transporting ATP synthase complex [GO:0005753]	79.17
Polyketide	cytosol [GO:0005829]	79.17
Polyketide	mitochondrial proton-transporting ATP synthase complex, coupling factor F(o) [GO:0000276]	79.17
Polyketide	mitochondrion [GO:0005739]	79.17
Polyketide	mitochondrial intermembrane space [GO:0005758]	79.17
Polyketide	mitochondrial inner membrane [GO:0005743]	79.17
Polyketide	U5 snRNP [GO:0005682]	33.91
Polyketide	cytoplasm [GO:0005737]	33.91
Polyketide	cell body [GO:0044297]	30.62
Polyketide	actin filament [GO:0005884]	30.62
Polyketide	skeletal muscle myofibril [GO:0098723]	30.62
Polyketide	stress fiber [GO:0001725]	30.62
Polyketide	filamentous actin [GO:0031941]	30.62
Polyketide	actin filament bundle [GO:0032432]	30.62
Polyketide	lamellipodium [GO:0030027]	30.62
Polyketide	striated muscle thin filament [GO:0005865]	30.62
Polyketide	cytoplasm [GO:0005737]	30.62
Polyketide	filopodium [GO:0030175]	30.62
Polyketide	cytoplasm [GO:0005737]	21.69
Polyketide	host cell nucleus [GO:0042025]	53.35
Polyketide	protein-containing complex [GO:0032991]	53.35
Polyketide	host cell plasma membrane [GO:0020002]	53.35
Polyketide	host cell lipid droplet [GO:0044186]	53.35
Polyketide	viral envelope [GO:0019031]	53.35
Polyketide	host cell endoplasmic reticulum membrane [GO:0044167]	53.35
Polyketide	host cell mitochondrial membrane [GO:0044191]	53.35
Polyketide	ribonucleoprotein complex [GO:1990904]	53.35
Polyketide	membrane [GO:0016020]	53.35
Polyketide	viral nucleocapsid [GO:0019013]	53.35
Polyketide	virion membrane [GO:0055036]	53.35
Polyketide	host cell perinuclear region of cytoplasm [GO:0044220]	53.35
Polyketide	plasma membrane [GO:0005886]	53.67
Polyketide	proton-transporting ATP synthase complex, coupling factor F(o) [GO:0045263]	53.67
Polyketide	membrane-bounded organelle [GO:0043227]	29.75
Polyketide	extracellular region [GO:0005576]	49.61
Polyketide	cytoplasm [GO:0005737]	17.0
Polyketide	dendrite [GO:0030425]	56.45
Polyketide	neuron projection [GO:0043005]	56.45
Polyketide	intracellular membrane-bounded organelle [GO:0043231]	56.45
Polyketide	plasma membrane [GO:0005886]	56.45
Polyketide	postsynaptic membrane [GO:0045211]	56.45
Polyketide	synapse [GO:0045202]	56.45
Polyketide	glycine-gated chloride channel complex [GO:0016935]	56.45
Polyketide	perikaryon [GO:0043204]	56.45
Polyketide	node of Ranvier [GO:0033268]	68.14
Polyketide	synapse [GO:0045202]	68.14
Polyketide	plasma membrane [GO:0005886]	68.14
Polyketide	axon initial segment [GO:0043194]	68.14
Polyketide	voltage-gated potassium channel complex [GO:0008076]	68.14
Polyketide	node of Ranvier [GO:0033268]	66.56
Polyketide	synapse [GO:0045202]	66.56
Polyketide	plasma membrane [GO:0005886]	66.56
Polyketide	axon initial segment [GO:0043194]	66.56
Polyketide	voltage-gated potassium channel complex [GO:0008076]	66.56
Polyketide	pericentric heterochromatin [GO:0005721]	50.73
Polyketide	endoplasmic reticulum [GO:0005783]	50.73
Polyketide	intracellular membrane-bounded organelle [GO:0043231]	50.73
Polyketide	nucleoplasm [GO:0005654]	50.73
Polyketide	site of DNA damage [GO:0090734]	50.73
Polyketide	chromatin [GO:0000785]	50.73
Polyketide	nucleus [GO:0005634]	50.73
Polyketide	site of double-strand break [GO:0035861]	50.73
Polyketide	chromosome, subtelomeric region [GO:0099115]	50.73
Polyketide	transcription repressor complex [GO:0017053]	41.17
Polyketide	nucleoplasm [GO:0005654]	41.17
Polyketide	nucleus [GO:0005634]	41.17
Polyketide	plasma membrane [GO:0005886]	38.8
Polyketide	calcium channel complex [GO:0034704]	38.8
Polyketide	microtubule [GO:0005874]	27.84
Polyketide	cytoplasm [GO:0005737]	27.84
Polyketide	microtubule cytoskeleton [GO:0015630]	27.84
Polyketide	vesicle [GO:0031982]	47.5
Polyketide	cytoplasm [GO:0005737]	47.5
Polyketide	secretory granule lumen [GO:0034774]	47.5
Polyketide	cytosol [GO:0005829]	47.5
Polyketide	ficolin-1-rich granule lumen [GO:1904813]	47.5
Polyketide	extracellular exosome [GO:0070062]	47.5
Polyketide	nucleoplasm [GO:0005654]	47.5
Polyketide	plasma membrane [GO:0005886]	47.5
Polyketide	extracellular region [GO:0005576]	47.5
Polyketide	extracellular space [GO:0005615]	47.5
Polyketide	cell surface [GO:0009986]	47.5
Polyketide	secretory granule lumen [GO:0034774]	15.73
Polyketide	ficolin-1-rich granule lumen [GO:1904813]	15.73
Polyketide	extracellular exosome [GO:0070062]	15.73
Polyketide	platelet alpha granule lumen [GO:0031093]	15.73
Polyketide	extracellular region [GO:0005576]	15.73
Polyketide	mitochondrial proton-transporting ATP synthase complex, catalytic sector F(1) [GO:0000275]	12.0
Polyketide	mitochondrial proton-transporting ATP synthase complex [GO:0005753]	12.0
Polyketide	collagen-containing extracellular matrix [GO:0062023]	1.86
Polyketide	cytoplasm [GO:0005737]	1.86
Polyketide	secretory granule membrane [GO:0030667]	1.86
Polyketide	cytosol [GO:0005829]	1.86
Polyketide	ficolin-1-rich granule membrane [GO:0101003]	1.86
Polyketide	immunological synapse [GO:0001772]	1.86
Polyketide	extracellular exosome [GO:0070062]	1.86
Polyketide	spliceosomal complex [GO:0005681]	1.86
Polyketide	nucleoplasm [GO:0005654]	1.86
Polyketide	membrane [GO:0016020]	1.86
Polyketide	plasma membrane [GO:0005886]	1.86
Polyketide	extracellular region [GO:0005576]	1.86
Polyketide	extracellular space [GO:0005615]	1.86
Polyketide	nucleus [GO:0005634]	1.86
Polyketide	cell surface [GO:0009986]	1.86
Polyketide	mitochondrial inner membrane [GO:0005743]	1.86
Polyketide	chromosome [GO:0005694]	70.0
Polyketide	cytoplasm [GO:0005737]	70.0
Polyketide	aggresome [GO:0016235]	17.67
Polyketide	cell projection [GO:0042995]	17.67
Polyketide	secretory granule membrane [GO:0030667]	17.67
Polyketide	ficolin-1-rich granule membrane [GO:0101003]	17.67
Polyketide	tertiary granule membrane [GO:0070821]	17.67
Polyketide	extracellular exosome [GO:0070062]	17.67
Polyketide	plasma membrane [GO:0005886]	17.67
Polyketide	membrane [GO:0016020]	17.67
Polyketide	specific granule membrane [GO:0035579]	17.67
Polyketide	perikaryon [GO:0043204]	17.67
Polyketide	extracellular space [GO:0005615]	14.26
Polyketide	serine protease inhibitor complex [GO:0097180]	14.26
Polyketide	skeletal muscle myofibril [GO:0098723]	19.28
Polyketide	protein-containing complex [GO:0032991]	58.74
Polyketide	endocytic vesicle membrane [GO:0030666]	58.74
Polyketide	cytosol [GO:0005829]	58.74
Polyketide	transcription repressor complex [GO:0017053]	58.74
Polyketide	nucleoplasm [GO:0005654]	58.74
Polyketide	plasma membrane [GO:0005886]	58.74
Polyketide	nucleus [GO:0005634]	58.74
Polyketide	cytoplasm [GO:0005737]	58.74
Polyketide	nucleolus [GO:0005730]	58.74
Polyketide	microtubule [GO:0005874]	41.35
Polyketide	cytoplasm [GO:0005737]	41.35
Polyketide	microtubule cytoskeleton [GO:0015630]	41.35
Polyketide	dendritic shaft [GO:0043198]	21.43
Polyketide	neuron projection [GO:0043005]	21.43
Polyketide	postsynaptic density [GO:0014069]	21.43
Polyketide	somatodendritic compartment [GO:0036477]	21.43
Polyketide	dendrite membrane [GO:0032590]	21.43
Polyketide	endoplasmic reticulum membrane [GO:0005789]	21.43
Polyketide	cell surface [GO:0009986]	21.43
Polyketide	presynaptic active zone membrane [GO:0048787]	21.43
Polyketide	neuronal cell body [GO:0043025]	21.43
Polyketide	dendrite cytoplasm [GO:0032839]	21.43
Polyketide	spine synapse [GO:0106033]	21.43
Polyketide	synaptic vesicle [GO:0008021]	21.43
Polyketide	Schaffer collateral - CA1 synapse [GO:0098685]	21.43
Polyketide	presynapse [GO:0098793]	21.43
Polyketide	growth cone [GO:0030426]	21.43
Polyketide	perikaryon [GO:0043204]	21.43
Polyketide	AMPA glutamate receptor complex [GO:0032281]	21.43
Polyketide	asymmetric synapse [GO:0032279]	21.43
Polyketide	dendrite [GO:0030425]	21.43
Polyketide	protein-containing complex [GO:0032991]	21.43
Polyketide	ionotropic glutamate receptor complex [GO:0008328]	21.43
Polyketide	dendritic spine head [GO:0044327]	21.43
Polyketide	dendritic spine neck [GO:0044326]	21.43
Polyketide	glutamatergic synapse [GO:0098978]	21.43
Polyketide	membrane [GO:0016020]	21.43
Polyketide	dendritic spine [GO:0043197]	21.43
Polyketide	perisynaptic space [GO:0099544]	21.43
Polyketide	endoplasmic reticulum [GO:0005783]	21.43
Polyketide	plasma membrane [GO:0005886]	21.43
Polyketide	postsynaptic membrane [GO:0045211]	21.43
Polyketide	synapse [GO:0045202]	21.43
Polyketide	terminal bouton [GO:0043195]	21.43
Polyketide	presynaptic membrane [GO:0042734]	21.43
Polyketide	postsynaptic density membrane [GO:0098839]	21.43
Polyketide	synaptic vesicle membrane [GO:0030672]	21.43
Polyketide	axon [GO:0030424]	21.43
Polyketide	synaptic membrane [GO:0097060]	21.43
Polyketide	melanosome [GO:0042470]	78.14
Polyketide	axonal growth cone [GO:0044295]	78.14
Polyketide	cell body [GO:0044297]	78.14
Polyketide	endomembrane system [GO:0012505]	78.14
Polyketide	lamellipodium [GO:0030027]	78.14
Polyketide	growth cone membrane [GO:0032584]	78.14
Polyketide	plasma membrane [GO:0005886]	78.14
Polyketide	axon [GO:0030424]	78.14
Polyketide	cell surface [GO:0009986]	78.14
Polyketide	plasma membrane [GO:0005886]	6.74
Polyketide	DNA-directed RNA polymerase complex [GO:0000428]	6.74
Polyketide	cytosol [GO:0005829]	6.74
Polyketide	peptidoglycan-based cell wall [GO:0009274]	6.74
Polyketide	mitochondrion [GO:0005739]	41.68
Polyketide	nucleus [GO:0005634]	41.68
Polyketide	cytoplasm [GO:0005737]	41.68
Polyketide	chloride channel complex [GO:0034707]	52.58
Polyketide	postsynaptic membrane [GO:0045211]	52.58
Polyketide	perikaryon [GO:0043204]	52.58
Polyketide	membrane [GO:0016020]	52.58
Polyketide	plasma membrane [GO:0005886]	52.58
Polyketide	dendrite [GO:0030425]	52.58
Polyketide	neuron projection [GO:0043005]	52.58
Polyketide	synapse [GO:0045202]	52.58
Polyketide	lysosomal lumen [GO:0043202]	41.75
Polyketide	basolateral plasma membrane [GO:0016323]	41.75
Polyketide	secretory granule lumen [GO:0034774]	41.75
Polyketide	extracellular exosome [GO:0070062]	41.75
Polyketide	nucleoplasm [GO:0005654]	41.75
Polyketide	brush border membrane [GO:0031526]	41.75
Polyketide	cytoplasm [GO:0005737]	41.75
Polyketide	cell surface [GO:0009986]	41.75
Polyketide	neuronal cell body [GO:0043025]	41.75
Polyketide	endocytic vesicle lumen [GO:0071682]	41.75
Polyketide	melanosome [GO:0042470]	41.75
Polyketide	protein-containing complex [GO:0032991]	41.75
Polyketide	axonal growth cone [GO:0044295]	41.75
Polyketide	perinuclear region of cytoplasm [GO:0048471]	41.75
Polyketide	cytosol [GO:0005829]	41.75
Polyketide	sperm mitochondrial sheath [GO:0097226]	41.75
Polyketide	membrane [GO:0016020]	41.75
Polyketide	extracellular region [GO:0005576]	41.75
Polyketide	nucleus [GO:0005634]	41.75
Polyketide	sperm plasma membrane [GO:0097524]	41.75
Polyketide	collagen-containing extracellular matrix [GO:0062023]	41.75
Polyketide	myelin sheath [GO:0043209]	41.75
Polyketide	apical plasma membrane [GO:0016324]	41.75
Polyketide	ficolin-1-rich granule lumen [GO:1904813]	41.75
Polyketide	dendritic growth cone [GO:0044294]	41.75
Polyketide	plasma membrane [GO:0005886]	41.75
Polyketide	mitochondrion [GO:0005739]	41.75
Polyketide	proton-transporting ATP synthase complex, catalytic core F(1) [GO:0045261]	30.48
Polyketide	host cell nucleus [GO:0042025]	25.67
Polyketide	host cell plasma membrane [GO:0020002]	25.67
Polyketide	membrane [GO:0016020]	25.67
Polyketide	viral nucleocapsid [GO:0019013]	25.67
Polyketide	host multivesicular body [GO:0072494]	25.67
Polyketide	virion membrane [GO:0055036]	25.67
Polyketide	RSC-type complex [GO:0016586]	52.0
Polyketide	kinetochore [GO:0000776]	52.0
Polyketide	SWI/SNF complex [GO:0016514]	52.0
Polyketide	nucleoplasm [GO:0005654]	52.0
Polyketide	nuclear matrix [GO:0016363]	52.0
Polyketide	chromatin [GO:0000785]	52.0
Polyketide	nuclear chromosome [GO:0000228]	52.0
Polyketide	nucleus [GO:0005634]	52.0
Polyketide	protein-DNA complex [GO:0032993]	46.08
Polyketide	extrinsic component of cytoplasmic side of plasma membrane [GO:0031234]	29.17
Polyketide	Golgi apparatus [GO:0005794]	29.17
Polyketide	cell projection [GO:0042995]	29.17
Polyketide	focal adhesion [GO:0005925]	29.17
Polyketide	lysosome [GO:0005764]	29.17
Polyketide	cytosol [GO:0005829]	29.17
Polyketide	intracellular membrane-bounded organelle [GO:0043231]	29.17
Polyketide	plasma membrane [GO:0005886]	29.17
Polyketide	caveola [GO:0005901]	29.17
Polyketide	transport vesicle [GO:0030133]	29.17
Polyketide	cytoskeleton [GO:0005856]	29.17
Polyketide	nucleus [GO:0005634]	29.17
Polyketide	cytoplasmic side of plasma membrane [GO:0009898]	29.17
Polyketide	plasma membrane [GO:0005886]	48.58
Polyketide	protein-containing complex [GO:0032991]	11.61
Polyketide	recycling endosome [GO:0055037]	11.61
Polyketide	early endosome [GO:0005769]	11.61
Polyketide	plasma membrane [GO:0005886]	11.61
Polyketide	specific granule [GO:0042581]	11.61
Polyketide	extracellular space [GO:0005615]	11.61
Polyketide	cell surface [GO:0009986]	11.61
Polyketide	nucleoplasm [GO:0005654]	20.33
Polyketide	nucleus [GO:0005634]	20.33
Polyketide	cytoplasm [GO:0005737]	20.33
Polyketide	extracellular exosome [GO:0070062]	27.07
Polyketide	cytosol [GO:0005829]	27.07
Polyketide	cytoplasm [GO:0005737]	27.07
Polyketide	nucleus [GO:0005634]	27.07
Polyketide	plasma membrane [GO:0005886]	50.0
Polyketide	proton-transporting ATP synthase complex, coupling factor F(o) [GO:0045263]	50.0
Polyketide	cytoplasm [GO:0005737]	53.76
Polyketide	cytosol [GO:0005829]	53.76
Polyketide	host cell nucleus [GO:0042025]	31.94
Polyketide	host cell plasma membrane [GO:0020002]	31.94
Polyketide	membrane [GO:0016020]	31.94
Polyketide	viral nucleocapsid [GO:0019013]	31.94
Polyketide	host multivesicular body [GO:0072494]	31.94
Polyketide	virion membrane [GO:0055036]	31.94
Polyketide	plasma membrane [GO:0005886]	50.6
Polyketide	proton-transporting ATP synthase complex, coupling factor F(o) [GO:0045263]	50.6
Polyketide	sarcoplasmic reticulum membrane [GO:0033017]	47.24
Polyketide	cytoplasmic side of membrane [GO:0098562]	47.24
Polyketide	cytosol [GO:0005829]	47.24
Polyketide	Z disc [GO:0030018]	47.24
Polyketide	sarcoplasmic reticulum [GO:0016529]	47.24
Polyketide	terminal cisterna [GO:0014802]	47.24
Polyketide	membrane [GO:0016020]	47.24
Polyketide	ryanodine receptor complex [GO:1990425]	47.24
Polyketide	cytoplasm [GO:0005737]	47.24
Polyketide	plasma membrane [GO:0005886]	63.0
Polyketide	proton-transporting ATP synthase complex, coupling factor F(o) [GO:0045263]	63.0
Polyketide	septin ring [GO:0005940]	37.36
Polyketide	condensed nuclear chromosome [GO:0000794]	37.36
Polyketide	nucleus [GO:0005634]	37.36
Polyketide	protein-containing complex [GO:0032991]	60.46
Polyketide	cytosol [GO:0005829]	60.46
Polyketide	nucleoplasm [GO:0005654]	60.46
Polyketide	membrane [GO:0016020]	60.46
Polyketide	plasma membrane [GO:0005886]	60.46
Polyketide	euchromatin [GO:0000791]	60.46
Polyketide	chromatin [GO:0000785]	60.46
Polyketide	transcription regulator complex [GO:0005667]	60.46
Polyketide	nucleus [GO:0005634]	60.46
Polyketide	cytoplasm [GO:0005737]	60.46
Polyketide	Golgi apparatus [GO:0005794]	60.46
Polyketide	histone deacetylase complex [GO:0000118]	17.95
Polyketide	plasma membrane [GO:0005886]	24.98
Polyketide	periplasmic side of plasma membrane [GO:0098567]	24.98
Polyketide	membrane [GO:0016020]	24.98
Polyketide	outer membrane-bounded periplasmic space [GO:0030288]	24.98
Polyketide	efflux pump complex [GO:1990281]	24.98
Polyketide	pore complex [GO:0046930]	-0.5
Polyketide	cell outer membrane [GO:0009279]	-0.5
Polyketide	plasma membrane [GO:0005886]	24.68
Polyketide	periplasmic side of plasma membrane [GO:0098567]	24.68
Polyketide	membrane [GO:0016020]	24.68
Polyketide	outer membrane-bounded periplasmic space [GO:0030288]	24.68
Polyketide	efflux pump complex [GO:1990281]	24.68
Polyketide	protein-containing complex [GO:0032991]	58.74
Polyketide	endocytic vesicle membrane [GO:0030666]	58.74
Polyketide	cytosol [GO:0005829]	58.74
Polyketide	transcription repressor complex [GO:0017053]	58.74
Polyketide	nucleoplasm [GO:0005654]	58.74
Polyketide	plasma membrane [GO:0005886]	58.74
Polyketide	nucleus [GO:0005634]	58.74
Polyketide	cytoplasm [GO:0005737]	58.74
Polyketide	nucleolus [GO:0005730]	58.74
Polyketide	microtubule [GO:0005874]	14.84
Polyketide	cytoplasm [GO:0005737]	14.84
Polyketide	microtubule cytoskeleton [GO:0015630]	14.84
Polyketide	proton-transporting V-type ATPase complex [GO:0033176]	88.67
Polyketide	vacuolar proton-transporting V-type ATPase, V0 domain [GO:0000220]	88.67
Polyketide	Golgi membrane [GO:0000139]	88.67
Polyketide	membrane [GO:0016020]	88.67
Polyketide	vacuolar proton-transporting V-type ATPase complex [GO:0016471]	88.67
Polyketide	fungal-type vacuole membrane [GO:0000329]	88.67
Polyketide	calcium channel complex [GO:0034704]	40.58
Polyketide	voltage-gated calcium channel complex [GO:0005891]	40.58
Polyketide	perinuclear region of cytoplasm [GO:0048471]	40.58
Polyketide	apical plasma membrane [GO:0016324]	40.58
Polyketide	cytosol [GO:0005829]	40.58
Polyketide	plasma membrane [GO:0005886]	40.58
Polyketide	membrane [GO:0016020]	40.58
Polyketide	nucleus [GO:0005634]	40.58
Polyketide	microtubule organizing center [GO:0005815]	40.58
Polyketide	intracellular membrane-bounded organelle [GO:0043231]	65.8
Polyketide	nucleoplasm [GO:0005654]	65.8
Polyketide	mitochondrion [GO:0005739]	65.8
Polyketide	chromatin [GO:0000785]	65.8
Polyketide	nucleus [GO:0005634]	65.8
Polyketide	extracellular space [GO:0005615]	36.3
Polyketide	azurophil granule lumen [GO:0035578]	36.3
Polyketide	extracellular region [GO:0005576]	36.3
Polyketide	extracellular exosome [GO:0070062]	36.3
Polyketide	plasma membrane [GO:0005886]	0.38
Polyketide	peptidoglycan-based cell wall [GO:0009274]	0.38
Polyketide	host cell nucleus [GO:0042025]	22.2
Polyketide	host cell plasma membrane [GO:0020002]	22.2
Polyketide	membrane [GO:0016020]	22.2
Polyketide	viral nucleocapsid [GO:0019013]	22.2
Polyketide	host multivesicular body [GO:0072494]	22.2
Polyketide	virion membrane [GO:0055036]	22.2
Polyketide	microtubule [GO:0005874]	36.69
Polyketide	cytoplasm [GO:0005737]	36.69
Polyketide	microtubule cytoskeleton [GO:0015630]	36.69
Polyketide	cell body [GO:0044297]	11.7
Polyketide	actin filament [GO:0005884]	11.7
Polyketide	skeletal muscle myofibril [GO:0098723]	11.7
Polyketide	stress fiber [GO:0001725]	11.7
Polyketide	filamentous actin [GO:0031941]	11.7
Polyketide	actin filament bundle [GO:0032432]	11.7
Polyketide	lamellipodium [GO:0030027]	11.7
Polyketide	striated muscle thin filament [GO:0005865]	11.7
Polyketide	cytoplasm [GO:0005737]	11.7
Polyketide	filopodium [GO:0030175]	11.7
Polyketide	protein-containing complex [GO:0032991]	51.25
Polyketide	endocytic vesicle membrane [GO:0030666]	51.25
Polyketide	cytosol [GO:0005829]	51.25
Polyketide	transcription repressor complex [GO:0017053]	51.25
Polyketide	nucleoplasm [GO:0005654]	51.25
Polyketide	plasma membrane [GO:0005886]	51.25
Polyketide	nucleus [GO:0005634]	51.25
Polyketide	cytoplasm [GO:0005737]	51.25
Polyketide	nucleolus [GO:0005730]	51.25
Polyketide	cytosol [GO:0005829]	61.83
Polyketide	nucleoplasm [GO:0005654]	61.83
Polyketide	receptor complex [GO:0043235]	61.83
Polyketide	mitochondrion [GO:0005739]	61.83
Polyketide	RNA polymerase II transcription regulator complex [GO:0090575]	61.83
Polyketide	chromatin [GO:0000785]	61.83
Polyketide	transcription regulator complex [GO:0005667]	61.83
Polyketide	nucleus [GO:0005634]	61.83
Polyketide	cell body [GO:0044297]	5.85
Polyketide	actin filament [GO:0005884]	5.85
Polyketide	skeletal muscle myofibril [GO:0098723]	5.85
Polyketide	stress fiber [GO:0001725]	5.85
Polyketide	filamentous actin [GO:0031941]	5.85
Polyketide	actin filament bundle [GO:0032432]	5.85
Polyketide	lamellipodium [GO:0030027]	5.85
Polyketide	striated muscle thin filament [GO:0005865]	5.85
Polyketide	cytoplasm [GO:0005737]	5.85
Polyketide	filopodium [GO:0030175]	5.85
Polyketide	mitochondrial respiratory chain complex I [GO:0005747]	36.2
Polyketide	mitochondrial inner membrane [GO:0005743]	36.2
Polyketide	DNA-directed RNA polymerase complex [GO:0000428]	8.92
Polyketide	mitochondrial proton-transporting ATP synthase complex [GO:0005753]	0.0
Polyketide	cytosol [GO:0005829]	0.0
Polyketide	mitochondrial proton-transporting ATP synthase complex, coupling factor F(o) [GO:0000276]	0.0
Polyketide	mitochondrion [GO:0005739]	0.0
Polyketide	mitochondrial intermembrane space [GO:0005758]	0.0
Polyketide	mitochondrial inner membrane [GO:0005743]	0.0
Polyketide	intracellular membrane-bounded organelle [GO:0043231]	49.75
Polyketide	plasma membrane [GO:0005886]	49.75
Polyketide	endoplasmic reticulum membrane [GO:0005789]	49.75
Polyketide	cytoplasm [GO:0005737]	49.75
Polyketide	intracellular membrane-bounded organelle [GO:0043231]	58.43
Polyketide	endoplasmic reticulum membrane [GO:0005789]	58.43
Polyketide	cytoplasm [GO:0005737]	58.43
Polyketide	cytoplasmic microtubule [GO:0005881]	58.43
Polyketide	cytoplasmic side of endoplasmic reticulum membrane [GO:0098554]	18.62
Polyketide	protein-containing complex [GO:0032991]	18.62
Polyketide	endoplasmic reticulum [GO:0005783]	18.62
Polyketide	sorting endosome [GO:0097443]	18.62
Polyketide	endosome lumen [GO:0031904]	18.62
Polyketide	early endosome [GO:0005769]	18.62
Polyketide	cytosol [GO:0005829]	18.62
Polyketide	mitochondrial crista [GO:0030061]	18.62
Polyketide	mitochondrial matrix [GO:0005759]	18.62
Polyketide	cytoplasm [GO:0005737]	18.62
Polyketide	proton-transporting ATP synthase complex, catalytic core F(1) [GO:0045261]	-6.29
Polyketide	mitochondrial proton-transporting ATP synthase complex [GO:0005753]	-6.29
Polyketide	voltage-gated sodium channel complex [GO:0001518]	67.52
Polyketide	axon [GO:0030424]	67.52
Polyketide	plasma membrane [GO:0005886]	67.52
Polyketide	voltage-gated calcium channel complex [GO:0005891]	67.52
Polyketide	chromosome [GO:0005694]	20.44
Polyketide	DNA topoisomerase type II (double strand cut, ATP-hydrolyzing) complex [GO:0009330]	20.44
Polyketide	cytoplasm [GO:0005737]	20.44
Polyketide	cytosol [GO:0005829]	20.44
Polyketide	cytosol [GO:0005829]	5.0
Polyketide	extracellular exosome [GO:0070062]	5.0
Polyketide	basolateral plasma membrane [GO:0016323]	36.9
Polyketide	focal adhesion [GO:0005925]	36.9
Polyketide	apical plasma membrane [GO:0016324]	36.9
Polyketide	plasma membrane [GO:0005886]	36.9
Polyketide	membrane [GO:0016020]	36.9
Polyketide	microtubule [GO:0005874]	19.96
Polyketide	cytoplasm [GO:0005737]	19.96
Polyketide	protein-containing complex [GO:0032991]	62.57
Polyketide	cytosol [GO:0005829]	62.57
Polyketide	nucleoplasm [GO:0005654]	62.57
Polyketide	membrane [GO:0016020]	62.57
Polyketide	plasma membrane [GO:0005886]	62.57
Polyketide	euchromatin [GO:0000791]	62.57
Polyketide	chromatin [GO:0000785]	62.57
Polyketide	transcription regulator complex [GO:0005667]	62.57
Polyketide	nucleus [GO:0005634]	62.57
Polyketide	cytoplasm [GO:0005737]	62.57
Polyketide	Golgi apparatus [GO:0005794]	62.57
Polyketide	cytoplasm [GO:0005737]	37.5
Polyketide	Ino80 complex [GO:0031011]	47.92
Polyketide	brahma complex [GO:0035060]	47.92
Polyketide	cytoskeleton [GO:0005856]	47.92
Polyketide	cytoplasm [GO:0005737]	47.92
Polyketide	nuclear envelope [GO:0005635]	37.83
Polyketide	perinuclear region of cytoplasm [GO:0048471]	37.83
Polyketide	cytosol [GO:0005829]	37.83
Polyketide	pericentriolar material [GO:0000242]	37.83
Polyketide	Golgi membrane [GO:0000139]	37.83
Polyketide	chromosome, telomeric region [GO:0000781]	37.83
Polyketide	nucleus [GO:0005634]	37.83
Polyketide	cytoplasm [GO:0005737]	37.83
Polyketide	nuclear envelope [GO:0005635]	38.3
Polyketide	perinuclear region of cytoplasm [GO:0048471]	38.3
Polyketide	cytosol [GO:0005829]	38.3
Polyketide	pericentriolar material [GO:0000242]	38.3
Polyketide	Golgi membrane [GO:0000139]	38.3
Polyketide	chromosome, telomeric region [GO:0000781]	38.3
Polyketide	nucleus [GO:0005634]	38.3
Polyketide	cytoplasm [GO:0005737]	38.3
Polyketide	nuclear body [GO:0016604]	27.05
Polyketide	cytosol [GO:0005829]	27.05
Polyketide	extracellular space [GO:0005615]	27.05
Polyketide	nucleus [GO:0005634]	27.05
Polyketide	cytoplasm [GO:0005737]	27.05
Polyketide	protein-containing complex [GO:0032991]	43.75
Polyketide	cell leading edge [GO:0031252]	43.75
Polyketide	focal adhesion [GO:0005925]	43.75
Polyketide	neuron projection [GO:0043005]	43.75
Polyketide	cytosol [GO:0005829]	43.75
Polyketide	postsynaptic density [GO:0014069]	43.75
Polyketide	Golgi membrane [GO:0000139]	43.75
Polyketide	extracellular exosome [GO:0070062]	43.75
Polyketide	plasma membrane [GO:0005886]	43.75
Polyketide	sarcomere [GO:0030017]	43.75
Polyketide	sarcoplasmic reticulum membrane [GO:0033017]	38.3
Polyketide	cytoplasmic side of membrane [GO:0098562]	38.3
Polyketide	cytosol [GO:0005829]	38.3
Polyketide	Z disc [GO:0030018]	38.3
Polyketide	sarcoplasmic reticulum [GO:0016529]	38.3
Polyketide	terminal cisterna [GO:0014802]	38.3
Polyketide	membrane [GO:0016020]	38.3
Polyketide	ryanodine receptor complex [GO:1990425]	38.3
Polyketide	cytoplasm [GO:0005737]	38.3
Polyketide	histone deacetylase complex [GO:0000118]	31.75
Polyketide	nucleoplasm [GO:0005654]	31.75
Polyketide	nuclear chromosome [GO:0000228]	31.75
Polyketide	nucleus [GO:0005634]	31.75
Polyketide	cytoplasm [GO:0005737]	31.75
Polyketide	mitochondrial proton-transporting ATP synthase complex [GO:0005753]	57.12
Polyketide	cytosol [GO:0005829]	57.12
Polyketide	mitochondrial proton-transporting ATP synthase complex, coupling factor F(o) [GO:0000276]	57.12
Polyketide	mitochondrion [GO:0005739]	57.12
Polyketide	mitochondrial intermembrane space [GO:0005758]	57.12
Polyketide	mitochondrial inner membrane [GO:0005743]	57.12
Polyketide	nucleus [GO:0005634]	27.47
Polyketide	cytosol [GO:0005829]	27.47
Polyketide	protein kinase CK2 complex [GO:0005956]	27.47
Polyketide	plasma membrane [GO:0005886]	20.14
Polyketide	periplasmic side of plasma membrane [GO:0098567]	20.14
Polyketide	membrane [GO:0016020]	20.14
Polyketide	outer membrane-bounded periplasmic space [GO:0030288]	20.14
Polyketide	efflux pump complex [GO:1990281]	20.14
Polyketide	extracellular space [GO:0005615]	36.3
Polyketide	azurophil granule lumen [GO:0035578]	36.3
Polyketide	extracellular region [GO:0005576]	36.3
Polyketide	extracellular exosome [GO:0070062]	36.3
Polyketide	protein-containing complex [GO:0032991]	67.19
Polyketide	cytosol [GO:0005829]	67.19
Polyketide	nucleoplasm [GO:0005654]	67.19
Polyketide	membrane [GO:0016020]	67.19
Polyketide	plasma membrane [GO:0005886]	67.19
Polyketide	euchromatin [GO:0000791]	67.19
Polyketide	chromatin [GO:0000785]	67.19
Polyketide	transcription regulator complex [GO:0005667]	67.19
Polyketide	nucleus [GO:0005634]	67.19
Polyketide	cytoplasm [GO:0005737]	67.19
Polyketide	Golgi apparatus [GO:0005794]	67.19
Polyketide	voltage-gated potassium channel complex [GO:0008076]	60.25
Polyketide	endoplasmic reticulum [GO:0005783]	60.25
Polyketide	cell surface [GO:0009986]	60.25
Polyketide	apical plasma membrane [GO:0016324]	60.25
Polyketide	plasma membrane [GO:0005886]	60.25
Polyketide	endoplasmic reticulum membrane [GO:0005789]	60.25
Polyketide	astrocyte projection [GO:0097449]	60.25
Polyketide	calyx of Held [GO:0044305]	60.25
Polyketide	neuronal cell body [GO:0043025]	60.25
Polyketide	nucleus [GO:0005634]	33.2
Polyketide	nuclear envelope [GO:0005635]	36.42
Polyketide	perinuclear region of cytoplasm [GO:0048471]	36.42
Polyketide	cytosol [GO:0005829]	36.42
Polyketide	pericentriolar material [GO:0000242]	36.42
Polyketide	Golgi membrane [GO:0000139]	36.42
Polyketide	chromosome, telomeric region [GO:0000781]	36.42
Polyketide	nucleus [GO:0005634]	36.42
Polyketide	cytoplasm [GO:0005737]	36.42
Polyketide	protein kinase CK2 complex [GO:0005956]	30.5
Polyketide	cytosol [GO:0005829]	30.5
Polyketide	nucleoplasm [GO:0005654]	30.5
Polyketide	chromatin [GO:0000785]	30.5
Polyketide	nucleus [GO:0005634]	30.5
Polyketide	acrosomal vesicle [GO:0001669]	30.5
Polyketide	plasma membrane [GO:0005886]	31.94
Polyketide	periplasmic side of plasma membrane [GO:0098567]	31.94
Polyketide	membrane [GO:0016020]	31.94
Polyketide	outer membrane-bounded periplasmic space [GO:0030288]	31.94
Polyketide	efflux pump complex [GO:1990281]	31.94
Polyketide	proton-transporting V-type ATPase complex [GO:0033176]	93.5
Polyketide	vacuolar proton-transporting V-type ATPase, V0 domain [GO:0000220]	93.5
Polyketide	Golgi membrane [GO:0000139]	93.5
Polyketide	membrane [GO:0016020]	93.5
Polyketide	vacuolar proton-transporting V-type ATPase complex [GO:0016471]	93.5
Polyketide	fungal-type vacuole membrane [GO:0000329]	93.5
Polyketide	sarcoplasmic reticulum membrane [GO:0033017]	51.24
Polyketide	cytoplasmic side of membrane [GO:0098562]	51.24
Polyketide	cytosol [GO:0005829]	51.24
Polyketide	Z disc [GO:0030018]	51.24
Polyketide	sarcoplasmic reticulum [GO:0016529]	51.24
Polyketide	terminal cisterna [GO:0014802]	51.24
Polyketide	membrane [GO:0016020]	51.24
Polyketide	ryanodine receptor complex [GO:1990425]	51.24
Polyketide	cytoplasm [GO:0005737]	51.24
Polyketide	extracellular space [GO:0005615]	38.89
Polyketide	azurophil granule lumen [GO:0035578]	38.89
Polyketide	extracellular region [GO:0005576]	38.89
Polyketide	extracellular exosome [GO:0070062]	38.89
Polyketide	cytoplasm [GO:0005737]	52.86
Polyketide	endoplasmic reticulum lumen [GO:0005788]	42.25
Polyketide	protein-containing complex [GO:0032991]	42.25
Polyketide	endoplasmic reticulum [GO:0005783]	42.25
Polyketide	extracellular exosome [GO:0070062]	42.25
Polyketide	blood microparticle [GO:0072562]	42.25
Polyketide	platelet alpha granule lumen [GO:0031093]	42.25
Polyketide	extracellular region [GO:0005576]	42.25
Polyketide	extracellular space [GO:0005615]	42.25
Polyketide	nucleus [GO:0005634]	42.25
Polyketide	cytoplasm [GO:0005737]	42.25
Polyketide	Golgi apparatus [GO:0005794]	42.25
Polyketide	chloroplast stroma [GO:0009570]	22.78
Polyketide	endoplasmic reticulum [GO:0005783]	22.78
Polyketide	chloroplast [GO:0009507]	22.78
Polyketide	cytosol [GO:0005829]	22.78
Polyketide	intracellular membrane-bounded organelle [GO:0043231]	22.78
Polyketide	plasma membrane [GO:0005886]	22.78
Polyketide	apoplast [GO:0048046]	22.78
Polyketide	plasmodesma [GO:0009506]	22.78
Polyketide	plant-type vacuole [GO:0000325]	22.78
Polyketide	chromatin [GO:0000785]	52.6
Polyketide	intracellular membrane-bounded organelle [GO:0043231]	52.6
Polyketide	nucleoplasm [GO:0005654]	52.6
Polyketide	chromosome, subtelomeric region [GO:0099115]	52.6
Polyketide	pericentric heterochromatin [GO:0005721]	52.6
Polyketide	site of double-strand break [GO:0035861]	52.6
Polyketide	nucleus [GO:0005634]	52.6
Polyketide	site of DNA damage [GO:0090734]	52.6
Polyketide	endoplasmic reticulum [GO:0005783]	52.6
Polyketide	nucleoplasm [GO:0005654]	33.25
Polyketide	cytoplasm [GO:0005737]	33.25
Polyketide	cytosol [GO:0005829]	33.25
Polyketide	plasma membrane [GO:0005886]	6.95
Polyketide	DNA-directed RNA polymerase complex [GO:0000428]	6.95
Polyketide	cytosol [GO:0005829]	6.95
Polyketide	peptidoglycan-based cell wall [GO:0009274]	6.95
Polyketide	node of Ranvier [GO:0033268]	66.56
Polyketide	synapse [GO:0045202]	66.56
Polyketide	plasma membrane [GO:0005886]	66.56
Polyketide	axon initial segment [GO:0043194]	66.56
Polyketide	voltage-gated potassium channel complex [GO:0008076]	66.56
Polyketide	postsynaptic density [GO:0014069]	19.52
Polyketide	glutamatergic synapse [GO:0098978]	19.52
Polyketide	plasma membrane [GO:0005886]	19.52
Polyketide	DAPK1-calmodulin complex [GO:1990722]	19.52
Polyketide	actin cytoskeleton [GO:0015629]	19.52
Polyketide	nucleus [GO:0005634]	19.52
Polyketide	cytoplasm [GO:0005737]	19.52
Polyketide	mitochondrial proton-transporting ATP synthase complex [GO:0005753]	0.0
Polyketide	cytosol [GO:0005829]	0.0
Polyketide	mitochondrial proton-transporting ATP synthase complex, coupling factor F(o) [GO:0000276]	0.0
Polyketide	mitochondrion [GO:0005739]	0.0
Polyketide	mitochondrial intermembrane space [GO:0005758]	0.0
Polyketide	mitochondrial inner membrane [GO:0005743]	0.0
Polyketide	cytoplasm [GO:0005737]	38.45
Polyketide	cytosol [GO:0005829]	38.45
Polyketide	postsynaptic density [GO:0014069]	27.25
Polyketide	glutamatergic synapse [GO:0098978]	27.25
Polyketide	plasma membrane [GO:0005886]	27.25
Polyketide	DAPK1-calmodulin complex [GO:1990722]	27.25
Polyketide	actin cytoskeleton [GO:0015629]	27.25
Polyketide	nucleus [GO:0005634]	27.25
Polyketide	cytoplasm [GO:0005737]	27.25
Polyketide	plasma membrane [GO:0005886]	22.07
Polyketide	periplasmic side of plasma membrane [GO:0098567]	22.07
Polyketide	membrane [GO:0016020]	22.07
Polyketide	outer membrane-bounded periplasmic space [GO:0030288]	22.07
Polyketide	efflux pump complex [GO:1990281]	22.07
Polyketide	endosome [GO:0005768]	17.62
Polyketide	cyclin E2-CDK2 complex [GO:0097135]	17.62
Polyketide	cyclin E1-CDK2 complex [GO:0097134]	17.62
Polyketide	Cajal body [GO:0015030]	17.62
Polyketide	nucleoplasm [GO:0005654]	17.62
Polyketide	male germ cell nucleus [GO:0001673]	17.62
Polyketide	cytoplasm [GO:0005737]	17.62
Polyketide	centrosome [GO:0005813]	17.62
Polyketide	condensed chromosome [GO:0000793]	17.62
Polyketide	cyclin A1-CDK2 complex [GO:0097123]	17.62
Polyketide	cyclin A2-CDK2 complex [GO:0097124]	17.62
Polyketide	cytosol [GO:0005829]	17.62
Polyketide	X chromosome [GO:0000805]	17.62
Polyketide	chromosome, telomeric region [GO:0000781]	17.62
Polyketide	nucleus [GO:0005634]	17.62
Polyketide	Y chromosome [GO:0000806]	17.62
Polyketide	nuclear envelope [GO:0005635]	17.62
Polyketide	cyclin-dependent protein kinase holoenzyme complex [GO:0000307]	17.62
Polyketide	transcription regulator complex [GO:0005667]	17.62
Polyketide	node of Ranvier [GO:0033268]	91.67
Polyketide	synapse [GO:0045202]	91.67
Polyketide	plasma membrane [GO:0005886]	91.67
Polyketide	axon initial segment [GO:0043194]	91.67
Polyketide	voltage-gated potassium channel complex [GO:0008076]	91.67
Polyketide	chromatin [GO:0000785]	39.95
Polyketide	intracellular membrane-bounded organelle [GO:0043231]	39.95
Polyketide	nucleoplasm [GO:0005654]	39.95
Polyketide	chromosome, subtelomeric region [GO:0099115]	39.95
Polyketide	pericentric heterochromatin [GO:0005721]	39.95
Polyketide	site of double-strand break [GO:0035861]	39.95
Polyketide	nucleus [GO:0005634]	39.95
Polyketide	site of DNA damage [GO:0090734]	39.95
Polyketide	endoplasmic reticulum [GO:0005783]	39.95
Polyketide	node of Ranvier [GO:0033268]	77.33
Polyketide	synapse [GO:0045202]	77.33
Polyketide	plasma membrane [GO:0005886]	77.33
Polyketide	axon initial segment [GO:0043194]	77.33
Polyketide	voltage-gated potassium channel complex [GO:0008076]	77.33
Polyketide	plasma membrane [GO:0005886]	10.0
Polyketide	DNA-directed RNA polymerase complex [GO:0000428]	10.0
Polyketide	cytosol [GO:0005829]	10.0
Polyketide	peptidoglycan-based cell wall [GO:0009274]	10.0
Polyketide	mitochondrial proton-transporting ATP synthase complex [GO:0005753]	67.09
Polyketide	cytosol [GO:0005829]	67.09
Polyketide	mitochondrial proton-transporting ATP synthase complex, coupling factor F(o) [GO:0000276]	67.09
Polyketide	mitochondrion [GO:0005739]	67.09
Polyketide	mitochondrial intermembrane space [GO:0005758]	67.09
Polyketide	mitochondrial inner membrane [GO:0005743]	67.09
Polyketide	nuclear envelope [GO:0005635]	36.42
Polyketide	perinuclear region of cytoplasm [GO:0048471]	36.42
Polyketide	cytosol [GO:0005829]	36.42
Polyketide	pericentriolar material [GO:0000242]	36.42
Polyketide	Golgi membrane [GO:0000139]	36.42
Polyketide	chromosome, telomeric region [GO:0000781]	36.42
Polyketide	nucleus [GO:0005634]	36.42
Polyketide	cytoplasm [GO:0005737]	36.42
Polyketide	plasma membrane [GO:0005886]	38.25
Polyketide	proton-transporting ATP synthase complex, coupling factor F(o) [GO:0045263]	38.25
Polyketide	cytosol [GO:0005829]	23.81
Polyketide	extracellular exosome [GO:0070062]	23.81
Polyketide	synapse [GO:0045202]	23.81
Polyketide	axon [GO:0030424]	23.81
Polyketide	cytoplasm [GO:0005737]	23.81
Polyketide	phagocytic vesicle membrane [GO:0030670]	0.0
Polyketide	external side of plasma membrane [GO:0009897]	0.0
Polyketide	nuclear envelope [GO:0005635]	39.22
Polyketide	perinuclear region of cytoplasm [GO:0048471]	39.22
Polyketide	cytosol [GO:0005829]	39.22
Polyketide	pericentriolar material [GO:0000242]	39.22
Polyketide	Golgi membrane [GO:0000139]	39.22
Polyketide	chromosome, telomeric region [GO:0000781]	39.22
Polyketide	nucleus [GO:0005634]	39.22
Polyketide	cytoplasm [GO:0005737]	39.22
Polyketide	proton-transporting ATP synthase complex, catalytic core F(1) [GO:0045261]	38.0
Polyketide	apicoplast [GO:0020011]	47.08
Polyketide	nucleoplasm [GO:0005654]	53.89
Polyketide	nucleus [GO:0005634]	53.89
Polyketide	cytoplasm [GO:0005737]	53.89
Polyketide	nucleolus [GO:0005730]	53.89
Polyketide	dendritic shaft [GO:0043198]	34.19
Polyketide	ribonucleoprotein complex [GO:1990904]	34.19
Polyketide	postsynaptic density [GO:0014069]	34.19
Polyketide	nucleoplasm [GO:0005654]	34.19
Polyketide	microtubule [GO:0005874]	34.19
Polyketide	Wnt signalosome [GO:1990909]	34.19
Polyketide	cytoplasm [GO:0005737]	34.19
Polyketide	neuronal cell body [GO:0043025]	34.19
Polyketide	centrosome [GO:0005813]	34.19
Polyketide	meiotic spindle [GO:0072687]	34.19
Polyketide	Schaffer collateral - CA1 synapse [GO:0098685]	34.19
Polyketide	presynapse [GO:0098793]	34.19
Polyketide	growth cone [GO:0030426]	34.19
Polyketide	dendrite [GO:0030425]	34.19
Polyketide	protein-containing complex [GO:0032991]	34.19
Polyketide	perinuclear region of cytoplasm [GO:0048471]	34.19
Polyketide	cytosol [GO:0005829]	34.19
Polyketide	glutamatergic synapse [GO:0098978]	34.19
Polyketide	membrane [GO:0016020]	34.19
Polyketide	dendritic spine [GO:0043197]	34.19
Polyketide	nucleus [GO:0005634]	34.19
Polyketide	membrane-bounded organelle [GO:0043227]	34.19
Polyketide	plasma membrane [GO:0005886]	34.19
Polyketide	mitochondrion [GO:0005739]	34.19
Polyketide	axon [GO:0030424]	34.19
Polyketide	beta-catenin destruction complex [GO:0030877]	34.19
Polyketide	collagen-containing extracellular matrix [GO:0062023]	25.75
Polyketide	cytoplasmic stress granule [GO:0010494]	25.75
Polyketide	lysosome [GO:0005764]	25.75
Polyketide	azurophil granule lumen [GO:0035578]	25.75
Polyketide	cytosol [GO:0005829]	25.75
Polyketide	extracellular exosome [GO:0070062]	25.75
Polyketide	intracellular membrane-bounded organelle [GO:0043231]	25.75
Polyketide	plasma membrane [GO:0005886]	25.75
Polyketide	membrane [GO:0016020]	25.75
Polyketide	extracellular region [GO:0005576]	25.75
Polyketide	extracellular space [GO:0005615]	25.75
Polyketide	secretory granule [GO:0030141]	25.75
Polyketide	nucleus [GO:0005634]	25.75
Polyketide	cytoplasm [GO:0005737]	25.75
Polyketide	nucleus [GO:0005634]	74.7
Polyketide	nucleoplasm [GO:0005654]	57.25
Polyketide	chromatin [GO:0000785]	57.25
Polyketide	cytoplasmic side of endoplasmic reticulum membrane [GO:0098554]	-1.89
Polyketide	protein-containing complex [GO:0032991]	-1.89
Polyketide	endoplasmic reticulum [GO:0005783]	-1.89
Polyketide	sorting endosome [GO:0097443]	-1.89
Polyketide	endosome lumen [GO:0031904]	-1.89
Polyketide	early endosome [GO:0005769]	-1.89
Polyketide	cytosol [GO:0005829]	-1.89
Polyketide	mitochondrial crista [GO:0030061]	-1.89
Polyketide	mitochondrial matrix [GO:0005759]	-1.89
Polyketide	cytoplasm [GO:0005737]	-1.89
Polyketide	transcription repressor complex [GO:0017053]	53.5
Polyketide	nucleoplasm [GO:0005654]	53.5
Polyketide	nucleus [GO:0005634]	53.5
Polyketide	mitochondrial envelope [GO:0005740]	63.9
Polyketide	mitochondrial outer membrane [GO:0005741]	63.9
Polyketide	mitochondrion [GO:0005739]	63.9
Polyketide	cytoplasm [GO:0005737]	37.5
Polyketide	host cell nucleus [GO:0042025]	30.69
Polyketide	viral envelope [GO:0019031]	30.69
Polyketide	host cell plasma membrane [GO:0020002]	30.69
Polyketide	host cell lipid droplet [GO:0044186]	30.69
Polyketide	host cell endoplasmic reticulum membrane [GO:0044167]	30.69
Polyketide	host cell mitochondrial membrane [GO:0044191]	30.69
Polyketide	ribonucleoprotein complex [GO:1990904]	30.69
Polyketide	membrane [GO:0016020]	30.69
Polyketide	viral nucleocapsid [GO:0019013]	30.69
Polyketide	virion membrane [GO:0055036]	30.69
Polyketide	host cell perinuclear region of cytoplasm [GO:0044220]	30.69
Polyketide	ATP-binding cassette (ABC) transporter complex [GO:0043190]	1.5
Polyketide	extracellular space [GO:0005615]	38.89
Polyketide	azurophil granule lumen [GO:0035578]	38.89
Polyketide	extracellular region [GO:0005576]	38.89
Polyketide	extracellular exosome [GO:0070062]	38.89
Polyketide	extracellular region [GO:0005576]	36.3
Polyketide	extracellular exosome [GO:0070062]	36.3
Polyketide	azurophil granule lumen [GO:0035578]	36.3
Polyketide	extracellular space [GO:0005615]	36.3
Polyketide	cell body [GO:0044297]	42.5
Polyketide	actin filament [GO:0005884]	42.5
Polyketide	skeletal muscle myofibril [GO:0098723]	42.5
Polyketide	stress fiber [GO:0001725]	42.5
Polyketide	filamentous actin [GO:0031941]	42.5
Polyketide	actin filament bundle [GO:0032432]	42.5
Polyketide	lamellipodium [GO:0030027]	42.5
Polyketide	striated muscle thin filament [GO:0005865]	42.5
Polyketide	cytoplasm [GO:0005737]	42.5
Polyketide	filopodium [GO:0030175]	42.5
Polyketide	extracellular space [GO:0005615]	33.83
Polyketide	azurophil granule lumen [GO:0035578]	33.83
Polyketide	extracellular region [GO:0005576]	33.83
Polyketide	extracellular exosome [GO:0070062]	33.83
Polyketide	nucleoplasm [GO:0005654]	63.85
Polyketide	chromatin [GO:0000785]	63.85
Polyketide	host cell nucleus [GO:0042025]	23.08
Polyketide	host cell endoplasmic reticulum membrane [GO:0044167]	23.08
Polyketide	host cell endoplasmic reticulum-Golgi intermediate compartment [GO:0044172]	23.08
Polyketide	host cell Golgi apparatus [GO:0044177]	23.08
Polyketide	host cell endosome [GO:0044174]	23.08
Polyketide	membrane [GO:0016020]	23.08
Polyketide	double membrane vesicle viral factory outer membrane [GO:0062243]	23.08
Polyketide	host cell perinuclear region of cytoplasm [GO:0044220]	23.08
Polyketide	plasma membrane [GO:0005886]	24.65
Polyketide	periplasmic side of plasma membrane [GO:0098567]	24.65
Polyketide	membrane [GO:0016020]	24.65
Polyketide	outer membrane-bounded periplasmic space [GO:0030288]	24.65
Polyketide	efflux pump complex [GO:1990281]	24.65
Polyketide	extracellular space [GO:0005615]	34.25
Polyketide	azurophil granule lumen [GO:0035578]	34.25
Polyketide	extracellular region [GO:0005576]	34.25
Polyketide	extracellular exosome [GO:0070062]	34.25
Polyketide	extracellular space [GO:0005615]	24.92
Polyketide	azurophil granule lumen [GO:0035578]	24.92
Polyketide	extracellular region [GO:0005576]	24.92
Polyketide	extracellular exosome [GO:0070062]	24.92
Polyketide	extracellular space [GO:0005615]	0.0
Polyketide	azurophil granule lumen [GO:0035578]	0.0
Polyketide	extracellular region [GO:0005576]	0.0
Polyketide	extracellular exosome [GO:0070062]	0.0
Polyketide	sarcoplasmic reticulum membrane [GO:0033017]	44.0
Polyketide	cytoplasmic side of membrane [GO:0098562]	44.0
Polyketide	cytosol [GO:0005829]	44.0
Polyketide	Z disc [GO:0030018]	44.0
Polyketide	sarcoplasmic reticulum [GO:0016529]	44.0
Polyketide	terminal cisterna [GO:0014802]	44.0
Polyketide	membrane [GO:0016020]	44.0
Polyketide	ryanodine receptor complex [GO:1990425]	44.0
Polyketide	cytoplasm [GO:0005737]	44.0
Polyketide	cell body [GO:0044297]	26.6
Polyketide	actin filament [GO:0005884]	26.6
Polyketide	skeletal muscle myofibril [GO:0098723]	26.6
Polyketide	stress fiber [GO:0001725]	26.6
Polyketide	filamentous actin [GO:0031941]	26.6
Polyketide	actin filament bundle [GO:0032432]	26.6
Polyketide	lamellipodium [GO:0030027]	26.6
Polyketide	striated muscle thin filament [GO:0005865]	26.6
Polyketide	cytoplasm [GO:0005737]	26.6
Polyketide	filopodium [GO:0030175]	26.6
Polyketide	endoplasmic reticulum [GO:0005783]	3.62
Polyketide	AIP1-IRE1 complex [GO:1990597]	3.62
Polyketide	nuclear inner membrane [GO:0005637]	3.62
Polyketide	endoplasmic reticulum membrane [GO:0005789]	3.62
Polyketide	mitochondrion [GO:0005739]	3.62
Polyketide	IRE1-RACK1-PP2A complex [GO:1990630]	3.62
Polyketide	cytoplasm [GO:0005737]	3.62
Polyketide	IRE1-TRAF2-ASK1 complex [GO:1990604]	3.62
Polyketide	nucleus [GO:0005634]	48.18
Polyketide	nucleus [GO:0005634]	39.95
Polyketide	cytoplasm [GO:0005737]	39.95
Polyketide	cytosol [GO:0005829]	39.95
Polyketide	sarcoplasmic reticulum membrane [GO:0033017]	49.45
Polyketide	cytoplasmic side of membrane [GO:0098562]	49.45
Polyketide	cytosol [GO:0005829]	49.45
Polyketide	Z disc [GO:0030018]	49.45
Polyketide	sarcoplasmic reticulum [GO:0016529]	49.45
Polyketide	terminal cisterna [GO:0014802]	49.45
Polyketide	membrane [GO:0016020]	49.45
Polyketide	ryanodine receptor complex [GO:1990425]	49.45
Polyketide	cytoplasm [GO:0005737]	49.45
Polyketide	nuclear periphery [GO:0034399]	-27.0
Polyketide	main axon [GO:0044304]	-27.0
Polyketide	neurofibrillary tangle [GO:0097418]	-27.0
Polyketide	neuron projection [GO:0043005]	-27.0
Polyketide	somatodendritic compartment [GO:0036477]	-27.0
Polyketide	microtubule [GO:0005874]	-27.0
Polyketide	cytoplasm [GO:0005737]	-27.0
Polyketide	neuronal cell body [GO:0043025]	-27.0
Polyketide	cell body [GO:0044297]	-27.0
Polyketide	nuclear speck [GO:0016607]	-27.0
Polyketide	growth cone [GO:0030426]	-27.0
Polyketide	membrane raft [GO:0045121]	-27.0
Polyketide	dendrite [GO:0030425]	-27.0
Polyketide	tubulin complex [GO:0045298]	-27.0
Polyketide	microtubule cytoskeleton [GO:0015630]	-27.0
Polyketide	cytosol [GO:0005829]	-27.0
Polyketide	axolemma [GO:0030673]	-27.0
Polyketide	glial cell projection [GO:0097386]	-27.0
Polyketide	dendritic spine [GO:0043197]	-27.0
Polyketide	extracellular region [GO:0005576]	-27.0
Polyketide	cytoplasmic ribonucleoprotein granule [GO:0036464]	-27.0
Polyketide	nucleus [GO:0005634]	-27.0
Polyketide	axon cytoplasm [GO:1904115]	-27.0
Polyketide	plasma membrane [GO:0005886]	-27.0
Polyketide	mitochondrion [GO:0005739]	-27.0
Polyketide	axon [GO:0030424]	-27.0
Polyketide	RSC-type complex [GO:0016586]	52.15
Polyketide	kinetochore [GO:0000776]	52.15
Polyketide	SWI/SNF complex [GO:0016514]	52.15
Polyketide	nucleoplasm [GO:0005654]	52.15
Polyketide	nuclear matrix [GO:0016363]	52.15
Polyketide	chromatin [GO:0000785]	52.15
Polyketide	nuclear chromosome [GO:0000228]	52.15
Polyketide	nucleus [GO:0005634]	52.15
Polyketide	transporter complex [GO:1990351]	28.62
Polyketide	plasma membrane [GO:0005886]	28.62
Polyketide	membrane [GO:0016020]	28.62
Polyketide	ATP-binding cassette (ABC) transporter complex [GO:0043190]	28.62
Polyketide	cytoplasm [GO:0005737]	28.62
Polyketide	membrane [GO:0016020]	37.86
Polyketide	cytosol [GO:0005829]	34.89
Polyketide	plasma membrane [GO:0005886]	34.89
Polyketide	peptidoglycan-based cell wall [GO:0009274]	34.89
Polyketide	node of Ranvier [GO:0033268]	64.53
Polyketide	synapse [GO:0045202]	64.53
Polyketide	plasma membrane [GO:0005886]	64.53
Polyketide	axon initial segment [GO:0043194]	64.53
Polyketide	voltage-gated potassium channel complex [GO:0008076]	64.53
Polyketide	membrane [GO:0016020]	44.3
Polyketide	node of Ranvier [GO:0033268]	68.14
Polyketide	synapse [GO:0045202]	68.14
Polyketide	plasma membrane [GO:0005886]	68.14
Polyketide	axon initial segment [GO:0043194]	68.14
Polyketide	voltage-gated potassium channel complex [GO:0008076]	68.14
Polyketide	extracellular region [GO:0005576]	20.86
Polyketide	nucleoplasm [GO:0005654]	37.7
Polyketide	mitochondrial respiratory chain complex I [GO:0005747]	37.7
Polyketide	cytoplasm [GO:0005737]	14.86
Polyketide	extracellular space [GO:0005615]	39.73
Polyketide	azurophil granule lumen [GO:0035578]	39.73
Polyketide	extracellular region [GO:0005576]	39.73
Polyketide	extracellular exosome [GO:0070062]	39.73
Polyketide	histone deacetylase complex [GO:0000118]	19.43
Polyketide	protein-containing complex [GO:0032991]	67.19
Polyketide	cytosol [GO:0005829]	67.19
Polyketide	nucleoplasm [GO:0005654]	67.19
Polyketide	membrane [GO:0016020]	67.19
Polyketide	plasma membrane [GO:0005886]	67.19
Polyketide	euchromatin [GO:0000791]	67.19
Polyketide	chromatin [GO:0000785]	67.19
Polyketide	transcription regulator complex [GO:0005667]	67.19
Polyketide	nucleus [GO:0005634]	67.19
Polyketide	cytoplasm [GO:0005737]	67.19
Polyketide	Golgi apparatus [GO:0005794]	67.19
Polyketide	membrane [GO:0016020]	58.52
Polyketide	protein-containing complex [GO:0032991]	59.95
Polyketide	cytosol [GO:0005829]	59.95
Polyketide	nucleoplasm [GO:0005654]	59.95
Polyketide	membrane [GO:0016020]	59.95
Polyketide	plasma membrane [GO:0005886]	59.95
Polyketide	euchromatin [GO:0000791]	59.95
Polyketide	chromatin [GO:0000785]	59.95
Polyketide	transcription regulator complex [GO:0005667]	59.95
Polyketide	nucleus [GO:0005634]	59.95
Polyketide	cytoplasm [GO:0005737]	59.95
Polyketide	Golgi apparatus [GO:0005794]	59.95
Polyketide	cytoplasm [GO:0005737]	48.63
Polyketide	Sin3-type complex [GO:0070822]	27.44
Polyketide	cytosol [GO:0005829]	27.44
Polyketide	plasma membrane [GO:0005886]	27.44
Polyketide	nucleoplasm [GO:0005654]	27.44
Polyketide	protein kinase CK2 complex [GO:0005956]	27.44
Polyketide	nucleus [GO:0005634]	27.44
Polyketide	PML body [GO:0016605]	27.44
Polyketide	cytoplasm [GO:0005737]	19.2
Polyketide	protein-containing complex [GO:0032991]	12.86
Polyketide	cell body [GO:0044297]	12.86
Polyketide	actin filament [GO:0005884]	12.86
Polyketide	stress fiber [GO:0001725]	12.86
Polyketide	lamellipodium [GO:0030027]	12.86
Polyketide	actin cytoskeleton [GO:0015629]	12.86
Polyketide	striated muscle thin filament [GO:0005865]	12.86
Polyketide	sarcomere [GO:0030017]	12.86
Polyketide	cytoplasm [GO:0005737]	12.86
Polyketide	filopodium [GO:0030175]	12.86
Polyketide	microtubule [GO:0005874]	13.7
Polyketide	cytoplasm [GO:0005737]	13.7
Polyketide	bicellular tight junction [GO:0005923]	35.67
Polyketide	cytosol [GO:0005829]	35.67
Polyketide	Golgi membrane [GO:0000139]	35.67
Polyketide	plasma membrane [GO:0005886]	35.67
Polyketide	membrane [GO:0016020]	35.67
Polyketide	growth cone [GO:0030426]	35.67
Polyketide	adherens junction [GO:0005912]	35.67
Polyketide	cytoplasm [GO:0005737]	35.67
Polyketide	nuclear chromosome [GO:0000228]	62.6
Polyketide	histone deacetylase complex [GO:0000118]	62.6
Polyketide	cytoplasm [GO:0005737]	62.6
Polyketide	nucleoplasm [GO:0005654]	62.6
Polyketide	nucleus [GO:0005634]	62.6
Polyketide	protein-containing complex [GO:0032991]	67.19
Polyketide	cytosol [GO:0005829]	67.19
Polyketide	nucleoplasm [GO:0005654]	67.19
Polyketide	membrane [GO:0016020]	67.19
Polyketide	plasma membrane [GO:0005886]	67.19
Polyketide	euchromatin [GO:0000791]	67.19
Polyketide	chromatin [GO:0000785]	67.19
Polyketide	transcription regulator complex [GO:0005667]	67.19
Polyketide	nucleus [GO:0005634]	67.19
Polyketide	cytoplasm [GO:0005737]	67.19
Polyketide	Golgi apparatus [GO:0005794]	67.19
Polyketide	collagen-containing extracellular matrix [GO:0062023]	24.9
Polyketide	lysosomal lumen [GO:0043202]	24.9
Polyketide	lysosome [GO:0005764]	24.9
Polyketide	tertiary granule lumen [GO:1904724]	24.9
Polyketide	ficolin-1-rich granule lumen [GO:1904813]	24.9
Polyketide	endolysosome lumen [GO:0036021]	24.9
Polyketide	intracellular membrane-bounded organelle [GO:0043231]	24.9
Polyketide	extracellular region [GO:0005576]	24.9
Polyketide	extracellular space [GO:0005615]	24.9
Polyketide	late endosome [GO:0005770]	24.9
Polyketide	phagocytic vesicle [GO:0045335]	24.9
Polyketide	protein-containing complex [GO:0032991]	56.5
Polyketide	endocytic vesicle membrane [GO:0030666]	56.5
Polyketide	cytosol [GO:0005829]	56.5
Polyketide	transcription repressor complex [GO:0017053]	56.5
Polyketide	nucleoplasm [GO:0005654]	56.5
Polyketide	plasma membrane [GO:0005886]	56.5
Polyketide	nucleus [GO:0005634]	56.5
Polyketide	cytoplasm [GO:0005737]	56.5
Polyketide	nucleolus [GO:0005730]	56.5
Polyketide	nucleoid [GO:0009295]	9.0
Polyketide	periplasmic space [GO:0042597]	16.6
Polyketide	protein-containing complex [GO:0032991]	54.8
Polyketide	cytosol [GO:0005829]	54.8
Polyketide	nucleoplasm [GO:0005654]	54.8
Polyketide	membrane [GO:0016020]	54.8
Polyketide	plasma membrane [GO:0005886]	54.8
Polyketide	euchromatin [GO:0000791]	54.8
Polyketide	chromatin [GO:0000785]	54.8
Polyketide	transcription regulator complex [GO:0005667]	54.8
Polyketide	nucleus [GO:0005634]	54.8
Polyketide	cytoplasm [GO:0005737]	54.8
Polyketide	Golgi apparatus [GO:0005794]	54.8
Polyketide	membrane [GO:0016020]	33.05
Polyketide	clathrin-sculpted monoamine transport vesicle membrane [GO:0070083]	33.05
Polyketide	terminal bouton [GO:0043195]	33.05
Polyketide	centrosome [GO:0005813]	33.05
Polyketide	plasma membrane [GO:0005886]	33.05
Polyketide	intracellular membrane-bounded organelle [GO:0043231]	33.05
Polyketide	dendrite [GO:0030425]	33.05
Polyketide	dopaminergic synapse [GO:0098691]	33.05
Polyketide	secretory granule membrane [GO:0030667]	33.05
Polyketide	synaptic vesicle membrane [GO:0030672]	33.05
Polyketide	axon [GO:0030424]	33.05
Polyketide	synaptic vesicle [GO:0008021]	33.05
Polyketide	extracellular space [GO:0005615]	33.8
Polyketide	azurophil granule lumen [GO:0035578]	33.8
Polyketide	extracellular region [GO:0005576]	33.8
Polyketide	extracellular exosome [GO:0070062]	33.8
Polyketide	DNA-directed RNA polymerase complex [GO:0000428]	14.77
Polyketide	voltage-gated potassium channel complex [GO:0008076]	23.12
Polyketide	endoplasmic reticulum [GO:0005783]	23.12
Polyketide	cell surface [GO:0009986]	23.12
Polyketide	apical plasma membrane [GO:0016324]	23.12
Polyketide	plasma membrane [GO:0005886]	23.12
Polyketide	endoplasmic reticulum membrane [GO:0005789]	23.12
Polyketide	astrocyte projection [GO:0097449]	23.12
Polyketide	calyx of Held [GO:0044305]	23.12
Polyketide	neuronal cell body [GO:0043025]	23.12
Polyketide	extracellular space [GO:0005615]	36.3
Polyketide	azurophil granule lumen [GO:0035578]	36.3
Polyketide	extracellular region [GO:0005576]	36.3
Polyketide	extracellular exosome [GO:0070062]	36.3
Polyketide	chloride channel complex [GO:0034707]	52.58
Polyketide	postsynaptic membrane [GO:0045211]	52.58
Polyketide	perikaryon [GO:0043204]	52.58
Polyketide	membrane [GO:0016020]	52.58
Polyketide	plasma membrane [GO:0005886]	52.58
Polyketide	dendrite [GO:0030425]	52.58
Polyketide	neuron projection [GO:0043005]	52.58
Polyketide	synapse [GO:0045202]	52.58
Polyketide	cytoplasm [GO:0005737]	35.83
Polyketide	cytoplasm [GO:0005737]	42.87
Polyketide	vesicle [GO:0031982]	32.27
Polyketide	cytoplasm [GO:0005737]	32.27
Polyketide	secretory granule lumen [GO:0034774]	32.27
Polyketide	cytosol [GO:0005829]	32.27
Polyketide	ficolin-1-rich granule lumen [GO:1904813]	32.27
Polyketide	extracellular exosome [GO:0070062]	32.27
Polyketide	nucleoplasm [GO:0005654]	32.27
Polyketide	plasma membrane [GO:0005886]	32.27
Polyketide	extracellular region [GO:0005576]	32.27
Polyketide	extracellular space [GO:0005615]	32.27
Polyketide	cell surface [GO:0009986]	32.27
Polyketide	nuclear speck [GO:0016607]	27.74
Polyketide	dendrite [GO:0030425]	27.74
Polyketide	cytoplasm [GO:0005737]	27.74
Polyketide	nucleoplasm [GO:0005654]	27.74
Polyketide	cytoskeleton [GO:0005856]	27.74
Polyketide	axon [GO:0030424]	27.74
Polyketide	ribonucleoprotein complex [GO:1990904]	27.74
Polyketide	nucleus [GO:0005634]	27.74
Polyketide	protein-containing complex [GO:0032991]	68.55
Polyketide	cytosol [GO:0005829]	68.55
Polyketide	nucleoplasm [GO:0005654]	68.55
Polyketide	membrane [GO:0016020]	68.55
Polyketide	plasma membrane [GO:0005886]	68.55
Polyketide	euchromatin [GO:0000791]	68.55
Polyketide	chromatin [GO:0000785]	68.55
Polyketide	transcription regulator complex [GO:0005667]	68.55
Polyketide	nucleus [GO:0005634]	68.55
Polyketide	cytoplasm [GO:0005737]	68.55
Polyketide	Golgi apparatus [GO:0005794]	68.55
Polyketide	endoplasmic reticulum lumen [GO:0005788]	36.25
Polyketide	protein-containing complex [GO:0032991]	36.25
Polyketide	endoplasmic reticulum [GO:0005783]	36.25
Polyketide	extracellular exosome [GO:0070062]	36.25
Polyketide	blood microparticle [GO:0072562]	36.25
Polyketide	platelet alpha granule lumen [GO:0031093]	36.25
Polyketide	extracellular region [GO:0005576]	36.25
Polyketide	extracellular space [GO:0005615]	36.25
Polyketide	nucleus [GO:0005634]	36.25
Polyketide	cytoplasm [GO:0005737]	36.25
Polyketide	Golgi apparatus [GO:0005794]	36.25
Polyketide	DNA-directed RNA polymerase complex [GO:0000428]	0.96
Polyketide	calcium channel complex [GO:0034704]	33.83
Polyketide	voltage-gated calcium channel complex [GO:0005891]	33.83
Polyketide	perinuclear region of cytoplasm [GO:0048471]	33.83
Polyketide	apical plasma membrane [GO:0016324]	33.83
Polyketide	cytosol [GO:0005829]	33.83
Polyketide	plasma membrane [GO:0005886]	33.83
Polyketide	membrane [GO:0016020]	33.83
Polyketide	nucleus [GO:0005634]	33.83
Polyketide	microtubule organizing center [GO:0005815]	33.83
Polyketide	nuclear chromosome [GO:0000228]	51.0
Polyketide	histone deacetylase complex [GO:0000118]	51.0
Polyketide	cytoplasm [GO:0005737]	51.0
Polyketide	nucleoplasm [GO:0005654]	51.0
Polyketide	nucleus [GO:0005634]	51.0
Polyketide	dendrite [GO:0030425]	45.38
Polyketide	chloride channel complex [GO:0034707]	45.38
Polyketide	neuron projection [GO:0043005]	45.38
Polyketide	plasma membrane [GO:0005886]	45.38
Polyketide	membrane [GO:0016020]	45.38
Polyketide	postsynaptic membrane [GO:0045211]	45.38
Polyketide	synapse [GO:0045202]	45.38
Polyketide	perikaryon [GO:0043204]	45.38
Polyketide	epidermal lamellar body [GO:0097209]	19.0
Polyketide	extracellular region [GO:0005576]	19.0
Polyketide	extracellular space [GO:0005615]	19.0
Polyketide	secretory granule [GO:0030141]	19.0
Polyketide	cornified envelope [GO:0001533]	19.0
Polyketide	periplasmic space [GO:0042597]	62.0
Polyketide	dendrite [GO:0030425]	20.67
Polyketide	cytosol [GO:0005829]	20.67
Polyketide	synapse [GO:0045202]	20.67
Polyketide	nucleus [GO:0005634]	20.67
Polyketide	cytoplasm [GO:0005737]	20.67
Polyketide	neuronal cell body [GO:0043025]	20.67
Polyketide	plasma membrane [GO:0005886]	18.62
Polyketide	periplasmic space [GO:0042597]	16.08
Polyketide	membrane [GO:0016020]	29.53
Polyketide	endoplasmic reticulum [GO:0005783]	29.53
Polyketide	endoplasmic reticulum membrane [GO:0005789]	29.53
Polyketide	protein-containing complex [GO:0032991]	38.4
Polyketide	centrosome [GO:0005813]	38.4
Polyketide	perinuclear region of cytoplasm [GO:0048471]	38.4
Polyketide	cytosol [GO:0005829]	38.4
Polyketide	extracellular exosome [GO:0070062]	38.4
Polyketide	photoreceptor outer segment [GO:0001750]	38.4
Polyketide	ciliary basal body [GO:0036064]	38.4
Polyketide	photoreceptor inner segment [GO:0001917]	38.4
Polyketide	centriole [GO:0005814]	38.4
Polyketide	microtubule organizing center [GO:0005815]	38.4
Polyketide	cytoplasm [GO:0005737]	23.07
Polyketide	mitochondrial proton-transporting ATP synthase, catalytic core [GO:0005754]	44.87
Polyketide	proton-transporting ATP synthase complex, catalytic core F(1) [GO:0045261]	44.87
Polyketide	mitochondrial proton-transporting ATP synthase complex [GO:0005753]	44.87
Polyketide	cytosol [GO:0005829]	44.87
Polyketide	mitochondrial nucleoid [GO:0042645]	44.87
Polyketide	mitochondrion [GO:0005739]	44.87
Polyketide	mitochondrial intermembrane space [GO:0005758]	44.87
Polyketide	mitochondrial inner membrane [GO:0005743]	44.87
Polyketide	sarcoplasmic reticulum membrane [GO:0033017]	44.06
Polyketide	cytoplasmic side of membrane [GO:0098562]	44.06
Polyketide	cytosol [GO:0005829]	44.06
Polyketide	Z disc [GO:0030018]	44.06
Polyketide	sarcoplasmic reticulum [GO:0016529]	44.06
Polyketide	terminal cisterna [GO:0014802]	44.06
Polyketide	membrane [GO:0016020]	44.06
Polyketide	ryanodine receptor complex [GO:1990425]	44.06
Polyketide	cytoplasm [GO:0005737]	44.06
Polyketide	protein-containing complex [GO:0032991]	63.46
Polyketide	cytosol [GO:0005829]	63.46
Polyketide	nucleoplasm [GO:0005654]	63.46
Polyketide	membrane [GO:0016020]	63.46
Polyketide	plasma membrane [GO:0005886]	63.46
Polyketide	euchromatin [GO:0000791]	63.46
Polyketide	chromatin [GO:0000785]	63.46
Polyketide	transcription regulator complex [GO:0005667]	63.46
Polyketide	nucleus [GO:0005634]	63.46
Polyketide	cytoplasm [GO:0005737]	63.46
Polyketide	Golgi apparatus [GO:0005794]	63.46
Polyketide	chloroplast stroma [GO:0009570]	50.93
Polyketide	endoplasmic reticulum [GO:0005783]	50.93
Polyketide	chloroplast [GO:0009507]	50.93
Polyketide	cytosol [GO:0005829]	50.93
Polyketide	intracellular membrane-bounded organelle [GO:0043231]	50.93
Polyketide	plasma membrane [GO:0005886]	50.93
Polyketide	apoplast [GO:0048046]	50.93
Polyketide	plasmodesma [GO:0009506]	50.93
Polyketide	plant-type vacuole [GO:0000325]	50.93
Polyketide	sarcoplasmic reticulum membrane [GO:0033017]	51.24
Polyketide	cytoplasmic side of membrane [GO:0098562]	51.24
Polyketide	cytosol [GO:0005829]	51.24
Polyketide	Z disc [GO:0030018]	51.24
Polyketide	sarcoplasmic reticulum [GO:0016529]	51.24
Polyketide	extracellular exosome [GO:0070062]	51.24
Polyketide	membrane [GO:0016020]	51.24
Polyketide	ryanodine receptor complex [GO:1990425]	51.24
Polyketide	cytoplasm [GO:0005737]	51.24
Polyketide	neuron projection [GO:0043005]	58.55
Polyketide	synapse [GO:0045202]	58.55
Polyketide	postsynaptic membrane [GO:0045211]	58.55
Polyketide	protein-containing complex [GO:0032991]	68.55
Polyketide	cytosol [GO:0005829]	68.55
Polyketide	nucleoplasm [GO:0005654]	68.55
Polyketide	membrane [GO:0016020]	68.55
Polyketide	plasma membrane [GO:0005886]	68.55
Polyketide	euchromatin [GO:0000791]	68.55
Polyketide	chromatin [GO:0000785]	68.55
Polyketide	transcription regulator complex [GO:0005667]	68.55
Polyketide	nucleus [GO:0005634]	68.55
Polyketide	cytoplasm [GO:0005737]	68.55
Polyketide	Golgi apparatus [GO:0005794]	68.55
Polyketide	plasma membrane [GO:0005886]	50.0
Polyketide	proton-transporting ATP synthase complex, coupling factor F(o) [GO:0045263]	50.0
Polyketide	plasma membrane [GO:0005886]	63.38
Polyketide	extracellular space [GO:0005615]	40.83
Polyketide	azurophil granule lumen [GO:0035578]	40.83
Polyketide	extracellular region [GO:0005576]	40.83
Polyketide	extracellular exosome [GO:0070062]	40.83
Polyketide	protein-DNA complex [GO:0032993]	31.4
Polyketide	nucleoplasm [GO:0005654]	49.47
Polyketide	cytosol [GO:0005829]	49.47
Polyketide	extracellular exosome [GO:0070062]	49.47
Polyketide	fungal biofilm matrix [GO:0062040]	-30.0
Polyketide	cytoplasm [GO:0005737]	-30.0
Polyketide	extracellular region [GO:0005576]	-30.0
Polyketide	host cell nucleus [GO:0042025]	31.6
Polyketide	viral envelope [GO:0019031]	31.6
Polyketide	host cell plasma membrane [GO:0020002]	31.6
Polyketide	host cell lipid droplet [GO:0044186]	31.6
Polyketide	host cell endoplasmic reticulum membrane [GO:0044167]	31.6
Polyketide	host cell mitochondrial membrane [GO:0044191]	31.6
Polyketide	ribonucleoprotein complex [GO:1990904]	31.6
Polyketide	membrane [GO:0016020]	31.6
Polyketide	viral nucleocapsid [GO:0019013]	31.6
Polyketide	virion membrane [GO:0055036]	31.6
Polyketide	host cell perinuclear region of cytoplasm [GO:0044220]	31.6
Polyketide	protein-containing complex [GO:0032991]	56.07
Polyketide	cytosol [GO:0005829]	56.07
Polyketide	nucleoplasm [GO:0005654]	56.07
Polyketide	membrane [GO:0016020]	56.07
Polyketide	plasma membrane [GO:0005886]	56.07
Polyketide	euchromatin [GO:0000791]	56.07
Polyketide	chromatin [GO:0000785]	56.07
Polyketide	transcription regulator complex [GO:0005667]	56.07
Polyketide	nucleus [GO:0005634]	56.07
Polyketide	cytoplasm [GO:0005737]	56.07
Polyketide	Golgi apparatus [GO:0005794]	56.07
Polyketide	extracellular space [GO:0005615]	38.89
Polyketide	azurophil granule lumen [GO:0035578]	38.89
Polyketide	extracellular region [GO:0005576]	38.89
Polyketide	extracellular exosome [GO:0070062]	38.89
Polyketide	extracellular space [GO:0005615]	14.47
Polyketide	host cell nucleus [GO:0042025]	44.9
Polyketide	host cell plasma membrane [GO:0020002]	44.9
Polyketide	membrane [GO:0016020]	44.9
Polyketide	viral nucleocapsid [GO:0019013]	44.9
Polyketide	host multivesicular body [GO:0072494]	44.9
Polyketide	virion membrane [GO:0055036]	44.9
Polyketide	tertiary granule lumen [GO:1904724]	37.47
Polyketide	cytosol [GO:0005829]	37.47
Polyketide	ficolin-1-rich granule lumen [GO:1904813]	37.47
Polyketide	extracellular exosome [GO:0070062]	37.47
Polyketide	nucleoplasm [GO:0005654]	37.47
Polyketide	extracellular region [GO:0005576]	37.47
Polyketide	nucleus [GO:0005634]	37.47
Polyketide	chromosome [GO:0005694]	11.86
Polyketide	nuclear chromosome [GO:0000228]	42.89
Polyketide	histone deacetylase complex [GO:0000118]	42.89
Polyketide	cytoplasm [GO:0005737]	42.89
Polyketide	nucleoplasm [GO:0005654]	42.89
Polyketide	nucleus [GO:0005634]	42.89
Polyketide	extracellular space [GO:0005615]	35.3
Polyketide	azurophil granule lumen [GO:0035578]	35.3
Polyketide	extracellular region [GO:0005576]	35.3
Polyketide	extracellular exosome [GO:0070062]	35.3
Polyketide	fibrillar center [GO:0001650]	4.06
Polyketide	nuclear inner membrane [GO:0005637]	4.06
Polyketide	heterochromatin [GO:0000792]	4.06
Polyketide	nuclear envelope [GO:0005635]	4.06
Polyketide	PML body [GO:0016605]	4.06
Polyketide	cytosol [GO:0005829]	4.06
Polyketide	eNoSc complex [GO:0061773]	4.06
Polyketide	rDNA heterochromatin [GO:0033553]	4.06
Polyketide	nucleoplasm [GO:0005654]	4.06
Polyketide	mitochondrion [GO:0005739]	4.06
Polyketide	euchromatin [GO:0000791]	4.06
Polyketide	chromatin [GO:0000785]	4.06
Polyketide	chromatin silencing complex [GO:0005677]	4.06
Polyketide	nucleus [GO:0005634]	4.06
Polyketide	cytoplasm [GO:0005737]	4.06
Polyketide	nucleolus [GO:0005730]	4.06
Polyketide	mitochondrial respiratory chain complex I [GO:0005747]	49.24
Polyketide	mitochondrial inner membrane [GO:0005743]	49.24
Polyketide	extracellular space [GO:0005615]	0.0
Polyketide	extracellular region [GO:0005576]	0.0
Polyketide	efflux pump complex [GO:1990281]	27.33
Polyketide	outer membrane-bounded periplasmic space [GO:0030288]	27.33
Polyketide	periplasmic side of plasma membrane [GO:0098567]	27.33
Polyketide	plasma membrane [GO:0005886]	27.33
Polyketide	membrane [GO:0016020]	27.33
Polyketide	mitochondrial proton-transporting ATP synthase complex [GO:0005753]	0.0
Polyketide	cytosol [GO:0005829]	0.0
Polyketide	mitochondrial proton-transporting ATP synthase complex, coupling factor F(o) [GO:0000276]	0.0
Polyketide	mitochondrion [GO:0005739]	0.0
Polyketide	mitochondrial intermembrane space [GO:0005758]	0.0
Polyketide	mitochondrial inner membrane [GO:0005743]	0.0
Polyketide	chromosome [GO:0005694]	16.71
Polyketide	cytoplasm [GO:0005737]	16.71
Polyketide	skeletal muscle myofibril [GO:0098723]	0.0
Polyketide	lamellipodium [GO:0030027]	0.0
Polyketide	cytoplasm [GO:0005737]	0.0
Polyketide	actin filament bundle [GO:0032432]	0.0
Polyketide	stress fiber [GO:0001725]	0.0
Polyketide	actin filament [GO:0005884]	0.0
Polyketide	filamentous actin [GO:0031941]	0.0
Polyketide	cell body [GO:0044297]	0.0
Polyketide	striated muscle thin filament [GO:0005865]	0.0
Polyketide	filopodium [GO:0030175]	0.0
Polyketide	microtubule [GO:0005874]	39.45
Polyketide	cytoplasm [GO:0005737]	39.45
Polyketide	microtubule cytoskeleton [GO:0015630]	39.45
Polyketide	protein-containing complex [GO:0032991]	61.25
Polyketide	cytosol [GO:0005829]	61.25
Polyketide	nucleoplasm [GO:0005654]	61.25
Polyketide	membrane [GO:0016020]	61.25
Polyketide	plasma membrane [GO:0005886]	61.25
Polyketide	euchromatin [GO:0000791]	61.25
Polyketide	chromatin [GO:0000785]	61.25
Polyketide	transcription regulator complex [GO:0005667]	61.25
Polyketide	nucleus [GO:0005634]	61.25
Polyketide	cytoplasm [GO:0005737]	61.25
Polyketide	Golgi apparatus [GO:0005794]	61.25
Polyketide	protein-containing complex [GO:0032991]	68.64
Polyketide	cytosol [GO:0005829]	68.64
Polyketide	nucleoplasm [GO:0005654]	68.64
Polyketide	membrane [GO:0016020]	68.64
Polyketide	plasma membrane [GO:0005886]	68.64
Polyketide	euchromatin [GO:0000791]	68.64
Polyketide	chromatin [GO:0000785]	68.64
Polyketide	transcription regulator complex [GO:0005667]	68.64
Polyketide	nucleus [GO:0005634]	68.64
Polyketide	cytoplasm [GO:0005737]	68.64
Polyketide	Golgi apparatus [GO:0005794]	68.64
Polyketide	RSC-type complex [GO:0016586]	47.43
Polyketide	kinetochore [GO:0000776]	47.43
Polyketide	SWI/SNF complex [GO:0016514]	47.43
Polyketide	nucleoplasm [GO:0005654]	47.43
Polyketide	nuclear matrix [GO:0016363]	47.43
Polyketide	chromatin [GO:0000785]	47.43
Polyketide	nuclear chromosome [GO:0000228]	47.43
Polyketide	nucleus [GO:0005634]	47.43
Polyketide	chloride channel complex [GO:0034707]	57.17
Polyketide	postsynaptic membrane [GO:0045211]	57.17
Polyketide	perikaryon [GO:0043204]	57.17
Polyketide	membrane [GO:0016020]	57.17
Polyketide	plasma membrane [GO:0005886]	57.17
Polyketide	dendrite [GO:0030425]	57.17
Polyketide	neuron projection [GO:0043005]	57.17
Polyketide	synapse [GO:0045202]	57.17
Polyketide	mitochondrial matrix [GO:0005759]	51.05
Polyketide	mitochondrion [GO:0005739]	51.05
Polyketide	extracellular exosome [GO:0070062]	51.05
Polyketide	endoplasmic reticulum lumen [GO:0005788]	51.64
Polyketide	endoplasmic reticulum [GO:0005783]	51.64
Polyketide	cytosol [GO:0005829]	51.64
Polyketide	lipid droplet [GO:0005811]	51.64
Polyketide	cytoplasm [GO:0005737]	51.64
Polyketide	plasma membrane [GO:0005886]	1.18
Polyketide	DNA-directed RNA polymerase complex [GO:0000428]	1.18
Polyketide	cytosol [GO:0005829]	1.18
Polyketide	peptidoglycan-based cell wall [GO:0009274]	1.18
Polyketide	melanosome [GO:0042470]	78.14
Polyketide	axonal growth cone [GO:0044295]	78.14
Polyketide	cell body [GO:0044297]	78.14
Polyketide	endomembrane system [GO:0012505]	78.14
Polyketide	lamellipodium [GO:0030027]	78.14
Polyketide	growth cone membrane [GO:0032584]	78.14
Polyketide	plasma membrane [GO:0005886]	78.14
Polyketide	axon [GO:0030424]	78.14
Polyketide	cell surface [GO:0009986]	78.14
Polyketide	node of Ranvier [GO:0033268]	91.67
Polyketide	synapse [GO:0045202]	91.67
Polyketide	plasma membrane [GO:0005886]	91.67
Polyketide	axon initial segment [GO:0043194]	91.67
Polyketide	voltage-gated potassium channel complex [GO:0008076]	91.67
Polyketide	microtubule [GO:0005874]	29.61
Polyketide	cytoplasm [GO:0005737]	29.61
Polyketide	microtubule cytoskeleton [GO:0015630]	29.61
Polyketide	node of Ranvier [GO:0033268]	77.33
Polyketide	synapse [GO:0045202]	77.33
Polyketide	plasma membrane [GO:0005886]	77.33
Polyketide	axon initial segment [GO:0043194]	77.33
Polyketide	voltage-gated potassium channel complex [GO:0008076]	77.33
Polyketide	cell body [GO:0044297]	8.05
Polyketide	actin filament [GO:0005884]	8.05
Polyketide	skeletal muscle myofibril [GO:0098723]	8.05
Polyketide	stress fiber [GO:0001725]	8.05
Polyketide	filamentous actin [GO:0031941]	8.05
Polyketide	actin filament bundle [GO:0032432]	8.05
Polyketide	lamellipodium [GO:0030027]	8.05
Polyketide	striated muscle thin filament [GO:0005865]	8.05
Polyketide	cytoplasm [GO:0005737]	8.05
Polyketide	filopodium [GO:0030175]	8.05
Polyketide	extracellular space [GO:0005615]	12.43
Polyketide	serine protease inhibitor complex [GO:0097180]	12.43
Polyketide	aggresome [GO:0016235]	34.89
Polyketide	cell projection [GO:0042995]	34.89
Polyketide	secretory granule membrane [GO:0030667]	34.89
Polyketide	ficolin-1-rich granule membrane [GO:0101003]	34.89
Polyketide	tertiary granule membrane [GO:0070821]	34.89
Polyketide	extracellular exosome [GO:0070062]	34.89
Polyketide	plasma membrane [GO:0005886]	34.89
Polyketide	membrane [GO:0016020]	34.89
Polyketide	specific granule membrane [GO:0035579]	34.89
Polyketide	perikaryon [GO:0043204]	34.89
Polyketide	extracellular space [GO:0005615]	27.18
Polyketide	protein-containing complex [GO:0032991]	27.18
Polyketide	aggresome [GO:0016235]	71.62
Polyketide	cell projection [GO:0042995]	71.62
Polyketide	secretory granule membrane [GO:0030667]	71.62
Polyketide	ficolin-1-rich granule membrane [GO:0101003]	71.62
Polyketide	tertiary granule membrane [GO:0070821]	71.62
Polyketide	extracellular exosome [GO:0070062]	71.62
Polyketide	plasma membrane [GO:0005886]	71.62
Polyketide	membrane [GO:0016020]	71.62
Polyketide	specific granule membrane [GO:0035579]	71.62
Polyketide	perikaryon [GO:0043204]	71.62
Polyketide	extracellular exosome [GO:0070062]	58.3
Polyketide	cytosol [GO:0005829]	58.3
Polyketide	nucleoplasm [GO:0005654]	58.3
Polyketide	protein-containing complex [GO:0032991]	58.3
Polyketide	peroxisomal matrix [GO:0005782]	58.3
Polyketide	apical cortex [GO:0045179]	58.3
Polyketide	nucleus [GO:0005634]	58.3
Polyketide	cytoplasm [GO:0005737]	46.47
Polyketide	cytosol [GO:0005829]	46.47
Polyketide	plasma membrane [GO:0005886]	37.33
Polyketide	proton-transporting ATP synthase complex, coupling factor F(o) [GO:0045263]	37.33
Polyketide	nucleoplasm [GO:0005654]	22.9
Polyketide	nucleus [GO:0005634]	22.9
Polyketide	cytoplasm [GO:0005737]	22.9
Polyketide	plasma membrane [GO:0005886]	50.0
Polyketide	proton-transporting ATP synthase complex, coupling factor F(o) [GO:0045263]	50.0
Polyketide	dendrite [GO:0030425]	59.11
Polyketide	chloride channel complex [GO:0034707]	59.11
Polyketide	neuron projection [GO:0043005]	59.11
Polyketide	plasma membrane [GO:0005886]	59.11
Polyketide	membrane [GO:0016020]	59.11
Polyketide	postsynaptic membrane [GO:0045211]	59.11
Polyketide	synapse [GO:0045202]	59.11
Polyketide	perikaryon [GO:0043204]	59.11
Polyketide	cell body [GO:0044297]	10.36
Polyketide	actin filament [GO:0005884]	10.36
Polyketide	skeletal muscle myofibril [GO:0098723]	10.36
Polyketide	stress fiber [GO:0001725]	10.36
Polyketide	filamentous actin [GO:0031941]	10.36
Polyketide	actin filament bundle [GO:0032432]	10.36
Polyketide	lamellipodium [GO:0030027]	10.36
Polyketide	striated muscle thin filament [GO:0005865]	10.36
Polyketide	cytoplasm [GO:0005737]	10.36
Polyketide	filopodium [GO:0030175]	10.36
Polyketide	protein-DNA complex [GO:0032993]	15.4
Polyketide	nucleoplasm [GO:0005654]	53.72
Polyketide	nucleus [GO:0005634]	53.72
Polyketide	cytoplasm [GO:0005737]	53.72
Polyketide	nucleolus [GO:0005730]	53.72
Polyketide	host cell nucleus [GO:0042025]	35.68
Polyketide	viral envelope [GO:0019031]	35.68
Polyketide	host cell plasma membrane [GO:0020002]	35.68
Polyketide	host cell lipid droplet [GO:0044186]	35.68
Polyketide	host cell endoplasmic reticulum membrane [GO:0044167]	35.68
Polyketide	host cell mitochondrial membrane [GO:0044191]	35.68
Polyketide	ribonucleoprotein complex [GO:1990904]	35.68
Polyketide	membrane [GO:0016020]	35.68
Polyketide	viral nucleocapsid [GO:0019013]	35.68
Polyketide	virion membrane [GO:0055036]	35.68
Polyketide	host cell perinuclear region of cytoplasm [GO:0044220]	35.68
Polyketide	membrane [GO:0016020]	31.77
Polyketide	endoplasmic reticulum [GO:0005783]	31.77
Polyketide	endoplasmic reticulum membrane [GO:0005789]	31.77
Polyketide	endoplasmic reticulum [GO:0005783]	20.85
Polyketide	mitochondrion [GO:0005739]	20.85
Polyketide	mitochondrial inner membrane [GO:0005743]	20.85
Polyketide	extracellular space [GO:0005615]	38.89
Polyketide	azurophil granule lumen [GO:0035578]	38.89
Polyketide	extracellular region [GO:0005576]	38.89
Polyketide	extracellular exosome [GO:0070062]	38.89
Polyketide	protein-DNA complex [GO:0032993]	49.04
Polyketide	nucleoplasm [GO:0005654]	24.44
Polyketide	paraspeckles [GO:0042382]	24.44
Polyketide	nucleus [GO:0005634]	24.44
Polyketide	Golgi apparatus [GO:0005794]	24.44
Polyketide	nucleolus [GO:0005730]	24.44
Polyketide	cytoplasmic side of endoplasmic reticulum membrane [GO:0098554]	8.67
Polyketide	protein-containing complex [GO:0032991]	8.67
Polyketide	endoplasmic reticulum [GO:0005783]	8.67
Polyketide	sorting endosome [GO:0097443]	8.67
Polyketide	endosome lumen [GO:0031904]	8.67
Polyketide	early endosome [GO:0005769]	8.67
Polyketide	cytosol [GO:0005829]	8.67
Polyketide	mitochondrial crista [GO:0030061]	8.67
Polyketide	mitochondrial matrix [GO:0005759]	8.67
Polyketide	cytoplasm [GO:0005737]	8.67
Polyketide	vesicle [GO:0031982]	20.63
Polyketide	protein-containing complex [GO:0032991]	20.63
Polyketide	focal adhesion [GO:0005925]	20.63
Polyketide	secretory granule lumen [GO:0034774]	20.63
Polyketide	cytosol [GO:0005829]	20.63
Polyketide	ficolin-1-rich granule lumen [GO:1904813]	20.63
Polyketide	extracellular exosome [GO:0070062]	20.63
Polyketide	membrane [GO:0016020]	20.63
Polyketide	extracellular region [GO:0005576]	20.63
Polyketide	extracellular space [GO:0005615]	20.63
Polyketide	nucleus [GO:0005634]	20.63
Polyketide	cytoplasm [GO:0005737]	20.63
Polyketide	cell outer membrane [GO:0009279]	34.25
Polyketide	efflux pump complex [GO:1990281]	25.46
Polyketide	outer membrane-bounded periplasmic space [GO:0030288]	25.46
Polyketide	periplasmic side of plasma membrane [GO:0098567]	25.46
Polyketide	plasma membrane [GO:0005886]	25.46
Polyketide	membrane [GO:0016020]	25.46
Polyketide	skeletal muscle myofibril [GO:0098723]	19.28
Polyketide	cell body [GO:0044297]	42.5
Polyketide	actin filament [GO:0005884]	42.5
Polyketide	skeletal muscle myofibril [GO:0098723]	42.5
Polyketide	stress fiber [GO:0001725]	42.5
Polyketide	filamentous actin [GO:0031941]	42.5
Polyketide	actin filament bundle [GO:0032432]	42.5
Polyketide	lamellipodium [GO:0030027]	42.5
Polyketide	striated muscle thin filament [GO:0005865]	42.5
Polyketide	cytoplasm [GO:0005737]	42.5
Polyketide	filopodium [GO:0030175]	42.5
Polyketide	calcineurin complex [GO:0005955]	35.64
Polyketide	cytoplasm [GO:0005737]	35.64
Polyketide	proton-transporting ATP synthase complex, catalytic core F(1) [GO:0045261]	-9.0
Polyketide	plasma membrane [GO:0005886]	-9.0
Polyketide	mitochondrial proton-transporting ATP synthase, catalytic core [GO:0005754]	-9.0
Polyketide	mitochondrial proton-transporting ATP synthase complex [GO:0005753]	-9.0
Polyketide	skeletal muscle myofibril [GO:0098723]	22.16
Polyketide	vesicle [GO:0031982]	28.94
Polyketide	cytoplasm [GO:0005737]	28.94
Polyketide	secretory granule lumen [GO:0034774]	28.94
Polyketide	cytosol [GO:0005829]	28.94
Polyketide	ficolin-1-rich granule lumen [GO:1904813]	28.94
Polyketide	extracellular exosome [GO:0070062]	28.94
Polyketide	nucleoplasm [GO:0005654]	28.94
Polyketide	plasma membrane [GO:0005886]	28.94
Polyketide	extracellular region [GO:0005576]	28.94
Polyketide	extracellular space [GO:0005615]	28.94
Polyketide	cell surface [GO:0009986]	28.94
Polyketide	extracellular region [GO:0005576]	24.87
Polyketide	host cell cytoplasm [GO:0030430]	24.87
Polyketide	cardiac Troponin complex [GO:1990584]	65.33
Polyketide	troponin complex [GO:0005861]	65.33
Polyketide	cytosol [GO:0005829]	65.33
Polyketide	extracellular space [GO:0005615]	34.25
Polyketide	azurophil granule lumen [GO:0035578]	34.25
Polyketide	extracellular region [GO:0005576]	34.25
Polyketide	extracellular exosome [GO:0070062]	34.25
Polyketide	cytosol [GO:0005829]	63.32
Polyketide	nucleoplasm [GO:0005654]	63.32
Polyketide	receptor complex [GO:0043235]	63.32
Polyketide	mitochondrion [GO:0005739]	63.32
Polyketide	RNA polymerase II transcription regulator complex [GO:0090575]	63.32
Polyketide	chromatin [GO:0000785]	63.32
Polyketide	transcription regulator complex [GO:0005667]	63.32
Polyketide	nucleus [GO:0005634]	63.32
Polyketide	pericentric heterochromatin [GO:0005721]	42.16
Polyketide	endoplasmic reticulum [GO:0005783]	42.16
Polyketide	intracellular membrane-bounded organelle [GO:0043231]	42.16
Polyketide	nucleoplasm [GO:0005654]	42.16
Polyketide	site of DNA damage [GO:0090734]	42.16
Polyketide	chromatin [GO:0000785]	42.16
Polyketide	nucleus [GO:0005634]	42.16
Polyketide	site of double-strand break [GO:0035861]	42.16
Polyketide	chromosome, subtelomeric region [GO:0099115]	42.16
Polyketide	dendrite [GO:0030425]	57.0
Polyketide	neuron projection [GO:0043005]	57.0
Polyketide	intracellular membrane-bounded organelle [GO:0043231]	57.0
Polyketide	plasma membrane [GO:0005886]	57.0
Polyketide	postsynaptic membrane [GO:0045211]	57.0
Polyketide	synapse [GO:0045202]	57.0
Polyketide	glycine-gated chloride channel complex [GO:0016935]	57.0
Polyketide	perikaryon [GO:0043204]	57.0
Polyketide	cytoplasm [GO:0005737]	19.9
Polyketide	plasma membrane [GO:0005886]	46.0
Polyketide	proton-transporting ATP synthase complex, coupling factor F(o) [GO:0045263]	46.0
Polyketide	nuclear periphery [GO:0034399]	-27.0
Polyketide	main axon [GO:0044304]	-27.0
Polyketide	neurofibrillary tangle [GO:0097418]	-27.0
Polyketide	neuron projection [GO:0043005]	-27.0
Polyketide	somatodendritic compartment [GO:0036477]	-27.0
Polyketide	microtubule [GO:0005874]	-27.0
Polyketide	cytoplasm [GO:0005737]	-27.0
Polyketide	neuronal cell body [GO:0043025]	-27.0
Polyketide	cell body [GO:0044297]	-27.0
Polyketide	nuclear speck [GO:0016607]	-27.0
Polyketide	growth cone [GO:0030426]	-27.0
Polyketide	membrane raft [GO:0045121]	-27.0
Polyketide	dendrite [GO:0030425]	-27.0
Polyketide	tubulin complex [GO:0045298]	-27.0
Polyketide	microtubule cytoskeleton [GO:0015630]	-27.0
Polyketide	cytosol [GO:0005829]	-27.0
Polyketide	axolemma [GO:0030673]	-27.0
Polyketide	glial cell projection [GO:0097386]	-27.0
Polyketide	dendritic spine [GO:0043197]	-27.0
Polyketide	extracellular region [GO:0005576]	-27.0
Polyketide	cytoplasmic ribonucleoprotein granule [GO:0036464]	-27.0
Polyketide	nucleus [GO:0005634]	-27.0
Polyketide	axon cytoplasm [GO:1904115]	-27.0
Polyketide	plasma membrane [GO:0005886]	-27.0
Polyketide	mitochondrion [GO:0005739]	-27.0
Polyketide	axon [GO:0030424]	-27.0
Polyketide	peroxisomal membrane [GO:0005778]	36.76
Polyketide	cytosol [GO:0005829]	36.76
Polyketide	peroxisomal matrix [GO:0005782]	36.76
Polyketide	peroxisome [GO:0005777]	36.76
Polyketide	cytoplasm [GO:0005737]	36.76
Polyketide	membrane-bounded organelle [GO:0043227]	38.62
Polyketide	chromosome [GO:0005694]	22.0
Polyketide	condensed nuclear chromosome [GO:0000794]	22.0
Polyketide	nucleus [GO:0005634]	22.0
Polyketide	nucleoplasm [GO:0005654]	22.0
Polyketide	host cell nucleus [GO:0042025]	-8.5
Polyketide	host cell plasma membrane [GO:0020002]	-8.5
Polyketide	membrane [GO:0016020]	-8.5
Polyketide	viral nucleocapsid [GO:0019013]	-8.5
Polyketide	host multivesicular body [GO:0072494]	-8.5
Polyketide	virion membrane [GO:0055036]	-8.5
Polyketide	cytoplasm [GO:0005737]	15.62
Polyketide	protein-containing complex [GO:0032991]	-8.0
Polyketide	endocytic vesicle membrane [GO:0030666]	-8.0
Polyketide	cytosol [GO:0005829]	-8.0
Polyketide	transcription repressor complex [GO:0017053]	-8.0
Polyketide	nucleoplasm [GO:0005654]	-8.0
Polyketide	plasma membrane [GO:0005886]	-8.0
Polyketide	nucleus [GO:0005634]	-8.0
Polyketide	cytoplasm [GO:0005737]	-8.0
Polyketide	nucleolus [GO:0005730]	-8.0
Polyketide	sarcoplasmic reticulum membrane [GO:0033017]	12.25
Polyketide	cytoplasmic side of membrane [GO:0098562]	12.25
Polyketide	cytosol [GO:0005829]	12.25
Polyketide	Z disc [GO:0030018]	12.25
Polyketide	sarcoplasmic reticulum [GO:0016529]	12.25
Polyketide	terminal cisterna [GO:0014802]	12.25
Polyketide	membrane [GO:0016020]	12.25
Polyketide	ryanodine receptor complex [GO:1990425]	12.25
Polyketide	cytoplasm [GO:0005737]	12.25
Polyketide	cell body [GO:0044297]	3.75
Polyketide	actin filament [GO:0005884]	3.75
Polyketide	skeletal muscle myofibril [GO:0098723]	3.75
Polyketide	stress fiber [GO:0001725]	3.75
Polyketide	filamentous actin [GO:0031941]	3.75
Polyketide	actin filament bundle [GO:0032432]	3.75
Polyketide	lamellipodium [GO:0030027]	3.75
Polyketide	striated muscle thin filament [GO:0005865]	3.75
Polyketide	cytoplasm [GO:0005737]	3.75
Polyketide	filopodium [GO:0030175]	3.75
Polyketide	nuclear envelope [GO:0005635]	38.3
Polyketide	perinuclear region of cytoplasm [GO:0048471]	38.3
Polyketide	cytosol [GO:0005829]	38.3
Polyketide	pericentriolar material [GO:0000242]	38.3
Polyketide	Golgi membrane [GO:0000139]	38.3
Polyketide	chromosome, telomeric region [GO:0000781]	38.3
Polyketide	nucleus [GO:0005634]	38.3
Polyketide	cytoplasm [GO:0005737]	38.3
Polyketide	nuclear envelope [GO:0005635]	40.05
Polyketide	perinuclear region of cytoplasm [GO:0048471]	40.05
Polyketide	cytosol [GO:0005829]	40.05
Polyketide	pericentriolar material [GO:0000242]	40.05
Polyketide	Golgi membrane [GO:0000139]	40.05
Polyketide	chromosome, telomeric region [GO:0000781]	40.05
Polyketide	nucleus [GO:0005634]	40.05
Polyketide	cytoplasm [GO:0005737]	40.05
Polyketide	cytoplasm [GO:0005737]	39.75
Polyketide	cytoplasm [GO:0005737]	53.64
Polyketide	protein-containing complex [GO:0032991]	62.57
Polyketide	cytosol [GO:0005829]	62.57
Polyketide	nucleoplasm [GO:0005654]	62.57
Polyketide	membrane [GO:0016020]	62.57
Polyketide	plasma membrane [GO:0005886]	62.57
Polyketide	euchromatin [GO:0000791]	62.57
Polyketide	chromatin [GO:0000785]	62.57
Polyketide	transcription regulator complex [GO:0005667]	62.57
Polyketide	nucleus [GO:0005634]	62.57
Polyketide	cytoplasm [GO:0005737]	62.57
Polyketide	Golgi apparatus [GO:0005794]	62.57
Polyketide	microtubule [GO:0005874]	29.8
Polyketide	cytoplasm [GO:0005737]	29.8
Polyketide	transcription repressor complex [GO:0017053]	49.47
Polyketide	nucleoplasm [GO:0005654]	49.47
Polyketide	nucleus [GO:0005634]	49.47
Polyketide	histone deacetylase complex [GO:0000118]	-6.14
Polyketide	host cell nucleus [GO:0042025]	20.42
Polyketide	host cell endoplasmic reticulum membrane [GO:0044167]	20.42
Polyketide	host cell endoplasmic reticulum-Golgi intermediate compartment [GO:0044172]	20.42
Polyketide	host cell Golgi apparatus [GO:0044177]	20.42
Polyketide	host cell endosome [GO:0044174]	20.42
Polyketide	membrane [GO:0016020]	20.42
Polyketide	double membrane vesicle viral factory outer membrane [GO:0062243]	20.42
Polyketide	host cell perinuclear region of cytoplasm [GO:0044220]	20.42
Polyketide	endoplasmic reticulum [GO:0005783]	45.8
Polyketide	ribonucleoprotein complex [GO:1990904]	45.8
Polyketide	cytosol [GO:0005829]	45.8
Polyketide	plasma membrane [GO:0005886]	45.8
Polyketide	ribosome [GO:0005840]	45.8
Polyketide	cytoplasm [GO:0005737]	45.06
Polyketide	intracellular membrane-bounded organelle [GO:0043231]	45.06
Polyketide	endoplasmic reticulum membrane [GO:0005789]	45.06
Polyketide	melanosome [GO:0042470]	85.0
Polyketide	axonal growth cone [GO:0044295]	85.0
Polyketide	cell body [GO:0044297]	85.0
Polyketide	endomembrane system [GO:0012505]	85.0
Polyketide	lamellipodium [GO:0030027]	85.0
Polyketide	growth cone membrane [GO:0032584]	85.0
Polyketide	plasma membrane [GO:0005886]	85.0
Polyketide	axon [GO:0030424]	85.0
Polyketide	cell surface [GO:0009986]	85.0
Polyketide	cytosol [GO:0005829]	25.0
Polyketide	extracellular exosome [GO:0070062]	25.0
Polyketide	mitochondrion [GO:0005739]	18.96
Polyketide	mitochondrial outer membrane [GO:0005741]	18.96
Polyketide	nucleus [GO:0005634]	18.96
Polyketide	cytosol [GO:0005829]	18.96
Polyketide	cytosol [GO:0005829]	29.23
Polyketide	plasma membrane [GO:0005886]	29.23
Polyketide	cytoplasm [GO:0005737]	29.23
Polyketide	nucleoplasm [GO:0005654]	29.23
Polyketide	site of double-strand break [GO:0035861]	29.23
Polyketide	nuclear body [GO:0016604]	29.23
Polyketide	nucleus [GO:0005634]	29.23
Polyketide	centrosome [GO:0005813]	22.25
Polyketide	cytosol [GO:0005829]	22.25
Polyketide	extracellular exosome [GO:0070062]	22.25
Polyketide	nucleoplasm [GO:0005654]	22.25
Polyketide	nucleus [GO:0005634]	22.25
Polyketide	cytoplasm [GO:0005737]	22.25
Polyketide	dendritic shaft [GO:0043198]	7.87
Polyketide	neuron projection [GO:0043005]	7.87
Polyketide	postsynaptic density [GO:0014069]	7.87
Polyketide	somatodendritic compartment [GO:0036477]	7.87
Polyketide	dendrite membrane [GO:0032590]	7.87
Polyketide	endoplasmic reticulum membrane [GO:0005789]	7.87
Polyketide	cell surface [GO:0009986]	7.87
Polyketide	presynaptic active zone membrane [GO:0048787]	7.87
Polyketide	neuronal cell body [GO:0043025]	7.87
Polyketide	dendrite cytoplasm [GO:0032839]	7.87
Polyketide	spine synapse [GO:0106033]	7.87
Polyketide	synaptic vesicle [GO:0008021]	7.87
Polyketide	Schaffer collateral - CA1 synapse [GO:0098685]	7.87
Polyketide	presynapse [GO:0098793]	7.87
Polyketide	growth cone [GO:0030426]	7.87
Polyketide	perikaryon [GO:0043204]	7.87
Polyketide	AMPA glutamate receptor complex [GO:0032281]	7.87
Polyketide	asymmetric synapse [GO:0032279]	7.87
Polyketide	dendrite [GO:0030425]	7.87
Polyketide	protein-containing complex [GO:0032991]	7.87
Polyketide	ionotropic glutamate receptor complex [GO:0008328]	7.87
Polyketide	dendritic spine head [GO:0044327]	7.87
Polyketide	dendritic spine neck [GO:0044326]	7.87
Polyketide	glutamatergic synapse [GO:0098978]	7.87
Polyketide	membrane [GO:0016020]	7.87
Polyketide	dendritic spine [GO:0043197]	7.87
Polyketide	perisynaptic space [GO:0099544]	7.87
Polyketide	endoplasmic reticulum [GO:0005783]	7.87
Polyketide	plasma membrane [GO:0005886]	7.87
Polyketide	postsynaptic membrane [GO:0045211]	7.87
Polyketide	synapse [GO:0045202]	7.87
Polyketide	terminal bouton [GO:0043195]	7.87
Polyketide	presynaptic membrane [GO:0042734]	7.87
Polyketide	postsynaptic density membrane [GO:0098839]	7.87
Polyketide	synaptic vesicle membrane [GO:0030672]	7.87
Polyketide	axon [GO:0030424]	7.87
Polyketide	synaptic membrane [GO:0097060]	7.87
Polyketide	node of Ranvier [GO:0033268]	77.33
Polyketide	synapse [GO:0045202]	77.33
Polyketide	plasma membrane [GO:0005886]	77.33
Polyketide	axon initial segment [GO:0043194]	77.33
Polyketide	voltage-gated potassium channel complex [GO:0008076]	77.33
Polyketide	chloroplast stroma [GO:0009570]	27.0
Polyketide	endoplasmic reticulum [GO:0005783]	27.0
Polyketide	chloroplast [GO:0009507]	27.0
Polyketide	cytosol [GO:0005829]	27.0
Polyketide	intracellular membrane-bounded organelle [GO:0043231]	27.0
Polyketide	plasma membrane [GO:0005886]	27.0
Polyketide	apoplast [GO:0048046]	27.0
Polyketide	plasmodesma [GO:0009506]	27.0
Polyketide	plant-type vacuole [GO:0000325]	27.0
Polyketide	extracellular space [GO:0005615]	22.73
Polyketide	azurophil granule lumen [GO:0035578]	22.73
Polyketide	extracellular region [GO:0005576]	22.73
Polyketide	extracellular exosome [GO:0070062]	22.73
Polyketide	protein-containing complex [GO:0032991]	66.68
Polyketide	cytosol [GO:0005829]	66.68
Polyketide	nucleoplasm [GO:0005654]	66.68
Polyketide	membrane [GO:0016020]	66.68
Polyketide	plasma membrane [GO:0005886]	66.68
Polyketide	euchromatin [GO:0000791]	66.68
Polyketide	chromatin [GO:0000785]	66.68
Polyketide	transcription regulator complex [GO:0005667]	66.68
Polyketide	nucleus [GO:0005634]	66.68
Polyketide	cytoplasm [GO:0005737]	66.68
Polyketide	Golgi apparatus [GO:0005794]	66.68
Polyketide	extracellular space [GO:0005615]	26.31
Polyketide	azurophil granule lumen [GO:0035578]	26.31
Polyketide	extracellular region [GO:0005576]	26.31
Polyketide	extracellular exosome [GO:0070062]	26.31
Polyketide	protein-containing complex [GO:0032991]	52.71
Polyketide	cytosol [GO:0005829]	52.71
Polyketide	nucleoplasm [GO:0005654]	52.71
Polyketide	membrane [GO:0016020]	52.71
Polyketide	plasma membrane [GO:0005886]	52.71
Polyketide	euchromatin [GO:0000791]	52.71
Polyketide	chromatin [GO:0000785]	52.71
Polyketide	transcription regulator complex [GO:0005667]	52.71
Polyketide	nucleus [GO:0005634]	52.71
Polyketide	cytoplasm [GO:0005737]	52.71
Polyketide	Golgi apparatus [GO:0005794]	52.71
Polyketide	microtubule [GO:0005874]	24.92
Polyketide	cytoplasm [GO:0005737]	24.92
Polyketide	microtubule cytoskeleton [GO:0015630]	24.92
Polyketide	endoplasmic reticulum lumen [GO:0005788]	42.17
Polyketide	protein-containing complex [GO:0032991]	42.17
Polyketide	endoplasmic reticulum [GO:0005783]	42.17
Polyketide	extracellular exosome [GO:0070062]	42.17
Polyketide	blood microparticle [GO:0072562]	42.17
Polyketide	platelet alpha granule lumen [GO:0031093]	42.17
Polyketide	extracellular region [GO:0005576]	42.17
Polyketide	extracellular space [GO:0005615]	42.17
Polyketide	nucleus [GO:0005634]	42.17
Polyketide	cytoplasm [GO:0005737]	42.17
Polyketide	Golgi apparatus [GO:0005794]	42.17
Polyketide	fungal-type vacuole [GO:0000324]	89.4
Polyketide	vacuolar proton-transporting V-type ATPase complex [GO:0016471]	89.4
Polyketide	vacuolar proton-transporting V-type ATPase, V0 domain [GO:0000220]	89.4
Polyketide	fungal-type vacuole membrane [GO:0000329]	89.4
Polyketide	host cell nucleus [GO:0042025]	6.44
Polyketide	viral envelope [GO:0019031]	6.44
Polyketide	host cell plasma membrane [GO:0020002]	6.44
Polyketide	host cell lipid droplet [GO:0044186]	6.44
Polyketide	host cell endoplasmic reticulum membrane [GO:0044167]	6.44
Polyketide	host cell mitochondrial membrane [GO:0044191]	6.44
Polyketide	ribonucleoprotein complex [GO:1990904]	6.44
Polyketide	membrane [GO:0016020]	6.44
Polyketide	viral nucleocapsid [GO:0019013]	6.44
Polyketide	virion membrane [GO:0055036]	6.44
Polyketide	host cell perinuclear region of cytoplasm [GO:0044220]	6.44
Polyketide	presynaptic active zone cytoplasmic component [GO:0098831]	61.97
Polyketide	glutamatergic synapse [GO:0098978]	61.97
Polyketide	guanylate cyclase complex, soluble [GO:0008074]	61.97
Polyketide	cytosol [GO:0005829]	61.97
Polyketide	nucleus [GO:0005634]	34.55
Polyketide	efflux pump complex [GO:1990281]	28.39
Polyketide	outer membrane-bounded periplasmic space [GO:0030288]	28.39
Polyketide	periplasmic side of plasma membrane [GO:0098567]	28.39
Polyketide	plasma membrane [GO:0005886]	28.39
Polyketide	membrane [GO:0016020]	28.39
Polyketide	external side of plasma membrane [GO:0009897]	34.66
Polyketide	membrane [GO:0016020]	34.66
Polyketide	plasma membrane [GO:0005886]	34.66
Polyketide	protein-containing complex [GO:0032991]	68.55
Polyketide	cytosol [GO:0005829]	68.55
Polyketide	nucleoplasm [GO:0005654]	68.55
Polyketide	membrane [GO:0016020]	68.55
Polyketide	plasma membrane [GO:0005886]	68.55
Polyketide	euchromatin [GO:0000791]	68.55
Polyketide	chromatin [GO:0000785]	68.55
Polyketide	transcription regulator complex [GO:0005667]	68.55
Polyketide	nucleus [GO:0005634]	68.55
Polyketide	cytoplasm [GO:0005737]	68.55
Polyketide	Golgi apparatus [GO:0005794]	68.55
Polyketide	nucleoplasm [GO:0005654]	61.29
Polyketide	nucleus [GO:0005634]	61.29
Polyketide	cytoplasm [GO:0005737]	61.29
Polyketide	chromatin [GO:0000785]	61.29
Polyketide	cytosol [GO:0005829]	46.0
Polyketide	mitochondrion [GO:0005739]	46.0
Polyketide	mitochondrial intermembrane space [GO:0005758]	46.0
Polyketide	mitochondrial matrix [GO:0005759]	46.0
Polyketide	nucleus [GO:0005634]	46.0
Polyketide	calcium channel complex [GO:0034704]	45.39
Polyketide	voltage-gated calcium channel complex [GO:0005891]	45.39
Polyketide	perinuclear region of cytoplasm [GO:0048471]	45.39
Polyketide	apical plasma membrane [GO:0016324]	45.39
Polyketide	cytosol [GO:0005829]	45.39
Polyketide	plasma membrane [GO:0005886]	45.39
Polyketide	membrane [GO:0016020]	45.39
Polyketide	nucleus [GO:0005634]	45.39
Polyketide	microtubule organizing center [GO:0005815]	45.39
Polyketide	microtubule [GO:0005874]	31.46
Polyketide	cytoplasm [GO:0005737]	31.46
Polyketide	endoplasmic reticulum membrane [GO:0005789]	25.5
Polyketide	endoplasmic reticulum [GO:0005783]	25.5
Polyketide	chromosome, centromeric region [GO:0000775]	-9.5
Polyketide	meiotic cohesin complex [GO:0030893]	-9.5
Polyketide	chromatin [GO:0000785]	-9.5
Polyketide	nucleus [GO:0005634]	-9.5
Polyketide	cortical cytoskeleton [GO:0030863]	39.77
Polyketide	basolateral plasma membrane [GO:0016323]	39.77
Polyketide	ankyrin-1 complex [GO:0170014]	39.77
Polyketide	Z disc [GO:0030018]	39.77
Polyketide	extracellular exosome [GO:0070062]	39.77
Polyketide	plasma membrane [GO:0005886]	39.77
Polyketide	membrane [GO:0016020]	39.77
Polyketide	blood microparticle [GO:0072562]	39.77
Polyketide	cytoplasmic side of plasma membrane [GO:0009898]	39.77
Polyketide	protein-containing complex [GO:0032991]	11.5
Polyketide	endocytic vesicle membrane [GO:0030666]	11.5
Polyketide	cytosol [GO:0005829]	11.5
Polyketide	transcription repressor complex [GO:0017053]	11.5
Polyketide	nucleoplasm [GO:0005654]	11.5
Polyketide	plasma membrane [GO:0005886]	11.5
Polyketide	nucleus [GO:0005634]	11.5
Polyketide	cytoplasm [GO:0005737]	11.5
Polyketide	nucleolus [GO:0005730]	11.5
Polyketide	proton-transporting V-type ATPase complex [GO:0033176]	90.14
Polyketide	vacuolar proton-transporting V-type ATPase, V0 domain [GO:0000220]	90.14
Polyketide	Golgi membrane [GO:0000139]	90.14
Polyketide	membrane [GO:0016020]	90.14
Polyketide	vacuolar proton-transporting V-type ATPase complex [GO:0016471]	90.14
Polyketide	fungal-type vacuole membrane [GO:0000329]	90.14
Polyketide	extracellular space [GO:0005615]	38.89
Polyketide	azurophil granule lumen [GO:0035578]	38.89
Polyketide	extracellular region [GO:0005576]	38.89
Polyketide	extracellular exosome [GO:0070062]	38.89
Polyketide	plasma membrane [GO:0005886]	25.35
Polyketide	periplasmic side of plasma membrane [GO:0098567]	25.35
Polyketide	membrane [GO:0016020]	25.35
Polyketide	outer membrane-bounded periplasmic space [GO:0030288]	25.35
Polyketide	efflux pump complex [GO:1990281]	25.35
Polyketide	membrane [GO:0016020]	28.46
Polyketide	cell outer membrane [GO:0009279]	28.46
Polyketide	transmembrane transporter complex [GO:1902495]	28.46
Polyketide	dendrite [GO:0030425]	47.29
Polyketide	chloride channel complex [GO:0034707]	47.29
Polyketide	neuron projection [GO:0043005]	47.29
Polyketide	plasma membrane [GO:0005886]	47.29
Polyketide	membrane [GO:0016020]	47.29
Polyketide	postsynaptic membrane [GO:0045211]	47.29
Polyketide	synapse [GO:0045202]	47.29
Polyketide	perikaryon [GO:0043204]	47.29
Polyketide	pore complex [GO:0046930]	3.58
Polyketide	cell outer membrane [GO:0009279]	3.58
Polyketide	nucleoplasm [GO:0005654]	47.92
Polyketide	cytosol [GO:0005829]	47.92
Polyketide	extracellular exosome [GO:0070062]	47.92
Polyketide	dendrite [GO:0030425]	34.86
Polyketide	PML body [GO:0016605]	34.86
Polyketide	nuclear envelope [GO:0005635]	34.86
Polyketide	lysosome [GO:0005764]	34.86
Polyketide	endomembrane system [GO:0012505]	34.86
Polyketide	mitochondrial outer membrane [GO:0005741]	34.86
Polyketide	cytosol [GO:0005829]	34.86
Polyketide	Golgi membrane [GO:0000139]	34.86
Polyketide	nucleoplasm [GO:0005654]	34.86
Polyketide	endoplasmic reticulum membrane [GO:0005789]	34.86
Polyketide	membrane [GO:0016020]	34.86
Polyketide	TORC1 complex [GO:0031931]	34.86
Polyketide	nucleus [GO:0005634]	34.86
Polyketide	TORC2 complex [GO:0031932]	34.86
Polyketide	lysosomal membrane [GO:0005765]	34.86
Polyketide	cytoplasm [GO:0005737]	34.86
Polyketide	phagocytic vesicle [GO:0045335]	34.86
Polyketide	cytosol [GO:0005829]	64.78
Polyketide	nucleoplasm [GO:0005654]	64.78
Polyketide	endoplasmic reticulum membrane [GO:0005789]	64.78
Polyketide	receptor complex [GO:0043235]	64.78
Polyketide	chromatin [GO:0000785]	64.78
Polyketide	node of Ranvier [GO:0033268]	68.27
Polyketide	synapse [GO:0045202]	68.27
Polyketide	plasma membrane [GO:0005886]	68.27
Polyketide	axon initial segment [GO:0043194]	68.27
Polyketide	voltage-gated potassium channel complex [GO:0008076]	68.27
Polyketide	plasma membrane [GO:0005886]	50.6
Polyketide	proton-transporting ATP synthase complex, coupling factor F(o) [GO:0045263]	50.6
Polyketide	septin ring [GO:0005940]	51.52
Polyketide	condensed nuclear chromosome [GO:0000794]	51.52
Polyketide	nucleus [GO:0005634]	51.52
Polyketide	outer membrane-bounded periplasmic space [GO:0030288]	51.88
Polyketide	cytoplasm [GO:0005737]	39.56
Polyketide	dendrite [GO:0030425]	28.21
Polyketide	PML body [GO:0016605]	28.21
Polyketide	nuclear envelope [GO:0005635]	28.21
Polyketide	lysosome [GO:0005764]	28.21
Polyketide	endomembrane system [GO:0012505]	28.21
Polyketide	mitochondrial outer membrane [GO:0005741]	28.21
Polyketide	cytosol [GO:0005829]	28.21
Polyketide	Golgi membrane [GO:0000139]	28.21
Polyketide	nucleoplasm [GO:0005654]	28.21
Polyketide	endoplasmic reticulum membrane [GO:0005789]	28.21
Polyketide	membrane [GO:0016020]	28.21
Polyketide	TORC1 complex [GO:0031931]	28.21
Polyketide	nucleus [GO:0005634]	28.21
Polyketide	TORC2 complex [GO:0031932]	28.21
Polyketide	lysosomal membrane [GO:0005765]	28.21
Polyketide	cytoplasm [GO:0005737]	28.21
Polyketide	phagocytic vesicle [GO:0045335]	28.21
Polyketide	DNA-directed RNA polymerase complex [GO:0000428]	6.97
Polyketide	sarcoplasmic reticulum membrane [GO:0033017]	51.24
Polyketide	cytoplasmic side of membrane [GO:0098562]	51.24
Polyketide	cytosol [GO:0005829]	51.24
Polyketide	Z disc [GO:0030018]	51.24
Polyketide	sarcoplasmic reticulum [GO:0016529]	51.24
Polyketide	terminal cisterna [GO:0014802]	51.24
Polyketide	membrane [GO:0016020]	51.24
Polyketide	ryanodine receptor complex [GO:1990425]	51.24
Polyketide	cytoplasm [GO:0005737]	51.24
Polyketide	spindle pole body [GO:0005816]	54.2
Polyketide	perinuclear region of cytoplasm [GO:0048471]	54.2
Polyketide	kinetochore [GO:0000776]	54.2
Polyketide	nucleus [GO:0005634]	54.2
Polyketide	cytoplasm [GO:0005737]	54.2
Polyketide	protein-containing complex [GO:0032991]	15.22
Polyketide	endosome membrane [GO:0010008]	15.22
Polyketide	cytosol [GO:0005829]	15.22
Polyketide	ATAC complex [GO:0140672]	15.22
Polyketide	plasma membrane [GO:0005886]	15.22
Polyketide	nuclear speck [GO:0016607]	15.22
Polyketide	nucleus [GO:0005634]	15.22
Polyketide	cytoplasm [GO:0005737]	15.22
Polyketide	intracellular membrane-bounded organelle [GO:0043231]	64.16
Polyketide	nucleoplasm [GO:0005654]	64.16
Polyketide	mitochondrion [GO:0005739]	64.16
Polyketide	chromatin [GO:0000785]	64.16
Polyketide	nucleus [GO:0005634]	64.16
Polyketide	calcium channel complex [GO:0034704]	42.37
Polyketide	sarcoplasmic reticulum membrane [GO:0033017]	42.37
Polyketide	cytosol [GO:0005829]	42.37
Polyketide	Z disc [GO:0030018]	42.37
Polyketide	membrane [GO:0016020]	42.37
Polyketide	cytoplasm [GO:0005737]	42.37
Polyketide	mitochondrial envelope [GO:0005740]	50.68
Polyketide	mitochondrial outer membrane [GO:0005741]	50.68
Polyketide	mitochondrion [GO:0005739]	50.68
Polyketide	intracellular membrane-bounded organelle [GO:0043231]	65.8
Polyketide	nucleoplasm [GO:0005654]	65.8
Polyketide	mitochondrion [GO:0005739]	65.8
Polyketide	chromatin [GO:0000785]	65.8
Polyketide	nucleus [GO:0005634]	65.8
Polyketide	extracellular space [GO:0005615]	19.28
Polyketide	extracellular region [GO:0005576]	19.28
Polyketide	extracellular exosome [GO:0070062]	19.28
Polyketide	endoplasmic reticulum lumen [GO:0005788]	43.89
Polyketide	protein-containing complex [GO:0032991]	43.89
Polyketide	endoplasmic reticulum [GO:0005783]	43.89
Polyketide	nuclear inner membrane [GO:0005637]	43.89
Polyketide	neuron projection [GO:0043005]	43.89
Polyketide	caveola [GO:0005901]	43.89
Polyketide	endoplasmic reticulum membrane [GO:0005789]	43.89
Polyketide	nuclear outer membrane [GO:0005640]	43.89
Polyketide	cytoplasm [GO:0005737]	43.89
Polyketide	secretory granule lumen [GO:0034774]	37.26
Polyketide	cytosol [GO:0005829]	37.26
Polyketide	ficolin-1-rich granule lumen [GO:1904813]	37.26
Polyketide	glutamatergic synapse [GO:0098978]	37.26
Polyketide	nucleoplasm [GO:0005654]	37.26
Polyketide	mitochondrion [GO:0005739]	37.26
Polyketide	nuclear speck [GO:0016607]	37.26
Polyketide	extracellular region [GO:0005576]	37.26
Polyketide	spindle pole [GO:0000922]	37.26
Polyketide	nucleus [GO:0005634]	37.26
Polyketide	cytoplasm [GO:0005737]	37.26
Polyketide	extracellular space [GO:0005615]	30.0
Polyketide	azurophil granule lumen [GO:0035578]	30.0
Polyketide	extracellular region [GO:0005576]	30.0
Polyketide	extracellular exosome [GO:0070062]	30.0
Polyketide	extracellular space [GO:0005615]	38.89
Polyketide	azurophil granule lumen [GO:0035578]	38.89
Polyketide	extracellular region [GO:0005576]	38.89
Polyketide	extracellular exosome [GO:0070062]	38.89
Polyketide	plasma membrane [GO:0005886]	14.62
Polyketide	periplasmic side of plasma membrane [GO:0098567]	14.62
Polyketide	membrane [GO:0016020]	14.62
Polyketide	outer membrane-bounded periplasmic space [GO:0030288]	14.62
Polyketide	efflux pump complex [GO:1990281]	14.62
Polyketide	nucleus [GO:0005634]	20.09
Polyketide	cytosol [GO:0005829]	20.09
Polyketide	methionine adenosyltransferase complex [GO:0048269]	20.09
Polyketide	extracellular exosome [GO:0070062]	20.09
Polyketide	mitochondrial envelope [GO:0005740]	52.52
Polyketide	mitochondrial outer membrane [GO:0005741]	52.52
Polyketide	mitochondrion [GO:0005739]	52.52
Polyketide	nucleoplasm [GO:0005654]	63.85
Polyketide	chromatin [GO:0000785]	63.85
Polyketide	extracellular space [GO:0005615]	42.4
Polyketide	azurophil granule lumen [GO:0035578]	42.4
Polyketide	extracellular region [GO:0005576]	42.4
Polyketide	extracellular exosome [GO:0070062]	42.4
Polyketide	membrane [GO:0016020]	60.4
Polyketide	cytosol [GO:0005829]	60.4
Polyketide	transcription regulator complex [GO:0005667]	60.4
Polyketide	cytoplasm [GO:0005737]	60.4
Polyketide	chromatin [GO:0000785]	60.4
Polyketide	Golgi apparatus [GO:0005794]	60.4
Polyketide	plasma membrane [GO:0005886]	60.4
Polyketide	nucleoplasm [GO:0005654]	60.4
Polyketide	protein-containing complex [GO:0032991]	60.4
Polyketide	euchromatin [GO:0000791]	60.4
Polyketide	nucleus [GO:0005634]	60.4
Polyketide	cell body [GO:0044297]	42.5
Polyketide	actin filament [GO:0005884]	42.5
Polyketide	skeletal muscle myofibril [GO:0098723]	42.5
Polyketide	stress fiber [GO:0001725]	42.5
Polyketide	filamentous actin [GO:0031941]	42.5
Polyketide	actin filament bundle [GO:0032432]	42.5
Polyketide	lamellipodium [GO:0030027]	42.5
Polyketide	striated muscle thin filament [GO:0005865]	42.5
Polyketide	cytoplasm [GO:0005737]	42.5
Polyketide	filopodium [GO:0030175]	42.5
Polyketide	extracellular region [GO:0005576]	33.83
Polyketide	extracellular exosome [GO:0070062]	33.83
Polyketide	azurophil granule lumen [GO:0035578]	33.83
Polyketide	extracellular space [GO:0005615]	33.83
Polyketide	endoplasmic reticulum lumen [GO:0005788]	28.68
Polyketide	endosome [GO:0005768]	28.68
Polyketide	Golgi-associated vesicle lumen [GO:0070931]	28.68
Polyketide	cell surface [GO:0009986]	28.68
Polyketide	neuronal cell body [GO:0043025]	28.68
Polyketide	recycling endosome [GO:0055037]	28.68
Polyketide	trans-Golgi network [GO:0005802]	28.68
Polyketide	endosome membrane [GO:0010008]	28.68
Polyketide	synaptic vesicle [GO:0008021]	28.68
Polyketide	lysosome [GO:0005764]	28.68
Polyketide	membrane raft [GO:0045121]	28.68
Polyketide	Golgi apparatus [GO:0005794]	28.68
Polyketide	dendrite [GO:0030425]	28.68
Polyketide	early endosome [GO:0005769]	28.68
Polyketide	membrane [GO:0016020]	28.68
Polyketide	multivesicular body [GO:0005771]	28.68
Polyketide	plasma membrane [GO:0005886]	28.68
Polyketide	hippocampal mossy fiber to CA3 synapse [GO:0098686]	28.68
Polyketide	axon [GO:0030424]	28.68
Polyketide	late endosome [GO:0005770]	28.68
Polyketide	cell body [GO:0044297]	26.94
Polyketide	actin filament [GO:0005884]	26.94
Polyketide	skeletal muscle myofibril [GO:0098723]	26.94
Polyketide	stress fiber [GO:0001725]	26.94
Polyketide	filamentous actin [GO:0031941]	26.94
Polyketide	actin filament bundle [GO:0032432]	26.94
Polyketide	lamellipodium [GO:0030027]	26.94
Polyketide	striated muscle thin filament [GO:0005865]	26.94
Polyketide	cytoplasm [GO:0005737]	26.94
Polyketide	filopodium [GO:0030175]	26.94
Polyketide	cytosol [GO:0005829]	19.61
Polyketide	nucleoplasm [GO:0005654]	19.61
Polyketide	plasma membrane [GO:0005886]	19.61
Polyketide	nucleus [GO:0005634]	19.61
Polyketide	cytoplasm [GO:0005737]	19.61
Polyketide	nucleolus [GO:0005730]	19.61
Polyketide	endoplasmic reticulum [GO:0005783]	36.08
Polyketide	perinuclear region of cytoplasm [GO:0048471]	36.08
Polyketide	sarcoplasmic reticulum membrane [GO:0033017]	36.08
Polyketide	sarcoplasmic reticulum [GO:0016529]	36.08
Polyketide	endoplasmic reticulum membrane [GO:0005789]	36.08
Polyketide	H zone [GO:0031673]	36.08
Polyketide	membrane [GO:0016020]	36.08
Polyketide	endoplasmic reticulum-Golgi intermediate compartment [GO:0005793]	36.08
Polyketide	I band [GO:0031674]	36.08
Polyketide	intracellular membrane-bounded organelle [GO:0043231]	66.29
Polyketide	nucleoplasm [GO:0005654]	66.29
Polyketide	mitochondrion [GO:0005739]	66.29
Polyketide	chromatin [GO:0000785]	66.29
Polyketide	nucleus [GO:0005634]	66.29
Polyketide	extracellular region [GO:0005576]	18.67
Polyketide	nucleoplasm [GO:0005654]	38.06
Polyketide	mitochondrial respiratory chain complex I [GO:0005747]	38.06
Polyketide	node of Ranvier [GO:0033268]	66.56
Polyketide	synapse [GO:0045202]	66.56
Polyketide	plasma membrane [GO:0005886]	66.56
Polyketide	axon initial segment [GO:0043194]	66.56
Polyketide	voltage-gated potassium channel complex [GO:0008076]	66.56
Polyketide	pericentric heterochromatin [GO:0005721]	40.56
Polyketide	endoplasmic reticulum [GO:0005783]	40.56
Polyketide	intracellular membrane-bounded organelle [GO:0043231]	40.56
Polyketide	nucleoplasm [GO:0005654]	40.56
Polyketide	site of DNA damage [GO:0090734]	40.56
Polyketide	chromatin [GO:0000785]	40.56
Polyketide	nucleus [GO:0005634]	40.56
Polyketide	site of double-strand break [GO:0035861]	40.56
Polyketide	chromosome, subtelomeric region [GO:0099115]	40.56
Polyketide	cytosol [GO:0005829]	19.86
Polyketide	extracellular exosome [GO:0070062]	19.86
Polyketide	extracellular space [GO:0005615]	19.86
Polyketide	nucleus [GO:0005634]	19.86
Polyketide	cytoplasm [GO:0005737]	19.86
Polyketide	node of Ranvier [GO:0033268]	64.53
Polyketide	synapse [GO:0045202]	64.53
Polyketide	plasma membrane [GO:0005886]	64.53
Polyketide	axon initial segment [GO:0043194]	64.53
Polyketide	voltage-gated potassium channel complex [GO:0008076]	64.53
Polyketide	membrane [GO:0016020]	48.8
Polyketide	membrane [GO:0016020]	20.71
Polyketide	plasma membrane [GO:0005886]	49.71
Polyketide	proton-transporting ATP synthase complex, coupling factor F(o) [GO:0045263]	49.71
Polyketide	protein-containing complex [GO:0032991]	48.35
Polyketide	endocytic vesicle membrane [GO:0030666]	48.35
Polyketide	cytosol [GO:0005829]	48.35
Polyketide	transcription repressor complex [GO:0017053]	48.35
Polyketide	nucleoplasm [GO:0005654]	48.35
Polyketide	plasma membrane [GO:0005886]	48.35
Polyketide	nucleus [GO:0005634]	48.35
Polyketide	cytoplasm [GO:0005737]	48.35
Polyketide	nucleolus [GO:0005730]	48.35
Polyketide	nuclear periphery [GO:0034399]	-27.0
Polyketide	main axon [GO:0044304]	-27.0
Polyketide	neurofibrillary tangle [GO:0097418]	-27.0
Polyketide	neuron projection [GO:0043005]	-27.0
Polyketide	somatodendritic compartment [GO:0036477]	-27.0
Polyketide	microtubule [GO:0005874]	-27.0
Polyketide	cytoplasm [GO:0005737]	-27.0
Polyketide	neuronal cell body [GO:0043025]	-27.0
Polyketide	cell body [GO:0044297]	-27.0
Polyketide	nuclear speck [GO:0016607]	-27.0
Polyketide	growth cone [GO:0030426]	-27.0
Polyketide	membrane raft [GO:0045121]	-27.0
Polyketide	dendrite [GO:0030425]	-27.0
Polyketide	tubulin complex [GO:0045298]	-27.0
Polyketide	microtubule cytoskeleton [GO:0015630]	-27.0
Polyketide	cytosol [GO:0005829]	-27.0
Polyketide	axolemma [GO:0030673]	-27.0
Polyketide	glial cell projection [GO:0097386]	-27.0
Polyketide	dendritic spine [GO:0043197]	-27.0
Polyketide	extracellular region [GO:0005576]	-27.0
Polyketide	cytoplasmic ribonucleoprotein granule [GO:0036464]	-27.0
Polyketide	nucleus [GO:0005634]	-27.0
Polyketide	axon cytoplasm [GO:1904115]	-27.0
Polyketide	plasma membrane [GO:0005886]	-27.0
Polyketide	mitochondrion [GO:0005739]	-27.0
Polyketide	axon [GO:0030424]	-27.0
Polyketide	plasma membrane [GO:0005886]	55.86
Polyketide	proton-transporting ATP synthase complex, coupling factor F(o) [GO:0045263]	55.86
Polyketide	nuclear envelope [GO:0005635]	30.31
Polyketide	perinuclear region of cytoplasm [GO:0048471]	30.31
Polyketide	cytosol [GO:0005829]	30.31
Polyketide	pericentriolar material [GO:0000242]	30.31
Polyketide	Golgi membrane [GO:0000139]	30.31
Polyketide	chromosome, telomeric region [GO:0000781]	30.31
Polyketide	nucleus [GO:0005634]	30.31
Polyketide	cytoplasm [GO:0005737]	30.31
Polyketide	MOZ/MORF histone acetyltransferase complex [GO:0070776]	41.13
Polyketide	histone acetyltransferase complex [GO:0000123]	41.13
Polyketide	cytosol [GO:0005829]	41.13
Polyketide	nucleoplasm [GO:0005654]	41.13
Polyketide	plasma membrane [GO:0005886]	41.13
Polyketide	nucleus [GO:0005634]	41.13
Polyketide	cytoplasm [GO:0005737]	41.13
Polyketide	sarcoplasmic reticulum membrane [GO:0033017]	47.76
Polyketide	cytoplasmic side of membrane [GO:0098562]	47.76
Polyketide	cytosol [GO:0005829]	47.76
Polyketide	Z disc [GO:0030018]	47.76
Polyketide	sarcoplasmic reticulum [GO:0016529]	47.76
Polyketide	terminal cisterna [GO:0014802]	47.76
Polyketide	membrane [GO:0016020]	47.76
Polyketide	ryanodine receptor complex [GO:1990425]	47.76
Polyketide	cytoplasm [GO:0005737]	47.76
Polyketide	nuclear envelope [GO:0005635]	38.3
Polyketide	perinuclear region of cytoplasm [GO:0048471]	38.3
Polyketide	cytosol [GO:0005829]	38.3
Polyketide	pericentriolar material [GO:0000242]	38.3
Polyketide	Golgi membrane [GO:0000139]	38.3
Polyketide	chromosome, telomeric region [GO:0000781]	38.3
Polyketide	nucleus [GO:0005634]	38.3
Polyketide	cytoplasm [GO:0005737]	38.3
Polyketide	protein-containing complex [GO:0032991]	62.15
Polyketide	cytosol [GO:0005829]	62.15
Polyketide	nucleoplasm [GO:0005654]	62.15
Polyketide	membrane [GO:0016020]	62.15
Polyketide	plasma membrane [GO:0005886]	62.15
Polyketide	euchromatin [GO:0000791]	62.15
Polyketide	chromatin [GO:0000785]	62.15
Polyketide	transcription regulator complex [GO:0005667]	62.15
Polyketide	nucleus [GO:0005634]	62.15
Polyketide	cytoplasm [GO:0005737]	62.15
Polyketide	Golgi apparatus [GO:0005794]	62.15
Polyketide	nucleus [GO:0005634]	40.17
Polyketide	cytosol [GO:0005829]	39.48
Polyketide	extracellular exosome [GO:0070062]	39.48
Polyketide	synapse [GO:0045202]	39.48
Polyketide	axon [GO:0030424]	39.48
Polyketide	cytoplasm [GO:0005737]	39.48
Polyketide	nuclear envelope [GO:0005635]	37.83
Polyketide	perinuclear region of cytoplasm [GO:0048471]	37.83
Polyketide	cytosol [GO:0005829]	37.83
Polyketide	pericentriolar material [GO:0000242]	37.83
Polyketide	Golgi membrane [GO:0000139]	37.83
Polyketide	chromosome, telomeric region [GO:0000781]	37.83
Polyketide	nucleus [GO:0005634]	37.83
Polyketide	cytoplasm [GO:0005737]	37.83
Polyketide	RSC-type complex [GO:0016586]	47.43
Polyketide	kinetochore [GO:0000776]	47.43
Polyketide	SWI/SNF complex [GO:0016514]	47.43
Polyketide	nucleoplasm [GO:0005654]	47.43
Polyketide	nuclear matrix [GO:0016363]	47.43
Polyketide	chromatin [GO:0000785]	47.43
Polyketide	nuclear chromosome [GO:0000228]	47.43
Polyketide	nucleus [GO:0005634]	47.43
Polyketide	plasma membrane [GO:0005886]	15.71
Polyketide	DNA-directed RNA polymerase complex [GO:0000428]	15.71
Polyketide	cytosol [GO:0005829]	15.71
Polyketide	peptidoglycan-based cell wall [GO:0009274]	15.71
Polyketide	activin receptor complex [GO:0048179]	21.9
Polyketide	BMP receptor complex [GO:0070724]	21.9
Polyketide	plasma membrane [GO:0005886]	21.9
Polyketide	apical part of cell [GO:0045177]	21.9
Polyketide	secretory granule membrane [GO:0030667]	35.1
Polyketide	clathrin-sculpted monoamine transport vesicle membrane [GO:0070083]	35.1
Polyketide	terminal bouton [GO:0043195]	35.1
Polyketide	synaptic vesicle membrane [GO:0030672]	35.1
Polyketide	presynapse [GO:0098793]	35.1
Polyketide	endoplasmic reticulum membrane [GO:0005789]	35.1
Polyketide	node of Ranvier [GO:0033268]	66.56
Polyketide	synapse [GO:0045202]	66.56
Polyketide	plasma membrane [GO:0005886]	66.56
Polyketide	axon initial segment [GO:0043194]	66.56
Polyketide	voltage-gated potassium channel complex [GO:0008076]	66.56
Polyketide	cell body [GO:0044297]	7.22
Polyketide	actin filament [GO:0005884]	7.22
Polyketide	skeletal muscle myofibril [GO:0098723]	7.22
Polyketide	stress fiber [GO:0001725]	7.22
Polyketide	filamentous actin [GO:0031941]	7.22
Polyketide	actin filament bundle [GO:0032432]	7.22
Polyketide	lamellipodium [GO:0030027]	7.22
Polyketide	striated muscle thin filament [GO:0005865]	7.22
Polyketide	cytoplasm [GO:0005737]	7.22
Polyketide	filopodium [GO:0030175]	7.22
Polyketide	node of Ranvier [GO:0033268]	53.12
Polyketide	synapse [GO:0045202]	53.12
Polyketide	plasma membrane [GO:0005886]	53.12
Polyketide	axon initial segment [GO:0043194]	53.12
Polyketide	voltage-gated potassium channel complex [GO:0008076]	53.12
Polyketide	cytoplasm [GO:0005737]	60.94
Polyketide	efflux pump complex [GO:1990281]	24.53
Polyketide	outer membrane-bounded periplasmic space [GO:0030288]	24.53
Polyketide	periplasmic side of plasma membrane [GO:0098567]	24.53
Polyketide	plasma membrane [GO:0005886]	24.53
Polyketide	membrane [GO:0016020]	24.53
Polyketide	mitochondrial proton-transporting ATP synthase complex [GO:0005753]	69.71
Polyketide	cytosol [GO:0005829]	69.71
Polyketide	mitochondrial proton-transporting ATP synthase complex, coupling factor F(o) [GO:0000276]	69.71
Polyketide	mitochondrion [GO:0005739]	69.71
Polyketide	mitochondrial intermembrane space [GO:0005758]	69.71
Polyketide	mitochondrial inner membrane [GO:0005743]	69.71
Polyketide	membrane [GO:0016020]	31.05
Polyketide	clathrin-sculpted monoamine transport vesicle membrane [GO:0070083]	31.05
Polyketide	terminal bouton [GO:0043195]	31.05
Polyketide	centrosome [GO:0005813]	31.05
Polyketide	plasma membrane [GO:0005886]	31.05
Polyketide	intracellular membrane-bounded organelle [GO:0043231]	31.05
Polyketide	dendrite [GO:0030425]	31.05
Polyketide	dopaminergic synapse [GO:0098691]	31.05
Polyketide	secretory granule membrane [GO:0030667]	31.05
Polyketide	synaptic vesicle membrane [GO:0030672]	31.05
Polyketide	axon [GO:0030424]	31.05
Polyketide	synaptic vesicle [GO:0008021]	31.05
Polyketide	cytoplasm [GO:0005737]	24.89
Polyketide	plasma membrane [GO:0005886]	44.38
Polyketide	proton-transporting ATP synthase complex, coupling factor F(o) [GO:0045263]	44.38
Polyketide	transcription repressor complex [GO:0017053]	51.85
Polyketide	nucleoplasm [GO:0005654]	51.85
Polyketide	nucleus [GO:0005634]	51.85
Polyketide	intracellular membrane-bounded organelle [GO:0043231]	62.26
Polyketide	nucleoplasm [GO:0005654]	62.26
Polyketide	mitochondrion [GO:0005739]	62.26
Polyketide	chromatin [GO:0000785]	62.26
Polyketide	nucleus [GO:0005634]	62.26
Polyketide	bicellular tight junction [GO:0005923]	39.69
Polyketide	cytosol [GO:0005829]	39.69
Polyketide	Golgi membrane [GO:0000139]	39.69
Polyketide	plasma membrane [GO:0005886]	39.69
Polyketide	membrane [GO:0016020]	39.69
Polyketide	growth cone [GO:0030426]	39.69
Polyketide	adherens junction [GO:0005912]	39.69
Polyketide	cytoplasm [GO:0005737]	39.69
Polyketide	mitochondrial respiratory chain complex III [GO:0005750]	53.87
Polyketide	membrane [GO:0016020]	53.87
Polyketide	mitochondrial membrane [GO:0031966]	53.87
Polyketide	nucleoplasm [GO:0005654]	53.07
Polyketide	nucleus [GO:0005634]	53.07
Polyketide	cytoplasm [GO:0005737]	53.07
Polyketide	nucleolus [GO:0005730]	53.07
Polyketide	melanosome [GO:0042470]	35.19
Polyketide	basolateral plasma membrane [GO:0016323]	35.19
Polyketide	plasma membrane [GO:0005886]	35.19
Polyketide	membrane [GO:0016020]	35.19
Polyketide	axon [GO:0030424]	35.19
Polyketide	sarcolemma [GO:0042383]	35.19
Polyketide	sodium:potassium-exchanging ATPase complex [GO:0005890]	35.19
Polyketide	cell body [GO:0044297]	2.6
Polyketide	actin filament [GO:0005884]	2.6
Polyketide	skeletal muscle myofibril [GO:0098723]	2.6
Polyketide	stress fiber [GO:0001725]	2.6
Polyketide	filamentous actin [GO:0031941]	2.6
Polyketide	actin filament bundle [GO:0032432]	2.6
Polyketide	lamellipodium [GO:0030027]	2.6
Polyketide	striated muscle thin filament [GO:0005865]	2.6
Polyketide	cytoplasm [GO:0005737]	2.6
Polyketide	filopodium [GO:0030175]	2.6
Polyketide	intracellular membrane-bounded organelle [GO:0043231]	39.13
Polyketide	endoplasmic reticulum membrane [GO:0005789]	39.13
Polyketide	mitochondrial inner membrane [GO:0005743]	39.13
Polyketide	cytoplasm [GO:0005737]	15.38
Polyketide	protein-containing complex [GO:0032991]	56.5
Polyketide	endocytic vesicle membrane [GO:0030666]	56.5
Polyketide	cytosol [GO:0005829]	56.5
Polyketide	transcription repressor complex [GO:0017053]	56.5
Polyketide	nucleoplasm [GO:0005654]	56.5
Polyketide	plasma membrane [GO:0005886]	56.5
Polyketide	nucleus [GO:0005634]	56.5
Polyketide	cytoplasm [GO:0005737]	56.5
Polyketide	nucleolus [GO:0005730]	56.5
Polyketide	cell outer membrane [GO:0009279]	16.43
Polyketide	pore complex [GO:0046930]	16.43
Polyketide	endoplasmic reticulum lumen [GO:0005788]	20.89
Polyketide	endosome [GO:0005768]	20.89
Polyketide	Golgi-associated vesicle lumen [GO:0070931]	20.89
Polyketide	cell surface [GO:0009986]	20.89
Polyketide	neuronal cell body [GO:0043025]	20.89
Polyketide	recycling endosome [GO:0055037]	20.89
Polyketide	trans-Golgi network [GO:0005802]	20.89
Polyketide	endosome membrane [GO:0010008]	20.89
Polyketide	synaptic vesicle [GO:0008021]	20.89
Polyketide	lysosome [GO:0005764]	20.89
Polyketide	membrane raft [GO:0045121]	20.89
Polyketide	Golgi apparatus [GO:0005794]	20.89
Polyketide	dendrite [GO:0030425]	20.89
Polyketide	early endosome [GO:0005769]	20.89
Polyketide	membrane [GO:0016020]	20.89
Polyketide	multivesicular body [GO:0005771]	20.89
Polyketide	plasma membrane [GO:0005886]	20.89
Polyketide	hippocampal mossy fiber to CA3 synapse [GO:0098686]	20.89
Polyketide	axon [GO:0030424]	20.89
Polyketide	late endosome [GO:0005770]	20.89
Polyketide	vacuolar proton-transporting V-type ATPase, V0 domain [GO:0000220]	69.9
Polyketide	synaptic vesicle membrane [GO:0030672]	69.9
Polyketide	clathrin-coated vesicle membrane [GO:0030665]	69.9
Polyketide	protein-containing complex [GO:0032991]	59.88
Polyketide	endocytic vesicle membrane [GO:0030666]	59.88
Polyketide	cytosol [GO:0005829]	59.88
Polyketide	transcription repressor complex [GO:0017053]	59.88
Polyketide	nucleoplasm [GO:0005654]	59.88
Polyketide	plasma membrane [GO:0005886]	59.88
Polyketide	nucleus [GO:0005634]	59.88
Polyketide	cytoplasm [GO:0005737]	59.88
Polyketide	nucleolus [GO:0005730]	59.88
Polyketide	fungal biofilm matrix [GO:0062040]	-35.33
Polyketide	cytoplasm [GO:0005737]	-35.33
Polyketide	extracellular region [GO:0005576]	-35.33
Polyketide	nucleoplasm [GO:0005654]	48.5
Polyketide	cytosol [GO:0005829]	48.5
Polyketide	extracellular exosome [GO:0070062]	48.5
Polyketide	plasma membrane [GO:0005886]	58.33
Polyketide	proton-transporting ATP synthase complex, coupling factor F(o) [GO:0045263]	58.33
Polyketide	chromosome [GO:0005694]	29.38
Polyketide	condensed nuclear chromosome [GO:0000794]	29.38
Polyketide	nucleus [GO:0005634]	29.38
Polyketide	nucleoplasm [GO:0005654]	29.38
Polyketide	extracellular space [GO:0005615]	38.89
Polyketide	azurophil granule lumen [GO:0035578]	38.89
Polyketide	extracellular region [GO:0005576]	38.89
Polyketide	extracellular exosome [GO:0070062]	38.89
Polyketide	plasma membrane [GO:0005886]	91.12
Polyketide	dendrite [GO:0030425]	67.9
Polyketide	chloride channel complex [GO:0034707]	67.9
Polyketide	neuron projection [GO:0043005]	67.9
Polyketide	plasma membrane [GO:0005886]	67.9
Polyketide	membrane [GO:0016020]	67.9
Polyketide	postsynaptic membrane [GO:0045211]	67.9
Polyketide	synapse [GO:0045202]	67.9
Polyketide	perikaryon [GO:0043204]	67.9
Polyketide	sarcoplasmic reticulum membrane [GO:0033017]	46.41
Polyketide	cytoplasmic side of membrane [GO:0098562]	46.41
Polyketide	cytosol [GO:0005829]	46.41
Polyketide	Z disc [GO:0030018]	46.41
Polyketide	sarcoplasmic reticulum [GO:0016529]	46.41
Polyketide	terminal cisterna [GO:0014802]	46.41
Polyketide	membrane [GO:0016020]	46.41
Polyketide	ryanodine receptor complex [GO:1990425]	46.41
Polyketide	cytoplasm [GO:0005737]	46.41
Polyketide	cytoplasm [GO:0005737]	13.16
Polyketide	protein-containing complex [GO:0032991]	62.04
Polyketide	cytosol [GO:0005829]	62.04
Polyketide	nucleoplasm [GO:0005654]	62.04
Polyketide	membrane [GO:0016020]	62.04
Polyketide	plasma membrane [GO:0005886]	62.04
Polyketide	euchromatin [GO:0000791]	62.04
Polyketide	chromatin [GO:0000785]	62.04
Polyketide	transcription regulator complex [GO:0005667]	62.04
Polyketide	nucleus [GO:0005634]	62.04
Polyketide	cytoplasm [GO:0005737]	62.04
Polyketide	Golgi apparatus [GO:0005794]	62.04
Polyketide	sarcoplasmic reticulum membrane [GO:0033017]	47.11
Polyketide	cytoplasmic side of membrane [GO:0098562]	47.11
Polyketide	cytosol [GO:0005829]	47.11
Polyketide	Z disc [GO:0030018]	47.11
Polyketide	sarcoplasmic reticulum [GO:0016529]	47.11
Polyketide	terminal cisterna [GO:0014802]	47.11
Polyketide	membrane [GO:0016020]	47.11
Polyketide	ryanodine receptor complex [GO:1990425]	47.11
Polyketide	cytoplasm [GO:0005737]	47.11
Polyketide	histone deacetylase complex [GO:0000118]	24.89
Polyketide	protein-containing complex [GO:0032991]	82.2
Polyketide	centrosome [GO:0005813]	82.2
Polyketide	perinuclear region of cytoplasm [GO:0048471]	82.2
Polyketide	cytosol [GO:0005829]	82.2
Polyketide	extracellular exosome [GO:0070062]	82.2
Polyketide	photoreceptor outer segment [GO:0001750]	82.2
Polyketide	ciliary basal body [GO:0036064]	82.2
Polyketide	photoreceptor inner segment [GO:0001917]	82.2
Polyketide	centriole [GO:0005814]	82.2
Polyketide	microtubule organizing center [GO:0005815]	82.2
Polyketide	endoplasmic reticulum [GO:0005783]	50.43
Polyketide	nuclear envelope [GO:0005635]	50.43
Polyketide	nuclear membrane [GO:0031965]	50.43
Polyketide	endoplasmic reticulum membrane [GO:0005789]	50.43
Polyketide	cytoplasmic vesicle [GO:0031410]	50.43
Polyketide	mitochondrial proton-transporting ATP synthase complex [GO:0005753]	75.2
Polyketide	cytosol [GO:0005829]	75.2
Polyketide	mitochondrial proton-transporting ATP synthase complex, coupling factor F(o) [GO:0000276]	75.2
Polyketide	mitochondrion [GO:0005739]	75.2
Polyketide	mitochondrial intermembrane space [GO:0005758]	75.2
Polyketide	mitochondrial inner membrane [GO:0005743]	75.2
Polyketide	cell body [GO:0044297]	1.28
Polyketide	actin filament [GO:0005884]	1.28
Polyketide	skeletal muscle myofibril [GO:0098723]	1.28
Polyketide	stress fiber [GO:0001725]	1.28
Polyketide	filamentous actin [GO:0031941]	1.28
Polyketide	actin filament bundle [GO:0032432]	1.28
Polyketide	lamellipodium [GO:0030027]	1.28
Polyketide	striated muscle thin filament [GO:0005865]	1.28
Polyketide	cytoplasm [GO:0005737]	1.28
Polyketide	filopodium [GO:0030175]	1.28
Polyketide	host cell nucleus [GO:0042025]	22.83
Polyketide	host cell cytoplasm [GO:0030430]	22.83
Polyketide	fibrillar center [GO:0001650]	6.21
Polyketide	nuclear inner membrane [GO:0005637]	6.21
Polyketide	heterochromatin [GO:0000792]	6.21
Polyketide	nuclear envelope [GO:0005635]	6.21
Polyketide	PML body [GO:0016605]	6.21
Polyketide	cytosol [GO:0005829]	6.21
Polyketide	eNoSc complex [GO:0061773]	6.21
Polyketide	rDNA heterochromatin [GO:0033553]	6.21
Polyketide	nucleoplasm [GO:0005654]	6.21
Polyketide	mitochondrion [GO:0005739]	6.21
Polyketide	euchromatin [GO:0000791]	6.21
Polyketide	chromatin [GO:0000785]	6.21
Polyketide	chromatin silencing complex [GO:0005677]	6.21
Polyketide	nucleus [GO:0005634]	6.21
Polyketide	cytoplasm [GO:0005737]	6.21
Polyketide	nucleolus [GO:0005730]	6.21
Polyketide	cytoplasmic side of endoplasmic reticulum membrane [GO:0098554]	21.83
Polyketide	protein-containing complex [GO:0032991]	21.83
Polyketide	endoplasmic reticulum [GO:0005783]	21.83
Polyketide	sorting endosome [GO:0097443]	21.83
Polyketide	endosome lumen [GO:0031904]	21.83
Polyketide	early endosome [GO:0005769]	21.83
Polyketide	cytosol [GO:0005829]	21.83
Polyketide	mitochondrial crista [GO:0030061]	21.83
Polyketide	mitochondrial matrix [GO:0005759]	21.83
Polyketide	cytoplasm [GO:0005737]	21.83
Polyketide	dendrite [GO:0030425]	28.33
Polyketide	postsynapse [GO:0098794]	28.33
Polyketide	cell body [GO:0044297]	28.33
Polyketide	glutamatergic synapse [GO:0098978]	28.33
Polyketide	membrane [GO:0016020]	28.33
Polyketide	postsynaptic membrane [GO:0045211]	28.33
Polyketide	dendritic spine [GO:0043197]	28.33
Polyketide	axon [GO:0030424]	28.33
Polyketide	cytoplasm [GO:0005737]	28.33
Polyketide	cytosol [GO:0005829]	31.43
Polyketide	extracellular exosome [GO:0070062]	31.43
Polyketide	nucleoplasm [GO:0005654]	31.43
Polyketide	membrane [GO:0016020]	31.43
Polyketide	cytoplasm [GO:0005737]	31.43
Polyketide	centrosome [GO:0005813]	28.48
Polyketide	voltage-gated calcium channel complex [GO:0005891]	28.48
Polyketide	synaptic vesicle [GO:0008021]	28.48
Polyketide	perinuclear region of cytoplasm [GO:0048471]	28.48
Polyketide	cytosol [GO:0005829]	28.48
Polyketide	gamma-tubulin complex [GO:0000930]	28.48
Polyketide	postsynaptic density [GO:0014069]	28.48
Polyketide	Z disc [GO:0030018]	28.48
Polyketide	excitatory synapse [GO:0060076]	28.48
Polyketide	dendritic spine [GO:0043197]	28.48
Polyketide	nucleus [GO:0005634]	28.48
Polyketide	lipid droplet [GO:0005811]	47.82
Polyketide	cytoplasm [GO:0005737]	47.82
Polyketide	cytosol [GO:0005829]	47.82
Polyketide	membrane [GO:0016020]	4.5
Polyketide	ATP-binding cassette (ABC) transporter complex, substrate-binding subunit-containing [GO:0055052]	4.5
Polyketide	outer membrane-bounded periplasmic space [GO:0030288]	4.5
Polyketide	periplasmic space [GO:0042597]	22.37
Polyketide	nucleoplasm [GO:0005654]	46.2
Polyketide	plasma membrane [GO:0005886]	46.2
Polyketide	cytosol [GO:0005829]	46.2
Polyketide	mitochondrion [GO:0005739]	21.81
Polyketide	acetyl-CoA carboxylase complex [GO:0009317]	21.81
Polyketide	endoplasmic reticulum membrane [GO:0005789]	21.81
Polyketide	cytosol [GO:0005829]	21.81
Polyketide	cytoplasm [GO:0005737]	33.0
Polyketide	aryl hydrocarbon receptor complex [GO:0034751]	54.09
Polyketide	cytosol [GO:0005829]	54.09
Polyketide	nucleus [GO:0005634]	54.09
Polyketide	histone deacetylase complex [GO:0000118]	32.91
Polyketide	nucleoplasm [GO:0005654]	32.91
Polyketide	nuclear chromosome [GO:0000228]	32.91
Polyketide	nucleus [GO:0005634]	32.91
Polyketide	cytoplasm [GO:0005737]	32.91
Polyketide	cell body [GO:0044297]	11.25
Polyketide	actin filament [GO:0005884]	11.25
Polyketide	skeletal muscle myofibril [GO:0098723]	11.25
Polyketide	stress fiber [GO:0001725]	11.25
Polyketide	filamentous actin [GO:0031941]	11.25
Polyketide	actin filament bundle [GO:0032432]	11.25
Polyketide	lamellipodium [GO:0030027]	11.25
Polyketide	striated muscle thin filament [GO:0005865]	11.25
Polyketide	cytoplasm [GO:0005737]	11.25
Polyketide	filopodium [GO:0030175]	11.25
Polyketide	protein-containing complex [GO:0032991]	28.74
Polyketide	mitotic spindle [GO:0072686]	28.74
Polyketide	cytosol [GO:0005829]	28.74
Polyketide	microtubule [GO:0005874]	28.74
Polyketide	membrane [GO:0016020]	28.74
Polyketide	nucleus [GO:0005634]	28.74
Polyketide	spindle [GO:0005819]	28.74
Polyketide	spindle pole [GO:0000922]	28.74
Polyketide	kinesin complex [GO:0005871]	28.74
Polyketide	cytoplasm [GO:0005737]	53.64
Polyketide	cytosol [GO:0005829]	68.5
Polyketide	transcription regulator complex [GO:0005667]	68.5
Polyketide	chromatin [GO:0000785]	68.5
Polyketide	receptor complex [GO:0043235]	68.5
Polyketide	mitochondrion [GO:0005739]	68.5
Polyketide	RNA polymerase II transcription regulator complex [GO:0090575]	68.5
Polyketide	nucleoplasm [GO:0005654]	68.5
Polyketide	nucleus [GO:0005634]	68.5
Polyketide	histone deacetylase complex [GO:0000118]	25.14
Polyketide	nucleoplasm [GO:0005654]	25.14
Polyketide	nuclear chromosome [GO:0000228]	25.14
Polyketide	nucleus [GO:0005634]	25.14
Polyketide	cytoplasm [GO:0005737]	25.14
Polyketide	cytoplasm [GO:0005737]	30.5
Polyketide	vesicle [GO:0031982]	6.62
Polyketide	cytoplasm [GO:0005737]	6.62
Polyketide	secretory granule lumen [GO:0034774]	6.62
Polyketide	cytosol [GO:0005829]	6.62
Polyketide	ficolin-1-rich granule lumen [GO:1904813]	6.62
Polyketide	extracellular exosome [GO:0070062]	6.62
Polyketide	nucleoplasm [GO:0005654]	6.62
Polyketide	plasma membrane [GO:0005886]	6.62
Polyketide	extracellular region [GO:0005576]	6.62
Polyketide	extracellular space [GO:0005615]	6.62
Polyketide	cell surface [GO:0009986]	6.62
Polyketide	nucleus [GO:0005634]	47.89
Polyketide	cytoplasm [GO:0005737]	47.89
Polyketide	cytosol [GO:0005829]	47.89
Polyketide	membrane-bounded organelle [GO:0043227]	29.1
Polyketide	nucleoplasm [GO:0005654]	56.92
Polyketide	chromatin [GO:0000785]	56.92
Polyketide	host cell nucleus [GO:0042025]	17.95
Polyketide	host cell endoplasmic reticulum membrane [GO:0044167]	17.95
Polyketide	host cell endoplasmic reticulum-Golgi intermediate compartment [GO:0044172]	17.95
Polyketide	host cell Golgi apparatus [GO:0044177]	17.95
Polyketide	host cell endosome [GO:0044174]	17.95
Polyketide	membrane [GO:0016020]	17.95
Polyketide	double membrane vesicle viral factory outer membrane [GO:0062243]	17.95
Polyketide	host cell perinuclear region of cytoplasm [GO:0044220]	17.95
Polyketide	protein-containing complex [GO:0032991]	59.95
Polyketide	cytosol [GO:0005829]	59.95
Polyketide	nucleoplasm [GO:0005654]	59.95
Polyketide	membrane [GO:0016020]	59.95
Polyketide	plasma membrane [GO:0005886]	59.95
Polyketide	euchromatin [GO:0000791]	59.95
Polyketide	chromatin [GO:0000785]	59.95
Polyketide	transcription regulator complex [GO:0005667]	59.95
Polyketide	nucleus [GO:0005634]	59.95
Polyketide	cytoplasm [GO:0005737]	59.95
Polyketide	Golgi apparatus [GO:0005794]	59.95
Polyketide	extracellular exosome [GO:0070062]	18.95
Polyketide	cytoplasm [GO:0005737]	18.95
Polyketide	cytosol [GO:0005829]	18.95
Polyketide	dendrite [GO:0030425]	35.58
Polyketide	cytosol [GO:0005829]	35.58
Polyketide	synapse [GO:0045202]	35.58
Polyketide	nucleus [GO:0005634]	35.58
Polyketide	cytoplasm [GO:0005737]	35.58
Polyketide	neuronal cell body [GO:0043025]	35.58
Polyketide	periplasmic space [GO:0042597]	62.0
Polyketide	plasma membrane [GO:0005886]	20.2
Polyketide	protein-DNA complex [GO:0032993]	49.04
Polyketide	epidermal lamellar body [GO:0097209]	4.75
Polyketide	extracellular region [GO:0005576]	4.75
Polyketide	extracellular space [GO:0005615]	4.75
Polyketide	secretory granule [GO:0030141]	4.75
Polyketide	cornified envelope [GO:0001533]	4.75
Polyketide	cell body [GO:0044297]	8.9
Polyketide	actin filament [GO:0005884]	8.9
Polyketide	skeletal muscle myofibril [GO:0098723]	8.9
Polyketide	stress fiber [GO:0001725]	8.9
Polyketide	filamentous actin [GO:0031941]	8.9
Polyketide	actin filament bundle [GO:0032432]	8.9
Polyketide	lamellipodium [GO:0030027]	8.9
Polyketide	striated muscle thin filament [GO:0005865]	8.9
Polyketide	cytoplasm [GO:0005737]	8.9
Polyketide	filopodium [GO:0030175]	8.9
Polyketide	postsynaptic density [GO:0014069]	25.23
Polyketide	glutamatergic synapse [GO:0098978]	25.23
Polyketide	plasma membrane [GO:0005886]	25.23
Polyketide	DAPK1-calmodulin complex [GO:1990722]	25.23
Polyketide	actin cytoskeleton [GO:0015629]	25.23
Polyketide	nucleus [GO:0005634]	25.23
Polyketide	cytoplasm [GO:0005737]	25.23
Polyketide	nuclear body [GO:0016604]	60.29
Polyketide	nucleoplasm [GO:0005654]	60.29
Polyketide	chromatin [GO:0000785]	60.29
Polyketide	transcription regulator complex [GO:0005667]	60.29
Polyketide	intermediate filament cytoskeleton [GO:0045111]	60.29
Polyketide	nuclear chromosome [GO:0000228]	27.88
Polyketide	histone deacetylase complex [GO:0000118]	27.88
Polyketide	cytoplasm [GO:0005737]	27.88
Polyketide	nucleoplasm [GO:0005654]	27.88
Polyketide	nucleus [GO:0005634]	27.88
Polyketide	extracellular space [GO:0005615]	42.4
Polyketide	azurophil granule lumen [GO:0035578]	42.4
Polyketide	extracellular region [GO:0005576]	42.4
Polyketide	extracellular exosome [GO:0070062]	42.4
Polyketide	protein-containing complex [GO:0032991]	65.32
Polyketide	cytosol [GO:0005829]	65.32
Polyketide	nucleoplasm [GO:0005654]	65.32
Polyketide	membrane [GO:0016020]	65.32
Polyketide	plasma membrane [GO:0005886]	65.32
Polyketide	euchromatin [GO:0000791]	65.32
Polyketide	chromatin [GO:0000785]	65.32
Polyketide	transcription regulator complex [GO:0005667]	65.32
Polyketide	nucleus [GO:0005634]	65.32
Polyketide	cytoplasm [GO:0005737]	65.32
Polyketide	Golgi apparatus [GO:0005794]	65.32
Polyketide	chloride channel complex [GO:0034707]	60.08
Polyketide	postsynaptic membrane [GO:0045211]	60.08
Polyketide	perikaryon [GO:0043204]	60.08
Polyketide	membrane [GO:0016020]	60.08
Polyketide	plasma membrane [GO:0005886]	60.08
Polyketide	dendrite [GO:0030425]	60.08
Polyketide	neuron projection [GO:0043005]	60.08
Polyketide	synapse [GO:0045202]	60.08
Polyketide	plasma membrane [GO:0005886]	39.67
Polyketide	cytoplasm [GO:0005737]	13.19
Polyketide	vacuolar proton-transporting V-type ATPase, V0 domain [GO:0000220]	66.56
Polyketide	synaptic vesicle membrane [GO:0030672]	66.56
Polyketide	clathrin-coated vesicle membrane [GO:0030665]	66.56
Polyketide	voltage-gated potassium channel complex [GO:0008076]	56.92
Polyketide	endoplasmic reticulum [GO:0005783]	56.92
Polyketide	cell surface [GO:0009986]	56.92
Polyketide	apical plasma membrane [GO:0016324]	56.92
Polyketide	plasma membrane [GO:0005886]	56.92
Polyketide	endoplasmic reticulum membrane [GO:0005789]	56.92
Polyketide	astrocyte projection [GO:0097449]	56.92
Polyketide	calyx of Held [GO:0044305]	56.92
Polyketide	neuronal cell body [GO:0043025]	56.92
Polyketide	extracellular region [GO:0005576]	36.3
Polyketide	extracellular exosome [GO:0070062]	36.3
Polyketide	azurophil granule lumen [GO:0035578]	36.3
Polyketide	extracellular space [GO:0005615]	36.3
Polyketide	extracellular space [GO:0005615]	23.0
Polyketide	azurophil granule lumen [GO:0035578]	23.0
Polyketide	extracellular region [GO:0005576]	23.0
Polyketide	extracellular exosome [GO:0070062]	23.0
Polyketide	protein-containing complex [GO:0032991]	54.79
Polyketide	cytosol [GO:0005829]	54.79
Polyketide	nucleoplasm [GO:0005654]	54.79
Polyketide	membrane [GO:0016020]	54.79
Polyketide	plasma membrane [GO:0005886]	54.79
Polyketide	euchromatin [GO:0000791]	54.79
Polyketide	chromatin [GO:0000785]	54.79
Polyketide	transcription regulator complex [GO:0005667]	54.79
Polyketide	nucleus [GO:0005634]	54.79
Polyketide	cytoplasm [GO:0005737]	54.79
Polyketide	Golgi apparatus [GO:0005794]	54.79
Polyketide	cytosol [GO:0005829]	15.45
Polyketide	extracellular exosome [GO:0070062]	15.45
Polyketide	extracellular space [GO:0005615]	15.45
Polyketide	nucleus [GO:0005634]	15.45
Polyketide	cytoplasm [GO:0005737]	15.45
Polyketide	node of Ranvier [GO:0033268]	77.33
Polyketide	synapse [GO:0045202]	77.33
Polyketide	plasma membrane [GO:0005886]	77.33
Polyketide	axon initial segment [GO:0043194]	77.33
Polyketide	voltage-gated potassium channel complex [GO:0008076]	77.33
Polyketide	node of Ranvier [GO:0033268]	61.43
Polyketide	synapse [GO:0045202]	61.43
Polyketide	plasma membrane [GO:0005886]	61.43
Polyketide	axon initial segment [GO:0043194]	61.43
Polyketide	voltage-gated potassium channel complex [GO:0008076]	61.43
Polyketide	plasma membrane [GO:0005886]	40.67
Polyketide	extracellular region [GO:0005576]	32.58
Polyketide	intracellular membrane-bounded organelle [GO:0043231]	0.0
Polyketide	nucleoplasm [GO:0005654]	0.0
Polyketide	mitochondrion [GO:0005739]	0.0
Polyketide	chromatin [GO:0000785]	0.0
Polyketide	nucleus [GO:0005634]	0.0
Polyketide	chromosome [GO:0005694]	39.71
Polyketide	condensed nuclear chromosome [GO:0000794]	39.71
Polyketide	nucleus [GO:0005634]	39.71
Polyketide	nucleoplasm [GO:0005654]	39.71
Polyketide	cytosol [GO:0005829]	18.09
Polyketide	nucleoplasm [GO:0005654]	18.09
Polyketide	plasma membrane [GO:0005886]	18.09
Polyketide	nucleus [GO:0005634]	18.09
Polyketide	cytoplasm [GO:0005737]	18.09
Polyketide	nucleolus [GO:0005730]	18.09
Polyketide	calcineurin complex [GO:0005955]	40.93
Polyketide	cytoplasm [GO:0005737]	40.93
Polyketide	endoplasmic reticulum [GO:0005783]	15.08
Polyketide	AIP1-IRE1 complex [GO:1990597]	15.08
Polyketide	nuclear inner membrane [GO:0005637]	15.08
Polyketide	endoplasmic reticulum membrane [GO:0005789]	15.08
Polyketide	mitochondrion [GO:0005739]	15.08
Polyketide	IRE1-RACK1-PP2A complex [GO:1990630]	15.08
Polyketide	cytoplasm [GO:0005737]	15.08
Polyketide	IRE1-TRAF2-ASK1 complex [GO:1990604]	15.08
Polyketide	plasma membrane [GO:0005886]	58.33
Polyketide	proton-transporting ATP synthase complex, coupling factor F(o) [GO:0045263]	58.33
Polyketide	host cell nucleus [GO:0042025]	47.67
Polyketide	protein-containing complex [GO:0032991]	47.67
Polyketide	host cell plasma membrane [GO:0020002]	47.67
Polyketide	host cell lipid droplet [GO:0044186]	47.67
Polyketide	viral envelope [GO:0019031]	47.67
Polyketide	host cell endoplasmic reticulum membrane [GO:0044167]	47.67
Polyketide	host cell mitochondrial membrane [GO:0044191]	47.67
Polyketide	ribonucleoprotein complex [GO:1990904]	47.67
Polyketide	membrane [GO:0016020]	47.67
Polyketide	viral nucleocapsid [GO:0019013]	47.67
Polyketide	virion membrane [GO:0055036]	47.67
Polyketide	host cell perinuclear region of cytoplasm [GO:0044220]	47.67
Polyketide	nuclear periphery [GO:0034399]	-27.0
Polyketide	main axon [GO:0044304]	-27.0
Polyketide	neurofibrillary tangle [GO:0097418]	-27.0
Polyketide	neuron projection [GO:0043005]	-27.0
Polyketide	somatodendritic compartment [GO:0036477]	-27.0
Polyketide	microtubule [GO:0005874]	-27.0
Polyketide	cytoplasm [GO:0005737]	-27.0
Polyketide	neuronal cell body [GO:0043025]	-27.0
Polyketide	cell body [GO:0044297]	-27.0
Polyketide	nuclear speck [GO:0016607]	-27.0
Polyketide	growth cone [GO:0030426]	-27.0
Polyketide	membrane raft [GO:0045121]	-27.0
Polyketide	dendrite [GO:0030425]	-27.0
Polyketide	tubulin complex [GO:0045298]	-27.0
Polyketide	microtubule cytoskeleton [GO:0015630]	-27.0
Polyketide	cytosol [GO:0005829]	-27.0
Polyketide	axolemma [GO:0030673]	-27.0
Polyketide	glial cell projection [GO:0097386]	-27.0
Polyketide	dendritic spine [GO:0043197]	-27.0
Polyketide	extracellular region [GO:0005576]	-27.0
Polyketide	cytoplasmic ribonucleoprotein granule [GO:0036464]	-27.0
Polyketide	nucleus [GO:0005634]	-27.0
Polyketide	axon cytoplasm [GO:1904115]	-27.0
Polyketide	plasma membrane [GO:0005886]	-27.0
Polyketide	mitochondrion [GO:0005739]	-27.0
Polyketide	axon [GO:0030424]	-27.0
Polyketide	protein-containing complex [GO:0032991]	51.42
Polyketide	endocytic vesicle membrane [GO:0030666]	51.42
Polyketide	cytosol [GO:0005829]	51.42
Polyketide	transcription repressor complex [GO:0017053]	51.42
Polyketide	nucleoplasm [GO:0005654]	51.42
Polyketide	plasma membrane [GO:0005886]	51.42
Polyketide	nucleus [GO:0005634]	51.42
Polyketide	cytoplasm [GO:0005737]	51.42
Polyketide	nucleolus [GO:0005730]	51.42
Polyketide	plasma membrane [GO:0005886]	15.0
Polyketide	proton-transporting ATP synthase complex, coupling factor F(o) [GO:0045263]	15.0
Polyketide	transporter complex [GO:1990351]	28.0
Polyketide	plasma membrane [GO:0005886]	28.0
Polyketide	membrane [GO:0016020]	28.0
Polyketide	ATP-binding cassette (ABC) transporter complex [GO:0043190]	28.0
Polyketide	cytoplasm [GO:0005737]	28.0
Polyketide	membrane [GO:0016020]	15.6
Polyketide	extracellular space [GO:0005615]	29.0
Polyketide	azurophil granule lumen [GO:0035578]	29.0
Polyketide	extracellular region [GO:0005576]	29.0
Polyketide	extracellular exosome [GO:0070062]	29.0
Polyketide	extracellular space [GO:0005615]	41.57
Polyketide	azurophil granule lumen [GO:0035578]	41.57
Polyketide	extracellular region [GO:0005576]	41.57
Polyketide	extracellular exosome [GO:0070062]	41.57
Polyketide	nucleolus [GO:0005730]	48.08
Polyketide	nucleoplasm [GO:0005654]	48.08
Polyketide	cytoplasm [GO:0005737]	48.08
Polyketide	cytosol [GO:0005829]	48.08
Polyketide	cell body [GO:0044297]	42.5
Polyketide	actin filament [GO:0005884]	42.5
Polyketide	skeletal muscle myofibril [GO:0098723]	42.5
Polyketide	stress fiber [GO:0001725]	42.5
Polyketide	filamentous actin [GO:0031941]	42.5
Polyketide	actin filament bundle [GO:0032432]	42.5
Polyketide	lamellipodium [GO:0030027]	42.5
Polyketide	striated muscle thin filament [GO:0005865]	42.5
Polyketide	cytoplasm [GO:0005737]	42.5
Polyketide	filopodium [GO:0030175]	42.5
Polyketide	extracellular region [GO:0005576]	38.89
Polyketide	extracellular exosome [GO:0070062]	38.89
Polyketide	azurophil granule lumen [GO:0035578]	38.89
Polyketide	extracellular space [GO:0005615]	38.89
Polyketide	organelle membrane [GO:0031090]	33.63
Polyketide	cytosol [GO:0005829]	33.63
Polyketide	autophagosome [GO:0005776]	33.63
Polyketide	intracellular membrane-bounded organelle [GO:0043231]	33.63
Polyketide	glutamatergic synapse [GO:0098978]	33.63
Polyketide	microtubule [GO:0005874]	33.63
Polyketide	autolysosome [GO:0044754]	33.63
Polyketide	late endosome [GO:0005770]	33.63
Polyketide	autophagosome membrane [GO:0000421]	33.63
Polyketide	extracellular space [GO:0005615]	39.73
Polyketide	azurophil granule lumen [GO:0035578]	39.73
Polyketide	extracellular region [GO:0005576]	39.73
Polyketide	extracellular exosome [GO:0070062]	39.73
Polyketide	membrane [GO:0016020]	53.67
Polyketide	cytosol [GO:0005829]	53.67
Polyketide	transcription regulator complex [GO:0005667]	53.67
Polyketide	cytoplasm [GO:0005737]	53.67
Polyketide	chromatin [GO:0000785]	53.67
Polyketide	Golgi apparatus [GO:0005794]	53.67
Polyketide	plasma membrane [GO:0005886]	53.67
Polyketide	nucleoplasm [GO:0005654]	53.67
Polyketide	protein-containing complex [GO:0032991]	53.67
Polyketide	euchromatin [GO:0000791]	53.67
Polyketide	nucleus [GO:0005634]	53.67
Polyketide	mitochondrial envelope [GO:0005740]	52.08
Polyketide	mitochondrial outer membrane [GO:0005741]	52.08
Polyketide	mitochondrion [GO:0005739]	52.08
Polyketide	endosome [GO:0005768]	17.83
Polyketide	cyclin E2-CDK2 complex [GO:0097135]	17.83
Polyketide	cyclin E1-CDK2 complex [GO:0097134]	17.83
Polyketide	Cajal body [GO:0015030]	17.83
Polyketide	nucleoplasm [GO:0005654]	17.83
Polyketide	male germ cell nucleus [GO:0001673]	17.83
Polyketide	cytoplasm [GO:0005737]	17.83
Polyketide	centrosome [GO:0005813]	17.83
Polyketide	condensed chromosome [GO:0000793]	17.83
Polyketide	cyclin A1-CDK2 complex [GO:0097123]	17.83
Polyketide	cyclin A2-CDK2 complex [GO:0097124]	17.83
Polyketide	cytosol [GO:0005829]	17.83
Polyketide	X chromosome [GO:0000805]	17.83
Polyketide	chromosome, telomeric region [GO:0000781]	17.83
Polyketide	nucleus [GO:0005634]	17.83
Polyketide	Y chromosome [GO:0000806]	17.83
Polyketide	nuclear envelope [GO:0005635]	17.83
Polyketide	cyclin-dependent protein kinase holoenzyme complex [GO:0000307]	17.83
Polyketide	transcription regulator complex [GO:0005667]	17.83
Polyketide	nucleus [GO:0005634]	11.91
Polyketide	cytosol [GO:0005829]	11.91
Polyketide	methionine adenosyltransferase complex [GO:0048269]	11.91
Polyketide	extracellular exosome [GO:0070062]	11.91
Polyketide	endoplasmic reticulum lumen [GO:0005788]	36.92
Polyketide	protein-containing complex [GO:0032991]	36.92
Polyketide	endoplasmic reticulum [GO:0005783]	36.92
Polyketide	extracellular exosome [GO:0070062]	36.92
Polyketide	blood microparticle [GO:0072562]	36.92
Polyketide	platelet alpha granule lumen [GO:0031093]	36.92
Polyketide	extracellular region [GO:0005576]	36.92
Polyketide	extracellular space [GO:0005615]	36.92
Polyketide	nucleus [GO:0005634]	36.92
Polyketide	cytoplasm [GO:0005737]	36.92
Polyketide	Golgi apparatus [GO:0005794]	36.92
Polyketide	efflux pump complex [GO:1990281]	21.62
Polyketide	outer membrane-bounded periplasmic space [GO:0030288]	21.62
Polyketide	periplasmic side of plasma membrane [GO:0098567]	21.62
Polyketide	plasma membrane [GO:0005886]	21.62
Polyketide	membrane [GO:0016020]	21.62
Polyketide	cytosol [GO:0005829]	35.22
Polyketide	presynaptic active zone cytoplasmic component [GO:0098831]	66.82
Polyketide	glutamatergic synapse [GO:0098978]	66.82
Polyketide	guanylate cyclase complex, soluble [GO:0008074]	66.82
Polyketide	cytosol [GO:0005829]	66.82
Polyketide	chromosome [GO:0005694]	35.0
Polyketide	condensed nuclear chromosome [GO:0000794]	35.0
Polyketide	nucleus [GO:0005634]	35.0
Polyketide	nucleoplasm [GO:0005654]	35.0
Polyketide	sarcoplasmic reticulum membrane [GO:0033017]	46.41
Polyketide	cytoplasmic side of membrane [GO:0098562]	46.41
Polyketide	cytosol [GO:0005829]	46.41
Polyketide	Z disc [GO:0030018]	46.41
Polyketide	sarcoplasmic reticulum [GO:0016529]	46.41
Polyketide	terminal cisterna [GO:0014802]	46.41
Polyketide	membrane [GO:0016020]	46.41
Polyketide	ryanodine receptor complex [GO:1990425]	46.41
Polyketide	cytoplasm [GO:0005737]	46.41
Polyketide	plasma membrane [GO:0005886]	50.0
Polyketide	proton-transporting ATP synthase complex, coupling factor F(o) [GO:0045263]	50.0
Polyketide	cytoplasm [GO:0005737]	33.47
Polyketide	cytosol [GO:0005829]	60.87
Polyketide	cytoplasm [GO:0005737]	23.57
Polyketide	nuclear speck [GO:0016607]	28.68
Polyketide	cytosol [GO:0005829]	28.68
Polyketide	plasma membrane [GO:0005886]	28.68
Polyketide	intracellular membrane-bounded organelle [GO:0043231]	28.68
Polyketide	cytoplasm [GO:0005737]	28.68
Polyketide	nucleoplasm [GO:0005654]	28.68
Polyketide	nucleus [GO:0005634]	28.68
Polyketide	nucleoplasm [GO:0005654]	55.13
Polyketide	receptor complex [GO:0043235]	55.13
Polyketide	euchromatin [GO:0000791]	55.13
Polyketide	chromatin [GO:0000785]	55.13
Polyketide	endoplasmic reticulum [GO:0005783]	38.63
Polyketide	focal adhesion [GO:0005925]	38.63
Polyketide	cytosol [GO:0005829]	38.63
Polyketide	early endosome [GO:0005769]	38.63
Polyketide	plasma membrane [GO:0005886]	38.63
Polyketide	mitochondrion [GO:0005739]	38.63
Polyketide	nucleus [GO:0005634]	38.63
Polyketide	late endosome [GO:0005770]	38.63
Polyketide	microtubule organizing center [GO:0005815]	38.63
Polyketide	Golgi apparatus [GO:0005794]	38.63
Polyketide	cytosol [GO:0005829]	54.75
Polyketide	intracellular membrane-bounded organelle [GO:0043231]	54.75
Polyketide	nucleoplasm [GO:0005654]	54.75
Polyketide	receptor complex [GO:0043235]	54.75
Polyketide	RNA polymerase II transcription regulator complex [GO:0090575]	54.75
Polyketide	chromatin [GO:0000785]	54.75
Polyketide	nucleus [GO:0005634]	54.75
Polyketide	cell body [GO:0044297]	9.89
Polyketide	actin filament [GO:0005884]	9.89
Polyketide	skeletal muscle myofibril [GO:0098723]	9.89
Polyketide	stress fiber [GO:0001725]	9.89
Polyketide	filamentous actin [GO:0031941]	9.89
Polyketide	actin filament bundle [GO:0032432]	9.89
Polyketide	lamellipodium [GO:0030027]	9.89
Polyketide	striated muscle thin filament [GO:0005865]	9.89
Polyketide	cytoplasm [GO:0005737]	9.89
Polyketide	filopodium [GO:0030175]	9.89
Polyketide	neuron projection [GO:0043005]	51.57
Polyketide	cytosol [GO:0005829]	51.57
Polyketide	postsynaptic density [GO:0014069]	51.57
Polyketide	Golgi membrane [GO:0000139]	51.57
Polyketide	plasma membrane [GO:0005886]	51.57
Polyketide	Golgi apparatus [GO:0005794]	51.57
Polyketide	plasma membrane [GO:0005886]	11.4
Polyketide	DNA-directed RNA polymerase complex [GO:0000428]	11.4
Polyketide	cytosol [GO:0005829]	11.4
Polyketide	peptidoglycan-based cell wall [GO:0009274]	11.4
Polyketide	collagen-containing extracellular matrix [GO:0062023]	-14.57
Polyketide	basement membrane [GO:0005604]	-14.57
Polyketide	neuromuscular junction [GO:0031594]	-14.57
Polyketide	protein complex involved in cell-matrix adhesion [GO:0098637]	-14.57
Polyketide	extracellular region [GO:0005576]	-14.57
Polyketide	dendritic spine [GO:0043197]	-14.57
Polyketide	synaptic cleft [GO:0043083]	-14.57
Polyketide	sarcolemma [GO:0042383]	-14.57
Polyketide	extracellular space [GO:0005615]	38.89
Polyketide	azurophil granule lumen [GO:0035578]	38.89
Polyketide	extracellular region [GO:0005576]	38.89
Polyketide	extracellular exosome [GO:0070062]	38.89
Polyketide	cytosol [GO:0005829]	38.27
Polyketide	extracellular exosome [GO:0070062]	38.27
Polyketide	synapse [GO:0045202]	38.27
Polyketide	axon [GO:0030424]	38.27
Polyketide	cytoplasm [GO:0005737]	38.27
Polyketide	nuclear envelope [GO:0005635]	37.83
Polyketide	perinuclear region of cytoplasm [GO:0048471]	37.83
Polyketide	cytosol [GO:0005829]	37.83
Polyketide	pericentriolar material [GO:0000242]	37.83
Polyketide	Golgi membrane [GO:0000139]	37.83
Polyketide	chromosome, telomeric region [GO:0000781]	37.83
Polyketide	nucleus [GO:0005634]	37.83
Polyketide	cytoplasm [GO:0005737]	37.83
Polyketide	membrane [GO:0016020]	49.93
Polyketide	receptor complex [GO:0043235]	49.93
Polyketide	nuclear envelope [GO:0005635]	39.22
Polyketide	perinuclear region of cytoplasm [GO:0048471]	39.22
Polyketide	cytosol [GO:0005829]	39.22
Polyketide	pericentriolar material [GO:0000242]	39.22
Polyketide	Golgi membrane [GO:0000139]	39.22
Polyketide	chromosome, telomeric region [GO:0000781]	39.22
Polyketide	nucleus [GO:0005634]	39.22
Polyketide	cytoplasm [GO:0005737]	39.22
Polyketide	phagocytic vesicle membrane [GO:0030670]	36.71
Polyketide	external side of plasma membrane [GO:0009897]	36.71
Polyketide	cytosol [GO:0005829]	2.95
Polyketide	cytoplasm [GO:0005737]	2.95
Polyketide	nucleoplasm [GO:0005654]	2.95
Polyketide	nucleus [GO:0005634]	2.95
Polyketide	mitochondrial proton-transporting ATP synthase complex [GO:0005753]	67.09
Polyketide	cytosol [GO:0005829]	67.09
Polyketide	mitochondrial proton-transporting ATP synthase complex, coupling factor F(o) [GO:0000276]	67.09
Polyketide	mitochondrion [GO:0005739]	67.09
Polyketide	mitochondrial intermembrane space [GO:0005758]	67.09
Polyketide	mitochondrial inner membrane [GO:0005743]	67.09
Polyketide	extracellular region [GO:0005576]	32.07
Polyketide	node of Ranvier [GO:0033268]	68.14
Polyketide	synapse [GO:0045202]	68.14
Polyketide	plasma membrane [GO:0005886]	68.14
Polyketide	axon initial segment [GO:0043194]	68.14
Polyketide	voltage-gated potassium channel complex [GO:0008076]	68.14
Polyketide	melanosome [GO:0042470]	61.0
Polyketide	axonal growth cone [GO:0044295]	61.0
Polyketide	cell body [GO:0044297]	61.0
Polyketide	endomembrane system [GO:0012505]	61.0
Polyketide	lamellipodium [GO:0030027]	61.0
Polyketide	growth cone membrane [GO:0032584]	61.0
Polyketide	plasma membrane [GO:0005886]	61.0
Polyketide	axon [GO:0030424]	61.0
Polyketide	cell surface [GO:0009986]	61.0
Polyketide	cell body [GO:0044297]	10.0
Polyketide	actin filament [GO:0005884]	10.0
Polyketide	skeletal muscle myofibril [GO:0098723]	10.0
Polyketide	stress fiber [GO:0001725]	10.0
Polyketide	filamentous actin [GO:0031941]	10.0
Polyketide	actin filament bundle [GO:0032432]	10.0
Polyketide	lamellipodium [GO:0030027]	10.0
Polyketide	striated muscle thin filament [GO:0005865]	10.0
Polyketide	cytoplasm [GO:0005737]	10.0
Polyketide	filopodium [GO:0030175]	10.0
Polyketide	node of Ranvier [GO:0033268]	91.0
Polyketide	synapse [GO:0045202]	91.0
Polyketide	plasma membrane [GO:0005886]	91.0
Polyketide	axon initial segment [GO:0043194]	91.0
Polyketide	voltage-gated potassium channel complex [GO:0008076]	91.0
Polyketide	chromatin [GO:0000785]	42.65
Polyketide	intracellular membrane-bounded organelle [GO:0043231]	42.65
Polyketide	nucleoplasm [GO:0005654]	42.65
Polyketide	chromosome, subtelomeric region [GO:0099115]	42.65
Polyketide	pericentric heterochromatin [GO:0005721]	42.65
Polyketide	site of double-strand break [GO:0035861]	42.65
Polyketide	nucleus [GO:0005634]	42.65
Polyketide	site of DNA damage [GO:0090734]	42.65
Polyketide	endoplasmic reticulum [GO:0005783]	42.65
Polyketide	extracellular space [GO:0005615]	34.41
Polyketide	xanthine dehydrogenase complex [GO:0002197]	34.41
Polyketide	peroxisome [GO:0005777]	34.41
Polyketide	intracellular membrane-bounded organelle [GO:0043231]	66.29
Polyketide	nucleoplasm [GO:0005654]	66.29
Polyketide	mitochondrion [GO:0005739]	66.29
Polyketide	chromatin [GO:0000785]	66.29
Polyketide	nucleus [GO:0005634]	66.29
Polyketide	fibrillar center [GO:0001650]	9.13
Polyketide	nuclear inner membrane [GO:0005637]	9.13
Polyketide	heterochromatin [GO:0000792]	9.13
Polyketide	nuclear envelope [GO:0005635]	9.13
Polyketide	PML body [GO:0016605]	9.13
Polyketide	cytosol [GO:0005829]	9.13
Polyketide	eNoSc complex [GO:0061773]	9.13
Polyketide	rDNA heterochromatin [GO:0033553]	9.13
Polyketide	nucleoplasm [GO:0005654]	9.13
Polyketide	mitochondrion [GO:0005739]	9.13
Polyketide	euchromatin [GO:0000791]	9.13
Polyketide	chromatin [GO:0000785]	9.13
Polyketide	chromatin silencing complex [GO:0005677]	9.13
Polyketide	nucleus [GO:0005634]	9.13
Polyketide	cytoplasm [GO:0005737]	9.13
Polyketide	nucleolus [GO:0005730]	9.13
Polyketide	cell body [GO:0044297]	-4.5
Polyketide	actin filament [GO:0005884]	-4.5
Polyketide	skeletal muscle myofibril [GO:0098723]	-4.5
Polyketide	stress fiber [GO:0001725]	-4.5
Polyketide	filamentous actin [GO:0031941]	-4.5
Polyketide	actin filament bundle [GO:0032432]	-4.5
Polyketide	lamellipodium [GO:0030027]	-4.5
Polyketide	striated muscle thin filament [GO:0005865]	-4.5
Polyketide	cytoplasm [GO:0005737]	-4.5
Polyketide	filopodium [GO:0030175]	-4.5
Polyketide	chromosome [GO:0005694]	18.95
Polyketide	cytoplasm [GO:0005737]	18.95
Polyketide	mitochondrial proton-transporting ATP synthase complex [GO:0005753]	81.71
Polyketide	cytosol [GO:0005829]	81.71
Polyketide	mitochondrial proton-transporting ATP synthase complex, coupling factor F(o) [GO:0000276]	81.71
Polyketide	mitochondrion [GO:0005739]	81.71
Polyketide	mitochondrial intermembrane space [GO:0005758]	81.71
Polyketide	mitochondrial inner membrane [GO:0005743]	81.71
Polyketide	cytoplasm [GO:0005737]	15.9
Polyketide	cell body [GO:0044297]	34.33
Polyketide	actin filament [GO:0005884]	34.33
Polyketide	skeletal muscle myofibril [GO:0098723]	34.33
Polyketide	stress fiber [GO:0001725]	34.33
Polyketide	filamentous actin [GO:0031941]	34.33
Polyketide	actin filament bundle [GO:0032432]	34.33
Polyketide	lamellipodium [GO:0030027]	34.33
Polyketide	striated muscle thin filament [GO:0005865]	34.33
Polyketide	cytoplasm [GO:0005737]	34.33
Polyketide	filopodium [GO:0030175]	34.33
Polyketide	nucleoplasm [GO:0005654]	67.33
Polyketide	nucleus [GO:0005634]	67.33
Polyketide	cytoplasm [GO:0005737]	67.33
Polyketide	chromatin [GO:0000785]	67.33
Polyketide	histone deacetylase complex [GO:0000118]	-3.9
Polyketide	cytosol [GO:0005829]	-3.9
Polyketide	transcription repressor complex [GO:0017053]	-3.9
Polyketide	nucleoplasm [GO:0005654]	-3.9
Polyketide	nuclear speck [GO:0016607]	-3.9
Polyketide	chromatin [GO:0000785]	-3.9
Polyketide	nucleus [GO:0005634]	-3.9
Polyketide	cytoplasm [GO:0005737]	-3.9
Polyketide	extracellular space [GO:0005615]	37.29
Polyketide	azurophil granule lumen [GO:0035578]	37.29
Polyketide	extracellular region [GO:0005576]	37.29
Polyketide	extracellular exosome [GO:0070062]	37.29
Polyketide	plasma membrane [GO:0005886]	59.75
Polyketide	chromosome [GO:0005694]	50.5
Polyketide	condensed nuclear chromosome [GO:0000794]	50.5
Polyketide	nucleus [GO:0005634]	50.5
Polyketide	nucleoplasm [GO:0005654]	50.5
Polyketide	plasma membrane [GO:0005886]	55.86
Polyketide	proton-transporting ATP synthase complex, coupling factor F(o) [GO:0045263]	55.86
Polyketide	fungal biofilm matrix [GO:0062040]	1.0
Polyketide	cytoplasm [GO:0005737]	1.0
Polyketide	extracellular region [GO:0005576]	1.0
Polyketide	nucleoplasm [GO:0005654]	60.0
Polyketide	cytosol [GO:0005829]	60.0
Polyketide	extracellular exosome [GO:0070062]	60.0
Polyketide	protein-containing complex [GO:0032991]	52.44
Polyketide	endocytic vesicle membrane [GO:0030666]	52.44
Polyketide	cytosol [GO:0005829]	52.44
Polyketide	transcription repressor complex [GO:0017053]	52.44
Polyketide	nucleoplasm [GO:0005654]	52.44
Polyketide	plasma membrane [GO:0005886]	52.44
Polyketide	nucleus [GO:0005634]	52.44
Polyketide	cytoplasm [GO:0005737]	52.44
Polyketide	nucleolus [GO:0005730]	52.44
Polyketide	vacuolar proton-transporting V-type ATPase, V0 domain [GO:0000220]	90.14
Polyketide	synaptic vesicle membrane [GO:0030672]	90.14
Polyketide	clathrin-coated vesicle membrane [GO:0030665]	90.14
Polyketide	protein-containing complex [GO:0032991]	54.2
Polyketide	cytosol [GO:0005829]	54.2
Polyketide	nucleoplasm [GO:0005654]	54.2
Polyketide	membrane [GO:0016020]	54.2
Polyketide	plasma membrane [GO:0005886]	54.2
Polyketide	euchromatin [GO:0000791]	54.2
Polyketide	chromatin [GO:0000785]	54.2
Polyketide	transcription regulator complex [GO:0005667]	54.2
Polyketide	nucleus [GO:0005634]	54.2
Polyketide	cytoplasm [GO:0005737]	54.2
Polyketide	Golgi apparatus [GO:0005794]	54.2
Polyketide	host cell nucleus [GO:0042025]	33.92
Polyketide	viral envelope [GO:0019031]	33.92
Polyketide	host cell plasma membrane [GO:0020002]	33.92
Polyketide	host cell lipid droplet [GO:0044186]	33.92
Polyketide	host cell endoplasmic reticulum membrane [GO:0044167]	33.92
Polyketide	host cell mitochondrial membrane [GO:0044191]	33.92
Polyketide	ribonucleoprotein complex [GO:1990904]	33.92
Polyketide	membrane [GO:0016020]	33.92
Polyketide	viral nucleocapsid [GO:0019013]	33.92
Polyketide	virion membrane [GO:0055036]	33.92
Polyketide	host cell perinuclear region of cytoplasm [GO:0044220]	33.92
Polyketide	extracellular space [GO:0005615]	33.83
Polyketide	azurophil granule lumen [GO:0035578]	33.83
Polyketide	extracellular region [GO:0005576]	33.83
Polyketide	extracellular exosome [GO:0070062]	33.83
Polyketide	endoplasmic reticulum [GO:0005783]	54.72
Polyketide	nuclear envelope [GO:0005635]	54.72
Polyketide	nuclear membrane [GO:0031965]	54.72
Polyketide	endoplasmic reticulum membrane [GO:0005789]	54.72
Polyketide	cytoplasmic vesicle [GO:0031410]	54.72
Polyketide	histone deacetylase complex [GO:0000118]	27.0
Polyketide	intracellular membrane-bounded organelle [GO:0043231]	64.16
Polyketide	nucleoplasm [GO:0005654]	64.16
Polyketide	mitochondrion [GO:0005739]	64.16
Polyketide	chromatin [GO:0000785]	64.16
Polyketide	nucleus [GO:0005634]	64.16
Polyketide	cell body [GO:0044297]	11.52
Polyketide	actin filament [GO:0005884]	11.52
Polyketide	skeletal muscle myofibril [GO:0098723]	11.52
Polyketide	stress fiber [GO:0001725]	11.52
Polyketide	filamentous actin [GO:0031941]	11.52
Polyketide	actin filament bundle [GO:0032432]	11.52
Polyketide	lamellipodium [GO:0030027]	11.52
Polyketide	striated muscle thin filament [GO:0005865]	11.52
Polyketide	cytoplasm [GO:0005737]	11.52
Polyketide	filopodium [GO:0030175]	11.52
Polyketide	dendrite [GO:0030425]	32.15
Polyketide	PML body [GO:0016605]	32.15
Polyketide	nuclear envelope [GO:0005635]	32.15
Polyketide	lysosome [GO:0005764]	32.15
Polyketide	endomembrane system [GO:0012505]	32.15
Polyketide	mitochondrial outer membrane [GO:0005741]	32.15
Polyketide	cytosol [GO:0005829]	32.15
Polyketide	Golgi membrane [GO:0000139]	32.15
Polyketide	nucleoplasm [GO:0005654]	32.15
Polyketide	endoplasmic reticulum membrane [GO:0005789]	32.15
Polyketide	membrane [GO:0016020]	32.15
Polyketide	TORC1 complex [GO:0031931]	32.15
Polyketide	nucleus [GO:0005634]	32.15
Polyketide	TORC2 complex [GO:0031932]	32.15
Polyketide	lysosomal membrane [GO:0005765]	32.15
Polyketide	cytoplasm [GO:0005737]	32.15
Polyketide	phagocytic vesicle [GO:0045335]	32.15
Polyketide	cytoplasm [GO:0005737]	17.86
Polyketide	protein-containing complex [GO:0032991]	56.82
Polyketide	cytosol [GO:0005829]	56.82
Polyketide	nucleoplasm [GO:0005654]	56.82
Polyketide	membrane [GO:0016020]	56.82
Polyketide	plasma membrane [GO:0005886]	56.82
Polyketide	euchromatin [GO:0000791]	56.82
Polyketide	chromatin [GO:0000785]	56.82
Polyketide	transcription regulator complex [GO:0005667]	56.82
Polyketide	nucleus [GO:0005634]	56.82
Polyketide	cytoplasm [GO:0005737]	56.82
Polyketide	Golgi apparatus [GO:0005794]	56.82
Polyketide	dendrite [GO:0030425]	47.86
Polyketide	chloride channel complex [GO:0034707]	47.86
Polyketide	neuron projection [GO:0043005]	47.86
Polyketide	plasma membrane [GO:0005886]	47.86
Polyketide	membrane [GO:0016020]	47.86
Polyketide	postsynaptic membrane [GO:0045211]	47.86
Polyketide	synapse [GO:0045202]	47.86
Polyketide	perikaryon [GO:0043204]	47.86
Polyketide	sarcoplasmic reticulum membrane [GO:0033017]	36.0
Polyketide	cytoplasmic side of membrane [GO:0098562]	36.0
Polyketide	cytosol [GO:0005829]	36.0
Polyketide	Z disc [GO:0030018]	36.0
Polyketide	sarcoplasmic reticulum [GO:0016529]	36.0
Polyketide	terminal cisterna [GO:0014802]	36.0
Polyketide	membrane [GO:0016020]	36.0
Polyketide	ryanodine receptor complex [GO:1990425]	36.0
Polyketide	cytoplasm [GO:0005737]	36.0
Polyketide	protein-containing complex [GO:0032991]	63.85
Polyketide	cytosol [GO:0005829]	63.85
Polyketide	nucleoplasm [GO:0005654]	63.85
Polyketide	membrane [GO:0016020]	63.85
Polyketide	plasma membrane [GO:0005886]	63.85
Polyketide	euchromatin [GO:0000791]	63.85
Polyketide	chromatin [GO:0000785]	63.85
Polyketide	transcription regulator complex [GO:0005667]	63.85
Polyketide	nucleus [GO:0005634]	63.85
Polyketide	cytoplasm [GO:0005737]	63.85
Polyketide	Golgi apparatus [GO:0005794]	63.85
Polyketide	extracellular space [GO:0005615]	35.73
Polyketide	azurophil granule lumen [GO:0035578]	35.73
Polyketide	extracellular region [GO:0005576]	35.73
Polyketide	extracellular exosome [GO:0070062]	35.73
Polyketide	extracellular space [GO:0005615]	33.83
Polyketide	azurophil granule lumen [GO:0035578]	33.83
Polyketide	extracellular region [GO:0005576]	33.83
Polyketide	extracellular exosome [GO:0070062]	33.83
Polyketide	postsynaptic density [GO:0014069]	31.05
Polyketide	glutamatergic synapse [GO:0098978]	31.05
Polyketide	plasma membrane [GO:0005886]	31.05
Polyketide	DAPK1-calmodulin complex [GO:1990722]	31.05
Polyketide	actin cytoskeleton [GO:0015629]	31.05
Polyketide	nucleus [GO:0005634]	31.05
Polyketide	cytoplasm [GO:0005737]	31.05
Polyketide	cell body [GO:0044297]	6.5
Polyketide	actin filament [GO:0005884]	6.5
Polyketide	skeletal muscle myofibril [GO:0098723]	6.5
Polyketide	stress fiber [GO:0001725]	6.5
Polyketide	filamentous actin [GO:0031941]	6.5
Polyketide	actin filament bundle [GO:0032432]	6.5
Polyketide	lamellipodium [GO:0030027]	6.5
Polyketide	striated muscle thin filament [GO:0005865]	6.5
Polyketide	cytoplasm [GO:0005737]	6.5
Polyketide	filopodium [GO:0030175]	6.5
Polyketide	extracellular exosome [GO:0070062]	17.12
Polyketide	cell junction [GO:0030054]	17.12
Polyketide	nuclear speck [GO:0016607]	17.12
Polyketide	cytosol [GO:0005829]	17.12
Polyketide	epidermal lamellar body [GO:0097209]	24.89
Polyketide	extracellular region [GO:0005576]	24.89
Polyketide	extracellular space [GO:0005615]	24.89
Polyketide	secretory granule [GO:0030141]	24.89
Polyketide	cornified envelope [GO:0001533]	24.89
Polyketide	protein-DNA complex [GO:0032993]	44.76
Polyketide	plasma membrane [GO:0005886]	34.42
Polyketide	dendrite [GO:0030425]	59.57
Polyketide	cytosol [GO:0005829]	59.57
Polyketide	synapse [GO:0045202]	59.57
Polyketide	nucleus [GO:0005634]	59.57
Polyketide	cytoplasm [GO:0005737]	59.57
Polyketide	neuronal cell body [GO:0043025]	59.57
Polyketide	periplasmic space [GO:0042597]	50.71
Polyketide	protein-containing complex [GO:0032991]	57.67
Polyketide	cytosol [GO:0005829]	57.67
Polyketide	nucleoplasm [GO:0005654]	57.67
Polyketide	membrane [GO:0016020]	57.67
Polyketide	plasma membrane [GO:0005886]	57.67
Polyketide	euchromatin [GO:0000791]	57.67
Polyketide	chromatin [GO:0000785]	57.67
Polyketide	transcription regulator complex [GO:0005667]	57.67
Polyketide	nucleus [GO:0005634]	57.67
Polyketide	cytoplasm [GO:0005737]	57.67
Polyketide	Golgi apparatus [GO:0005794]	57.67
Polyketide	extracellular space [GO:0005615]	36.3
Polyketide	azurophil granule lumen [GO:0035578]	36.3
Polyketide	extracellular region [GO:0005576]	36.3
Polyketide	extracellular exosome [GO:0070062]	36.3
Polyketide	extracellular region [GO:0005576]	36.3
Polyketide	extracellular exosome [GO:0070062]	36.3
Polyketide	azurophil granule lumen [GO:0035578]	36.3
Polyketide	extracellular space [GO:0005615]	36.3
Polyketide	voltage-gated potassium channel complex [GO:0008076]	28.64
Polyketide	endoplasmic reticulum [GO:0005783]	28.64
Polyketide	cell surface [GO:0009986]	28.64
Polyketide	apical plasma membrane [GO:0016324]	28.64
Polyketide	plasma membrane [GO:0005886]	28.64
Polyketide	endoplasmic reticulum membrane [GO:0005789]	28.64
Polyketide	astrocyte projection [GO:0097449]	28.64
Polyketide	calyx of Held [GO:0044305]	28.64
Polyketide	neuronal cell body [GO:0043025]	28.64
Polyketide	vacuolar proton-transporting V-type ATPase, V0 domain [GO:0000220]	87.0
Polyketide	synaptic vesicle membrane [GO:0030672]	87.0
Polyketide	clathrin-coated vesicle membrane [GO:0030665]	87.0
Polyketide	cytoplasm [GO:0005737]	42.84
Polyketide	chloride channel complex [GO:0034707]	60.08
Polyketide	postsynaptic membrane [GO:0045211]	60.08
Polyketide	perikaryon [GO:0043204]	60.08
Polyketide	membrane [GO:0016020]	60.08
Polyketide	plasma membrane [GO:0005886]	60.08
Polyketide	dendrite [GO:0030425]	60.08
Polyketide	neuron projection [GO:0043005]	60.08
Polyketide	synapse [GO:0045202]	60.08
Polyketide	cell body [GO:0044297]	25.33
Polyketide	actin filament [GO:0005884]	25.33
Polyketide	skeletal muscle myofibril [GO:0098723]	25.33
Polyketide	stress fiber [GO:0001725]	25.33
Polyketide	filamentous actin [GO:0031941]	25.33
Polyketide	actin filament bundle [GO:0032432]	25.33
Polyketide	lamellipodium [GO:0030027]	25.33
Polyketide	striated muscle thin filament [GO:0005865]	25.33
Polyketide	cytoplasm [GO:0005737]	25.33
Polyketide	filopodium [GO:0030175]	25.33
Polyketide	nuclear chromosome [GO:0000228]	23.28
Polyketide	histone deacetylase complex [GO:0000118]	23.28
Polyketide	cytoplasm [GO:0005737]	23.28
Polyketide	nucleoplasm [GO:0005654]	23.28
Polyketide	nucleus [GO:0005634]	23.28
Polyketide	nucleoid [GO:0009295]	7.78
Polyketide	host cell nucleus [GO:0042025]	49.77
Polyketide	viral envelope [GO:0019031]	49.77
Polyketide	host cell plasma membrane [GO:0020002]	49.77
Polyketide	host cell lipid droplet [GO:0044186]	49.77
Polyketide	host cell endoplasmic reticulum membrane [GO:0044167]	49.77
Polyketide	host cell mitochondrial membrane [GO:0044191]	49.77
Polyketide	ribonucleoprotein complex [GO:1990904]	49.77
Polyketide	membrane [GO:0016020]	49.77
Polyketide	viral nucleocapsid [GO:0019013]	49.77
Polyketide	virion membrane [GO:0055036]	49.77
Polyketide	host cell perinuclear region of cytoplasm [GO:0044220]	49.77
Polyketide	protein-containing complex [GO:0032991]	67.19
Polyketide	cytosol [GO:0005829]	67.19
Polyketide	nucleoplasm [GO:0005654]	67.19
Polyketide	membrane [GO:0016020]	67.19
Polyketide	plasma membrane [GO:0005886]	67.19
Polyketide	euchromatin [GO:0000791]	67.19
Polyketide	chromatin [GO:0000785]	67.19
Polyketide	transcription regulator complex [GO:0005667]	67.19
Polyketide	nucleus [GO:0005634]	67.19
Polyketide	cytoplasm [GO:0005737]	67.19
Polyketide	Golgi apparatus [GO:0005794]	67.19
Polyketide	protein-containing complex [GO:0032991]	67.19
Polyketide	cytosol [GO:0005829]	67.19
Polyketide	nucleoplasm [GO:0005654]	67.19
Polyketide	membrane [GO:0016020]	67.19
Polyketide	plasma membrane [GO:0005886]	67.19
Polyketide	euchromatin [GO:0000791]	67.19
Polyketide	chromatin [GO:0000785]	67.19
Polyketide	transcription regulator complex [GO:0005667]	67.19
Polyketide	nucleus [GO:0005634]	67.19
Polyketide	cytoplasm [GO:0005737]	67.19
Polyketide	Golgi apparatus [GO:0005794]	67.19
Polyketide	histone deacetylase complex [GO:0000118]	19.44
Polyketide	melanosome [GO:0042470]	78.5
Polyketide	axonal growth cone [GO:0044295]	78.5
Polyketide	cell body [GO:0044297]	78.5
Polyketide	endomembrane system [GO:0012505]	78.5
Polyketide	lamellipodium [GO:0030027]	78.5
Polyketide	growth cone membrane [GO:0032584]	78.5
Polyketide	plasma membrane [GO:0005886]	78.5
Polyketide	axon [GO:0030424]	78.5
Polyketide	cell surface [GO:0009986]	78.5
Polyketide	host cell nucleus [GO:0042025]	7.27
Polyketide	host cell endoplasmic reticulum membrane [GO:0044167]	7.27
Polyketide	host cell endoplasmic reticulum-Golgi intermediate compartment [GO:0044172]	7.27
Polyketide	host cell Golgi apparatus [GO:0044177]	7.27
Polyketide	host cell endosome [GO:0044174]	7.27
Polyketide	membrane [GO:0016020]	7.27
Polyketide	double membrane vesicle viral factory outer membrane [GO:0062243]	7.27
Polyketide	host cell perinuclear region of cytoplasm [GO:0044220]	7.27
Polyketide	calcineurin complex [GO:0005955]	54.75
Polyketide	extracellular region [GO:0005576]	46.12
Polyketide	membrane-bounded organelle [GO:0043227]	36.4
Polyketide	vesicle [GO:0031982]	36.0
Polyketide	cytoplasm [GO:0005737]	36.0
Polyketide	secretory granule lumen [GO:0034774]	36.0
Polyketide	cytosol [GO:0005829]	36.0
Polyketide	ficolin-1-rich granule lumen [GO:1904813]	36.0
Polyketide	extracellular exosome [GO:0070062]	36.0
Polyketide	nucleoplasm [GO:0005654]	36.0
Polyketide	plasma membrane [GO:0005886]	36.0
Polyketide	extracellular region [GO:0005576]	36.0
Polyketide	extracellular space [GO:0005615]	36.0
Polyketide	cell surface [GO:0009986]	36.0
Polyketide	cytoplasm [GO:0005737]	23.36
Polyketide	histone deacetylase complex [GO:0000118]	25.14
Polyketide	nucleoplasm [GO:0005654]	25.14
Polyketide	nuclear chromosome [GO:0000228]	25.14
Polyketide	nucleus [GO:0005634]	25.14
Polyketide	cytoplasm [GO:0005737]	25.14
Polyketide	skeletal muscle myofibril [GO:0098723]	21.45
Polyketide	protein-DNA complex [GO:0032993]	38.26
Polyketide	dendrite [GO:0030425]	39.31
Polyketide	chloride channel complex [GO:0034707]	39.31
Polyketide	neuron projection [GO:0043005]	39.31
Polyketide	plasma membrane [GO:0005886]	39.31
Polyketide	membrane [GO:0016020]	39.31
Polyketide	postsynaptic membrane [GO:0045211]	39.31
Polyketide	synapse [GO:0045202]	39.31
Polyketide	perikaryon [GO:0043204]	39.31
Polyketide	plasma membrane [GO:0005886]	34.09
Polyketide	proton-transporting ATP synthase complex, coupling factor F(o) [GO:0045263]	34.09
Polyketide	nucleoplasm [GO:0005654]	22.9
Polyketide	nucleus [GO:0005634]	22.9
Polyketide	cytoplasm [GO:0005737]	22.9
Polyketide	cytoplasm [GO:0005737]	51.96
Polyketide	cytosol [GO:0005829]	51.96
Polyketide	plasma membrane [GO:0005886]	37.25
Polyketide	proton-transporting ATP synthase complex, coupling factor F(o) [GO:0045263]	37.25
Polyketide	membrane [GO:0016020]	38.03
Polyketide	endoplasmic reticulum [GO:0005783]	38.03
Polyketide	endoplasmic reticulum membrane [GO:0005789]	38.03
Polyketide	host cell nucleus [GO:0042025]	31.6
Polyketide	viral envelope [GO:0019031]	31.6
Polyketide	host cell plasma membrane [GO:0020002]	31.6
Polyketide	host cell lipid droplet [GO:0044186]	31.6
Polyketide	host cell endoplasmic reticulum membrane [GO:0044167]	31.6
Polyketide	host cell mitochondrial membrane [GO:0044191]	31.6
Polyketide	ribonucleoprotein complex [GO:1990904]	31.6
Polyketide	membrane [GO:0016020]	31.6
Polyketide	viral nucleocapsid [GO:0019013]	31.6
Polyketide	virion membrane [GO:0055036]	31.6
Polyketide	host cell perinuclear region of cytoplasm [GO:0044220]	31.6
Polyketide	PML body [GO:0016605]	22.37
Polyketide	Sin3 complex [GO:0016580]	22.37
Polyketide	protein kinase CK2 complex [GO:0005956]	22.37
Polyketide	cytosol [GO:0005829]	22.37
Polyketide	nucleoplasm [GO:0005654]	22.37
Polyketide	plasma membrane [GO:0005886]	22.37
Polyketide	nucleus [GO:0005634]	22.37
Polyketide	nucleoplasm [GO:0005654]	16.0
Polyketide	nucleus [GO:0005634]	16.0
Polyketide	cytoplasm [GO:0005737]	16.0
Polyketide	nucleolus [GO:0005730]	16.0
Polyketide	plasma membrane [GO:0005886]	4.33
Polyketide	cytoplasm [GO:0005737]	4.33
Polyketide	peptidoglycan-based cell wall [GO:0009274]	4.33
Polyketide	basement membrane [GO:0005604]	-9.33
Polyketide	collagen-containing extracellular matrix [GO:0062023]	-9.33
Polyketide	sarcolemma [GO:0042383]	-9.33
Polyketide	synaptic cleft [GO:0043083]	-9.33
Polyketide	neuromuscular junction [GO:0031594]	-9.33
Polyketide	extracellular region [GO:0005576]	-9.33
Polyketide	dendritic spine [GO:0043197]	-9.33
Polyketide	protein complex involved in cell-matrix adhesion [GO:0098637]	-9.33
Polyketide	chloride channel complex [GO:0034707]	57.17
Polyketide	postsynaptic membrane [GO:0045211]	57.17
Polyketide	perikaryon [GO:0043204]	57.17
Polyketide	membrane [GO:0016020]	57.17
Polyketide	plasma membrane [GO:0005886]	57.17
Polyketide	dendrite [GO:0030425]	57.17
Polyketide	neuron projection [GO:0043005]	57.17
Polyketide	synapse [GO:0045202]	57.17
Polyketide	endoplasmic reticulum lumen [GO:0005788]	22.18
Polyketide	endoplasmic reticulum [GO:0005783]	22.18
Polyketide	cytosol [GO:0005829]	22.18
Polyketide	lipid droplet [GO:0005811]	22.18
Polyketide	cytoplasm [GO:0005737]	22.18
Polyketide	mitochondrial matrix [GO:0005759]	50.5
Polyketide	mitochondrion [GO:0005739]	50.5
Polyketide	extracellular exosome [GO:0070062]	50.5
Polyketide	extracellular space [GO:0005615]	26.0
Polyketide	azurophil granule lumen [GO:0035578]	26.0
Polyketide	extracellular region [GO:0005576]	26.0
Polyketide	extracellular exosome [GO:0070062]	26.0
Polyketide	host cell nucleus [GO:0042025]	30.24
Polyketide	host cell plasma membrane [GO:0020002]	30.24
Polyketide	membrane [GO:0016020]	30.24
Polyketide	viral nucleocapsid [GO:0019013]	30.24
Polyketide	host multivesicular body [GO:0072494]	30.24
Polyketide	virion membrane [GO:0055036]	30.24
Polyketide	protein-containing complex [GO:0032991]	57.38
Polyketide	cytosol [GO:0005829]	57.38
Polyketide	nucleoplasm [GO:0005654]	57.38
Polyketide	membrane [GO:0016020]	57.38
Polyketide	plasma membrane [GO:0005886]	57.38
Polyketide	euchromatin [GO:0000791]	57.38
Polyketide	chromatin [GO:0000785]	57.38
Polyketide	transcription regulator complex [GO:0005667]	57.38
Polyketide	nucleus [GO:0005634]	57.38
Polyketide	cytoplasm [GO:0005737]	57.38
Polyketide	Golgi apparatus [GO:0005794]	57.38
Polyketide	microtubule [GO:0005874]	39.28
Polyketide	cytoplasm [GO:0005737]	39.28
Polyketide	microtubule cytoskeleton [GO:0015630]	39.28
Polyketide	endoplasmic reticulum [GO:0005783]	51.62
Polyketide	focal adhesion [GO:0005925]	51.62
Polyketide	cytosol [GO:0005829]	51.62
Polyketide	early endosome [GO:0005769]	51.62
Polyketide	plasma membrane [GO:0005886]	51.62
Polyketide	mitochondrion [GO:0005739]	51.62
Polyketide	nucleus [GO:0005634]	51.62
Polyketide	late endosome [GO:0005770]	51.62
Polyketide	microtubule organizing center [GO:0005815]	51.62
Polyketide	Golgi apparatus [GO:0005794]	51.62
Polyketide	aggresome [GO:0016235]	74.1
Polyketide	cell projection [GO:0042995]	74.1
Polyketide	secretory granule membrane [GO:0030667]	74.1
Polyketide	ficolin-1-rich granule membrane [GO:0101003]	74.1
Polyketide	tertiary granule membrane [GO:0070821]	74.1
Polyketide	extracellular exosome [GO:0070062]	74.1
Polyketide	plasma membrane [GO:0005886]	74.1
Polyketide	membrane [GO:0016020]	74.1
Polyketide	specific granule membrane [GO:0035579]	74.1
Polyketide	perikaryon [GO:0043204]	74.1
Polyketide	extracellular space [GO:0005615]	33.83
Polyketide	protein-containing complex [GO:0032991]	33.83
Polyketide	aggresome [GO:0016235]	18.58
Polyketide	cell projection [GO:0042995]	18.58
Polyketide	secretory granule membrane [GO:0030667]	18.58
Polyketide	ficolin-1-rich granule membrane [GO:0101003]	18.58
Polyketide	tertiary granule membrane [GO:0070821]	18.58
Polyketide	extracellular exosome [GO:0070062]	18.58
Polyketide	plasma membrane [GO:0005886]	18.58
Polyketide	membrane [GO:0016020]	18.58
Polyketide	specific granule membrane [GO:0035579]	18.58
Polyketide	perikaryon [GO:0043204]	18.58
Polyketide	cell body [GO:0044297]	6.4
Polyketide	actin filament [GO:0005884]	6.4
Polyketide	skeletal muscle myofibril [GO:0098723]	6.4
Polyketide	stress fiber [GO:0001725]	6.4
Polyketide	filamentous actin [GO:0031941]	6.4
Polyketide	actin filament bundle [GO:0032432]	6.4
Polyketide	lamellipodium [GO:0030027]	6.4
Polyketide	striated muscle thin filament [GO:0005865]	6.4
Polyketide	cytoplasm [GO:0005737]	6.4
Polyketide	filopodium [GO:0030175]	6.4
Polyketide	cell body [GO:0044297]	4.14
Polyketide	actin filament [GO:0005884]	4.14
Polyketide	skeletal muscle myofibril [GO:0098723]	4.14
Polyketide	stress fiber [GO:0001725]	4.14
Polyketide	filamentous actin [GO:0031941]	4.14
Polyketide	actin filament bundle [GO:0032432]	4.14
Polyketide	lamellipodium [GO:0030027]	4.14
Polyketide	striated muscle thin filament [GO:0005865]	4.14
Polyketide	cytoplasm [GO:0005737]	4.14
Polyketide	filopodium [GO:0030175]	4.14
Polyketide	microtubule [GO:0005874]	37.29
Polyketide	cytoplasm [GO:0005737]	37.29
Polyketide	microtubule cytoskeleton [GO:0015630]	37.29
Polyketide	node of Ranvier [GO:0033268]	61.43
Polyketide	synapse [GO:0045202]	61.43
Polyketide	plasma membrane [GO:0005886]	61.43
Polyketide	axon initial segment [GO:0043194]	61.43
Polyketide	voltage-gated potassium channel complex [GO:0008076]	61.43
Polyketide	node of Ranvier [GO:0033268]	93.12
Polyketide	synapse [GO:0045202]	93.12
Polyketide	plasma membrane [GO:0005886]	93.12
Polyketide	axon initial segment [GO:0043194]	93.12
Polyketide	voltage-gated potassium channel complex [GO:0008076]	93.12
Polyketide	plasma membrane [GO:0005886]	47.03
Polyketide	melanosome [GO:0042470]	84.73
Polyketide	axonal growth cone [GO:0044295]	84.73
Polyketide	cell body [GO:0044297]	84.73
Polyketide	endomembrane system [GO:0012505]	84.73
Polyketide	lamellipodium [GO:0030027]	84.73
Polyketide	growth cone membrane [GO:0032584]	84.73
Polyketide	plasma membrane [GO:0005886]	84.73
Polyketide	axon [GO:0030424]	84.73
Polyketide	cell surface [GO:0009986]	84.73
Polyketide	nucleoplasm [GO:0005654]	65.71
Polyketide	chromatin [GO:0000785]	65.71
Polyketide	pericentric heterochromatin [GO:0005721]	44.52
Polyketide	endoplasmic reticulum [GO:0005783]	44.52
Polyketide	intracellular membrane-bounded organelle [GO:0043231]	44.52
Polyketide	nucleoplasm [GO:0005654]	44.52
Polyketide	site of DNA damage [GO:0090734]	44.52
Polyketide	chromatin [GO:0000785]	44.52
Polyketide	nucleus [GO:0005634]	44.52
Polyketide	site of double-strand break [GO:0035861]	44.52
Polyketide	chromosome, subtelomeric region [GO:0099115]	44.52
Polyketide	plasma membrane [GO:0005886]	62.8
Polyketide	extracellular space [GO:0005615]	27.0
Polyketide	azurophil granule lumen [GO:0035578]	27.0
Polyketide	extracellular region [GO:0005576]	27.0
Polyketide	extracellular exosome [GO:0070062]	27.0
Polyketide	microtubule [GO:0005874]	40.92
Polyketide	cytoplasm [GO:0005737]	40.92
Polyketide	plasma membrane [GO:0005886]	71.0
Polyketide	calcium channel complex [GO:0034704]	71.0
Polyketide	cardiac Troponin complex [GO:1990584]	35.85
Polyketide	troponin complex [GO:0005861]	35.85
Polyketide	cytosol [GO:0005829]	35.85
Polyketide	extracellular space [GO:0005615]	35.73
Polyketide	azurophil granule lumen [GO:0035578]	35.73
Polyketide	extracellular region [GO:0005576]	35.73
Polyketide	extracellular exosome [GO:0070062]	35.73
Polyketide	proton-transporting ATP synthase complex, catalytic core F(1) [GO:0045261]	2.17
Polyketide	plasma membrane [GO:0005886]	2.17
Polyketide	mitochondrial proton-transporting ATP synthase, catalytic core [GO:0005754]	2.17
Polyketide	mitochondrial proton-transporting ATP synthase complex [GO:0005753]	2.17
Polyketide	vesicle [GO:0031982]	28.33
Polyketide	cytoplasm [GO:0005737]	28.33
Polyketide	secretory granule lumen [GO:0034774]	28.33
Polyketide	cytosol [GO:0005829]	28.33
Polyketide	ficolin-1-rich granule lumen [GO:1904813]	28.33
Polyketide	extracellular exosome [GO:0070062]	28.33
Polyketide	nucleoplasm [GO:0005654]	28.33
Polyketide	plasma membrane [GO:0005886]	28.33
Polyketide	extracellular region [GO:0005576]	28.33
Polyketide	extracellular space [GO:0005615]	28.33
Polyketide	cell surface [GO:0009986]	28.33
Polyketide	protein-containing complex [GO:0032991]	56.76
Polyketide	endocytic vesicle membrane [GO:0030666]	56.76
Polyketide	cytosol [GO:0005829]	56.76
Polyketide	transcription repressor complex [GO:0017053]	56.76
Polyketide	nucleoplasm [GO:0005654]	56.76
Polyketide	plasma membrane [GO:0005886]	56.76
Polyketide	nucleus [GO:0005634]	56.76
Polyketide	cytoplasm [GO:0005737]	56.76
Polyketide	nucleolus [GO:0005730]	56.76
Polyketide	cytoplasm [GO:0005737]	13.61
Polyketide	chromosome [GO:0005694]	36.84
Polyketide	condensed nuclear chromosome [GO:0000794]	36.84
Polyketide	nucleus [GO:0005634]	36.84
Polyketide	nucleoplasm [GO:0005654]	36.84
Polyketide	peroxisomal membrane [GO:0005778]	42.29
Polyketide	cytosol [GO:0005829]	42.29
Polyketide	peroxisomal matrix [GO:0005782]	42.29
Polyketide	peroxisome [GO:0005777]	42.29
Polyketide	cytoplasm [GO:0005737]	42.29
Polyketide	nuclear periphery [GO:0034399]	-27.0
Polyketide	main axon [GO:0044304]	-27.0
Polyketide	neurofibrillary tangle [GO:0097418]	-27.0
Polyketide	neuron projection [GO:0043005]	-27.0
Polyketide	somatodendritic compartment [GO:0036477]	-27.0
Polyketide	microtubule [GO:0005874]	-27.0
Polyketide	cytoplasm [GO:0005737]	-27.0
Polyketide	neuronal cell body [GO:0043025]	-27.0
Polyketide	cell body [GO:0044297]	-27.0
Polyketide	nuclear speck [GO:0016607]	-27.0
Polyketide	growth cone [GO:0030426]	-27.0
Polyketide	membrane raft [GO:0045121]	-27.0
Polyketide	dendrite [GO:0030425]	-27.0
Polyketide	tubulin complex [GO:0045298]	-27.0
Polyketide	microtubule cytoskeleton [GO:0015630]	-27.0
Polyketide	cytosol [GO:0005829]	-27.0
Polyketide	axolemma [GO:0030673]	-27.0
Polyketide	glial cell projection [GO:0097386]	-27.0
Polyketide	dendritic spine [GO:0043197]	-27.0
Polyketide	extracellular region [GO:0005576]	-27.0
Polyketide	cytoplasmic ribonucleoprotein granule [GO:0036464]	-27.0
Polyketide	nucleus [GO:0005634]	-27.0
Polyketide	axon cytoplasm [GO:1904115]	-27.0
Polyketide	plasma membrane [GO:0005886]	-27.0
Polyketide	mitochondrion [GO:0005739]	-27.0
Polyketide	axon [GO:0030424]	-27.0
Polyketide	membrane-bounded organelle [GO:0043227]	36.81
Polyketide	plasma membrane [GO:0005886]	-15.5
Polyketide	proton-transporting ATP synthase complex, coupling factor F(o) [GO:0045263]	-15.5
Polyketide	cytoplasm [GO:0005737]	17.0
Polyketide	dendrite [GO:0030425]	43.47
Polyketide	neuron projection [GO:0043005]	43.47
Polyketide	intracellular membrane-bounded organelle [GO:0043231]	43.47
Polyketide	plasma membrane [GO:0005886]	43.47
Polyketide	postsynaptic membrane [GO:0045211]	43.47
Polyketide	synapse [GO:0045202]	43.47
Polyketide	glycine-gated chloride channel complex [GO:0016935]	43.47
Polyketide	perikaryon [GO:0043204]	43.47
Polyketide	nucleoplasm [GO:0005654]	26.0
Polyketide	paraspeckles [GO:0042382]	26.0
Polyketide	nucleus [GO:0005634]	26.0
Polyketide	Golgi apparatus [GO:0005794]	26.0
Polyketide	nucleolus [GO:0005730]	26.0
Polyketide	protein-DNA complex [GO:0032993]	49.04
Polyketide	extracellular space [GO:0005615]	38.89
Polyketide	azurophil granule lumen [GO:0035578]	38.89
Polyketide	extracellular region [GO:0005576]	38.89
Polyketide	extracellular exosome [GO:0070062]	38.89
Polyketide	endoplasmic reticulum [GO:0005783]	20.85
Polyketide	mitochondrion [GO:0005739]	20.85
Polyketide	mitochondrial inner membrane [GO:0005743]	20.85
Polyketide	nucleus [GO:0005634]	39.1
Polyketide	cell body [GO:0044297]	42.5
Polyketide	actin filament [GO:0005884]	42.5
Polyketide	skeletal muscle myofibril [GO:0098723]	42.5
Polyketide	stress fiber [GO:0001725]	42.5
Polyketide	filamentous actin [GO:0031941]	42.5
Polyketide	actin filament bundle [GO:0032432]	42.5
Polyketide	lamellipodium [GO:0030027]	42.5
Polyketide	striated muscle thin filament [GO:0005865]	42.5
Polyketide	cytoplasm [GO:0005737]	42.5
Polyketide	filopodium [GO:0030175]	42.5
Polyketide	cytoplasm [GO:0005737]	21.75
Polyketide	skeletal muscle myofibril [GO:0098723]	14.59
Polyketide	plasma membrane [GO:0005886]	17.9
Polyketide	periplasmic side of plasma membrane [GO:0098567]	17.9
Polyketide	membrane [GO:0016020]	17.9
Polyketide	outer membrane-bounded periplasmic space [GO:0030288]	17.9
Polyketide	efflux pump complex [GO:1990281]	17.9
Polyketide	histone deacetylase complex [GO:0000118]	25.9
Polyketide	mitochondrial matrix [GO:0005759]	52.84
Polyketide	mitochondrion [GO:0005739]	52.84
Polyketide	extracellular exosome [GO:0070062]	52.84
Polyketide	cytoplasmic side of endoplasmic reticulum membrane [GO:0098554]	17.65
Polyketide	protein-containing complex [GO:0032991]	17.65
Polyketide	endoplasmic reticulum [GO:0005783]	17.65
Polyketide	sorting endosome [GO:0097443]	17.65
Polyketide	endosome lumen [GO:0031904]	17.65
Polyketide	early endosome [GO:0005769]	17.65
Polyketide	cytosol [GO:0005829]	17.65
Polyketide	mitochondrial crista [GO:0030061]	17.65
Polyketide	mitochondrial matrix [GO:0005759]	17.65
Polyketide	cytoplasm [GO:0005737]	17.65
Polyketide	protein-containing complex [GO:0032991]	64.62
Polyketide	cytosol [GO:0005829]	64.62
Polyketide	nucleoplasm [GO:0005654]	64.62
Polyketide	membrane [GO:0016020]	64.62
Polyketide	plasma membrane [GO:0005886]	64.62
Polyketide	euchromatin [GO:0000791]	64.62
Polyketide	chromatin [GO:0000785]	64.62
Polyketide	transcription regulator complex [GO:0005667]	64.62
Polyketide	nucleus [GO:0005634]	64.62
Polyketide	cytoplasm [GO:0005737]	64.62
Polyketide	Golgi apparatus [GO:0005794]	64.62
Polyketide	extracellular space [GO:0005615]	38.67
Polyketide	azurophil granule lumen [GO:0035578]	38.67
Polyketide	extracellular region [GO:0005576]	38.67
Polyketide	extracellular exosome [GO:0070062]	38.67
Polyketide	periplasmic space [GO:0042597]	24.6
Polyketide	protein-containing complex [GO:0032991]	68.55
Polyketide	cytosol [GO:0005829]	68.55
Polyketide	nucleoplasm [GO:0005654]	68.55
Polyketide	membrane [GO:0016020]	68.55
Polyketide	plasma membrane [GO:0005886]	68.55
Polyketide	euchromatin [GO:0000791]	68.55
Polyketide	chromatin [GO:0000785]	68.55
Polyketide	transcription regulator complex [GO:0005667]	68.55
Polyketide	nucleus [GO:0005634]	68.55
Polyketide	cytoplasm [GO:0005737]	68.55
Polyketide	Golgi apparatus [GO:0005794]	68.55
Polyketide	chloroplast stroma [GO:0009570]	27.89
Polyketide	endoplasmic reticulum [GO:0005783]	27.89
Polyketide	chloroplast [GO:0009507]	27.89
Polyketide	cytosol [GO:0005829]	27.89
Polyketide	intracellular membrane-bounded organelle [GO:0043231]	27.89
Polyketide	plasma membrane [GO:0005886]	27.89
Polyketide	apoplast [GO:0048046]	27.89
Polyketide	plasmodesma [GO:0009506]	27.89
Polyketide	plant-type vacuole [GO:0000325]	27.89
Polyketide	node of Ranvier [GO:0033268]	91.67
Polyketide	synapse [GO:0045202]	91.67
Polyketide	plasma membrane [GO:0005886]	91.67
Polyketide	axon initial segment [GO:0043194]	91.67
Polyketide	voltage-gated potassium channel complex [GO:0008076]	91.67
Polyketide	centrosome [GO:0005813]	21.64
Polyketide	cytosol [GO:0005829]	21.64
Polyketide	extracellular exosome [GO:0070062]	21.64
Polyketide	nucleoplasm [GO:0005654]	21.64
Polyketide	nucleus [GO:0005634]	21.64
Polyketide	cytoplasm [GO:0005737]	21.64
Polyketide	cytosol [GO:0005829]	28.91
Polyketide	plasma membrane [GO:0005886]	28.91
Polyketide	cytoplasm [GO:0005737]	28.91
Polyketide	nucleoplasm [GO:0005654]	28.91
Polyketide	site of double-strand break [GO:0035861]	28.91
Polyketide	nuclear body [GO:0016604]	28.91
Polyketide	nucleus [GO:0005634]	28.91
Polyketide	protein-DNA complex [GO:0032993]	49.04
Polyketide	nucleoplasm [GO:0005654]	61.97
Polyketide	nucleus [GO:0005634]	61.97
Polyketide	cytoplasm [GO:0005737]	61.97
Polyketide	chromatin [GO:0000785]	61.97
Polyketide	external side of plasma membrane [GO:0009897]	36.73
Polyketide	membrane [GO:0016020]	36.73
Polyketide	plasma membrane [GO:0005886]	36.73
Polyketide	mitochondrial proton-transporting ATP synthase complex [GO:0005753]	70.31
Polyketide	cytosol [GO:0005829]	70.31
Polyketide	mitochondrial proton-transporting ATP synthase complex, coupling factor F(o) [GO:0000276]	70.31
Polyketide	mitochondrion [GO:0005739]	70.31
Polyketide	mitochondrial intermembrane space [GO:0005758]	70.31
Polyketide	mitochondrial inner membrane [GO:0005743]	70.31
Polyketide	efflux pump complex [GO:1990281]	21.86
Polyketide	outer membrane-bounded periplasmic space [GO:0030288]	21.86
Polyketide	periplasmic side of plasma membrane [GO:0098567]	21.86
Polyketide	plasma membrane [GO:0005886]	21.86
Polyketide	membrane [GO:0016020]	21.86
Polyketide	nucleus [GO:0005634]	29.43
Polyketide	host cell nucleus [GO:0042025]	5.14
Polyketide	viral envelope [GO:0019031]	5.14
Polyketide	host cell plasma membrane [GO:0020002]	5.14
Polyketide	host cell lipid droplet [GO:0044186]	5.14
Polyketide	host cell endoplasmic reticulum membrane [GO:0044167]	5.14
Polyketide	host cell mitochondrial membrane [GO:0044191]	5.14
Polyketide	ribonucleoprotein complex [GO:1990904]	5.14
Polyketide	membrane [GO:0016020]	5.14
Polyketide	viral nucleocapsid [GO:0019013]	5.14
Polyketide	virion membrane [GO:0055036]	5.14
Polyketide	host cell perinuclear region of cytoplasm [GO:0044220]	5.14
Polyketide	sarcoplasmic reticulum membrane [GO:0033017]	18.6
Polyketide	cytosol [GO:0005829]	18.6
Polyketide	Z disc [GO:0030018]	18.6
Polyketide	sarcoplasmic reticulum [GO:0016529]	18.6
Polyketide	extracellular exosome [GO:0070062]	18.6
Polyketide	nucleoplasm [GO:0005654]	18.6
Polyketide	membrane [GO:0016020]	18.6
Polyketide	endoplasmic reticulum membrane [GO:0005789]	18.6
Polyketide	T-tubule [GO:0030315]	18.6
Polyketide	cytoplasm [GO:0005737]	18.6
Polyketide	fungal-type vacuole [GO:0000324]	62.71
Polyketide	vacuolar proton-transporting V-type ATPase complex [GO:0016471]	62.71
Polyketide	vacuolar proton-transporting V-type ATPase, V0 domain [GO:0000220]	62.71
Polyketide	fungal-type vacuole membrane [GO:0000329]	62.71
Polyketide	microtubule [GO:0005874]	27.33
Polyketide	cytoplasm [GO:0005737]	27.33
Polyketide	microtubule cytoskeleton [GO:0015630]	27.33
Polyketide	protein-containing complex [GO:0032991]	32.35
Polyketide	axonal growth cone [GO:0044295]	32.35
Polyketide	perinuclear region of cytoplasm [GO:0048471]	32.35
Polyketide	cytosol [GO:0005829]	32.35
Polyketide	extracellular exosome [GO:0070062]	32.35
Polyketide	nucleoplasm [GO:0005654]	32.35
Polyketide	microtubule [GO:0005874]	32.35
Polyketide	mitochondrion [GO:0005739]	32.35
Polyketide	cytoplasm [GO:0005737]	32.35
Polyketide	neuronal cell body [GO:0043025]	32.35
Polyketide	nuclear envelope [GO:0005635]	38.3
Polyketide	perinuclear region of cytoplasm [GO:0048471]	38.3
Polyketide	cytosol [GO:0005829]	38.3
Polyketide	pericentriolar material [GO:0000242]	38.3
Polyketide	Golgi membrane [GO:0000139]	38.3
Polyketide	chromosome, telomeric region [GO:0000781]	38.3
Polyketide	nucleus [GO:0005634]	38.3
Polyketide	cytoplasm [GO:0005737]	38.3
Polyketide	microtubule [GO:0005874]	14.69
Polyketide	cytoplasm [GO:0005737]	14.69
Polyketide	microtubule cytoskeleton [GO:0015630]	14.69
Polyketide	cellular bud [GO:0005933]	28.38
Polyketide	endoplasmic reticulum [GO:0005783]	28.38
Polyketide	Golgi cis cisterna [GO:0000137]	28.38
Polyketide	cytosol [GO:0005829]	28.38
Polyketide	membrane [GO:0016020]	28.38
Polyketide	mitochondrion [GO:0005739]	28.38
Polyketide	sarcoplasmic reticulum membrane [GO:0033017]	39.05
Polyketide	cytoplasmic side of membrane [GO:0098562]	39.05
Polyketide	cytosol [GO:0005829]	39.05
Polyketide	Z disc [GO:0030018]	39.05
Polyketide	sarcoplasmic reticulum [GO:0016529]	39.05
Polyketide	terminal cisterna [GO:0014802]	39.05
Polyketide	membrane [GO:0016020]	39.05
Polyketide	ryanodine receptor complex [GO:1990425]	39.05
Polyketide	cytoplasm [GO:0005737]	39.05
Polyketide	melanosome [GO:0042470]	78.5
Polyketide	axonal growth cone [GO:0044295]	78.5
Polyketide	cell body [GO:0044297]	78.5
Polyketide	endomembrane system [GO:0012505]	78.5
Polyketide	lamellipodium [GO:0030027]	78.5
Polyketide	growth cone membrane [GO:0032584]	78.5
Polyketide	plasma membrane [GO:0005886]	78.5
Polyketide	axon [GO:0030424]	78.5
Polyketide	cell surface [GO:0009986]	78.5
Polyketide	cytosol [GO:0005829]	43.18
Polyketide	extracellular exosome [GO:0070062]	43.18
Polyketide	endoplasmic reticulum [GO:0005783]	38.6
Polyketide	ribonucleoprotein complex [GO:1990904]	38.6
Polyketide	cytosol [GO:0005829]	38.6
Polyketide	plasma membrane [GO:0005886]	38.6
Polyketide	ribosome [GO:0005840]	38.6
Polyketide	chromosome [GO:0005694]	34.13
Polyketide	DNA topoisomerase type II (double strand cut, ATP-hydrolyzing) complex [GO:0009330]	34.13
Polyketide	cytoplasm [GO:0005737]	34.13
Polyketide	cytosol [GO:0005829]	34.13
Polyketide	histone deacetylase complex [GO:0000118]	2.56
Polyketide	intracellular membrane-bounded organelle [GO:0043231]	66.64
Polyketide	nucleoplasm [GO:0005654]	66.64
Polyketide	mitochondrion [GO:0005739]	66.64
Polyketide	chromatin [GO:0000785]	66.64
Polyketide	nucleus [GO:0005634]	66.64
Polyketide	basolateral plasma membrane [GO:0016323]	33.87
Polyketide	focal adhesion [GO:0005925]	33.87
Polyketide	apical plasma membrane [GO:0016324]	33.87
Polyketide	plasma membrane [GO:0005886]	33.87
Polyketide	membrane [GO:0016020]	33.87
Polyketide	microtubule [GO:0005874]	28.38
Polyketide	cytoplasm [GO:0005737]	28.38
Polyketide	cytoplasm [GO:0005737]	31.88
Polyketide	Ino80 complex [GO:0031011]	50.25
Polyketide	brahma complex [GO:0035060]	50.25
Polyketide	cytoskeleton [GO:0005856]	50.25
Polyketide	cytoplasm [GO:0005737]	50.25
Polyketide	dendrite [GO:0030425]	28.86
Polyketide	PML body [GO:0016605]	28.86
Polyketide	nuclear envelope [GO:0005635]	28.86
Polyketide	lysosome [GO:0005764]	28.86
Polyketide	endomembrane system [GO:0012505]	28.86
Polyketide	mitochondrial outer membrane [GO:0005741]	28.86
Polyketide	cytosol [GO:0005829]	28.86
Polyketide	Golgi membrane [GO:0000139]	28.86
Polyketide	nucleoplasm [GO:0005654]	28.86
Polyketide	endoplasmic reticulum membrane [GO:0005789]	28.86
Polyketide	membrane [GO:0016020]	28.86
Polyketide	TORC1 complex [GO:0031931]	28.86
Polyketide	nucleus [GO:0005634]	28.86
Polyketide	TORC2 complex [GO:0031932]	28.86
Polyketide	lysosomal membrane [GO:0005765]	28.86
Polyketide	cytoplasm [GO:0005737]	28.86
Polyketide	phagocytic vesicle [GO:0045335]	28.86
Polyketide	cytoplasm [GO:0005737]	-41.0
Polyketide	sarcoplasmic reticulum membrane [GO:0033017]	44.0
Polyketide	cytoplasmic side of membrane [GO:0098562]	44.0
Polyketide	cytosol [GO:0005829]	44.0
Polyketide	Z disc [GO:0030018]	44.0
Polyketide	sarcoplasmic reticulum [GO:0016529]	44.0
Polyketide	terminal cisterna [GO:0014802]	44.0
Polyketide	membrane [GO:0016020]	44.0
Polyketide	ryanodine receptor complex [GO:1990425]	44.0
Polyketide	cytoplasm [GO:0005737]	44.0
Polyketide	extracellular space [GO:0005615]	31.9
Polyketide	azurophil granule lumen [GO:0035578]	31.9
Polyketide	extracellular region [GO:0005576]	31.9
Polyketide	extracellular exosome [GO:0070062]	31.9
Polyketide	intracellular membrane-bounded organelle [GO:0043231]	64.16
Polyketide	nucleoplasm [GO:0005654]	64.16
Polyketide	mitochondrion [GO:0005739]	64.16
Polyketide	chromatin [GO:0000785]	64.16
Polyketide	nucleus [GO:0005634]	64.16
Polyketide	focal adhesion [GO:0005925]	17.83
Polyketide	tertiary granule membrane [GO:0070821]	17.83
Polyketide	extracellular exosome [GO:0070062]	17.83
Polyketide	plasma membrane [GO:0005886]	17.83
Polyketide	protein complex involved in cell-matrix adhesion [GO:0098637]	17.83
Polyketide	serine protease inhibitor complex [GO:0097180]	17.83
Polyketide	extracellular region [GO:0005576]	17.83
Polyketide	specific granule membrane [GO:0035579]	17.83
Polyketide	extracellular space [GO:0005615]	17.83
Polyketide	external side of plasma membrane [GO:0009897]	17.83
Polyketide	cell surface [GO:0009986]	17.83
Polyketide	serine-type endopeptidase complex [GO:1905370]	17.83
Polyketide	nucleolus [GO:0005730]	53.0
Polyketide	nucleoplasm [GO:0005654]	53.0
Polyketide	cytoplasm [GO:0005737]	53.0
Polyketide	cytosol [GO:0005829]	53.0
Polyketide	spindle pole body [GO:0005816]	49.73
Polyketide	perinuclear region of cytoplasm [GO:0048471]	49.73
Polyketide	kinetochore [GO:0000776]	49.73
Polyketide	nucleus [GO:0005634]	49.73
Polyketide	cytoplasm [GO:0005737]	49.73
Polyketide	nucleus [GO:0005634]	50.22
Polyketide	cytoplasm [GO:0005737]	50.22
Polyketide	proton-transporting V-type ATPase complex [GO:0033176]	93.5
Polyketide	vacuolar proton-transporting V-type ATPase, V0 domain [GO:0000220]	93.5
Polyketide	Golgi membrane [GO:0000139]	93.5
Polyketide	membrane [GO:0016020]	93.5
Polyketide	vacuolar proton-transporting V-type ATPase complex [GO:0016471]	93.5
Polyketide	fungal-type vacuole membrane [GO:0000329]	93.5
Polyketide	protein-containing complex [GO:0032991]	59.95
Polyketide	endocytic vesicle membrane [GO:0030666]	59.95
Polyketide	cytosol [GO:0005829]	59.95
Polyketide	transcription repressor complex [GO:0017053]	59.95
Polyketide	nucleoplasm [GO:0005654]	59.95
Polyketide	plasma membrane [GO:0005886]	59.95
Polyketide	nucleus [GO:0005634]	59.95
Polyketide	cytoplasm [GO:0005737]	59.95
Polyketide	nucleolus [GO:0005730]	59.95
Polyketide	nucleus [GO:0005634]	48.44
Polyketide	cytoplasm [GO:0005737]	48.44
Polyketide	cytosol [GO:0005829]	48.44
Polyketide	endoplasmic reticulum membrane [GO:0005789]	26.86
Polyketide	endoplasmic reticulum [GO:0005783]	26.86
Polyketide	chromosome, centromeric region [GO:0000775]	-9.5
Polyketide	meiotic cohesin complex [GO:0030893]	-9.5
Polyketide	chromatin [GO:0000785]	-9.5
Polyketide	nucleus [GO:0005634]	-9.5
Polyketide	microtubule [GO:0005874]	19.4
Polyketide	cytoplasm [GO:0005737]	19.4
Polyketide	microtubule cytoskeleton [GO:0015630]	19.4
Polyketide	chromosome [GO:0005694]	26.35
Polyketide	condensed nuclear chromosome [GO:0000794]	26.35
Polyketide	nucleus [GO:0005634]	26.35
Polyketide	nucleoplasm [GO:0005654]	26.35
Polyketide	focal adhesion [GO:0005925]	27.71
Polyketide	tertiary granule membrane [GO:0070821]	27.71
Polyketide	extracellular exosome [GO:0070062]	27.71
Polyketide	plasma membrane [GO:0005886]	27.71
Polyketide	protein complex involved in cell-matrix adhesion [GO:0098637]	27.71
Polyketide	serine protease inhibitor complex [GO:0097180]	27.71
Polyketide	extracellular region [GO:0005576]	27.71
Polyketide	specific granule membrane [GO:0035579]	27.71
Polyketide	extracellular space [GO:0005615]	27.71
Polyketide	external side of plasma membrane [GO:0009897]	27.71
Polyketide	cell surface [GO:0009986]	27.71
Polyketide	serine-type endopeptidase complex [GO:1905370]	27.71
Polyketide	plasma membrane [GO:0005886]	44.25
Polyketide	proton-transporting ATP synthase complex, coupling factor F(o) [GO:0045263]	44.25
Polyketide	septin ring [GO:0005940]	36.96
Polyketide	condensed nuclear chromosome [GO:0000794]	36.96
Polyketide	nucleus [GO:0005634]	36.96
Polyketide	cytosol [GO:0005829]	42.0
Polyketide	mitochondrion [GO:0005739]	42.0
Polyketide	mitochondrial intermembrane space [GO:0005758]	42.0
Polyketide	mitochondrial matrix [GO:0005759]	42.0
Polyketide	nucleus [GO:0005634]	42.0
Polyketide	cytosol [GO:0005829]	32.16
Polyketide	nucleoplasm [GO:0005654]	32.16
Polyketide	plasma membrane [GO:0005886]	32.16
Polyketide	nucleus [GO:0005634]	32.16
Polyketide	cytoplasm [GO:0005737]	32.16
Polyketide	nucleolus [GO:0005730]	32.16
Polyketide	node of Ranvier [GO:0033268]	68.14
Polyketide	synapse [GO:0045202]	68.14
Polyketide	plasma membrane [GO:0005886]	68.14
Polyketide	axon initial segment [GO:0043194]	68.14
Polyketide	voltage-gated potassium channel complex [GO:0008076]	68.14
Polyketide	dendrite [GO:0030425]	36.06
Polyketide	PML body [GO:0016605]	36.06
Polyketide	nuclear envelope [GO:0005635]	36.06
Polyketide	lysosome [GO:0005764]	36.06
Polyketide	endomembrane system [GO:0012505]	36.06
Polyketide	mitochondrial outer membrane [GO:0005741]	36.06
Polyketide	cytosol [GO:0005829]	36.06
Polyketide	Golgi membrane [GO:0000139]	36.06
Polyketide	nucleoplasm [GO:0005654]	36.06
Polyketide	endoplasmic reticulum membrane [GO:0005789]	36.06
Polyketide	membrane [GO:0016020]	36.06
Polyketide	TORC1 complex [GO:0031931]	36.06
Polyketide	nucleus [GO:0005634]	36.06
Polyketide	TORC2 complex [GO:0031932]	36.06
Polyketide	lysosomal membrane [GO:0005765]	36.06
Polyketide	cytoplasm [GO:0005737]	36.06
Polyketide	phagocytic vesicle [GO:0045335]	36.06
Polyketide	plasma membrane [GO:0005886]	35.73
Polyketide	nucleoplasm [GO:0005654]	50.33
Polyketide	cytosol [GO:0005829]	50.33
Polyketide	extracellular exosome [GO:0070062]	50.33
Polyketide	vesicle [GO:0031982]	32.81
Polyketide	cytoplasm [GO:0005737]	32.81
Polyketide	secretory granule lumen [GO:0034774]	32.81
Polyketide	cytosol [GO:0005829]	32.81
Polyketide	ficolin-1-rich granule lumen [GO:1904813]	32.81
Polyketide	extracellular exosome [GO:0070062]	32.81
Polyketide	nucleoplasm [GO:0005654]	32.81
Polyketide	plasma membrane [GO:0005886]	32.81
Polyketide	extracellular region [GO:0005576]	32.81
Polyketide	extracellular space [GO:0005615]	32.81
Polyketide	cell surface [GO:0009986]	32.81
Polyketide	pore complex [GO:0046930]	-2.61
Polyketide	cell outer membrane [GO:0009279]	-2.61
Polyketide	sarcoplasmic reticulum membrane [GO:0033017]	47.11
Polyketide	cytoplasmic side of membrane [GO:0098562]	47.11
Polyketide	cytosol [GO:0005829]	47.11
Polyketide	Z disc [GO:0030018]	47.11
Polyketide	sarcoplasmic reticulum [GO:0016529]	47.11
Polyketide	terminal cisterna [GO:0014802]	47.11
Polyketide	membrane [GO:0016020]	47.11
Polyketide	ryanodine receptor complex [GO:1990425]	47.11
Polyketide	cytoplasm [GO:0005737]	47.11
Polyketide	plasma membrane [GO:0005886]	28.72
Polyketide	periplasmic side of plasma membrane [GO:0098567]	28.72
Polyketide	membrane [GO:0016020]	28.72
Polyketide	outer membrane-bounded periplasmic space [GO:0030288]	28.72
Polyketide	efflux pump complex [GO:1990281]	28.72
Polyketide	dendrite [GO:0030425]	59.11
Polyketide	chloride channel complex [GO:0034707]	59.11
Polyketide	neuron projection [GO:0043005]	59.11
Polyketide	plasma membrane [GO:0005886]	59.11
Polyketide	membrane [GO:0016020]	59.11
Polyketide	postsynaptic membrane [GO:0045211]	59.11
Polyketide	synapse [GO:0045202]	59.11
Polyketide	perikaryon [GO:0043204]	59.11
