file	hydrophobic	hbond	saltbridge	pistacking	pication	halogen	metal
/Volumes/GigiMurin/plip/Gylcerolipids/BD1dze-A-A-L2P1/report.txt	3	0	0	0	0	0	0
/Volumes/GigiMurin/plip/Gylcerolipids/BD1dze-A-A-L2P2/report.txt	4	0	0	0	0	0	0
/Volumes/GigiMurin/plip/Gylcerolipids/BD1e12-A-A-OLC10/report.txt	0	0	0	0	0	0	0
/Volumes/GigiMurin/plip/Gylcerolipids/BD1e12-A-A-OLC1/report.txt	4	0	0	0	0	0	0
/Volumes/GigiMurin/plip/Gylcerolipids/BD1e12-A-A-OLC2/report.txt	2	0	0	0	0	0	0
/Volumes/GigiMurin/plip/Gylcerolipids/BD1e12-A-A-OLC3/report.txt	0	1	0	0	0	0	0
/Volumes/GigiMurin/plip/Gylcerolipids/BD1e12-A-A-OLC4/report.txt	0	0	0	0	0	0	0
/Volumes/GigiMurin/plip/Gylcerolipids/BD1e12-A-A-OLC5/report.txt	0	0	0	0	0	0	0
/Volumes/GigiMurin/plip/Gylcerolipids/BD1e12-A-A-OLC6/report.txt	0	0	0	0	0	0	0
/Volumes/GigiMurin/plip/Gylcerolipids/BD1e12-A-A-OLC7/report.txt	0	0	0	0	0	0	0
/Volumes/GigiMurin/plip/Gylcerolipids/BD1e12-A-A-OLC8/report.txt	0	0	0	0	0	0	0
/Volumes/GigiMurin/plip/Gylcerolipids/BD1e12-A-A-OLC9/report.txt	0	0	0	0	0	0	0
/Volumes/GigiMurin/plip/Gylcerolipids/BD1iw6-A-A-L2P1/report.txt	1	0	0	0	0	0	0
/Volumes/GigiMurin/plip/Gylcerolipids/BD1iw9-A-A-L2P1/report.txt	3	0	0	0	0	0	0
/Volumes/GigiMurin/plip/Gylcerolipids/BD1ixf-A-A-L2P1/report.txt	3	0	0	0	0	0	0
/Volumes/GigiMurin/plip/Gylcerolipids/BD1k4c-C-C-DGA1/report.txt	1	0	1	0	0	0	0
/Volumes/GigiMurin/plip/Gylcerolipids/BD1k4d-C-C-DGA1/report.txt	1	0	1	0	0	0	0
/Volumes/GigiMurin/plip/Gylcerolipids/BD1q90-D-R-SQD1/report.txt	1	2	0	0	0	0	0
/Volumes/GigiMurin/plip/Gylcerolipids/BD1q90-R-R-SQD1/report.txt	2	2	1	0	0	0	0
/Volumes/GigiMurin/plip/Gylcerolipids/BD1qm8-A-A-L2P1/report.txt	3	0	0	0	0	0	0
/Volumes/GigiMurin/plip/Gylcerolipids/BD1qm8-A-A-L2P2/report.txt	4	0	0	0	0	0	0
/Volumes/GigiMurin/plip/Gylcerolipids/BD1r3i-C-C-DGA1/report.txt	2	0	1	0	0	0	0
/Volumes/GigiMurin/plip/Gylcerolipids/BD1r3j-C-C-DGA1/report.txt	2	0	1	0	0	0	0
/Volumes/GigiMurin/plip/Gylcerolipids/BD1r3k-C-C-DGA1/report.txt	2	0	1	0	0	0	0
/Volumes/GigiMurin/plip/Gylcerolipids/BD1r3l-C-C-DGA1/report.txt	1	0	1	0	0	0	0
/Volumes/GigiMurin/plip/Gylcerolipids/BD1s5h-C-C-DGA1/report.txt	2	0	1	0	0	0	0
/Volumes/GigiMurin/plip/Gylcerolipids/BD1ucq-A-A-L2P1/report.txt	3	0	0	0	0	0	0
/Volumes/GigiMurin/plip/Gylcerolipids/BD1v54-A-A-TGL1/report.txt	11	0	0	0	0	0	0
/Volumes/GigiMurin/plip/Gylcerolipids/BD1v54-A-D-TGL1/report.txt	5	0	1	0	0	0	0
/Volumes/GigiMurin/plip/Gylcerolipids/BD1v54-A-L-TGL1/report.txt	13	0	0	0	0	0	0
/Volumes/GigiMurin/plip/Gylcerolipids/BD1v54-B-A-TGL1/report.txt	5	0	1	0	0	0	0
/Volumes/GigiMurin/plip/Gylcerolipids/BD1v54-B-D-TGL1/report.txt	3	0	0	0	0	0	0
/Volumes/GigiMurin/plip/Gylcerolipids/BD1v54-D-D-TGL1/report.txt	2	1	0	0	0	0	0
/Volumes/GigiMurin/plip/Gylcerolipids/BD1v54-L-L-TGL1/report.txt	8	0	0	0	0	0	0
/Volumes/GigiMurin/plip/Gylcerolipids/BD1v54-N-N-TGL1/report.txt	12	0	0	0	0	0	0
/Volumes/GigiMurin/plip/Gylcerolipids/BD1v54-N-N-TGL2/report.txt	13	0	0	0	0	0	0
/Volumes/GigiMurin/plip/Gylcerolipids/BD1v54-N-Q-TGL1/report.txt	6	0	1	0	0	0	0
/Volumes/GigiMurin/plip/Gylcerolipids/BD1v54-O-N-TGL1/report.txt	4	0	1	0	0	0	0
/Volumes/GigiMurin/plip/Gylcerolipids/BD1v54-O-Q-TGL1/report.txt	2	0	0	0	0	0	0
/Volumes/GigiMurin/plip/Gylcerolipids/BD1v54-Q-Q-TGL1/report.txt	1	1	0	0	0	0	0
/Volumes/GigiMurin/plip/Gylcerolipids/BD1v55-A-A-TGL1/report.txt	8	0	0	0	0	0	0
/Volumes/GigiMurin/plip/Gylcerolipids/BD1v55-A-A-TGL2/report.txt	13	0	0	0	0	0	0
/Volumes/GigiMurin/plip/Gylcerolipids/BD1v55-A-A-TGL3/report.txt	5	0	1	0	0	0	0
/Volumes/GigiMurin/plip/Gylcerolipids/BD1v55-B-A-TGL1/report.txt	5	0	1	0	0	0	0
/Volumes/GigiMurin/plip/Gylcerolipids/BD1v55-B-A-TGL3/report.txt	3	0	0	0	0	0	0
/Volumes/GigiMurin/plip/Gylcerolipids/BD1v55-D-A-TGL3/report.txt	2	1	0	0	0	0	0
/Volumes/GigiMurin/plip/Gylcerolipids/BD1v55-N-N-TGL1/report.txt	7	0	0	0	0	0	0
/Volumes/GigiMurin/plip/Gylcerolipids/BD1v55-N-N-TGL2/report.txt	13	0	0	0	0	0	0
/Volumes/GigiMurin/plip/Gylcerolipids/BD1v55-N-Q-TGL1/report.txt	7	0	1	0	0	0	0
/Volumes/GigiMurin/plip/Gylcerolipids/BD1v55-O-N-TGL1/report.txt	5	0	1	0	0	0	0
/Volumes/GigiMurin/plip/Gylcerolipids/BD1v55-O-Q-TGL1/report.txt	2	0	0	0	0	0	0
/Volumes/GigiMurin/plip/Gylcerolipids/BD1v55-Q-Q-TGL1/report.txt	1	1	0	0	0	0	0
/Volumes/GigiMurin/plip/Gylcerolipids/BD1x0i-1-1-L2P1/report.txt	2	0	0	0	0	0	0
/Volumes/GigiMurin/plip/Gylcerolipids/BD1x0k-1-1-L2P1/report.txt	2	0	0	0	0	0	0
/Volumes/GigiMurin/plip/Gylcerolipids/BD1x0s-A-A-L2P1/report.txt	4	0	0	0	0	0	0
/Volumes/GigiMurin/plip/Gylcerolipids/BD1zwi-C-C-DGA1/report.txt	1	0	1	0	0	0	0
/Volumes/GigiMurin/plip/Gylcerolipids/BD2axt-a-a-SQD1/report.txt	1	2	0	0	0	0	0
/Volumes/GigiMurin/plip/Gylcerolipids/BD2axt-A-A-SQD2/report.txt	0	2	0	0	0	0	0
/Volumes/GigiMurin/plip/Gylcerolipids/BD2axt-a-d-SQD1/report.txt	1	2	0	0	0	0	0
/Volumes/GigiMurin/plip/Gylcerolipids/BD2axt-b-A-SQD2/report.txt	0	3	0	0	0	0	0
/Volumes/GigiMurin/plip/Gylcerolipids/BD2axt-b-L-SQD1/report.txt	2	0	1	0	0	0	0
/Volumes/GigiMurin/plip/Gylcerolipids/BD2axt-B-t-SQD1/report.txt	2	1	1	0	0	0	0
/Volumes/GigiMurin/plip/Gylcerolipids/BD2axt-C-A-SQD1/report.txt	1	2	0	0	0	0	0
/Volumes/GigiMurin/plip/Gylcerolipids/BD2axt-c-d-SQD1/report.txt	1	4	0	0	0	0	0
/Volumes/GigiMurin/plip/Gylcerolipids/BD2axt-D-A-SQD1/report.txt	0	1	1	0	0	0	0
/Volumes/GigiMurin/plip/Gylcerolipids/BD2axt-d-d-SQD1/report.txt	0	1	1	0	0	0	0
/Volumes/GigiMurin/plip/Gylcerolipids/BD2axt-L-L-SQD1/report.txt	2	3	1	0	0	0	0
/Volumes/GigiMurin/plip/Gylcerolipids/BD2axt-L-t-SQD1/report.txt	0	1	0	0	0	0	0
/Volumes/GigiMurin/plip/Gylcerolipids/BD2axt-T-L-SQD1/report.txt	2	1	0	0	0	0	0
/Volumes/GigiMurin/plip/Gylcerolipids/BD2axt-t-t-SQD1/report.txt	1	1	0	0	0	0	0
/Volumes/GigiMurin/plip/Gylcerolipids/BD2dyr-A-B-TGL1/report.txt	10	0	0	0	0	0	0
/Volumes/GigiMurin/plip/Gylcerolipids/BD2dyr-A-D-TGL1/report.txt	8	0	1	0	0	0	0
/Volumes/GigiMurin/plip/Gylcerolipids/BD2dyr-A-L-TGL1/report.txt	15	0	0	0	0	0	0
/Volumes/GigiMurin/plip/Gylcerolipids/BD2dyr-B-B-TGL1/report.txt	5	0	1	0	0	0	0
/Volumes/GigiMurin/plip/Gylcerolipids/BD2dyr-B-D-TGL1/report.txt	4	0	0	0	0	0	0
/Volumes/GigiMurin/plip/Gylcerolipids/BD2dyr-D-D-TGL1/report.txt	2	0	0	0	0	0	0
/Volumes/GigiMurin/plip/Gylcerolipids/BD2dyr-I-B-TGL1/report.txt	0	0	1	0	0	0	0
/Volumes/GigiMurin/plip/Gylcerolipids/BD2dyr-L-L-TGL1/report.txt	10	0	0	0	0	0	0
/Volumes/GigiMurin/plip/Gylcerolipids/BD2dyr-N-N-TGL1/report.txt	10	0	0	0	0	0	0
/Volumes/GigiMurin/plip/Gylcerolipids/BD2dyr-N-N-TGL2/report.txt	16	0	0	0	0	0	0
/Volumes/GigiMurin/plip/Gylcerolipids/BD2dyr-N-Q-TGL1/report.txt	9	0	1	0	0	0	0
/Volumes/GigiMurin/plip/Gylcerolipids/BD2dyr-O-N-TGL1/report.txt	3	0	1	0	0	0	0
/Volumes/GigiMurin/plip/Gylcerolipids/BD2dyr-O-Q-TGL1/report.txt	3	0	0	0	0	0	0
/Volumes/GigiMurin/plip/Gylcerolipids/BD2dyr-Q-Q-TGL1/report.txt	5	0	0	0	0	0	0
/Volumes/GigiMurin/plip/Gylcerolipids/BD2dyr-V-N-TGL1/report.txt	0	0	1	0	0	0	0
/Volumes/GigiMurin/plip/Gylcerolipids/BD2dys-A-B-TGL1/report.txt	8	0	0	0	0	0	0
/Volumes/GigiMurin/plip/Gylcerolipids/BD2dys-A-D-TGL1/report.txt	7	0	1	0	0	0	0
/Volumes/GigiMurin/plip/Gylcerolipids/BD2dys-A-L-TGL1/report.txt	14	0	0	0	0	0	0
/Volumes/GigiMurin/plip/Gylcerolipids/BD2dys-B-B-TGL1/report.txt	5	0	1	0	0	0	0
/Volumes/GigiMurin/plip/Gylcerolipids/BD2dys-B-D-TGL1/report.txt	2	0	0	0	0	0	0
/Volumes/GigiMurin/plip/Gylcerolipids/BD2dys-D-D-TGL1/report.txt	2	1	0	0	0	0	0
/Volumes/GigiMurin/plip/Gylcerolipids/BD2dys-I-B-TGL1/report.txt	0	0	1	0	0	0	0
/Volumes/GigiMurin/plip/Gylcerolipids/BD2dys-L-L-TGL1/report.txt	9	0	0	0	0	0	0
/Volumes/GigiMurin/plip/Gylcerolipids/BD2dys-N-N-TGL1/report.txt	17	0	0	0	0	0	0
/Volumes/GigiMurin/plip/Gylcerolipids/BD2dys-N-N-TGL2/report.txt	9	0	1	0	0	0	0
/Volumes/GigiMurin/plip/Gylcerolipids/BD2dys-N-O-TGL1/report.txt	9	0	0	0	0	0	0
/Volumes/GigiMurin/plip/Gylcerolipids/BD2dys-O-N-TGL2/report.txt	4	0	0	0	0	0	0
/Volumes/GigiMurin/plip/Gylcerolipids/BD2dys-O-O-TGL1/report.txt	5	0	1	0	0	0	0
/Volumes/GigiMurin/plip/Gylcerolipids/BD2dys-Q-N-TGL2/report.txt	4	1	0	0	0	0	0
/Volumes/GigiMurin/plip/Gylcerolipids/BD2dys-V-O-TGL1/report.txt	0	0	1	0	0	0	0
/Volumes/GigiMurin/plip/Gylcerolipids/BD2e74-D-D-SQD1/report.txt	1	3	0	0	0	0	0
/Volumes/GigiMurin/plip/Gylcerolipids/BD2e75-D-D-SQD1/report.txt	0	1	1	0	0	0	0
/Volumes/GigiMurin/plip/Gylcerolipids/BD2e76-D-D-SQD1/report.txt	1	1	1	0	0	0	0
/Volumes/GigiMurin/plip/Gylcerolipids/BD2ei4-A-A-L2P1/report.txt	8	1	0	0	0	0	0
/Volumes/GigiMurin/plip/Gylcerolipids/BD2eij-A-A-TGL1/report.txt	8	0	1	0	0	0	0
/Volumes/GigiMurin/plip/Gylcerolipids/BD2eij-A-B-TGL1/report.txt	11	0	0	0	0	0	0
/Volumes/GigiMurin/plip/Gylcerolipids/BD2eij-A-L-TGL1/report.txt	17	0	0	0	0	0	0
/Volumes/GigiMurin/plip/Gylcerolipids/BD2eij-B-A-TGL1/report.txt	3	0	0	0	0	0	0
/Volumes/GigiMurin/plip/Gylcerolipids/BD2eij-B-B-TGL1/report.txt	6	0	1	0	0	0	0
/Volumes/GigiMurin/plip/Gylcerolipids/BD2eij-D-A-TGL1/report.txt	2	0	0	0	0	0	0
/Volumes/GigiMurin/plip/Gylcerolipids/BD2eij-L-L-TGL1/report.txt	10	0	0	0	0	0	0
/Volumes/GigiMurin/plip/Gylcerolipids/BD2eij-N-N-TGL1/report.txt	10	0	0	0	0	0	0
/Volumes/GigiMurin/plip/Gylcerolipids/BD2eij-N-N-TGL2/report.txt	14	0	0	0	0	0	0
/Volumes/GigiMurin/plip/Gylcerolipids/BD2eij-N-N-TGL3/report.txt	9	0	1	0	0	0	0
/Volumes/GigiMurin/plip/Gylcerolipids/BD2eij-O-N-TGL1/report.txt	4	0	1	0	0	0	0
/Volumes/GigiMurin/plip/Gylcerolipids/BD2eij-O-N-TGL3/report.txt	3	0	0	0	0	0	0
/Volumes/GigiMurin/plip/Gylcerolipids/BD2eij-Q-N-TGL3/report.txt	3	0	0	0	0	0	0
/Volumes/GigiMurin/plip/Gylcerolipids/BD2eik-A-A-TGL1/report.txt	8	0	0	0	0	0	0
/Volumes/GigiMurin/plip/Gylcerolipids/BD2eik-A-A-TGL2/report.txt	7	0	1	0	0	0	0
/Volumes/GigiMurin/plip/Gylcerolipids/BD2eik-A-L-TGL1/report.txt	17	0	0	0	0	0	0
/Volumes/GigiMurin/plip/Gylcerolipids/BD2eik-B-A-TGL1/report.txt	5	0	1	0	0	0	0
/Volumes/GigiMurin/plip/Gylcerolipids/BD2eik-B-A-TGL2/report.txt	2	0	0	0	0	0	0
/Volumes/GigiMurin/plip/Gylcerolipids/BD2eik-D-A-TGL2/report.txt	2	0	0	0	0	0	0
/Volumes/GigiMurin/plip/Gylcerolipids/BD2eik-L-L-TGL1/report.txt	7	0	0	0	0	0	0
/Volumes/GigiMurin/plip/Gylcerolipids/BD2eik-N-N-TGL1/report.txt	11	0	0	0	0	0	0
/Volumes/GigiMurin/plip/Gylcerolipids/BD2eik-N-Q-TGL1/report.txt	7	0	1	0	0	0	0
/Volumes/GigiMurin/plip/Gylcerolipids/BD2eik-N-Y-TGL1/report.txt	14	0	0	0	0	0	0
/Volumes/GigiMurin/plip/Gylcerolipids/BD2eik-O-N-TGL1/report.txt	3	0	1	0	0	0	0
/Volumes/GigiMurin/plip/Gylcerolipids/BD2eik-O-Q-TGL1/report.txt	3	0	0	0	0	0	0
/Volumes/GigiMurin/plip/Gylcerolipids/BD2eik-Q-Q-TGL1/report.txt	4	1	0	0	0	0	0
/Volumes/GigiMurin/plip/Gylcerolipids/BD2eik-Y-Y-TGL1/report.txt	10	0	0	0	0	0	0
/Volumes/GigiMurin/plip/Gylcerolipids/BD2eil-A-A-TGL1/report.txt	8	0	0	0	0	0	0
/Volumes/GigiMurin/plip/Gylcerolipids/BD2eil-A-D-TGL1/report.txt	7	0	1	0	0	0	0
/Volumes/GigiMurin/plip/Gylcerolipids/BD2eil-A-L-TGL1/report.txt	17	0	0	0	0	0	0
/Volumes/GigiMurin/plip/Gylcerolipids/BD2eil-B-A-TGL1/report.txt	3	0	1	0	0	0	0
/Volumes/GigiMurin/plip/Gylcerolipids/BD2eil-B-D-TGL1/report.txt	3	0	0	0	0	0	0
/Volumes/GigiMurin/plip/Gylcerolipids/BD2eil-D-D-TGL1/report.txt	2	1	0	0	0	0	0
/Volumes/GigiMurin/plip/Gylcerolipids/BD2eil-L-L-TGL1/report.txt	9	0	0	0	0	0	0
/Volumes/GigiMurin/plip/Gylcerolipids/BD2eil-N-N-TGL1/report.txt	9	0	0	0	0	0	0
/Volumes/GigiMurin/plip/Gylcerolipids/BD2eil-N-N-TGL2/report.txt	15	0	0	0	0	0	0
/Volumes/GigiMurin/plip/Gylcerolipids/BD2eil-N-Q-TGL1/report.txt	9	0	1	0	0	0	0
/Volumes/GigiMurin/plip/Gylcerolipids/BD2eil-O-N-TGL1/report.txt	5	0	1	0	0	0	0
/Volumes/GigiMurin/plip/Gylcerolipids/BD2eil-O-Q-TGL1/report.txt	3	0	0	0	0	0	0
/Volumes/GigiMurin/plip/Gylcerolipids/BD2eil-Q-Q-TGL1/report.txt	4	1	0	0	0	0	0
/Volumes/GigiMurin/plip/Gylcerolipids/BD2eim-A-B-TGL1/report.txt	7	0	0	0	0	0	0
/Volumes/GigiMurin/plip/Gylcerolipids/BD2eim-A-D-TGL1/report.txt	6	0	1	0	0	0	0
/Volumes/GigiMurin/plip/Gylcerolipids/BD2eim-A-L-TGL1/report.txt	17	0	0	0	0	0	0
/Volumes/GigiMurin/plip/Gylcerolipids/BD2eim-B-B-TGL1/report.txt	4	0	1	0	0	0	0
/Volumes/GigiMurin/plip/Gylcerolipids/BD2eim-B-D-TGL1/report.txt	2	0	0	0	0	0	0
/Volumes/GigiMurin/plip/Gylcerolipids/BD2eim-D-D-TGL1/report.txt	3	1	0	0	0	0	0
/Volumes/GigiMurin/plip/Gylcerolipids/BD2eim-L-L-TGL1/report.txt	6	0	0	0	0	0	0
/Volumes/GigiMurin/plip/Gylcerolipids/BD2eim-N-N-TGL1/report.txt	15	0	0	0	0	0	0
/Volumes/GigiMurin/plip/Gylcerolipids/BD2eim-N-N-TGL2/report.txt	6	0	1	0	0	0	0
/Volumes/GigiMurin/plip/Gylcerolipids/BD2eim-N-O-TGL1/report.txt	7	0	0	0	0	0	0
/Volumes/GigiMurin/plip/Gylcerolipids/BD2eim-O-N-TGL2/report.txt	3	0	0	0	0	0	0
/Volumes/GigiMurin/plip/Gylcerolipids/BD2eim-O-O-TGL1/report.txt	6	0	1	0	0	0	0
/Volumes/GigiMurin/plip/Gylcerolipids/BD2eim-Q-N-TGL2/report.txt	4	1	0	0	0	0	0
/Volumes/GigiMurin/plip/Gylcerolipids/BD2ein-A-A-TGL1/report.txt	7	0	0	0	0	0	0
/Volumes/GigiMurin/plip/Gylcerolipids/BD2ein-A-A-TGL2/report.txt	7	0	1	0	0	0	0
/Volumes/GigiMurin/plip/Gylcerolipids/BD2ein-A-L-TGL1/report.txt	18	0	0	0	0	0	0
/Volumes/GigiMurin/plip/Gylcerolipids/BD2ein-B-A-TGL1/report.txt	5	0	1	0	0	0	0
/Volumes/GigiMurin/plip/Gylcerolipids/BD2ein-B-A-TGL2/report.txt	2	0	0	0	0	0	0
/Volumes/GigiMurin/plip/Gylcerolipids/BD2ein-D-A-TGL2/report.txt	4	3	0	0	0	0	0
/Volumes/GigiMurin/plip/Gylcerolipids/BD2ein-L-L-TGL1/report.txt	9	0	0	0	0	0	0
/Volumes/GigiMurin/plip/Gylcerolipids/BD2ein-N-N-TGL1/report.txt	8	0	1	0	0	0	0
/Volumes/GigiMurin/plip/Gylcerolipids/BD2ein-N-O-TGL1/report.txt	9	0	0	0	0	0	0
/Volumes/GigiMurin/plip/Gylcerolipids/BD2ein-N-Y-TGL1/report.txt	15	0	0	0	0	0	0
/Volumes/GigiMurin/plip/Gylcerolipids/BD2ein-O-N-TGL1/report.txt	3	0	0	0	0	0	0
/Volumes/GigiMurin/plip/Gylcerolipids/BD2ein-O-O-TGL1/report.txt	4	0	1	0	0	0	0
/Volumes/GigiMurin/plip/Gylcerolipids/BD2ein-Q-N-TGL1/report.txt	2	2	0	0	0	0	0
/Volumes/GigiMurin/plip/Gylcerolipids/BD2ein-Y-Y-TGL1/report.txt	9	0	0	0	0	0	0
/Volumes/GigiMurin/plip/Gylcerolipids/BD2f13-A-A-DYM1/report.txt	1	3	4	0	0	0	0
/Volumes/GigiMurin/plip/Gylcerolipids/BD2nlj-A-A-DGA1/report.txt	0	1	0	0	0	0	0
/Volumes/GigiMurin/plip/Gylcerolipids/BD2w0f-C-C-DGA1/report.txt	0	0	1	0	0	0	0
/Volumes/GigiMurin/plip/Gylcerolipids/BD2wjm-C-C-DGA1/report.txt	0	0	0	0	0	0	0
/Volumes/GigiMurin/plip/Gylcerolipids/BD2wjm-L-C-DGA1/report.txt	2	0	0	0	0	0	0
/Volumes/GigiMurin/plip/Gylcerolipids/BD2z55-A-A-L2P1/report.txt	8	1	0	0	0	0	0
/Volumes/GigiMurin/plip/Gylcerolipids/BD2z55-B-B-L2P1/report.txt	9	0	0	0	0	0	0
/Volumes/GigiMurin/plip/Gylcerolipids/BD2z55-D-D-L2P1/report.txt	10	1	0	0	0	0	0
/Volumes/GigiMurin/plip/Gylcerolipids/BD2z55-E-E-L2P1/report.txt	4	1	0	0	0	0	0
/Volumes/GigiMurin/plip/Gylcerolipids/BD2z7x-A-C-Z411/report.txt	11	2	0	0	0	0	0
/Volumes/GigiMurin/plip/Gylcerolipids/BD2z7x-C-C-Z411/report.txt	0	0	0	0	0	0	0
/Volumes/GigiMurin/plip/Gylcerolipids/BD2zfe-A-A-L2P1/report.txt	6	0	0	0	0	0	0
/Volumes/GigiMurin/plip/Gylcerolipids/BD2zt9-B-B-SQD1/report.txt	0	3	0	0	0	0	0
/Volumes/GigiMurin/plip/Gylcerolipids/BD2zxw-A-B-TGL1/report.txt	5	0	0	0	0	0	0
/Volumes/GigiMurin/plip/Gylcerolipids/BD2zxw-A-D-TGL1/report.txt	8	0	1	0	0	0	0
/Volumes/GigiMurin/plip/Gylcerolipids/BD2zxw-A-L-TGL1/report.txt	14	0	0	0	0	0	0
/Volumes/GigiMurin/plip/Gylcerolipids/BD2zxw-B-B-TGL1/report.txt	5	0	1	0	0	0	0
/Volumes/GigiMurin/plip/Gylcerolipids/BD2zxw-B-D-TGL1/report.txt	3	0	0	0	0	0	0
/Volumes/GigiMurin/plip/Gylcerolipids/BD2zxw-D-D-TGL1/report.txt	3	2	0	0	0	0	0
/Volumes/GigiMurin/plip/Gylcerolipids/BD2zxw-L-L-TGL1/report.txt	6	0	0	0	0	0	0
/Volumes/GigiMurin/plip/Gylcerolipids/BD2zxw-N-N-TGL1/report.txt	7	0	0	0	0	0	0
/Volumes/GigiMurin/plip/Gylcerolipids/BD2zxw-N-N-TGL2/report.txt	10	0	0	0	0	0	0
/Volumes/GigiMurin/plip/Gylcerolipids/BD2zxw-N-O-TGL1/report.txt	6	0	1	0	0	0	0
/Volumes/GigiMurin/plip/Gylcerolipids/BD2zxw-O-N-TGL1/report.txt	3	0	1	0	0	0	0
/Volumes/GigiMurin/plip/Gylcerolipids/BD2zxw-O-O-TGL1/report.txt	3	0	0	0	0	0	0
/Volumes/GigiMurin/plip/Gylcerolipids/BD2zxw-Q-O-TGL1/report.txt	3	2	0	0	0	0	0
/Volumes/GigiMurin/plip/Gylcerolipids/BD2zzl-A-A-L2P1/report.txt	2	0	0	0	0	0	0
/Volumes/GigiMurin/plip/Gylcerolipids/BD3a7k-A-A-L2P1/report.txt	11	0	0	0	0	0	0
/Volumes/GigiMurin/plip/Gylcerolipids/BD3a7k-A-A-L2P2/report.txt	5	0	0	0	0	0	0
/Volumes/GigiMurin/plip/Gylcerolipids/BD3a7k-A-B-L2P1/report.txt	1	0	0	0	0	0	0
/Volumes/GigiMurin/plip/Gylcerolipids/BD3a7k-A-D-L2P2/report.txt	1	0	0	0	0	0	0
/Volumes/GigiMurin/plip/Gylcerolipids/BD3a7k-B-A-L2P1/report.txt	2	0	0	0	0	0	0
/Volumes/GigiMurin/plip/Gylcerolipids/BD3a7k-B-B-L2P1/report.txt	6	0	0	0	0	0	0
/Volumes/GigiMurin/plip/Gylcerolipids/BD3a7k-B-B-L2P2/report.txt	9	0	0	0	0	0	0
/Volumes/GigiMurin/plip/Gylcerolipids/BD3a7k-D-B-L2P2/report.txt	1	0	0	0	0	0	0
/Volumes/GigiMurin/plip/Gylcerolipids/BD3a7k-D-D-L2P1/report.txt	5	0	0	0	0	0	0
/Volumes/GigiMurin/plip/Gylcerolipids/BD3a7k-D-D-L2P2/report.txt	7	0	0	0	0	0	0
/Volumes/GigiMurin/plip/Gylcerolipids/BD3abk-A-B-TGL1/report.txt	8	0	0	0	0	0	0
/Volumes/GigiMurin/plip/Gylcerolipids/BD3abk-A-D-TGL1/report.txt	9	0	1	0	0	0	0
/Volumes/GigiMurin/plip/Gylcerolipids/BD3abk-A-L-TGL1/report.txt	14	0	0	0	0	0	0
/Volumes/GigiMurin/plip/Gylcerolipids/BD3abk-B-B-TGL1/report.txt	4	0	1	0	0	0	0
/Volumes/GigiMurin/plip/Gylcerolipids/BD3abk-B-D-TGL1/report.txt	2	0	0	0	0	0	0
/Volumes/GigiMurin/plip/Gylcerolipids/BD3abk-D-D-TGL1/report.txt	3	3	0	0	0	0	0
/Volumes/GigiMurin/plip/Gylcerolipids/BD3abk-L-L-TGL1/report.txt	8	0	0	0	0	0	0
/Volumes/GigiMurin/plip/Gylcerolipids/BD3abk-N-N-TGL1/report.txt	4	0	1	0	0	0	0
/Volumes/GigiMurin/plip/Gylcerolipids/BD3abk-N-O-TGL1/report.txt	6	0	0	0	0	0	0
/Volumes/GigiMurin/plip/Gylcerolipids/BD3abk-N-Y-TGL1/report.txt	11	0	0	0	0	0	0
/Volumes/GigiMurin/plip/Gylcerolipids/BD3abk-O-N-TGL1/report.txt	2	0	0	0	0	0	0
/Volumes/GigiMurin/plip/Gylcerolipids/BD3abk-O-O-TGL1/report.txt	5	0	1	0	0	0	0
/Volumes/GigiMurin/plip/Gylcerolipids/BD3abk-Q-N-TGL1/report.txt	3	2	0	0	0	0	0
/Volumes/GigiMurin/plip/Gylcerolipids/BD3abk-Y-Y-TGL1/report.txt	10	0	0	0	0	0	0
/Volumes/GigiMurin/plip/Gylcerolipids/BD3abl-A-A-TGL1/report.txt	8	0	0	0	0	0	0
/Volumes/GigiMurin/plip/Gylcerolipids/BD3abl-A-D-TGL1/report.txt	8	0	1	0	0	0	0
/Volumes/GigiMurin/plip/Gylcerolipids/BD3abl-A-L-TGL1/report.txt	8	0	0	0	0	0	0
/Volumes/GigiMurin/plip/Gylcerolipids/BD3abl-B-A-TGL1/report.txt	5	0	1	0	0	0	0
/Volumes/GigiMurin/plip/Gylcerolipids/BD3abl-B-D-TGL1/report.txt	3	0	0	0	0	0	0
/Volumes/GigiMurin/plip/Gylcerolipids/BD3abl-D-D-TGL1/report.txt	2	2	0	0	0	0	0
/Volumes/GigiMurin/plip/Gylcerolipids/BD3abl-L-L-TGL1/report.txt	10	0	0	0	0	0	0
/Volumes/GigiMurin/plip/Gylcerolipids/BD3abl-N-N-TGL1/report.txt	6	0	0	0	0	0	0
/Volumes/GigiMurin/plip/Gylcerolipids/BD3abl-N-N-TGL2/report.txt	14	0	0	0	0	0	0
/Volumes/GigiMurin/plip/Gylcerolipids/BD3abl-N-Q-TGL1/report.txt	9	0	1	0	0	0	0
/Volumes/GigiMurin/plip/Gylcerolipids/BD3abl-O-N-TGL1/report.txt	4	0	0	0	0	0	0
/Volumes/GigiMurin/plip/Gylcerolipids/BD3abl-O-Q-TGL1/report.txt	4	0	0	0	0	0	0
/Volumes/GigiMurin/plip/Gylcerolipids/BD3abl-Q-Q-TGL1/report.txt	2	2	0	0	0	0	0
/Volumes/GigiMurin/plip/Gylcerolipids/BD3abm-A-A-TGL1/report.txt	7	0	0	0	0	0	0
/Volumes/GigiMurin/plip/Gylcerolipids/BD3abm-A-D-TGL1/report.txt	6	0	1	0	0	0	0
/Volumes/GigiMurin/plip/Gylcerolipids/BD3abm-A-L-TGL1/report.txt	14	0	0	0	0	0	0
/Volumes/GigiMurin/plip/Gylcerolipids/BD3abm-B-A-TGL1/report.txt	5	0	1	0	0	0	0
/Volumes/GigiMurin/plip/Gylcerolipids/BD3abm-B-D-TGL1/report.txt	4	0	0	0	0	0	0
/Volumes/GigiMurin/plip/Gylcerolipids/BD3abm-D-D-TGL1/report.txt	2	3	0	0	0	0	0
/Volumes/GigiMurin/plip/Gylcerolipids/BD3abm-L-L-TGL1/report.txt	9	0	0	0	0	0	0
/Volumes/GigiMurin/plip/Gylcerolipids/BD3abm-N-O-TGL1/report.txt	7	0	0	0	0	0	0
/Volumes/GigiMurin/plip/Gylcerolipids/BD3abm-N-O-TGL2/report.txt	7	0	1	0	0	0	0
/Volumes/GigiMurin/plip/Gylcerolipids/BD3abm-N-Y-TGL1/report.txt	16	0	0	0	0	0	0
/Volumes/GigiMurin/plip/Gylcerolipids/BD3abm-O-O-TGL1/report.txt	5	0	1	0	0	0	0
/Volumes/GigiMurin/plip/Gylcerolipids/BD3abm-O-O-TGL2/report.txt	4	0	0	0	0	0	0
/Volumes/GigiMurin/plip/Gylcerolipids/BD3abm-Q-O-TGL2/report.txt	3	2	0	0	0	0	0
/Volumes/GigiMurin/plip/Gylcerolipids/BD3abm-Y-Y-TGL1/report.txt	9	0	0	0	0	0	0
/Volumes/GigiMurin/plip/Gylcerolipids/BD3ag1-A-A-TGL1/report.txt	3	0	1	0	0	0	0
/Volumes/GigiMurin/plip/Gylcerolipids/BD3ag1-A-B-TGL1/report.txt	5	0	0	0	0	0	0
/Volumes/GigiMurin/plip/Gylcerolipids/BD3ag1-A-L-TGL1/report.txt	11	0	0	0	0	0	0
/Volumes/GigiMurin/plip/Gylcerolipids/BD3ag1-B-A-TGL1/report.txt	1	0	0	0	0	0	0
/Volumes/GigiMurin/plip/Gylcerolipids/BD3ag1-B-B-TGL1/report.txt	1	0	1	0	0	0	0
/Volumes/GigiMurin/plip/Gylcerolipids/BD3ag1-D-A-TGL1/report.txt	1	0	0	0	0	0	0
/Volumes/GigiMurin/plip/Gylcerolipids/BD3ag1-L-L-TGL1/report.txt	8	0	0	0	0	0	0
/Volumes/GigiMurin/plip/Gylcerolipids/BD3ag1-N-N-TGL1/report.txt	6	0	0	0	0	0	0
/Volumes/GigiMurin/plip/Gylcerolipids/BD3ag1-N-N-TGL2/report.txt	10	0	0	0	0	0	0
/Volumes/GigiMurin/plip/Gylcerolipids/BD3ag1-N-N-TGL3/report.txt	3	0	1	0	0	0	0
/Volumes/GigiMurin/plip/Gylcerolipids/BD3ag1-O-N-TGL1/report.txt	3	0	1	0	0	0	0
/Volumes/GigiMurin/plip/Gylcerolipids/BD3ag1-O-N-TGL3/report.txt	2	0	0	0	0	0	0
/Volumes/GigiMurin/plip/Gylcerolipids/BD3ag1-Q-N-TGL3/report.txt	2	1	0	0	0	0	0
/Volumes/GigiMurin/plip/Gylcerolipids/BD3ag2-A-A-TGL1/report.txt	11	0	0	0	0	0	0
/Volumes/GigiMurin/plip/Gylcerolipids/BD3ag2-A-B-TGL1/report.txt	8	0	0	0	0	0	0
/Volumes/GigiMurin/plip/Gylcerolipids/BD3ag2-A-D-TGL1/report.txt	6	0	1	0	0	0	0
/Volumes/GigiMurin/plip/Gylcerolipids/BD3ag2-B-B-TGL1/report.txt	1	0	1	0	0	0	0
/Volumes/GigiMurin/plip/Gylcerolipids/BD3ag2-B-D-TGL1/report.txt	3	0	0	0	0	0	0
/Volumes/GigiMurin/plip/Gylcerolipids/BD3ag2-D-D-TGL1/report.txt	3	3	0	0	0	0	0
/Volumes/GigiMurin/plip/Gylcerolipids/BD3ag2-L-A-TGL1/report.txt	7	0	0	0	0	0	0
/Volumes/GigiMurin/plip/Gylcerolipids/BD3ag2-N-N-TGL1/report.txt	5	0	1	0	0	0	0
/Volumes/GigiMurin/plip/Gylcerolipids/BD3ag2-N-O-TGL1/report.txt	8	0	0	0	0	0	0
/Volumes/GigiMurin/plip/Gylcerolipids/BD3ag2-N-Y-TGL1/report.txt	13	0	0	0	0	0	0
/Volumes/GigiMurin/plip/Gylcerolipids/BD3ag2-O-N-TGL1/report.txt	2	0	0	0	0	0	0
/Volumes/GigiMurin/plip/Gylcerolipids/BD3ag2-O-O-TGL1/report.txt	4	0	1	0	0	0	0
/Volumes/GigiMurin/plip/Gylcerolipids/BD3ag2-Q-N-TGL1/report.txt	1	2	0	0	0	0	0
/Volumes/GigiMurin/plip/Gylcerolipids/BD3ag2-Y-Y-TGL1/report.txt	7	0	0	0	0	0	0
/Volumes/GigiMurin/plip/Gylcerolipids/BD3ag3-A-A-TGL1/report.txt	9	0	0	0	0	0	0
/Volumes/GigiMurin/plip/Gylcerolipids/BD3ag3-A-D-TGL1/report.txt	9	0	1	0	0	0	0
/Volumes/GigiMurin/plip/Gylcerolipids/BD3ag3-A-L-TGL1/report.txt	10	0	0	0	0	0	0
/Volumes/GigiMurin/plip/Gylcerolipids/BD3ag3-B-A-TGL1/report.txt	5	0	1	0	0	0	0
/Volumes/GigiMurin/plip/Gylcerolipids/BD3ag3-B-D-TGL1/report.txt	2	0	0	0	0	0	0
/Volumes/GigiMurin/plip/Gylcerolipids/BD3ag3-D-D-TGL1/report.txt	2	2	0	0	0	0	0
/Volumes/GigiMurin/plip/Gylcerolipids/BD3ag3-L-L-TGL1/report.txt	8	0	0	0	0	0	0
/Volumes/GigiMurin/plip/Gylcerolipids/BD3ag3-N-N-TGL1/report.txt	12	0	0	0	0	0	0
/Volumes/GigiMurin/plip/Gylcerolipids/BD3ag3-N-O-TGL1/report.txt	7	0	0	0	0	0	0
/Volumes/GigiMurin/plip/Gylcerolipids/BD3ag3-N-Q-TGL1/report.txt	7	0	1	0	0	0	0
/Volumes/GigiMurin/plip/Gylcerolipids/BD3ag3-O-O-TGL1/report.txt	4	0	1	0	0	0	0
/Volumes/GigiMurin/plip/Gylcerolipids/BD3ag3-O-Q-TGL1/report.txt	3	0	0	0	0	0	0
/Volumes/GigiMurin/plip/Gylcerolipids/BD3ag3-Q-Q-TGL1/report.txt	1	1	0	0	0	0	0
/Volumes/GigiMurin/plip/Gylcerolipids/BD3ag4-A-A-TGL1/report.txt	7	0	0	0	0	0	0
/Volumes/GigiMurin/plip/Gylcerolipids/BD3ag4-A-D-TGL1/report.txt	8	0	1	0	0	0	0
/Volumes/GigiMurin/plip/Gylcerolipids/BD3ag4-A-L-TGL1/report.txt	12	0	0	0	0	0	0
/Volumes/GigiMurin/plip/Gylcerolipids/BD3ag4-B-A-TGL1/report.txt	2	0	1	0	0	0	0
/Volumes/GigiMurin/plip/Gylcerolipids/BD3ag4-B-D-TGL1/report.txt	1	0	0	0	0	0	0
/Volumes/GigiMurin/plip/Gylcerolipids/BD3ag4-D-D-TGL1/report.txt	4	2	0	0	0	0	0
/Volumes/GigiMurin/plip/Gylcerolipids/BD3ag4-L-L-TGL1/report.txt	10	0	0	0	0	0	0
/Volumes/GigiMurin/plip/Gylcerolipids/BD3ag4-N-N-TGL1/report.txt	11	0	0	0	0	0	0
/Volumes/GigiMurin/plip/Gylcerolipids/BD3ag4-N-N-TGL2/report.txt	14	0	0	0	0	0	0
/Volumes/GigiMurin/plip/Gylcerolipids/BD3ag4-N-Q-TGL1/report.txt	6	0	1	0	0	0	0
/Volumes/GigiMurin/plip/Gylcerolipids/BD3ag4-O-N-TGL1/report.txt	6	0	1	0	0	0	0
/Volumes/GigiMurin/plip/Gylcerolipids/BD3ag4-O-Q-TGL1/report.txt	2	0	0	0	0	0	0
/Volumes/GigiMurin/plip/Gylcerolipids/BD3ag4-Q-Q-TGL1/report.txt	2	2	0	0	0	0	0
/Volumes/GigiMurin/plip/Gylcerolipids/BD3asn-A-A-TGL1/report.txt	7	0	0	0	0	0	0
/Volumes/GigiMurin/plip/Gylcerolipids/BD3asn-A-D-TGL1/report.txt	7	0	1	0	0	0	0
/Volumes/GigiMurin/plip/Gylcerolipids/BD3asn-A-L-TGL1/report.txt	15	0	0	0	0	0	0
/Volumes/GigiMurin/plip/Gylcerolipids/BD3asn-B-A-TGL1/report.txt	4	0	1	0	0	0	0
/Volumes/GigiMurin/plip/Gylcerolipids/BD3asn-B-D-TGL1/report.txt	2	0	0	0	0	0	0
/Volumes/GigiMurin/plip/Gylcerolipids/BD3asn-D-D-TGL1/report.txt	3	1	0	0	0	0	0
/Volumes/GigiMurin/plip/Gylcerolipids/BD3asn-L-L-TGL1/report.txt	7	0	0	0	0	0	0
/Volumes/GigiMurin/plip/Gylcerolipids/BD3asn-N-N-TGL1/report.txt	8	0	0	0	0	0	0
/Volumes/GigiMurin/plip/Gylcerolipids/BD3asn-N-N-TGL2/report.txt	11	0	0	0	0	0	0
/Volumes/GigiMurin/plip/Gylcerolipids/BD3asn-N-N-TGL3/report.txt	5	0	1	0	0	0	0
/Volumes/GigiMurin/plip/Gylcerolipids/BD3asn-O-N-TGL1/report.txt	5	0	1	0	0	0	0
/Volumes/GigiMurin/plip/Gylcerolipids/BD3asn-O-N-TGL3/report.txt	3	0	0	0	0	0	0
/Volumes/GigiMurin/plip/Gylcerolipids/BD3asn-Q-N-TGL3/report.txt	1	1	0	0	0	0	0
/Volumes/GigiMurin/plip/Gylcerolipids/BD3aso-A-A-TGL1/report.txt	9	0	0	0	0	0	0
/Volumes/GigiMurin/plip/Gylcerolipids/BD3aso-A-D-TGL1/report.txt	8	0	1	0	0	0	0
/Volumes/GigiMurin/plip/Gylcerolipids/BD3aso-A-L-TGL1/report.txt	14	0	0	0	0	0	0
/Volumes/GigiMurin/plip/Gylcerolipids/BD3aso-B-A-TGL1/report.txt	6	0	1	0	0	0	0
/Volumes/GigiMurin/plip/Gylcerolipids/BD3aso-B-D-TGL1/report.txt	3	0	0	0	0	0	0
/Volumes/GigiMurin/plip/Gylcerolipids/BD3aso-D-D-TGL1/report.txt	3	1	0	0	0	0	0
/Volumes/GigiMurin/plip/Gylcerolipids/BD3aso-L-L-TGL1/report.txt	11	0	0	0	0	0	0
/Volumes/GigiMurin/plip/Gylcerolipids/BD3aso-N-N-TGL1/report.txt	7	0	0	0	0	0	0
/Volumes/GigiMurin/plip/Gylcerolipids/BD3aso-N-N-TGL2/report.txt	13	0	0	0	0	0	0
/Volumes/GigiMurin/plip/Gylcerolipids/BD3aso-N-Q-TGL1/report.txt	6	0	1	0	0	0	0
/Volumes/GigiMurin/plip/Gylcerolipids/BD3aso-O-N-TGL1/report.txt	4	0	1	0	0	0	0
/Volumes/GigiMurin/plip/Gylcerolipids/BD3aso-O-Q-TGL1/report.txt	4	0	0	0	0	0	0
/Volumes/GigiMurin/plip/Gylcerolipids/BD3aso-Q-Q-TGL1/report.txt	2	1	0	0	0	0	0
/Volumes/GigiMurin/plip/Gylcerolipids/BD3d4s-A-A-OLC1/report.txt	4	0	0	0	0	0	0
/Volumes/GigiMurin/plip/Gylcerolipids/BD3d4s-A-A-OLC2/report.txt	3	2	0	0	0	0	0
/Volumes/GigiMurin/plip/Gylcerolipids/BD3d4s-A-A-OLC3/report.txt	4	0	0	0	0	0	0
/Volumes/GigiMurin/plip/Gylcerolipids/BD3ga5-A-A-RGG1/report.txt	0	12	2	0	0	0	0
/Volumes/GigiMurin/plip/Gylcerolipids/BD3gb7-C-C-DGA1/report.txt	1	0	0	0	0	0	0
/Volumes/GigiMurin/plip/Gylcerolipids/BD3i5v-D-D-DGA1/report.txt	1	0	0	0	0	0	0
/Volumes/GigiMurin/plip/Gylcerolipids/BD3iga-C-C-DGA1/report.txt	2	0	1	0	0	0	0
/Volumes/GigiMurin/plip/Gylcerolipids/BD3jcu-a-a-SQD1/report.txt	8	1	0	0	0	0	0
/Volumes/GigiMurin/plip/Gylcerolipids/BD3jcu-a-a-SQD2/report.txt	3	5	0	0	0	0	0
/Volumes/GigiMurin/plip/Gylcerolipids/BD3jcu-b-A-SQD2/report.txt	1	3	0	0	0	0	0
/Volumes/GigiMurin/plip/Gylcerolipids/BD3jcu-b-b-SQD1/report.txt	2	1	1	0	0	0	0
/Volumes/GigiMurin/plip/Gylcerolipids/BD3jcu-c-a-SQD1/report.txt	2	2	0	0	0	0	0
/Volumes/GigiMurin/plip/Gylcerolipids/BD3jcu-h-A-SQD2/report.txt	0	0	1	0	0	0	0
/Volumes/GigiMurin/plip/Gylcerolipids/BD3jcu-l-B-SQD1/report.txt	4	2	2	0	0	0	0
/Volumes/GigiMurin/plip/Gylcerolipids/BD3kq0-A-A-JIM1/report.txt	1	1	0	0	0	0	0
/Volumes/GigiMurin/plip/Gylcerolipids/BD3kzi-A-C-SQD1/report.txt	1	1	0	0	0	0	0
/Volumes/GigiMurin/plip/Gylcerolipids/BD3kzi-B-D-SQD1/report.txt	0	2	3	0	0	0	0
/Volumes/GigiMurin/plip/Gylcerolipids/BD3kzi-C-C-SQD1/report.txt	0	1	0	0	0	0	0
/Volumes/GigiMurin/plip/Gylcerolipids/BD3kzi-D-C-SQD1/report.txt	0	1	1	0	0	0	0
/Volumes/GigiMurin/plip/Gylcerolipids/BD3kzi-D-D-SQD1/report.txt	4	0	2	0	0	0	0
/Volumes/GigiMurin/plip/Gylcerolipids/BD3kzi-D-F-SQD1/report.txt	1	0	2	0	0	0	0
/Volumes/GigiMurin/plip/Gylcerolipids/BD3kzi-F-F-SQD1/report.txt	2	1	0	0	0	0	0
/Volumes/GigiMurin/plip/Gylcerolipids/BD3kzi-K-C-SQD1/report.txt	1	0	0	0	0	0	0
/Volumes/GigiMurin/plip/Gylcerolipids/BD3kzi-L-L-SQD1/report.txt	1	2	0	0	0	0	0
/Volumes/GigiMurin/plip/Gylcerolipids/BD3kzi-X-D-SQD1/report.txt	1	0	0	0	0	0	0
/Volumes/GigiMurin/plip/Gylcerolipids/BD3mdl-A-A-1AG1/report.txt	17	1	1	0	0	0	0
/Volumes/GigiMurin/plip/Gylcerolipids/BD3mdl-B-B-1AG1/report.txt	14	0	1	0	0	0	0
/Volumes/GigiMurin/plip/Gylcerolipids/BD3ny8-A-A-OLC1/report.txt	0	0	0	0	0	0	0
/Volumes/GigiMurin/plip/Gylcerolipids/BD3ny8-A-A-OLC2/report.txt	4	3	0	0	0	0	0
/Volumes/GigiMurin/plip/Gylcerolipids/BD3ny9-A-A-OLC1/report.txt	4	1	0	0	0	0	0
/Volumes/GigiMurin/plip/Gylcerolipids/BD3odu-A-A-OLC1/report.txt	0	0	0	0	0	0	0
/Volumes/GigiMurin/plip/Gylcerolipids/BD3odu-A-A-OLC2/report.txt	8	1	0	0	0	0	0
/Volumes/GigiMurin/plip/Gylcerolipids/BD3odu-A-A-OLC3/report.txt	4	2	0	0	0	0	0
/Volumes/GigiMurin/plip/Gylcerolipids/BD3odu-B-A-OLC2/report.txt	1	0	0	0	0	0	0
/Volumes/GigiMurin/plip/Gylcerolipids/BD3odu-B-B-OLC1/report.txt	3	0	0	0	0	0	0
/Volumes/GigiMurin/plip/Gylcerolipids/BD3odu-B-B-OLC2/report.txt	0	0	0	0	0	0	0
/Volumes/GigiMurin/plip/Gylcerolipids/BD3oe6-A-A-OLC1/report.txt	4	0	0	0	0	0	0
/Volumes/GigiMurin/plip/Gylcerolipids/BD3oe6-A-A-OLC2/report.txt	2	0	0	0	0	0	0
/Volumes/GigiMurin/plip/Gylcerolipids/BD3oe6-A-A-OLC3/report.txt	1	1	0	0	0	0	0
/Volumes/GigiMurin/plip/Gylcerolipids/BD3olu-A-A-1AG1/report.txt	18	2	0	0	0	0	0
/Volumes/GigiMurin/plip/Gylcerolipids/BD3olu-B-B-1AG1/report.txt	15	0	1	0	0	0	0
/Volumes/GigiMurin/plip/Gylcerolipids/BD3poq-A-A-OLC10/report.txt	0	0	0	0	0	0	0
/Volumes/GigiMurin/plip/Gylcerolipids/BD3poq-A-A-OLC11/report.txt	3	0	0	0	0	0	0
/Volumes/GigiMurin/plip/Gylcerolipids/BD3poq-A-A-OLC12/report.txt	2	0	0	0	0	0	0
/Volumes/GigiMurin/plip/Gylcerolipids/BD3poq-A-A-OLC13/report.txt	1	0	0	0	0	0	0
/Volumes/GigiMurin/plip/Gylcerolipids/BD3poq-A-A-OLC14/report.txt	4	0	0	0	0	0	0
/Volumes/GigiMurin/plip/Gylcerolipids/BD3poq-A-A-OLC15/report.txt	5	0	0	0	0	0	0
/Volumes/GigiMurin/plip/Gylcerolipids/BD3poq-A-A-OLC16/report.txt	0	0	0	0	0	0	0
/Volumes/GigiMurin/plip/Gylcerolipids/BD3poq-A-A-OLC17/report.txt	0	0	0	0	0	0	0
/Volumes/GigiMurin/plip/Gylcerolipids/BD3poq-A-A-OLC18/report.txt	0	0	0	0	0	0	0
/Volumes/GigiMurin/plip/Gylcerolipids/BD3poq-A-A-OLC19/report.txt	1	0	0	0	0	0	0
/Volumes/GigiMurin/plip/Gylcerolipids/BD3poq-A-A-OLC1/report.txt	4	0	0	0	0	0	0
/Volumes/GigiMurin/plip/Gylcerolipids/BD3poq-A-A-OLC20/report.txt	6	0	0	0	0	0	0
/Volumes/GigiMurin/plip/Gylcerolipids/BD3poq-A-A-OLC21/report.txt	1	0	0	0	0	0	0
/Volumes/GigiMurin/plip/Gylcerolipids/BD3poq-A-A-OLC22/report.txt	2	0	0	0	0	0	0
/Volumes/GigiMurin/plip/Gylcerolipids/BD3poq-A-A-OLC23/report.txt	1	0	0	0	0	0	0
/Volumes/GigiMurin/plip/Gylcerolipids/BD3poq-A-A-OLC2/report.txt	4	0	0	0	0	0	0
/Volumes/GigiMurin/plip/Gylcerolipids/BD3poq-A-A-OLC3/report.txt	1	0	0	0	0	0	0
/Volumes/GigiMurin/plip/Gylcerolipids/BD3poq-A-A-OLC4/report.txt	3	0	0	0	0	0	0
/Volumes/GigiMurin/plip/Gylcerolipids/BD3poq-A-A-OLC5/report.txt	6	0	0	0	0	0	0
/Volumes/GigiMurin/plip/Gylcerolipids/BD3poq-A-A-OLC6/report.txt	4	0	0	0	0	0	0
/Volumes/GigiMurin/plip/Gylcerolipids/BD3poq-A-A-OLC7/report.txt	5	0	0	0	0	0	0
/Volumes/GigiMurin/plip/Gylcerolipids/BD3poq-A-A-OLC8/report.txt	1	0	0	0	0	0	0
/Volumes/GigiMurin/plip/Gylcerolipids/BD3poq-A-A-OLC9/report.txt	1	0	0	0	0	0	0
/Volumes/GigiMurin/plip/Gylcerolipids/BD3pou-A-A-OLC1/report.txt	4	2	1	0	0	0	0
/Volumes/GigiMurin/plip/Gylcerolipids/BD3pou-A-A-OLC2/report.txt	3	1	0	0	0	0	0
/Volumes/GigiMurin/plip/Gylcerolipids/BD3pou-A-A-OLC3/report.txt	5	0	0	0	0	0	0
/Volumes/GigiMurin/plip/Gylcerolipids/BD3pou-A-A-OLC4/report.txt	3	0	0	0	0	0	0
/Volumes/GigiMurin/plip/Gylcerolipids/BD3pox-A-A-OLC10/report.txt	3	0	0	0	0	0	0
/Volumes/GigiMurin/plip/Gylcerolipids/BD3pox-A-A-OLC11/report.txt	1	0	0	0	0	0	0
/Volumes/GigiMurin/plip/Gylcerolipids/BD3pox-A-A-OLC12/report.txt	1	0	0	0	0	0	0
/Volumes/GigiMurin/plip/Gylcerolipids/BD3pox-A-A-OLC13/report.txt	5	0	0	0	0	0	0
/Volumes/GigiMurin/plip/Gylcerolipids/BD3pox-A-A-OLC14/report.txt	2	0	0	0	0	0	0
/Volumes/GigiMurin/plip/Gylcerolipids/BD3pox-A-A-OLC15/report.txt	1	0	0	0	0	0	0
/Volumes/GigiMurin/plip/Gylcerolipids/BD3pox-A-A-OLC16/report.txt	3	2	0	0	0	0	0
/Volumes/GigiMurin/plip/Gylcerolipids/BD3pox-A-A-OLC17/report.txt	3	0	0	0	0	0	0
/Volumes/GigiMurin/plip/Gylcerolipids/BD3pox-A-A-OLC18/report.txt	2	1	0	0	0	0	0
/Volumes/GigiMurin/plip/Gylcerolipids/BD3pox-A-A-OLC19/report.txt	5	0	1	0	0	0	0
/Volumes/GigiMurin/plip/Gylcerolipids/BD3pox-A-A-OLC1/report.txt	1	0	0	0	0	0	0
/Volumes/GigiMurin/plip/Gylcerolipids/BD3pox-A-A-OLC20/report.txt	3	0	0	0	0	0	0
/Volumes/GigiMurin/plip/Gylcerolipids/BD3pox-A-A-OLC21/report.txt	6	0	0	0	0	0	0
/Volumes/GigiMurin/plip/Gylcerolipids/BD3pox-A-A-OLC22/report.txt	1	0	0	0	0	0	0
/Volumes/GigiMurin/plip/Gylcerolipids/BD3pox-A-A-OLC23/report.txt	2	0	0	0	0	0	0
/Volumes/GigiMurin/plip/Gylcerolipids/BD3pox-A-A-OLC24/report.txt	0	0	0	0	0	0	0
/Volumes/GigiMurin/plip/Gylcerolipids/BD3pox-A-A-OLC25/report.txt	2	0	0	0	0	0	0
/Volumes/GigiMurin/plip/Gylcerolipids/BD3pox-A-A-OLC2/report.txt	3	0	0	0	0	0	0
/Volumes/GigiMurin/plip/Gylcerolipids/BD3pox-A-A-OLC3/report.txt	3	0	0	0	0	0	0
/Volumes/GigiMurin/plip/Gylcerolipids/BD3pox-A-A-OLC4/report.txt	0	0	0	0	0	0	0
/Volumes/GigiMurin/plip/Gylcerolipids/BD3pox-A-A-OLC5/report.txt	0	0	0	0	0	0	0
/Volumes/GigiMurin/plip/Gylcerolipids/BD3pox-A-A-OLC6/report.txt	3	0	0	0	0	0	0
/Volumes/GigiMurin/plip/Gylcerolipids/BD3pox-A-A-OLC7/report.txt	2	0	0	0	0	0	0
/Volumes/GigiMurin/plip/Gylcerolipids/BD3pox-A-A-OLC8/report.txt	3	0	0	0	0	0	0
/Volumes/GigiMurin/plip/Gylcerolipids/BD3pox-A-A-OLC9/report.txt	6	1	0	0	0	0	0
/Volumes/GigiMurin/plip/Gylcerolipids/BD3pox-B-B-OLC10/report.txt	6	0	0	0	0	0	0
/Volumes/GigiMurin/plip/Gylcerolipids/BD3pox-B-B-OLC11/report.txt	3	3	0	0	0	0	0
/Volumes/GigiMurin/plip/Gylcerolipids/BD3pox-B-B-OLC12/report.txt	1	0	0	0	0	0	0
/Volumes/GigiMurin/plip/Gylcerolipids/BD3pox-B-B-OLC13/report.txt	1	0	0	0	0	0	0
/Volumes/GigiMurin/plip/Gylcerolipids/BD3pox-B-B-OLC14/report.txt	0	0	0	0	0	0	0
/Volumes/GigiMurin/plip/Gylcerolipids/BD3pox-B-B-OLC1/report.txt	1	0	0	0	0	0	0
/Volumes/GigiMurin/plip/Gylcerolipids/BD3pox-B-B-OLC2/report.txt	1	0	0	0	0	0	0
/Volumes/GigiMurin/plip/Gylcerolipids/BD3pox-B-B-OLC3/report.txt	0	0	0	0	0	0	0
/Volumes/GigiMurin/plip/Gylcerolipids/BD3pox-B-B-OLC4/report.txt	1	0	0	0	0	0	0
/Volumes/GigiMurin/plip/Gylcerolipids/BD3pox-B-B-OLC5/report.txt	4	0	0	0	0	0	0
/Volumes/GigiMurin/plip/Gylcerolipids/BD3pox-B-B-OLC6/report.txt	1	0	0	0	0	0	0
/Volumes/GigiMurin/plip/Gylcerolipids/BD3pox-B-B-OLC7/report.txt	5	0	0	0	0	0	0
/Volumes/GigiMurin/plip/Gylcerolipids/BD3pox-B-B-OLC8/report.txt	3	0	0	0	0	0	0
/Volumes/GigiMurin/plip/Gylcerolipids/BD3pox-B-B-OLC9/report.txt	0	0	0	0	0	0	0
/Volumes/GigiMurin/plip/Gylcerolipids/BD3pox-C-C-OLC10/report.txt	6	0	0	0	0	0	0
/Volumes/GigiMurin/plip/Gylcerolipids/BD3pox-C-C-OLC11/report.txt	2	0	0	0	0	0	0
/Volumes/GigiMurin/plip/Gylcerolipids/BD3pox-C-C-OLC12/report.txt	4	0	0	0	0	0	0
/Volumes/GigiMurin/plip/Gylcerolipids/BD3pox-C-C-OLC13/report.txt	3	0	0	0	0	0	0
/Volumes/GigiMurin/plip/Gylcerolipids/BD3pox-C-C-OLC14/report.txt	0	0	0	0	0	0	0
/Volumes/GigiMurin/plip/Gylcerolipids/BD3pox-C-C-OLC15/report.txt	0	0	0	0	0	0	0
/Volumes/GigiMurin/plip/Gylcerolipids/BD3pox-C-C-OLC16/report.txt	1	0	0	0	0	0	0
/Volumes/GigiMurin/plip/Gylcerolipids/BD3pox-C-C-OLC17/report.txt	4	0	0	0	0	0	0
/Volumes/GigiMurin/plip/Gylcerolipids/BD3pox-C-C-OLC18/report.txt	5	0	0	0	0	0	0
/Volumes/GigiMurin/plip/Gylcerolipids/BD3pox-C-C-OLC19/report.txt	4	1	0	0	0	0	0
/Volumes/GigiMurin/plip/Gylcerolipids/BD3pox-C-C-OLC1/report.txt	2	0	0	0	0	0	0
/Volumes/GigiMurin/plip/Gylcerolipids/BD3pox-C-C-OLC20/report.txt	3	0	0	0	0	0	0
/Volumes/GigiMurin/plip/Gylcerolipids/BD3pox-C-C-OLC21/report.txt	0	0	0	0	0	0	0
/Volumes/GigiMurin/plip/Gylcerolipids/BD3pox-C-C-OLC22/report.txt	1	2	0	0	0	0	0
/Volumes/GigiMurin/plip/Gylcerolipids/BD3pox-C-C-OLC23/report.txt	4	0	0	0	0	0	0
/Volumes/GigiMurin/plip/Gylcerolipids/BD3pox-C-C-OLC24/report.txt	4	0	0	0	0	0	0
/Volumes/GigiMurin/plip/Gylcerolipids/BD3pox-C-C-OLC2/report.txt	0	0	0	0	0	0	0
/Volumes/GigiMurin/plip/Gylcerolipids/BD3pox-C-C-OLC3/report.txt	0	0	0	0	0	0	0
/Volumes/GigiMurin/plip/Gylcerolipids/BD3pox-C-C-OLC4/report.txt	0	0	0	0	0	0	0
/Volumes/GigiMurin/plip/Gylcerolipids/BD3pox-C-C-OLC5/report.txt	3	0	0	0	0	0	0
/Volumes/GigiMurin/plip/Gylcerolipids/BD3pox-C-C-OLC6/report.txt	2	0	0	0	0	0	0
/Volumes/GigiMurin/plip/Gylcerolipids/BD3pox-C-C-OLC7/report.txt	0	0	0	0	0	0	0
/Volumes/GigiMurin/plip/Gylcerolipids/BD3pox-C-C-OLC8/report.txt	1	0	0	0	0	0	0
/Volumes/GigiMurin/plip/Gylcerolipids/BD3pox-C-C-OLC9/report.txt	5	0	0	0	0	0	0
/Volumes/GigiMurin/plip/Gylcerolipids/BD3pox-D-D-OLC1/report.txt	1	0	0	0	0	0	0
/Volumes/GigiMurin/plip/Gylcerolipids/BD3pox-D-D-OLC2/report.txt	4	1	0	0	0	0	0
/Volumes/GigiMurin/plip/Gylcerolipids/BD3pox-D-D-OLC3/report.txt	3	0	0	0	0	0	0
/Volumes/GigiMurin/plip/Gylcerolipids/BD3pox-D-D-OLC4/report.txt	2	0	0	0	0	0	0
/Volumes/GigiMurin/plip/Gylcerolipids/BD3pox-D-D-OLC5/report.txt	1	0	0	0	0	0	0
/Volumes/GigiMurin/plip/Gylcerolipids/BD3pox-D-D-OLC6/report.txt	1	0	0	0	0	0	0
/Volumes/GigiMurin/plip/Gylcerolipids/BD3pox-D-D-OLC7/report.txt	3	0	0	0	0	0	0
/Volumes/GigiMurin/plip/Gylcerolipids/BD3pox-D-D-OLC8/report.txt	4	0	0	0	0	0	0
/Volumes/GigiMurin/plip/Gylcerolipids/BD3pox-D-D-OLC9/report.txt	2	1	0	0	0	0	0
/Volumes/GigiMurin/plip/Gylcerolipids/BD3pox-E-E-OLC1/report.txt	3	1	0	0	0	0	0
/Volumes/GigiMurin/plip/Gylcerolipids/BD3pox-E-E-OLC2/report.txt	2	0	0	0	0	0	0
/Volumes/GigiMurin/plip/Gylcerolipids/BD3pox-E-E-OLC3/report.txt	2	0	0	0	0	0	0
/Volumes/GigiMurin/plip/Gylcerolipids/BD3pox-E-E-OLC4/report.txt	4	0	0	0	0	0	0
/Volumes/GigiMurin/plip/Gylcerolipids/BD3pox-E-E-OLC5/report.txt	4	0	0	0	0	0	0
/Volumes/GigiMurin/plip/Gylcerolipids/BD3pox-E-E-OLC6/report.txt	1	0	0	0	0	0	0
/Volumes/GigiMurin/plip/Gylcerolipids/BD3pox-E-E-OLC7/report.txt	9	0	1	0	0	0	0
/Volumes/GigiMurin/plip/Gylcerolipids/BD3pox-E-E-OLC8/report.txt	2	0	0	0	0	0	0
/Volumes/GigiMurin/plip/Gylcerolipids/BD3pox-F-F-OLC1/report.txt	2	0	0	0	0	0	0
/Volumes/GigiMurin/plip/Gylcerolipids/BD3pox-F-F-OLC2/report.txt	5	0	0	0	0	0	0
/Volumes/GigiMurin/plip/Gylcerolipids/BD3pox-F-F-OLC3/report.txt	5	0	0	0	0	0	0
/Volumes/GigiMurin/plip/Gylcerolipids/BD3pox-F-F-OLC4/report.txt	3	0	0	0	0	0	0
/Volumes/GigiMurin/plip/Gylcerolipids/BD3pox-F-F-OLC5/report.txt	4	0	0	0	0	0	0
/Volumes/GigiMurin/plip/Gylcerolipids/BD3pox-F-F-OLC6/report.txt	1	0	0	0	0	0	0
/Volumes/GigiMurin/plip/Gylcerolipids/BD3pox-F-F-OLC7/report.txt	4	0	0	0	0	0	0
/Volumes/GigiMurin/plip/Gylcerolipids/BD3pox-F-F-OLC8/report.txt	5	0	0	0	0	0	0
/Volumes/GigiMurin/plip/Gylcerolipids/BD3qak-A-A-OLC1/report.txt	1	1	0	0	0	0	0
/Volumes/GigiMurin/plip/Gylcerolipids/BD3qak-A-A-OLC2/report.txt	2	1	0	0	0	0	0
/Volumes/GigiMurin/plip/Gylcerolipids/BD3qap-A-A-L2P1/report.txt	12	1	0	0	0	0	0
/Volumes/GigiMurin/plip/Gylcerolipids/BD3qap-A-A-L2P2/report.txt	4	0	0	0	0	0	0
/Volumes/GigiMurin/plip/Gylcerolipids/BD3qdc-A-A-L2P1/report.txt	6	1	0	0	0	0	0
/Volumes/GigiMurin/plip/Gylcerolipids/BD3qdc-A-A-L2P2/report.txt	3	0	0	0	0	0	0
/Volumes/GigiMurin/plip/Gylcerolipids/BD3rze-A-A-OLC1/report.txt	1	1	0	0	0	0	0
/Volumes/GigiMurin/plip/Gylcerolipids/BD3s8f-A-A-OLC10/report.txt	1	0	0	0	0	0	0
/Volumes/GigiMurin/plip/Gylcerolipids/BD3s8f-A-A-OLC11/report.txt	10	1	0	0	0	0	0
/Volumes/GigiMurin/plip/Gylcerolipids/BD3s8f-A-A-OLC1/report.txt	5	0	0	0	0	0	0
/Volumes/GigiMurin/plip/Gylcerolipids/BD3s8f-A-A-OLC2/report.txt	4	0	0	0	0	0	0
/Volumes/GigiMurin/plip/Gylcerolipids/BD3s8f-A-A-OLC3/report.txt	3	0	0	0	0	0	0
/Volumes/GigiMurin/plip/Gylcerolipids/BD3s8f-A-A-OLC4/report.txt	2	2	0	0	0	0	0
/Volumes/GigiMurin/plip/Gylcerolipids/BD3s8f-A-A-OLC5/report.txt	1	0	0	0	0	0	0
/Volumes/GigiMurin/plip/Gylcerolipids/BD3s8f-A-A-OLC6/report.txt	0	3	0	0	0	0	0
/Volumes/GigiMurin/plip/Gylcerolipids/BD3s8f-A-A-OLC7/report.txt	1	2	1	0	0	0	0
/Volumes/GigiMurin/plip/Gylcerolipids/BD3s8f-A-A-OLC8/report.txt	2	0	0	0	0	0	0
/Volumes/GigiMurin/plip/Gylcerolipids/BD3s8f-A-A-OLC9/report.txt	2	0	0	0	0	0	0
/Volumes/GigiMurin/plip/Gylcerolipids/BD3s8f-B-B-OLC1/report.txt	4	0	0	0	0	0	0
/Volumes/GigiMurin/plip/Gylcerolipids/BD3s8f-B-B-OLC2/report.txt	0	1	1	0	0	0	0
/Volumes/GigiMurin/plip/Gylcerolipids/BD3s8f-B-B-OLC3/report.txt	3	1	0	0	0	0	0
/Volumes/GigiMurin/plip/Gylcerolipids/BD3s8f-B-B-OLC4/report.txt	1	0	0	0	0	0	0
/Volumes/GigiMurin/plip/Gylcerolipids/BD3s8f-C-C-OLC1/report.txt	4	0	0	0	0	0	0
/Volumes/GigiMurin/plip/Gylcerolipids/BD3s8g-A-A-OLC10/report.txt	2	0	0	0	0	0	0
/Volumes/GigiMurin/plip/Gylcerolipids/BD3s8g-A-A-OLC11/report.txt	3	0	0	0	0	0	0
/Volumes/GigiMurin/plip/Gylcerolipids/BD3s8g-A-A-OLC12/report.txt	5	0	0	0	0	0	0
/Volumes/GigiMurin/plip/Gylcerolipids/BD3s8g-A-A-OLC13/report.txt	4	1	1	0	0	0	0
/Volumes/GigiMurin/plip/Gylcerolipids/BD3s8g-A-A-OLC14/report.txt	6	1	0	0	0	0	0
/Volumes/GigiMurin/plip/Gylcerolipids/BD3s8g-A-A-OLC15/report.txt	1	0	0	0	0	0	0
/Volumes/GigiMurin/plip/Gylcerolipids/BD3s8g-A-A-OLC1/report.txt	5	0	0	0	0	0	0
/Volumes/GigiMurin/plip/Gylcerolipids/BD3s8g-A-A-OLC2/report.txt	1	0	0	0	0	0	0
/Volumes/GigiMurin/plip/Gylcerolipids/BD3s8g-A-A-OLC3/report.txt	2	0	0	0	0	0	0
/Volumes/GigiMurin/plip/Gylcerolipids/BD3s8g-A-A-OLC4/report.txt	3	0	0	0	0	0	0
/Volumes/GigiMurin/plip/Gylcerolipids/BD3s8g-A-A-OLC5/report.txt	1	0	0	0	0	0	0
/Volumes/GigiMurin/plip/Gylcerolipids/BD3s8g-A-A-OLC6/report.txt	4	2	0	0	0	0	0
/Volumes/GigiMurin/plip/Gylcerolipids/BD3s8g-A-A-OLC7/report.txt	3	0	0	0	0	0	0
/Volumes/GigiMurin/plip/Gylcerolipids/BD3s8g-A-A-OLC8/report.txt	0	3	0	0	0	0	0
/Volumes/GigiMurin/plip/Gylcerolipids/BD3s8g-A-A-OLC9/report.txt	2	2	1	0	0	0	0
/Volumes/GigiMurin/plip/Gylcerolipids/BD3s8g-B-B-OLC1/report.txt	4	0	0	0	0	0	0
/Volumes/GigiMurin/plip/Gylcerolipids/BD3s8g-B-B-OLC2/report.txt	0	1	1	0	0	0	0
/Volumes/GigiMurin/plip/Gylcerolipids/BD3s8g-B-B-OLC3/report.txt	2	2	0	0	0	0	0
/Volumes/GigiMurin/plip/Gylcerolipids/BD3s8g-B-B-OLC4/report.txt	1	0	0	0	0	0	0
/Volumes/GigiMurin/plip/Gylcerolipids/BD3s8g-C-C-OLC1/report.txt	0	0	0	0	0	0	0
/Volumes/GigiMurin/plip/Gylcerolipids/BD3t6d-C-C-DGA1/report.txt	0	0	0	0	0	0	0
/Volumes/GigiMurin/plip/Gylcerolipids/BD3t6d-L-C-DGA1/report.txt	4	0	0	0	0	0	0
/Volumes/GigiMurin/plip/Gylcerolipids/BD3t6e-C-C-DGA1/report.txt	1	0	0	0	0	0	0
/Volumes/GigiMurin/plip/Gylcerolipids/BD3t6e-C-H-DGA1/report.txt	0	0	1	0	0	0	0
/Volumes/GigiMurin/plip/Gylcerolipids/BD3t6e-H-H-DGA1/report.txt	1	1	1	0	0	0	0
/Volumes/GigiMurin/plip/Gylcerolipids/BD3t6e-L-C-DGA1/report.txt	3	0	0	0	0	0	0
/Volumes/GigiMurin/plip/Gylcerolipids/BD3t6e-L-L-DGA1/report.txt	4	3	0	0	0	0	0
/Volumes/GigiMurin/plip/Gylcerolipids/BD3t6e-M-C-DGA1/report.txt	2	0	0	0	0	0	0
/Volumes/GigiMurin/plip/Gylcerolipids/BD3t6e-M-H-DGA1/report.txt	3	0	0	0	0	0	0
/Volumes/GigiMurin/plip/Gylcerolipids/BD3t6e-M-M-DGA1/report.txt	6	2	1	0	0	0	0
/Volumes/GigiMurin/plip/Gylcerolipids/BD3v5u-A-A-OLC1/report.txt	5	1	0	0	0	0	0
/Volumes/GigiMurin/plip/Gylcerolipids/BD3v5u-A-A-OLC2/report.txt	7	0	0	0	0	0	0
/Volumes/GigiMurin/plip/Gylcerolipids/BD3v5u-A-A-OLC3/report.txt	3	1	0	0	0	0	0
/Volumes/GigiMurin/plip/Gylcerolipids/BD3v5u-A-A-OLC4/report.txt	2	2	0	0	0	0	0
/Volumes/GigiMurin/plip/Gylcerolipids/BD3v5u-A-A-OLC5/report.txt	6	2	0	0	0	0	0
/Volumes/GigiMurin/plip/Gylcerolipids/BD3vhz-A-A-L2P1/report.txt	4	0	0	0	0	0	0
/Volumes/GigiMurin/plip/Gylcerolipids/BD3vi0-A-A-L2P1/report.txt	4	0	0	0	0	0	0
/Volumes/GigiMurin/plip/Gylcerolipids/BD3vvn-A-A-OLC10/report.txt	2	0	0	0	0	0	0
/Volumes/GigiMurin/plip/Gylcerolipids/BD3vvn-A-A-OLC11/report.txt	1	0	0	0	0	0	0
/Volumes/GigiMurin/plip/Gylcerolipids/BD3vvn-A-A-OLC12/report.txt	2	0	0	0	0	0	0
/Volumes/GigiMurin/plip/Gylcerolipids/BD3vvn-A-A-OLC1/report.txt	1	1	0	0	0	0	0
/Volumes/GigiMurin/plip/Gylcerolipids/BD3vvn-A-A-OLC2/report.txt	5	0	0	0	0	0	0
/Volumes/GigiMurin/plip/Gylcerolipids/BD3vvn-A-A-OLC3/report.txt	2	0	0	0	0	0	0
/Volumes/GigiMurin/plip/Gylcerolipids/BD3vvn-A-A-OLC4/report.txt	2	0	0	0	0	0	0
/Volumes/GigiMurin/plip/Gylcerolipids/BD3vvn-A-A-OLC5/report.txt	7	0	0	0	0	0	0
/Volumes/GigiMurin/plip/Gylcerolipids/BD3vvn-A-A-OLC6/report.txt	3	0	0	0	0	0	0
/Volumes/GigiMurin/plip/Gylcerolipids/BD3vvn-A-A-OLC7/report.txt	5	0	0	0	0	0	0
/Volumes/GigiMurin/plip/Gylcerolipids/BD3vvn-A-A-OLC8/report.txt	2	0	0	0	0	0	0
/Volumes/GigiMurin/plip/Gylcerolipids/BD3vvn-A-A-OLC9/report.txt	3	0	0	0	0	0	0
/Volumes/GigiMurin/plip/Gylcerolipids/BD3vvo-A-A-OLC10/report.txt	2	0	0	0	0	0	0
/Volumes/GigiMurin/plip/Gylcerolipids/BD3vvo-A-A-OLC1/report.txt	3	0	0	0	0	0	0
/Volumes/GigiMurin/plip/Gylcerolipids/BD3vvo-A-A-OLC2/report.txt	4	0	0	0	0	0	0
/Volumes/GigiMurin/plip/Gylcerolipids/BD3vvo-A-A-OLC3/report.txt	8	0	0	0	0	0	0
/Volumes/GigiMurin/plip/Gylcerolipids/BD3vvo-A-A-OLC4/report.txt	4	0	0	0	0	0	0
/Volumes/GigiMurin/plip/Gylcerolipids/BD3vvo-A-A-OLC5/report.txt	8	0	0	0	0	0	0
/Volumes/GigiMurin/plip/Gylcerolipids/BD3vvo-A-A-OLC6/report.txt	5	0	0	0	0	0	0
/Volumes/GigiMurin/plip/Gylcerolipids/BD3vvo-A-A-OLC7/report.txt	6	0	0	0	0	0	0
/Volumes/GigiMurin/plip/Gylcerolipids/BD3vvo-A-A-OLC8/report.txt	1	0	0	0	0	0	0
/Volumes/GigiMurin/plip/Gylcerolipids/BD3vvo-A-A-OLC9/report.txt	5	0	0	0	0	0	0
/Volumes/GigiMurin/plip/Gylcerolipids/BD3vvr-A-A-OLC1/report.txt	1	0	0	0	0	0	0
/Volumes/GigiMurin/plip/Gylcerolipids/BD3vvr-A-A-OLC2/report.txt	1	0	0	0	0	0	0
/Volumes/GigiMurin/plip/Gylcerolipids/BD3vvr-A-A-OLC3/report.txt	6	0	0	0	0	0	0
/Volumes/GigiMurin/plip/Gylcerolipids/BD3vvs-A-A-OLC10/report.txt	4	0	0	0	0	0	0
/Volumes/GigiMurin/plip/Gylcerolipids/BD3vvs-A-A-OLC11/report.txt	2	0	0	0	0	0	0
/Volumes/GigiMurin/plip/Gylcerolipids/BD3vvs-A-A-OLC12/report.txt	3	0	0	0	0	0	0
/Volumes/GigiMurin/plip/Gylcerolipids/BD3vvs-A-A-OLC1/report.txt	3	0	0	0	0	0	0
/Volumes/GigiMurin/plip/Gylcerolipids/BD3vvs-A-A-OLC2/report.txt	3	0	0	0	0	0	0
/Volumes/GigiMurin/plip/Gylcerolipids/BD3vvs-A-A-OLC3/report.txt	6	2	0	0	0	0	0
/Volumes/GigiMurin/plip/Gylcerolipids/BD3vvs-A-A-OLC4/report.txt	4	0	0	0	0	0	0
/Volumes/GigiMurin/plip/Gylcerolipids/BD3vvs-A-A-OLC5/report.txt	4	0	0	0	0	0	0
/Volumes/GigiMurin/plip/Gylcerolipids/BD3vvs-A-A-OLC6/report.txt	3	0	0	0	0	0	0
/Volumes/GigiMurin/plip/Gylcerolipids/BD3vvs-A-A-OLC7/report.txt	2	0	0	0	0	0	0
/Volumes/GigiMurin/plip/Gylcerolipids/BD3vvs-A-A-OLC8/report.txt	2	0	0	0	0	0	0
/Volumes/GigiMurin/plip/Gylcerolipids/BD3vvs-A-A-OLC9/report.txt	4	1	0	0	0	0	0
/Volumes/GigiMurin/plip/Gylcerolipids/BD3vw7-A-A-OLC1/report.txt	2	3	0	0	0	0	0
/Volumes/GigiMurin/plip/Gylcerolipids/BD3vw7-A-A-OLC2/report.txt	5	0	0	0	0	0	0
/Volumes/GigiMurin/plip/Gylcerolipids/BD3vw7-A-A-OLC3/report.txt	4	1	0	0	0	0	0
/Volumes/GigiMurin/plip/Gylcerolipids/BD3vw7-A-A-OLC4/report.txt	2	2	0	0	0	0	0
/Volumes/GigiMurin/plip/Gylcerolipids/BD3vw7-A-A-OLC5/report.txt	2	1	0	0	0	0	0
/Volumes/GigiMurin/plip/Gylcerolipids/BD3vw7-A-A-OLC6/report.txt	3	2	0	0	0	0	0
/Volumes/GigiMurin/plip/Gylcerolipids/BD3vw7-A-A-OLC7/report.txt	3	0	1	0	0	0	0
/Volumes/GigiMurin/plip/Gylcerolipids/BD3vw7-A-A-OLC8/report.txt	5	2	0	0	0	0	0
/Volumes/GigiMurin/plip/Gylcerolipids/BD3vw7-A-A-OLC9/report.txt	4	1	0	0	0	0	0
/Volumes/GigiMurin/plip/Gylcerolipids/BD3w4t-A-A-OLC1/report.txt	4	0	0	0	0	0	0
/Volumes/GigiMurin/plip/Gylcerolipids/BD3w4t-A-A-OLC2/report.txt	1	1	0	0	0	0	0
/Volumes/GigiMurin/plip/Gylcerolipids/BD3w4t-A-A-OLC3/report.txt	3	0	0	0	0	0	0
/Volumes/GigiMurin/plip/Gylcerolipids/BD3w4t-A-A-OLC4/report.txt	6	0	0	0	0	0	0
/Volumes/GigiMurin/plip/Gylcerolipids/BD3w4t-A-A-OLC5/report.txt	4	0	0	0	0	0	0
/Volumes/GigiMurin/plip/Gylcerolipids/BD3w4t-A-A-OLC6/report.txt	6	0	0	0	0	0	0
/Volumes/GigiMurin/plip/Gylcerolipids/BD3w4t-A-A-OLC7/report.txt	7	0	0	0	0	0	0
/Volumes/GigiMurin/plip/Gylcerolipids/BD3w4t-A-A-OLC8/report.txt	7	0	0	0	0	0	0
/Volumes/GigiMurin/plip/Gylcerolipids/BD3w4t-A-A-OLC9/report.txt	1	0	0	0	0	0	0
/Volumes/GigiMurin/plip/Gylcerolipids/BD3wbn-A-A-OLC1/report.txt	7	0	0	0	0	0	0
/Volumes/GigiMurin/plip/Gylcerolipids/BD3wbn-A-A-OLC2/report.txt	2	0	0	0	0	0	0
/Volumes/GigiMurin/plip/Gylcerolipids/BD3wbn-A-A-OLC3/report.txt	4	0	0	0	0	0	0
/Volumes/GigiMurin/plip/Gylcerolipids/BD3wbn-A-A-OLC4/report.txt	5	0	0	0	0	0	0
/Volumes/GigiMurin/plip/Gylcerolipids/BD3wbn-A-A-OLC5/report.txt	7	0	0	0	0	0	0
/Volumes/GigiMurin/plip/Gylcerolipids/BD3wg7-A-B-TGL1/report.txt	8	0	0	0	0	0	0
/Volumes/GigiMurin/plip/Gylcerolipids/BD3wg7-A-D-TGL1/report.txt	5	0	1	0	0	0	0
/Volumes/GigiMurin/plip/Gylcerolipids/BD3wg7-A-L-TGL1/report.txt	14	0	0	0	0	0	0
/Volumes/GigiMurin/plip/Gylcerolipids/BD3wg7-B-B-TGL1/report.txt	4	0	1	0	0	0	0
/Volumes/GigiMurin/plip/Gylcerolipids/BD3wg7-B-D-TGL1/report.txt	1	0	0	0	0	0	0
/Volumes/GigiMurin/plip/Gylcerolipids/BD3wg7-D-D-TGL1/report.txt	2	2	0	0	0	0	0
/Volumes/GigiMurin/plip/Gylcerolipids/BD3wg7-L-L-TGL1/report.txt	8	0	0	0	0	0	0
/Volumes/GigiMurin/plip/Gylcerolipids/BD3wg7-N-N-TGL1/report.txt	12	0	0	0	0	0	0
/Volumes/GigiMurin/plip/Gylcerolipids/BD3wg7-N-Q-TGL1/report.txt	9	0	1	0	0	0	0
/Volumes/GigiMurin/plip/Gylcerolipids/BD3wg7-N-Y-TGL1/report.txt	8	0	0	0	0	0	0
/Volumes/GigiMurin/plip/Gylcerolipids/BD3wg7-Q-Q-TGL1/report.txt	3	2	0	0	0	0	0
/Volumes/GigiMurin/plip/Gylcerolipids/BD3wg7-Y-Y-TGL1/report.txt	9	0	0	0	0	0	0
/Volumes/GigiMurin/plip/Gylcerolipids/BD3wo6-A-A-OLC1/report.txt	3	0	0	0	0	0	0
/Volumes/GigiMurin/plip/Gylcerolipids/BD3wo6-A-A-OLC2/report.txt	0	0	0	0	0	0	0
/Volumes/GigiMurin/plip/Gylcerolipids/BD3wo6-A-A-OLC3/report.txt	1	0	0	0	0	0	0
/Volumes/GigiMurin/plip/Gylcerolipids/BD3wo6-A-A-OLC4/report.txt	4	1	1	0	0	0	0
/Volumes/GigiMurin/plip/Gylcerolipids/BD3wo6-A-A-OLC5/report.txt	2	0	0	0	0	0	0
/Volumes/GigiMurin/plip/Gylcerolipids/BD3wqj-A-A-L2P1/report.txt	6	0	0	0	0	0	0
/Volumes/GigiMurin/plip/Gylcerolipids/BD3wu2-a-a-SQD1/report.txt	6	1	0	0	0	0	0
/Volumes/GigiMurin/plip/Gylcerolipids/BD3wu2-a-a-SQD2/report.txt	6	3	0	0	0	0	0
/Volumes/GigiMurin/plip/Gylcerolipids/BD3wu2-B-a-SQD1/report.txt	0	1	0	0	0	0	0
/Volumes/GigiMurin/plip/Gylcerolipids/BD3wu2-b-A-SQD2/report.txt	1	2	0	0	0	0	0
/Volumes/GigiMurin/plip/Gylcerolipids/BD3wu2-B-B-SQD1/report.txt	2	0	1	0	0	0	0
/Volumes/GigiMurin/plip/Gylcerolipids/BD3wu2-b-L-SQD1/report.txt	2	0	1	0	0	0	0
/Volumes/GigiMurin/plip/Gylcerolipids/BD3wu2-C-A-SQD1/report.txt	1	2	0	0	0	0	0
/Volumes/GigiMurin/plip/Gylcerolipids/BD3wu2-c-a-SQD2/report.txt	2	1	0	0	0	0	0
/Volumes/GigiMurin/plip/Gylcerolipids/BD3wu2-D-A-SQD1/report.txt	0	0	1	0	0	0	0
/Volumes/GigiMurin/plip/Gylcerolipids/BD3wu2-d-a-SQD2/report.txt	0	0	1	0	0	0	0
/Volumes/GigiMurin/plip/Gylcerolipids/BD3wu2-D-D-SQD1/report.txt	0	1	1	0	0	0	0
/Volumes/GigiMurin/plip/Gylcerolipids/BD3wu2-d-f-SQD1/report.txt	1	1	1	0	0	0	0
/Volumes/GigiMurin/plip/Gylcerolipids/BD3wu2-E-D-SQD1/report.txt	0	1	0	0	0	0	0
/Volumes/GigiMurin/plip/Gylcerolipids/BD3wu2-f-f-SQD1/report.txt	1	2	0	0	0	0	0
/Volumes/GigiMurin/plip/Gylcerolipids/BD3wu2-K-A-SQD1/report.txt	2	0	0	0	0	0	0
/Volumes/GigiMurin/plip/Gylcerolipids/BD3wu2-k-a-SQD2/report.txt	1	0	0	0	0	0	0
/Volumes/GigiMurin/plip/Gylcerolipids/BD3wu2-l-B-SQD1/report.txt	0	0	1	0	0	0	0
/Volumes/GigiMurin/plip/Gylcerolipids/BD3wu2-L-L-SQD1/report.txt	1	2	1	0	0	0	0
/Volumes/GigiMurin/plip/Gylcerolipids/BD3wu2-t-B-SQD1/report.txt	2	0	0	0	0	0	0
/Volumes/GigiMurin/plip/Gylcerolipids/BD3wu2-T-L-SQD1/report.txt	1	0	0	0	0	0	0
/Volumes/GigiMurin/plip/Gylcerolipids/BD3wu2-X-D-SQD1/report.txt	3	1	0	0	0	0	0
/Volumes/GigiMurin/plip/Gylcerolipids/BD3wu2-x-f-SQD1/report.txt	4	0	0	0	0	0	0
/Volumes/GigiMurin/plip/Gylcerolipids/BD3x2q-A-A-TGL1/report.txt	7	0	0	0	0	0	0
/Volumes/GigiMurin/plip/Gylcerolipids/BD3x2q-A-D-TGL1/report.txt	8	0	1	0	0	0	0
/Volumes/GigiMurin/plip/Gylcerolipids/BD3x2q-A-L-TGL1/report.txt	10	0	0	0	0	0	0
/Volumes/GigiMurin/plip/Gylcerolipids/BD3x2q-B-A-TGL1/report.txt	4	0	1	0	0	0	0
/Volumes/GigiMurin/plip/Gylcerolipids/BD3x2q-B-D-TGL1/report.txt	4	0	0	0	0	0	0
/Volumes/GigiMurin/plip/Gylcerolipids/BD3x2q-D-D-TGL1/report.txt	2	1	0	0	0	0	0
/Volumes/GigiMurin/plip/Gylcerolipids/BD3x2q-L-L-TGL1/report.txt	6	0	0	0	0	0	0
/Volumes/GigiMurin/plip/Gylcerolipids/BD3x2q-N-N-TGL1/report.txt	6	0	0	0	0	0	0
/Volumes/GigiMurin/plip/Gylcerolipids/BD3x2q-N-N-TGL2/report.txt	16	0	0	0	0	0	0
/Volumes/GigiMurin/plip/Gylcerolipids/BD3x2q-N-Q-TGL1/report.txt	6	0	1	0	0	0	0
/Volumes/GigiMurin/plip/Gylcerolipids/BD3x2q-O-N-TGL1/report.txt	5	0	1	0	0	0	0
/Volumes/GigiMurin/plip/Gylcerolipids/BD3x2q-O-Q-TGL1/report.txt	3	0	0	0	0	0	0
/Volumes/GigiMurin/plip/Gylcerolipids/BD3x2q-Q-Q-TGL1/report.txt	2	1	0	0	0	0	0
/Volumes/GigiMurin/plip/Gylcerolipids/BD4bvn-A-A-OLC1/report.txt	2	1	0	0	0	0	0
/Volumes/GigiMurin/plip/Gylcerolipids/BD4bvn-A-A-OLC2/report.txt	3	2	1	0	0	0	0
/Volumes/GigiMurin/plip/Gylcerolipids/BD4bvn-A-A-OLC3/report.txt	7	0	0	0	0	0	0
/Volumes/GigiMurin/plip/Gylcerolipids/BD4bvn-A-A-OLC4/report.txt	5	0	0	0	0	0	0
/Volumes/GigiMurin/plip/Gylcerolipids/BD4bvn-A-A-OLC5/report.txt	4	0	0	0	0	0	0
/Volumes/GigiMurin/plip/Gylcerolipids/BD4bvn-A-A-OLC6/report.txt	1	1	0	0	0	0	0
/Volumes/GigiMurin/plip/Gylcerolipids/BD4bvn-A-A-OLC7/report.txt	6	3	1	0	0	0	0
/Volumes/GigiMurin/plip/Gylcerolipids/BD4cas-A-A-DGA1/report.txt	0	0	0	0	0	0	0
/Volumes/GigiMurin/plip/Gylcerolipids/BD4cas-B-A-DGA1/report.txt	2	0	0	0	0	0	0
/Volumes/GigiMurin/plip/Gylcerolipids/BD4cas-C-A-DGA1/report.txt	1	0	0	0	0	0	0
/Volumes/GigiMurin/plip/Gylcerolipids/BD4cjz-C-C-OLC1/report.txt	10	1	0	0	0	0	0
/Volumes/GigiMurin/plip/Gylcerolipids/BD4ck0-B-B-OLC1/report.txt	4	2	0	0	0	0	0
/Volumes/GigiMurin/plip/Gylcerolipids/BD4ck0-B-B-OLC2/report.txt	6	1	0	0	0	0	0
/Volumes/GigiMurin/plip/Gylcerolipids/BD4djh-B-B-OLC1/report.txt	1	2	0	0	0	0	0
/Volumes/GigiMurin/plip/Gylcerolipids/BD4djh-B-B-OLC2/report.txt	3	3	0	0	0	0	0
/Volumes/GigiMurin/plip/Gylcerolipids/BD4e1s-A-A-OLC10/report.txt	5	0	0	0	0	0	0
/Volumes/GigiMurin/plip/Gylcerolipids/BD4e1s-A-A-OLC1/report.txt	5	2	0	0	0	0	0
/Volumes/GigiMurin/plip/Gylcerolipids/BD4e1s-A-A-OLC2/report.txt	3	0	0	0	0	0	0
/Volumes/GigiMurin/plip/Gylcerolipids/BD4e1s-A-A-OLC3/report.txt	2	0	0	0	0	0	0
/Volumes/GigiMurin/plip/Gylcerolipids/BD4e1s-A-A-OLC4/report.txt	1	0	0	0	0	0	0
/Volumes/GigiMurin/plip/Gylcerolipids/BD4e1s-A-A-OLC5/report.txt	5	1	1	0	0	0	0
/Volumes/GigiMurin/plip/Gylcerolipids/BD4e1s-A-A-OLC6/report.txt	2	0	0	0	0	0	0
/Volumes/GigiMurin/plip/Gylcerolipids/BD4e1s-A-A-OLC7/report.txt	5	0	0	0	0	0	0
/Volumes/GigiMurin/plip/Gylcerolipids/BD4e1s-A-A-OLC8/report.txt	1	0	0	0	0	0	0
/Volumes/GigiMurin/plip/Gylcerolipids/BD4e1s-A-A-OLC9/report.txt	0	2	0	0	0	0	0
/Volumes/GigiMurin/plip/Gylcerolipids/BD4e1t-A-A-OLC10/report.txt	2	0	2	0	0	0	0
/Volumes/GigiMurin/plip/Gylcerolipids/BD4e1t-A-A-OLC11/report.txt	3	0	0	0	0	0	0
/Volumes/GigiMurin/plip/Gylcerolipids/BD4e1t-A-A-OLC12/report.txt	0	3	0	0	0	0	0
/Volumes/GigiMurin/plip/Gylcerolipids/BD4e1t-A-A-OLC1/report.txt	2	1	2	0	0	0	0
/Volumes/GigiMurin/plip/Gylcerolipids/BD4e1t-A-A-OLC2/report.txt	3	1	0	0	0	0	0
/Volumes/GigiMurin/plip/Gylcerolipids/BD4e1t-A-A-OLC3/report.txt	3	1	0	0	0	0	0
/Volumes/GigiMurin/plip/Gylcerolipids/BD4e1t-A-A-OLC4/report.txt	1	0	0	0	0	0	0
/Volumes/GigiMurin/plip/Gylcerolipids/BD4e1t-A-A-OLC5/report.txt	3	1	0	0	0	0	0
/Volumes/GigiMurin/plip/Gylcerolipids/BD4e1t-A-A-OLC6/report.txt	6	0	0	0	0	0	0
/Volumes/GigiMurin/plip/Gylcerolipids/BD4e1t-A-A-OLC7/report.txt	8	2	0	0	0	0	0
/Volumes/GigiMurin/plip/Gylcerolipids/BD4e1t-A-A-OLC8/report.txt	5	0	0	0	0	0	0
/Volumes/GigiMurin/plip/Gylcerolipids/BD4e1t-A-A-OLC9/report.txt	3	4	0	0	0	0	0
/Volumes/GigiMurin/plip/Gylcerolipids/BD4e6a-A-A-0O91/report.txt	5	3	0	0	0	0	0
/Volumes/GigiMurin/plip/Gylcerolipids/BD4ea3-B-B-OLC1/report.txt	0	1	0	0	0	0	0
/Volumes/GigiMurin/plip/Gylcerolipids/BD4ec7-A-A-L441/report.txt	7	0	1	0	0	0	0
/Volumes/GigiMurin/plip/Gylcerolipids/BD4eiy-A-A-OLC1/report.txt	0	1	0	0	0	0	0
/Volumes/GigiMurin/plip/Gylcerolipids/BD4eiy-A-A-OLC2/report.txt	0	0	0	0	0	0	0
/Volumes/GigiMurin/plip/Gylcerolipids/BD4eiy-A-A-OLC3/report.txt	5	0	0	0	0	0	0
/Volumes/GigiMurin/plip/Gylcerolipids/BD4eiy-A-A-OLC4/report.txt	1	1	0	0	0	0	0
/Volumes/GigiMurin/plip/Gylcerolipids/BD4eiy-A-A-OLC5/report.txt	1	0	0	0	0	0	0
/Volumes/GigiMurin/plip/Gylcerolipids/BD4eiy-A-A-OLC6/report.txt	5	1	0	0	0	0	0
/Volumes/GigiMurin/plip/Gylcerolipids/BD4fa7-A-A-OLC10/report.txt	3	0	0	0	0	0	0
/Volumes/GigiMurin/plip/Gylcerolipids/BD4fa7-A-A-OLC11/report.txt	1	0	0	0	0	0	0
/Volumes/GigiMurin/plip/Gylcerolipids/BD4fa7-A-A-OLC12/report.txt	8	0	0	0	0	0	0
/Volumes/GigiMurin/plip/Gylcerolipids/BD4fa7-A-A-OLC1/report.txt	5	0	0	0	0	0	0
/Volumes/GigiMurin/plip/Gylcerolipids/BD4fa7-A-A-OLC2/report.txt	3	0	0	0	0	0	0
/Volumes/GigiMurin/plip/Gylcerolipids/BD4fa7-A-A-OLC3/report.txt	3	0	0	0	0	0	0
/Volumes/GigiMurin/plip/Gylcerolipids/BD4fa7-A-A-OLC4/report.txt	3	0	0	0	0	0	0
/Volumes/GigiMurin/plip/Gylcerolipids/BD4fa7-A-A-OLC5/report.txt	5	2	0	0	0	0	0
/Volumes/GigiMurin/plip/Gylcerolipids/BD4fa7-A-A-OLC6/report.txt	2	0	0	0	0	0	0
/Volumes/GigiMurin/plip/Gylcerolipids/BD4fa7-A-A-OLC7/report.txt	0	2	0	0	0	0	0
/Volumes/GigiMurin/plip/Gylcerolipids/BD4fa7-A-A-OLC8/report.txt	2	2	1	0	0	0	0
/Volumes/GigiMurin/plip/Gylcerolipids/BD4fa7-A-A-OLC9/report.txt	5	0	0	0	0	0	0
/Volumes/GigiMurin/plip/Gylcerolipids/BD4fa7-B-B-OLC1/report.txt	3	0	0	0	0	0	0
/Volumes/GigiMurin/plip/Gylcerolipids/BD4fa7-B-B-OLC2/report.txt	0	1	1	0	0	0	0
/Volumes/GigiMurin/plip/Gylcerolipids/BD4fa7-B-B-OLC3/report.txt	3	0	0	0	0	0	0
/Volumes/GigiMurin/plip/Gylcerolipids/BD4fa7-C-C-OLC1/report.txt	3	0	0	0	0	0	0
/Volumes/GigiMurin/plip/Gylcerolipids/BD4faa-A-A-OLC10/report.txt	2	0	0	0	0	0	0
/Volumes/GigiMurin/plip/Gylcerolipids/BD4faa-A-A-OLC11/report.txt	1	0	0	0	0	0	0
/Volumes/GigiMurin/plip/Gylcerolipids/BD4faa-A-A-OLC12/report.txt	5	0	0	0	0	0	0
/Volumes/GigiMurin/plip/Gylcerolipids/BD4faa-A-A-OLC1/report.txt	4	0	0	0	0	0	0
/Volumes/GigiMurin/plip/Gylcerolipids/BD4faa-A-A-OLC2/report.txt	5	0	0	0	0	0	0
/Volumes/GigiMurin/plip/Gylcerolipids/BD4faa-A-A-OLC3/report.txt	2	0	0	0	0	0	0
/Volumes/GigiMurin/plip/Gylcerolipids/BD4faa-A-A-OLC4/report.txt	3	0	0	0	0	0	0
/Volumes/GigiMurin/plip/Gylcerolipids/BD4faa-A-A-OLC5/report.txt	4	2	0	0	0	0	0
/Volumes/GigiMurin/plip/Gylcerolipids/BD4faa-A-A-OLC6/report.txt	2	0	0	0	0	0	0
/Volumes/GigiMurin/plip/Gylcerolipids/BD4faa-A-A-OLC7/report.txt	0	2	0	0	0	0	0
/Volumes/GigiMurin/plip/Gylcerolipids/BD4faa-A-A-OLC8/report.txt	2	1	1	0	0	0	0
/Volumes/GigiMurin/plip/Gylcerolipids/BD4faa-A-A-OLC9/report.txt	4	0	0	0	0	0	0
/Volumes/GigiMurin/plip/Gylcerolipids/BD4faa-B-B-OLC1/report.txt	2	0	0	0	0	0	0
/Volumes/GigiMurin/plip/Gylcerolipids/BD4faa-B-B-OLC2/report.txt	0	1	1	0	0	0	0
/Volumes/GigiMurin/plip/Gylcerolipids/BD4faa-B-B-OLC3/report.txt	3	0	0	0	0	0	0
/Volumes/GigiMurin/plip/Gylcerolipids/BD4faa-C-C-OLC1/report.txt	1	0	0	0	0	0	0
/Volumes/GigiMurin/plip/Gylcerolipids/BD4fby-A-A-SQD1/report.txt	2	2	0	0	0	0	0
/Volumes/GigiMurin/plip/Gylcerolipids/BD4fby-A-A-SQD2/report.txt	6	1	0	0	0	0	0
/Volumes/GigiMurin/plip/Gylcerolipids/BD4fby-B-B-SQD1/report.txt	1	0	3	0	0	0	0
/Volumes/GigiMurin/plip/Gylcerolipids/BD4fby-B-B-SQD2/report.txt	2	0	1	0	0	0	0
/Volumes/GigiMurin/plip/Gylcerolipids/BD4fby-c-G-SQD2/report.txt	4	0	0	0	0	0	0
/Volumes/GigiMurin/plip/Gylcerolipids/BD4fby-D-A-SQD1/report.txt	0	0	1	0	0	0	0
/Volumes/GigiMurin/plip/Gylcerolipids/BD4fby-D-B-SQD1/report.txt	2	1	2	0	0	0	0
/Volumes/GigiMurin/plip/Gylcerolipids/BD4fby-D-F-SQD1/report.txt	0	1	1	0	0	0	0
/Volumes/GigiMurin/plip/Gylcerolipids/BD4fby-F-F-SQD1/report.txt	2	2	0	0	0	0	0
/Volumes/GigiMurin/plip/Gylcerolipids/BD4fby-G-G-SQD1/report.txt	8	2	0	0	0	0	0
/Volumes/GigiMurin/plip/Gylcerolipids/BD4fby-G-G-SQD2/report.txt	3	2	0	0	0	0	0
/Volumes/GigiMurin/plip/Gylcerolipids/BD4fby-I-A-SQD2/report.txt	1	0	0	0	0	0	0
/Volumes/GigiMurin/plip/Gylcerolipids/BD4fby-K-A-SQD1/report.txt	4	0	0	0	0	0	0
/Volumes/GigiMurin/plip/Gylcerolipids/BD4fby-N-A-SQD2/report.txt	1	2	0	0	0	0	0
/Volumes/GigiMurin/plip/Gylcerolipids/BD4fby-N-N-SQD1/report.txt	2	0	1	0	0	0	0
/Volumes/GigiMurin/plip/Gylcerolipids/BD4fby-N-Q-SQD1/report.txt	1	0	3	0	0	0	0
/Volumes/GigiMurin/plip/Gylcerolipids/BD4fby-P-G-SQD2/report.txt	0	1	0	0	0	0	0
/Volumes/GigiMurin/plip/Gylcerolipids/BD4fby-Q-G-SQD2/report.txt	0	0	1	0	0	0	0
/Volumes/GigiMurin/plip/Gylcerolipids/BD4fby-Q-Q-SQD1/report.txt	2	1	2	0	0	0	0
/Volumes/GigiMurin/plip/Gylcerolipids/BD4fby-Q-S-SQD1/report.txt	0	1	1	0	0	0	0
/Volumes/GigiMurin/plip/Gylcerolipids/BD4fby-S-S-SQD1/report.txt	2	3	0	0	0	0	0
/Volumes/GigiMurin/plip/Gylcerolipids/BD4fby-T-N-SQD1/report.txt	3	0	0	0	0	0	0
/Volumes/GigiMurin/plip/Gylcerolipids/BD4fbz-A-A-L2P1/report.txt	3	0	0	0	0	0	0
/Volumes/GigiMurin/plip/Gylcerolipids/BD4g70-A-A-OLC10/report.txt	0	0	0	0	0	0	0
/Volumes/GigiMurin/plip/Gylcerolipids/BD4g70-A-A-OLC11/report.txt	10	1	0	0	0	0	0
/Volumes/GigiMurin/plip/Gylcerolipids/BD4g70-A-A-OLC1/report.txt	4	0	0	0	0	0	0
/Volumes/GigiMurin/plip/Gylcerolipids/BD4g70-A-A-OLC2/report.txt	5	0	0	0	0	0	0
/Volumes/GigiMurin/plip/Gylcerolipids/BD4g70-A-A-OLC3/report.txt	6	0	0	0	0	0	0
/Volumes/GigiMurin/plip/Gylcerolipids/BD4g70-A-A-OLC4/report.txt	4	2	0	0	0	0	0
/Volumes/GigiMurin/plip/Gylcerolipids/BD4g70-A-A-OLC5/report.txt	2	0	0	0	0	0	0
/Volumes/GigiMurin/plip/Gylcerolipids/BD4g70-A-A-OLC6/report.txt	0	2	0	0	0	0	0
/Volumes/GigiMurin/plip/Gylcerolipids/BD4g70-A-A-OLC7/report.txt	3	2	1	0	0	0	0
/Volumes/GigiMurin/plip/Gylcerolipids/BD4g70-A-A-OLC8/report.txt	3	0	0	0	0	0	0
/Volumes/GigiMurin/plip/Gylcerolipids/BD4g70-A-A-OLC9/report.txt	4	0	0	0	0	0	0
/Volumes/GigiMurin/plip/Gylcerolipids/BD4g70-B-B-OLC1/report.txt	3	0	0	0	0	0	0
/Volumes/GigiMurin/plip/Gylcerolipids/BD4g70-B-B-OLC2/report.txt	0	1	1	0	0	0	0
/Volumes/GigiMurin/plip/Gylcerolipids/BD4g70-B-B-OLC3/report.txt	3	1	0	0	0	0	0
/Volumes/GigiMurin/plip/Gylcerolipids/BD4g70-C-C-OLC1/report.txt	3	0	0	0	0	0	0
/Volumes/GigiMurin/plip/Gylcerolipids/BD4g70-C-C-OLC2/report.txt	3	0	0	0	0	0	0
/Volumes/GigiMurin/plip/Gylcerolipids/BD4g71-A-A-OLC10/report.txt	3	0	0	0	0	0	0
/Volumes/GigiMurin/plip/Gylcerolipids/BD4g71-A-A-OLC11/report.txt	6	1	0	0	0	0	0
/Volumes/GigiMurin/plip/Gylcerolipids/BD4g71-A-A-OLC1/report.txt	4	0	0	0	0	0	0
/Volumes/GigiMurin/plip/Gylcerolipids/BD4g71-A-A-OLC2/report.txt	3	0	0	0	0	0	0
/Volumes/GigiMurin/plip/Gylcerolipids/BD4g71-A-A-OLC3/report.txt	6	0	0	0	0	0	0
/Volumes/GigiMurin/plip/Gylcerolipids/BD4g71-A-A-OLC4/report.txt	3	2	0	0	0	0	0
/Volumes/GigiMurin/plip/Gylcerolipids/BD4g71-A-A-OLC5/report.txt	1	0	0	0	0	0	0
/Volumes/GigiMurin/plip/Gylcerolipids/BD4g71-A-A-OLC6/report.txt	0	1	0	0	0	0	0
/Volumes/GigiMurin/plip/Gylcerolipids/BD4g71-A-A-OLC7/report.txt	5	0	1	0	0	0	0
/Volumes/GigiMurin/plip/Gylcerolipids/BD4g71-A-A-OLC8/report.txt	3	0	0	0	0	0	0
/Volumes/GigiMurin/plip/Gylcerolipids/BD4g71-A-A-OLC9/report.txt	2	0	0	0	0	0	0
/Volumes/GigiMurin/plip/Gylcerolipids/BD4g71-B-B-OLC1/report.txt	3	0	0	0	0	0	0
/Volumes/GigiMurin/plip/Gylcerolipids/BD4g71-B-B-OLC2/report.txt	0	0	1	0	0	0	0
/Volumes/GigiMurin/plip/Gylcerolipids/BD4g71-B-B-OLC3/report.txt	1	0	0	0	0	0	0
/Volumes/GigiMurin/plip/Gylcerolipids/BD4g71-C-C-OLC1/report.txt	3	0	0	0	0	0	0
/Volumes/GigiMurin/plip/Gylcerolipids/BD4g71-C-C-OLC2/report.txt	2	0	0	0	0	0	0
/Volumes/GigiMurin/plip/Gylcerolipids/BD4g72-A-A-OLC10/report.txt	2	0	0	0	0	0	0
/Volumes/GigiMurin/plip/Gylcerolipids/BD4g72-A-A-OLC11/report.txt	0	0	0	0	0	0	0
/Volumes/GigiMurin/plip/Gylcerolipids/BD4g72-A-A-OLC12/report.txt	8	0	0	0	0	0	0
/Volumes/GigiMurin/plip/Gylcerolipids/BD4g72-A-A-OLC1/report.txt	3	0	0	0	0	0	0
/Volumes/GigiMurin/plip/Gylcerolipids/BD4g72-A-A-OLC2/report.txt	2	0	0	0	0	0	0
/Volumes/GigiMurin/plip/Gylcerolipids/BD4g72-A-A-OLC3/report.txt	1	0	0	0	0	0	0
/Volumes/GigiMurin/plip/Gylcerolipids/BD4g72-A-A-OLC4/report.txt	4	0	0	0	0	0	0
/Volumes/GigiMurin/plip/Gylcerolipids/BD4g72-A-A-OLC5/report.txt	2	2	0	0	0	0	0
/Volumes/GigiMurin/plip/Gylcerolipids/BD4g72-A-A-OLC6/report.txt	2	0	0	0	0	0	0
/Volumes/GigiMurin/plip/Gylcerolipids/BD4g72-A-A-OLC7/report.txt	0	2	0	0	0	0	0
/Volumes/GigiMurin/plip/Gylcerolipids/BD4g72-A-A-OLC8/report.txt	1	2	1	0	0	0	0
/Volumes/GigiMurin/plip/Gylcerolipids/BD4g72-A-A-OLC9/report.txt	3	0	0	0	0	0	0
/Volumes/GigiMurin/plip/Gylcerolipids/BD4g72-B-B-OLC1/report.txt	3	0	0	0	0	0	0
/Volumes/GigiMurin/plip/Gylcerolipids/BD4g72-B-B-OLC2/report.txt	2	1	0	0	0	0	0
/Volumes/GigiMurin/plip/Gylcerolipids/BD4g72-C-C-OLC1/report.txt	1	0	0	0	0	0	0
/Volumes/GigiMurin/plip/Gylcerolipids/BD4g72-C-C-OLC2/report.txt	0	0	0	0	0	0	0
/Volumes/GigiMurin/plip/Gylcerolipids/BD4g7q-A-A-OLC10/report.txt	6	1	0	0	0	0	0
/Volumes/GigiMurin/plip/Gylcerolipids/BD4g7q-A-A-OLC1/report.txt	3	0	0	0	0	0	0
/Volumes/GigiMurin/plip/Gylcerolipids/BD4g7q-A-A-OLC2/report.txt	4	0	0	0	0	0	0
/Volumes/GigiMurin/plip/Gylcerolipids/BD4g7q-A-A-OLC3/report.txt	2	2	0	0	0	0	0
/Volumes/GigiMurin/plip/Gylcerolipids/BD4g7q-A-A-OLC4/report.txt	1	0	0	0	0	0	0
/Volumes/GigiMurin/plip/Gylcerolipids/BD4g7q-A-A-OLC5/report.txt	0	2	0	0	0	0	0
/Volumes/GigiMurin/plip/Gylcerolipids/BD4g7q-A-A-OLC6/report.txt	3	2	1	0	0	0	0
/Volumes/GigiMurin/plip/Gylcerolipids/BD4g7q-A-A-OLC7/report.txt	2	0	0	0	0	0	0
/Volumes/GigiMurin/plip/Gylcerolipids/BD4g7q-A-A-OLC8/report.txt	1	0	0	0	0	0	0
/Volumes/GigiMurin/plip/Gylcerolipids/BD4g7q-A-A-OLC9/report.txt	4	0	0	0	0	0	0
/Volumes/GigiMurin/plip/Gylcerolipids/BD4g7q-B-B-OLC1/report.txt	2	0	0	0	0	0	0
/Volumes/GigiMurin/plip/Gylcerolipids/BD4g7q-B-B-OLC2/report.txt	0	1	1	0	0	0	0
/Volumes/GigiMurin/plip/Gylcerolipids/BD4g7q-B-B-OLC3/report.txt	3	1	0	0	0	0	0
/Volumes/GigiMurin/plip/Gylcerolipids/BD4g7q-B-B-OLC4/report.txt	0	0	0	0	0	0	0
/Volumes/GigiMurin/plip/Gylcerolipids/BD4g7q-C-C-OLC1/report.txt	4	0	0	0	0	0	0
/Volumes/GigiMurin/plip/Gylcerolipids/BD4g7q-C-C-OLC2/report.txt	3	0	0	0	0	0	0
/Volumes/GigiMurin/plip/Gylcerolipids/BD4g7r-A-A-OLC10/report.txt	3	0	0	0	0	0	0
/Volumes/GigiMurin/plip/Gylcerolipids/BD4g7r-A-A-OLC11/report.txt	6	0	0	0	0	0	0
/Volumes/GigiMurin/plip/Gylcerolipids/BD4g7r-A-A-OLC1/report.txt	5	0	0	0	0	0	0
/Volumes/GigiMurin/plip/Gylcerolipids/BD4g7r-A-A-OLC2/report.txt	2	0	0	0	0	0	0
/Volumes/GigiMurin/plip/Gylcerolipids/BD4g7r-A-A-OLC3/report.txt	4	0	0	0	0	0	0
/Volumes/GigiMurin/plip/Gylcerolipids/BD4g7r-A-A-OLC4/report.txt	4	0	0	0	0	0	0
/Volumes/GigiMurin/plip/Gylcerolipids/BD4g7r-A-A-OLC5/report.txt	5	2	0	0	0	0	0
/Volumes/GigiMurin/plip/Gylcerolipids/BD4g7r-A-A-OLC6/report.txt	2	0	0	0	0	0	0
/Volumes/GigiMurin/plip/Gylcerolipids/BD4g7r-A-A-OLC7/report.txt	0	4	0	0	0	0	0
/Volumes/GigiMurin/plip/Gylcerolipids/BD4g7r-A-A-OLC8/report.txt	2	0	0	0	0	0	0
/Volumes/GigiMurin/plip/Gylcerolipids/BD4g7r-A-A-OLC9/report.txt	2	0	0	0	0	0	0
/Volumes/GigiMurin/plip/Gylcerolipids/BD4g7r-B-B-OLC1/report.txt	0	1	1	0	0	0	0
/Volumes/GigiMurin/plip/Gylcerolipids/BD4g7r-B-B-OLC2/report.txt	2	0	0	0	0	0	0
/Volumes/GigiMurin/plip/Gylcerolipids/BD4g7r-C-C-OLC1/report.txt	3	0	0	0	0	0	0
/Volumes/GigiMurin/plip/Gylcerolipids/BD4g7r-C-C-OLC2/report.txt	0	1	0	0	0	0	0
/Volumes/GigiMurin/plip/Gylcerolipids/BD4g7s-A-A-OLC1/report.txt	3	0	0	0	0	0	0
/Volumes/GigiMurin/plip/Gylcerolipids/BD4g7s-A-A-OLC2/report.txt	4	0	0	0	0	0	0
/Volumes/GigiMurin/plip/Gylcerolipids/BD4g7s-A-A-OLC3/report.txt	2	0	0	0	0	0	0
/Volumes/GigiMurin/plip/Gylcerolipids/BD4g7s-A-A-OLC4/report.txt	0	0	0	0	0	0	0
/Volumes/GigiMurin/plip/Gylcerolipids/BD4g7s-A-A-OLC5/report.txt	3	1	1	0	0	0	0
/Volumes/GigiMurin/plip/Gylcerolipids/BD4g7s-A-A-OLC6/report.txt	4	0	0	0	0	0	0
/Volumes/GigiMurin/plip/Gylcerolipids/BD4g7s-A-A-OLC7/report.txt	4	0	0	0	0	0	0
/Volumes/GigiMurin/plip/Gylcerolipids/BD4g7s-A-A-OLC8/report.txt	3	0	0	0	0	0	0
/Volumes/GigiMurin/plip/Gylcerolipids/BD4g7s-A-A-OLC9/report.txt	7	1	0	0	0	0	0
/Volumes/GigiMurin/plip/Gylcerolipids/BD4g7s-B-B-OLC1/report.txt	5	0	0	0	0	0	0
/Volumes/GigiMurin/plip/Gylcerolipids/BD4g7s-B-B-OLC2/report.txt	0	2	1	0	0	0	0
/Volumes/GigiMurin/plip/Gylcerolipids/BD4g7s-B-B-OLC3/report.txt	1	2	0	0	0	0	0
/Volumes/GigiMurin/plip/Gylcerolipids/BD4g7s-B-B-OLC4/report.txt	1	0	0	0	0	0	0
/Volumes/GigiMurin/plip/Gylcerolipids/BD4g7s-C-C-OLC1/report.txt	2	0	0	0	0	0	0
/Volumes/GigiMurin/plip/Gylcerolipids/BD4g7s-C-C-OLC2/report.txt	3	0	0	0	0	0	0
/Volumes/GigiMurin/plip/Gylcerolipids/BD4gp4-A-A-OLC10/report.txt	2	0	0	0	0	0	0
/Volumes/GigiMurin/plip/Gylcerolipids/BD4gp4-A-A-OLC11/report.txt	3	0	0	0	0	0	0
/Volumes/GigiMurin/plip/Gylcerolipids/BD4gp4-A-A-OLC12/report.txt	1	0	0	0	0	0	0
/Volumes/GigiMurin/plip/Gylcerolipids/BD4gp4-A-A-OLC13/report.txt	7	0	0	0	0	0	0
/Volumes/GigiMurin/plip/Gylcerolipids/BD4gp4-A-A-OLC1/report.txt	4	0	0	0	0	0	0
/Volumes/GigiMurin/plip/Gylcerolipids/BD4gp4-A-A-OLC2/report.txt	2	0	0	0	0	0	0
/Volumes/GigiMurin/plip/Gylcerolipids/BD4gp4-A-A-OLC3/report.txt	3	0	0	0	0	0	0
/Volumes/GigiMurin/plip/Gylcerolipids/BD4gp4-A-A-OLC4/report.txt	3	0	0	0	0	0	0
/Volumes/GigiMurin/plip/Gylcerolipids/BD4gp4-A-A-OLC5/report.txt	5	0	0	0	0	0	0
/Volumes/GigiMurin/plip/Gylcerolipids/BD4gp4-A-A-OLC6/report.txt	2	2	0	0	0	0	0
/Volumes/GigiMurin/plip/Gylcerolipids/BD4gp4-A-A-OLC7/report.txt	2	0	0	0	0	0	0
/Volumes/GigiMurin/plip/Gylcerolipids/BD4gp4-A-A-OLC8/report.txt	0	2	0	0	0	0	0
/Volumes/GigiMurin/plip/Gylcerolipids/BD4gp4-A-A-OLC9/report.txt	3	2	1	0	0	0	0
/Volumes/GigiMurin/plip/Gylcerolipids/BD4gp4-B-B-OLC1/report.txt	3	1	0	0	0	0	0
/Volumes/GigiMurin/plip/Gylcerolipids/BD4gp4-B-B-OLC2/report.txt	0	1	1	0	0	0	0
/Volumes/GigiMurin/plip/Gylcerolipids/BD4gp4-B-B-OLC3/report.txt	3	2	0	0	0	0	0
/Volumes/GigiMurin/plip/Gylcerolipids/BD4gp5-A-A-OLC10/report.txt	3	1	0	0	0	0	0
/Volumes/GigiMurin/plip/Gylcerolipids/BD4gp5-A-A-OLC1/report.txt	5	0	0	0	0	0	0
/Volumes/GigiMurin/plip/Gylcerolipids/BD4gp5-A-A-OLC2/report.txt	2	1	0	0	0	0	0
/Volumes/GigiMurin/plip/Gylcerolipids/BD4gp5-A-A-OLC3/report.txt	4	2	0	0	0	0	0
/Volumes/GigiMurin/plip/Gylcerolipids/BD4gp5-A-A-OLC4/report.txt	1	0	0	0	0	0	0
/Volumes/GigiMurin/plip/Gylcerolipids/BD4gp5-A-A-OLC5/report.txt	0	2	0	0	0	0	0
/Volumes/GigiMurin/plip/Gylcerolipids/BD4gp5-A-A-OLC6/report.txt	3	1	1	0	0	0	0
/Volumes/GigiMurin/plip/Gylcerolipids/BD4gp5-A-A-OLC7/report.txt	2	0	0	0	0	0	0
/Volumes/GigiMurin/plip/Gylcerolipids/BD4gp5-A-A-OLC8/report.txt	2	0	0	0	0	0	0
/Volumes/GigiMurin/plip/Gylcerolipids/BD4gp5-A-A-OLC9/report.txt	1	0	0	0	0	0	0
/Volumes/GigiMurin/plip/Gylcerolipids/BD4gp5-B-B-OLC1/report.txt	3	2	0	0	0	0	0
/Volumes/GigiMurin/plip/Gylcerolipids/BD4gp5-B-B-OLC2/report.txt	0	2	1	0	0	0	0
/Volumes/GigiMurin/plip/Gylcerolipids/BD4gp5-B-B-OLC3/report.txt	3	1	0	0	0	0	0
/Volumes/GigiMurin/plip/Gylcerolipids/BD4gp5-B-B-OLC4/report.txt	2	0	0	0	0	0	0
/Volumes/GigiMurin/plip/Gylcerolipids/BD4gp5-C-C-OLC1/report.txt	3	0	0	0	0	0	0
/Volumes/GigiMurin/plip/Gylcerolipids/BD4gp5-C-C-OLC2/report.txt	3	0	0	0	0	0	0
/Volumes/GigiMurin/plip/Gylcerolipids/BD4gp8-A-A-OLC10/report.txt	2	0	0	0	0	0	0
/Volumes/GigiMurin/plip/Gylcerolipids/BD4gp8-A-A-OLC11/report.txt	5	1	0	0	0	0	0
/Volumes/GigiMurin/plip/Gylcerolipids/BD4gp8-A-A-OLC12/report.txt	2	0	0	0	0	0	0
/Volumes/GigiMurin/plip/Gylcerolipids/BD4gp8-A-A-OLC13/report.txt	5	0	0	0	0	0	0
/Volumes/GigiMurin/plip/Gylcerolipids/BD4gp8-A-A-OLC1/report.txt	2	0	0	0	0	0	0
/Volumes/GigiMurin/plip/Gylcerolipids/BD4gp8-A-A-OLC2/report.txt	1	0	0	0	0	0	0
/Volumes/GigiMurin/plip/Gylcerolipids/BD4gp8-A-A-OLC3/report.txt	4	0	0	0	0	0	0
/Volumes/GigiMurin/plip/Gylcerolipids/BD4gp8-A-A-OLC4/report.txt	3	0	0	0	0	0	0
/Volumes/GigiMurin/plip/Gylcerolipids/BD4gp8-A-A-OLC5/report.txt	4	0	0	0	0	0	0
/Volumes/GigiMurin/plip/Gylcerolipids/BD4gp8-A-A-OLC6/report.txt	3	2	0	0	0	0	0
/Volumes/GigiMurin/plip/Gylcerolipids/BD4gp8-A-A-OLC7/report.txt	1	0	0	0	0	0	0
/Volumes/GigiMurin/plip/Gylcerolipids/BD4gp8-A-A-OLC8/report.txt	0	1	0	0	0	0	0
/Volumes/GigiMurin/plip/Gylcerolipids/BD4gp8-A-A-OLC9/report.txt	2	1	1	0	0	0	0
/Volumes/GigiMurin/plip/Gylcerolipids/BD4gp8-B-B-OLC1/report.txt	0	0	1	0	0	0	0
/Volumes/GigiMurin/plip/Gylcerolipids/BD4gp8-B-B-OLC2/report.txt	3	0	0	0	0	0	0
/Volumes/GigiMurin/plip/Gylcerolipids/BD4gp8-C-C-OLC1/report.txt	0	0	0	0	0	0	0
/Volumes/GigiMurin/plip/Gylcerolipids/BD4h0l-D-D-SQD1/report.txt	2	2	1	0	0	0	0
/Volumes/GigiMurin/plip/Gylcerolipids/BD4h13-C-D-SQD1/report.txt	0	0	1	0	0	0	0
/Volumes/GigiMurin/plip/Gylcerolipids/BD4h13-D-D-SQD1/report.txt	0	1	1	0	0	0	0
/Volumes/GigiMurin/plip/Gylcerolipids/BD4h33-A-A-OLC1/report.txt	1	1	1	0	0	0	0
/Volumes/GigiMurin/plip/Gylcerolipids/BD4h33-A-A-OLC2/report.txt	1	0	0	0	0	0	0
/Volumes/GigiMurin/plip/Gylcerolipids/BD4h33-A-A-OLC3/report.txt	0	0	0	0	0	0	0
/Volumes/GigiMurin/plip/Gylcerolipids/BD4h33-A-A-OLC4/report.txt	1	0	0	0	0	0	0
/Volumes/GigiMurin/plip/Gylcerolipids/BD4h44-C-D-SQD1/report.txt	0	0	1	0	0	0	0
/Volumes/GigiMurin/plip/Gylcerolipids/BD4h44-D-D-SQD1/report.txt	0	1	1	0	0	0	0
/Volumes/GigiMurin/plip/Gylcerolipids/BD4hx2-A-A-1AX1/report.txt	0	2	0	0	0	0	0
/Volumes/GigiMurin/plip/Gylcerolipids/BD4i7z-B-D-1E21/report.txt	0	1	0	0	0	0	0
/Volumes/GigiMurin/plip/Gylcerolipids/BD4i7z-C-D-1E21/report.txt	0	0	1	0	0	0	0
/Volumes/GigiMurin/plip/Gylcerolipids/BD4i7z-D-D-1E21/report.txt	1	2	1	0	0	0	0
/Volumes/GigiMurin/plip/Gylcerolipids/BD4ib4-A-A-OLC1/report.txt	2	4	0	0	0	0	0
/Volumes/GigiMurin/plip/Gylcerolipids/BD4ikw-A-A-OLC1/report.txt	2	2	0	0	0	0	0
/Volumes/GigiMurin/plip/Gylcerolipids/BD4ikw-A-A-OLC2/report.txt	4	1	0	0	0	0	0
/Volumes/GigiMurin/plip/Gylcerolipids/BD4ikw-A-A-OLC3/report.txt	2	1	0	0	0	0	0
/Volumes/GigiMurin/plip/Gylcerolipids/BD4ikw-A-A-OLC4/report.txt	0	1	0	0	0	0	0
/Volumes/GigiMurin/plip/Gylcerolipids/BD4iky-A-A-OLC1/report.txt	0	3	0	0	0	0	0
/Volumes/GigiMurin/plip/Gylcerolipids/BD4iky-A-A-OLC2/report.txt	4	1	0	0	0	0	0
/Volumes/GigiMurin/plip/Gylcerolipids/BD4il6-a-a-SQD1/report.txt	6	2	0	0	0	0	0
/Volumes/GigiMurin/plip/Gylcerolipids/BD4il6-A-A-SQD2/report.txt	6	3	0	0	0	0	0
/Volumes/GigiMurin/plip/Gylcerolipids/BD4il6-a-c-SQD1/report.txt	7	2	0	0	0	0	0
/Volumes/GigiMurin/plip/Gylcerolipids/BD4il6-B-a-SQD1/report.txt	1	4	0	0	0	0	0
/Volumes/GigiMurin/plip/Gylcerolipids/BD4il6-b-A-SQD2/report.txt	0	1	0	0	0	0	0
/Volumes/GigiMurin/plip/Gylcerolipids/BD4il6-b-b-SQD1/report.txt	4	2	0	0	0	0	0
/Volumes/GigiMurin/plip/Gylcerolipids/BD4il6-C-A-SQD1/report.txt	1	4	0	0	0	0	0
/Volumes/GigiMurin/plip/Gylcerolipids/BD4il6-c-c-SQD1/report.txt	2	1	0	0	0	0	0
/Volumes/GigiMurin/plip/Gylcerolipids/BD4il6-d-c-SQD1/report.txt	0	0	1	0	0	0	0
/Volumes/GigiMurin/plip/Gylcerolipids/BD4il6-D-D-SQD1/report.txt	0	1	1	0	0	0	0
/Volumes/GigiMurin/plip/Gylcerolipids/BD4il6-d-f-SQD1/report.txt	0	1	1	0	0	0	0
/Volumes/GigiMurin/plip/Gylcerolipids/BD4il6-f-f-SQD1/report.txt	1	1	0	0	0	0	0
/Volumes/GigiMurin/plip/Gylcerolipids/BD4il6-h-A-SQD2/report.txt	0	1	0	0	0	0	0
/Volumes/GigiMurin/plip/Gylcerolipids/BD4il6-K-A-SQD1/report.txt	2	0	0	0	0	0	0
/Volumes/GigiMurin/plip/Gylcerolipids/BD4il6-k-c-SQD1/report.txt	1	0	0	0	0	0	0
/Volumes/GigiMurin/plip/Gylcerolipids/BD4il6-t-B-SQD1/report.txt	2	0	0	0	0	0	0
/Volumes/GigiMurin/plip/Gylcerolipids/BD4ixq-a-a-SQD1/report.txt	2	2	0	0	0	0	0
/Volumes/GigiMurin/plip/Gylcerolipids/BD4ixq-a-a-SQD2/report.txt	7	2	0	0	0	0	0
/Volumes/GigiMurin/plip/Gylcerolipids/BD4ixq-B-a-SQD1/report.txt	1	0	0	0	0	0	0
/Volumes/GigiMurin/plip/Gylcerolipids/BD4ixq-b-A-SQD2/report.txt	1	2	0	0	0	0	0
/Volumes/GigiMurin/plip/Gylcerolipids/BD4ixq-b-b-SQD1/report.txt	1	0	1	0	0	0	0
/Volumes/GigiMurin/plip/Gylcerolipids/BD4ixq-b-d-SQD1/report.txt	1	1	3	0	0	0	0
/Volumes/GigiMurin/plip/Gylcerolipids/BD4ixq-c-a-SQD2/report.txt	0	1	0	0	0	0	0
/Volumes/GigiMurin/plip/Gylcerolipids/BD4ixq-D-A-SQD1/report.txt	0	0	1	0	0	0	0
/Volumes/GigiMurin/plip/Gylcerolipids/BD4ixq-d-a-SQD2/report.txt	0	0	1	0	0	0	0
/Volumes/GigiMurin/plip/Gylcerolipids/BD4ixq-d-d-SQD1/report.txt	2	1	2	0	0	0	0
/Volumes/GigiMurin/plip/Gylcerolipids/BD4ixq-d-f-SQD1/report.txt	0	1	1	0	0	0	0
/Volumes/GigiMurin/plip/Gylcerolipids/BD4ixq-f-f-SQD1/report.txt	3	2	0	0	0	0	0
/Volumes/GigiMurin/plip/Gylcerolipids/BD4ixq-K-A-SQD1/report.txt	4	0	0	0	0	0	0
/Volumes/GigiMurin/plip/Gylcerolipids/BD4ixq-k-a-SQD2/report.txt	4	0	0	0	0	0	0
/Volumes/GigiMurin/plip/Gylcerolipids/BD4ixq-T-b-SQD1/report.txt	2	0	0	0	0	0	0
/Volumes/GigiMurin/plip/Gylcerolipids/BD4ixq-x-d-SQD1/report.txt	1	0	0	0	0	0	0
/Volumes/GigiMurin/plip/Gylcerolipids/BD4ixq-x-f-SQD1/report.txt	3	0	0	0	0	0	0
/Volumes/GigiMurin/plip/Gylcerolipids/BD4ixr-a-a-SQD1/report.txt	2	2	0	0	0	0	0
/Volumes/GigiMurin/plip/Gylcerolipids/BD4ixr-a-a-SQD2/report.txt	8	2	0	0	0	0	0
/Volumes/GigiMurin/plip/Gylcerolipids/BD4ixr-B-a-SQD1/report.txt	1	3	0	0	0	0	0
/Volumes/GigiMurin/plip/Gylcerolipids/BD4ixr-b-A-SQD2/report.txt	1	1	0	0	0	0	0
/Volumes/GigiMurin/plip/Gylcerolipids/BD4ixr-b-b-SQD1/report.txt	1	1	1	0	0	0	0
/Volumes/GigiMurin/plip/Gylcerolipids/BD4ixr-b-d-SQD1/report.txt	1	0	3	0	0	0	0
/Volumes/GigiMurin/plip/Gylcerolipids/BD4ixr-D-A-SQD1/report.txt	0	0	1	0	0	0	0
/Volumes/GigiMurin/plip/Gylcerolipids/BD4ixr-d-a-SQD2/report.txt	0	0	1	0	0	0	0
/Volumes/GigiMurin/plip/Gylcerolipids/BD4ixr-d-d-SQD1/report.txt	2	1	2	0	0	0	0
/Volumes/GigiMurin/plip/Gylcerolipids/BD4ixr-d-f-SQD1/report.txt	0	1	1	0	0	0	0
/Volumes/GigiMurin/plip/Gylcerolipids/BD4ixr-f-f-SQD1/report.txt	3	3	0	0	0	0	0
/Volumes/GigiMurin/plip/Gylcerolipids/BD4ixr-k-a-SQD2/report.txt	4	0	0	0	0	0	0
/Volumes/GigiMurin/plip/Gylcerolipids/BD4ixr-T-b-SQD1/report.txt	2	0	0	0	0	0	0
/Volumes/GigiMurin/plip/Gylcerolipids/BD4jkv-A-A-OLC1/report.txt	2	1	1	0	0	0	0
/Volumes/GigiMurin/plip/Gylcerolipids/BD4jkv-A-A-OLC2/report.txt	1	3	0	0	0	0	0
/Volumes/GigiMurin/plip/Gylcerolipids/BD4jkv-A-A-OLC3/report.txt	1	1	0	0	0	0	0
/Volumes/GigiMurin/plip/Gylcerolipids/BD4jkv-B-B-OLC1/report.txt	2	1	0	0	0	0	0
/Volumes/GigiMurin/plip/Gylcerolipids/BD4jkv-B-B-OLC2/report.txt	4	0	1	0	0	0	0
/Volumes/GigiMurin/plip/Gylcerolipids/BD4k1c-A-A-OLC1/report.txt	5	0	0	0	0	0	0
/Volumes/GigiMurin/plip/Gylcerolipids/BD4k1c-A-A-OLC2/report.txt	5	0	0	0	0	0	0
/Volumes/GigiMurin/plip/Gylcerolipids/BD4k1c-A-A-OLC3/report.txt	0	1	0	0	0	0	0
/Volumes/GigiMurin/plip/Gylcerolipids/BD4k1c-A-A-OLC4/report.txt	3	0	1	0	0	0	0
/Volumes/GigiMurin/plip/Gylcerolipids/BD4k1c-A-A-OLC5/report.txt	8	1	0	0	0	0	0
/Volumes/GigiMurin/plip/Gylcerolipids/BD4k1c-A-B-OLC1/report.txt	2	0	0	0	0	0	0
/Volumes/GigiMurin/plip/Gylcerolipids/BD4k1c-B-A-OLC1/report.txt	2	1	0	0	0	0	0
/Volumes/GigiMurin/plip/Gylcerolipids/BD4k1c-B-B-OLC1/report.txt	3	0	0	0	0	0	0
/Volumes/GigiMurin/plip/Gylcerolipids/BD4k5y-A-A-OLC1/report.txt	2	1	0	0	0	0	0
/Volumes/GigiMurin/plip/Gylcerolipids/BD4k5y-A-A-OLC2/report.txt	0	1	1	0	0	0	0
/Volumes/GigiMurin/plip/Gylcerolipids/BD4k5y-A-B-OLC1/report.txt	3	0	0	0	0	0	0
/Volumes/GigiMurin/plip/Gylcerolipids/BD4k5y-B-A-OLC2/report.txt	5	1	1	0	0	0	0
/Volumes/GigiMurin/plip/Gylcerolipids/BD4k5y-B-B-OLC1/report.txt	3	0	0	0	0	0	0
/Volumes/GigiMurin/plip/Gylcerolipids/BD4k5y-C-A-OLC1/report.txt	2	0	0	0	0	0	0
/Volumes/GigiMurin/plip/Gylcerolipids/BD4lbe-C-C-DGA1/report.txt	2	0	1	0	0	0	0
/Volumes/GigiMurin/plip/Gylcerolipids/BD4lcu-C-C-DGA1/report.txt	1	0	0	0	0	0	0
/Volumes/GigiMurin/plip/Gylcerolipids/BD4mbs-A-A-OLC1/report.txt	2	0	0	0	0	0	0
/Volumes/GigiMurin/plip/Gylcerolipids/BD4mbs-A-A-OLC2/report.txt	1	0	0	0	0	0	0
/Volumes/GigiMurin/plip/Gylcerolipids/BD4mbs-A-A-OLC3/report.txt	2	1	0	0	0	0	0
/Volumes/GigiMurin/plip/Gylcerolipids/BD4mbs-A-A-OLC4/report.txt	3	1	0	0	0	0	0
/Volumes/GigiMurin/plip/Gylcerolipids/BD4mbs-A-A-OLC5/report.txt	4	2	0	0	0	0	0
/Volumes/GigiMurin/plip/Gylcerolipids/BD4mbs-A-A-OLC6/report.txt	2	0	0	0	0	0	0
/Volumes/GigiMurin/plip/Gylcerolipids/BD4mbs-B-A-OLC5/report.txt	4	0	0	0	0	0	0
/Volumes/GigiMurin/plip/Gylcerolipids/BD4mbs-B-B-OLC1/report.txt	1	0	0	0	0	0	0
/Volumes/GigiMurin/plip/Gylcerolipids/BD4mbs-B-B-OLC2/report.txt	0	0	0	0	0	0	0
/Volumes/GigiMurin/plip/Gylcerolipids/BD4mbs-B-B-OLC3/report.txt	2	0	0	0	0	0	0
/Volumes/GigiMurin/plip/Gylcerolipids/BD4mbs-B-B-OLC4/report.txt	2	1	0	0	0	0	0
/Volumes/GigiMurin/plip/Gylcerolipids/BD4md1-A-A-L2P10/report.txt	2	0	0	0	0	0	0
/Volumes/GigiMurin/plip/Gylcerolipids/BD4md1-A-A-L2P11/report.txt	4	0	0	0	0	0	0
/Volumes/GigiMurin/plip/Gylcerolipids/BD4md1-A-A-L2P12/report.txt	3	0	0	0	0	0	0
/Volumes/GigiMurin/plip/Gylcerolipids/BD4md1-A-A-L2P13/report.txt	2	0	0	0	0	0	0
/Volumes/GigiMurin/plip/Gylcerolipids/BD4md1-A-A-L2P14/report.txt	1	0	0	0	0	0	0
/Volumes/GigiMurin/plip/Gylcerolipids/BD4md1-A-A-L2P15/report.txt	0	0	0	0	0	0	0
/Volumes/GigiMurin/plip/Gylcerolipids/BD4md1-A-A-L2P16/report.txt	3	0	0	0	0	0	0
/Volumes/GigiMurin/plip/Gylcerolipids/BD4md1-A-A-L2P17/report.txt	1	0	0	0	0	0	0
/Volumes/GigiMurin/plip/Gylcerolipids/BD4md1-A-A-L2P18/report.txt	6	0	0	0	0	0	0
/Volumes/GigiMurin/plip/Gylcerolipids/BD4md1-A-A-L2P1/report.txt	1	0	0	0	0	0	0
/Volumes/GigiMurin/plip/Gylcerolipids/BD4md1-A-A-L2P2/report.txt	4	0	0	0	0	0	0
/Volumes/GigiMurin/plip/Gylcerolipids/BD4md1-A-A-L2P3/report.txt	4	0	0	0	0	0	0
/Volumes/GigiMurin/plip/Gylcerolipids/BD4md1-A-A-L2P4/report.txt	0	0	0	0	0	0	0
/Volumes/GigiMurin/plip/Gylcerolipids/BD4md1-A-A-L2P5/report.txt	1	0	0	0	0	0	0
/Volumes/GigiMurin/plip/Gylcerolipids/BD4md1-A-A-L2P6/report.txt	0	0	0	0	0	0	0
/Volumes/GigiMurin/plip/Gylcerolipids/BD4md1-A-A-L2P7/report.txt	2	0	0	0	0	0	0
/Volumes/GigiMurin/plip/Gylcerolipids/BD4md1-A-A-L2P8/report.txt	4	0	0	0	0	0	0
/Volumes/GigiMurin/plip/Gylcerolipids/BD4md1-A-A-L2P9/report.txt	2	0	0	0	0	0	0
/Volumes/GigiMurin/plip/Gylcerolipids/BD4md2-A-A-L2P10/report.txt	2	0	0	0	0	0	0
/Volumes/GigiMurin/plip/Gylcerolipids/BD4md2-A-A-L2P11/report.txt	4	0	0	0	0	0	0
/Volumes/GigiMurin/plip/Gylcerolipids/BD4md2-A-A-L2P12/report.txt	3	0	0	0	0	0	0
/Volumes/GigiMurin/plip/Gylcerolipids/BD4md2-A-A-L2P13/report.txt	2	0	0	0	0	0	0
/Volumes/GigiMurin/plip/Gylcerolipids/BD4md2-A-A-L2P14/report.txt	1	0	0	0	0	0	0
/Volumes/GigiMurin/plip/Gylcerolipids/BD4md2-A-A-L2P15/report.txt	0	0	0	0	0	0	0
/Volumes/GigiMurin/plip/Gylcerolipids/BD4md2-A-A-L2P16/report.txt	3	0	0	0	0	0	0
/Volumes/GigiMurin/plip/Gylcerolipids/BD4md2-A-A-L2P17/report.txt	1	0	0	0	0	0	0
/Volumes/GigiMurin/plip/Gylcerolipids/BD4md2-A-A-L2P18/report.txt	6	0	0	0	0	0	0
/Volumes/GigiMurin/plip/Gylcerolipids/BD4md2-A-A-L2P1/report.txt	1	0	0	0	0	0	0
/Volumes/GigiMurin/plip/Gylcerolipids/BD4md2-A-A-L2P2/report.txt	4	0	0	0	0	0	0
/Volumes/GigiMurin/plip/Gylcerolipids/BD4md2-A-A-L2P3/report.txt	4	0	0	0	0	0	0
/Volumes/GigiMurin/plip/Gylcerolipids/BD4md2-A-A-L2P4/report.txt	0	0	0	0	0	0	0
/Volumes/GigiMurin/plip/Gylcerolipids/BD4md2-A-A-L2P5/report.txt	1	0	0	0	0	0	0
/Volumes/GigiMurin/plip/Gylcerolipids/BD4md2-A-A-L2P6/report.txt	0	0	0	0	0	0	0
/Volumes/GigiMurin/plip/Gylcerolipids/BD4md2-A-A-L2P7/report.txt	2	0	0	0	0	0	0
/Volumes/GigiMurin/plip/Gylcerolipids/BD4md2-A-A-L2P8/report.txt	4	0	0	0	0	0	0
/Volumes/GigiMurin/plip/Gylcerolipids/BD4md2-A-A-L2P9/report.txt	2	0	0	0	0	0	0
/Volumes/GigiMurin/plip/Gylcerolipids/BD4msw-C-C-DGA1/report.txt	1	1	0	0	0	0	0
/Volumes/GigiMurin/plip/Gylcerolipids/BD4n4w-A-A-OLC1/report.txt	3	1	1	0	0	0	0
/Volumes/GigiMurin/plip/Gylcerolipids/BD4n4w-A-A-OLC2/report.txt	3	1	1	0	0	0	0
/Volumes/GigiMurin/plip/Gylcerolipids/BD4n4y-A-A-OLC10/report.txt	3	0	0	0	0	0	0
/Volumes/GigiMurin/plip/Gylcerolipids/BD4n4y-A-A-OLC11/report.txt	4	0	0	0	0	0	0
/Volumes/GigiMurin/plip/Gylcerolipids/BD4n4y-A-A-OLC1/report.txt	4	0	0	0	0	0	0
/Volumes/GigiMurin/plip/Gylcerolipids/BD4n4y-A-A-OLC2/report.txt	3	0	0	0	0	0	0
/Volumes/GigiMurin/plip/Gylcerolipids/BD4n4y-A-A-OLC3/report.txt	6	0	0	0	0	0	0
/Volumes/GigiMurin/plip/Gylcerolipids/BD4n4y-A-A-OLC4/report.txt	2	0	0	0	0	0	0
/Volumes/GigiMurin/plip/Gylcerolipids/BD4n4y-A-A-OLC5/report.txt	1	0	0	0	0	0	0
/Volumes/GigiMurin/plip/Gylcerolipids/BD4n4y-A-A-OLC6/report.txt	0	3	0	0	0	0	0
/Volumes/GigiMurin/plip/Gylcerolipids/BD4n4y-A-A-OLC7/report.txt	1	0	1	0	0	0	0
/Volumes/GigiMurin/plip/Gylcerolipids/BD4n4y-A-A-OLC8/report.txt	3	0	0	0	0	0	0
/Volumes/GigiMurin/plip/Gylcerolipids/BD4n4y-A-A-OLC9/report.txt	3	0	0	0	0	0	0
/Volumes/GigiMurin/plip/Gylcerolipids/BD4n4y-B-B-OLC1/report.txt	4	1	0	0	0	0	0
/Volumes/GigiMurin/plip/Gylcerolipids/BD4n4y-B-B-OLC2/report.txt	0	1	1	0	0	0	0
/Volumes/GigiMurin/plip/Gylcerolipids/BD4n4y-B-B-OLC3/report.txt	2	1	0	0	0	0	0
/Volumes/GigiMurin/plip/Gylcerolipids/BD4n4y-C-C-OLC1/report.txt	2	0	0	0	0	0	0
/Volumes/GigiMurin/plip/Gylcerolipids/BD4n4y-C-C-OLC2/report.txt	2	0	0	0	0	0	0
/Volumes/GigiMurin/plip/Gylcerolipids/BD4n5i-X-X-2HD1/report.txt	7	3	0	0	0	0	0
/Volumes/GigiMurin/plip/Gylcerolipids/BD4n6h-A-A-OLC1/report.txt	2	0	0	0	0	0	0
/Volumes/GigiMurin/plip/Gylcerolipids/BD4n6h-A-A-OLC2/report.txt	1	1	0	0	0	0	0
/Volumes/GigiMurin/plip/Gylcerolipids/BD4n6h-A-A-OLC3/report.txt	0	0	0	0	0	0	0
/Volumes/GigiMurin/plip/Gylcerolipids/BD4n6h-A-A-OLC4/report.txt	4	1	0	0	0	0	0
/Volumes/GigiMurin/plip/Gylcerolipids/BD4n6h-A-A-OLC5/report.txt	6	1	1	0	0	0	0
/Volumes/GigiMurin/plip/Gylcerolipids/BD4nc3-A-A-DGA1/report.txt	3	0	2	0	0	0	0
/Volumes/GigiMurin/plip/Gylcerolipids/BD4nc3-A-A-DGA2/report.txt	1	1	0	0	0	0	0
/Volumes/GigiMurin/plip/Gylcerolipids/BD4nc3-A-A-OLC1/report.txt	1	2	0	0	0	0	0
/Volumes/GigiMurin/plip/Gylcerolipids/BD4nc3-A-A-OLC2/report.txt	0	1	0	0	0	0	0
/Volumes/GigiMurin/plip/Gylcerolipids/BD4nc3-A-A-OLC3/report.txt	0	0	0	0	0	0	0
/Volumes/GigiMurin/plip/Gylcerolipids/BD4nc3-A-A-OLC4/report.txt	0	3	0	0	0	0	0
/Volumes/GigiMurin/plip/Gylcerolipids/BD4ntj-A-A-OLC1/report.txt	0	3	0	0	0	0	0
/Volumes/GigiMurin/plip/Gylcerolipids/BD4ntj-A-A-OLC2/report.txt	0	2	0	0	0	0	0
/Volumes/GigiMurin/plip/Gylcerolipids/BD4ogq-A-A-2WM1/report.txt	4	0	0	0	0	0	0
/Volumes/GigiMurin/plip/Gylcerolipids/BD4ogq-B-A-2WM1/report.txt	4	0	0	0	0	0	0
/Volumes/GigiMurin/plip/Gylcerolipids/BD4ogq-B-D-SQD1/report.txt	0	1	0	0	0	0	0
/Volumes/GigiMurin/plip/Gylcerolipids/BD4ogq-C-D-SQD1/report.txt	0	0	1	0	0	0	0
/Volumes/GigiMurin/plip/Gylcerolipids/BD4ogq-D-A-2WM1/report.txt	1	0	0	0	0	0	0
/Volumes/GigiMurin/plip/Gylcerolipids/BD4ogq-D-D-SQD1/report.txt	4	3	0	0	0	0	0
/Volumes/GigiMurin/plip/Gylcerolipids/BD4or2-A-A-OLC1/report.txt	5	1	0	0	0	0	0
/Volumes/GigiMurin/plip/Gylcerolipids/BD4or2-A-A-OLC2/report.txt	1	0	0	0	0	0	0
/Volumes/GigiMurin/plip/Gylcerolipids/BD4or2-B-B-OLC1/report.txt	1	0	0	0	0	0	0
/Volumes/GigiMurin/plip/Gylcerolipids/BD4p79-A-A-OLC1/report.txt	7	3	0	0	0	0	0
/Volumes/GigiMurin/plip/Gylcerolipids/BD4p79-A-A-OLC2/report.txt	2	0	0	0	0	0	0
/Volumes/GigiMurin/plip/Gylcerolipids/BD4pbu-a-a-SQD1/report.txt	8	2	0	0	0	0	0
/Volumes/GigiMurin/plip/Gylcerolipids/BD4pbu-a-a-SQD2/report.txt	6	3	0	0	0	0	0
/Volumes/GigiMurin/plip/Gylcerolipids/BD4pbu-B-a-SQD1/report.txt	0	1	0	0	0	0	0
/Volumes/GigiMurin/plip/Gylcerolipids/BD4pbu-b-A-SQD2/report.txt	1	2	0	0	0	0	0
/Volumes/GigiMurin/plip/Gylcerolipids/BD4pbu-b-L-SQD1/report.txt	2	0	1	0	0	0	0
/Volumes/GigiMurin/plip/Gylcerolipids/BD4pbu-C-A-SQD1/report.txt	1	2	0	0	0	0	0
/Volumes/GigiMurin/plip/Gylcerolipids/BD4pbu-c-a-SQD2/report.txt	2	1	0	0	0	0	0
/Volumes/GigiMurin/plip/Gylcerolipids/BD4pbu-D-A-SQD1/report.txt	0	0	1	0	0	0	0
/Volumes/GigiMurin/plip/Gylcerolipids/BD4pbu-d-a-SQD2/report.txt	0	0	1	0	0	0	0
/Volumes/GigiMurin/plip/Gylcerolipids/BD4pbu-d-d-SQD1/report.txt	0	1	1	0	0	0	0
/Volumes/GigiMurin/plip/Gylcerolipids/BD4pbu-D-F-SQD1/report.txt	0	1	1	0	0	0	0
/Volumes/GigiMurin/plip/Gylcerolipids/BD4pbu-f-d-SQD1/report.txt	0	2	0	0	0	0	0
/Volumes/GigiMurin/plip/Gylcerolipids/BD4pbu-F-F-SQD1/report.txt	2	1	0	0	0	0	0
/Volumes/GigiMurin/plip/Gylcerolipids/BD4pbu-K-A-SQD1/report.txt	2	0	0	0	0	0	0
/Volumes/GigiMurin/plip/Gylcerolipids/BD4pbu-k-a-SQD2/report.txt	2	0	0	0	0	0	0
/Volumes/GigiMurin/plip/Gylcerolipids/BD4pbu-l-l-SQD1/report.txt	0	2	1	0	0	0	0
/Volumes/GigiMurin/plip/Gylcerolipids/BD4pbu-T-L-SQD1/report.txt	3	0	0	0	0	0	0
/Volumes/GigiMurin/plip/Gylcerolipids/BD4phu-A-A-OLC1/report.txt	3	0	0	0	0	0	0
/Volumes/GigiMurin/plip/Gylcerolipids/BD4phu-A-A-OLC2/report.txt	1	0	0	0	0	0	0
/Volumes/GigiMurin/plip/Gylcerolipids/BD4phu-A-A-OLC3/report.txt	3	0	0	0	0	0	0
/Volumes/GigiMurin/plip/Gylcerolipids/BD4phu-A-A-OLC4/report.txt	0	0	0	0	0	0	0
/Volumes/GigiMurin/plip/Gylcerolipids/BD4phu-A-A-OLC5/report.txt	3	0	0	0	0	0	0
/Volumes/GigiMurin/plip/Gylcerolipids/BD4pj0-a-a-SQD1/report.txt	9	2	0	0	0	0	0
/Volumes/GigiMurin/plip/Gylcerolipids/BD4pj0-B-L-SQD1/report.txt	2	1	1	0	0	0	0
/Volumes/GigiMurin/plip/Gylcerolipids/BD4pj0-b-L-SQD2/report.txt	2	1	1	0	0	0	0
/Volumes/GigiMurin/plip/Gylcerolipids/BD4pj0-c-a-SQD1/report.txt	2	3	0	0	0	0	0
/Volumes/GigiMurin/plip/Gylcerolipids/BD4pj0-d-a-SQD1/report.txt	0	0	1	0	0	0	0
/Volumes/GigiMurin/plip/Gylcerolipids/BD4pj0-d-f-SQD1/report.txt	0	2	2	0	0	0	0
/Volumes/GigiMurin/plip/Gylcerolipids/BD4pj0-f-f-SQD1/report.txt	1	1	0	0	0	0	0
/Volumes/GigiMurin/plip/Gylcerolipids/BD4pj0-k-a-SQD1/report.txt	3	0	0	0	0	0	0
/Volumes/GigiMurin/plip/Gylcerolipids/BD4pj0-l-L-SQD1/report.txt	0	2	1	0	0	0	0
/Volumes/GigiMurin/plip/Gylcerolipids/BD4pj0-l-L-SQD2/report.txt	3	2	1	0	0	0	0
/Volumes/GigiMurin/plip/Gylcerolipids/BD4pj0-t-L-SQD1/report.txt	2	0	0	0	0	0	0
/Volumes/GigiMurin/plip/Gylcerolipids/BD4pj0-T-L-SQD2/report.txt	3	0	0	0	0	0	0
/Volumes/GigiMurin/plip/Gylcerolipids/BD4pv1-B-D-SQD1/report.txt	0	1	0	0	0	0	0
/Volumes/GigiMurin/plip/Gylcerolipids/BD4pv1-D-D-SQD1/report.txt	3	2	0	0	0	0	0
/Volumes/GigiMurin/plip/Gylcerolipids/BD4pxz-A-A-OLC1/report.txt	3	1	0	0	0	0	0
/Volumes/GigiMurin/plip/Gylcerolipids/BD4pxz-A-A-OLC2/report.txt	1	1	0	0	0	0	0
/Volumes/GigiMurin/plip/Gylcerolipids/BD4pxz-A-A-OLC3/report.txt	1	0	0	0	0	0	0
/Volumes/GigiMurin/plip/Gylcerolipids/BD4py0-A-A-OLC1/report.txt	2	0	0	0	0	0	0
/Volumes/GigiMurin/plip/Gylcerolipids/BD4py0-A-A-OLC2/report.txt	2	1	0	0	0	0	0
/Volumes/GigiMurin/plip/Gylcerolipids/BD4qnc-A-A-OLC1/report.txt	0	3	0	0	0	0	0
/Volumes/GigiMurin/plip/Gylcerolipids/BD4qnc-A-A-OLC2/report.txt	7	0	0	0	0	0	0
/Volumes/GigiMurin/plip/Gylcerolipids/BD4qnc-A-A-OLC3/report.txt	1	0	0	0	0	0	0
/Volumes/GigiMurin/plip/Gylcerolipids/BD4qnc-A-B-OLC1/report.txt	0	1	1	0	0	0	0
/Volumes/GigiMurin/plip/Gylcerolipids/BD4qnc-B-A-OLC1/report.txt	1	0	0	0	0	0	0
/Volumes/GigiMurin/plip/Gylcerolipids/BD4qnc-B-B-OLC1/report.txt	0	4	0	0	0	0	0
/Volumes/GigiMurin/plip/Gylcerolipids/BD4qnd-A-A-OLC1/report.txt	4	0	0	0	0	0	0
/Volumes/GigiMurin/plip/Gylcerolipids/BD4qnd-A-A-OLC2/report.txt	2	0	0	0	0	0	0
/Volumes/GigiMurin/plip/Gylcerolipids/BD4qnd-A-A-OLC3/report.txt	3	1	0	0	0	0	0
/Volumes/GigiMurin/plip/Gylcerolipids/BD4qry-A-E-L2P1/report.txt	4	0	0	0	0	0	0
/Volumes/GigiMurin/plip/Gylcerolipids/BD4qry-A-F-L2P1/report.txt	3	0	0	0	0	0	0
/Volumes/GigiMurin/plip/Gylcerolipids/BD4qry-A-G-L2P1/report.txt	5	0	0	0	0	0	0
/Volumes/GigiMurin/plip/Gylcerolipids/BD4qry-B-F-L2P1/report.txt	6	0	0	0	0	0	0
/Volumes/GigiMurin/plip/Gylcerolipids/BD4qry-B-F-L2P2/report.txt	6	0	0	0	0	0	0
/Volumes/GigiMurin/plip/Gylcerolipids/BD4qry-B-F-L2P3/report.txt	4	0	0	0	0	0	0
/Volumes/GigiMurin/plip/Gylcerolipids/BD4qry-C-C-L2P1/report.txt	7	0	0	0	0	0	0
/Volumes/GigiMurin/plip/Gylcerolipids/BD4qry-C-E-L2P1/report.txt	4	0	0	0	0	0	0
/Volumes/GigiMurin/plip/Gylcerolipids/BD4qry-C-F-L2P2/report.txt	1	0	0	0	0	0	0
/Volumes/GigiMurin/plip/Gylcerolipids/BD4qry-C-F-L2P3/report.txt	8	0	0	0	0	0	0
/Volumes/GigiMurin/plip/Gylcerolipids/BD4qry-C-G-L2P1/report.txt	2	0	0	0	0	0	0
/Volumes/GigiMurin/plip/Gylcerolipids/BD4qry-E-E-L2P1/report.txt	0	0	0	0	0	0	0
/Volumes/GigiMurin/plip/Gylcerolipids/BD4qry-F-F-L2P1/report.txt	0	0	0	0	0	0	0
/Volumes/GigiMurin/plip/Gylcerolipids/BD4qry-F-F-L2P2/report.txt	0	0	0	0	0	0	0
/Volumes/GigiMurin/plip/Gylcerolipids/BD4qry-F-F-L2P3/report.txt	0	0	0	0	0	0	0
/Volumes/GigiMurin/plip/Gylcerolipids/BD4qry-G-G-L2P1/report.txt	0	0	0	0	0	0	0
/Volumes/GigiMurin/plip/Gylcerolipids/BD4rng-A-A-OLC1/report.txt	3	0	0	0	0	0	0
/Volumes/GigiMurin/plip/Gylcerolipids/BD4rng-E-E-OLC1/report.txt	3	0	0	0	0	0	0
/Volumes/GigiMurin/plip/Gylcerolipids/BD4rng-E-E-OLC2/report.txt	7	0	0	0	0	0	0
/Volumes/GigiMurin/plip/Gylcerolipids/BD4rng-E-F-OLC1/report.txt	2	0	0	0	0	0	0
/Volumes/GigiMurin/plip/Gylcerolipids/BD4rng-F-F-OLC1/report.txt	3	2	0	0	0	0	0
/Volumes/GigiMurin/plip/Gylcerolipids/BD4rp9-A-A-TGL1/report.txt	17	2	0	0	0	0	0
/Volumes/GigiMurin/plip/Gylcerolipids/BD4rvy-a-a-SQD1/report.txt	8	2	0	0	0	0	0
/Volumes/GigiMurin/plip/Gylcerolipids/BD4rvy-a-B-SQD1/report.txt	6	3	0	0	0	0	0
/Volumes/GigiMurin/plip/Gylcerolipids/BD4rvy-b-b-SQD1/report.txt	1	4	0	0	0	0	0
/Volumes/GigiMurin/plip/Gylcerolipids/BD4rvy-b-b-SQD2/report.txt	2	0	1	0	0	0	0
/Volumes/GigiMurin/plip/Gylcerolipids/BD4rvy-b-L-SQD1/report.txt	2	2	1	0	0	0	0
/Volumes/GigiMurin/plip/Gylcerolipids/BD4rvy-B-l-SQD2/report.txt	3	2	1	0	0	0	0
/Volumes/GigiMurin/plip/Gylcerolipids/BD4rvy-c-a-SQD1/report.txt	1	4	0	0	0	0	0
/Volumes/GigiMurin/plip/Gylcerolipids/BD4rvy-d-a-SQD1/report.txt	0	0	1	0	0	0	0
/Volumes/GigiMurin/plip/Gylcerolipids/BD4rvy-d-d-SQD1/report.txt	0	2	1	0	0	0	0
/Volumes/GigiMurin/plip/Gylcerolipids/BD4rvy-E-D-SQD1/report.txt	0	1	0	0	0	0	0
/Volumes/GigiMurin/plip/Gylcerolipids/BD4rvy-k-a-SQD1/report.txt	2	0	0	0	0	0	0
/Volumes/GigiMurin/plip/Gylcerolipids/BD4rvy-l-b-SQD2/report.txt	0	2	1	0	0	0	0
/Volumes/GigiMurin/plip/Gylcerolipids/BD4rvy-l-l-SQD1/report.txt	3	2	1	0	0	0	0
/Volumes/GigiMurin/plip/Gylcerolipids/BD4rvy-l-l-SQD2/report.txt	0	1	1	0	0	0	0
/Volumes/GigiMurin/plip/Gylcerolipids/BD4rvy-T-b-SQD2/report.txt	2	0	0	0	0	0	0
/Volumes/GigiMurin/plip/Gylcerolipids/BD4rvy-t-l-SQD1/report.txt	5	0	0	0	0	0	0
/Volumes/GigiMurin/plip/Gylcerolipids/BD4rvy-t-l-SQD2/report.txt	2	0	0	0	0	0	0
/Volumes/GigiMurin/plip/Gylcerolipids/BD4rwa-A-A-OLC1/report.txt	3	0	0	0	0	0	0
/Volumes/GigiMurin/plip/Gylcerolipids/BD4rwd-A-A-OLC1/report.txt	2	2	0	0	0	0	0
/Volumes/GigiMurin/plip/Gylcerolipids/BD4rwd-A-A-OLC2/report.txt	3	0	0	0	0	0	0
/Volumes/GigiMurin/plip/Gylcerolipids/BD4rwd-B-B-OLC1/report.txt	1	1	0	0	0	0	0
/Volumes/GigiMurin/plip/Gylcerolipids/BD4tnh-a-a-SQD1/report.txt	3	2	0	0	0	0	0
/Volumes/GigiMurin/plip/Gylcerolipids/BD4tnh-a-a-SQD2/report.txt	8	4	0	0	0	0	0
/Volumes/GigiMurin/plip/Gylcerolipids/BD4tnh-B-a-SQD1/report.txt	1	2	0	0	0	0	0
/Volumes/GigiMurin/plip/Gylcerolipids/BD4tnh-b-A-SQD2/report.txt	1	1	0	0	0	0	0
/Volumes/GigiMurin/plip/Gylcerolipids/BD4tnh-b-b-SQD1/report.txt	1	0	3	0	0	0	0
/Volumes/GigiMurin/plip/Gylcerolipids/BD4tnh-B-B-SQD2/report.txt	2	0	1	0	0	0	0
/Volumes/GigiMurin/plip/Gylcerolipids/BD4tnh-b-d-SQD1/report.txt	1	1	3	0	0	0	0
/Volumes/GigiMurin/plip/Gylcerolipids/BD4tnh-C-A-SQD1/report.txt	0	2	0	0	0	0	0
/Volumes/GigiMurin/plip/Gylcerolipids/BD4tnh-d-a-SQD2/report.txt	0	0	1	0	0	0	0
/Volumes/GigiMurin/plip/Gylcerolipids/BD4tnh-d-d-SQD1/report.txt	2	1	2	0	0	0	0
/Volumes/GigiMurin/plip/Gylcerolipids/BD4tnh-d-f-SQD1/report.txt	0	1	1	0	0	0	0
/Volumes/GigiMurin/plip/Gylcerolipids/BD4tnh-f-f-SQD1/report.txt	3	3	0	0	0	0	0
/Volumes/GigiMurin/plip/Gylcerolipids/BD4tnh-K-A-SQD1/report.txt	4	0	0	0	0	0	0
/Volumes/GigiMurin/plip/Gylcerolipids/BD4tnh-x-d-SQD1/report.txt	1	0	0	0	0	0	0
/Volumes/GigiMurin/plip/Gylcerolipids/BD4tnh-x-f-SQD1/report.txt	3	1	0	0	0	0	0
/Volumes/GigiMurin/plip/Gylcerolipids/BD4tni-a-a-SQD1/report.txt	3	2	0	0	0	0	0
/Volumes/GigiMurin/plip/Gylcerolipids/BD4tni-a-a-SQD2/report.txt	8	4	0	0	0	0	0
/Volumes/GigiMurin/plip/Gylcerolipids/BD4tni-B-a-SQD1/report.txt	1	2	0	0	0	0	0
/Volumes/GigiMurin/plip/Gylcerolipids/BD4tni-b-A-SQD2/report.txt	0	1	0	0	0	0	0
/Volumes/GigiMurin/plip/Gylcerolipids/BD4tni-b-b-SQD1/report.txt	1	0	3	0	0	0	0
/Volumes/GigiMurin/plip/Gylcerolipids/BD4tni-B-B-SQD2/report.txt	2	0	1	0	0	0	0
/Volumes/GigiMurin/plip/Gylcerolipids/BD4tni-b-d-SQD1/report.txt	1	1	3	0	0	0	0
/Volumes/GigiMurin/plip/Gylcerolipids/BD4tni-C-A-SQD1/report.txt	0	2	0	0	0	0	0
/Volumes/GigiMurin/plip/Gylcerolipids/BD4tni-d-a-SQD2/report.txt	0	0	1	0	0	0	0
/Volumes/GigiMurin/plip/Gylcerolipids/BD4tni-d-d-SQD1/report.txt	2	1	2	0	0	0	0
/Volumes/GigiMurin/plip/Gylcerolipids/BD4tni-d-f-SQD1/report.txt	0	1	1	0	0	0	0
/Volumes/GigiMurin/plip/Gylcerolipids/BD4tni-f-f-SQD1/report.txt	3	3	0	0	0	0	0
/Volumes/GigiMurin/plip/Gylcerolipids/BD4tni-K-A-SQD1/report.txt	4	0	0	0	0	0	0
/Volumes/GigiMurin/plip/Gylcerolipids/BD4tni-x-d-SQD1/report.txt	1	0	0	0	0	0	0
/Volumes/GigiMurin/plip/Gylcerolipids/BD4tni-x-f-SQD1/report.txt	3	1	0	0	0	0	0
/Volumes/GigiMurin/plip/Gylcerolipids/BD4tnj-a-a-SQD1/report.txt	3	2	0	0	0	0	0
/Volumes/GigiMurin/plip/Gylcerolipids/BD4tnj-a-a-SQD2/report.txt	8	4	0	0	0	0	0
/Volumes/GigiMurin/plip/Gylcerolipids/BD4tnj-B-a-SQD1/report.txt	1	2	0	0	0	0	0
/Volumes/GigiMurin/plip/Gylcerolipids/BD4tnj-b-A-SQD2/report.txt	1	1	0	0	0	0	0
/Volumes/GigiMurin/plip/Gylcerolipids/BD4tnj-b-b-SQD1/report.txt	2	0	1	0	0	0	0
/Volumes/GigiMurin/plip/Gylcerolipids/BD4tnj-b-d-SQD1/report.txt	1	0	3	0	0	0	0
/Volumes/GigiMurin/plip/Gylcerolipids/BD4tnj-C-A-SQD1/report.txt	0	2	0	0	0	0	0
/Volumes/GigiMurin/plip/Gylcerolipids/BD4tnj-D-A-SQD1/report.txt	0	0	1	0	0	0	0
/Volumes/GigiMurin/plip/Gylcerolipids/BD4tnj-d-a-SQD2/report.txt	0	0	1	0	0	0	0
/Volumes/GigiMurin/plip/Gylcerolipids/BD4tnj-d-d-SQD1/report.txt	2	1	2	0	0	0	0
/Volumes/GigiMurin/plip/Gylcerolipids/BD4tnj-d-f-SQD1/report.txt	0	1	1	0	0	0	0
/Volumes/GigiMurin/plip/Gylcerolipids/BD4tnj-f-f-SQD1/report.txt	3	3	0	0	0	0	0
/Volumes/GigiMurin/plip/Gylcerolipids/BD4tnj-x-d-SQD1/report.txt	1	0	0	0	0	0	0
/Volumes/GigiMurin/plip/Gylcerolipids/BD4tnj-x-f-SQD1/report.txt	3	1	0	0	0	0	0
/Volumes/GigiMurin/plip/Gylcerolipids/BD4tnk-a-a-SQD1/report.txt	3	2	0	0	0	0	0
/Volumes/GigiMurin/plip/Gylcerolipids/BD4tnk-a-a-SQD2/report.txt	6	4	0	0	0	0	0
/Volumes/GigiMurin/plip/Gylcerolipids/BD4tnk-B-a-SQD1/report.txt	0	2	0	0	0	0	0
/Volumes/GigiMurin/plip/Gylcerolipids/BD4tnk-b-A-SQD2/report.txt	0	1	0	0	0	0	0
/Volumes/GigiMurin/plip/Gylcerolipids/BD4tnk-b-b-SQD1/report.txt	1	0	3	0	0	0	0
/Volumes/GigiMurin/plip/Gylcerolipids/BD4tnk-B-B-SQD2/report.txt	3	0	1	0	0	0	0
/Volumes/GigiMurin/plip/Gylcerolipids/BD4tnk-b-d-SQD1/report.txt	1	2	3	0	0	0	0
/Volumes/GigiMurin/plip/Gylcerolipids/BD4tnk-C-A-SQD1/report.txt	0	2	0	0	0	0	0
/Volumes/GigiMurin/plip/Gylcerolipids/BD4tnk-c-a-SQD2/report.txt	0	1	0	0	0	0	0
/Volumes/GigiMurin/plip/Gylcerolipids/BD4tnk-d-a-SQD2/report.txt	0	0	1	0	0	0	0
/Volumes/GigiMurin/plip/Gylcerolipids/BD4tnk-d-d-SQD1/report.txt	2	1	2	0	0	0	0
/Volumes/GigiMurin/plip/Gylcerolipids/BD4tnk-d-f-SQD1/report.txt	0	1	1	0	0	0	0
/Volumes/GigiMurin/plip/Gylcerolipids/BD4tnk-f-f-SQD1/report.txt	3	3	0	0	0	0	0
/Volumes/GigiMurin/plip/Gylcerolipids/BD4tnk-K-A-SQD1/report.txt	2	0	0	0	0	0	0
/Volumes/GigiMurin/plip/Gylcerolipids/BD4tnk-x-d-SQD1/report.txt	1	0	0	0	0	0	0
/Volumes/GigiMurin/plip/Gylcerolipids/BD4tnk-x-f-SQD1/report.txt	3	1	0	0	0	0	0
/Volumes/GigiMurin/plip/Gylcerolipids/BD4u15-B-B-OLC1/report.txt	2	0	0	0	0	0	0
/Volumes/GigiMurin/plip/Gylcerolipids/BD4u15-B-B-OLC2/report.txt	4	0	0	0	0	0	0
/Volumes/GigiMurin/plip/Gylcerolipids/BD4u4t-A-A-OLC1/report.txt	4	0	0	0	0	0	0
/Volumes/GigiMurin/plip/Gylcerolipids/BD4u4t-A-A-OLC2/report.txt	2	0	0	0	0	0	0
/Volumes/GigiMurin/plip/Gylcerolipids/BD4u4t-A-A-OLC3/report.txt	1	0	0	0	0	0	0
/Volumes/GigiMurin/plip/Gylcerolipids/BD4u4t-A-A-OLC4/report.txt	1	0	1	0	0	0	0
/Volumes/GigiMurin/plip/Gylcerolipids/BD4u4t-A-A-OLC5/report.txt	0	0	0	0	0	0	0
/Volumes/GigiMurin/plip/Gylcerolipids/BD4u4w-A-A-OLC1/report.txt	1	0	0	0	0	0	0
/Volumes/GigiMurin/plip/Gylcerolipids/BD4u4w-A-A-OLC2/report.txt	9	0	0	0	0	0	0
/Volumes/GigiMurin/plip/Gylcerolipids/BD4u4w-A-A-OLC3/report.txt	7	0	0	0	0	0	0
/Volumes/GigiMurin/plip/Gylcerolipids/BD4u4w-A-B-OLC1/report.txt	8	0	0	0	0	0	0
/Volumes/GigiMurin/plip/Gylcerolipids/BD4u4w-B-A-OLC2/report.txt	3	0	0	0	0	0	0
/Volumes/GigiMurin/plip/Gylcerolipids/BD4u4w-B-A-OLC3/report.txt	5	0	0	0	0	0	0
/Volumes/GigiMurin/plip/Gylcerolipids/BD4u4w-B-B-OLC1/report.txt	7	3	0	0	0	0	0
/Volumes/GigiMurin/plip/Gylcerolipids/BD4u4w-B-B-OLC2/report.txt	4	0	0	0	0	0	0
/Volumes/GigiMurin/plip/Gylcerolipids/BD4u9l-A-A-OLC1/report.txt	4	1	0	0	0	0	0
/Volumes/GigiMurin/plip/Gylcerolipids/BD4u9l-A-A-OLC2/report.txt	1	0	0	0	0	0	0
/Volumes/GigiMurin/plip/Gylcerolipids/BD4u9l-A-A-OLC3/report.txt	6	0	0	0	0	0	0
/Volumes/GigiMurin/plip/Gylcerolipids/BD4u9l-B-B-OLC1/report.txt	3	1	0	0	0	0	0
/Volumes/GigiMurin/plip/Gylcerolipids/BD4u9l-B-B-OLC2/report.txt	2	0	0	0	0	0	0
/Volumes/GigiMurin/plip/Gylcerolipids/BD4u9n-A-A-OLC1/report.txt	0	1	0	0	0	0	0
/Volumes/GigiMurin/plip/Gylcerolipids/BD4u9n-A-A-OLC2/report.txt	1	0	1	0	0	0	0
/Volumes/GigiMurin/plip/Gylcerolipids/BD4u9n-A-B-OLC3/report.txt	2	0	0	0	0	0	0
/Volumes/GigiMurin/plip/Gylcerolipids/BD4u9n-B-A-OLC2/report.txt	0	1	0	0	0	0	0
/Volumes/GigiMurin/plip/Gylcerolipids/BD4u9n-B-B-OLC1/report.txt	1	0	0	0	0	0	0
/Volumes/GigiMurin/plip/Gylcerolipids/BD4u9n-B-B-OLC2/report.txt	3	0	0	0	0	0	0
/Volumes/GigiMurin/plip/Gylcerolipids/BD4u9n-B-B-OLC3/report.txt	0	1	0	0	0	0	0
/Volumes/GigiMurin/plip/Gylcerolipids/BD4ub6-a-a-SQD1/report.txt	5	2	0	0	0	0	0
/Volumes/GigiMurin/plip/Gylcerolipids/BD4ub6-a-a-SQD2/report.txt	7	3	0	0	0	0	0
/Volumes/GigiMurin/plip/Gylcerolipids/BD4ub6-B-a-SQD1/report.txt	1	2	0	0	0	0	0
/Volumes/GigiMurin/plip/Gylcerolipids/BD4ub6-b-A-SQD2/report.txt	1	2	0	0	0	0	0
/Volumes/GigiMurin/plip/Gylcerolipids/BD4ub6-B-B-SQD1/report.txt	3	0	1	0	0	0	0
/Volumes/GigiMurin/plip/Gylcerolipids/BD4ub6-b-L-SQD1/report.txt	2	0	1	0	0	0	0
/Volumes/GigiMurin/plip/Gylcerolipids/BD4ub6-C-A-SQD1/report.txt	1	2	0	0	0	0	0
/Volumes/GigiMurin/plip/Gylcerolipids/BD4ub6-c-a-SQD2/report.txt	2	1	0	0	0	0	0
/Volumes/GigiMurin/plip/Gylcerolipids/BD4ub6-D-A-SQD1/report.txt	0	0	1	0	0	0	0
/Volumes/GigiMurin/plip/Gylcerolipids/BD4ub6-d-a-SQD2/report.txt	0	0	1	0	0	0	0
/Volumes/GigiMurin/plip/Gylcerolipids/BD4ub6-d-f-SQD1/report.txt	0	1	1	0	0	0	0
/Volumes/GigiMurin/plip/Gylcerolipids/BD4ub6-f-f-SQD1/report.txt	1	1	0	0	0	0	0
/Volumes/GigiMurin/plip/Gylcerolipids/BD4ub6-K-A-SQD1/report.txt	1	0	0	0	0	0	0
/Volumes/GigiMurin/plip/Gylcerolipids/BD4ub6-k-a-SQD2/report.txt	1	0	0	0	0	0	0
/Volumes/GigiMurin/plip/Gylcerolipids/BD4ub6-l-B-SQD1/report.txt	0	1	1	0	0	0	0
/Volumes/GigiMurin/plip/Gylcerolipids/BD4ub6-l-L-SQD1/report.txt	1	2	1	0	0	0	0
/Volumes/GigiMurin/plip/Gylcerolipids/BD4ub6-t-B-SQD1/report.txt	1	0	0	0	0	0	0
/Volumes/GigiMurin/plip/Gylcerolipids/BD4ub6-T-L-SQD1/report.txt	4	0	0	0	0	0	0
/Volumes/GigiMurin/plip/Gylcerolipids/BD4ub8-a-a-SQD1/report.txt	8	3	0	0	0	0	0
/Volumes/GigiMurin/plip/Gylcerolipids/BD4ub8-a-a-SQD2/report.txt	5	3	0	0	0	0	0
/Volumes/GigiMurin/plip/Gylcerolipids/BD4ub8-B-a-SQD1/report.txt	1	4	0	0	0	0	0
/Volumes/GigiMurin/plip/Gylcerolipids/BD4ub8-b-A-SQD2/report.txt	1	1	0	0	0	0	0
/Volumes/GigiMurin/plip/Gylcerolipids/BD4ub8-b-b-SQD1/report.txt	0	0	1	0	0	0	0
/Volumes/GigiMurin/plip/Gylcerolipids/BD4ub8-B-l-SQD1/report.txt	1	1	1	0	0	0	0
/Volumes/GigiMurin/plip/Gylcerolipids/BD4ub8-C-A-SQD1/report.txt	1	4	0	0	0	0	0
/Volumes/GigiMurin/plip/Gylcerolipids/BD4ub8-c-a-SQD2/report.txt	2	1	0	0	0	0	0
/Volumes/GigiMurin/plip/Gylcerolipids/BD4ub8-D-A-SQD1/report.txt	0	0	1	0	0	0	0
/Volumes/GigiMurin/plip/Gylcerolipids/BD4ub8-d-a-SQD2/report.txt	0	0	1	0	0	0	0
/Volumes/GigiMurin/plip/Gylcerolipids/BD4ub8-d-f-SQD1/report.txt	0	1	1	0	0	0	0
/Volumes/GigiMurin/plip/Gylcerolipids/BD4ub8-f-f-SQD1/report.txt	1	1	0	0	0	0	0
/Volumes/GigiMurin/plip/Gylcerolipids/BD4ub8-K-A-SQD1/report.txt	3	0	0	0	0	0	0
/Volumes/GigiMurin/plip/Gylcerolipids/BD4ub8-k-a-SQD2/report.txt	3	0	0	0	0	0	0
/Volumes/GigiMurin/plip/Gylcerolipids/BD4ub8-l-b-SQD1/report.txt	0	2	1	0	0	0	0
/Volumes/GigiMurin/plip/Gylcerolipids/BD4ub8-l-l-SQD1/report.txt	0	0	1	0	0	0	0
/Volumes/GigiMurin/plip/Gylcerolipids/BD4ub8-T-b-SQD1/report.txt	4	0	0	0	0	0	0
/Volumes/GigiMurin/plip/Gylcerolipids/BD4ub8-t-l-SQD1/report.txt	3	1	0	0	0	0	0
/Volumes/GigiMurin/plip/Gylcerolipids/BD4uc1-A-A-OLC1/report.txt	5	1	0	0	0	0	0
/Volumes/GigiMurin/plip/Gylcerolipids/BD4uc1-A-A-OLC2/report.txt	2	0	1	0	0	0	0
/Volumes/GigiMurin/plip/Gylcerolipids/BD4uc1-A-A-OLC3/report.txt	4	1	0	0	0	0	0
/Volumes/GigiMurin/plip/Gylcerolipids/BD4uc1-A-A-OLC4/report.txt	2	0	0	0	0	0	0
/Volumes/GigiMurin/plip/Gylcerolipids/BD4uc1-A-A-OLC5/report.txt	6	1	0	0	0	0	0
/Volumes/GigiMurin/plip/Gylcerolipids/BD4uc1-A-A-OLC6/report.txt	7	0	0	0	0	0	0
/Volumes/GigiMurin/plip/Gylcerolipids/BD4uc1-A-B-Z0P1/report.txt	2	0	0	0	0	0	0
/Volumes/GigiMurin/plip/Gylcerolipids/BD4uc1-B-B-OLC1/report.txt	3	3	0	0	0	0	0
/Volumes/GigiMurin/plip/Gylcerolipids/BD4uc1-B-B-OLC2/report.txt	2	0	0	0	0	0	0
/Volumes/GigiMurin/plip/Gylcerolipids/BD4uc1-B-B-OLC3/report.txt	2	2	0	0	0	0	0
/Volumes/GigiMurin/plip/Gylcerolipids/BD4uc1-B-B-OLC4/report.txt	2	0	0	0	0	0	0
/Volumes/GigiMurin/plip/Gylcerolipids/BD4uc1-B-B-OLC5/report.txt	2	1	0	0	0	0	0
/Volumes/GigiMurin/plip/Gylcerolipids/BD4uc1-B-B-OLC6/report.txt	2	1	0	0	0	0	0
/Volumes/GigiMurin/plip/Gylcerolipids/BD4uc1-B-B-OLC7/report.txt	1	2	0	0	0	0	0
/Volumes/GigiMurin/plip/Gylcerolipids/BD4uc1-B-B-Z0P1/report.txt	4	1	0	0	0	0	0
/Volumes/GigiMurin/plip/Gylcerolipids/BD4uc1-C-C-OLC1/report.txt	0	0	0	0	0	0	0
/Volumes/GigiMurin/plip/Gylcerolipids/BD4uc1-C-C-OLC2/report.txt	6	0	0	0	0	0	0
/Volumes/GigiMurin/plip/Gylcerolipids/BD4uc1-C-C-OLC3/report.txt	6	0	0	0	0	0	0
/Volumes/GigiMurin/plip/Gylcerolipids/BD4uc1-C-C-OLC4/report.txt	0	2	0	0	0	0	0
/Volumes/GigiMurin/plip/Gylcerolipids/BD4uc2-A-A-OLC1/report.txt	5	1	0	0	0	0	0
/Volumes/GigiMurin/plip/Gylcerolipids/BD4uc2-B-B-OLC1/report.txt	5	3	0	0	0	0	0
/Volumes/GigiMurin/plip/Gylcerolipids/BD4uc2-B-B-OLC2/report.txt	6	0	0	0	0	0	0
/Volumes/GigiMurin/plip/Gylcerolipids/BD4uc2-B-B-OLC3/report.txt	3	1	0	0	0	0	0
/Volumes/GigiMurin/plip/Gylcerolipids/BD4uc2-B-B-OLC4/report.txt	3	0	0	0	0	0	0
/Volumes/GigiMurin/plip/Gylcerolipids/BD4uc2-B-B-OLC5/report.txt	3	0	0	0	0	0	0
/Volumes/GigiMurin/plip/Gylcerolipids/BD4uc3-A-A-OLC1/report.txt	6	4	0	0	0	0	0
/Volumes/GigiMurin/plip/Gylcerolipids/BD4uc3-A-A-OLC2/report.txt	4	2	0	0	0	0	0
/Volumes/GigiMurin/plip/Gylcerolipids/BD4uc3-A-A-YZY1/report.txt	5	2	0	0	0	0	0
/Volumes/GigiMurin/plip/Gylcerolipids/BD4uc3-B-B-OLC1/report.txt	6	4	0	0	0	0	0
/Volumes/GigiMurin/plip/Gylcerolipids/BD4uuj-C-C-DGA1/report.txt	1	0	1	0	0	0	0
/Volumes/GigiMurin/plip/Gylcerolipids/BD4uxw-A-A-OLC1/report.txt	5	1	0	0	0	0	0
/Volumes/GigiMurin/plip/Gylcerolipids/BD4uxw-A-A-OLC2/report.txt	5	1	0	0	0	0	0
/Volumes/GigiMurin/plip/Gylcerolipids/BD4uxw-A-B-OLC1/report.txt	0	1	0	0	0	0	0
/Volumes/GigiMurin/plip/Gylcerolipids/BD4uxw-B-A-OLC1/report.txt	2	0	0	0	0	0	0
/Volumes/GigiMurin/plip/Gylcerolipids/BD4uxw-B-B-OLC1/report.txt	8	2	0	0	0	0	0
/Volumes/GigiMurin/plip/Gylcerolipids/BD4uxw-B-B-OLC2/report.txt	8	1	0	0	0	0	0
/Volumes/GigiMurin/plip/Gylcerolipids/BD4uxw-B-C-OLC1/report.txt	1	0	0	0	0	0	0
/Volumes/GigiMurin/plip/Gylcerolipids/BD4uxw-B-C-OLC2/report.txt	1	1	0	0	0	0	0
/Volumes/GigiMurin/plip/Gylcerolipids/BD4uxw-C-C-OLC1/report.txt	9	2	0	0	0	0	0
/Volumes/GigiMurin/plip/Gylcerolipids/BD4uxw-C-C-OLC2/report.txt	1	2	0	0	0	0	0
/Volumes/GigiMurin/plip/Gylcerolipids/BD4uxx-A-A-OLC1/report.txt	4	1	0	0	0	0	0
/Volumes/GigiMurin/plip/Gylcerolipids/BD4uxx-A-A-OLC2/report.txt	10	0	0	0	0	0	0
/Volumes/GigiMurin/plip/Gylcerolipids/BD4uxx-A-B-OLC1/report.txt	0	1	0	0	0	0	0
/Volumes/GigiMurin/plip/Gylcerolipids/BD4uxx-B-A-OLC1/report.txt	2	0	0	0	0	0	0
/Volumes/GigiMurin/plip/Gylcerolipids/BD4uxx-B-B-OLC1/report.txt	4	3	0	0	0	0	0
/Volumes/GigiMurin/plip/Gylcerolipids/BD4uxx-B-B-OLC2/report.txt	4	1	0	0	0	0	0
/Volumes/GigiMurin/plip/Gylcerolipids/BD4uxx-B-C-OLC2/report.txt	0	1	0	0	0	0	0
/Volumes/GigiMurin/plip/Gylcerolipids/BD4uxx-C-C-OLC1/report.txt	4	1	0	0	0	0	0
/Volumes/GigiMurin/plip/Gylcerolipids/BD4uxx-C-C-OLC2/report.txt	5	2	0	0	0	0	0
/Volumes/GigiMurin/plip/Gylcerolipids/BD4v62-AA-AA-SQD1/report.txt	1	2	0	0	0	0	0
/Volumes/GigiMurin/plip/Gylcerolipids/BD4v62-AA-AA-SQD2/report.txt	4	2	0	0	0	0	0
/Volumes/GigiMurin/plip/Gylcerolipids/BD4v62-AD-AD-SQD1/report.txt	2	1	2	0	0	0	0
/Volumes/GigiMurin/plip/Gylcerolipids/BD4v62-AF-AF-SQD1/report.txt	4	2	0	0	0	0	0
/Volumes/GigiMurin/plip/Gylcerolipids/BD4v62-BA-BA-SQD1/report.txt	4	3	0	0	0	0	0
/Volumes/GigiMurin/plip/Gylcerolipids/BD4v62-BA-BA-SQD2/report.txt	2	2	0	0	0	0	0
/Volumes/GigiMurin/plip/Gylcerolipids/BD4v62-BB-BB-SQD1/report.txt	1	0	1	0	0	0	0
/Volumes/GigiMurin/plip/Gylcerolipids/BD4v62-BD-BD-SQD1/report.txt	2	1	2	0	0	0	0
/Volumes/GigiMurin/plip/Gylcerolipids/BD4v62-BF-BF-SQD1/report.txt	4	3	0	0	0	0	0
/Volumes/GigiMurin/plip/Gylcerolipids/BD4v62-BL-BL-SQD1/report.txt	1	2	1	0	0	0	0
/Volumes/GigiMurin/plip/Gylcerolipids/BD4v82-AA-AA-SQD1/report.txt	1	2	0	0	0	0	0
/Volumes/GigiMurin/plip/Gylcerolipids/BD4v82-AA-AA-SQD2/report.txt	2	1	0	0	0	0	0
/Volumes/GigiMurin/plip/Gylcerolipids/BD4v82-AB-AB-SQD1/report.txt	2	1	1	0	0	0	0
/Volumes/GigiMurin/plip/Gylcerolipids/BD4v82-AB-AB-SQD2/report.txt	2	0	1	0	0	0	0
/Volumes/GigiMurin/plip/Gylcerolipids/BD4v82-AF-AF-SQD1/report.txt	1	2	0	0	0	0	0
/Volumes/GigiMurin/plip/Gylcerolipids/BD4v82-BA-BA-SQD1/report.txt	4	2	0	0	0	0	0
/Volumes/GigiMurin/plip/Gylcerolipids/BD4v82-BA-BA-SQD2/report.txt	1	2	0	0	0	0	0
/Volumes/GigiMurin/plip/Gylcerolipids/BD4v82-BB-BB-SQD1/report.txt	2	0	1	0	0	0	0
/Volumes/GigiMurin/plip/Gylcerolipids/BD4v82-BB-BB-SQD2/report.txt	2	0	1	0	0	0	0
/Volumes/GigiMurin/plip/Gylcerolipids/BD4v82-BF-BF-SQD1/report.txt	2	1	0	0	0	0	0
/Volumes/GigiMurin/plip/Gylcerolipids/BD4wo1-A-A-OLC1/report.txt	1	0	0	0	0	0	0
/Volumes/GigiMurin/plip/Gylcerolipids/BD4wo1-A-D-OLC1/report.txt	1	0	0	0	0	0	0
/Volumes/GigiMurin/plip/Gylcerolipids/BD4wo1-B-B-OLC1/report.txt	3	1	0	0	0	0	0
/Volumes/GigiMurin/plip/Gylcerolipids/BD4wo1-B-B-OLC2/report.txt	1	2	0	0	0	0	0
/Volumes/GigiMurin/plip/Gylcerolipids/BD4wo1-B-C-OLC1/report.txt	2	0	0	0	0	0	0
/Volumes/GigiMurin/plip/Gylcerolipids/BD4wo1-B-D-OLC1/report.txt	2	0	0	0	0	0	0
/Volumes/GigiMurin/plip/Gylcerolipids/BD4wo1-C-A-OLC1/report.txt	1	0	0	0	0	0	0
/Volumes/GigiMurin/plip/Gylcerolipids/BD4wo1-C-C-OLC1/report.txt	0	0	0	0	0	0	0
/Volumes/GigiMurin/plip/Gylcerolipids/BD4wo1-D-B-OLC1/report.txt	1	0	0	0	0	0	0
/Volumes/GigiMurin/plip/Gylcerolipids/BD4wo1-D-D-OLC1/report.txt	2	0	0	0	0	0	0
/Volumes/GigiMurin/plip/Gylcerolipids/BD4wo1-D-D-OLC2/report.txt	2	0	0	0	0	0	0
/Volumes/GigiMurin/plip/Gylcerolipids/BD4wol-B-B-OLC1/report.txt	1	1	0	0	0	0	0
/Volumes/GigiMurin/plip/Gylcerolipids/BD4wol-B-C-OLC1/report.txt	3	0	0	0	0	0	0
/Volumes/GigiMurin/plip/Gylcerolipids/BD4wol-C-C-OLC1/report.txt	1	0	0	0	0	0	0
/Volumes/GigiMurin/plip/Gylcerolipids/BD4wol-C-C-OLC2/report.txt	2	2	0	0	0	0	0
/Volumes/GigiMurin/plip/Gylcerolipids/BD4wol-C-C-OLC3/report.txt	1	0	0	0	0	0	0
/Volumes/GigiMurin/plip/Gylcerolipids/BD4x5m-B-B-OLC1/report.txt	3	1	0	0	0	0	0
/Volumes/GigiMurin/plip/Gylcerolipids/BD4x5m-B-B-OLC2/report.txt	2	2	0	0	0	0	0
/Volumes/GigiMurin/plip/Gylcerolipids/BD4x5m-C-B-OLC1/report.txt	1	1	0	0	0	0	0
/Volumes/GigiMurin/plip/Gylcerolipids/BD4xnv-A-A-OLC1/report.txt	1	0	0	0	0	0	0
/Volumes/GigiMurin/plip/Gylcerolipids/BD4xnv-A-A-OLC2/report.txt	6	0	0	0	0	0	0
/Volumes/GigiMurin/plip/Gylcerolipids/BD4xnv-A-A-OLC3/report.txt	4	1	0	0	0	0	0
/Volumes/GigiMurin/plip/Gylcerolipids/BD4xnv-A-A-OLC4/report.txt	6	2	0	0	0	0	0
/Volumes/GigiMurin/plip/Gylcerolipids/BD4xnv-A-A-OLC5/report.txt	3	1	1	0	0	0	0
/Volumes/GigiMurin/plip/Gylcerolipids/BD4xnv-A-A-OLC6/report.txt	7	0	0	0	0	0	0
/Volumes/GigiMurin/plip/Gylcerolipids/BD4xnv-A-A-OLC7/report.txt	5	1	0	0	0	0	0
/Volumes/GigiMurin/plip/Gylcerolipids/BD4xnv-A-A-OLC8/report.txt	6	1	0	0	0	0	0
/Volumes/GigiMurin/plip/Gylcerolipids/BD4xt1-A-A-OLC1/report.txt	2	0	0	0	0	0	0
/Volumes/GigiMurin/plip/Gylcerolipids/BD4xt1-A-A-OLC2/report.txt	3	1	0	0	0	0	0
/Volumes/GigiMurin/plip/Gylcerolipids/BD4xt1-A-A-OLC3/report.txt	6	1	0	0	0	0	0
/Volumes/GigiMurin/plip/Gylcerolipids/BD4xt1-A-A-OLC4/report.txt	3	2	0	0	0	0	0
/Volumes/GigiMurin/plip/Gylcerolipids/BD4xt1-A-A-OLC5/report.txt	1	0	0	0	0	0	0
/Volumes/GigiMurin/plip/Gylcerolipids/BD4xt1-A-A-OLC6/report.txt	4	2	0	0	0	0	0
/Volumes/GigiMurin/plip/Gylcerolipids/BD4yuu-b2-b2-SQD1/report.txt	0	1	1	0	0	0	0
/Volumes/GigiMurin/plip/Gylcerolipids/BD4yuu-D1-D1-SQD1/report.txt	0	0	0	0	0	0	0
/Volumes/GigiMurin/plip/Gylcerolipids/BD4yuu-D2-D2-SQD1/report.txt	0	0	0	0	0	0	0
/Volumes/GigiMurin/plip/Gylcerolipids/BD4z3n-A-A-OLC1/report.txt	10	1	0	0	0	0	0
/Volumes/GigiMurin/plip/Gylcerolipids/BD4z3n-A-A-OLC2/report.txt	3	0	0	0	0	0	0
/Volumes/GigiMurin/plip/Gylcerolipids/BD4z3n-A-A-OLC3/report.txt	0	0	0	0	0	0	0
/Volumes/GigiMurin/plip/Gylcerolipids/BD4z3n-A-A-OLC4/report.txt	2	0	0	0	0	0	0
/Volumes/GigiMurin/plip/Gylcerolipids/BD4z3n-A-A-OLC5/report.txt	2	0	0	0	0	0	0
/Volumes/GigiMurin/plip/Gylcerolipids/BD4z3n-A-A-OLC6/report.txt	3	0	0	0	0	0	0
/Volumes/GigiMurin/plip/Gylcerolipids/BD4z3n-A-A-OLC7/report.txt	0	0	0	0	0	0	0
/Volumes/GigiMurin/plip/Gylcerolipids/BD4zra-A-A-4RF1/report.txt	14	1	0	0	0	0	0
/Volumes/GigiMurin/plip/Gylcerolipids/BD4zw9-A-A-OLC1/report.txt	9	1	0	0	0	0	0
/Volumes/GigiMurin/plip/Gylcerolipids/BD4zw9-A-A-OLC2/report.txt	6	4	0	0	0	0	0
/Volumes/GigiMurin/plip/Gylcerolipids/BD4zw9-A-A-OLC3/report.txt	6	2	0	0	0	0	0
/Volumes/GigiMurin/plip/Gylcerolipids/BD4zwc-A-A-OLC1/report.txt	4	0	0	0	0	0	0
/Volumes/GigiMurin/plip/Gylcerolipids/BD4zwc-A-A-OLC2/report.txt	3	2	0	0	0	0	0
/Volumes/GigiMurin/plip/Gylcerolipids/BD4zwc-B-B-OLC1/report.txt	3	2	0	0	0	0	0
/Volumes/GigiMurin/plip/Gylcerolipids/BD5a8e-A-A-OLC1/report.txt	5	0	0	0	0	0	0
/Volumes/GigiMurin/plip/Gylcerolipids/BD5a8e-A-A-OLC2/report.txt	0	0	1	0	0	0	0
/Volumes/GigiMurin/plip/Gylcerolipids/BD5a8e-A-A-OLC3/report.txt	4	0	0	0	0	0	0
/Volumes/GigiMurin/plip/Gylcerolipids/BD5a8e-A-A-OLC4/report.txt	6	4	1	0	0	0	0
/Volumes/GigiMurin/plip/Gylcerolipids/BD5a8e-A-A-OLC5/report.txt	3	1	0	0	0	0	0
/Volumes/GigiMurin/plip/Gylcerolipids/BD5aww-G-G-OLC1/report.txt	5	0	0	0	0	0	0
/Volumes/GigiMurin/plip/Gylcerolipids/BD5aww-G-G-OLC2/report.txt	2	0	0	0	0	0	0
/Volumes/GigiMurin/plip/Gylcerolipids/BD5aww-G-G-OLC3/report.txt	2	0	0	0	0	0	0
/Volumes/GigiMurin/plip/Gylcerolipids/BD5aww-G-G-OLC4/report.txt	2	0	0	0	0	0	0
/Volumes/GigiMurin/plip/Gylcerolipids/BD5aww-Y-G-OLC2/report.txt	2	0	0	0	0	0	0
/Volumes/GigiMurin/plip/Gylcerolipids/BD5aww-Y-Y-OLC1/report.txt	2	0	0	0	0	0	0
/Volumes/GigiMurin/plip/Gylcerolipids/BD5aww-Y-Y-OLC2/report.txt	0	0	0	0	0	0	0
/Volumes/GigiMurin/plip/Gylcerolipids/BD5aww-Y-Y-OLC3/report.txt	2	0	0	0	0	0	0
/Volumes/GigiMurin/plip/Gylcerolipids/BD5aww-Y-Y-OLC4/report.txt	2	0	0	0	0	0	0
/Volumes/GigiMurin/plip/Gylcerolipids/BD5aww-Y-Y-OLC5/report.txt	0	0	0	0	0	0	0
/Volumes/GigiMurin/plip/Gylcerolipids/BD5aww-Y-Y-OLC6/report.txt	0	0	0	0	0	0	0
/Volumes/GigiMurin/plip/Gylcerolipids/BD5aww-Y-Y-OLC7/report.txt	4	1	0	0	0	0	0
/Volumes/GigiMurin/plip/Gylcerolipids/BD5ayn-A-A-OLC1/report.txt	1	0	1	0	0	0	0
/Volumes/GigiMurin/plip/Gylcerolipids/BD5ayn-A-A-OLC2/report.txt	8	0	0	0	0	0	0
/Volumes/GigiMurin/plip/Gylcerolipids/BD5ayn-A-A-OLC3/report.txt	8	0	0	0	0	0	0
/Volumes/GigiMurin/plip/Gylcerolipids/BD5ayn-A-A-OLC4/report.txt	6	1	1	0	0	0	0
/Volumes/GigiMurin/plip/Gylcerolipids/BD5ayn-A-A-OLC5/report.txt	4	0	0	0	0	0	0
/Volumes/GigiMurin/plip/Gylcerolipids/BD5ayn-A-A-OLC6/report.txt	3	0	0	0	0	0	0
/Volumes/GigiMurin/plip/Gylcerolipids/BD5ayn-A-A-OLC7/report.txt	5	0	0	0	0	0	0
/Volumes/GigiMurin/plip/Gylcerolipids/BD5ayn-A-A-OLC8/report.txt	1	0	0	0	0	0	0
/Volumes/GigiMurin/plip/Gylcerolipids/BD5ayn-A-A-OLC9/report.txt	0	1	0	0	0	0	0
/Volumes/GigiMurin/plip/Gylcerolipids/BD5ayo-A-A-OLC1/report.txt	4	0	0	0	0	0	0
/Volumes/GigiMurin/plip/Gylcerolipids/BD5b1a-A-B-TGL1/report.txt	9	0	0	0	0	0	0
/Volumes/GigiMurin/plip/Gylcerolipids/BD5b1a-A-D-TGL1/report.txt	8	0	1	0	0	0	0
/Volumes/GigiMurin/plip/Gylcerolipids/BD5b1a-A-L-TGL1/report.txt	10	0	0	0	0	0	0
/Volumes/GigiMurin/plip/Gylcerolipids/BD5b1a-B-B-TGL1/report.txt	5	0	1	0	0	0	0
/Volumes/GigiMurin/plip/Gylcerolipids/BD5b1a-B-D-TGL1/report.txt	2	0	0	0	0	0	0
/Volumes/GigiMurin/plip/Gylcerolipids/BD5b1a-D-D-TGL1/report.txt	3	2	0	0	0	0	0
/Volumes/GigiMurin/plip/Gylcerolipids/BD5b1a-L-L-TGL1/report.txt	9	0	0	0	0	0	0
/Volumes/GigiMurin/plip/Gylcerolipids/BD5b1a-N-N-TGL1/report.txt	7	0	0	0	0	0	0
/Volumes/GigiMurin/plip/Gylcerolipids/BD5b1a-N-Q-TGL1/report.txt	9	0	1	0	0	0	0
/Volumes/GigiMurin/plip/Gylcerolipids/BD5b1a-N-Y-TGL1/report.txt	10	0	0	0	0	0	0
/Volumes/GigiMurin/plip/Gylcerolipids/BD5b1a-O-N-TGL1/report.txt	2	0	1	0	0	0	0
/Volumes/GigiMurin/plip/Gylcerolipids/BD5b1a-O-Q-TGL1/report.txt	2	0	0	0	0	0	0
/Volumes/GigiMurin/plip/Gylcerolipids/BD5b1a-Q-Q-TGL1/report.txt	3	2	0	0	0	0	0
/Volumes/GigiMurin/plip/Gylcerolipids/BD5b1a-Y-Y-TGL1/report.txt	8	0	0	0	0	0	0
/Volumes/GigiMurin/plip/Gylcerolipids/BD5b1b-A-A-TGL1/report.txt	9	0	0	0	0	0	0
/Volumes/GigiMurin/plip/Gylcerolipids/BD5b1b-A-D-TGL1/report.txt	5	0	0	0	0	0	0
/Volumes/GigiMurin/plip/Gylcerolipids/BD5b1b-A-L-TGL1/report.txt	11	0	0	0	0	0	0
/Volumes/GigiMurin/plip/Gylcerolipids/BD5b1b-B-A-TGL1/report.txt	1	0	1	0	0	0	0
/Volumes/GigiMurin/plip/Gylcerolipids/BD5b1b-B-D-TGL1/report.txt	2	0	0	0	0	0	0
/Volumes/GigiMurin/plip/Gylcerolipids/BD5b1b-D-D-TGL1/report.txt	3	3	0	0	0	0	0
/Volumes/GigiMurin/plip/Gylcerolipids/BD5b1b-L-L-TGL1/report.txt	7	0	0	0	0	0	0
/Volumes/GigiMurin/plip/Gylcerolipids/BD5b1b-N-N-TGL1/report.txt	17	0	0	0	0	0	0
/Volumes/GigiMurin/plip/Gylcerolipids/BD5b1b-N-O-TGL1/report.txt	10	0	0	0	0	0	0
/Volumes/GigiMurin/plip/Gylcerolipids/BD5b1b-N-Q-TGL1/report.txt	3	0	1	0	0	0	0
/Volumes/GigiMurin/plip/Gylcerolipids/BD5b1b-O-O-TGL1/report.txt	6	0	0	0	0	0	0
/Volumes/GigiMurin/plip/Gylcerolipids/BD5b1b-O-Q-TGL1/report.txt	2	0	0	0	0	0	0
/Volumes/GigiMurin/plip/Gylcerolipids/BD5b1b-Q-Q-TGL1/report.txt	4	1	0	0	0	0	0
/Volumes/GigiMurin/plip/Gylcerolipids/BD5b3s-A-B-TGL1/report.txt	7	0	0	0	0	0	0
/Volumes/GigiMurin/plip/Gylcerolipids/BD5b3s-A-B-TGL2/report.txt	7	0	1	0	0	0	0
/Volumes/GigiMurin/plip/Gylcerolipids/BD5b3s-A-L-TGL1/report.txt	10	0	0	0	0	0	0
/Volumes/GigiMurin/plip/Gylcerolipids/BD5b3s-B-B-TGL1/report.txt	3	0	1	0	0	0	0
/Volumes/GigiMurin/plip/Gylcerolipids/BD5b3s-B-B-TGL2/report.txt	2	0	0	0	0	0	0
/Volumes/GigiMurin/plip/Gylcerolipids/BD5b3s-D-B-TGL2/report.txt	2	1	0	0	0	0	0
/Volumes/GigiMurin/plip/Gylcerolipids/BD5b3s-L-L-TGL1/report.txt	7	0	0	0	0	0	0
/Volumes/GigiMurin/plip/Gylcerolipids/BD5b3s-N-N-TGL1/report.txt	10	0	0	0	0	0	0
/Volumes/GigiMurin/plip/Gylcerolipids/BD5b3s-N-Q-TGL1/report.txt	6	0	1	0	0	0	0
/Volumes/GigiMurin/plip/Gylcerolipids/BD5b3s-N-Y-TGL1/report.txt	9	0	0	0	0	0	0
/Volumes/GigiMurin/plip/Gylcerolipids/BD5b3s-O-N-TGL1/report.txt	1	0	1	0	0	0	0
/Volumes/GigiMurin/plip/Gylcerolipids/BD5b3s-O-Q-TGL1/report.txt	5	0	0	0	0	0	0
/Volumes/GigiMurin/plip/Gylcerolipids/BD5b3s-Q-Q-TGL1/report.txt	4	1	0	0	0	0	0
/Volumes/GigiMurin/plip/Gylcerolipids/BD5b3s-Y-Y-TGL1/report.txt	9	0	0	0	0	0	0
/Volumes/GigiMurin/plip/Gylcerolipids/BD5b5e-a-a-SQD1/report.txt	6	2	0	0	0	0	0
/Volumes/GigiMurin/plip/Gylcerolipids/BD5b5e-a-a-SQD2/report.txt	6	3	0	0	0	0	0
/Volumes/GigiMurin/plip/Gylcerolipids/BD5b5e-b-A-SQD2/report.txt	0	1	0	0	0	0	0
/Volumes/GigiMurin/plip/Gylcerolipids/BD5b5e-B-B-SQD1/report.txt	2	0	1	0	0	0	0
/Volumes/GigiMurin/plip/Gylcerolipids/BD5b5e-b-L-SQD1/report.txt	2	0	1	0	0	0	0
/Volumes/GigiMurin/plip/Gylcerolipids/BD5b5e-c-a-SQD1/report.txt	1	2	0	0	0	0	0
/Volumes/GigiMurin/plip/Gylcerolipids/BD5b5e-D-A-SQD1/report.txt	0	0	1	0	0	0	0
/Volumes/GigiMurin/plip/Gylcerolipids/BD5b5e-D-D-SQD1/report.txt	0	1	1	0	0	0	0
/Volumes/GigiMurin/plip/Gylcerolipids/BD5b5e-d-x-SQD1/report.txt	0	1	1	0	0	0	0
/Volumes/GigiMurin/plip/Gylcerolipids/BD5b5e-j-a-SQD1/report.txt	1	0	0	0	0	0	0
/Volumes/GigiMurin/plip/Gylcerolipids/BD5b5e-k-a-SQD1/report.txt	3	0	0	0	0	0	0
/Volumes/GigiMurin/plip/Gylcerolipids/BD5b5e-l-B-SQD1/report.txt	0	0	1	0	0	0	0
/Volumes/GigiMurin/plip/Gylcerolipids/BD5b5e-l-L-SQD1/report.txt	2	2	2	0	0	0	0
/Volumes/GigiMurin/plip/Gylcerolipids/BD5b5e-t-B-SQD1/report.txt	1	1	0	0	0	0	0
/Volumes/GigiMurin/plip/Gylcerolipids/BD5b5e-T-L-SQD1/report.txt	3	0	0	0	0	0	0
/Volumes/GigiMurin/plip/Gylcerolipids/BD5b5e-X-D-SQD1/report.txt	2	0	0	0	0	0	0
/Volumes/GigiMurin/plip/Gylcerolipids/BD5b5e-x-x-SQD1/report.txt	4	0	0	0	0	0	0
/Volumes/GigiMurin/plip/Gylcerolipids/BD5b66-a-a-SQD1/report.txt	6	2	0	0	0	0	0
/Volumes/GigiMurin/plip/Gylcerolipids/BD5b66-a-a-SQD2/report.txt	3	3	0	0	0	0	0
/Volumes/GigiMurin/plip/Gylcerolipids/BD5b66-B-a-SQD1/report.txt	1	1	0	0	0	0	0
/Volumes/GigiMurin/plip/Gylcerolipids/BD5b66-b-A-SQD2/report.txt	1	1	0	0	0	0	0
/Volumes/GigiMurin/plip/Gylcerolipids/BD5b66-b-b-SQD1/report.txt	2	0	1	0	0	0	0
/Volumes/GigiMurin/plip/Gylcerolipids/BD5b66-B-l-SQD1/report.txt	2	0	1	0	0	0	0
/Volumes/GigiMurin/plip/Gylcerolipids/BD5b66-C-A-SQD1/report.txt	1	2	0	0	0	0	0
/Volumes/GigiMurin/plip/Gylcerolipids/BD5b66-c-a-SQD2/report.txt	2	1	0	0	0	0	0
/Volumes/GigiMurin/plip/Gylcerolipids/BD5b66-D-A-SQD1/report.txt	0	0	1	0	0	0	0
/Volumes/GigiMurin/plip/Gylcerolipids/BD5b66-d-a-SQD2/report.txt	0	0	1	0	0	0	0
/Volumes/GigiMurin/plip/Gylcerolipids/BD5b66-d-f-SQD1/report.txt	0	1	1	0	0	0	0
/Volumes/GigiMurin/plip/Gylcerolipids/BD5b66-E-F-SQD1/report.txt	0	1	0	0	0	0	0
/Volumes/GigiMurin/plip/Gylcerolipids/BD5b66-f-f-SQD1/report.txt	1	1	0	0	0	0	0
/Volumes/GigiMurin/plip/Gylcerolipids/BD5b66-h-A-SQD2/report.txt	0	0	0	0	0	0	0
/Volumes/GigiMurin/plip/Gylcerolipids/BD5b66-j-a-SQD2/report.txt	1	0	0	0	0	0	0
/Volumes/GigiMurin/plip/Gylcerolipids/BD5b66-K-A-SQD1/report.txt	1	0	0	0	0	0	0
/Volumes/GigiMurin/plip/Gylcerolipids/BD5b66-k-a-SQD2/report.txt	3	0	0	0	0	0	0
/Volumes/GigiMurin/plip/Gylcerolipids/BD5b66-L-b-SQD1/report.txt	1	2	2	0	0	0	0
/Volumes/GigiMurin/plip/Gylcerolipids/BD5b66-l-l-SQD1/report.txt	0	0	1	0	0	0	0
/Volumes/GigiMurin/plip/Gylcerolipids/BD5b66-T-b-SQD1/report.txt	4	0	0	0	0	0	0
/Volumes/GigiMurin/plip/Gylcerolipids/BD5b66-t-l-SQD1/report.txt	2	0	0	0	0	0	0
/Volumes/GigiMurin/plip/Gylcerolipids/BD5b66-x-f-SQD1/report.txt	2	0	0	0	0	0	0
/Volumes/GigiMurin/plip/Gylcerolipids/BD5b6v-A-A-L2P1/report.txt	3	0	0	0	0	0	0
/Volumes/GigiMurin/plip/Gylcerolipids/BD5b6v-A-A-L2P2/report.txt	1	0	0	0	0	0	0
/Volumes/GigiMurin/plip/Gylcerolipids/BD5b6v-A-A-L2P3/report.txt	7	1	0	0	0	0	0
/Volumes/GigiMurin/plip/Gylcerolipids/BD5b6w-A-A-L2P1/report.txt	3	0	0	0	0	0	0
/Volumes/GigiMurin/plip/Gylcerolipids/BD5b6w-A-A-L2P2/report.txt	1	0	0	0	0	0	0
/Volumes/GigiMurin/plip/Gylcerolipids/BD5b6w-A-A-L2P3/report.txt	7	1	0	0	0	0	0
/Volumes/GigiMurin/plip/Gylcerolipids/BD5b6x-A-A-L2P1/report.txt	3	0	0	0	0	0	0
/Volumes/GigiMurin/plip/Gylcerolipids/BD5b6x-A-A-L2P2/report.txt	1	0	0	0	0	0	0
/Volumes/GigiMurin/plip/Gylcerolipids/BD5b6x-A-A-L2P3/report.txt	7	1	0	0	0	0	0
/Volumes/GigiMurin/plip/Gylcerolipids/BD5b6y-A-A-L2P1/report.txt	3	0	0	0	0	0	0
/Volumes/GigiMurin/plip/Gylcerolipids/BD5b6y-A-A-L2P2/report.txt	1	0	0	0	0	0	0
/Volumes/GigiMurin/plip/Gylcerolipids/BD5b6y-A-A-L2P3/report.txt	7	1	0	0	0	0	0
/Volumes/GigiMurin/plip/Gylcerolipids/BD5b6z-A-A-L2P1/report.txt	3	0	0	0	0	0	0
/Volumes/GigiMurin/plip/Gylcerolipids/BD5b6z-A-A-L2P2/report.txt	1	0	0	0	0	0	0
/Volumes/GigiMurin/plip/Gylcerolipids/BD5b6z-A-A-L2P3/report.txt	7	1	0	0	0	0	0
/Volumes/GigiMurin/plip/Gylcerolipids/BD5c02-A-A-OLC1/report.txt	6	0	0	0	0	0	0
/Volumes/GigiMurin/plip/Gylcerolipids/BD5c02-A-A-OLC2/report.txt	2	0	0	0	0	0	0
/Volumes/GigiMurin/plip/Gylcerolipids/BD5c1m-A-A-OLC1/report.txt	1	0	0	0	0	0	0
/Volumes/GigiMurin/plip/Gylcerolipids/BD5c1m-A-A-OLC2/report.txt	3	0	0	0	0	0	0
/Volumes/GigiMurin/plip/Gylcerolipids/BD5dhg-B-B-OLC1/report.txt	0	3	0	0	0	0	0
/Volumes/GigiMurin/plip/Gylcerolipids/BD5dhh-B-B-OLC1/report.txt	0	2	0	0	0	0	0
/Volumes/GigiMurin/plip/Gylcerolipids/BD5dir-A-A-OLC1/report.txt	4	1	0	0	0	0	0
/Volumes/GigiMurin/plip/Gylcerolipids/BD5dir-A-A-OLC2/report.txt	6	1	0	0	0	0	0
/Volumes/GigiMurin/plip/Gylcerolipids/BD5dir-A-A-OLC3/report.txt	2	0	0	0	0	0	0
/Volumes/GigiMurin/plip/Gylcerolipids/BD5dir-A-A-OLC4/report.txt	7	0	0	0	0	0	0
/Volumes/GigiMurin/plip/Gylcerolipids/BD5dir-A-A-OLC5/report.txt	4	0	0	0	0	0	0
/Volumes/GigiMurin/plip/Gylcerolipids/BD5dir-A-A-OLC6/report.txt	5	2	1	0	0	0	0
/Volumes/GigiMurin/plip/Gylcerolipids/BD5dir-B-B-OLC1/report.txt	5	1	0	0	0	0	0
/Volumes/GigiMurin/plip/Gylcerolipids/BD5dir-B-B-OLC2/report.txt	3	0	0	0	0	0	0
/Volumes/GigiMurin/plip/Gylcerolipids/BD5dir-B-B-OLC3/report.txt	2	0	0	0	0	0	0
/Volumes/GigiMurin/plip/Gylcerolipids/BD5dir-B-B-OLC4/report.txt	7	2	0	0	0	0	0
/Volumes/GigiMurin/plip/Gylcerolipids/BD5dir-B-B-OLC5/report.txt	2	0	0	0	0	0	0
/Volumes/GigiMurin/plip/Gylcerolipids/BD5dir-B-B-OLC6/report.txt	2	0	0	0	0	0	0
/Volumes/GigiMurin/plip/Gylcerolipids/BD5dir-B-B-OLC7/report.txt	1	2	0	0	0	0	0
/Volumes/GigiMurin/plip/Gylcerolipids/BD5dir-C-C-OLC1/report.txt	1	1	0	0	0	0	0
/Volumes/GigiMurin/plip/Gylcerolipids/BD5dir-C-C-OLC2/report.txt	12	1	0	0	0	0	0
/Volumes/GigiMurin/plip/Gylcerolipids/BD5dir-C-C-OLC3/report.txt	3	1	0	0	0	0	0
/Volumes/GigiMurin/plip/Gylcerolipids/BD5dir-C-C-OLC4/report.txt	2	0	0	0	0	0	0
/Volumes/GigiMurin/plip/Gylcerolipids/BD5dir-D-D-OLC1/report.txt	3	1	0	0	0	0	0
/Volumes/GigiMurin/plip/Gylcerolipids/BD5dir-D-D-OLC2/report.txt	4	0	0	0	0	0	0
/Volumes/GigiMurin/plip/Gylcerolipids/BD5dir-D-D-OLC3/report.txt	1	0	0	0	0	0	0
/Volumes/GigiMurin/plip/Gylcerolipids/BD5dir-D-D-OLC4/report.txt	1	0	0	0	0	0	0
/Volumes/GigiMurin/plip/Gylcerolipids/BD5dir-D-D-OLC5/report.txt	3	0	0	0	0	0	0
/Volumes/GigiMurin/plip/Gylcerolipids/BD5dir-F-F-OLC1/report.txt	0	0	0	0	0	0	0
/Volumes/GigiMurin/plip/Gylcerolipids/BD5dir-F-F-OLC2/report.txt	0	0	0	0	0	0	0
/Volumes/GigiMurin/plip/Gylcerolipids/BD5dsg-A-A-OLC1/report.txt	6	2	1	0	0	0	0
/Volumes/GigiMurin/plip/Gylcerolipids/BD5dsg-A-A-OLC2/report.txt	3	0	0	0	0	0	0
/Volumes/GigiMurin/plip/Gylcerolipids/BD5dsg-A-A-OLC3/report.txt	4	3	0	0	0	0	0
/Volumes/GigiMurin/plip/Gylcerolipids/BD5dsg-A-B-OLC1/report.txt	2	0	0	0	0	0	0
/Volumes/GigiMurin/plip/Gylcerolipids/BD5dsg-B-A-OLC1/report.txt	1	0	0	0	0	0	0
/Volumes/GigiMurin/plip/Gylcerolipids/BD5dsg-B-B-OLC1/report.txt	2	0	0	0	0	0	0
/Volumes/GigiMurin/plip/Gylcerolipids/BD5dsg-B-B-OLC2/report.txt	5	3	0	0	0	0	0
/Volumes/GigiMurin/plip/Gylcerolipids/BD5duo-A-A-OLC1/report.txt	5	1	1	0	0	0	0
/Volumes/GigiMurin/plip/Gylcerolipids/BD5duo-A-A-OLC2/report.txt	0	0	0	0	0	0	0
/Volumes/GigiMurin/plip/Gylcerolipids/BD5duo-A-A-OLC3/report.txt	5	0	0	0	0	0	0
/Volumes/GigiMurin/plip/Gylcerolipids/BD5duo-A-A-OLC4/report.txt	1	1	1	0	0	0	0
/Volumes/GigiMurin/plip/Gylcerolipids/BD5duo-A-A-OLC5/report.txt	4	0	0	0	0	0	0
/Volumes/GigiMurin/plip/Gylcerolipids/BD5duo-B-B-OLC1/report.txt	4	0	0	0	0	0	0
/Volumes/GigiMurin/plip/Gylcerolipids/BD5duo-B-B-OLC2/report.txt	2	2	0	0	0	0	0
/Volumes/GigiMurin/plip/Gylcerolipids/BD5duo-B-B-OLC3/report.txt	4	2	0	0	0	0	0
/Volumes/GigiMurin/plip/Gylcerolipids/BD5duo-B-B-OLC4/report.txt	0	0	0	0	0	0	0
/Volumes/GigiMurin/plip/Gylcerolipids/BD5duo-B-B-OLC5/report.txt	0	1	1	0	0	0	0
/Volumes/GigiMurin/plip/Gylcerolipids/BD5duo-B-B-OLC6/report.txt	3	1	0	0	0	0	0
/Volumes/GigiMurin/plip/Gylcerolipids/BD5duo-C-C-OLC1/report.txt	1	0	0	0	0	0	0
/Volumes/GigiMurin/plip/Gylcerolipids/BD5duo-C-C-OLC2/report.txt	4	0	0	0	0	0	0
/Volumes/GigiMurin/plip/Gylcerolipids/BD5duo-C-C-OLC3/report.txt	3	0	0	0	0	0	0
/Volumes/GigiMurin/plip/Gylcerolipids/BD5duo-C-C-OLC4/report.txt	4	0	0	0	0	0	0
/Volumes/GigiMurin/plip/Gylcerolipids/BD5e79-a-a-SQD1/report.txt	10	2	0	0	0	0	0
/Volumes/GigiMurin/plip/Gylcerolipids/BD5e79-a-a-SQD2/report.txt	4	3	0	0	0	0	0
/Volumes/GigiMurin/plip/Gylcerolipids/BD5e79-b-A-SQD2/report.txt	2	1	0	0	0	0	0
/Volumes/GigiMurin/plip/Gylcerolipids/BD5e79-b-b-SQD1/report.txt	4	0	1	0	0	0	0
/Volumes/GigiMurin/plip/Gylcerolipids/BD5e79-b-L-SQD1/report.txt	3	0	1	0	0	0	0
/Volumes/GigiMurin/plip/Gylcerolipids/BD5e79-c-a-SQD1/report.txt	2	2	0	0	0	0	0
/Volumes/GigiMurin/plip/Gylcerolipids/BD5e79-d-a-SQD1/report.txt	0	0	1	0	0	0	0
/Volumes/GigiMurin/plip/Gylcerolipids/BD5e79-d-x-SQD1/report.txt	0	1	1	0	0	0	0
/Volumes/GigiMurin/plip/Gylcerolipids/BD5e79-e-x-SQD1/report.txt	0	0	0	0	0	0	0
/Volumes/GigiMurin/plip/Gylcerolipids/BD5e79-f-x-SQD1/report.txt	0	1	0	0	0	0	0
/Volumes/GigiMurin/plip/Gylcerolipids/BD5e79-k-a-SQD1/report.txt	2	0	0	0	0	0	0
/Volumes/GigiMurin/plip/Gylcerolipids/BD5e79-l-b-SQD1/report.txt	0	1	1	0	0	0	0
/Volumes/GigiMurin/plip/Gylcerolipids/BD5e79-l-l-SQD1/report.txt	5	2	1	0	0	0	0
/Volumes/GigiMurin/plip/Gylcerolipids/BD5e79-t-B-SQD1/report.txt	2	0	0	0	0	0	0
/Volumes/GigiMurin/plip/Gylcerolipids/BD5e79-t-l-SQD1/report.txt	5	1	0	0	0	0	0
/Volumes/GigiMurin/plip/Gylcerolipids/BD5e79-x-x-SQD1/report.txt	2	1	0	0	0	0	0
/Volumes/GigiMurin/plip/Gylcerolipids/BD5e7c-a-a-SQD1/report.txt	9	2	0	0	0	0	0
/Volumes/GigiMurin/plip/Gylcerolipids/BD5e7c-a-a-SQD2/report.txt	4	3	0	0	0	0	0
/Volumes/GigiMurin/plip/Gylcerolipids/BD5e7c-A-b-SQD1/report.txt	4	3	0	0	0	0	0
/Volumes/GigiMurin/plip/Gylcerolipids/BD5e7c-B-a-SQD2/report.txt	1	0	0	0	0	0	0
/Volumes/GigiMurin/plip/Gylcerolipids/BD5e7c-b-b-SQD1/report.txt	3	0	1	0	0	0	0
/Volumes/GigiMurin/plip/Gylcerolipids/BD5e7c-b-b-SQD2/report.txt	3	0	1	0	0	0	0
/Volumes/GigiMurin/plip/Gylcerolipids/BD5e7c-c-a-SQD1/report.txt	1	2	0	0	0	0	0
/Volumes/GigiMurin/plip/Gylcerolipids/BD5e7c-d-a-SQD1/report.txt	0	0	1	0	0	0	0
/Volumes/GigiMurin/plip/Gylcerolipids/BD5e7c-d-x-SQD1/report.txt	0	1	1	0	0	0	0
/Volumes/GigiMurin/plip/Gylcerolipids/BD5e7c-E-X-SQD1/report.txt	0	1	0	0	0	0	0
/Volumes/GigiMurin/plip/Gylcerolipids/BD5e7c-f-x-SQD1/report.txt	0	1	0	0	0	0	0
/Volumes/GigiMurin/plip/Gylcerolipids/BD5e7c-k-a-SQD1/report.txt	2	0	0	0	0	0	0
/Volumes/GigiMurin/plip/Gylcerolipids/BD5e7c-l-B-SQD1/report.txt	0	1	1	0	0	0	0
/Volumes/GigiMurin/plip/Gylcerolipids/BD5e7c-l-b-SQD2/report.txt	0	2	1	0	0	0	0
/Volumes/GigiMurin/plip/Gylcerolipids/BD5e7c-T-b-SQD2/report.txt	3	0	0	0	0	0	0
/Volumes/GigiMurin/plip/Gylcerolipids/BD5e7c-x-x-SQD1/report.txt	2	1	0	0	0	0	0
/Volumes/GigiMurin/plip/Gylcerolipids/BD5ebl-C-C-DGA1/report.txt	1	0	1	0	0	0	0
/Volumes/GigiMurin/plip/Gylcerolipids/BD5ebm-C-C-DGA1/report.txt	0	0	1	0	0	0	0
/Volumes/GigiMurin/plip/Gylcerolipids/BD5ebw-C-C-DGA1/report.txt	2	0	1	0	0	0	0
/Volumes/GigiMurin/plip/Gylcerolipids/BD5ec1-C-C-DGA1/report.txt	3	1	1	0	0	0	0
/Volumes/GigiMurin/plip/Gylcerolipids/BD5ec2-C-C-DGA1/report.txt	2	0	1	0	0	0	0
/Volumes/GigiMurin/plip/Gylcerolipids/BD5gli-A-A-OLC1/report.txt	2	0	0	0	0	0	0
/Volumes/GigiMurin/plip/Gylcerolipids/BD5gli-A-A-OLC2/report.txt	5	0	0	0	0	0	0
/Volumes/GigiMurin/plip/Gylcerolipids/BD5gth-a-a-SQD1/report.txt	7	2	0	0	0	0	0
/Volumes/GigiMurin/plip/Gylcerolipids/BD5gth-a-a-SQD2/report.txt	4	3	0	0	0	0	0
/Volumes/GigiMurin/plip/Gylcerolipids/BD5gth-b-A-SQD2/report.txt	0	4	0	0	0	0	0
/Volumes/GigiMurin/plip/Gylcerolipids/BD5gth-B-B-SQD1/report.txt	2	1	1	0	0	0	0
/Volumes/GigiMurin/plip/Gylcerolipids/BD5gth-b-L-SQD1/report.txt	1	0	1	0	0	0	0
/Volumes/GigiMurin/plip/Gylcerolipids/BD5gth-c-a-SQD1/report.txt	1	4	0	0	0	0	0
/Volumes/GigiMurin/plip/Gylcerolipids/BD5gth-d-a-SQD1/report.txt	0	3	0	0	0	0	0
/Volumes/GigiMurin/plip/Gylcerolipids/BD5gth-D-D-SQD1/report.txt	0	1	1	0	0	0	0
/Volumes/GigiMurin/plip/Gylcerolipids/BD5gth-d-f-SQD1/report.txt	0	0	1	0	0	0	0
/Volumes/GigiMurin/plip/Gylcerolipids/BD5gth-f-f-SQD1/report.txt	2	2	0	0	0	0	0
/Volumes/GigiMurin/plip/Gylcerolipids/BD5gth-k-a-SQD1/report.txt	1	0	0	0	0	0	0
/Volumes/GigiMurin/plip/Gylcerolipids/BD5gth-l-B-SQD1/report.txt	0	0	1	0	0	0	0
/Volumes/GigiMurin/plip/Gylcerolipids/BD5gth-l-L-SQD1/report.txt	0	2	1	0	0	0	0
/Volumes/GigiMurin/plip/Gylcerolipids/BD5gth-t-B-SQD1/report.txt	3	0	0	0	0	0	0
/Volumes/GigiMurin/plip/Gylcerolipids/BD5gth-T-L-SQD1/report.txt	3	0	0	0	0	0	0
/Volumes/GigiMurin/plip/Gylcerolipids/BD5gti-a-a-SQD1/report.txt	7	3	0	0	0	0	0
/Volumes/GigiMurin/plip/Gylcerolipids/BD5gti-a-a-SQD2/report.txt	3	3	0	0	0	0	0
/Volumes/GigiMurin/plip/Gylcerolipids/BD5gti-b-A-SQD2/report.txt	0	4	0	0	0	0	0
/Volumes/GigiMurin/plip/Gylcerolipids/BD5gti-B-B-SQD1/report.txt	2	2	1	0	0	0	0
/Volumes/GigiMurin/plip/Gylcerolipids/BD5gti-b-L-SQD1/report.txt	1	0	1	0	0	0	0
/Volumes/GigiMurin/plip/Gylcerolipids/BD5gti-c-a-SQD1/report.txt	0	4	0	0	0	0	0
/Volumes/GigiMurin/plip/Gylcerolipids/BD5gti-d-a-SQD1/report.txt	0	2	0	0	0	0	0
/Volumes/GigiMurin/plip/Gylcerolipids/BD5gti-D-D-SQD1/report.txt	0	1	2	0	0	0	0
/Volumes/GigiMurin/plip/Gylcerolipids/BD5gti-d-f-SQD1/report.txt	0	0	1	0	0	0	0
/Volumes/GigiMurin/plip/Gylcerolipids/BD5gti-E-D-SQD1/report.txt	0	1	0	0	0	0	0
/Volumes/GigiMurin/plip/Gylcerolipids/BD5gti-f-f-SQD1/report.txt	2	2	0	0	0	0	0
/Volumes/GigiMurin/plip/Gylcerolipids/BD5gti-k-a-SQD1/report.txt	1	0	0	0	0	0	0
/Volumes/GigiMurin/plip/Gylcerolipids/BD5gti-L-B-SQD1/report.txt	0	1	0	0	0	0	0
/Volumes/GigiMurin/plip/Gylcerolipids/BD5gti-L-L-SQD1/report.txt	1	2	1	0	0	0	0
/Volumes/GigiMurin/plip/Gylcerolipids/BD5gti-t-B-SQD1/report.txt	2	0	0	0	0	0	0
/Volumes/GigiMurin/plip/Gylcerolipids/BD5gti-T-L-SQD1/report.txt	4	0	0	0	0	0	0
/Volumes/GigiMurin/plip/Gylcerolipids/BD5h2f-a-a-SQD1/report.txt	5	3	0	0	0	0	0
/Volumes/GigiMurin/plip/Gylcerolipids/BD5h2f-a-a-SQD2/report.txt	4	3	0	0	0	0	0
/Volumes/GigiMurin/plip/Gylcerolipids/BD5h2f-A-C-SQD1/report.txt	6	2	0	0	0	0	0
/Volumes/GigiMurin/plip/Gylcerolipids/BD5h2f-b-A-SQD1/report.txt	1	3	0	0	0	0	0
/Volumes/GigiMurin/plip/Gylcerolipids/BD5h2f-B-a-SQD2/report.txt	0	1	0	0	0	0	0
/Volumes/GigiMurin/plip/Gylcerolipids/BD5h2f-b-b-SQD1/report.txt	0	0	1	0	0	0	0
/Volumes/GigiMurin/plip/Gylcerolipids/BD5h2f-B-l-SQD1/report.txt	1	0	1	0	0	0	0
/Volumes/GigiMurin/plip/Gylcerolipids/BD5h2f-c-a-SQD1/report.txt	1	1	0	0	0	0	0
/Volumes/GigiMurin/plip/Gylcerolipids/BD5h2f-C-C-SQD1/report.txt	1	2	0	0	0	0	0
/Volumes/GigiMurin/plip/Gylcerolipids/BD5h2f-d-a-SQD1/report.txt	0	0	1	0	0	0	0
/Volumes/GigiMurin/plip/Gylcerolipids/BD5h2f-D-C-SQD1/report.txt	0	0	1	0	0	0	0
/Volumes/GigiMurin/plip/Gylcerolipids/BD5h2f-D-D-SQD1/report.txt	0	1	1	0	0	0	0
/Volumes/GigiMurin/plip/Gylcerolipids/BD5h2f-d-f-SQD1/report.txt	0	0	1	0	0	0	0
/Volumes/GigiMurin/plip/Gylcerolipids/BD5h2f-f-f-SQD1/report.txt	0	1	0	0	0	0	0
/Volumes/GigiMurin/plip/Gylcerolipids/BD5h2f-H-a-SQD2/report.txt	0	0	1	0	0	0	0
/Volumes/GigiMurin/plip/Gylcerolipids/BD5h2f-k-a-SQD1/report.txt	2	0	0	0	0	0	0
/Volumes/GigiMurin/plip/Gylcerolipids/BD5h2f-K-C-SQD1/report.txt	2	0	0	0	0	0	0
/Volumes/GigiMurin/plip/Gylcerolipids/BD5h2f-l-b-SQD1/report.txt	1	2	2	0	0	0	0
/Volumes/GigiMurin/plip/Gylcerolipids/BD5h2f-l-l-SQD1/report.txt	0	0	1	0	0	0	0
/Volumes/GigiMurin/plip/Gylcerolipids/BD5h2f-x-f-SQD1/report.txt	0	1	0	0	0	0	0
/Volumes/GigiMurin/plip/Gylcerolipids/BD5h2h-A-A-L2P1/report.txt	3	0	0	0	0	0	0
/Volumes/GigiMurin/plip/Gylcerolipids/BD5h2h-A-A-L2P2/report.txt	1	0	0	0	0	0	0
/Volumes/GigiMurin/plip/Gylcerolipids/BD5h2h-A-A-L2P3/report.txt	7	1	0	0	0	0	0
/Volumes/GigiMurin/plip/Gylcerolipids/BD5h2i-A-A-L2P1/report.txt	3	0	0	0	0	0	0
/Volumes/GigiMurin/plip/Gylcerolipids/BD5h2i-A-A-L2P2/report.txt	1	0	0	0	0	0	0
/Volumes/GigiMurin/plip/Gylcerolipids/BD5h2i-A-A-L2P3/report.txt	7	1	0	0	0	0	0
/Volumes/GigiMurin/plip/Gylcerolipids/BD5h2j-A-A-L2P1/report.txt	3	0	0	0	0	0	0
/Volumes/GigiMurin/plip/Gylcerolipids/BD5h2j-A-A-L2P2/report.txt	1	0	0	0	0	0	0
/Volumes/GigiMurin/plip/Gylcerolipids/BD5h2j-A-A-L2P3/report.txt	7	1	0	0	0	0	0
/Volumes/GigiMurin/plip/Gylcerolipids/BD5h2k-A-A-L2P1/report.txt	3	0	0	0	0	0	0
/Volumes/GigiMurin/plip/Gylcerolipids/BD5h2k-A-A-L2P2/report.txt	1	0	0	0	0	0	0
/Volumes/GigiMurin/plip/Gylcerolipids/BD5h2k-A-A-L2P3/report.txt	7	1	0	0	0	0	0
/Volumes/GigiMurin/plip/Gylcerolipids/BD5h2l-A-A-L2P1/report.txt	3	0	0	0	0	0	0
/Volumes/GigiMurin/plip/Gylcerolipids/BD5h2l-A-A-L2P2/report.txt	1	0	0	0	0	0	0
/Volumes/GigiMurin/plip/Gylcerolipids/BD5h2l-A-A-L2P3/report.txt	8	1	0	0	0	0	0
/Volumes/GigiMurin/plip/Gylcerolipids/BD5h2m-A-A-L2P1/report.txt	3	0	0	0	0	0	0
/Volumes/GigiMurin/plip/Gylcerolipids/BD5h2m-A-A-L2P2/report.txt	1	0	0	0	0	0	0
/Volumes/GigiMurin/plip/Gylcerolipids/BD5h2m-A-A-L2P3/report.txt	7	1	0	0	0	0	0
/Volumes/GigiMurin/plip/Gylcerolipids/BD5h2n-A-A-L2P1/report.txt	3	0	0	0	0	0	0
/Volumes/GigiMurin/plip/Gylcerolipids/BD5h2n-A-A-L2P2/report.txt	1	0	0	0	0	0	0
/Volumes/GigiMurin/plip/Gylcerolipids/BD5h2n-A-A-L2P3/report.txt	7	1	0	0	0	0	0
/Volumes/GigiMurin/plip/Gylcerolipids/BD5h2o-A-A-L2P1/report.txt	3	0	0	0	0	0	0
/Volumes/GigiMurin/plip/Gylcerolipids/BD5h2o-A-A-L2P2/report.txt	1	0	0	0	0	0	0
/Volumes/GigiMurin/plip/Gylcerolipids/BD5h2o-A-A-L2P3/report.txt	7	1	0	0	0	0	0
/Volumes/GigiMurin/plip/Gylcerolipids/BD5h2p-A-A-L2P1/report.txt	3	0	0	0	0	0	0
/Volumes/GigiMurin/plip/Gylcerolipids/BD5h2p-A-A-L2P2/report.txt	1	0	0	0	0	0	0
/Volumes/GigiMurin/plip/Gylcerolipids/BD5h2p-A-A-L2P3/report.txt	7	1	0	0	0	0	0
/Volumes/GigiMurin/plip/Gylcerolipids/BD5hk1-A-A-OLC1/report.txt	1	3	0	0	0	0	0
/Volumes/GigiMurin/plip/Gylcerolipids/BD5hk1-A-A-OLC2/report.txt	1	0	0	0	0	0	0
/Volumes/GigiMurin/plip/Gylcerolipids/BD5hk1-C-C-OLC1/report.txt	0	0	0	0	0	0	0
/Volumes/GigiMurin/plip/Gylcerolipids/BD5hk1-C-C-OLC2/report.txt	0	1	0	0	0	0	0
/Volumes/GigiMurin/plip/Gylcerolipids/BD5hk1-C-C-OLC3/report.txt	1	1	0	0	0	0	0
/Volumes/GigiMurin/plip/Gylcerolipids/BD5hk1-C-C-OLC4/report.txt	2	1	0	0	0	0	0
/Volumes/GigiMurin/plip/Gylcerolipids/BD5hk1-C-C-OLC5/report.txt	0	0	0	0	0	0	0
/Volumes/GigiMurin/plip/Gylcerolipids/BD5hk2-B-B-OLC1/report.txt	2	2	0	0	0	0	0
/Volumes/GigiMurin/plip/Gylcerolipids/BD5hk2-B-B-OLC2/report.txt	0	1	0	0	0	0	0
/Volumes/GigiMurin/plip/Gylcerolipids/BD5hk2-B-B-OLC3/report.txt	2	0	0	0	0	0	0
/Volumes/GigiMurin/plip/Gylcerolipids/BD5hk2-B-B-OLC4/report.txt	0	3	0	0	0	0	0
/Volumes/GigiMurin/plip/Gylcerolipids/BD5hk2-B-B-OLC5/report.txt	0	2	0	0	0	0	0
/Volumes/GigiMurin/plip/Gylcerolipids/BD5hk2-C-C-OLC1/report.txt	0	1	0	0	0	0	0
/Volumes/GigiMurin/plip/Gylcerolipids/BD5hk2-C-C-OLC2/report.txt	0	1	0	0	0	0	0
/Volumes/GigiMurin/plip/Gylcerolipids/BD5hwy-A-A-OLC1/report.txt	3	0	0	0	0	0	0
/Volumes/GigiMurin/plip/Gylcerolipids/BD5hxc-A-A-OLC1/report.txt	4	1	0	0	0	0	0
/Volumes/GigiMurin/plip/Gylcerolipids/BD5hxc-A-A-OLC2/report.txt	0	1	0	0	0	0	0
/Volumes/GigiMurin/plip/Gylcerolipids/BD5hxc-A-A-OLC3/report.txt	0	0	0	0	0	0	0
/Volumes/GigiMurin/plip/Gylcerolipids/BD5hxe-A-A-OLC1/report.txt	6	0	0	0	0	0	0
/Volumes/GigiMurin/plip/Gylcerolipids/BD5hxe-A-A-OLC2/report.txt	4	2	0	0	0	0	0
/Volumes/GigiMurin/plip/Gylcerolipids/BD5hxh-A-B-OLC2/report.txt	2	0	0	0	0	0	0
/Volumes/GigiMurin/plip/Gylcerolipids/BD5hxh-B-B-OLC1/report.txt	3	1	0	0	0	0	0
/Volumes/GigiMurin/plip/Gylcerolipids/BD5hxh-B-B-OLC2/report.txt	0	0	0	0	0	0	0
/Volumes/GigiMurin/plip/Gylcerolipids/BD5hxr-A-A-OLC1/report.txt	0	2	0	0	0	0	0
/Volumes/GigiMurin/plip/Gylcerolipids/BD5hxr-A-A-OLC2/report.txt	1	0	0	0	0	0	0
/Volumes/GigiMurin/plip/Gylcerolipids/BD5hxs-A-A-OLC1/report.txt	4	1	0	0	0	0	0
/Volumes/GigiMurin/plip/Gylcerolipids/BD5hxs-A-A-OLC2/report.txt	0	5	0	0	0	0	0
/Volumes/GigiMurin/plip/Gylcerolipids/BD5hya-A-A-OLC1/report.txt	5	1	0	0	0	0	0
/Volumes/GigiMurin/plip/Gylcerolipids/BD5hya-A-A-OLC2/report.txt	6	0	0	0	0	0	0
/Volumes/GigiMurin/plip/Gylcerolipids/BD5hya-A-A-OLC3/report.txt	6	1	0	0	0	0	0
/Volumes/GigiMurin/plip/Gylcerolipids/BD5hya-A-A-OLC4/report.txt	4	2	0	0	0	0	0
/Volumes/GigiMurin/plip/Gylcerolipids/BD5hya-A-A-OLC5/report.txt	7	2	0	0	0	0	0
/Volumes/GigiMurin/plip/Gylcerolipids/BD5i20-A-A-OLC1/report.txt	9	0	0	0	0	0	0
/Volumes/GigiMurin/plip/Gylcerolipids/BD5i20-A-A-OLC2/report.txt	4	1	0	0	0	0	0
/Volumes/GigiMurin/plip/Gylcerolipids/BD5i20-A-A-OLC3/report.txt	1	0	0	0	0	0	0
/Volumes/GigiMurin/plip/Gylcerolipids/BD5i20-A-A-OLC4/report.txt	1	0	0	0	0	0	0
/Volumes/GigiMurin/plip/Gylcerolipids/BD5i20-B-B-OLC1/report.txt	7	1	0	0	0	0	0
/Volumes/GigiMurin/plip/Gylcerolipids/BD5i20-B-B-OLC2/report.txt	3	1	0	0	0	0	0
/Volumes/GigiMurin/plip/Gylcerolipids/BD5i20-B-B-OLC3/report.txt	2	1	0	0	0	0	0
/Volumes/GigiMurin/plip/Gylcerolipids/BD5i20-B-B-OLC4/report.txt	4	0	0	0	0	0	0
/Volumes/GigiMurin/plip/Gylcerolipids/BD5i20-B-B-OLC5/report.txt	6	0	1	0	0	0	0
/Volumes/GigiMurin/plip/Gylcerolipids/BD5i20-C-C-OLC1/report.txt	3	0	0	0	0	0	0
/Volumes/GigiMurin/plip/Gylcerolipids/BD5i20-C-C-OLC2/report.txt	10	0	0	0	0	0	0
/Volumes/GigiMurin/plip/Gylcerolipids/BD5i20-C-C-OLC3/report.txt	1	1	0	0	0	0	0
/Volumes/GigiMurin/plip/Gylcerolipids/BD5i20-D-D-OLC1/report.txt	9	1	1	0	0	0	0
/Volumes/GigiMurin/plip/Gylcerolipids/BD5i20-D-D-OLC2/report.txt	1	0	1	0	0	0	0
/Volumes/GigiMurin/plip/Gylcerolipids/BD5i20-D-D-OLC3/report.txt	2	0	0	0	0	0	0
/Volumes/GigiMurin/plip/Gylcerolipids/BD5i20-D-D-OLC4/report.txt	4	0	0	0	0	0	0
/Volumes/GigiMurin/plip/Gylcerolipids/BD5i20-D-D-OLC5/report.txt	2	0	0	0	0	0	0
/Volumes/GigiMurin/plip/Gylcerolipids/BD5i20-E-E-OLC1/report.txt	6	0	0	0	0	0	0
/Volumes/GigiMurin/plip/Gylcerolipids/BD5i20-E-E-OLC2/report.txt	10	0	0	0	0	0	0
/Volumes/GigiMurin/plip/Gylcerolipids/BD5i20-E-E-OLC3/report.txt	2	0	0	0	0	0	0
/Volumes/GigiMurin/plip/Gylcerolipids/BD5i20-E-E-OLC4/report.txt	4	0	1	0	0	0	0
/Volumes/GigiMurin/plip/Gylcerolipids/BD5i20-E-E-OLC5/report.txt	1	1	1	0	0	0	0
/Volumes/GigiMurin/plip/Gylcerolipids/BD5i20-E-E-OLC6/report.txt	2	1	0	0	0	0	0
/Volumes/GigiMurin/plip/Gylcerolipids/BD5itc-A-A-OLC1/report.txt	3	1	1	0	0	0	0
/Volumes/GigiMurin/plip/Gylcerolipids/BD5itc-A-A-OLC2/report.txt	7	0	0	0	0	0	0
/Volumes/GigiMurin/plip/Gylcerolipids/BD5itc-B-A-OLC1/report.txt	4	0	0	0	0	0	0
/Volumes/GigiMurin/plip/Gylcerolipids/BD5itc-B-C-OLC1/report.txt	6	1	0	0	0	0	0
/Volumes/GigiMurin/plip/Gylcerolipids/BD5itc-C-C-OLC1/report.txt	3	1	0	0	0	0	0
/Volumes/GigiMurin/plip/Gylcerolipids/BD5ite-A-A-OLC1/report.txt	4	0	0	0	0	0	0
/Volumes/GigiMurin/plip/Gylcerolipids/BD5ite-A-B-OLC1/report.txt	7	2	0	0	0	0	0
/Volumes/GigiMurin/plip/Gylcerolipids/BD5ite-A-B-OLC2/report.txt	1	0	0	0	0	0	0
/Volumes/GigiMurin/plip/Gylcerolipids/BD5ite-B-B-OLC1/report.txt	4	0	0	0	0	0	0
/Volumes/GigiMurin/plip/Gylcerolipids/BD5ite-B-B-OLC2/report.txt	7	1	0	0	0	0	0
/Volumes/GigiMurin/plip/Gylcerolipids/BD5ite-B-B-OLC3/report.txt	5	0	0	0	0	0	0
/Volumes/GigiMurin/plip/Gylcerolipids/BD5ite-B-C-OLC1/report.txt	2	0	0	0	0	0	0
/Volumes/GigiMurin/plip/Gylcerolipids/BD5ite-B-C-OLC2/report.txt	10	1	1	0	0	0	0
/Volumes/GigiMurin/plip/Gylcerolipids/BD5ite-C-C-OLC1/report.txt	6	2	0	0	0	0	0
/Volumes/GigiMurin/plip/Gylcerolipids/BD5ite-C-C-OLC2/report.txt	3	1	0	0	0	0	0
/Volumes/GigiMurin/plip/Gylcerolipids/BD5iu4-A-A-OLC1/report.txt	7	1	0	0	0	0	0
/Volumes/GigiMurin/plip/Gylcerolipids/BD5iu4-A-A-OLC2/report.txt	4	1	0	0	0	0	0
/Volumes/GigiMurin/plip/Gylcerolipids/BD5iu7-A-A-OLC1/report.txt	1	2	0	0	0	0	0
/Volumes/GigiMurin/plip/Gylcerolipids/BD5iu8-A-A-OLC1/report.txt	5	1	0	0	0	0	0
/Volumes/GigiMurin/plip/Gylcerolipids/BD5iu8-A-A-OLC2/report.txt	0	0	0	0	0	0	0
/Volumes/GigiMurin/plip/Gylcerolipids/BD5iu8-A-A-OLC3/report.txt	9	0	0	0	0	0	0
/Volumes/GigiMurin/plip/Gylcerolipids/BD5iu8-A-A-OLC4/report.txt	2	2	0	0	0	0	0
/Volumes/GigiMurin/plip/Gylcerolipids/BD5iub-A-A-OLC1/report.txt	3	1	0	0	0	0	0
/Volumes/GigiMurin/plip/Gylcerolipids/BD5iub-A-A-OLC2/report.txt	3	5	0	0	0	0	0
/Volumes/GigiMurin/plip/Gylcerolipids/BD5iy5-A-B-TGL1/report.txt	8	0	0	0	0	0	0
/Volumes/GigiMurin/plip/Gylcerolipids/BD5iy5-A-D-TGL1/report.txt	5	0	1	0	0	0	0
/Volumes/GigiMurin/plip/Gylcerolipids/BD5iy5-A-L-TGL1/report.txt	13	0	0	0	0	0	0
/Volumes/GigiMurin/plip/Gylcerolipids/BD5iy5-B-B-TGL1/report.txt	6	0	1	0	0	0	0
/Volumes/GigiMurin/plip/Gylcerolipids/BD5iy5-B-D-TGL1/report.txt	4	0	0	0	0	0	0
/Volumes/GigiMurin/plip/Gylcerolipids/BD5iy5-D-D-TGL1/report.txt	2	1	0	0	0	0	0
/Volumes/GigiMurin/plip/Gylcerolipids/BD5iy5-L-L-TGL1/report.txt	10	0	0	0	0	0	0
/Volumes/GigiMurin/plip/Gylcerolipids/BD5iy5-N-N-TGL1/report.txt	8	0	0	0	0	0	0
/Volumes/GigiMurin/plip/Gylcerolipids/BD5iy5-N-Q-TGL1/report.txt	4	0	0	0	0	0	0
/Volumes/GigiMurin/plip/Gylcerolipids/BD5iy5-Q-Q-TGL1/report.txt	4	1	0	0	0	0	0
/Volumes/GigiMurin/plip/Gylcerolipids/BD5iy5-V-N-TGL1/report.txt	0	0	1	0	0	0	0
/Volumes/GigiMurin/plip/Gylcerolipids/BD5iyu-A-A-OLC1/report.txt	2	0	0	0	0	0	0
/Volumes/GigiMurin/plip/Gylcerolipids/BD5jdf-A-A-OLC1/report.txt	2	3	0	0	0	0	0
/Volumes/GigiMurin/plip/Gylcerolipids/BD5jdf-A-A-OLC2/report.txt	4	0	0	0	0	0	0
/Volumes/GigiMurin/plip/Gylcerolipids/BD5jdf-A-A-OLC3/report.txt	0	0	0	0	0	0	0
/Volumes/GigiMurin/plip/Gylcerolipids/BD5jdf-A-A-OLC4/report.txt	0	1	0	0	0	0	0
/Volumes/GigiMurin/plip/Gylcerolipids/BD5jdf-A-A-OLC5/report.txt	2	1	0	0	0	0	0
/Volumes/GigiMurin/plip/Gylcerolipids/BD5jdg-A-A-OLC1/report.txt	0	4	0	0	0	0	0
/Volumes/GigiMurin/plip/Gylcerolipids/BD5jdg-A-A-OLC2/report.txt	0	0	0	0	0	0	0
/Volumes/GigiMurin/plip/Gylcerolipids/BD5jdg-A-A-OLC3/report.txt	0	2	0	0	0	0	0
/Volumes/GigiMurin/plip/Gylcerolipids/BD5jdh-A-A-OLC1/report.txt	2	0	0	0	0	0	0
/Volumes/GigiMurin/plip/Gylcerolipids/BD5jdl-A-A-OLC1/report.txt	2	1	0	0	0	0	0
/Volumes/GigiMurin/plip/Gylcerolipids/BD5jdl-A-A-OLC2/report.txt	0	1	0	0	0	0	0
/Volumes/GigiMurin/plip/Gylcerolipids/BD5jdl-A-A-OLC3/report.txt	0	0	0	0	0	0	0
/Volumes/GigiMurin/plip/Gylcerolipids/BD5jdl-A-A-OLC4/report.txt	5	0	0	0	0	0	0
/Volumes/GigiMurin/plip/Gylcerolipids/BD5jdm-A-A-OLC1/report.txt	3	0	0	0	0	0	0
/Volumes/GigiMurin/plip/Gylcerolipids/BD5jdm-A-A-OLC2/report.txt	1	0	0	0	0	0	0
/Volumes/GigiMurin/plip/Gylcerolipids/BD5jdn-A-A-OLC1/report.txt	5	2	0	0	0	0	0
/Volumes/GigiMurin/plip/Gylcerolipids/BD5jdn-A-A-OLC2/report.txt	0	5	0	0	0	0	0
/Volumes/GigiMurin/plip/Gylcerolipids/BD5jdq-A-A-OLC1/report.txt	4	1	0	0	0	0	0
/Volumes/GigiMurin/plip/Gylcerolipids/BD5jdq-A-A-OLC2/report.txt	2	1	0	0	0	0	0
/Volumes/GigiMurin/plip/Gylcerolipids/BD5jki-A-A-OLC1/report.txt	0	2	0	0	0	0	0
/Volumes/GigiMurin/plip/Gylcerolipids/BD5jsi-A-A-OLC1/report.txt	5	0	0	0	0	0	0
/Volumes/GigiMurin/plip/Gylcerolipids/BD5jsi-B-A-OLC1/report.txt	0	2	0	0	0	0	0
/Volumes/GigiMurin/plip/Gylcerolipids/BD5jtb-A-A-OLC1/report.txt	3	0	0	0	0	0	0
/Volumes/GigiMurin/plip/Gylcerolipids/BD5jtb-A-A-OLC2/report.txt	3	0	0	0	0	0	0
/Volumes/GigiMurin/plip/Gylcerolipids/BD5jtb-A-A-OLC3/report.txt	0	1	0	0	0	0	0
/Volumes/GigiMurin/plip/Gylcerolipids/BD5jtb-A-A-OLC4/report.txt	1	1	0	0	0	0	0
/Volumes/GigiMurin/plip/Gylcerolipids/BD5jtb-A-A-OLC5/report.txt	0	0	0	0	0	0	0
/Volumes/GigiMurin/plip/Gylcerolipids/BD5jtb-A-A-OLC6/report.txt	2	0	0	0	0	0	0
/Volumes/GigiMurin/plip/Gylcerolipids/BD5k2a-A-A-OLC10/report.txt	0	0	0	0	0	0	0
/Volumes/GigiMurin/plip/Gylcerolipids/BD5k2a-A-A-OLC1/report.txt	2	1	0	0	0	0	0
/Volumes/GigiMurin/plip/Gylcerolipids/BD5k2a-A-A-OLC2/report.txt	0	1	0	0	0	0	0
/Volumes/GigiMurin/plip/Gylcerolipids/BD5k2a-A-A-OLC3/report.txt	3	0	0	0	0	0	0
/Volumes/GigiMurin/plip/Gylcerolipids/BD5k2a-A-A-OLC4/report.txt	2	1	0	0	0	0	0
/Volumes/GigiMurin/plip/Gylcerolipids/BD5k2a-A-A-OLC5/report.txt	1	0	0	0	0	0	0
/Volumes/GigiMurin/plip/Gylcerolipids/BD5k2a-A-A-OLC6/report.txt	1	1	0	0	0	0	0
/Volumes/GigiMurin/plip/Gylcerolipids/BD5k2a-A-A-OLC7/report.txt	0	0	0	0	0	0	0
/Volumes/GigiMurin/plip/Gylcerolipids/BD5k2a-A-A-OLC8/report.txt	2	0	0	0	0	0	0
/Volumes/GigiMurin/plip/Gylcerolipids/BD5k2a-A-A-OLC9/report.txt	0	0	0	0	0	0	0
/Volumes/GigiMurin/plip/Gylcerolipids/BD5k2b-A-A-OLC1/report.txt	0	0	0	0	0	0	0
/Volumes/GigiMurin/plip/Gylcerolipids/BD5k2b-A-A-OLC2/report.txt	3	0	0	0	0	0	0
/Volumes/GigiMurin/plip/Gylcerolipids/BD5k2b-A-A-OLC3/report.txt	2	2	0	0	0	0	0
/Volumes/GigiMurin/plip/Gylcerolipids/BD5k2b-A-A-OLC4/report.txt	2	1	0	0	0	0	0
/Volumes/GigiMurin/plip/Gylcerolipids/BD5k2b-A-A-OLC5/report.txt	0	0	0	0	0	0	0
/Volumes/GigiMurin/plip/Gylcerolipids/BD5k2b-A-A-OLC6/report.txt	2	0	0	0	0	0	0
/Volumes/GigiMurin/plip/Gylcerolipids/BD5k2b-A-A-OLC7/report.txt	1	2	0	0	0	0	0
/Volumes/GigiMurin/plip/Gylcerolipids/BD5k2b-A-A-OLC8/report.txt	1	0	0	0	0	0	0
/Volumes/GigiMurin/plip/Gylcerolipids/BD5k2b-A-A-OLC9/report.txt	0	0	0	0	0	0	0
/Volumes/GigiMurin/plip/Gylcerolipids/BD5k2c-A-A-OLC10/report.txt	0	0	0	0	0	0	0
/Volumes/GigiMurin/plip/Gylcerolipids/BD5k2c-A-A-OLC1/report.txt	0	1	0	0	0	0	0
/Volumes/GigiMurin/plip/Gylcerolipids/BD5k2c-A-A-OLC2/report.txt	0	1	0	0	0	0	0
/Volumes/GigiMurin/plip/Gylcerolipids/BD5k2c-A-A-OLC3/report.txt	2	0	0	0	0	0	0
/Volumes/GigiMurin/plip/Gylcerolipids/BD5k2c-A-A-OLC4/report.txt	0	0	0	0	0	0	0
/Volumes/GigiMurin/plip/Gylcerolipids/BD5k2c-A-A-OLC5/report.txt	2	0	0	0	0	0	0
/Volumes/GigiMurin/plip/Gylcerolipids/BD5k2c-A-A-OLC6/report.txt	1	0	0	0	0	0	0
/Volumes/GigiMurin/plip/Gylcerolipids/BD5k2c-A-A-OLC7/report.txt	0	0	0	0	0	0	0
/Volumes/GigiMurin/plip/Gylcerolipids/BD5k2c-A-A-OLC8/report.txt	1	0	0	0	0	0	0
/Volumes/GigiMurin/plip/Gylcerolipids/BD5k2c-A-A-OLC9/report.txt	0	0	0	0	0	0	0
/Volumes/GigiMurin/plip/Gylcerolipids/BD5k2d-A-A-OLC1/report.txt	1	0	0	0	0	0	0
/Volumes/GigiMurin/plip/Gylcerolipids/BD5k2d-A-A-OLC2/report.txt	2	0	0	0	0	0	0
/Volumes/GigiMurin/plip/Gylcerolipids/BD5k2d-A-A-OLC3/report.txt	1	0	0	0	0	0	0
/Volumes/GigiMurin/plip/Gylcerolipids/BD5k2d-A-A-OLC4/report.txt	0	0	0	0	0	0	0
/Volumes/GigiMurin/plip/Gylcerolipids/BD5k2d-A-A-OLC5/report.txt	1	0	0	0	0	0	0
/Volumes/GigiMurin/plip/Gylcerolipids/BD5k2d-A-A-OLC6/report.txt	1	1	0	0	0	0	0
/Volumes/GigiMurin/plip/Gylcerolipids/BD5k2d-A-A-OLC7/report.txt	1	0	0	0	0	0	0
/Volumes/GigiMurin/plip/Gylcerolipids/BD5k2d-A-A-OLC8/report.txt	0	0	0	0	0	0	0
/Volumes/GigiMurin/plip/Gylcerolipids/BD5kaf-A-A-SQD1/report.txt	5	2	0	0	0	0	0
/Volumes/GigiMurin/plip/Gylcerolipids/BD5kaf-A-A-SQD2/report.txt	1	0	0	0	0	0	0
/Volumes/GigiMurin/plip/Gylcerolipids/BD5kaf-a-c-SQD1/report.txt	3	2	0	0	0	0	0
/Volumes/GigiMurin/plip/Gylcerolipids/BD5kaf-A-I-SQD1/report.txt	1	0	0	0	0	0	0
/Volumes/GigiMurin/plip/Gylcerolipids/BD5kaf-b-A-SQD2/report.txt	7	0	0	0	0	0	0
/Volumes/GigiMurin/plip/Gylcerolipids/BD5kaf-b-b-SQD1/report.txt	0	0	1	0	0	0	0
/Volumes/GigiMurin/plip/Gylcerolipids/BD5kaf-B-D-SQD1/report.txt	0	0	2	0	0	0	0
/Volumes/GigiMurin/plip/Gylcerolipids/BD5kaf-C-A-SQD1/report.txt	2	1	0	0	0	0	0
/Volumes/GigiMurin/plip/Gylcerolipids/BD5kaf-c-c-SQD1/report.txt	1	1	0	0	0	0	0
/Volumes/GigiMurin/plip/Gylcerolipids/BD5kaf-D-A-SQD1/report.txt	0	0	1	0	0	0	0
/Volumes/GigiMurin/plip/Gylcerolipids/BD5kaf-d-c-SQD1/report.txt	0	0	1	0	0	0	0
/Volumes/GigiMurin/plip/Gylcerolipids/BD5kaf-D-D-SQD1/report.txt	1	0	2	0	0	0	0
/Volumes/GigiMurin/plip/Gylcerolipids/BD5kaf-D-D-SQD2/report.txt	0	1	1	0	0	0	0
/Volumes/GigiMurin/plip/Gylcerolipids/BD5kaf-d-f-SQD1/report.txt	0	1	1	0	0	0	0
/Volumes/GigiMurin/plip/Gylcerolipids/BD5kaf-f-f-SQD1/report.txt	1	1	0	0	0	0	0
/Volumes/GigiMurin/plip/Gylcerolipids/BD5kaf-I-I-SQD1/report.txt	3	1	0	0	0	0	0
/Volumes/GigiMurin/plip/Gylcerolipids/BD5kaf-K-A-SQD1/report.txt	2	0	0	0	0	0	0
/Volumes/GigiMurin/plip/Gylcerolipids/BD5kaf-k-c-SQD1/report.txt	2	0	0	0	0	0	0
/Volumes/GigiMurin/plip/Gylcerolipids/BD5kaf-l-b-SQD1/report.txt	0	0	1	0	0	0	0
/Volumes/GigiMurin/plip/Gylcerolipids/BD5kaf-T-b-SQD1/report.txt	1	0	0	0	0	0	0
/Volumes/GigiMurin/plip/Gylcerolipids/BD5kai-a-a-SQD1/report.txt	3	1	0	0	0	0	0
/Volumes/GigiMurin/plip/Gylcerolipids/BD5kai-A-A-SQD2/report.txt	2	0	0	0	0	0	0
/Volumes/GigiMurin/plip/Gylcerolipids/BD5kai-A-I-SQD1/report.txt	2	0	0	0	0	0	0
/Volumes/GigiMurin/plip/Gylcerolipids/BD5kai-b-A-SQD2/report.txt	6	0	0	0	0	0	0
/Volumes/GigiMurin/plip/Gylcerolipids/BD5kai-b-b-SQD1/report.txt	0	1	1	0	0	0	0
/Volumes/GigiMurin/plip/Gylcerolipids/BD5kai-B-B-SQD2/report.txt	2	0	1	0	0	0	0
/Volumes/GigiMurin/plip/Gylcerolipids/BD5kai-c-a-SQD1/report.txt	2	1	0	0	0	0	0
/Volumes/GigiMurin/plip/Gylcerolipids/BD5kai-d-a-SQD1/report.txt	0	0	1	0	0	0	0
/Volumes/GigiMurin/plip/Gylcerolipids/BD5kai-D-B-SQD1/report.txt	1	0	2	0	0	0	0
/Volumes/GigiMurin/plip/Gylcerolipids/BD5kai-D-D-SQD1/report.txt	0	1	2	0	0	0	0
/Volumes/GigiMurin/plip/Gylcerolipids/BD5kai-d-f-SQD1/report.txt	0	2	1	0	0	0	0
/Volumes/GigiMurin/plip/Gylcerolipids/BD5kai-e-f-SQD1/report.txt	0	1	0	0	0	0	0
/Volumes/GigiMurin/plip/Gylcerolipids/BD5kai-f-f-SQD1/report.txt	2	1	0	0	0	0	0
/Volumes/GigiMurin/plip/Gylcerolipids/BD5kai-I-I-SQD1/report.txt	3	0	0	0	0	0	0
/Volumes/GigiMurin/plip/Gylcerolipids/BD5kai-k-a-SQD1/report.txt	5	0	0	0	0	0	0
/Volumes/GigiMurin/plip/Gylcerolipids/BD5kai-L-b-SQD1/report.txt	1	1	1	0	0	0	0
/Volumes/GigiMurin/plip/Gylcerolipids/BD5kai-L-B-SQD2/report.txt	0	0	1	0	0	0	0
/Volumes/GigiMurin/plip/Gylcerolipids/BD5kai-t-B-SQD2/report.txt	5	0	0	0	0	0	0
/Volumes/GigiMurin/plip/Gylcerolipids/BD5kkh-A-A-OLC1/report.txt	8	2	0	0	0	0	0
/Volumes/GigiMurin/plip/Gylcerolipids/BD5kkh-A-A-OLC2/report.txt	5	1	0	0	0	0	0
/Volumes/GigiMurin/plip/Gylcerolipids/BD5kkh-A-B-OLC1/report.txt	1	0	0	0	0	0	0
/Volumes/GigiMurin/plip/Gylcerolipids/BD5kkh-B-A-OLC1/report.txt	4	1	0	0	0	0	0
/Volumes/GigiMurin/plip/Gylcerolipids/BD5kkh-B-B-OLC1/report.txt	5	1	0	0	0	0	0
/Volumes/GigiMurin/plip/Gylcerolipids/BD5kkh-B-B-OLC2/report.txt	6	0	0	0	0	0	0
/Volumes/GigiMurin/plip/Gylcerolipids/BD5kkh-B-C-OLC1/report.txt	2	0	0	0	0	0	0
/Volumes/GigiMurin/plip/Gylcerolipids/BD5kkh-B-C-OLC2/report.txt	8	0	0	0	0	0	0
/Volumes/GigiMurin/plip/Gylcerolipids/BD5kkh-C-C-OLC1/report.txt	7	0	0	0	0	0	0
/Volumes/GigiMurin/plip/Gylcerolipids/BD5kkh-C-C-OLC2/report.txt	3	1	0	0	0	0	0
/Volumes/GigiMurin/plip/Gylcerolipids/BD5m7j-A-A-DGA1/report.txt	0	0	0	0	0	0	0
/Volumes/GigiMurin/plip/Gylcerolipids/BD5m7j-B-A-DGA1/report.txt	3	0	0	0	0	0	0
/Volumes/GigiMurin/plip/Gylcerolipids/BD5m7j-C-A-DGA1/report.txt	1	0	0	0	0	0	0
/Volumes/GigiMurin/plip/Gylcerolipids/BD5m7k-A-A-DGA1/report.txt	0	0	0	0	0	0	0
/Volumes/GigiMurin/plip/Gylcerolipids/BD5m7k-B-A-DGA1/report.txt	2	0	0	0	0	0	0
/Volumes/GigiMurin/plip/Gylcerolipids/BD5m7k-C-A-DGA1/report.txt	1	0	0	0	0	0	0
/Volumes/GigiMurin/plip/Gylcerolipids/BD5m7l-A-A-DGA1/report.txt	0	0	0	0	0	0	0
/Volumes/GigiMurin/plip/Gylcerolipids/BD5m7l-B-A-DGA1/report.txt	3	0	0	0	0	0	0
/Volumes/GigiMurin/plip/Gylcerolipids/BD5m7l-C-A-DGA1/report.txt	1	0	0	0	0	0	0
/Volumes/GigiMurin/plip/Gylcerolipids/BD5mx2-a-a-SQD1/report.txt	9	2	0	0	0	0	0
/Volumes/GigiMurin/plip/Gylcerolipids/BD5mx2-a-a-SQD2/report.txt	6	2	0	0	0	0	0
/Volumes/GigiMurin/plip/Gylcerolipids/BD5mx2-b-A-SQD2/report.txt	1	2	0	0	0	0	0
/Volumes/GigiMurin/plip/Gylcerolipids/BD5mx2-b-b-SQD1/report.txt	4	0	1	0	0	0	0
/Volumes/GigiMurin/plip/Gylcerolipids/BD5mx2-B-L-SQD1/report.txt	2	1	1	0	0	0	0
/Volumes/GigiMurin/plip/Gylcerolipids/BD5mx2-c-a-SQD1/report.txt	2	1	0	0	0	0	0
/Volumes/GigiMurin/plip/Gylcerolipids/BD5mx2-d-a-SQD1/report.txt	0	0	1	0	0	0	0
/Volumes/GigiMurin/plip/Gylcerolipids/BD5mx2-D-D-SQD1/report.txt	0	2	1	0	0	0	0
/Volumes/GigiMurin/plip/Gylcerolipids/BD5mx2-d-f-SQD1/report.txt	0	1	1	0	0	0	0
/Volumes/GigiMurin/plip/Gylcerolipids/BD5mx2-f-f-SQD1/report.txt	2	1	0	0	0	0	0
/Volumes/GigiMurin/plip/Gylcerolipids/BD5mx2-k-a-SQD1/report.txt	4	0	0	0	0	0	0
/Volumes/GigiMurin/plip/Gylcerolipids/BD5mx2-l-b-SQD1/report.txt	2	2	1	0	0	0	0
/Volumes/GigiMurin/plip/Gylcerolipids/BD5mx2-l-L-SQD1/report.txt	0	1	1	0	0	0	0
/Volumes/GigiMurin/plip/Gylcerolipids/BD5mx2-m-L-SQD1/report.txt	0	1	0	0	0	0	0
/Volumes/GigiMurin/plip/Gylcerolipids/BD5mx2-T-A-SQD2/report.txt	1	0	0	0	0	0	0
/Volumes/GigiMurin/plip/Gylcerolipids/BD5mx2-t-L-SQD1/report.txt	1	0	0	0	0	0	0
/Volumes/GigiMurin/plip/Gylcerolipids/BD5mzj-A-A-OLC1/report.txt	3	0	0	0	0	0	0
/Volumes/GigiMurin/plip/Gylcerolipids/BD5mzj-A-A-OLC2/report.txt	3	0	0	0	0	0	0
/Volumes/GigiMurin/plip/Gylcerolipids/BD5mzj-A-A-OLC3/report.txt	0	0	0	0	0	0	0
/Volumes/GigiMurin/plip/Gylcerolipids/BD5mzj-A-A-OLC4/report.txt	6	2	0	0	0	0	0
/Volumes/GigiMurin/plip/Gylcerolipids/BD5mzj-A-A-OLC5/report.txt	8	1	0	0	0	0	0
/Volumes/GigiMurin/plip/Gylcerolipids/BD5mzj-A-A-OLC6/report.txt	4	0	0	0	0	0	0
/Volumes/GigiMurin/plip/Gylcerolipids/BD5mzj-A-A-OLC7/report.txt	0	3	0	0	0	0	0
/Volumes/GigiMurin/plip/Gylcerolipids/BD5mzp-A-A-OLC1/report.txt	2	0	0	0	0	0	0
/Volumes/GigiMurin/plip/Gylcerolipids/BD5mzp-A-A-OLC2/report.txt	1	1	0	0	0	0	0
/Volumes/GigiMurin/plip/Gylcerolipids/BD5mzp-A-A-OLC3/report.txt	0	0	0	0	0	0	0
/Volumes/GigiMurin/plip/Gylcerolipids/BD5mzp-A-A-OLC4/report.txt	4	2	0	0	0	0	0
/Volumes/GigiMurin/plip/Gylcerolipids/BD5mzp-A-A-OLC5/report.txt	9	1	0	0	0	0	0
/Volumes/GigiMurin/plip/Gylcerolipids/BD5mzp-A-A-OLC6/report.txt	4	2	0	0	0	0	0
/Volumes/GigiMurin/plip/Gylcerolipids/BD5mzp-A-A-OLC7/report.txt	2	0	0	0	0	0	0
/Volumes/GigiMurin/plip/Gylcerolipids/BD5n2r-A-A-OLC1/report.txt	2	0	0	0	0	0	0
/Volumes/GigiMurin/plip/Gylcerolipids/BD5n2r-A-A-OLC2/report.txt	1	1	0	0	0	0	0
/Volumes/GigiMurin/plip/Gylcerolipids/BD5n2r-A-A-OLC3/report.txt	5	2	0	0	0	0	0
/Volumes/GigiMurin/plip/Gylcerolipids/BD5n2r-A-A-OLC4/report.txt	10	0	0	0	0	0	0
/Volumes/GigiMurin/plip/Gylcerolipids/BD5n2r-A-A-OLC5/report.txt	3	2	0	0	0	0	0
/Volumes/GigiMurin/plip/Gylcerolipids/BD5n6h-A-A-OLC10/report.txt	1	1	0	0	0	0	0
/Volumes/GigiMurin/plip/Gylcerolipids/BD5n6h-A-A-OLC11/report.txt	4	1	0	0	0	0	0
/Volumes/GigiMurin/plip/Gylcerolipids/BD5n6h-A-A-OLC12/report.txt	3	0	0	0	0	0	0
/Volumes/GigiMurin/plip/Gylcerolipids/BD5n6h-A-A-OLC1/report.txt	1	2	0	0	0	0	0
/Volumes/GigiMurin/plip/Gylcerolipids/BD5n6h-A-A-OLC2/report.txt	1	3	1	0	0	0	0
/Volumes/GigiMurin/plip/Gylcerolipids/BD5n6h-A-A-OLC3/report.txt	11	1	0	0	0	0	0
/Volumes/GigiMurin/plip/Gylcerolipids/BD5n6h-A-A-OLC4/report.txt	3	2	0	0	0	0	0
/Volumes/GigiMurin/plip/Gylcerolipids/BD5n6h-A-A-OLC5/report.txt	5	1	0	0	0	0	0
/Volumes/GigiMurin/plip/Gylcerolipids/BD5n6h-A-A-OLC6/report.txt	4	1	0	0	0	0	0
/Volumes/GigiMurin/plip/Gylcerolipids/BD5n6h-A-A-OLC7/report.txt	2	0	0	0	0	0	0
/Volumes/GigiMurin/plip/Gylcerolipids/BD5n6h-A-A-OLC8/report.txt	5	1	0	0	0	0	0
/Volumes/GigiMurin/plip/Gylcerolipids/BD5n6h-A-A-OLC9/report.txt	1	2	0	0	0	0	0
/Volumes/GigiMurin/plip/Gylcerolipids/BD5n6h-B-B-OLC1/report.txt	2	1	0	0	0	0	0
/Volumes/GigiMurin/plip/Gylcerolipids/BD5n6h-B-B-OLC2/report.txt	9	1	0	0	0	0	0
/Volumes/GigiMurin/plip/Gylcerolipids/BD5n6h-B-B-OLC3/report.txt	5	4	1	0	0	0	0
/Volumes/GigiMurin/plip/Gylcerolipids/BD5n6h-B-B-OLC4/report.txt	5	0	0	0	0	0	0
/Volumes/GigiMurin/plip/Gylcerolipids/BD5n6h-B-B-OLC5/report.txt	1	1	0	0	0	0	0
/Volumes/GigiMurin/plip/Gylcerolipids/BD5n6h-B-B-OLC6/report.txt	1	1	0	0	0	0	0
/Volumes/GigiMurin/plip/Gylcerolipids/BD5n6l-A-A-OLC10/report.txt	0	0	0	0	0	0	0
/Volumes/GigiMurin/plip/Gylcerolipids/BD5n6l-A-A-OLC11/report.txt	1	0	0	0	0	0	0
/Volumes/GigiMurin/plip/Gylcerolipids/BD5n6l-A-A-OLC12/report.txt	4	1	0	0	0	0	0
/Volumes/GigiMurin/plip/Gylcerolipids/BD5n6l-A-A-OLC13/report.txt	3	0	0	0	0	0	0
/Volumes/GigiMurin/plip/Gylcerolipids/BD5n6l-A-A-OLC14/report.txt	2	0	0	0	0	0	0
/Volumes/GigiMurin/plip/Gylcerolipids/BD5n6l-A-A-OLC15/report.txt	2	1	0	0	0	0	0
/Volumes/GigiMurin/plip/Gylcerolipids/BD5n6l-A-A-OLC16/report.txt	3	0	0	0	0	0	0
/Volumes/GigiMurin/plip/Gylcerolipids/BD5n6l-A-A-OLC17/report.txt	0	0	0	0	0	0	0
/Volumes/GigiMurin/plip/Gylcerolipids/BD5n6l-A-A-OLC18/report.txt	2	0	0	0	0	0	0
/Volumes/GigiMurin/plip/Gylcerolipids/BD5n6l-A-A-OLC19/report.txt	1	0	0	0	0	0	0
/Volumes/GigiMurin/plip/Gylcerolipids/BD5n6l-A-A-OLC1/report.txt	1	1	0	0	0	0	0
/Volumes/GigiMurin/plip/Gylcerolipids/BD5n6l-A-A-OLC2/report.txt	2	2	1	0	0	0	0
/Volumes/GigiMurin/plip/Gylcerolipids/BD5n6l-A-A-OLC3/report.txt	4	1	0	0	0	0	0
/Volumes/GigiMurin/plip/Gylcerolipids/BD5n6l-A-A-OLC4/report.txt	2	0	0	0	0	0	0
/Volumes/GigiMurin/plip/Gylcerolipids/BD5n6l-A-A-OLC5/report.txt	1	3	0	0	0	0	0
/Volumes/GigiMurin/plip/Gylcerolipids/BD5n6l-A-A-OLC6/report.txt	6	1	0	0	0	0	0
/Volumes/GigiMurin/plip/Gylcerolipids/BD5n6l-A-A-OLC7/report.txt	3	1	0	0	0	0	0
/Volumes/GigiMurin/plip/Gylcerolipids/BD5n6l-A-A-OLC8/report.txt	2	2	0	0	0	0	0
/Volumes/GigiMurin/plip/Gylcerolipids/BD5n6l-A-A-OLC9/report.txt	3	1	0	0	0	0	0
/Volumes/GigiMurin/plip/Gylcerolipids/BD5n6l-B-B-OLC1/report.txt	2	2	0	0	0	0	0
/Volumes/GigiMurin/plip/Gylcerolipids/BD5n6l-B-B-OLC2/report.txt	6	0	0	0	0	0	0
/Volumes/GigiMurin/plip/Gylcerolipids/BD5n6l-B-B-OLC3/report.txt	2	3	1	0	0	0	0
/Volumes/GigiMurin/plip/Gylcerolipids/BD5n6l-B-B-OLC4/report.txt	5	2	0	0	0	0	0
/Volumes/GigiMurin/plip/Gylcerolipids/BD5n6l-B-B-OLC5/report.txt	4	0	0	0	0	0	0
/Volumes/GigiMurin/plip/Gylcerolipids/BD5n6l-B-B-OLC6/report.txt	3	2	0	0	0	0	0
/Volumes/GigiMurin/plip/Gylcerolipids/BD5n6l-B-B-OLC7/report.txt	2	1	0	0	0	0	0
/Volumes/GigiMurin/plip/Gylcerolipids/BD5n6l-B-B-OLC8/report.txt	1	1	0	0	0	0	0
/Volumes/GigiMurin/plip/Gylcerolipids/BD5n6m-A-A-OLC1/report.txt	5	0	1	0	0	0	0
/Volumes/GigiMurin/plip/Gylcerolipids/BD5n6m-A-A-OLC2/report.txt	0	1	0	0	0	0	0
/Volumes/GigiMurin/plip/Gylcerolipids/BD5n6m-A-A-OLC3/report.txt	0	4	0	0	0	0	0
/Volumes/GigiMurin/plip/Gylcerolipids/BD5n6m-A-A-OLC4/report.txt	2	1	0	0	0	0	0
/Volumes/GigiMurin/plip/Gylcerolipids/BD5n6m-A-A-OLC5/report.txt	2	0	0	0	0	0	0
/Volumes/GigiMurin/plip/Gylcerolipids/BD5ndc-A-A-OLC10/report.txt	0	0	0	0	0	0	0
/Volumes/GigiMurin/plip/Gylcerolipids/BD5ndc-A-A-OLC11/report.txt	1	0	0	0	0	0	0
/Volumes/GigiMurin/plip/Gylcerolipids/BD5ndc-A-A-OLC1/report.txt	2	0	0	0	0	0	0
/Volumes/GigiMurin/plip/Gylcerolipids/BD5ndc-A-A-OLC2/report.txt	2	2	0	0	0	0	0
/Volumes/GigiMurin/plip/Gylcerolipids/BD5ndc-A-A-OLC3/report.txt	0	3	0	0	0	0	0
/Volumes/GigiMurin/plip/Gylcerolipids/BD5ndc-A-A-OLC4/report.txt	1	0	1	0	0	0	0
/Volumes/GigiMurin/plip/Gylcerolipids/BD5ndc-A-A-OLC5/report.txt	0	0	0	0	0	0	0
/Volumes/GigiMurin/plip/Gylcerolipids/BD5ndc-A-A-OLC6/report.txt	1	0	0	0	0	0	0
/Volumes/GigiMurin/plip/Gylcerolipids/BD5ndc-A-A-OLC7/report.txt	0	0	0	0	0	0	0
/Volumes/GigiMurin/plip/Gylcerolipids/BD5ndc-A-A-OLC8/report.txt	4	0	0	0	0	0	0
/Volumes/GigiMurin/plip/Gylcerolipids/BD5ndc-A-A-OLC9/report.txt	1	0	0	0	0	0	0
/Volumes/GigiMurin/plip/Gylcerolipids/BD5ndc-B-B-OLC1/report.txt	3	1	0	0	0	0	0
/Volumes/GigiMurin/plip/Gylcerolipids/BD5ndc-C-C-OLC1/report.txt	1	0	0	0	0	0	0
/Volumes/GigiMurin/plip/Gylcerolipids/BD5ndc-C-C-OLC2/report.txt	0	1	1	0	0	0	0
/Volumes/GigiMurin/plip/Gylcerolipids/BD5ndc-C-C-OLC3/report.txt	3	0	0	0	0	0	0
/Volumes/GigiMurin/plip/Gylcerolipids/BD5nj4-C-C-DGA1/report.txt	0	0	0	0	0	0	0
/Volumes/GigiMurin/plip/Gylcerolipids/BD5nj4-L-C-DGA1/report.txt	2	0	0	0	0	0	0
/Volumes/GigiMurin/plip/Gylcerolipids/BD5nm2-A-A-OLC1/report.txt	7	2	0	0	0	0	0
/Volumes/GigiMurin/plip/Gylcerolipids/BD5nm2-A-A-OLC2/report.txt	6	1	0	0	0	0	0
/Volumes/GigiMurin/plip/Gylcerolipids/BD5o4c-C-C-DGA1/report.txt	0	0	0	0	0	0	0
/Volumes/GigiMurin/plip/Gylcerolipids/BD5o4c-L-C-DGA1/report.txt	2	0	0	0	0	0	0
/Volumes/GigiMurin/plip/Gylcerolipids/BD5o64-C-C-DGA1/report.txt	0	0	0	0	0	0	0
/Volumes/GigiMurin/plip/Gylcerolipids/BD5o64-L-C-DGA1/report.txt	1	0	0	0	0	0	0
/Volumes/GigiMurin/plip/Gylcerolipids/BD5oge-A-A-OLC1/report.txt	2	0	0	0	0	0	0
/Volumes/GigiMurin/plip/Gylcerolipids/BD5oge-A-A-OLC2/report.txt	1	1	0	0	0	0	0
/Volumes/GigiMurin/plip/Gylcerolipids/BD5oge-A-A-OLC3/report.txt	1	0	0	0	0	0	0
/Volumes/GigiMurin/plip/Gylcerolipids/BD5oge-A-A-OLC4/report.txt	4	0	0	0	0	0	0
/Volumes/GigiMurin/plip/Gylcerolipids/BD5oge-A-E-OLC1/report.txt	3	0	0	0	0	0	0
/Volumes/GigiMurin/plip/Gylcerolipids/BD5oge-B-B-OLC1/report.txt	2	1	0	0	0	0	0
/Volumes/GigiMurin/plip/Gylcerolipids/BD5oge-B-B-OLC2/report.txt	3	0	0	0	0	0	0
/Volumes/GigiMurin/plip/Gylcerolipids/BD5oge-D-D-OLC1/report.txt	0	1	0	0	0	0	0
/Volumes/GigiMurin/plip/Gylcerolipids/BD5oge-D-D-OLC2/report.txt	1	0	0	0	0	0	0
/Volumes/GigiMurin/plip/Gylcerolipids/BD5oge-D-D-OLC3/report.txt	0	0	0	0	0	0	0
/Volumes/GigiMurin/plip/Gylcerolipids/BD5oge-D-D-OLC4/report.txt	2	1	0	0	0	0	0
/Volumes/GigiMurin/plip/Gylcerolipids/BD5oge-D-D-OLC5/report.txt	3	0	0	0	0	0	0
/Volumes/GigiMurin/plip/Gylcerolipids/BD5oge-E-A-OLC2/report.txt	3	3	0	0	0	0	0
/Volumes/GigiMurin/plip/Gylcerolipids/BD5oge-E-E-OLC1/report.txt	2	0	0	0	0	0	0
/Volumes/GigiMurin/plip/Gylcerolipids/BD5ogk-A-A-OLC1/report.txt	2	0	0	0	0	0	0
/Volumes/GigiMurin/plip/Gylcerolipids/BD5ogk-A-A-OLC2/report.txt	2	2	0	0	0	0	0
/Volumes/GigiMurin/plip/Gylcerolipids/BD5ogk-C-C-OLC1/report.txt	2	0	0	0	0	0	0
/Volumes/GigiMurin/plip/Gylcerolipids/BD5ogk-C-C-OLC2/report.txt	1	0	0	0	0	0	0
/Volumes/GigiMurin/plip/Gylcerolipids/BD5ogk-C-E-OLC1/report.txt	3	0	0	0	0	0	0
/Volumes/GigiMurin/plip/Gylcerolipids/BD5ogk-D-D-OLC1/report.txt	4	0	0	0	0	0	0
/Volumes/GigiMurin/plip/Gylcerolipids/BD5ogk-E-C-OLC1/report.txt	2	1	0	0	0	0	0
/Volumes/GigiMurin/plip/Gylcerolipids/BD5ogk-E-C-OLC2/report.txt	2	0	0	0	0	0	0
/Volumes/GigiMurin/plip/Gylcerolipids/BD5ogk-E-E-OLC1/report.txt	1	1	0	0	0	0	0
/Volumes/GigiMurin/plip/Gylcerolipids/BD5ogk-G-G-OLC1/report.txt	3	0	0	0	0	0	0
/Volumes/GigiMurin/plip/Gylcerolipids/BD5ogk-G-G-OLC2/report.txt	3	0	0	0	0	0	0
/Volumes/GigiMurin/plip/Gylcerolipids/BD5olg-A-A-OLC1/report.txt	2	0	0	0	0	0	0
/Volumes/GigiMurin/plip/Gylcerolipids/BD5olg-A-A-OLC2/report.txt	0	0	0	0	0	0	0
/Volumes/GigiMurin/plip/Gylcerolipids/BD5olg-A-A-OLC3/report.txt	4	0	0	0	0	0	0
/Volumes/GigiMurin/plip/Gylcerolipids/BD5olh-A-A-OLC1/report.txt	2	0	0	0	0	0	0
/Volumes/GigiMurin/plip/Gylcerolipids/BD5olh-A-A-OLC2/report.txt	4	1	0	0	0	0	0
/Volumes/GigiMurin/plip/Gylcerolipids/BD5olh-A-A-OLC3/report.txt	0	0	0	0	0	0	0
/Volumes/GigiMurin/plip/Gylcerolipids/BD5olh-A-A-OLC4/report.txt	6	0	0	0	0	0	0
/Volumes/GigiMurin/plip/Gylcerolipids/BD5olh-A-A-OLC5/report.txt	7	1	0	0	0	0	0
/Volumes/GigiMurin/plip/Gylcerolipids/BD5olh-A-A-OLC6/report.txt	2	1	0	0	0	0	0
/Volumes/GigiMurin/plip/Gylcerolipids/BD5olh-A-A-OLC7/report.txt	3	0	1	0	0	0	0
/Volumes/GigiMurin/plip/Gylcerolipids/BD5olh-A-A-OLC8/report.txt	2	1	0	0	0	0	0
/Volumes/GigiMurin/plip/Gylcerolipids/BD5olo-A-A-OLC1/report.txt	2	1	0	0	0	0	0
/Volumes/GigiMurin/plip/Gylcerolipids/BD5olo-A-A-OLC2/report.txt	1	0	0	0	0	0	0
/Volumes/GigiMurin/plip/Gylcerolipids/BD5olo-A-A-OLC3/report.txt	0	3	0	0	0	0	0
/Volumes/GigiMurin/plip/Gylcerolipids/BD5olo-A-A-OLC4/report.txt	1	1	0	0	0	0	0
/Volumes/GigiMurin/plip/Gylcerolipids/BD5olo-A-A-OLC5/report.txt	5	0	0	0	0	0	0
/Volumes/GigiMurin/plip/Gylcerolipids/BD5olo-A-A-OLC6/report.txt	6	2	0	0	0	0	0
/Volumes/GigiMurin/plip/Gylcerolipids/BD5olo-A-A-OLC7/report.txt	6	0	0	0	0	0	0
/Volumes/GigiMurin/plip/Gylcerolipids/BD5olo-A-A-OLC8/report.txt	2	0	0	0	0	0	0
/Volumes/GigiMurin/plip/Gylcerolipids/BD5olv-A-A-OLC10/report.txt	0	0	0	0	0	0	0
/Volumes/GigiMurin/plip/Gylcerolipids/BD5olv-A-A-OLC1/report.txt	1	0	0	0	0	0	0
/Volumes/GigiMurin/plip/Gylcerolipids/BD5olv-A-A-OLC2/report.txt	2	0	0	0	0	0	0
/Volumes/GigiMurin/plip/Gylcerolipids/BD5olv-A-A-OLC3/report.txt	0	0	0	0	0	0	0
/Volumes/GigiMurin/plip/Gylcerolipids/BD5olv-A-A-OLC4/report.txt	3	0	0	0	0	0	0
/Volumes/GigiMurin/plip/Gylcerolipids/BD5olv-A-A-OLC5/report.txt	6	0	0	0	0	0	0
/Volumes/GigiMurin/plip/Gylcerolipids/BD5olv-A-A-OLC6/report.txt	6	0	0	0	0	0	0
/Volumes/GigiMurin/plip/Gylcerolipids/BD5olv-A-A-OLC7/report.txt	2	1	0	0	0	0	0
/Volumes/GigiMurin/plip/Gylcerolipids/BD5olv-A-A-OLC8/report.txt	3	0	0	0	0	0	0
/Volumes/GigiMurin/plip/Gylcerolipids/BD5olv-A-A-OLC9/report.txt	1	3	0	0	0	0	0
/Volumes/GigiMurin/plip/Gylcerolipids/BD5olz-A-A-OLC10/report.txt	0	0	1	0	0	0	0
/Volumes/GigiMurin/plip/Gylcerolipids/BD5olz-A-A-OLC11/report.txt	3	0	0	0	0	0	0
/Volumes/GigiMurin/plip/Gylcerolipids/BD5olz-A-A-OLC1/report.txt	1	1	0	0	0	0	0
/Volumes/GigiMurin/plip/Gylcerolipids/BD5olz-A-A-OLC2/report.txt	3	0	0	0	0	0	0
/Volumes/GigiMurin/plip/Gylcerolipids/BD5olz-A-A-OLC3/report.txt	1	4	0	0	0	0	0
/Volumes/GigiMurin/plip/Gylcerolipids/BD5olz-A-A-OLC4/report.txt	0	0	0	0	0	0	0
/Volumes/GigiMurin/plip/Gylcerolipids/BD5olz-A-A-OLC5/report.txt	0	0	0	0	0	0	0
/Volumes/GigiMurin/plip/Gylcerolipids/BD5olz-A-A-OLC6/report.txt	6	2	0	0	0	0	0
/Volumes/GigiMurin/plip/Gylcerolipids/BD5olz-A-A-OLC7/report.txt	7	1	0	0	0	0	0
/Volumes/GigiMurin/plip/Gylcerolipids/BD5olz-A-A-OLC8/report.txt	2	2	0	0	0	0	0
/Volumes/GigiMurin/plip/Gylcerolipids/BD5olz-A-A-OLC9/report.txt	3	0	0	0	0	0	0
/Volumes/GigiMurin/plip/Gylcerolipids/BD5om1-A-A-OLC10/report.txt	6	1	0	0	0	0	0
/Volumes/GigiMurin/plip/Gylcerolipids/BD5om1-A-A-OLC11/report.txt	3	1	0	0	0	0	0
/Volumes/GigiMurin/plip/Gylcerolipids/BD5om1-A-A-OLC12/report.txt	4	0	0	0	0	0	0
/Volumes/GigiMurin/plip/Gylcerolipids/BD5om1-A-A-OLC1/report.txt	3	1	0	0	0	0	0
/Volumes/GigiMurin/plip/Gylcerolipids/BD5om1-A-A-OLC2/report.txt	2	2	0	0	0	0	0
/Volumes/GigiMurin/plip/Gylcerolipids/BD5om1-A-A-OLC3/report.txt	4	0	0	0	0	0	0
/Volumes/GigiMurin/plip/Gylcerolipids/BD5om1-A-A-OLC4/report.txt	1	3	0	0	0	0	0
/Volumes/GigiMurin/plip/Gylcerolipids/BD5om1-A-A-OLC5/report.txt	1	1	1	0	0	0	0
/Volumes/GigiMurin/plip/Gylcerolipids/BD5om1-A-A-OLC6/report.txt	4	1	0	0	0	0	0
/Volumes/GigiMurin/plip/Gylcerolipids/BD5om1-A-A-OLC7/report.txt	0	0	0	0	0	0	0
/Volumes/GigiMurin/plip/Gylcerolipids/BD5om1-A-A-OLC8/report.txt	1	1	0	0	0	0	0
/Volumes/GigiMurin/plip/Gylcerolipids/BD5om1-A-A-OLC9/report.txt	6	1	0	0	0	0	0
/Volumes/GigiMurin/plip/Gylcerolipids/BD5om4-A-A-OLC10/report.txt	2	0	1	0	0	0	0
/Volumes/GigiMurin/plip/Gylcerolipids/BD5om4-A-A-OLC11/report.txt	2	1	0	0	0	0	0
/Volumes/GigiMurin/plip/Gylcerolipids/BD5om4-A-A-OLC1/report.txt	2	0	0	0	0	0	0
/Volumes/GigiMurin/plip/Gylcerolipids/BD5om4-A-A-OLC2/report.txt	0	2	0	0	0	0	0
/Volumes/GigiMurin/plip/Gylcerolipids/BD5om4-A-A-OLC3/report.txt	0	0	0	0	0	0	0
/Volumes/GigiMurin/plip/Gylcerolipids/BD5om4-A-A-OLC4/report.txt	1	0	0	0	0	0	0
/Volumes/GigiMurin/plip/Gylcerolipids/BD5om4-A-A-OLC5/report.txt	6	1	0	0	0	0	0
/Volumes/GigiMurin/plip/Gylcerolipids/BD5om4-A-A-OLC6/report.txt	7	0	0	0	0	0	0
/Volumes/GigiMurin/plip/Gylcerolipids/BD5om4-A-A-OLC7/report.txt	1	2	0	0	0	0	0
/Volumes/GigiMurin/plip/Gylcerolipids/BD5om4-A-A-OLC8/report.txt	3	0	0	0	0	0	0
/Volumes/GigiMurin/plip/Gylcerolipids/BD5om4-A-A-OLC9/report.txt	3	2	0	0	0	0	0
/Volumes/GigiMurin/plip/Gylcerolipids/BD5ont-A-A-A0K1/report.txt	0	6	0	0	0	0	0
/Volumes/GigiMurin/plip/Gylcerolipids/BD5oon-A-A-OLC1/report.txt	10	1	0	0	0	0	0
/Volumes/GigiMurin/plip/Gylcerolipids/BD5oon-A-A-OLC2/report.txt	3	0	0	0	0	0	0
/Volumes/GigiMurin/plip/Gylcerolipids/BD5oqt-A-A-OLC10/report.txt	1	0	0	0	0	0	0
/Volumes/GigiMurin/plip/Gylcerolipids/BD5oqt-A-A-OLC11/report.txt	0	0	0	0	0	0	0
/Volumes/GigiMurin/plip/Gylcerolipids/BD5oqt-A-A-OLC12/report.txt	2	0	0	0	0	0	0
/Volumes/GigiMurin/plip/Gylcerolipids/BD5oqt-A-A-OLC1/report.txt	5	2	0	0	0	0	0
/Volumes/GigiMurin/plip/Gylcerolipids/BD5oqt-A-A-OLC2/report.txt	2	0	0	0	0	0	0
/Volumes/GigiMurin/plip/Gylcerolipids/BD5oqt-A-A-OLC3/report.txt	4	0	0	0	0	0	0
/Volumes/GigiMurin/plip/Gylcerolipids/BD5oqt-A-A-OLC4/report.txt	1	1	0	0	0	0	0
/Volumes/GigiMurin/plip/Gylcerolipids/BD5oqt-A-A-OLC5/report.txt	2	0	0	0	0	0	0
/Volumes/GigiMurin/plip/Gylcerolipids/BD5oqt-A-A-OLC6/report.txt	7	2	0	0	0	0	0
/Volumes/GigiMurin/plip/Gylcerolipids/BD5oqt-A-A-OLC7/report.txt	2	0	0	0	0	0	0
/Volumes/GigiMurin/plip/Gylcerolipids/BD5oqt-A-A-OLC8/report.txt	6	0	0	0	0	0	0
/Volumes/GigiMurin/plip/Gylcerolipids/BD5oqt-A-A-OLC9/report.txt	5	2	0	0	0	0	0
/Volumes/GigiMurin/plip/Gylcerolipids/BD5oqt-C-A-OLC12/report.txt	2	0	0	0	0	0	0
/Volumes/GigiMurin/plip/Gylcerolipids/BD5oqt-C-A-OLC3/report.txt	1	0	0	0	0	0	0
/Volumes/GigiMurin/plip/Gylcerolipids/BD5oqt-C-C-OLC1/report.txt	1	1	0	0	0	0	0
/Volumes/GigiMurin/plip/Gylcerolipids/BD5oy0-0-0-SQD1/report.txt	3	1	0	0	0	0	0
/Volumes/GigiMurin/plip/Gylcerolipids/BD5oy0-a-f-SQD1/report.txt	0	0	1	0	0	0	0
/Volumes/GigiMurin/plip/Gylcerolipids/BD5oy0-b-b-SQD1/report.txt	5	1	1	0	0	0	0
/Volumes/GigiMurin/plip/Gylcerolipids/BD5oy0-b-f-SQD1/report.txt	4	0	0	0	0	0	0
/Volumes/GigiMurin/plip/Gylcerolipids/BD5oy0-b-L-SQD2/report.txt	0	0	1	0	0	0	0
/Volumes/GigiMurin/plip/Gylcerolipids/BD5oy0-f-f-SQD1/report.txt	0	0	1	0	0	0	0
/Volumes/GigiMurin/plip/Gylcerolipids/BD5oy0-i-L-SQD1/report.txt	4	0	1	0	0	0	0
/Volumes/GigiMurin/plip/Gylcerolipids/BD5oy0-i-L-SQD2/report.txt	6	0	0	0	0	0	0
/Volumes/GigiMurin/plip/Gylcerolipids/BD5oy0-L-L-SQD1/report.txt	3	3	0	0	0	0	0
/Volumes/GigiMurin/plip/Gylcerolipids/BD5oy0-L-L-SQD2/report.txt	1	0	0	0	0	0	0
/Volumes/GigiMurin/plip/Gylcerolipids/BD5oy0-m-L-SQD2/report.txt	3	1	0	0	0	0	0
/Volumes/GigiMurin/plip/Gylcerolipids/BD5t1a-A-A-OLC1/report.txt	5	2	2	0	0	0	0
/Volumes/GigiMurin/plip/Gylcerolipids/BD5t77-A-A-OLC10/report.txt	3	0	0	0	0	0	0
/Volumes/GigiMurin/plip/Gylcerolipids/BD5t77-A-A-OLC11/report.txt	1	0	0	0	0	0	0
/Volumes/GigiMurin/plip/Gylcerolipids/BD5t77-A-A-OLC12/report.txt	3	0	1	0	0	0	0
/Volumes/GigiMurin/plip/Gylcerolipids/BD5t77-A-A-OLC13/report.txt	1	0	0	0	0	0	0
/Volumes/GigiMurin/plip/Gylcerolipids/BD5t77-A-A-OLC14/report.txt	2	0	0	0	0	0	0
/Volumes/GigiMurin/plip/Gylcerolipids/BD5t77-A-A-OLC15/report.txt	4	0	0	0	0	0	0
/Volumes/GigiMurin/plip/Gylcerolipids/BD5t77-A-A-OLC16/report.txt	1	0	0	0	0	0	0
/Volumes/GigiMurin/plip/Gylcerolipids/BD5t77-A-A-OLC17/report.txt	0	0	0	0	0	0	0
/Volumes/GigiMurin/plip/Gylcerolipids/BD5t77-A-A-OLC18/report.txt	3	0	0	0	0	0	0
/Volumes/GigiMurin/plip/Gylcerolipids/BD5t77-A-A-OLC19/report.txt	0	0	0	0	0	0	0
/Volumes/GigiMurin/plip/Gylcerolipids/BD5t77-A-A-OLC1/report.txt	11	1	0	0	0	0	0
/Volumes/GigiMurin/plip/Gylcerolipids/BD5t77-A-A-OLC20/report.txt	0	0	0	0	0	0	0
/Volumes/GigiMurin/plip/Gylcerolipids/BD5t77-A-A-OLC21/report.txt	0	0	0	0	0	0	0
/Volumes/GigiMurin/plip/Gylcerolipids/BD5t77-A-A-OLC22/report.txt	0	0	0	0	0	0	0
/Volumes/GigiMurin/plip/Gylcerolipids/BD5t77-A-A-OLC23/report.txt	0	0	0	0	0	0	0
/Volumes/GigiMurin/plip/Gylcerolipids/BD5t77-A-A-OLC24/report.txt	3	0	0	0	0	0	0
/Volumes/GigiMurin/plip/Gylcerolipids/BD5t77-A-A-OLC25/report.txt	1	0	0	0	0	0	0
/Volumes/GigiMurin/plip/Gylcerolipids/BD5t77-A-A-OLC26/report.txt	1	0	0	0	0	0	0
/Volumes/GigiMurin/plip/Gylcerolipids/BD5t77-A-A-OLC27/report.txt	1	0	0	0	0	0	0
/Volumes/GigiMurin/plip/Gylcerolipids/BD5t77-A-A-OLC28/report.txt	2	0	0	0	0	0	0
/Volumes/GigiMurin/plip/Gylcerolipids/BD5t77-A-A-OLC29/report.txt	3	2	0	0	0	0	0
/Volumes/GigiMurin/plip/Gylcerolipids/BD5t77-A-A-OLC2/report.txt	5	3	0	0	0	0	0
/Volumes/GigiMurin/plip/Gylcerolipids/BD5t77-A-A-OLC30/report.txt	2	0	0	0	0	0	0
/Volumes/GigiMurin/plip/Gylcerolipids/BD5t77-A-A-OLC31/report.txt	2	2	0	0	0	0	0
/Volumes/GigiMurin/plip/Gylcerolipids/BD5t77-A-A-OLC32/report.txt	0	2	0	0	0	0	0
/Volumes/GigiMurin/plip/Gylcerolipids/BD5t77-A-A-OLC3/report.txt	0	3	1	0	0	0	0
/Volumes/GigiMurin/plip/Gylcerolipids/BD5t77-A-A-OLC4/report.txt	4	0	0	0	0	0	0
/Volumes/GigiMurin/plip/Gylcerolipids/BD5t77-A-A-OLC5/report.txt	1	0	0	0	0	0	0
/Volumes/GigiMurin/plip/Gylcerolipids/BD5t77-A-A-OLC6/report.txt	2	1	0	0	0	0	0
/Volumes/GigiMurin/plip/Gylcerolipids/BD5t77-A-A-OLC7/report.txt	5	0	0	0	0	0	0
/Volumes/GigiMurin/plip/Gylcerolipids/BD5t77-A-A-OLC8/report.txt	5	1	0	0	0	0	0
/Volumes/GigiMurin/plip/Gylcerolipids/BD5t77-A-A-OLC9/report.txt	3	0	0	0	0	0	0
/Volumes/GigiMurin/plip/Gylcerolipids/BD5tgz-A-A-OLC1/report.txt	0	3	0	0	0	0	0
/Volumes/GigiMurin/plip/Gylcerolipids/BD5tis-a-a-SQD1/report.txt	2	2	0	0	0	0	0
/Volumes/GigiMurin/plip/Gylcerolipids/BD5tis-A-A-SQD2/report.txt	5	3	0	0	0	0	0
/Volumes/GigiMurin/plip/Gylcerolipids/BD5tis-A-b-SQD1/report.txt	4	0	0	0	0	0	0
/Volumes/GigiMurin/plip/Gylcerolipids/BD5tis-a-B-SQD2/report.txt	4	1	0	0	0	0	0
/Volumes/GigiMurin/plip/Gylcerolipids/BD5tis-b-A-SQD2/report.txt	2	1	0	0	0	0	0
/Volumes/GigiMurin/plip/Gylcerolipids/BD5tis-b-b-SQD1/report.txt	2	0	1	0	0	0	0
/Volumes/GigiMurin/plip/Gylcerolipids/BD5tis-B-B-SQD2/report.txt	1	0	0	0	0	0	0
/Volumes/GigiMurin/plip/Gylcerolipids/BD5tis-B-D-SQD2/report.txt	1	1	2	0	0	0	0
/Volumes/GigiMurin/plip/Gylcerolipids/BD5tis-b-L-SQD1/report.txt	2	0	1	0	0	0	0
/Volumes/GigiMurin/plip/Gylcerolipids/BD5tis-c-a-SQD1/report.txt	2	1	0	0	0	0	0
/Volumes/GigiMurin/plip/Gylcerolipids/BD5tis-d-a-SQD1/report.txt	0	3	0	0	0	0	0
/Volumes/GigiMurin/plip/Gylcerolipids/BD5tis-D-D-SQD1/report.txt	0	2	2	0	0	0	0
/Volumes/GigiMurin/plip/Gylcerolipids/BD5tis-D-D-SQD2/report.txt	1	2	2	0	0	0	0
/Volumes/GigiMurin/plip/Gylcerolipids/BD5tis-d-f-SQD1/report.txt	0	2	1	0	0	0	0
/Volumes/GigiMurin/plip/Gylcerolipids/BD5tis-f-f-SQD1/report.txt	1	1	0	0	0	0	0
/Volumes/GigiMurin/plip/Gylcerolipids/BD5tis-K-A-SQD1/report.txt	3	0	0	0	0	0	0
/Volumes/GigiMurin/plip/Gylcerolipids/BD5tis-l-B-SQD1/report.txt	0	0	1	0	0	0	0
/Volumes/GigiMurin/plip/Gylcerolipids/BD5tis-L-L-SQD1/report.txt	1	2	1	0	0	0	0
/Volumes/GigiMurin/plip/Gylcerolipids/BD5tis-t-B-SQD1/report.txt	2	0	0	0	0	0	0
/Volumes/GigiMurin/plip/Gylcerolipids/BD5tis-T-L-SQD1/report.txt	1	0	0	0	0	0	0
/Volumes/GigiMurin/plip/Gylcerolipids/BD5tvn-A-A-OLC1/report.txt	2	4	0	0	0	0	0
/Volumes/GigiMurin/plip/Gylcerolipids/BD5tzr-A-A-OLC1/report.txt	4	0	0	0	0	0	0
/Volumes/GigiMurin/plip/Gylcerolipids/BD5tzr-A-A-OLC2/report.txt	5	1	0	0	0	0	0
/Volumes/GigiMurin/plip/Gylcerolipids/BD5tzr-A-A-OLC3/report.txt	1	0	0	0	0	0	0
/Volumes/GigiMurin/plip/Gylcerolipids/BD5tzr-A-A-OLC4/report.txt	1	0	0	0	0	0	0
/Volumes/GigiMurin/plip/Gylcerolipids/BD5tzr-A-A-OLC5/report.txt	0	0	0	0	0	0	0
/Volumes/GigiMurin/plip/Gylcerolipids/BD5tzr-A-A-OLC6/report.txt	5	0	0	0	0	0	0
/Volumes/GigiMurin/plip/Gylcerolipids/BD5tzr-A-A-OLC7/report.txt	3	0	0	0	0	0	0
/Volumes/GigiMurin/plip/Gylcerolipids/BD5tzr-A-A-OLC8/report.txt	2	0	0	0	0	0	0
/Volumes/GigiMurin/plip/Gylcerolipids/BD5tzy-A-A-OLC1/report.txt	2	0	0	0	0	0	0
/Volumes/GigiMurin/plip/Gylcerolipids/BD5uiw-A-A-OLC1/report.txt	1	0	0	0	0	0	0
/Volumes/GigiMurin/plip/Gylcerolipids/BD5uiw-A-A-OLC2/report.txt	3	1	0	0	0	0	0
/Volumes/GigiMurin/plip/Gylcerolipids/BD5uiw-A-A-OLC3/report.txt	5	2	0	0	0	0	0
/Volumes/GigiMurin/plip/Gylcerolipids/BD5uiw-A-A-OLC4/report.txt	1	1	0	0	0	0	0
/Volumes/GigiMurin/plip/Gylcerolipids/BD5uiw-A-A-OLC5/report.txt	1	1	0	0	0	0	0
/Volumes/GigiMurin/plip/Gylcerolipids/BD5uiw-A-A-OLC6/report.txt	6	0	0	0	0	0	0
/Volumes/GigiMurin/plip/Gylcerolipids/BD5ung-B-B-OLC1/report.txt	1	4	0	0	0	0	0
/Volumes/GigiMurin/plip/Gylcerolipids/BD5uni-B-B-OLC1/report.txt	8	0	0	0	0	0	0
/Volumes/GigiMurin/plip/Gylcerolipids/BD5uni-B-B-OLC2/report.txt	1	0	0	0	0	0	0
/Volumes/GigiMurin/plip/Gylcerolipids/BD5uvi-A-A-OLC1/report.txt	2	0	0	0	0	0	0
/Volumes/GigiMurin/plip/Gylcerolipids/BD5uvi-A-A-OLC2/report.txt	3	1	0	0	0	0	0
/Volumes/GigiMurin/plip/Gylcerolipids/BD5v2c-a-a-SQD1/report.txt	8	2	0	0	0	0	0
/Volumes/GigiMurin/plip/Gylcerolipids/BD5v2c-a-a-SQD2/report.txt	2	3	0	0	0	0	0
/Volumes/GigiMurin/plip/Gylcerolipids/BD5v2c-a-a-SQD3/report.txt	4	2	2	0	0	0	0
/Volumes/GigiMurin/plip/Gylcerolipids/BD5v2c-b-A-SQD2/report.txt	0	1	0	0	0	0	0
/Volumes/GigiMurin/plip/Gylcerolipids/BD5v2c-b-b-SQD1/report.txt	1	0	1	0	0	0	0
/Volumes/GigiMurin/plip/Gylcerolipids/BD5v2c-b-h-SQD1/report.txt	1	0	0	0	0	0	0
/Volumes/GigiMurin/plip/Gylcerolipids/BD5v2c-B-l-SQD1/report.txt	2	1	1	0	0	0	0
/Volumes/GigiMurin/plip/Gylcerolipids/BD5v2c-c-a-SQD1/report.txt	1	2	0	0	0	0	0
/Volumes/GigiMurin/plip/Gylcerolipids/BD5v2c-D-A-SQD1/report.txt	0	0	1	0	0	0	0
/Volumes/GigiMurin/plip/Gylcerolipids/BD5v2c-D-F-SQD1/report.txt	0	1	1	0	0	0	0
/Volumes/GigiMurin/plip/Gylcerolipids/BD5v2c-d-x-SQD1/report.txt	0	1	1	0	0	0	0
/Volumes/GigiMurin/plip/Gylcerolipids/BD5v2c-E-F-SQD1/report.txt	0	1	0	0	0	0	0
/Volumes/GigiMurin/plip/Gylcerolipids/BD5v2c-F-F-SQD1/report.txt	2	1	0	0	0	0	0
/Volumes/GigiMurin/plip/Gylcerolipids/BD5v2c-h-h-SQD1/report.txt	2	1	0	0	0	0	0
/Volumes/GigiMurin/plip/Gylcerolipids/BD5v2c-k-a-SQD1/report.txt	3	0	0	0	0	0	0
/Volumes/GigiMurin/plip/Gylcerolipids/BD5v2c-l-b-SQD1/report.txt	0	0	1	0	0	0	0
/Volumes/GigiMurin/plip/Gylcerolipids/BD5v2c-l-l-SQD1/report.txt	1	2	1	0	0	0	0
/Volumes/GigiMurin/plip/Gylcerolipids/BD5v2c-T-b-SQD1/report.txt	1	0	0	0	0	0	0
/Volumes/GigiMurin/plip/Gylcerolipids/BD5v2c-t-l-SQD1/report.txt	3	0	0	0	0	0	0
/Volumes/GigiMurin/plip/Gylcerolipids/BD5v2c-x-x-SQD1/report.txt	2	0	0	0	0	0	0
/Volumes/GigiMurin/plip/Gylcerolipids/BD5v57-B-B-OLC1/report.txt	2	1	0	0	0	0	0
/Volumes/GigiMurin/plip/Gylcerolipids/BD5vbl-B-B-OLC1/report.txt	2	3	0	0	0	0	0
/Volumes/GigiMurin/plip/Gylcerolipids/BD5vew-A-A-OLC1/report.txt	5	0	0	0	0	0	0
/Volumes/GigiMurin/plip/Gylcerolipids/BD5vew-A-A-OLC2/report.txt	0	1	0	0	0	0	0
/Volumes/GigiMurin/plip/Gylcerolipids/BD5vew-A-B-OLC1/report.txt	4	1	0	0	0	0	0
/Volumes/GigiMurin/plip/Gylcerolipids/BD5vew-B-B-OLC1/report.txt	1	0	0	0	0	0	0
/Volumes/GigiMurin/plip/Gylcerolipids/BD5vew-B-B-OLC2/report.txt	4	1	0	0	0	0	0
/Volumes/GigiMurin/plip/Gylcerolipids/BD5vew-B-B-OLC3/report.txt	1	0	0	0	0	0	0
/Volumes/GigiMurin/plip/Gylcerolipids/BD5vew-B-B-OLC4/report.txt	0	1	1	0	0	0	0
/Volumes/GigiMurin/plip/Gylcerolipids/BD5vra-A-A-OLC1/report.txt	1	0	0	0	0	0	0
/Volumes/GigiMurin/plip/Gylcerolipids/BD5vra-A-A-OLC2/report.txt	4	0	0	0	0	0	0
/Volumes/GigiMurin/plip/Gylcerolipids/BD5vra-A-A-OLC3/report.txt	6	2	0	0	0	0	0
/Volumes/GigiMurin/plip/Gylcerolipids/BD5vra-A-A-OLC4/report.txt	0	0	0	0	0	0	0
/Volumes/GigiMurin/plip/Gylcerolipids/BD5vra-A-A-OLC5/report.txt	2	0	0	0	0	0	0
/Volumes/GigiMurin/plip/Gylcerolipids/BD5vra-A-A-OLC6/report.txt	1	1	0	0	0	0	0
/Volumes/GigiMurin/plip/Gylcerolipids/BD5vrg-A-A-OLC1/report.txt	8	2	0	0	0	0	0
/Volumes/GigiMurin/plip/Gylcerolipids/BD5vrh-A-A-OLC1/report.txt	9	1	0	0	0	0	0
/Volumes/GigiMurin/plip/Gylcerolipids/BD5vrh-A-A-OLC2/report.txt	8	3	1	0	0	0	0
/Volumes/GigiMurin/plip/Gylcerolipids/BD5w7e-A-A-FAW1/report.txt	16	3	2	0	0	0	0
/Volumes/GigiMurin/plip/Gylcerolipids/BD5w7e-B-B-FAW1/report.txt	15	3	2	0	0	0	0
/Volumes/GigiMurin/plip/Gylcerolipids/BD5w97-a-a-TGL1/report.txt	4	0	0	0	0	0	0
/Volumes/GigiMurin/plip/Gylcerolipids/BD5w97-A-D-TGL1/report.txt	3	0	1	0	0	0	0
/Volumes/GigiMurin/plip/Gylcerolipids/BD5w97-a-i-TGL1/report.txt	3	0	0	0	0	0	0
/Volumes/GigiMurin/plip/Gylcerolipids/BD5w97-a-l-TGL1/report.txt	6	0	0	0	0	0	0
/Volumes/GigiMurin/plip/Gylcerolipids/BD5w97-b-a-TGL1/report.txt	4	0	1	0	0	0	0
/Volumes/GigiMurin/plip/Gylcerolipids/BD5w97-b-i-TGL1/report.txt	2	0	1	0	0	0	0
/Volumes/GigiMurin/plip/Gylcerolipids/BD5w97-d-a-TGL1/report.txt	2	1	0	0	0	0	0
/Volumes/GigiMurin/plip/Gylcerolipids/BD5w97-D-D-TGL1/report.txt	1	0	0	0	0	0	0
/Volumes/GigiMurin/plip/Gylcerolipids/BD5w97-i-i-TGL1/report.txt	1	0	1	0	0	0	0
/Volumes/GigiMurin/plip/Gylcerolipids/BD5w97-l-l-TGL1/report.txt	5	0	0	0	0	0	0
/Volumes/GigiMurin/plip/Gylcerolipids/BD5wau-A-A-TGL1/report.txt	7	0	0	0	0	0	0
/Volumes/GigiMurin/plip/Gylcerolipids/BD5wau-A-A-TGL2/report.txt	10	0	0	0	0	0	0
/Volumes/GigiMurin/plip/Gylcerolipids/BD5wau-a-b-TGL1/report.txt	3	0	0	0	0	0	0
/Volumes/GigiMurin/plip/Gylcerolipids/BD5wau-a-d-TGL1/report.txt	5	0	1	0	0	0	0
/Volumes/GigiMurin/plip/Gylcerolipids/BD5wau-a-l-TGL1/report.txt	12	0	0	0	0	0	0
/Volumes/GigiMurin/plip/Gylcerolipids/BD5wau-B-A-TGL1/report.txt	4	0	0	0	0	0	0
/Volumes/GigiMurin/plip/Gylcerolipids/BD5wau-b-b-TGL1/report.txt	3	0	0	0	0	0	0
/Volumes/GigiMurin/plip/Gylcerolipids/BD5wau-b-d-TGL1/report.txt	3	0	0	0	0	0	0
/Volumes/GigiMurin/plip/Gylcerolipids/BD5wau-d-d-TGL1/report.txt	2	0	0	0	0	0	0
/Volumes/GigiMurin/plip/Gylcerolipids/BD5wau-l-l-TGL1/report.txt	10	0	0	0	0	0	0
/Volumes/GigiMurin/plip/Gylcerolipids/BD5wb2-A-A-OLC1/report.txt	4	1	0	0	0	0	0
/Volumes/GigiMurin/plip/Gylcerolipids/BD5wb2-A-A-OLC2/report.txt	4	1	0	0	0	0	0
/Volumes/GigiMurin/plip/Gylcerolipids/BD5wb2-A-A-OLC3/report.txt	6	0	0	0	0	0	0
/Volumes/GigiMurin/plip/Gylcerolipids/BD5wb2-A-A-OLC4/report.txt	4	0	0	0	0	0	0
/Volumes/GigiMurin/plip/Gylcerolipids/BD5wf5-A-A-OLC1/report.txt	2	1	0	0	0	0	0
/Volumes/GigiMurin/plip/Gylcerolipids/BD5wf5-A-A-OLC2/report.txt	0	0	0	0	0	0	0
/Volumes/GigiMurin/plip/Gylcerolipids/BD5wf6-A-A-OLC1/report.txt	1	0	0	0	0	0	0
/Volumes/GigiMurin/plip/Gylcerolipids/BD5ws5-a-a-SQD1/report.txt	7	2	0	0	0	0	0
/Volumes/GigiMurin/plip/Gylcerolipids/BD5ws5-a-a-SQD2/report.txt	5	3	0	0	0	0	0
/Volumes/GigiMurin/plip/Gylcerolipids/BD5ws5-b-A-SQD2/report.txt	1	3	0	0	0	0	0
/Volumes/GigiMurin/plip/Gylcerolipids/BD5ws5-b-b-SQD1/report.txt	2	2	1	0	0	0	0
/Volumes/GigiMurin/plip/Gylcerolipids/BD5ws5-c-a-SQD1/report.txt	0	3	0	0	0	0	0
/Volumes/GigiMurin/plip/Gylcerolipids/BD5ws5-d-a-SQD1/report.txt	0	2	0	0	0	0	0
/Volumes/GigiMurin/plip/Gylcerolipids/BD5ws5-d-f-SQD1/report.txt	0	1	2	0	0	0	0
/Volumes/GigiMurin/plip/Gylcerolipids/BD5ws5-E-F-SQD1/report.txt	0	1	0	0	0	0	0
/Volumes/GigiMurin/plip/Gylcerolipids/BD5ws5-f-f-SQD1/report.txt	2	1	0	0	0	0	0
/Volumes/GigiMurin/plip/Gylcerolipids/BD5ws5-k-a-SQD1/report.txt	3	0	0	0	0	0	0
/Volumes/GigiMurin/plip/Gylcerolipids/BD5ws5-l-b-SQD1/report.txt	1	2	1	0	0	0	0
/Volumes/GigiMurin/plip/Gylcerolipids/BD5ws5-t-B-SQD1/report.txt	4	0	0	0	0	0	0
/Volumes/GigiMurin/plip/Gylcerolipids/BD5ws6-a-a-SQD1/report.txt	7	1	0	0	0	0	0
/Volumes/GigiMurin/plip/Gylcerolipids/BD5ws6-a-a-SQD2/report.txt	5	3	0	0	0	0	0
/Volumes/GigiMurin/plip/Gylcerolipids/BD5ws6-b-A-SQD2/report.txt	1	4	0	0	0	0	0
/Volumes/GigiMurin/plip/Gylcerolipids/BD5ws6-b-b-SQD1/report.txt	1	2	1	0	0	0	0
/Volumes/GigiMurin/plip/Gylcerolipids/BD5ws6-c-a-SQD1/report.txt	1	4	0	0	0	0	0
/Volumes/GigiMurin/plip/Gylcerolipids/BD5ws6-d-a-SQD1/report.txt	0	3	0	0	0	0	0
/Volumes/GigiMurin/plip/Gylcerolipids/BD5ws6-d-f-SQD1/report.txt	0	1	2	0	0	0	0
/Volumes/GigiMurin/plip/Gylcerolipids/BD5ws6-E-F-SQD1/report.txt	0	1	0	0	0	0	0
/Volumes/GigiMurin/plip/Gylcerolipids/BD5ws6-f-f-SQD1/report.txt	2	1	0	0	0	0	0
/Volumes/GigiMurin/plip/Gylcerolipids/BD5ws6-k-a-SQD1/report.txt	2	0	0	0	0	0	0
/Volumes/GigiMurin/plip/Gylcerolipids/BD5ws6-l-b-SQD1/report.txt	0	0	1	0	0	0	0
/Volumes/GigiMurin/plip/Gylcerolipids/BD5ws6-t-B-SQD1/report.txt	2	0	0	0	0	0	0
/Volumes/GigiMurin/plip/Gylcerolipids/BD5wtr-C-C-TGL1/report.txt	6	0	0	0	0	0	0
/Volumes/GigiMurin/plip/Gylcerolipids/BD5wtr-F-F-TGL1/report.txt	7	0	0	0	0	0	0
/Volumes/GigiMurin/plip/Gylcerolipids/BD5x19-A-A-TGL1/report.txt	8	0	0	0	0	0	0
/Volumes/GigiMurin/plip/Gylcerolipids/BD5x19-A-D-TGL1/report.txt	4	0	0	0	0	0	0
/Volumes/GigiMurin/plip/Gylcerolipids/BD5x19-A-L-TGL1/report.txt	5	0	0	0	0	0	0
/Volumes/GigiMurin/plip/Gylcerolipids/BD5x19-B-A-TGL1/report.txt	3	0	1	0	0	0	0
/Volumes/GigiMurin/plip/Gylcerolipids/BD5x19-B-D-TGL1/report.txt	1	0	0	0	0	0	0
/Volumes/GigiMurin/plip/Gylcerolipids/BD5x19-D-D-TGL1/report.txt	2	2	0	0	0	0	0
/Volumes/GigiMurin/plip/Gylcerolipids/BD5x19-L-L-TGL1/report.txt	5	0	0	0	0	0	0
/Volumes/GigiMurin/plip/Gylcerolipids/BD5x19-N-O-TGL1/report.txt	5	0	0	0	0	0	0
/Volumes/GigiMurin/plip/Gylcerolipids/BD5x19-N-Q-TGL1/report.txt	4	0	0	0	0	0	0
/Volumes/GigiMurin/plip/Gylcerolipids/BD5x19-N-Y-TGL1/report.txt	5	0	0	0	0	0	0
/Volumes/GigiMurin/plip/Gylcerolipids/BD5x19-O-O-TGL1/report.txt	1	0	0	0	0	0	0
/Volumes/GigiMurin/plip/Gylcerolipids/BD5x19-O-Q-TGL1/report.txt	1	0	0	0	0	0	0
/Volumes/GigiMurin/plip/Gylcerolipids/BD5x19-Q-Q-TGL1/report.txt	3	1	0	0	0	0	0
/Volumes/GigiMurin/plip/Gylcerolipids/BD5x19-Y-Y-TGL1/report.txt	7	0	0	0	0	0	0
/Volumes/GigiMurin/plip/Gylcerolipids/BD5x1b-A-A-TGL1/report.txt	4	0	0	0	0	0	0
/Volumes/GigiMurin/plip/Gylcerolipids/BD5x1b-A-D-TGL1/report.txt	3	0	1	0	0	0	0
/Volumes/GigiMurin/plip/Gylcerolipids/BD5x1b-A-L-TGL1/report.txt	5	0	0	0	0	0	0
/Volumes/GigiMurin/plip/Gylcerolipids/BD5x1b-B-A-TGL1/report.txt	2	0	0	0	0	0	0
/Volumes/GigiMurin/plip/Gylcerolipids/BD5x1b-D-D-TGL1/report.txt	1	3	0	0	0	0	0
/Volumes/GigiMurin/plip/Gylcerolipids/BD5x1b-L-L-TGL1/report.txt	6	0	0	0	0	0	0
/Volumes/GigiMurin/plip/Gylcerolipids/BD5x1b-N-N-TGL1/report.txt	5	0	0	0	0	0	0
/Volumes/GigiMurin/plip/Gylcerolipids/BD5x1b-N-N-TGL2/report.txt	1	0	1	0	0	0	0
/Volumes/GigiMurin/plip/Gylcerolipids/BD5x1b-N-N-TGL3/report.txt	11	0	0	0	0	0	0
/Volumes/GigiMurin/plip/Gylcerolipids/BD5x1b-O-N-TGL1/report.txt	3	0	0	0	0	0	0
/Volumes/GigiMurin/plip/Gylcerolipids/BD5x1b-O-N-TGL2/report.txt	4	0	0	0	0	0	0
/Volumes/GigiMurin/plip/Gylcerolipids/BD5x1b-Q-N-TGL2/report.txt	1	0	0	0	0	0	0
/Volumes/GigiMurin/plip/Gylcerolipids/BD5x1f-A-A-TGL1/report.txt	5	0	0	0	0	0	0
/Volumes/GigiMurin/plip/Gylcerolipids/BD5x1f-A-D-TGL1/report.txt	3	0	0	0	0	0	0
/Volumes/GigiMurin/plip/Gylcerolipids/BD5x1f-A-L-TGL1/report.txt	8	0	0	0	0	0	0
/Volumes/GigiMurin/plip/Gylcerolipids/BD5x1f-B-A-TGL1/report.txt	2	0	1	0	0	0	0
/Volumes/GigiMurin/plip/Gylcerolipids/BD5x1f-B-D-TGL1/report.txt	1	0	0	0	0	0	0
/Volumes/GigiMurin/plip/Gylcerolipids/BD5x1f-D-D-TGL1/report.txt	1	2	0	0	0	0	0
/Volumes/GigiMurin/plip/Gylcerolipids/BD5x1f-L-L-TGL1/report.txt	6	0	0	0	0	0	0
/Volumes/GigiMurin/plip/Gylcerolipids/BD5x1f-N-N-TGL1/report.txt	7	0	0	0	0	0	0
/Volumes/GigiMurin/plip/Gylcerolipids/BD5x1f-N-Q-TGL1/report.txt	4	0	0	0	0	0	0
/Volumes/GigiMurin/plip/Gylcerolipids/BD5x1f-N-Y-TGL1/report.txt	7	0	0	0	0	0	0
/Volumes/GigiMurin/plip/Gylcerolipids/BD5x1f-O-N-TGL1/report.txt	3	0	1	0	0	0	0
/Volumes/GigiMurin/plip/Gylcerolipids/BD5x1f-Q-Q-TGL1/report.txt	2	3	0	0	0	0	0
/Volumes/GigiMurin/plip/Gylcerolipids/BD5x1f-Y-Y-TGL1/report.txt	6	0	0	0	0	0	0
/Volumes/GigiMurin/plip/Gylcerolipids/BD5x93-A-A-OLC10/report.txt	4	0	0	0	0	0	0
/Volumes/GigiMurin/plip/Gylcerolipids/BD5x93-A-A-OLC11/report.txt	1	0	0	0	0	0	0
/Volumes/GigiMurin/plip/Gylcerolipids/BD5x93-A-A-OLC1/report.txt	3	0	0	0	0	0	0
/Volumes/GigiMurin/plip/Gylcerolipids/BD5x93-A-A-OLC2/report.txt	9	0	0	0	0	0	0
/Volumes/GigiMurin/plip/Gylcerolipids/BD5x93-A-A-OLC3/report.txt	0	0	0	0	0	0	0
/Volumes/GigiMurin/plip/Gylcerolipids/BD5x93-A-A-OLC4/report.txt	3	0	0	0	0	0	0
/Volumes/GigiMurin/plip/Gylcerolipids/BD5x93-A-A-OLC5/report.txt	10	0	0	0	0	0	0
/Volumes/GigiMurin/plip/Gylcerolipids/BD5x93-A-A-OLC6/report.txt	1	0	0	0	0	0	0
/Volumes/GigiMurin/plip/Gylcerolipids/BD5x93-A-A-OLC7/report.txt	3	0	0	0	0	0	0
/Volumes/GigiMurin/plip/Gylcerolipids/BD5x93-A-A-OLC8/report.txt	4	0	0	0	0	0	0
/Volumes/GigiMurin/plip/Gylcerolipids/BD5x93-A-A-OLC9/report.txt	6	0	1	0	0	0	0
/Volumes/GigiMurin/plip/Gylcerolipids/BD5xan-A-A-OLC1/report.txt	5	0	0	0	0	0	0
/Volumes/GigiMurin/plip/Gylcerolipids/BD5xan-A-A-OLC2/report.txt	3	0	0	0	0	0	0
/Volumes/GigiMurin/plip/Gylcerolipids/BD5xan-A-A-OLC3/report.txt	7	0	0	0	0	0	0
/Volumes/GigiMurin/plip/Gylcerolipids/BD5xan-A-A-OLC4/report.txt	1	0	0	0	0	0	0
/Volumes/GigiMurin/plip/Gylcerolipids/BD5xan-B-A-OLC4/report.txt	1	0	0	0	0	0	0
/Volumes/GigiMurin/plip/Gylcerolipids/BD5xan-B-B-OLC1/report.txt	5	0	0	0	0	0	0
/Volumes/GigiMurin/plip/Gylcerolipids/BD5xan-B-B-OLC2/report.txt	7	1	0	0	0	0	0
/Volumes/GigiMurin/plip/Gylcerolipids/BD5xan-B-B-OLC3/report.txt	7	0	0	0	0	0	0
/Volumes/GigiMurin/plip/Gylcerolipids/BD5xan-B-B-OLC4/report.txt	4	0	0	0	0	0	0
/Volumes/GigiMurin/plip/Gylcerolipids/BD5xan-B-B-OLC5/report.txt	2	0	0	0	0	0	0
/Volumes/GigiMurin/plip/Gylcerolipids/BD5xap-A-A-OLC1/report.txt	7	0	0	0	0	0	0
/Volumes/GigiMurin/plip/Gylcerolipids/BD5xap-A-A-OLC2/report.txt	2	0	0	0	0	0	0
/Volumes/GigiMurin/plip/Gylcerolipids/BD5xap-A-A-OLC3/report.txt	4	1	1	0	0	0	0
/Volumes/GigiMurin/plip/Gylcerolipids/BD5xap-A-A-OLC4/report.txt	1	0	0	0	0	0	0
/Volumes/GigiMurin/plip/Gylcerolipids/BD5xap-A-A-OLC5/report.txt	4	0	0	0	0	0	0
/Volumes/GigiMurin/plip/Gylcerolipids/BD5xap-A-A-OLC6/report.txt	3	0	0	0	0	0	0
/Volumes/GigiMurin/plip/Gylcerolipids/BD5xap-A-A-OLC7/report.txt	10	0	0	0	0	0	0
/Volumes/GigiMurin/plip/Gylcerolipids/BD5xdq-A-B-TGL1/report.txt	10	0	0	0	0	0	0
/Volumes/GigiMurin/plip/Gylcerolipids/BD5xdq-A-D-TGL1/report.txt	9	0	0	0	0	0	0
/Volumes/GigiMurin/plip/Gylcerolipids/BD5xdq-A-L-TGL1/report.txt	10	0	0	0	0	0	0
/Volumes/GigiMurin/plip/Gylcerolipids/BD5xdq-B-B-TGL1/report.txt	3	1	1	0	0	0	0
/Volumes/GigiMurin/plip/Gylcerolipids/BD5xdq-B-D-TGL1/report.txt	2	0	0	0	0	0	0
/Volumes/GigiMurin/plip/Gylcerolipids/BD5xdq-D-D-TGL1/report.txt	3	3	0	0	0	0	0
/Volumes/GigiMurin/plip/Gylcerolipids/BD5xdq-L-L-TGL1/report.txt	6	0	0	0	0	0	0
/Volumes/GigiMurin/plip/Gylcerolipids/BD5xdq-N-N-TGL1/report.txt	16	0	0	0	0	0	0
/Volumes/GigiMurin/plip/Gylcerolipids/BD5xdq-N-O-TGL1/report.txt	8	0	0	0	0	0	0
/Volumes/GigiMurin/plip/Gylcerolipids/BD5xdq-N-Q-TGL1/report.txt	7	0	1	0	0	0	0
/Volumes/GigiMurin/plip/Gylcerolipids/BD5xdq-O-O-TGL1/report.txt	3	0	1	0	0	0	0
/Volumes/GigiMurin/plip/Gylcerolipids/BD5xdq-O-Q-TGL1/report.txt	1	0	0	0	0	0	0
/Volumes/GigiMurin/plip/Gylcerolipids/BD5xdq-Q-Q-TGL1/report.txt	2	2	0	0	0	0	0
/Volumes/GigiMurin/plip/Gylcerolipids/BD5xdx-A-A-TGL1/report.txt	7	0	0	0	0	0	0
/Volumes/GigiMurin/plip/Gylcerolipids/BD5xdx-A-D-TGL1/report.txt	7	0	1	0	0	0	0
/Volumes/GigiMurin/plip/Gylcerolipids/BD5xdx-A-L-TGL1/report.txt	12	0	0	0	0	0	0
/Volumes/GigiMurin/plip/Gylcerolipids/BD5xdx-B-A-TGL1/report.txt	3	0	1	0	0	0	0
/Volumes/GigiMurin/plip/Gylcerolipids/BD5xdx-B-D-TGL1/report.txt	1	0	0	0	0	0	0
/Volumes/GigiMurin/plip/Gylcerolipids/BD5xdx-D-D-TGL1/report.txt	3	2	0	0	0	0	0
/Volumes/GigiMurin/plip/Gylcerolipids/BD5xdx-L-L-TGL1/report.txt	10	0	0	0	0	0	0
/Volumes/GigiMurin/plip/Gylcerolipids/BD5xdx-N-O-TGL1/report.txt	10	0	0	0	0	0	0
/Volumes/GigiMurin/plip/Gylcerolipids/BD5xdx-N-Q-TGL1/report.txt	5	0	1	0	0	0	0
/Volumes/GigiMurin/plip/Gylcerolipids/BD5xdx-N-Y-TGL1/report.txt	10	0	0	0	0	0	0
/Volumes/GigiMurin/plip/Gylcerolipids/BD5xdx-O-O-TGL1/report.txt	4	0	1	0	0	0	0
/Volumes/GigiMurin/plip/Gylcerolipids/BD5xdx-O-Q-TGL1/report.txt	1	0	0	0	0	0	0
/Volumes/GigiMurin/plip/Gylcerolipids/BD5xdx-Q-Q-TGL1/report.txt	3	1	0	0	0	0	0
/Volumes/GigiMurin/plip/Gylcerolipids/BD5xdx-Y-Y-TGL1/report.txt	8	0	0	0	0	0	0
/Volumes/GigiMurin/plip/Gylcerolipids/BD5xj6-A-A-OLC1/report.txt	13	2	0	0	0	0	0
/Volumes/GigiMurin/plip/Gylcerolipids/BD5xj6-A-A-OLC2/report.txt	2	0	0	0	0	0	0
/Volumes/GigiMurin/plip/Gylcerolipids/BD5xj6-A-A-OLC3/report.txt	3	1	0	0	0	0	0
/Volumes/GigiMurin/plip/Gylcerolipids/BD5xj6-A-A-OLC4/report.txt	5	0	0	0	0	0	0
/Volumes/GigiMurin/plip/Gylcerolipids/BD5xjj-A-A-OLC1/report.txt	3	2	2	0	0	0	0
/Volumes/GigiMurin/plip/Gylcerolipids/BD5xnl-a-a-SQD1/report.txt	7	2	0	0	0	0	0
/Volumes/GigiMurin/plip/Gylcerolipids/BD5xnl-a-a-SQD2/report.txt	5	3	0	0	0	0	0
/Volumes/GigiMurin/plip/Gylcerolipids/BD5xnl-b-A-SQD2/report.txt	2	1	0	0	0	0	0
/Volumes/GigiMurin/plip/Gylcerolipids/BD5xnl-b-b-SQD1/report.txt	3	2	1	0	0	0	0
/Volumes/GigiMurin/plip/Gylcerolipids/BD5xnl-b-b-SQD2/report.txt	0	1	0	0	0	0	0
/Volumes/GigiMurin/plip/Gylcerolipids/BD5xnl-c-a-SQD1/report.txt	1	3	0	0	0	0	0
/Volumes/GigiMurin/plip/Gylcerolipids/BD5xnl-d-a-SQD1/report.txt	0	1	0	0	0	0	0
/Volumes/GigiMurin/plip/Gylcerolipids/BD5xnl-h-A-SQD2/report.txt	0	0	1	0	0	0	0
/Volumes/GigiMurin/plip/Gylcerolipids/BD5xnl-l-B-SQD1/report.txt	3	1	2	0	0	0	0
/Volumes/GigiMurin/plip/Gylcerolipids/BD5xnl-l-b-SQD2/report.txt	0	1	0	0	0	0	0
/Volumes/GigiMurin/plip/Gylcerolipids/BD5xnl-t-a-SQD2/report.txt	2	0	0	0	0	0	0
/Volumes/GigiMurin/plip/Gylcerolipids/BD5xnl-t-B-SQD1/report.txt	4	0	0	0	0	0	0
/Volumes/GigiMurin/plip/Gylcerolipids/BD5xnm-a-a-SQD1/report.txt	6	1	0	0	0	0	0
/Volumes/GigiMurin/plip/Gylcerolipids/BD5xnm-a-a-SQD2/report.txt	7	3	0	0	0	0	0
/Volumes/GigiMurin/plip/Gylcerolipids/BD5xnm-b-A-SQD2/report.txt	1	1	0	0	0	0	0
/Volumes/GigiMurin/plip/Gylcerolipids/BD5xnm-b-b-SQD1/report.txt	2	0	1	0	0	0	0
/Volumes/GigiMurin/plip/Gylcerolipids/BD5xnm-b-b-SQD2/report.txt	0	1	0	0	0	0	0
/Volumes/GigiMurin/plip/Gylcerolipids/BD5xnm-c-a-SQD1/report.txt	1	2	0	0	0	0	0
/Volumes/GigiMurin/plip/Gylcerolipids/BD5xnm-d-a-SQD1/report.txt	0	1	0	0	0	0	0
/Volumes/GigiMurin/plip/Gylcerolipids/BD5xnm-h-A-SQD2/report.txt	0	0	1	0	0	0	0
/Volumes/GigiMurin/plip/Gylcerolipids/BD5xnm-l-b-SQD1/report.txt	0	1	0	0	0	0	0
/Volumes/GigiMurin/plip/Gylcerolipids/BD5xnm-l-b-SQD2/report.txt	0	2	0	0	0	0	0
/Volumes/GigiMurin/plip/Gylcerolipids/BD5xnm-t-a-SQD2/report.txt	1	0	0	0	0	0	0
/Volumes/GigiMurin/plip/Gylcerolipids/BD5xnm-t-B-SQD1/report.txt	3	0	0	0	0	0	0
/Volumes/GigiMurin/plip/Gylcerolipids/BD5xra-A-A-OLC1/report.txt	2	1	0	0	0	0	0
/Volumes/GigiMurin/plip/Gylcerolipids/BD5xra-A-A-OLC2/report.txt	1	3	0	0	0	0	0
/Volumes/GigiMurin/plip/Gylcerolipids/BD5xsz-A-A-OLC1/report.txt	6	0	0	0	0	0	0
/Volumes/GigiMurin/plip/Gylcerolipids/BD5xsz-A-A-OLC2/report.txt	3	1	0	0	0	0	0
/Volumes/GigiMurin/plip/Gylcerolipids/BD5xsz-A-A-OLC3/report.txt	2	1	0	0	0	0	0
/Volumes/GigiMurin/plip/Gylcerolipids/BD5y78-A-A-OLC10/report.txt	1	5	0	0	0	0	0
/Volumes/GigiMurin/plip/Gylcerolipids/BD5y78-A-A-OLC11/report.txt	3	0	0	0	0	0	0
/Volumes/GigiMurin/plip/Gylcerolipids/BD5y78-A-A-OLC12/report.txt	6	0	0	0	0	0	0
/Volumes/GigiMurin/plip/Gylcerolipids/BD5y78-A-A-OLC13/report.txt	4	0	0	0	0	0	0
/Volumes/GigiMurin/plip/Gylcerolipids/BD5y78-A-A-OLC14/report.txt	1	0	0	0	0	0	0
/Volumes/GigiMurin/plip/Gylcerolipids/BD5y78-A-A-OLC15/report.txt	0	0	0	0	0	0	0
/Volumes/GigiMurin/plip/Gylcerolipids/BD5y78-A-A-OLC16/report.txt	6	0	0	0	0	0	0
/Volumes/GigiMurin/plip/Gylcerolipids/BD5y78-A-A-OLC17/report.txt	1	0	0	0	0	0	0
/Volumes/GigiMurin/plip/Gylcerolipids/BD5y78-A-A-OLC1/report.txt	12	1	0	0	0	0	0
/Volumes/GigiMurin/plip/Gylcerolipids/BD5y78-A-A-OLC2/report.txt	5	0	0	0	0	0	0
/Volumes/GigiMurin/plip/Gylcerolipids/BD5y78-A-A-OLC3/report.txt	3	0	0	0	0	0	0
/Volumes/GigiMurin/plip/Gylcerolipids/BD5y78-A-A-OLC4/report.txt	4	0	0	0	0	0	0
/Volumes/GigiMurin/plip/Gylcerolipids/BD5y78-A-A-OLC5/report.txt	4	0	0	0	0	0	0
/Volumes/GigiMurin/plip/Gylcerolipids/BD5y78-A-A-OLC6/report.txt	3	0	0	0	0	0	0
/Volumes/GigiMurin/plip/Gylcerolipids/BD5y78-A-A-OLC7/report.txt	6	2	0	0	0	0	0
/Volumes/GigiMurin/plip/Gylcerolipids/BD5y78-A-A-OLC8/report.txt	4	0	0	0	0	0	0
/Volumes/GigiMurin/plip/Gylcerolipids/BD5y78-A-A-OLC9/report.txt	1	0	0	0	0	0	0
/Volumes/GigiMurin/plip/Gylcerolipids/BD5y78-B-B-OLC10/report.txt	3	0	0	0	0	0	0
/Volumes/GigiMurin/plip/Gylcerolipids/BD5y78-B-B-OLC11/report.txt	6	0	0	0	0	0	0
/Volumes/GigiMurin/plip/Gylcerolipids/BD5y78-B-B-OLC12/report.txt	2	0	0	0	0	0	0
/Volumes/GigiMurin/plip/Gylcerolipids/BD5y78-B-B-OLC13/report.txt	3	0	0	0	0	0	0
/Volumes/GigiMurin/plip/Gylcerolipids/BD5y78-B-B-OLC14/report.txt	0	0	0	0	0	0	0
/Volumes/GigiMurin/plip/Gylcerolipids/BD5y78-B-B-OLC15/report.txt	6	0	0	0	0	0	0
/Volumes/GigiMurin/plip/Gylcerolipids/BD5y78-B-B-OLC16/report.txt	4	0	0	0	0	0	0
/Volumes/GigiMurin/plip/Gylcerolipids/BD5y78-B-B-OLC17/report.txt	5	0	0	0	0	0	0
/Volumes/GigiMurin/plip/Gylcerolipids/BD5y78-B-B-OLC18/report.txt	0	0	0	0	0	0	0
/Volumes/GigiMurin/plip/Gylcerolipids/BD5y78-B-B-OLC19/report.txt	1	3	0	0	0	0	0
/Volumes/GigiMurin/plip/Gylcerolipids/BD5y78-B-B-OLC1/report.txt	10	0	0	0	0	0	0
/Volumes/GigiMurin/plip/Gylcerolipids/BD5y78-B-B-OLC20/report.txt	1	0	0	0	0	0	0
/Volumes/GigiMurin/plip/Gylcerolipids/BD5y78-B-B-OLC21/report.txt	3	0	0	0	0	0	0
/Volumes/GigiMurin/plip/Gylcerolipids/BD5y78-B-B-OLC22/report.txt	1	0	0	0	0	0	0
/Volumes/GigiMurin/plip/Gylcerolipids/BD5y78-B-B-OLC23/report.txt	4	0	0	0	0	0	0
/Volumes/GigiMurin/plip/Gylcerolipids/BD5y78-B-B-OLC24/report.txt	1	0	0	0	0	0	0
/Volumes/GigiMurin/plip/Gylcerolipids/BD5y78-B-B-OLC25/report.txt	2	1	0	0	0	0	0
/Volumes/GigiMurin/plip/Gylcerolipids/BD5y78-B-B-OLC2/report.txt	4	1	0	0	0	0	0
/Volumes/GigiMurin/plip/Gylcerolipids/BD5y78-B-B-OLC3/report.txt	4	0	0	0	0	0	0
/Volumes/GigiMurin/plip/Gylcerolipids/BD5y78-B-B-OLC4/report.txt	1	0	0	0	0	0	0
/Volumes/GigiMurin/plip/Gylcerolipids/BD5y78-B-B-OLC5/report.txt	8	0	0	0	0	0	0
/Volumes/GigiMurin/plip/Gylcerolipids/BD5y78-B-B-OLC6/report.txt	3	0	0	0	0	0	0
/Volumes/GigiMurin/plip/Gylcerolipids/BD5y78-B-B-OLC7/report.txt	3	3	0	0	0	0	0
/Volumes/GigiMurin/plip/Gylcerolipids/BD5y78-B-B-OLC8/report.txt	6	0	1	0	0	0	0
/Volumes/GigiMurin/plip/Gylcerolipids/BD5y78-B-B-OLC9/report.txt	6	0	0	0	0	0	0
/Volumes/GigiMurin/plip/Gylcerolipids/BD5y79-A-A-OLC10/report.txt	6	0	0	0	0	0	0
/Volumes/GigiMurin/plip/Gylcerolipids/BD5y79-A-A-OLC11/report.txt	1	0	0	0	0	0	0
/Volumes/GigiMurin/plip/Gylcerolipids/BD5y79-A-A-OLC12/report.txt	1	0	0	0	0	0	0
/Volumes/GigiMurin/plip/Gylcerolipids/BD5y79-A-A-OLC13/report.txt	0	0	0	0	0	0	0
/Volumes/GigiMurin/plip/Gylcerolipids/BD5y79-A-A-OLC14/report.txt	1	3	0	0	0	0	0
/Volumes/GigiMurin/plip/Gylcerolipids/BD5y79-A-A-OLC15/report.txt	5	0	0	0	0	0	0
/Volumes/GigiMurin/plip/Gylcerolipids/BD5y79-A-A-OLC1/report.txt	14	0	0	0	0	0	0
/Volumes/GigiMurin/plip/Gylcerolipids/BD5y79-A-A-OLC2/report.txt	3	0	0	0	0	0	0
/Volumes/GigiMurin/plip/Gylcerolipids/BD5y79-A-A-OLC3/report.txt	3	0	0	0	0	0	0
/Volumes/GigiMurin/plip/Gylcerolipids/BD5y79-A-A-OLC4/report.txt	4	0	0	0	0	0	0
/Volumes/GigiMurin/plip/Gylcerolipids/BD5y79-A-A-OLC5/report.txt	6	2	0	0	0	0	0
/Volumes/GigiMurin/plip/Gylcerolipids/BD5y79-A-A-OLC6/report.txt	6	0	0	0	0	0	0
/Volumes/GigiMurin/plip/Gylcerolipids/BD5y79-A-A-OLC7/report.txt	5	0	0	0	0	0	0
/Volumes/GigiMurin/plip/Gylcerolipids/BD5y79-A-A-OLC8/report.txt	2	0	0	0	0	0	0
/Volumes/GigiMurin/plip/Gylcerolipids/BD5y79-A-A-OLC9/report.txt	4	0	0	0	0	0	0
/Volumes/GigiMurin/plip/Gylcerolipids/BD5y79-B-B-OLC10/report.txt	2	0	0	0	0	0	0
/Volumes/GigiMurin/plip/Gylcerolipids/BD5y79-B-B-OLC11/report.txt	6	0	0	0	0	0	0
/Volumes/GigiMurin/plip/Gylcerolipids/BD5y79-B-B-OLC12/report.txt	4	0	0	0	0	0	0
/Volumes/GigiMurin/plip/Gylcerolipids/BD5y79-B-B-OLC13/report.txt	9	0	0	0	0	0	0
/Volumes/GigiMurin/plip/Gylcerolipids/BD5y79-B-B-OLC14/report.txt	5	0	0	0	0	0	0
/Volumes/GigiMurin/plip/Gylcerolipids/BD5y79-B-B-OLC15/report.txt	3	0	0	0	0	0	0
/Volumes/GigiMurin/plip/Gylcerolipids/BD5y79-B-B-OLC16/report.txt	0	1	0	0	0	0	0
/Volumes/GigiMurin/plip/Gylcerolipids/BD5y79-B-B-OLC17/report.txt	7	0	0	0	0	0	0
/Volumes/GigiMurin/plip/Gylcerolipids/BD5y79-B-B-OLC1/report.txt	8	0	0	0	0	0	0
/Volumes/GigiMurin/plip/Gylcerolipids/BD5y79-B-B-OLC2/report.txt	2	0	0	0	0	0	0
/Volumes/GigiMurin/plip/Gylcerolipids/BD5y79-B-B-OLC3/report.txt	2	1	0	0	0	0	0
/Volumes/GigiMurin/plip/Gylcerolipids/BD5y79-B-B-OLC4/report.txt	5	0	0	0	0	0	0
/Volumes/GigiMurin/plip/Gylcerolipids/BD5y79-B-B-OLC5/report.txt	6	3	0	0	0	0	0
/Volumes/GigiMurin/plip/Gylcerolipids/BD5y79-B-B-OLC6/report.txt	2	0	0	0	0	0	0
/Volumes/GigiMurin/plip/Gylcerolipids/BD5y79-B-B-OLC7/report.txt	2	0	0	0	0	0	0
/Volumes/GigiMurin/plip/Gylcerolipids/BD5y79-B-B-OLC8/report.txt	3	0	0	0	0	0	0
/Volumes/GigiMurin/plip/Gylcerolipids/BD5y79-B-B-OLC9/report.txt	1	0	0	0	0	0	0
/Volumes/GigiMurin/plip/Gylcerolipids/BD5yck-A-A-OLC1/report.txt	4	2	0	0	0	0	0
/Volumes/GigiMurin/plip/Gylcerolipids/BD5yck-A-A-OLC2/report.txt	7	0	0	0	0	0	0
/Volumes/GigiMurin/plip/Gylcerolipids/BD5yck-A-A-OLC3/report.txt	9	2	0	0	0	0	0
/Volumes/GigiMurin/plip/Gylcerolipids/BD5yhf-A-A-OLC1/report.txt	8	1	0	0	0	0	0
/Volumes/GigiMurin/plip/Gylcerolipids/BD5yhf-A-A-OLC2/report.txt	3	2	0	0	0	0	0
/Volumes/GigiMurin/plip/Gylcerolipids/BD5yhf-A-A-OLC3/report.txt	4	0	2	0	0	0	0
/Volumes/GigiMurin/plip/Gylcerolipids/BD5yhf-A-A-OLC4/report.txt	7	0	0	0	0	0	0
/Volumes/GigiMurin/plip/Gylcerolipids/BD5yhf-A-A-OLC5/report.txt	5	1	0	0	0	0	0
/Volumes/GigiMurin/plip/Gylcerolipids/BD5yqz-R-R-OLC1/report.txt	2	0	0	0	0	0	0
/Volumes/GigiMurin/plip/Gylcerolipids/BD5yqz-R-R-OLC2/report.txt	1	1	0	0	0	0	0
/Volumes/GigiMurin/plip/Gylcerolipids/BD5yqz-R-R-OLC3/report.txt	2	2	0	0	0	0	0
/Volumes/GigiMurin/plip/Gylcerolipids/BD5yqz-R-R-OLC4/report.txt	3	2	0	0	0	0	0
/Volumes/GigiMurin/plip/Gylcerolipids/BD5yqz-R-R-OLC5/report.txt	3	1	0	0	0	0	0
/Volumes/GigiMurin/plip/Gylcerolipids/BD5yqz-R-R-OLC6/report.txt	0	0	0	0	0	0	0
/Volumes/GigiMurin/plip/Gylcerolipids/BD5z84-A-A-TGL1/report.txt	9	0	0	0	0	0	0
/Volumes/GigiMurin/plip/Gylcerolipids/BD5z84-A-D-TGL1/report.txt	8	0	1	0	0	0	0
/Volumes/GigiMurin/plip/Gylcerolipids/BD5z84-A-L-TGL1/report.txt	11	0	0	0	0	0	0
/Volumes/GigiMurin/plip/Gylcerolipids/BD5z84-B-A-TGL1/report.txt	2	0	1	0	0	0	0
/Volumes/GigiMurin/plip/Gylcerolipids/BD5z84-B-D-TGL1/report.txt	3	0	0	0	0	0	0
/Volumes/GigiMurin/plip/Gylcerolipids/BD5z84-D-D-TGL1/report.txt	2	2	0	0	0	0	0
/Volumes/GigiMurin/plip/Gylcerolipids/BD5z84-L-L-TGL1/report.txt	7	1	1	0	0	0	0
/Volumes/GigiMurin/plip/Gylcerolipids/BD5z84-N-N-TGL1/report.txt	9	0	0	0	0	0	0
/Volumes/GigiMurin/plip/Gylcerolipids/BD5z84-N-Q-TGL1/report.txt	5	0	1	0	0	0	0
/Volumes/GigiMurin/plip/Gylcerolipids/BD5z84-N-Y-TGL1/report.txt	12	0	0	0	0	0	0
/Volumes/GigiMurin/plip/Gylcerolipids/BD5z84-O-N-TGL1/report.txt	2	0	1	0	0	0	0
/Volumes/GigiMurin/plip/Gylcerolipids/BD5z84-O-Q-TGL1/report.txt	5	0	0	0	0	0	0
/Volumes/GigiMurin/plip/Gylcerolipids/BD5z84-Q-Q-TGL1/report.txt	3	1	0	0	0	0	0
/Volumes/GigiMurin/plip/Gylcerolipids/BD5z84-Y-Y-TGL1/report.txt	9	0	0	0	0	0	0
/Volumes/GigiMurin/plip/Gylcerolipids/BD5z85-A-A-TGL1/report.txt	8	0	0	0	0	0	0
/Volumes/GigiMurin/plip/Gylcerolipids/BD5z85-A-D-TGL1/report.txt	7	0	1	0	0	0	0
/Volumes/GigiMurin/plip/Gylcerolipids/BD5z85-A-L-TGL1/report.txt	13	0	0	0	0	0	0
/Volumes/GigiMurin/plip/Gylcerolipids/BD5z85-B-A-TGL1/report.txt	1	0	1	0	0	0	0
/Volumes/GigiMurin/plip/Gylcerolipids/BD5z85-B-D-TGL1/report.txt	2	0	0	0	0	0	0
/Volumes/GigiMurin/plip/Gylcerolipids/BD5z85-D-D-TGL1/report.txt	1	2	0	0	0	0	0
/Volumes/GigiMurin/plip/Gylcerolipids/BD5z85-L-L-TGL1/report.txt	7	0	0	0	0	0	0
/Volumes/GigiMurin/plip/Gylcerolipids/BD5z85-N-N-TGL1/report.txt	9	0	0	0	0	0	0
/Volumes/GigiMurin/plip/Gylcerolipids/BD5z85-N-Q-TGL1/report.txt	8	0	1	0	0	0	0
/Volumes/GigiMurin/plip/Gylcerolipids/BD5z85-N-Y-TGL1/report.txt	10	0	0	0	0	0	0
/Volumes/GigiMurin/plip/Gylcerolipids/BD5z85-O-N-TGL1/report.txt	2	0	1	0	0	0	0
/Volumes/GigiMurin/plip/Gylcerolipids/BD5z85-O-Q-TGL1/report.txt	5	0	0	0	0	0	0
/Volumes/GigiMurin/plip/Gylcerolipids/BD5z85-Q-Q-TGL1/report.txt	3	1	0	0	0	0	0
/Volumes/GigiMurin/plip/Gylcerolipids/BD5z85-Y-Y-TGL1/report.txt	9	0	0	0	0	0	0
/Volumes/GigiMurin/plip/Gylcerolipids/BD5z86-A-B-TGL1/report.txt	7	0	0	0	0	0	0
/Volumes/GigiMurin/plip/Gylcerolipids/BD5z86-A-D-TGL1/report.txt	7	0	1	0	0	0	0
/Volumes/GigiMurin/plip/Gylcerolipids/BD5z86-A-L-TGL1/report.txt	13	0	0	0	0	0	0
/Volumes/GigiMurin/plip/Gylcerolipids/BD5z86-B-B-TGL1/report.txt	3	0	1	0	0	0	0
/Volumes/GigiMurin/plip/Gylcerolipids/BD5z86-B-D-TGL1/report.txt	3	0	0	0	0	0	0
/Volumes/GigiMurin/plip/Gylcerolipids/BD5z86-D-D-TGL1/report.txt	2	1	0	0	0	0	0
/Volumes/GigiMurin/plip/Gylcerolipids/BD5z86-L-L-TGL1/report.txt	9	0	0	0	0	0	0
/Volumes/GigiMurin/plip/Gylcerolipids/BD5z86-N-N-TGL1/report.txt	12	0	0	0	0	0	0
/Volumes/GigiMurin/plip/Gylcerolipids/BD5z86-N-Q-TGL1/report.txt	6	0	1	0	0	0	0
/Volumes/GigiMurin/plip/Gylcerolipids/BD5z86-N-Y-TGL1/report.txt	8	0	0	0	0	0	0
/Volumes/GigiMurin/plip/Gylcerolipids/BD5z86-O-N-TGL1/report.txt	1	0	1	0	0	0	0
/Volumes/GigiMurin/plip/Gylcerolipids/BD5z86-O-Q-TGL1/report.txt	2	0	0	0	0	0	0
/Volumes/GigiMurin/plip/Gylcerolipids/BD5z86-Q-Q-TGL1/report.txt	1	3	0	0	0	0	0
/Volumes/GigiMurin/plip/Gylcerolipids/BD5z86-Y-Y-TGL1/report.txt	9	0	0	0	0	0	0
/Volumes/GigiMurin/plip/Gylcerolipids/BD5zco-A-B-TGL1/report.txt	9	0	0	0	0	0	0
/Volumes/GigiMurin/plip/Gylcerolipids/BD5zco-A-D-TGL1/report.txt	8	0	1	0	0	0	0
/Volumes/GigiMurin/plip/Gylcerolipids/BD5zco-A-L-TGL1/report.txt	11	0	0	0	0	0	0
/Volumes/GigiMurin/plip/Gylcerolipids/BD5zco-B-B-TGL1/report.txt	4	0	1	0	0	0	0
/Volumes/GigiMurin/plip/Gylcerolipids/BD5zco-B-D-TGL1/report.txt	2	0	0	0	0	0	0
/Volumes/GigiMurin/plip/Gylcerolipids/BD5zco-D-D-TGL1/report.txt	1	2	0	0	0	0	0
/Volumes/GigiMurin/plip/Gylcerolipids/BD5zco-L-L-TGL1/report.txt	8	0	0	0	0	0	0
/Volumes/GigiMurin/plip/Gylcerolipids/BD5zco-N-N-TGL1/report.txt	13	0	0	0	0	0	0
/Volumes/GigiMurin/plip/Gylcerolipids/BD5zco-N-Q-TGL1/report.txt	10	0	1	0	0	0	0
/Volumes/GigiMurin/plip/Gylcerolipids/BD5zco-N-Y-TGL1/report.txt	9	0	0	0	0	0	0
/Volumes/GigiMurin/plip/Gylcerolipids/BD5zco-O-N-TGL1/report.txt	2	0	1	0	0	0	0
/Volumes/GigiMurin/plip/Gylcerolipids/BD5zco-O-Q-TGL1/report.txt	3	0	0	0	0	0	0
/Volumes/GigiMurin/plip/Gylcerolipids/BD5zco-Q-Q-TGL1/report.txt	2	2	0	0	0	0	0
/Volumes/GigiMurin/plip/Gylcerolipids/BD5zco-Y-Y-TGL1/report.txt	8	0	0	0	0	0	0
/Volumes/GigiMurin/plip/Gylcerolipids/BD5zcp-A-A-TGL1/report.txt	8	0	0	0	0	0	0
/Volumes/GigiMurin/plip/Gylcerolipids/BD5zcp-A-A-TGL2/report.txt	16	0	0	0	0	0	0
/Volumes/GigiMurin/plip/Gylcerolipids/BD5zcp-A-D-TGL1/report.txt	8	0	1	0	0	0	0
/Volumes/GigiMurin/plip/Gylcerolipids/BD5zcp-B-A-TGL1/report.txt	2	0	1	0	0	0	0
/Volumes/GigiMurin/plip/Gylcerolipids/BD5zcp-D-D-TGL1/report.txt	2	2	0	0	0	0	0
/Volumes/GigiMurin/plip/Gylcerolipids/BD5zcp-N-N-TGL1/report.txt	9	0	0	0	0	0	0
/Volumes/GigiMurin/plip/Gylcerolipids/BD5zcp-N-Q-TGL1/report.txt	8	0	1	0	0	0	0
/Volumes/GigiMurin/plip/Gylcerolipids/BD5zcp-N-Y-TGL1/report.txt	11	0	0	0	0	0	0
/Volumes/GigiMurin/plip/Gylcerolipids/BD5zcp-Q-Q-TGL1/report.txt	3	1	0	0	0	0	0
/Volumes/GigiMurin/plip/Gylcerolipids/BD5zcp-Y-Y-TGL1/report.txt	9	0	0	0	0	0	0
/Volumes/GigiMurin/plip/Gylcerolipids/BD5zcq-A-A-TGL1/report.txt	9	0	0	0	0	0	0
/Volumes/GigiMurin/plip/Gylcerolipids/BD5zcq-A-D-TGL1/report.txt	9	0	1	0	0	0	0
/Volumes/GigiMurin/plip/Gylcerolipids/BD5zcq-A-L-TGL1/report.txt	15	0	0	0	0	0	0
/Volumes/GigiMurin/plip/Gylcerolipids/BD5zcq-B-A-TGL1/report.txt	2	0	1	0	0	0	0
/Volumes/GigiMurin/plip/Gylcerolipids/BD5zcq-B-D-TGL1/report.txt	2	0	0	0	0	0	0
/Volumes/GigiMurin/plip/Gylcerolipids/BD5zcq-D-D-TGL1/report.txt	1	2	0	0	0	0	0
/Volumes/GigiMurin/plip/Gylcerolipids/BD5zcq-L-L-TGL1/report.txt	9	0	0	0	0	0	0
/Volumes/GigiMurin/plip/Gylcerolipids/BD5zcq-N-N-TGL1/report.txt	9	0	0	0	0	0	0
/Volumes/GigiMurin/plip/Gylcerolipids/BD5zcq-N-Q-TGL1/report.txt	3	0	1	0	0	0	0
/Volumes/GigiMurin/plip/Gylcerolipids/BD5zcq-N-Y-TGL1/report.txt	13	0	0	0	0	0	0
/Volumes/GigiMurin/plip/Gylcerolipids/BD5zcq-O-N-TGL1/report.txt	2	0	1	0	0	0	0
/Volumes/GigiMurin/plip/Gylcerolipids/BD5zcq-O-Q-TGL1/report.txt	4	0	0	0	0	0	0
/Volumes/GigiMurin/plip/Gylcerolipids/BD5zcq-Q-Q-TGL1/report.txt	4	2	0	0	0	0	0
/Volumes/GigiMurin/plip/Gylcerolipids/BD5zcq-Y-Y-TGL1/report.txt	6	0	0	0	0	0	0
/Volumes/GigiMurin/plip/Gylcerolipids/BD5zih-A-A-OLC1/report.txt	1	0	0	0	0	0	0
/Volumes/GigiMurin/plip/Gylcerolipids/BD5zih-A-A-OLC2/report.txt	8	0	0	0	0	0	0
/Volumes/GigiMurin/plip/Gylcerolipids/BD5zih-A-A-OLC3/report.txt	6	0	0	0	0	0	0
/Volumes/GigiMurin/plip/Gylcerolipids/BD5zih-A-A-OLC4/report.txt	0	0	0	0	0	0	0
/Volumes/GigiMurin/plip/Gylcerolipids/BD5zih-A-A-OLC5/report.txt	6	0	0	0	0	0	0
/Volumes/GigiMurin/plip/Gylcerolipids/BD5zih-A-A-OLC6/report.txt	0	0	0	0	0	0	0
/Volumes/GigiMurin/plip/Gylcerolipids/BD5zih-A-A-OLC7/report.txt	2	0	0	0	0	0	0
/Volumes/GigiMurin/plip/Gylcerolipids/BD5zih-B-B-OLC10/report.txt	2	1	0	0	0	0	0
/Volumes/GigiMurin/plip/Gylcerolipids/BD5zih-B-B-OLC11/report.txt	3	0	0	0	0	0	0
/Volumes/GigiMurin/plip/Gylcerolipids/BD5zih-B-B-OLC12/report.txt	4	1	0	0	0	0	0
/Volumes/GigiMurin/plip/Gylcerolipids/BD5zih-B-B-OLC1/report.txt	4	0	0	0	0	0	0
/Volumes/GigiMurin/plip/Gylcerolipids/BD5zih-B-B-OLC2/report.txt	2	0	0	0	0	0	0
/Volumes/GigiMurin/plip/Gylcerolipids/BD5zih-B-B-OLC3/report.txt	1	0	0	0	0	0	0
/Volumes/GigiMurin/plip/Gylcerolipids/BD5zih-B-B-OLC4/report.txt	4	0	0	0	0	0	0
/Volumes/GigiMurin/plip/Gylcerolipids/BD5zih-B-B-OLC5/report.txt	2	0	0	0	0	0	0
/Volumes/GigiMurin/plip/Gylcerolipids/BD5zih-B-B-OLC6/report.txt	0	0	0	0	0	0	0
/Volumes/GigiMurin/plip/Gylcerolipids/BD5zih-B-B-OLC7/report.txt	7	0	0	0	0	0	0
/Volumes/GigiMurin/plip/Gylcerolipids/BD5zih-B-B-OLC8/report.txt	1	0	0	0	0	0	0
/Volumes/GigiMurin/plip/Gylcerolipids/BD5zih-B-B-OLC9/report.txt	6	0	0	0	0	0	0
/Volumes/GigiMurin/plip/Gylcerolipids/BD5zil-A-A-L2P1/report.txt	9	1	0	0	0	0	0
/Volumes/GigiMurin/plip/Gylcerolipids/BD5zil-A-A-L2P2/report.txt	7	1	0	0	0	0	0
/Volumes/GigiMurin/plip/Gylcerolipids/BD5zil-A-A-L2P3/report.txt	5	0	0	0	0	0	0
/Volumes/GigiMurin/plip/Gylcerolipids/BD5zil-A-A-L2P4/report.txt	3	0	0	0	0	0	0
/Volumes/GigiMurin/plip/Gylcerolipids/BD5zim-A-A-L2P1/report.txt	7	1	0	0	0	0	0
/Volumes/GigiMurin/plip/Gylcerolipids/BD5zim-A-A-L2P2/report.txt	4	1	0	0	0	0	0
/Volumes/GigiMurin/plip/Gylcerolipids/BD5zim-A-A-L2P3/report.txt	5	2	0	0	0	0	0
/Volumes/GigiMurin/plip/Gylcerolipids/BD5zim-A-A-L2P4/report.txt	2	1	0	0	0	0	0
/Volumes/GigiMurin/plip/Gylcerolipids/BD5zin-A-A-L2P1/report.txt	10	1	0	0	0	0	0
/Volumes/GigiMurin/plip/Gylcerolipids/BD5zin-A-A-L2P2/report.txt	6	1	0	0	0	0	0
/Volumes/GigiMurin/plip/Gylcerolipids/BD5zin-A-A-L2P3/report.txt	4	1	0	0	0	0	0
/Volumes/GigiMurin/plip/Gylcerolipids/BD5zkq-A-A-OLC1/report.txt	9	0	0	0	0	0	0
/Volumes/GigiMurin/plip/Gylcerolipids/BD5zkq-A-A-OLC2/report.txt	3	2	0	0	0	0	0
/Volumes/GigiMurin/plip/Gylcerolipids/BD5zkq-A-A-OLC3/report.txt	6	0	0	0	0	0	0
/Volumes/GigiMurin/plip/Gylcerolipids/BD5zkq-A-A-OLC4/report.txt	2	0	0	0	0	0	0
/Volumes/GigiMurin/plip/Gylcerolipids/BD5zkq-B-B-OLC1/report.txt	5	0	0	0	0	0	0
/Volumes/GigiMurin/plip/Gylcerolipids/BD5zkq-B-B-OLC2/report.txt	3	0	0	0	0	0	0
/Volumes/GigiMurin/plip/Gylcerolipids/BD5zkq-B-B-OLC3/report.txt	8	2	0	0	0	0	0
/Volumes/GigiMurin/plip/Gylcerolipids/BD5zty-A-A-OLC1/report.txt	0	0	1	0	0	0	0
/Volumes/GigiMurin/plip/Gylcerolipids/BD5zty-A-A-OLC2/report.txt	1	0	0	0	0	0	0
/Volumes/GigiMurin/plip/Gylcerolipids/BD5zty-A-A-OLC3/report.txt	1	0	0	0	0	0	0
/Volumes/GigiMurin/plip/Gylcerolipids/BD6a2j-A-A-OLC10/report.txt	8	0	0	0	0	0	0
/Volumes/GigiMurin/plip/Gylcerolipids/BD6a2j-A-A-OLC11/report.txt	0	0	0	0	0	0	0
/Volumes/GigiMurin/plip/Gylcerolipids/BD6a2j-A-A-OLC12/report.txt	3	0	1	0	0	0	0
/Volumes/GigiMurin/plip/Gylcerolipids/BD6a2j-A-A-OLC13/report.txt	3	0	0	0	0	0	0
/Volumes/GigiMurin/plip/Gylcerolipids/BD6a2j-A-A-OLC14/report.txt	5	0	0	0	0	0	0
/Volumes/GigiMurin/plip/Gylcerolipids/BD6a2j-A-A-OLC15/report.txt	1	0	0	0	0	0	0
/Volumes/GigiMurin/plip/Gylcerolipids/BD6a2j-A-A-OLC16/report.txt	4	3	1	0	0	0	0
/Volumes/GigiMurin/plip/Gylcerolipids/BD6a2j-A-A-OLC17/report.txt	0	0	0	0	0	0	0
/Volumes/GigiMurin/plip/Gylcerolipids/BD6a2j-A-A-OLC18/report.txt	1	0	0	0	0	0	0
/Volumes/GigiMurin/plip/Gylcerolipids/BD6a2j-A-A-OLC19/report.txt	2	1	0	0	0	0	0
/Volumes/GigiMurin/plip/Gylcerolipids/BD6a2j-A-A-OLC1/report.txt	7	1	0	0	0	0	0
/Volumes/GigiMurin/plip/Gylcerolipids/BD6a2j-A-A-OLC20/report.txt	2	1	0	0	0	0	0
/Volumes/GigiMurin/plip/Gylcerolipids/BD6a2j-A-A-OLC21/report.txt	4	0	0	0	0	0	0
/Volumes/GigiMurin/plip/Gylcerolipids/BD6a2j-A-A-OLC2/report.txt	4	1	0	0	0	0	0
/Volumes/GigiMurin/plip/Gylcerolipids/BD6a2j-A-A-OLC3/report.txt	2	1	0	0	0	0	0
/Volumes/GigiMurin/plip/Gylcerolipids/BD6a2j-A-A-OLC4/report.txt	2	0	0	0	0	0	0
/Volumes/GigiMurin/plip/Gylcerolipids/BD6a2j-A-A-OLC5/report.txt	3	0	0	0	0	0	0
/Volumes/GigiMurin/plip/Gylcerolipids/BD6a2j-A-A-OLC6/report.txt	4	1	0	0	0	0	0
/Volumes/GigiMurin/plip/Gylcerolipids/BD6a2j-A-A-OLC7/report.txt	2	1	2	0	0	0	0
/Volumes/GigiMurin/plip/Gylcerolipids/BD6a2j-A-A-OLC8/report.txt	1	0	0	0	0	0	0
/Volumes/GigiMurin/plip/Gylcerolipids/BD6a2j-A-A-OLC9/report.txt	2	2	0	0	0	0	0
/Volumes/GigiMurin/plip/Gylcerolipids/BD6a94-A-B-A6L1/report.txt	6	0	0	0	0	0	0
/Volumes/GigiMurin/plip/Gylcerolipids/BD6a94-B-B-A6L1/report.txt	4	0	0	0	0	0	0
/Volumes/GigiMurin/plip/Gylcerolipids/BD6aky-A-A-OLC1/report.txt	0	0	0	0	0	0	0
/Volumes/GigiMurin/plip/Gylcerolipids/BD6al2-A-A-OLC1/report.txt	7	3	0	0	0	0	0
/Volumes/GigiMurin/plip/Gylcerolipids/BD6aqf-A-A-OLC1/report.txt	2	1	0	0	0	0	0
/Volumes/GigiMurin/plip/Gylcerolipids/BD6aqf-A-A-OLC2/report.txt	0	1	0	0	0	0	0
/Volumes/GigiMurin/plip/Gylcerolipids/BD6aqf-A-A-OLC3/report.txt	0	0	0	0	0	0	0
/Volumes/GigiMurin/plip/Gylcerolipids/BD6aqf-A-A-OLC4/report.txt	0	0	0	0	0	0	0
/Volumes/GigiMurin/plip/Gylcerolipids/BD6bar-A-A-OLC1/report.txt	2	0	0	0	0	0	0
/Volumes/GigiMurin/plip/Gylcerolipids/BD6bar-A-A-OLC2/report.txt	4	0	0	0	0	0	0
/Volumes/GigiMurin/plip/Gylcerolipids/BD6bd4-A-A-OLC1/report.txt	0	1	0	0	0	0	0
/Volumes/GigiMurin/plip/Gylcerolipids/BD6bd4-A-A-OLC2/report.txt	9	4	0	0	0	0	0
/Volumes/GigiMurin/plip/Gylcerolipids/BD6bd4-A-A-OLC3/report.txt	2	3	1	0	0	0	0
/Volumes/GigiMurin/plip/Gylcerolipids/BD6bd4-A-A-OLC4/report.txt	3	3	0	0	0	0	0
/Volumes/GigiMurin/plip/Gylcerolipids/BD6bqg-A-A-OLC1/report.txt	0	0	0	0	0	0	0
/Volumes/GigiMurin/plip/Gylcerolipids/BD6bqh-A-A-OLC1/report.txt	5	0	0	0	0	0	0
/Volumes/GigiMurin/plip/Gylcerolipids/BD6bqh-A-A-OLC2/report.txt	0	0	0	0	0	0	0
/Volumes/GigiMurin/plip/Gylcerolipids/BD6bqh-A-A-OLC3/report.txt	1	2	0	0	0	0	0
/Volumes/GigiMurin/plip/Gylcerolipids/BD6bqh-A-A-OLC4/report.txt	0	2	0	0	0	0	0
/Volumes/GigiMurin/plip/Gylcerolipids/BD6bqh-A-A-OLC5/report.txt	3	0	0	0	0	0	0
/Volumes/GigiMurin/plip/Gylcerolipids/BD6bqh-A-A-OLC6/report.txt	2	0	0	0	0	0	0
/Volumes/GigiMurin/plip/Gylcerolipids/BD6bqo-B-B-OLC1/report.txt	0	0	0	0	0	0	0
/Volumes/GigiMurin/plip/Gylcerolipids/BD6bqo-B-B-OLC2/report.txt	2	0	0	0	0	0	0
/Volumes/GigiMurin/plip/Gylcerolipids/BD6bqo-C-C-OLC1/report.txt	0	0	0	0	0	0	0
/Volumes/GigiMurin/plip/Gylcerolipids/BD6bth-A-A-ECB1/report.txt	11	3	1	0	0	0	0
/Volumes/GigiMurin/plip/Gylcerolipids/BD6btx-A-A-OLC1/report.txt	3	1	0	0	0	0	0
/Volumes/GigiMurin/plip/Gylcerolipids/BD6by2-C-C-DGA1/report.txt	0	0	1	0	0	0	0
/Volumes/GigiMurin/plip/Gylcerolipids/BD6by3-C-C-DGA1/report.txt	2	0	1	0	0	0	0
/Volumes/GigiMurin/plip/Gylcerolipids/BD6c1r-B-B-OLC1/report.txt	0	1	0	0	0	0	0
/Volumes/GigiMurin/plip/Gylcerolipids/BD6c1r-B-B-OLC2/report.txt	5	1	0	0	0	0	0
/Volumes/GigiMurin/plip/Gylcerolipids/BD6c3i-A-A-OLC1/report.txt	6	1	0	0	0	0	0
/Volumes/GigiMurin/plip/Gylcerolipids/BD6c3i-A-A-OLC2/report.txt	4	0	0	0	0	0	0
/Volumes/GigiMurin/plip/Gylcerolipids/BD6c3i-A-A-OLC3/report.txt	2	0	0	0	0	0	0
/Volumes/GigiMurin/plip/Gylcerolipids/BD6c3i-A-A-OLC4/report.txt	7	0	0	0	0	0	0
/Volumes/GigiMurin/plip/Gylcerolipids/BD6c3i-B-B-OLC1/report.txt	5	0	0	0	0	0	0
/Volumes/GigiMurin/plip/Gylcerolipids/BD6c3i-B-B-OLC2/report.txt	9	1	0	0	0	0	0
/Volumes/GigiMurin/plip/Gylcerolipids/BD6cb2-A-A-OLC1/report.txt	3	1	0	0	0	0	0
/Volumes/GigiMurin/plip/Gylcerolipids/BD6cb2-A-A-OLC2/report.txt	5	0	0	0	0	0	0
/Volumes/GigiMurin/plip/Gylcerolipids/BD6cb2-A-A-OLC3/report.txt	5	1	0	0	0	0	0
/Volumes/GigiMurin/plip/Gylcerolipids/BD6cb2-A-A-OLC4/report.txt	3	0	0	0	0	0	0
/Volumes/GigiMurin/plip/Gylcerolipids/BD6cb2-A-A-OLC5/report.txt	1	5	0	0	0	0	0
/Volumes/GigiMurin/plip/Gylcerolipids/BD6d91-A-A-OLC1/report.txt	4	2	2	0	0	0	0
/Volumes/GigiMurin/plip/Gylcerolipids/BD6d91-A-A-OLC2/report.txt	1	0	0	0	0	0	0
/Volumes/GigiMurin/plip/Gylcerolipids/BD6d91-A-A-OLC3/report.txt	1	4	0	0	0	0	0
/Volumes/GigiMurin/plip/Gylcerolipids/BD6d91-A-A-OLC4/report.txt	1	0	0	0	0	0	0
/Volumes/GigiMurin/plip/Gylcerolipids/BD6d91-A-A-OLC5/report.txt	1	0	0	0	0	0	0
/Volumes/GigiMurin/plip/Gylcerolipids/BD6d91-A-A-OLC6/report.txt	0	0	0	0	0	0	0
/Volumes/GigiMurin/plip/Gylcerolipids/BD6dhe-a-a-SQD1/report.txt	6	2	0	0	0	0	0
/Volumes/GigiMurin/plip/Gylcerolipids/BD6dhe-a-a-SQD2/report.txt	3	2	0	0	0	0	0
/Volumes/GigiMurin/plip/Gylcerolipids/BD6dhe-b-b-SQD1/report.txt	1	1	1	0	0	0	0
/Volumes/GigiMurin/plip/Gylcerolipids/BD6dhe-D-D-SQD1/report.txt	0	1	1	0	0	0	0
/Volumes/GigiMurin/plip/Gylcerolipids/BD6dhe-f-f-SQD1/report.txt	2	1	0	0	0	0	0
/Volumes/GigiMurin/plip/Gylcerolipids/BD6dhf-a-a-SQD1/report.txt	7	2	0	0	0	0	0
/Volumes/GigiMurin/plip/Gylcerolipids/BD6dhf-a-a-SQD2/report.txt	1	2	0	0	0	0	0
/Volumes/GigiMurin/plip/Gylcerolipids/BD6dhf-b-b-SQD1/report.txt	1	1	1	0	0	0	0
/Volumes/GigiMurin/plip/Gylcerolipids/BD6dhf-f-f-SQD1/report.txt	0	1	0	0	0	0	0
/Volumes/GigiMurin/plip/Gylcerolipids/BD6dhg-a-a-SQD1/report.txt	5	2	0	0	0	0	0
/Volumes/GigiMurin/plip/Gylcerolipids/BD6dhg-a-a-SQD2/report.txt	2	2	0	0	0	0	0
/Volumes/GigiMurin/plip/Gylcerolipids/BD6dhg-b-b-SQD1/report.txt	1	1	1	0	0	0	0
/Volumes/GigiMurin/plip/Gylcerolipids/BD6dhg-f-f-SQD1/report.txt	0	1	0	0	0	0	0
/Volumes/GigiMurin/plip/Gylcerolipids/BD6dhh-a-a-SQD1/report.txt	4	2	0	0	0	0	0
/Volumes/GigiMurin/plip/Gylcerolipids/BD6dhh-a-a-SQD2/report.txt	1	2	0	0	0	0	0
/Volumes/GigiMurin/plip/Gylcerolipids/BD6dhh-b-b-SQD1/report.txt	2	1	1	0	0	0	0
/Volumes/GigiMurin/plip/Gylcerolipids/BD6dhh-f-f-SQD1/report.txt	1	1	0	0	0	0	0
/Volumes/GigiMurin/plip/Gylcerolipids/BD6dho-a-a-SQD1/report.txt	6	3	0	0	0	0	0
/Volumes/GigiMurin/plip/Gylcerolipids/BD6dho-a-a-SQD2/report.txt	1	2	0	0	0	0	0
/Volumes/GigiMurin/plip/Gylcerolipids/BD6dho-b-b-SQD1/report.txt	0	1	1	0	0	0	0
/Volumes/GigiMurin/plip/Gylcerolipids/BD6dho-f-f-SQD1/report.txt	1	1	0	0	0	0	0
/Volumes/GigiMurin/plip/Gylcerolipids/BD6dhp-a-a-SQD1/report.txt	7	2	0	0	0	0	0
/Volumes/GigiMurin/plip/Gylcerolipids/BD6dhp-a-a-SQD2/report.txt	2	2	0	0	0	0	0
/Volumes/GigiMurin/plip/Gylcerolipids/BD6dhp-b-b-SQD1/report.txt	2	1	1	0	0	0	0
/Volumes/GigiMurin/plip/Gylcerolipids/BD6dhp-f-f-SQD1/report.txt	1	1	0	0	0	0	0
/Volumes/GigiMurin/plip/Gylcerolipids/BD6djz-A-A-OLC1/report.txt	0	0	0	0	0	0	0
/Volumes/GigiMurin/plip/Gylcerolipids/BD6djz-A-A-OLC2/report.txt	0	0	0	0	0	0	0
/Volumes/GigiMurin/plip/Gylcerolipids/BD6djz-A-A-OLC3/report.txt	0	1	0	0	0	0	0
/Volumes/GigiMurin/plip/Gylcerolipids/BD6djz-C-C-OLC1/report.txt	0	1	0	0	0	0	0
/Volumes/GigiMurin/plip/Gylcerolipids/BD6djz-C-C-OLC2/report.txt	0	2	0	0	0	0	0
/Volumes/GigiMurin/plip/Gylcerolipids/BD6djz-C-C-OLC3/report.txt	0	2	0	0	0	0	0
/Volumes/GigiMurin/plip/Gylcerolipids/BD6djz-C-C-OLC4/report.txt	1	1	0	0	0	0	0
/Volumes/GigiMurin/plip/Gylcerolipids/BD6dk0-A-A-OLC1/report.txt	0	0	0	0	0	0	0
/Volumes/GigiMurin/plip/Gylcerolipids/BD6dk0-A-A-OLC2/report.txt	0	0	0	0	0	0	0
/Volumes/GigiMurin/plip/Gylcerolipids/BD6dk0-A-A-OLC3/report.txt	0	1	0	0	0	0	0
/Volumes/GigiMurin/plip/Gylcerolipids/BD6dk0-C-C-OLC1/report.txt	0	1	0	0	0	0	0
/Volumes/GigiMurin/plip/Gylcerolipids/BD6dk0-C-C-OLC2/report.txt	0	0	0	0	0	0	0
/Volumes/GigiMurin/plip/Gylcerolipids/BD6dk0-C-C-OLC3/report.txt	0	1	0	0	0	0	0
/Volumes/GigiMurin/plip/Gylcerolipids/BD6dk0-C-C-OLC4/report.txt	0	0	0	0	0	0	0
/Volumes/GigiMurin/plip/Gylcerolipids/BD6dk0-C-C-OLC5/report.txt	0	1	0	0	0	0	0
/Volumes/GigiMurin/plip/Gylcerolipids/BD6dk1-A-A-OLC1/report.txt	0	0	0	0	0	0	0
/Volumes/GigiMurin/plip/Gylcerolipids/BD6dk1-A-A-OLC2/report.txt	0	0	0	0	0	0	0
/Volumes/GigiMurin/plip/Gylcerolipids/BD6dk1-B-B-OLC1/report.txt	0	0	0	0	0	0	0
/Volumes/GigiMurin/plip/Gylcerolipids/BD6dk1-B-B-OLC2/report.txt	2	0	0	0	0	0	0
/Volumes/GigiMurin/plip/Gylcerolipids/BD6dk1-B-B-OLC3/report.txt	1	3	0	0	0	0	0
/Volumes/GigiMurin/plip/Gylcerolipids/BD6dk1-C-C-OLC1/report.txt	1	3	0	0	0	0	0
/Volumes/GigiMurin/plip/Gylcerolipids/BD6dk1-C-C-OLC2/report.txt	0	2	0	0	0	0	0
/Volumes/GigiMurin/plip/Gylcerolipids/BD6dk1-C-C-OLC3/report.txt	0	2	0	0	0	0	0
/Volumes/GigiMurin/plip/Gylcerolipids/BD6dk1-C-C-OLC4/report.txt	0	2	0	0	0	0	0
/Volumes/GigiMurin/plip/Gylcerolipids/BD6dk1-C-C-OLC5/report.txt	0	0	0	0	0	0	0
/Volumes/GigiMurin/plip/Gylcerolipids/BD6dk1-C-C-OLC6/report.txt	2	0	0	0	0	0	0
/Volumes/GigiMurin/plip/Gylcerolipids/BD6do1-A-A-OLC1/report.txt	1	2	0	0	0	0	0
/Volumes/GigiMurin/plip/Gylcerolipids/BD6do1-A-A-OLC2/report.txt	3	0	0	0	0	0	0
/Volumes/GigiMurin/plip/Gylcerolipids/BD6do1-B-B-OLC1/report.txt	5	0	0	0	0	0	0
/Volumes/GigiMurin/plip/Gylcerolipids/BD6do1-B-B-OLC2/report.txt	5	0	0	0	0	0	0
/Volumes/GigiMurin/plip/Gylcerolipids/BD6do1-B-B-OLC3/report.txt	0	0	0	0	0	0	0
/Volumes/GigiMurin/plip/Gylcerolipids/BD6drx-A-A-OLC1/report.txt	1	2	0	0	0	0	0
/Volumes/GigiMurin/plip/Gylcerolipids/BD6dry-A-A-OLC1/report.txt	3	4	0	0	0	0	0
/Volumes/GigiMurin/plip/Gylcerolipids/BD6drz-A-A-OLC1/report.txt	4	2	0	0	0	0	0
/Volumes/GigiMurin/plip/Gylcerolipids/BD6ds0-A-A-OLC1/report.txt	4	4	0	0	0	0	0
/Volumes/GigiMurin/plip/Gylcerolipids/BD6edq-A-A-OLC1/report.txt	3	1	0	0	0	0	0
/Volumes/GigiMurin/plip/Gylcerolipids/BD6edq-A-A-OLC2/report.txt	3	0	0	0	0	0	0
/Volumes/GigiMurin/plip/Gylcerolipids/BD6edq-A-A-OLC3/report.txt	3	0	0	0	0	0	0
/Volumes/GigiMurin/plip/Gylcerolipids/BD6edq-A-A-OLC4/report.txt	4	1	0	0	0	0	0
/Volumes/GigiMurin/plip/Gylcerolipids/BD6edq-A-A-OLC5/report.txt	6	1	0	0	0	0	0
/Volumes/GigiMurin/plip/Gylcerolipids/BD6edq-A-B-OLC1/report.txt	4	0	0	0	0	0	0
/Volumes/GigiMurin/plip/Gylcerolipids/BD6edq-B-A-OLC1/report.txt	2	1	0	0	0	0	0
/Volumes/GigiMurin/plip/Gylcerolipids/BD6edq-B-B-OLC1/report.txt	4	0	0	0	0	0	0
/Volumes/GigiMurin/plip/Gylcerolipids/BD6edq-B-B-OLC2/report.txt	3	0	1	0	0	0	0
/Volumes/GigiMurin/plip/Gylcerolipids/BD6edq-B-B-OLC3/report.txt	5	1	0	0	0	0	0
/Volumes/GigiMurin/plip/Gylcerolipids/BD6eid-A-A-OLC1/report.txt	4	0	0	0	0	0	0
/Volumes/GigiMurin/plip/Gylcerolipids/BD6eid-A-A-OLC2/report.txt	0	4	0	0	0	0	0
/Volumes/GigiMurin/plip/Gylcerolipids/BD6eid-A-A-OLC3/report.txt	2	1	0	0	0	0	0
/Volumes/GigiMurin/plip/Gylcerolipids/BD6eid-A-A-OLC4/report.txt	4	0	0	0	0	0	0
/Volumes/GigiMurin/plip/Gylcerolipids/BD6eid-A-A-OLC5/report.txt	3	0	0	0	0	0	0
/Volumes/GigiMurin/plip/Gylcerolipids/BD6eid-A-A-OLC6/report.txt	0	0	0	0	0	0	0
/Volumes/GigiMurin/plip/Gylcerolipids/BD6eid-A-A-OLC7/report.txt	2	0	0	0	0	0	0
/Volumes/GigiMurin/plip/Gylcerolipids/BD6eid-A-A-OLC8/report.txt	3	0	0	0	0	0	0
/Volumes/GigiMurin/plip/Gylcerolipids/BD6eid-A-B-OLC5/report.txt	2	0	0	0	0	0	0
/Volumes/GigiMurin/plip/Gylcerolipids/BD6eid-B-A-OLC1/report.txt	0	0	1	0	0	0	0
/Volumes/GigiMurin/plip/Gylcerolipids/BD6eid-B-A-OLC5/report.txt	2	0	0	0	0	0	0
/Volumes/GigiMurin/plip/Gylcerolipids/BD6eid-B-B-OLC1/report.txt	4	0	0	0	0	0	0
/Volumes/GigiMurin/plip/Gylcerolipids/BD6eid-B-B-OLC2/report.txt	0	4	0	0	0	0	0
/Volumes/GigiMurin/plip/Gylcerolipids/BD6eid-B-B-OLC3/report.txt	3	0	0	0	0	0	0
/Volumes/GigiMurin/plip/Gylcerolipids/BD6eid-B-B-OLC4/report.txt	2	3	0	0	0	0	0
/Volumes/GigiMurin/plip/Gylcerolipids/BD6eid-B-B-OLC5/report.txt	2	0	0	0	0	0	0
/Volumes/GigiMurin/plip/Gylcerolipids/BD6eig-A-A-OLC1/report.txt	3	0	0	0	0	0	0
/Volumes/GigiMurin/plip/Gylcerolipids/BD6eig-A-A-OLC2/report.txt	2	3	0	0	0	0	0
/Volumes/GigiMurin/plip/Gylcerolipids/BD6eig-A-A-OLC3/report.txt	3	0	0	0	0	0	0
/Volumes/GigiMurin/plip/Gylcerolipids/BD6eig-A-A-OLC4/report.txt	3	0	0	0	0	0	0
/Volumes/GigiMurin/plip/Gylcerolipids/BD6eig-A-B-OLC1/report.txt	1	0	0	0	0	0	0
/Volumes/GigiMurin/plip/Gylcerolipids/BD6eig-B-A-OLC1/report.txt	0	1	1	0	0	0	0
/Volumes/GigiMurin/plip/Gylcerolipids/BD6eig-B-B-OLC1/report.txt	2	0	0	0	0	0	0
/Volumes/GigiMurin/plip/Gylcerolipids/BD6eig-B-B-OLC2/report.txt	5	3	0	0	0	0	0
/Volumes/GigiMurin/plip/Gylcerolipids/BD6eig-B-B-OLC3/report.txt	4	1	0	0	0	0	0
/Volumes/GigiMurin/plip/Gylcerolipids/BD6exs-A-A-OLC10/report.txt	0	0	0	0	0	0	0
/Volumes/GigiMurin/plip/Gylcerolipids/BD6exs-A-A-OLC11/report.txt	3	0	0	0	0	0	0
/Volumes/GigiMurin/plip/Gylcerolipids/BD6exs-A-A-OLC12/report.txt	3	1	0	0	0	0	0
/Volumes/GigiMurin/plip/Gylcerolipids/BD6exs-A-A-OLC13/report.txt	3	0	0	0	0	0	0
/Volumes/GigiMurin/plip/Gylcerolipids/BD6exs-A-A-OLC1/report.txt	7	2	0	0	0	0	0
/Volumes/GigiMurin/plip/Gylcerolipids/BD6exs-A-A-OLC2/report.txt	7	2	0	0	0	0	0
/Volumes/GigiMurin/plip/Gylcerolipids/BD6exs-A-A-OLC3/report.txt	3	0	0	0	0	0	0
/Volumes/GigiMurin/plip/Gylcerolipids/BD6exs-A-A-OLC4/report.txt	5	0	0	0	0	0	0
/Volumes/GigiMurin/plip/Gylcerolipids/BD6exs-A-A-OLC5/report.txt	7	0	0	0	0	0	0
/Volumes/GigiMurin/plip/Gylcerolipids/BD6exs-A-A-OLC6/report.txt	0	0	0	0	0	0	0
/Volumes/GigiMurin/plip/Gylcerolipids/BD6exs-A-A-OLC7/report.txt	2	4	0	0	0	0	0
/Volumes/GigiMurin/plip/Gylcerolipids/BD6exs-A-A-OLC8/report.txt	0	1	0	0	0	0	0
/Volumes/GigiMurin/plip/Gylcerolipids/BD6exs-A-A-OLC9/report.txt	1	2	1	0	0	0	0
/Volumes/GigiMurin/plip/Gylcerolipids/BD6f34-A-A-OLC1/report.txt	5	0	0	0	0	0	0
/Volumes/GigiMurin/plip/Gylcerolipids/BD6f34-A-A-OLC2/report.txt	0	1	1	0	0	0	0
/Volumes/GigiMurin/plip/Gylcerolipids/BD6ffh-A-A-OLC1/report.txt	1	0	0	0	0	0	0
/Volumes/GigiMurin/plip/Gylcerolipids/BD6fms-A-A-OLC1/report.txt	0	0	0	0	0	0	0
/Volumes/GigiMurin/plip/Gylcerolipids/BD6fms-A-A-OLC2/report.txt	0	0	0	0	0	0	0
/Volumes/GigiMurin/plip/Gylcerolipids/BD6fms-A-A-OLC3/report.txt	3	1	0	0	0	0	0
/Volumes/GigiMurin/plip/Gylcerolipids/BD6fms-A-A-OLC4/report.txt	1	0	0	0	0	0	0
/Volumes/GigiMurin/plip/Gylcerolipids/BD6fms-A-A-OLC5/report.txt	3	1	0	0	0	0	0
/Volumes/GigiMurin/plip/Gylcerolipids/BD6fms-B-B-OLC1/report.txt	0	0	0	0	0	0	0
/Volumes/GigiMurin/plip/Gylcerolipids/BD6fms-B-B-OLC2/report.txt	4	3	0	0	0	0	0
/Volumes/GigiMurin/plip/Gylcerolipids/BD6fms-B-B-OLC3/report.txt	3	0	0	0	0	0	0
/Volumes/GigiMurin/plip/Gylcerolipids/BD6fms-B-B-OLC4/report.txt	1	2	1	0	0	0	0
/Volumes/GigiMurin/plip/Gylcerolipids/BD6fms-B-B-OLC5/report.txt	1	2	0	0	0	0	0
/Volumes/GigiMurin/plip/Gylcerolipids/BD6fms-B-B-OLC6/report.txt	0	0	0	0	0	0	0
/Volumes/GigiMurin/plip/Gylcerolipids/BD6fms-C-C-OLC1/report.txt	2	1	0	0	0	0	0
/Volumes/GigiMurin/plip/Gylcerolipids/BD6fms-C-C-OLC2/report.txt	1	1	0	0	0	0	0
/Volumes/GigiMurin/plip/Gylcerolipids/BD6fms-C-C-OLC3/report.txt	3	1	0	0	0	0	0
/Volumes/GigiMurin/plip/Gylcerolipids/BD6fms-C-C-OLC4/report.txt	1	1	0	0	0	0	0
/Volumes/GigiMurin/plip/Gylcerolipids/BD6fms-C-C-OLC5/report.txt	1	1	0	0	0	0	0
/Volumes/GigiMurin/plip/Gylcerolipids/BD6fms-D-D-OLC1/report.txt	0	0	0	0	0	0	0
/Volumes/GigiMurin/plip/Gylcerolipids/BD6fms-D-D-OLC2/report.txt	0	0	0	0	0	0	0
/Volumes/GigiMurin/plip/Gylcerolipids/BD6fms-E-E-OLC1/report.txt	0	1	0	0	0	0	0
/Volumes/GigiMurin/plip/Gylcerolipids/BD6fms-F-F-OLC1/report.txt	0	1	0	0	0	0	0
/Volumes/GigiMurin/plip/Gylcerolipids/BD6fms-G-G-OLC1/report.txt	0	0	0	0	0	0	0
/Volumes/GigiMurin/plip/Gylcerolipids/BD6fms-H-H-OLC1/report.txt	0	1	0	0	0	0	0
/Volumes/GigiMurin/plip/Gylcerolipids/BD6fmt-A-A-OLC1/report.txt	5	0	0	0	0	0	0
/Volumes/GigiMurin/plip/Gylcerolipids/BD6fmt-A-A-OLC2/report.txt	3	1	0	0	0	0	0
/Volumes/GigiMurin/plip/Gylcerolipids/BD6fmt-A-A-OLC3/report.txt	2	1	0	0	0	0	0
/Volumes/GigiMurin/plip/Gylcerolipids/BD6fmt-A-A-OLC4/report.txt	4	0	0	0	0	0	0
/Volumes/GigiMurin/plip/Gylcerolipids/BD6fmv-A-A-OLC1/report.txt	11	2	0	0	0	0	0
/Volumes/GigiMurin/plip/Gylcerolipids/BD6fmv-A-A-OLC2/report.txt	4	1	0	0	0	0	0
/Volumes/GigiMurin/plip/Gylcerolipids/BD6fmv-A-A-OLC3/report.txt	3	0	0	0	0	0	0
/Volumes/GigiMurin/plip/Gylcerolipids/BD6fmv-A-A-OLC4/report.txt	3	0	0	0	0	0	0
/Volumes/GigiMurin/plip/Gylcerolipids/BD6fmv-A-A-OLC5/report.txt	0	1	0	0	0	0	0
/Volumes/GigiMurin/plip/Gylcerolipids/BD6fmv-A-A-OLC6/report.txt	3	0	0	0	0	0	0
/Volumes/GigiMurin/plip/Gylcerolipids/BD6fmv-A-A-OLC7/report.txt	2	0	0	0	0	0	0
/Volumes/GigiMurin/plip/Gylcerolipids/BD6fmv-A-A-OLC8/report.txt	3	0	0	0	0	0	0
/Volumes/GigiMurin/plip/Gylcerolipids/BD6fmw-A-A-OLC1/report.txt	9	2	0	0	0	0	0
/Volumes/GigiMurin/plip/Gylcerolipids/BD6fmw-A-A-OLC2/report.txt	2	0	0	0	0	0	0
/Volumes/GigiMurin/plip/Gylcerolipids/BD6fmx-A-A-OLC1/report.txt	5	1	0	0	0	0	0
/Volumes/GigiMurin/plip/Gylcerolipids/BD6fmx-A-A-OLC2/report.txt	5	0	0	0	0	0	0
/Volumes/GigiMurin/plip/Gylcerolipids/BD6fmx-A-A-OLC3/report.txt	3	0	1	0	0	0	0
/Volumes/GigiMurin/plip/Gylcerolipids/BD6fmx-A-A-OLC4/report.txt	4	0	0	0	0	0	0
/Volumes/GigiMurin/plip/Gylcerolipids/BD6fmx-A-A-OLC5/report.txt	4	3	0	0	0	0	0
/Volumes/GigiMurin/plip/Gylcerolipids/BD6g7h-A-A-OLC1/report.txt	4	1	0	0	0	0	0
/Volumes/GigiMurin/plip/Gylcerolipids/BD6g7h-A-A-OLC2/report.txt	1	1	0	0	0	0	0
/Volumes/GigiMurin/plip/Gylcerolipids/BD6g7h-A-A-OLC3/report.txt	2	0	0	0	0	0	0
/Volumes/GigiMurin/plip/Gylcerolipids/BD6g7h-A-A-OLC4/report.txt	1	0	0	0	0	0	0
/Volumes/GigiMurin/plip/Gylcerolipids/BD6g7i-A-A-OLC1/report.txt	4	1	0	0	0	0	0
/Volumes/GigiMurin/plip/Gylcerolipids/BD6g7i-A-A-OLC2/report.txt	1	0	0	0	0	0	0
/Volumes/GigiMurin/plip/Gylcerolipids/BD6g7i-A-A-OLC3/report.txt	1	0	0	0	0	0	0
/Volumes/GigiMurin/plip/Gylcerolipids/BD6g7i-A-A-OLC4/report.txt	0	0	0	0	0	0	0
/Volumes/GigiMurin/plip/Gylcerolipids/BD6g7j-A-A-OLC1/report.txt	6	1	0	0	0	0	0
/Volumes/GigiMurin/plip/Gylcerolipids/BD6g7j-A-A-OLC2/report.txt	4	0	0	0	0	0	0
/Volumes/GigiMurin/plip/Gylcerolipids/BD6g7j-A-A-OLC3/report.txt	2	0	0	0	0	0	0
/Volumes/GigiMurin/plip/Gylcerolipids/BD6g7j-A-A-OLC4/report.txt	1	0	0	0	0	0	0
/Volumes/GigiMurin/plip/Gylcerolipids/BD6g7k-A-A-OLC1/report.txt	5	1	0	0	0	0	0
/Volumes/GigiMurin/plip/Gylcerolipids/BD6g7k-A-A-OLC2/report.txt	1	1	0	0	0	0	0
/Volumes/GigiMurin/plip/Gylcerolipids/BD6g7k-A-A-OLC3/report.txt	1	0	0	0	0	0	0
/Volumes/GigiMurin/plip/Gylcerolipids/BD6g7k-A-A-OLC4/report.txt	1	0	0	0	0	0	0
/Volumes/GigiMurin/plip/Gylcerolipids/BD6g7l-A-A-OLC1/report.txt	5	1	0	0	0	0	0
/Volumes/GigiMurin/plip/Gylcerolipids/BD6g7l-A-A-OLC2/report.txt	0	1	0	0	0	0	0
/Volumes/GigiMurin/plip/Gylcerolipids/BD6g7l-A-A-OLC3/report.txt	2	0	0	0	0	0	0
/Volumes/GigiMurin/plip/Gylcerolipids/BD6g7l-A-A-OLC4/report.txt	1	0	0	0	0	0	0
/Volumes/GigiMurin/plip/Gylcerolipids/BD6ga1-A-A-L2P1/report.txt	2	0	0	0	0	0	0
/Volumes/GigiMurin/plip/Gylcerolipids/BD6ga1-A-A-L2P2/report.txt	5	0	0	0	0	0	0
/Volumes/GigiMurin/plip/Gylcerolipids/BD6ga1-A-A-L2P3/report.txt	9	1	0	0	0	0	0
/Volumes/GigiMurin/plip/Gylcerolipids/BD6ga2-A-A-L2P1/report.txt	3	0	0	0	0	0	0
/Volumes/GigiMurin/plip/Gylcerolipids/BD6ga2-A-A-L2P2/report.txt	4	0	0	0	0	0	0
/Volumes/GigiMurin/plip/Gylcerolipids/BD6ga2-A-A-L2P3/report.txt	9	1	0	0	0	0	0
/Volumes/GigiMurin/plip/Gylcerolipids/BD6ga3-A-A-L2P1/report.txt	3	0	0	0	0	0	0
/Volumes/GigiMurin/plip/Gylcerolipids/BD6ga3-A-A-L2P2/report.txt	7	0	0	0	0	0	0
/Volumes/GigiMurin/plip/Gylcerolipids/BD6ga3-A-A-L2P3/report.txt	9	1	0	0	0	0	0
/Volumes/GigiMurin/plip/Gylcerolipids/BD6ga4-A-A-L2P1/report.txt	0	0	0	0	0	0	0
/Volumes/GigiMurin/plip/Gylcerolipids/BD6ga4-A-A-L2P2/report.txt	4	0	0	0	0	0	0
/Volumes/GigiMurin/plip/Gylcerolipids/BD6ga4-A-A-L2P3/report.txt	4	0	0	0	0	0	0
/Volumes/GigiMurin/plip/Gylcerolipids/BD6ga5-A-A-L2P1/report.txt	2	0	0	0	0	0	0
/Volumes/GigiMurin/plip/Gylcerolipids/BD6ga5-A-A-L2P2/report.txt	3	0	0	0	0	0	0
/Volumes/GigiMurin/plip/Gylcerolipids/BD6ga5-A-A-L2P3/report.txt	3	0	0	0	0	0	0
/Volumes/GigiMurin/plip/Gylcerolipids/BD6ga6-A-A-L2P1/report.txt	0	0	0	0	0	0	0
/Volumes/GigiMurin/plip/Gylcerolipids/BD6ga6-A-A-L2P2/report.txt	4	0	0	0	0	0	0
/Volumes/GigiMurin/plip/Gylcerolipids/BD6ga6-A-A-L2P3/report.txt	4	0	0	0	0	0	0
/Volumes/GigiMurin/plip/Gylcerolipids/BD6ga7-A-A-L2P1/report.txt	2	0	0	0	0	0	0
/Volumes/GigiMurin/plip/Gylcerolipids/BD6ga7-A-A-L2P2/report.txt	3	0	0	0	0	0	0
/Volumes/GigiMurin/plip/Gylcerolipids/BD6ga7-A-A-L2P3/report.txt	3	0	0	0	0	0	0
/Volumes/GigiMurin/plip/Gylcerolipids/BD6ga8-A-A-L2P1/report.txt	2	0	0	0	0	0	0
/Volumes/GigiMurin/plip/Gylcerolipids/BD6ga8-A-A-L2P2/report.txt	3	0	0	0	0	0	0
/Volumes/GigiMurin/plip/Gylcerolipids/BD6ga8-A-A-L2P3/report.txt	3	0	0	0	0	0	0
/Volumes/GigiMurin/plip/Gylcerolipids/BD6ga9-A-A-L2P1/report.txt	2	0	0	0	0	0	0
/Volumes/GigiMurin/plip/Gylcerolipids/BD6ga9-A-A-L2P2/report.txt	3	0	0	0	0	0	0
/Volumes/GigiMurin/plip/Gylcerolipids/BD6ga9-A-A-L2P3/report.txt	3	0	0	0	0	0	0
/Volumes/GigiMurin/plip/Gylcerolipids/BD6gaa-A-A-L2P1/report.txt	2	0	0	0	0	0	0
/Volumes/GigiMurin/plip/Gylcerolipids/BD6gaa-A-A-L2P2/report.txt	3	0	0	0	0	0	0
/Volumes/GigiMurin/plip/Gylcerolipids/BD6gaa-A-A-L2P3/report.txt	3	0	0	0	0	0	0
/Volumes/GigiMurin/plip/Gylcerolipids/BD6gab-A-A-L2P1/report.txt	2	0	0	0	0	0	0
/Volumes/GigiMurin/plip/Gylcerolipids/BD6gab-A-A-L2P2/report.txt	3	0	0	0	0	0	0
/Volumes/GigiMurin/plip/Gylcerolipids/BD6gab-A-A-L2P3/report.txt	3	0	0	0	0	0	0
/Volumes/GigiMurin/plip/Gylcerolipids/BD6gac-A-A-L2P1/report.txt	2	0	0	0	0	0	0
/Volumes/GigiMurin/plip/Gylcerolipids/BD6gac-A-A-L2P2/report.txt	3	0	0	0	0	0	0
/Volumes/GigiMurin/plip/Gylcerolipids/BD6gac-A-A-L2P3/report.txt	3	0	0	0	0	0	0
/Volumes/GigiMurin/plip/Gylcerolipids/BD6gad-A-A-L2P1/report.txt	2	0	0	0	0	0	0
/Volumes/GigiMurin/plip/Gylcerolipids/BD6gad-A-A-L2P2/report.txt	3	0	0	0	0	0	0
/Volumes/GigiMurin/plip/Gylcerolipids/BD6gad-A-A-L2P3/report.txt	3	0	0	0	0	0	0
/Volumes/GigiMurin/plip/Gylcerolipids/BD6gae-A-A-L2P1/report.txt	2	0	0	0	0	0	0
/Volumes/GigiMurin/plip/Gylcerolipids/BD6gae-A-A-L2P2/report.txt	3	0	0	0	0	0	0
/Volumes/GigiMurin/plip/Gylcerolipids/BD6gae-A-A-L2P3/report.txt	3	0	0	0	0	0	0
/Volumes/GigiMurin/plip/Gylcerolipids/BD6gaf-A-A-L2P1/report.txt	2	0	0	0	0	0	0
/Volumes/GigiMurin/plip/Gylcerolipids/BD6gaf-A-A-L2P2/report.txt	3	0	0	0	0	0	0
/Volumes/GigiMurin/plip/Gylcerolipids/BD6gaf-A-A-L2P3/report.txt	3	0	0	0	0	0	0
/Volumes/GigiMurin/plip/Gylcerolipids/BD6gag-A-A-L2P1/report.txt	2	0	0	0	0	0	0
/Volumes/GigiMurin/plip/Gylcerolipids/BD6gag-A-A-L2P2/report.txt	3	0	0	0	0	0	0
/Volumes/GigiMurin/plip/Gylcerolipids/BD6gag-A-A-L2P3/report.txt	3	0	0	0	0	0	0
/Volumes/GigiMurin/plip/Gylcerolipids/BD6gah-A-A-L2P1/report.txt	2	0	0	0	0	0	0
/Volumes/GigiMurin/plip/Gylcerolipids/BD6gah-A-A-L2P2/report.txt	3	0	0	0	0	0	0
/Volumes/GigiMurin/plip/Gylcerolipids/BD6gah-A-A-L2P3/report.txt	3	0	0	0	0	0	0
/Volumes/GigiMurin/plip/Gylcerolipids/BD6gai-A-A-L2P1/report.txt	2	0	0	0	0	0	0
/Volumes/GigiMurin/plip/Gylcerolipids/BD6gai-A-A-L2P2/report.txt	3	0	0	0	0	0	0
/Volumes/GigiMurin/plip/Gylcerolipids/BD6gai-A-A-L2P3/report.txt	3	0	0	0	0	0	0
/Volumes/GigiMurin/plip/Gylcerolipids/BD6gt3-A-A-OLC10/report.txt	3	1	0	0	0	0	0
/Volumes/GigiMurin/plip/Gylcerolipids/BD6gt3-A-A-OLC1/report.txt	1	1	0	0	0	0	0
/Volumes/GigiMurin/plip/Gylcerolipids/BD6gt3-A-A-OLC2/report.txt	2	4	1	0	0	0	0
/Volumes/GigiMurin/plip/Gylcerolipids/BD6gt3-A-A-OLC3/report.txt	2	0	0	0	0	0	0
/Volumes/GigiMurin/plip/Gylcerolipids/BD6gt3-A-A-OLC4/report.txt	0	0	0	0	0	0	0
/Volumes/GigiMurin/plip/Gylcerolipids/BD6gt3-A-A-OLC5/report.txt	1	3	0	0	0	0	0
/Volumes/GigiMurin/plip/Gylcerolipids/BD6gt3-A-A-OLC6/report.txt	0	0	0	0	0	0	0
/Volumes/GigiMurin/plip/Gylcerolipids/BD6gt3-A-A-OLC7/report.txt	5	0	0	0	0	0	0
/Volumes/GigiMurin/plip/Gylcerolipids/BD6gt3-A-A-OLC8/report.txt	6	2	0	0	0	0	0
/Volumes/GigiMurin/plip/Gylcerolipids/BD6gt3-A-A-OLC9/report.txt	5	1	0	0	0	0	0
/Volumes/GigiMurin/plip/Gylcerolipids/BD6h40-A-A-FW51/report.txt	0	0	0	0	0	0	0
/Volumes/GigiMurin/plip/Gylcerolipids/BD6h5a-A-A-OLC1/report.txt	2	0	0	0	0	0	0
/Volumes/GigiMurin/plip/Gylcerolipids/BD6h5a-A-A-OLC2/report.txt	6	2	0	0	0	0	0
/Volumes/GigiMurin/plip/Gylcerolipids/BD6h5a-B-A-OLC1/report.txt	4	0	0	0	0	0	0
/Volumes/GigiMurin/plip/Gylcerolipids/BD6h5a-B-B-OLC1/report.txt	4	2	0	0	0	0	0
/Volumes/GigiMurin/plip/Gylcerolipids/BD6h7d-A-A-OLC1/report.txt	7	0	0	0	0	0	0
/Volumes/GigiMurin/plip/Gylcerolipids/BD6h7d-A-A-OLC2/report.txt	3	1	0	0	0	0	0
/Volumes/GigiMurin/plip/Gylcerolipids/BD6h7d-A-A-OLC3/report.txt	5	0	0	0	0	0	0
/Volumes/GigiMurin/plip/Gylcerolipids/BD6h7d-A-A-OLC4/report.txt	6	1	0	0	0	0	0
/Volumes/GigiMurin/plip/Gylcerolipids/BD6h7d-A-A-OLC5/report.txt	2	0	2	0	0	0	0
/Volumes/GigiMurin/plip/Gylcerolipids/BD6hlo-A-A-OLC1/report.txt	1	3	0	0	0	0	0
/Volumes/GigiMurin/plip/Gylcerolipids/BD6hlo-A-A-OLC2/report.txt	1	0	0	0	0	0	0
/Volumes/GigiMurin/plip/Gylcerolipids/BD6hlo-A-A-OLC3/report.txt	2	0	0	0	0	0	0
/Volumes/GigiMurin/plip/Gylcerolipids/BD6hlp-A-A-OLC1/report.txt	4	2	1	0	0	0	0
/Volumes/GigiMurin/plip/Gylcerolipids/BD6hlp-A-A-OLC2/report.txt	4	0	1	0	0	0	0
/Volumes/GigiMurin/plip/Gylcerolipids/BD6hlp-A-A-OLC3/report.txt	4	0	0	0	0	0	0
/Volumes/GigiMurin/plip/Gylcerolipids/BD6hlp-A-A-OLC4/report.txt	3	0	1	0	0	0	0
/Volumes/GigiMurin/plip/Gylcerolipids/BD6hlp-A-A-OLC5/report.txt	3	0	0	0	0	0	0
/Volumes/GigiMurin/plip/Gylcerolipids/BD6hlp-A-A-OLC6/report.txt	4	1	0	0	0	0	0
/Volumes/GigiMurin/plip/Gylcerolipids/BD6hlp-A-A-OLC7/report.txt	2	2	0	0	0	0	0
/Volumes/GigiMurin/plip/Gylcerolipids/BD6hqb-A-F-SQD1/report.txt	0	0	1	0	0	0	0
/Volumes/GigiMurin/plip/Gylcerolipids/BD6hqb-B-B-SQD1/report.txt	1	1	0	0	0	0	0
/Volumes/GigiMurin/plip/Gylcerolipids/BD6hqb-B-F-SQD1/report.txt	1	0	0	0	0	0	0
/Volumes/GigiMurin/plip/Gylcerolipids/BD6hqb-F-F-SQD1/report.txt	0	0	1	0	0	0	0
/Volumes/GigiMurin/plip/Gylcerolipids/BD6i6b-A-A-OLC1/report.txt	4	0	0	0	0	0	0
/Volumes/GigiMurin/plip/Gylcerolipids/BD6i6b-A-A-OLC2/report.txt	3	0	0	0	0	0	0
/Volumes/GigiMurin/plip/Gylcerolipids/BD6i6b-A-A-OLC3/report.txt	7	0	0	0	0	0	0
/Volumes/GigiMurin/plip/Gylcerolipids/BD6i6h-A-A-OLC10/report.txt	4	0	0	0	0	0	0
/Volumes/GigiMurin/plip/Gylcerolipids/BD6i6h-A-A-OLC11/report.txt	7	0	0	0	0	0	0
/Volumes/GigiMurin/plip/Gylcerolipids/BD6i6h-A-A-OLC1/report.txt	5	0	0	0	0	0	0
/Volumes/GigiMurin/plip/Gylcerolipids/BD6i6h-A-A-OLC2/report.txt	9	0	0	0	0	0	0
/Volumes/GigiMurin/plip/Gylcerolipids/BD6i6h-A-A-OLC3/report.txt	7	2	0	0	0	0	0
/Volumes/GigiMurin/plip/Gylcerolipids/BD6i6h-A-A-OLC4/report.txt	2	0	0	0	0	0	0
/Volumes/GigiMurin/plip/Gylcerolipids/BD6i6h-A-A-OLC5/report.txt	3	0	0	0	0	0	0
/Volumes/GigiMurin/plip/Gylcerolipids/BD6i6h-A-A-OLC6/report.txt	5	0	0	0	0	0	0
/Volumes/GigiMurin/plip/Gylcerolipids/BD6i6h-A-A-OLC7/report.txt	4	1	0	0	0	0	0
/Volumes/GigiMurin/plip/Gylcerolipids/BD6i6h-A-A-OLC8/report.txt	0	0	0	0	0	0	0
/Volumes/GigiMurin/plip/Gylcerolipids/BD6i6h-A-A-OLC9/report.txt	1	2	0	0	0	0	0
/Volumes/GigiMurin/plip/Gylcerolipids/BD6i6j-A-A-OLC1/report.txt	8	1	1	0	0	0	0
/Volumes/GigiMurin/plip/Gylcerolipids/BD6i6j-C-C-OLC1/report.txt	5	0	0	0	0	0	0
/Volumes/GigiMurin/plip/Gylcerolipids/BD6i9k-A-A-OLC10/report.txt	1	0	0	0	0	0	0
/Volumes/GigiMurin/plip/Gylcerolipids/BD6i9k-A-A-OLC11/report.txt	1	0	0	0	0	0	0
/Volumes/GigiMurin/plip/Gylcerolipids/BD6i9k-A-A-OLC1/report.txt	1	0	0	0	0	0	0
/Volumes/GigiMurin/plip/Gylcerolipids/BD6i9k-A-A-OLC2/report.txt	5	0	0	0	0	0	0
/Volumes/GigiMurin/plip/Gylcerolipids/BD6i9k-A-A-OLC3/report.txt	4	0	0	0	0	0	0
/Volumes/GigiMurin/plip/Gylcerolipids/BD6i9k-A-A-OLC4/report.txt	1	0	0	0	0	0	0
/Volumes/GigiMurin/plip/Gylcerolipids/BD6i9k-A-A-OLC5/report.txt	4	0	0	0	0	0	0
/Volumes/GigiMurin/plip/Gylcerolipids/BD6i9k-A-A-OLC6/report.txt	5	0	0	0	0	0	0
/Volumes/GigiMurin/plip/Gylcerolipids/BD6i9k-A-A-OLC7/report.txt	4	0	0	0	0	0	0
/Volumes/GigiMurin/plip/Gylcerolipids/BD6i9k-A-A-OLC8/report.txt	6	0	0	0	0	0	0
/Volumes/GigiMurin/plip/Gylcerolipids/BD6i9k-A-A-OLC9/report.txt	2	0	0	0	0	0	0
/Volumes/GigiMurin/plip/Gylcerolipids/BD6ibb-A-A-OLC1/report.txt	2	0	0	0	0	0	0
/Volumes/GigiMurin/plip/Gylcerolipids/BD6ibb-A-A-OLC2/report.txt	2	0	0	0	0	0	0
/Volumes/GigiMurin/plip/Gylcerolipids/BD6ibb-A-A-OLC3/report.txt	5	1	1	0	0	0	0
/Volumes/GigiMurin/plip/Gylcerolipids/BD6ibb-A-A-OLC4/report.txt	3	1	0	0	0	0	0
/Volumes/GigiMurin/plip/Gylcerolipids/BD6ibb-A-A-OLC5/report.txt	1	1	0	0	0	0	0
/Volumes/GigiMurin/plip/Gylcerolipids/BD6ibb-A-A-OLC6/report.txt	4	1	0	0	0	0	0
/Volumes/GigiMurin/plip/Gylcerolipids/BD6ibb-A-A-OLC7/report.txt	5	3	1	0	0	0	0
/Volumes/GigiMurin/plip/Gylcerolipids/BD6ibb-A-A-OLC8/report.txt	5	1	0	0	0	0	0
/Volumes/GigiMurin/plip/Gylcerolipids/BD6ibb-C-C-OLC1/report.txt	2	0	0	0	0	0	0
/Volumes/GigiMurin/plip/Gylcerolipids/BD6ibb-C-C-OLC2/report.txt	4	0	0	0	0	0	0
/Volumes/GigiMurin/plip/Gylcerolipids/BD6ibb-C-C-OLC3/report.txt	5	2	1	0	0	0	0
/Volumes/GigiMurin/plip/Gylcerolipids/BD6ibb-C-C-OLC4/report.txt	3	0	0	0	0	0	0
/Volumes/GigiMurin/plip/Gylcerolipids/BD6ibb-C-C-OLC5/report.txt	8	0	0	0	0	0	0
/Volumes/GigiMurin/plip/Gylcerolipids/BD6ibb-C-C-OLC6/report.txt	3	0	0	0	0	0	0
/Volumes/GigiMurin/plip/Gylcerolipids/BD6ibb-C-C-OLC7/report.txt	4	4	0	0	0	0	0
/Volumes/GigiMurin/plip/Gylcerolipids/BD6idp-A-A-OLC10/report.txt	1	0	0	0	0	0	0
/Volumes/GigiMurin/plip/Gylcerolipids/BD6idp-A-A-OLC11/report.txt	2	0	0	0	0	0	0
/Volumes/GigiMurin/plip/Gylcerolipids/BD6idp-A-A-OLC12/report.txt	4	0	0	0	0	0	0
/Volumes/GigiMurin/plip/Gylcerolipids/BD6idp-A-A-OLC13/report.txt	5	0	0	0	0	0	0
/Volumes/GigiMurin/plip/Gylcerolipids/BD6idp-A-A-OLC14/report.txt	3	0	0	0	0	0	0
/Volumes/GigiMurin/plip/Gylcerolipids/BD6idp-A-A-OLC15/report.txt	7	0	0	0	0	0	0
/Volumes/GigiMurin/plip/Gylcerolipids/BD6idp-A-A-OLC16/report.txt	2	0	0	0	0	0	0
/Volumes/GigiMurin/plip/Gylcerolipids/BD6idp-A-A-OLC17/report.txt	6	0	0	0	0	0	0
/Volumes/GigiMurin/plip/Gylcerolipids/BD6idp-A-A-OLC18/report.txt	1	0	0	0	0	0	0
/Volumes/GigiMurin/plip/Gylcerolipids/BD6idp-A-A-OLC19/report.txt	2	0	0	0	0	0	0
/Volumes/GigiMurin/plip/Gylcerolipids/BD6idp-A-A-OLC1/report.txt	6	0	0	0	0	0	0
/Volumes/GigiMurin/plip/Gylcerolipids/BD6idp-A-A-OLC2/report.txt	2	2	0	0	0	0	0
/Volumes/GigiMurin/plip/Gylcerolipids/BD6idp-A-A-OLC3/report.txt	5	0	0	0	0	0	0
/Volumes/GigiMurin/plip/Gylcerolipids/BD6idp-A-A-OLC4/report.txt	3	0	0	0	0	0	0
/Volumes/GigiMurin/plip/Gylcerolipids/BD6idp-A-A-OLC5/report.txt	3	0	0	0	0	0	0
/Volumes/GigiMurin/plip/Gylcerolipids/BD6idp-A-A-OLC6/report.txt	6	0	0	0	0	0	0
/Volumes/GigiMurin/plip/Gylcerolipids/BD6idp-A-A-OLC7/report.txt	4	0	0	0	0	0	0
/Volumes/GigiMurin/plip/Gylcerolipids/BD6idp-A-A-OLC8/report.txt	2	0	0	0	0	0	0
/Volumes/GigiMurin/plip/Gylcerolipids/BD6idp-A-A-OLC9/report.txt	3	0	0	0	0	0	0
/Volumes/GigiMurin/plip/Gylcerolipids/BD6idr-A-A-OLC1/report.txt	4	0	0	0	0	0	0
/Volumes/GigiMurin/plip/Gylcerolipids/BD6idr-A-A-OLC2/report.txt	1	0	0	0	0	0	0
/Volumes/GigiMurin/plip/Gylcerolipids/BD6idr-A-A-OLC3/report.txt	8	0	0	0	0	0	0
/Volumes/GigiMurin/plip/Gylcerolipids/BD6idr-A-A-OLC4/report.txt	3	0	0	0	0	0	0
/Volumes/GigiMurin/plip/Gylcerolipids/BD6ids-A-A-OLC1/report.txt	2	0	0	0	0	0	0
/Volumes/GigiMurin/plip/Gylcerolipids/BD6ids-A-A-OLC2/report.txt	3	0	0	0	0	0	0
/Volumes/GigiMurin/plip/Gylcerolipids/BD6ids-A-A-OLC3/report.txt	5	0	0	0	0	0	0
/Volumes/GigiMurin/plip/Gylcerolipids/BD6ied-A-A-OLC1/report.txt	7	1	0	0	0	0	0
/Volumes/GigiMurin/plip/Gylcerolipids/BD6ied-A-A-OLC2/report.txt	4	1	0	0	0	0	0
/Volumes/GigiMurin/plip/Gylcerolipids/BD6igk-A-A-OLC10/report.txt	7	0	0	0	0	0	0
/Volumes/GigiMurin/plip/Gylcerolipids/BD6igk-A-A-OLC11/report.txt	2	0	0	0	0	0	0
/Volumes/GigiMurin/plip/Gylcerolipids/BD6igk-A-A-OLC12/report.txt	5	0	0	0	0	0	0
/Volumes/GigiMurin/plip/Gylcerolipids/BD6igk-A-A-OLC1/report.txt	2	2	0	0	0	0	0
/Volumes/GigiMurin/plip/Gylcerolipids/BD6igk-A-A-OLC2/report.txt	4	0	0	0	0	0	0
/Volumes/GigiMurin/plip/Gylcerolipids/BD6igk-A-A-OLC3/report.txt	7	0	0	0	0	0	0
/Volumes/GigiMurin/plip/Gylcerolipids/BD6igk-A-A-OLC4/report.txt	5	0	1	0	0	0	0
/Volumes/GigiMurin/plip/Gylcerolipids/BD6igk-A-A-OLC5/report.txt	3	0	0	0	0	0	0
/Volumes/GigiMurin/plip/Gylcerolipids/BD6igk-A-A-OLC6/report.txt	5	0	0	0	0	0	0
/Volumes/GigiMurin/plip/Gylcerolipids/BD6igk-A-A-OLC7/report.txt	0	0	0	0	0	0	0
/Volumes/GigiMurin/plip/Gylcerolipids/BD6igk-A-A-OLC8/report.txt	3	0	0	0	0	0	0
/Volumes/GigiMurin/plip/Gylcerolipids/BD6igk-A-A-OLC9/report.txt	7	0	0	0	0	0	0
/Volumes/GigiMurin/plip/Gylcerolipids/BD6igl-A-A-OLC1/report.txt	1	0	0	0	0	0	0
/Volumes/GigiMurin/plip/Gylcerolipids/BD6igl-A-A-OLC2/report.txt	0	5	0	0	0	0	0
/Volumes/GigiMurin/plip/Gylcerolipids/BD6igl-A-A-OLC3/report.txt	3	0	0	0	0	0	0
/Volumes/GigiMurin/plip/Gylcerolipids/BD6iiu-A-A-OLC1/report.txt	3	3	0	0	0	0	0
/Volumes/GigiMurin/plip/Gylcerolipids/BD6iiu-A-A-OLC2/report.txt	4	3	0	0	0	0	0
/Volumes/GigiMurin/plip/Gylcerolipids/BD6is6-A-A-OLC10/report.txt	3	1	1	0	0	0	0
/Volumes/GigiMurin/plip/Gylcerolipids/BD6is6-A-A-OLC11/report.txt	4	0	0	0	0	0	0
/Volumes/GigiMurin/plip/Gylcerolipids/BD6is6-A-A-OLC12/report.txt	3	0	1	0	0	0	0
/Volumes/GigiMurin/plip/Gylcerolipids/BD6is6-A-A-OLC13/report.txt	2	0	0	0	0	0	0
/Volumes/GigiMurin/plip/Gylcerolipids/BD6is6-A-A-OLC14/report.txt	4	1	0	0	0	0	0
/Volumes/GigiMurin/plip/Gylcerolipids/BD6is6-A-A-OLC1/report.txt	3	0	0	0	0	0	0
/Volumes/GigiMurin/plip/Gylcerolipids/BD6is6-A-A-OLC2/report.txt	1	1	0	0	0	0	0
/Volumes/GigiMurin/plip/Gylcerolipids/BD6is6-A-A-OLC3/report.txt	5	0	0	0	0	0	0
/Volumes/GigiMurin/plip/Gylcerolipids/BD6is6-A-A-OLC4/report.txt	2	0	0	0	0	0	0
/Volumes/GigiMurin/plip/Gylcerolipids/BD6is6-A-A-OLC5/report.txt	4	1	1	0	0	0	0
/Volumes/GigiMurin/plip/Gylcerolipids/BD6is6-A-A-OLC6/report.txt	5	0	0	0	0	0	0
/Volumes/GigiMurin/plip/Gylcerolipids/BD6is6-A-A-OLC7/report.txt	7	0	0	0	0	0	0
/Volumes/GigiMurin/plip/Gylcerolipids/BD6is6-A-A-OLC8/report.txt	5	2	1	0	0	0	0
/Volumes/GigiMurin/plip/Gylcerolipids/BD6is6-A-A-OLC9/report.txt	5	0	0	0	0	0	0
/Volumes/GigiMurin/plip/Gylcerolipids/BD6iu3-A-A-OLC1/report.txt	1	0	0	0	0	0	0
/Volumes/GigiMurin/plip/Gylcerolipids/BD6j21-A-A-OLC1/report.txt	2	0	0	0	0	0	0
/Volumes/GigiMurin/plip/Gylcerolipids/BD6j3y-a-a-SQD1/report.txt	7	1	0	0	0	0	0
/Volumes/GigiMurin/plip/Gylcerolipids/BD6j3y-b-b-SQD1/report.txt	0	2	0	0	0	0	0
/Volumes/GigiMurin/plip/Gylcerolipids/BD6j3y-l-l-SQD1/report.txt	2	2	2	0	0	0	0
/Volumes/GigiMurin/plip/Gylcerolipids/BD6j3z-a-a-SQD1/report.txt	7	1	0	0	0	0	0
/Volumes/GigiMurin/plip/Gylcerolipids/BD6j3z-b-b-SQD1/report.txt	0	2	0	0	0	0	0
/Volumes/GigiMurin/plip/Gylcerolipids/BD6j3z-l-l-SQD1/report.txt	2	2	2	0	0	0	0
/Volumes/GigiMurin/plip/Gylcerolipids/BD6j40-a-a-SQD1/report.txt	7	1	0	0	0	0	0
/Volumes/GigiMurin/plip/Gylcerolipids/BD6j40-b-b-SQD1/report.txt	0	2	0	0	0	0	0
/Volumes/GigiMurin/plip/Gylcerolipids/BD6j40-l-l-SQD1/report.txt	1	2	2	0	0	0	0
/Volumes/GigiMurin/plip/Gylcerolipids/BD6j8m-A-B-TGL1/report.txt	8	0	0	0	0	0	0
/Volumes/GigiMurin/plip/Gylcerolipids/BD6j8m-A-D-TGL1/report.txt	8	0	1	0	0	0	0
/Volumes/GigiMurin/plip/Gylcerolipids/BD6j8m-A-L-TGL1/report.txt	11	0	0	0	0	0	0
/Volumes/GigiMurin/plip/Gylcerolipids/BD6j8m-B-B-TGL1/report.txt	4	0	1	0	0	0	0
/Volumes/GigiMurin/plip/Gylcerolipids/BD6j8m-B-D-TGL1/report.txt	2	0	0	0	0	0	0
/Volumes/GigiMurin/plip/Gylcerolipids/BD6j8m-D-D-TGL1/report.txt	2	1	0	0	0	0	0
/Volumes/GigiMurin/plip/Gylcerolipids/BD6j8m-L-L-TGL1/report.txt	7	0	0	0	0	0	0
/Volumes/GigiMurin/plip/Gylcerolipids/BD6j8m-N-N-TGL1/report.txt	9	0	0	0	0	0	0
/Volumes/GigiMurin/plip/Gylcerolipids/BD6j8m-N-N-TGL2/report.txt	16	0	0	0	0	0	0
/Volumes/GigiMurin/plip/Gylcerolipids/BD6j8m-N-Q-TGL1/report.txt	7	0	1	0	0	0	0
/Volumes/GigiMurin/plip/Gylcerolipids/BD6j8m-O-N-TGL1/report.txt	3	0	1	0	0	0	0
/Volumes/GigiMurin/plip/Gylcerolipids/BD6j8m-O-Q-TGL1/report.txt	1	0	0	0	0	0	0
/Volumes/GigiMurin/plip/Gylcerolipids/BD6j8m-Q-Q-TGL1/report.txt	5	2	0	0	0	0	0
/Volumes/GigiMurin/plip/Gylcerolipids/BD6jlj-a-a-SQD1/report.txt	7	2	0	0	0	0	0
/Volumes/GigiMurin/plip/Gylcerolipids/BD6jlj-a-a-SQD2/report.txt	5	3	0	0	0	0	0
/Volumes/GigiMurin/plip/Gylcerolipids/BD6jlj-B-a-SQD1/report.txt	0	4	0	0	0	0	0
/Volumes/GigiMurin/plip/Gylcerolipids/BD6jlj-b-A-SQD2/report.txt	1	1	0	0	0	0	0
/Volumes/GigiMurin/plip/Gylcerolipids/BD6jlj-B-B-SQD1/report.txt	1	1	1	0	0	0	0
/Volumes/GigiMurin/plip/Gylcerolipids/BD6jlj-b-L-SQD1/report.txt	1	0	1	0	0	0	0
/Volumes/GigiMurin/plip/Gylcerolipids/BD6jlj-C-A-SQD1/report.txt	2	3	0	0	0	0	0
/Volumes/GigiMurin/plip/Gylcerolipids/BD6jlj-c-a-SQD2/report.txt	2	1	0	0	0	0	0
/Volumes/GigiMurin/plip/Gylcerolipids/BD6jlj-D-A-SQD1/report.txt	0	0	1	0	0	0	0
/Volumes/GigiMurin/plip/Gylcerolipids/BD6jlj-d-f-SQD1/report.txt	0	1	1	0	0	0	0
/Volumes/GigiMurin/plip/Gylcerolipids/BD6jlj-E-F-SQD1/report.txt	0	2	0	0	0	0	0
/Volumes/GigiMurin/plip/Gylcerolipids/BD6jlj-f-f-SQD1/report.txt	0	1	0	0	0	0	0
/Volumes/GigiMurin/plip/Gylcerolipids/BD6jlj-K-A-SQD1/report.txt	3	0	0	0	0	0	0
/Volumes/GigiMurin/plip/Gylcerolipids/BD6jlj-k-a-SQD2/report.txt	2	0	0	0	0	0	0
/Volumes/GigiMurin/plip/Gylcerolipids/BD6jlj-l-B-SQD1/report.txt	0	0	1	0	0	0	0
/Volumes/GigiMurin/plip/Gylcerolipids/BD6jlj-l-L-SQD1/report.txt	1	2	1	0	0	0	0
/Volumes/GigiMurin/plip/Gylcerolipids/BD6jlj-t-B-SQD1/report.txt	1	0	0	0	0	0	0
/Volumes/GigiMurin/plip/Gylcerolipids/BD6jlj-T-L-SQD1/report.txt	3	0	0	0	0	0	0
/Volumes/GigiMurin/plip/Gylcerolipids/BD6jlk-a-a-SQD1/report.txt	6	1	0	0	0	0	0
/Volumes/GigiMurin/plip/Gylcerolipids/BD6jlk-a-a-SQD2/report.txt	4	3	0	0	0	0	0
/Volumes/GigiMurin/plip/Gylcerolipids/BD6jlk-B-a-SQD1/report.txt	1	3	0	0	0	0	0
/Volumes/GigiMurin/plip/Gylcerolipids/BD6jlk-b-A-SQD2/report.txt	1	1	0	0	0	0	0
/Volumes/GigiMurin/plip/Gylcerolipids/BD6jlk-B-B-SQD1/report.txt	1	1	1	0	0	0	0
/Volumes/GigiMurin/plip/Gylcerolipids/BD6jlk-b-L-SQD1/report.txt	1	0	1	0	0	0	0
/Volumes/GigiMurin/plip/Gylcerolipids/BD6jlk-C-A-SQD1/report.txt	2	3	0	0	0	0	0
/Volumes/GigiMurin/plip/Gylcerolipids/BD6jlk-c-a-SQD2/report.txt	2	2	0	0	0	0	0
/Volumes/GigiMurin/plip/Gylcerolipids/BD6jlk-D-A-SQD1/report.txt	0	0	1	0	0	0	0
/Volumes/GigiMurin/plip/Gylcerolipids/BD6jlk-d-a-SQD2/report.txt	0	0	1	0	0	0	0
/Volumes/GigiMurin/plip/Gylcerolipids/BD6jlk-d-f-SQD1/report.txt	0	1	1	0	0	0	0
/Volumes/GigiMurin/plip/Gylcerolipids/BD6jlk-E-F-SQD1/report.txt	0	2	0	0	0	0	0
/Volumes/GigiMurin/plip/Gylcerolipids/BD6jlk-f-f-SQD1/report.txt	1	1	0	0	0	0	0
/Volumes/GigiMurin/plip/Gylcerolipids/BD6jlk-K-A-SQD1/report.txt	2	0	0	0	0	0	0
/Volumes/GigiMurin/plip/Gylcerolipids/BD6jlk-k-a-SQD2/report.txt	2	0	0	0	0	0	0
/Volumes/GigiMurin/plip/Gylcerolipids/BD6jlk-L-B-SQD1/report.txt	0	0	1	0	0	0	0
/Volumes/GigiMurin/plip/Gylcerolipids/BD6jlk-L-L-SQD1/report.txt	0	2	1	0	0	0	0
/Volumes/GigiMurin/plip/Gylcerolipids/BD6jlk-t-B-SQD1/report.txt	1	0	0	0	0	0	0
/Volumes/GigiMurin/plip/Gylcerolipids/BD6jlk-T-L-SQD1/report.txt	3	0	0	0	0	0	0
/Volumes/GigiMurin/plip/Gylcerolipids/BD6jll-a-a-SQD1/report.txt	5	2	0	0	0	0	0
/Volumes/GigiMurin/plip/Gylcerolipids/BD6jll-a-a-SQD2/report.txt	4	3	0	0	0	0	0
/Volumes/GigiMurin/plip/Gylcerolipids/BD6jll-B-a-SQD1/report.txt	1	3	0	0	0	0	0
/Volumes/GigiMurin/plip/Gylcerolipids/BD6jll-b-A-SQD2/report.txt	1	1	0	0	0	0	0
/Volumes/GigiMurin/plip/Gylcerolipids/BD6jll-b-b-SQD1/report.txt	2	1	1	0	0	0	0
/Volumes/GigiMurin/plip/Gylcerolipids/BD6jll-C-A-SQD1/report.txt	2	3	0	0	0	0	0
/Volumes/GigiMurin/plip/Gylcerolipids/BD6jll-c-a-SQD2/report.txt	2	1	0	0	0	0	0
/Volumes/GigiMurin/plip/Gylcerolipids/BD6jll-D-A-SQD1/report.txt	0	0	1	0	0	0	0
/Volumes/GigiMurin/plip/Gylcerolipids/BD6jll-d-a-SQD2/report.txt	0	0	0	0	0	0	0
/Volumes/GigiMurin/plip/Gylcerolipids/BD6jll-d-f-SQD1/report.txt	0	1	1	0	0	0	0
/Volumes/GigiMurin/plip/Gylcerolipids/BD6jll-E-F-SQD1/report.txt	0	2	0	0	0	0	0
/Volumes/GigiMurin/plip/Gylcerolipids/BD6jll-f-f-SQD1/report.txt	1	1	0	0	0	0	0
/Volumes/GigiMurin/plip/Gylcerolipids/BD6jll-K-A-SQD1/report.txt	3	0	0	0	0	0	0
/Volumes/GigiMurin/plip/Gylcerolipids/BD6jll-k-a-SQD2/report.txt	2	0	0	0	0	0	0
/Volumes/GigiMurin/plip/Gylcerolipids/BD6jll-l-b-SQD1/report.txt	0	0	1	0	0	0	0
/Volumes/GigiMurin/plip/Gylcerolipids/BD6jll-t-B-SQD1/report.txt	2	0	0	0	0	0	0
/Volumes/GigiMurin/plip/Gylcerolipids/BD6jlm-a-a-SQD1/report.txt	6	2	0	0	0	0	0
/Volumes/GigiMurin/plip/Gylcerolipids/BD6jlm-a-a-SQD2/report.txt	3	3	0	0	0	0	0
/Volumes/GigiMurin/plip/Gylcerolipids/BD6jlm-B-a-SQD1/report.txt	1	4	0	0	0	0	0
/Volumes/GigiMurin/plip/Gylcerolipids/BD6jlm-b-A-SQD2/report.txt	1	1	0	0	0	0	0
/Volumes/GigiMurin/plip/Gylcerolipids/BD6jlm-B-B-SQD1/report.txt	2	1	1	0	0	0	0
/Volumes/GigiMurin/plip/Gylcerolipids/BD6jlm-b-L-SQD1/report.txt	1	0	1	0	0	0	0
/Volumes/GigiMurin/plip/Gylcerolipids/BD6jlm-C-A-SQD1/report.txt	1	3	0	0	0	0	0
/Volumes/GigiMurin/plip/Gylcerolipids/BD6jlm-c-a-SQD2/report.txt	2	2	0	0	0	0	0
/Volumes/GigiMurin/plip/Gylcerolipids/BD6jlm-D-A-SQD1/report.txt	0	0	1	0	0	0	0
/Volumes/GigiMurin/plip/Gylcerolipids/BD6jlm-d-a-SQD2/report.txt	0	0	1	0	0	0	0
/Volumes/GigiMurin/plip/Gylcerolipids/BD6jlm-d-f-SQD1/report.txt	0	1	1	0	0	0	0
/Volumes/GigiMurin/plip/Gylcerolipids/BD6jlm-E-F-SQD1/report.txt	0	2	0	0	0	0	0
/Volumes/GigiMurin/plip/Gylcerolipids/BD6jlm-f-f-SQD1/report.txt	1	1	0	0	0	0	0
/Volumes/GigiMurin/plip/Gylcerolipids/BD6jlm-K-A-SQD1/report.txt	2	0	0	0	0	0	0
/Volumes/GigiMurin/plip/Gylcerolipids/BD6jlm-k-a-SQD2/report.txt	2	0	0	0	0	0	0
/Volumes/GigiMurin/plip/Gylcerolipids/BD6jlm-L-L-SQD1/report.txt	1	2	2	0	0	0	0
/Volumes/GigiMurin/plip/Gylcerolipids/BD6jlm-t-B-SQD1/report.txt	1	0	0	0	0	0	0
/Volumes/GigiMurin/plip/Gylcerolipids/BD6jlm-T-L-SQD1/report.txt	3	0	0	0	0	0	0
/Volumes/GigiMurin/plip/Gylcerolipids/BD6jln-a-a-SQD1/report.txt	8	1	0	0	0	0	0
/Volumes/GigiMurin/plip/Gylcerolipids/BD6jln-a-a-SQD2/report.txt	5	2	0	0	0	0	0
/Volumes/GigiMurin/plip/Gylcerolipids/BD6jln-B-a-SQD1/report.txt	0	3	0	0	0	0	0
/Volumes/GigiMurin/plip/Gylcerolipids/BD6jln-b-A-SQD2/report.txt	1	1	0	0	0	0	0
/Volumes/GigiMurin/plip/Gylcerolipids/BD6jln-B-B-SQD1/report.txt	2	1	1	0	0	0	0
/Volumes/GigiMurin/plip/Gylcerolipids/BD6jln-b-L-SQD1/report.txt	1	0	1	0	0	0	0
/Volumes/GigiMurin/plip/Gylcerolipids/BD6jln-C-A-SQD1/report.txt	1	3	0	0	0	0	0
/Volumes/GigiMurin/plip/Gylcerolipids/BD6jln-c-a-SQD2/report.txt	2	1	0	0	0	0	0
/Volumes/GigiMurin/plip/Gylcerolipids/BD6jln-D-A-SQD1/report.txt	0	0	1	0	0	0	0
/Volumes/GigiMurin/plip/Gylcerolipids/BD6jln-d-a-SQD2/report.txt	0	0	0	0	0	0	0
/Volumes/GigiMurin/plip/Gylcerolipids/BD6jln-d-f-SQD1/report.txt	0	1	1	0	0	0	0
/Volumes/GigiMurin/plip/Gylcerolipids/BD6jln-E-F-SQD1/report.txt	0	2	0	0	0	0	0
/Volumes/GigiMurin/plip/Gylcerolipids/BD6jln-f-f-SQD1/report.txt	1	1	0	0	0	0	0
/Volumes/GigiMurin/plip/Gylcerolipids/BD6jln-K-A-SQD1/report.txt	2	0	0	0	0	0	0
/Volumes/GigiMurin/plip/Gylcerolipids/BD6jln-k-a-SQD2/report.txt	2	0	0	0	0	0	0
/Volumes/GigiMurin/plip/Gylcerolipids/BD6jln-L-B-SQD1/report.txt	0	0	1	0	0	0	0
/Volumes/GigiMurin/plip/Gylcerolipids/BD6jln-L-L-SQD1/report.txt	1	2	1	0	0	0	0
/Volumes/GigiMurin/plip/Gylcerolipids/BD6jln-t-B-SQD1/report.txt	1	0	0	0	0	0	0
/Volumes/GigiMurin/plip/Gylcerolipids/BD6jln-T-L-SQD1/report.txt	3	0	0	0	0	0	0
/Volumes/GigiMurin/plip/Gylcerolipids/BD6jlo-a-a-SQD1/report.txt	6	2	0	0	0	0	0
/Volumes/GigiMurin/plip/Gylcerolipids/BD6jlo-A-A-SQD2/report.txt	3	2	0	0	0	0	0
/Volumes/GigiMurin/plip/Gylcerolipids/BD6jlo-a-B-SQD2/report.txt	8	3	0	0	0	0	0
/Volumes/GigiMurin/plip/Gylcerolipids/BD6jlo-b-A-SQD2/report.txt	1	1	0	0	0	0	0
/Volumes/GigiMurin/plip/Gylcerolipids/BD6jlo-b-b-SQD1/report.txt	2	1	1	0	0	0	0
/Volumes/GigiMurin/plip/Gylcerolipids/BD6jlo-B-B-SQD2/report.txt	1	3	0	0	0	0	0
/Volumes/GigiMurin/plip/Gylcerolipids/BD6jlo-c-a-SQD1/report.txt	1	3	0	0	0	0	0
/Volumes/GigiMurin/plip/Gylcerolipids/BD6jlo-D-A-SQD1/report.txt	0	1	1	0	0	0	0
/Volumes/GigiMurin/plip/Gylcerolipids/BD6jlo-d-f-SQD1/report.txt	0	1	1	0	0	0	0
/Volumes/GigiMurin/plip/Gylcerolipids/BD6jlo-f-f-SQD1/report.txt	1	1	0	0	0	0	0
/Volumes/GigiMurin/plip/Gylcerolipids/BD6jlo-k-a-SQD1/report.txt	2	0	0	0	0	0	0
/Volumes/GigiMurin/plip/Gylcerolipids/BD6jlo-L-b-SQD1/report.txt	0	0	1	0	0	0	0
/Volumes/GigiMurin/plip/Gylcerolipids/BD6jlo-t-B-SQD1/report.txt	3	0	0	0	0	0	0
/Volumes/GigiMurin/plip/Gylcerolipids/BD6jlp-a-a-SQD1/report.txt	5	2	0	0	0	0	0
/Volumes/GigiMurin/plip/Gylcerolipids/BD6jlp-a-a-SQD2/report.txt	4	3	0	0	0	0	0
/Volumes/GigiMurin/plip/Gylcerolipids/BD6jlp-B-a-SQD1/report.txt	1	3	0	0	0	0	0
/Volumes/GigiMurin/plip/Gylcerolipids/BD6jlp-b-A-SQD2/report.txt	1	1	0	0	0	0	0
/Volumes/GigiMurin/plip/Gylcerolipids/BD6jlp-B-B-SQD1/report.txt	2	1	1	0	0	0	0
/Volumes/GigiMurin/plip/Gylcerolipids/BD6jlp-b-L-SQD1/report.txt	1	0	1	0	0	0	0
/Volumes/GigiMurin/plip/Gylcerolipids/BD6jlp-C-A-SQD1/report.txt	2	3	0	0	0	0	0
/Volumes/GigiMurin/plip/Gylcerolipids/BD6jlp-c-a-SQD2/report.txt	2	2	0	0	0	0	0
/Volumes/GigiMurin/plip/Gylcerolipids/BD6jlp-D-A-SQD1/report.txt	0	0	1	0	0	0	0
/Volumes/GigiMurin/plip/Gylcerolipids/BD6jlp-d-a-SQD2/report.txt	0	0	0	0	0	0	0
/Volumes/GigiMurin/plip/Gylcerolipids/BD6jlp-d-f-SQD1/report.txt	0	1	1	0	0	0	0
/Volumes/GigiMurin/plip/Gylcerolipids/BD6jlp-E-F-SQD1/report.txt	0	2	0	0	0	0	0
/Volumes/GigiMurin/plip/Gylcerolipids/BD6jlp-f-f-SQD1/report.txt	1	1	0	0	0	0	0
/Volumes/GigiMurin/plip/Gylcerolipids/BD6jlp-K-A-SQD1/report.txt	3	0	0	0	0	0	0
/Volumes/GigiMurin/plip/Gylcerolipids/BD6jlp-k-a-SQD2/report.txt	3	0	0	0	0	0	0
/Volumes/GigiMurin/plip/Gylcerolipids/BD6jlp-L-B-SQD1/report.txt	0	0	1	0	0	0	0
/Volumes/GigiMurin/plip/Gylcerolipids/BD6jlp-L-L-SQD1/report.txt	1	2	1	0	0	0	0
/Volumes/GigiMurin/plip/Gylcerolipids/BD6jlp-t-B-SQD1/report.txt	1	0	0	0	0	0	0
/Volumes/GigiMurin/plip/Gylcerolipids/BD6jlp-T-L-SQD1/report.txt	3	0	0	0	0	0	0
/Volumes/GigiMurin/plip/Gylcerolipids/BD6jlu-0-0-SQD1/report.txt	3	8	0	0	0	0	0
/Volumes/GigiMurin/plip/Gylcerolipids/BD6jlu-10-10-SQD1/report.txt	6	8	0	0	0	0	0
/Volumes/GigiMurin/plip/Gylcerolipids/BD6jlu-a-a-SQD1/report.txt	1	1	0	0	0	0	0
/Volumes/GigiMurin/plip/Gylcerolipids/BD6jlu-A-A-SQD2/report.txt	0	1	0	0	0	0	0
/Volumes/GigiMurin/plip/Gylcerolipids/BD6jlu-b-b-SQD1/report.txt	1	0	0	0	0	0	0
/Volumes/GigiMurin/plip/Gylcerolipids/BD6jlu-i-i-SQD1/report.txt	3	0	0	0	0	0	0
/Volumes/GigiMurin/plip/Gylcerolipids/BD6jlu-l-l-SQD1/report.txt	4	2	1	0	0	0	0
/Volumes/GigiMurin/plip/Gylcerolipids/BD6juw-A-A-TGL1/report.txt	4	0	0	0	0	0	0
/Volumes/GigiMurin/plip/Gylcerolipids/BD6juw-A-D-TGL1/report.txt	5	0	1	0	0	0	0
/Volumes/GigiMurin/plip/Gylcerolipids/BD6juw-A-L-TGL1/report.txt	8	0	0	0	0	0	0
/Volumes/GigiMurin/plip/Gylcerolipids/BD6juw-B-A-TGL1/report.txt	1	0	1	0	0	0	0
/Volumes/GigiMurin/plip/Gylcerolipids/BD6juw-B-D-TGL1/report.txt	3	0	0	0	0	0	0
/Volumes/GigiMurin/plip/Gylcerolipids/BD6juw-D-D-TGL1/report.txt	2	2	0	0	0	0	0
/Volumes/GigiMurin/plip/Gylcerolipids/BD6juw-L-L-TGL1/report.txt	8	0	0	0	0	0	0
/Volumes/GigiMurin/plip/Gylcerolipids/BD6juw-N-N-TGL1/report.txt	8	0	0	0	0	0	0
/Volumes/GigiMurin/plip/Gylcerolipids/BD6juw-N-Q-TGL1/report.txt	6	0	1	0	0	0	0
/Volumes/GigiMurin/plip/Gylcerolipids/BD6juw-N-Y-TGL1/report.txt	9	0	0	0	0	0	0
/Volumes/GigiMurin/plip/Gylcerolipids/BD6juw-O-N-TGL1/report.txt	1	0	1	0	0	0	0
/Volumes/GigiMurin/plip/Gylcerolipids/BD6juw-O-Q-TGL1/report.txt	2	0	0	0	0	0	0
/Volumes/GigiMurin/plip/Gylcerolipids/BD6juw-Q-Q-TGL1/report.txt	2	2	0	0	0	0	0
/Volumes/GigiMurin/plip/Gylcerolipids/BD6juw-V-N-TGL1/report.txt	0	0	1	0	0	0	0
/Volumes/GigiMurin/plip/Gylcerolipids/BD6juw-Y-Y-TGL1/report.txt	9	0	0	0	0	0	0
/Volumes/GigiMurin/plip/Gylcerolipids/BD6k1q-A-A-OLC1/report.txt	6	1	0	0	0	0	0
/Volumes/GigiMurin/plip/Gylcerolipids/BD6k1q-A-A-OLC2/report.txt	4	0	0	0	0	0	0
/Volumes/GigiMurin/plip/Gylcerolipids/BD6k1q-A-A-OLC3/report.txt	5	0	0	0	0	0	0
/Volumes/GigiMurin/plip/Gylcerolipids/BD6k1q-A-A-OLC4/report.txt	4	0	0	0	0	0	0
/Volumes/GigiMurin/plip/Gylcerolipids/BD6k1q-A-A-OLC5/report.txt	7	2	1	0	0	0	0
/Volumes/GigiMurin/plip/Gylcerolipids/BD6k1q-A-A-OLC6/report.txt	3	0	0	0	0	0	0
/Volumes/GigiMurin/plip/Gylcerolipids/BD6k1q-A-A-OLC7/report.txt	3	0	0	0	0	0	0
/Volumes/GigiMurin/plip/Gylcerolipids/BD6k1q-A-A-OLC8/report.txt	6	0	0	0	0	0	0
/Volumes/GigiMurin/plip/Gylcerolipids/BD6k4j-A-A-OLC1/report.txt	2	1	1	0	0	0	0
/Volumes/GigiMurin/plip/Gylcerolipids/BD6k61-b-b-SQD1/report.txt	6	2	0	0	0	0	0
/Volumes/GigiMurin/plip/Gylcerolipids/BD6k61-b-x-SQD1/report.txt	2	2	0	0	0	0	0
/Volumes/GigiMurin/plip/Gylcerolipids/BD6k61-i-l-SQD1/report.txt	4	0	1	0	0	0	0
/Volumes/GigiMurin/plip/Gylcerolipids/BD6k61-L-b-SQD1/report.txt	0	2	1	0	0	0	0
/Volumes/GigiMurin/plip/Gylcerolipids/BD6k61-l-l-SQD1/report.txt	0	1	0	0	0	0	0
/Volumes/GigiMurin/plip/Gylcerolipids/BD6k61-x-x-SQD1/report.txt	3	5	4	0	0	0	0
/Volumes/GigiMurin/plip/Gylcerolipids/BD6kac-a-a-SQD1/report.txt	9	2	0	0	0	0	0
/Volumes/GigiMurin/plip/Gylcerolipids/BD6kac-b-b-SQD1/report.txt	0	1	0	0	0	0	0
/Volumes/GigiMurin/plip/Gylcerolipids/BD6kac-c-a-SQD1/report.txt	3	2	0	0	0	0	0
/Volumes/GigiMurin/plip/Gylcerolipids/BD6kac-d-a-SQD1/report.txt	0	3	0	0	0	0	0
/Volumes/GigiMurin/plip/Gylcerolipids/BD6kac-l-B-SQD1/report.txt	2	0	1	0	0	0	0
/Volumes/GigiMurin/plip/Gylcerolipids/BD6kad-a-a-SQD1/report.txt	4	3	0	0	0	0	0
/Volumes/GigiMurin/plip/Gylcerolipids/BD6kad-b-b-SQD1/report.txt	0	2	1	0	0	0	0
/Volumes/GigiMurin/plip/Gylcerolipids/BD6kad-b-b-SQD2/report.txt	0	0	0	0	0	0	0
/Volumes/GigiMurin/plip/Gylcerolipids/BD6kad-d-d-SQD1/report.txt	3	0	1	0	0	0	0
/Volumes/GigiMurin/plip/Gylcerolipids/BD6kaf-a-a-SQD1/report.txt	4	2	0	0	0	0	0
/Volumes/GigiMurin/plip/Gylcerolipids/BD6kaf-a-a-SQD2/report.txt	3	2	0	0	0	0	0
/Volumes/GigiMurin/plip/Gylcerolipids/BD6kaf-C-C-SQD1/report.txt	1	1	0	0	0	0	0
/Volumes/GigiMurin/plip/Gylcerolipids/BD6kaf-l-l-SQD1/report.txt	0	0	1	0	0	0	0
/Volumes/GigiMurin/plip/Gylcerolipids/BD6kaf-m-m-SQD1/report.txt	2	1	0	0	0	0	0
/Volumes/GigiMurin/plip/Gylcerolipids/BD6khi-B-D-SQD1/report.txt	4	1	1	0	0	0	0
/Volumes/GigiMurin/plip/Gylcerolipids/BD6khi-C-C-SQD1/report.txt	5	0	0	0	0	0	0
/Volumes/GigiMurin/plip/Gylcerolipids/BD6khi-D-D-SQD1/report.txt	5	2	0	0	0	0	0
/Volumes/GigiMurin/plip/Gylcerolipids/BD6khi-F-D-SQD1/report.txt	3	0	0	0	0	0	0
/Volumes/GigiMurin/plip/Gylcerolipids/BD6khi-L-L-SQD1/report.txt	2	1	2	0	0	0	0
/Volumes/GigiMurin/plip/Gylcerolipids/BD6khj-B-B-SQD1/report.txt	2	1	1	0	0	0	0
/Volumes/GigiMurin/plip/Gylcerolipids/BD6khj-C-C-SQD1/report.txt	4	4	0	0	0	0	0
/Volumes/GigiMurin/plip/Gylcerolipids/BD6khj-D-B-SQD1/report.txt	5	1	0	0	0	0	0
/Volumes/GigiMurin/plip/Gylcerolipids/BD6khj-F-B-SQD1/report.txt	2	0	0	0	0	0	0
/Volumes/GigiMurin/plip/Gylcerolipids/BD6khj-N-N-SQD1/report.txt	1	0	1	0	0	0	0
/Volumes/GigiMurin/plip/Gylcerolipids/BD6ki1-A-A-OLC1/report.txt	7	0	0	0	0	0	0
/Volumes/GigiMurin/plip/Gylcerolipids/BD6ki1-B-B-OLC1/report.txt	8	0	0	0	0	0	0
/Volumes/GigiMurin/plip/Gylcerolipids/BD6kif-1-1-SQD1/report.txt	3	2	3	0	0	0	0
/Volumes/GigiMurin/plip/Gylcerolipids/BD6kif-2-2-SQD1/report.txt	2	3	4	0	0	0	0
/Volumes/GigiMurin/plip/Gylcerolipids/BD6kif-3-3-SQD1/report.txt	1	6	4	0	0	0	0
/Volumes/GigiMurin/plip/Gylcerolipids/BD6kif-4-4-SQD1/report.txt	1	6	4	0	0	0	0
/Volumes/GigiMurin/plip/Gylcerolipids/BD6kif-5-5-SQD1/report.txt	0	5	1	0	0	0	0
/Volumes/GigiMurin/plip/Gylcerolipids/BD6kif-6-6-SQD1/report.txt	1	4	4	0	0	0	0
/Volumes/GigiMurin/plip/Gylcerolipids/BD6kif-a-a-SQD1/report.txt	1	6	4	0	0	0	0
/Volumes/GigiMurin/plip/Gylcerolipids/BD6kif-b-b-SQD1/report.txt	5	2	0	0	0	0	0
/Volumes/GigiMurin/plip/Gylcerolipids/BD6kif-c-c-SQD1/report.txt	0	5	1	0	0	0	0
/Volumes/GigiMurin/plip/Gylcerolipids/BD6kif-d-d-SQD1/report.txt	1	4	4	0	0	0	0
/Volumes/GigiMurin/plip/Gylcerolipids/BD6kif-f-f-SQD1/report.txt	5	2	0	0	0	0	0
/Volumes/GigiMurin/plip/Gylcerolipids/BD6kif-H-H-SQD1/report.txt	5	2	0	0	0	0	0
/Volumes/GigiMurin/plip/Gylcerolipids/BD6kif-L-L-SQD1/report.txt	2	3	0	0	0	0	0
/Volumes/GigiMurin/plip/Gylcerolipids/BD6kif-n-n-SQD1/report.txt	2	3	0	0	0	0	0
/Volumes/GigiMurin/plip/Gylcerolipids/BD6kif-q-q-SQD1/report.txt	3	2	3	0	0	0	0
/Volumes/GigiMurin/plip/Gylcerolipids/BD6kif-r-r-SQD1/report.txt	2	3	4	0	0	0	0
/Volumes/GigiMurin/plip/Gylcerolipids/BD6kif-s-s-SQD1/report.txt	1	6	4	0	0	0	0
/Volumes/GigiMurin/plip/Gylcerolipids/BD6kif-t-t-SQD1/report.txt	1	6	4	0	0	0	0
/Volumes/GigiMurin/plip/Gylcerolipids/BD6kif-u-u-SQD1/report.txt	0	5	1	0	0	0	0
/Volumes/GigiMurin/plip/Gylcerolipids/BD6kif-v-v-SQD1/report.txt	2	3	0	0	0	0	0
/Volumes/GigiMurin/plip/Gylcerolipids/BD6kif-Y-Y-SQD1/report.txt	3	2	3	0	0	0	0
/Volumes/GigiMurin/plip/Gylcerolipids/BD6kif-Z-Z-SQD1/report.txt	2	3	4	0	0	0	0
/Volumes/GigiMurin/plip/Gylcerolipids/BD6kig-1-1-SQD1/report.txt	4	4	4	0	0	0	0
/Volumes/GigiMurin/plip/Gylcerolipids/BD6kig-2-2-SQD1/report.txt	4	4	3	0	0	0	0
/Volumes/GigiMurin/plip/Gylcerolipids/BD6kig-3-3-SQD1/report.txt	4	5	4	0	0	0	0
/Volumes/GigiMurin/plip/Gylcerolipids/BD6kig-4-4-SQD1/report.txt	2	4	3	0	0	0	0
/Volumes/GigiMurin/plip/Gylcerolipids/BD6kig-5-5-SQD1/report.txt	1	4	1	0	0	0	0
/Volumes/GigiMurin/plip/Gylcerolipids/BD6kig-6-6-SQD1/report.txt	1	3	4	0	0	0	0
/Volumes/GigiMurin/plip/Gylcerolipids/BD6kig-a-a-SQD1/report.txt	4	5	4	0	0	0	0
/Volumes/GigiMurin/plip/Gylcerolipids/BD6kig-b-b-SQD1/report.txt	6	2	0	0	0	0	0
/Volumes/GigiMurin/plip/Gylcerolipids/BD6kig-c-c-SQD1/report.txt	1	4	1	0	0	0	0
/Volumes/GigiMurin/plip/Gylcerolipids/BD6kig-d-d-SQD1/report.txt	1	3	4	0	0	0	0
/Volumes/GigiMurin/plip/Gylcerolipids/BD6kig-f-f-SQD1/report.txt	6	2	0	0	0	0	0
/Volumes/GigiMurin/plip/Gylcerolipids/BD6kig-H-H-SQD1/report.txt	6	2	0	0	0	0	0
/Volumes/GigiMurin/plip/Gylcerolipids/BD6kig-L-L-SQD1/report.txt	4	3	1	0	0	0	0
/Volumes/GigiMurin/plip/Gylcerolipids/BD6kig-n-n-SQD1/report.txt	4	3	1	0	0	0	0
/Volumes/GigiMurin/plip/Gylcerolipids/BD6kig-q-q-SQD1/report.txt	4	4	4	0	0	0	0
/Volumes/GigiMurin/plip/Gylcerolipids/BD6kig-r-r-SQD1/report.txt	4	4	3	0	0	0	0
/Volumes/GigiMurin/plip/Gylcerolipids/BD6kig-s-s-SQD1/report.txt	4	5	4	0	0	0	0
/Volumes/GigiMurin/plip/Gylcerolipids/BD6kig-t-t-SQD1/report.txt	2	4	3	0	0	0	0
/Volumes/GigiMurin/plip/Gylcerolipids/BD6kig-u-u-SQD1/report.txt	1	4	1	0	0	0	0
/Volumes/GigiMurin/plip/Gylcerolipids/BD6kig-v-v-SQD1/report.txt	4	3	1	0	0	0	0
/Volumes/GigiMurin/plip/Gylcerolipids/BD6kig-Y-Y-SQD1/report.txt	4	4	4	0	0	0	0
/Volumes/GigiMurin/plip/Gylcerolipids/BD6kig-Z-Z-SQD1/report.txt	4	4	3	0	0	0	0
/Volumes/GigiMurin/plip/Gylcerolipids/BD6kjv-A-A-OLC1/report.txt	5	1	0	0	0	0	0
/Volumes/GigiMurin/plip/Gylcerolipids/BD6kjv-B-A-OLC1/report.txt	2	0	0	0	0	0	0
/Volumes/GigiMurin/plip/Gylcerolipids/BD6kjv-B-B-OLC1/report.txt	4	1	0	0	0	0	0
/Volumes/GigiMurin/plip/Gylcerolipids/BD6kqi-A-A-OLC1/report.txt	0	0	0	0	0	0	0
/Volumes/GigiMurin/plip/Gylcerolipids/BD6kqi-A-A-OLC2/report.txt	0	0	0	0	0	0	0
/Volumes/GigiMurin/plip/Gylcerolipids/BD6ks1-A-A-OLC1/report.txt	7	0	0	0	0	0	0
/Volumes/GigiMurin/plip/Gylcerolipids/BD6kuw-A-A-OLC1/report.txt	3	0	0	0	0	0	0
/Volumes/GigiMurin/plip/Gylcerolipids/BD6kuw-A-A-OLC2/report.txt	0	1	1	0	0	0	0
/Volumes/GigiMurin/plip/Gylcerolipids/BD6kuw-A-A-OLC3/report.txt	5	0	0	0	0	0	0
/Volumes/GigiMurin/plip/Gylcerolipids/BD6kuw-A-A-OLC4/report.txt	0	0	1	0	0	0	0
/Volumes/GigiMurin/plip/Gylcerolipids/BD6kuw-A-A-OLC5/report.txt	0	0	0	0	0	0	0
/Volumes/GigiMurin/plip/Gylcerolipids/BD6kuw-B-A-OLC1/report.txt	2	0	0	0	0	0	0
/Volumes/GigiMurin/plip/Gylcerolipids/BD6kuw-B-A-OLC5/report.txt	4	0	0	0	0	0	0
/Volumes/GigiMurin/plip/Gylcerolipids/BD6kuw-B-B-OLC1/report.txt	2	0	0	0	0	0	0
/Volumes/GigiMurin/plip/Gylcerolipids/BD6kuw-B-B-OLC2/report.txt	2	0	0	0	0	0	0
/Volumes/GigiMurin/plip/Gylcerolipids/BD6l7o-A-L-SQD1/report.txt	4	0	0	0	0	0	0
/Volumes/GigiMurin/plip/Gylcerolipids/BD6l7o-B-B-SQD1/report.txt	2	0	1	0	0	0	0
/Volumes/GigiMurin/plip/Gylcerolipids/BD6l7o-D-B-SQD1/report.txt	4	3	0	0	0	0	0
/Volumes/GigiMurin/plip/Gylcerolipids/BD6l7o-D-F-SQD1/report.txt	3	0	0	0	0	0	0
/Volumes/GigiMurin/plip/Gylcerolipids/BD6l7o-D-F-SQD2/report.txt	0	4	0	0	0	0	0
/Volumes/GigiMurin/plip/Gylcerolipids/BD6l7o-F-B-SQD1/report.txt	3	0	0	0	0	0	0
/Volumes/GigiMurin/plip/Gylcerolipids/BD6l7o-F-F-SQD1/report.txt	7	3	2	0	0	0	0
/Volumes/GigiMurin/plip/Gylcerolipids/BD6l7o-F-F-SQD2/report.txt	2	0	1	0	0	0	0
/Volumes/GigiMurin/plip/Gylcerolipids/BD6l7o-L-L-SQD1/report.txt	1	1	2	0	0	0	0
/Volumes/GigiMurin/plip/Gylcerolipids/BD6l7p-A-L-SQD1/report.txt	2	0	0	0	0	0	0
/Volumes/GigiMurin/plip/Gylcerolipids/BD6l7p-B-D-SQD2/report.txt	2	0	1	0	0	0	0
/Volumes/GigiMurin/plip/Gylcerolipids/BD6l7p-D-D-SQD1/report.txt	0	4	0	0	0	0	0
/Volumes/GigiMurin/plip/Gylcerolipids/BD6l7p-D-D-SQD2/report.txt	5	3	0	0	0	0	0
/Volumes/GigiMurin/plip/Gylcerolipids/BD6l7p-D-F-SQD1/report.txt	3	0	0	0	0	0	0
/Volumes/GigiMurin/plip/Gylcerolipids/BD6l7p-F-D-SQD1/report.txt	0	1	0	0	0	0	0
/Volumes/GigiMurin/plip/Gylcerolipids/BD6l7p-F-D-SQD2/report.txt	1	0	0	0	0	0	0
/Volumes/GigiMurin/plip/Gylcerolipids/BD6l7p-F-F-SQD1/report.txt	7	3	2	0	0	0	0
/Volumes/GigiMurin/plip/Gylcerolipids/BD6l7p-L-L-SQD1/report.txt	2	1	1	0	0	0	0
/Volumes/GigiMurin/plip/Gylcerolipids/BD6leo-A-A-OLC1/report.txt	5	0	0	0	0	0	0
/Volumes/GigiMurin/plip/Gylcerolipids/BD6leo-A-A-OLC2/report.txt	5	1	0	0	0	0	0
/Volumes/GigiMurin/plip/Gylcerolipids/BD6leo-A-A-OLC3/report.txt	1	0	1	0	0	0	0
/Volumes/GigiMurin/plip/Gylcerolipids/BD6leo-A-A-OLC4/report.txt	10	0	0	0	0	0	0
/Volumes/GigiMurin/plip/Gylcerolipids/BD6leo-A-A-OLC5/report.txt	3	1	0	0	0	0	0
/Volumes/GigiMurin/plip/Gylcerolipids/BD6leo-A-A-OLC6/report.txt	6	0	0	0	0	0	0
/Volumes/GigiMurin/plip/Gylcerolipids/BD6leo-A-A-OLC7/report.txt	5	3	0	0	0	0	0
/Volumes/GigiMurin/plip/Gylcerolipids/BD6leo-A-A-OLC8/report.txt	3	0	0	0	0	0	0
/Volumes/GigiMurin/plip/Gylcerolipids/BD6leo-A-A-OLC9/report.txt	6	0	0	0	0	0	0
/Volumes/GigiMurin/plip/Gylcerolipids/BD6lep-A-A-OLC1/report.txt	3	0	0	0	0	0	0
/Volumes/GigiMurin/plip/Gylcerolipids/BD6lep-A-A-OLC2/report.txt	3	0	0	0	0	0	0
/Volumes/GigiMurin/plip/Gylcerolipids/BD6lep-A-A-OLC3/report.txt	4	1	0	0	0	0	0
/Volumes/GigiMurin/plip/Gylcerolipids/BD6lep-A-A-OLC4/report.txt	2	0	0	0	0	0	0
/Volumes/GigiMurin/plip/Gylcerolipids/BD6lgv-A-A-A6L1/report.txt	3	2	0	0	0	0	0
/Volumes/GigiMurin/plip/Gylcerolipids/BD6lgv-A-A-A6L2/report.txt	2	1	0	0	0	0	0
/Volumes/GigiMurin/plip/Gylcerolipids/BD6lgv-A-A-A6L3/report.txt	2	0	1	0	0	0	0
/Volumes/GigiMurin/plip/Gylcerolipids/BD6lgv-A-A-A6L4/report.txt	1	3	0	0	0	0	0
/Volumes/GigiMurin/plip/Gylcerolipids/BD6lgv-A-A-A6L5/report.txt	6	0	0	0	0	0	0
/Volumes/GigiMurin/plip/Gylcerolipids/BD6lgy-A-A-A6L1/report.txt	6	2	0	0	0	0	0
/Volumes/GigiMurin/plip/Gylcerolipids/BD6lgz-A-A-A6L1/report.txt	5	2	0	0	0	0	0
/Volumes/GigiMurin/plip/Gylcerolipids/BD6lgz-A-A-A6L2/report.txt	3	0	0	0	0	0	0
/Volumes/GigiMurin/plip/Gylcerolipids/BD6lgz-A-A-A6L3/report.txt	3	0	0	0	0	0	0
/Volumes/GigiMurin/plip/Gylcerolipids/BD6lgz-A-A-A6L4/report.txt	3	0	0	0	0	0	0
/Volumes/GigiMurin/plip/Gylcerolipids/BD6lh0-A-A-A6L1/report.txt	4	2	0	0	0	0	0
/Volumes/GigiMurin/plip/Gylcerolipids/BD6lh0-A-A-A6L2/report.txt	2	1	0	0	0	0	0
/Volumes/GigiMurin/plip/Gylcerolipids/BD6lh0-A-A-A6L3/report.txt	2	0	0	0	0	0	0
/Volumes/GigiMurin/plip/Gylcerolipids/BD6lh1-A-A-A6L1/report.txt	5	1	0	0	0	0	0
/Volumes/GigiMurin/plip/Gylcerolipids/BD6li0-A-A-OLC10/report.txt	0	0	0	0	0	0	0
/Volumes/GigiMurin/plip/Gylcerolipids/BD6li0-A-A-OLC11/report.txt	3	0	0	0	0	0	0
/Volumes/GigiMurin/plip/Gylcerolipids/BD6li0-A-A-OLC12/report.txt	1	2	0	0	0	0	0
/Volumes/GigiMurin/plip/Gylcerolipids/BD6li0-A-A-OLC13/report.txt	4	4	0	0	0	0	0
/Volumes/GigiMurin/plip/Gylcerolipids/BD6li0-A-A-OLC14/report.txt	2	0	0	0	0	0	0
/Volumes/GigiMurin/plip/Gylcerolipids/BD6li0-A-A-OLC15/report.txt	2	0	0	0	0	0	0
/Volumes/GigiMurin/plip/Gylcerolipids/BD6li0-A-A-OLC16/report.txt	0	0	0	0	0	0	0
/Volumes/GigiMurin/plip/Gylcerolipids/BD6li0-A-A-OLC17/report.txt	4	0	0	0	0	0	0
/Volumes/GigiMurin/plip/Gylcerolipids/BD6li0-A-A-OLC1/report.txt	1	2	0	0	0	0	0
/Volumes/GigiMurin/plip/Gylcerolipids/BD6li0-A-A-OLC2/report.txt	2	1	0	0	0	0	0
/Volumes/GigiMurin/plip/Gylcerolipids/BD6li0-A-A-OLC3/report.txt	2	3	0	0	0	0	0
/Volumes/GigiMurin/plip/Gylcerolipids/BD6li0-A-A-OLC4/report.txt	2	0	0	0	0	0	0
/Volumes/GigiMurin/plip/Gylcerolipids/BD6li0-A-A-OLC5/report.txt	0	0	0	0	0	0	0
/Volumes/GigiMurin/plip/Gylcerolipids/BD6li0-A-A-OLC6/report.txt	0	0	0	0	0	0	0
/Volumes/GigiMurin/plip/Gylcerolipids/BD6li0-A-A-OLC7/report.txt	2	0	0	0	0	0	0
/Volumes/GigiMurin/plip/Gylcerolipids/BD6li0-A-A-OLC8/report.txt	3	2	2	0	0	0	0
/Volumes/GigiMurin/plip/Gylcerolipids/BD6li0-A-A-OLC9/report.txt	1	1	0	0	0	0	0
/Volumes/GigiMurin/plip/Gylcerolipids/BD6li1-A-A-OLC1/report.txt	2	1	0	0	0	0	0
/Volumes/GigiMurin/plip/Gylcerolipids/BD6li1-A-A-OLC2/report.txt	1	0	1	0	0	0	0
/Volumes/GigiMurin/plip/Gylcerolipids/BD6li2-A-A-OLC10/report.txt	0	1	1	0	0	0	0
/Volumes/GigiMurin/plip/Gylcerolipids/BD6li2-A-A-OLC11/report.txt	3	1	0	0	0	0	0
/Volumes/GigiMurin/plip/Gylcerolipids/BD6li2-A-A-OLC1/report.txt	2	0	0	0	0	0	0
/Volumes/GigiMurin/plip/Gylcerolipids/BD6li2-A-A-OLC2/report.txt	1	1	0	0	0	0	0
/Volumes/GigiMurin/plip/Gylcerolipids/BD6li2-A-A-OLC3/report.txt	2	1	1	0	0	0	0
/Volumes/GigiMurin/plip/Gylcerolipids/BD6li2-A-A-OLC4/report.txt	2	1	0	0	0	0	0
/Volumes/GigiMurin/plip/Gylcerolipids/BD6li2-A-A-OLC5/report.txt	2	1	0	0	0	0	0
/Volumes/GigiMurin/plip/Gylcerolipids/BD6li2-A-A-OLC6/report.txt	1	1	0	0	0	0	0
/Volumes/GigiMurin/plip/Gylcerolipids/BD6li2-A-A-OLC7/report.txt	0	0	0	0	0	0	0
/Volumes/GigiMurin/plip/Gylcerolipids/BD6li2-A-A-OLC8/report.txt	0	0	0	0	0	0	0
/Volumes/GigiMurin/plip/Gylcerolipids/BD6li2-A-A-OLC9/report.txt	2	0	0	0	0	0	0
/Volumes/GigiMurin/plip/Gylcerolipids/BD6ly5-A-A-SQD1/report.txt	0	2	1	0	0	0	0
/Volumes/GigiMurin/plip/Gylcerolipids/BD6ly5-b-b-SQD1/report.txt	2	0	0	0	0	0	0
/Volumes/GigiMurin/plip/Gylcerolipids/BD6ly5-H-b-SQD1/report.txt	2	0	0	0	0	0	0
/Volumes/GigiMurin/plip/Gylcerolipids/BD6m9t-A-A-OLC1/report.txt	2	2	0	0	0	0	0
/Volumes/GigiMurin/plip/Gylcerolipids/BD6me6-B-B-OLC1/report.txt	0	0	1	0	0	0	0
/Volumes/GigiMurin/plip/Gylcerolipids/BD6me7-B-B-OLC1/report.txt	3	1	0	0	0	0	0
/Volumes/GigiMurin/plip/Gylcerolipids/BD6mxt-A-A-OLC1/report.txt	1	0	0	0	0	0	0
/Volumes/GigiMurin/plip/Gylcerolipids/BD6nc7-A-A-OLC1/report.txt	6	2	0	0	0	0	0
/Volumes/GigiMurin/plip/Gylcerolipids/BD6nc7-A-A-OLC2/report.txt	1	2	0	0	0	0	0
/Volumes/GigiMurin/plip/Gylcerolipids/BD6nc7-A-A-OLC3/report.txt	1	0	0	0	0	0	0
/Volumes/GigiMurin/plip/Gylcerolipids/BD6nc7-B-B-OLC1/report.txt	5	0	0	0	0	0	0
/Volumes/GigiMurin/plip/Gylcerolipids/BD6nc7-B-B-OLC2/report.txt	0	0	0	0	0	0	0
/Volumes/GigiMurin/plip/Gylcerolipids/BD6nc7-B-B-OLC3/report.txt	3	1	0	0	0	0	0
/Volumes/GigiMurin/plip/Gylcerolipids/BD6nc7-B-B-OLC4/report.txt	0	0	0	0	0	0	0
/Volumes/GigiMurin/plip/Gylcerolipids/BD6nc8-A-A-OLC1/report.txt	4	0	0	0	0	0	0
/Volumes/GigiMurin/plip/Gylcerolipids/BD6nc8-A-A-OLC2/report.txt	7	1	1	0	0	0	0
/Volumes/GigiMurin/plip/Gylcerolipids/BD6nc8-A-A-OLC3/report.txt	3	1	0	0	0	0	0
/Volumes/GigiMurin/plip/Gylcerolipids/BD6nc8-A-A-OLC4/report.txt	0	2	0	0	0	0	0
/Volumes/GigiMurin/plip/Gylcerolipids/BD6nc8-A-A-OLC5/report.txt	4	2	0	0	0	0	0
/Volumes/GigiMurin/plip/Gylcerolipids/BD6nc8-A-A-OLC6/report.txt	1	0	0	0	0	0	0
/Volumes/GigiMurin/plip/Gylcerolipids/BD6nc9-A-A-OLC1/report.txt	6	1	0	0	0	0	0
/Volumes/GigiMurin/plip/Gylcerolipids/BD6nc9-A-A-OLC2/report.txt	2	0	0	0	0	0	0
/Volumes/GigiMurin/plip/Gylcerolipids/BD6nc9-A-A-OLC3/report.txt	2	1	0	0	0	0	0
/Volumes/GigiMurin/plip/Gylcerolipids/BD6nc9-A-A-OLC4/report.txt	6	1	0	0	0	0	0
/Volumes/GigiMurin/plip/Gylcerolipids/BD6nc9-A-A-OLC5/report.txt	4	0	0	0	0	0	0
/Volumes/GigiMurin/plip/Gylcerolipids/BD6nc9-A-A-OLC6/report.txt	2	0	0	0	0	0	0
/Volumes/GigiMurin/plip/Gylcerolipids/BD6nc9-A-A-OLC7/report.txt	2	0	0	0	0	0	0
/Volumes/GigiMurin/plip/Gylcerolipids/BD6nc9-A-A-OLC8/report.txt	7	3	0	0	0	0	0
/Volumes/GigiMurin/plip/Gylcerolipids/BD6nkn-A-A-TGL1/report.txt	4	0	1	0	0	0	0
/Volumes/GigiMurin/plip/Gylcerolipids/BD6nkn-A-B-TGL1/report.txt	7	0	0	0	0	0	0
/Volumes/GigiMurin/plip/Gylcerolipids/BD6nkn-A-L-TGL1/report.txt	9	0	0	0	0	0	0
/Volumes/GigiMurin/plip/Gylcerolipids/BD6nkn-B-A-TGL1/report.txt	2	0	0	0	0	0	0
/Volumes/GigiMurin/plip/Gylcerolipids/BD6nkn-B-B-TGL1/report.txt	4	0	1	0	0	0	0
/Volumes/GigiMurin/plip/Gylcerolipids/BD6nkn-D-A-TGL1/report.txt	0	1	0	0	0	0	0
/Volumes/GigiMurin/plip/Gylcerolipids/BD6nkn-L-L-TGL1/report.txt	7	0	0	0	0	0	0
/Volumes/GigiMurin/plip/Gylcerolipids/BD6nkn-N-N-TGL1/report.txt	5	0	0	0	0	0	0
/Volumes/GigiMurin/plip/Gylcerolipids/BD6nkn-N-N-TGL2/report.txt	4	0	1	0	0	0	0
/Volumes/GigiMurin/plip/Gylcerolipids/BD6nkn-N-Y-TGL1/report.txt	5	0	0	0	0	0	0
/Volumes/GigiMurin/plip/Gylcerolipids/BD6nkn-O-N-TGL1/report.txt	1	0	1	0	0	0	0
/Volumes/GigiMurin/plip/Gylcerolipids/BD6nkn-O-N-TGL2/report.txt	3	0	0	0	0	0	0
/Volumes/GigiMurin/plip/Gylcerolipids/BD6nkn-Q-N-TGL2/report.txt	1	2	0	0	0	0	0
/Volumes/GigiMurin/plip/Gylcerolipids/BD6nkn-Y-Y-TGL1/report.txt	5	0	0	0	0	0	0
/Volumes/GigiMurin/plip/Gylcerolipids/BD6nmf-A-A-TGL1/report.txt	9	0	0	0	0	0	0
/Volumes/GigiMurin/plip/Gylcerolipids/BD6nmf-A-B-TGL1/report.txt	2	0	0	0	0	0	0
/Volumes/GigiMurin/plip/Gylcerolipids/BD6nmf-A-D-TGL1/report.txt	4	0	1	0	0	0	0
/Volumes/GigiMurin/plip/Gylcerolipids/BD6nmf-B-B-TGL1/report.txt	1	0	0	0	0	0	0
/Volumes/GigiMurin/plip/Gylcerolipids/BD6nmf-B-D-TGL1/report.txt	1	0	0	0	0	0	0
/Volumes/GigiMurin/plip/Gylcerolipids/BD6nmf-D-D-TGL1/report.txt	1	1	0	0	0	0	0
/Volumes/GigiMurin/plip/Gylcerolipids/BD6nmf-N-N-TGL1/report.txt	3	0	1	0	0	0	0
/Volumes/GigiMurin/plip/Gylcerolipids/BD6nmf-N-V-TGL1/report.txt	5	0	0	0	0	0	0
/Volumes/GigiMurin/plip/Gylcerolipids/BD6nmf-N-Y-TGL1/report.txt	5	0	0	0	0	0	0
/Volumes/GigiMurin/plip/Gylcerolipids/BD6nmf-Q-N-TGL1/report.txt	1	1	0	0	0	0	0
/Volumes/GigiMurin/plip/Gylcerolipids/BD6nmf-V-V-TGL1/report.txt	0	0	1	0	0	0	0
/Volumes/GigiMurin/plip/Gylcerolipids/BD6nmf-Y-Y-TGL1/report.txt	5	0	0	0	0	0	0
/Volumes/GigiMurin/plip/Gylcerolipids/BD6nmp-A-A-TGL1/report.txt	3	0	1	0	0	0	0
/Volumes/GigiMurin/plip/Gylcerolipids/BD6nmp-A-I-TGL1/report.txt	6	0	0	0	0	0	0
/Volumes/GigiMurin/plip/Gylcerolipids/BD6nmp-A-L-TGL1/report.txt	8	0	0	0	0	0	0
/Volumes/GigiMurin/plip/Gylcerolipids/BD6nmp-B-A-TGL1/report.txt	4	0	0	0	0	0	0
/Volumes/GigiMurin/plip/Gylcerolipids/BD6nmp-B-I-TGL1/report.txt	1	1	1	0	0	0	0
/Volumes/GigiMurin/plip/Gylcerolipids/BD6nmp-D-A-TGL1/report.txt	2	1	0	0	0	0	0
/Volumes/GigiMurin/plip/Gylcerolipids/BD6nmp-I-I-TGL1/report.txt	1	0	1	0	0	0	0
/Volumes/GigiMurin/plip/Gylcerolipids/BD6nmp-L-L-TGL1/report.txt	6	0	0	0	0	0	0
/Volumes/GigiMurin/plip/Gylcerolipids/BD6nmp-N-O-TGL1/report.txt	3	0	1	0	0	0	0
/Volumes/GigiMurin/plip/Gylcerolipids/BD6nmp-N-V-TGL1/report.txt	4	0	0	0	0	0	0
/Volumes/GigiMurin/plip/Gylcerolipids/BD6nmp-N-Y-TGL1/report.txt	4	0	0	0	0	0	0
/Volumes/GigiMurin/plip/Gylcerolipids/BD6nmp-O-O-TGL1/report.txt	1	0	0	0	0	0	0
/Volumes/GigiMurin/plip/Gylcerolipids/BD6nmp-O-V-TGL1/report.txt	2	1	0	0	0	0	0
/Volumes/GigiMurin/plip/Gylcerolipids/BD6nmp-Q-O-TGL1/report.txt	2	2	0	0	0	0	0
/Volumes/GigiMurin/plip/Gylcerolipids/BD6nmp-V-V-TGL1/report.txt	2	0	1	0	0	0	0
/Volumes/GigiMurin/plip/Gylcerolipids/BD6nmp-Y-Y-TGL1/report.txt	9	0	0	0	0	0	0
/Volumes/GigiMurin/plip/Gylcerolipids/BD6nv1-A-A-OLC1/report.txt	2	0	0	0	0	0	0
/Volumes/GigiMurin/plip/Gylcerolipids/BD6nv1-A-F-OLC1/report.txt	1	0	0	0	0	0	0
/Volumes/GigiMurin/plip/Gylcerolipids/BD6nv1-B-B-OLC1/report.txt	1	1	0	0	0	0	0
/Volumes/GigiMurin/plip/Gylcerolipids/BD6nv1-D-D-OLC1/report.txt	1	1	0	0	0	0	0
/Volumes/GigiMurin/plip/Gylcerolipids/BD6nv1-D-G-OLC1/report.txt	2	0	0	0	0	0	0
/Volumes/GigiMurin/plip/Gylcerolipids/BD6nv1-E-E-OLC1/report.txt	1	0	0	0	0	0	0
/Volumes/GigiMurin/plip/Gylcerolipids/BD6nv1-E-E-OLC2/report.txt	1	0	0	0	0	0	0
/Volumes/GigiMurin/plip/Gylcerolipids/BD6nv1-F-F-OLC1/report.txt	2	0	0	0	0	0	0
/Volumes/GigiMurin/plip/Gylcerolipids/BD6nv1-G-G-OLC1/report.txt	1	0	0	0	0	0	0
/Volumes/GigiMurin/plip/Gylcerolipids/BD6nv1-H-H-OLC1/report.txt	1	0	0	0	0	0	0
/Volumes/GigiMurin/plip/Gylcerolipids/BD6ob7-A-A-OLC10/report.txt	1	0	0	0	0	0	0
/Volumes/GigiMurin/plip/Gylcerolipids/BD6ob7-A-A-OLC11/report.txt	3	0	0	0	0	0	0
/Volumes/GigiMurin/plip/Gylcerolipids/BD6ob7-A-A-OLC12/report.txt	1	0	0	0	0	0	0
/Volumes/GigiMurin/plip/Gylcerolipids/BD6ob7-A-A-OLC13/report.txt	0	1	0	0	0	0	0
/Volumes/GigiMurin/plip/Gylcerolipids/BD6ob7-A-A-OLC14/report.txt	0	0	0	0	0	0	0
/Volumes/GigiMurin/plip/Gylcerolipids/BD6ob7-A-A-OLC15/report.txt	4	1	1	0	0	0	0
/Volumes/GigiMurin/plip/Gylcerolipids/BD6ob7-A-A-OLC16/report.txt	2	0	0	0	0	0	0
/Volumes/GigiMurin/plip/Gylcerolipids/BD6ob7-A-A-OLC17/report.txt	3	0	0	0	0	0	0
/Volumes/GigiMurin/plip/Gylcerolipids/BD6ob7-A-A-OLC18/report.txt	0	2	0	0	0	0	0
/Volumes/GigiMurin/plip/Gylcerolipids/BD6ob7-A-A-OLC1/report.txt	3	0	0	0	0	0	0
/Volumes/GigiMurin/plip/Gylcerolipids/BD6ob7-A-A-OLC2/report.txt	4	0	0	0	0	0	0
/Volumes/GigiMurin/plip/Gylcerolipids/BD6ob7-A-A-OLC3/report.txt	3	1	0	0	0	0	0
/Volumes/GigiMurin/plip/Gylcerolipids/BD6ob7-A-A-OLC4/report.txt	1	2	0	0	0	0	0
/Volumes/GigiMurin/plip/Gylcerolipids/BD6ob7-A-A-OLC5/report.txt	1	1	1	0	0	0	0
/Volumes/GigiMurin/plip/Gylcerolipids/BD6ob7-A-A-OLC6/report.txt	5	1	1	0	0	0	0
/Volumes/GigiMurin/plip/Gylcerolipids/BD6ob7-A-A-OLC7/report.txt	2	0	0	0	0	0	0
/Volumes/GigiMurin/plip/Gylcerolipids/BD6ob7-A-A-OLC8/report.txt	3	0	0	0	0	0	0
/Volumes/GigiMurin/plip/Gylcerolipids/BD6ob7-A-A-OLC9/report.txt	0	1	0	0	0	0	0
/Volumes/GigiMurin/plip/Gylcerolipids/BD6ol9-A-A-OLC1/report.txt	3	1	1	0	0	0	0
/Volumes/GigiMurin/plip/Gylcerolipids/BD6os1-A-A-OLC1/report.txt	1	2	0	0	0	0	0
/Volumes/GigiMurin/plip/Gylcerolipids/BD6os1-A-A-OLC2/report.txt	2	1	0	0	0	0	0
/Volumes/GigiMurin/plip/Gylcerolipids/BD6os1-A-A-OLC3/report.txt	0	2	0	0	0	0	0
/Volumes/GigiMurin/plip/Gylcerolipids/BD6os1-A-A-OLC4/report.txt	0	0	0	0	0	0	0
/Volumes/GigiMurin/plip/Gylcerolipids/BD6os1-A-A-OLC5/report.txt	0	0	0	0	0	0	0
/Volumes/GigiMurin/plip/Gylcerolipids/BD6os1-A-A-OLC6/report.txt	7	0	0	0	0	0	0
/Volumes/GigiMurin/plip/Gylcerolipids/BD6os2-A-A-OLC1/report.txt	1	2	0	0	0	0	0
/Volumes/GigiMurin/plip/Gylcerolipids/BD6os2-A-A-OLC2/report.txt	2	1	0	0	0	0	0
/Volumes/GigiMurin/plip/Gylcerolipids/BD6os2-A-A-OLC3/report.txt	1	2	0	0	0	0	0
/Volumes/GigiMurin/plip/Gylcerolipids/BD6os2-A-A-OLC4/report.txt	0	0	0	0	0	0	0
/Volumes/GigiMurin/plip/Gylcerolipids/BD6os2-A-A-OLC5/report.txt	0	0	0	0	0	0	0
/Volumes/GigiMurin/plip/Gylcerolipids/BD6os2-A-A-OLC6/report.txt	9	0	0	0	0	0	0
/Volumes/GigiMurin/plip/Gylcerolipids/BD6pa0-C-C-DGA1/report.txt	1	1	1	0	0	0	0
/Volumes/GigiMurin/plip/Gylcerolipids/BD6peq-A-A-OLC1/report.txt	0	0	0	0	0	0	0
/Volumes/GigiMurin/plip/Gylcerolipids/BD6peq-A-B-OLC2/report.txt	1	0	0	0	0	0	0
/Volumes/GigiMurin/plip/Gylcerolipids/BD6peq-A-D-OLC2/report.txt	4	0	0	0	0	0	0
/Volumes/GigiMurin/plip/Gylcerolipids/BD6peq-B-B-OLC1/report.txt	0	0	0	0	0	0	0
/Volumes/GigiMurin/plip/Gylcerolipids/BD6peq-B-B-OLC2/report.txt	2	0	0	0	0	0	0
/Volumes/GigiMurin/plip/Gylcerolipids/BD6peq-B-C-OLC2/report.txt	2	0	1	0	0	0	0
/Volumes/GigiMurin/plip/Gylcerolipids/BD6peq-C-C-OLC1/report.txt	1	0	0	0	0	0	0
/Volumes/GigiMurin/plip/Gylcerolipids/BD6peq-C-C-OLC2/report.txt	2	0	0	0	0	0	0
/Volumes/GigiMurin/plip/Gylcerolipids/BD6peq-C-D-OLC3/report.txt	1	0	0	0	0	0	0
/Volumes/GigiMurin/plip/Gylcerolipids/BD6peq-D-D-OLC1/report.txt	0	0	0	0	0	0	0
/Volumes/GigiMurin/plip/Gylcerolipids/BD6peq-D-D-OLC2/report.txt	1	0	0	0	0	0	0
/Volumes/GigiMurin/plip/Gylcerolipids/BD6peq-D-D-OLC3/report.txt	3	2	0	0	0	0	0
/Volumes/GigiMurin/plip/Gylcerolipids/BD6peq-E-D-OLC3/report.txt	1	0	0	0	0	0	0
/Volumes/GigiMurin/plip/Gylcerolipids/BD6peq-F-D-OLC2/report.txt	1	0	0	0	0	0	0
/Volumes/GigiMurin/plip/Gylcerolipids/BD6peq-G-B-OLC2/report.txt	1	0	0	0	0	0	0
/Volumes/GigiMurin/plip/Gylcerolipids/BD6peq-H-C-OLC2/report.txt	1	0	0	0	0	0	0
/Volumes/GigiMurin/plip/Gylcerolipids/BD6prz-A-A-OLC1/report.txt	0	1	0	0	0	0	0
/Volumes/GigiMurin/plip/Gylcerolipids/BD6prz-A-A-OLC2/report.txt	3	0	0	0	0	0	0
/Volumes/GigiMurin/plip/Gylcerolipids/BD6prz-A-A-OLC3/report.txt	0	0	0	0	0	0	0
/Volumes/GigiMurin/plip/Gylcerolipids/BD6ps0-A-A-OLC1/report.txt	1	2	0	0	0	0	0
/Volumes/GigiMurin/plip/Gylcerolipids/BD6ps0-A-A-OLC2/report.txt	0	0	0	0	0	0	0
/Volumes/GigiMurin/plip/Gylcerolipids/BD6ps0-A-A-OLC3/report.txt	1	0	0	0	0	0	0
/Volumes/GigiMurin/plip/Gylcerolipids/BD6ps1-A-A-OLC1/report.txt	2	0	0	0	0	0	0
/Volumes/GigiMurin/plip/Gylcerolipids/BD6ps1-A-A-OLC2/report.txt	0	1	0	0	0	0	0
/Volumes/GigiMurin/plip/Gylcerolipids/BD6ps2-A-A-OLC1/report.txt	6	0	0	0	0	0	0
/Volumes/GigiMurin/plip/Gylcerolipids/BD6ps2-A-A-OLC2/report.txt	1	2	0	0	0	0	0
/Volumes/GigiMurin/plip/Gylcerolipids/BD6ps2-A-A-OLC3/report.txt	5	0	0	0	0	0	0
/Volumes/GigiMurin/plip/Gylcerolipids/BD6ps3-A-A-OLC1/report.txt	0	1	0	0	0	0	0
/Volumes/GigiMurin/plip/Gylcerolipids/BD6ps3-A-A-OLC2/report.txt	3	1	0	0	0	0	0
/Volumes/GigiMurin/plip/Gylcerolipids/BD6ps3-A-A-OLC3/report.txt	1	0	0	0	0	0	0
/Volumes/GigiMurin/plip/Gylcerolipids/BD6ps3-A-A-OLC4/report.txt	0	1	0	0	0	0	0
/Volumes/GigiMurin/plip/Gylcerolipids/BD6ps3-A-A-OLC5/report.txt	1	0	0	0	0	0	0
/Volumes/GigiMurin/plip/Gylcerolipids/BD6ps3-A-A-OLC6/report.txt	2	0	0	0	0	0	0
/Volumes/GigiMurin/plip/Gylcerolipids/BD6ps4-A-A-OLC10/report.txt	1	0	0	0	0	0	0
/Volumes/GigiMurin/plip/Gylcerolipids/BD6ps4-A-A-OLC1/report.txt	0	0	0	0	0	0	0
/Volumes/GigiMurin/plip/Gylcerolipids/BD6ps4-A-A-OLC2/report.txt	2	0	0	0	0	0	0
/Volumes/GigiMurin/plip/Gylcerolipids/BD6ps4-A-A-OLC3/report.txt	5	0	0	0	0	0	0
/Volumes/GigiMurin/plip/Gylcerolipids/BD6ps4-A-A-OLC4/report.txt	5	0	0	0	0	0	0
/Volumes/GigiMurin/plip/Gylcerolipids/BD6ps4-A-A-OLC5/report.txt	2	0	0	0	0	0	0
/Volumes/GigiMurin/plip/Gylcerolipids/BD6ps4-A-A-OLC6/report.txt	1	0	0	0	0	0	0
/Volumes/GigiMurin/plip/Gylcerolipids/BD6ps4-A-A-OLC7/report.txt	4	0	0	0	0	0	0
/Volumes/GigiMurin/plip/Gylcerolipids/BD6ps4-A-A-OLC8/report.txt	0	1	0	0	0	0	0
/Volumes/GigiMurin/plip/Gylcerolipids/BD6ps4-A-A-OLC9/report.txt	2	0	0	0	0	0	0
/Volumes/GigiMurin/plip/Gylcerolipids/BD6ps5-A-A-OLC1/report.txt	5	0	0	0	0	0	0
/Volumes/GigiMurin/plip/Gylcerolipids/BD6ps5-A-A-OLC2/report.txt	0	0	0	0	0	0	0
/Volumes/GigiMurin/plip/Gylcerolipids/BD6ps5-A-A-OLC3/report.txt	1	0	0	0	0	0	0
/Volumes/GigiMurin/plip/Gylcerolipids/BD6ps5-A-A-OLC4/report.txt	1	1	0	0	0	0	0
/Volumes/GigiMurin/plip/Gylcerolipids/BD6ps6-A-A-OLC1/report.txt	7	0	0	0	0	0	0
/Volumes/GigiMurin/plip/Gylcerolipids/BD6ps6-A-A-OLC2/report.txt	2	0	0	0	0	0	0
/Volumes/GigiMurin/plip/Gylcerolipids/BD6ps6-A-A-OLC3/report.txt	1	3	0	0	0	0	0
/Volumes/GigiMurin/plip/Gylcerolipids/BD6ps6-A-A-OLC4/report.txt	4	0	0	0	0	0	0
/Volumes/GigiMurin/plip/Gylcerolipids/BD6ps6-A-A-OLC5/report.txt	3	0	0	0	0	0	0
/Volumes/GigiMurin/plip/Gylcerolipids/BD6ps6-A-A-OLC6/report.txt	0	0	0	0	0	0	0
/Volumes/GigiMurin/plip/Gylcerolipids/BD6ps6-A-A-OLC7/report.txt	1	0	0	0	0	0	0
/Volumes/GigiMurin/plip/Gylcerolipids/BD6ps7-A-A-OLC1/report.txt	2	0	0	0	0	0	0
/Volumes/GigiMurin/plip/Gylcerolipids/BD6ps7-A-A-OLC2/report.txt	2	0	0	0	0	0	0
/Volumes/GigiMurin/plip/Gylcerolipids/BD6ps7-A-A-OLC3/report.txt	1	0	0	0	0	0	0
/Volumes/GigiMurin/plip/Gylcerolipids/BD6ps7-A-A-OLC4/report.txt	1	0	0	0	0	0	0
/Volumes/GigiMurin/plip/Gylcerolipids/BD6ps7-A-A-OLC5/report.txt	1	0	0	0	0	0	0
/Volumes/GigiMurin/plip/Gylcerolipids/BD6ps7-A-A-OLC6/report.txt	0	0	0	0	0	0	0
/Volumes/GigiMurin/plip/Gylcerolipids/BD6ps7-A-A-OLC7/report.txt	0	0	0	0	0	0	0
/Volumes/GigiMurin/plip/Gylcerolipids/BD6ps7-A-A-OLC8/report.txt	0	0	0	0	0	0	0
/Volumes/GigiMurin/plip/Gylcerolipids/BD6ps7-A-A-OLC9/report.txt	1	0	0	0	0	0	0
/Volumes/GigiMurin/plip/Gylcerolipids/BD6pt2-B-B-OLC1/report.txt	1	0	0	0	0	0	0
/Volumes/GigiMurin/plip/Gylcerolipids/BD6q3a-A-A-OLC1/report.txt	1	0	1	0	0	0	0
/Volumes/GigiMurin/plip/Gylcerolipids/BD6qkc-A-A-OLC1/report.txt	1	0	0	0	0	0	0
/Volumes/GigiMurin/plip/Gylcerolipids/BD6qkc-A-A-OLC2/report.txt	0	0	0	0	0	0	0
/Volumes/GigiMurin/plip/Gylcerolipids/BD6qkc-A-A-OLC3/report.txt	0	0	0	0	0	0	0
/Volumes/GigiMurin/plip/Gylcerolipids/BD6qkc-C-C-OLC1/report.txt	1	0	0	0	0	0	0
/Volumes/GigiMurin/plip/Gylcerolipids/BD6qkc-C-C-OLC2/report.txt	0	0	0	0	0	0	0
/Volumes/GigiMurin/plip/Gylcerolipids/BD6qkc-C-C-OLC3/report.txt	0	0	0	0	0	0	0
/Volumes/GigiMurin/plip/Gylcerolipids/BD6qkc-I-I-OLC1/report.txt	0	0	0	0	0	0	0
/Volumes/GigiMurin/plip/Gylcerolipids/BD6qkc-I-I-OLC2/report.txt	0	0	0	0	0	0	0
/Volumes/GigiMurin/plip/Gylcerolipids/BD6qkc-I-I-OLC3/report.txt	2	0	0	0	0	0	0
/Volumes/GigiMurin/plip/Gylcerolipids/BD6qkc-J-J-OLC1/report.txt	0	0	0	0	0	0	0
/Volumes/GigiMurin/plip/Gylcerolipids/BD6qkc-J-J-OLC2/report.txt	0	0	0	0	0	0	0
/Volumes/GigiMurin/plip/Gylcerolipids/BD6qkc-J-J-OLC3/report.txt	0	0	0	0	0	0	0
/Volumes/GigiMurin/plip/Gylcerolipids/BD6qph-1-1-SQD1/report.txt	0	2	1	0	0	0	0
/Volumes/GigiMurin/plip/Gylcerolipids/BD6qsk-A-A-OLC1/report.txt	0	1	0	0	0	0	0
/Volumes/GigiMurin/plip/Gylcerolipids/BD6qsk-A-E-OLC1/report.txt	3	0	0	0	0	0	0
/Volumes/GigiMurin/plip/Gylcerolipids/BD6qsk-E-A-OLC1/report.txt	2	2	0	0	0	0	0
/Volumes/GigiMurin/plip/Gylcerolipids/BD6qsk-E-E-OLC1/report.txt	5	0	0	0	0	0	0
/Volumes/GigiMurin/plip/Gylcerolipids/BD6rex-A-A-OLC1/report.txt	2	0	0	0	0	0	0
/Volumes/GigiMurin/plip/Gylcerolipids/BD6rex-A-A-OLC2/report.txt	4	1	0	0	0	0	0
/Volumes/GigiMurin/plip/Gylcerolipids/BD6rex-A-A-OLC3/report.txt	2	1	0	0	0	0	0
/Volumes/GigiMurin/plip/Gylcerolipids/BD6rex-B-B-OLC1/report.txt	3	1	0	0	0	0	0
/Volumes/GigiMurin/plip/Gylcerolipids/BD6rex-B-B-OLC2/report.txt	2	3	0	0	0	0	0
/Volumes/GigiMurin/plip/Gylcerolipids/BD6rex-B-B-OLC3/report.txt	1	1	0	0	0	0	0
/Volumes/GigiMurin/plip/Gylcerolipids/BD6rex-B-B-OLC4/report.txt	1	3	0	0	0	0	0
/Volumes/GigiMurin/plip/Gylcerolipids/BD6rex-C-C-OLC1/report.txt	2	0	0	0	0	0	0
/Volumes/GigiMurin/plip/Gylcerolipids/BD6rex-C-C-OLC2/report.txt	3	1	0	0	0	0	0
/Volumes/GigiMurin/plip/Gylcerolipids/BD6rex-C-C-OLC3/report.txt	1	0	0	0	0	0	0
/Volumes/GigiMurin/plip/Gylcerolipids/BD6rex-C-C-OLC4/report.txt	2	1	0	0	0	0	0
/Volumes/GigiMurin/plip/Gylcerolipids/BD6rex-C-C-OLC5/report.txt	0	1	0	0	0	0	0
/Volumes/GigiMurin/plip/Gylcerolipids/BD6rex-C-C-OLC6/report.txt	3	1	0	0	0	0	0
/Volumes/GigiMurin/plip/Gylcerolipids/BD6rex-C-C-OLC7/report.txt	0	1	0	0	0	0	0
/Volumes/GigiMurin/plip/Gylcerolipids/BD6rex-C-C-OLC8/report.txt	2	0	0	0	0	0	0
/Volumes/GigiMurin/plip/Gylcerolipids/BD6rex-D-D-OLC1/report.txt	0	1	0	0	0	0	0
/Volumes/GigiMurin/plip/Gylcerolipids/BD6rex-D-D-OLC2/report.txt	4	1	0	0	0	0	0
/Volumes/GigiMurin/plip/Gylcerolipids/BD6rex-D-D-OLC3/report.txt	1	0	0	0	0	0	0
/Volumes/GigiMurin/plip/Gylcerolipids/BD6rex-D-D-OLC4/report.txt	5	0	0	0	0	0	0
/Volumes/GigiMurin/plip/Gylcerolipids/BD6rex-E-E-OLC1/report.txt	3	2	0	0	0	0	0
/Volumes/GigiMurin/plip/Gylcerolipids/BD6rex-E-E-OLC2/report.txt	2	2	0	0	0	0	0
/Volumes/GigiMurin/plip/Gylcerolipids/BD6rex-E-E-OLC3/report.txt	3	1	0	0	0	0	0
/Volumes/GigiMurin/plip/Gylcerolipids/BD6rex-E-E-OLC4/report.txt	1	1	0	0	0	0	0
/Volumes/GigiMurin/plip/Gylcerolipids/BD6rez-A-A-OLC1/report.txt	0	1	0	0	0	0	0
/Volumes/GigiMurin/plip/Gylcerolipids/BD6rez-B-B-OLC1/report.txt	0	1	0	0	0	0	0
/Volumes/GigiMurin/plip/Gylcerolipids/BD6rez-C-C-OLC1/report.txt	0	1	0	0	0	0	0
/Volumes/GigiMurin/plip/Gylcerolipids/BD6rez-D-D-OLC1/report.txt	0	1	0	0	0	0	0
/Volumes/GigiMurin/plip/Gylcerolipids/BD6rez-E-E-OLC1/report.txt	0	1	0	0	0	0	0
/Volumes/GigiMurin/plip/Gylcerolipids/BD6rf0-A-A-OLC1/report.txt	0	1	0	0	0	0	0
/Volumes/GigiMurin/plip/Gylcerolipids/BD6rf0-B-B-OLC1/report.txt	0	1	0	0	0	0	0
/Volumes/GigiMurin/plip/Gylcerolipids/BD6rf0-C-C-OLC1/report.txt	1	1	0	0	0	0	0
/Volumes/GigiMurin/plip/Gylcerolipids/BD6rf0-D-D-OLC1/report.txt	1	1	0	0	0	0	0
/Volumes/GigiMurin/plip/Gylcerolipids/BD6rf0-E-E-OLC1/report.txt	0	1	0	0	0	0	0
/Volumes/GigiMurin/plip/Gylcerolipids/BD6rf1-A-A-OLC1/report.txt	2	0	0	0	0	0	0
/Volumes/GigiMurin/plip/Gylcerolipids/BD6rf1-A-A-OLC2/report.txt	0	1	0	0	0	0	0
/Volumes/GigiMurin/plip/Gylcerolipids/BD6rf1-A-A-OLC3/report.txt	4	1	0	0	0	0	0
/Volumes/GigiMurin/plip/Gylcerolipids/BD6rf1-A-A-OLC4/report.txt	0	1	0	0	0	0	0
/Volumes/GigiMurin/plip/Gylcerolipids/BD6rf1-A-A-OLC5/report.txt	2	1	1	0	0	0	0
/Volumes/GigiMurin/plip/Gylcerolipids/BD6rf1-B-B-OLC1/report.txt	4	1	0	0	0	0	0
/Volumes/GigiMurin/plip/Gylcerolipids/BD6rf1-B-B-OLC2/report.txt	1	1	0	0	0	0	0
/Volumes/GigiMurin/plip/Gylcerolipids/BD6rf1-B-B-OLC3/report.txt	1	4	0	0	0	0	0
/Volumes/GigiMurin/plip/Gylcerolipids/BD6rf1-C-C-OLC1/report.txt	2	0	0	0	0	0	0
/Volumes/GigiMurin/plip/Gylcerolipids/BD6rf1-C-C-OLC2/report.txt	4	1	0	0	0	0	0
/Volumes/GigiMurin/plip/Gylcerolipids/BD6rf1-C-C-OLC3/report.txt	1	0	0	0	0	0	0
/Volumes/GigiMurin/plip/Gylcerolipids/BD6rf1-C-C-OLC4/report.txt	3	1	0	0	0	0	0
/Volumes/GigiMurin/plip/Gylcerolipids/BD6rf1-C-C-OLC5/report.txt	3	1	0	0	0	0	0
/Volumes/GigiMurin/plip/Gylcerolipids/BD6rf1-C-C-OLC6/report.txt	1	1	0	0	0	0	0
/Volumes/GigiMurin/plip/Gylcerolipids/BD6rf1-C-C-OLC7/report.txt	1	0	0	0	0	0	0
/Volumes/GigiMurin/plip/Gylcerolipids/BD6rf1-D-D-OLC1/report.txt	3	1	0	0	0	0	0
/Volumes/GigiMurin/plip/Gylcerolipids/BD6rf1-D-D-OLC2/report.txt	0	1	0	0	0	0	0
/Volumes/GigiMurin/plip/Gylcerolipids/BD6rf1-D-D-OLC3/report.txt	5	1	0	0	0	0	0
/Volumes/GigiMurin/plip/Gylcerolipids/BD6rf1-D-D-OLC4/report.txt	1	1	0	0	0	0	0
/Volumes/GigiMurin/plip/Gylcerolipids/BD6rf1-D-D-OLC5/report.txt	4	0	0	0	0	0	0
/Volumes/GigiMurin/plip/Gylcerolipids/BD6rf1-E-E-OLC1/report.txt	5	2	0	0	0	0	0
/Volumes/GigiMurin/plip/Gylcerolipids/BD6rf1-E-E-OLC2/report.txt	2	1	0	0	0	0	0
/Volumes/GigiMurin/plip/Gylcerolipids/BD6rf1-E-E-OLC3/report.txt	1	1	0	0	0	0	0
/Volumes/GigiMurin/plip/Gylcerolipids/BD6rf3-A-A-OLC10/report.txt	2	2	0	0	0	0	0
/Volumes/GigiMurin/plip/Gylcerolipids/BD6rf3-A-A-OLC11/report.txt	1	0	0	0	0	0	0
/Volumes/GigiMurin/plip/Gylcerolipids/BD6rf3-A-A-OLC12/report.txt	3	1	1	0	0	0	0
/Volumes/GigiMurin/plip/Gylcerolipids/BD6rf3-A-A-OLC1/report.txt	0	2	0	0	0	0	0
/Volumes/GigiMurin/plip/Gylcerolipids/BD6rf3-A-A-OLC2/report.txt	3	1	1	0	0	0	0
/Volumes/GigiMurin/plip/Gylcerolipids/BD6rf3-A-A-OLC3/report.txt	2	0	0	0	0	0	0
/Volumes/GigiMurin/plip/Gylcerolipids/BD6rf3-A-A-OLC4/report.txt	4	1	0	0	0	0	0
/Volumes/GigiMurin/plip/Gylcerolipids/BD6rf3-A-A-OLC5/report.txt	2	1	0	0	0	0	0
/Volumes/GigiMurin/plip/Gylcerolipids/BD6rf3-A-A-OLC6/report.txt	1	0	0	0	0	0	0
/Volumes/GigiMurin/plip/Gylcerolipids/BD6rf3-A-A-OLC7/report.txt	0	1	0	0	0	0	0
/Volumes/GigiMurin/plip/Gylcerolipids/BD6rf3-A-A-OLC8/report.txt	1	0	0	0	0	0	0
/Volumes/GigiMurin/plip/Gylcerolipids/BD6rf3-A-A-OLC9/report.txt	1	1	0	0	0	0	0
/Volumes/GigiMurin/plip/Gylcerolipids/BD6rf3-B-B-OLC10/report.txt	0	0	0	0	0	0	0
/Volumes/GigiMurin/plip/Gylcerolipids/BD6rf3-B-B-OLC11/report.txt	1	1	0	0	0	0	0
/Volumes/GigiMurin/plip/Gylcerolipids/BD6rf3-B-B-OLC12/report.txt	2	3	0	0	0	0	0
/Volumes/GigiMurin/plip/Gylcerolipids/BD6rf3-B-B-OLC13/report.txt	0	0	1	0	0	0	0
/Volumes/GigiMurin/plip/Gylcerolipids/BD6rf3-B-B-OLC14/report.txt	2	0	0	0	0	0	0
/Volumes/GigiMurin/plip/Gylcerolipids/BD6rf3-B-B-OLC1/report.txt	1	1	0	0	0	0	0
/Volumes/GigiMurin/plip/Gylcerolipids/BD6rf3-B-B-OLC2/report.txt	0	2	0	0	0	0	0
/Volumes/GigiMurin/plip/Gylcerolipids/BD6rf3-B-B-OLC3/report.txt	3	2	1	0	0	0	0
/Volumes/GigiMurin/plip/Gylcerolipids/BD6rf3-B-B-OLC4/report.txt	1	1	0	0	0	0	0
/Volumes/GigiMurin/plip/Gylcerolipids/BD6rf3-B-B-OLC5/report.txt	0	0	0	0	0	0	0
/Volumes/GigiMurin/plip/Gylcerolipids/BD6rf3-B-B-OLC6/report.txt	3	2	0	0	0	0	0
/Volumes/GigiMurin/plip/Gylcerolipids/BD6rf3-B-B-OLC7/report.txt	3	1	0	0	0	0	0
/Volumes/GigiMurin/plip/Gylcerolipids/BD6rf3-B-B-OLC8/report.txt	3	0	0	0	0	0	0
/Volumes/GigiMurin/plip/Gylcerolipids/BD6rf3-B-B-OLC9/report.txt	1	1	0	0	0	0	0
/Volumes/GigiMurin/plip/Gylcerolipids/BD6rf3-C-C-OLC10/report.txt	2	1	0	0	0	0	0
/Volumes/GigiMurin/plip/Gylcerolipids/BD6rf3-C-C-OLC11/report.txt	2	3	0	0	0	0	0
/Volumes/GigiMurin/plip/Gylcerolipids/BD6rf3-C-C-OLC12/report.txt	1	0	0	0	0	0	0
/Volumes/GigiMurin/plip/Gylcerolipids/BD6rf3-C-C-OLC1/report.txt	2	0	0	0	0	0	0
/Volumes/GigiMurin/plip/Gylcerolipids/BD6rf3-C-C-OLC2/report.txt	0	1	0	0	0	0	0
/Volumes/GigiMurin/plip/Gylcerolipids/BD6rf3-C-C-OLC3/report.txt	4	0	0	0	0	0	0
/Volumes/GigiMurin/plip/Gylcerolipids/BD6rf3-C-C-OLC4/report.txt	4	2	0	0	0	0	0
/Volumes/GigiMurin/plip/Gylcerolipids/BD6rf3-C-C-OLC5/report.txt	2	2	0	0	0	0	0
/Volumes/GigiMurin/plip/Gylcerolipids/BD6rf3-C-C-OLC6/report.txt	3	1	0	0	0	0	0
/Volumes/GigiMurin/plip/Gylcerolipids/BD6rf3-C-C-OLC7/report.txt	3	0	0	0	0	0	0
/Volumes/GigiMurin/plip/Gylcerolipids/BD6rf3-C-C-OLC8/report.txt	0	2	0	0	0	0	0
/Volumes/GigiMurin/plip/Gylcerolipids/BD6rf3-C-C-OLC9/report.txt	1	0	0	0	0	0	0
/Volumes/GigiMurin/plip/Gylcerolipids/BD6rf3-D-D-OLC1/report.txt	2	1	0	0	0	0	0
/Volumes/GigiMurin/plip/Gylcerolipids/BD6rf3-D-D-OLC2/report.txt	0	1	0	0	0	0	0
/Volumes/GigiMurin/plip/Gylcerolipids/BD6rf3-D-D-OLC3/report.txt	2	1	0	0	0	0	0
/Volumes/GigiMurin/plip/Gylcerolipids/BD6rf3-D-D-OLC4/report.txt	3	1	0	0	0	0	0
/Volumes/GigiMurin/plip/Gylcerolipids/BD6rf3-D-D-OLC5/report.txt	2	0	0	0	0	0	0
/Volumes/GigiMurin/plip/Gylcerolipids/BD6rf3-D-D-OLC6/report.txt	2	0	0	0	0	0	0
/Volumes/GigiMurin/plip/Gylcerolipids/BD6rf3-D-D-OLC7/report.txt	1	1	0	0	0	0	0
/Volumes/GigiMurin/plip/Gylcerolipids/BD6rf3-D-D-OLC8/report.txt	1	2	0	0	0	0	0
/Volumes/GigiMurin/plip/Gylcerolipids/BD6rf3-D-D-OLC9/report.txt	5	0	0	0	0	0	0
/Volumes/GigiMurin/plip/Gylcerolipids/BD6rf3-E-E-OLC10/report.txt	0	2	0	0	0	0	0
/Volumes/GigiMurin/plip/Gylcerolipids/BD6rf3-E-E-OLC11/report.txt	5	0	0	0	0	0	0
/Volumes/GigiMurin/plip/Gylcerolipids/BD6rf3-E-E-OLC12/report.txt	3	0	0	0	0	0	0
/Volumes/GigiMurin/plip/Gylcerolipids/BD6rf3-E-E-OLC13/report.txt	1	0	0	0	0	0	0
/Volumes/GigiMurin/plip/Gylcerolipids/BD6rf3-E-E-OLC1/report.txt	3	1	0	0	0	0	0
/Volumes/GigiMurin/plip/Gylcerolipids/BD6rf3-E-E-OLC2/report.txt	0	0	0	0	0	0	0
/Volumes/GigiMurin/plip/Gylcerolipids/BD6rf3-E-E-OLC3/report.txt	0	0	1	0	0	0	0
/Volumes/GigiMurin/plip/Gylcerolipids/BD6rf3-E-E-OLC4/report.txt	10	3	0	0	0	0	0
/Volumes/GigiMurin/plip/Gylcerolipids/BD6rf3-E-E-OLC5/report.txt	4	3	0	0	0	0	0
/Volumes/GigiMurin/plip/Gylcerolipids/BD6rf3-E-E-OLC6/report.txt	2	1	0	0	0	0	0
/Volumes/GigiMurin/plip/Gylcerolipids/BD6rf3-E-E-OLC7/report.txt	1	1	0	0	0	0	0
/Volumes/GigiMurin/plip/Gylcerolipids/BD6rf3-E-E-OLC8/report.txt	2	1	0	0	0	0	0
/Volumes/GigiMurin/plip/Gylcerolipids/BD6rf3-E-E-OLC9/report.txt	1	2	0	0	0	0	0
/Volumes/GigiMurin/plip/Gylcerolipids/BD6rf4-A-A-OLC1/report.txt	2	0	0	0	0	0	0
/Volumes/GigiMurin/plip/Gylcerolipids/BD6rf4-A-A-OLC2/report.txt	4	1	0	0	0	0	0
/Volumes/GigiMurin/plip/Gylcerolipids/BD6rf4-A-A-OLC3/report.txt	1	1	0	0	0	0	0
/Volumes/GigiMurin/plip/Gylcerolipids/BD6rf4-A-A-OLC4/report.txt	2	0	0	0	0	0	0
/Volumes/GigiMurin/plip/Gylcerolipids/BD6rf4-B-B-OLC1/report.txt	1	1	0	0	0	0	0
/Volumes/GigiMurin/plip/Gylcerolipids/BD6rf4-B-B-OLC2/report.txt	3	1	0	0	0	0	0
/Volumes/GigiMurin/plip/Gylcerolipids/BD6rf4-B-B-OLC3/report.txt	2	1	0	0	0	0	0
/Volumes/GigiMurin/plip/Gylcerolipids/BD6rf4-C-C-OLC10/report.txt	0	0	0	0	0	0	0
/Volumes/GigiMurin/plip/Gylcerolipids/BD6rf4-C-C-OLC11/report.txt	2	1	0	0	0	0	0
/Volumes/GigiMurin/plip/Gylcerolipids/BD6rf4-C-C-OLC12/report.txt	1	3	0	0	0	0	0
/Volumes/GigiMurin/plip/Gylcerolipids/BD6rf4-C-C-OLC13/report.txt	2	0	0	0	0	0	0
/Volumes/GigiMurin/plip/Gylcerolipids/BD6rf4-C-C-OLC1/report.txt	1	0	0	0	0	0	0
/Volumes/GigiMurin/plip/Gylcerolipids/BD6rf4-C-C-OLC2/report.txt	4	1	0	0	0	0	0
/Volumes/GigiMurin/plip/Gylcerolipids/BD6rf4-C-C-OLC3/report.txt	0	1	0	0	0	0	0
/Volumes/GigiMurin/plip/Gylcerolipids/BD6rf4-C-C-OLC4/report.txt	3	1	0	0	0	0	0
/Volumes/GigiMurin/plip/Gylcerolipids/BD6rf4-C-C-OLC5/report.txt	4	1	0	0	0	0	0
/Volumes/GigiMurin/plip/Gylcerolipids/BD6rf4-C-C-OLC6/report.txt	4	2	0	0	0	0	0
/Volumes/GigiMurin/plip/Gylcerolipids/BD6rf4-C-C-OLC7/report.txt	3	1	0	0	0	0	0
/Volumes/GigiMurin/plip/Gylcerolipids/BD6rf4-C-C-OLC8/report.txt	4	0	0	0	0	0	0
/Volumes/GigiMurin/plip/Gylcerolipids/BD6rf4-C-C-OLC9/report.txt	0	1	0	0	0	0	0
/Volumes/GigiMurin/plip/Gylcerolipids/BD6rf4-D-D-OLC1/report.txt	3	1	0	0	0	0	0
/Volumes/GigiMurin/plip/Gylcerolipids/BD6rf4-D-D-OLC2/report.txt	1	1	0	0	0	0	0
/Volumes/GigiMurin/plip/Gylcerolipids/BD6rf4-E-E-OLC1/report.txt	2	0	0	0	0	0	0
/Volumes/GigiMurin/plip/Gylcerolipids/BD6rf4-E-E-OLC2/report.txt	4	0	0	0	0	0	0
/Volumes/GigiMurin/plip/Gylcerolipids/BD6rf4-E-E-OLC3/report.txt	0	1	0	0	0	0	0
/Volumes/GigiMurin/plip/Gylcerolipids/BD6rfc-A-A-OLC1/report.txt	5	1	0	0	0	0	0
/Volumes/GigiMurin/plip/Gylcerolipids/BD6rfc-A-A-OLC2/report.txt	4	3	0	0	0	0	0
/Volumes/GigiMurin/plip/Gylcerolipids/BD6rfc-A-A-OLC3/report.txt	2	2	0	0	0	0	0
/Volumes/GigiMurin/plip/Gylcerolipids/BD6rnk-A-A-OLC10/report.txt	1	0	0	0	0	0	0
/Volumes/GigiMurin/plip/Gylcerolipids/BD6rnk-A-A-OLC11/report.txt	3	0	0	0	0	0	0
/Volumes/GigiMurin/plip/Gylcerolipids/BD6rnk-A-A-OLC12/report.txt	6	0	0	0	0	0	0
/Volumes/GigiMurin/plip/Gylcerolipids/BD6rnk-A-A-OLC13/report.txt	6	4	0	0	0	0	0
/Volumes/GigiMurin/plip/Gylcerolipids/BD6rnk-A-A-OLC1/report.txt	5	4	0	0	0	0	0
/Volumes/GigiMurin/plip/Gylcerolipids/BD6rnk-A-A-OLC2/report.txt	3	1	0	0	0	0	0
/Volumes/GigiMurin/plip/Gylcerolipids/BD6rnk-A-A-OLC3/report.txt	3	1	0	0	0	0	0
/Volumes/GigiMurin/plip/Gylcerolipids/BD6rnk-A-A-OLC4/report.txt	7	2	0	0	0	0	0
/Volumes/GigiMurin/plip/Gylcerolipids/BD6rnk-A-A-OLC5/report.txt	4	3	1	0	0	0	0
/Volumes/GigiMurin/plip/Gylcerolipids/BD6rnk-A-A-OLC6/report.txt	1	1	0	0	0	0	0
/Volumes/GigiMurin/plip/Gylcerolipids/BD6rnk-A-A-OLC7/report.txt	3	0	0	0	0	0	0
/Volumes/GigiMurin/plip/Gylcerolipids/BD6rnk-A-A-OLC8/report.txt	0	1	0	0	0	0	0
/Volumes/GigiMurin/plip/Gylcerolipids/BD6rnk-A-A-OLC9/report.txt	2	0	0	0	0	0	0
/Volumes/GigiMurin/plip/Gylcerolipids/BD6rqf-A-A-SQD1/report.txt	0	0	0	0	0	0	0
/Volumes/GigiMurin/plip/Gylcerolipids/BD6rqf-B-C-SQD1/report.txt	3	1	0	0	0	0	0
/Volumes/GigiMurin/plip/Gylcerolipids/BD6rqf-C-C-SQD1/report.txt	0	0	1	0	0	0	0
/Volumes/GigiMurin/plip/Gylcerolipids/BD6rqf-I-A-SQD1/report.txt	1	0	0	0	0	0	0
/Volumes/GigiMurin/plip/Gylcerolipids/BD6rqf-J-L-SQD1/report.txt	1	0	0	0	0	0	0
/Volumes/GigiMurin/plip/Gylcerolipids/BD6rqf-K-L-SQD1/report.txt	0	0	1	0	0	0	0
/Volumes/GigiMurin/plip/Gylcerolipids/BD6rqf-L-L-SQD1/report.txt	2	2	1	0	0	0	0
/Volumes/GigiMurin/plip/Gylcerolipids/BD6rqp-A-A-OLC1/report.txt	5	1	0	0	0	0	0
/Volumes/GigiMurin/plip/Gylcerolipids/BD6rqp-A-A-OLC2/report.txt	4	0	0	0	0	0	0
/Volumes/GigiMurin/plip/Gylcerolipids/BD6rqp-A-A-OLC3/report.txt	2	0	0	0	0	0	0
/Volumes/GigiMurin/plip/Gylcerolipids/BD6ryo-A-A-OLC1/report.txt	4	0	0	0	0	0	0
/Volumes/GigiMurin/plip/Gylcerolipids/BD6ryo-A-A-OLC2/report.txt	0	0	0	0	0	0	0
/Volumes/GigiMurin/plip/Gylcerolipids/BD6ryo-A-A-OLC3/report.txt	4	1	0	0	0	0	0
/Volumes/GigiMurin/plip/Gylcerolipids/BD6ryo-A-A-OLC4/report.txt	6	0	0	0	0	0	0
/Volumes/GigiMurin/plip/Gylcerolipids/BD6ryo-A-A-OLC5/report.txt	2	0	0	0	0	0	0
/Volumes/GigiMurin/plip/Gylcerolipids/BD6ryo-A-B-OLC1/report.txt	7	2	0	0	0	0	0
/Volumes/GigiMurin/plip/Gylcerolipids/BD6ryo-B-B-OLC1/report.txt	0	1	0	0	0	0	0
/Volumes/GigiMurin/plip/Gylcerolipids/BD6ryp-A-A-OLC1/report.txt	1	0	0	0	0	0	0
/Volumes/GigiMurin/plip/Gylcerolipids/BD6ryp-A-A-OLC2/report.txt	3	1	0	0	0	0	0
/Volumes/GigiMurin/plip/Gylcerolipids/BD6ryp-A-A-OLC3/report.txt	1	0	0	0	0	0	0
/Volumes/GigiMurin/plip/Gylcerolipids/BD6ryp-A-A-OLC4/report.txt	0	0	0	0	0	0	0
/Volumes/GigiMurin/plip/Gylcerolipids/BD6ryp-A-A-OLC5/report.txt	1	1	0	0	0	0	0
/Volumes/GigiMurin/plip/Gylcerolipids/BD6ryp-A-A-OLC6/report.txt	6	0	0	0	0	0	0
/Volumes/GigiMurin/plip/Gylcerolipids/BD6ryp-A-A-OLC7/report.txt	5	0	0	0	0	0	0
/Volumes/GigiMurin/plip/Gylcerolipids/BD6ryp-A-A-OLC8/report.txt	0	0	0	0	0	0	0
/Volumes/GigiMurin/plip/Gylcerolipids/BD6rz4-A-A-OLC1/report.txt	3	2	0	0	0	0	0
/Volumes/GigiMurin/plip/Gylcerolipids/BD6rz4-A-A-OLC2/report.txt	1	0	0	0	0	0	0
/Volumes/GigiMurin/plip/Gylcerolipids/BD6rz4-A-A-OLC3/report.txt	4	0	0	0	0	0	0
/Volumes/GigiMurin/plip/Gylcerolipids/BD6rz4-A-A-OLC4/report.txt	1	0	0	0	0	0	0
/Volumes/GigiMurin/plip/Gylcerolipids/BD6rz4-A-A-OLC5/report.txt	5	1	1	0	0	0	0
/Volumes/GigiMurin/plip/Gylcerolipids/BD6rz4-A-A-OLC6/report.txt	0	0	0	0	0	0	0
/Volumes/GigiMurin/plip/Gylcerolipids/BD6rz4-A-A-OLC7/report.txt	2	0	0	0	0	0	0
/Volumes/GigiMurin/plip/Gylcerolipids/BD6rz4-A-A-OLC8/report.txt	0	0	0	0	0	0	0
/Volumes/GigiMurin/plip/Gylcerolipids/BD6rz4-A-A-OLC9/report.txt	5	0	0	0	0	0	0
/Volumes/GigiMurin/plip/Gylcerolipids/BD6rz5-A-A-OLC1/report.txt	2	0	0	0	0	0	0
/Volumes/GigiMurin/plip/Gylcerolipids/BD6rz5-A-A-OLC2/report.txt	3	0	0	0	0	0	0
/Volumes/GigiMurin/plip/Gylcerolipids/BD6rz5-A-A-OLC3/report.txt	4	0	0	0	0	0	0
/Volumes/GigiMurin/plip/Gylcerolipids/BD6rz5-A-A-OLC4/report.txt	0	0	0	0	0	0	0
/Volumes/GigiMurin/plip/Gylcerolipids/BD6rz5-A-A-OLC5/report.txt	1	0	0	0	0	0	0
/Volumes/GigiMurin/plip/Gylcerolipids/BD6rz5-A-A-OLC6/report.txt	3	0	1	0	0	0	0
/Volumes/GigiMurin/plip/Gylcerolipids/BD6rz5-A-A-OLC7/report.txt	4	0	0	0	0	0	0
/Volumes/GigiMurin/plip/Gylcerolipids/BD6rz5-A-A-OLC8/report.txt	4	0	0	0	0	0	0
/Volumes/GigiMurin/plip/Gylcerolipids/BD6rz5-B-B-OLC1/report.txt	0	0	0	0	0	0	0
/Volumes/GigiMurin/plip/Gylcerolipids/BD6rz5-B-B-OLC2/report.txt	2	0	0	0	0	0	0
/Volumes/GigiMurin/plip/Gylcerolipids/BD6rz5-B-B-OLC3/report.txt	4	0	0	0	0	0	0
/Volumes/GigiMurin/plip/Gylcerolipids/BD6rz5-B-B-OLC4/report.txt	4	0	0	0	0	0	0
/Volumes/GigiMurin/plip/Gylcerolipids/BD6rz5-B-B-OLC5/report.txt	1	0	0	0	0	0	0
/Volumes/GigiMurin/plip/Gylcerolipids/BD6rz5-B-B-OLC6/report.txt	2	0	0	0	0	0	0
/Volumes/GigiMurin/plip/Gylcerolipids/BD6rz5-B-B-OLC7/report.txt	0	0	0	0	0	0	0
/Volumes/GigiMurin/plip/Gylcerolipids/BD6rz5-B-B-OLC8/report.txt	6	0	0	0	0	0	0
/Volumes/GigiMurin/plip/Gylcerolipids/BD6rz5-B-B-OLC9/report.txt	1	0	0	0	0	0	0
/Volumes/GigiMurin/plip/Gylcerolipids/BD6rz6-A-A-OLC10/report.txt	3	3	0	0	0	0	0
/Volumes/GigiMurin/plip/Gylcerolipids/BD6rz6-A-A-OLC11/report.txt	1	0	0	0	0	0	0
/Volumes/GigiMurin/plip/Gylcerolipids/BD6rz6-A-A-OLC12/report.txt	5	0	0	0	0	0	0
/Volumes/GigiMurin/plip/Gylcerolipids/BD6rz6-A-A-OLC13/report.txt	2	0	0	0	0	0	0
/Volumes/GigiMurin/plip/Gylcerolipids/BD6rz6-A-A-OLC14/report.txt	2	0	0	0	0	0	0
/Volumes/GigiMurin/plip/Gylcerolipids/BD6rz6-A-A-OLC15/report.txt	0	0	0	0	0	0	0
/Volumes/GigiMurin/plip/Gylcerolipids/BD6rz6-A-A-OLC16/report.txt	2	0	0	0	0	0	0
/Volumes/GigiMurin/plip/Gylcerolipids/BD6rz6-A-A-OLC1/report.txt	4	0	0	0	0	0	0
/Volumes/GigiMurin/plip/Gylcerolipids/BD6rz6-A-A-OLC2/report.txt	8	2	0	0	0	0	0
/Volumes/GigiMurin/plip/Gylcerolipids/BD6rz6-A-A-OLC3/report.txt	3	0	1	0	0	0	0
/Volumes/GigiMurin/plip/Gylcerolipids/BD6rz6-A-A-OLC4/report.txt	2	0	0	0	0	0	0
/Volumes/GigiMurin/plip/Gylcerolipids/BD6rz6-A-A-OLC5/report.txt	3	0	0	0	0	0	0
/Volumes/GigiMurin/plip/Gylcerolipids/BD6rz6-A-A-OLC6/report.txt	4	0	0	0	0	0	0
/Volumes/GigiMurin/plip/Gylcerolipids/BD6rz6-A-A-OLC7/report.txt	2	0	0	0	0	0	0
/Volumes/GigiMurin/plip/Gylcerolipids/BD6rz6-A-A-OLC8/report.txt	5	0	0	0	0	0	0
/Volumes/GigiMurin/plip/Gylcerolipids/BD6rz6-A-A-OLC9/report.txt	1	0	0	0	0	0	0
/Volumes/GigiMurin/plip/Gylcerolipids/BD6rz7-A-A-OLC1/report.txt	5	0	0	0	0	0	0
/Volumes/GigiMurin/plip/Gylcerolipids/BD6rz7-A-A-OLC2/report.txt	4	0	0	0	0	0	0
/Volumes/GigiMurin/plip/Gylcerolipids/BD6rz8-A-A-OLC10/report.txt	2	0	0	0	0	0	0
/Volumes/GigiMurin/plip/Gylcerolipids/BD6rz8-A-A-OLC1/report.txt	6	0	0	0	0	0	0
/Volumes/GigiMurin/plip/Gylcerolipids/BD6rz8-A-A-OLC2/report.txt	5	2	0	0	0	0	0
/Volumes/GigiMurin/plip/Gylcerolipids/BD6rz8-A-A-OLC3/report.txt	3	0	0	0	0	0	0
/Volumes/GigiMurin/plip/Gylcerolipids/BD6rz8-A-A-OLC4/report.txt	1	0	0	0	0	0	0
/Volumes/GigiMurin/plip/Gylcerolipids/BD6rz8-A-A-OLC5/report.txt	4	0	0	0	0	0	0
/Volumes/GigiMurin/plip/Gylcerolipids/BD6rz8-A-A-OLC6/report.txt	4	0	0	0	0	0	0
/Volumes/GigiMurin/plip/Gylcerolipids/BD6rz8-A-A-OLC7/report.txt	1	0	0	0	0	0	0
/Volumes/GigiMurin/plip/Gylcerolipids/BD6rz8-A-A-OLC8/report.txt	7	0	0	0	0	0	0
/Volumes/GigiMurin/plip/Gylcerolipids/BD6rz8-A-A-OLC9/report.txt	2	0	0	0	0	0	0
/Volumes/GigiMurin/plip/Gylcerolipids/BD6rz9-A-A-OLC10/report.txt	0	0	0	0	0	0	0
/Volumes/GigiMurin/plip/Gylcerolipids/BD6rz9-A-A-OLC11/report.txt	6	0	0	0	0	0	0
/Volumes/GigiMurin/plip/Gylcerolipids/BD6rz9-A-A-OLC12/report.txt	0	0	0	0	0	0	0
/Volumes/GigiMurin/plip/Gylcerolipids/BD6rz9-A-A-OLC13/report.txt	0	0	0	0	0	0	0
/Volumes/GigiMurin/plip/Gylcerolipids/BD6rz9-A-A-OLC1/report.txt	3	0	0	0	0	0	0
/Volumes/GigiMurin/plip/Gylcerolipids/BD6rz9-A-A-OLC2/report.txt	2	2	0	0	0	0	0
/Volumes/GigiMurin/plip/Gylcerolipids/BD6rz9-A-A-OLC3/report.txt	1	0	1	0	0	0	0
/Volumes/GigiMurin/plip/Gylcerolipids/BD6rz9-A-A-OLC4/report.txt	1	0	0	0	0	0	0
/Volumes/GigiMurin/plip/Gylcerolipids/BD6rz9-A-A-OLC5/report.txt	2	0	0	0	0	0	0
/Volumes/GigiMurin/plip/Gylcerolipids/BD6rz9-A-A-OLC6/report.txt	3	0	0	0	0	0	0
/Volumes/GigiMurin/plip/Gylcerolipids/BD6rz9-A-A-OLC7/report.txt	1	0	0	0	0	0	0
/Volumes/GigiMurin/plip/Gylcerolipids/BD6rz9-A-A-OLC8/report.txt	0	0	0	0	0	0	0
/Volumes/GigiMurin/plip/Gylcerolipids/BD6rz9-A-A-OLC9/report.txt	4	3	0	0	0	0	0
/Volumes/GigiMurin/plip/Gylcerolipids/BD6s0l-A-A-OLC1/report.txt	3	1	0	0	0	0	0
/Volumes/GigiMurin/plip/Gylcerolipids/BD6s0l-A-A-OLC2/report.txt	3	1	0	0	0	0	0
/Volumes/GigiMurin/plip/Gylcerolipids/BD6s0q-A-A-OLC1/report.txt	3	1	0	0	0	0	0
/Volumes/GigiMurin/plip/Gylcerolipids/BD6s0q-A-A-OLC2/report.txt	4	1	0	0	0	0	0
/Volumes/GigiMurin/plip/Gylcerolipids/BD6s4m-A-A-OLC1/report.txt	2	1	0	0	0	0	0
/Volumes/GigiMurin/plip/Gylcerolipids/BD6s4m-A-A-OLC2/report.txt	2	1	0	0	0	0	0
/Volumes/GigiMurin/plip/Gylcerolipids/BD6sl5-2-2-SQD1/report.txt	0	1	0	0	0	0	0
/Volumes/GigiMurin/plip/Gylcerolipids/BD6sl5-3-3-SQD1/report.txt	1	4	1	0	0	0	0
/Volumes/GigiMurin/plip/Gylcerolipids/BD6sl5-5-5-4RF1/report.txt	1	0	0	0	0	0	0
/Volumes/GigiMurin/plip/Gylcerolipids/BD6sl5-6-6-SQD1/report.txt	1	0	0	0	0	0	0
/Volumes/GigiMurin/plip/Gylcerolipids/BD6sl5-A-3-SQD1/report.txt	2	2	0	0	0	0	0
/Volumes/GigiMurin/plip/Gylcerolipids/BD6sl5-A-L-4RF1/report.txt	2	0	0	0	0	0	0
/Volumes/GigiMurin/plip/Gylcerolipids/BD6sl5-F-2-SQD1/report.txt	2	0	0	0	0	0	0
/Volumes/GigiMurin/plip/Gylcerolipids/BD6sl5-L-L-4RF1/report.txt	0	0	0	0	0	0	0
/Volumes/GigiMurin/plip/Gylcerolipids/BD6ssu-A-A-OLC1/report.txt	3	2	0	0	0	0	0
/Volumes/GigiMurin/plip/Gylcerolipids/BD6ssu-A-A-OLC2/report.txt	2	1	0	0	0	0	0
/Volumes/GigiMurin/plip/Gylcerolipids/BD6su3-A-A-OLC1/report.txt	3	0	0	0	0	0	0
/Volumes/GigiMurin/plip/Gylcerolipids/BD6su3-X-X-OLC1/report.txt	1	1	0	0	0	0	0
/Volumes/GigiMurin/plip/Gylcerolipids/BD6su3-X-X-OLC2/report.txt	0	0	1	0	0	0	0
/Volumes/GigiMurin/plip/Gylcerolipids/BD6su4-A-A-OLC1/report.txt	6	0	0	0	0	0	0
/Volumes/GigiMurin/plip/Gylcerolipids/BD6su4-A-A-OLC2/report.txt	2	1	0	0	0	0	0
/Volumes/GigiMurin/plip/Gylcerolipids/BD6su4-A-X-OLC2/report.txt	2	2	0	0	0	0	0
/Volumes/GigiMurin/plip/Gylcerolipids/BD6su4-X-X-OLC1/report.txt	1	2	0	0	0	0	0
/Volumes/GigiMurin/plip/Gylcerolipids/BD6su4-X-X-OLC2/report.txt	5	2	0	0	0	0	0
/Volumes/GigiMurin/plip/Gylcerolipids/BD6tjv-C-K-SQD1/report.txt	2	2	1	0	0	0	0
/Volumes/GigiMurin/plip/Gylcerolipids/BD6tjv-D-D-SQD1/report.txt	3	4	2	0	0	0	0
/Volumes/GigiMurin/plip/Gylcerolipids/BD6tjv-D-F-SQD1/report.txt	3	2	0	0	0	0	0
/Volumes/GigiMurin/plip/Gylcerolipids/BD6tjv-F-D-SQD1/report.txt	5	2	0	0	0	0	0
/Volumes/GigiMurin/plip/Gylcerolipids/BD6tjv-F-F-SQD1/report.txt	12	0	4	0	0	0	0
/Volumes/GigiMurin/plip/Gylcerolipids/BD6tjv-F-F-SQD2/report.txt	10	3	3	0	0	0	0
/Volumes/GigiMurin/plip/Gylcerolipids/BD6tjv-K-K-SQD1/report.txt	4	2	4	0	0	0	0
/Volumes/GigiMurin/plip/Gylcerolipids/BD6tjv-K-L-SQD1/report.txt	1	0	0	0	0	0	0
/Volumes/GigiMurin/plip/Gylcerolipids/BD6tjv-L-L-SQD1/report.txt	0	4	1	0	0	0	0
/Volumes/GigiMurin/plip/Gylcerolipids/BD6tqj-H-H-OLC1/report.txt	2	0	0	0	0	0	0
/Volumes/GigiMurin/plip/Gylcerolipids/BD6u0o-A-A-OLC1/report.txt	2	1	0	0	0	0	0
/Volumes/GigiMurin/plip/Gylcerolipids/BD6ucb-A-A-OLC1/report.txt	0	0	0	0	0	0	0
/Volumes/GigiMurin/plip/Gylcerolipids/BD6ucb-A-B-OLC2/report.txt	1	0	0	0	0	0	0
/Volumes/GigiMurin/plip/Gylcerolipids/BD6ucb-A-D-OLC1/report.txt	4	0	0	0	0	0	0
/Volumes/GigiMurin/plip/Gylcerolipids/BD6ucb-B-B-OLC1/report.txt	0	0	0	0	0	0	0
/Volumes/GigiMurin/plip/Gylcerolipids/BD6ucb-B-B-OLC2/report.txt	4	1	0	0	0	0	0
/Volumes/GigiMurin/plip/Gylcerolipids/BD6ucb-B-B-OLC3/report.txt	0	0	0	0	0	0	0
/Volumes/GigiMurin/plip/Gylcerolipids/BD6ucb-C-B-OLC1/report.txt	4	1	0	0	0	0	0
/Volumes/GigiMurin/plip/Gylcerolipids/BD6ucb-C-C-OLC1/report.txt	0	0	0	0	0	0	0
/Volumes/GigiMurin/plip/Gylcerolipids/BD6ucb-C-D-OLC2/report.txt	2	0	0	0	0	0	0
/Volumes/GigiMurin/plip/Gylcerolipids/BD6ucb-D-D-OLC1/report.txt	1	0	0	0	0	0	0
/Volumes/GigiMurin/plip/Gylcerolipids/BD6ucb-D-D-OLC2/report.txt	3	1	0	0	0	0	0
/Volumes/GigiMurin/plip/Gylcerolipids/BD6ucb-D-D-OLC3/report.txt	0	0	0	0	0	0	0
/Volumes/GigiMurin/plip/Gylcerolipids/BD6ucb-E-D-OLC2/report.txt	1	0	0	0	0	0	0
/Volumes/GigiMurin/plip/Gylcerolipids/BD6ucb-G-B-OLC2/report.txt	1	0	0	0	0	0	0
/Volumes/GigiMurin/plip/Gylcerolipids/BD6ud4-A-A-OLC1/report.txt	5	0	0	0	0	0	0
/Volumes/GigiMurin/plip/Gylcerolipids/BD6ud4-A-B-OLC1/report.txt	1	0	0	0	0	0	0
/Volumes/GigiMurin/plip/Gylcerolipids/BD6ud4-B-B-OLC1/report.txt	4	0	0	0	0	0	0
/Volumes/GigiMurin/plip/Gylcerolipids/BD6ud4-B-C-OLC1/report.txt	1	0	0	0	0	0	0
/Volumes/GigiMurin/plip/Gylcerolipids/BD6ud4-C-C-OLC1/report.txt	4	1	0	0	0	0	0
/Volumes/GigiMurin/plip/Gylcerolipids/BD6ud4-C-D-OLC1/report.txt	1	0	0	0	0	0	0
/Volumes/GigiMurin/plip/Gylcerolipids/BD6ud4-D-A-OLC1/report.txt	2	0	0	0	0	0	0
/Volumes/GigiMurin/plip/Gylcerolipids/BD6ud4-D-D-OLC1/report.txt	4	0	0	0	0	0	0
/Volumes/GigiMurin/plip/Gylcerolipids/BD6ud4-E-D-OLC1/report.txt	1	0	0	0	0	0	0
/Volumes/GigiMurin/plip/Gylcerolipids/BD6ud4-F-A-OLC1/report.txt	1	0	0	0	0	0	0
/Volumes/GigiMurin/plip/Gylcerolipids/BD6ud4-G-B-OLC1/report.txt	1	0	0	0	0	0	0
/Volumes/GigiMurin/plip/Gylcerolipids/BD6ud4-H-C-OLC1/report.txt	1	0	0	0	0	0	0
/Volumes/GigiMurin/plip/Gylcerolipids/BD6ud8-A-A-OLC1/report.txt	1	1	0	0	0	0	0
/Volumes/GigiMurin/plip/Gylcerolipids/BD6ud8-A-B-OLC1/report.txt	1	0	0	0	0	0	0
/Volumes/GigiMurin/plip/Gylcerolipids/BD6ud8-B-B-OLC1/report.txt	6	0	0	0	0	0	0
/Volumes/GigiMurin/plip/Gylcerolipids/BD6ud8-C-C-OLC1/report.txt	1	1	0	0	0	0	0
/Volumes/GigiMurin/plip/Gylcerolipids/BD6ud8-C-D-OLC1/report.txt	1	0	0	0	0	0	0
/Volumes/GigiMurin/plip/Gylcerolipids/BD6ud8-D-D-OLC1/report.txt	6	0	0	0	0	0	0
/Volumes/GigiMurin/plip/Gylcerolipids/BD6ud8-E-D-OLC1/report.txt	1	0	0	0	0	0	0
/Volumes/GigiMurin/plip/Gylcerolipids/BD6ud8-F-A-OLC1/report.txt	1	0	0	0	0	0	0
/Volumes/GigiMurin/plip/Gylcerolipids/BD6ud8-G-B-OLC1/report.txt	1	0	0	0	0	0	0
/Volumes/GigiMurin/plip/Gylcerolipids/BD6ud8-H-C-OLC1/report.txt	1	0	0	0	0	0	0
/Volumes/GigiMurin/plip/Gylcerolipids/BD6vpv-0-7-SQD1/report.txt	0	0	1	0	0	0	0
/Volumes/GigiMurin/plip/Gylcerolipids/BD6vpv-0-I-SQD1/report.txt	2	0	0	0	0	0	0
/Volumes/GigiMurin/plip/Gylcerolipids/BD6vpv-2-7-SQD1/report.txt	0	1	0	0	0	0	0
/Volumes/GigiMurin/plip/Gylcerolipids/BD6vpv-7-7-SQD1/report.txt	5	4	0	0	0	0	0
/Volumes/GigiMurin/plip/Gylcerolipids/BD6vpv-b-i-SQD1/report.txt	0	1	0	0	0	0	0
/Volumes/GigiMurin/plip/Gylcerolipids/BD6vpv-i-i-SQD1/report.txt	5	4	0	0	0	0	0
/Volumes/GigiMurin/plip/Gylcerolipids/BD6vpv-l-7-SQD1/report.txt	2	0	0	0	0	0	0
/Volumes/GigiMurin/plip/Gylcerolipids/BD6vpv-l-i-SQD1/report.txt	1	0	1	0	0	0	0
/Volumes/GigiMurin/plip/Gylcerolipids/BD6w1o-a-a-SQD1/report.txt	5	2	0	0	0	0	0
/Volumes/GigiMurin/plip/Gylcerolipids/BD6w1o-a-a-SQD2/report.txt	2	2	0	0	0	0	0
/Volumes/GigiMurin/plip/Gylcerolipids/BD6w1o-B-B-SQD1/report.txt	2	1	1	0	0	0	0
/Volumes/GigiMurin/plip/Gylcerolipids/BD6w1o-D-D-SQD1/report.txt	0	2	2	0	0	0	0
/Volumes/GigiMurin/plip/Gylcerolipids/BD6w1o-f-f-SQD1/report.txt	3	1	0	0	0	0	0
/Volumes/GigiMurin/plip/Gylcerolipids/BD6w1o-L-L-SQD1/report.txt	1	2	2	0	0	0	0
/Volumes/GigiMurin/plip/Gylcerolipids/BD6w1p-a-a-SQD1/report.txt	3	3	0	0	0	0	0
/Volumes/GigiMurin/plip/Gylcerolipids/BD6w1p-a-a-SQD2/report.txt	3	2	0	0	0	0	0
/Volumes/GigiMurin/plip/Gylcerolipids/BD6w1p-B-B-SQD1/report.txt	2	1	1	0	0	0	0
/Volumes/GigiMurin/plip/Gylcerolipids/BD6w1p-f-f-SQD1/report.txt	0	1	0	0	0	0	0
/Volumes/GigiMurin/plip/Gylcerolipids/BD6w1p-L-L-SQD1/report.txt	1	2	1	0	0	0	0
/Volumes/GigiMurin/plip/Gylcerolipids/BD6w1q-a-a-SQD1/report.txt	4	2	0	0	0	0	0
/Volumes/GigiMurin/plip/Gylcerolipids/BD6w1q-A-A-SQD2/report.txt	5	2	0	0	0	0	0
/Volumes/GigiMurin/plip/Gylcerolipids/BD6w1q-B-B-SQD1/report.txt	2	1	1	0	0	0	0
/Volumes/GigiMurin/plip/Gylcerolipids/BD6w1q-D-D-SQD1/report.txt	0	1	1	0	0	0	0
/Volumes/GigiMurin/plip/Gylcerolipids/BD6w1q-f-f-SQD1/report.txt	3	1	0	0	0	0	0
/Volumes/GigiMurin/plip/Gylcerolipids/BD6w1q-L-L-SQD1/report.txt	2	2	2	0	0	0	0
/Volumes/GigiMurin/plip/Gylcerolipids/BD6w1q-t-t-SQD1/report.txt	0	0	0	0	0	0	0
/Volumes/GigiMurin/plip/Gylcerolipids/BD6w1r-a-a-SQD1/report.txt	6	3	0	0	0	0	0
/Volumes/GigiMurin/plip/Gylcerolipids/BD6w1r-a-a-SQD2/report.txt	5	2	0	0	0	0	0
/Volumes/GigiMurin/plip/Gylcerolipids/BD6w1r-B-B-SQD1/report.txt	1	1	1	0	0	0	0
/Volumes/GigiMurin/plip/Gylcerolipids/BD6w1r-d-d-SQD1/report.txt	0	1	1	0	0	0	0
/Volumes/GigiMurin/plip/Gylcerolipids/BD6w1r-F-F-SQD1/report.txt	1	1	0	0	0	0	0
/Volumes/GigiMurin/plip/Gylcerolipids/BD6w1r-L-L-SQD1/report.txt	2	2	1	0	0	0	0
/Volumes/GigiMurin/plip/Gylcerolipids/BD6w1t-a-a-SQD1/report.txt	4	3	0	0	0	0	0
/Volumes/GigiMurin/plip/Gylcerolipids/BD6w1t-a-a-SQD2/report.txt	4	2	0	0	0	0	0
/Volumes/GigiMurin/plip/Gylcerolipids/BD6w1t-b-b-SQD1/report.txt	4	1	1	0	0	0	0
/Volumes/GigiMurin/plip/Gylcerolipids/BD6w1t-D-D-SQD1/report.txt	0	1	1	0	0	0	0
/Volumes/GigiMurin/plip/Gylcerolipids/BD6w1t-f-f-SQD1/report.txt	2	1	0	0	0	0	0
/Volumes/GigiMurin/plip/Gylcerolipids/BD6w1u-a-a-SQD1/report.txt	4	2	0	0	0	0	0
/Volumes/GigiMurin/plip/Gylcerolipids/BD6w1u-a-a-SQD2/report.txt	3	2	0	0	0	0	0
/Volumes/GigiMurin/plip/Gylcerolipids/BD6w1u-b-b-SQD1/report.txt	3	1	1	0	0	0	0
/Volumes/GigiMurin/plip/Gylcerolipids/BD6w1u-D-D-SQD1/report.txt	0	1	1	0	0	0	0
/Volumes/GigiMurin/plip/Gylcerolipids/BD6w1u-f-f-SQD1/report.txt	2	1	0	0	0	0	0
/Volumes/GigiMurin/plip/Gylcerolipids/BD6w1v-a-a-SQD1/report.txt	5	2	0	0	0	0	0
/Volumes/GigiMurin/plip/Gylcerolipids/BD6w1v-a-a-SQD2/report.txt	3	2	0	0	0	0	0
/Volumes/GigiMurin/plip/Gylcerolipids/BD6w1v-b-b-SQD1/report.txt	1	1	1	0	0	0	0
/Volumes/GigiMurin/plip/Gylcerolipids/BD6w1v-D-D-SQD1/report.txt	0	2	2	0	0	0	0
/Volumes/GigiMurin/plip/Gylcerolipids/BD6w1v-f-f-SQD1/report.txt	3	1	0	0	0	0	0
/Volumes/GigiMurin/plip/Gylcerolipids/BD6wbf-A-A-DGA1/report.txt	6	0	0	0	0	0	0
/Volumes/GigiMurin/plip/Gylcerolipids/BD6wbf-A-B-DGA1/report.txt	4	0	0	0	0	0	0
/Volumes/GigiMurin/plip/Gylcerolipids/BD6wbf-B-B-DGA1/report.txt	6	0	0	0	0	0	0
/Volumes/GigiMurin/plip/Gylcerolipids/BD6wbf-B-C-DGA1/report.txt	4	0	0	0	0	0	0
/Volumes/GigiMurin/plip/Gylcerolipids/BD6wbf-C-C-DGA1/report.txt	6	0	0	0	0	0	0
/Volumes/GigiMurin/plip/Gylcerolipids/BD6wbf-C-D-DGA1/report.txt	4	0	0	0	0	0	0
/Volumes/GigiMurin/plip/Gylcerolipids/BD6wbf-D-D-DGA1/report.txt	6	0	0	0	0	0	0
/Volumes/GigiMurin/plip/Gylcerolipids/BD6wbf-D-E-DGA1/report.txt	4	0	0	0	0	0	0
/Volumes/GigiMurin/plip/Gylcerolipids/BD6wbf-E-E-DGA1/report.txt	6	0	0	0	0	0	0
/Volumes/GigiMurin/plip/Gylcerolipids/BD6wbf-E-F-DGA1/report.txt	4	0	0	0	0	0	0
/Volumes/GigiMurin/plip/Gylcerolipids/BD6wbf-F-F-DGA1/report.txt	6	0	0	0	0	0	0
/Volumes/GigiMurin/plip/Gylcerolipids/BD6wbf-F-G-DGA1/report.txt	4	0	0	0	0	0	0
/Volumes/GigiMurin/plip/Gylcerolipids/BD6wbf-G-A-DGA1/report.txt	4	0	0	0	0	0	0
/Volumes/GigiMurin/plip/Gylcerolipids/BD6wbf-G-G-DGA1/report.txt	6	0	0	0	0	0	0
/Volumes/GigiMurin/plip/Gylcerolipids/BD6wbg-A-A-DGA1/report.txt	6	0	0	0	0	0	0
/Volumes/GigiMurin/plip/Gylcerolipids/BD6wbg-A-B-DGA1/report.txt	4	0	0	0	0	0	0
/Volumes/GigiMurin/plip/Gylcerolipids/BD6wbg-B-B-DGA1/report.txt	6	0	0	0	0	0	0
/Volumes/GigiMurin/plip/Gylcerolipids/BD6wbg-B-C-DGA1/report.txt	4	0	0	0	0	0	0
/Volumes/GigiMurin/plip/Gylcerolipids/BD6wbg-C-C-DGA1/report.txt	6	0	0	0	0	0	0
/Volumes/GigiMurin/plip/Gylcerolipids/BD6wbg-C-D-DGA1/report.txt	4	0	0	0	0	0	0
/Volumes/GigiMurin/plip/Gylcerolipids/BD6wbg-D-D-DGA1/report.txt	6	0	0	0	0	0	0
/Volumes/GigiMurin/plip/Gylcerolipids/BD6wbg-D-E-DGA1/report.txt	4	0	0	0	0	0	0
/Volumes/GigiMurin/plip/Gylcerolipids/BD6wbg-E-E-DGA1/report.txt	6	0	0	0	0	0	0
/Volumes/GigiMurin/plip/Gylcerolipids/BD6wbg-E-F-DGA1/report.txt	4	0	0	0	0	0	0
/Volumes/GigiMurin/plip/Gylcerolipids/BD6wbg-F-F-DGA1/report.txt	6	0	0	0	0	0	0
/Volumes/GigiMurin/plip/Gylcerolipids/BD6wbg-F-G-DGA1/report.txt	4	0	0	0	0	0	0
/Volumes/GigiMurin/plip/Gylcerolipids/BD6wbg-G-A-DGA1/report.txt	4	0	0	0	0	0	0
/Volumes/GigiMurin/plip/Gylcerolipids/BD6wbg-G-G-DGA1/report.txt	6	0	0	0	0	0	0
/Volumes/GigiMurin/plip/Gylcerolipids/BD6wbm-A-A-DGA1/report.txt	4	0	0	0	0	0	0
/Volumes/GigiMurin/plip/Gylcerolipids/BD6wbm-A-A-DGA2/report.txt	3	0	0	0	0	0	0
/Volumes/GigiMurin/plip/Gylcerolipids/BD6wbm-B-A-DGA2/report.txt	4	0	0	0	0	0	0
/Volumes/GigiMurin/plip/Gylcerolipids/BD6wbm-B-B-DGA1/report.txt	2	0	0	0	0	0	0
/Volumes/GigiMurin/plip/Gylcerolipids/BD6wbm-C-B-DGA1/report.txt	4	0	0	0	0	0	0
/Volumes/GigiMurin/plip/Gylcerolipids/BD6wbm-C-C-DGA1/report.txt	2	0	0	0	0	0	0
/Volumes/GigiMurin/plip/Gylcerolipids/BD6wbm-D-C-DGA1/report.txt	4	0	0	0	0	0	0
/Volumes/GigiMurin/plip/Gylcerolipids/BD6wbm-D-D-DGA1/report.txt	4	0	0	0	0	0	0
/Volumes/GigiMurin/plip/Gylcerolipids/BD6wbm-E-D-DGA1/report.txt	4	0	0	0	0	0	0
/Volumes/GigiMurin/plip/Gylcerolipids/BD6wbm-E-E-DGA1/report.txt	3	0	0	0	0	0	0
/Volumes/GigiMurin/plip/Gylcerolipids/BD6wbm-F-E-DGA1/report.txt	4	0	0	0	0	0	0
/Volumes/GigiMurin/plip/Gylcerolipids/BD6wbm-F-F-DGA1/report.txt	2	0	0	0	0	0	0
/Volumes/GigiMurin/plip/Gylcerolipids/BD6wbm-G-A-DGA1/report.txt	2	0	0	0	0	0	0
/Volumes/GigiMurin/plip/Gylcerolipids/BD6wbm-G-F-DGA1/report.txt	4	0	0	0	0	0	0
/Volumes/GigiMurin/plip/Gylcerolipids/BD6wbn-A-A-DGA1/report.txt	5	0	0	0	0	0	0
/Volumes/GigiMurin/plip/Gylcerolipids/BD6wbn-A-A-DGA2/report.txt	3	0	0	0	0	0	0
/Volumes/GigiMurin/plip/Gylcerolipids/BD6wbn-B-A-DGA2/report.txt	5	0	0	0	0	0	0
/Volumes/GigiMurin/plip/Gylcerolipids/BD6wbn-B-B-DGA1/report.txt	4	0	0	0	0	0	0
/Volumes/GigiMurin/plip/Gylcerolipids/BD6wbn-C-B-DGA1/report.txt	5	0	0	0	0	0	0
/Volumes/GigiMurin/plip/Gylcerolipids/BD6wbn-C-C-DGA1/report.txt	4	0	0	0	0	0	0
/Volumes/GigiMurin/plip/Gylcerolipids/BD6wbn-D-C-DGA1/report.txt	5	0	0	0	0	0	0
/Volumes/GigiMurin/plip/Gylcerolipids/BD6wbn-D-D-DGA1/report.txt	4	0	0	0	0	0	0
/Volumes/GigiMurin/plip/Gylcerolipids/BD6wbn-E-D-DGA1/report.txt	5	0	0	0	0	0	0
/Volumes/GigiMurin/plip/Gylcerolipids/BD6wbn-E-E-DGA1/report.txt	4	0	0	0	0	0	0
/Volumes/GigiMurin/plip/Gylcerolipids/BD6wbn-F-E-DGA1/report.txt	5	0	0	0	0	0	0
/Volumes/GigiMurin/plip/Gylcerolipids/BD6wbn-F-F-DGA1/report.txt	4	0	0	0	0	0	0
/Volumes/GigiMurin/plip/Gylcerolipids/BD6wbn-G-A-DGA1/report.txt	2	0	0	0	0	0	0
/Volumes/GigiMurin/plip/Gylcerolipids/BD6wbn-G-F-DGA1/report.txt	5	0	0	0	0	0	0
/Volumes/GigiMurin/plip/Gylcerolipids/BD6wbn-H-H-DGA1/report.txt	4	0	0	0	0	0	0
/Volumes/GigiMurin/plip/Gylcerolipids/BD6wbn-H-N-DGA1/report.txt	5	0	0	0	0	0	0
/Volumes/GigiMurin/plip/Gylcerolipids/BD6wbn-I-H-DGA1/report.txt	5	0	0	0	0	0	0
/Volumes/GigiMurin/plip/Gylcerolipids/BD6wbn-I-I-DGA1/report.txt	4	0	0	0	0	0	0
/Volumes/GigiMurin/plip/Gylcerolipids/BD6wbn-J-I-DGA1/report.txt	5	0	0	0	0	0	0
/Volumes/GigiMurin/plip/Gylcerolipids/BD6wbn-J-J-DGA1/report.txt	4	0	0	0	0	0	0
/Volumes/GigiMurin/plip/Gylcerolipids/BD6wbn-K-J-DGA1/report.txt	5	0	0	0	0	0	0
/Volumes/GigiMurin/plip/Gylcerolipids/BD6wbn-K-K-DGA1/report.txt	4	0	0	0	0	0	0
/Volumes/GigiMurin/plip/Gylcerolipids/BD6wbn-L-K-DGA1/report.txt	5	0	0	0	0	0	0
/Volumes/GigiMurin/plip/Gylcerolipids/BD6wbn-L-L-DGA1/report.txt	4	0	0	0	0	0	0
/Volumes/GigiMurin/plip/Gylcerolipids/BD6wbn-M-L-DGA1/report.txt	5	0	0	0	0	0	0
/Volumes/GigiMurin/plip/Gylcerolipids/BD6wbn-M-M-DGA1/report.txt	4	0	0	0	0	0	0
/Volumes/GigiMurin/plip/Gylcerolipids/BD6wbn-N-M-DGA1/report.txt	5	0	0	0	0	0	0
/Volumes/GigiMurin/plip/Gylcerolipids/BD6wbn-N-N-DGA1/report.txt	4	0	0	0	0	0	0
/Volumes/GigiMurin/plip/Gylcerolipids/BD6wj6-A-A-SQD1/report.txt	10	2	0	0	0	0	0
/Volumes/GigiMurin/plip/Gylcerolipids/BD6wj6-A-A-SQD2/report.txt	2	0	0	0	0	0	0
/Volumes/GigiMurin/plip/Gylcerolipids/BD6wj6-A-T-SQD2/report.txt	2	0	0	0	0	0	0
/Volumes/GigiMurin/plip/Gylcerolipids/BD6wj6-B-B-SQD1/report.txt	2	1	4	0	0	0	0
/Volumes/GigiMurin/plip/Gylcerolipids/BD6wj6-C-A-SQD1/report.txt	3	0	0	0	0	0	0
/Volumes/GigiMurin/plip/Gylcerolipids/BD6wj6-C-C-SQD1/report.txt	8	1	1	0	0	0	0
/Volumes/GigiMurin/plip/Gylcerolipids/BD6wj6-D-A-SQD1/report.txt	0	1	1	0	0	0	0
/Volumes/GigiMurin/plip/Gylcerolipids/BD6wj6-D-B-SQD1/report.txt	1	0	0	0	0	0	0
/Volumes/GigiMurin/plip/Gylcerolipids/BD6wj6-D-X-SQD1/report.txt	2	0	0	0	0	0	0
/Volumes/GigiMurin/plip/Gylcerolipids/BD6wj6-L-T-SQD1/report.txt	1	2	1	0	0	0	0
/Volumes/GigiMurin/plip/Gylcerolipids/BD6wj6-T-A-SQD2/report.txt	1	0	0	0	0	0	0
/Volumes/GigiMurin/plip/Gylcerolipids/BD6wj6-T-T-SQD1/report.txt	7	0	0	0	0	0	0
/Volumes/GigiMurin/plip/Gylcerolipids/BD6wj6-T-T-SQD2/report.txt	1	0	0	0	0	0	0
/Volumes/GigiMurin/plip/Gylcerolipids/BD6wj6-X-X-SQD1/report.txt	0	2	0	0	0	0	0
/Volumes/GigiMurin/plip/Gylcerolipids/BD6wm5-A-A-OLC1/report.txt	0	0	0	0	0	0	0
/Volumes/GigiMurin/plip/Gylcerolipids/BD6wm5-A-A-OLC2/report.txt	0	0	0	0	0	0	0
/Volumes/GigiMurin/plip/Gylcerolipids/BD6wm5-A-A-OLC3/report.txt	1	1	0	0	0	0	0
/Volumes/GigiMurin/plip/Gylcerolipids/BD6wm5-A-A-OLC4/report.txt	1	1	0	0	0	0	0
/Volumes/GigiMurin/plip/Gylcerolipids/BD6wm5-A-C-OLC4/report.txt	2	2	1	0	0	0	0
/Volumes/GigiMurin/plip/Gylcerolipids/BD6wm5-C-C-OLC1/report.txt	2	1	0	0	0	0	0
/Volumes/GigiMurin/plip/Gylcerolipids/BD6wm5-C-C-OLC2/report.txt	1	1	0	0	0	0	0
/Volumes/GigiMurin/plip/Gylcerolipids/BD6wm5-C-C-OLC3/report.txt	0	0	0	0	0	0	0
/Volumes/GigiMurin/plip/Gylcerolipids/BD6wm5-C-C-OLC4/report.txt	5	0	0	0	0	0	0
/Volumes/GigiMurin/plip/Gylcerolipids/BD6wmv-A-A-OLC1/report.txt	3	0	0	0	0	0	0
/Volumes/GigiMurin/plip/Gylcerolipids/BD6wmv-A-A-OLC2/report.txt	1	1	0	0	0	0	0
/Volumes/GigiMurin/plip/Gylcerolipids/BD6wmv-A-A-OLC3/report.txt	0	0	0	0	0	0	0
/Volumes/GigiMurin/plip/Gylcerolipids/BD6wmv-A-C-OLC3/report.txt	1	2	0	0	0	0	0
/Volumes/GigiMurin/plip/Gylcerolipids/BD6wmv-C-A-OLC1/report.txt	1	0	0	0	0	0	0
/Volumes/GigiMurin/plip/Gylcerolipids/BD6wmv-C-C-OLC1/report.txt	0	0	0	0	0	0	0
/Volumes/GigiMurin/plip/Gylcerolipids/BD6wmv-C-C-OLC2/report.txt	1	0	0	0	0	0	0
/Volumes/GigiMurin/plip/Gylcerolipids/BD6wmv-C-C-OLC3/report.txt	4	1	0	0	0	0	0
/Volumes/GigiMurin/plip/Gylcerolipids/BD6wmv-C-C-OLC4/report.txt	3	0	0	0	0	0	0
/Volumes/GigiMurin/plip/Gylcerolipids/BD6wqa-A-A-OLC1/report.txt	2	1	0	0	0	0	0
/Volumes/GigiMurin/plip/Gylcerolipids/BD6wqa-A-A-OLC2/report.txt	3	0	0	0	0	0	0
/Volumes/GigiMurin/plip/Gylcerolipids/BD6wqa-A-A-OLC3/report.txt	2	0	0	0	0	0	0
/Volumes/GigiMurin/plip/Gylcerolipids/BD6wqa-A-A-OLC4/report.txt	0	0	0	0	0	0	0
/Volumes/GigiMurin/plip/Gylcerolipids/BD6wqa-A-A-OLC5/report.txt	0	0	0	0	0	0	0
/Volumes/GigiMurin/plip/Gylcerolipids/BD6wv3-A-A-OLC1/report.txt	0	0	0	0	0	0	0
/Volumes/GigiMurin/plip/Gylcerolipids/BD6wv3-A-A-OLC2/report.txt	2	1	0	0	0	0	0
/Volumes/GigiMurin/plip/Gylcerolipids/BD6wv3-A-A-OLC3/report.txt	3	1	0	0	0	0	0
/Volumes/GigiMurin/plip/Gylcerolipids/BD6wv6-A-A-OLC1/report.txt	4	1	0	0	0	0	0
/Volumes/GigiMurin/plip/Gylcerolipids/BD6wv6-A-A-OLC2/report.txt	2	0	0	0	0	0	0
/Volumes/GigiMurin/plip/Gylcerolipids/BD6wvd-A-A-OLC1/report.txt	2	3	0	0	0	0	0
/Volumes/GigiMurin/plip/Gylcerolipids/BD6wvd-A-A-OLC2/report.txt	0	1	0	0	0	0	0
/Volumes/GigiMurin/plip/Gylcerolipids/BD6wvg-A-A-OLC1/report.txt	10	0	0	0	0	0	0
/Volumes/GigiMurin/plip/Gylcerolipids/BD6wvg-A-A-OLC2/report.txt	5	0	0	0	0	0	0
/Volumes/GigiMurin/plip/Gylcerolipids/BD6wvg-A-A-OLC3/report.txt	3	0	0	0	0	0	0
/Volumes/GigiMurin/plip/Gylcerolipids/BD6wvg-A-A-OLC4/report.txt	8	3	0	0	0	0	0
/Volumes/GigiMurin/plip/Gylcerolipids/BD6wvg-A-B-OLC1/report.txt	1	0	0	0	0	0	0
/Volumes/GigiMurin/plip/Gylcerolipids/BD6wvg-B-A-OLC2/report.txt	1	0	0	0	0	0	0
/Volumes/GigiMurin/plip/Gylcerolipids/BD6wvg-B-A-OLC3/report.txt	2	0	0	0	0	0	0
/Volumes/GigiMurin/plip/Gylcerolipids/BD6wvg-B-A-OLC4/report.txt	4	0	0	0	0	0	0
/Volumes/GigiMurin/plip/Gylcerolipids/BD6wvg-B-B-OLC1/report.txt	9	0	0	0	0	0	0
/Volumes/GigiMurin/plip/Gylcerolipids/BD6wvh-A-A-OLC1/report.txt	3	0	0	0	0	0	0
/Volumes/GigiMurin/plip/Gylcerolipids/BD6wvh-A-A-OLC2/report.txt	5	0	0	0	0	0	0
/Volumes/GigiMurin/plip/Gylcerolipids/BD6wvi-A-A-OLC1/report.txt	3	0	0	0	0	0	0
/Volumes/GigiMurin/plip/Gylcerolipids/BD6xbo-A-A-OLC10/report.txt	2	1	0	0	0	0	0
/Volumes/GigiMurin/plip/Gylcerolipids/BD6xbo-A-A-OLC11/report.txt	0	2	0	0	0	0	0
/Volumes/GigiMurin/plip/Gylcerolipids/BD6xbo-A-A-OLC12/report.txt	1	0	0	0	0	0	0
/Volumes/GigiMurin/plip/Gylcerolipids/BD6xbo-A-A-OLC13/report.txt	2	0	0	0	0	0	0
/Volumes/GigiMurin/plip/Gylcerolipids/BD6xbo-A-A-OLC1/report.txt	1	0	0	0	0	0	0
/Volumes/GigiMurin/plip/Gylcerolipids/BD6xbo-A-A-OLC2/report.txt	4	0	0	0	0	0	0
/Volumes/GigiMurin/plip/Gylcerolipids/BD6xbo-A-A-OLC3/report.txt	3	0	0	0	0	0	0
/Volumes/GigiMurin/plip/Gylcerolipids/BD6xbo-A-A-OLC4/report.txt	2	1	0	0	0	0	0
/Volumes/GigiMurin/plip/Gylcerolipids/BD6xbo-A-A-OLC5/report.txt	0	1	0	0	0	0	0
/Volumes/GigiMurin/plip/Gylcerolipids/BD6xbo-A-A-OLC6/report.txt	0	2	0	0	0	0	0
/Volumes/GigiMurin/plip/Gylcerolipids/BD6xbo-A-A-OLC7/report.txt	2	1	0	0	0	0	0
/Volumes/GigiMurin/plip/Gylcerolipids/BD6xbo-A-A-OLC8/report.txt	0	1	0	0	0	0	0
/Volumes/GigiMurin/plip/Gylcerolipids/BD6xbo-A-A-OLC9/report.txt	2	0	0	0	0	0	0
/Volumes/GigiMurin/plip/Gylcerolipids/BD6xyt-A-A-OLC1/report.txt	1	0	0	0	0	0	0
/Volumes/GigiMurin/plip/Gylcerolipids/BD6xyt-A-A-OLC2/report.txt	4	1	0	0	0	0	0
/Volumes/GigiMurin/plip/Gylcerolipids/BD6xyt-A-A-OLC3/report.txt	6	1	0	0	0	0	0
/Volumes/GigiMurin/plip/Gylcerolipids/BD6xyt-A-A-OLC4/report.txt	3	1	0	0	0	0	0
/Volumes/GigiMurin/plip/Gylcerolipids/BD6xyt-A-A-OLC5/report.txt	1	0	0	0	0	0	0
/Volumes/GigiMurin/plip/Gylcerolipids/BD6xyt-A-A-OLC6/report.txt	1	1	0	0	0	0	0
/Volumes/GigiMurin/plip/Gylcerolipids/BD6xyt-A-A-OLC7/report.txt	3	0	1	0	0	0	0
/Volumes/GigiMurin/plip/Gylcerolipids/BD6xyt-B-B-OLC1/report.txt	1	1	0	0	0	0	0
/Volumes/GigiMurin/plip/Gylcerolipids/BD6xyt-B-B-OLC2/report.txt	3	1	1	0	0	0	0
/Volumes/GigiMurin/plip/Gylcerolipids/BD6xyt-B-B-OLC3/report.txt	5	1	0	0	0	0	0
/Volumes/GigiMurin/plip/Gylcerolipids/BD6xyt-B-B-OLC4/report.txt	3	1	0	0	0	0	0
/Volumes/GigiMurin/plip/Gylcerolipids/BD6xyt-B-B-OLC5/report.txt	2	0	0	0	0	0	0
/Volumes/GigiMurin/plip/Gylcerolipids/BD6xyt-B-B-OLC6/report.txt	3	1	0	0	0	0	0
/Volumes/GigiMurin/plip/Gylcerolipids/BD6xyt-C-C-OLC1/report.txt	3	1	0	0	0	0	0
/Volumes/GigiMurin/plip/Gylcerolipids/BD6xyt-C-C-OLC2/report.txt	5	1	0	0	0	0	0
/Volumes/GigiMurin/plip/Gylcerolipids/BD6xyt-C-C-OLC3/report.txt	1	2	0	0	0	0	0
/Volumes/GigiMurin/plip/Gylcerolipids/BD6xyt-C-C-OLC4/report.txt	4	1	0	0	0	0	0
/Volumes/GigiMurin/plip/Gylcerolipids/BD6xyt-C-C-OLC5/report.txt	3	0	0	0	0	0	0
/Volumes/GigiMurin/plip/Gylcerolipids/BD6xyt-C-C-OLC6/report.txt	2	1	0	0	0	0	0
/Volumes/GigiMurin/plip/Gylcerolipids/BD6xyt-C-C-OLC7/report.txt	0	1	0	0	0	0	0
/Volumes/GigiMurin/plip/Gylcerolipids/BD6xyt-D-D-OLC1/report.txt	0	0	0	0	0	0	0
/Volumes/GigiMurin/plip/Gylcerolipids/BD6xyt-D-D-OLC2/report.txt	2	1	0	0	0	0	0
/Volumes/GigiMurin/plip/Gylcerolipids/BD6xyt-D-D-OLC3/report.txt	3	1	0	0	0	0	0
/Volumes/GigiMurin/plip/Gylcerolipids/BD6xyt-D-D-OLC4/report.txt	2	1	0	0	0	0	0
/Volumes/GigiMurin/plip/Gylcerolipids/BD6xyt-D-D-OLC5/report.txt	2	1	0	0	0	0	0
/Volumes/GigiMurin/plip/Gylcerolipids/BD6xyt-E-E-OLC1/report.txt	2	2	0	0	0	0	0
/Volumes/GigiMurin/plip/Gylcerolipids/BD6xyt-E-E-OLC2/report.txt	4	1	0	0	0	0	0
/Volumes/GigiMurin/plip/Gylcerolipids/BD6xyt-E-E-OLC3/report.txt	0	0	0	0	0	0	0
/Volumes/GigiMurin/plip/Gylcerolipids/BD6xyt-E-E-OLC4/report.txt	6	0	0	0	0	0	0
/Volumes/GigiMurin/plip/Gylcerolipids/BD6xyt-E-E-OLC5/report.txt	3	1	0	0	0	0	0
/Volumes/GigiMurin/plip/Gylcerolipids/BD6xyt-E-E-OLC6/report.txt	2	0	0	0	0	0	0
/Volumes/GigiMurin/plip/Gylcerolipids/BD6xyt-E-E-OLC7/report.txt	2	1	0	0	0	0	0
/Volumes/GigiMurin/plip/Gylcerolipids/BD6xyt-E-E-OLC8/report.txt	1	0	0	0	0	0	0
/Volumes/GigiMurin/plip/Gylcerolipids/BD6y7v-A-A-OLC1/report.txt	4	0	0	0	0	0	0
/Volumes/GigiMurin/plip/Gylcerolipids/BD6y7v-A-A-OLC2/report.txt	2	0	0	0	0	0	0
/Volumes/GigiMurin/plip/Gylcerolipids/BD6y7v-A-A-OLC3/report.txt	3	0	0	0	0	0	0
/Volumes/GigiMurin/plip/Gylcerolipids/BD6y7v-A-A-OLC4/report.txt	2	0	1	0	0	0	0
/Volumes/GigiMurin/plip/Gylcerolipids/BD6y7v-A-A-OLC5/report.txt	1	3	0	0	0	0	0
/Volumes/GigiMurin/plip/Gylcerolipids/BD6y7v-A-A-OLC6/report.txt	1	0	0	0	0	0	0
/Volumes/GigiMurin/plip/Gylcerolipids/BD6ybz-A-A-OLC1/report.txt	0	1	0	0	0	0	0
/Volumes/GigiMurin/plip/Gylcerolipids/BD6ybz-B-B-OLC1/report.txt	2	1	0	0	0	0	0
/Volumes/GigiMurin/plip/Gylcerolipids/BD6ybz-C-C-OLC1/report.txt	3	1	0	0	0	0	0
/Volumes/GigiMurin/plip/Gylcerolipids/BD6ybz-C-C-OLC2/report.txt	0	1	0	0	0	0	0
/Volumes/GigiMurin/plip/Gylcerolipids/BD6ybz-D-D-OLC1/report.txt	1	1	0	0	0	0	0
/Volumes/GigiMurin/plip/Gylcerolipids/BD6ybz-E-E-OLC1/report.txt	2	1	0	0	0	0	0
/Volumes/GigiMurin/plip/Gylcerolipids/BD6yc0-A-A-OLC1/report.txt	2	0	0	0	0	0	0
/Volumes/GigiMurin/plip/Gylcerolipids/BD6yc0-A-A-OLC2/report.txt	3	0	0	0	0	0	0
/Volumes/GigiMurin/plip/Gylcerolipids/BD6yc0-A-A-OLC3/report.txt	0	0	0	0	0	0	0
/Volumes/GigiMurin/plip/Gylcerolipids/BD6yc0-A-A-OLC4/report.txt	1	1	0	0	0	0	0
/Volumes/GigiMurin/plip/Gylcerolipids/BD6yc0-A-A-OLC5/report.txt	0	1	0	0	0	0	0
/Volumes/GigiMurin/plip/Gylcerolipids/BD6yc0-A-A-OLC6/report.txt	2	0	0	0	0	0	0
/Volumes/GigiMurin/plip/Gylcerolipids/BD6yc0-A-A-OLC7/report.txt	2	0	1	0	0	0	0
/Volumes/GigiMurin/plip/Gylcerolipids/BD6yc0-A-A-OLC8/report.txt	0	0	0	0	0	0	0
/Volumes/GigiMurin/plip/Gylcerolipids/BD6yc0-B-B-OLC1/report.txt	1	1	0	0	0	0	0
/Volumes/GigiMurin/plip/Gylcerolipids/BD6yc0-B-B-OLC2/report.txt	1	0	0	0	0	0	0
/Volumes/GigiMurin/plip/Gylcerolipids/BD6yc0-B-B-OLC3/report.txt	1	0	0	0	0	0	0
/Volumes/GigiMurin/plip/Gylcerolipids/BD6yc0-C-C-OLC1/report.txt	2	0	0	0	0	0	0
/Volumes/GigiMurin/plip/Gylcerolipids/BD6yc0-C-C-OLC2/report.txt	2	1	0	0	0	0	0
/Volumes/GigiMurin/plip/Gylcerolipids/BD6yc0-C-C-OLC3/report.txt	4	0	0	0	0	0	0
/Volumes/GigiMurin/plip/Gylcerolipids/BD6yc0-C-C-OLC4/report.txt	2	0	0	0	0	0	0
/Volumes/GigiMurin/plip/Gylcerolipids/BD6yc0-C-C-OLC5/report.txt	1	0	0	0	0	0	0
/Volumes/GigiMurin/plip/Gylcerolipids/BD6yc0-C-C-OLC6/report.txt	1	0	0	0	0	0	0
/Volumes/GigiMurin/plip/Gylcerolipids/BD6yc0-C-C-OLC7/report.txt	0	1	0	0	0	0	0
/Volumes/GigiMurin/plip/Gylcerolipids/BD6yc0-C-C-OLC8/report.txt	0	0	0	0	0	0	0
/Volumes/GigiMurin/plip/Gylcerolipids/BD6yc0-D-D-OLC1/report.txt	0	0	0	0	0	0	0
/Volumes/GigiMurin/plip/Gylcerolipids/BD6yc0-D-D-OLC2/report.txt	1	1	0	0	0	0	0
/Volumes/GigiMurin/plip/Gylcerolipids/BD6yc0-D-D-OLC3/report.txt	1	0	0	0	0	0	0
/Volumes/GigiMurin/plip/Gylcerolipids/BD6yc0-D-D-OLC4/report.txt	0	2	0	0	0	0	0
/Volumes/GigiMurin/plip/Gylcerolipids/BD6yc0-D-D-OLC5/report.txt	0	1	0	0	0	0	0
/Volumes/GigiMurin/plip/Gylcerolipids/BD6yc0-E-E-OLC1/report.txt	0	0	0	0	0	0	0
/Volumes/GigiMurin/plip/Gylcerolipids/BD6yc0-E-E-OLC2/report.txt	2	0	0	0	0	0	0
/Volumes/GigiMurin/plip/Gylcerolipids/BD6yc0-E-E-OLC3/report.txt	2	1	0	0	0	0	0
/Volumes/GigiMurin/plip/Gylcerolipids/BD6yc0-E-E-OLC4/report.txt	1	1	0	0	0	0	0
/Volumes/GigiMurin/plip/Gylcerolipids/BD6yc1-A-A-OLC1/report.txt	1	0	0	0	0	0	0
/Volumes/GigiMurin/plip/Gylcerolipids/BD6yc1-A-A-OLC2/report.txt	5	0	0	0	0	0	0
/Volumes/GigiMurin/plip/Gylcerolipids/BD6yc1-A-A-OLC3/report.txt	5	1	0	0	0	0	0
/Volumes/GigiMurin/plip/Gylcerolipids/BD6yc1-A-A-OLC4/report.txt	3	1	0	0	0	0	0
/Volumes/GigiMurin/plip/Gylcerolipids/BD6yc1-A-A-OLC5/report.txt	2	0	0	0	0	0	0
/Volumes/GigiMurin/plip/Gylcerolipids/BD6yc1-A-A-OLC6/report.txt	1	1	0	0	0	0	0
/Volumes/GigiMurin/plip/Gylcerolipids/BD6yc1-A-A-OLC7/report.txt	2	0	0	0	0	0	0
/Volumes/GigiMurin/plip/Gylcerolipids/BD6yc1-A-A-OLC8/report.txt	3	0	0	0	0	0	0
/Volumes/GigiMurin/plip/Gylcerolipids/BD6yc1-A-A-OLC9/report.txt	3	0	1	0	0	0	0
/Volumes/GigiMurin/plip/Gylcerolipids/BD6yc1-B-B-OLC1/report.txt	3	1	0	0	0	0	0
/Volumes/GigiMurin/plip/Gylcerolipids/BD6yc1-B-B-OLC2/report.txt	2	0	0	0	0	0	0
/Volumes/GigiMurin/plip/Gylcerolipids/BD6yc1-B-B-OLC3/report.txt	3	2	1	0	0	0	0
/Volumes/GigiMurin/plip/Gylcerolipids/BD6yc1-B-B-OLC4/report.txt	4	1	0	0	0	0	0
/Volumes/GigiMurin/plip/Gylcerolipids/BD6yc1-B-B-OLC5/report.txt	3	1	0	0	0	0	0
/Volumes/GigiMurin/plip/Gylcerolipids/BD6yc1-B-B-OLC6/report.txt	2	1	0	0	0	0	0
/Volumes/GigiMurin/plip/Gylcerolipids/BD6yc1-B-B-OLC7/report.txt	1	0	0	0	0	0	0
/Volumes/GigiMurin/plip/Gylcerolipids/BD6yc1-C-C-OLC1/report.txt	1	0	0	0	0	0	0
/Volumes/GigiMurin/plip/Gylcerolipids/BD6yc1-C-C-OLC2/report.txt	5	1	0	0	0	0	0
/Volumes/GigiMurin/plip/Gylcerolipids/BD6yc1-C-C-OLC3/report.txt	0	0	0	0	0	0	0
/Volumes/GigiMurin/plip/Gylcerolipids/BD6yc1-C-C-OLC4/report.txt	7	2	0	0	0	0	0
/Volumes/GigiMurin/plip/Gylcerolipids/BD6yc1-C-C-OLC5/report.txt	4	1	0	0	0	0	0
/Volumes/GigiMurin/plip/Gylcerolipids/BD6yc1-C-C-OLC6/report.txt	4	1	0	0	0	0	0
/Volumes/GigiMurin/plip/Gylcerolipids/BD6yc1-C-C-OLC7/report.txt	4	0	0	0	0	0	0
/Volumes/GigiMurin/plip/Gylcerolipids/BD6yc1-C-C-OLC8/report.txt	2	1	0	0	0	0	0
/Volumes/GigiMurin/plip/Gylcerolipids/BD6yc1-C-C-OLC9/report.txt	1	0	0	0	0	0	0
/Volumes/GigiMurin/plip/Gylcerolipids/BD6yc1-D-D-OLC1/report.txt	3	1	0	0	0	0	0
/Volumes/GigiMurin/plip/Gylcerolipids/BD6yc1-D-D-OLC2/report.txt	1	0	0	0	0	0	0
/Volumes/GigiMurin/plip/Gylcerolipids/BD6yc1-D-D-OLC3/report.txt	0	0	0	0	0	0	0
/Volumes/GigiMurin/plip/Gylcerolipids/BD6yc1-D-D-OLC4/report.txt	3	1	0	0	0	0	0
/Volumes/GigiMurin/plip/Gylcerolipids/BD6yc1-D-D-OLC5/report.txt	3	1	0	0	0	0	0
/Volumes/GigiMurin/plip/Gylcerolipids/BD6yc1-D-D-OLC6/report.txt	2	0	0	0	0	0	0
/Volumes/GigiMurin/plip/Gylcerolipids/BD6yc1-D-D-OLC7/report.txt	0	1	0	0	0	0	0
/Volumes/GigiMurin/plip/Gylcerolipids/BD6yc1-D-D-OLC8/report.txt	1	0	0	0	0	0	0
/Volumes/GigiMurin/plip/Gylcerolipids/BD6yc1-D-D-OLC9/report.txt	3	0	0	0	0	0	0
/Volumes/GigiMurin/plip/Gylcerolipids/BD6yc1-E-E-OLC1/report.txt	3	1	0	0	0	0	0
/Volumes/GigiMurin/plip/Gylcerolipids/BD6yc1-E-E-OLC2/report.txt	0	0	0	0	0	0	0
/Volumes/GigiMurin/plip/Gylcerolipids/BD6yc1-E-E-OLC3/report.txt	6	0	0	0	0	0	0
/Volumes/GigiMurin/plip/Gylcerolipids/BD6yc1-E-E-OLC4/report.txt	2	1	0	0	0	0	0
/Volumes/GigiMurin/plip/Gylcerolipids/BD6yc1-E-E-OLC5/report.txt	0	1	0	0	0	0	0
/Volumes/GigiMurin/plip/Gylcerolipids/BD6yc1-E-E-OLC6/report.txt	2	1	0	0	0	0	0
/Volumes/GigiMurin/plip/Gylcerolipids/BD6yc1-E-E-OLC7/report.txt	1	0	0	0	0	0	0
/Volumes/GigiMurin/plip/Gylcerolipids/BD6yc1-E-E-OLC8/report.txt	5	0	0	0	0	0	0
/Volumes/GigiMurin/plip/Gylcerolipids/BD6yc1-E-E-OLC9/report.txt	2	0	0	0	0	0	0
/Volumes/GigiMurin/plip/Gylcerolipids/BD6yc2-A-A-OLC1/report.txt	1	0	0	0	0	0	0
/Volumes/GigiMurin/plip/Gylcerolipids/BD6yc2-B-B-OLC1/report.txt	0	1	0	0	0	0	0
/Volumes/GigiMurin/plip/Gylcerolipids/BD6yc2-C-C-OLC1/report.txt	0	0	0	0	0	0	0
/Volumes/GigiMurin/plip/Gylcerolipids/BD6yc2-D-D-OLC1/report.txt	0	0	0	0	0	0	0
/Volumes/GigiMurin/plip/Gylcerolipids/BD6yc2-E-E-OLC1/report.txt	1	0	0	0	0	0	0
/Volumes/GigiMurin/plip/Gylcerolipids/BD6yc3-A-A-OLC10/report.txt	3	0	1	0	0	0	0
/Volumes/GigiMurin/plip/Gylcerolipids/BD6yc3-A-A-OLC1/report.txt	1	0	0	0	0	0	0
/Volumes/GigiMurin/plip/Gylcerolipids/BD6yc3-A-A-OLC2/report.txt	5	2	0	0	0	0	0
/Volumes/GigiMurin/plip/Gylcerolipids/BD6yc3-A-A-OLC3/report.txt	5	1	0	0	0	0	0
/Volumes/GigiMurin/plip/Gylcerolipids/BD6yc3-A-A-OLC4/report.txt	3	1	0	0	0	0	0
/Volumes/GigiMurin/plip/Gylcerolipids/BD6yc3-A-A-OLC5/report.txt	3	0	0	0	0	0	0
/Volumes/GigiMurin/plip/Gylcerolipids/BD6yc3-A-A-OLC6/report.txt	2	1	0	0	0	0	0
/Volumes/GigiMurin/plip/Gylcerolipids/BD6yc3-A-A-OLC7/report.txt	2	0	0	0	0	0	0
/Volumes/GigiMurin/plip/Gylcerolipids/BD6yc3-A-A-OLC8/report.txt	3	0	0	0	0	0	0
/Volumes/GigiMurin/plip/Gylcerolipids/BD6yc3-A-A-OLC9/report.txt	3	0	0	0	0	0	0
/Volumes/GigiMurin/plip/Gylcerolipids/BD6yc3-B-B-OLC1/report.txt	1	1	0	0	0	0	0
/Volumes/GigiMurin/plip/Gylcerolipids/BD6yc3-B-B-OLC2/report.txt	2	2	1	0	0	0	0
/Volumes/GigiMurin/plip/Gylcerolipids/BD6yc3-B-B-OLC3/report.txt	5	1	0	0	0	0	0
/Volumes/GigiMurin/plip/Gylcerolipids/BD6yc3-B-B-OLC4/report.txt	2	0	0	0	0	0	0
/Volumes/GigiMurin/plip/Gylcerolipids/BD6yc3-B-B-OLC5/report.txt	2	1	0	0	0	0	0
/Volumes/GigiMurin/plip/Gylcerolipids/BD6yc3-B-B-OLC6/report.txt	1	0	0	0	0	0	0
/Volumes/GigiMurin/plip/Gylcerolipids/BD6yc3-C-C-OLC10/report.txt	0	1	0	0	0	0	0
/Volumes/GigiMurin/plip/Gylcerolipids/BD6yc3-C-C-OLC1/report.txt	2	0	0	0	0	0	0
/Volumes/GigiMurin/plip/Gylcerolipids/BD6yc3-C-C-OLC2/report.txt	4	1	0	0	0	0	0
/Volumes/GigiMurin/plip/Gylcerolipids/BD6yc3-C-C-OLC3/report.txt	1	0	0	0	0	0	0
/Volumes/GigiMurin/plip/Gylcerolipids/BD6yc3-C-C-OLC4/report.txt	4	2	0	0	0	0	0
/Volumes/GigiMurin/plip/Gylcerolipids/BD6yc3-C-C-OLC5/report.txt	4	1	0	0	0	0	0
/Volumes/GigiMurin/plip/Gylcerolipids/BD6yc3-C-C-OLC6/report.txt	4	1	0	0	0	0	0
/Volumes/GigiMurin/plip/Gylcerolipids/BD6yc3-C-C-OLC7/report.txt	4	0	0	0	0	0	0
/Volumes/GigiMurin/plip/Gylcerolipids/BD6yc3-C-C-OLC8/report.txt	2	1	0	0	0	0	0
/Volumes/GigiMurin/plip/Gylcerolipids/BD6yc3-C-C-OLC9/report.txt	1	0	0	0	0	0	0
/Volumes/GigiMurin/plip/Gylcerolipids/BD6yc3-D-D-OLC1/report.txt	1	0	0	0	0	0	0
/Volumes/GigiMurin/plip/Gylcerolipids/BD6yc3-D-D-OLC2/report.txt	0	1	0	0	0	0	0
/Volumes/GigiMurin/plip/Gylcerolipids/BD6yc3-D-D-OLC3/report.txt	4	1	0	0	0	0	0
/Volumes/GigiMurin/plip/Gylcerolipids/BD6yc3-D-D-OLC4/report.txt	4	1	0	0	0	0	0
/Volumes/GigiMurin/plip/Gylcerolipids/BD6yc3-D-D-OLC5/report.txt	2	0	0	0	0	0	0
/Volumes/GigiMurin/plip/Gylcerolipids/BD6yc3-D-D-OLC6/report.txt	3	1	0	0	0	0	0
/Volumes/GigiMurin/plip/Gylcerolipids/BD6yc3-D-D-OLC7/report.txt	2	0	0	0	0	0	0
/Volumes/GigiMurin/plip/Gylcerolipids/BD6yc3-D-D-OLC8/report.txt	6	0	0	0	0	0	0
/Volumes/GigiMurin/plip/Gylcerolipids/BD6yc3-E-E-OLC1/report.txt	3	1	1	0	0	0	0
/Volumes/GigiMurin/plip/Gylcerolipids/BD6yc3-E-E-OLC2/report.txt	1	0	0	0	0	0	0
/Volumes/GigiMurin/plip/Gylcerolipids/BD6yc3-E-E-OLC3/report.txt	7	0	0	0	0	0	0
/Volumes/GigiMurin/plip/Gylcerolipids/BD6yc3-E-E-OLC4/report.txt	2	1	0	0	0	0	0
/Volumes/GigiMurin/plip/Gylcerolipids/BD6yc3-E-E-OLC5/report.txt	2	1	0	0	0	0	0
/Volumes/GigiMurin/plip/Gylcerolipids/BD6yc3-E-E-OLC6/report.txt	2	1	0	0	0	0	0
/Volumes/GigiMurin/plip/Gylcerolipids/BD6yc3-E-E-OLC7/report.txt	2	0	0	0	0	0	0
/Volumes/GigiMurin/plip/Gylcerolipids/BD6yc3-E-E-OLC8/report.txt	5	0	0	0	0	0	0
/Volumes/GigiMurin/plip/Gylcerolipids/BD6yc3-E-E-OLC9/report.txt	2	0	0	0	0	0	0
/Volumes/GigiMurin/plip/Gylcerolipids/BD6yc4-A-A-OLC1/report.txt	2	0	0	0	0	0	0
/Volumes/GigiMurin/plip/Gylcerolipids/BD6yc4-A-A-OLC2/report.txt	3	0	0	0	0	0	0
/Volumes/GigiMurin/plip/Gylcerolipids/BD6yc4-A-A-OLC3/report.txt	0	0	0	0	0	0	0
/Volumes/GigiMurin/plip/Gylcerolipids/BD6yc4-A-A-OLC4/report.txt	1	1	0	0	0	0	0
/Volumes/GigiMurin/plip/Gylcerolipids/BD6yc4-A-A-OLC5/report.txt	0	1	0	0	0	0	0
/Volumes/GigiMurin/plip/Gylcerolipids/BD6yc4-A-A-OLC6/report.txt	2	0	1	0	0	0	0
/Volumes/GigiMurin/plip/Gylcerolipids/BD6yc4-A-A-OLC7/report.txt	0	0	0	0	0	0	0
/Volumes/GigiMurin/plip/Gylcerolipids/BD6yc4-B-B-OLC1/report.txt	2	2	0	0	0	0	0
/Volumes/GigiMurin/plip/Gylcerolipids/BD6yc4-B-B-OLC2/report.txt	1	1	0	0	0	0	0
/Volumes/GigiMurin/plip/Gylcerolipids/BD6yc4-B-B-OLC3/report.txt	1	0	0	0	0	0	0
/Volumes/GigiMurin/plip/Gylcerolipids/BD6yc4-B-B-OLC4/report.txt	1	0	0	0	0	0	0
/Volumes/GigiMurin/plip/Gylcerolipids/BD6yc4-B-B-OLC5/report.txt	0	1	0	0	0	0	0
/Volumes/GigiMurin/plip/Gylcerolipids/BD6yc4-C-C-OLC1/report.txt	3	0	0	0	0	0	0
/Volumes/GigiMurin/plip/Gylcerolipids/BD6yc4-C-C-OLC2/report.txt	2	0	0	0	0	0	0
/Volumes/GigiMurin/plip/Gylcerolipids/BD6yc4-C-C-OLC3/report.txt	1	0	0	0	0	0	0
/Volumes/GigiMurin/plip/Gylcerolipids/BD6yc4-C-C-OLC4/report.txt	1	0	0	0	0	0	0
/Volumes/GigiMurin/plip/Gylcerolipids/BD6yc4-C-C-OLC5/report.txt	0	1	0	0	0	0	0
/Volumes/GigiMurin/plip/Gylcerolipids/BD6yc4-C-C-OLC6/report.txt	0	0	0	0	0	0	0
/Volumes/GigiMurin/plip/Gylcerolipids/BD6yc4-D-D-OLC1/report.txt	0	0	0	0	0	0	0
/Volumes/GigiMurin/plip/Gylcerolipids/BD6yc4-D-D-OLC2/report.txt	1	1	0	0	0	0	0
/Volumes/GigiMurin/plip/Gylcerolipids/BD6yc4-D-D-OLC3/report.txt	0	0	0	0	0	0	0
/Volumes/GigiMurin/plip/Gylcerolipids/BD6yc4-D-D-OLC4/report.txt	0	1	0	0	0	0	0
/Volumes/GigiMurin/plip/Gylcerolipids/BD6yc4-D-D-OLC5/report.txt	0	1	0	0	0	0	0
/Volumes/GigiMurin/plip/Gylcerolipids/BD6yc4-E-E-OLC1/report.txt	3	3	0	0	0	0	0
/Volumes/GigiMurin/plip/Gylcerolipids/BD6yc4-E-E-OLC2/report.txt	0	0	0	0	0	0	0
/Volumes/GigiMurin/plip/Gylcerolipids/BD6yc4-E-E-OLC3/report.txt	2	0	0	0	0	0	0
/Volumes/GigiMurin/plip/Gylcerolipids/BD6yc4-E-E-OLC4/report.txt	2	1	0	0	0	0	0
/Volumes/GigiMurin/plip/Gylcerolipids/BD6yc4-E-E-OLC5/report.txt	1	1	0	0	0	0	0
/Volumes/GigiMurin/plip/Gylcerolipids/BD6yp7-a-a-SQD1/report.txt	3	0	0	0	0	0	0
/Volumes/GigiMurin/plip/Gylcerolipids/BD6yp7-a-d-SQD1/report.txt	2	3	0	0	0	0	0
/Volumes/GigiMurin/plip/Gylcerolipids/BD6yp7-b-A-SQD1/report.txt	0	1	0	0	0	0	0
/Volumes/GigiMurin/plip/Gylcerolipids/BD6yp7-b-L-SQD1/report.txt	0	1	0	0	0	0	0
/Volumes/GigiMurin/plip/Gylcerolipids/BD6yp7-B-l-SQD2/report.txt	0	1	0	0	0	0	0
/Volumes/GigiMurin/plip/Gylcerolipids/BD6yp7-c-d-SQD1/report.txt	0	1	0	0	0	0	0
/Volumes/GigiMurin/plip/Gylcerolipids/BD6yp7-d-d-SQD1/report.txt	0	1	0	0	0	0	0
/Volumes/GigiMurin/plip/Gylcerolipids/BD6yp7-k-d-SQD1/report.txt	1	0	0	0	0	0	0
/Volumes/GigiMurin/plip/Gylcerolipids/BD6yp7-l-l-SQD1/report.txt	0	0	1	0	0	0	0
/Volumes/GigiMurin/plip/Gylcerolipids/BD6yp7-l-l-SQD2/report.txt	0	2	0	0	0	0	0
/Volumes/GigiMurin/plip/Gylcerolipids/BD6yp7-T-L-SQD1/report.txt	4	3	0	0	0	0	0
/Volumes/GigiMurin/plip/Gylcerolipids/BD6yt4-A-A-OLC1/report.txt	2	1	0	0	0	0	0
/Volumes/GigiMurin/plip/Gylcerolipids/BD6yt4-B-B-OLC1/report.txt	2	1	0	0	0	0	0
/Volumes/GigiMurin/plip/Gylcerolipids/BD6yt4-C-C-OLC1/report.txt	1	1	0	0	0	0	0
/Volumes/GigiMurin/plip/Gylcerolipids/BD6yt4-D-D-OLC1/report.txt	0	1	0	0	0	0	0
/Volumes/GigiMurin/plip/Gylcerolipids/BD6yt4-E-E-OLC1/report.txt	0	1	0	0	0	0	0
/Volumes/GigiMurin/plip/Gylcerolipids/BD6z10-A-A-OLC10/report.txt	1	0	0	0	0	0	0
/Volumes/GigiMurin/plip/Gylcerolipids/BD6z10-A-A-OLC11/report.txt	5	0	0	0	0	0	0
/Volumes/GigiMurin/plip/Gylcerolipids/BD6z10-A-A-OLC12/report.txt	5	3	0	0	0	0	0
/Volumes/GigiMurin/plip/Gylcerolipids/BD6z10-A-A-OLC1/report.txt	5	4	0	0	0	0	0
/Volumes/GigiMurin/plip/Gylcerolipids/BD6z10-A-A-OLC2/report.txt	3	0	0	0	0	0	0
/Volumes/GigiMurin/plip/Gylcerolipids/BD6z10-A-A-OLC3/report.txt	1	1	0	0	0	0	0
/Volumes/GigiMurin/plip/Gylcerolipids/BD6z10-A-A-OLC4/report.txt	4	1	1	0	0	0	0
/Volumes/GigiMurin/plip/Gylcerolipids/BD6z10-A-A-OLC5/report.txt	2	1	0	0	0	0	0
/Volumes/GigiMurin/plip/Gylcerolipids/BD6z10-A-A-OLC6/report.txt	3	0	0	0	0	0	0
/Volumes/GigiMurin/plip/Gylcerolipids/BD6z10-A-A-OLC7/report.txt	0	1	0	0	0	0	0
/Volumes/GigiMurin/plip/Gylcerolipids/BD6z10-A-A-OLC8/report.txt	3	1	0	0	0	0	0
/Volumes/GigiMurin/plip/Gylcerolipids/BD6z10-A-A-OLC9/report.txt	1	0	0	0	0	0	0
/Volumes/GigiMurin/plip/Gylcerolipids/BD6z1j-L-L-OLC1/report.txt	6	4	1	0	0	0	0
/Volumes/GigiMurin/plip/Gylcerolipids/BD6z27-L-L-OLC1/report.txt	5	4	1	0	0	0	0
/Volumes/GigiMurin/plip/Gylcerolipids/BD6z27-M-M-OLC1/report.txt	6	3	0	0	0	0	0
/Volumes/GigiMurin/plip/Gylcerolipids/BD6z70-A-A-OLC1/report.txt	5	0	0	0	0	0	0
/Volumes/GigiMurin/plip/Gylcerolipids/BD6z70-A-A-OLC2/report.txt	4	3	0	0	0	0	0
/Volumes/GigiMurin/plip/Gylcerolipids/BD6z70-A-A-OLC3/report.txt	9	2	0	0	0	0	0
/Volumes/GigiMurin/plip/Gylcerolipids/BD6z70-A-A-OLC4/report.txt	5	1	0	0	0	0	0
/Volumes/GigiMurin/plip/Gylcerolipids/BD6z70-A-B-OLC1/report.txt	7	1	0	0	0	0	0
/Volumes/GigiMurin/plip/Gylcerolipids/BD6z70-A-B-OLC2/report.txt	5	0	1	0	0	0	0
/Volumes/GigiMurin/plip/Gylcerolipids/BD6z70-B-A-OLC1/report.txt	7	2	0	0	0	0	0
/Volumes/GigiMurin/plip/Gylcerolipids/BD6z70-B-A-OLC2/report.txt	6	1	1	0	0	0	0
/Volumes/GigiMurin/plip/Gylcerolipids/BD6z70-B-B-OLC1/report.txt	8	0	0	0	0	0	0
/Volumes/GigiMurin/plip/Gylcerolipids/BD6z70-B-B-OLC2/report.txt	4	1	0	0	0	0	0
/Volumes/GigiMurin/plip/Gylcerolipids/BD6z70-B-B-OLC3/report.txt	5	1	0	0	0	0	0
/Volumes/GigiMurin/plip/Gylcerolipids/BD6zdr-A-A-OLC1/report.txt	1	0	0	0	0	0	0
/Volumes/GigiMurin/plip/Gylcerolipids/BD6zdr-A-A-OLC2/report.txt	1	0	0	0	0	0	0
/Volumes/GigiMurin/plip/Gylcerolipids/BD6zdr-A-A-OLC3/report.txt	2	1	0	0	0	0	0
/Volumes/GigiMurin/plip/Gylcerolipids/BD6zdr-A-A-OLC4/report.txt	5	1	0	0	0	0	0
/Volumes/GigiMurin/plip/Gylcerolipids/BD6zdv-A-A-OLC1/report.txt	3	0	0	0	0	0	0
/Volumes/GigiMurin/plip/Gylcerolipids/BD6zfz-A-A-OLC1/report.txt	3	1	0	0	0	0	0
/Volumes/GigiMurin/plip/Gylcerolipids/BD6zhw-C-C-DGA1/report.txt	0	0	0	0	0	0	0
/Volumes/GigiMurin/plip/Gylcerolipids/BD6zhw-L-C-DGA1/report.txt	2	0	0	0	0	0	0
/Volumes/GigiMurin/plip/Gylcerolipids/BD6zi4-C-C-DGA1/report.txt	0	0	0	0	0	0	0
/Volumes/GigiMurin/plip/Gylcerolipids/BD6zi4-L-C-DGA1/report.txt	2	0	0	0	0	0	0
/Volumes/GigiMurin/plip/Gylcerolipids/BD6zi5-C-C-DGA1/report.txt	0	0	0	0	0	0	0
/Volumes/GigiMurin/plip/Gylcerolipids/BD6zi5-L-C-DGA1/report.txt	2	0	0	0	0	0	0
/Volumes/GigiMurin/plip/Gylcerolipids/BD6zi6-C-C-DGA1/report.txt	0	0	0	0	0	0	0
/Volumes/GigiMurin/plip/Gylcerolipids/BD6zi6-L-C-DGA1/report.txt	2	0	0	0	0	0	0
/Volumes/GigiMurin/plip/Gylcerolipids/BD6zi9-C-C-DGA1/report.txt	0	0	0	0	0	0	0
/Volumes/GigiMurin/plip/Gylcerolipids/BD6zi9-L-C-DGA1/report.txt	2	0	0	0	0	0	0
/Volumes/GigiMurin/plip/Gylcerolipids/BD6zia-C-C-DGA1/report.txt	0	0	0	0	0	0	0
/Volumes/GigiMurin/plip/Gylcerolipids/BD6zia-L-C-DGA1/report.txt	2	0	0	0	0	0	0
/Volumes/GigiMurin/plip/Gylcerolipids/BD6zid-C-C-DGA1/report.txt	0	0	0	0	0	0	0
/Volumes/GigiMurin/plip/Gylcerolipids/BD6zid-L-C-DGA1/report.txt	2	0	0	0	0	0	0
/Volumes/GigiMurin/plip/Gylcerolipids/BD6zzx-2-2-DGA1/report.txt	6	0	0	0	0	0	0
/Volumes/GigiMurin/plip/Gylcerolipids/BD6zzx-2-I-SQD1/report.txt	2	1	0	0	0	0	0
/Volumes/GigiMurin/plip/Gylcerolipids/BD6zzx-3-3-DGA1/report.txt	0	0	0	0	0	0	0
/Volumes/GigiMurin/plip/Gylcerolipids/BD6zzx-5-5-DGA1/report.txt	1	0	1	0	0	0	0
/Volumes/GigiMurin/plip/Gylcerolipids/BD6zzx-6-7-SQD1/report.txt	1	0	0	0	0	0	0
/Volumes/GigiMurin/plip/Gylcerolipids/BD6zzx-7-3-DGA1/report.txt	0	2	0	0	0	0	0
/Volumes/GigiMurin/plip/Gylcerolipids/BD6zzx-7-7-4RF1/report.txt	4	0	0	0	0	0	0
/Volumes/GigiMurin/plip/Gylcerolipids/BD6zzx-7-7-SQD1/report.txt	0	0	0	0	0	0	0
/Volumes/GigiMurin/plip/Gylcerolipids/BD6zzx-8-8-DGA1/report.txt	6	1	0	0	0	0	0
/Volumes/GigiMurin/plip/Gylcerolipids/BD6zzx-9-G-SQD1/report.txt	2	0	0	0	0	0	0
/Volumes/GigiMurin/plip/Gylcerolipids/BD6zzx-A-A-SQD1/report.txt	2	0	0	0	0	0	0
/Volumes/GigiMurin/plip/Gylcerolipids/BD6zzx-B-G-SQD1/report.txt	2	0	0	0	0	0	0
/Volumes/GigiMurin/plip/Gylcerolipids/BD6zzx-F-7-4RF1/report.txt	1	0	0	0	0	0	0
/Volumes/GigiMurin/plip/Gylcerolipids/BD6zzx-G-G-SQD1/report.txt	0	2	0	0	0	0	0
/Volumes/GigiMurin/plip/Gylcerolipids/BD6zzx-H-H-SQD1/report.txt	1	1	0	0	0	0	0
/Volumes/GigiMurin/plip/Gylcerolipids/BD6zzx-H-I-SQD1/report.txt	1	0	1	0	0	0	0
/Volumes/GigiMurin/plip/Gylcerolipids/BD6zzx-I-I-SQD1/report.txt	1	1	2	0	0	0	0
/Volumes/GigiMurin/plip/Gylcerolipids/BD6zzx-J-7-4RF1/report.txt	2	0	0	0	0	0	0
/Volumes/GigiMurin/plip/Gylcerolipids/BD6zzx-L-H-SQD1/report.txt	3	0	0	0	0	0	0
/Volumes/GigiMurin/plip/Gylcerolipids/BD6zzx-M-I-SQD1/report.txt	1	0	0	0	0	0	0
/Volumes/GigiMurin/plip/Gylcerolipids/BD6zzy-2-H-SQD1/report.txt	0	1	0	0	0	0	0
/Volumes/GigiMurin/plip/Gylcerolipids/BD6zzy-5-5-DGA1/report.txt	1	3	2	0	0	0	0
/Volumes/GigiMurin/plip/Gylcerolipids/BD6zzy-6-7-SQD1/report.txt	1	0	0	0	0	0	0
/Volumes/GigiMurin/plip/Gylcerolipids/BD6zzy-7-7-4RF1/report.txt	0	1	0	0	0	0	0
/Volumes/GigiMurin/plip/Gylcerolipids/BD6zzy-7-7-SQD1/report.txt	1	1	0	0	0	0	0
/Volumes/GigiMurin/plip/Gylcerolipids/BD6zzy-8-8-4RF1/report.txt	3	0	0	0	0	0	0
/Volumes/GigiMurin/plip/Gylcerolipids/BD6zzy-8-8-4RF2/report.txt	3	0	1	0	0	0	0
/Volumes/GigiMurin/plip/Gylcerolipids/BD6zzy-8-8-DGA1/report.txt	2	1	0	0	0	0	0
/Volumes/GigiMurin/plip/Gylcerolipids/BD6zzy-9-G-SQD1/report.txt	3	1	0	0	0	0	0
/Volumes/GigiMurin/plip/Gylcerolipids/BD6zzy-B-G-SQD1/report.txt	3	0	0	0	0	0	0
/Volumes/GigiMurin/plip/Gylcerolipids/BD6zzy-F-8-4RF2/report.txt	1	0	0	0	0	0	0
/Volumes/GigiMurin/plip/Gylcerolipids/BD6zzy-F-8-DGA1/report.txt	4	0	2	0	0	0	0
/Volumes/GigiMurin/plip/Gylcerolipids/BD6zzy-G-G-SQD1/report.txt	0	1	0	0	0	0	0
/Volumes/GigiMurin/plip/Gylcerolipids/BD6zzy-H-H-SQD1/report.txt	3	1	0	0	0	0	0
/Volumes/GigiMurin/plip/Gylcerolipids/BD6zzy-J-7-4RF1/report.txt	2	0	0	0	0	0	0
/Volumes/GigiMurin/plip/Gylcerolipids/BD6zzy-J-8-4RF1/report.txt	1	0	0	0	0	0	0
/Volumes/GigiMurin/plip/Gylcerolipids/BD6zzy-J-8-4RF2/report.txt	1	0	0	0	0	0	0
/Volumes/GigiMurin/plip/Gylcerolipids/BD6zzy-L-H-SQD1/report.txt	3	0	0	0	0	0	0
/Volumes/GigiMurin/plip/Gylcerolipids/BD7a4p-5-5-DGA1/report.txt	2	0	2	0	0	0	0
/Volumes/GigiMurin/plip/Gylcerolipids/BD7a4p-6-7-SQD1/report.txt	1	0	0	0	0	0	0
/Volumes/GigiMurin/plip/Gylcerolipids/BD7a4p-7-7-4RF1/report.txt	2	1	0	0	0	0	0
/Volumes/GigiMurin/plip/Gylcerolipids/BD7a4p-7-7-SQD1/report.txt	1	2	0	0	0	0	0
/Volumes/GigiMurin/plip/Gylcerolipids/BD7a4p-8-8-4RF1/report.txt	1	0	0	0	0	0	0
/Volumes/GigiMurin/plip/Gylcerolipids/BD7a4p-8-8-4RF2/report.txt	3	0	0	0	0	0	0
/Volumes/GigiMurin/plip/Gylcerolipids/BD7a4p-8-8-DGA1/report.txt	2	0	1	0	0	0	0
/Volumes/GigiMurin/plip/Gylcerolipids/BD7a4p-B-G-SQD1/report.txt	2	0	0	0	0	0	0
/Volumes/GigiMurin/plip/Gylcerolipids/BD7a4p-F-7-4RF1/report.txt	1	0	0	0	0	0	0
/Volumes/GigiMurin/plip/Gylcerolipids/BD7a4p-F-8-DGA1/report.txt	3	0	1	0	0	0	0
/Volumes/GigiMurin/plip/Gylcerolipids/BD7a4p-G-G-SQD1/report.txt	0	1	0	0	0	0	0
/Volumes/GigiMurin/plip/Gylcerolipids/BD7a4p-J-7-4RF1/report.txt	1	0	0	0	0	0	0
/Volumes/GigiMurin/plip/Gylcerolipids/BD7a4p-J-8-4RF1/report.txt	2	0	0	0	0	0	0
/Volumes/GigiMurin/plip/Gylcerolipids/BD7a4p-J-8-4RF2/report.txt	1	0	0	0	0	0	0
/Volumes/GigiMurin/plip/Gylcerolipids/BD7aaq-A-A-OLC1/report.txt	7	1	0	0	0	0	0
/Volumes/GigiMurin/plip/Gylcerolipids/BD7aaq-A-A-OLC2/report.txt	6	1	0	0	0	0	0
/Volumes/GigiMurin/plip/Gylcerolipids/BD7aaq-A-A-OLC3/report.txt	5	0	1	0	0	0	0
/Volumes/GigiMurin/plip/Gylcerolipids/BD7aaq-A-A-OLC4/report.txt	3	1	0	0	0	0	0
/Volumes/GigiMurin/plip/Gylcerolipids/BD7ahk-A-A-OLC1/report.txt	2	0	1	0	0	0	0
/Volumes/GigiMurin/plip/Gylcerolipids/BD7ahk-A-A-OLC2/report.txt	5	0	0	0	0	0	0
/Volumes/GigiMurin/plip/Gylcerolipids/BD7akx-A-A-OLC1/report.txt	1	1	0	0	0	0	0
/Volumes/GigiMurin/plip/Gylcerolipids/BD7akx-B-B-OLC1/report.txt	2	2	0	0	0	0	0
/Volumes/GigiMurin/plip/Gylcerolipids/BD7arh-C-C-Z411/report.txt	7	0	0	0	0	0	0
/Volumes/GigiMurin/plip/Gylcerolipids/BD7arh-E-C-Z411/report.txt	0	0	0	0	0	0	0
/Volumes/GigiMurin/plip/Gylcerolipids/BD7arj-C-V-Z411/report.txt	5	0	0	0	0	0	0
/Volumes/GigiMurin/plip/Gylcerolipids/BD7arj-E-V-Z411/report.txt	2	0	0	0	0	0	0
/Volumes/GigiMurin/plip/Gylcerolipids/BD7arj-V-V-Z411/report.txt	0	0	0	0	0	0	0
/Volumes/GigiMurin/plip/Gylcerolipids/BD7arl-C-C-Z411/report.txt	6	0	0	0	0	0	0
/Volumes/GigiMurin/plip/Gylcerolipids/BD7arl-E-C-Z411/report.txt	2	0	0	0	0	0	0
/Volumes/GigiMurin/plip/Gylcerolipids/BD7arm-C-V-Z411/report.txt	4	0	0	0	0	0	0
/Volumes/GigiMurin/plip/Gylcerolipids/BD7arm-E-V-Z411/report.txt	2	0	0	0	0	0	0
/Volumes/GigiMurin/plip/Gylcerolipids/BD7arm-V-V-Z411/report.txt	0	1	0	0	0	0	0
/Volumes/GigiMurin/plip/Gylcerolipids/BD7avn-A-A-OLC1/report.txt	1	1	0	0	0	0	0
/Volumes/GigiMurin/plip/Gylcerolipids/BD7avn-A-A-OLC2/report.txt	1	0	0	0	0	0	0
/Volumes/GigiMurin/plip/Gylcerolipids/BD7avn-B-B-OLC1/report.txt	1	0	0	0	0	0	0
/Volumes/GigiMurin/plip/Gylcerolipids/BD7avn-B-B-OLC2/report.txt	0	0	0	0	0	0	0
/Volumes/GigiMurin/plip/Gylcerolipids/BD7avo-B-B-OLC1/report.txt	1	1	1	0	0	0	0
/Volumes/GigiMurin/plip/Gylcerolipids/BD7b0o-A-A-OLC1/report.txt	10	0	0	0	0	0	0
/Volumes/GigiMurin/plip/Gylcerolipids/BD7b0o-A-A-OLC2/report.txt	12	1	1	0	0	0	0
/Volumes/GigiMurin/plip/Gylcerolipids/BD7b0o-A-A-OLC3/report.txt	8	1	0	0	0	0	0
/Volumes/GigiMurin/plip/Gylcerolipids/BD7b0o-A-A-OLC4/report.txt	2	1	0	0	0	0	0
/Volumes/GigiMurin/plip/Gylcerolipids/BD7b0o-A-A-OLC5/report.txt	4	0	0	0	0	0	0
/Volumes/GigiMurin/plip/Gylcerolipids/BD7b0o-A-A-OLC6/report.txt	4	1	0	0	0	0	0
/Volumes/GigiMurin/plip/Gylcerolipids/BD7b0o-A-B-OLC4/report.txt	1	0	0	0	0	0	0
/Volumes/GigiMurin/plip/Gylcerolipids/BD7b0o-B-B-OLC1/report.txt	4	1	0	0	0	0	0
/Volumes/GigiMurin/plip/Gylcerolipids/BD7b0o-B-B-OLC2/report.txt	11	1	0	0	0	0	0
/Volumes/GigiMurin/plip/Gylcerolipids/BD7b0o-B-B-OLC3/report.txt	5	1	0	0	0	0	0
/Volumes/GigiMurin/plip/Gylcerolipids/BD7b0o-B-B-OLC4/report.txt	8	1	0	0	0	0	0
/Volumes/GigiMurin/plip/Gylcerolipids/BD7b0o-B-B-OLC5/report.txt	1	0	0	0	0	0	0
/Volumes/GigiMurin/plip/Gylcerolipids/BD7b0p-A-A-OLC1/report.txt	4	2	0	0	0	0	0
/Volumes/GigiMurin/plip/Gylcerolipids/BD7b0p-A-A-OLC2/report.txt	10	1	1	0	0	0	0
/Volumes/GigiMurin/plip/Gylcerolipids/BD7b0p-A-A-OLC3/report.txt	3	0	0	0	0	0	0
/Volumes/GigiMurin/plip/Gylcerolipids/BD7b0p-A-A-OLC4/report.txt	4	1	0	0	0	0	0
/Volumes/GigiMurin/plip/Gylcerolipids/BD7b0p-A-A-OLC5/report.txt	6	1	0	0	0	0	0
/Volumes/GigiMurin/plip/Gylcerolipids/BD7b0p-A-B-OLC3/report.txt	2	1	0	0	0	0	0
/Volumes/GigiMurin/plip/Gylcerolipids/BD7b0p-A-B-OLC4/report.txt	2	0	0	0	0	0	0
/Volumes/GigiMurin/plip/Gylcerolipids/BD7b0p-B-A-OLC5/report.txt	2	0	1	0	0	0	0
/Volumes/GigiMurin/plip/Gylcerolipids/BD7b0p-B-B-OLC1/report.txt	9	1	0	0	0	0	0
/Volumes/GigiMurin/plip/Gylcerolipids/BD7b0p-B-B-OLC2/report.txt	6	1	1	0	0	0	0
/Volumes/GigiMurin/plip/Gylcerolipids/BD7b0p-B-B-OLC3/report.txt	5	1	0	0	0	0	0
/Volumes/GigiMurin/plip/Gylcerolipids/BD7b0p-B-B-OLC4/report.txt	0	2	0	0	0	0	0
/Volumes/GigiMurin/plip/Gylcerolipids/BD7b0p-B-B-OLC5/report.txt	6	0	0	0	0	0	0
/Volumes/GigiMurin/plip/Gylcerolipids/BD7b0p-B-B-OLC6/report.txt	4	1	0	0	0	0	0
/Volumes/GigiMurin/plip/Gylcerolipids/BD7b0p-B-B-OLC7/report.txt	8	1	0	0	0	0	0
/Volumes/GigiMurin/plip/Gylcerolipids/BD7b0q-A-A-OLC1/report.txt	3	0	0	0	0	0	0
/Volumes/GigiMurin/plip/Gylcerolipids/BD7b0q-A-A-OLC2/report.txt	4	0	0	0	0	0	0
/Volumes/GigiMurin/plip/Gylcerolipids/BD7b0q-A-A-OLC3/report.txt	6	0	0	0	0	0	0
/Volumes/GigiMurin/plip/Gylcerolipids/BD7b0q-A-A-OLC4/report.txt	7	1	0	0	0	0	0
/Volumes/GigiMurin/plip/Gylcerolipids/BD7b0q-A-A-OLC5/report.txt	3	0	0	0	0	0	0
/Volumes/GigiMurin/plip/Gylcerolipids/BD7b0q-A-A-OLC6/report.txt	3	0	0	0	0	0	0
/Volumes/GigiMurin/plip/Gylcerolipids/BD7b0q-A-A-OLC7/report.txt	3	0	0	0	0	0	0
/Volumes/GigiMurin/plip/Gylcerolipids/BD7b0r-A-A-OLC1/report.txt	9	2	1	0	0	0	0
/Volumes/GigiMurin/plip/Gylcerolipids/BD7b0r-A-A-OLC2/report.txt	6	0	0	0	0	0	0
/Volumes/GigiMurin/plip/Gylcerolipids/BD7b0r-A-A-OLC3/report.txt	2	2	0	0	0	0	0
/Volumes/GigiMurin/plip/Gylcerolipids/BD7b0r-A-A-OLC4/report.txt	3	0	0	0	0	0	0
/Volumes/GigiMurin/plip/Gylcerolipids/BD7b1k-A-A-OLC1/report.txt	2	2	0	0	0	0	0
/Volumes/GigiMurin/plip/Gylcerolipids/BD7b1k-A-A-OLC2/report.txt	0	0	0	0	0	0	0
/Volumes/GigiMurin/plip/Gylcerolipids/BD7b1k-A-A-OLC3/report.txt	1	1	0	0	0	0	0
/Volumes/GigiMurin/plip/Gylcerolipids/BD7b1k-A-A-OLC4/report.txt	0	0	0	0	0	0	0
/Volumes/GigiMurin/plip/Gylcerolipids/BD7b1k-B-A-OLC3/report.txt	4	0	0	0	0	0	0
/Volumes/GigiMurin/plip/Gylcerolipids/BD7b1k-B-B-OLC1/report.txt	6	0	0	0	0	0	0
/Volumes/GigiMurin/plip/Gylcerolipids/BD7b1k-B-B-OLC2/report.txt	7	1	0	0	0	0	0
/Volumes/GigiMurin/plip/Gylcerolipids/BD7b1l-A-A-OLC1/report.txt	1	4	0	0	0	0	0
/Volumes/GigiMurin/plip/Gylcerolipids/BD7b1l-A-A-OLC2/report.txt	3	0	0	0	0	0	0
/Volumes/GigiMurin/plip/Gylcerolipids/BD7b1l-A-A-OLC3/report.txt	1	1	0	0	0	0	0
/Volumes/GigiMurin/plip/Gylcerolipids/BD7b1l-A-A-OLC4/report.txt	4	0	0	0	0	0	0
/Volumes/GigiMurin/plip/Gylcerolipids/BD7b1l-A-A-OLC5/report.txt	5	1	0	0	0	0	0
/Volumes/GigiMurin/plip/Gylcerolipids/BD7b1l-A-A-OLC6/report.txt	5	0	0	0	0	0	0
/Volumes/GigiMurin/plip/Gylcerolipids/BD7b1l-B-A-OLC1/report.txt	3	0	0	0	0	0	0
/Volumes/GigiMurin/plip/Gylcerolipids/BD7b1l-B-A-OLC3/report.txt	1	0	0	0	0	0	0
/Volumes/GigiMurin/plip/Gylcerolipids/BD7b1l-B-A-OLC6/report.txt	1	0	0	0	0	0	0
/Volumes/GigiMurin/plip/Gylcerolipids/BD7b1l-B-B-OLC1/report.txt	2	1	0	0	0	0	0
/Volumes/GigiMurin/plip/Gylcerolipids/BD7b1l-B-B-OLC2/report.txt	3	0	0	0	0	0	0
/Volumes/GigiMurin/plip/Gylcerolipids/BD7bgi-1-1-SQD1/report.txt	1	2	0	0	0	0	0
/Volumes/GigiMurin/plip/Gylcerolipids/BD7bgi-2-2-SQD1/report.txt	2	3	2	0	0	0	0
/Volumes/GigiMurin/plip/Gylcerolipids/BD7bgi-2-9-DGA1/report.txt	2	0	0	0	0	0	0
/Volumes/GigiMurin/plip/Gylcerolipids/BD7bgi-8-1-SQD1/report.txt	4	1	4	0	0	0	0
/Volumes/GigiMurin/plip/Gylcerolipids/BD7bgi-9-9-DGA1/report.txt	1	1	0	0	0	0	0
/Volumes/GigiMurin/plip/Gylcerolipids/BD7bgi-A-A-DGA1/report.txt	4	0	0	0	0	0	0
/Volumes/GigiMurin/plip/Gylcerolipids/BD7bgi-L-2-SQD1/report.txt	2	0	0	0	0	0	0
/Volumes/GigiMurin/plip/Gylcerolipids/BD7blx-1-1-SQD1/report.txt	0	2	0	0	0	0	0
/Volumes/GigiMurin/plip/Gylcerolipids/BD7blx-7-A-DGA1/report.txt	2	0	0	0	0	0	0
/Volumes/GigiMurin/plip/Gylcerolipids/BD7blx-8-1-SQD1/report.txt	4	1	3	0	0	0	0
/Volumes/GigiMurin/plip/Gylcerolipids/BD7blx-A-A-DGA1/report.txt	5	0	0	0	0	0	0
/Volumes/GigiMurin/plip/Gylcerolipids/BD7blz-1-J-DGA1/report.txt	2	0	0	0	0	0	0
/Volumes/GigiMurin/plip/Gylcerolipids/BD7blz-2-2-DGA1/report.txt	1	0	0	0	0	0	0
/Volumes/GigiMurin/plip/Gylcerolipids/BD7blz-2-J-DGA1/report.txt	4	1	0	0	0	0	0
/Volumes/GigiMurin/plip/Gylcerolipids/BD7blz-A-2-DGA1/report.txt	2	0	0	0	0	0	0
/Volumes/GigiMurin/plip/Gylcerolipids/BD7blz-J-J-DGA1/report.txt	3	2	1	0	0	0	0
/Volumes/GigiMurin/plip/Gylcerolipids/BD7br3-A-A-OLC1/report.txt	0	0	1	0	0	0	0
/Volumes/GigiMurin/plip/Gylcerolipids/BD7br3-A-A-OLC2/report.txt	1	1	0	0	0	0	0
/Volumes/GigiMurin/plip/Gylcerolipids/BD7bw1-A-A-OLC1/report.txt	5	1	0	0	0	0	0
/Volumes/GigiMurin/plip/Gylcerolipids/BD7c83-A-A-OLC1/report.txt	8	1	0	0	0	0	0
/Volumes/GigiMurin/plip/Gylcerolipids/BD7c83-A-A-OLC2/report.txt	6	1	1	0	0	0	0
/Volumes/GigiMurin/plip/Gylcerolipids/BD7c83-A-A-OLC3/report.txt	0	3	0	0	0	0	0
/Volumes/GigiMurin/plip/Gylcerolipids/BD7c83-A-A-OLC4/report.txt	3	1	0	0	0	0	0
/Volumes/GigiMurin/plip/Gylcerolipids/BD7c83-A-A-OLC5/report.txt	1	0	0	0	0	0	0
/Volumes/GigiMurin/plip/Gylcerolipids/BD7c83-A-A-OLC6/report.txt	5	0	0	0	0	0	0
/Volumes/GigiMurin/plip/Gylcerolipids/BD7c83-A-A-OLC7/report.txt	5	0	0	0	0	0	0
/Volumes/GigiMurin/plip/Gylcerolipids/BD7c83-A-A-OLC8/report.txt	1	2	0	0	0	0	0
/Volumes/GigiMurin/plip/Gylcerolipids/BD7c86-A-A-OLC1/report.txt	5	0	0	0	0	0	0
/Volumes/GigiMurin/plip/Gylcerolipids/BD7c86-A-A-OLC2/report.txt	1	0	0	0	0	0	0
/Volumes/GigiMurin/plip/Gylcerolipids/BD7c86-A-A-OLC3/report.txt	0	0	0	0	0	0	0
/Volumes/GigiMurin/plip/Gylcerolipids/BD7c86-A-A-OLC4/report.txt	3	0	0	0	0	0	0
/Volumes/GigiMurin/plip/Gylcerolipids/BD7c86-A-A-OLC5/report.txt	4	2	0	0	0	0	0
/Volumes/GigiMurin/plip/Gylcerolipids/BD7c86-A-A-OLC6/report.txt	3	1	0	0	0	0	0
/Volumes/GigiMurin/plip/Gylcerolipids/BD7c86-A-A-OLC7/report.txt	1	0	0	0	0	0	0
/Volumes/GigiMurin/plip/Gylcerolipids/BD7c86-A-A-OLC8/report.txt	1	0	0	0	0	0	0
/Volumes/GigiMurin/plip/Gylcerolipids/BD7c86-A-A-OLC9/report.txt	2	0	0	0	0	0	0
/Volumes/GigiMurin/plip/Gylcerolipids/BD7c9r-C-C-DGA1/report.txt	0	0	0	0	0	0	0
/Volumes/GigiMurin/plip/Gylcerolipids/BD7c9r-L-C-DGA1/report.txt	5	0	0	0	0	0	0
/Volumes/GigiMurin/plip/Gylcerolipids/BD7cff-A-A-OLC1/report.txt	8	0	0	0	0	0	0
/Volumes/GigiMurin/plip/Gylcerolipids/BD7cff-A-A-OLC2/report.txt	3	0	0	0	0	0	0
/Volumes/GigiMurin/plip/Gylcerolipids/BD7cff-A-A-OLC3/report.txt	0	1	0	0	0	0	0
/Volumes/GigiMurin/plip/Gylcerolipids/BD7cfg-A-A-OLC1/report.txt	10	0	0	0	0	0	0
/Volumes/GigiMurin/plip/Gylcerolipids/BD7cfg-A-A-OLC2/report.txt	5	0	0	0	0	0	0
/Volumes/GigiMurin/plip/Gylcerolipids/BD7cfg-A-A-OLC3/report.txt	0	0	0	0	0	0	0
/Volumes/GigiMurin/plip/Gylcerolipids/BD7cj3-A-A-OLC1/report.txt	4	0	0	0	0	0	0
/Volumes/GigiMurin/plip/Gylcerolipids/BD7cj3-A-A-OLC2/report.txt	7	0	0	0	0	0	0
/Volumes/GigiMurin/plip/Gylcerolipids/BD7cj3-A-A-OLC3/report.txt	10	1	0	0	0	0	0
/Volumes/GigiMurin/plip/Gylcerolipids/BD7cj3-A-A-OLC4/report.txt	2	1	1	0	0	0	0
/Volumes/GigiMurin/plip/Gylcerolipids/BD7cj3-A-A-OLC5/report.txt	4	0	0	0	0	0	0
/Volumes/GigiMurin/plip/Gylcerolipids/BD7cj3-A-A-OLC6/report.txt	4	1	0	0	0	0	0
/Volumes/GigiMurin/plip/Gylcerolipids/BD7cj3-A-A-OLC7/report.txt	3	1	0	0	0	0	0
/Volumes/GigiMurin/plip/Gylcerolipids/BD7cj3-A-B-OLC1/report.txt	2	2	0	0	0	0	0
/Volumes/GigiMurin/plip/Gylcerolipids/BD7cj3-B-A-OLC1/report.txt	3	0	0	0	0	0	0
/Volumes/GigiMurin/plip/Gylcerolipids/BD7cj3-B-B-OLC1/report.txt	5	0	1	0	0	0	0
/Volumes/GigiMurin/plip/Gylcerolipids/BD7cj3-B-B-OLC2/report.txt	4	0	0	0	0	0	0
/Volumes/GigiMurin/plip/Gylcerolipids/BD7cj3-B-B-OLC3/report.txt	3	1	1	0	0	0	0
/Volumes/GigiMurin/plip/Gylcerolipids/BD7cj3-B-B-OLC4/report.txt	4	0	0	0	0	0	0
/Volumes/GigiMurin/plip/Gylcerolipids/BD7cj3-B-B-OLC5/report.txt	0	0	0	0	0	0	0
/Volumes/GigiMurin/plip/Gylcerolipids/BD7cj3-B-B-OLC6/report.txt	6	0	0	0	0	0	0
/Volumes/GigiMurin/plip/Gylcerolipids/BD7cj3-B-B-OLC7/report.txt	3	0	0	0	0	0	0
/Volumes/GigiMurin/plip/Gylcerolipids/BD7cji-a-a-SQD1/report.txt	5	3	0	0	0	0	0
/Volumes/GigiMurin/plip/Gylcerolipids/BD7cji-a-a-SQD2/report.txt	2	3	0	0	0	0	0
/Volumes/GigiMurin/plip/Gylcerolipids/BD7cji-A-C-SQD1/report.txt	3	2	0	0	0	0	0
/Volumes/GigiMurin/plip/Gylcerolipids/BD7cji-b-A-SQD1/report.txt	1	0	0	0	0	0	0
/Volumes/GigiMurin/plip/Gylcerolipids/BD7cji-B-a-SQD2/report.txt	0	3	0	0	0	0	0
/Volumes/GigiMurin/plip/Gylcerolipids/BD7cji-B-B-SQD1/report.txt	1	1	1	0	0	0	0
/Volumes/GigiMurin/plip/Gylcerolipids/BD7cji-b-L-SQD1/report.txt	2	0	1	0	0	0	0
/Volumes/GigiMurin/plip/Gylcerolipids/BD7cji-c-a-SQD1/report.txt	2	2	0	0	0	0	0
/Volumes/GigiMurin/plip/Gylcerolipids/BD7cji-C-C-SQD1/report.txt	1	3	0	0	0	0	0
/Volumes/GigiMurin/plip/Gylcerolipids/BD7cji-d-a-SQD1/report.txt	0	1	1	0	0	0	0
/Volumes/GigiMurin/plip/Gylcerolipids/BD7cji-D-D-SQD1/report.txt	0	1	1	0	0	0	0
/Volumes/GigiMurin/plip/Gylcerolipids/BD7cji-d-f-SQD1/report.txt	0	0	1	0	0	0	0
/Volumes/GigiMurin/plip/Gylcerolipids/BD7cji-E-D-SQD1/report.txt	0	1	0	0	0	0	0
/Volumes/GigiMurin/plip/Gylcerolipids/BD7cji-f-f-SQD1/report.txt	1	1	0	0	0	0	0
/Volumes/GigiMurin/plip/Gylcerolipids/BD7cji-k-a-SQD1/report.txt	2	0	0	0	0	0	0
/Volumes/GigiMurin/plip/Gylcerolipids/BD7cji-K-C-SQD1/report.txt	3	0	0	0	0	0	0
/Volumes/GigiMurin/plip/Gylcerolipids/BD7cji-L-B-SQD1/report.txt	0	0	1	0	0	0	0
/Volumes/GigiMurin/plip/Gylcerolipids/BD7cji-L-L-SQD1/report.txt	1	2	1	0	0	0	0
/Volumes/GigiMurin/plip/Gylcerolipids/BD7cji-t-B-SQD1/report.txt	3	0	0	0	0	0	0
/Volumes/GigiMurin/plip/Gylcerolipids/BD7cji-T-L-SQD1/report.txt	1	0	0	0	0	0	0
/Volumes/GigiMurin/plip/Gylcerolipids/BD7cjj-a-a-SQD1/report.txt	5	3	0	0	0	0	0
/Volumes/GigiMurin/plip/Gylcerolipids/BD7cjj-a-a-SQD2/report.txt	5	3	0	0	0	0	0
/Volumes/GigiMurin/plip/Gylcerolipids/BD7cjj-b-A-SQD2/report.txt	1	3	0	0	0	0	0
/Volumes/GigiMurin/plip/Gylcerolipids/BD7cjj-B-B-SQD1/report.txt	2	1	1	0	0	0	0
/Volumes/GigiMurin/plip/Gylcerolipids/BD7cjj-b-L-SQD1/report.txt	1	0	1	0	0	0	0
/Volumes/GigiMurin/plip/Gylcerolipids/BD7cjj-c-a-SQD1/report.txt	1	3	0	0	0	0	0
/Volumes/GigiMurin/plip/Gylcerolipids/BD7cjj-d-a-SQD1/report.txt	0	1	1	0	0	0	0
/Volumes/GigiMurin/plip/Gylcerolipids/BD7cjj-D-D-SQD1/report.txt	0	1	1	0	0	0	0
/Volumes/GigiMurin/plip/Gylcerolipids/BD7cjj-d-f-SQD1/report.txt	0	0	1	0	0	0	0
/Volumes/GigiMurin/plip/Gylcerolipids/BD7cjj-E-D-SQD1/report.txt	0	1	0	0	0	0	0
/Volumes/GigiMurin/plip/Gylcerolipids/BD7cjj-f-f-SQD1/report.txt	2	1	0	0	0	0	0
/Volumes/GigiMurin/plip/Gylcerolipids/BD7cjj-k-a-SQD1/report.txt	2	0	0	0	0	0	0
/Volumes/GigiMurin/plip/Gylcerolipids/BD7cjj-L-B-SQD1/report.txt	0	0	1	0	0	0	0
/Volumes/GigiMurin/plip/Gylcerolipids/BD7cjj-L-L-SQD1/report.txt	1	2	1	0	0	0	0
/Volumes/GigiMurin/plip/Gylcerolipids/BD7cjj-T-L-SQD1/report.txt	1	0	0	0	0	0	0
/Volumes/GigiMurin/plip/Gylcerolipids/BD7clj-A-A-OLC10/report.txt	2	0	0	0	0	0	0
/Volumes/GigiMurin/plip/Gylcerolipids/BD7clj-A-A-OLC11/report.txt	0	4	0	0	0	0	0
/Volumes/GigiMurin/plip/Gylcerolipids/BD7clj-A-A-OLC12/report.txt	1	0	0	0	0	0	0
/Volumes/GigiMurin/plip/Gylcerolipids/BD7clj-A-A-OLC13/report.txt	0	0	0	0	0	0	0
/Volumes/GigiMurin/plip/Gylcerolipids/BD7clj-A-A-OLC14/report.txt	1	0	1	0	0	0	0
/Volumes/GigiMurin/plip/Gylcerolipids/BD7clj-A-A-OLC15/report.txt	0	2	0	0	0	0	0
/Volumes/GigiMurin/plip/Gylcerolipids/BD7clj-A-A-OLC1/report.txt	0	0	0	0	0	0	0
/Volumes/GigiMurin/plip/Gylcerolipids/BD7clj-A-A-OLC2/report.txt	1	0	0	0	0	0	0
/Volumes/GigiMurin/plip/Gylcerolipids/BD7clj-A-A-OLC3/report.txt	0	0	0	0	0	0	0
/Volumes/GigiMurin/plip/Gylcerolipids/BD7clj-A-A-OLC4/report.txt	2	0	0	0	0	0	0
/Volumes/GigiMurin/plip/Gylcerolipids/BD7clj-A-A-OLC5/report.txt	0	4	0	0	0	0	0
/Volumes/GigiMurin/plip/Gylcerolipids/BD7clj-A-A-OLC6/report.txt	0	0	0	0	0	0	0
/Volumes/GigiMurin/plip/Gylcerolipids/BD7clj-A-A-OLC7/report.txt	0	0	0	0	0	0	0
/Volumes/GigiMurin/plip/Gylcerolipids/BD7clj-A-A-OLC8/report.txt	2	0	0	0	0	0	0
/Volumes/GigiMurin/plip/Gylcerolipids/BD7clj-A-A-OLC9/report.txt	0	0	0	0	0	0	0
/Volumes/GigiMurin/plip/Gylcerolipids/BD7cou-a-a-SQD1/report.txt	6	3	0	0	0	0	0
/Volumes/GigiMurin/plip/Gylcerolipids/BD7cou-a-a-SQD2/report.txt	3	3	0	0	0	0	0
/Volumes/GigiMurin/plip/Gylcerolipids/BD7cou-A-C-SQD1/report.txt	2	3	0	0	0	0	0
/Volumes/GigiMurin/plip/Gylcerolipids/BD7cou-b-A-SQD1/report.txt	1	2	0	0	0	0	0
/Volumes/GigiMurin/plip/Gylcerolipids/BD7cou-B-a-SQD2/report.txt	1	3	0	0	0	0	0
/Volumes/GigiMurin/plip/Gylcerolipids/BD7cou-b-b-SQD1/report.txt	1	1	1	0	0	0	0
/Volumes/GigiMurin/plip/Gylcerolipids/BD7cou-c-a-SQD1/report.txt	1	2	0	0	0	0	0
/Volumes/GigiMurin/plip/Gylcerolipids/BD7cou-C-C-SQD1/report.txt	1	3	0	0	0	0	0
/Volumes/GigiMurin/plip/Gylcerolipids/BD7cou-d-a-SQD1/report.txt	0	1	1	0	0	0	0
/Volumes/GigiMurin/plip/Gylcerolipids/BD7cou-D-C-SQD1/report.txt	0	3	0	0	0	0	0
/Volumes/GigiMurin/plip/Gylcerolipids/BD7cou-D-D-SQD1/report.txt	0	1	1	0	0	0	0
/Volumes/GigiMurin/plip/Gylcerolipids/BD7cou-d-f-SQD1/report.txt	0	0	1	0	0	0	0
/Volumes/GigiMurin/plip/Gylcerolipids/BD7cou-E-D-SQD1/report.txt	0	1	0	0	0	0	0
/Volumes/GigiMurin/plip/Gylcerolipids/BD7cou-f-f-SQD1/report.txt	2	1	0	0	0	0	0
/Volumes/GigiMurin/plip/Gylcerolipids/BD7cou-k-a-SQD1/report.txt	1	0	0	0	0	0	0
/Volumes/GigiMurin/plip/Gylcerolipids/BD7cou-K-C-SQD1/report.txt	2	0	0	0	0	0	0
/Volumes/GigiMurin/plip/Gylcerolipids/BD7cou-L-b-SQD1/report.txt	0	0	1	0	0	0	0
/Volumes/GigiMurin/plip/Gylcerolipids/BD7cou-t-B-SQD1/report.txt	3	0	0	0	0	0	0
/Volumes/GigiMurin/plip/Gylcerolipids/BD7cp5-A-B-TGL1/report.txt	6	0	0	0	0	0	0
/Volumes/GigiMurin/plip/Gylcerolipids/BD7cp5-A-D-TGL1/report.txt	5	0	0	0	0	0	0
/Volumes/GigiMurin/plip/Gylcerolipids/BD7cp5-A-L-TGL1/report.txt	12	0	0	0	0	0	0
/Volumes/GigiMurin/plip/Gylcerolipids/BD7cp5-B-B-TGL1/report.txt	5	0	1	0	0	0	0
/Volumes/GigiMurin/plip/Gylcerolipids/BD7cp5-B-D-TGL1/report.txt	3	0	0	0	0	0	0
/Volumes/GigiMurin/plip/Gylcerolipids/BD7cp5-D-D-TGL1/report.txt	1	3	0	0	0	0	0
/Volumes/GigiMurin/plip/Gylcerolipids/BD7cp5-L-L-TGL1/report.txt	8	0	0	0	0	0	0
/Volumes/GigiMurin/plip/Gylcerolipids/BD7cp5-N-N-TGL1/report.txt	6	0	0	0	0	0	0
/Volumes/GigiMurin/plip/Gylcerolipids/BD7cp5-N-N-TGL2/report.txt	4	0	0	0	0	0	0
/Volumes/GigiMurin/plip/Gylcerolipids/BD7cp5-N-N-TGL3/report.txt	13	0	0	0	0	0	0
/Volumes/GigiMurin/plip/Gylcerolipids/BD7cp5-O-N-TGL1/report.txt	2	0	1	0	0	0	0
/Volumes/GigiMurin/plip/Gylcerolipids/BD7cp5-O-N-TGL2/report.txt	4	0	0	0	0	0	0
/Volumes/GigiMurin/plip/Gylcerolipids/BD7cp5-Q-N-TGL2/report.txt	5	0	0	0	0	0	0
/Volumes/GigiMurin/plip/Gylcerolipids/BD7cp5-Y-N-TGL3/report.txt	8	0	0	0	0	0	0
/Volumes/GigiMurin/plip/Gylcerolipids/BD7crz-A-A-OLC1/report.txt	5	2	0	0	0	0	0
/Volumes/GigiMurin/plip/Gylcerolipids/BD7crz-A-A-OLC2/report.txt	6	3	0	0	0	0	0
/Volumes/GigiMurin/plip/Gylcerolipids/BD7crz-A-A-OLC3/report.txt	4	2	1	0	0	0	0
/Volumes/GigiMurin/plip/Gylcerolipids/BD7crz-A-A-OLC4/report.txt	2	0	0	0	0	0	0
/Volumes/GigiMurin/plip/Gylcerolipids/BD7crz-A-A-OLC5/report.txt	4	2	0	0	0	0	0
/Volumes/GigiMurin/plip/Gylcerolipids/BD7crz-A-A-OLC6/report.txt	5	0	0	0	0	0	0
/Volumes/GigiMurin/plip/Gylcerolipids/BD7czl-a-a-SQD1/report.txt	0	1	0	0	0	0	0
/Volumes/GigiMurin/plip/Gylcerolipids/BD7czl-a-d-SQD1/report.txt	1	1	0	0	0	0	0
/Volumes/GigiMurin/plip/Gylcerolipids/BD7czl-B-a-SQD1/report.txt	0	1	0	0	0	0	0
/Volumes/GigiMurin/plip/Gylcerolipids/BD7czl-B-l-SQD1/report.txt	0	2	0	0	0	0	0
/Volumes/GigiMurin/plip/Gylcerolipids/BD7czl-c-d-SQD1/report.txt	1	0	0	0	0	0	0
/Volumes/GigiMurin/plip/Gylcerolipids/BD7czl-d-d-SQD1/report.txt	0	1	1	0	0	0	0
/Volumes/GigiMurin/plip/Gylcerolipids/BD7czl-H-a-SQD1/report.txt	0	0	1	0	0	0	0
/Volumes/GigiMurin/plip/Gylcerolipids/BD7czl-k-d-SQD1/report.txt	3	0	0	0	0	0	0
/Volumes/GigiMurin/plip/Gylcerolipids/BD7czl-l-l-SQD1/report.txt	2	0	2	0	0	0	0
/Volumes/GigiMurin/plip/Gylcerolipids/BD7czl-t-l-SQD1/report.txt	4	0	0	0	0	0	0
/Volumes/GigiMurin/plip/Gylcerolipids/BD7d0j-B-B-SQD1/report.txt	0	0	0	0	0	0	0
/Volumes/GigiMurin/plip/Gylcerolipids/BD7d0j-I-B-SQD1/report.txt	0	1	0	0	0	0	0
/Volumes/GigiMurin/plip/Gylcerolipids/BD7d1t-a-a-SQD1/report.txt	5	2	0	0	0	0	0
/Volumes/GigiMurin/plip/Gylcerolipids/BD7d1t-a-a-SQD2/report.txt	6	3	0	0	0	0	0
/Volumes/GigiMurin/plip/Gylcerolipids/BD7d1t-b-A-SQD2/report.txt	2	2	0	0	0	0	0
/Volumes/GigiMurin/plip/Gylcerolipids/BD7d1t-B-B-SQD1/report.txt	5	0	1	0	0	0	0
/Volumes/GigiMurin/plip/Gylcerolipids/BD7d1t-b-L-SQD1/report.txt	5	0	1	0	0	0	0
/Volumes/GigiMurin/plip/Gylcerolipids/BD7d1t-c-a-SQD1/report.txt	1	1	0	0	0	0	0
/Volumes/GigiMurin/plip/Gylcerolipids/BD7d1t-d-a-SQD1/report.txt	0	0	1	0	0	0	0
/Volumes/GigiMurin/plip/Gylcerolipids/BD7d1t-d-f-SQD1/report.txt	0	1	1	0	0	0	0
/Volumes/GigiMurin/plip/Gylcerolipids/BD7d1t-e-f-SQD1/report.txt	0	1	0	0	0	0	0
/Volumes/GigiMurin/plip/Gylcerolipids/BD7d1t-f-f-SQD1/report.txt	0	1	0	0	0	0	0
/Volumes/GigiMurin/plip/Gylcerolipids/BD7d1t-l-B-SQD1/report.txt	3	2	1	0	0	0	0
/Volumes/GigiMurin/plip/Gylcerolipids/BD7d1t-L-L-SQD1/report.txt	3	2	1	0	0	0	0
/Volumes/GigiMurin/plip/Gylcerolipids/BD7d1t-t-B-SQD1/report.txt	1	0	0	0	0	0	0
/Volumes/GigiMurin/plip/Gylcerolipids/BD7d1t-T-L-SQD1/report.txt	1	0	0	0	0	0	0
/Volumes/GigiMurin/plip/Gylcerolipids/BD7d1t-x-f-SQD1/report.txt	3	0	0	0	0	0	0
/Volumes/GigiMurin/plip/Gylcerolipids/BD7d1u-a-a-SQD1/report.txt	5	2	0	0	0	0	0
/Volumes/GigiMurin/plip/Gylcerolipids/BD7d1u-a-a-SQD2/report.txt	8	3	0	0	0	0	0
/Volumes/GigiMurin/plip/Gylcerolipids/BD7d1u-b-A-SQD2/report.txt	2	1	0	0	0	0	0
/Volumes/GigiMurin/plip/Gylcerolipids/BD7d1u-b-L-SQD1/report.txt	4	0	1	0	0	0	0
/Volumes/GigiMurin/plip/Gylcerolipids/BD7d1u-c-a-SQD1/report.txt	2	1	0	0	0	0	0
/Volumes/GigiMurin/plip/Gylcerolipids/BD7d1u-d-a-SQD1/report.txt	0	0	1	0	0	0	0
/Volumes/GigiMurin/plip/Gylcerolipids/BD7d1u-d-d-SQD1/report.txt	0	1	1	0	0	0	0
/Volumes/GigiMurin/plip/Gylcerolipids/BD7d1u-e-d-SQD1/report.txt	0	1	0	0	0	0	0
/Volumes/GigiMurin/plip/Gylcerolipids/BD7d1u-h-A-SQD2/report.txt	0	1	0	0	0	0	0
/Volumes/GigiMurin/plip/Gylcerolipids/BD7d1u-l-l-SQD1/report.txt	2	2	1	0	0	0	0
/Volumes/GigiMurin/plip/Gylcerolipids/BD7d1u-T-L-SQD1/report.txt	2	0	0	0	0	0	0
/Volumes/GigiMurin/plip/Gylcerolipids/BD7d1u-x-d-SQD1/report.txt	3	0	0	0	0	0	0
/Volumes/GigiMurin/plip/Gylcerolipids/BD7d4p-A-A-YZY1/report.txt	7	2	0	0	0	0	0
/Volumes/GigiMurin/plip/Gylcerolipids/BD7d4p-A-B-YZY1/report.txt	4	0	0	0	0	0	0
/Volumes/GigiMurin/plip/Gylcerolipids/BD7d5w-A-A-TGL1/report.txt	12	0	0	0	0	0	0
/Volumes/GigiMurin/plip/Gylcerolipids/BD7d5w-A-A-TGL2/report.txt	3	0	0	0	0	0	0
/Volumes/GigiMurin/plip/Gylcerolipids/BD7d5w-A-L-TGL1/report.txt	11	0	0	0	0	0	0
/Volumes/GigiMurin/plip/Gylcerolipids/BD7d5w-B-A-TGL1/report.txt	1	0	1	0	0	0	0
/Volumes/GigiMurin/plip/Gylcerolipids/BD7d5w-B-A-TGL2/report.txt	4	0	0	0	0	0	0
/Volumes/GigiMurin/plip/Gylcerolipids/BD7d5w-D-A-TGL2/report.txt	4	3	0	0	0	0	0
/Volumes/GigiMurin/plip/Gylcerolipids/BD7d5w-L-L-TGL1/report.txt	7	0	0	0	0	0	0
/Volumes/GigiMurin/plip/Gylcerolipids/BD7d5w-N-N-TGL1/report.txt	9	0	0	0	0	0	0
/Volumes/GigiMurin/plip/Gylcerolipids/BD7d5w-N-N-TGL2/report.txt	12	0	0	0	0	0	0
/Volumes/GigiMurin/plip/Gylcerolipids/BD7d5w-N-N-TGL3/report.txt	7	0	0	0	0	0	0
/Volumes/GigiMurin/plip/Gylcerolipids/BD7d5w-O-N-TGL1/report.txt	1	0	1	0	0	0	0
/Volumes/GigiMurin/plip/Gylcerolipids/BD7d5w-O-N-TGL3/report.txt	3	0	0	0	0	0	0
/Volumes/GigiMurin/plip/Gylcerolipids/BD7d5w-Q-N-TGL3/report.txt	2	0	0	0	0	0	0
/Volumes/GigiMurin/plip/Gylcerolipids/BD7d5w-Y-N-TGL2/report.txt	9	0	0	0	0	0	0
/Volumes/GigiMurin/plip/Gylcerolipids/BD7d5x-A-B-TGL1/report.txt	7	0	0	0	0	0	0
/Volumes/GigiMurin/plip/Gylcerolipids/BD7d5x-A-D-TGL1/report.txt	5	0	0	0	0	0	0
/Volumes/GigiMurin/plip/Gylcerolipids/BD7d5x-A-L-TGL1/report.txt	13	0	0	0	0	0	0
/Volumes/GigiMurin/plip/Gylcerolipids/BD7d5x-B-B-TGL1/report.txt	6	0	1	0	0	0	0
/Volumes/GigiMurin/plip/Gylcerolipids/BD7d5x-B-D-TGL1/report.txt	4	0	0	0	0	0	0
/Volumes/GigiMurin/plip/Gylcerolipids/BD7d5x-D-D-TGL1/report.txt	1	2	0	0	0	0	0
/Volumes/GigiMurin/plip/Gylcerolipids/BD7d5x-L-L-TGL1/report.txt	8	0	0	0	0	0	0
/Volumes/GigiMurin/plip/Gylcerolipids/BD7d5x-N-N-TGL1/report.txt	10	0	0	0	0	0	0
/Volumes/GigiMurin/plip/Gylcerolipids/BD7d5x-N-N-TGL2/report.txt	11	0	0	0	0	0	0
/Volumes/GigiMurin/plip/Gylcerolipids/BD7d5x-N-N-TGL3/report.txt	7	0	0	0	0	0	0
/Volumes/GigiMurin/plip/Gylcerolipids/BD7d5x-O-N-TGL1/report.txt	1	0	1	0	0	0	0
/Volumes/GigiMurin/plip/Gylcerolipids/BD7d5x-O-N-TGL3/report.txt	3	0	0	0	0	0	0
/Volumes/GigiMurin/plip/Gylcerolipids/BD7d5x-Q-N-TGL3/report.txt	2	0	0	0	0	0	0
/Volumes/GigiMurin/plip/Gylcerolipids/BD7d7q-A-A-OLC1/report.txt	2	0	0	0	0	0	0
/Volumes/GigiMurin/plip/Gylcerolipids/BD7d7q-A-A-OLC2/report.txt	5	0	0	0	0	0	0
/Volumes/GigiMurin/plip/Gylcerolipids/BD7d7q-A-A-OLC3/report.txt	2	0	0	0	0	0	0
/Volumes/GigiMurin/plip/Gylcerolipids/BD7d7q-B-A-OLC1/report.txt	2	0	0	0	0	0	0
/Volumes/GigiMurin/plip/Gylcerolipids/BD7d7q-B-B-OLC1/report.txt	6	0	0	0	0	0	0
/Volumes/GigiMurin/plip/Gylcerolipids/BD7dl9-A-A-OLC1/report.txt	5	0	0	0	0	0	0
/Volumes/GigiMurin/plip/Gylcerolipids/BD7dl9-A-A-OLC2/report.txt	0	0	0	0	0	0	0
/Volumes/GigiMurin/plip/Gylcerolipids/BD7dqk-A-A-OLC1/report.txt	5	2	0	0	0	0	0
/Volumes/GigiMurin/plip/Gylcerolipids/BD7drj-A-A-OLC1/report.txt	2	1	0	0	0	0	0
/Volumes/GigiMurin/plip/Gylcerolipids/BD7drj-A-A-OLC2/report.txt	6	0	0	0	0	0	0
/Volumes/GigiMurin/plip/Gylcerolipids/BD7drj-A-B-OLC1/report.txt	3	0	0	0	0	0	0
/Volumes/GigiMurin/plip/Gylcerolipids/BD7drj-A-B-OLC3/report.txt	4	0	0	0	0	0	0
/Volumes/GigiMurin/plip/Gylcerolipids/BD7drj-B-A-OLC2/report.txt	0	1	0	0	0	0	0
/Volumes/GigiMurin/plip/Gylcerolipids/BD7drj-B-B-OLC1/report.txt	4	0	0	0	0	0	0
/Volumes/GigiMurin/plip/Gylcerolipids/BD7drj-B-B-OLC2/report.txt	2	0	0	0	0	0	0
/Volumes/GigiMurin/plip/Gylcerolipids/BD7drj-B-B-OLC3/report.txt	3	0	0	0	0	0	0
/Volumes/GigiMurin/plip/Gylcerolipids/BD7drk-A-A-OLC1/report.txt	3	0	0	0	0	0	0
/Volumes/GigiMurin/plip/Gylcerolipids/BD7drk-A-B-OLC1/report.txt	3	0	0	0	0	0	0
/Volumes/GigiMurin/plip/Gylcerolipids/BD7drk-B-B-OLC1/report.txt	2	0	0	0	0	0	0
/Volumes/GigiMurin/plip/Gylcerolipids/BD7drk-B-B-OLC2/report.txt	3	0	0	0	0	0	0
/Volumes/GigiMurin/plip/Gylcerolipids/BD7dxa-a-a-SQD1/report.txt	1	1	0	0	0	0	0
/Volumes/GigiMurin/plip/Gylcerolipids/BD7dxa-l-l-SQD1/report.txt	2	0	2	0	0	0	0
/Volumes/GigiMurin/plip/Gylcerolipids/BD7dxh-a-a-SQD1/report.txt	2	2	0	0	0	0	0
/Volumes/GigiMurin/plip/Gylcerolipids/BD7dxh-l-l-SQD1/report.txt	2	0	2	0	0	0	0
/Volumes/GigiMurin/plip/Gylcerolipids/BD7e4g-A-A-OLC10/report.txt	2	0	0	0	0	0	0
/Volumes/GigiMurin/plip/Gylcerolipids/BD7e4g-A-A-OLC1/report.txt	5	2	1	0	0	0	0
/Volumes/GigiMurin/plip/Gylcerolipids/BD7e4g-A-A-OLC2/report.txt	3	1	1	0	0	0	0
/Volumes/GigiMurin/plip/Gylcerolipids/BD7e4g-A-A-OLC3/report.txt	6	0	0	0	0	0	0
/Volumes/GigiMurin/plip/Gylcerolipids/BD7e4g-A-A-OLC4/report.txt	3	2	0	0	0	0	0
/Volumes/GigiMurin/plip/Gylcerolipids/BD7e4g-A-A-OLC5/report.txt	2	1	0	0	0	0	0
/Volumes/GigiMurin/plip/Gylcerolipids/BD7e4g-A-A-OLC6/report.txt	1	0	0	0	0	0	0
/Volumes/GigiMurin/plip/Gylcerolipids/BD7e4g-A-A-OLC7/report.txt	1	1	0	0	0	0	0
/Volumes/GigiMurin/plip/Gylcerolipids/BD7e4g-A-A-OLC8/report.txt	2	0	0	0	0	0	0
/Volumes/GigiMurin/plip/Gylcerolipids/BD7e4g-A-A-OLC9/report.txt	6	0	0	0	0	0	0
/Volumes/GigiMurin/plip/Gylcerolipids/BD7e4g-B-B-OLC10/report.txt	1	0	0	0	0	0	0
/Volumes/GigiMurin/plip/Gylcerolipids/BD7e4g-B-B-OLC11/report.txt	0	0	0	0	0	0	0
/Volumes/GigiMurin/plip/Gylcerolipids/BD7e4g-B-B-OLC12/report.txt	4	0	0	0	0	0	0
/Volumes/GigiMurin/plip/Gylcerolipids/BD7e4g-B-B-OLC1/report.txt	3	2	2	0	0	0	0
/Volumes/GigiMurin/plip/Gylcerolipids/BD7e4g-B-B-OLC2/report.txt	11	2	0	0	0	0	0
/Volumes/GigiMurin/plip/Gylcerolipids/BD7e4g-B-B-OLC3/report.txt	4	2	0	0	0	0	0
/Volumes/GigiMurin/plip/Gylcerolipids/BD7e4g-B-B-OLC4/report.txt	1	1	0	0	0	0	0
/Volumes/GigiMurin/plip/Gylcerolipids/BD7e4g-B-B-OLC5/report.txt	2	1	0	0	0	0	0
/Volumes/GigiMurin/plip/Gylcerolipids/BD7e4g-B-B-OLC6/report.txt	5	0	0	0	0	0	0
/Volumes/GigiMurin/plip/Gylcerolipids/BD7e4g-B-B-OLC7/report.txt	2	0	0	0	0	0	0
/Volumes/GigiMurin/plip/Gylcerolipids/BD7e4g-B-B-OLC8/report.txt	11	0	0	0	0	0	0
/Volumes/GigiMurin/plip/Gylcerolipids/BD7e4g-B-B-OLC9/report.txt	5	0	0	0	0	0	0
/Volumes/GigiMurin/plip/Gylcerolipids/BD7e4g-C-C-OLC10/report.txt	1	0	0	0	0	0	0
/Volumes/GigiMurin/plip/Gylcerolipids/BD7e4g-C-C-OLC1/report.txt	1	1	0	0	0	0	0
/Volumes/GigiMurin/plip/Gylcerolipids/BD7e4g-C-C-OLC2/report.txt	6	1	0	0	0	0	0
/Volumes/GigiMurin/plip/Gylcerolipids/BD7e4g-C-C-OLC3/report.txt	3	1	0	0	0	0	0
/Volumes/GigiMurin/plip/Gylcerolipids/BD7e4g-C-C-OLC4/report.txt	0	0	0	0	0	0	0
/Volumes/GigiMurin/plip/Gylcerolipids/BD7e4g-C-C-OLC5/report.txt	4	0	0	0	0	0	0
/Volumes/GigiMurin/plip/Gylcerolipids/BD7e4g-C-C-OLC6/report.txt	1	0	0	0	0	0	0
/Volumes/GigiMurin/plip/Gylcerolipids/BD7e4g-C-C-OLC7/report.txt	7	1	1	0	0	0	0
/Volumes/GigiMurin/plip/Gylcerolipids/BD7e4g-C-C-OLC8/report.txt	3	0	0	0	0	0	0
/Volumes/GigiMurin/plip/Gylcerolipids/BD7e4g-C-C-OLC9/report.txt	6	0	0	0	0	0	0
/Volumes/GigiMurin/plip/Gylcerolipids/BD7e4t-A-A-YZY1/report.txt	5	2	0	0	0	0	0
/Volumes/GigiMurin/plip/Gylcerolipids/BD7e4t-A-B-YZY1/report.txt	4	0	0	0	0	0	0
/Volumes/GigiMurin/plip/Gylcerolipids/BD7e6x-A-A-OLC1/report.txt	6	0	0	0	0	0	0
/Volumes/GigiMurin/plip/Gylcerolipids/BD7e6x-A-A-OLC2/report.txt	1	0	0	0	0	0	0
/Volumes/GigiMurin/plip/Gylcerolipids/BD7e6x-A-A-OLC3/report.txt	1	0	0	0	0	0	0
/Volumes/GigiMurin/plip/Gylcerolipids/BD7e6x-A-A-OLC4/report.txt	1	0	0	0	0	0	0
/Volumes/GigiMurin/plip/Gylcerolipids/BD7e6x-A-A-OLC5/report.txt	4	1	0	0	0	0	0
/Volumes/GigiMurin/plip/Gylcerolipids/BD7e6x-A-A-OLC6/report.txt	3	0	1	0	0	0	0
/Volumes/GigiMurin/plip/Gylcerolipids/BD7e6x-A-A-OLC7/report.txt	2	0	0	0	0	0	0
/Volumes/GigiMurin/plip/Gylcerolipids/BD7e6x-A-A-OLC8/report.txt	3	0	0	0	0	0	0
/Volumes/GigiMurin/plip/Gylcerolipids/BD7e6x-A-A-OLC9/report.txt	2	0	0	0	0	0	0
/Volumes/GigiMurin/plip/Gylcerolipids/BD7e6y-A-A-OLC1/report.txt	7	0	0	0	0	0	0
/Volumes/GigiMurin/plip/Gylcerolipids/BD7e6y-A-A-OLC2/report.txt	1	0	0	0	0	0	0
/Volumes/GigiMurin/plip/Gylcerolipids/BD7e6y-A-A-OLC3/report.txt	1	0	0	0	0	0	0
/Volumes/GigiMurin/plip/Gylcerolipids/BD7e6y-A-A-OLC4/report.txt	4	0	0	0	0	0	0
/Volumes/GigiMurin/plip/Gylcerolipids/BD7e6y-A-A-OLC5/report.txt	7	1	0	0	0	0	0
/Volumes/GigiMurin/plip/Gylcerolipids/BD7e6y-A-A-OLC6/report.txt	5	0	1	0	0	0	0
/Volumes/GigiMurin/plip/Gylcerolipids/BD7e6y-A-A-OLC7/report.txt	2	0	0	0	0	0	0
/Volumes/GigiMurin/plip/Gylcerolipids/BD7e6y-A-A-OLC8/report.txt	3	0	0	0	0	0	0
/Volumes/GigiMurin/plip/Gylcerolipids/BD7e6y-A-A-OLC9/report.txt	3	0	0	0	0	0	0
/Volumes/GigiMurin/plip/Gylcerolipids/BD7e6z-A-A-OLC1/report.txt	8	0	0	0	0	0	0
/Volumes/GigiMurin/plip/Gylcerolipids/BD7e6z-A-A-OLC2/report.txt	1	0	0	0	0	0	0
/Volumes/GigiMurin/plip/Gylcerolipids/BD7e6z-A-A-OLC3/report.txt	2	0	0	0	0	0	0
/Volumes/GigiMurin/plip/Gylcerolipids/BD7e6z-A-A-OLC4/report.txt	4	1	0	0	0	0	0
/Volumes/GigiMurin/plip/Gylcerolipids/BD7e6z-A-A-OLC5/report.txt	3	2	0	0	0	0	0
/Volumes/GigiMurin/plip/Gylcerolipids/BD7e6z-A-A-OLC6/report.txt	3	1	0	0	0	0	0
/Volumes/GigiMurin/plip/Gylcerolipids/BD7e6z-A-A-OLC7/report.txt	3	0	0	0	0	0	0
/Volumes/GigiMurin/plip/Gylcerolipids/BD7e6z-A-A-OLC8/report.txt	2	0	0	0	0	0	0
/Volumes/GigiMurin/plip/Gylcerolipids/BD7e6z-A-A-OLC9/report.txt	3	0	0	0	0	0	0
/Volumes/GigiMurin/plip/Gylcerolipids/BD7e70-A-A-OLC1/report.txt	8	0	0	0	0	0	0
/Volumes/GigiMurin/plip/Gylcerolipids/BD7e70-A-A-OLC2/report.txt	1	0	0	0	0	0	0
/Volumes/GigiMurin/plip/Gylcerolipids/BD7e70-A-A-OLC3/report.txt	1	0	0	0	0	0	0
/Volumes/GigiMurin/plip/Gylcerolipids/BD7e70-A-A-OLC4/report.txt	1	0	0	0	0	0	0
/Volumes/GigiMurin/plip/Gylcerolipids/BD7e70-A-A-OLC5/report.txt	2	1	0	0	0	0	0
/Volumes/GigiMurin/plip/Gylcerolipids/BD7e70-A-A-OLC6/report.txt	2	0	0	0	0	0	0
/Volumes/GigiMurin/plip/Gylcerolipids/BD7e70-A-A-OLC7/report.txt	1	0	0	0	0	0	0
/Volumes/GigiMurin/plip/Gylcerolipids/BD7e70-A-A-OLC8/report.txt	3	0	0	0	0	0	0
/Volumes/GigiMurin/plip/Gylcerolipids/BD7e70-A-A-OLC9/report.txt	1	0	0	0	0	0	0
/Volumes/GigiMurin/plip/Gylcerolipids/BD7e71-A-A-OLC1/report.txt	7	0	0	0	0	0	0
/Volumes/GigiMurin/plip/Gylcerolipids/BD7e71-A-A-OLC2/report.txt	1	0	0	0	0	0	0
/Volumes/GigiMurin/plip/Gylcerolipids/BD7e71-A-A-OLC3/report.txt	1	1	0	0	0	0	0
/Volumes/GigiMurin/plip/Gylcerolipids/BD7e71-A-A-OLC4/report.txt	1	0	0	0	0	0	0
/Volumes/GigiMurin/plip/Gylcerolipids/BD7e71-A-A-OLC5/report.txt	5	2	0	0	0	0	0
/Volumes/GigiMurin/plip/Gylcerolipids/BD7e71-A-A-OLC6/report.txt	2	0	0	0	0	0	0
/Volumes/GigiMurin/plip/Gylcerolipids/BD7e71-A-A-OLC7/report.txt	2	0	0	0	0	0	0
/Volumes/GigiMurin/plip/Gylcerolipids/BD7e71-A-A-OLC8/report.txt	3	0	0	0	0	0	0
/Volumes/GigiMurin/plip/Gylcerolipids/BD7e71-A-A-OLC9/report.txt	1	0	0	0	0	0	0
/Volumes/GigiMurin/plip/Gylcerolipids/BD7eda-A-A-SQD1/report.txt	10	2	0	0	0	0	0
/Volumes/GigiMurin/plip/Gylcerolipids/BD7eda-C-A-SQD1/report.txt	1	2	0	0	0	0	0
/Volumes/GigiMurin/plip/Gylcerolipids/BD7eda-D-A-SQD1/report.txt	0	0	1	0	0	0	0
/Volumes/GigiMurin/plip/Gylcerolipids/BD7eda-D-D-SQD1/report.txt	0	2	1	0	0	0	0
/Volumes/GigiMurin/plip/Gylcerolipids/BD7eda-K-A-SQD1/report.txt	3	0	0	0	0	0	0
/Volumes/GigiMurin/plip/Gylcerolipids/BD7eda-X-D-SQD1/report.txt	2	0	0	0	0	0	0
/Volumes/GigiMurin/plip/Gylcerolipids/BD7eu3-D-F-SQD1/report.txt	3	1	0	0	0	0	0
/Volumes/GigiMurin/plip/Gylcerolipids/BD7eu3-D-F-SQD2/report.txt	0	1	0	0	0	0	0
/Volumes/GigiMurin/plip/Gylcerolipids/BD7eu3-F-F-SQD1/report.txt	4	3	0	0	0	0	0
/Volumes/GigiMurin/plip/Gylcerolipids/BD7eu3-F-F-SQD2/report.txt	5	2	3	0	0	0	0
/Volumes/GigiMurin/plip/Gylcerolipids/BD7ev7-A-B-TGL1/report.txt	6	0	0	0	0	0	0
/Volumes/GigiMurin/plip/Gylcerolipids/BD7ev7-A-D-TGL1/report.txt	8	0	1	0	0	0	0
/Volumes/GigiMurin/plip/Gylcerolipids/BD7ev7-A-L-TGL1/report.txt	12	0	0	0	0	0	0
/Volumes/GigiMurin/plip/Gylcerolipids/BD7ev7-B-B-TGL1/report.txt	4	0	1	0	0	0	0
/Volumes/GigiMurin/plip/Gylcerolipids/BD7ev7-B-D-TGL1/report.txt	4	0	0	0	0	0	0
/Volumes/GigiMurin/plip/Gylcerolipids/BD7ev7-D-D-TGL1/report.txt	3	2	0	0	0	0	0
/Volumes/GigiMurin/plip/Gylcerolipids/BD7ev7-L-L-TGL1/report.txt	8	0	0	0	0	0	0
/Volumes/GigiMurin/plip/Gylcerolipids/BD7ev7-N-N-TGL1/report.txt	12	0	0	0	0	0	0
/Volumes/GigiMurin/plip/Gylcerolipids/BD7ev7-N-Q-TGL1/report.txt	6	0	1	0	0	0	0
/Volumes/GigiMurin/plip/Gylcerolipids/BD7ev7-N-Y-TGL1/report.txt	12	0	0	0	0	0	0
/Volumes/GigiMurin/plip/Gylcerolipids/BD7ev7-O-N-TGL1/report.txt	2	0	1	0	0	0	0
/Volumes/GigiMurin/plip/Gylcerolipids/BD7ev7-O-Q-TGL1/report.txt	4	0	0	0	0	0	0
/Volumes/GigiMurin/plip/Gylcerolipids/BD7ev7-Q-Q-TGL1/report.txt	3	2	0	0	0	0	0
/Volumes/GigiMurin/plip/Gylcerolipids/BD7ev7-V-N-TGL1/report.txt	0	0	1	0	0	0	0
/Volumes/GigiMurin/plip/Gylcerolipids/BD7ev7-Y-Y-TGL1/report.txt	9	0	0	0	0	0	0
/Volumes/GigiMurin/plip/Gylcerolipids/BD7f83-A-A-OLC1/report.txt	0	1	0	0	0	0	0
/Volumes/GigiMurin/plip/Gylcerolipids/BD7f83-A-A-OLC2/report.txt	4	0	0	0	0	0	0
/Volumes/GigiMurin/plip/Gylcerolipids/BD7f83-A-B-OLC1/report.txt	4	0	1	0	0	0	0
/Volumes/GigiMurin/plip/Gylcerolipids/BD7f83-A-B-OLC4/report.txt	4	0	0	0	0	0	0
/Volumes/GigiMurin/plip/Gylcerolipids/BD7f83-B-A-OLC1/report.txt	2	0	0	0	0	0	0
/Volumes/GigiMurin/plip/Gylcerolipids/BD7f83-B-B-OLC1/report.txt	0	1	0	0	0	0	0
/Volumes/GigiMurin/plip/Gylcerolipids/BD7f83-B-B-OLC2/report.txt	1	0	0	0	0	0	0
/Volumes/GigiMurin/plip/Gylcerolipids/BD7f83-B-B-OLC3/report.txt	2	0	0	0	0	0	0
/Volumes/GigiMurin/plip/Gylcerolipids/BD7f83-B-B-OLC4/report.txt	4	0	0	0	0	0	0
/Volumes/GigiMurin/plip/Gylcerolipids/BD7f9o-Q-Q-SQD1/report.txt	4	3	0	0	0	0	0
/Volumes/GigiMurin/plip/Gylcerolipids/BD7f9o-Q-Q-SQD2/report.txt	5	2	3	0	0	0	0
/Volumes/GigiMurin/plip/Gylcerolipids/BD7fee-A-A-OLC1/report.txt	5	1	2	0	0	0	0
/Volumes/GigiMurin/plip/Gylcerolipids/BD7fee-A-A-OLC2/report.txt	8	2	3	0	0	0	0
/Volumes/GigiMurin/plip/Gylcerolipids/BD7jni-A-A-OLC1/report.txt	3	1	0	0	0	0	0
/Volumes/GigiMurin/plip/Gylcerolipids/BD7jni-A-A-OLC2/report.txt	3	0	0	0	0	0	0
/Volumes/GigiMurin/plip/Gylcerolipids/BD7jni-A-A-OLC3/report.txt	4	1	0	0	0	0	0
/Volumes/GigiMurin/plip/Gylcerolipids/BD7jvg-A-A-1AG1/report.txt	13	5	1	0	0	0	0
/Volumes/GigiMurin/plip/Gylcerolipids/BD7jvg-B-B-1AG1/report.txt	14	4	1	0	0	0	0
/Volumes/GigiMurin/plip/Gylcerolipids/BD7jvy-A-A-VKV1/report.txt	10	3	0	0	0	0	0
/Volumes/GigiMurin/plip/Gylcerolipids/BD7jvy-B-B-VKV1/report.txt	12	3	0	0	0	0	0
/Volumes/GigiMurin/plip/Gylcerolipids/BD7jwd-A-A-VL71/report.txt	12	4	1	0	0	0	0
/Volumes/GigiMurin/plip/Gylcerolipids/BD7jwr-A-A-YOG1/report.txt	11	5	1	0	0	0	0
/Volumes/GigiMurin/plip/Gylcerolipids/BD7jx2-A-A-VLP1/report.txt	8	4	1	0	0	0	0
/Volumes/GigiMurin/plip/Gylcerolipids/BD7k15-A-A-OLC1/report.txt	4	2	0	0	0	0	0
/Volumes/GigiMurin/plip/Gylcerolipids/BD7k15-A-A-OLC2/report.txt	6	2	0	0	0	0	0
/Volumes/GigiMurin/plip/Gylcerolipids/BD7l1e-A-A-OLC1/report.txt	4	1	0	0	0	0	0
/Volumes/GigiMurin/plip/Gylcerolipids/BD7l1e-A-A-OLC2/report.txt	0	0	0	0	0	0	0
/Volumes/GigiMurin/plip/Gylcerolipids/BD7l1e-A-B-OLC1/report.txt	1	0	0	0	0	0	0
/Volumes/GigiMurin/plip/Gylcerolipids/BD7l1e-A-B-OLC2/report.txt	1	1	0	0	0	0	0
/Volumes/GigiMurin/plip/Gylcerolipids/BD7l1e-B-A-OLC1/report.txt	0	1	0	0	0	0	0
/Volumes/GigiMurin/plip/Gylcerolipids/BD7l1e-B-B-OLC1/report.txt	3	2	0	0	0	0	0
/Volumes/GigiMurin/plip/Gylcerolipids/BD7l1e-B-B-OLC2/report.txt	2	2	0	0	0	0	0
/Volumes/GigiMurin/plip/Gylcerolipids/BD7l1e-B-B-OLC3/report.txt	3	1	0	0	0	0	0
/Volumes/GigiMurin/plip/Gylcerolipids/BD7l1e-B-B-OLC4/report.txt	2	0	0	0	0	0	0
/Volumes/GigiMurin/plip/Gylcerolipids/BD7l92-A-A-DGA1/report.txt	2	4	0	0	0	0	0
/Volumes/GigiMurin/plip/Gylcerolipids/BD7l92-A-A-DGA2/report.txt	0	1	0	0	0	0	0
/Volumes/GigiMurin/plip/Gylcerolipids/BD7l92-A-G-DGA2/report.txt	1	0	0	0	0	0	0
/Volumes/GigiMurin/plip/Gylcerolipids/BD7l92-D-D-DGA1/report.txt	0	4	0	0	0	0	0
/Volumes/GigiMurin/plip/Gylcerolipids/BD7l92-D-G-DGA2/report.txt	1	0	0	0	0	0	0
/Volumes/GigiMurin/plip/Gylcerolipids/BD7l92-G-A-DGA1/report.txt	0	0	0	0	0	0	0
/Volumes/GigiMurin/plip/Gylcerolipids/BD7l92-G-G-DGA1/report.txt	3	4	0	0	0	0	0
/Volumes/GigiMurin/plip/Gylcerolipids/BD7l92-G-G-DGA2/report.txt	0	0	0	0	0	0	0
/Volumes/GigiMurin/plip/Gylcerolipids/BD7l92-J-J-DGA1/report.txt	1	4	0	0	0	0	0
/Volumes/GigiMurin/plip/Gylcerolipids/BD7l92-J-M-DGA1/report.txt	1	0	0	0	0	0	0
/Volumes/GigiMurin/plip/Gylcerolipids/BD7l92-M-M-DGA1/report.txt	1	4	0	0	0	0	0
/Volumes/GigiMurin/plip/Gylcerolipids/BD7l92-P-P-DGA1/report.txt	0	3	0	0	0	0	0
/Volumes/GigiMurin/plip/Gylcerolipids/BD7l92-S-S-DGA1/report.txt	2	5	0	0	0	0	0
/Volumes/GigiMurin/plip/Gylcerolipids/BD7l92-V-V-DGA1/report.txt	1	4	0	0	0	0	0
/Volumes/GigiMurin/plip/Gylcerolipids/BD7m2h-C-C-DGA1/report.txt	3	0	1	0	0	0	0
/Volumes/GigiMurin/plip/Gylcerolipids/BD7m2h-F-F-DGA1/report.txt	3	1	0	0	0	0	0
/Volumes/GigiMurin/plip/Gylcerolipids/BD7m93-A-A-OLC1/report.txt	2	0	0	0	0	0	0
/Volumes/GigiMurin/plip/Gylcerolipids/BD7m93-A-A-OLC2/report.txt	1	1	0	0	0	0	0
/Volumes/GigiMurin/plip/Gylcerolipids/BD7m93-A-A-OLC3/report.txt	1	0	0	0	0	0	0
/Volumes/GigiMurin/plip/Gylcerolipids/BD7m93-A-A-OLC4/report.txt	1	0	0	0	0	0	0
/Volumes/GigiMurin/plip/Gylcerolipids/BD7m93-A-A-OLC5/report.txt	6	0	0	0	0	0	0
/Volumes/GigiMurin/plip/Gylcerolipids/BD7m93-A-A-OLC6/report.txt	0	1	0	0	0	0	0
/Volumes/GigiMurin/plip/Gylcerolipids/BD7m93-B-B-OLC1/report.txt	3	0	0	0	0	0	0
/Volumes/GigiMurin/plip/Gylcerolipids/BD7m93-B-B-OLC2/report.txt	6	0	0	0	0	0	0
/Volumes/GigiMurin/plip/Gylcerolipids/BD7m93-B-C-OLC1/report.txt	4	0	0	0	0	0	0
/Volumes/GigiMurin/plip/Gylcerolipids/BD7m93-C-C-OLC1/report.txt	7	0	0	0	0	0	0
/Volumes/GigiMurin/plip/Gylcerolipids/BD7m93-C-C-OLC2/report.txt	7	0	0	0	0	0	0
/Volumes/GigiMurin/plip/Gylcerolipids/BD7m93-C-C-OLC3/report.txt	5	0	0	0	0	0	0
/Volumes/GigiMurin/plip/Gylcerolipids/BD7m93-C-C-OLC4/report.txt	2	0	0	0	0	0	0
/Volumes/GigiMurin/plip/Gylcerolipids/BD7m93-D-C-OLC2/report.txt	2	0	0	0	0	0	0
/Volumes/GigiMurin/plip/Gylcerolipids/BD7m93-D-C-OLC4/report.txt	5	0	0	0	0	0	0
/Volumes/GigiMurin/plip/Gylcerolipids/BD7m93-D-D-OLC1/report.txt	6	0	0	0	0	0	0
/Volumes/GigiMurin/plip/Gylcerolipids/BD7m94-A-A-OLC1/report.txt	6	0	0	0	0	0	0
/Volumes/GigiMurin/plip/Gylcerolipids/BD7m94-A-A-OLC2/report.txt	1	0	0	0	0	0	0
/Volumes/GigiMurin/plip/Gylcerolipids/BD7m94-A-A-OLC3/report.txt	4	0	0	0	0	0	0
/Volumes/GigiMurin/plip/Gylcerolipids/BD7m94-A-A-OLC4/report.txt	3	0	0	0	0	0	0
/Volumes/GigiMurin/plip/Gylcerolipids/BD7m94-B-B-OLC1/report.txt	1	0	0	0	0	0	0
/Volumes/GigiMurin/plip/Gylcerolipids/BD7m94-B-B-OLC2/report.txt	3	0	0	0	0	0	0
/Volumes/GigiMurin/plip/Gylcerolipids/BD7m94-B-B-OLC3/report.txt	3	0	0	0	0	0	0
/Volumes/GigiMurin/plip/Gylcerolipids/BD7m94-B-B-OLC4/report.txt	1	0	0	0	0	0	0
/Volumes/GigiMurin/plip/Gylcerolipids/BD7m94-B-B-OLC5/report.txt	4	0	0	0	0	0	0
/Volumes/GigiMurin/plip/Gylcerolipids/BD7m94-B-B-OLC6/report.txt	3	0	0	0	0	0	0
/Volumes/GigiMurin/plip/Gylcerolipids/BD7m94-B-B-OLC7/report.txt	7	0	0	0	0	0	0
/Volumes/GigiMurin/plip/Gylcerolipids/BD7m94-B-B-OLC8/report.txt	5	0	0	0	0	0	0
/Volumes/GigiMurin/plip/Gylcerolipids/BD7m94-C-C-OLC1/report.txt	2	0	0	0	0	0	0
/Volumes/GigiMurin/plip/Gylcerolipids/BD7m94-C-C-OLC2/report.txt	2	0	0	0	0	0	0
/Volumes/GigiMurin/plip/Gylcerolipids/BD7m94-C-C-OLC3/report.txt	4	0	0	0	0	0	0
/Volumes/GigiMurin/plip/Gylcerolipids/BD7m94-C-C-OLC4/report.txt	3	0	0	0	0	0	0
/Volumes/GigiMurin/plip/Gylcerolipids/BD7m94-C-C-OLC5/report.txt	2	0	0	0	0	0	0
/Volumes/GigiMurin/plip/Gylcerolipids/BD7m94-D-D-OLC1/report.txt	3	0	0	0	0	0	0
/Volumes/GigiMurin/plip/Gylcerolipids/BD7m94-D-D-OLC2/report.txt	2	0	0	0	0	0	0
/Volumes/GigiMurin/plip/Gylcerolipids/BD7m94-D-D-OLC3/report.txt	6	0	0	0	0	0	0
/Volumes/GigiMurin/plip/Gylcerolipids/BD7m94-D-D-OLC4/report.txt	2	0	0	0	0	0	0
/Volumes/GigiMurin/plip/Gylcerolipids/BD7m95-A-A-OLC1/report.txt	0	0	0	0	0	0	0
/Volumes/GigiMurin/plip/Gylcerolipids/BD7m95-A-A-OLC2/report.txt	5	0	0	0	0	0	0
/Volumes/GigiMurin/plip/Gylcerolipids/BD7m95-A-A-OLC3/report.txt	5	0	0	0	0	0	0
/Volumes/GigiMurin/plip/Gylcerolipids/BD7m95-A-A-OLC4/report.txt	5	0	0	0	0	0	0
/Volumes/GigiMurin/plip/Gylcerolipids/BD7m95-A-A-OLC5/report.txt	3	0	0	0	0	0	0
/Volumes/GigiMurin/plip/Gylcerolipids/BD7m95-A-A-OLC6/report.txt	4	0	0	0	0	0	0
/Volumes/GigiMurin/plip/Gylcerolipids/BD7m95-A-B-OLC2/report.txt	1	0	0	0	0	0	0
/Volumes/GigiMurin/plip/Gylcerolipids/BD7m95-B-B-OLC1/report.txt	3	0	0	0	0	0	0
/Volumes/GigiMurin/plip/Gylcerolipids/BD7m95-B-B-OLC2/report.txt	4	0	0	0	0	0	0
/Volumes/GigiMurin/plip/Gylcerolipids/BD7m95-B-B-OLC3/report.txt	3	0	0	0	0	0	0
/Volumes/GigiMurin/plip/Gylcerolipids/BD7m96-A-A-OLC1/report.txt	4	0	0	0	0	0	0
/Volumes/GigiMurin/plip/Gylcerolipids/BD7m96-A-A-OLC2/report.txt	1	0	0	0	0	0	0
/Volumes/GigiMurin/plip/Gylcerolipids/BD7m96-A-A-OLC3/report.txt	5	0	0	0	0	0	0
/Volumes/GigiMurin/plip/Gylcerolipids/BD7m96-A-A-OLC4/report.txt	1	0	0	0	0	0	0
/Volumes/GigiMurin/plip/Gylcerolipids/BD7m96-A-A-OLC5/report.txt	1	0	0	0	0	0	0
/Volumes/GigiMurin/plip/Gylcerolipids/BD7m96-A-A-OLC6/report.txt	2	0	0	0	0	0	0
/Volumes/GigiMurin/plip/Gylcerolipids/BD7m96-A-A-OLC7/report.txt	1	0	0	0	0	0	0
/Volumes/GigiMurin/plip/Gylcerolipids/BD7m96-B-B-OLC1/report.txt	1	0	0	0	0	0	0
/Volumes/GigiMurin/plip/Gylcerolipids/BD7m96-B-B-OLC2/report.txt	4	0	0	0	0	0	0
/Volumes/GigiMurin/plip/Gylcerolipids/BD7m96-B-B-OLC3/report.txt	4	0	0	0	0	0	0
/Volumes/GigiMurin/plip/Gylcerolipids/BD7m96-B-B-OLC4/report.txt	3	0	0	0	0	0	0
/Volumes/GigiMurin/plip/Gylcerolipids/BD7m96-B-B-OLC5/report.txt	2	0	0	0	0	0	0
/Volumes/GigiMurin/plip/Gylcerolipids/BD7m96-C-C-OLC1/report.txt	4	0	0	0	0	0	0
/Volumes/GigiMurin/plip/Gylcerolipids/BD7m96-C-C-OLC2/report.txt	4	0	0	0	0	0	0
/Volumes/GigiMurin/plip/Gylcerolipids/BD7m96-C-C-OLC3/report.txt	3	0	0	0	0	0	0
/Volumes/GigiMurin/plip/Gylcerolipids/BD7m96-D-D-OLC1/report.txt	5	0	0	0	0	0	0
/Volumes/GigiMurin/plip/Gylcerolipids/BD7m96-D-D-OLC2/report.txt	7	0	0	0	0	0	0
/Volumes/GigiMurin/plip/Gylcerolipids/BD7m96-D-D-OLC3/report.txt	1	0	0	0	0	0	0
/Volumes/GigiMurin/plip/Gylcerolipids/BD7m96-D-D-OLC4/report.txt	4	0	0	0	0	0	0
/Volumes/GigiMurin/plip/Gylcerolipids/BD7m96-D-D-OLC5/report.txt	2	0	0	0	0	0	0
/Volumes/GigiMurin/plip/Gylcerolipids/BD7mde-A-A-OLC1/report.txt	3	3	1	0	0	0	0
/Volumes/GigiMurin/plip/Gylcerolipids/BD7mde-A-A-OLC2/report.txt	4	0	0	0	0	0	0
/Volumes/GigiMurin/plip/Gylcerolipids/BD7mfi-A-A-OLC1/report.txt	6	0	0	0	0	0	0
/Volumes/GigiMurin/plip/Gylcerolipids/BD7mfi-A-A-OLC2/report.txt	1	0	0	0	0	0	0
/Volumes/GigiMurin/plip/Gylcerolipids/BD7mfi-A-A-OLC3/report.txt	2	0	0	0	0	0	0
/Volumes/GigiMurin/plip/Gylcerolipids/BD7mfi-A-A-OLC4/report.txt	2	0	0	0	0	0	0
/Volumes/GigiMurin/plip/Gylcerolipids/BD7mfi-A-A-OLC5/report.txt	4	0	0	0	0	0	0
/Volumes/GigiMurin/plip/Gylcerolipids/BD7mfi-A-A-OLC6/report.txt	0	0	0	0	0	0	0
/Volumes/GigiMurin/plip/Gylcerolipids/BD7mfi-A-A-OLC7/report.txt	3	0	0	0	0	0	0
/Volumes/GigiMurin/plip/Gylcerolipids/BD7mfi-B-B-OLC1/report.txt	3	0	0	0	0	0	0
/Volumes/GigiMurin/plip/Gylcerolipids/BD7mfi-B-B-OLC2/report.txt	4	0	0	0	0	0	0
/Volumes/GigiMurin/plip/Gylcerolipids/BD7mfi-B-B-OLC3/report.txt	3	0	0	0	0	0	0
/Volumes/GigiMurin/plip/Gylcerolipids/BD7mfi-C-C-OLC1/report.txt	1	0	0	0	0	0	0
/Volumes/GigiMurin/plip/Gylcerolipids/BD7mfi-C-C-OLC2/report.txt	1	0	0	0	0	0	0
/Volumes/GigiMurin/plip/Gylcerolipids/BD7mfi-C-C-OLC3/report.txt	4	0	0	0	0	0	0
/Volumes/GigiMurin/plip/Gylcerolipids/BD7mfi-C-C-OLC4/report.txt	1	0	0	0	0	0	0
/Volumes/GigiMurin/plip/Gylcerolipids/BD7mfi-C-C-OLC5/report.txt	4	0	0	0	0	0	0
/Volumes/GigiMurin/plip/Gylcerolipids/BD7mfi-D-D-OLC1/report.txt	5	0	0	0	0	0	0
/Volumes/GigiMurin/plip/Gylcerolipids/BD7mfi-D-D-OLC2/report.txt	2	0	0	0	0	0	0
/Volumes/GigiMurin/plip/Gylcerolipids/BD7mfi-D-D-OLC3/report.txt	4	0	0	0	0	0	0
/Volumes/GigiMurin/plip/Gylcerolipids/BD7mfi-D-D-OLC4/report.txt	3	0	0	0	0	0	0
/Volumes/GigiMurin/plip/Gylcerolipids/BD7mfi-D-D-OLC5/report.txt	1	0	0	0	0	0	0
/Volumes/GigiMurin/plip/Gylcerolipids/BD7mhx-C-C-DGA1/report.txt	0	0	0	0	0	0	0
/Volumes/GigiMurin/plip/Gylcerolipids/BD7mx4-A-A-ZP71/report.txt	7	0	0	0	0	0	0
/Volumes/GigiMurin/plip/Gylcerolipids/BD7mxf-A-A-ZP71/report.txt	11	1	0	0	0	0	0
/Volumes/GigiMurin/plip/Gylcerolipids/BD7mxh-A-A-ZP71/report.txt	5	1	1	0	0	0	0
/Volumes/GigiMurin/plip/Gylcerolipids/BD7n8o-a-a-SQD1/report.txt	2	0	0	0	0	0	0
/Volumes/GigiMurin/plip/Gylcerolipids/BD7n8o-a-a-SQD2/report.txt	4	3	0	0	0	0	0
/Volumes/GigiMurin/plip/Gylcerolipids/BD7n8o-a-c-SQD1/report.txt	7	3	0	0	0	0	0
/Volumes/GigiMurin/plip/Gylcerolipids/BD7n8o-b-b-SQD1/report.txt	1	0	1	0	0	0	0
/Volumes/GigiMurin/plip/Gylcerolipids/BD7n8o-c-c-SQD1/report.txt	2	0	0	0	0	0	0
/Volumes/GigiMurin/plip/Gylcerolipids/BD7n8o-c-k-SQD1/report.txt	1	0	0	0	0	0	0
/Volumes/GigiMurin/plip/Gylcerolipids/BD7n8o-d-c-SQD1/report.txt	0	2	1	0	0	0	0
/Volumes/GigiMurin/plip/Gylcerolipids/BD7n8o-d-f-SQD1/report.txt	0	1	1	0	0	0	0
/Volumes/GigiMurin/plip/Gylcerolipids/BD7n8o-d-h-SQD1/report.txt	2	1	0	0	0	0	0
/Volumes/GigiMurin/plip/Gylcerolipids/BD7n8o-d-k-SQD1/report.txt	0	2	0	0	0	0	0
/Volumes/GigiMurin/plip/Gylcerolipids/BD7n8o-f-f-SQD1/report.txt	2	1	0	0	0	0	0
/Volumes/GigiMurin/plip/Gylcerolipids/BD7n8o-h-A-SQD1/report.txt	0	1	0	0	0	0	0
/Volumes/GigiMurin/plip/Gylcerolipids/BD7n8o-h-h-SQD1/report.txt	5	1	0	0	0	0	0
/Volumes/GigiMurin/plip/Gylcerolipids/BD7n8o-k-k-SQD1/report.txt	1	2	0	0	0	0	0
/Volumes/GigiMurin/plip/Gylcerolipids/BD7n8o-x-h-SQD1/report.txt	1	0	0	0	0	0	0
/Volumes/GigiMurin/plip/Gylcerolipids/BD7o1v-B-B-SQD1/report.txt	3	1	0	0	0	0	0
/Volumes/GigiMurin/plip/Gylcerolipids/BD7o37-a-G-TGL1/report.txt	8	0	0	0	0	0	0
/Volumes/GigiMurin/plip/Gylcerolipids/BD7o37-G-G-TGL1/report.txt	0	0	0	0	0	0	0
/Volumes/GigiMurin/plip/Gylcerolipids/BD7o3c-a-l-TGL1/report.txt	5	0	0	0	0	0	0
/Volumes/GigiMurin/plip/Gylcerolipids/BD7o3c-l-l-TGL1/report.txt	4	0	0	0	0	0	0
/Volumes/GigiMurin/plip/Gylcerolipids/BD7o3e-a-l-TGL1/report.txt	14	0	0	0	0	0	0
/Volumes/GigiMurin/plip/Gylcerolipids/BD7o3e-l-l-TGL1/report.txt	6	0	0	0	0	0	0
/Volumes/GigiMurin/plip/Gylcerolipids/BD7o8f-A-A-OLC1/report.txt	3	1	0	0	0	0	0
/Volumes/GigiMurin/plip/Gylcerolipids/BD7o8f-A-A-OLC2/report.txt	1	2	0	0	0	0	0
/Volumes/GigiMurin/plip/Gylcerolipids/BD7o8f-A-A-OLC3/report.txt	4	0	0	0	0	0	0
/Volumes/GigiMurin/plip/Gylcerolipids/BD7o8g-A-A-OLC1/report.txt	3	0	0	0	0	0	0
/Volumes/GigiMurin/plip/Gylcerolipids/BD7o8g-A-A-OLC2/report.txt	1	2	0	0	0	0	0
/Volumes/GigiMurin/plip/Gylcerolipids/BD7o8g-A-A-OLC3/report.txt	6	0	0	0	0	0	0
/Volumes/GigiMurin/plip/Gylcerolipids/BD7o8h-A-A-OLC1/report.txt	3	0	0	0	0	0	0
/Volumes/GigiMurin/plip/Gylcerolipids/BD7o8h-A-A-OLC2/report.txt	0	2	0	0	0	0	0
/Volumes/GigiMurin/plip/Gylcerolipids/BD7o8h-A-A-OLC3/report.txt	1	0	0	0	0	0	0
/Volumes/GigiMurin/plip/Gylcerolipids/BD7o8i-A-A-OLC1/report.txt	2	0	0	0	0	0	0
/Volumes/GigiMurin/plip/Gylcerolipids/BD7o8i-A-A-OLC2/report.txt	1	2	0	0	0	0	0
/Volumes/GigiMurin/plip/Gylcerolipids/BD7o8i-A-A-OLC3/report.txt	1	0	0	0	0	0	0
/Volumes/GigiMurin/plip/Gylcerolipids/BD7o8j-A-A-OLC1/report.txt	3	1	0	0	0	0	0
/Volumes/GigiMurin/plip/Gylcerolipids/BD7o8j-A-A-OLC2/report.txt	1	2	0	0	0	0	0
/Volumes/GigiMurin/plip/Gylcerolipids/BD7o8j-A-A-OLC3/report.txt	3	0	0	0	0	0	0
/Volumes/GigiMurin/plip/Gylcerolipids/BD7o8k-A-A-OLC1/report.txt	4	0	0	0	0	0	0
/Volumes/GigiMurin/plip/Gylcerolipids/BD7o8k-A-A-OLC2/report.txt	1	0	0	0	0	0	0
/Volumes/GigiMurin/plip/Gylcerolipids/BD7o8k-A-A-OLC3/report.txt	3	0	0	0	0	0	0
/Volumes/GigiMurin/plip/Gylcerolipids/BD7o8l-A-A-OLC1/report.txt	3	0	0	0	0	0	0
/Volumes/GigiMurin/plip/Gylcerolipids/BD7o8l-A-A-OLC2/report.txt	1	2	0	0	0	0	0
/Volumes/GigiMurin/plip/Gylcerolipids/BD7o8m-A-A-OLC1/report.txt	3	0	0	0	0	0	0
/Volumes/GigiMurin/plip/Gylcerolipids/BD7o8m-A-A-OLC2/report.txt	2	2	0	0	0	0	0
/Volumes/GigiMurin/plip/Gylcerolipids/BD7o8m-A-A-OLC3/report.txt	3	0	0	0	0	0	0
/Volumes/GigiMurin/plip/Gylcerolipids/BD7o8n-A-A-OLC1/report.txt	4	0	0	0	0	0	0
/Volumes/GigiMurin/plip/Gylcerolipids/BD7o8n-A-A-OLC2/report.txt	1	2	0	0	0	0	0
/Volumes/GigiMurin/plip/Gylcerolipids/BD7o8n-A-A-OLC3/report.txt	0	0	0	0	0	0	0
/Volumes/GigiMurin/plip/Gylcerolipids/BD7o8o-A-A-OLC1/report.txt	3	1	0	0	0	0	0
/Volumes/GigiMurin/plip/Gylcerolipids/BD7o8o-A-A-OLC2/report.txt	2	1	0	0	0	0	0
/Volumes/GigiMurin/plip/Gylcerolipids/BD7o8p-A-A-OLC1/report.txt	4	2	0	0	0	0	0
/Volumes/GigiMurin/plip/Gylcerolipids/BD7o8p-A-A-OLC2/report.txt	1	1	0	0	0	0	0
/Volumes/GigiMurin/plip/Gylcerolipids/BD7o8q-A-A-OLC1/report.txt	1	2	0	0	0	0	0
/Volumes/GigiMurin/plip/Gylcerolipids/BD7o8q-A-A-OLC2/report.txt	1	1	0	0	0	0	0
/Volumes/GigiMurin/plip/Gylcerolipids/BD7o8r-A-A-OLC1/report.txt	3	1	0	0	0	0	0
/Volumes/GigiMurin/plip/Gylcerolipids/BD7o8r-A-A-OLC2/report.txt	2	1	0	0	0	0	0
/Volumes/GigiMurin/plip/Gylcerolipids/BD7o8s-A-A-OLC1/report.txt	1	2	0	0	0	0	0
/Volumes/GigiMurin/plip/Gylcerolipids/BD7o8s-A-A-OLC2/report.txt	1	2	0	0	0	0	0
/Volumes/GigiMurin/plip/Gylcerolipids/BD7o8s-A-A-OLC3/report.txt	0	0	0	0	0	0	0
/Volumes/GigiMurin/plip/Gylcerolipids/BD7o8t-A-A-OLC1/report.txt	3	1	0	0	0	0	0
/Volumes/GigiMurin/plip/Gylcerolipids/BD7o8t-A-A-OLC2/report.txt	4	2	0	0	0	0	0
/Volumes/GigiMurin/plip/Gylcerolipids/BD7o8u-A-A-OLC1/report.txt	4	1	0	0	0	0	0
/Volumes/GigiMurin/plip/Gylcerolipids/BD7o8u-A-A-OLC2/report.txt	1	2	0	0	0	0	0
/Volumes/GigiMurin/plip/Gylcerolipids/BD7o8v-A-A-OLC1/report.txt	2	0	0	0	0	0	0
/Volumes/GigiMurin/plip/Gylcerolipids/BD7o8v-A-A-OLC2/report.txt	0	2	0	0	0	0	0
/Volumes/GigiMurin/plip/Gylcerolipids/BD7o8y-A-A-OLC1/report.txt	3	1	0	0	0	0	0
/Volumes/GigiMurin/plip/Gylcerolipids/BD7o8y-A-A-OLC2/report.txt	1	2	0	0	0	0	0
/Volumes/GigiMurin/plip/Gylcerolipids/BD7o8y-A-A-OLC3/report.txt	4	0	0	0	0	0	0
/Volumes/GigiMurin/plip/Gylcerolipids/BD7o8z-A-A-OLC1/report.txt	3	0	0	0	0	0	0
/Volumes/GigiMurin/plip/Gylcerolipids/BD7o8z-A-A-OLC2/report.txt	1	2	0	0	0	0	0
/Volumes/GigiMurin/plip/Gylcerolipids/BD7od5-L-L-OLC1/report.txt	5	4	1	0	0	0	0
/Volumes/GigiMurin/plip/Gylcerolipids/BD7ofx-A-A-VCW1/report.txt	0	9	2	0	0	0	0
/Volumes/GigiMurin/plip/Gylcerolipids/BD7ofx-B-B-VCW1/report.txt	0	11	2	0	0	0	0
/Volumes/GigiMurin/plip/Gylcerolipids/BD7ofx-C-C-VCW1/report.txt	0	8	2	0	0	0	0
/Volumes/GigiMurin/plip/Gylcerolipids/BD7ofy-A-A-VCW1/report.txt	0	11	0	0	0	0	0
/Volumes/GigiMurin/plip/Gylcerolipids/BD7oui-a-a-SQD1/report.txt	8	3	0	0	0	0	0
/Volumes/GigiMurin/plip/Gylcerolipids/BD7oui-a-a-SQD2/report.txt	1	2	0	0	0	0	0
/Volumes/GigiMurin/plip/Gylcerolipids/BD7oui-b-A-SQD2/report.txt	1	0	0	0	0	0	0
/Volumes/GigiMurin/plip/Gylcerolipids/BD7oui-B-l-SQD1/report.txt	0	1	0	0	0	0	0
/Volumes/GigiMurin/plip/Gylcerolipids/BD7oui-b-l-SQD2/report.txt	1	0	0	0	0	0	0
/Volumes/GigiMurin/plip/Gylcerolipids/BD7oui-c-a-SQD1/report.txt	1	2	0	0	0	0	0
/Volumes/GigiMurin/plip/Gylcerolipids/BD7oui-k-a-SQD1/report.txt	4	0	0	0	0	0	0
/Volumes/GigiMurin/plip/Gylcerolipids/BD7oui-l-l-SQD1/report.txt	0	3	0	0	0	0	0
/Volumes/GigiMurin/plip/Gylcerolipids/BD7oui-l-l-SQD2/report.txt	0	1	2	0	0	0	0
/Volumes/GigiMurin/plip/Gylcerolipids/BD7oui-t-a-SQD2/report.txt	4	0	0	0	0	0	0
/Volumes/GigiMurin/plip/Gylcerolipids/BD7oui-t-l-SQD1/report.txt	2	0	0	0	0	0	0
/Volumes/GigiMurin/plip/Gylcerolipids/BD7oui-T-L-SQD2/report.txt	2	0	0	0	0	0	0
/Volumes/GigiMurin/plip/Gylcerolipids/BD7oxe-A-A-OLC1/report.txt	3	0	0	0	0	0	0
/Volumes/GigiMurin/plip/Gylcerolipids/BD7oxe-A-A-OLC2/report.txt	6	1	0	0	0	0	0
/Volumes/GigiMurin/plip/Gylcerolipids/BD7oxe-A-A-OLC3/report.txt	0	0	0	0	0	0	0
/Volumes/GigiMurin/plip/Gylcerolipids/BD7oxe-A-A-OLC4/report.txt	5	1	0	0	0	0	0
/Volumes/GigiMurin/plip/Gylcerolipids/BD7oye-A-A-OLC1/report.txt	9	1	0	0	0	0	0
/Volumes/GigiMurin/plip/Gylcerolipids/BD7oye-A-A-OLC2/report.txt	5	0	0	0	0	0	0
/Volumes/GigiMurin/plip/Gylcerolipids/BD7oye-A-A-OLC3/report.txt	2	0	0	0	0	0	0
/Volumes/GigiMurin/plip/Gylcerolipids/BD7oye-A-A-OLC4/report.txt	1	0	0	0	0	0	0
/Volumes/GigiMurin/plip/Gylcerolipids/BD7oye-A-A-OLC5/report.txt	3	0	1	0	0	0	0
/Volumes/GigiMurin/plip/Gylcerolipids/BD7p0q-L-L-OLC1/report.txt	8	4	1	0	0	0	0
/Volumes/GigiMurin/plip/Gylcerolipids/BD7p17-L-L-OLC1/report.txt	5	3	1	0	0	0	0
/Volumes/GigiMurin/plip/Gylcerolipids/BD7p2c-L-L-OLC1/report.txt	6	4	1	0	0	0	0
/Volumes/GigiMurin/plip/Gylcerolipids/BD7pi0-a-a-SQD1/report.txt	5	2	0	0	0	0	0
/Volumes/GigiMurin/plip/Gylcerolipids/BD7pi0-A-b-SQD1/report.txt	2	2	0	0	0	0	0
/Volumes/GigiMurin/plip/Gylcerolipids/BD7pi0-A-C-SQD1/report.txt	3	3	0	0	0	0	0
/Volumes/GigiMurin/plip/Gylcerolipids/BD7pi0-b-b-DGA1/report.txt	0	0	0	0	0	0	0
/Volumes/GigiMurin/plip/Gylcerolipids/BD7pi0-b-b-SQD1/report.txt	3	1	0	0	0	0	0
/Volumes/GigiMurin/plip/Gylcerolipids/BD7pi0-c-a-SQD1/report.txt	2	4	0	0	0	0	0
/Volumes/GigiMurin/plip/Gylcerolipids/BD7pi0-c-c-SQD1/report.txt	2	1	0	0	0	0	0
/Volumes/GigiMurin/plip/Gylcerolipids/BD7pi0-C-C-SQD2/report.txt	3	6	0	0	0	0	0
/Volumes/GigiMurin/plip/Gylcerolipids/BD7pi0-d-a-SQD1/report.txt	0	2	0	0	0	0	0
/Volumes/GigiMurin/plip/Gylcerolipids/BD7pi0-d-b-DGA1/report.txt	5	0	0	0	0	0	0
/Volumes/GigiMurin/plip/Gylcerolipids/BD7pi0-D-C-SQD1/report.txt	0	2	0	0	0	0	0
/Volumes/GigiMurin/plip/Gylcerolipids/BD7pi0-h-b-DGA1/report.txt	1	0	0	0	0	0	0
/Volumes/GigiMurin/plip/Gylcerolipids/BD7pi0-j-j-DGA1/report.txt	2	0	0	0	0	0	0
/Volumes/GigiMurin/plip/Gylcerolipids/BD7pi0-l-m-SQD1/report.txt	0	0	1	0	0	0	0
/Volumes/GigiMurin/plip/Gylcerolipids/BD7pi0-m-m-SQD1/report.txt	2	1	0	0	0	0	0
/Volumes/GigiMurin/plip/Gylcerolipids/BD7pi0-x-b-DGA1/report.txt	1	0	0	0	0	0	0
/Volumes/GigiMurin/plip/Gylcerolipids/BD7pi5-a-a-SQD1/report.txt	3	2	0	0	0	0	0
/Volumes/GigiMurin/plip/Gylcerolipids/BD7pi5-b-b-DGA1/report.txt	1	0	0	0	0	0	0
/Volumes/GigiMurin/plip/Gylcerolipids/BD7pi5-b-b-SQD1/report.txt	3	2	0	0	0	0	0
/Volumes/GigiMurin/plip/Gylcerolipids/BD7pi5-c-c-DGA1/report.txt	0	0	0	0	0	0	0
/Volumes/GigiMurin/plip/Gylcerolipids/BD7pi5-c-c-SQD1/report.txt	5	4	0	0	0	0	0
/Volumes/GigiMurin/plip/Gylcerolipids/BD7pin-a1-a1-SQD1/report.txt	4	3	0	0	0	0	0
/Volumes/GigiMurin/plip/Gylcerolipids/BD7pin-a-a-SQD1/report.txt	7	4	0	0	0	0	0
/Volumes/GigiMurin/plip/Gylcerolipids/BD7pin-b1-b1-DGA1/report.txt	1	0	0	0	0	0	0
/Volumes/GigiMurin/plip/Gylcerolipids/BD7pin-b1-b1-SQD1/report.txt	0	0	0	0	0	0	0
/Volumes/GigiMurin/plip/Gylcerolipids/BD7pin-b1-b1-SQD2/report.txt	2	1	0	0	0	0	0
/Volumes/GigiMurin/plip/Gylcerolipids/BD7pin-b-b-DGA1/report.txt	1	2	0	0	0	0	0
/Volumes/GigiMurin/plip/Gylcerolipids/BD7pin-b-b-SQD1/report.txt	0	0	0	0	0	0	0
/Volumes/GigiMurin/plip/Gylcerolipids/BD7pin-b-b-SQD2/report.txt	4	0	0	0	0	0	0
/Volumes/GigiMurin/plip/Gylcerolipids/BD7pin-c1-c1-DGA1/report.txt	2	0	0	0	0	0	0
/Volumes/GigiMurin/plip/Gylcerolipids/BD7pin-c1-c1-SQD1/report.txt	4	4	0	0	0	0	0
/Volumes/GigiMurin/plip/Gylcerolipids/BD7pin-c-c-DGA1/report.txt	1	0	0	0	0	0	0
/Volumes/GigiMurin/plip/Gylcerolipids/BD7pin-c-c-SQD1/report.txt	4	3	0	0	0	0	0
/Volumes/GigiMurin/plip/Gylcerolipids/BD7pin-e1-k1-4RF1/report.txt	3	0	0	0	0	0	0
/Volumes/GigiMurin/plip/Gylcerolipids/BD7pin-e-k-4RF1/report.txt	1	0	0	0	0	0	0
/Volumes/GigiMurin/plip/Gylcerolipids/BD7pin-I1-I1-4RF1/report.txt	1	0	0	0	0	0	0
/Volumes/GigiMurin/plip/Gylcerolipids/BD7pin-i-i-4RF1/report.txt	5	0	0	0	0	0	0
/Volumes/GigiMurin/plip/Gylcerolipids/BD7pin-j1-j1-DGA1/report.txt	7	0	0	0	0	0	0
/Volumes/GigiMurin/plip/Gylcerolipids/BD7pin-j-j-DGA1/report.txt	5	0	0	0	0	0	0
/Volumes/GigiMurin/plip/Gylcerolipids/BD7pin-J-K-4RF1/report.txt	0	0	0	0	0	0	0
/Volumes/GigiMurin/plip/Gylcerolipids/BD7pin-k1-k1-4RF1/report.txt	2	0	0	0	0	0	0
/Volumes/GigiMurin/plip/Gylcerolipids/BD7pin-K-K-4RF1/report.txt	2	0	0	0	0	0	0
/Volumes/GigiMurin/plip/Gylcerolipids/BD7pin-m1-m1-SQD1/report.txt	2	2	3	0	0	0	0
/Volumes/GigiMurin/plip/Gylcerolipids/BD7pin-m-m-SQD1/report.txt	3	0	1	0	0	0	0
/Volumes/GigiMurin/plip/Gylcerolipids/BD7pin-R1-i1-4RF1/report.txt	4	0	0	0	0	0	0
/Volumes/GigiMurin/plip/Gylcerolipids/BD7pin-R-i-4RF1/report.txt	1	0	0	0	0	0	0
/Volumes/GigiMurin/plip/Gylcerolipids/BD7pin-W-I-4RF1/report.txt	2	0	0	0	0	0	0
/Volumes/GigiMurin/plip/Gylcerolipids/BD7piw-a1-a1-SQD1/report.txt	3	1	0	0	0	0	0
/Volumes/GigiMurin/plip/Gylcerolipids/BD7piw-a-a-SQD1/report.txt	1	0	0	0	0	0	0
/Volumes/GigiMurin/plip/Gylcerolipids/BD7piw-b1-b1-DGA1/report.txt	0	1	0	0	0	0	0
/Volumes/GigiMurin/plip/Gylcerolipids/BD7piw-b1-b1-SQD1/report.txt	0	0	0	0	0	0	0
/Volumes/GigiMurin/plip/Gylcerolipids/BD7piw-b1-b1-SQD2/report.txt	2	1	0	0	0	0	0
/Volumes/GigiMurin/plip/Gylcerolipids/BD7piw-b-b-DGA1/report.txt	0	0	0	0	0	0	0
/Volumes/GigiMurin/plip/Gylcerolipids/BD7piw-b-b-SQD1/report.txt	2	2	0	0	0	0	0
/Volumes/GigiMurin/plip/Gylcerolipids/BD7piw-c1-c1-DGA1/report.txt	1	0	0	0	0	0	0
/Volumes/GigiMurin/plip/Gylcerolipids/BD7piw-c1-c1-SQD1/report.txt	4	4	0	0	0	0	0
/Volumes/GigiMurin/plip/Gylcerolipids/BD7piw-c-c-DGA1/report.txt	0	0	0	0	0	0	0
/Volumes/GigiMurin/plip/Gylcerolipids/BD7piw-c-c-SQD1/report.txt	5	3	0	0	0	0	0
/Volumes/GigiMurin/plip/Gylcerolipids/BD7piw-e1-k1-4RF1/report.txt	1	0	0	0	0	0	0
/Volumes/GigiMurin/plip/Gylcerolipids/BD7piw-i1-i1-4RF1/report.txt	2	0	0	0	0	0	0
/Volumes/GigiMurin/plip/Gylcerolipids/BD7piw-j1-j1-DGA1/report.txt	4	0	0	0	0	0	0
/Volumes/GigiMurin/plip/Gylcerolipids/BD7piw-J1-K1-4RF1/report.txt	0	0	0	0	0	0	0
/Volumes/GigiMurin/plip/Gylcerolipids/BD7piw-k1-k1-4RF1/report.txt	0	0	0	0	0	0	0
/Volumes/GigiMurin/plip/Gylcerolipids/BD7piw-m1-m1-SQD1/report.txt	2	0	1	0	0	0	0
/Volumes/GigiMurin/plip/Gylcerolipids/BD7piw-r1-I1-4RF1/report.txt	4	0	0	0	0	0	0
/Volumes/GigiMurin/plip/Gylcerolipids/BD7piw-W1-I1-4RF1/report.txt	1	0	0	0	0	0	0
/Volumes/GigiMurin/plip/Gylcerolipids/BD7pnk-a-a-SQD1/report.txt	5	2	0	0	0	0	0
/Volumes/GigiMurin/plip/Gylcerolipids/BD7pnk-b-b-DGA1/report.txt	2	0	0	0	0	0	0
/Volumes/GigiMurin/plip/Gylcerolipids/BD7pnk-b-b-SQD1/report.txt	0	0	0	0	0	0	0
/Volumes/GigiMurin/plip/Gylcerolipids/BD7pnk-b-b-SQD2/report.txt	2	2	0	0	0	0	0
/Volumes/GigiMurin/plip/Gylcerolipids/BD7pnk-c-c-DGA1/report.txt	0	0	0	0	0	0	0
/Volumes/GigiMurin/plip/Gylcerolipids/BD7pnk-c-c-SQD1/report.txt	2	3	0	0	0	0	0
/Volumes/GigiMurin/plip/Gylcerolipids/BD7pnk-e-k-4RF1/report.txt	0	0	0	0	0	0	0
/Volumes/GigiMurin/plip/Gylcerolipids/BD7pnk-i-i-4RF1/report.txt	4	0	0	0	0	0	0
/Volumes/GigiMurin/plip/Gylcerolipids/BD7pnk-j-j-DGA1/report.txt	6	0	0	0	0	0	0
/Volumes/GigiMurin/plip/Gylcerolipids/BD7pnk-J-K-4RF1/report.txt	0	0	0	0	0	0	0
/Volumes/GigiMurin/plip/Gylcerolipids/BD7pnk-k-k-4RF1/report.txt	2	0	0	0	0	0	0
/Volumes/GigiMurin/plip/Gylcerolipids/BD7pnk-m-m-SQD1/report.txt	3	0	1	0	0	0	0
/Volumes/GigiMurin/plip/Gylcerolipids/BD7pnk-W-I-4RF1/report.txt	2	0	0	0	0	0	0
/Volumes/GigiMurin/plip/Gylcerolipids/BD7pow-A-A-OLC1/report.txt	3	1	0	0	0	0	0
/Volumes/GigiMurin/plip/Gylcerolipids/BD7pow-A-A-OLC2/report.txt	0	0	0	0	0	0	0
/Volumes/GigiMurin/plip/Gylcerolipids/BD7pow-A-A-OLC3/report.txt	2	0	0	0	0	0	0
/Volumes/GigiMurin/plip/Gylcerolipids/BD7pow-A-A-OLC4/report.txt	1	0	0	0	0	0	0
/Volumes/GigiMurin/plip/Gylcerolipids/BD7pow-A-A-OLC5/report.txt	4	0	0	0	0	0	0
/Volumes/GigiMurin/plip/Gylcerolipids/BD7pow-A-A-OLC6/report.txt	7	3	0	0	0	0	0
/Volumes/GigiMurin/plip/Gylcerolipids/BD7pow-A-B-OLC1/report.txt	4	0	0	0	0	0	0
/Volumes/GigiMurin/plip/Gylcerolipids/BD7pow-B-A-OLC2/report.txt	3	0	0	0	0	0	0
/Volumes/GigiMurin/plip/Gylcerolipids/BD7pow-B-A-OLC4/report.txt	3	0	0	0	0	0	0
/Volumes/GigiMurin/plip/Gylcerolipids/BD7pow-B-B-OLC1/report.txt	1	0	0	0	0	0	0
/Volumes/GigiMurin/plip/Gylcerolipids/BD7pow-B-B-OLC2/report.txt	6	1	0	0	0	0	0
/Volumes/GigiMurin/plip/Gylcerolipids/BD7pow-B-B-OLC3/report.txt	4	0	0	0	0	0	0
/Volumes/GigiMurin/plip/Gylcerolipids/BD7pow-B-B-OLC4/report.txt	6	0	0	0	0	0	0
/Volumes/GigiMurin/plip/Gylcerolipids/BD7pqd-L-L-SQD1/report.txt	6	4	0	0	0	0	0
/Volumes/GigiMurin/plip/Gylcerolipids/BD7pqd-x-x-SQD1/report.txt	4	0	3	0	0	0	0
/Volumes/GigiMurin/plip/Gylcerolipids/BD7px4-A-A-OLC1/report.txt	3	1	0	0	0	0	0
/Volumes/GigiMurin/plip/Gylcerolipids/BD7px4-A-A-OLC2/report.txt	3	0	0	0	0	0	0
/Volumes/GigiMurin/plip/Gylcerolipids/BD7px4-A-A-OLC3/report.txt	5	0	0	0	0	0	0
/Volumes/GigiMurin/plip/Gylcerolipids/BD7pyr-A-A-OLC1/report.txt	3	0	0	0	0	0	0
/Volumes/GigiMurin/plip/Gylcerolipids/BD7pyr-A-A-OLC2/report.txt	3	0	0	0	0	0	0
/Volumes/GigiMurin/plip/Gylcerolipids/BD7pyr-A-A-OLC3/report.txt	3	0	0	0	0	0	0
/Volumes/GigiMurin/plip/Gylcerolipids/BD7pyr-A-A-OLC4/report.txt	4	0	0	0	0	0	0
/Volumes/GigiMurin/plip/Gylcerolipids/BD7q38-A-A-OLC1/report.txt	2	1	0	0	0	0	0
/Volumes/GigiMurin/plip/Gylcerolipids/BD7q4h-B-B-OLC1/report.txt	1	0	0	0	0	0	0
/Volumes/GigiMurin/plip/Gylcerolipids/BD7q7f-L-L-OLC1/report.txt	5	3	1	0	0	0	0
/Volumes/GigiMurin/plip/Gylcerolipids/BD7q7f-M-L-OLC1/report.txt	1	0	0	0	0	0	0
/Volumes/GigiMurin/plip/Gylcerolipids/BD7q7f-M-M-OLC1/report.txt	0	0	0	0	0	0	0
/Volumes/GigiMurin/plip/Gylcerolipids/BD7q7g-L-L-OLC1/report.txt	5	3	1	0	0	0	0
/Volumes/GigiMurin/plip/Gylcerolipids/BD7q7g-M-M-OLC1/report.txt	0	0	0	0	0	0	0
/Volumes/GigiMurin/plip/Gylcerolipids/BD7q7h-L-L-OLC1/report.txt	3	4	1	0	0	0	0
/Volumes/GigiMurin/plip/Gylcerolipids/BD7q7h-M-M-OLC1/report.txt	0	0	0	0	0	0	0
/Volumes/GigiMurin/plip/Gylcerolipids/BD7q7j-L-L-OLC1/report.txt	4	3	1	0	0	0	0
/Volumes/GigiMurin/plip/Gylcerolipids/BD7q7j-M-L-OLC1/report.txt	1	0	0	0	0	0	0
/Volumes/GigiMurin/plip/Gylcerolipids/BD7q7j-M-M-OLC1/report.txt	0	0	0	0	0	0	0
/Volumes/GigiMurin/plip/Gylcerolipids/BD7q7m-L-L-OLC1/report.txt	7	4	0	0	0	0	0
/Volumes/GigiMurin/plip/Gylcerolipids/BD7q7m-M-M-OLC1/report.txt	0	0	0	0	0	0	0
/Volumes/GigiMurin/plip/Gylcerolipids/BD7q7n-L-L-OLC1/report.txt	9	6	0	0	0	0	0
/Volumes/GigiMurin/plip/Gylcerolipids/BD7q7n-M-M-OLC1/report.txt	0	0	0	0	0	0	0
/Volumes/GigiMurin/plip/Gylcerolipids/BD7q7o-L-L-OLC1/report.txt	3	4	1	0	0	0	0
/Volumes/GigiMurin/plip/Gylcerolipids/BD7q7o-M-M-OLC1/report.txt	0	0	0	0	0	0	0
/Volumes/GigiMurin/plip/Gylcerolipids/BD7qhb-A-A-OLC1/report.txt	2	0	0	0	0	0	0
/Volumes/GigiMurin/plip/Gylcerolipids/BD7qhb-C-C-OLC1/report.txt	2	0	0	0	0	0	0
/Volumes/GigiMurin/plip/Gylcerolipids/BD7qhh-A-A-OLC1/report.txt	6	0	0	0	0	0	0
/Volumes/GigiMurin/plip/Gylcerolipids/BD7qhh-C-C-OLC1/report.txt	6	0	0	0	0	0	0
/Volumes/GigiMurin/plip/Gylcerolipids/BD7qhm-B-M-DGA1/report.txt	5	1	0	0	0	0	0
/Volumes/GigiMurin/plip/Gylcerolipids/BD7qhm-E-E-DGA1/report.txt	6	0	0	0	0	0	0
/Volumes/GigiMurin/plip/Gylcerolipids/BD7qhm-H-H-DGA1/report.txt	0	0	0	0	0	0	0
/Volumes/GigiMurin/plip/Gylcerolipids/BD7qhm-I-H-DGA1/report.txt	4	0	0	0	0	0	0
/Volumes/GigiMurin/plip/Gylcerolipids/BD7qhm-M-M-DGA1/report.txt	0	0	0	0	0	0	0
/Volumes/GigiMurin/plip/Gylcerolipids/BD7qhm-O-Z-DGA1/report.txt	8	1	0	0	0	0	0
/Volumes/GigiMurin/plip/Gylcerolipids/BD7qhm-R-R-DGA1/report.txt	10	0	0	0	0	0	0
/Volumes/GigiMurin/plip/Gylcerolipids/BD7qhm-U-U-DGA1/report.txt	0	0	0	0	0	0	0
/Volumes/GigiMurin/plip/Gylcerolipids/BD7qhm-V-U-DGA1/report.txt	6	0	0	0	0	0	0
/Volumes/GigiMurin/plip/Gylcerolipids/BD7qhm-V-Z-DGA1/report.txt	3	0	0	0	0	0	0
/Volumes/GigiMurin/plip/Gylcerolipids/BD7qhm-Z-Z-DGA1/report.txt	0	0	0	0	0	0	0
/Volumes/GigiMurin/plip/Gylcerolipids/BD7qho-B-M-DGA1/report.txt	5	1	0	0	0	0	0
/Volumes/GigiMurin/plip/Gylcerolipids/BD7qho-E-E-DGA1/report.txt	7	0	0	0	0	0	0
/Volumes/GigiMurin/plip/Gylcerolipids/BD7qho-H-H-DGA1/report.txt	0	0	0	0	0	0	0
/Volumes/GigiMurin/plip/Gylcerolipids/BD7qho-I-H-DGA1/report.txt	4	0	0	0	0	0	0
/Volumes/GigiMurin/plip/Gylcerolipids/BD7qho-I-M-DGA1/report.txt	1	0	0	0	0	0	0
/Volumes/GigiMurin/plip/Gylcerolipids/BD7qho-M-M-DGA1/report.txt	0	0	0	0	0	0	0
/Volumes/GigiMurin/plip/Gylcerolipids/BD7qho-O-Z-DGA1/report.txt	4	1	0	0	0	0	0
/Volumes/GigiMurin/plip/Gylcerolipids/BD7qho-R-R-DGA1/report.txt	7	0	0	0	0	0	0
/Volumes/GigiMurin/plip/Gylcerolipids/BD7qho-U-U-DGA1/report.txt	0	0	0	0	0	0	0
/Volumes/GigiMurin/plip/Gylcerolipids/BD7qho-V-U-DGA1/report.txt	4	0	0	0	0	0	0
/Volumes/GigiMurin/plip/Gylcerolipids/BD7qho-V-Z-DGA1/report.txt	1	0	0	0	0	0	0
/Volumes/GigiMurin/plip/Gylcerolipids/BD7qho-Z-Z-DGA1/report.txt	0	0	0	0	0	0	0
/Volumes/GigiMurin/plip/Gylcerolipids/BD7qoa-A-A-A6L1/report.txt	7	0	0	0	0	0	0
/Volumes/GigiMurin/plip/Gylcerolipids/BD7qoa-A-A-A6L2/report.txt	2	0	0	0	0	0	0
/Volumes/GigiMurin/plip/Gylcerolipids/BD7qoa-B-B-A6L1/report.txt	5	1	0	0	0	0	0
/Volumes/GigiMurin/plip/Gylcerolipids/BD7qoa-B-B-A6L2/report.txt	9	0	0	0	0	0	0
/Volumes/GigiMurin/plip/Gylcerolipids/BD7qoa-B-B-A6L3/report.txt	8	0	0	0	0	0	0
/Volumes/GigiMurin/plip/Gylcerolipids/BD7qrm-D-D-SQD1/report.txt	1	1	1	0	0	0	0
/Volumes/GigiMurin/plip/Gylcerolipids/BD7qrm-K-K-SQD1/report.txt	0	0	1	0	0	0	0
/Volumes/GigiMurin/plip/Gylcerolipids/BD7qrm-L-K-SQD1/report.txt	3	1	1	0	0	0	0
/Volumes/GigiMurin/plip/Gylcerolipids/BD7r0w-A-D-SQD1/report.txt	2	1	0	0	0	0	0
/Volumes/GigiMurin/plip/Gylcerolipids/BD7r0w-B-D-SQD1/report.txt	1	1	0	0	0	0	0
/Volumes/GigiMurin/plip/Gylcerolipids/BD7r0w-C-D-SQD1/report.txt	0	0	2	0	0	0	0
/Volumes/GigiMurin/plip/Gylcerolipids/BD7r0w-D-D-SQD1/report.txt	5	3	1	0	0	0	0
/Volumes/GigiMurin/plip/Gylcerolipids/BD7r0w-I-L-SQD1/report.txt	1	2	0	0	0	0	0
/Volumes/GigiMurin/plip/Gylcerolipids/BD7r0w-J-L-SQD1/report.txt	3	1	0	0	0	0	0
/Volumes/GigiMurin/plip/Gylcerolipids/BD7r0w-L-L-SQD1/report.txt	3	3	1	0	0	0	0
/Volumes/GigiMurin/plip/Gylcerolipids/BD7r3k-1-8-SQD1/report.txt	2	2	0	0	0	0	0
/Volumes/GigiMurin/plip/Gylcerolipids/BD7r3k-3-7-DGA1/report.txt	1	0	0	0	0	0	0
/Volumes/GigiMurin/plip/Gylcerolipids/BD7r3k-7-7-DGA1/report.txt	1	0	0	0	0	0	0
/Volumes/GigiMurin/plip/Gylcerolipids/BD7r3k-8-8-SQD1/report.txt	3	1	4	0	0	0	0
/Volumes/GigiMurin/plip/Gylcerolipids/BD7rcv-a-a-SQD1/report.txt	7	3	0	0	0	0	0
/Volumes/GigiMurin/plip/Gylcerolipids/BD7rcv-a-a-SQD2/report.txt	3	0	0	0	0	0	0
/Volumes/GigiMurin/plip/Gylcerolipids/BD7rcv-a-a-SQD3/report.txt	3	4	0	0	0	0	0
/Volumes/GigiMurin/plip/Gylcerolipids/BD7rcv-B-B-SQD1/report.txt	1	0	1	0	0	0	0
/Volumes/GigiMurin/plip/Gylcerolipids/BD7rcv-b-T-SQD1/report.txt	1	0	1	0	0	0	0
/Volumes/GigiMurin/plip/Gylcerolipids/BD7rcv-c-a-SQD1/report.txt	3	0	0	0	0	0	0
/Volumes/GigiMurin/plip/Gylcerolipids/BD7rcv-c-k-SQD1/report.txt	1	0	0	0	0	0	0
/Volumes/GigiMurin/plip/Gylcerolipids/BD7rcv-d-a-SQD1/report.txt	0	1	1	0	0	0	0
/Volumes/GigiMurin/plip/Gylcerolipids/BD7rcv-d-f-SQD1/report.txt	0	1	1	0	0	0	0
/Volumes/GigiMurin/plip/Gylcerolipids/BD7rcv-d-h-SQD1/report.txt	6	1	0	0	0	0	0
/Volumes/GigiMurin/plip/Gylcerolipids/BD7rcv-f-f-SQD1/report.txt	4	1	0	0	0	0	0
/Volumes/GigiMurin/plip/Gylcerolipids/BD7rcv-h-A-SQD2/report.txt	0	1	0	0	0	0	0
/Volumes/GigiMurin/plip/Gylcerolipids/BD7rcv-h-h-SQD1/report.txt	4	2	0	0	0	0	0
/Volumes/GigiMurin/plip/Gylcerolipids/BD7rcv-k-k-SQD1/report.txt	1	2	0	0	0	0	0
/Volumes/GigiMurin/plip/Gylcerolipids/BD7rcv-l-A-SQD2/report.txt	0	1	0	0	0	0	0
/Volumes/GigiMurin/plip/Gylcerolipids/BD7rcv-l-B-SQD1/report.txt	0	0	1	0	0	0	0
/Volumes/GigiMurin/plip/Gylcerolipids/BD7rcv-l-T-SQD1/report.txt	2	3	1	0	0	0	0
/Volumes/GigiMurin/plip/Gylcerolipids/BD7rcv-T-A-SQD2/report.txt	2	0	0	0	0	0	0
/Volumes/GigiMurin/plip/Gylcerolipids/BD7rcv-T-T-SQD1/report.txt	3	0	0	0	0	0	0
/Volumes/GigiMurin/plip/Gylcerolipids/BD7rcv-x-h-SQD1/report.txt	1	0	0	0	0	0	0
/Volumes/GigiMurin/plip/Gylcerolipids/BD7rf1-a-a-SQD1/report.txt	6	1	0	0	0	0	0
/Volumes/GigiMurin/plip/Gylcerolipids/BD7rf1-a-a-SQD2/report.txt	5	3	0	0	0	0	0
/Volumes/GigiMurin/plip/Gylcerolipids/BD7rf1-b-b-SQD1/report.txt	2	1	1	0	0	0	0
/Volumes/GigiMurin/plip/Gylcerolipids/BD7rf1-f-f-SQD1/report.txt	1	2	0	0	0	0	0
/Volumes/GigiMurin/plip/Gylcerolipids/BD7rf1-l-l-SQD1/report.txt	1	3	1	0	0	0	0
/Volumes/GigiMurin/plip/Gylcerolipids/BD7rf2-a-a-SQD1/report.txt	3	3	0	0	0	0	0
/Volumes/GigiMurin/plip/Gylcerolipids/BD7rf2-a-a-SQD2/report.txt	2	2	0	0	0	0	0
/Volumes/GigiMurin/plip/Gylcerolipids/BD7rf2-b-b-SQD1/report.txt	1	1	1	0	0	0	0
/Volumes/GigiMurin/plip/Gylcerolipids/BD7rf2-f-f-SQD1/report.txt	1	1	0	0	0	0	0
/Volumes/GigiMurin/plip/Gylcerolipids/BD7rf3-a-a-SQD1/report.txt	4	2	0	0	0	0	0
/Volumes/GigiMurin/plip/Gylcerolipids/BD7rf3-a-a-SQD2/report.txt	2	2	0	0	0	0	0
/Volumes/GigiMurin/plip/Gylcerolipids/BD7rf3-B-B-SQD1/report.txt	1	1	1	0	0	0	0
/Volumes/GigiMurin/plip/Gylcerolipids/BD7rf3-f-f-SQD1/report.txt	1	1	0	0	0	0	0
/Volumes/GigiMurin/plip/Gylcerolipids/BD7rf3-L-L-SQD1/report.txt	1	2	1	0	0	0	0
/Volumes/GigiMurin/plip/Gylcerolipids/BD7rf4-a-a-SQD1/report.txt	4	3	0	0	0	0	0
/Volumes/GigiMurin/plip/Gylcerolipids/BD7rf4-A-A-SQD2/report.txt	5	2	0	0	0	0	0
/Volumes/GigiMurin/plip/Gylcerolipids/BD7rf4-B-B-SQD1/report.txt	2	1	1	0	0	0	0
/Volumes/GigiMurin/plip/Gylcerolipids/BD7rf4-D-D-SQD1/report.txt	0	1	1	0	0	0	0
/Volumes/GigiMurin/plip/Gylcerolipids/BD7rf4-f-f-SQD1/report.txt	3	1	0	0	0	0	0
/Volumes/GigiMurin/plip/Gylcerolipids/BD7rf4-L-L-SQD1/report.txt	2	2	2	0	0	0	0
/Volumes/GigiMurin/plip/Gylcerolipids/BD7rf4-t-t-SQD1/report.txt	0	0	0	0	0	0	0
/Volumes/GigiMurin/plip/Gylcerolipids/BD7rf5-a-a-SQD1/report.txt	7	3	0	0	0	0	0
/Volumes/GigiMurin/plip/Gylcerolipids/BD7rf5-a-a-SQD2/report.txt	5	2	0	0	0	0	0
/Volumes/GigiMurin/plip/Gylcerolipids/BD7rf5-b-b-SQD1/report.txt	1	1	1	0	0	0	0
/Volumes/GigiMurin/plip/Gylcerolipids/BD7rf5-D-D-SQD1/report.txt	0	2	1	0	0	0	0
/Volumes/GigiMurin/plip/Gylcerolipids/BD7rf5-f-f-SQD1/report.txt	3	1	0	0	0	0	0
/Volumes/GigiMurin/plip/Gylcerolipids/BD7rf6-a-a-SQD1/report.txt	4	3	0	0	0	0	0
/Volumes/GigiMurin/plip/Gylcerolipids/BD7rf6-a-a-SQD2/report.txt	4	2	0	0	0	0	0
/Volumes/GigiMurin/plip/Gylcerolipids/BD7rf6-b-b-SQD1/report.txt	2	1	1	0	0	0	0
/Volumes/GigiMurin/plip/Gylcerolipids/BD7rf6-D-D-SQD1/report.txt	0	1	1	0	0	0	0
/Volumes/GigiMurin/plip/Gylcerolipids/BD7rf6-f-f-SQD1/report.txt	2	1	0	0	0	0	0
/Volumes/GigiMurin/plip/Gylcerolipids/BD7rf7-a-a-SQD1/report.txt	4	3	0	0	0	0	0
/Volumes/GigiMurin/plip/Gylcerolipids/BD7rf7-a-a-SQD2/report.txt	4	2	0	0	0	0	0
/Volumes/GigiMurin/plip/Gylcerolipids/BD7rf7-b-b-SQD1/report.txt	0	1	1	0	0	0	0
/Volumes/GigiMurin/plip/Gylcerolipids/BD7rf7-D-D-SQD1/report.txt	0	2	2	0	0	0	0
/Volumes/GigiMurin/plip/Gylcerolipids/BD7rf7-f-f-SQD1/report.txt	2	1	0	0	0	0	0
/Volumes/GigiMurin/plip/Gylcerolipids/BD7rf8-a-a-SQD1/report.txt	5	2	0	0	0	0	0
/Volumes/GigiMurin/plip/Gylcerolipids/BD7rf8-a-a-SQD2/report.txt	4	2	0	0	0	0	0
/Volumes/GigiMurin/plip/Gylcerolipids/BD7rf8-B-B-SQD1/report.txt	1	1	1	0	0	0	0
/Volumes/GigiMurin/plip/Gylcerolipids/BD7rf8-f-f-SQD1/report.txt	0	1	0	0	0	0	0
/Volumes/GigiMurin/plip/Gylcerolipids/BD7rf8-L-L-SQD1/report.txt	1	2	1	0	0	0	0
/Volumes/GigiMurin/plip/Gylcerolipids/BD7rp0-C-C-DGA1/report.txt	3	0	1	0	0	0	0
/Volumes/GigiMurin/plip/Gylcerolipids/BD7s24-A-A-OLC1/report.txt	3	0	0	0	0	0	0
/Volumes/GigiMurin/plip/Gylcerolipids/BD7s24-A-A-OLC2/report.txt	5	1	0	0	0	0	0
/Volumes/GigiMurin/plip/Gylcerolipids/BD7sps-A-A-OLC1/report.txt	2	2	0	0	0	0	0
/Volumes/GigiMurin/plip/Gylcerolipids/BD7sps-A-A-OLC2/report.txt	4	2	0	0	0	0	0
/Volumes/GigiMurin/plip/Gylcerolipids/BD7sps-A-B-OLC2/report.txt	5	2	0	0	0	0	0
/Volumes/GigiMurin/plip/Gylcerolipids/BD7sps-B-A-OLC1/report.txt	3	1	0	0	0	0	0
/Volumes/GigiMurin/plip/Gylcerolipids/BD7sps-B-B-OLC1/report.txt	3	1	0	0	0	0	0
/Volumes/GigiMurin/plip/Gylcerolipids/BD7sps-B-B-OLC2/report.txt	4	1	0	0	0	0	0
/Volumes/GigiMurin/plip/Gylcerolipids/BD7sps-B-B-OLC3/report.txt	4	1	0	0	0	0	0
/Volumes/GigiMurin/plip/Gylcerolipids/BD7spt-A-A-OLC1/report.txt	8	1	0	0	0	0	0
/Volumes/GigiMurin/plip/Gylcerolipids/BD7spt-A-A-OLC2/report.txt	5	0	0	0	0	0	0
/Volumes/GigiMurin/plip/Gylcerolipids/BD7spt-A-A-OLC3/report.txt	5	2	0	0	0	0	0
/Volumes/GigiMurin/plip/Gylcerolipids/BD7sus-A-A-OLC1/report.txt	2	2	0	0	0	0	0
/Volumes/GigiMurin/plip/Gylcerolipids/BD7t9n-R-R-Z411/report.txt	14	1	0	0	0	0	0
/Volumes/GigiMurin/plip/Gylcerolipids/BD7thu-A-A-TGL1/report.txt	8	0	0	0	0	0	0
/Volumes/GigiMurin/plip/Gylcerolipids/BD7thu-A-D-TGL1/report.txt	4	0	0	0	0	0	0
/Volumes/GigiMurin/plip/Gylcerolipids/BD7thu-A-L-TGL1/report.txt	10	0	0	0	0	0	0
/Volumes/GigiMurin/plip/Gylcerolipids/BD7thu-B-A-TGL1/report.txt	2	0	1	0	0	0	0
/Volumes/GigiMurin/plip/Gylcerolipids/BD7thu-B-D-TGL1/report.txt	2	0	0	0	0	0	0
/Volumes/GigiMurin/plip/Gylcerolipids/BD7thu-D-D-TGL1/report.txt	2	1	0	0	0	0	0
/Volumes/GigiMurin/plip/Gylcerolipids/BD7thu-L-L-TGL1/report.txt	6	1	1	0	0	0	0
/Volumes/GigiMurin/plip/Gylcerolipids/BD7thu-N-N-TGL1/report.txt	4	0	0	0	0	0	0
/Volumes/GigiMurin/plip/Gylcerolipids/BD7thu-N-Q-TGL1/report.txt	5	0	0	0	0	0	0
/Volumes/GigiMurin/plip/Gylcerolipids/BD7thu-N-Y-TGL1/report.txt	9	0	0	0	0	0	0
/Volumes/GigiMurin/plip/Gylcerolipids/BD7thu-O-N-TGL1/report.txt	2	0	1	0	0	0	0
/Volumes/GigiMurin/plip/Gylcerolipids/BD7thu-Q-Q-TGL1/report.txt	1	1	0	0	0	0	0
/Volumes/GigiMurin/plip/Gylcerolipids/BD7thu-Y-Y-TGL1/report.txt	9	0	0	0	0	0	0
/Volumes/GigiMurin/plip/Gylcerolipids/BD7tie-A-A-TGL1/report.txt	3	0	0	0	0	0	0
/Volumes/GigiMurin/plip/Gylcerolipids/BD7tie-A-D-TGL1/report.txt	3	0	0	0	0	0	0
/Volumes/GigiMurin/plip/Gylcerolipids/BD7tie-A-L-TGL1/report.txt	8	0	0	0	0	0	0
/Volumes/GigiMurin/plip/Gylcerolipids/BD7tie-B-A-TGL1/report.txt	2	0	1	0	0	0	0
/Volumes/GigiMurin/plip/Gylcerolipids/BD7tie-B-D-TGL1/report.txt	2	0	0	0	0	0	0
/Volumes/GigiMurin/plip/Gylcerolipids/BD7tie-D-D-TGL1/report.txt	3	1	0	0	0	0	0
/Volumes/GigiMurin/plip/Gylcerolipids/BD7tie-L-L-TGL1/report.txt	8	1	1	0	0	0	0
/Volumes/GigiMurin/plip/Gylcerolipids/BD7tie-N-N-TGL1/report.txt	5	0	0	0	0	0	0
/Volumes/GigiMurin/plip/Gylcerolipids/BD7tie-N-N-TGL2/report.txt	15	0	0	0	0	0	0
/Volumes/GigiMurin/plip/Gylcerolipids/BD7tie-N-N-TGL3/report.txt	7	0	1	0	0	0	0
/Volumes/GigiMurin/plip/Gylcerolipids/BD7tie-Q-N-TGL3/report.txt	4	0	0	0	0	0	0
/Volumes/GigiMurin/plip/Gylcerolipids/BD7tie-Y-N-TGL2/report.txt	8	0	0	0	0	0	0
/Volumes/GigiMurin/plip/Gylcerolipids/BD7tih-A-B-TGL1/report.txt	7	0	0	0	0	0	0
/Volumes/GigiMurin/plip/Gylcerolipids/BD7tih-A-D-TGL1/report.txt	5	0	0	0	0	0	0
/Volumes/GigiMurin/plip/Gylcerolipids/BD7tih-A-L-TGL1/report.txt	8	0	0	0	0	0	0
/Volumes/GigiMurin/plip/Gylcerolipids/BD7tih-B-B-TGL1/report.txt	4	0	1	0	0	0	0
/Volumes/GigiMurin/plip/Gylcerolipids/BD7tih-B-D-TGL1/report.txt	3	0	0	0	0	0	0
/Volumes/GigiMurin/plip/Gylcerolipids/BD7tih-D-B-TGL1/report.txt	1	0	0	0	0	0	0
/Volumes/GigiMurin/plip/Gylcerolipids/BD7tih-D-D-TGL1/report.txt	3	1	0	0	0	0	0
/Volumes/GigiMurin/plip/Gylcerolipids/BD7tih-L-L-TGL1/report.txt	8	1	1	0	0	0	0
/Volumes/GigiMurin/plip/Gylcerolipids/BD7tih-N-N-TGL1/report.txt	7	0	0	0	0	0	0
/Volumes/GigiMurin/plip/Gylcerolipids/BD7tih-N-Q-TGL1/report.txt	3	0	0	0	0	0	0
/Volumes/GigiMurin/plip/Gylcerolipids/BD7tih-N-Y-TGL1/report.txt	13	0	0	0	0	0	0
/Volumes/GigiMurin/plip/Gylcerolipids/BD7tih-Q-Q-TGL1/report.txt	2	0	0	0	0	0	0
/Volumes/GigiMurin/plip/Gylcerolipids/BD7tih-Y-Y-TGL1/report.txt	9	0	0	0	0	0	0
/Volumes/GigiMurin/plip/Gylcerolipids/BD7tii-A-B-TGL1/report.txt	6	0	0	0	0	0	0
/Volumes/GigiMurin/plip/Gylcerolipids/BD7tii-A-D-TGL1/report.txt	5	0	1	0	0	0	0
/Volumes/GigiMurin/plip/Gylcerolipids/BD7tii-A-L-TGL1/report.txt	8	0	0	0	0	0	0
/Volumes/GigiMurin/plip/Gylcerolipids/BD7tii-B-B-TGL1/report.txt	1	1	0	0	0	0	0
/Volumes/GigiMurin/plip/Gylcerolipids/BD7tii-B-D-TGL1/report.txt	1	0	0	0	0	0	0
/Volumes/GigiMurin/plip/Gylcerolipids/BD7tii-D-D-TGL1/report.txt	2	1	0	0	0	0	0
/Volumes/GigiMurin/plip/Gylcerolipids/BD7tii-L-L-TGL1/report.txt	9	0	0	0	0	0	0
/Volumes/GigiMurin/plip/Gylcerolipids/BD7tii-N-N-TGL1/report.txt	6	0	0	0	0	0	0
/Volumes/GigiMurin/plip/Gylcerolipids/BD7tii-N-Q-TGL1/report.txt	4	0	0	0	0	0	0
/Volumes/GigiMurin/plip/Gylcerolipids/BD7tii-N-Y-TGL1/report.txt	8	0	0	0	0	0	0
/Volumes/GigiMurin/plip/Gylcerolipids/BD7tii-O-N-TGL1/report.txt	3	0	0	0	0	0	0
/Volumes/GigiMurin/plip/Gylcerolipids/BD7tii-O-Q-TGL1/report.txt	4	0	0	0	0	0	0
/Volumes/GigiMurin/plip/Gylcerolipids/BD7tii-Q-Q-TGL1/report.txt	3	2	0	0	0	0	0
/Volumes/GigiMurin/plip/Gylcerolipids/BD7tii-Y-Y-TGL1/report.txt	8	0	0	0	0	0	0
/Volumes/GigiMurin/plip/Gylcerolipids/BD7udx-C-C-OLC1/report.txt	3	0	0	0	0	0	0
/Volumes/GigiMurin/plip/Gylcerolipids/BD7udz-C-C-OLC1/report.txt	2	0	0	0	0	0	0
/Volumes/GigiMurin/plip/Gylcerolipids/BD7udz-H-H-OLC1/report.txt	2	0	0	0	0	0	0
/Volumes/GigiMurin/plip/Gylcerolipids/BD7udz-J-J-OLC1/report.txt	3	0	0	0	0	0	0
/Volumes/GigiMurin/plip/Gylcerolipids/BD7utz-R-R-Z411/report.txt	16	0	0	0	0	0	0
/Volumes/GigiMurin/plip/Gylcerolipids/BD7vd5-16-16-SQD1/report.txt	3	3	0	0	0	0	0
/Volumes/GigiMurin/plip/Gylcerolipids/BD7vd5-17-17-SQD1/report.txt	3	0	0	0	0	0	0
/Volumes/GigiMurin/plip/Gylcerolipids/BD7vd5-36-36-SQD1/report.txt	3	3	0	0	0	0	0
/Volumes/GigiMurin/plip/Gylcerolipids/BD7vd5-40-40-SQD1/report.txt	3	1	0	0	0	0	0
/Volumes/GigiMurin/plip/Gylcerolipids/BD7vd5-a-a-SQD1/report.txt	9	1	0	0	0	0	0
/Volumes/GigiMurin/plip/Gylcerolipids/BD7vd5-b-b-SQD1/report.txt	3	0	1	0	0	0	0
/Volumes/GigiMurin/plip/Gylcerolipids/BD7vd5-B-B-SQD2/report.txt	1	2	0	0	0	0	0
/Volumes/GigiMurin/plip/Gylcerolipids/BD7vd5-L-L-SQD1/report.txt	3	2	2	0	0	0	0
/Volumes/GigiMurin/plip/Gylcerolipids/BD7vd6-16-16-SQD1/report.txt	3	3	0	0	0	0	0
/Volumes/GigiMurin/plip/Gylcerolipids/BD7vd6-17-17-SQD1/report.txt	3	0	0	0	0	0	0
/Volumes/GigiMurin/plip/Gylcerolipids/BD7vod-A-A-OLC1/report.txt	2	2	0	0	0	0	0
/Volumes/GigiMurin/plip/Gylcerolipids/BD7vod-A-A-OLC2/report.txt	5	1	0	0	0	0	0
/Volumes/GigiMurin/plip/Gylcerolipids/BD7vod-A-A-OLC3/report.txt	4	1	0	0	0	0	0
/Volumes/GigiMurin/plip/Gylcerolipids/BD7voe-A-A-OLC1/report.txt	7	3	0	0	0	0	0
/Volumes/GigiMurin/plip/Gylcerolipids/BD7voe-A-A-OLC2/report.txt	4	2	0	0	0	0	0
/Volumes/GigiMurin/plip/Gylcerolipids/BD7voe-A-A-OLC3/report.txt	2	1	0	0	0	0	0
/Volumes/GigiMurin/plip/Gylcerolipids/BD7voe-A-A-OLC4/report.txt	4	0	0	0	0	0	0
/Volumes/GigiMurin/plip/Gylcerolipids/BD7vrj-3-C-DGA1/report.txt	1	1	0	0	0	0	0
/Volumes/GigiMurin/plip/Gylcerolipids/BD7vrj-C-C-DGA1/report.txt	0	0	0	0	0	0	0
/Volumes/GigiMurin/plip/Gylcerolipids/BD7vrj-L-C-DGA1/report.txt	1	0	0	0	0	0	0
/Volumes/GigiMurin/plip/Gylcerolipids/BD7vuw-A-B-TGL1/report.txt	10	0	0	0	0	0	0
/Volumes/GigiMurin/plip/Gylcerolipids/BD7vuw-A-B-TGL2/report.txt	7	0	1	0	0	0	0
/Volumes/GigiMurin/plip/Gylcerolipids/BD7vuw-A-L-TGL1/report.txt	9	0	0	0	0	0	0
/Volumes/GigiMurin/plip/Gylcerolipids/BD7vuw-B-B-TGL1/report.txt	6	0	1	0	0	0	0
/Volumes/GigiMurin/plip/Gylcerolipids/BD7vuw-B-B-TGL2/report.txt	3	0	0	0	0	0	0
/Volumes/GigiMurin/plip/Gylcerolipids/BD7vuw-D-B-TGL2/report.txt	2	0	0	0	0	0	0
/Volumes/GigiMurin/plip/Gylcerolipids/BD7vuw-L-L-TGL1/report.txt	8	0	0	0	0	0	0
/Volumes/GigiMurin/plip/Gylcerolipids/BD7vuw-N-N-TGL1/report.txt	8	0	0	0	0	0	0
/Volumes/GigiMurin/plip/Gylcerolipids/BD7vuw-N-Q-TGL1/report.txt	6	0	1	0	0	0	0
/Volumes/GigiMurin/plip/Gylcerolipids/BD7vuw-N-Y-TGL1/report.txt	9	0	0	0	0	0	0
/Volumes/GigiMurin/plip/Gylcerolipids/BD7vuw-O-N-TGL1/report.txt	3	0	1	0	0	0	0
/Volumes/GigiMurin/plip/Gylcerolipids/BD7vuw-O-Q-TGL1/report.txt	4	0	0	0	0	0	0
/Volumes/GigiMurin/plip/Gylcerolipids/BD7vuw-Q-Q-TGL1/report.txt	1	3	0	0	0	0	0
/Volumes/GigiMurin/plip/Gylcerolipids/BD7vuw-Y-Y-TGL1/report.txt	10	0	0	0	0	0	0
/Volumes/GigiMurin/plip/Gylcerolipids/BD7vvr-A-A-TGL1/report.txt	12	0	0	0	0	0	0
/Volumes/GigiMurin/plip/Gylcerolipids/BD7vvr-A-B-TGL1/report.txt	11	0	0	0	0	0	0
/Volumes/GigiMurin/plip/Gylcerolipids/BD7vvr-A-D-TGL1/report.txt	7	0	1	0	0	0	0
/Volumes/GigiMurin/plip/Gylcerolipids/BD7vvr-B-B-TGL1/report.txt	7	0	1	0	0	0	0
/Volumes/GigiMurin/plip/Gylcerolipids/BD7vvr-B-D-TGL1/report.txt	3	0	0	0	0	0	0
/Volumes/GigiMurin/plip/Gylcerolipids/BD7vvr-D-D-TGL1/report.txt	3	2	0	0	0	0	0
/Volumes/GigiMurin/plip/Gylcerolipids/BD7vvr-L-A-TGL1/report.txt	8	0	0	0	0	0	0
/Volumes/GigiMurin/plip/Gylcerolipids/BD7vvr-N-N-TGL1/report.txt	5	0	0	0	0	0	0
/Volumes/GigiMurin/plip/Gylcerolipids/BD7vvr-N-Q-TGL1/report.txt	5	0	1	0	0	0	0
/Volumes/GigiMurin/plip/Gylcerolipids/BD7vvr-N-Y-TGL1/report.txt	14	0	0	0	0	0	0
/Volumes/GigiMurin/plip/Gylcerolipids/BD7vvr-O-N-TGL1/report.txt	2	0	1	0	0	0	0
/Volumes/GigiMurin/plip/Gylcerolipids/BD7vvr-O-Q-TGL1/report.txt	3	0	0	0	0	0	0
/Volumes/GigiMurin/plip/Gylcerolipids/BD7vvr-Q-Q-TGL1/report.txt	1	2	0	0	0	0	0
/Volumes/GigiMurin/plip/Gylcerolipids/BD7vvr-Y-Y-TGL1/report.txt	9	0	0	0	0	0	0
/Volumes/GigiMurin/plip/Gylcerolipids/BD7w3e-A-A-TGL1/report.txt	16	0	0	0	0	0	0
/Volumes/GigiMurin/plip/Gylcerolipids/BD7w3e-A-B-TGL1/report.txt	9	0	0	0	0	0	0
/Volumes/GigiMurin/plip/Gylcerolipids/BD7w3e-A-D-TGL1/report.txt	7	0	1	0	0	0	0
/Volumes/GigiMurin/plip/Gylcerolipids/BD7w3e-B-B-TGL1/report.txt	7	0	1	0	0	0	0
/Volumes/GigiMurin/plip/Gylcerolipids/BD7w3e-D-D-TGL1/report.txt	2	3	0	0	0	0	0
/Volumes/GigiMurin/plip/Gylcerolipids/BD7w3e-L-A-TGL1/report.txt	6	0	0	0	0	0	0
/Volumes/GigiMurin/plip/Gylcerolipids/BD7w3e-N-O-TGL1/report.txt	7	0	0	0	0	0	0
/Volumes/GigiMurin/plip/Gylcerolipids/BD7w3e-N-O-TGL2/report.txt	7	0	1	0	0	0	0
/Volumes/GigiMurin/plip/Gylcerolipids/BD7w3e-O-O-TGL1/report.txt	4	0	1	0	0	0	0
/Volumes/GigiMurin/plip/Gylcerolipids/BD7w3e-O-O-TGL2/report.txt	6	0	0	0	0	0	0
/Volumes/GigiMurin/plip/Gylcerolipids/BD7w3e-Q-O-TGL2/report.txt	4	3	0	0	0	0	0
/Volumes/GigiMurin/plip/Gylcerolipids/BD7w74-A-A-OLC1/report.txt	5	0	0	0	0	0	0
/Volumes/GigiMurin/plip/Gylcerolipids/BD7w74-A-A-OLC2/report.txt	5	0	0	0	0	0	0
/Volumes/GigiMurin/plip/Gylcerolipids/BD7w74-A-A-OLC3/report.txt	5	2	0	0	0	0	0
/Volumes/GigiMurin/plip/Gylcerolipids/BD7w74-A-A-OLC4/report.txt	9	0	0	0	0	0	0
/Volumes/GigiMurin/plip/Gylcerolipids/BD7w74-B-B-OLC1/report.txt	3	0	0	0	0	0	0
/Volumes/GigiMurin/plip/Gylcerolipids/BD7wag-A-A-OLC10/report.txt	3	0	0	0	0	0	0
/Volumes/GigiMurin/plip/Gylcerolipids/BD7wag-A-A-OLC11/report.txt	3	1	0	0	0	0	0
/Volumes/GigiMurin/plip/Gylcerolipids/BD7wag-A-A-OLC12/report.txt	3	0	0	0	0	0	0
/Volumes/GigiMurin/plip/Gylcerolipids/BD7wag-A-A-OLC13/report.txt	9	2	0	0	0	0	0
/Volumes/GigiMurin/plip/Gylcerolipids/BD7wag-A-A-OLC1/report.txt	2	0	0	0	0	0	0
/Volumes/GigiMurin/plip/Gylcerolipids/BD7wag-A-A-OLC2/report.txt	6	1	1	0	0	0	0
/Volumes/GigiMurin/plip/Gylcerolipids/BD7wag-A-A-OLC3/report.txt	5	0	0	0	0	0	0
/Volumes/GigiMurin/plip/Gylcerolipids/BD7wag-A-A-OLC4/report.txt	4	0	0	0	0	0	0
/Volumes/GigiMurin/plip/Gylcerolipids/BD7wag-A-A-OLC5/report.txt	2	0	0	0	0	0	0
/Volumes/GigiMurin/plip/Gylcerolipids/BD7wag-A-A-OLC6/report.txt	5	0	0	0	0	0	0
/Volumes/GigiMurin/plip/Gylcerolipids/BD7wag-A-A-OLC7/report.txt	5	0	0	0	0	0	0
/Volumes/GigiMurin/plip/Gylcerolipids/BD7wag-A-A-OLC8/report.txt	0	1	0	0	0	0	0
/Volumes/GigiMurin/plip/Gylcerolipids/BD7wag-A-A-OLC9/report.txt	1	0	0	0	0	0	0
/Volumes/GigiMurin/plip/Gylcerolipids/BD7waw-A-A-OLC1/report.txt	6	2	0	0	0	0	0
/Volumes/GigiMurin/plip/Gylcerolipids/BD7waw-A-A-OLC2/report.txt	4	0	0	0	0	0	0
/Volumes/GigiMurin/plip/Gylcerolipids/BD7waw-A-A-OLC3/report.txt	11	0	0	0	0	0	0
/Volumes/GigiMurin/plip/Gylcerolipids/BD7waw-A-A-OLC4/report.txt	6	1	0	0	0	0	0
/Volumes/GigiMurin/plip/Gylcerolipids/BD7waw-A-A-OLC5/report.txt	2	0	0	0	0	0	0
/Volumes/GigiMurin/plip/Gylcerolipids/BD7wax-A-A-OLC1/report.txt	7	0	0	0	0	0	0
/Volumes/GigiMurin/plip/Gylcerolipids/BD7wax-A-A-OLC2/report.txt	8	1	0	0	0	0	0
/Volumes/GigiMurin/plip/Gylcerolipids/BD7wax-A-A-OLC3/report.txt	5	1	0	0	0	0	0
/Volumes/GigiMurin/plip/Gylcerolipids/BD7wax-A-A-OLC4/report.txt	7	0	0	0	0	0	0
/Volumes/GigiMurin/plip/Gylcerolipids/BD7wax-A-A-OLC5/report.txt	5	0	0	0	0	0	0
/Volumes/GigiMurin/plip/Gylcerolipids/BD7wax-A-A-OLC6/report.txt	3	2	0	0	0	0	0
/Volumes/GigiMurin/plip/Gylcerolipids/BD7wax-A-A-OLC7/report.txt	8	0	0	0	0	0	0
/Volumes/GigiMurin/plip/Gylcerolipids/BD7wax-A-A-OLC8/report.txt	7	2	0	0	0	0	0
/Volumes/GigiMurin/plip/Gylcerolipids/BD7wc4-A-A-OLC1/report.txt	4	2	0	0	0	0	0
/Volumes/GigiMurin/plip/Gylcerolipids/BD7wc4-A-A-OLC2/report.txt	3	1	0	0	0	0	0
/Volumes/GigiMurin/plip/Gylcerolipids/BD7wc4-A-A-OLC3/report.txt	2	0	0	0	0	0	0
/Volumes/GigiMurin/plip/Gylcerolipids/BD7wc5-A-A-OLC1/report.txt	1	1	0	0	0	0	0
/Volumes/GigiMurin/plip/Gylcerolipids/BD7wc5-A-A-OLC2/report.txt	3	1	0	0	0	0	0
/Volumes/GigiMurin/plip/Gylcerolipids/BD7wc5-A-A-OLC3/report.txt	4	0	0	0	0	0	0
/Volumes/GigiMurin/plip/Gylcerolipids/BD7wc6-A-A-OLC1/report.txt	3	0	0	0	0	0	0
/Volumes/GigiMurin/plip/Gylcerolipids/BD7wc6-A-A-OLC2/report.txt	6	0	0	0	0	0	0
/Volumes/GigiMurin/plip/Gylcerolipids/BD7wc6-A-A-OLC3/report.txt	5	1	0	0	0	0	0
/Volumes/GigiMurin/plip/Gylcerolipids/BD7wc6-A-A-OLC4/report.txt	6	1	0	0	0	0	0
/Volumes/GigiMurin/plip/Gylcerolipids/BD7wc7-A-A-OLC1/report.txt	3	2	0	0	0	0	0
/Volumes/GigiMurin/plip/Gylcerolipids/BD7wc7-A-A-OLC2/report.txt	6	1	0	0	0	0	0
/Volumes/GigiMurin/plip/Gylcerolipids/BD7wc7-A-A-OLC3/report.txt	4	1	0	0	0	0	0
/Volumes/GigiMurin/plip/Gylcerolipids/BD7wc7-A-A-OLC4/report.txt	5	2	0	0	0	0	0
/Volumes/GigiMurin/plip/Gylcerolipids/BD7wc7-A-A-OLC5/report.txt	0	1	0	0	0	0	0
/Volumes/GigiMurin/plip/Gylcerolipids/BD7wc8-A-A-OLC10/report.txt	1	0	0	0	0	0	0
/Volumes/GigiMurin/plip/Gylcerolipids/BD7wc8-A-A-OLC11/report.txt	0	2	0	0	0	0	0
/Volumes/GigiMurin/plip/Gylcerolipids/BD7wc8-A-A-OLC1/report.txt	4	1	0	0	0	0	0
/Volumes/GigiMurin/plip/Gylcerolipids/BD7wc8-A-A-OLC2/report.txt	4	3	0	0	0	0	0
/Volumes/GigiMurin/plip/Gylcerolipids/BD7wc8-A-A-OLC3/report.txt	3	1	1	0	0	0	0
/Volumes/GigiMurin/plip/Gylcerolipids/BD7wc8-A-A-OLC4/report.txt	2	1	0	0	0	0	0
/Volumes/GigiMurin/plip/Gylcerolipids/BD7wc8-A-A-OLC5/report.txt	4	0	0	0	0	0	0
/Volumes/GigiMurin/plip/Gylcerolipids/BD7wc8-A-A-OLC6/report.txt	0	0	0	0	0	0	0
/Volumes/GigiMurin/plip/Gylcerolipids/BD7wc8-A-A-OLC7/report.txt	1	2	0	0	0	0	0
/Volumes/GigiMurin/plip/Gylcerolipids/BD7wc8-A-A-OLC8/report.txt	2	0	0	0	0	0	0
/Volumes/GigiMurin/plip/Gylcerolipids/BD7wc8-A-A-OLC9/report.txt	2	0	0	0	0	0	0
/Volumes/GigiMurin/plip/Gylcerolipids/BD7wc9-A-A-OLC1/report.txt	3	0	0	0	0	0	0
/Volumes/GigiMurin/plip/Gylcerolipids/BD7wc9-A-A-OLC2/report.txt	2	2	0	0	0	0	0
/Volumes/GigiMurin/plip/Gylcerolipids/BD7wc9-A-A-OLC3/report.txt	1	2	0	0	0	0	0
/Volumes/GigiMurin/plip/Gylcerolipids/BD7wc9-A-A-OLC4/report.txt	6	1	0	0	0	0	0
/Volumes/GigiMurin/plip/Gylcerolipids/BD7wc9-A-A-OLC5/report.txt	4	1	0	0	0	0	0
/Volumes/GigiMurin/plip/Gylcerolipids/BD7wc9-A-A-OLC6/report.txt	1	2	0	0	0	0	0
/Volumes/GigiMurin/plip/Gylcerolipids/BD7wfe-BJ-BJ-SQD1/report.txt	0	0	0	0	0	0	0
/Volumes/GigiMurin/plip/Gylcerolipids/BD7wff-D-F-SQD1/report.txt	1	2	1	0	0	0	0
/Volumes/GigiMurin/plip/Gylcerolipids/BD7wff-F-F-SQD1/report.txt	2	0	0	0	0	0	0
/Volumes/GigiMurin/plip/Gylcerolipids/BD7wg5-BJ-BJ-SQD1/report.txt	0	0	0	0	0	0	0
/Volumes/GigiMurin/plip/Gylcerolipids/BD7wg5-e-e-SQD1/report.txt	1	1	0	0	0	0	0
/Volumes/GigiMurin/plip/Gylcerolipids/BD7x6c-A-A-YZY1/report.txt	4	1	0	0	0	0	0
/Volumes/GigiMurin/plip/Gylcerolipids/BD7x6c-A-B-YZY1/report.txt	8	1	0	0	0	0	0
/Volumes/GigiMurin/plip/Gylcerolipids/BD7x6i-A-A-YZY1/report.txt	3	1	0	0	0	0	0
/Volumes/GigiMurin/plip/Gylcerolipids/BD7x6i-A-A-YZY2/report.txt	5	0	0	0	0	0	0
/Volumes/GigiMurin/plip/Gylcerolipids/BD7xjc-A-A-L2P10/report.txt	0	0	0	0	0	0	0
/Volumes/GigiMurin/plip/Gylcerolipids/BD7xjc-A-A-L2P11/report.txt	0	0	0	0	0	0	0
/Volumes/GigiMurin/plip/Gylcerolipids/BD7xjc-A-A-L2P12/report.txt	3	0	0	0	0	0	0
/Volumes/GigiMurin/plip/Gylcerolipids/BD7xjc-A-A-L2P13/report.txt	2	0	0	0	0	0	0
/Volumes/GigiMurin/plip/Gylcerolipids/BD7xjc-A-A-L2P14/report.txt	3	0	0	0	0	0	0
/Volumes/GigiMurin/plip/Gylcerolipids/BD7xjc-A-A-L2P1/report.txt	3	0	0	0	0	0	0
/Volumes/GigiMurin/plip/Gylcerolipids/BD7xjc-A-A-L2P2/report.txt	4	0	0	0	0	0	0
/Volumes/GigiMurin/plip/Gylcerolipids/BD7xjc-A-A-L2P3/report.txt	3	0	0	0	0	0	0
/Volumes/GigiMurin/plip/Gylcerolipids/BD7xjc-A-A-L2P4/report.txt	1	0	0	0	0	0	0
/Volumes/GigiMurin/plip/Gylcerolipids/BD7xjc-A-A-L2P5/report.txt	5	0	0	0	0	0	0
/Volumes/GigiMurin/plip/Gylcerolipids/BD7xjc-A-A-L2P6/report.txt	1	0	0	0	0	0	0
/Volumes/GigiMurin/plip/Gylcerolipids/BD7xjc-A-A-L2P7/report.txt	2	0	0	0	0	0	0
/Volumes/GigiMurin/plip/Gylcerolipids/BD7xjc-A-A-L2P8/report.txt	4	0	0	0	0	0	0
/Volumes/GigiMurin/plip/Gylcerolipids/BD7xjc-A-A-L2P9/report.txt	0	0	0	0	0	0	0
/Volumes/GigiMurin/plip/Gylcerolipids/BD7xjd-A-A-L2P10/report.txt	0	0	0	0	0	0	0
/Volumes/GigiMurin/plip/Gylcerolipids/BD7xjd-A-A-L2P11/report.txt	1	0	0	0	0	0	0
/Volumes/GigiMurin/plip/Gylcerolipids/BD7xjd-A-A-L2P12/report.txt	4	0	0	0	0	0	0
/Volumes/GigiMurin/plip/Gylcerolipids/BD7xjd-A-A-L2P13/report.txt	2	0	0	0	0	0	0
/Volumes/GigiMurin/plip/Gylcerolipids/BD7xjd-A-A-L2P14/report.txt	2	2	0	0	0	0	0
/Volumes/GigiMurin/plip/Gylcerolipids/BD7xjd-A-A-L2P1/report.txt	7	1	0	0	0	0	0
/Volumes/GigiMurin/plip/Gylcerolipids/BD7xjd-A-A-L2P2/report.txt	9	1	0	0	0	0	0
/Volumes/GigiMurin/plip/Gylcerolipids/BD7xjd-A-A-L2P3/report.txt	1	1	0	0	0	0	0
/Volumes/GigiMurin/plip/Gylcerolipids/BD7xjd-A-A-L2P4/report.txt	3	0	0	0	0	0	0
/Volumes/GigiMurin/plip/Gylcerolipids/BD7xjd-A-A-L2P5/report.txt	9	0	0	0	0	0	0
/Volumes/GigiMurin/plip/Gylcerolipids/BD7xjd-A-A-L2P6/report.txt	3	0	0	0	0	0	0
/Volumes/GigiMurin/plip/Gylcerolipids/BD7xjd-A-A-L2P7/report.txt	3	0	0	0	0	0	0
/Volumes/GigiMurin/plip/Gylcerolipids/BD7xjd-A-A-L2P8/report.txt	7	0	0	0	0	0	0
/Volumes/GigiMurin/plip/Gylcerolipids/BD7xjd-A-A-L2P9/report.txt	0	0	0	0	0	0	0
/Volumes/GigiMurin/plip/Gylcerolipids/BD7xje-A-A-L2P10/report.txt	0	0	0	0	0	0	0
/Volumes/GigiMurin/plip/Gylcerolipids/BD7xje-A-A-L2P1/report.txt	6	1	0	0	0	0	0
/Volumes/GigiMurin/plip/Gylcerolipids/BD7xje-A-A-L2P2/report.txt	8	1	0	0	0	0	0
/Volumes/GigiMurin/plip/Gylcerolipids/BD7xje-A-A-L2P3/report.txt	2	0	0	0	0	0	0
/Volumes/GigiMurin/plip/Gylcerolipids/BD7xje-A-A-L2P4/report.txt	4	0	0	0	0	0	0
/Volumes/GigiMurin/plip/Gylcerolipids/BD7xje-A-A-L2P5/report.txt	3	1	0	0	0	0	0
/Volumes/GigiMurin/plip/Gylcerolipids/BD7xje-A-A-L2P6/report.txt	7	0	0	0	0	0	0
/Volumes/GigiMurin/plip/Gylcerolipids/BD7xje-A-A-L2P7/report.txt	2	0	0	0	0	0	0
/Volumes/GigiMurin/plip/Gylcerolipids/BD7xje-A-A-L2P8/report.txt	0	0	0	0	0	0	0
/Volumes/GigiMurin/plip/Gylcerolipids/BD7xje-A-A-L2P9/report.txt	2	1	0	0	0	0	0
/Volumes/GigiMurin/plip/Gylcerolipids/BD7xma-A-A-TGL1/report.txt	9	0	0	0	0	0	0
/Volumes/GigiMurin/plip/Gylcerolipids/BD7xma-A-D-TGL1/report.txt	7	0	1	0	0	0	0
/Volumes/GigiMurin/plip/Gylcerolipids/BD7xma-A-L-TGL1/report.txt	13	0	0	0	0	0	0
/Volumes/GigiMurin/plip/Gylcerolipids/BD7xma-D-D-TGL1/report.txt	3	2	0	0	0	0	0
/Volumes/GigiMurin/plip/Gylcerolipids/BD7xma-L-L-TGL1/report.txt	7	0	0	0	0	0	0
/Volumes/GigiMurin/plip/Gylcerolipids/BD7xma-N-N-TGL1/report.txt	9	0	0	0	0	0	0
/Volumes/GigiMurin/plip/Gylcerolipids/BD7xma-N-Q-TGL1/report.txt	4	0	1	0	0	0	0
/Volumes/GigiMurin/plip/Gylcerolipids/BD7xma-N-Y-TGL1/report.txt	12	0	0	0	0	0	0
/Volumes/GigiMurin/plip/Gylcerolipids/BD7xma-O-N-TGL1/report.txt	3	0	1	0	0	0	0
/Volumes/GigiMurin/plip/Gylcerolipids/BD7xma-O-Q-TGL1/report.txt	2	0	0	0	0	0	0
/Volumes/GigiMurin/plip/Gylcerolipids/BD7xma-Q-Q-TGL1/report.txt	2	0	0	0	0	0	0
/Volumes/GigiMurin/plip/Gylcerolipids/BD7xma-Y-Y-TGL1/report.txt	7	0	0	0	0	0	0
/Volumes/GigiMurin/plip/Gylcerolipids/BD7xmb-A-A-TGL1/report.txt	8	0	0	0	0	0	0
/Volumes/GigiMurin/plip/Gylcerolipids/BD7xmb-A-D-TGL1/report.txt	6	0	1	0	0	0	0
/Volumes/GigiMurin/plip/Gylcerolipids/BD7xmb-A-L-TGL1/report.txt	13	0	0	0	0	0	0
/Volumes/GigiMurin/plip/Gylcerolipids/BD7xmb-B-A-TGL1/report.txt	2	0	1	0	0	0	0
/Volumes/GigiMurin/plip/Gylcerolipids/BD7xmb-B-D-TGL1/report.txt	4	0	0	0	0	0	0
/Volumes/GigiMurin/plip/Gylcerolipids/BD7xmb-D-D-TGL1/report.txt	2	1	0	0	0	0	0
/Volumes/GigiMurin/plip/Gylcerolipids/BD7xmb-L-L-TGL1/report.txt	8	0	0	0	0	0	0
/Volumes/GigiMurin/plip/Gylcerolipids/BD7xmb-N-N-TGL1/report.txt	9	0	0	0	0	0	0
/Volumes/GigiMurin/plip/Gylcerolipids/BD7xmb-N-Q-TGL1/report.txt	4	0	1	0	0	0	0
/Volumes/GigiMurin/plip/Gylcerolipids/BD7xmb-N-Y-TGL1/report.txt	13	0	0	0	0	0	0
/Volumes/GigiMurin/plip/Gylcerolipids/BD7xmb-O-N-TGL1/report.txt	4	0	1	0	0	0	0
/Volumes/GigiMurin/plip/Gylcerolipids/BD7xmb-O-Q-TGL1/report.txt	2	0	0	0	0	0	0
/Volumes/GigiMurin/plip/Gylcerolipids/BD7xmb-Q-Q-TGL1/report.txt	1	1	0	0	0	0	0
/Volumes/GigiMurin/plip/Gylcerolipids/BD7xmb-Y-Y-TGL1/report.txt	5	0	0	0	0	0	0
/Volumes/GigiMurin/plip/Gylcerolipids/BD7y44-A-B-TGL1/report.txt	8	0	0	0	0	0	0
/Volumes/GigiMurin/plip/Gylcerolipids/BD7y44-A-D-TGL1/report.txt	6	0	1	0	0	0	0
/Volumes/GigiMurin/plip/Gylcerolipids/BD7y44-A-L-TGL1/report.txt	15	0	0	0	0	0	0
/Volumes/GigiMurin/plip/Gylcerolipids/BD7y44-B-B-TGL1/report.txt	3	0	1	0	0	0	0
/Volumes/GigiMurin/plip/Gylcerolipids/BD7y44-B-D-TGL1/report.txt	1	0	0	0	0	0	0
/Volumes/GigiMurin/plip/Gylcerolipids/BD7y44-D-D-TGL1/report.txt	1	2	0	0	0	0	0
/Volumes/GigiMurin/plip/Gylcerolipids/BD7y44-L-L-TGL1/report.txt	8	0	0	0	0	0	0
/Volumes/GigiMurin/plip/Gylcerolipids/BD7y44-N-O-TGL1/report.txt	9	0	0	0	0	0	0
/Volumes/GigiMurin/plip/Gylcerolipids/BD7y44-N-Q-TGL1/report.txt	7	0	1	0	0	0	0
/Volumes/GigiMurin/plip/Gylcerolipids/BD7y44-N-Y-TGL1/report.txt	10	0	0	0	0	0	0
/Volumes/GigiMurin/plip/Gylcerolipids/BD7y44-O-O-TGL1/report.txt	3	0	1	0	0	0	0
/Volumes/GigiMurin/plip/Gylcerolipids/BD7y44-O-Q-TGL1/report.txt	2	0	0	0	0	0	0
/Volumes/GigiMurin/plip/Gylcerolipids/BD7y44-Q-Q-TGL1/report.txt	3	1	0	0	0	0	0
/Volumes/GigiMurin/plip/Gylcerolipids/BD7y44-Y-Y-TGL1/report.txt	8	0	0	0	0	0	0
/Volumes/GigiMurin/plip/Gylcerolipids/BD7y7b-3-3-SQD1/report.txt	2	0	0	0	0	0	0
/Volumes/GigiMurin/plip/Gylcerolipids/BD7y7b-K-O-SQD1/report.txt	0	1	0	0	0	0	0
/Volumes/GigiMurin/plip/Gylcerolipids/BD7y7b-O-O-SQD1/report.txt	0	4	0	0	0	0	0
/Volumes/GigiMurin/plip/Gylcerolipids/BD7y7b-Z-3-SQD1/report.txt	0	1	0	0	0	0	0
/Volumes/GigiMurin/plip/Gylcerolipids/BD7y8a-3-3-SQD1/report.txt	1	0	0	0	0	0	0
/Volumes/GigiMurin/plip/Gylcerolipids/BD7y8a-K-O-SQD1/report.txt	0	1	0	0	0	0	0
/Volumes/GigiMurin/plip/Gylcerolipids/BD7y8a-O-O-SQD1/report.txt	0	4	0	0	0	0	0
/Volumes/GigiMurin/plip/Gylcerolipids/BD7y8a-Z-3-SQD1/report.txt	0	1	0	0	0	0	0
/Volumes/GigiMurin/plip/Gylcerolipids/BD7yca-6-6-SQD1/report.txt	8	1	2	0	0	0	0
/Volumes/GigiMurin/plip/Gylcerolipids/BD7yca-6-H-SQD1/report.txt	2	1	0	0	0	0	0
/Volumes/GigiMurin/plip/Gylcerolipids/BD7yca-H-H-SQD1/report.txt	5	0	1	0	0	0	0
/Volumes/GigiMurin/plip/Gylcerolipids/BD7yca-M-6-SQD1/report.txt	2	1	1	0	0	0	0
/Volumes/GigiMurin/plip/Gylcerolipids/BD7ymi-1-1-SQD1/report.txt	0	2	1	0	0	0	0
/Volumes/GigiMurin/plip/Gylcerolipids/BD7ymi-2-2-SQD1/report.txt	0	4	3	0	0	0	0
/Volumes/GigiMurin/plip/Gylcerolipids/BD7ymi-2-2-SQD2/report.txt	1	3	0	0	0	0	0
/Volumes/GigiMurin/plip/Gylcerolipids/BD7ymi-2-7-SQD2/report.txt	1	0	0	0	0	0	0
/Volumes/GigiMurin/plip/Gylcerolipids/BD7ymi-3-3-SQD1/report.txt	3	2	4	0	0	0	0
/Volumes/GigiMurin/plip/Gylcerolipids/BD7ymi-3-3-SQD2/report.txt	1	1	0	0	0	0	0
/Volumes/GigiMurin/plip/Gylcerolipids/BD7ymi-3-6-SQD2/report.txt	0	0	1	0	0	0	0
/Volumes/GigiMurin/plip/Gylcerolipids/BD7ymi-5-5-SQD1/report.txt	0	2	1	0	0	0	0
/Volumes/GigiMurin/plip/Gylcerolipids/BD7ymi-6-3-SQD2/report.txt	1	0	0	0	0	0	0
/Volumes/GigiMurin/plip/Gylcerolipids/BD7ymi-6-6-SQD1/report.txt	0	4	3	0	0	0	0
/Volumes/GigiMurin/plip/Gylcerolipids/BD7ymi-6-6-SQD2/report.txt	1	3	0	0	0	0	0
/Volumes/GigiMurin/plip/Gylcerolipids/BD7ymi-7-2-SQD2/report.txt	0	0	1	0	0	0	0
/Volumes/GigiMurin/plip/Gylcerolipids/BD7ymi-7-7-SQD1/report.txt	3	2	4	0	0	0	0
/Volumes/GigiMurin/plip/Gylcerolipids/BD7ymi-7-7-SQD2/report.txt	1	1	0	0	0	0	0
/Volumes/GigiMurin/plip/Gylcerolipids/BD7ymi-A-A-SQD1/report.txt	4	2	0	0	0	0	0
/Volumes/GigiMurin/plip/Gylcerolipids/BD7ymi-a-B-SQD2/report.txt	4	2	0	0	0	0	0
/Volumes/GigiMurin/plip/Gylcerolipids/BD7ymi-b-A-SQD1/report.txt	1	2	0	0	0	0	0
/Volumes/GigiMurin/plip/Gylcerolipids/BD7ymi-b-b-SQD1/report.txt	0	1	1	0	0	0	0
/Volumes/GigiMurin/plip/Gylcerolipids/BD7ymi-B-B-SQD2/report.txt	1	2	0	0	0	0	0
/Volumes/GigiMurin/plip/Gylcerolipids/BD7ymi-C-1-SQD1/report.txt	1	0	0	0	0	0	0
/Volumes/GigiMurin/plip/Gylcerolipids/BD7ymi-c-5-SQD1/report.txt	1	0	0	0	0	0	0
/Volumes/GigiMurin/plip/Gylcerolipids/BD7ymi-h-A-SQD1/report.txt	0	0	1	0	0	0	0
/Volumes/GigiMurin/plip/Gylcerolipids/BD7ymi-H-B-SQD2/report.txt	0	0	1	0	0	0	0
/Volumes/GigiMurin/plip/Gylcerolipids/BD7ymm-11-11-SQD1/report.txt	0	5	1	0	0	0	0
/Volumes/GigiMurin/plip/Gylcerolipids/BD7ymm-12-12-SQD1/report.txt	0	4	3	0	0	0	0
/Volumes/GigiMurin/plip/Gylcerolipids/BD7ymm-12-12-SQD2/report.txt	1	3	0	0	0	0	0
/Volumes/GigiMurin/plip/Gylcerolipids/BD7ymm-13-13-SQD1/report.txt	3	3	4	0	0	0	0
/Volumes/GigiMurin/plip/Gylcerolipids/BD7ymm-13-13-SQD2/report.txt	1	6	0	0	0	0	0
/Volumes/GigiMurin/plip/Gylcerolipids/BD7ymm-1A-1A-SQD1/report.txt	4	3	0	0	0	0	0
/Volumes/GigiMurin/plip/Gylcerolipids/BD7ymm-1B-1B-SQD1/report.txt	0	0	1	0	0	0	0
/Volumes/GigiMurin/plip/Gylcerolipids/BD7ymm-21-21-SQD1/report.txt	0	5	1	0	0	0	0
/Volumes/GigiMurin/plip/Gylcerolipids/BD7ymm-22-22-SQD1/report.txt	0	4	3	0	0	0	0
/Volumes/GigiMurin/plip/Gylcerolipids/BD7ymm-22-22-SQD2/report.txt	1	3	0	0	0	0	0
/Volumes/GigiMurin/plip/Gylcerolipids/BD7ymm-23-23-SQD1/report.txt	3	3	4	0	0	0	0
/Volumes/GigiMurin/plip/Gylcerolipids/BD7ymm-23-23-SQD2/report.txt	1	6	0	0	0	0	0
/Volumes/GigiMurin/plip/Gylcerolipids/BD7ymm-2A-2A-SQD1/report.txt	4	3	0	0	0	0	0
/Volumes/GigiMurin/plip/Gylcerolipids/BD7ymm-2B-2B-SQD1/report.txt	0	0	1	0	0	0	0
/Volumes/GigiMurin/plip/Gylcerolipids/BD7ymm-31-31-SQD1/report.txt	0	5	1	0	0	0	0
/Volumes/GigiMurin/plip/Gylcerolipids/BD7ymm-32-32-SQD1/report.txt	0	4	3	0	0	0	0
/Volumes/GigiMurin/plip/Gylcerolipids/BD7ymm-32-32-SQD2/report.txt	1	3	0	0	0	0	0
/Volumes/GigiMurin/plip/Gylcerolipids/BD7ymm-33-33-SQD1/report.txt	3	3	4	0	0	0	0
/Volumes/GigiMurin/plip/Gylcerolipids/BD7ymm-33-33-SQD2/report.txt	1	6	0	0	0	0	0
/Volumes/GigiMurin/plip/Gylcerolipids/BD7ymm-3A-3A-SQD1/report.txt	4	3	0	0	0	0	0
/Volumes/GigiMurin/plip/Gylcerolipids/BD7ymm-3B-3B-SQD1/report.txt	0	0	1	0	0	0	0
/Volumes/GigiMurin/plip/Gylcerolipids/BD7ymm-41-41-SQD1/report.txt	0	5	1	0	0	0	0
/Volumes/GigiMurin/plip/Gylcerolipids/BD7ymm-42-42-SQD1/report.txt	0	4	3	0	0	0	0
/Volumes/GigiMurin/plip/Gylcerolipids/BD7ymm-42-42-SQD2/report.txt	1	3	0	0	0	0	0
/Volumes/GigiMurin/plip/Gylcerolipids/BD7ymm-43-43-SQD1/report.txt	3	3	4	0	0	0	0
/Volumes/GigiMurin/plip/Gylcerolipids/BD7ymm-43-43-SQD2/report.txt	1	6	0	0	0	0	0
/Volumes/GigiMurin/plip/Gylcerolipids/BD7ymm-4A-4A-SQD1/report.txt	4	3	0	0	0	0	0
/Volumes/GigiMurin/plip/Gylcerolipids/BD7ymm-4B-4B-SQD1/report.txt	0	0	1	0	0	0	0
/Volumes/GigiMurin/plip/Gylcerolipids/BD7ypy-A-A-TGL1/report.txt	11	0	0	0	0	0	0
/Volumes/GigiMurin/plip/Gylcerolipids/BD7ypy-A-B-TGL1/report.txt	9	0	0	0	0	0	0
/Volumes/GigiMurin/plip/Gylcerolipids/BD7ypy-A-D-TGL1/report.txt	6	0	0	0	0	0	0
/Volumes/GigiMurin/plip/Gylcerolipids/BD7ypy-B-B-TGL1/report.txt	3	0	1	0	0	0	0
/Volumes/GigiMurin/plip/Gylcerolipids/BD7ypy-B-D-TGL1/report.txt	2	0	0	0	0	0	0
/Volumes/GigiMurin/plip/Gylcerolipids/BD7ypy-D-D-TGL1/report.txt	3	3	0	0	0	0	0
/Volumes/GigiMurin/plip/Gylcerolipids/BD7ypy-I-B-TGL1/report.txt	0	0	1	0	0	0	0
/Volumes/GigiMurin/plip/Gylcerolipids/BD7ypy-L-A-TGL1/report.txt	7	0	0	0	0	0	0
/Volumes/GigiMurin/plip/Gylcerolipids/BD7ypy-N-O-TGL1/report.txt	6	0	0	0	0	0	0
/Volumes/GigiMurin/plip/Gylcerolipids/BD7ypy-N-Q-TGL1/report.txt	5	0	1	0	0	0	0
/Volumes/GigiMurin/plip/Gylcerolipids/BD7ypy-N-Y-TGL1/report.txt	16	0	0	0	0	0	0
/Volumes/GigiMurin/plip/Gylcerolipids/BD7ypy-O-O-TGL1/report.txt	3	0	1	0	0	0	0
/Volumes/GigiMurin/plip/Gylcerolipids/BD7ypy-O-Q-TGL1/report.txt	2	0	0	0	0	0	0
/Volumes/GigiMurin/plip/Gylcerolipids/BD7ypy-Q-Q-TGL1/report.txt	5	3	0	0	0	0	0
/Volumes/GigiMurin/plip/Gylcerolipids/BD7ypy-Y-Y-TGL1/report.txt	5	0	0	0	0	0	0
/Volumes/GigiMurin/plip/Gylcerolipids/BD7yq2-a-a-SQD1/report.txt	6	1	0	0	0	0	0
/Volumes/GigiMurin/plip/Gylcerolipids/BD7yq2-a-a-SQD2/report.txt	4	3	0	0	0	0	0
/Volumes/GigiMurin/plip/Gylcerolipids/BD7yq2-B-a-SQD1/report.txt	1	1	0	0	0	0	0
/Volumes/GigiMurin/plip/Gylcerolipids/BD7yq2-b-A-SQD2/report.txt	1	2	0	0	0	0	0
/Volumes/GigiMurin/plip/Gylcerolipids/BD7yq2-b-b-SQD1/report.txt	1	0	1	0	0	0	0
/Volumes/GigiMurin/plip/Gylcerolipids/BD7yq2-B-l-SQD1/report.txt	0	0	1	0	0	0	0
/Volumes/GigiMurin/plip/Gylcerolipids/BD7yq2-C-A-SQD1/report.txt	1	2	0	0	0	0	0
/Volumes/GigiMurin/plip/Gylcerolipids/BD7yq2-c-a-SQD2/report.txt	2	1	0	0	0	0	0
/Volumes/GigiMurin/plip/Gylcerolipids/BD7yq2-D-A-SQD1/report.txt	0	0	1	0	0	0	0
/Volumes/GigiMurin/plip/Gylcerolipids/BD7yq2-d-f-SQD1/report.txt	0	1	1	0	0	0	0
/Volumes/GigiMurin/plip/Gylcerolipids/BD7yq2-f-f-SQD1/report.txt	2	1	0	0	0	0	0
/Volumes/GigiMurin/plip/Gylcerolipids/BD7yq2-K-A-SQD1/report.txt	3	0	0	0	0	0	0
/Volumes/GigiMurin/plip/Gylcerolipids/BD7yq2-k-a-SQD2/report.txt	1	0	0	0	0	0	0
/Volumes/GigiMurin/plip/Gylcerolipids/BD7yq2-l-b-SQD1/report.txt	1	2	2	0	0	0	0
/Volumes/GigiMurin/plip/Gylcerolipids/BD7yq2-l-l-SQD1/report.txt	0	0	1	0	0	0	0
/Volumes/GigiMurin/plip/Gylcerolipids/BD7yq2-T-b-SQD1/report.txt	2	0	0	0	0	0	0
/Volumes/GigiMurin/plip/Gylcerolipids/BD7yq2-x-f-SQD1/report.txt	2	0	0	0	0	0	0
/Volumes/GigiMurin/plip/Gylcerolipids/BD7yq7-a-a-SQD1/report.txt	4	1	0	0	0	0	0
/Volumes/GigiMurin/plip/Gylcerolipids/BD7yq7-a-a-SQD2/report.txt	5	3	0	0	0	0	0
/Volumes/GigiMurin/plip/Gylcerolipids/BD7yq7-B-a-SQD1/report.txt	1	1	0	0	0	0	0
/Volumes/GigiMurin/plip/Gylcerolipids/BD7yq7-b-A-SQD2/report.txt	1	2	0	0	0	0	0
/Volumes/GigiMurin/plip/Gylcerolipids/BD7yq7-b-b-SQD1/report.txt	2	0	1	0	0	0	0
/Volumes/GigiMurin/plip/Gylcerolipids/BD7yq7-C-A-SQD1/report.txt	2	2	0	0	0	0	0
/Volumes/GigiMurin/plip/Gylcerolipids/BD7yq7-c-a-SQD2/report.txt	2	1	0	0	0	0	0
/Volumes/GigiMurin/plip/Gylcerolipids/BD7yq7-D-A-SQD1/report.txt	0	0	1	0	0	0	0
/Volumes/GigiMurin/plip/Gylcerolipids/BD7yq7-d-a-SQD2/report.txt	0	1	0	0	0	0	0
/Volumes/GigiMurin/plip/Gylcerolipids/BD7yq7-d-f-SQD1/report.txt	0	1	1	0	0	0	0
/Volumes/GigiMurin/plip/Gylcerolipids/BD7yq7-E-F-SQD1/report.txt	0	1	0	0	0	0	0
/Volumes/GigiMurin/plip/Gylcerolipids/BD7yq7-f-f-SQD1/report.txt	1	1	0	0	0	0	0
/Volumes/GigiMurin/plip/Gylcerolipids/BD7yq7-H-a-SQD1/report.txt	0	0	1	0	0	0	0
/Volumes/GigiMurin/plip/Gylcerolipids/BD7yq7-K-A-SQD1/report.txt	4	0	0	0	0	0	0
/Volumes/GigiMurin/plip/Gylcerolipids/BD7yq7-k-a-SQD2/report.txt	4	0	0	0	0	0	0
/Volumes/GigiMurin/plip/Gylcerolipids/BD7yq7-l-b-SQD1/report.txt	0	0	1	0	0	0	0
/Volumes/GigiMurin/plip/Gylcerolipids/BD7yq7-t-B-SQD1/report.txt	2	0	0	0	0	0	0
/Volumes/GigiMurin/plip/Gylcerolipids/BD7yq7-x-f-SQD1/report.txt	3	0	0	0	0	0	0
/Volumes/GigiMurin/plip/Gylcerolipids/BD7ytb-A-A-OLC1/report.txt	4	0	0	0	0	0	0
/Volumes/GigiMurin/plip/Gylcerolipids/BD7ytb-A-B-OLC1/report.txt	3	0	0	0	0	0	0
/Volumes/GigiMurin/plip/Gylcerolipids/BD7ytb-A-B-OLC2/report.txt	1	0	0	0	0	0	0
/Volumes/GigiMurin/plip/Gylcerolipids/BD7ytb-A-B-OLC3/report.txt	0	1	0	0	0	0	0
/Volumes/GigiMurin/plip/Gylcerolipids/BD7ytb-A-B-OLC5/report.txt	4	0	0	0	0	0	0
/Volumes/GigiMurin/plip/Gylcerolipids/BD7ytb-B-A-OLC1/report.txt	0	1	0	0	0	0	0
/Volumes/GigiMurin/plip/Gylcerolipids/BD7ytb-B-B-OLC1/report.txt	4	1	0	0	0	0	0
/Volumes/GigiMurin/plip/Gylcerolipids/BD7ytb-B-B-OLC2/report.txt	1	0	0	0	0	0	0
/Volumes/GigiMurin/plip/Gylcerolipids/BD7ytb-B-B-OLC3/report.txt	3	0	0	0	0	0	0
/Volumes/GigiMurin/plip/Gylcerolipids/BD7ytb-B-B-OLC4/report.txt	6	0	0	0	0	0	0
/Volumes/GigiMurin/plip/Gylcerolipids/BD7ytb-B-B-OLC5/report.txt	3	0	0	0	0	0	0
/Volumes/GigiMurin/plip/Gylcerolipids/BD7yxa-A-A-OLC1/report.txt	2	0	0	0	0	0	0
/Volumes/GigiMurin/plip/Gylcerolipids/BD7yxa-A-A-OLC2/report.txt	5	1	0	0	0	0	0
/Volumes/GigiMurin/plip/Gylcerolipids/BD7yxa-A-A-OLC3/report.txt	1	0	0	0	0	0	0
/Volumes/GigiMurin/plip/Gylcerolipids/BD7yxa-B-A-OLC2/report.txt	3	0	0	0	0	0	0
/Volumes/GigiMurin/plip/Gylcerolipids/BD7yxa-B-A-OLC3/report.txt	5	0	0	0	0	0	0
/Volumes/GigiMurin/plip/Gylcerolipids/BD7z09-A-A-OLC1/report.txt	4	1	0	0	0	0	0
/Volumes/GigiMurin/plip/Gylcerolipids/BD7z09-A-A-OLC2/report.txt	3	2	0	0	0	0	0
/Volumes/GigiMurin/plip/Gylcerolipids/BD7z09-A-A-OLC3/report.txt	0	1	0	0	0	0	0
/Volumes/GigiMurin/plip/Gylcerolipids/BD7z0a-A-A-OLC1/report.txt	5	1	0	0	0	0	0
/Volumes/GigiMurin/plip/Gylcerolipids/BD7z0a-A-A-OLC2/report.txt	3	2	0	0	0	0	0
/Volumes/GigiMurin/plip/Gylcerolipids/BD7z0a-A-A-OLC3/report.txt	0	1	0	0	0	0	0
/Volumes/GigiMurin/plip/Gylcerolipids/BD7z0c-A-A-OLC1/report.txt	5	1	0	0	0	0	0
/Volumes/GigiMurin/plip/Gylcerolipids/BD7z0c-A-A-OLC2/report.txt	5	1	0	0	0	0	0
/Volumes/GigiMurin/plip/Gylcerolipids/BD7z0c-A-A-OLC3/report.txt	1	1	0	0	0	0	0
/Volumes/GigiMurin/plip/Gylcerolipids/BD7z0d-A-A-OLC1/report.txt	5	1	0	0	0	0	0
/Volumes/GigiMurin/plip/Gylcerolipids/BD7z0d-A-A-OLC2/report.txt	4	1	0	0	0	0	0
/Volumes/GigiMurin/plip/Gylcerolipids/BD7z0d-A-A-OLC3/report.txt	0	3	0	0	0	0	0
/Volumes/GigiMurin/plip/Gylcerolipids/BD7z0e-P-P-L2P1/report.txt	12	1	0	0	0	0	0
/Volumes/GigiMurin/plip/Gylcerolipids/BD7z0e-P-P-OLC1/report.txt	8	1	0	0	0	0	0
/Volumes/GigiMurin/plip/Gylcerolipids/BD7z8d-L-L-OLC1/report.txt	4	4	1	0	0	0	0
/Volumes/GigiMurin/plip/Gylcerolipids/BD7zbc-A-A-OLC10/report.txt	2	0	0	0	0	0	0
/Volumes/GigiMurin/plip/Gylcerolipids/BD7zbc-A-A-OLC1/report.txt	4	1	0	0	0	0	0
/Volumes/GigiMurin/plip/Gylcerolipids/BD7zbc-A-A-OLC2/report.txt	4	2	1	0	0	0	0
/Volumes/GigiMurin/plip/Gylcerolipids/BD7zbc-A-A-OLC3/report.txt	3	0	0	0	0	0	0
/Volumes/GigiMurin/plip/Gylcerolipids/BD7zbc-A-A-OLC4/report.txt	2	0	0	0	0	0	0
/Volumes/GigiMurin/plip/Gylcerolipids/BD7zbc-A-A-OLC5/report.txt	0	0	0	0	0	0	0
/Volumes/GigiMurin/plip/Gylcerolipids/BD7zbc-A-A-OLC6/report.txt	1	0	0	0	0	0	0
/Volumes/GigiMurin/plip/Gylcerolipids/BD7zbc-A-A-OLC7/report.txt	2	2	0	0	0	0	0
/Volumes/GigiMurin/plip/Gylcerolipids/BD7zbc-A-A-OLC8/report.txt	4	1	0	0	0	0	0
/Volumes/GigiMurin/plip/Gylcerolipids/BD7zbc-A-A-OLC9/report.txt	0	0	1	0	0	0	0
/Volumes/GigiMurin/plip/Gylcerolipids/BD7zbc-A-B-OLC2/report.txt	2	0	0	0	0	0	0
/Volumes/GigiMurin/plip/Gylcerolipids/BD7zbc-B-A-OLC10/report.txt	1	0	0	0	0	0	0
/Volumes/GigiMurin/plip/Gylcerolipids/BD7zbc-B-A-OLC7/report.txt	5	0	0	0	0	0	0
/Volumes/GigiMurin/plip/Gylcerolipids/BD7zbc-B-A-OLC9/report.txt	5	0	0	0	0	0	0
/Volumes/GigiMurin/plip/Gylcerolipids/BD7zbc-B-B-OLC1/report.txt	2	0	2	0	0	0	0
/Volumes/GigiMurin/plip/Gylcerolipids/BD7zbc-B-B-OLC2/report.txt	2	1	0	0	0	0	0
/Volumes/GigiMurin/plip/Gylcerolipids/BD7zbc-B-B-OLC3/report.txt	4	0	0	0	0	0	0
/Volumes/GigiMurin/plip/Gylcerolipids/BD7zbe-A-A-OLC1/report.txt	3	1	0	0	0	0	0
/Volumes/GigiMurin/plip/Gylcerolipids/BD7zbe-A-A-OLC2/report.txt	3	0	1	0	0	0	0
/Volumes/GigiMurin/plip/Gylcerolipids/BD7zbe-A-A-OLC3/report.txt	4	0	0	0	0	0	0
/Volumes/GigiMurin/plip/Gylcerolipids/BD7zbe-A-A-OLC4/report.txt	4	0	0	0	0	0	0
/Volumes/GigiMurin/plip/Gylcerolipids/BD7zbe-A-A-OLC5/report.txt	1	0	0	0	0	0	0
/Volumes/GigiMurin/plip/Gylcerolipids/BD7zbe-A-A-OLC6/report.txt	1	0	0	0	0	0	0
/Volumes/GigiMurin/plip/Gylcerolipids/BD7zbe-A-A-OLC7/report.txt	2	2	0	0	0	0	0
/Volumes/GigiMurin/plip/Gylcerolipids/BD7zbe-A-A-OLC8/report.txt	3	1	0	0	0	0	0
/Volumes/GigiMurin/plip/Gylcerolipids/BD7zbe-A-A-OLC9/report.txt	1	0	0	0	0	0	0
/Volumes/GigiMurin/plip/Gylcerolipids/BD7zbe-A-B-OLC2/report.txt	1	0	0	0	0	0	0
/Volumes/GigiMurin/plip/Gylcerolipids/BD7zbe-B-A-OLC7/report.txt	5	0	0	0	0	0	0
/Volumes/GigiMurin/plip/Gylcerolipids/BD7zbe-B-A-OLC9/report.txt	2	0	0	0	0	0	0
/Volumes/GigiMurin/plip/Gylcerolipids/BD7zbe-B-B-OLC1/report.txt	3	0	1	0	0	0	0
/Volumes/GigiMurin/plip/Gylcerolipids/BD7zbe-B-B-OLC2/report.txt	2	1	0	0	0	0	0
/Volumes/GigiMurin/plip/Gylcerolipids/BD7zbe-B-B-OLC3/report.txt	5	0	0	0	0	0	0
/Volumes/GigiMurin/plip/Gylcerolipids/BD7zbe-B-B-OLC4/report.txt	4	0	0	0	0	0	0
/Volumes/GigiMurin/plip/Gylcerolipids/BD7zl9-A-A-OLC1/report.txt	0	1	1	0	0	0	0
/Volumes/GigiMurin/plip/Gylcerolipids/BD7zly-A-A-OLC1/report.txt	0	0	2	0	0	0	0
/Volumes/GigiMurin/plip/Gylcerolipids/BD7zmy-A-A-OLC1/report.txt	3	1	1	0	0	0	0
/Volumes/GigiMurin/plip/Gylcerolipids/BD7zn8-A-A-OLC1/report.txt	4	1	1	0	0	0	0
/Volumes/GigiMurin/plip/Gylcerolipids/BD7zna-A-A-OLC1/report.txt	5	1	1	0	0	0	0
/Volumes/GigiMurin/plip/Gylcerolipids/BD7znc-A-A-OLC1/report.txt	2	0	0	0	0	0	0
/Volumes/GigiMurin/plip/Gylcerolipids/BD7znc-A-A-OLC2/report.txt	2	0	1	0	0	0	0
/Volumes/GigiMurin/plip/Gylcerolipids/BD7znc-A-A-OLC3/report.txt	1	2	0	0	0	0	0
/Volumes/GigiMurin/plip/Gylcerolipids/BD7znc-B-A-OLC1/report.txt	4	0	0	0	0	0	0
/Volumes/GigiMurin/plip/Gylcerolipids/BD7znc-B-A-OLC2/report.txt	3	0	0	0	0	0	0
/Volumes/GigiMurin/plip/Gylcerolipids/BD7znc-B-B-OLC1/report.txt	3	1	0	0	0	0	0
/Volumes/GigiMurin/plip/Gylcerolipids/BD7znc-B-B-OLC2/report.txt	4	0	0	0	0	0	0
/Volumes/GigiMurin/plip/Gylcerolipids/BD7znc-B-B-OLC3/report.txt	3	0	1	0	0	0	0
/Volumes/GigiMurin/plip/Gylcerolipids/BD7znc-C-B-OLC1/report.txt	2	1	0	0	0	0	0
/Volumes/GigiMurin/plip/Gylcerolipids/BD7znc-C-B-OLC2/report.txt	1	0	0	0	0	0	0
/Volumes/GigiMurin/plip/Gylcerolipids/BD7znc-C-C-OLC1/report.txt	2	2	1	0	0	0	0
/Volumes/GigiMurin/plip/Gylcerolipids/BD7znc-C-C-OLC2/report.txt	1	1	0	0	0	0	0
/Volumes/GigiMurin/plip/Gylcerolipids/BD7znc-C-C-OLC3/report.txt	2	2	0	0	0	0	0
/Volumes/GigiMurin/plip/Gylcerolipids/BD7znd-A-A-OLC1/report.txt	4	1	0	0	0	0	0
/Volumes/GigiMurin/plip/Gylcerolipids/BD7znd-A-A-OLC2/report.txt	4	0	1	0	0	0	0
/Volumes/GigiMurin/plip/Gylcerolipids/BD7znd-A-A-OLC3/report.txt	2	1	0	0	0	0	0
/Volumes/GigiMurin/plip/Gylcerolipids/BD7znd-A-C-OLC2/report.txt	1	0	0	0	0	0	0
/Volumes/GigiMurin/plip/Gylcerolipids/BD7znd-B-A-OLC1/report.txt	2	0	0	0	0	0	0
/Volumes/GigiMurin/plip/Gylcerolipids/BD7znd-B-A-OLC2/report.txt	3	0	0	0	0	0	0
/Volumes/GigiMurin/plip/Gylcerolipids/BD7znd-B-B-OLC1/report.txt	3	1	0	0	0	0	0
/Volumes/GigiMurin/plip/Gylcerolipids/BD7znd-B-B-OLC2/report.txt	6	0	0	0	0	0	0
/Volumes/GigiMurin/plip/Gylcerolipids/BD7znd-B-B-OLC3/report.txt	1	0	0	0	0	0	0
/Volumes/GigiMurin/plip/Gylcerolipids/BD7znd-B-B-OLC4/report.txt	2	0	1	0	0	0	0
/Volumes/GigiMurin/plip/Gylcerolipids/BD7znd-B-C-OLC1/report.txt	0	2	0	0	0	0	0
/Volumes/GigiMurin/plip/Gylcerolipids/BD7znd-C-B-OLC1/report.txt	3	1	0	0	0	0	0
/Volumes/GigiMurin/plip/Gylcerolipids/BD7znd-C-B-OLC3/report.txt	2	2	0	0	0	0	0
/Volumes/GigiMurin/plip/Gylcerolipids/BD7znd-C-C-OLC1/report.txt	0	1	1	0	0	0	0
/Volumes/GigiMurin/plip/Gylcerolipids/BD7znd-C-C-OLC2/report.txt	1	1	0	0	0	0	0
/Volumes/GigiMurin/plip/Gylcerolipids/BD7zou-A-A-OLC1/report.txt	5	0	1	0	0	0	0
/Volumes/GigiMurin/plip/Gylcerolipids/BD7zov-A-A-OLC1/report.txt	4	0	1	0	0	0	0
/Volumes/GigiMurin/plip/Gylcerolipids/BD7zow-A-A-OLC1/report.txt	2	1	1	0	0	0	0
/Volumes/GigiMurin/plip/Gylcerolipids/BD7zow-A-A-OLC2/report.txt	4	1	0	0	0	0	0
/Volumes/GigiMurin/plip/Gylcerolipids/BD7zow-A-A-OLC3/report.txt	3	0	1	0	0	0	0
/Volumes/GigiMurin/plip/Gylcerolipids/BD7zyv-D-D-SQD1/report.txt	1	2	1	0	0	0	0
/Volumes/GigiMurin/plip/Gylcerolipids/BD7zyv-L-L-SQD1/report.txt	0	1	1	0	0	0	0
/Volumes/GigiMurin/plip/Gylcerolipids/BD8a2o-A-A-OLC1/report.txt	0	0	0	0	0	0	0
/Volumes/GigiMurin/plip/Gylcerolipids/BD8a2o-A-A-OLC2/report.txt	0	0	0	0	0	0	0
/Volumes/GigiMurin/plip/Gylcerolipids/BD8a6c-A-A-OLC1/report.txt	5	1	0	0	0	0	0
/Volumes/GigiMurin/plip/Gylcerolipids/BD8a6c-A-A-OLC2/report.txt	4	0	1	0	0	0	0
/Volumes/GigiMurin/plip/Gylcerolipids/BD8a6c-A-A-OLC3/report.txt	4	0	0	0	0	0	0
/Volumes/GigiMurin/plip/Gylcerolipids/BD8a6c-A-A-OLC4/report.txt	3	0	0	0	0	0	0
/Volumes/GigiMurin/plip/Gylcerolipids/BD8a6c-A-A-OLC5/report.txt	1	0	0	0	0	0	0
/Volumes/GigiMurin/plip/Gylcerolipids/BD8a6c-A-A-OLC6/report.txt	0	0	0	0	0	0	0
/Volumes/GigiMurin/plip/Gylcerolipids/BD8a6c-A-A-OLC7/report.txt	4	2	0	0	0	0	0
/Volumes/GigiMurin/plip/Gylcerolipids/BD8a6c-A-A-OLC8/report.txt	3	0	0	0	0	0	0
/Volumes/GigiMurin/plip/Gylcerolipids/BD8a6c-A-B-OLC2/report.txt	5	1	0	0	0	0	0
/Volumes/GigiMurin/plip/Gylcerolipids/BD8a6c-A-B-OLC3/report.txt	2	0	0	0	0	0	0
/Volumes/GigiMurin/plip/Gylcerolipids/BD8a6c-B-A-OLC7/report.txt	8	0	0	0	0	0	0
/Volumes/GigiMurin/plip/Gylcerolipids/BD8a6c-B-A-OLC8/report.txt	1	0	0	0	0	0	0
/Volumes/GigiMurin/plip/Gylcerolipids/BD8a6c-B-B-OLC1/report.txt	2	0	1	0	0	0	0
/Volumes/GigiMurin/plip/Gylcerolipids/BD8a6c-B-B-OLC2/report.txt	0	0	0	0	0	0	0
/Volumes/GigiMurin/plip/Gylcerolipids/BD8a6c-B-B-OLC3/report.txt	3	1	0	0	0	0	0
/Volumes/GigiMurin/plip/Gylcerolipids/BD8a6c-B-B-OLC4/report.txt	6	0	0	0	0	0	0
/Volumes/GigiMurin/plip/Gylcerolipids/BD8a6c-B-B-OLC5/report.txt	3	0	0	0	0	0	0
/Volumes/GigiMurin/plip/Gylcerolipids/BD8a6d-A-A-OLC1/report.txt	1	2	0	0	0	0	0
/Volumes/GigiMurin/plip/Gylcerolipids/BD8a6d-A-A-OLC2/report.txt	2	0	1	0	0	0	0
/Volumes/GigiMurin/plip/Gylcerolipids/BD8a6d-A-A-OLC3/report.txt	6	0	0	0	0	0	0
/Volumes/GigiMurin/plip/Gylcerolipids/BD8a6d-A-A-OLC4/report.txt	3	0	0	0	0	0	0
/Volumes/GigiMurin/plip/Gylcerolipids/BD8a6d-A-A-OLC5/report.txt	0	0	0	0	0	0	0
/Volumes/GigiMurin/plip/Gylcerolipids/BD8a6d-A-A-OLC6/report.txt	1	0	0	0	0	0	0
/Volumes/GigiMurin/plip/Gylcerolipids/BD8a6d-A-A-OLC7/report.txt	3	2	0	0	0	0	0
/Volumes/GigiMurin/plip/Gylcerolipids/BD8a6d-A-A-OLC8/report.txt	3	1	0	0	0	0	0
/Volumes/GigiMurin/plip/Gylcerolipids/BD8a6d-A-A-OLC9/report.txt	1	0	0	0	0	0	0
/Volumes/GigiMurin/plip/Gylcerolipids/BD8a6d-A-B-OLC2/report.txt	1	0	0	0	0	0	0
/Volumes/GigiMurin/plip/Gylcerolipids/BD8a6d-B-A-OLC2/report.txt	1	0	0	0	0	0	0
/Volumes/GigiMurin/plip/Gylcerolipids/BD8a6d-B-A-OLC7/report.txt	5	0	0	0	0	0	0
/Volumes/GigiMurin/plip/Gylcerolipids/BD8a6d-B-A-OLC9/report.txt	2	0	0	0	0	0	0
/Volumes/GigiMurin/plip/Gylcerolipids/BD8a6d-B-B-OLC1/report.txt	2	0	1	0	0	0	0
/Volumes/GigiMurin/plip/Gylcerolipids/BD8a6d-B-B-OLC2/report.txt	1	1	0	0	0	0	0
/Volumes/GigiMurin/plip/Gylcerolipids/BD8a6d-B-B-OLC3/report.txt	4	0	0	0	0	0	0
/Volumes/GigiMurin/plip/Gylcerolipids/BD8a6d-B-B-OLC4/report.txt	4	0	0	0	0	0	0
/Volumes/GigiMurin/plip/Gylcerolipids/BD8a6e-A-A-OLC10/report.txt	1	0	0	0	0	0	0
/Volumes/GigiMurin/plip/Gylcerolipids/BD8a6e-A-A-OLC1/report.txt	4	1	0	0	0	0	0
/Volumes/GigiMurin/plip/Gylcerolipids/BD8a6e-A-A-OLC2/report.txt	5	2	1	0	0	0	0
/Volumes/GigiMurin/plip/Gylcerolipids/BD8a6e-A-A-OLC3/report.txt	5	0	0	0	0	0	0
/Volumes/GigiMurin/plip/Gylcerolipids/BD8a6e-A-A-OLC4/report.txt	3	0	0	0	0	0	0
/Volumes/GigiMurin/plip/Gylcerolipids/BD8a6e-A-A-OLC5/report.txt	0	0	0	0	0	0	0
/Volumes/GigiMurin/plip/Gylcerolipids/BD8a6e-A-A-OLC6/report.txt	2	0	0	0	0	0	0
/Volumes/GigiMurin/plip/Gylcerolipids/BD8a6e-A-A-OLC7/report.txt	5	2	0	0	0	0	0
/Volumes/GigiMurin/plip/Gylcerolipids/BD8a6e-A-A-OLC8/report.txt	4	1	0	0	0	0	0
/Volumes/GigiMurin/plip/Gylcerolipids/BD8a6e-A-A-OLC9/report.txt	0	0	1	0	0	0	0
/Volumes/GigiMurin/plip/Gylcerolipids/BD8a6e-A-B-OLC2/report.txt	1	0	0	0	0	0	0
/Volumes/GigiMurin/plip/Gylcerolipids/BD8a6e-B-A-OLC10/report.txt	1	0	0	0	0	0	0
/Volumes/GigiMurin/plip/Gylcerolipids/BD8a6e-B-A-OLC7/report.txt	3	0	0	0	0	0	0
/Volumes/GigiMurin/plip/Gylcerolipids/BD8a6e-B-A-OLC9/report.txt	6	0	0	0	0	0	0
/Volumes/GigiMurin/plip/Gylcerolipids/BD8a6e-B-B-OLC1/report.txt	1	0	1	0	0	0	0
/Volumes/GigiMurin/plip/Gylcerolipids/BD8a6e-B-B-OLC2/report.txt	2	1	0	0	0	0	0
/Volumes/GigiMurin/plip/Gylcerolipids/BD8a6e-B-B-OLC3/report.txt	3	0	0	0	0	0	0
/Volumes/GigiMurin/plip/Gylcerolipids/BD8ajz-A-A-OLC10/report.txt	3	0	0	0	0	0	0
/Volumes/GigiMurin/plip/Gylcerolipids/BD8ajz-A-A-OLC1/report.txt	3	0	0	0	0	0	0
/Volumes/GigiMurin/plip/Gylcerolipids/BD8ajz-A-A-OLC2/report.txt	1	2	0	0	0	0	0
/Volumes/GigiMurin/plip/Gylcerolipids/BD8ajz-A-A-OLC3/report.txt	2	0	0	0	0	0	0
/Volumes/GigiMurin/plip/Gylcerolipids/BD8ajz-A-A-OLC4/report.txt	2	1	0	0	0	0	0
/Volumes/GigiMurin/plip/Gylcerolipids/BD8ajz-A-A-OLC5/report.txt	0	0	0	0	0	0	0
/Volumes/GigiMurin/plip/Gylcerolipids/BD8ajz-A-A-OLC6/report.txt	0	0	0	0	0	0	0
/Volumes/GigiMurin/plip/Gylcerolipids/BD8ajz-A-A-OLC7/report.txt	0	0	0	0	0	0	0
/Volumes/GigiMurin/plip/Gylcerolipids/BD8ajz-A-A-OLC8/report.txt	3	0	0	0	0	0	0
/Volumes/GigiMurin/plip/Gylcerolipids/BD8ajz-A-A-OLC9/report.txt	1	0	0	0	0	0	0
/Volumes/GigiMurin/plip/Gylcerolipids/BD8ajz-B-B-OLC1/report.txt	0	0	0	0	0	0	0
/Volumes/GigiMurin/plip/Gylcerolipids/BD8ajz-B-B-OLC2/report.txt	2	1	0	0	0	0	0
/Volumes/GigiMurin/plip/Gylcerolipids/BD8ajz-C-C-OLC1/report.txt	1	0	0	0	0	0	0
/Volumes/GigiMurin/plip/Gylcerolipids/BD8ajz-C-C-OLC2/report.txt	0	2	1	0	0	0	0
/Volumes/GigiMurin/plip/Gylcerolipids/BD8ajz-C-C-OLC3/report.txt	2	0	0	0	0	0	0
/Volumes/GigiMurin/plip/Gylcerolipids/BD8apy-A-A-OLC1/report.txt	5	0	0	0	0	0	0
/Volumes/GigiMurin/plip/Gylcerolipids/BD8aq2-A-A-OLC10/report.txt	4	2	0	0	0	0	0
/Volumes/GigiMurin/plip/Gylcerolipids/BD8aq2-A-A-OLC1/report.txt	4	0	0	0	0	0	0
/Volumes/GigiMurin/plip/Gylcerolipids/BD8aq2-A-A-OLC2/report.txt	6	1	0	0	0	0	0
/Volumes/GigiMurin/plip/Gylcerolipids/BD8aq2-A-A-OLC3/report.txt	5	0	0	0	0	0	0
/Volumes/GigiMurin/plip/Gylcerolipids/BD8aq2-A-A-OLC4/report.txt	6	1	0	0	0	0	0
/Volumes/GigiMurin/plip/Gylcerolipids/BD8aq2-A-A-OLC5/report.txt	3	1	0	0	0	0	0
/Volumes/GigiMurin/plip/Gylcerolipids/BD8aq2-A-A-OLC6/report.txt	1	3	0	0	0	0	0
/Volumes/GigiMurin/plip/Gylcerolipids/BD8aq2-A-A-OLC7/report.txt	3	0	1	0	0	0	0
/Volumes/GigiMurin/plip/Gylcerolipids/BD8aq2-A-A-OLC8/report.txt	5	1	0	0	0	0	0
/Volumes/GigiMurin/plip/Gylcerolipids/BD8aq2-A-A-OLC9/report.txt	2	1	0	0	0	0	0
/Volumes/GigiMurin/plip/Gylcerolipids/BD8ayl-A-A-OLC1/report.txt	2	0	0	0	0	0	0
/Volumes/GigiMurin/plip/Gylcerolipids/BD8ayl-B-A-OLC1/report.txt	1	0	0	0	0	0	0
/Volumes/GigiMurin/plip/Gylcerolipids/BD8ayl-B-B-OLC1/report.txt	3	0	0	0	0	0	0
/Volumes/GigiMurin/plip/Gylcerolipids/BD8ayl-C-C-OLC1/report.txt	2	0	0	0	0	0	0
/Volumes/GigiMurin/plip/Gylcerolipids/BD8ayl-D-C-OLC1/report.txt	1	0	0	0	0	0	0
/Volumes/GigiMurin/plip/Gylcerolipids/BD8ayl-D-D-OLC1/report.txt	3	0	0	0	0	0	0
/Volumes/GigiMurin/plip/Gylcerolipids/BD8aym-A-D-OLC1/report.txt	1	0	0	0	0	0	0
/Volumes/GigiMurin/plip/Gylcerolipids/BD8aym-B-B-OLC1/report.txt	3	1	0	0	0	0	0
/Volumes/GigiMurin/plip/Gylcerolipids/BD8aym-C-B-OLC1/report.txt	1	0	0	0	0	0	0
/Volumes/GigiMurin/plip/Gylcerolipids/BD8aym-D-D-OLC1/report.txt	3	1	0	0	0	0	0
/Volumes/GigiMurin/plip/Gylcerolipids/BD8ayn-A-A-OLC1/report.txt	3	0	0	0	0	0	0
/Volumes/GigiMurin/plip/Gylcerolipids/BD8ayn-B-B-OLC1/report.txt	2	0	0	0	0	0	0
/Volumes/GigiMurin/plip/Gylcerolipids/BD8ayn-C-C-OLC1/report.txt	3	0	0	0	0	0	0
/Volumes/GigiMurin/plip/Gylcerolipids/BD8ayn-D-D-OLC1/report.txt	2	0	0	0	0	0	0
/Volumes/GigiMurin/plip/Gylcerolipids/BD8ayo-A-A-OLC1/report.txt	1	0	0	0	0	0	0
/Volumes/GigiMurin/plip/Gylcerolipids/BD8ayo-A-D-OLC1/report.txt	2	0	0	0	0	0	0
/Volumes/GigiMurin/plip/Gylcerolipids/BD8ayo-B-B-OLC1/report.txt	2	0	0	0	0	0	0
/Volumes/GigiMurin/plip/Gylcerolipids/BD8ayo-C-B-OLC1/report.txt	2	0	0	0	0	0	0
/Volumes/GigiMurin/plip/Gylcerolipids/BD8ayo-C-C-OLC1/report.txt	1	0	0	0	0	0	0
/Volumes/GigiMurin/plip/Gylcerolipids/BD8ayo-D-D-OLC1/report.txt	2	0	0	0	0	0	0
/Volumes/GigiMurin/plip/Gylcerolipids/BD8bd3-0-0-SQD1/report.txt	0	1	0	0	0	0	0
/Volumes/GigiMurin/plip/Gylcerolipids/BD8bd3-6-6-SQD1/report.txt	0	0	0	0	0	0	0
/Volumes/GigiMurin/plip/Gylcerolipids/BD8bd3-a-a-SQD1/report.txt	2	2	0	0	0	0	0
/Volumes/GigiMurin/plip/Gylcerolipids/BD8bd3-a-a-SQD2/report.txt	1	3	0	0	0	0	0
/Volumes/GigiMurin/plip/Gylcerolipids/BD8bd3-b-b-SQD1/report.txt	4	0	1	0	0	0	0
/Volumes/GigiMurin/plip/Gylcerolipids/BD8bd3-b-b-SQD2/report.txt	0	3	1	0	0	0	0
/Volumes/GigiMurin/plip/Gylcerolipids/BD8bd3-g-g-SQD1/report.txt	0	1	0	0	0	0	0
/Volumes/GigiMurin/plip/Gylcerolipids/BD8bd3-g-g-SQD2/report.txt	0	0	0	0	0	0	0
/Volumes/GigiMurin/plip/Gylcerolipids/BD8bd3-m-m-SQD1/report.txt	2	1	0	0	0	0	0
/Volumes/GigiMurin/plip/Gylcerolipids/BD8bd3-r-r-SQD1/report.txt	1	3	0	0	0	0	0
/Volumes/GigiMurin/plip/Gylcerolipids/BD8bd3-s-s-SQD1/report.txt	5	3	1	0	0	0	0
/Volumes/GigiMurin/plip/Gylcerolipids/BD8bd3-x-x-SQD1/report.txt	0	0	0	0	0	0	0
/Volumes/GigiMurin/plip/Gylcerolipids/BD8bd3-y-y-SQD1/report.txt	2	1	0	0	0	0	0
/Volumes/GigiMurin/plip/Gylcerolipids/BD8c1p-A-A-OLC1/report.txt	3	0	0	0	0	0	0
/Volumes/GigiMurin/plip/Gylcerolipids/BD8c1p-A-B-OLC1/report.txt	2	0	0	0	0	0	0
/Volumes/GigiMurin/plip/Gylcerolipids/BD8c1p-B-B-OLC1/report.txt	3	0	0	0	0	0	0
/Volumes/GigiMurin/plip/Gylcerolipids/BD8c1p-B-C-OLC1/report.txt	2	0	0	0	0	0	0
/Volumes/GigiMurin/plip/Gylcerolipids/BD8c1p-C-C-OLC1/report.txt	4	0	0	0	0	0	0
/Volumes/GigiMurin/plip/Gylcerolipids/BD8c1p-C-D-OLC1/report.txt	3	0	0	0	0	0	0
/Volumes/GigiMurin/plip/Gylcerolipids/BD8c1p-D-A-OLC1/report.txt	2	0	0	0	0	0	0
/Volumes/GigiMurin/plip/Gylcerolipids/BD8c1p-D-D-OLC1/report.txt	4	0	0	0	0	0	0
/Volumes/GigiMurin/plip/Gylcerolipids/BD8c1q-A-A-OLC1/report.txt	2	0	0	0	0	0	0
/Volumes/GigiMurin/plip/Gylcerolipids/BD8c1q-A-B-OLC1/report.txt	2	0	0	0	0	0	0
/Volumes/GigiMurin/plip/Gylcerolipids/BD8c1q-B-B-OLC1/report.txt	4	0	0	0	0	0	0
/Volumes/GigiMurin/plip/Gylcerolipids/BD8c1q-B-C-OLC1/report.txt	2	0	0	0	0	0	0
/Volumes/GigiMurin/plip/Gylcerolipids/BD8c1q-C-C-OLC1/report.txt	4	0	0	0	0	0	0
/Volumes/GigiMurin/plip/Gylcerolipids/BD8c1q-C-D-OLC1/report.txt	2	0	0	0	0	0	0
/Volumes/GigiMurin/plip/Gylcerolipids/BD8c1q-D-A-OLC1/report.txt	2	0	0	0	0	0	0
/Volumes/GigiMurin/plip/Gylcerolipids/BD8c1q-D-D-OLC1/report.txt	4	0	0	0	0	0	0
/Volumes/GigiMurin/plip/Gylcerolipids/BD8c1r-A-A-OLC1/report.txt	4	0	0	0	0	0	0
/Volumes/GigiMurin/plip/Gylcerolipids/BD8c1r-A-B-OLC1/report.txt	2	0	0	0	0	0	0
/Volumes/GigiMurin/plip/Gylcerolipids/BD8c1r-B-B-OLC1/report.txt	3	0	0	0	0	0	0
/Volumes/GigiMurin/plip/Gylcerolipids/BD8c1r-B-C-OLC1/report.txt	2	0	0	0	0	0	0
/Volumes/GigiMurin/plip/Gylcerolipids/BD8c1r-C-C-OLC1/report.txt	3	0	0	0	0	0	0
/Volumes/GigiMurin/plip/Gylcerolipids/BD8c1r-C-D-OLC1/report.txt	1	0	0	0	0	0	0
/Volumes/GigiMurin/plip/Gylcerolipids/BD8c1r-D-A-OLC1/report.txt	3	0	0	0	0	0	0
/Volumes/GigiMurin/plip/Gylcerolipids/BD8c1r-D-D-OLC1/report.txt	3	0	0	0	0	0	0
/Volumes/GigiMurin/plip/Gylcerolipids/BD8c1s-A-A-OLC1/report.txt	5	0	0	0	0	0	0
/Volumes/GigiMurin/plip/Gylcerolipids/BD8c1s-A-B-OLC1/report.txt	2	0	0	0	0	0	0
/Volumes/GigiMurin/plip/Gylcerolipids/BD8c1s-B-B-OLC1/report.txt	3	0	0	0	0	0	0
/Volumes/GigiMurin/plip/Gylcerolipids/BD8c1s-B-C-OLC1/report.txt	3	0	0	0	0	0	0
/Volumes/GigiMurin/plip/Gylcerolipids/BD8c1s-C-C-OLC1/report.txt	4	0	0	0	0	0	0
/Volumes/GigiMurin/plip/Gylcerolipids/BD8c1s-C-C-OLC2/report.txt	1	0	0	0	0	0	0
/Volumes/GigiMurin/plip/Gylcerolipids/BD8c1s-D-A-OLC1/report.txt	2	0	0	0	0	0	0
/Volumes/GigiMurin/plip/Gylcerolipids/BD8c1s-D-C-OLC2/report.txt	2	0	0	0	0	0	0
/Volumes/GigiMurin/plip/Gylcerolipids/BD8c29-a-a-SQD1/report.txt	4	1	0	0	0	0	0
/Volumes/GigiMurin/plip/Gylcerolipids/BD8c29-b-b-DGA1/report.txt	1	2	0	0	0	0	0
/Volumes/GigiMurin/plip/Gylcerolipids/BD8c29-B-D-DGA1/report.txt	1	0	0	0	0	0	0
/Volumes/GigiMurin/plip/Gylcerolipids/BD8c29-B-L-SQD1/report.txt	3	0	1	0	0	0	0
/Volumes/GigiMurin/plip/Gylcerolipids/BD8c29-b-M-SQD1/report.txt	2	0	1	0	0	0	0
/Volumes/GigiMurin/plip/Gylcerolipids/BD8c29-c-a-SQD1/report.txt	2	0	0	0	0	0	0
/Volumes/GigiMurin/plip/Gylcerolipids/BD8c29-d-a-SQD1/report.txt	0	2	0	0	0	0	0
/Volumes/GigiMurin/plip/Gylcerolipids/BD8c29-d-b-DGA1/report.txt	3	0	0	0	0	0	0
/Volumes/GigiMurin/plip/Gylcerolipids/BD8c29-D-D-DGA1/report.txt	1	0	0	0	0	0	0
/Volumes/GigiMurin/plip/Gylcerolipids/BD8c29-h-b-DGA1/report.txt	1	0	0	0	0	0	0
/Volumes/GigiMurin/plip/Gylcerolipids/BD8c29-H-D-DGA1/report.txt	2	0	0	0	0	0	0
/Volumes/GigiMurin/plip/Gylcerolipids/BD8c29-L-L-SQD1/report.txt	0	2	0	0	0	0	0
/Volumes/GigiMurin/plip/Gylcerolipids/BD8c29-L-M-SQD1/report.txt	0	1	2	0	0	0	0
/Volumes/GigiMurin/plip/Gylcerolipids/BD8c29-M-M-SQD1/report.txt	0	0	0	0	0	0	0
/Volumes/GigiMurin/plip/Gylcerolipids/BD8c29-t-L-SQD1/report.txt	2	0	0	0	0	0	0
/Volumes/GigiMurin/plip/Gylcerolipids/BD8c29-T-M-SQD1/report.txt	3	0	0	0	0	0	0
/Volumes/GigiMurin/plip/Gylcerolipids/BD8c2h-A-A-OLC1/report.txt	3	0	0	0	0	0	0
/Volumes/GigiMurin/plip/Gylcerolipids/BD8c2h-A-B-OLC1/report.txt	3	0	0	0	0	0	0
/Volumes/GigiMurin/plip/Gylcerolipids/BD8c2h-B-B-OLC1/report.txt	5	0	0	0	0	0	0
/Volumes/GigiMurin/plip/Gylcerolipids/BD8c2h-B-C-OLC1/report.txt	2	0	0	0	0	0	0
/Volumes/GigiMurin/plip/Gylcerolipids/BD8c2h-C-C-OLC1/report.txt	3	0	0	0	0	0	0
/Volumes/GigiMurin/plip/Gylcerolipids/BD8c2h-C-D-OLC1/report.txt	4	0	0	0	0	0	0
/Volumes/GigiMurin/plip/Gylcerolipids/BD8c2h-D-A-OLC1/report.txt	2	0	0	0	0	0	0
/Volumes/GigiMurin/plip/Gylcerolipids/BD8c2h-D-D-OLC1/report.txt	5	0	0	0	0	0	0
/Volumes/GigiMurin/plip/Gylcerolipids/BD8c2i-A-A-OLC1/report.txt	1	0	0	0	0	0	0
/Volumes/GigiMurin/plip/Gylcerolipids/BD8c2i-A-B-OLC1/report.txt	1	0	0	0	0	0	0
/Volumes/GigiMurin/plip/Gylcerolipids/BD8c2i-B-B-OLC1/report.txt	6	0	0	0	0	0	0
/Volumes/GigiMurin/plip/Gylcerolipids/BD8c2i-B-C-OLC1/report.txt	2	0	0	0	0	0	0
/Volumes/GigiMurin/plip/Gylcerolipids/BD8c2i-C-C-OLC1/report.txt	1	0	0	0	0	0	0
/Volumes/GigiMurin/plip/Gylcerolipids/BD8c2i-C-D-OLC1/report.txt	4	0	0	0	0	0	0
/Volumes/GigiMurin/plip/Gylcerolipids/BD8c2i-D-A-OLC1/report.txt	1	0	0	0	0	0	0
/Volumes/GigiMurin/plip/Gylcerolipids/BD8c2i-D-D-OLC1/report.txt	5	0	0	0	0	0	0
/Volumes/GigiMurin/plip/Gylcerolipids/BD8c87-L-L-OLC1/report.txt	5	3	1	0	0	0	0
/Volumes/GigiMurin/plip/Gylcerolipids/BD8c88-L-L-OLC1/report.txt	7	5	0	0	0	0	0
/Volumes/GigiMurin/plip/Gylcerolipids/BD8c88-M-L-OLC1/report.txt	1	0	0	0	0	0	0
/Volumes/GigiMurin/plip/Gylcerolipids/BD8c9w-A-A-OLC1/report.txt	4	1	0	0	0	0	0
/Volumes/GigiMurin/plip/Gylcerolipids/BD8c9w-A-A-OLC2/report.txt	3	0	0	0	0	0	0
/Volumes/GigiMurin/plip/Gylcerolipids/BD8cic-A-A-OLC1/report.txt	7	3	0	0	0	0	0
/Volumes/GigiMurin/plip/Gylcerolipids/BD8cic-A-A-OLC2/report.txt	3	0	0	0	0	0	0
/Volumes/GigiMurin/plip/Gylcerolipids/BD8cic-A-A-OLC3/report.txt	0	0	0	0	0	0	0
/Volumes/GigiMurin/plip/Gylcerolipids/BD8cic-A-A-OLC4/report.txt	0	0	0	0	0	0	0
/Volumes/GigiMurin/plip/Gylcerolipids/BD8cic-A-A-OLC5/report.txt	3	1	0	0	0	0	0
/Volumes/GigiMurin/plip/Gylcerolipids/BD8cmo-1-1-SQD1/report.txt	2	3	0	0	0	0	0
/Volumes/GigiMurin/plip/Gylcerolipids/BD8cmo-3-A-DGA1/report.txt	0	1	0	0	0	0	0
/Volumes/GigiMurin/plip/Gylcerolipids/BD8cmo-7-A-DGA1/report.txt	3	0	0	0	0	0	0
/Volumes/GigiMurin/plip/Gylcerolipids/BD8cmo-8-1-SQD1/report.txt	6	0	0	0	0	0	0
/Volumes/GigiMurin/plip/Gylcerolipids/BD8cmo-A-A-DGA1/report.txt	5	0	0	0	0	0	0
/Volumes/GigiMurin/plip/Gylcerolipids/BD8cu6-A-A-OLC1/report.txt	3	0	0	0	0	0	0
/Volumes/GigiMurin/plip/Gylcerolipids/BD8cu6-A-A-OLC2/report.txt	5	2	0	0	0	0	0
/Volumes/GigiMurin/plip/Gylcerolipids/BD8cu6-A-A-OLC3/report.txt	5	0	0	0	0	0	0
/Volumes/GigiMurin/plip/Gylcerolipids/BD8cu7-A-A-OLC1/report.txt	3	1	0	0	0	0	0
/Volumes/GigiMurin/plip/Gylcerolipids/BD8cu7-A-A-OLC2/report.txt	5	0	0	0	0	0	0
/Volumes/GigiMurin/plip/Gylcerolipids/BD8cu7-A-A-OLC3/report.txt	0	0	0	0	0	0	0
/Volumes/GigiMurin/plip/Gylcerolipids/BD8cu7-A-A-OLC4/report.txt	0	0	0	0	0	0	0
/Volumes/GigiMurin/plip/Gylcerolipids/BD8cu7-A-A-OLC5/report.txt	2	1	0	0	0	0	0
/Volumes/GigiMurin/plip/Gylcerolipids/BD8cu7-A-A-OLC6/report.txt	0	0	0	0	0	0	0
/Volumes/GigiMurin/plip/Gylcerolipids/BD8cu7-A-A-OLC7/report.txt	0	0	0	0	0	0	0
/Volumes/GigiMurin/plip/Gylcerolipids/BD8du3-A-A-OLC1/report.txt	6	1	0	0	0	0	0
/Volumes/GigiMurin/plip/Gylcerolipids/BD8du3-A-A-OLC2/report.txt	2	0	0	0	0	0	0
/Volumes/GigiMurin/plip/Gylcerolipids/BD8du3-A-A-OLC3/report.txt	5	0	0	0	0	0	0
/Volumes/GigiMurin/plip/Gylcerolipids/BD8du3-A-A-OLC4/report.txt	5	0	0	0	0	0	0
/Volumes/GigiMurin/plip/Gylcerolipids/BD8dyp-A-A-OLC1/report.txt	4	0	0	0	0	0	0
/Volumes/GigiMurin/plip/Gylcerolipids/BD8e0g-A-A-OLC1/report.txt	0	0	0	0	0	0	0
/Volumes/GigiMurin/plip/Gylcerolipids/BD8e0g-A-A-OLC2/report.txt	3	0	0	0	0	0	0
/Volumes/GigiMurin/plip/Gylcerolipids/BD8e5s-A-A-OLC10/report.txt	1	2	1	0	0	0	0
/Volumes/GigiMurin/plip/Gylcerolipids/BD8e5s-A-A-OLC11/report.txt	0	1	0	0	0	0	0
/Volumes/GigiMurin/plip/Gylcerolipids/BD8e5s-A-A-OLC12/report.txt	3	0	0	0	0	0	0
/Volumes/GigiMurin/plip/Gylcerolipids/BD8e5s-A-A-OLC13/report.txt	1	0	0	0	0	0	0
/Volumes/GigiMurin/plip/Gylcerolipids/BD8e5s-A-A-OLC14/report.txt	1	0	0	0	0	0	0
/Volumes/GigiMurin/plip/Gylcerolipids/BD8e5s-A-A-OLC15/report.txt	6	0	0	0	0	0	0
/Volumes/GigiMurin/plip/Gylcerolipids/BD8e5s-A-A-OLC16/report.txt	7	0	0	0	0	0	0
/Volumes/GigiMurin/plip/Gylcerolipids/BD8e5s-A-A-OLC17/report.txt	6	0	0	0	0	0	0
/Volumes/GigiMurin/plip/Gylcerolipids/BD8e5s-A-A-OLC18/report.txt	4	0	0	0	0	0	0
/Volumes/GigiMurin/plip/Gylcerolipids/BD8e5s-A-A-OLC19/report.txt	10	0	0	0	0	0	0
/Volumes/GigiMurin/plip/Gylcerolipids/BD8e5s-A-A-OLC1/report.txt	7	2	0	0	0	0	0
/Volumes/GigiMurin/plip/Gylcerolipids/BD8e5s-A-A-OLC20/report.txt	2	0	0	0	0	0	0
/Volumes/GigiMurin/plip/Gylcerolipids/BD8e5s-A-A-OLC21/report.txt	9	0	0	0	0	0	0
/Volumes/GigiMurin/plip/Gylcerolipids/BD8e5s-A-A-OLC22/report.txt	1	1	0	0	0	0	0
/Volumes/GigiMurin/plip/Gylcerolipids/BD8e5s-A-A-OLC23/report.txt	4	0	0	0	0	0	0
/Volumes/GigiMurin/plip/Gylcerolipids/BD8e5s-A-A-OLC24/report.txt	0	0	0	0	0	0	0
/Volumes/GigiMurin/plip/Gylcerolipids/BD8e5s-A-A-OLC2/report.txt	2	1	0	0	0	0	0
/Volumes/GigiMurin/plip/Gylcerolipids/BD8e5s-A-A-OLC3/report.txt	1	4	1	0	0	0	0
/Volumes/GigiMurin/plip/Gylcerolipids/BD8e5s-A-A-OLC4/report.txt	5	0	0	0	0	0	0
/Volumes/GigiMurin/plip/Gylcerolipids/BD8e5s-A-A-OLC5/report.txt	5	0	0	0	0	0	0
/Volumes/GigiMurin/plip/Gylcerolipids/BD8e5s-A-A-OLC6/report.txt	6	0	0	0	0	0	0
/Volumes/GigiMurin/plip/Gylcerolipids/BD8e5s-A-A-OLC7/report.txt	7	1	0	0	0	0	0
/Volumes/GigiMurin/plip/Gylcerolipids/BD8e5s-A-A-OLC8/report.txt	1	0	0	0	0	0	0
/Volumes/GigiMurin/plip/Gylcerolipids/BD8e5s-A-A-OLC9/report.txt	2	0	0	0	0	0	0
/Volumes/GigiMurin/plip/Gylcerolipids/BD8e5v-A-A-OLC10/report.txt	6	0	0	0	0	0	0
/Volumes/GigiMurin/plip/Gylcerolipids/BD8e5v-A-A-OLC11/report.txt	1	0	0	0	0	0	0
/Volumes/GigiMurin/plip/Gylcerolipids/BD8e5v-A-A-OLC12/report.txt	0	0	0	0	0	0	0
/Volumes/GigiMurin/plip/Gylcerolipids/BD8e5v-A-A-OLC13/report.txt	5	0	0	0	0	0	0
/Volumes/GigiMurin/plip/Gylcerolipids/BD8e5v-A-A-OLC14/report.txt	5	0	0	0	0	0	0
/Volumes/GigiMurin/plip/Gylcerolipids/BD8e5v-A-A-OLC15/report.txt	5	0	0	0	0	0	0
/Volumes/GigiMurin/plip/Gylcerolipids/BD8e5v-A-A-OLC16/report.txt	7	0	0	0	0	0	0
/Volumes/GigiMurin/plip/Gylcerolipids/BD8e5v-A-A-OLC17/report.txt	3	1	0	0	0	0	0
/Volumes/GigiMurin/plip/Gylcerolipids/BD8e5v-A-A-OLC18/report.txt	2	0	0	0	0	0	0
/Volumes/GigiMurin/plip/Gylcerolipids/BD8e5v-A-A-OLC19/report.txt	4	0	0	0	0	0	0
/Volumes/GigiMurin/plip/Gylcerolipids/BD8e5v-A-A-OLC1/report.txt	7	0	0	0	0	0	0
/Volumes/GigiMurin/plip/Gylcerolipids/BD8e5v-A-A-OLC20/report.txt	2	0	0	0	0	0	0
/Volumes/GigiMurin/plip/Gylcerolipids/BD8e5v-A-A-OLC21/report.txt	1	1	0	0	0	0	0
/Volumes/GigiMurin/plip/Gylcerolipids/BD8e5v-A-A-OLC22/report.txt	6	0	0	0	0	0	0
/Volumes/GigiMurin/plip/Gylcerolipids/BD8e5v-A-A-OLC23/report.txt	5	0	0	0	0	0	0
/Volumes/GigiMurin/plip/Gylcerolipids/BD8e5v-A-A-OLC24/report.txt	4	0	0	0	0	0	0
/Volumes/GigiMurin/plip/Gylcerolipids/BD8e5v-A-A-OLC25/report.txt	9	2	0	0	0	0	0
/Volumes/GigiMurin/plip/Gylcerolipids/BD8e5v-A-A-OLC26/report.txt	3	0	0	0	0	0	0
/Volumes/GigiMurin/plip/Gylcerolipids/BD8e5v-A-A-OLC27/report.txt	4	0	0	0	0	0	0
/Volumes/GigiMurin/plip/Gylcerolipids/BD8e5v-A-A-OLC2/report.txt	3	0	0	0	0	0	0
/Volumes/GigiMurin/plip/Gylcerolipids/BD8e5v-A-A-OLC3/report.txt	2	1	0	0	0	0	0
/Volumes/GigiMurin/plip/Gylcerolipids/BD8e5v-A-A-OLC4/report.txt	2	0	0	0	0	0	0
/Volumes/GigiMurin/plip/Gylcerolipids/BD8e5v-A-A-OLC5/report.txt	8	0	0	0	0	0	0
/Volumes/GigiMurin/plip/Gylcerolipids/BD8e5v-A-A-OLC6/report.txt	4	0	0	0	0	0	0
/Volumes/GigiMurin/plip/Gylcerolipids/BD8e5v-A-A-OLC7/report.txt	8	1	0	0	0	0	0
/Volumes/GigiMurin/plip/Gylcerolipids/BD8e5v-A-A-OLC8/report.txt	2	2	1	0	0	0	0
/Volumes/GigiMurin/plip/Gylcerolipids/BD8e5v-A-A-OLC9/report.txt	0	0	0	0	0	0	0
/Volumes/GigiMurin/plip/Gylcerolipids/BD8e60-A-A-OLC10/report.txt	4	0	0	0	0	0	0
/Volumes/GigiMurin/plip/Gylcerolipids/BD8e60-A-A-OLC11/report.txt	2	0	0	0	0	0	0
/Volumes/GigiMurin/plip/Gylcerolipids/BD8e60-A-A-OLC12/report.txt	4	0	0	0	0	0	0
/Volumes/GigiMurin/plip/Gylcerolipids/BD8e60-A-A-OLC13/report.txt	8	1	0	0	0	0	0
/Volumes/GigiMurin/plip/Gylcerolipids/BD8e60-A-A-OLC14/report.txt	2	0	0	0	0	0	0
/Volumes/GigiMurin/plip/Gylcerolipids/BD8e60-A-A-OLC15/report.txt	1	0	0	0	0	0	0
/Volumes/GigiMurin/plip/Gylcerolipids/BD8e60-A-A-OLC16/report.txt	5	0	0	0	0	0	0
/Volumes/GigiMurin/plip/Gylcerolipids/BD8e60-A-A-OLC17/report.txt	4	0	0	0	0	0	0
/Volumes/GigiMurin/plip/Gylcerolipids/BD8e60-A-A-OLC18/report.txt	4	0	0	0	0	0	0
/Volumes/GigiMurin/plip/Gylcerolipids/BD8e60-A-A-OLC19/report.txt	1	0	0	0	0	0	0
/Volumes/GigiMurin/plip/Gylcerolipids/BD8e60-A-A-OLC1/report.txt	5	2	0	0	0	0	0
/Volumes/GigiMurin/plip/Gylcerolipids/BD8e60-A-A-OLC20/report.txt	5	0	0	0	0	0	0
/Volumes/GigiMurin/plip/Gylcerolipids/BD8e60-A-A-OLC21/report.txt	1	0	0	0	0	0	0
/Volumes/GigiMurin/plip/Gylcerolipids/BD8e60-A-A-OLC22/report.txt	0	0	0	0	0	0	0
/Volumes/GigiMurin/plip/Gylcerolipids/BD8e60-A-A-OLC23/report.txt	1	1	0	0	0	0	0
/Volumes/GigiMurin/plip/Gylcerolipids/BD8e60-A-A-OLC2/report.txt	8	0	0	0	0	0	0
/Volumes/GigiMurin/plip/Gylcerolipids/BD8e60-A-A-OLC3/report.txt	6	0	0	0	0	0	0
/Volumes/GigiMurin/plip/Gylcerolipids/BD8e60-A-A-OLC4/report.txt	2	1	0	0	0	0	0
/Volumes/GigiMurin/plip/Gylcerolipids/BD8e60-A-A-OLC5/report.txt	0	0	0	0	0	0	0
/Volumes/GigiMurin/plip/Gylcerolipids/BD8e60-A-A-OLC6/report.txt	1	0	0	0	0	0	0
/Volumes/GigiMurin/plip/Gylcerolipids/BD8e60-A-A-OLC7/report.txt	7	0	0	0	0	0	0
/Volumes/GigiMurin/plip/Gylcerolipids/BD8e60-A-A-OLC8/report.txt	5	0	0	0	0	0	0
/Volumes/GigiMurin/plip/Gylcerolipids/BD8e60-A-A-OLC9/report.txt	3	1	0	0	0	0	0
/Volumes/GigiMurin/plip/Gylcerolipids/BD8e6h-A-A-OLC10/report.txt	5	0	0	0	0	0	0
/Volumes/GigiMurin/plip/Gylcerolipids/BD8e6h-A-A-OLC11/report.txt	4	0	0	0	0	0	0
/Volumes/GigiMurin/plip/Gylcerolipids/BD8e6h-A-A-OLC12/report.txt	1	0	0	0	0	0	0
/Volumes/GigiMurin/plip/Gylcerolipids/BD8e6h-A-A-OLC13/report.txt	0	0	0	0	0	0	0
/Volumes/GigiMurin/plip/Gylcerolipids/BD8e6h-A-A-OLC14/report.txt	1	0	0	0	0	0	0
/Volumes/GigiMurin/plip/Gylcerolipids/BD8e6h-A-A-OLC15/report.txt	4	0	0	0	0	0	0
/Volumes/GigiMurin/plip/Gylcerolipids/BD8e6h-A-A-OLC16/report.txt	4	0	0	0	0	0	0
/Volumes/GigiMurin/plip/Gylcerolipids/BD8e6h-A-A-OLC17/report.txt	1	0	0	0	0	0	0
/Volumes/GigiMurin/plip/Gylcerolipids/BD8e6h-A-A-OLC18/report.txt	3	0	0	0	0	0	0
/Volumes/GigiMurin/plip/Gylcerolipids/BD8e6h-A-A-OLC19/report.txt	3	0	0	0	0	0	0
/Volumes/GigiMurin/plip/Gylcerolipids/BD8e6h-A-A-OLC1/report.txt	9	1	1	0	0	0	0
/Volumes/GigiMurin/plip/Gylcerolipids/BD8e6h-A-A-OLC20/report.txt	1	0	0	0	0	0	0
/Volumes/GigiMurin/plip/Gylcerolipids/BD8e6h-A-A-OLC21/report.txt	2	0	0	0	0	0	0
/Volumes/GigiMurin/plip/Gylcerolipids/BD8e6h-A-A-OLC22/report.txt	1	0	0	0	0	0	0
/Volumes/GigiMurin/plip/Gylcerolipids/BD8e6h-A-A-OLC23/report.txt	2	0	0	0	0	0	0
/Volumes/GigiMurin/plip/Gylcerolipids/BD8e6h-A-A-OLC24/report.txt	4	0	0	0	0	0	0
/Volumes/GigiMurin/plip/Gylcerolipids/BD8e6h-A-A-OLC2/report.txt	8	0	0	0	0	0	0
/Volumes/GigiMurin/plip/Gylcerolipids/BD8e6h-A-A-OLC3/report.txt	7	0	0	0	0	0	0
/Volumes/GigiMurin/plip/Gylcerolipids/BD8e6h-A-A-OLC4/report.txt	4	1	0	0	0	0	0
/Volumes/GigiMurin/plip/Gylcerolipids/BD8e6h-A-A-OLC5/report.txt	3	0	1	0	0	0	0
/Volumes/GigiMurin/plip/Gylcerolipids/BD8e6h-A-A-OLC6/report.txt	8	1	0	0	0	0	0
/Volumes/GigiMurin/plip/Gylcerolipids/BD8e6h-A-A-OLC7/report.txt	4	0	0	0	0	0	0
/Volumes/GigiMurin/plip/Gylcerolipids/BD8e6h-A-A-OLC8/report.txt	3	0	0	0	0	0	0
/Volumes/GigiMurin/plip/Gylcerolipids/BD8e6h-A-A-OLC9/report.txt	1	0	0	0	0	0	0
/Volumes/GigiMurin/plip/Gylcerolipids/BD8e6i-A-A-OLC10/report.txt	7	0	0	0	0	0	0
/Volumes/GigiMurin/plip/Gylcerolipids/BD8e6i-A-A-OLC11/report.txt	8	1	1	0	0	0	0
/Volumes/GigiMurin/plip/Gylcerolipids/BD8e6i-A-A-OLC12/report.txt	1	1	0	0	0	0	0
/Volumes/GigiMurin/plip/Gylcerolipids/BD8e6i-A-A-OLC13/report.txt	7	0	0	0	0	0	0
/Volumes/GigiMurin/plip/Gylcerolipids/BD8e6i-A-A-OLC14/report.txt	0	0	0	0	0	0	0
/Volumes/GigiMurin/plip/Gylcerolipids/BD8e6i-A-A-OLC15/report.txt	0	0	0	0	0	0	0
/Volumes/GigiMurin/plip/Gylcerolipids/BD8e6i-A-A-OLC16/report.txt	5	2	1	0	0	0	0
/Volumes/GigiMurin/plip/Gylcerolipids/BD8e6i-A-A-OLC17/report.txt	4	0	1	0	0	0	0
/Volumes/GigiMurin/plip/Gylcerolipids/BD8e6i-A-A-OLC18/report.txt	5	0	0	0	0	0	0
/Volumes/GigiMurin/plip/Gylcerolipids/BD8e6i-A-A-OLC19/report.txt	1	0	0	0	0	0	0
/Volumes/GigiMurin/plip/Gylcerolipids/BD8e6i-A-A-OLC1/report.txt	4	0	0	0	0	0	0
/Volumes/GigiMurin/plip/Gylcerolipids/BD8e6i-A-A-OLC20/report.txt	5	0	0	0	0	0	0
/Volumes/GigiMurin/plip/Gylcerolipids/BD8e6i-A-A-OLC21/report.txt	3	0	0	0	0	0	0
/Volumes/GigiMurin/plip/Gylcerolipids/BD8e6i-A-A-OLC22/report.txt	1	0	0	0	0	0	0
/Volumes/GigiMurin/plip/Gylcerolipids/BD8e6i-A-A-OLC23/report.txt	3	0	0	0	0	0	0
/Volumes/GigiMurin/plip/Gylcerolipids/BD8e6i-A-A-OLC2/report.txt	1	0	0	0	0	0	0
/Volumes/GigiMurin/plip/Gylcerolipids/BD8e6i-A-A-OLC3/report.txt	2	3	0	0	0	0	0
/Volumes/GigiMurin/plip/Gylcerolipids/BD8e6i-A-A-OLC4/report.txt	5	0	0	0	0	0	0
/Volumes/GigiMurin/plip/Gylcerolipids/BD8e6i-A-A-OLC5/report.txt	2	2	0	0	0	0	0
/Volumes/GigiMurin/plip/Gylcerolipids/BD8e6i-A-A-OLC6/report.txt	5	0	0	0	0	0	0
/Volumes/GigiMurin/plip/Gylcerolipids/BD8e6i-A-A-OLC7/report.txt	1	0	0	0	0	0	0
/Volumes/GigiMurin/plip/Gylcerolipids/BD8e6i-A-A-OLC8/report.txt	4	1	0	0	0	0	0
/Volumes/GigiMurin/plip/Gylcerolipids/BD8e6i-A-A-OLC9/report.txt	0	0	0	0	0	0	0
/Volumes/GigiMurin/plip/Gylcerolipids/BD8e6l-A-A-OLC10/report.txt	2	0	0	0	0	0	0
/Volumes/GigiMurin/plip/Gylcerolipids/BD8e6l-A-A-OLC11/report.txt	3	0	0	0	0	0	0
/Volumes/GigiMurin/plip/Gylcerolipids/BD8e6l-A-A-OLC12/report.txt	7	0	0	0	0	0	0
/Volumes/GigiMurin/plip/Gylcerolipids/BD8e6l-A-A-OLC13/report.txt	5	0	0	0	0	0	0
/Volumes/GigiMurin/plip/Gylcerolipids/BD8e6l-A-A-OLC14/report.txt	3	0	0	0	0	0	0
/Volumes/GigiMurin/plip/Gylcerolipids/BD8e6l-A-A-OLC15/report.txt	3	0	0	0	0	0	0
/Volumes/GigiMurin/plip/Gylcerolipids/BD8e6l-A-A-OLC16/report.txt	2	0	0	0	0	0	0
/Volumes/GigiMurin/plip/Gylcerolipids/BD8e6l-A-A-OLC17/report.txt	1	0	0	0	0	0	0
/Volumes/GigiMurin/plip/Gylcerolipids/BD8e6l-A-A-OLC18/report.txt	2	0	0	0	0	0	0
/Volumes/GigiMurin/plip/Gylcerolipids/BD8e6l-A-A-OLC19/report.txt	0	0	0	0	0	0	0
/Volumes/GigiMurin/plip/Gylcerolipids/BD8e6l-A-A-OLC1/report.txt	3	0	0	0	0	0	0
/Volumes/GigiMurin/plip/Gylcerolipids/BD8e6l-A-A-OLC20/report.txt	0	1	0	0	0	0	0
/Volumes/GigiMurin/plip/Gylcerolipids/BD8e6l-A-A-OLC21/report.txt	0	0	0	0	0	0	0
/Volumes/GigiMurin/plip/Gylcerolipids/BD8e6l-A-A-OLC2/report.txt	3	0	0	0	0	0	0
/Volumes/GigiMurin/plip/Gylcerolipids/BD8e6l-A-A-OLC3/report.txt	3	0	0	0	0	0	0
/Volumes/GigiMurin/plip/Gylcerolipids/BD8e6l-A-A-OLC4/report.txt	4	0	0	0	0	0	0
/Volumes/GigiMurin/plip/Gylcerolipids/BD8e6l-A-A-OLC5/report.txt	6	0	0	0	0	0	0
/Volumes/GigiMurin/plip/Gylcerolipids/BD8e6l-A-A-OLC6/report.txt	2	0	0	0	0	0	0
/Volumes/GigiMurin/plip/Gylcerolipids/BD8e6l-A-A-OLC7/report.txt	0	0	0	0	0	0	0
/Volumes/GigiMurin/plip/Gylcerolipids/BD8e6l-A-A-OLC8/report.txt	3	0	0	0	0	0	0
/Volumes/GigiMurin/plip/Gylcerolipids/BD8e6l-A-A-OLC9/report.txt	3	0	0	0	0	0	0
/Volumes/GigiMurin/plip/Gylcerolipids/BD8e6m-A-A-OLC10/report.txt	4	0	0	0	0	0	0
/Volumes/GigiMurin/plip/Gylcerolipids/BD8e6m-A-A-OLC11/report.txt	5	0	0	0	0	0	0
/Volumes/GigiMurin/plip/Gylcerolipids/BD8e6m-A-A-OLC12/report.txt	0	0	0	0	0	0	0
/Volumes/GigiMurin/plip/Gylcerolipids/BD8e6m-A-A-OLC13/report.txt	0	0	0	0	0	0	0
/Volumes/GigiMurin/plip/Gylcerolipids/BD8e6m-A-A-OLC14/report.txt	1	0	0	0	0	0	0
/Volumes/GigiMurin/plip/Gylcerolipids/BD8e6m-A-A-OLC15/report.txt	0	0	0	0	0	0	0
/Volumes/GigiMurin/plip/Gylcerolipids/BD8e6m-A-A-OLC16/report.txt	5	0	0	0	0	0	0
/Volumes/GigiMurin/plip/Gylcerolipids/BD8e6m-A-A-OLC17/report.txt	4	0	0	0	0	0	0
/Volumes/GigiMurin/plip/Gylcerolipids/BD8e6m-A-A-OLC18/report.txt	2	0	1	0	0	0	0
/Volumes/GigiMurin/plip/Gylcerolipids/BD8e6m-A-A-OLC19/report.txt	1	0	0	0	0	0	0
/Volumes/GigiMurin/plip/Gylcerolipids/BD8e6m-A-A-OLC1/report.txt	3	1	1	0	0	0	0
/Volumes/GigiMurin/plip/Gylcerolipids/BD8e6m-A-A-OLC20/report.txt	7	0	0	0	0	0	0
/Volumes/GigiMurin/plip/Gylcerolipids/BD8e6m-A-A-OLC2/report.txt	4	0	0	0	0	0	0
/Volumes/GigiMurin/plip/Gylcerolipids/BD8e6m-A-A-OLC3/report.txt	9	0	0	0	0	0	0
/Volumes/GigiMurin/plip/Gylcerolipids/BD8e6m-A-A-OLC4/report.txt	2	0	0	0	0	0	0
/Volumes/GigiMurin/plip/Gylcerolipids/BD8e6m-A-A-OLC5/report.txt	5	0	0	0	0	0	0
/Volumes/GigiMurin/plip/Gylcerolipids/BD8e6m-A-A-OLC6/report.txt	3	3	0	0	0	0	0
/Volumes/GigiMurin/plip/Gylcerolipids/BD8e6m-A-A-OLC7/report.txt	0	0	0	0	0	0	0
/Volumes/GigiMurin/plip/Gylcerolipids/BD8e6m-A-A-OLC8/report.txt	5	0	0	0	0	0	0
/Volumes/GigiMurin/plip/Gylcerolipids/BD8e6m-A-A-OLC9/report.txt	2	0	0	0	0	0	0
/Volumes/GigiMurin/plip/Gylcerolipids/BD8e6n-A-A-OLC10/report.txt	2	0	0	0	0	0	0
/Volumes/GigiMurin/plip/Gylcerolipids/BD8e6n-A-A-OLC11/report.txt	6	1	0	0	0	0	0
/Volumes/GigiMurin/plip/Gylcerolipids/BD8e6n-A-A-OLC12/report.txt	2	0	0	0	0	0	0
/Volumes/GigiMurin/plip/Gylcerolipids/BD8e6n-A-A-OLC13/report.txt	3	0	0	0	0	0	0
/Volumes/GigiMurin/plip/Gylcerolipids/BD8e6n-A-A-OLC14/report.txt	2	0	0	0	0	0	0
/Volumes/GigiMurin/plip/Gylcerolipids/BD8e6n-A-A-OLC15/report.txt	3	0	0	0	0	0	0
/Volumes/GigiMurin/plip/Gylcerolipids/BD8e6n-A-A-OLC16/report.txt	0	0	0	0	0	0	0
/Volumes/GigiMurin/plip/Gylcerolipids/BD8e6n-A-A-OLC17/report.txt	1	0	0	0	0	0	0
/Volumes/GigiMurin/plip/Gylcerolipids/BD8e6n-A-A-OLC18/report.txt	1	0	0	0	0	0	0
/Volumes/GigiMurin/plip/Gylcerolipids/BD8e6n-A-A-OLC1/report.txt	4	3	0	0	0	0	0
/Volumes/GigiMurin/plip/Gylcerolipids/BD8e6n-A-A-OLC2/report.txt	3	0	0	0	0	0	0
/Volumes/GigiMurin/plip/Gylcerolipids/BD8e6n-A-A-OLC3/report.txt	4	0	0	0	0	0	0
/Volumes/GigiMurin/plip/Gylcerolipids/BD8e6n-A-A-OLC4/report.txt	6	0	0	0	0	0	0
/Volumes/GigiMurin/plip/Gylcerolipids/BD8e6n-A-A-OLC5/report.txt	2	0	0	0	0	0	0
/Volumes/GigiMurin/plip/Gylcerolipids/BD8e6n-A-A-OLC6/report.txt	2	0	0	0	0	0	0
/Volumes/GigiMurin/plip/Gylcerolipids/BD8e6n-A-A-OLC7/report.txt	0	2	0	0	0	0	0
/Volumes/GigiMurin/plip/Gylcerolipids/BD8e6n-A-A-OLC8/report.txt	3	0	0	0	0	0	0
/Volumes/GigiMurin/plip/Gylcerolipids/BD8e6n-A-A-OLC9/report.txt	1	0	0	0	0	0	0
/Volumes/GigiMurin/plip/Gylcerolipids/BD8e7w-A-A-OLC1/report.txt	3	2	0	0	0	0	0
/Volumes/GigiMurin/plip/Gylcerolipids/BD8e7w-A-A-OLC2/report.txt	4	0	0	0	0	0	0
/Volumes/GigiMurin/plip/Gylcerolipids/BD8e7w-A-A-OLC3/report.txt	2	0	0	0	0	0	0
/Volumes/GigiMurin/plip/Gylcerolipids/BD8e7w-A-A-OLC4/report.txt	5	1	0	0	0	0	0
/Volumes/GigiMurin/plip/Gylcerolipids/BD8e7w-A-A-OLC5/report.txt	7	0	0	0	0	0	0
/Volumes/GigiMurin/plip/Gylcerolipids/BD8e7w-A-A-OLC6/report.txt	3	0	0	0	0	0	0
/Volumes/GigiMurin/plip/Gylcerolipids/BD8e7w-A-A-OLC7/report.txt	0	1	0	0	0	0	0
/Volumes/GigiMurin/plip/Gylcerolipids/BD8e7w-B-B-OLC1/report.txt	1	0	0	0	0	0	0
/Volumes/GigiMurin/plip/Gylcerolipids/BD8e7w-B-B-OLC2/report.txt	2	2	0	0	0	0	0
/Volumes/GigiMurin/plip/Gylcerolipids/BD8e7w-B-B-OLC3/report.txt	1	0	0	0	0	0	0
/Volumes/GigiMurin/plip/Gylcerolipids/BD8e7w-B-B-OLC4/report.txt	1	1	0	0	0	0	0
/Volumes/GigiMurin/plip/Gylcerolipids/BD8e7w-B-B-OLC5/report.txt	3	0	0	0	0	0	0
/Volumes/GigiMurin/plip/Gylcerolipids/BD8e7w-C-C-OLC1/report.txt	1	0	0	0	0	0	0
/Volumes/GigiMurin/plip/Gylcerolipids/BD8e7w-C-C-OLC2/report.txt	0	0	0	0	0	0	0
/Volumes/GigiMurin/plip/Gylcerolipids/BD8e7w-C-C-OLC3/report.txt	6	0	0	0	0	0	0
/Volumes/GigiMurin/plip/Gylcerolipids/BD8e7w-C-C-OLC4/report.txt	1	2	0	0	0	0	0
/Volumes/GigiMurin/plip/Gylcerolipids/BD8e7x-A-A-OLC1/report.txt	6	2	0	0	0	0	0
/Volumes/GigiMurin/plip/Gylcerolipids/BD8e7x-A-A-OLC2/report.txt	4	1	0	0	0	0	0
/Volumes/GigiMurin/plip/Gylcerolipids/BD8e7x-A-A-OLC3/report.txt	1	0	0	0	0	0	0
/Volumes/GigiMurin/plip/Gylcerolipids/BD8e7x-A-A-OLC4/report.txt	1	0	0	0	0	0	0
/Volumes/GigiMurin/plip/Gylcerolipids/BD8e7x-A-A-OLC5/report.txt	2	0	0	0	0	0	0
/Volumes/GigiMurin/plip/Gylcerolipids/BD8e7x-A-A-OLC6/report.txt	1	0	0	0	0	0	0
/Volumes/GigiMurin/plip/Gylcerolipids/BD8e7x-B-A-OLC5/report.txt	1	0	0	0	0	0	0
/Volumes/GigiMurin/plip/Gylcerolipids/BD8e7x-B-A-OLC6/report.txt	6	0	0	0	0	0	0
/Volumes/GigiMurin/plip/Gylcerolipids/BD8e7x-B-B-OLC1/report.txt	1	1	0	0	0	0	0
/Volumes/GigiMurin/plip/Gylcerolipids/BD8e7x-C-A-OLC1/report.txt	2	0	0	0	0	0	0
/Volumes/GigiMurin/plip/Gylcerolipids/BD8e7x-C-C-OLC1/report.txt	0	0	0	0	0	0	0
/Volumes/GigiMurin/plip/Gylcerolipids/BD8e7x-C-C-OLC2/report.txt	1	0	0	0	0	0	0
/Volumes/GigiMurin/plip/Gylcerolipids/BD8e7y-A-A-OLC1/report.txt	3	0	0	0	0	0	0
/Volumes/GigiMurin/plip/Gylcerolipids/BD8e7y-A-A-OLC2/report.txt	3	0	0	0	0	0	0
/Volumes/GigiMurin/plip/Gylcerolipids/BD8e7y-A-A-OLC3/report.txt	3	0	0	0	0	0	0
/Volumes/GigiMurin/plip/Gylcerolipids/BD8e7y-A-A-OLC4/report.txt	0	0	0	0	0	0	0
/Volumes/GigiMurin/plip/Gylcerolipids/BD8e7y-A-B-OLC1/report.txt	1	0	0	0	0	0	0
/Volumes/GigiMurin/plip/Gylcerolipids/BD8e7y-B-A-OLC1/report.txt	1	0	0	0	0	0	0
/Volumes/GigiMurin/plip/Gylcerolipids/BD8e7y-B-A-OLC2/report.txt	3	0	0	0	0	0	0
/Volumes/GigiMurin/plip/Gylcerolipids/BD8e7y-B-A-OLC3/report.txt	1	0	0	0	0	0	0
/Volumes/GigiMurin/plip/Gylcerolipids/BD8e7y-B-A-OLC4/report.txt	3	0	0	0	0	0	0
/Volumes/GigiMurin/plip/Gylcerolipids/BD8e7y-B-B-OLC1/report.txt	4	0	0	0	0	0	0
/Volumes/GigiMurin/plip/Gylcerolipids/BD8e7y-B-B-OLC2/report.txt	4	0	0	0	0	0	0
/Volumes/GigiMurin/plip/Gylcerolipids/BD8e7z-A-A-OLC1/report.txt	3	1	0	0	0	0	0
/Volumes/GigiMurin/plip/Gylcerolipids/BD8e7z-A-A-OLC2/report.txt	6	1	0	0	0	0	0
/Volumes/GigiMurin/plip/Gylcerolipids/BD8e7z-A-A-OLC3/report.txt	3	0	0	0	0	0	0
/Volumes/GigiMurin/plip/Gylcerolipids/BD8e7z-A-A-OLC4/report.txt	4	1	0	0	0	0	0
/Volumes/GigiMurin/plip/Gylcerolipids/BD8e7z-A-A-OLC5/report.txt	5	0	0	0	0	0	0
/Volumes/GigiMurin/plip/Gylcerolipids/BD8e7z-A-A-OLC6/report.txt	1	1	0	0	0	0	0
/Volumes/GigiMurin/plip/Gylcerolipids/BD8e7z-A-B-OLC4/report.txt	3	0	0	0	0	0	0
/Volumes/GigiMurin/plip/Gylcerolipids/BD8e7z-A-C-OLC3/report.txt	1	0	0	0	0	0	0
/Volumes/GigiMurin/plip/Gylcerolipids/BD8e7z-B-B-OLC1/report.txt	2	1	0	0	0	0	0
/Volumes/GigiMurin/plip/Gylcerolipids/BD8e7z-B-B-OLC2/report.txt	1	1	0	0	0	0	0
/Volumes/GigiMurin/plip/Gylcerolipids/BD8e7z-B-B-OLC3/report.txt	1	1	0	0	0	0	0
/Volumes/GigiMurin/plip/Gylcerolipids/BD8e7z-B-B-OLC4/report.txt	5	0	0	0	0	0	0
/Volumes/GigiMurin/plip/Gylcerolipids/BD8e7z-C-A-OLC1/report.txt	3	0	0	0	0	0	0
/Volumes/GigiMurin/plip/Gylcerolipids/BD8e7z-C-A-OLC3/report.txt	3	0	0	0	0	0	0
/Volumes/GigiMurin/plip/Gylcerolipids/BD8e7z-C-A-OLC6/report.txt	1	0	0	0	0	0	0
/Volumes/GigiMurin/plip/Gylcerolipids/BD8e7z-C-C-OLC1/report.txt	5	0	0	0	0	0	0
/Volumes/GigiMurin/plip/Gylcerolipids/BD8e7z-C-C-OLC2/report.txt	0	0	0	0	0	0	0
/Volumes/GigiMurin/plip/Gylcerolipids/BD8e7z-C-C-OLC3/report.txt	5	0	0	0	0	0	0
/Volumes/GigiMurin/plip/Gylcerolipids/BD8e7z-C-C-OLC4/report.txt	7	0	0	0	0	0	0
/Volumes/GigiMurin/plip/Gylcerolipids/BD8eqm-a-a-SQD1/report.txt	6	1	0	0	0	0	0
/Volumes/GigiMurin/plip/Gylcerolipids/BD8eqm-b-L-SQD1/report.txt	0	2	1	0	0	0	0
/Volumes/GigiMurin/plip/Gylcerolipids/BD8eqm-c-a-SQD1/report.txt	1	0	0	0	0	0	0
/Volumes/GigiMurin/plip/Gylcerolipids/BD8eqm-c-l-SQD1/report.txt	0	1	0	0	0	0	0
/Volumes/GigiMurin/plip/Gylcerolipids/BD8eqm-l-l-SQD1/report.txt	3	2	2	0	0	0	0
/Volumes/GigiMurin/plip/Gylcerolipids/BD8ez5-a-a-SQD1/report.txt	5	2	0	0	0	0	0
/Volumes/GigiMurin/plip/Gylcerolipids/BD8ez5-a-a-SQD2/report.txt	4	2	0	0	0	0	0
/Volumes/GigiMurin/plip/Gylcerolipids/BD8ez5-b-A-SQD2/report.txt	1	0	0	0	0	0	0
/Volumes/GigiMurin/plip/Gylcerolipids/BD8ez5-B-B-SQD1/report.txt	2	0	1	0	0	0	0
/Volumes/GigiMurin/plip/Gylcerolipids/BD8ez5-b-L-SQD1/report.txt	3	0	1	0	0	0	0
/Volumes/GigiMurin/plip/Gylcerolipids/BD8ez5-c-a-SQD1/report.txt	1	0	0	0	0	0	0
/Volumes/GigiMurin/plip/Gylcerolipids/BD8ez5-d-a-SQD1/report.txt	0	2	1	0	0	0	0
/Volumes/GigiMurin/plip/Gylcerolipids/BD8ez5-d-f-SQD1/report.txt	0	1	1	0	0	0	0
/Volumes/GigiMurin/plip/Gylcerolipids/BD8ez5-e-f-SQD1/report.txt	0	1	0	0	0	0	0
/Volumes/GigiMurin/plip/Gylcerolipids/BD8ez5-f-f-SQD1/report.txt	0	1	0	0	0	0	0
/Volumes/GigiMurin/plip/Gylcerolipids/BD8ez5-j-a-SQD1/report.txt	1	0	0	0	0	0	0
/Volumes/GigiMurin/plip/Gylcerolipids/BD8ez5-k-a-SQD1/report.txt	1	0	0	0	0	0	0
/Volumes/GigiMurin/plip/Gylcerolipids/BD8ez5-l-B-SQD1/report.txt	0	0	1	0	0	0	0
/Volumes/GigiMurin/plip/Gylcerolipids/BD8ez5-L-L-SQD1/report.txt	2	2	1	0	0	0	0
/Volumes/GigiMurin/plip/Gylcerolipids/BD8ez5-M-L-SQD1/report.txt	0	1	0	0	0	0	0
/Volumes/GigiMurin/plip/Gylcerolipids/BD8ez5-t-B-SQD1/report.txt	2	0	0	0	0	0	0
/Volumes/GigiMurin/plip/Gylcerolipids/BD8ez5-T-L-SQD1/report.txt	3	0	0	0	0	0	0
/Volumes/GigiMurin/plip/Gylcerolipids/BD8ez5-x-f-SQD1/report.txt	2	2	0	0	0	0	0
/Volumes/GigiMurin/plip/Gylcerolipids/BD8f4c-a-a-SQD1/report.txt	4	2	0	0	0	0	0
/Volumes/GigiMurin/plip/Gylcerolipids/BD8f4c-a-a-SQD2/report.txt	6	2	0	0	0	0	0
/Volumes/GigiMurin/plip/Gylcerolipids/BD8f4c-b-A-SQD2/report.txt	2	0	0	0	0	0	0
/Volumes/GigiMurin/plip/Gylcerolipids/BD8f4c-b-b-SQD1/report.txt	2	0	1	0	0	0	0
/Volumes/GigiMurin/plip/Gylcerolipids/BD8f4c-c-a-SQD1/report.txt	1	0	0	0	0	0	0
/Volumes/GigiMurin/plip/Gylcerolipids/BD8f4c-d-a-SQD1/report.txt	0	3	1	0	0	0	0
/Volumes/GigiMurin/plip/Gylcerolipids/BD8f4c-D-D-SQD1/report.txt	0	1	1	0	0	0	0
/Volumes/GigiMurin/plip/Gylcerolipids/BD8f4c-d-f-SQD1/report.txt	0	2	1	0	0	0	0
/Volumes/GigiMurin/plip/Gylcerolipids/BD8f4c-e-f-SQD1/report.txt	0	1	0	0	0	0	0
/Volumes/GigiMurin/plip/Gylcerolipids/BD8f4c-f-f-SQD1/report.txt	2	1	0	0	0	0	0
/Volumes/GigiMurin/plip/Gylcerolipids/BD8f4c-j-a-SQD1/report.txt	1	0	0	0	0	0	0
/Volumes/GigiMurin/plip/Gylcerolipids/BD8f4c-k-a-SQD1/report.txt	3	0	0	0	0	0	0
/Volumes/GigiMurin/plip/Gylcerolipids/BD8f4c-l-B-SQD1/report.txt	0	0	1	0	0	0	0
/Volumes/GigiMurin/plip/Gylcerolipids/BD8f4c-t-B-SQD1/report.txt	2	0	0	0	0	0	0
/Volumes/GigiMurin/plip/Gylcerolipids/BD8f4c-X-D-SQD1/report.txt	3	0	0	0	0	0	0
/Volumes/GigiMurin/plip/Gylcerolipids/BD8f4c-x-f-SQD1/report.txt	2	2	0	0	0	0	0
/Volumes/GigiMurin/plip/Gylcerolipids/BD8f4d-a-a-SQD1/report.txt	6	2	0	0	0	0	0
/Volumes/GigiMurin/plip/Gylcerolipids/BD8f4d-A-A-SQD2/report.txt	3	2	0	0	0	0	0
/Volumes/GigiMurin/plip/Gylcerolipids/BD8f4d-a-t-SQD1/report.txt	3	0	0	0	0	0	0
/Volumes/GigiMurin/plip/Gylcerolipids/BD8f4d-B-B-SQD1/report.txt	1	0	1	0	0	0	0
/Volumes/GigiMurin/plip/Gylcerolipids/BD8f4d-b-L-SQD1/report.txt	4	0	1	0	0	0	0
/Volumes/GigiMurin/plip/Gylcerolipids/BD8f4d-B-t-SQD1/report.txt	2	0	0	0	0	0	0
/Volumes/GigiMurin/plip/Gylcerolipids/BD8f4d-c-a-SQD1/report.txt	1	0	0	0	0	0	0
/Volumes/GigiMurin/plip/Gylcerolipids/BD8f4d-d-a-SQD1/report.txt	0	1	1	0	0	0	0
/Volumes/GigiMurin/plip/Gylcerolipids/BD8f4d-D-D-SQD1/report.txt	0	1	1	0	0	0	0
/Volumes/GigiMurin/plip/Gylcerolipids/BD8f4d-d-f-SQD1/report.txt	0	0	1	0	0	0	0
/Volumes/GigiMurin/plip/Gylcerolipids/BD8f4d-e-f-SQD1/report.txt	0	1	0	0	0	0	0
/Volumes/GigiMurin/plip/Gylcerolipids/BD8f4d-f-f-SQD1/report.txt	2	1	0	0	0	0	0
/Volumes/GigiMurin/plip/Gylcerolipids/BD8f4d-J-A-SQD1/report.txt	1	0	0	0	0	0	0
/Volumes/GigiMurin/plip/Gylcerolipids/BD8f4d-k-a-SQD1/report.txt	1	0	0	0	0	0	0
/Volumes/GigiMurin/plip/Gylcerolipids/BD8f4d-l-B-SQD1/report.txt	0	0	1	0	0	0	0
/Volumes/GigiMurin/plip/Gylcerolipids/BD8f4d-L-L-SQD1/report.txt	1	2	1	0	0	0	0
/Volumes/GigiMurin/plip/Gylcerolipids/BD8f4d-M-L-SQD1/report.txt	0	1	0	0	0	0	0
/Volumes/GigiMurin/plip/Gylcerolipids/BD8f4d-R-D-SQD1/report.txt	0	1	0	0	0	0	0
/Volumes/GigiMurin/plip/Gylcerolipids/BD8f4d-t-B-SQD1/report.txt	2	0	0	0	0	0	0
/Volumes/GigiMurin/plip/Gylcerolipids/BD8f4d-T-L-SQD1/report.txt	3	0	0	0	0	0	0
/Volumes/GigiMurin/plip/Gylcerolipids/BD8f4d-t-t-SQD1/report.txt	0	0	0	0	0	0	0
/Volumes/GigiMurin/plip/Gylcerolipids/BD8f4d-X-D-SQD1/report.txt	3	0	0	0	0	0	0
/Volumes/GigiMurin/plip/Gylcerolipids/BD8f4e-a-a-SQD1/report.txt	3	2	0	0	0	0	0
/Volumes/GigiMurin/plip/Gylcerolipids/BD8f4e-a-a-SQD2/report.txt	1	2	0	0	0	0	0
/Volumes/GigiMurin/plip/Gylcerolipids/BD8f4e-b-A-SQD2/report.txt	2	0	0	0	0	0	0
/Volumes/GigiMurin/plip/Gylcerolipids/BD8f4e-b-L-SQD1/report.txt	1	0	1	0	0	0	0
/Volumes/GigiMurin/plip/Gylcerolipids/BD8f4e-c-a-SQD1/report.txt	1	1	0	0	0	0	0
/Volumes/GigiMurin/plip/Gylcerolipids/BD8f4e-d-a-SQD1/report.txt	0	2	1	0	0	0	0
/Volumes/GigiMurin/plip/Gylcerolipids/BD8f4e-d-f-SQD1/report.txt	0	1	1	0	0	0	0
/Volumes/GigiMurin/plip/Gylcerolipids/BD8f4e-e-f-SQD1/report.txt	0	1	0	0	0	0	0
/Volumes/GigiMurin/plip/Gylcerolipids/BD8f4e-f-f-SQD1/report.txt	1	1	0	0	0	0	0
/Volumes/GigiMurin/plip/Gylcerolipids/BD8f4e-j-a-SQD1/report.txt	1	0	0	0	0	0	0
/Volumes/GigiMurin/plip/Gylcerolipids/BD8f4e-k-a-SQD1/report.txt	1	0	0	0	0	0	0
/Volumes/GigiMurin/plip/Gylcerolipids/BD8f4e-l-l-SQD1/report.txt	1	2	1	0	0	0	0
/Volumes/GigiMurin/plip/Gylcerolipids/BD8f4e-M-L-SQD1/report.txt	0	1	0	0	0	0	0
/Volumes/GigiMurin/plip/Gylcerolipids/BD8f4e-R-F-SQD1/report.txt	0	1	0	0	0	0	0
/Volumes/GigiMurin/plip/Gylcerolipids/BD8f4e-t-l-SQD1/report.txt	1	0	0	0	0	0	0
/Volumes/GigiMurin/plip/Gylcerolipids/BD8f4e-x-f-SQD1/report.txt	2	2	0	0	0	0	0
/Volumes/GigiMurin/plip/Gylcerolipids/BD8f4f-a-a-SQD1/report.txt	5	2	0	0	0	0	0
/Volumes/GigiMurin/plip/Gylcerolipids/BD8f4f-a-a-SQD2/report.txt	3	2	0	0	0	0	0
/Volumes/GigiMurin/plip/Gylcerolipids/BD8f4f-b-A-SQD2/report.txt	1	0	0	0	0	0	0
/Volumes/GigiMurin/plip/Gylcerolipids/BD8f4f-b-b-SQD1/report.txt	1	0	1	0	0	0	0
/Volumes/GigiMurin/plip/Gylcerolipids/BD8f4f-c-a-SQD1/report.txt	1	0	0	0	0	0	0
/Volumes/GigiMurin/plip/Gylcerolipids/BD8f4f-d-a-SQD1/report.txt	0	2	1	0	0	0	0
/Volumes/GigiMurin/plip/Gylcerolipids/BD8f4f-D-D-SQD1/report.txt	0	1	1	0	0	0	0
/Volumes/GigiMurin/plip/Gylcerolipids/BD8f4f-d-f-SQD1/report.txt	0	1	2	0	0	0	0
/Volumes/GigiMurin/plip/Gylcerolipids/BD8f4f-E-D-SQD1/report.txt	0	1	0	0	0	0	0
/Volumes/GigiMurin/plip/Gylcerolipids/BD8f4f-f-f-SQD1/report.txt	3	1	0	0	0	0	0
/Volumes/GigiMurin/plip/Gylcerolipids/BD8f4f-j-a-SQD1/report.txt	1	0	0	0	0	0	0
/Volumes/GigiMurin/plip/Gylcerolipids/BD8f4f-k-a-SQD1/report.txt	4	0	0	0	0	0	0
/Volumes/GigiMurin/plip/Gylcerolipids/BD8f4f-l-B-SQD1/report.txt	0	0	1	0	0	0	0
/Volumes/GigiMurin/plip/Gylcerolipids/BD8f4f-t-B-SQD1/report.txt	3	0	0	0	0	0	0
/Volumes/GigiMurin/plip/Gylcerolipids/BD8f4g-a-a-SQD1/report.txt	5	2	0	0	0	0	0
/Volumes/GigiMurin/plip/Gylcerolipids/BD8f4g-a-a-SQD2/report.txt	5	2	0	0	0	0	0
/Volumes/GigiMurin/plip/Gylcerolipids/BD8f4g-b-A-SQD2/report.txt	3	0	0	0	0	0	0
/Volumes/GigiMurin/plip/Gylcerolipids/BD8f4g-b-b-SQD1/report.txt	0	0	1	0	0	0	0
/Volumes/GigiMurin/plip/Gylcerolipids/BD8f4g-c-a-SQD1/report.txt	1	0	0	0	0	0	0
/Volumes/GigiMurin/plip/Gylcerolipids/BD8f4g-d-a-SQD1/report.txt	0	2	1	0	0	0	0
/Volumes/GigiMurin/plip/Gylcerolipids/BD8f4g-d-f-SQD1/report.txt	0	1	1	0	0	0	0
/Volumes/GigiMurin/plip/Gylcerolipids/BD8f4g-f-f-SQD1/report.txt	0	1	0	0	0	0	0
/Volumes/GigiMurin/plip/Gylcerolipids/BD8f4g-j-a-SQD1/report.txt	1	0	0	0	0	0	0
/Volumes/GigiMurin/plip/Gylcerolipids/BD8f4g-k-a-SQD1/report.txt	2	0	0	0	0	0	0
/Volumes/GigiMurin/plip/Gylcerolipids/BD8f4g-l-B-SQD1/report.txt	0	0	1	0	0	0	0
/Volumes/GigiMurin/plip/Gylcerolipids/BD8f4g-t-B-SQD1/report.txt	1	0	0	0	0	0	0
/Volumes/GigiMurin/plip/Gylcerolipids/BD8f4g-x-f-SQD1/report.txt	2	0	0	0	0	0	0
/Volumes/GigiMurin/plip/Gylcerolipids/BD8f4h-a-a-SQD1/report.txt	7	2	0	0	0	0	0
/Volumes/GigiMurin/plip/Gylcerolipids/BD8f4h-A-A-SQD2/report.txt	5	2	0	0	0	0	0
/Volumes/GigiMurin/plip/Gylcerolipids/BD8f4h-b-A-SQD2/report.txt	1	0	0	0	0	0	0
/Volumes/GigiMurin/plip/Gylcerolipids/BD8f4h-b-b-SQD1/report.txt	0	0	1	0	0	0	0
/Volumes/GigiMurin/plip/Gylcerolipids/BD8f4h-B-t-SQD1/report.txt	3	0	0	0	0	0	0
/Volumes/GigiMurin/plip/Gylcerolipids/BD8f4h-c-a-SQD1/report.txt	1	0	0	0	0	0	0
/Volumes/GigiMurin/plip/Gylcerolipids/BD8f4h-d-a-SQD1/report.txt	0	2	1	0	0	0	0
/Volumes/GigiMurin/plip/Gylcerolipids/BD8f4h-d-f-SQD1/report.txt	0	1	1	0	0	0	0
/Volumes/GigiMurin/plip/Gylcerolipids/BD8f4h-f-f-SQD1/report.txt	1	1	0	0	0	0	0
/Volumes/GigiMurin/plip/Gylcerolipids/BD8f4h-j-a-SQD1/report.txt	1	0	0	0	0	0	0
/Volumes/GigiMurin/plip/Gylcerolipids/BD8f4h-k-a-SQD1/report.txt	1	0	0	0	0	0	0
/Volumes/GigiMurin/plip/Gylcerolipids/BD8f4h-l-B-SQD1/report.txt	0	0	1	0	0	0	0
/Volumes/GigiMurin/plip/Gylcerolipids/BD8f4h-M-b-SQD1/report.txt	0	1	0	0	0	0	0
/Volumes/GigiMurin/plip/Gylcerolipids/BD8f4h-t-B-SQD1/report.txt	3	0	0	0	0	0	0
/Volumes/GigiMurin/plip/Gylcerolipids/BD8f4h-t-t-SQD1/report.txt	0	0	0	0	0	0	0
/Volumes/GigiMurin/plip/Gylcerolipids/BD8f4h-X-F-SQD1/report.txt	3	0	0	0	0	0	0
/Volumes/GigiMurin/plip/Gylcerolipids/BD8f4i-a-a-SQD1/report.txt	5	2	0	0	0	0	0
/Volumes/GigiMurin/plip/Gylcerolipids/BD8f4i-a-a-SQD2/report.txt	4	2	0	0	0	0	0
/Volumes/GigiMurin/plip/Gylcerolipids/BD8f4i-b-A-SQD2/report.txt	1	0	0	0	0	0	0
/Volumes/GigiMurin/plip/Gylcerolipids/BD8f4i-b-b-SQD1/report.txt	2	0	1	0	0	0	0
/Volumes/GigiMurin/plip/Gylcerolipids/BD8f4i-c-a-SQD1/report.txt	1	1	0	0	0	0	0
/Volumes/GigiMurin/plip/Gylcerolipids/BD8f4i-d-a-SQD1/report.txt	0	2	1	0	0	0	0
/Volumes/GigiMurin/plip/Gylcerolipids/BD8f4i-D-D-SQD1/report.txt	0	2	2	0	0	0	0
/Volumes/GigiMurin/plip/Gylcerolipids/BD8f4i-d-f-SQD1/report.txt	0	1	1	0	0	0	0
/Volumes/GigiMurin/plip/Gylcerolipids/BD8f4i-f-f-SQD1/report.txt	3	1	0	0	0	0	0
/Volumes/GigiMurin/plip/Gylcerolipids/BD8f4i-J-A-SQD1/report.txt	1	0	0	0	0	0	0
/Volumes/GigiMurin/plip/Gylcerolipids/BD8f4i-k-a-SQD1/report.txt	1	0	0	0	0	0	0
/Volumes/GigiMurin/plip/Gylcerolipids/BD8f4i-l-B-SQD1/report.txt	1	2	1	0	0	0	0
/Volumes/GigiMurin/plip/Gylcerolipids/BD8f4i-M-b-SQD1/report.txt	0	1	0	0	0	0	0
/Volumes/GigiMurin/plip/Gylcerolipids/BD8f4i-T-b-SQD1/report.txt	1	0	0	0	0	0	0
/Volumes/GigiMurin/plip/Gylcerolipids/BD8f4i-X-D-SQD1/report.txt	3	0	0	0	0	0	0
/Volumes/GigiMurin/plip/Gylcerolipids/BD8f4i-x-f-SQD1/report.txt	3	2	0	0	0	0	0
/Volumes/GigiMurin/plip/Gylcerolipids/BD8f4j-a-a-SQD1/report.txt	3	2	0	0	0	0	0
/Volumes/GigiMurin/plip/Gylcerolipids/BD8f4j-a-a-SQD2/report.txt	5	2	0	0	0	0	0
/Volumes/GigiMurin/plip/Gylcerolipids/BD8f4j-b-A-SQD2/report.txt	2	0	0	0	0	0	0
/Volumes/GigiMurin/plip/Gylcerolipids/BD8f4j-b-b-SQD1/report.txt	1	0	1	0	0	0	0
/Volumes/GigiMurin/plip/Gylcerolipids/BD8f4j-c-a-SQD1/report.txt	1	0	0	0	0	0	0
/Volumes/GigiMurin/plip/Gylcerolipids/BD8f4j-d-a-SQD1/report.txt	0	2	1	0	0	0	0
/Volumes/GigiMurin/plip/Gylcerolipids/BD8f4j-d-f-SQD1/report.txt	0	2	1	0	0	0	0
/Volumes/GigiMurin/plip/Gylcerolipids/BD8f4j-e-f-SQD1/report.txt	0	1	0	0	0	0	0
/Volumes/GigiMurin/plip/Gylcerolipids/BD8f4j-f-f-SQD1/report.txt	2	1	0	0	0	0	0
/Volumes/GigiMurin/plip/Gylcerolipids/BD8f4j-j-a-SQD1/report.txt	1	0	0	0	0	0	0
/Volumes/GigiMurin/plip/Gylcerolipids/BD8f4j-k-a-SQD1/report.txt	2	0	0	0	0	0	0
/Volumes/GigiMurin/plip/Gylcerolipids/BD8f4j-l-B-SQD1/report.txt	0	0	1	0	0	0	0
/Volumes/GigiMurin/plip/Gylcerolipids/BD8f4j-M-b-SQD1/report.txt	0	1	0	0	0	0	0
/Volumes/GigiMurin/plip/Gylcerolipids/BD8f4j-t-B-SQD1/report.txt	2	0	0	0	0	0	0
/Volumes/GigiMurin/plip/Gylcerolipids/BD8f4j-x-f-SQD1/report.txt	2	0	0	0	0	0	0
/Volumes/GigiMurin/plip/Gylcerolipids/BD8f4k-a-a-SQD1/report.txt	5	2	0	0	0	0	0
/Volumes/GigiMurin/plip/Gylcerolipids/BD8f4k-a-a-SQD2/report.txt	2	2	0	0	0	0	0
/Volumes/GigiMurin/plip/Gylcerolipids/BD8f4k-A-T-SQD1/report.txt	5	2	0	0	0	0	0
/Volumes/GigiMurin/plip/Gylcerolipids/BD8f4k-B-a-SQD2/report.txt	1	0	0	0	0	0	0
/Volumes/GigiMurin/plip/Gylcerolipids/BD8f4k-b-b-SQD1/report.txt	2	0	1	0	0	0	0
/Volumes/GigiMurin/plip/Gylcerolipids/BD8f4k-b-T-SQD1/report.txt	1	0	0	0	0	0	0
/Volumes/GigiMurin/plip/Gylcerolipids/BD8f4k-c-a-SQD1/report.txt	1	0	0	0	0	0	0
/Volumes/GigiMurin/plip/Gylcerolipids/BD8f4k-d-a-SQD1/report.txt	0	2	1	0	0	0	0
/Volumes/GigiMurin/plip/Gylcerolipids/BD8f4k-D-D-SQD1/report.txt	0	1	1	0	0	0	0
/Volumes/GigiMurin/plip/Gylcerolipids/BD8f4k-d-f-SQD1/report.txt	0	1	1	0	0	0	0
/Volumes/GigiMurin/plip/Gylcerolipids/BD8f4k-e-f-SQD1/report.txt	0	1	0	0	0	0	0
/Volumes/GigiMurin/plip/Gylcerolipids/BD8f4k-f-f-SQD1/report.txt	3	1	0	0	0	0	0
/Volumes/GigiMurin/plip/Gylcerolipids/BD8f4k-j-a-SQD1/report.txt	1	0	0	0	0	0	0
/Volumes/GigiMurin/plip/Gylcerolipids/BD8f4k-k-a-SQD1/report.txt	3	0	0	0	0	0	0
/Volumes/GigiMurin/plip/Gylcerolipids/BD8f4k-l-B-SQD1/report.txt	0	0	1	0	0	0	0
/Volumes/GigiMurin/plip/Gylcerolipids/BD8f4k-M-b-SQD1/report.txt	0	1	0	0	0	0	0
/Volumes/GigiMurin/plip/Gylcerolipids/BD8f4k-t-B-SQD1/report.txt	1	0	0	0	0	0	0
/Volumes/GigiMurin/plip/Gylcerolipids/BD8f4k-T-T-SQD1/report.txt	0	0	0	0	0	0	0
/Volumes/GigiMurin/plip/Gylcerolipids/BD8f4k-x-f-SQD1/report.txt	1	2	0	0	0	0	0
/Volumes/GigiMurin/plip/Gylcerolipids/BD8fyn-A-A-OLC1/report.txt	6	1	0	0	0	0	0
/Volumes/GigiMurin/plip/Gylcerolipids/BD8fyn-A-A-OLC2/report.txt	6	0	0	0	0	0	0
/Volumes/GigiMurin/plip/Gylcerolipids/BD8fyn-A-A-OLC3/report.txt	4	0	0	0	0	0	0
/Volumes/GigiMurin/plip/Gylcerolipids/BD8fyn-A-A-OLC4/report.txt	3	1	0	0	0	0	0
/Volumes/GigiMurin/plip/Gylcerolipids/BD8fyn-A-A-OLC5/report.txt	7	2	0	0	0	0	0
/Volumes/GigiMurin/plip/Gylcerolipids/BD8gbt-A-A-TGL1/report.txt	3	0	1	0	0	0	0
/Volumes/GigiMurin/plip/Gylcerolipids/BD8gbt-A-I-TGL1/report.txt	3	0	0	0	0	0	0
/Volumes/GigiMurin/plip/Gylcerolipids/BD8gbt-A-L-TGL1/report.txt	9	0	0	0	0	0	0
/Volumes/GigiMurin/plip/Gylcerolipids/BD8gbt-B-A-TGL1/report.txt	1	0	0	0	0	0	0
/Volumes/GigiMurin/plip/Gylcerolipids/BD8gbt-B-I-TGL1/report.txt	1	0	1	0	0	0	0
/Volumes/GigiMurin/plip/Gylcerolipids/BD8gbt-D-A-TGL1/report.txt	2	2	0	0	0	0	0
/Volumes/GigiMurin/plip/Gylcerolipids/BD8gbt-I-I-TGL1/report.txt	1	0	1	0	0	0	0
/Volumes/GigiMurin/plip/Gylcerolipids/BD8gbt-L-L-TGL1/report.txt	6	0	0	0	0	0	0
/Volumes/GigiMurin/plip/Gylcerolipids/BD8gbt-N-N-TGL1/report.txt	1	0	1	0	0	0	0
/Volumes/GigiMurin/plip/Gylcerolipids/BD8gbt-N-N-TGL2/report.txt	6	0	0	0	0	0	0
/Volumes/GigiMurin/plip/Gylcerolipids/BD8gbt-N-Y-TGL1/report.txt	6	0	0	0	0	0	0
/Volumes/GigiMurin/plip/Gylcerolipids/BD8gbt-Q-N-TGL1/report.txt	1	1	0	0	0	0	0
/Volumes/GigiMurin/plip/Gylcerolipids/BD8gbt-Y-Y-TGL1/report.txt	6	0	0	0	0	0	0
/Volumes/GigiMurin/plip/Gylcerolipids/BD8gcq-A-B-TGL1/report.txt	5	0	0	0	0	0	0
/Volumes/GigiMurin/plip/Gylcerolipids/BD8gcq-A-D-TGL1/report.txt	3	0	0	0	0	0	0
/Volumes/GigiMurin/plip/Gylcerolipids/BD8gcq-A-L-TGL1/report.txt	16	0	0	0	0	0	0
/Volumes/GigiMurin/plip/Gylcerolipids/BD8gcq-B-B-TGL1/report.txt	2	0	0	0	0	0	0
/Volumes/GigiMurin/plip/Gylcerolipids/BD8gcq-D-D-TGL1/report.txt	2	1	0	0	0	0	0
/Volumes/GigiMurin/plip/Gylcerolipids/BD8gcq-L-L-TGL1/report.txt	8	1	1	0	0	0	0
/Volumes/GigiMurin/plip/Gylcerolipids/BD8gcq-N-N-TGL1/report.txt	8	0	0	0	0	0	0
/Volumes/GigiMurin/plip/Gylcerolipids/BD8gcq-N-N-TGL2/report.txt	1	0	1	0	0	0	0
/Volumes/GigiMurin/plip/Gylcerolipids/BD8gcq-N-O-TGL1/report.txt	5	0	0	0	0	0	0
/Volumes/GigiMurin/plip/Gylcerolipids/BD8gcq-O-N-TGL2/report.txt	3	0	0	0	0	0	0
/Volumes/GigiMurin/plip/Gylcerolipids/BD8gcq-O-O-TGL1/report.txt	2	0	0	0	0	0	0
/Volumes/GigiMurin/plip/Gylcerolipids/BD8gcq-Q-N-TGL2/report.txt	3	0	0	0	0	0	0
/Volumes/GigiMurin/plip/Gylcerolipids/BD8gcq-V-O-TGL1/report.txt	0	0	1	0	0	0	0
/Volumes/GigiMurin/plip/Gylcerolipids/BD8gcq-Y-N-TGL1/report.txt	6	0	0	0	0	0	0
/Volumes/GigiMurin/plip/Gylcerolipids/BD8gn0-a-a-SQD1/report.txt	0	1	0	0	0	0	0
/Volumes/GigiMurin/plip/Gylcerolipids/BD8gn0-a-a-SQD2/report.txt	1	2	0	0	0	0	0
/Volumes/GigiMurin/plip/Gylcerolipids/BD8gn0-A-b-SQD1/report.txt	4	2	0	0	0	0	0
/Volumes/GigiMurin/plip/Gylcerolipids/BD8gn0-B-a-SQD1/report.txt	2	1	0	0	0	0	0
/Volumes/GigiMurin/plip/Gylcerolipids/BD8gn0-b-b-SQD1/report.txt	2	0	1	0	0	0	0
/Volumes/GigiMurin/plip/Gylcerolipids/BD8gn0-B-D-SQD1/report.txt	0	1	2	0	0	0	0
/Volumes/GigiMurin/plip/Gylcerolipids/BD8gn0-b-l-SQD1/report.txt	1	0	1	0	0	0	0
/Volumes/GigiMurin/plip/Gylcerolipids/BD8gn0-C-A-SQD1/report.txt	0	2	0	0	0	0	0
/Volumes/GigiMurin/plip/Gylcerolipids/BD8gn0-c-a-SQD2/report.txt	1	1	0	0	0	0	0
/Volumes/GigiMurin/plip/Gylcerolipids/BD8gn0-D-A-SQD1/report.txt	0	0	1	0	0	0	0
/Volumes/GigiMurin/plip/Gylcerolipids/BD8gn0-d-a-SQD2/report.txt	0	0	1	0	0	0	0
/Volumes/GigiMurin/plip/Gylcerolipids/BD8gn0-d-d-SQD1/report.txt	3	1	2	0	0	0	0
/Volumes/GigiMurin/plip/Gylcerolipids/BD8gn0-D-D-SQD2/report.txt	0	1	1	0	0	0	0
/Volumes/GigiMurin/plip/Gylcerolipids/BD8gn0-e-d-SQD1/report.txt	0	1	0	0	0	0	0
/Volumes/GigiMurin/plip/Gylcerolipids/BD8gn0-H-D-SQD1/report.txt	1	0	0	0	0	0	0
/Volumes/GigiMurin/plip/Gylcerolipids/BD8gn0-K-A-SQD1/report.txt	2	0	0	0	0	0	0
/Volumes/GigiMurin/plip/Gylcerolipids/BD8gn0-k-a-SQD2/report.txt	2	0	0	0	0	0	0
/Volumes/GigiMurin/plip/Gylcerolipids/BD8gn0-l-B-SQD1/report.txt	0	2	2	0	0	0	0
/Volumes/GigiMurin/plip/Gylcerolipids/BD8gn0-l-l-SQD1/report.txt	1	2	2	0	0	0	0
/Volumes/GigiMurin/plip/Gylcerolipids/BD8gn0-T-b-SQD1/report.txt	1	0	0	0	0	0	0
/Volumes/GigiMurin/plip/Gylcerolipids/BD8gn0-T-l-SQD1/report.txt	2	0	0	0	0	0	0
/Volumes/GigiMurin/plip/Gylcerolipids/BD8gn0-x-d-SQD1/report.txt	2	0	0	0	0	0	0
/Volumes/GigiMurin/plip/Gylcerolipids/BD8gn0-X-D-SQD2/report.txt	2	0	0	0	0	0	0
/Volumes/GigiMurin/plip/Gylcerolipids/BD8gn1-a-a-SQD1/report.txt	3	1	0	0	0	0	0
/Volumes/GigiMurin/plip/Gylcerolipids/BD8gn1-a-a-SQD2/report.txt	3	3	0	0	0	0	0
/Volumes/GigiMurin/plip/Gylcerolipids/BD8gn1-B-a-SQD1/report.txt	1	0	0	0	0	0	0
/Volumes/GigiMurin/plip/Gylcerolipids/BD8gn1-b-A-SQD2/report.txt	1	2	0	0	0	0	0
/Volumes/GigiMurin/plip/Gylcerolipids/BD8gn1-B-B-SQD1/report.txt	4	1	1	0	0	0	0
/Volumes/GigiMurin/plip/Gylcerolipids/BD8gn1-b-L-SQD1/report.txt	1	0	1	0	0	0	0
/Volumes/GigiMurin/plip/Gylcerolipids/BD8gn1-C-A-SQD1/report.txt	1	2	0	0	0	0	0
/Volumes/GigiMurin/plip/Gylcerolipids/BD8gn1-c-a-SQD2/report.txt	2	1	0	0	0	0	0
/Volumes/GigiMurin/plip/Gylcerolipids/BD8gn1-D-A-SQD1/report.txt	0	0	1	0	0	0	0
/Volumes/GigiMurin/plip/Gylcerolipids/BD8gn1-d-a-SQD2/report.txt	0	0	1	0	0	0	0
/Volumes/GigiMurin/plip/Gylcerolipids/BD8gn1-d-f-SQD1/report.txt	0	1	1	0	0	0	0
/Volumes/GigiMurin/plip/Gylcerolipids/BD8gn1-E-F-SQD1/report.txt	0	1	0	0	0	0	0
/Volumes/GigiMurin/plip/Gylcerolipids/BD8gn1-f-f-SQD1/report.txt	0	1	0	0	0	0	0
/Volumes/GigiMurin/plip/Gylcerolipids/BD8gn1-K-A-SQD1/report.txt	2	0	0	0	0	0	0
/Volumes/GigiMurin/plip/Gylcerolipids/BD8gn1-k-a-SQD2/report.txt	3	0	0	0	0	0	0
/Volumes/GigiMurin/plip/Gylcerolipids/BD8gn1-l-B-SQD1/report.txt	1	2	1	0	0	0	0
/Volumes/GigiMurin/plip/Gylcerolipids/BD8gn1-l-L-SQD1/report.txt	0	2	2	0	0	0	0
/Volumes/GigiMurin/plip/Gylcerolipids/BD8gn1-t-B-SQD1/report.txt	3	0	0	0	0	0	0
/Volumes/GigiMurin/plip/Gylcerolipids/BD8gn1-T-L-SQD1/report.txt	2	0	0	0	0	0	0
/Volumes/GigiMurin/plip/Gylcerolipids/BD8gn1-x-f-SQD1/report.txt	2	0	0	0	0	0	0
/Volumes/GigiMurin/plip/Gylcerolipids/BD8gn2-a-a-SQD1/report.txt	7	1	0	0	0	0	0
/Volumes/GigiMurin/plip/Gylcerolipids/BD8gn2-a-a-SQD2/report.txt	5	3	0	0	0	0	0
/Volumes/GigiMurin/plip/Gylcerolipids/BD8gn2-B-a-SQD1/report.txt	0	1	0	0	0	0	0
/Volumes/GigiMurin/plip/Gylcerolipids/BD8gn2-b-A-SQD2/report.txt	1	2	0	0	0	0	0
/Volumes/GigiMurin/plip/Gylcerolipids/BD8gn2-B-L-SQD1/report.txt	2	0	1	0	0	0	0
/Volumes/GigiMurin/plip/Gylcerolipids/BD8gn2-b-L-SQD2/report.txt	1	0	1	0	0	0	0
/Volumes/GigiMurin/plip/Gylcerolipids/BD8gn2-C-A-SQD1/report.txt	1	2	0	0	0	0	0
/Volumes/GigiMurin/plip/Gylcerolipids/BD8gn2-c-a-SQD2/report.txt	2	1	0	0	0	0	0
/Volumes/GigiMurin/plip/Gylcerolipids/BD8gn2-D-A-SQD1/report.txt	0	0	1	0	0	0	0
/Volumes/GigiMurin/plip/Gylcerolipids/BD8gn2-d-a-SQD2/report.txt	0	0	1	0	0	0	0
/Volumes/GigiMurin/plip/Gylcerolipids/BD8gn2-D-D-SQD1/report.txt	0	1	1	0	0	0	0
/Volumes/GigiMurin/plip/Gylcerolipids/BD8gn2-d-f-SQD1/report.txt	0	1	1	0	0	0	0
/Volumes/GigiMurin/plip/Gylcerolipids/BD8gn2-f-f-SQD1/report.txt	0	2	0	0	0	0	0
/Volumes/GigiMurin/plip/Gylcerolipids/BD8gn2-K-A-SQD1/report.txt	2	0	0	0	0	0	0
/Volumes/GigiMurin/plip/Gylcerolipids/BD8gn2-k-a-SQD2/report.txt	2	0	0	0	0	0	0
/Volumes/GigiMurin/plip/Gylcerolipids/BD8gn2-l-L-SQD1/report.txt	0	0	1	0	0	0	0
/Volumes/GigiMurin/plip/Gylcerolipids/BD8gn2-l-L-SQD2/report.txt	1	2	1	0	0	0	0
/Volumes/GigiMurin/plip/Gylcerolipids/BD8gn2-T-L-SQD2/report.txt	2	0	0	0	0	0	0
/Volumes/GigiMurin/plip/Gylcerolipids/BD8gn2-X-D-SQD1/report.txt	1	0	0	0	0	0	0
/Volumes/GigiMurin/plip/Gylcerolipids/BD8gn2-x-f-SQD1/report.txt	2	1	0	0	0	0	0
/Volumes/GigiMurin/plip/Gylcerolipids/BD8gne-A-A-OLC10/report.txt	1	0	0	0	0	0	0
/Volumes/GigiMurin/plip/Gylcerolipids/BD8gne-A-A-OLC11/report.txt	0	0	0	0	0	0	0
/Volumes/GigiMurin/plip/Gylcerolipids/BD8gne-A-A-OLC12/report.txt	2	0	0	0	0	0	0
/Volumes/GigiMurin/plip/Gylcerolipids/BD8gne-A-A-OLC13/report.txt	3	0	0	0	0	0	0
/Volumes/GigiMurin/plip/Gylcerolipids/BD8gne-A-A-OLC14/report.txt	2	0	0	0	0	0	0
/Volumes/GigiMurin/plip/Gylcerolipids/BD8gne-A-A-OLC15/report.txt	2	1	0	0	0	0	0
/Volumes/GigiMurin/plip/Gylcerolipids/BD8gne-A-A-OLC16/report.txt	0	0	0	0	0	0	0
/Volumes/GigiMurin/plip/Gylcerolipids/BD8gne-A-A-OLC17/report.txt	3	0	0	0	0	0	0
/Volumes/GigiMurin/plip/Gylcerolipids/BD8gne-A-A-OLC18/report.txt	3	1	0	0	0	0	0
/Volumes/GigiMurin/plip/Gylcerolipids/BD8gne-A-A-OLC1/report.txt	4	0	0	0	0	0	0
/Volumes/GigiMurin/plip/Gylcerolipids/BD8gne-A-A-OLC2/report.txt	4	1	0	0	0	0	0
/Volumes/GigiMurin/plip/Gylcerolipids/BD8gne-A-A-OLC3/report.txt	4	0	0	0	0	0	0
/Volumes/GigiMurin/plip/Gylcerolipids/BD8gne-A-A-OLC4/report.txt	3	2	0	0	0	0	0
/Volumes/GigiMurin/plip/Gylcerolipids/BD8gne-A-A-OLC5/report.txt	0	0	0	0	0	0	0
/Volumes/GigiMurin/plip/Gylcerolipids/BD8gne-A-A-OLC6/report.txt	1	1	0	0	0	0	0
/Volumes/GigiMurin/plip/Gylcerolipids/BD8gne-A-A-OLC7/report.txt	3	0	0	0	0	0	0
/Volumes/GigiMurin/plip/Gylcerolipids/BD8gne-A-A-OLC8/report.txt	3	2	0	0	0	0	0
/Volumes/GigiMurin/plip/Gylcerolipids/BD8gne-A-A-OLC9/report.txt	0	0	0	0	0	0	0
/Volumes/GigiMurin/plip/Gylcerolipids/BD8gng-A-A-OLC1/report.txt	0	0	0	0	0	0	0
/Volumes/GigiMurin/plip/Gylcerolipids/BD8gng-A-A-OLC2/report.txt	4	2	0	0	0	0	0
/Volumes/GigiMurin/plip/Gylcerolipids/BD8gng-A-A-OLC3/report.txt	5	0	0	0	0	0	0
/Volumes/GigiMurin/plip/Gylcerolipids/BD8gng-A-A-OLC4/report.txt	1	1	0	0	0	0	0
/Volumes/GigiMurin/plip/Gylcerolipids/BD8gng-A-A-OLC5/report.txt	2	1	0	0	0	0	0
/Volumes/GigiMurin/plip/Gylcerolipids/BD8gng-A-A-OLC6/report.txt	1	0	0	0	0	0	0
/Volumes/GigiMurin/plip/Gylcerolipids/BD8gng-X-A-OLC1/report.txt	2	0	0	0	0	0	0
/Volumes/GigiMurin/plip/Gylcerolipids/BD8gng-X-A-OLC5/report.txt	1	0	0	0	0	0	0
/Volumes/GigiMurin/plip/Gylcerolipids/BD8gng-X-A-OLC6/report.txt	0	1	0	0	0	0	0
/Volumes/GigiMurin/plip/Gylcerolipids/BD8gng-X-X-OLC1/report.txt	0	0	0	0	0	0	0
/Volumes/GigiMurin/plip/Gylcerolipids/BD8gng-X-X-OLC2/report.txt	2	2	0	0	0	0	0
/Volumes/GigiMurin/plip/Gylcerolipids/BD8gng-X-X-OLC3/report.txt	5	2	0	0	0	0	0
/Volumes/GigiMurin/plip/Gylcerolipids/BD8gng-X-X-OLC4/report.txt	0	0	0	0	0	0	0
/Volumes/GigiMurin/plip/Gylcerolipids/BD8gvm-A-B-TGL1/report.txt	6	0	0	0	0	0	0
/Volumes/GigiMurin/plip/Gylcerolipids/BD8gvm-A-D-TGL1/report.txt	8	0	1	0	0	0	0
/Volumes/GigiMurin/plip/Gylcerolipids/BD8gvm-A-L-TGL1/report.txt	9	0	0	0	0	0	0
/Volumes/GigiMurin/plip/Gylcerolipids/BD8gvm-B-B-TGL1/report.txt	6	0	1	0	0	0	0
/Volumes/GigiMurin/plip/Gylcerolipids/BD8gvm-B-D-TGL1/report.txt	3	0	0	0	0	0	0
/Volumes/GigiMurin/plip/Gylcerolipids/BD8gvm-D-D-TGL1/report.txt	2	2	0	0	0	0	0
/Volumes/GigiMurin/plip/Gylcerolipids/BD8gvm-L-L-TGL1/report.txt	6	1	1	0	0	0	0
/Volumes/GigiMurin/plip/Gylcerolipids/BD8gvm-N-N-TGL1/report.txt	8	0	0	0	0	0	0
/Volumes/GigiMurin/plip/Gylcerolipids/BD8gvm-N-Q-TGL1/report.txt	6	0	1	0	0	0	0
/Volumes/GigiMurin/plip/Gylcerolipids/BD8gvm-N-Y-TGL1/report.txt	10	0	0	0	0	0	0
/Volumes/GigiMurin/plip/Gylcerolipids/BD8gvm-O-N-TGL1/report.txt	1	0	1	0	0	0	0
/Volumes/GigiMurin/plip/Gylcerolipids/BD8gvm-O-Q-TGL1/report.txt	5	0	0	0	0	0	0
/Volumes/GigiMurin/plip/Gylcerolipids/BD8gvm-Q-Q-TGL1/report.txt	3	2	0	0	0	0	0
/Volumes/GigiMurin/plip/Gylcerolipids/BD8gvm-Y-Y-TGL1/report.txt	8	0	0	0	0	0	0
/Volumes/GigiMurin/plip/Gylcerolipids/BD8gvw-A-A-YZY1/report.txt	4	1	0	0	0	0	0
/Volumes/GigiMurin/plip/Gylcerolipids/BD8gvw-A-A-YZY2/report.txt	3	1	0	0	0	0	0
/Volumes/GigiMurin/plip/Gylcerolipids/BD8gvx-A-A-YZY1/report.txt	4	1	0	0	0	0	0
/Volumes/GigiMurin/plip/Gylcerolipids/BD8gvx-A-B-YZY1/report.txt	4	0	0	0	0	0	0
/Volumes/GigiMurin/plip/Gylcerolipids/BD8h5e-A-A-OLC1/report.txt	4	0	1	0	0	0	0
/Volumes/GigiMurin/plip/Gylcerolipids/BD8h5e-A-B-OLC1/report.txt	3	0	0	0	0	0	0
/Volumes/GigiMurin/plip/Gylcerolipids/BD8h5e-A-B-OLC2/report.txt	1	0	0	0	0	0	0
/Volumes/GigiMurin/plip/Gylcerolipids/BD8h5e-B-B-OLC1/report.txt	2	0	0	0	0	0	0
/Volumes/GigiMurin/plip/Gylcerolipids/BD8h5e-B-B-OLC2/report.txt	2	1	1	0	0	0	0
/Volumes/GigiMurin/plip/Gylcerolipids/BD8hju-Y-Y-DGA1/report.txt	5	0	0	0	0	0	0
/Volumes/GigiMurin/plip/Gylcerolipids/BD8hua-A-A-OLC10/report.txt	2	0	0	0	0	0	0
/Volumes/GigiMurin/plip/Gylcerolipids/BD8hua-A-A-OLC1/report.txt	3	0	0	0	0	0	0
/Volumes/GigiMurin/plip/Gylcerolipids/BD8hua-A-A-OLC2/report.txt	1	2	0	0	0	0	0
/Volumes/GigiMurin/plip/Gylcerolipids/BD8hua-A-A-OLC3/report.txt	1	2	0	0	0	0	0
/Volumes/GigiMurin/plip/Gylcerolipids/BD8hua-A-A-OLC4/report.txt	1	1	0	0	0	0	0
/Volumes/GigiMurin/plip/Gylcerolipids/BD8hua-A-A-OLC5/report.txt	1	0	0	0	0	0	0
/Volumes/GigiMurin/plip/Gylcerolipids/BD8hua-A-A-OLC6/report.txt	0	0	0	0	0	0	0
/Volumes/GigiMurin/plip/Gylcerolipids/BD8hua-A-A-OLC7/report.txt	1	0	0	0	0	0	0
/Volumes/GigiMurin/plip/Gylcerolipids/BD8hua-A-A-OLC8/report.txt	3	1	0	0	0	0	0
/Volumes/GigiMurin/plip/Gylcerolipids/BD8hua-A-A-OLC9/report.txt	0	0	0	0	0	0	0
/Volumes/GigiMurin/plip/Gylcerolipids/BD8hua-B-B-OLC1/report.txt	0	0	0	0	0	0	0
/Volumes/GigiMurin/plip/Gylcerolipids/BD8hua-B-B-OLC2/report.txt	3	1	0	0	0	0	0
/Volumes/GigiMurin/plip/Gylcerolipids/BD8hua-C-C-OLC1/report.txt	3	0	0	0	0	0	0
/Volumes/GigiMurin/plip/Gylcerolipids/BD8hua-C-C-OLC2/report.txt	0	1	1	0	0	0	0
/Volumes/GigiMurin/plip/Gylcerolipids/BD8hua-C-C-OLC3/report.txt	3	0	0	0	0	0	0
/Volumes/GigiMurin/plip/Gylcerolipids/BD8ijn-A-A-TGL1/report.txt	11	0	0	0	0	0	0
/Volumes/GigiMurin/plip/Gylcerolipids/BD8ijn-A-D-TGL1/report.txt	6	0	1	0	0	0	0
/Volumes/GigiMurin/plip/Gylcerolipids/BD8ijn-A-L-TGL1/report.txt	12	0	0	0	0	0	0
/Volumes/GigiMurin/plip/Gylcerolipids/BD8ijn-B-A-TGL1/report.txt	1	0	1	0	0	0	0
/Volumes/GigiMurin/plip/Gylcerolipids/BD8ijn-B-D-TGL1/report.txt	2	0	0	0	0	0	0
/Volumes/GigiMurin/plip/Gylcerolipids/BD8ijn-D-D-TGL1/report.txt	3	2	0	0	0	0	0
/Volumes/GigiMurin/plip/Gylcerolipids/BD8ijn-L-L-TGL1/report.txt	8	0	0	0	0	0	0
/Volumes/GigiMurin/plip/Gylcerolipids/BD8ijn-N-N-TGL1/report.txt	10	0	0	0	0	0	0
/Volumes/GigiMurin/plip/Gylcerolipids/BD8ijn-N-O-TGL1/report.txt	8	0	0	0	0	0	0
/Volumes/GigiMurin/plip/Gylcerolipids/BD8ijn-N-Q-TGL1/report.txt	6	0	1	0	0	0	0
/Volumes/GigiMurin/plip/Gylcerolipids/BD8ijn-O-O-TGL1/report.txt	3	0	1	0	0	0	0
/Volumes/GigiMurin/plip/Gylcerolipids/BD8ijn-O-Q-TGL1/report.txt	3	0	0	0	0	0	0
/Volumes/GigiMurin/plip/Gylcerolipids/BD8ijn-Q-Q-TGL1/report.txt	1	1	0	0	0	0	0
/Volumes/GigiMurin/plip/Gylcerolipids/BD8ijr-A-A-Z0P1/report.txt	5	1	2	0	0	0	0
/Volumes/GigiMurin/plip/Gylcerolipids/BD8ijr-B-B-Z0P1/report.txt	7	1	2	0	0	0	0
/Volumes/GigiMurin/plip/Gylcerolipids/BD8ijr-C-C-Z0P1/report.txt	6	2	2	0	0	0	0
/Volumes/GigiMurin/plip/Gylcerolipids/BD8ijr-D-D-Z0P1/report.txt	7	1	2	0	0	0	0
/Volumes/GigiMurin/plip/Gylcerolipids/BD8ijr-E-E-Z0P1/report.txt	5	2	2	0	0	0	0
/Volumes/GigiMurin/plip/Gylcerolipids/BD8ijr-F-F-Z0P1/report.txt	3	1	2	0	0	0	0
/Volumes/GigiMurin/plip/Gylcerolipids/BD8ir5-a-a-SQD1/report.txt	5	3	0	0	0	0	0
/Volumes/GigiMurin/plip/Gylcerolipids/BD8ir5-a-a-SQD2/report.txt	2	3	0	0	0	0	0
/Volumes/GigiMurin/plip/Gylcerolipids/BD8ir5-b-A-SQD2/report.txt	1	3	0	0	0	0	0
/Volumes/GigiMurin/plip/Gylcerolipids/BD8ir5-b-b-SQD1/report.txt	1	1	1	0	0	0	0
/Volumes/GigiMurin/plip/Gylcerolipids/BD8ir5-c-a-SQD1/report.txt	1	3	0	0	0	0	0
/Volumes/GigiMurin/plip/Gylcerolipids/BD8ir5-d-a-SQD1/report.txt	0	2	1	0	0	0	0
/Volumes/GigiMurin/plip/Gylcerolipids/BD8ir5-d-f-SQD1/report.txt	0	1	1	0	0	0	0
/Volumes/GigiMurin/plip/Gylcerolipids/BD8ir5-E-F-SQD1/report.txt	0	1	0	0	0	0	0
/Volumes/GigiMurin/plip/Gylcerolipids/BD8ir5-f-f-SQD1/report.txt	0	1	0	0	0	0	0
/Volumes/GigiMurin/plip/Gylcerolipids/BD8ir5-K-A-SQD1/report.txt	1	0	0	0	0	0	0
/Volumes/GigiMurin/plip/Gylcerolipids/BD8ir5-L-b-SQD1/report.txt	0	0	1	0	0	0	0
/Volumes/GigiMurin/plip/Gylcerolipids/BD8ir5-t-B-SQD1/report.txt	2	0	0	0	0	0	0
/Volumes/GigiMurin/plip/Gylcerolipids/BD8ir6-a-a-SQD1/report.txt	4	3	0	0	0	0	0
/Volumes/GigiMurin/plip/Gylcerolipids/BD8ir6-a-a-SQD2/report.txt	4	3	0	0	0	0	0
/Volumes/GigiMurin/plip/Gylcerolipids/BD8ir6-b-A-SQD2/report.txt	1	3	0	0	0	0	0
/Volumes/GigiMurin/plip/Gylcerolipids/BD8ir6-b-b-SQD1/report.txt	1	0	1	0	0	0	0
/Volumes/GigiMurin/plip/Gylcerolipids/BD8ir6-B-l-SQD1/report.txt	1	1	1	0	0	0	0
/Volumes/GigiMurin/plip/Gylcerolipids/BD8ir6-c-a-SQD1/report.txt	0	1	0	0	0	0	0
/Volumes/GigiMurin/plip/Gylcerolipids/BD8ir6-d-a-SQD1/report.txt	0	0	0	0	0	0	0
/Volumes/GigiMurin/plip/Gylcerolipids/BD8ir6-d-f-SQD1/report.txt	0	0	1	0	0	0	0
/Volumes/GigiMurin/plip/Gylcerolipids/BD8ir6-D-X-SQD1/report.txt	0	1	1	0	0	0	0
/Volumes/GigiMurin/plip/Gylcerolipids/BD8ir6-f-f-SQD1/report.txt	0	2	0	0	0	0	0
/Volumes/GigiMurin/plip/Gylcerolipids/BD8ir6-k-a-SQD1/report.txt	1	0	0	0	0	0	0
/Volumes/GigiMurin/plip/Gylcerolipids/BD8ir6-l-b-SQD1/report.txt	0	2	1	0	0	0	0
/Volumes/GigiMurin/plip/Gylcerolipids/BD8ir6-l-l-SQD1/report.txt	0	0	1	0	0	0	0
/Volumes/GigiMurin/plip/Gylcerolipids/BD8ir6-T-b-SQD1/report.txt	2	0	0	0	0	0	0
/Volumes/GigiMurin/plip/Gylcerolipids/BD8ir6-t-l-SQD1/report.txt	1	0	0	0	0	0	0
/Volumes/GigiMurin/plip/Gylcerolipids/BD8ir6-X-X-SQD1/report.txt	2	0	0	0	0	0	0
/Volumes/GigiMurin/plip/Gylcerolipids/BD8ir7-a-a-SQD1/report.txt	3	5	0	0	0	0	0
/Volumes/GigiMurin/plip/Gylcerolipids/BD8ir7-a-a-SQD2/report.txt	5	3	0	0	0	0	0
/Volumes/GigiMurin/plip/Gylcerolipids/BD8ir7-b-A-SQD2/report.txt	1	3	0	0	0	0	0
/Volumes/GigiMurin/plip/Gylcerolipids/BD8ir7-b-b-SQD1/report.txt	1	1	1	0	0	0	0
/Volumes/GigiMurin/plip/Gylcerolipids/BD8ir7-c-a-SQD1/report.txt	0	1	0	0	0	0	0
/Volumes/GigiMurin/plip/Gylcerolipids/BD8ir7-d-a-SQD1/report.txt	0	0	0	0	0	0	0
/Volumes/GigiMurin/plip/Gylcerolipids/BD8ir7-d-f-SQD1/report.txt	0	1	1	0	0	0	0
/Volumes/GigiMurin/plip/Gylcerolipids/BD8ir7-f-f-SQD1/report.txt	0	1	0	0	0	0	0
/Volumes/GigiMurin/plip/Gylcerolipids/BD8ir7-K-A-SQD1/report.txt	1	0	0	0	0	0	0
/Volumes/GigiMurin/plip/Gylcerolipids/BD8ir7-L-b-SQD1/report.txt	0	0	1	0	0	0	0
/Volumes/GigiMurin/plip/Gylcerolipids/BD8ir7-t-B-SQD1/report.txt	2	0	0	0	0	0	0
/Volumes/GigiMurin/plip/Gylcerolipids/BD8ir8-a-a-SQD1/report.txt	3	4	0	0	0	0	0
/Volumes/GigiMurin/plip/Gylcerolipids/BD8ir8-a-a-SQD2/report.txt	4	3	0	0	0	0	0
/Volumes/GigiMurin/plip/Gylcerolipids/BD8ir8-b-A-SQD2/report.txt	1	3	0	0	0	0	0
/Volumes/GigiMurin/plip/Gylcerolipids/BD8ir8-b-b-SQD1/report.txt	1	1	1	0	0	0	0
/Volumes/GigiMurin/plip/Gylcerolipids/BD8ir8-c-a-SQD1/report.txt	0	1	0	0	0	0	0
/Volumes/GigiMurin/plip/Gylcerolipids/BD8ir8-d-a-SQD1/report.txt	0	0	0	0	0	0	0
/Volumes/GigiMurin/plip/Gylcerolipids/BD8ir8-d-f-SQD1/report.txt	0	1	1	0	0	0	0
/Volumes/GigiMurin/plip/Gylcerolipids/BD8ir8-f-f-SQD1/report.txt	1	1	0	0	0	0	0
/Volumes/GigiMurin/plip/Gylcerolipids/BD8ir8-K-A-SQD1/report.txt	1	0	0	0	0	0	0
/Volumes/GigiMurin/plip/Gylcerolipids/BD8ir8-L-b-SQD1/report.txt	0	0	1	0	0	0	0
/Volumes/GigiMurin/plip/Gylcerolipids/BD8ir8-t-B-SQD1/report.txt	2	0	0	0	0	0	0
/Volumes/GigiMurin/plip/Gylcerolipids/BD8ir8-X-F-SQD1/report.txt	1	0	0	0	0	0	0
/Volumes/GigiMurin/plip/Gylcerolipids/BD8ir9-a-a-SQD1/report.txt	4	2	0	0	0	0	0
/Volumes/GigiMurin/plip/Gylcerolipids/BD8ir9-a-a-SQD2/report.txt	4	3	0	0	0	0	0
/Volumes/GigiMurin/plip/Gylcerolipids/BD8ir9-b-A-SQD2/report.txt	1	3	0	0	0	0	0
/Volumes/GigiMurin/plip/Gylcerolipids/BD8ir9-b-b-SQD1/report.txt	2	0	1	0	0	0	0
/Volumes/GigiMurin/plip/Gylcerolipids/BD8ir9-B-L-SQD1/report.txt	1	1	1	0	0	0	0
/Volumes/GigiMurin/plip/Gylcerolipids/BD8ir9-c-a-SQD1/report.txt	0	0	0	0	0	0	0
/Volumes/GigiMurin/plip/Gylcerolipids/BD8ir9-d-a-SQD1/report.txt	0	0	0	0	0	0	0
/Volumes/GigiMurin/plip/Gylcerolipids/BD8ir9-d-f-SQD1/report.txt	0	1	1	0	0	0	0
/Volumes/GigiMurin/plip/Gylcerolipids/BD8ir9-f-f-SQD1/report.txt	0	1	0	0	0	0	0
/Volumes/GigiMurin/plip/Gylcerolipids/BD8ir9-k-a-SQD1/report.txt	1	0	0	0	0	0	0
/Volumes/GigiMurin/plip/Gylcerolipids/BD8ir9-L-b-SQD1/report.txt	0	2	1	0	0	0	0
/Volumes/GigiMurin/plip/Gylcerolipids/BD8ir9-L-L-SQD1/report.txt	0	0	1	0	0	0	0
/Volumes/GigiMurin/plip/Gylcerolipids/BD8ir9-T-b-SQD1/report.txt	2	0	0	0	0	0	0
/Volumes/GigiMurin/plip/Gylcerolipids/BD8ir9-t-L-SQD1/report.txt	1	0	0	0	0	0	0
/Volumes/GigiMurin/plip/Gylcerolipids/BD8ira-a-a-SQD1/report.txt	4	5	0	0	0	0	0
/Volumes/GigiMurin/plip/Gylcerolipids/BD8ira-a-a-SQD2/report.txt	5	3	0	0	0	0	0
/Volumes/GigiMurin/plip/Gylcerolipids/BD8ira-b-A-SQD2/report.txt	1	3	0	0	0	0	0
/Volumes/GigiMurin/plip/Gylcerolipids/BD8ira-b-b-SQD1/report.txt	1	1	1	0	0	0	0
/Volumes/GigiMurin/plip/Gylcerolipids/BD8ira-c-a-SQD1/report.txt	0	0	0	0	0	0	0
/Volumes/GigiMurin/plip/Gylcerolipids/BD8ira-d-a-SQD1/report.txt	0	0	0	0	0	0	0
/Volumes/GigiMurin/plip/Gylcerolipids/BD8ira-d-f-SQD1/report.txt	0	1	1	0	0	0	0
/Volumes/GigiMurin/plip/Gylcerolipids/BD8ira-f-f-SQD1/report.txt	1	1	0	0	0	0	0
/Volumes/GigiMurin/plip/Gylcerolipids/BD8ira-K-A-SQD1/report.txt	1	0	0	0	0	0	0
/Volumes/GigiMurin/plip/Gylcerolipids/BD8ira-L-b-SQD1/report.txt	0	0	1	0	0	0	0
/Volumes/GigiMurin/plip/Gylcerolipids/BD8ira-t-B-SQD1/report.txt	1	0	0	0	0	0	0
/Volumes/GigiMurin/plip/Gylcerolipids/BD8irb-a-a-SQD1/report.txt	3	2	0	0	0	0	0
/Volumes/GigiMurin/plip/Gylcerolipids/BD8irb-a-a-SQD2/report.txt	2	3	0	0	0	0	0
/Volumes/GigiMurin/plip/Gylcerolipids/BD8irb-b-A-SQD2/report.txt	1	3	0	0	0	0	0
/Volumes/GigiMurin/plip/Gylcerolipids/BD8irb-b-b-SQD1/report.txt	1	1	1	0	0	0	0
/Volumes/GigiMurin/plip/Gylcerolipids/BD8irb-c-a-SQD1/report.txt	0	1	0	0	0	0	0
/Volumes/GigiMurin/plip/Gylcerolipids/BD8irb-d-a-SQD1/report.txt	0	0	0	0	0	0	0
/Volumes/GigiMurin/plip/Gylcerolipids/BD8irb-d-f-SQD1/report.txt	0	0	1	0	0	0	0
/Volumes/GigiMurin/plip/Gylcerolipids/BD8irb-D-X-SQD1/report.txt	0	1	1	0	0	0	0
/Volumes/GigiMurin/plip/Gylcerolipids/BD8irb-E-X-SQD1/report.txt	0	1	0	0	0	0	0
/Volumes/GigiMurin/plip/Gylcerolipids/BD8irb-f-f-SQD1/report.txt	0	2	0	0	0	0	0
/Volumes/GigiMurin/plip/Gylcerolipids/BD8irb-K-A-SQD1/report.txt	1	0	0	0	0	0	0
/Volumes/GigiMurin/plip/Gylcerolipids/BD8irb-L-b-SQD1/report.txt	0	0	1	0	0	0	0
/Volumes/GigiMurin/plip/Gylcerolipids/BD8irb-t-B-SQD1/report.txt	2	0	0	0	0	0	0
/Volumes/GigiMurin/plip/Gylcerolipids/BD8irb-X-X-SQD1/report.txt	2	0	0	0	0	0	0
/Volumes/GigiMurin/plip/Gylcerolipids/BD8irc-a-a-SQD1/report.txt	5	2	0	0	0	0	0
/Volumes/GigiMurin/plip/Gylcerolipids/BD8irc-a-a-SQD2/report.txt	3	3	0	0	0	0	0
/Volumes/GigiMurin/plip/Gylcerolipids/BD8irc-b-A-SQD2/report.txt	1	3	0	0	0	0	0
/Volumes/GigiMurin/plip/Gylcerolipids/BD8irc-b-b-SQD1/report.txt	1	1	1	0	0	0	0
/Volumes/GigiMurin/plip/Gylcerolipids/BD8irc-c-a-SQD1/report.txt	1	3	0	0	0	0	0
/Volumes/GigiMurin/plip/Gylcerolipids/BD8irc-d-a-SQD1/report.txt	0	2	1	0	0	0	0
/Volumes/GigiMurin/plip/Gylcerolipids/BD8irc-d-f-SQD1/report.txt	0	1	1	0	0	0	0
/Volumes/GigiMurin/plip/Gylcerolipids/BD8irc-E-F-SQD1/report.txt	0	1	0	0	0	0	0
/Volumes/GigiMurin/plip/Gylcerolipids/BD8irc-f-f-SQD1/report.txt	0	1	0	0	0	0	0
/Volumes/GigiMurin/plip/Gylcerolipids/BD8irc-K-A-SQD1/report.txt	1	0	0	0	0	0	0
/Volumes/GigiMurin/plip/Gylcerolipids/BD8irc-l-b-SQD1/report.txt	0	0	1	0	0	0	0
/Volumes/GigiMurin/plip/Gylcerolipids/BD8irc-t-B-SQD1/report.txt	2	0	0	0	0	0	0
/Volumes/GigiMurin/plip/Gylcerolipids/BD8ird-a-a-SQD1/report.txt	4	2	0	0	0	0	0
/Volumes/GigiMurin/plip/Gylcerolipids/BD8ird-a-a-SQD2/report.txt	4	3	0	0	0	0	0
/Volumes/GigiMurin/plip/Gylcerolipids/BD8ird-b-A-SQD2/report.txt	1	3	0	0	0	0	0
/Volumes/GigiMurin/plip/Gylcerolipids/BD8ird-b-b-SQD1/report.txt	1	0	1	0	0	0	0
/Volumes/GigiMurin/plip/Gylcerolipids/BD8ird-B-l-SQD1/report.txt	1	1	1	0	0	0	0
/Volumes/GigiMurin/plip/Gylcerolipids/BD8ird-c-a-SQD1/report.txt	0	0	0	0	0	0	0
/Volumes/GigiMurin/plip/Gylcerolipids/BD8ird-d-a-SQD1/report.txt	0	0	0	0	0	0	0
/Volumes/GigiMurin/plip/Gylcerolipids/BD8ird-d-f-SQD1/report.txt	0	0	1	0	0	0	0
/Volumes/GigiMurin/plip/Gylcerolipids/BD8ird-D-X-SQD1/report.txt	0	1	2	0	0	0	0
/Volumes/GigiMurin/plip/Gylcerolipids/BD8ird-f-f-SQD1/report.txt	0	2	0	0	0	0	0
/Volumes/GigiMurin/plip/Gylcerolipids/BD8ird-k-a-SQD1/report.txt	1	0	0	0	0	0	0
/Volumes/GigiMurin/plip/Gylcerolipids/BD8ird-l-b-SQD1/report.txt	1	2	1	0	0	0	0
/Volumes/GigiMurin/plip/Gylcerolipids/BD8ird-l-l-SQD1/report.txt	0	0	1	0	0	0	0
/Volumes/GigiMurin/plip/Gylcerolipids/BD8ird-T-b-SQD1/report.txt	2	0	0	0	0	0	0
/Volumes/GigiMurin/plip/Gylcerolipids/BD8ird-t-l-SQD1/report.txt	1	0	0	0	0	0	0
/Volumes/GigiMurin/plip/Gylcerolipids/BD8ird-X-X-SQD1/report.txt	1	0	0	0	0	0	0
/Volumes/GigiMurin/plip/Gylcerolipids/BD8ire-a-a-SQD1/report.txt	3	1	0	0	0	0	0
/Volumes/GigiMurin/plip/Gylcerolipids/BD8ire-a-a-SQD2/report.txt	4	3	0	0	0	0	0
/Volumes/GigiMurin/plip/Gylcerolipids/BD8ire-b-A-SQD2/report.txt	1	3	0	0	0	0	0
/Volumes/GigiMurin/plip/Gylcerolipids/BD8ire-b-b-SQD1/report.txt	2	1	1	0	0	0	0
/Volumes/GigiMurin/plip/Gylcerolipids/BD8ire-c-a-SQD1/report.txt	0	1	0	0	0	0	0
/Volumes/GigiMurin/plip/Gylcerolipids/BD8ire-d-a-SQD1/report.txt	0	0	0	0	0	0	0
/Volumes/GigiMurin/plip/Gylcerolipids/BD8ire-d-f-SQD1/report.txt	0	1	1	0	0	0	0
/Volumes/GigiMurin/plip/Gylcerolipids/BD8ire-f-f-SQD1/report.txt	1	1	0	0	0	0	0
/Volumes/GigiMurin/plip/Gylcerolipids/BD8ire-K-A-SQD1/report.txt	1	0	0	0	0	0	0
/Volumes/GigiMurin/plip/Gylcerolipids/BD8ire-l-b-SQD1/report.txt	0	0	1	0	0	0	0
/Volumes/GigiMurin/plip/Gylcerolipids/BD8ire-t-B-SQD1/report.txt	2	0	0	0	0	0	0
/Volumes/GigiMurin/plip/Gylcerolipids/BD8irf-a-a-SQD1/report.txt	3	1	0	0	0	0	0
/Volumes/GigiMurin/plip/Gylcerolipids/BD8irf-a-a-SQD2/report.txt	3	3	0	0	0	0	0
/Volumes/GigiMurin/plip/Gylcerolipids/BD8irf-b-A-SQD2/report.txt	1	3	0	0	0	0	0
/Volumes/GigiMurin/plip/Gylcerolipids/BD8irf-b-b-SQD1/report.txt	1	1	1	0	0	0	0
/Volumes/GigiMurin/plip/Gylcerolipids/BD8irf-c-a-SQD1/report.txt	0	1	0	0	0	0	0
/Volumes/GigiMurin/plip/Gylcerolipids/BD8irf-d-a-SQD1/report.txt	0	0	0	0	0	0	0
/Volumes/GigiMurin/plip/Gylcerolipids/BD8irf-d-f-SQD1/report.txt	0	1	1	0	0	0	0
/Volumes/GigiMurin/plip/Gylcerolipids/BD8irf-f-f-SQD1/report.txt	0	1	0	0	0	0	0
/Volumes/GigiMurin/plip/Gylcerolipids/BD8irf-K-A-SQD1/report.txt	1	0	0	0	0	0	0
/Volumes/GigiMurin/plip/Gylcerolipids/BD8irf-L-b-SQD1/report.txt	0	0	1	0	0	0	0
/Volumes/GigiMurin/plip/Gylcerolipids/BD8irf-t-B-SQD1/report.txt	2	0	0	0	0	0	0
/Volumes/GigiMurin/plip/Gylcerolipids/BD8irg-a-a-SQD1/report.txt	5	3	0	0	0	0	0
/Volumes/GigiMurin/plip/Gylcerolipids/BD8irg-a-a-SQD2/report.txt	2	2	0	0	0	0	0
/Volumes/GigiMurin/plip/Gylcerolipids/BD8irg-A-C-SQD1/report.txt	3	2	0	0	0	0	0
/Volumes/GigiMurin/plip/Gylcerolipids/BD8irg-b-A-SQD1/report.txt	1	1	0	0	0	0	0
/Volumes/GigiMurin/plip/Gylcerolipids/BD8irg-B-a-SQD2/report.txt	1	3	0	0	0	0	0
/Volumes/GigiMurin/plip/Gylcerolipids/BD8irg-b-b-SQD1/report.txt	0	1	1	0	0	0	0
/Volumes/GigiMurin/plip/Gylcerolipids/BD8irg-c-a-SQD1/report.txt	0	0	0	0	0	0	0
/Volumes/GigiMurin/plip/Gylcerolipids/BD8irg-C-C-SQD1/report.txt	1	4	0	0	0	0	0
/Volumes/GigiMurin/plip/Gylcerolipids/BD8irg-d-a-SQD1/report.txt	0	0	0	0	0	0	0
/Volumes/GigiMurin/plip/Gylcerolipids/BD8irg-d-f-SQD1/report.txt	0	1	1	0	0	0	0
/Volumes/GigiMurin/plip/Gylcerolipids/BD8irg-f-f-SQD1/report.txt	2	1	0	0	0	0	0
/Volumes/GigiMurin/plip/Gylcerolipids/BD8irg-k-a-SQD1/report.txt	1	0	0	0	0	0	0
/Volumes/GigiMurin/plip/Gylcerolipids/BD8irg-K-C-SQD1/report.txt	1	0	0	0	0	0	0
/Volumes/GigiMurin/plip/Gylcerolipids/BD8irg-l-b-SQD1/report.txt	0	0	1	0	0	0	0
/Volumes/GigiMurin/plip/Gylcerolipids/BD8irg-t-B-SQD1/report.txt	2	0	0	0	0	0	0
/Volumes/GigiMurin/plip/Gylcerolipids/BD8irh-a-a-SQD1/report.txt	3	4	0	0	0	0	0
/Volumes/GigiMurin/plip/Gylcerolipids/BD8irh-a-a-SQD2/report.txt	4	3	0	0	0	0	0
/Volumes/GigiMurin/plip/Gylcerolipids/BD8irh-b-A-SQD2/report.txt	1	3	0	0	0	0	0
/Volumes/GigiMurin/plip/Gylcerolipids/BD8irh-B-B-SQD1/report.txt	3	1	1	0	0	0	0
/Volumes/GigiMurin/plip/Gylcerolipids/BD8irh-b-L-SQD1/report.txt	1	0	1	0	0	0	0
/Volumes/GigiMurin/plip/Gylcerolipids/BD8irh-c-a-SQD1/report.txt	0	0	0	0	0	0	0
/Volumes/GigiMurin/plip/Gylcerolipids/BD8irh-d-a-SQD1/report.txt	0	0	0	0	0	0	0
/Volumes/GigiMurin/plip/Gylcerolipids/BD8irh-d-f-SQD1/report.txt	0	0	1	0	0	0	0
/Volumes/GigiMurin/plip/Gylcerolipids/BD8irh-D-X-SQD1/report.txt	0	1	1	0	0	0	0
/Volumes/GigiMurin/plip/Gylcerolipids/BD8irh-f-f-SQD1/report.txt	0	2	0	0	0	0	0
/Volumes/GigiMurin/plip/Gylcerolipids/BD8irh-K-A-SQD1/report.txt	1	0	0	0	0	0	0
/Volumes/GigiMurin/plip/Gylcerolipids/BD8irh-L-B-SQD1/report.txt	0	0	1	0	0	0	0
/Volumes/GigiMurin/plip/Gylcerolipids/BD8irh-L-L-SQD1/report.txt	0	2	1	0	0	0	0
/Volumes/GigiMurin/plip/Gylcerolipids/BD8irh-T-L-SQD1/report.txt	2	0	0	0	0	0	0
/Volumes/GigiMurin/plip/Gylcerolipids/BD8irh-X-X-SQD1/report.txt	2	0	0	0	0	0	0
/Volumes/GigiMurin/plip/Gylcerolipids/BD8iri-a-a-SQD1/report.txt	4	3	0	0	0	0	0
/Volumes/GigiMurin/plip/Gylcerolipids/BD8iri-a-a-SQD2/report.txt	4	3	0	0	0	0	0
/Volumes/GigiMurin/plip/Gylcerolipids/BD8iri-b-A-SQD2/report.txt	1	3	0	0	0	0	0
/Volumes/GigiMurin/plip/Gylcerolipids/BD8iri-b-b-SQD1/report.txt	1	1	1	0	0	0	0
/Volumes/GigiMurin/plip/Gylcerolipids/BD8iri-c-a-SQD1/report.txt	0	1	0	0	0	0	0
/Volumes/GigiMurin/plip/Gylcerolipids/BD8iri-d-a-SQD1/report.txt	0	0	0	0	0	0	0
/Volumes/GigiMurin/plip/Gylcerolipids/BD8iri-d-f-SQD1/report.txt	0	0	1	0	0	0	0
/Volumes/GigiMurin/plip/Gylcerolipids/BD8iri-D-X-SQD1/report.txt	0	1	2	0	0	0	0
/Volumes/GigiMurin/plip/Gylcerolipids/BD8iri-f-f-SQD1/report.txt	0	2	0	0	0	0	0
/Volumes/GigiMurin/plip/Gylcerolipids/BD8iri-K-A-SQD1/report.txt	1	0	0	0	0	0	0
/Volumes/GigiMurin/plip/Gylcerolipids/BD8iri-L-b-SQD1/report.txt	0	0	1	0	0	0	0
/Volumes/GigiMurin/plip/Gylcerolipids/BD8iri-T-b-SQD1/report.txt	1	0	0	0	0	0	0
/Volumes/GigiMurin/plip/Gylcerolipids/BD8iri-X-X-SQD1/report.txt	1	0	0	0	0	0	0
/Volumes/GigiMurin/plip/Gylcerolipids/BD8iwh-0-0-SQD1/report.txt	0	0	2	0	0	0	0
/Volumes/GigiMurin/plip/Gylcerolipids/BD8iwh-7-7-SQD1/report.txt	0	1	2	0	0	0	0
/Volumes/GigiMurin/plip/Gylcerolipids/BD8iwh-a-a-SQD1/report.txt	0	1	0	0	0	0	0
/Volumes/GigiMurin/plip/Gylcerolipids/BD8iwh-A-D-SQD1/report.txt	3	0	0	0	0	0	0
/Volumes/GigiMurin/plip/Gylcerolipids/BD8iwh-a-i-SQD1/report.txt	0	1	0	0	0	0	0
/Volumes/GigiMurin/plip/Gylcerolipids/BD8iwh-a-t-SQD1/report.txt	0	2	0	0	0	0	0
/Volumes/GigiMurin/plip/Gylcerolipids/BD8iwh-b-A-SQD1/report.txt	0	1	0	0	0	0	0
/Volumes/GigiMurin/plip/Gylcerolipids/BD8iwh-B-B-SQD1/report.txt	1	0	0	0	0	0	0
/Volumes/GigiMurin/plip/Gylcerolipids/BD8iwh-b-L-SQD1/report.txt	0	0	1	0	0	0	0
/Volumes/GigiMurin/plip/Gylcerolipids/BD8iwh-b-T-SQD1/report.txt	1	3	0	0	0	0	0
/Volumes/GigiMurin/plip/Gylcerolipids/BD8iwh-b-T-SQD2/report.txt	2	0	0	0	0	0	0
/Volumes/GigiMurin/plip/Gylcerolipids/BD8iwh-c-a-SQD1/report.txt	2	0	0	0	0	0	0
/Volumes/GigiMurin/plip/Gylcerolipids/BD8iwh-C-D-SQD1/report.txt	1	1	0	0	0	0	0
/Volumes/GigiMurin/plip/Gylcerolipids/BD8iwh-d-a-SQD1/report.txt	0	1	1	0	0	0	0
/Volumes/GigiMurin/plip/Gylcerolipids/BD8iwh-D-D-SQD1/report.txt	0	2	1	0	0	0	0
/Volumes/GigiMurin/plip/Gylcerolipids/BD8iwh-i-i-SQD1/report.txt	2	0	0	0	0	0	0
/Volumes/GigiMurin/plip/Gylcerolipids/BD8iwh-k-a-SQD1/report.txt	1	0	0	0	0	0	0
/Volumes/GigiMurin/plip/Gylcerolipids/BD8iwh-K-D-SQD1/report.txt	1	0	0	0	0	0	0
/Volumes/GigiMurin/plip/Gylcerolipids/BD8iwh-l-l-SQD1/report.txt	1	0	0	0	0	0	0
/Volumes/GigiMurin/plip/Gylcerolipids/BD8iwh-t-B-SQD1/report.txt	1	0	0	0	0	0	0
/Volumes/GigiMurin/plip/Gylcerolipids/BD8iwh-t-l-SQD1/report.txt	1	0	0	0	0	0	0
/Volumes/GigiMurin/plip/Gylcerolipids/BD8iwh-t-t-SQD1/report.txt	6	0	0	0	0	0	0
/Volumes/GigiMurin/plip/Gylcerolipids/BD8iwh-T-T-SQD2/report.txt	2	0	0	0	0	0	0
/Volumes/GigiMurin/plip/Gylcerolipids/BD8j4c-A-A-OLC10/report.txt	2	0	0	0	0	0	0
/Volumes/GigiMurin/plip/Gylcerolipids/BD8j4c-A-A-OLC1/report.txt	7	1	0	0	0	0	0
/Volumes/GigiMurin/plip/Gylcerolipids/BD8j4c-A-A-OLC2/report.txt	3	0	1	0	0	0	0
/Volumes/GigiMurin/plip/Gylcerolipids/BD8j4c-A-A-OLC3/report.txt	4	0	0	0	0	0	0
/Volumes/GigiMurin/plip/Gylcerolipids/BD8j4c-A-A-OLC4/report.txt	2	0	0	0	0	0	0
/Volumes/GigiMurin/plip/Gylcerolipids/BD8j4c-A-A-OLC5/report.txt	3	0	1	0	0	0	0
/Volumes/GigiMurin/plip/Gylcerolipids/BD8j4c-A-A-OLC6/report.txt	6	0	0	0	0	0	0
/Volumes/GigiMurin/plip/Gylcerolipids/BD8j4c-A-A-OLC7/report.txt	2	0	0	0	0	0	0
/Volumes/GigiMurin/plip/Gylcerolipids/BD8j4c-A-A-OLC8/report.txt	4	0	0	0	0	0	0
/Volumes/GigiMurin/plip/Gylcerolipids/BD8j4c-A-A-OLC9/report.txt	0	1	0	0	0	0	0
/Volumes/GigiMurin/plip/Gylcerolipids/BD8j4c-B-B-OLC10/report.txt	6	0	0	0	0	0	0
/Volumes/GigiMurin/plip/Gylcerolipids/BD8j4c-B-B-OLC11/report.txt	4	0	1	0	0	0	0
/Volumes/GigiMurin/plip/Gylcerolipids/BD8j4c-B-B-OLC1/report.txt	7	1	0	0	0	0	0
/Volumes/GigiMurin/plip/Gylcerolipids/BD8j4c-B-B-OLC2/report.txt	5	1	1	0	0	0	0
/Volumes/GigiMurin/plip/Gylcerolipids/BD8j4c-B-B-OLC3/report.txt	3	0	0	0	0	0	0
/Volumes/GigiMurin/plip/Gylcerolipids/BD8j4c-B-B-OLC4/report.txt	0	0	0	0	0	0	0
/Volumes/GigiMurin/plip/Gylcerolipids/BD8j4c-B-B-OLC5/report.txt	1	1	0	0	0	0	0
/Volumes/GigiMurin/plip/Gylcerolipids/BD8j4c-B-B-OLC6/report.txt	5	0	0	0	0	0	0
/Volumes/GigiMurin/plip/Gylcerolipids/BD8j4c-B-B-OLC7/report.txt	3	0	0	0	0	0	0
/Volumes/GigiMurin/plip/Gylcerolipids/BD8j4c-B-B-OLC8/report.txt	5	0	0	0	0	0	0
/Volumes/GigiMurin/plip/Gylcerolipids/BD8j4c-B-B-OLC9/report.txt	3	0	0	0	0	0	0
/Volumes/GigiMurin/plip/Gylcerolipids/BD8j5k-0-0-SQD1/report.txt	1	0	2	0	0	0	0
/Volumes/GigiMurin/plip/Gylcerolipids/BD8j5k-5-5-SQD1/report.txt	1	0	2	0	0	0	0
/Volumes/GigiMurin/plip/Gylcerolipids/BD8j5k-6-5-SQD1/report.txt	0	2	0	0	0	0	0
/Volumes/GigiMurin/plip/Gylcerolipids/BD8j5k-a-a-SQD1/report.txt	2	0	0	0	0	0	0
/Volumes/GigiMurin/plip/Gylcerolipids/BD8j5k-A-A-SQD2/report.txt	4	1	0	0	0	0	0
/Volumes/GigiMurin/plip/Gylcerolipids/BD8j5k-a-B-SQD1/report.txt	0	1	0	0	0	0	0
/Volumes/GigiMurin/plip/Gylcerolipids/BD8j5k-a-B-SQD2/report.txt	0	1	0	0	0	0	0
/Volumes/GigiMurin/plip/Gylcerolipids/BD8j5k-b-A-SQD2/report.txt	0	1	0	0	0	0	0
/Volumes/GigiMurin/plip/Gylcerolipids/BD8j5k-b-b-SQD1/report.txt	0	1	0	0	0	0	0
/Volumes/GigiMurin/plip/Gylcerolipids/BD8j5k-B-B-SQD2/report.txt	0	1	0	0	0	0	0
/Volumes/GigiMurin/plip/Gylcerolipids/BD8j5k-d-a-SQD1/report.txt	0	2	0	0	0	0	0
/Volumes/GigiMurin/plip/Gylcerolipids/BD8j7z-A-A-SQD1/report.txt	0	3	0	0	0	0	0
/Volumes/GigiMurin/plip/Gylcerolipids/BD8j7z-B-B-SQD1/report.txt	1	3	0	0	0	0	0
/Volumes/GigiMurin/plip/Gylcerolipids/BD8j7z-C-C-SQD1/report.txt	0	3	0	0	0	0	0
/Volumes/GigiMurin/plip/Gylcerolipids/BD8jem-A-A-DGA1/report.txt	9	0	0	0	0	0	0
/Volumes/GigiMurin/plip/Gylcerolipids/BD8jem-B-A-DGA1/report.txt	1	0	0	0	0	0	0
/Volumes/GigiMurin/plip/Gylcerolipids/BD8jem-C-C-DGA1/report.txt	7	0	0	0	0	0	0
/Volumes/GigiMurin/plip/Gylcerolipids/BD8jem-D-C-DGA1/report.txt	2	0	0	0	0	0	0
/Volumes/GigiMurin/plip/Gylcerolipids/BD8jes-A-A-DGA1/report.txt	8	0	0	0	0	0	0
/Volumes/GigiMurin/plip/Gylcerolipids/BD8jes-B-A-DGA1/report.txt	1	0	0	0	0	0	0
/Volumes/GigiMurin/plip/Gylcerolipids/BD8jes-C-D-DGA1/report.txt	10	0	0	0	0	0	0
/Volumes/GigiMurin/plip/Gylcerolipids/BD8jes-D-D-DGA1/report.txt	2	0	0	0	0	0	0
/Volumes/GigiMurin/plip/Gylcerolipids/BD8jf2-A-B-DGA1/report.txt	4	0	0	0	0	0	0
/Volumes/GigiMurin/plip/Gylcerolipids/BD8jf2-B-B-DGA1/report.txt	2	0	0	0	0	0	0
/Volumes/GigiMurin/plip/Gylcerolipids/BD8jf2-C-C-DGA1/report.txt	9	0	0	0	0	0	0
/Volumes/GigiMurin/plip/Gylcerolipids/BD8jf2-D-C-DGA1/report.txt	2	0	0	0	0	0	0
/Volumes/GigiMurin/plip/Gylcerolipids/BD8jjr-A-A-SQD1/report.txt	0	0	0	0	0	0	0
/Volumes/GigiMurin/plip/Gylcerolipids/BD8jjr-b-H-SQD1/report.txt	1	4	0	0	0	0	0
/Volumes/GigiMurin/plip/Gylcerolipids/BD8jjr-E-y-SQD1/report.txt	1	0	0	0	0	0	0
/Volumes/GigiMurin/plip/Gylcerolipids/BD8jjr-H-H-SQD1/report.txt	5	2	0	0	0	0	0
/Volumes/GigiMurin/plip/Gylcerolipids/BD8jjr-y-y-SQD1/report.txt	0	2	0	0	0	0	0
/Volumes/GigiMurin/plip/Gylcerolipids/BD8jt8-A-A-OLC1/report.txt	1	0	0	0	0	0	0
/Volumes/GigiMurin/plip/Gylcerolipids/BD8jt8-A-A-OLC2/report.txt	3	1	0	0	0	0	0
/Volumes/GigiMurin/plip/Gylcerolipids/BD8jt8-A-A-OLC3/report.txt	1	1	0	0	0	0	0
/Volumes/GigiMurin/plip/Gylcerolipids/BD8jt8-A-A-OLC4/report.txt	0	1	0	0	0	0	0
/Volumes/GigiMurin/plip/Gylcerolipids/BD8jt8-A-A-OLC5/report.txt	2	2	0	0	0	0	0
/Volumes/GigiMurin/plip/Gylcerolipids/BD8jt8-A-A-OLC6/report.txt	5	1	0	0	0	0	0
/Volumes/GigiMurin/plip/Gylcerolipids/BD8jt8-A-A-OLC7/report.txt	2	2	0	0	0	0	0
/Volumes/GigiMurin/plip/Gylcerolipids/BD8jw0-B-B-SQD1/report.txt	0	1	0	0	0	0	0
/Volumes/GigiMurin/plip/Gylcerolipids/BD8jw0-F-J-SQD1/report.txt	1	0	0	0	0	0	0
/Volumes/GigiMurin/plip/Gylcerolipids/BD8jw0-J-J-SQD1/report.txt	3	1	0	0	0	0	0
/Volumes/GigiMurin/plip/Gylcerolipids/BD8jw0-m-B-SQD1/report.txt	1	1	0	0	0	0	0
/Volumes/GigiMurin/plip/Gylcerolipids/BD8jwy-A-A-OLC1/report.txt	5	0	0	0	0	0	0
/Volumes/GigiMurin/plip/Gylcerolipids/BD8jwz-A-A-OLC1/report.txt	6	1	0	0	0	0	0
/Volumes/GigiMurin/plip/Gylcerolipids/BD8jwz-A-A-OLC2/report.txt	11	1	0	0	0	0	0
/Volumes/GigiMurin/plip/Gylcerolipids/BD8jze-A-A-SQD1/report.txt	3	5	0	0	0	0	0
/Volumes/GigiMurin/plip/Gylcerolipids/BD8jze-b-A-SQD1/report.txt	2	0	0	0	0	0	0
/Volumes/GigiMurin/plip/Gylcerolipids/BD8jzf-A-A-SQD1/report.txt	3	5	0	0	0	0	0
/Volumes/GigiMurin/plip/Gylcerolipids/BD8jzf-b-A-SQD1/report.txt	2	0	0	0	0	0	0
/Volumes/GigiMurin/plip/Gylcerolipids/BD8k1r-A-A-OLC10/report.txt	2	0	0	0	0	0	0
/Volumes/GigiMurin/plip/Gylcerolipids/BD8k1r-A-A-OLC11/report.txt	2	0	0	0	0	0	0
/Volumes/GigiMurin/plip/Gylcerolipids/BD8k1r-A-A-OLC12/report.txt	4	2	0	0	0	0	0
/Volumes/GigiMurin/plip/Gylcerolipids/BD8k1r-A-A-OLC13/report.txt	6	0	0	0	0	0	0
/Volumes/GigiMurin/plip/Gylcerolipids/BD8k1r-A-A-OLC14/report.txt	0	0	0	0	0	0	0
/Volumes/GigiMurin/plip/Gylcerolipids/BD8k1r-A-A-OLC1/report.txt	6	0	1	0	0	0	0
/Volumes/GigiMurin/plip/Gylcerolipids/BD8k1r-A-A-OLC2/report.txt	2	0	1	0	0	0	0
/Volumes/GigiMurin/plip/Gylcerolipids/BD8k1r-A-A-OLC3/report.txt	3	1	0	0	0	0	0
/Volumes/GigiMurin/plip/Gylcerolipids/BD8k1r-A-A-OLC4/report.txt	3	0	0	0	0	0	0
/Volumes/GigiMurin/plip/Gylcerolipids/BD8k1r-A-A-OLC5/report.txt	3	0	0	0	0	0	0
/Volumes/GigiMurin/plip/Gylcerolipids/BD8k1r-A-A-OLC6/report.txt	1	0	0	0	0	0	0
/Volumes/GigiMurin/plip/Gylcerolipids/BD8k1r-A-A-OLC7/report.txt	6	1	0	0	0	0	0
/Volumes/GigiMurin/plip/Gylcerolipids/BD8k1r-A-A-OLC8/report.txt	2	0	0	0	0	0	0
/Volumes/GigiMurin/plip/Gylcerolipids/BD8k1r-A-A-OLC9/report.txt	7	0	0	0	0	0	0
/Volumes/GigiMurin/plip/Gylcerolipids/BD8k1r-B-B-OLC10/report.txt	0	0	0	0	0	0	0
/Volumes/GigiMurin/plip/Gylcerolipids/BD8k1r-B-B-OLC11/report.txt	2	0	0	0	0	0	0
/Volumes/GigiMurin/plip/Gylcerolipids/BD8k1r-B-B-OLC12/report.txt	4	0	0	0	0	0	0
/Volumes/GigiMurin/plip/Gylcerolipids/BD8k1r-B-B-OLC1/report.txt	8	0	1	0	0	0	0
/Volumes/GigiMurin/plip/Gylcerolipids/BD8k1r-B-B-OLC2/report.txt	3	0	1	0	0	0	0
/Volumes/GigiMurin/plip/Gylcerolipids/BD8k1r-B-B-OLC3/report.txt	2	0	0	0	0	0	0
/Volumes/GigiMurin/plip/Gylcerolipids/BD8k1r-B-B-OLC4/report.txt	3	0	0	0	0	0	0
/Volumes/GigiMurin/plip/Gylcerolipids/BD8k1r-B-B-OLC5/report.txt	2	0	1	0	0	0	0
/Volumes/GigiMurin/plip/Gylcerolipids/BD8k1r-B-B-OLC6/report.txt	5	0	0	0	0	0	0
/Volumes/GigiMurin/plip/Gylcerolipids/BD8k1r-B-B-OLC7/report.txt	8	0	0	0	0	0	0
/Volumes/GigiMurin/plip/Gylcerolipids/BD8k1r-B-B-OLC8/report.txt	4	0	0	0	0	0	0
/Volumes/GigiMurin/plip/Gylcerolipids/BD8k1r-B-B-OLC9/report.txt	4	1	0	0	0	0	0
/Volumes/GigiMurin/plip/Gylcerolipids/BD8k65-A-A-OLC10/report.txt	2	0	0	0	0	0	0
/Volumes/GigiMurin/plip/Gylcerolipids/BD8k65-A-A-OLC1/report.txt	3	0	0	0	0	0	0
/Volumes/GigiMurin/plip/Gylcerolipids/BD8k65-A-A-OLC2/report.txt	1	2	0	0	0	0	0
/Volumes/GigiMurin/plip/Gylcerolipids/BD8k65-A-A-OLC3/report.txt	1	1	0	0	0	0	0
/Volumes/GigiMurin/plip/Gylcerolipids/BD8k65-A-A-OLC4/report.txt	2	0	0	0	0	0	0
/Volumes/GigiMurin/plip/Gylcerolipids/BD8k65-A-A-OLC5/report.txt	1	0	0	0	0	0	0
/Volumes/GigiMurin/plip/Gylcerolipids/BD8k65-A-A-OLC6/report.txt	0	0	0	0	0	0	0
/Volumes/GigiMurin/plip/Gylcerolipids/BD8k65-A-A-OLC7/report.txt	1	0	0	0	0	0	0
/Volumes/GigiMurin/plip/Gylcerolipids/BD8k65-A-A-OLC8/report.txt	4	0	0	0	0	0	0
/Volumes/GigiMurin/plip/Gylcerolipids/BD8k65-A-A-OLC9/report.txt	2	0	0	0	0	0	0
/Volumes/GigiMurin/plip/Gylcerolipids/BD8k65-B-B-OLC1/report.txt	0	0	0	0	0	0	0
/Volumes/GigiMurin/plip/Gylcerolipids/BD8k65-B-B-OLC2/report.txt	2	0	0	0	0	0	0
/Volumes/GigiMurin/plip/Gylcerolipids/BD8k65-B-B-OLC3/report.txt	5	0	0	0	0	0	0
/Volumes/GigiMurin/plip/Gylcerolipids/BD8k65-C-C-OLC1/report.txt	1	0	0	0	0	0	0
/Volumes/GigiMurin/plip/Gylcerolipids/BD8k65-C-C-OLC2/report.txt	0	2	1	0	0	0	0
/Volumes/GigiMurin/plip/Gylcerolipids/BD8k6y-A-A-OLC10/report.txt	1	0	0	0	0	0	0
/Volumes/GigiMurin/plip/Gylcerolipids/BD8k6y-A-A-OLC11/report.txt	4	0	0	0	0	0	0
/Volumes/GigiMurin/plip/Gylcerolipids/BD8k6y-A-A-OLC12/report.txt	2	0	0	0	0	0	0
/Volumes/GigiMurin/plip/Gylcerolipids/BD8k6y-A-A-OLC1/report.txt	3	0	0	0	0	0	0
/Volumes/GigiMurin/plip/Gylcerolipids/BD8k6y-A-A-OLC2/report.txt	1	0	0	0	0	0	0
/Volumes/GigiMurin/plip/Gylcerolipids/BD8k6y-A-A-OLC3/report.txt	3	1	0	0	0	0	0
/Volumes/GigiMurin/plip/Gylcerolipids/BD8k6y-A-A-OLC4/report.txt	2	1	0	0	0	0	0
/Volumes/GigiMurin/plip/Gylcerolipids/BD8k6y-A-A-OLC5/report.txt	1	0	0	0	0	0	0
/Volumes/GigiMurin/plip/Gylcerolipids/BD8k6y-A-A-OLC6/report.txt	0	0	0	0	0	0	0
/Volumes/GigiMurin/plip/Gylcerolipids/BD8k6y-A-A-OLC7/report.txt	2	0	0	0	0	0	0
/Volumes/GigiMurin/plip/Gylcerolipids/BD8k6y-A-A-OLC8/report.txt	3	0	0	0	0	0	0
/Volumes/GigiMurin/plip/Gylcerolipids/BD8k6y-A-A-OLC9/report.txt	4	0	0	0	0	0	0
/Volumes/GigiMurin/plip/Gylcerolipids/BD8k6y-B-B-OLC1/report.txt	3	0	0	0	0	0	0
/Volumes/GigiMurin/plip/Gylcerolipids/BD8k6y-B-B-OLC2/report.txt	2	1	0	0	0	0	0
/Volumes/GigiMurin/plip/Gylcerolipids/BD8k6y-C-C-OLC1/report.txt	1	0	0	0	0	0	0
/Volumes/GigiMurin/plip/Gylcerolipids/BD8kde-A-C-SQD1/report.txt	7	2	0	0	0	0	0
/Volumes/GigiMurin/plip/Gylcerolipids/BD8kde-C-C-SQD1/report.txt	1	1	0	0	0	0	0
/Volumes/GigiMurin/plip/Gylcerolipids/BD8kde-D-C-SQD1/report.txt	0	1	1	0	0	0	0
/Volumes/GigiMurin/plip/Gylcerolipids/BD8kde-K-C-SQD1/report.txt	3	0	0	0	0	0	0
/Volumes/GigiMurin/plip/Gylcerolipids/BD8oyg-A-A-OLC1/report.txt	1	0	0	0	0	0	0
/Volumes/GigiMurin/plip/Gylcerolipids/BD8p3q-A-A-OLC1/report.txt	4	0	0	0	0	0	0
/Volumes/GigiMurin/plip/Gylcerolipids/BD8p3q-A-B-OLC1/report.txt	2	0	0	0	0	0	0
/Volumes/GigiMurin/plip/Gylcerolipids/BD8p3q-B-B-OLC1/report.txt	3	0	0	0	0	0	0
/Volumes/GigiMurin/plip/Gylcerolipids/BD8p3q-B-C-OLC1/report.txt	2	0	0	0	0	0	0
/Volumes/GigiMurin/plip/Gylcerolipids/BD8p3q-C-C-OLC1/report.txt	4	0	0	0	0	0	0
/Volumes/GigiMurin/plip/Gylcerolipids/BD8p3q-C-D-OLC1/report.txt	2	0	0	0	0	0	0
/Volumes/GigiMurin/plip/Gylcerolipids/BD8p3q-D-A-OLC1/report.txt	2	0	0	0	0	0	0
/Volumes/GigiMurin/plip/Gylcerolipids/BD8p3q-D-D-OLC1/report.txt	6	0	0	0	0	0	0
/Volumes/GigiMurin/plip/Gylcerolipids/BD8p3s-A-A-OLC1/report.txt	4	0	0	0	0	0	0
/Volumes/GigiMurin/plip/Gylcerolipids/BD8p3s-A-B-OLC1/report.txt	2	0	0	0	0	0	0
/Volumes/GigiMurin/plip/Gylcerolipids/BD8p3s-B-B-OLC1/report.txt	3	0	0	0	0	0	0
/Volumes/GigiMurin/plip/Gylcerolipids/BD8p3s-B-C-OLC1/report.txt	2	0	0	0	0	0	0
/Volumes/GigiMurin/plip/Gylcerolipids/BD8p3s-C-C-OLC1/report.txt	4	0	0	0	0	0	0
/Volumes/GigiMurin/plip/Gylcerolipids/BD8p3s-C-D-OLC1/report.txt	1	0	0	0	0	0	0
/Volumes/GigiMurin/plip/Gylcerolipids/BD8p3s-D-A-OLC1/report.txt	1	0	0	0	0	0	0
/Volumes/GigiMurin/plip/Gylcerolipids/BD8p3s-D-D-OLC1/report.txt	5	0	0	0	0	0	0
/Volumes/GigiMurin/plip/Gylcerolipids/BD8p3w-A-A-OLC1/report.txt	1	0	0	0	0	0	0
/Volumes/GigiMurin/plip/Gylcerolipids/BD8p3w-A-B-OLC1/report.txt	1	0	0	0	0	0	0
/Volumes/GigiMurin/plip/Gylcerolipids/BD8p3w-B-B-OLC1/report.txt	6	0	0	0	0	0	0
/Volumes/GigiMurin/plip/Gylcerolipids/BD8p3w-B-C-OLC1/report.txt	1	0	0	0	0	0	0
/Volumes/GigiMurin/plip/Gylcerolipids/BD8p3w-C-C-OLC1/report.txt	1	0	0	0	0	0	0
/Volumes/GigiMurin/plip/Gylcerolipids/BD8p3w-C-D-OLC1/report.txt	2	0	0	0	0	0	0
/Volumes/GigiMurin/plip/Gylcerolipids/BD8p3w-D-A-OLC1/report.txt	1	0	0	0	0	0	0
/Volumes/GigiMurin/plip/Gylcerolipids/BD8p3w-D-D-OLC1/report.txt	6	0	0	0	0	0	0
/Volumes/GigiMurin/plip/Gylcerolipids/BD8piv-A-A-OLC1/report.txt	4	0	0	0	0	0	0
/Volumes/GigiMurin/plip/Gylcerolipids/BD8piv-A-B-OLC1/report.txt	2	0	0	0	0	0	0
/Volumes/GigiMurin/plip/Gylcerolipids/BD8piv-B-B-OLC1/report.txt	3	0	0	0	0	0	0
/Volumes/GigiMurin/plip/Gylcerolipids/BD8piv-B-C-OLC1/report.txt	2	0	0	0	0	0	0
/Volumes/GigiMurin/plip/Gylcerolipids/BD8piv-C-C-OLC1/report.txt	4	0	0	0	0	0	0
/Volumes/GigiMurin/plip/Gylcerolipids/BD8piv-C-D-OLC1/report.txt	1	0	0	0	0	0	0
/Volumes/GigiMurin/plip/Gylcerolipids/BD8piv-D-A-OLC1/report.txt	1	0	0	0	0	0	0
/Volumes/GigiMurin/plip/Gylcerolipids/BD8piv-D-D-OLC1/report.txt	3	0	0	0	0	0	0
/Volumes/GigiMurin/plip/Gylcerolipids/BD8pw5-l-l-TGL1/report.txt	4	0	0	0	0	0	0
/Volumes/GigiMurin/plip/Gylcerolipids/BD8pw5-y-y-TGL1/report.txt	5	0	0	0	0	0	0
/Volumes/GigiMurin/plip/Gylcerolipids/BD8pw6-y-y-TGL1/report.txt	4	0	0	0	0	0	0
/Volumes/GigiMurin/plip/Gylcerolipids/BD8pw7-y-y-TGL1/report.txt	7	0	0	0	0	0	0
/Volumes/GigiMurin/plip/Gylcerolipids/BD8q2p-A-A-OLC1/report.txt	4	0	0	0	0	0	0
/Volumes/GigiMurin/plip/Gylcerolipids/BD8q2p-A-A-OLC2/report.txt	2	0	0	0	0	0	0
/Volumes/GigiMurin/plip/Gylcerolipids/BD8q2p-A-A-OLC3/report.txt	3	1	0	0	0	0	0
/Volumes/GigiMurin/plip/Gylcerolipids/BD8q2p-A-A-OLC4/report.txt	3	4	0	0	0	0	0
/Volumes/GigiMurin/plip/Gylcerolipids/BD8rln-A-A-OLC1/report.txt	3	1	0	0	0	0	0
/Volumes/GigiMurin/plip/Gylcerolipids/BD8rln-A-A-OLC2/report.txt	0	0	0	0	0	0	0
/Volumes/GigiMurin/plip/Gylcerolipids/BD8rln-A-A-OLC3/report.txt	4	0	0	0	0	0	0
/Volumes/GigiMurin/plip/Gylcerolipids/BD8tow-a-a-SQD1/report.txt	5	0	0	0	0	0	0
/Volumes/GigiMurin/plip/Gylcerolipids/BD8tow-a-a-SQD2/report.txt	1	0	0	0	0	0	0
/Volumes/GigiMurin/plip/Gylcerolipids/BD8tow-a-c-SQD1/report.txt	6	2	0	0	0	0	0
/Volumes/GigiMurin/plip/Gylcerolipids/BD8tow-b-b-SQD1/report.txt	2	0	1	0	0	0	0
/Volumes/GigiMurin/plip/Gylcerolipids/BD8tow-b-h-SQD1/report.txt	0	1	0	0	0	0	0
/Volumes/GigiMurin/plip/Gylcerolipids/BD8tow-c-c-SQD1/report.txt	1	0	0	0	0	0	0
/Volumes/GigiMurin/plip/Gylcerolipids/BD8tow-d-c-SQD1/report.txt	0	2	1	0	0	0	0
/Volumes/GigiMurin/plip/Gylcerolipids/BD8tow-d-f-SQD1/report.txt	0	1	2	0	0	0	0
/Volumes/GigiMurin/plip/Gylcerolipids/BD8tow-d-h-SQD1/report.txt	5	1	0	0	0	0	0
/Volumes/GigiMurin/plip/Gylcerolipids/BD8tow-d-k-SQD1/report.txt	0	2	1	0	0	0	0
/Volumes/GigiMurin/plip/Gylcerolipids/BD8tow-f-f-SQD1/report.txt	0	1	0	0	0	0	0
/Volumes/GigiMurin/plip/Gylcerolipids/BD8tow-h-h-SQD1/report.txt	5	1	0	0	0	0	0
/Volumes/GigiMurin/plip/Gylcerolipids/BD8tow-k-c-SQD1/report.txt	4	0	0	0	0	0	0
/Volumes/GigiMurin/plip/Gylcerolipids/BD8tow-k-k-SQD1/report.txt	3	1	0	0	0	0	0
/Volumes/GigiMurin/plip/Gylcerolipids/BD8tqm-A-A-TGL1/report.txt	19	0	0	0	0	0	0
/Volumes/GigiMurin/plip/Gylcerolipids/BD8tzi-A-A-OLC1/report.txt	0	0	1	0	0	0	0
/Volumes/GigiMurin/plip/Gylcerolipids/BD8tzi-A-A-OLC2/report.txt	4	1	1	0	0	0	0
/Volumes/GigiMurin/plip/Gylcerolipids/BD8tzi-A-A-OLC3/report.txt	2	0	0	0	0	0	0
/Volumes/GigiMurin/plip/Gylcerolipids/BD8tzi-A-A-OLC4/report.txt	2	0	0	0	0	0	0
/Volumes/GigiMurin/plip/Gylcerolipids/BD8tzi-A-A-OLC5/report.txt	0	1	0	0	0	0	0
/Volumes/GigiMurin/plip/Gylcerolipids/BD8tzi-A-A-OLC6/report.txt	3	1	0	0	0	0	0
/Volumes/GigiMurin/plip/Gylcerolipids/BD8w4o-5-5-SQD1/report.txt	1	0	2	0	0	0	0
/Volumes/GigiMurin/plip/Gylcerolipids/BD8w4o-6-5-SQD1/report.txt	0	2	0	0	0	0	0
/Volumes/GigiMurin/plip/Gylcerolipids/BD8wb4-0-p-SQD1/report.txt	0	2	0	0	0	0	0
/Volumes/GigiMurin/plip/Gylcerolipids/BD8wb4-3-5-SQD1/report.txt	1	0	0	0	0	0	0
/Volumes/GigiMurin/plip/Gylcerolipids/BD8wb4-4-5-SQD1/report.txt	0	2	0	0	0	0	0
/Volumes/GigiMurin/plip/Gylcerolipids/BD8wb4-5-5-SQD1/report.txt	6	3	1	0	0	0	0
/Volumes/GigiMurin/plip/Gylcerolipids/BD8wb4-9-p-SQD1/report.txt	1	0	0	0	0	0	0
/Volumes/GigiMurin/plip/Gylcerolipids/BD8wb4-a-a-SQD1/report.txt	7	1	0	0	0	0	0
/Volumes/GigiMurin/plip/Gylcerolipids/BD8wb4-a-B-SQD1/report.txt	0	2	0	0	0	0	0
/Volumes/GigiMurin/plip/Gylcerolipids/BD8wb4-b-b-SQD1/report.txt	0	1	0	0	0	0	0
/Volumes/GigiMurin/plip/Gylcerolipids/BD8wb4-b-b-SQD2/report.txt	1	1	1	0	0	0	0
/Volumes/GigiMurin/plip/Gylcerolipids/BD8wb4-c-a-SQD1/report.txt	1	0	0	0	0	0	0
/Volumes/GigiMurin/plip/Gylcerolipids/BD8wb4-d-a-SQD1/report.txt	0	0	1	0	0	0	0
/Volumes/GigiMurin/plip/Gylcerolipids/BD8wb4-k-a-SQD1/report.txt	3	0	0	0	0	0	0
/Volumes/GigiMurin/plip/Gylcerolipids/BD8wb4-M-b-SQD2/report.txt	1	0	0	0	0	0	0
/Volumes/GigiMurin/plip/Gylcerolipids/BD8wb4-p-p-SQD1/report.txt	6	2	1	0	0	0	0
/Volumes/GigiMurin/plip/Gylcerolipids/BD8wb4-S-5-SQD1/report.txt	2	2	0	0	0	0	0
/Volumes/GigiMurin/plip/Gylcerolipids/BD8wb4-s-p-SQD1/report.txt	2	3	0	0	0	0	0
/Volumes/GigiMurin/plip/Gylcerolipids/BD8wbd-b-b-TGL1/report.txt	0	0	0	0	0	0	0
/Volumes/GigiMurin/plip/Gylcerolipids/BD8wdu-C-C-Z411/report.txt	0	0	0	0	0	0	0
/Volumes/GigiMurin/plip/Gylcerolipids/BD8wdu-L-C-Z411/report.txt	9	0	0	0	0	0	0
/Volumes/GigiMurin/plip/Gylcerolipids/BD8wdv-C-C-Z411/report.txt	0	0	0	0	0	0	0
/Volumes/GigiMurin/plip/Gylcerolipids/BD8wdv-L-C-Z411/report.txt	8	0	0	0	0	0	0
/Volumes/GigiMurin/plip/Gylcerolipids/BD8wql-A1-A1-SQD1/report.txt	4	2	0	0	0	0	0
/Volumes/GigiMurin/plip/Gylcerolipids/BD8wql-AD-AD-SQD1/report.txt	4	2	0	0	0	0	0
/Volumes/GigiMurin/plip/Gylcerolipids/BD8wql-AE-AE-SQD1/report.txt	4	2	0	0	0	0	0
/Volumes/GigiMurin/plip/Gylcerolipids/BD8wql-B1-B1-SQD1/report.txt	0	0	0	0	0	0	0
/Volumes/GigiMurin/plip/Gylcerolipids/BD8wql-BD-BD-SQD1/report.txt	0	0	0	0	0	0	0
/Volumes/GigiMurin/plip/Gylcerolipids/BD8wql-BE-BE-SQD1/report.txt	0	0	0	0	0	0	0
/Volumes/GigiMurin/plip/Gylcerolipids/BD8wql-c1-c1-SQD1/report.txt	1	0	0	0	0	0	0
/Volumes/GigiMurin/plip/Gylcerolipids/BD8wql-cD-cD-SQD1/report.txt	1	0	0	0	0	0	0
/Volumes/GigiMurin/plip/Gylcerolipids/BD8wql-cE-cE-SQD1/report.txt	1	0	0	0	0	0	0
/Volumes/GigiMurin/plip/Gylcerolipids/BD8wql-d1-d1-SQD1/report.txt	0	0	2	0	0	0	0
/Volumes/GigiMurin/plip/Gylcerolipids/BD8wql-dD-dD-SQD1/report.txt	0	0	2	0	0	0	0
/Volumes/GigiMurin/plip/Gylcerolipids/BD8wql-dE-dE-SQD1/report.txt	0	0	2	0	0	0	0
/Volumes/GigiMurin/plip/Gylcerolipids/BD8wql-h1-h1-SQD1/report.txt	1	0	0	0	0	0	0
/Volumes/GigiMurin/plip/Gylcerolipids/BD8wql-hD-hD-SQD1/report.txt	1	0	0	0	0	0	0
/Volumes/GigiMurin/plip/Gylcerolipids/BD8wql-hE-hE-SQD1/report.txt	1	0	0	0	0	0	0
/Volumes/GigiMurin/plip/Gylcerolipids/BD8wql-L1-L1-SQD1/report.txt	0	2	1	0	0	0	0
/Volumes/GigiMurin/plip/Gylcerolipids/BD8wql-L1-L1-SQD2/report.txt	2	2	2	0	0	0	0
/Volumes/GigiMurin/plip/Gylcerolipids/BD8wql-LD-LD-SQD1/report.txt	0	2	1	0	0	0	0
/Volumes/GigiMurin/plip/Gylcerolipids/BD8wql-LD-LD-SQD2/report.txt	2	2	2	0	0	0	0
/Volumes/GigiMurin/plip/Gylcerolipids/BD8wql-LE-LE-SQD1/report.txt	0	2	1	0	0	0	0
/Volumes/GigiMurin/plip/Gylcerolipids/BD8wql-LE-LE-SQD2/report.txt	2	2	2	0	0	0	0
/Volumes/GigiMurin/plip/Gylcerolipids/BD8xkl-0-p-SQD1/report.txt	0	3	0	0	0	0	0
/Volumes/GigiMurin/plip/Gylcerolipids/BD8xkl-9-p-SQD1/report.txt	1	0	0	0	0	0	0
/Volumes/GigiMurin/plip/Gylcerolipids/BD8xkl-p-p-SQD1/report.txt	5	0	1	0	0	0	0
/Volumes/GigiMurin/plip/Gylcerolipids/BD8xkl-s-p-SQD1/report.txt	2	2	0	0	0	0	0
/Volumes/GigiMurin/plip/Gylcerolipids/BD8xlp-a-a-SQD1/report.txt	5	0	0	0	0	0	0
/Volumes/GigiMurin/plip/Gylcerolipids/BD8xlp-a-a-SQD2/report.txt	0	1	0	0	0	0	0
/Volumes/GigiMurin/plip/Gylcerolipids/BD8xlp-b-A-SQD2/report.txt	0	1	0	0	0	0	0
/Volumes/GigiMurin/plip/Gylcerolipids/BD8xlp-c-a-SQD1/report.txt	2	0	0	0	0	0	0
/Volumes/GigiMurin/plip/Gylcerolipids/BD8xlp-d-a-SQD1/report.txt	0	0	1	0	0	0	0
/Volumes/GigiMurin/plip/Gylcerolipids/BD8xr6-a-B-SQD1/report.txt	1	1	0	0	0	0	0
/Volumes/GigiMurin/plip/Gylcerolipids/BD8xr6-a-c-SQD1/report.txt	2	0	0	0	0	0	0
/Volumes/GigiMurin/plip/Gylcerolipids/BD8xr6-b-b-SQD1/report.txt	3	0	0	0	0	0	0
/Volumes/GigiMurin/plip/Gylcerolipids/BD8xr6-c-c-SQD1/report.txt	3	2	0	0	0	0	0
/Volumes/GigiMurin/plip/Gylcerolipids/BD8xr6-d-c-SQD1/report.txt	0	0	1	0	0	0	0
/Volumes/GigiMurin/plip/Gylcerolipids/BD8xr6-j-j-SQD1/report.txt	5	0	0	0	0	0	0
/Volumes/GigiMurin/plip/Gylcerolipids/BD8xr6-l-l-SQD1/report.txt	0	3	0	0	0	0	0
/Volumes/GigiMurin/plip/Gylcerolipids/BD8xr6-y-j-SQD1/report.txt	0	1	0	0	0	0	0
/Volumes/GigiMurin/plip/Gylcerolipids/BD8zee-A-C-SQD1/report.txt	7	3	0	0	0	0	0
/Volumes/GigiMurin/plip/Gylcerolipids/BD8zee-C-C-SQD1/report.txt	1	0	0	0	0	0	0
/Volumes/GigiMurin/plip/Gylcerolipids/BD8zee-D-C-SQD1/report.txt	0	1	1	0	0	0	0
/Volumes/GigiMurin/plip/Gylcerolipids/BD8zee-K-C-SQD1/report.txt	1	0	0	0	0	0	0
/Volumes/GigiMurin/plip/Gylcerolipids/BD9evx-a-a-SQD1/report.txt	4	3	0	0	0	0	0
/Volumes/GigiMurin/plip/Gylcerolipids/BD9evx-a-a-SQD2/report.txt	4	4	0	0	0	0	0
/Volumes/GigiMurin/plip/Gylcerolipids/BD9evx-b-b-SQD1/report.txt	3	1	1	0	0	0	0
/Volumes/GigiMurin/plip/Gylcerolipids/BD9evx-x-x-SQD1/report.txt	3	1	0	0	0	0	0
/Volumes/GigiMurin/plip/Gylcerolipids/BD7q7p-CCC-CCC-DGA1/report.txt	0	0	0	0	0	0	0
/Volumes/GigiMurin/plip/Gylcerolipids/BD7q7p-HHH-HHH-OLC1/report.txt	0	3	0	0	0	0	0
/Volumes/GigiMurin/plip/Gylcerolipids/BD7q7q-CCC-CCC-DGA1/report.txt	2	0	0	0	0	0	0
/Volumes/GigiMurin/plip/Gylcerolipids/BD7q7q-MMM-MMM-OLC1/report.txt	1	0	0	0	0	0	0
/Volumes/GigiMurin/plip/Gylcerolipids/BD7q7q-MMM-MMM-OLC2/report.txt	1	0	0	0	0	0	0
