file	hydrophobic	hbond	saltbridge	pistacking	pication	halogen	metal
/Volumes/GigiMurin/plip/sterol_lipids/BD1a27-A-A-EST1/report.txt	5	3	0	0	0	0	0
/Volumes/GigiMurin/plip/sterol_lipids/BD1a28-A-A-STR1/report.txt	7	2	0	0	0	0	0
/Volumes/GigiMurin/plip/sterol_lipids/BD1a52-A-A-EST1/report.txt	8	2	0	1	0	0	0
/Volumes/GigiMurin/plip/sterol_lipids/BD1a52-B-B-EST1/report.txt	7	2	0	1	0	0	0
/Volumes/GigiMurin/plip/sterol_lipids/BD1afs-A-A-TES1/report.txt	8	0	0	0	0	0	0
/Volumes/GigiMurin/plip/sterol_lipids/BD1ahi-A-A-CHO1/report.txt	6	3	0	0	0	0	0
/Volumes/GigiMurin/plip/sterol_lipids/BD1ahi-B-B-CHO1/report.txt	3	3	0	0	0	0	0
/Volumes/GigiMurin/plip/sterol_lipids/BD1aql-A-A-TCH1/report.txt	0	3	0	0	0	0	0
/Volumes/GigiMurin/plip/sterol_lipids/BD1aql-A-A-TCH2/report.txt	6	5	1	0	0	0	0
/Volumes/GigiMurin/plip/sterol_lipids/BD1aql-A-B-TCH1/report.txt	0	0	0	0	0	0	0
/Volumes/GigiMurin/plip/sterol_lipids/BD1aql-B-A-TCH1/report.txt	0	1	0	0	0	0	0
/Volumes/GigiMurin/plip/sterol_lipids/BD1aql-B-B-TCH1/report.txt	4	4	0	0	0	0	0
/Volumes/GigiMurin/plip/sterol_lipids/BD1aql-B-B-TCH2/report.txt	5	5	1	0	0	0	0
/Volumes/GigiMurin/plip/sterol_lipids/BD1aqu-A-A-EST1/report.txt	2	3	0	1	0	0	0
/Volumes/GigiMurin/plip/sterol_lipids/BD1aqu-A-B-EST1/report.txt	0	1	0	0	0	0	0
/Volumes/GigiMurin/plip/sterol_lipids/BD1aqu-B-B-EST1/report.txt	2	3	0	1	0	0	0
/Volumes/GigiMurin/plip/sterol_lipids/BD1bfv-H-H-STG1/report.txt	6	3	0	0	0	0	0
/Volumes/GigiMurin/plip/sterol_lipids/BD1bfv-L-H-STG1/report.txt	0	1	0	0	0	0	0
/Volumes/GigiMurin/plip/sterol_lipids/BD1bxm-A-A-ERG1/report.txt	11	1	0	0	0	0	0
/Volumes/GigiMurin/plip/sterol_lipids/BD1cfv-H-H-E3G1/report.txt	6	3	0	0	0	0	0
/Volumes/GigiMurin/plip/sterol_lipids/BD1cfv-L-H-E3G1/report.txt	3	1	0	0	0	0	0
/Volumes/GigiMurin/plip/sterol_lipids/BD1cle-A-A-CLL1/report.txt	16	0	1	0	0	0	0
/Volumes/GigiMurin/plip/sterol_lipids/BD1coy-A-A-AND1/report.txt	8	2	0	0	0	0	0
/Volumes/GigiMurin/plip/sterol_lipids/BD1cqs-A-A-EQU1/report.txt	4	1	0	2	0	0	0
/Volumes/GigiMurin/plip/sterol_lipids/BD1cqs-B-B-EQU1/report.txt	3	2	0	1	0	0	0
/Volumes/GigiMurin/plip/sterol_lipids/BD1d2s-A-A-DHT1/report.txt	5	2	0	0	0	0	0
/Volumes/GigiMurin/plip/sterol_lipids/BD1db1-A-A-VDX1/report.txt	10	4	0	0	0	0	0
/Volumes/GigiMurin/plip/sterol_lipids/BD1dbb-H-H-STR1/report.txt	3	2	0	0	0	0	0
/Volumes/GigiMurin/plip/sterol_lipids/BD1dbb-L-H-STR1/report.txt	1	0	0	0	0	0	0
/Volumes/GigiMurin/plip/sterol_lipids/BD1dbj-H-H-AE21/report.txt	5	3	0	0	0	0	0
/Volumes/GigiMurin/plip/sterol_lipids/BD1dbk-H-H-ANO1/report.txt	2	2	0	0	0	0	0
/Volumes/GigiMurin/plip/sterol_lipids/BD1dht-A-A-DHT1/report.txt	7	1	0	0	0	0	0
/Volumes/GigiMurin/plip/sterol_lipids/BD1e3g-A-A-R181/report.txt	7	3	0	0	0	0	0
/Volumes/GigiMurin/plip/sterol_lipids/BD1e3k-A-A-R181/report.txt	7	2	0	0	0	0	0
/Volumes/GigiMurin/plip/sterol_lipids/BD1e3r-A-A-AND1/report.txt	5	0	0	0	0	0	0
/Volumes/GigiMurin/plip/sterol_lipids/BD1e3r-B-B-AND1/report.txt	2	2	0	0	0	0	0
/Volumes/GigiMurin/plip/sterol_lipids/BD1e3v-A-A-DXC1/report.txt	4	2	0	0	0	0	0
/Volumes/GigiMurin/plip/sterol_lipids/BD1e6w-C-C-EST1/report.txt	1	1	0	0	0	0	0
/Volumes/GigiMurin/plip/sterol_lipids/BD1ee2-A-A-CHD1/report.txt	5	3	1	0	0	0	0
/Volumes/GigiMurin/plip/sterol_lipids/BD1ee2-A-B-CHD1/report.txt	1	0	0	0	0	0	0
/Volumes/GigiMurin/plip/sterol_lipids/BD1ee2-B-A-CHD1/report.txt	1	0	0	0	0	0	0
/Volumes/GigiMurin/plip/sterol_lipids/BD1eio-A-A-GCH1/report.txt	6	7	1	0	0	0	0
/Volumes/GigiMurin/plip/sterol_lipids/BD1equ-A-A-EQI1/report.txt	6	2	0	0	0	0	0
/Volumes/GigiMurin/plip/sterol_lipids/BD1ere-A-A-EST1/report.txt	5	2	0	1	0	0	0
/Volumes/GigiMurin/plip/sterol_lipids/BD1eup-A-A-ASD1/report.txt	5	2	0	0	0	0	0
/Volumes/GigiMurin/plip/sterol_lipids/BD1eup-A-A-ASD2/report.txt	7	1	0	0	0	0	0
/Volumes/GigiMurin/plip/sterol_lipids/BD1ex4-A-A-CPS1/report.txt	2	2	0	0	0	0	0
/Volumes/GigiMurin/plip/sterol_lipids/BD1ex4-A-A-CPS2/report.txt	6	1	0	0	0	0	0
/Volumes/GigiMurin/plip/sterol_lipids/BD1ex4-B-B-CPS1/report.txt	2	0	0	0	0	0	0
/Volumes/GigiMurin/plip/sterol_lipids/BD1ex4-B-B-CPS2/report.txt	7	1	1	0	1	0	0
/Volumes/GigiMurin/plip/sterol_lipids/BD1f5f-A-A-DHT1/report.txt	6	1	0	0	0	0	0
/Volumes/GigiMurin/plip/sterol_lipids/BD1f6a-A-A-CPS1/report.txt	0	1	0	0	0	0	0
/Volumes/GigiMurin/plip/sterol_lipids/BD1f6a-A-A-CPS2/report.txt	0	1	1	0	1	0	0
/Volumes/GigiMurin/plip/sterol_lipids/BD1f6a-A-D-CPS1/report.txt	3	0	0	0	0	0	0
/Volumes/GigiMurin/plip/sterol_lipids/BD1f6a-D-A-CPS1/report.txt	1	0	0	0	0	0	0
/Volumes/GigiMurin/plip/sterol_lipids/BD1f6a-D-A-CPS2/report.txt	0	1	0	0	0	0	0
/Volumes/GigiMurin/plip/sterol_lipids/BD1f6a-D-D-CPS1/report.txt	0	2	0	0	0	0	0
/Volumes/GigiMurin/plip/sterol_lipids/BD1f6a-D-D-CPS2/report.txt	0	0	0	0	0	0	0
/Volumes/GigiMurin/plip/sterol_lipids/BD1f6a-D-D-CPS3/report.txt	0	0	0	0	0	0	0
/Volumes/GigiMurin/plip/sterol_lipids/BD1fds-A-A-EST1/report.txt	4	1	0	0	0	0	0
/Volumes/GigiMurin/plip/sterol_lipids/BD1fdt-A-A-EST1/report.txt	7	3	0	0	0	0	0
/Volumes/GigiMurin/plip/sterol_lipids/BD1fdu-A-A-EST1/report.txt	7	3	0	0	0	0	0
/Volumes/GigiMurin/plip/sterol_lipids/BD1fdw-A-A-EST1/report.txt	6	1	0	0	0	0	0
/Volumes/GigiMurin/plip/sterol_lipids/BD1fm4-A-A-DXC1/report.txt	7	2	1	0	0	0	0
/Volumes/GigiMurin/plip/sterol_lipids/BD1fm4-A-A-DXC2/report.txt	6	4	0	0	0	0	0
/Volumes/GigiMurin/plip/sterol_lipids/BD1fmc-A-A-CHO1/report.txt	3	3	0	0	0	0	0
/Volumes/GigiMurin/plip/sterol_lipids/BD1g50-A-A-EST1/report.txt	7	4	0	1	0	0	0
/Volumes/GigiMurin/plip/sterol_lipids/BD1g50-B-B-EST1/report.txt	8	2	0	1	0	0	0
/Volumes/GigiMurin/plip/sterol_lipids/BD1g50-C-C-EST1/report.txt	7	3	0	1	0	0	0
/Volumes/GigiMurin/plip/sterol_lipids/BD1gr3-A-A-CPS1/report.txt	4	1	0	0	0	0	0
/Volumes/GigiMurin/plip/sterol_lipids/BD1gs3-A-A-EQU1/report.txt	2	2	0	0	0	0	0
/Volumes/GigiMurin/plip/sterol_lipids/BD1gs4-A-A-ZK51/report.txt	8	4	0	0	0	0	0
/Volumes/GigiMurin/plip/sterol_lipids/BD1gwr-A-A-EST1/report.txt	5	2	0	1	0	0	0
/Volumes/GigiMurin/plip/sterol_lipids/BD1gwr-B-B-EST1/report.txt	5	2	0	1	0	0	0
/Volumes/GigiMurin/plip/sterol_lipids/BD1h60-A-A-STR1/report.txt	5	1	0	0	0	0	0
/Volumes/GigiMurin/plip/sterol_lipids/BD1h61-A-A-PDN1/report.txt	3	2	0	0	0	0	0
/Volumes/GigiMurin/plip/sterol_lipids/BD1h62-A-A-ANB1/report.txt	4	1	0	0	0	0	0
/Volumes/GigiMurin/plip/sterol_lipids/BD1hrk-A-A-CHD1/report.txt	5	1	0	0	0	0	0
/Volumes/GigiMurin/plip/sterol_lipids/BD1hrk-A-A-CHD2/report.txt	6	0	1	0	0	0	0
/Volumes/GigiMurin/plip/sterol_lipids/BD1hrk-A-A-CHD3/report.txt	3	0	0	0	0	0	0
/Volumes/GigiMurin/plip/sterol_lipids/BD1hrk-B-B-CHD1/report.txt	5	1	1	0	0	0	0
/Volumes/GigiMurin/plip/sterol_lipids/BD1hrk-B-B-CHD2/report.txt	6	0	1	0	0	0	0
/Volumes/GigiMurin/plip/sterol_lipids/BD1hrk-B-B-CHD3/report.txt	3	0	0	0	0	0	0
/Volumes/GigiMurin/plip/sterol_lipids/BD1hv5-A-A-CPS1/report.txt	3	2	0	0	0	0	0
/Volumes/GigiMurin/plip/sterol_lipids/BD1hv5-A-A-CPS2/report.txt	3	1	0	0	0	0	0
/Volumes/GigiMurin/plip/sterol_lipids/BD1hv5-B-B-CPS1/report.txt	1	1	0	0	0	0	0
/Volumes/GigiMurin/plip/sterol_lipids/BD1hv5-B-B-CPS2/report.txt	3	3	0	0	0	0	0
/Volumes/GigiMurin/plip/sterol_lipids/BD1hv5-C-C-CPS1/report.txt	1	1	0	0	0	0	0
/Volumes/GigiMurin/plip/sterol_lipids/BD1hv5-C-C-CPS2/report.txt	5	0	0	0	0	0	0
/Volumes/GigiMurin/plip/sterol_lipids/BD1hv5-D-D-CPS1/report.txt	2	1	0	0	0	0	0
/Volumes/GigiMurin/plip/sterol_lipids/BD1hv5-D-D-CPS2/report.txt	4	0	0	0	0	0	0
/Volumes/GigiMurin/plip/sterol_lipids/BD1hv5-E-A-CPS1/report.txt	1	0	0	0	0	0	0
/Volumes/GigiMurin/plip/sterol_lipids/BD1hv5-E-E-CPS1/report.txt	0	2	0	0	0	0	0
/Volumes/GigiMurin/plip/sterol_lipids/BD1hv5-E-E-CPS2/report.txt	4	1	0	0	0	0	0
/Volumes/GigiMurin/plip/sterol_lipids/BD1hv5-F-F-CPS1/report.txt	7	1	0	0	0	0	0
/Volumes/GigiMurin/plip/sterol_lipids/BD1hv5-F-F-CPS2/report.txt	2	2	0	0	0	0	0
/Volumes/GigiMurin/plip/sterol_lipids/BD1i37-A-A-DHT1/report.txt	7	4	0	0	0	0	0
/Volumes/GigiMurin/plip/sterol_lipids/BD1i38-A-A-DHT1/report.txt	8	3	0	0	0	0	0
/Volumes/GigiMurin/plip/sterol_lipids/BD1i5r-A-A-HYC1/report.txt	10	12	0	0	0	0	0
/Volumes/GigiMurin/plip/sterol_lipids/BD1i9j-H-H-TES1/report.txt	6	0	0	0	0	0	0
/Volumes/GigiMurin/plip/sterol_lipids/BD1i9j-L-H-TES1/report.txt	3	0	0	0	0	0	0
/Volumes/GigiMurin/plip/sterol_lipids/BD1ibg-H-H-OBN1/report.txt	8	1	1	0	0	0	0
/Volumes/GigiMurin/plip/sterol_lipids/BD1ibg-L-H-OBN1/report.txt	1	5	0	0	0	0	0
/Volumes/GigiMurin/plip/sterol_lipids/BD1ie8-A-A-KH11/report.txt	11	5	0	0	0	0	0
/Volumes/GigiMurin/plip/sterol_lipids/BD1ie9-A-A-VDX1/report.txt	8	4	0	0	0	0	0
/Volumes/GigiMurin/plip/sterol_lipids/BD1igj-A-B-DGX1/report.txt	1	1	0	0	0	0	0
/Volumes/GigiMurin/plip/sterol_lipids/BD1igj-B-B-DGX1/report.txt	7	0	0	0	0	0	0
/Volumes/GigiMurin/plip/sterol_lipids/BD1ihi-A-A-IU51/report.txt	7	1	1	0	0	0	0
/Volumes/GigiMurin/plip/sterol_lipids/BD1iol-A-A-EST1/report.txt	4	1	0	0	0	0	0
/Volumes/GigiMurin/plip/sterol_lipids/BD1irj-B-B-CPS1/report.txt	4	2	0	0	0	0	0
/Volumes/GigiMurin/plip/sterol_lipids/BD1irj-B-G-CPS1/report.txt	0	1	0	0	0	0	0
/Volumes/GigiMurin/plip/sterol_lipids/BD1irj-D-D-CPS1/report.txt	4	3	0	0	0	0	0
/Volumes/GigiMurin/plip/sterol_lipids/BD1irj-D-D-CPS2/report.txt	0	2	0	0	0	0	0
/Volumes/GigiMurin/plip/sterol_lipids/BD1irj-E-D-CPS1/report.txt	1	0	0	0	0	0	0
/Volumes/GigiMurin/plip/sterol_lipids/BD1irj-E-D-CPS2/report.txt	4	0	0	0	0	0	0
/Volumes/GigiMurin/plip/sterol_lipids/BD1irj-G-B-CPS1/report.txt	1	0	0	0	0	0	0
/Volumes/GigiMurin/plip/sterol_lipids/BD1j78-B-B-VDY1/report.txt	3	0	0	0	0	0	0
/Volumes/GigiMurin/plip/sterol_lipids/BD1j96-A-A-TES1/report.txt	6	0	0	0	0	0	0
/Volumes/GigiMurin/plip/sterol_lipids/BD1j96-B-B-TES1/report.txt	7	0	0	0	0	0	0
/Volumes/GigiMurin/plip/sterol_lipids/BD1j99-A-A-AND1/report.txt	6	0	0	0	0	0	0
/Volumes/GigiMurin/plip/sterol_lipids/BD1jgl-H-L-EST1/report.txt	2	1	0	0	0	0	0
/Volumes/GigiMurin/plip/sterol_lipids/BD1jgl-L-L-EST1/report.txt	8	2	0	0	0	0	0
/Volumes/GigiMurin/plip/sterol_lipids/BD1jnh-A-B-ECO1/report.txt	3	0	0	1	0	0	0
/Volumes/GigiMurin/plip/sterol_lipids/BD1jnh-B-B-ECO1/report.txt	8	2	1	0	1	0	0
/Volumes/GigiMurin/plip/sterol_lipids/BD1jnh-D-H-ECO1/report.txt	0	3	0	0	0	0	0
/Volumes/GigiMurin/plip/sterol_lipids/BD1jnh-F-F-ECO1/report.txt	7	2	0	0	1	0	0
/Volumes/GigiMurin/plip/sterol_lipids/BD1jnn-H-H-EST1/report.txt	3	0	0	0	0	0	0
/Volumes/GigiMurin/plip/sterol_lipids/BD1jnn-L-H-EST1/report.txt	3	1	0	1	0	0	0
/Volumes/GigiMurin/plip/sterol_lipids/BD1jtv-A-A-TES1/report.txt	6	1	0	0	0	0	0
/Volumes/GigiMurin/plip/sterol_lipids/BD1kdk-A-A-DHT1/report.txt	6	1	0	0	0	0	0
/Volumes/GigiMurin/plip/sterol_lipids/BD1kdm-A-A-DHT1/report.txt	3	3	0	0	0	0	0
/Volumes/GigiMurin/plip/sterol_lipids/BD1lhn-A-A-AON1/report.txt	5	1	0	0	0	0	0
/Volumes/GigiMurin/plip/sterol_lipids/BD1lho-A-A-AOM1/report.txt	4	3	0	0	0	0	0
/Volumes/GigiMurin/plip/sterol_lipids/BD1lhu-A-A-EST1/report.txt	7	5	0	0	0	0	0
/Volumes/GigiMurin/plip/sterol_lipids/BD1lhv-A-A-NOG1/report.txt	3	1	0	0	0	0	0
/Volumes/GigiMurin/plip/sterol_lipids/BD1lhw-A-A-ESM1/report.txt	6	4	0	0	0	0	0
/Volumes/GigiMurin/plip/sterol_lipids/BD1lke-A-A-DOG1/report.txt	4	2	1	0	1	0	0
/Volumes/GigiMurin/plip/sterol_lipids/BD1lnm-A-A-DTX1/report.txt	6	1	1	0	1	0	0
/Volumes/GigiMurin/plip/sterol_lipids/BD1lri-A-A-CLR1/report.txt	9	1	0	0	0	0	0
/Volumes/GigiMurin/plip/sterol_lipids/BD1m2z-A-A-DEX1/report.txt	5	5	0	0	0	0	0
/Volumes/GigiMurin/plip/sterol_lipids/BD1mrq-A-A-STR1/report.txt	8	0	0	0	0	0	0
/Volumes/GigiMurin/plip/sterol_lipids/BD1mz9-A-A-VDY1/report.txt	4	0	0	0	0	0	0
/Volumes/GigiMurin/plip/sterol_lipids/BD1mz9-A-D-VDY1/report.txt	1	0	0	0	0	0	0
/Volumes/GigiMurin/plip/sterol_lipids/BD1mz9-B-A-VDY1/report.txt	5	0	0	0	0	0	0
/Volumes/GigiMurin/plip/sterol_lipids/BD1mz9-B-D-VDY1/report.txt	4	0	0	0	0	0	0
/Volumes/GigiMurin/plip/sterol_lipids/BD1mz9-C-D-VDY1/report.txt	2	0	0	0	0	0	0
/Volumes/GigiMurin/plip/sterol_lipids/BD1mz9-D-A-VDY1/report.txt	4	0	0	0	0	0	0
/Volumes/GigiMurin/plip/sterol_lipids/BD1mz9-E-A-VDY1/report.txt	4	0	0	0	0	0	0
/Volumes/GigiMurin/plip/sterol_lipids/BD1mz9-E-D-VDY1/report.txt	2	0	0	0	0	0	0
/Volumes/GigiMurin/plip/sterol_lipids/BD1n83-A-A-CLR1/report.txt	12	0	0	0	0	0	0
/Volumes/GigiMurin/plip/sterol_lipids/BD1nfq-A-A-AOI1/report.txt	8	2	0	0	0	0	0
/Volumes/GigiMurin/plip/sterol_lipids/BD1nhz-A-A-4861/report.txt	8	3	0	0	0	0	0
/Volumes/GigiMurin/plip/sterol_lipids/BD1o1v-A-A-TCH1/report.txt	6	5	0	0	0	0	0
/Volumes/GigiMurin/plip/sterol_lipids/BD1o91-C-C-CPS1/report.txt	5	1	0	0	0	0	0
/Volumes/GigiMurin/plip/sterol_lipids/BD1ogx-A-A-EQU1/report.txt	3	2	0	0	0	0	0
/Volumes/GigiMurin/plip/sterol_lipids/BD1ogx-B-B-EQU1/report.txt	2	2	0	0	0	0	0
/Volumes/GigiMurin/plip/sterol_lipids/BD1ogz-A-A-EQU1/report.txt	6	1	0	0	0	0	0
/Volumes/GigiMurin/plip/sterol_lipids/BD1oh0-A-A-EQU1/report.txt	4	1	0	0	0	0	0
/Volumes/GigiMurin/plip/sterol_lipids/BD1oh0-B-B-EQU1/report.txt	3	2	0	0	0	0	0
/Volumes/GigiMurin/plip/sterol_lipids/BD1oho-A-A-EQU1/report.txt	7	0	0	0	0	0	0
/Volumes/GigiMurin/plip/sterol_lipids/BD1ohp-A-A-ESR1/report.txt	6	0	0	0	0	0	0
/Volumes/GigiMurin/plip/sterol_lipids/BD1ohp-B-B-ESR1/report.txt	7	0	0	0	0	0	0
/Volumes/GigiMurin/plip/sterol_lipids/BD1ohp-C-C-ESR1/report.txt	7	0	0	0	0	0	0
/Volumes/GigiMurin/plip/sterol_lipids/BD1ohp-D-D-ESR1/report.txt	8	0	0	0	0	0	0
/Volumes/GigiMurin/plip/sterol_lipids/BD1ohs-A-A-5SD1/report.txt	10	0	0	0	0	0	0
/Volumes/GigiMurin/plip/sterol_lipids/BD1ohs-B-B-5SD1/report.txt	9	0	0	0	0	0	0
/Volumes/GigiMurin/plip/sterol_lipids/BD1os6-A-A-DXC1/report.txt	7	0	3	0	0	0	0
/Volumes/GigiMurin/plip/sterol_lipids/BD1osv-A-A-CHC1/report.txt	9	5	1	0	0	0	0
/Volumes/GigiMurin/plip/sterol_lipids/BD1osv-B-B-CHC1/report.txt	13	3	2	0	0	0	0
/Volumes/GigiMurin/plip/sterol_lipids/BD1ot7-A-A-CHC1/report.txt	8	5	1	0	0	0	0
/Volumes/GigiMurin/plip/sterol_lipids/BD1ov4-A-A-AOX1/report.txt	3	2	0	0	0	0	0
/Volumes/GigiMurin/plip/sterol_lipids/BD1p8d-A-A-CO11/report.txt	13	1	0	0	0	0	0
/Volumes/GigiMurin/plip/sterol_lipids/BD1p8d-B-B-CO11/report.txt	13	3	0	0	0	0	0
/Volumes/GigiMurin/plip/sterol_lipids/BD1p93-A-A-DEX1/report.txt	3	4	0	0	0	0	0
/Volumes/GigiMurin/plip/sterol_lipids/BD1p93-B-B-DEX1/report.txt	2	5	0	1	0	0	0
/Volumes/GigiMurin/plip/sterol_lipids/BD1pcg-A-A-EST1/report.txt	7	2	0	1	0	0	0
/Volumes/GigiMurin/plip/sterol_lipids/BD1puc-A-A-CPS1/report.txt	2	1	0	0	0	0	0
/Volumes/GigiMurin/plip/sterol_lipids/BD1q13-A-A-TES1/report.txt	6	0	0	0	0	0	0
/Volumes/GigiMurin/plip/sterol_lipids/BD1q20-A-A-PLO1/report.txt	9	0	0	0	0	0	0
/Volumes/GigiMurin/plip/sterol_lipids/BD1q22-A-A-AND1/report.txt	6	0	0	0	0	0	0
/Volumes/GigiMurin/plip/sterol_lipids/BD1qjg-A-A-EQU1/report.txt	7	4	0	0	0	0	0
/Volumes/GigiMurin/plip/sterol_lipids/BD1qjg-B-B-EQU1/report.txt	6	3	0	0	0	0	0
/Volumes/GigiMurin/plip/sterol_lipids/BD1qjg-D-B-EQU1/report.txt	0	1	0	0	0	0	0
/Volumes/GigiMurin/plip/sterol_lipids/BD1qjg-D-D-EQU1/report.txt	4	4	0	0	0	0	0
/Volumes/GigiMurin/plip/sterol_lipids/BD1qkt-A-A-EST1/report.txt	4	2	0	1	0	0	0
/Volumes/GigiMurin/plip/sterol_lipids/BD1qku-A-A-EST1/report.txt	6	3	0	1	0	0	0
/Volumes/GigiMurin/plip/sterol_lipids/BD1qyw-A-A-5SD1/report.txt	3	0	0	0	0	0	0
/Volumes/GigiMurin/plip/sterol_lipids/BD1qyx-A-A-ASD1/report.txt	6	0	0	0	0	0	0
/Volumes/GigiMurin/plip/sterol_lipids/BD1r1k-D-D-P1A1/report.txt	11	5	0	0	0	0	0
/Volumes/GigiMurin/plip/sterol_lipids/BD1rjk-A-A-VDZ1/report.txt	11	5	0	0	0	0	0
/Volumes/GigiMurin/plip/sterol_lipids/BD1rk3-A-A-VDX1/report.txt	6	5	0	0	0	0	0
/Volumes/GigiMurin/plip/sterol_lipids/BD1rkg-A-A-VD11/report.txt	7	3	0	0	0	0	0
/Volumes/GigiMurin/plip/sterol_lipids/BD1rkh-A-A-VD21/report.txt	8	5	0	0	0	0	0
/Volumes/GigiMurin/plip/sterol_lipids/BD1s0x-A-A-C3S1/report.txt	11	4	1	0	0	0	0
/Volumes/GigiMurin/plip/sterol_lipids/BD1s0z-A-A-EB11/report.txt	15	5	0	0	0	0	0
/Volumes/GigiMurin/plip/sterol_lipids/BD1s19-A-A-MC91/report.txt	8	3	0	0	0	0	0
/Volumes/GigiMurin/plip/sterol_lipids/BD1s9q-A-A-CHD1/report.txt	5	3	0	0	0	0	0
/Volumes/GigiMurin/plip/sterol_lipids/BD1s9q-B-B-CHD1/report.txt	5	0	0	0	0	0	0
/Volumes/GigiMurin/plip/sterol_lipids/BD1sqn-A-A-NDR1/report.txt	8	2	0	0	0	0	0
/Volumes/GigiMurin/plip/sterol_lipids/BD1sqn-B-B-NDR1/report.txt	9	2	0	0	0	0	0
/Volumes/GigiMurin/plip/sterol_lipids/BD1sr7-A-A-MOF1/report.txt	6	3	0	0	0	0	0
/Volumes/GigiMurin/plip/sterol_lipids/BD1t5z-A-A-DHT1/report.txt	8	2	0	0	0	0	0
/Volumes/GigiMurin/plip/sterol_lipids/BD1t63-A-A-DHT1/report.txt	6	3	0	0	0	0	0
/Volumes/GigiMurin/plip/sterol_lipids/BD1t65-A-A-DHT1/report.txt	5	3	0	0	0	0	0
/Volumes/GigiMurin/plip/sterol_lipids/BD1t73-A-A-DHT1/report.txt	8	2	0	0	0	0	0
/Volumes/GigiMurin/plip/sterol_lipids/BD1t74-A-A-DHT1/report.txt	7	3	0	0	0	0	0
/Volumes/GigiMurin/plip/sterol_lipids/BD1t76-A-A-DHT1/report.txt	5	3	0	0	0	0	0
/Volumes/GigiMurin/plip/sterol_lipids/BD1t79-A-A-DHT1/report.txt	8	3	0	0	0	0	0
/Volumes/GigiMurin/plip/sterol_lipids/BD1t7f-A-A-DHT1/report.txt	6	3	0	0	0	0	0
/Volumes/GigiMurin/plip/sterol_lipids/BD1t7m-A-A-DHT1/report.txt	6	3	0	0	0	0	0
/Volumes/GigiMurin/plip/sterol_lipids/BD1t7r-A-A-DHT1/report.txt	6	3	0	0	0	0	0
/Volumes/GigiMurin/plip/sterol_lipids/BD1t7t-A-A-DHT1/report.txt	6	3	0	0	0	0	0
/Volumes/GigiMurin/plip/sterol_lipids/BD1tw4-A-A-CHD1/report.txt	10	3	1	0	0	0	0
/Volumes/GigiMurin/plip/sterol_lipids/BD1tw4-A-A-CHD2/report.txt	10	2	1	0	0	0	0
/Volumes/GigiMurin/plip/sterol_lipids/BD1tw4-B-B-CHD2/report.txt	8	2	1	0	0	0	0
/Volumes/GigiMurin/plip/sterol_lipids/BD1v54-A-B-CHD1/report.txt	4	0	0	0	0	0	0
/Volumes/GigiMurin/plip/sterol_lipids/BD1v54-A-C-CHD1/report.txt	2	1	1	0	0	0	0
/Volumes/GigiMurin/plip/sterol_lipids/BD1v54-B-B-CHD1/report.txt	0	3	0	0	0	0	0
/Volumes/GigiMurin/plip/sterol_lipids/BD1v54-C-C-CHD1/report.txt	0	1	1	0	0	0	0
/Volumes/GigiMurin/plip/sterol_lipids/BD1v54-C-C-CHD2/report.txt	6	1	1	0	0	0	0
/Volumes/GigiMurin/plip/sterol_lipids/BD1v54-G-O-CHD1/report.txt	2	0	2	0	0	0	0
/Volumes/GigiMurin/plip/sterol_lipids/BD1v54-J-C-CHD2/report.txt	0	1	0	0	0	0	0
/Volumes/GigiMurin/plip/sterol_lipids/BD1v54-J-J-CHD1/report.txt	4	2	0	0	0	0	0
/Volumes/GigiMurin/plip/sterol_lipids/BD1v54-N-O-CHD1/report.txt	4	0	0	0	0	0	0
/Volumes/GigiMurin/plip/sterol_lipids/BD1v54-N-P-CHD1/report.txt	2	1	1	0	0	0	0
/Volumes/GigiMurin/plip/sterol_lipids/BD1v54-O-O-CHD1/report.txt	0	2	0	0	0	0	0
/Volumes/GigiMurin/plip/sterol_lipids/BD1v54-P-P-CHD1/report.txt	0	1	1	0	0	0	0
/Volumes/GigiMurin/plip/sterol_lipids/BD1v54-P-P-CHD2/report.txt	6	1	1	0	0	0	0
/Volumes/GigiMurin/plip/sterol_lipids/BD1v54-T-B-CHD1/report.txt	2	0	2	0	0	0	0
/Volumes/GigiMurin/plip/sterol_lipids/BD1v54-W-P-CHD2/report.txt	0	1	0	0	0	0	0
/Volumes/GigiMurin/plip/sterol_lipids/BD1v54-W-W-CHD1/report.txt	4	1	0	0	0	0	0
/Volumes/GigiMurin/plip/sterol_lipids/BD1v55-A-B-CHD1/report.txt	4	0	0	0	0	0	0
/Volumes/GigiMurin/plip/sterol_lipids/BD1v55-A-C-CHD1/report.txt	2	1	1	0	0	0	0
/Volumes/GigiMurin/plip/sterol_lipids/BD1v55-B-B-CHD1/report.txt	0	3	0	0	0	0	0
/Volumes/GigiMurin/plip/sterol_lipids/BD1v55-C-C-CHD1/report.txt	0	1	1	0	0	0	0
/Volumes/GigiMurin/plip/sterol_lipids/BD1v55-C-C-CHD2/report.txt	6	1	1	0	0	0	0
/Volumes/GigiMurin/plip/sterol_lipids/BD1v55-C-P-CHD1/report.txt	1	0	0	0	0	0	0
/Volumes/GigiMurin/plip/sterol_lipids/BD1v55-G-O-CHD1/report.txt	0	0	2	0	0	0	0
/Volumes/GigiMurin/plip/sterol_lipids/BD1v55-J-C-CHD2/report.txt	0	1	0	0	0	0	0
/Volumes/GigiMurin/plip/sterol_lipids/BD1v55-J-J-CHD1/report.txt	4	1	0	0	0	0	0
/Volumes/GigiMurin/plip/sterol_lipids/BD1v55-N-O-CHD1/report.txt	4	0	0	0	0	0	0
/Volumes/GigiMurin/plip/sterol_lipids/BD1v55-N-P-CHD1/report.txt	1	1	1	0	0	0	0
/Volumes/GigiMurin/plip/sterol_lipids/BD1v55-O-O-CHD1/report.txt	0	2	0	0	0	0	0
/Volumes/GigiMurin/plip/sterol_lipids/BD1v55-P-P-CHD1/report.txt	1	1	1	0	0	0	0
/Volumes/GigiMurin/plip/sterol_lipids/BD1v55-P-P-CHD2/report.txt	6	1	1	0	0	0	0
/Volumes/GigiMurin/plip/sterol_lipids/BD1v55-T-B-CHD1/report.txt	0	0	2	0	0	0	0
/Volumes/GigiMurin/plip/sterol_lipids/BD1v55-W-P-CHD2/report.txt	0	1	0	0	0	0	0
/Volumes/GigiMurin/plip/sterol_lipids/BD1v55-W-W-CHD1/report.txt	4	1	0	0	0	0	0
/Volumes/GigiMurin/plip/sterol_lipids/BD1vk5-A-A-CPS1/report.txt	5	0	0	0	0	0	0
/Volumes/GigiMurin/plip/sterol_lipids/BD1vpo-H-H-TES1/report.txt	8	1	0	0	0	0	0
/Volumes/GigiMurin/plip/sterol_lipids/BD1vpo-L-H-TES1/report.txt	2	0	0	0	0	0	0
/Volumes/GigiMurin/plip/sterol_lipids/BD1w0f-A-A-STR1/report.txt	6	1	0	0	0	0	0
/Volumes/GigiMurin/plip/sterol_lipids/BD1w6k-A-A-LAN1/report.txt	19	0	0	0	0	0	0
/Volumes/GigiMurin/plip/sterol_lipids/BD1w6y-A-A-EQU1/report.txt	5	1	0	0	0	0	0
/Volumes/GigiMurin/plip/sterol_lipids/BD1x8j-A-A-AOI1/report.txt	4	0	0	0	0	0	0
/Volumes/GigiMurin/plip/sterol_lipids/BD1x8v-A-A-ESL1/report.txt	7	3	0	0	0	0	0
/Volumes/GigiMurin/plip/sterol_lipids/BD1x8v-A-A-ESL2/report.txt	3	0	0	0	0	0	0
/Volumes/GigiMurin/plip/sterol_lipids/BD1xf0-A-A-ASD1/report.txt	12	1	0	0	0	0	0
/Volumes/GigiMurin/plip/sterol_lipids/BD1xj7-A-A-DHT1/report.txt	5	2	0	0	0	0	0
/Volumes/GigiMurin/plip/sterol_lipids/BD1xji-A-A-CPS1/report.txt	4	0	0	0	0	0	0
/Volumes/GigiMurin/plip/sterol_lipids/BD1xnx-A-A-ATE1/report.txt	7	1	0	0	0	0	0
/Volumes/GigiMurin/plip/sterol_lipids/BD1xnx-B-B-ATE1/report.txt	7	0	0	0	0	0	0
/Volumes/GigiMurin/plip/sterol_lipids/BD1xow-A-A-R181/report.txt	8	3	0	0	0	0	0
/Volumes/GigiMurin/plip/sterol_lipids/BD1xq3-A-A-R181/report.txt	8	3	0	0	0	0	0
/Volumes/GigiMurin/plip/sterol_lipids/BD1xu7-A-A-CPS1/report.txt	9	6	0	0	0	0	0
/Volumes/GigiMurin/plip/sterol_lipids/BD1xu7-A-A-CPS2/report.txt	2	0	0	0	0	0	0
/Volumes/GigiMurin/plip/sterol_lipids/BD1xu7-A-B-CPS1/report.txt	2	0	0	0	0	0	0
/Volumes/GigiMurin/plip/sterol_lipids/BD1xu7-A-C-CPS2/report.txt	1	0	0	0	0	0	0
/Volumes/GigiMurin/plip/sterol_lipids/BD1xu7-B-A-CPS1/report.txt	1	0	0	0	0	0	0
/Volumes/GigiMurin/plip/sterol_lipids/BD1xu7-B-B-CPS1/report.txt	10	3	0	0	0	0	0
/Volumes/GigiMurin/plip/sterol_lipids/BD1xu7-B-C-CPS2/report.txt	2	0	0	0	0	0	0
/Volumes/GigiMurin/plip/sterol_lipids/BD1xu7-C-A-CPS2/report.txt	2	0	0	0	0	0	0
/Volumes/GigiMurin/plip/sterol_lipids/BD1xu7-C-C-CPS1/report.txt	11	3	0	0	0	0	0
/Volumes/GigiMurin/plip/sterol_lipids/BD1xu7-C-C-CPS2/report.txt	2	0	0	0	0	0	0
/Volumes/GigiMurin/plip/sterol_lipids/BD1xu7-C-D-CPS1/report.txt	1	0	0	0	0	0	0
/Volumes/GigiMurin/plip/sterol_lipids/BD1xu7-D-C-CPS1/report.txt	1	0	0	0	0	0	0
/Volumes/GigiMurin/plip/sterol_lipids/BD1xu7-D-C-CPS2/report.txt	1	0	0	0	0	0	0
/Volumes/GigiMurin/plip/sterol_lipids/BD1xu7-D-D-CPS1/report.txt	11	3	0	0	0	0	0
/Volumes/GigiMurin/plip/sterol_lipids/BD1xu9-A-A-CPS1/report.txt	5	1	0	0	0	0	0
/Volumes/GigiMurin/plip/sterol_lipids/BD1xu9-A-B-CPS1/report.txt	1	0	0	0	0	0	0
/Volumes/GigiMurin/plip/sterol_lipids/BD1xu9-B-A-CPS1/report.txt	1	1	0	0	0	0	0
/Volumes/GigiMurin/plip/sterol_lipids/BD1xu9-B-B-CPS1/report.txt	7	3	0	0	0	0	0
/Volumes/GigiMurin/plip/sterol_lipids/BD1xu9-C-C-CPS1/report.txt	8	3	0	0	0	0	0
/Volumes/GigiMurin/plip/sterol_lipids/BD1xu9-C-D-CPS1/report.txt	1	0	0	0	0	0	0
/Volumes/GigiMurin/plip/sterol_lipids/BD1xu9-D-C-CPS1/report.txt	1	0	0	0	0	0	0
/Volumes/GigiMurin/plip/sterol_lipids/BD1xu9-D-D-CPS1/report.txt	9	4	0	0	0	0	0
/Volumes/GigiMurin/plip/sterol_lipids/BD1xv9-B-D-CI21/report.txt	7	0	0	0	0	0	0
/Volumes/GigiMurin/plip/sterol_lipids/BD1xv9-D-D-CI21/report.txt	0	0	0	0	0	0	0
/Volumes/GigiMurin/plip/sterol_lipids/BD1y5r-A-A-C0R1/report.txt	8	3	0	0	0	0	0
/Volumes/GigiMurin/plip/sterol_lipids/BD1y9r-A-A-1CA1/report.txt	7	3	0	0	0	0	0
/Volumes/GigiMurin/plip/sterol_lipids/BD1ya3-A-A-STR1/report.txt	8	4	0	0	0	0	0
/Volumes/GigiMurin/plip/sterol_lipids/BD1yb1-A-A-AOI1/report.txt	4	0	0	0	0	0	0
/Volumes/GigiMurin/plip/sterol_lipids/BD1yb1-B-A-AOI1/report.txt	1	0	0	0	0	0	0
/Volumes/GigiMurin/plip/sterol_lipids/BD1yb1-B-B-AOI1/report.txt	3	1	0	0	0	0	0
/Volumes/GigiMurin/plip/sterol_lipids/BD1z5x-E-E-P1A1/report.txt	8	6	0	0	0	0	0
/Volumes/GigiMurin/plip/sterol_lipids/BD1zht-A-A-HCR1/report.txt	8	3	0	0	0	0	0
/Volumes/GigiMurin/plip/sterol_lipids/BD1zhw-A-A-HC21/report.txt	12	1	0	0	0	0	0
/Volumes/GigiMurin/plip/sterol_lipids/BD1zhx-A-A-HC31/report.txt	7	1	0	0	0	0	0
/Volumes/GigiMurin/plip/sterol_lipids/BD1zhy-A-A-CLR1/report.txt	9	1	0	0	0	0	0
/Volumes/GigiMurin/plip/sterol_lipids/BD1zhz-A-A-ERG1/report.txt	12	1	0	0	0	0	0
/Volumes/GigiMurin/plip/sterol_lipids/BD1zq5-A-A-E041/report.txt	14	2	0	0	0	0	0
/Volumes/GigiMurin/plip/sterol_lipids/BD2a3i-A-A-C0R1/report.txt	5	3	0	0	0	0	0
/Volumes/GigiMurin/plip/sterol_lipids/BD2aa2-A-A-AS41/report.txt	4	4	0	0	0	0	0
/Volumes/GigiMurin/plip/sterol_lipids/BD2aa5-A-A-STR1/report.txt	5	2	0	0	0	0	0
/Volumes/GigiMurin/plip/sterol_lipids/BD2aa5-B-B-STR1/report.txt	6	2	0	0	0	0	0
/Volumes/GigiMurin/plip/sterol_lipids/BD2aa6-A-A-STR1/report.txt	6	2	0	0	0	0	0
/Volumes/GigiMurin/plip/sterol_lipids/BD2aa7-A-A-1CA1/report.txt	4	5	0	0	0	0	0
/Volumes/GigiMurin/plip/sterol_lipids/BD2aax-A-A-PDN1/report.txt	6	4	0	0	0	0	0
/Volumes/GigiMurin/plip/sterol_lipids/BD2ab2-A-A-SNL1/report.txt	11	3	0	0	0	0	0
/Volumes/GigiMurin/plip/sterol_lipids/BD2aba-A-A-STR1/report.txt	2	0	0	0	0	0	0
/Volumes/GigiMurin/plip/sterol_lipids/BD2abi-A-A-1CA1/report.txt	7	4	0	0	0	0	0
/Volumes/GigiMurin/plip/sterol_lipids/BD2abi-C-C-1CA1/report.txt	7	4	0	0	0	0	0
/Volumes/GigiMurin/plip/sterol_lipids/BD2aib-A-A-ERG1/report.txt	9	0	0	0	0	0	0
/Volumes/GigiMurin/plip/sterol_lipids/BD2aib-A-B-ERG1/report.txt	1	0	0	0	0	0	0
/Volumes/GigiMurin/plip/sterol_lipids/BD2aib-B-A-ERG1/report.txt	1	0	0	0	0	0	0
/Volumes/GigiMurin/plip/sterol_lipids/BD2aib-B-B-ERG1/report.txt	12	2	0	0	0	0	0
/Volumes/GigiMurin/plip/sterol_lipids/BD2am9-A-A-TES1/report.txt	7	2	0	0	0	0	0
/Volumes/GigiMurin/plip/sterol_lipids/BD2ama-A-A-DHT1/report.txt	6	2	0	0	0	0	0
/Volumes/GigiMurin/plip/sterol_lipids/BD2amb-A-A-17H1/report.txt	9	3	0	1	0	0	0
/Volumes/GigiMurin/plip/sterol_lipids/BD2ao6-A-A-R181/report.txt	6	3	0	0	0	0	0
/Volumes/GigiMurin/plip/sterol_lipids/BD2azy-A-A-CHD1/report.txt	10	2	0	0	0	0	0
/Volumes/GigiMurin/plip/sterol_lipids/BD2azz-A-A-TCH1/report.txt	8	1	0	0	0	0	0
/Volumes/GigiMurin/plip/sterol_lipids/BD2b00-A-A-GCH1/report.txt	7	1	0	0	0	0	0
/Volumes/GigiMurin/plip/sterol_lipids/BD2b01-A-A-TUD1/report.txt	12	4	1	0	0	0	0
/Volumes/GigiMurin/plip/sterol_lipids/BD2b03-A-A-TUD1/report.txt	10	3	0	0	0	0	0
/Volumes/GigiMurin/plip/sterol_lipids/BD2b04-A-A-CHO1/report.txt	11	3	0	0	0	0	0
/Volumes/GigiMurin/plip/sterol_lipids/BD2b1z-A-A-17M1/report.txt	7	2	0	2	0	0	0
/Volumes/GigiMurin/plip/sterol_lipids/BD2bfv-H-H-STG1/report.txt	8	2	0	0	0	0	0
/Volumes/GigiMurin/plip/sterol_lipids/BD2bfv-L-H-STG1/report.txt	0	1	0	0	0	0	0
/Volumes/GigiMurin/plip/sterol_lipids/BD2bjf-A-A-DXC1/report.txt	7	4	1	0	0	0	0
/Volumes/GigiMurin/plip/sterol_lipids/BD2bw7-A-A-ECS1/report.txt	5	4	0	0	0	0	0
/Volumes/GigiMurin/plip/sterol_lipids/BD2bw7-B-A-ECS1/report.txt	1	0	0	0	0	0	0
/Volumes/GigiMurin/plip/sterol_lipids/BD2d06-A-A-EST1/report.txt	6	1	0	1	0	0	0
/Volumes/GigiMurin/plip/sterol_lipids/BD2dqy-A-A-CHD1/report.txt	1	2	0	0	0	0	0
/Volumes/GigiMurin/plip/sterol_lipids/BD2dqy-B-B-CHD1/report.txt	0	4	0	0	0	0	0
/Volumes/GigiMurin/plip/sterol_lipids/BD2dqy-C-C-CHD1/report.txt	1	2	0	0	0	0	0
/Volumes/GigiMurin/plip/sterol_lipids/BD2dr0-A-A-TCH1/report.txt	1	2	0	0	0	0	0
/Volumes/GigiMurin/plip/sterol_lipids/BD2dr0-A-A-TCH2/report.txt	11	4	0	0	0	0	0
/Volumes/GigiMurin/plip/sterol_lipids/BD2dr0-B-B-TCH1/report.txt	1	2	0	0	0	0	0
/Volumes/GigiMurin/plip/sterol_lipids/BD2dr0-B-B-TCH2/report.txt	9	5	0	0	0	0	0
/Volumes/GigiMurin/plip/sterol_lipids/BD2dr0-C-C-TCH1/report.txt	1	2	0	0	0	0	0
/Volumes/GigiMurin/plip/sterol_lipids/BD2dr0-C-C-TCH2/report.txt	7	4	0	0	0	0	0
/Volumes/GigiMurin/plip/sterol_lipids/BD2dyr-A-B-CHD1/report.txt	4	0	0	0	0	0	0
/Volumes/GigiMurin/plip/sterol_lipids/BD2dyr-A-C-CHD1/report.txt	2	1	1	0	0	0	0
/Volumes/GigiMurin/plip/sterol_lipids/BD2dyr-B-B-CHD1/report.txt	0	2	0	0	0	0	0
/Volumes/GigiMurin/plip/sterol_lipids/BD2dyr-C-C-CHD1/report.txt	0	1	1	0	0	0	0
/Volumes/GigiMurin/plip/sterol_lipids/BD2dyr-C-C-CHD2/report.txt	6	1	1	0	0	0	0
/Volumes/GigiMurin/plip/sterol_lipids/BD2dyr-G-O-CHD1/report.txt	0	0	2	0	0	0	0
/Volumes/GigiMurin/plip/sterol_lipids/BD2dyr-J-C-CHD2/report.txt	0	1	0	0	0	0	0
/Volumes/GigiMurin/plip/sterol_lipids/BD2dyr-J-J-CHD1/report.txt	4	2	0	0	0	0	0
/Volumes/GigiMurin/plip/sterol_lipids/BD2dyr-N-O-CHD1/report.txt	4	0	0	0	0	0	0
/Volumes/GigiMurin/plip/sterol_lipids/BD2dyr-N-P-CHD1/report.txt	2	1	1	0	0	0	0
/Volumes/GigiMurin/plip/sterol_lipids/BD2dyr-O-O-CHD1/report.txt	0	2	0	0	0	0	0
/Volumes/GigiMurin/plip/sterol_lipids/BD2dyr-P-P-CHD1/report.txt	1	1	1	0	0	0	0
/Volumes/GigiMurin/plip/sterol_lipids/BD2dyr-P-P-CHD2/report.txt	6	1	1	0	0	0	0
/Volumes/GigiMurin/plip/sterol_lipids/BD2dyr-T-B-CHD1/report.txt	2	0	2	0	0	0	0
/Volumes/GigiMurin/plip/sterol_lipids/BD2dyr-W-P-CHD2/report.txt	0	1	0	0	0	0	0
/Volumes/GigiMurin/plip/sterol_lipids/BD2dyr-W-W-CHD1/report.txt	4	2	0	0	0	0	0
/Volumes/GigiMurin/plip/sterol_lipids/BD2dys-A-B-CHD1/report.txt	4	0	0	0	0	0	0
/Volumes/GigiMurin/plip/sterol_lipids/BD2dys-A-C-CHD1/report.txt	1	2	1	0	0	0	0
/Volumes/GigiMurin/plip/sterol_lipids/BD2dys-B-B-CHD1/report.txt	0	2	0	0	0	0	0
/Volumes/GigiMurin/plip/sterol_lipids/BD2dys-C-C-CHD1/report.txt	0	1	1	0	0	0	0
/Volumes/GigiMurin/plip/sterol_lipids/BD2dys-C-C-CHD2/report.txt	5	1	1	0	0	0	0
/Volumes/GigiMurin/plip/sterol_lipids/BD2dys-G-O-CHD1/report.txt	0	0	2	0	0	0	0
/Volumes/GigiMurin/plip/sterol_lipids/BD2dys-J-C-CHD2/report.txt	0	1	0	0	0	0	0
/Volumes/GigiMurin/plip/sterol_lipids/BD2dys-J-J-CHD1/report.txt	4	2	0	0	0	0	0
/Volumes/GigiMurin/plip/sterol_lipids/BD2dys-N-O-CHD1/report.txt	4	0	0	0	0	0	0
/Volumes/GigiMurin/plip/sterol_lipids/BD2dys-N-P-CHD1/report.txt	2	3	1	0	0	0	0
/Volumes/GigiMurin/plip/sterol_lipids/BD2dys-O-O-CHD1/report.txt	0	2	0	0	0	0	0
/Volumes/GigiMurin/plip/sterol_lipids/BD2dys-P-P-CHD1/report.txt	0	1	1	0	0	0	0
/Volumes/GigiMurin/plip/sterol_lipids/BD2dys-P-P-CHD2/report.txt	5	1	1	0	0	0	0
/Volumes/GigiMurin/plip/sterol_lipids/BD2dys-T-B-CHD1/report.txt	1	0	2	0	0	0	0
/Volumes/GigiMurin/plip/sterol_lipids/BD2dys-W-P-CHD2/report.txt	0	1	0	0	0	0	0
/Volumes/GigiMurin/plip/sterol_lipids/BD2dys-W-W-CHD1/report.txt	4	2	0	0	0	0	0
/Volumes/GigiMurin/plip/sterol_lipids/BD2eij-A-B-CHD1/report.txt	4	0	0	0	0	0	0
/Volumes/GigiMurin/plip/sterol_lipids/BD2eij-A-C-CHD1/report.txt	2	1	1	0	0	0	0
/Volumes/GigiMurin/plip/sterol_lipids/BD2eij-B-B-CHD1/report.txt	0	2	0	0	0	0	0
/Volumes/GigiMurin/plip/sterol_lipids/BD2eij-C-C-CHD1/report.txt	0	1	1	0	0	0	0
/Volumes/GigiMurin/plip/sterol_lipids/BD2eij-C-C-CHD2/report.txt	6	1	1	0	0	0	0
/Volumes/GigiMurin/plip/sterol_lipids/BD2eij-G-O-CHD1/report.txt	2	0	2	0	0	0	0
/Volumes/GigiMurin/plip/sterol_lipids/BD2eij-J-C-CHD2/report.txt	0	1	0	0	0	0	0
/Volumes/GigiMurin/plip/sterol_lipids/BD2eij-J-J-CHD1/report.txt	4	2	0	0	0	0	0
/Volumes/GigiMurin/plip/sterol_lipids/BD2eij-N-O-CHD1/report.txt	4	0	0	0	0	0	0
/Volumes/GigiMurin/plip/sterol_lipids/BD2eij-N-P-CHD1/report.txt	4	1	1	0	0	0	0
/Volumes/GigiMurin/plip/sterol_lipids/BD2eij-O-O-CHD1/report.txt	0	2	0	0	0	0	0
/Volumes/GigiMurin/plip/sterol_lipids/BD2eij-P-P-CHD1/report.txt	1	1	1	0	0	0	0
/Volumes/GigiMurin/plip/sterol_lipids/BD2eij-P-P-CHD2/report.txt	6	1	1	0	0	0	0
/Volumes/GigiMurin/plip/sterol_lipids/BD2eij-T-B-CHD1/report.txt	2	0	2	0	0	0	0
/Volumes/GigiMurin/plip/sterol_lipids/BD2eij-W-P-CHD2/report.txt	0	1	0	0	0	0	0
/Volumes/GigiMurin/plip/sterol_lipids/BD2eij-W-W-CHD1/report.txt	4	1	0	0	0	0	0
/Volumes/GigiMurin/plip/sterol_lipids/BD2eik-A-B-CHD1/report.txt	4	0	0	0	0	0	0
/Volumes/GigiMurin/plip/sterol_lipids/BD2eik-A-C-CHD1/report.txt	2	2	1	0	0	0	0
/Volumes/GigiMurin/plip/sterol_lipids/BD2eik-B-B-CHD1/report.txt	0	2	0	0	0	0	0
/Volumes/GigiMurin/plip/sterol_lipids/BD2eik-C-C-CHD1/report.txt	0	1	1	0	0	0	0
/Volumes/GigiMurin/plip/sterol_lipids/BD2eik-C-C-CHD2/report.txt	6	1	1	0	0	0	0
/Volumes/GigiMurin/plip/sterol_lipids/BD2eik-G-O-CHD1/report.txt	2	0	2	0	0	0	0
/Volumes/GigiMurin/plip/sterol_lipids/BD2eik-J-C-CHD2/report.txt	0	1	0	0	0	0	0
/Volumes/GigiMurin/plip/sterol_lipids/BD2eik-J-J-CHD1/report.txt	4	2	0	0	0	0	0
/Volumes/GigiMurin/plip/sterol_lipids/BD2eik-N-O-CHD1/report.txt	4	0	0	0	0	0	0
/Volumes/GigiMurin/plip/sterol_lipids/BD2eik-N-P-CHD1/report.txt	2	1	1	0	0	0	0
/Volumes/GigiMurin/plip/sterol_lipids/BD2eik-O-O-CHD1/report.txt	0	2	0	0	0	0	0
/Volumes/GigiMurin/plip/sterol_lipids/BD2eik-P-P-CHD1/report.txt	0	1	1	0	0	0	0
/Volumes/GigiMurin/plip/sterol_lipids/BD2eik-P-P-CHD2/report.txt	7	1	1	0	0	0	0
/Volumes/GigiMurin/plip/sterol_lipids/BD2eik-T-B-CHD1/report.txt	2	1	1	0	0	0	0
/Volumes/GigiMurin/plip/sterol_lipids/BD2eik-W-P-CHD2/report.txt	0	1	0	0	0	0	0
/Volumes/GigiMurin/plip/sterol_lipids/BD2eik-W-W-CHD1/report.txt	4	1	0	0	0	0	0
/Volumes/GigiMurin/plip/sterol_lipids/BD2eil-A-B-CHD1/report.txt	4	0	0	0	0	0	0
/Volumes/GigiMurin/plip/sterol_lipids/BD2eil-A-C-CHD1/report.txt	2	1	1	0	0	0	0
/Volumes/GigiMurin/plip/sterol_lipids/BD2eil-B-B-CHD1/report.txt	0	3	0	0	0	0	0
/Volumes/GigiMurin/plip/sterol_lipids/BD2eil-C-C-CHD1/report.txt	0	1	1	0	0	0	0
/Volumes/GigiMurin/plip/sterol_lipids/BD2eil-C-C-CHD2/report.txt	7	1	1	0	0	0	0
/Volumes/GigiMurin/plip/sterol_lipids/BD2eil-G-O-CHD1/report.txt	2	0	2	0	0	0	0
/Volumes/GigiMurin/plip/sterol_lipids/BD2eil-J-C-CHD2/report.txt	0	1	0	0	0	0	0
/Volumes/GigiMurin/plip/sterol_lipids/BD2eil-J-J-CHD1/report.txt	4	2	0	0	0	0	0
/Volumes/GigiMurin/plip/sterol_lipids/BD2eil-N-O-CHD1/report.txt	4	0	0	0	0	0	0
/Volumes/GigiMurin/plip/sterol_lipids/BD2eil-N-P-CHD1/report.txt	3	1	1	0	0	0	0
/Volumes/GigiMurin/plip/sterol_lipids/BD2eil-O-O-CHD1/report.txt	0	2	0	0	0	0	0
/Volumes/GigiMurin/plip/sterol_lipids/BD2eil-P-P-CHD1/report.txt	0	1	1	0	0	0	0
/Volumes/GigiMurin/plip/sterol_lipids/BD2eil-P-P-CHD2/report.txt	6	1	1	0	0	0	0
/Volumes/GigiMurin/plip/sterol_lipids/BD2eil-T-B-CHD1/report.txt	2	0	2	0	0	0	0
/Volumes/GigiMurin/plip/sterol_lipids/BD2eil-W-P-CHD2/report.txt	0	1	0	0	0	0	0
/Volumes/GigiMurin/plip/sterol_lipids/BD2eil-W-W-CHD1/report.txt	4	2	0	0	0	0	0
/Volumes/GigiMurin/plip/sterol_lipids/BD2eim-A-A-CHD1/report.txt	2	2	1	0	0	0	0
/Volumes/GigiMurin/plip/sterol_lipids/BD2eim-A-B-CHD1/report.txt	4	0	0	0	0	0	0
/Volumes/GigiMurin/plip/sterol_lipids/BD2eim-B-B-CHD1/report.txt	2	2	0	0	0	0	0
/Volumes/GigiMurin/plip/sterol_lipids/BD2eim-C-A-CHD1/report.txt	0	1	1	0	0	0	0
/Volumes/GigiMurin/plip/sterol_lipids/BD2eim-C-C-CHD1/report.txt	5	1	1	0	0	0	0
/Volumes/GigiMurin/plip/sterol_lipids/BD2eim-G-N-CHD1/report.txt	2	0	2	0	0	0	0
/Volumes/GigiMurin/plip/sterol_lipids/BD2eim-J-C-CHD1/report.txt	0	1	0	0	0	0	0
/Volumes/GigiMurin/plip/sterol_lipids/BD2eim-J-J-CHD1/report.txt	4	1	0	0	0	0	0
/Volumes/GigiMurin/plip/sterol_lipids/BD2eim-N-N-CHD1/report.txt	4	0	0	0	0	0	0
/Volumes/GigiMurin/plip/sterol_lipids/BD2eim-N-P-CHD1/report.txt	3	2	1	0	0	0	0
/Volumes/GigiMurin/plip/sterol_lipids/BD2eim-O-N-CHD1/report.txt	1	2	0	0	0	0	0
/Volumes/GigiMurin/plip/sterol_lipids/BD2eim-P-P-CHD1/report.txt	0	1	1	0	0	0	0
/Volumes/GigiMurin/plip/sterol_lipids/BD2eim-P-W-CHD1/report.txt	5	0	1	0	0	0	0
/Volumes/GigiMurin/plip/sterol_lipids/BD2eim-T-B-CHD1/report.txt	2	1	1	0	0	0	0
/Volumes/GigiMurin/plip/sterol_lipids/BD2eim-W-W-CHD1/report.txt	0	1	0	0	0	0	0
/Volumes/GigiMurin/plip/sterol_lipids/BD2eim-W-W-CHD2/report.txt	4	1	0	0	0	0	0
/Volumes/GigiMurin/plip/sterol_lipids/BD2ein-A-B-CHD1/report.txt	4	0	0	0	0	0	0
/Volumes/GigiMurin/plip/sterol_lipids/BD2ein-A-C-CHD1/report.txt	1	3	1	0	0	0	0
/Volumes/GigiMurin/plip/sterol_lipids/BD2ein-A-J-CHD1/report.txt	1	0	0	0	0	0	0
/Volumes/GigiMurin/plip/sterol_lipids/BD2ein-B-B-CHD1/report.txt	0	2	0	0	0	0	0
/Volumes/GigiMurin/plip/sterol_lipids/BD2ein-C-C-CHD1/report.txt	0	1	1	0	0	0	0
/Volumes/GigiMurin/plip/sterol_lipids/BD2ein-C-C-CHD2/report.txt	6	1	1	0	0	0	0
/Volumes/GigiMurin/plip/sterol_lipids/BD2ein-G-G-CHD1/report.txt	1	0	2	0	0	0	0
/Volumes/GigiMurin/plip/sterol_lipids/BD2ein-J-C-CHD2/report.txt	0	1	0	0	0	0	0
/Volumes/GigiMurin/plip/sterol_lipids/BD2ein-J-J-CHD1/report.txt	4	2	0	0	0	0	0
/Volumes/GigiMurin/plip/sterol_lipids/BD2ein-N-G-CHD1/report.txt	4	0	0	0	0	0	0
/Volumes/GigiMurin/plip/sterol_lipids/BD2ein-N-P-CHD1/report.txt	2	1	1	0	0	0	0
/Volumes/GigiMurin/plip/sterol_lipids/BD2ein-N-W-CHD1/report.txt	1	0	0	0	0	0	0
/Volumes/GigiMurin/plip/sterol_lipids/BD2ein-O-G-CHD1/report.txt	0	3	0	0	0	0	0
/Volumes/GigiMurin/plip/sterol_lipids/BD2ein-P-P-CHD1/report.txt	1	1	1	0	0	0	0
/Volumes/GigiMurin/plip/sterol_lipids/BD2ein-P-P-CHD2/report.txt	2	1	1	0	0	0	0
/Volumes/GigiMurin/plip/sterol_lipids/BD2ein-T-B-CHD1/report.txt	2	0	2	0	0	0	0
/Volumes/GigiMurin/plip/sterol_lipids/BD2ein-W-P-CHD2/report.txt	0	1	0	0	0	0	0
/Volumes/GigiMurin/plip/sterol_lipids/BD2ein-W-W-CHD1/report.txt	4	2	0	0	0	0	0
/Volumes/GigiMurin/plip/sterol_lipids/BD2ft9-A-A-CHD1/report.txt	6	2	1	0	0	0	0
/Volumes/GigiMurin/plip/sterol_lipids/BD2ft9-A-A-CHD2/report.txt	4	6	0	0	0	0	0
/Volumes/GigiMurin/plip/sterol_lipids/BD2g5o-A-A-DRQ1/report.txt	6	2	0	1	0	0	0
/Volumes/GigiMurin/plip/sterol_lipids/BD2gd8-A-A-PO11/report.txt	3	2	2	0	0	0	0
/Volumes/GigiMurin/plip/sterol_lipids/BD2gd8-A-A-PO12/report.txt	5	4	0	0	0	0	0
/Volumes/GigiMurin/plip/sterol_lipids/BD2har-A-A-OCC1/report.txt	13	7	0	0	0	0	0
/Volumes/GigiMurin/plip/sterol_lipids/BD2hb7-A-A-O1C1/report.txt	13	7	0	0	0	0	0
/Volumes/GigiMurin/plip/sterol_lipids/BD2hb8-A-A-MVD1/report.txt	12	5	0	0	0	0	0
/Volumes/GigiMurin/plip/sterol_lipids/BD2hbh-A-A-XE41/report.txt	10	2	0	0	0	0	0
/Volumes/GigiMurin/plip/sterol_lipids/BD2hc4-A-A-VDX1/report.txt	11	4	0	0	0	0	0
/Volumes/GigiMurin/plip/sterol_lipids/BD2hcd-A-A-BIV1/report.txt	14	4	0	0	0	0	0
/Volumes/GigiMurin/plip/sterol_lipids/BD2hka-B-B-C3S1/report.txt	12	0	0	0	0	0	0
/Volumes/GigiMurin/plip/sterol_lipids/BD2hka-C-C-C3S1/report.txt	19	0	0	0	0	0	0
/Volumes/GigiMurin/plip/sterol_lipids/BD2hrc-A-A-CHD1/report.txt	6	1	0	0	0	0	0
/Volumes/GigiMurin/plip/sterol_lipids/BD2hrc-A-A-CHD2/report.txt	5	0	1	0	0	0	0
/Volumes/GigiMurin/plip/sterol_lipids/BD2hrc-A-A-CHD3/report.txt	3	1	0	0	0	0	0
/Volumes/GigiMurin/plip/sterol_lipids/BD2hrc-B-B-CHD1/report.txt	3	0	1	0	0	0	0
/Volumes/GigiMurin/plip/sterol_lipids/BD2hrc-B-B-CHD2/report.txt	2	0	0	0	0	0	0
/Volumes/GigiMurin/plip/sterol_lipids/BD2hrc-B-B-CHD3/report.txt	6	2	0	0	0	0	0
/Volumes/GigiMurin/plip/sterol_lipids/BD2hre-B-B-CHD1/report.txt	0	1	1	0	0	0	0
/Volumes/GigiMurin/plip/sterol_lipids/BD2hre-D-D-CHD1/report.txt	2	2	0	0	0	0	0
/Volumes/GigiMurin/plip/sterol_lipids/BD2hzq-A-A-STR1/report.txt	6	0	0	0	0	0	0
/Volumes/GigiMurin/plip/sterol_lipids/BD2ipf-A-A-FFA1/report.txt	7	3	0	0	0	0	0
/Volumes/GigiMurin/plip/sterol_lipids/BD2ipg-A-A-FFA1/report.txt	9	2	0	0	0	0	0
/Volumes/GigiMurin/plip/sterol_lipids/BD2ipj-A-A-FFA1/report.txt	9	2	0	0	0	0	0
/Volumes/GigiMurin/plip/sterol_lipids/BD2ipj-B-B-FFA1/report.txt	4	0	0	0	0	0	0
/Volumes/GigiMurin/plip/sterol_lipids/BD2j7x-A-A-EST1/report.txt	6	3	0	1	0	0	0
/Volumes/GigiMurin/plip/sterol_lipids/BD2j7y-A-A-E3O1/report.txt	6	3	0	1	0	0	0
/Volumes/GigiMurin/plip/sterol_lipids/BD2jn3-A-A-JN31/report.txt	8	1	1	0	0	0	0
/Volumes/GigiMurin/plip/sterol_lipids/BD2jn3-A-A-JN32/report.txt	12	0	2	0	0	0	0
/Volumes/GigiMurin/plip/sterol_lipids/BD2lba-A-A-CHO1/report.txt	9	1	1	0	0	0	0
/Volumes/GigiMurin/plip/sterol_lipids/BD2lba-A-A-CHO2/report.txt	12	8	1	0	0	0	0
/Volumes/GigiMurin/plip/sterol_lipids/BD2lfo-A-A-CHO1/report.txt	10	1	0	0	0	0	0
/Volumes/GigiMurin/plip/sterol_lipids/BD2lfo-A-A-GCH1/report.txt	6	5	1	0	0	0	0
/Volumes/GigiMurin/plip/sterol_lipids/BD2mm3-A-A-CHO1/report.txt	12	4	0	0	0	0	0
/Volumes/GigiMurin/plip/sterol_lipids/BD2mm3-A-A-GCH1/report.txt	11	4	1	0	0	0	0
/Volumes/GigiMurin/plip/sterol_lipids/BD2mzi-A-A-C3S1/report.txt	0	2	0	0	0	0	0
/Volumes/GigiMurin/plip/sterol_lipids/BD2nxx-E-E-P1A1/report.txt	7	5	0	0	0	0	0
/Volumes/GigiMurin/plip/sterol_lipids/BD2o5y-H-H-STR1/report.txt	5	1	0	0	0	0	0
/Volumes/GigiMurin/plip/sterol_lipids/BD2o5z-H-H-ANO1/report.txt	3	1	0	0	0	0	0
/Volumes/GigiMurin/plip/sterol_lipids/BD2o5z-L-H-ANO1/report.txt	1	0	0	0	0	0	0
/Volumes/GigiMurin/plip/sterol_lipids/BD2oax-A-A-SNL1/report.txt	11	3	0	0	0	0	0
/Volumes/GigiMurin/plip/sterol_lipids/BD2oax-C-C-SNL1/report.txt	9	3	0	0	0	0	0
/Volumes/GigiMurin/plip/sterol_lipids/BD2obd-A-A-2OB1/report.txt	22	0	1	0	0	0	0
/Volumes/GigiMurin/plip/sterol_lipids/BD2obd-A-A-2OB2/report.txt	24	0	0	0	0	0	0
/Volumes/GigiMurin/plip/sterol_lipids/BD2ocf-A-A-EST1/report.txt	3	3	0	1	0	0	0
/Volumes/GigiMurin/plip/sterol_lipids/BD2olc-A-A-CPS1/report.txt	5	1	0	0	0	0	0
/Volumes/GigiMurin/plip/sterol_lipids/BD2opx-A-A-DXC1/report.txt	8	2	0	0	0	0	0
/Volumes/GigiMurin/plip/sterol_lipids/BD2opx-A-A-DXC2/report.txt	3	2	0	0	0	0	0
/Volumes/GigiMurin/plip/sterol_lipids/BD2opx-A-A-DXC3/report.txt	3	0	0	0	0	0	0
/Volumes/GigiMurin/plip/sterol_lipids/BD2oqo-A-A-CPS1/report.txt	2	2	1	0	0	0	0
/Volumes/GigiMurin/plip/sterol_lipids/BD2ovh-A-A-AS01/report.txt	3	2	0	1	0	0	0
/Volumes/GigiMurin/plip/sterol_lipids/BD2ovm-A-A-AS01/report.txt	4	3	0	0	0	0	0
/Volumes/GigiMurin/plip/sterol_lipids/BD2oz7-A-A-CA41/report.txt	10	3	0	0	0	0	0
/Volumes/GigiMurin/plip/sterol_lipids/BD2p15-A-A-EZT1/report.txt	8	2	0	1	0	1	0
/Volumes/GigiMurin/plip/sterol_lipids/BD2p15-B-B-EZT1/report.txt	8	3	0	1	0	1	0
/Volumes/GigiMurin/plip/sterol_lipids/BD2pio-A-A-DHT1/report.txt	5	3	0	0	0	0	0
/Volumes/GigiMurin/plip/sterol_lipids/BD2pip-L-L-DHT1/report.txt	7	2	0	0	0	0	0
/Volumes/GigiMurin/plip/sterol_lipids/BD2piq-A-A-DHT1/report.txt	3	2	0	0	0	0	0
/Volumes/GigiMurin/plip/sterol_lipids/BD2pir-A-A-DHT1/report.txt	8	3	0	0	0	0	0
/Volumes/GigiMurin/plip/sterol_lipids/BD2pit-A-A-DHT1/report.txt	7	3	0	0	0	0	0
/Volumes/GigiMurin/plip/sterol_lipids/BD2piu-A-A-DHT1/report.txt	6	3	0	0	0	0	0
/Volumes/GigiMurin/plip/sterol_lipids/BD2piv-A-A-DHT1/report.txt	7	2	0	0	0	0	0
/Volumes/GigiMurin/plip/sterol_lipids/BD2piw-A-A-DHT1/report.txt	4	3	0	0	0	0	0
/Volumes/GigiMurin/plip/sterol_lipids/BD2pix-A-A-DHT1/report.txt	5	2	0	0	0	0	0
/Volumes/GigiMurin/plip/sterol_lipids/BD2pkl-A-A-DHT1/report.txt	6	4	0	0	0	0	0
/Volumes/GigiMurin/plip/sterol_lipids/BD2pnj-A-A-CHD1/report.txt	7	3	0	0	0	0	0
/Volumes/GigiMurin/plip/sterol_lipids/BD2pnj-A-A-CHD2/report.txt	3	0	0	0	0	0	0
/Volumes/GigiMurin/plip/sterol_lipids/BD2pnj-A-A-CHD3/report.txt	2	0	0	0	0	0	0
/Volumes/GigiMurin/plip/sterol_lipids/BD2pnj-B-B-CHD1/report.txt	6	2	0	0	0	0	0
/Volumes/GigiMurin/plip/sterol_lipids/BD2pnj-B-B-CHD2/report.txt	3	0	1	0	0	0	0
/Volumes/GigiMurin/plip/sterol_lipids/BD2pnj-B-B-CHD3/report.txt	2	0	0	0	0	0	0
/Volumes/GigiMurin/plip/sterol_lipids/BD2pnu-A-A-ENM1/report.txt	10	2	0	0	0	0	0
/Volumes/GigiMurin/plip/sterol_lipids/BD2po5-A-A-CHD1/report.txt	6	1	0	0	0	0	0
/Volumes/GigiMurin/plip/sterol_lipids/BD2po5-A-A-CHD2/report.txt	7	0	1	0	0	0	0
/Volumes/GigiMurin/plip/sterol_lipids/BD2po5-A-A-CHD3/report.txt	2	0	0	0	0	0	0
/Volumes/GigiMurin/plip/sterol_lipids/BD2po5-B-B-CHD1/report.txt	5	1	0	0	0	0	0
/Volumes/GigiMurin/plip/sterol_lipids/BD2po5-B-B-CHD2/report.txt	5	0	1	0	0	0	0
/Volumes/GigiMurin/plip/sterol_lipids/BD2po5-B-B-CHD3/report.txt	2	0	0	0	0	0	0
/Volumes/GigiMurin/plip/sterol_lipids/BD2po7-A-A-CHD1/report.txt	4	2	0	0	0	0	0
/Volumes/GigiMurin/plip/sterol_lipids/BD2po7-A-A-CHD2/report.txt	7	0	1	0	0	0	0
/Volumes/GigiMurin/plip/sterol_lipids/BD2po7-A-A-CHD3/report.txt	2	0	0	0	0	0	0
/Volumes/GigiMurin/plip/sterol_lipids/BD2po7-B-B-CHD1/report.txt	4	2	0	0	0	0	0
/Volumes/GigiMurin/plip/sterol_lipids/BD2po7-B-B-CHD2/report.txt	7	0	1	0	0	0	0
/Volumes/GigiMurin/plip/sterol_lipids/BD2po7-B-B-CHD3/report.txt	2	0	0	0	0	0	0
/Volumes/GigiMurin/plip/sterol_lipids/BD2pu8-A-A-CPS1/report.txt	6	2	0	0	0	0	0
/Volumes/GigiMurin/plip/sterol_lipids/BD2pui-B-B-CPS1/report.txt	0	0	0	0	0	0	0
/Volumes/GigiMurin/plip/sterol_lipids/BD2pul-A-A-CPS1/report.txt	6	1	0	0	0	0	0
/Volumes/GigiMurin/plip/sterol_lipids/BD2pun-A-A-CPS1/report.txt	7	1	0	0	0	0	0
/Volumes/GigiMurin/plip/sterol_lipids/BD2pup-B-B-CPS1/report.txt	0	0	0	0	0	0	0
/Volumes/GigiMurin/plip/sterol_lipids/BD2q1h-A-A-AS41/report.txt	6	4	0	0	0	0	0
/Volumes/GigiMurin/plip/sterol_lipids/BD2q1v-A-A-PDN1/report.txt	6	4	0	0	0	0	0
/Volumes/GigiMurin/plip/sterol_lipids/BD2q3t-A-A-CPS1/report.txt	4	0	0	0	0	0	0
/Volumes/GigiMurin/plip/sterol_lipids/BD2q3y-A-A-1CA1/report.txt	6	4	0	0	0	0	0
/Volumes/GigiMurin/plip/sterol_lipids/BD2q7i-A-A-TES1/report.txt	7	3	0	0	0	0	0
/Volumes/GigiMurin/plip/sterol_lipids/BD2q7j-A-A-TES1/report.txt	6	3	0	0	0	0	0
/Volumes/GigiMurin/plip/sterol_lipids/BD2q7k-A-A-TES1/report.txt	8	3	0	0	0	0	0
/Volumes/GigiMurin/plip/sterol_lipids/BD2q7l-A-A-TES1/report.txt	8	3	0	0	0	0	0
/Volumes/GigiMurin/plip/sterol_lipids/BD2q9f-A-A-C3S1/report.txt	10	3	2	0	0	0	0
/Volumes/GigiMurin/plip/sterol_lipids/BD2qd1-D-D-CHD1/report.txt	2	0	0	0	0	0	0
/Volumes/GigiMurin/plip/sterol_lipids/BD2qd1-D-D-CHD2/report.txt	1	1	2	0	0	0	0
/Volumes/GigiMurin/plip/sterol_lipids/BD2qd2-A-A-CHD1/report.txt	4	1	2	0	0	0	0
/Volumes/GigiMurin/plip/sterol_lipids/BD2qd2-A-A-CHD2/report.txt	3	1	0	0	0	0	0
/Volumes/GigiMurin/plip/sterol_lipids/BD2qd2-B-B-CHD1/report.txt	5	1	2	0	0	0	0
/Volumes/GigiMurin/plip/sterol_lipids/BD2qd2-B-B-CHD2/report.txt	2	0	0	0	0	0	0
/Volumes/GigiMurin/plip/sterol_lipids/BD2qd3-A-A-CHD1/report.txt	7	0	2	0	0	0	0
/Volumes/GigiMurin/plip/sterol_lipids/BD2qd3-A-A-CHD2/report.txt	4	2	0	0	0	0	0
/Volumes/GigiMurin/plip/sterol_lipids/BD2qd3-A-A-CHD3/report.txt	1	0	0	0	0	0	0
/Volumes/GigiMurin/plip/sterol_lipids/BD2qd3-B-B-CHD1/report.txt	4	1	1	0	0	0	0
/Volumes/GigiMurin/plip/sterol_lipids/BD2qd3-B-B-CHD2/report.txt	1	0	0	0	0	0	0
/Volumes/GigiMurin/plip/sterol_lipids/BD2qd4-A-A-CHD1/report.txt	8	2	0	0	0	0	0
/Volumes/GigiMurin/plip/sterol_lipids/BD2qd4-A-A-CHD2/report.txt	1	0	2	0	0	0	0
/Volumes/GigiMurin/plip/sterol_lipids/BD2qd4-A-A-CHD3/report.txt	4	2	0	0	0	0	0
/Volumes/GigiMurin/plip/sterol_lipids/BD2qd4-B-B-CHD1/report.txt	6	1	2	0	0	0	0
/Volumes/GigiMurin/plip/sterol_lipids/BD2qd4-B-B-CHD2/report.txt	2	0	0	0	0	0	0
/Volumes/GigiMurin/plip/sterol_lipids/BD2qd4-B-B-CHD3/report.txt	8	2	0	0	0	0	0
/Volumes/GigiMurin/plip/sterol_lipids/BD2qd5-A-A-CHD1/report.txt	4	3	2	0	0	0	0
/Volumes/GigiMurin/plip/sterol_lipids/BD2qd5-A-A-CHD2/report.txt	1	2	0	0	0	0	0
/Volumes/GigiMurin/plip/sterol_lipids/BD2qd5-B-B-CHD1/report.txt	6	1	2	0	0	0	0
/Volumes/GigiMurin/plip/sterol_lipids/BD2qd5-B-B-CHD2/report.txt	3	0	0	0	0	0	0
/Volumes/GigiMurin/plip/sterol_lipids/BD2qgt-A-A-EED1/report.txt	6	3	0	1	0	0	0
/Volumes/GigiMurin/plip/sterol_lipids/BD2qo4-A-A-CHD1/report.txt	5	1	1	0	0	0	0
/Volumes/GigiMurin/plip/sterol_lipids/BD2qo5-A-A-CHD1/report.txt	4	0	1	0	0	0	0
/Volumes/GigiMurin/plip/sterol_lipids/BD2qo5-A-A-CHD2/report.txt	7	3	1	0	0	0	0
/Volumes/GigiMurin/plip/sterol_lipids/BD2qo6-A-A-CHD1/report.txt	6	0	1	0	0	0	0
/Volumes/GigiMurin/plip/sterol_lipids/BD2qp3-A-A-AOX1/report.txt	3	2	0	0	0	0	0
/Volumes/GigiMurin/plip/sterol_lipids/BD2qp4-A-A-AOX1/report.txt	10	2	0	0	0	0	0
/Volumes/GigiMurin/plip/sterol_lipids/BD2qpy-A-A-DHT1/report.txt	4	2	0	0	0	0	0
/Volumes/GigiMurin/plip/sterol_lipids/BD2r40-D-D-20E1/report.txt	6	9	0	0	0	0	0
/Volumes/GigiMurin/plip/sterol_lipids/BD2rh1-A-A-CLR1/report.txt	8	0	0	0	0	0	0
/Volumes/GigiMurin/plip/sterol_lipids/BD2rh1-A-A-CLR2/report.txt	6	0	0	0	0	0	0
/Volumes/GigiMurin/plip/sterol_lipids/BD2rh1-A-A-CLR3/report.txt	2	0	0	0	0	0	0
/Volumes/GigiMurin/plip/sterol_lipids/BD2rlc-A-A-CHD1/report.txt	8	7	1	0	0	0	0
/Volumes/GigiMurin/plip/sterol_lipids/BD2v95-A-A-HCY1/report.txt	11	2	0	0	0	0	0
/Volumes/GigiMurin/plip/sterol_lipids/BD2vct-A-A-ASD1/report.txt	6	1	0	0	0	0	0
/Volumes/GigiMurin/plip/sterol_lipids/BD2vct-D-D-ASD1/report.txt	5	2	0	0	0	0	0
/Volumes/GigiMurin/plip/sterol_lipids/BD2vcv-A-A-ASD1/report.txt	4	0	0	0	0	0	0
/Volumes/GigiMurin/plip/sterol_lipids/BD2vcv-D-D-ASD1/report.txt	7	0	0	0	0	0	0
/Volumes/GigiMurin/plip/sterol_lipids/BD2vcv-F-F-ASD1/report.txt	7	0	0	0	0	0	0
/Volumes/GigiMurin/plip/sterol_lipids/BD2vcv-G-G-ASD1/report.txt	6	0	0	0	0	0	0
/Volumes/GigiMurin/plip/sterol_lipids/BD2vdy-A-A-HCY1/report.txt	9	2	0	0	0	0	0
/Volumes/GigiMurin/plip/sterol_lipids/BD2w1b-A-A-DXC1/report.txt	2	2	0	0	0	0	0
/Volumes/GigiMurin/plip/sterol_lipids/BD2w8y-A-A-4861/report.txt	8	2	0	0	0	0	0
/Volumes/GigiMurin/plip/sterol_lipids/BD2w8y-B-B-NDR1/report.txt	7	2	0	0	0	0	0
/Volumes/GigiMurin/plip/sterol_lipids/BD2x5w-A-A-K2B1/report.txt	14	0	0	0	0	0	0
/Volumes/GigiMurin/plip/sterol_lipids/BD2x7s-A-A-WZC1/report.txt	4	2	2	0	0	0	0
/Volumes/GigiMurin/plip/sterol_lipids/BD2x7s-A-A-WZC2/report.txt	7	5	0	0	0	0	0
/Volumes/GigiMurin/plip/sterol_lipids/BD2x7t-A-A-WZB1/report.txt	5	2	2	0	0	0	0
/Volumes/GigiMurin/plip/sterol_lipids/BD2x7u-A-A-WZA1/report.txt	5	3	2	0	0	0	0
/Volumes/GigiMurin/plip/sterol_lipids/BD2y69-A-A-CHD1/report.txt	2	1	1	0	0	0	0
/Volumes/GigiMurin/plip/sterol_lipids/BD2y69-A-T-CHD1/report.txt	4	0	0	0	0	0	0
/Volumes/GigiMurin/plip/sterol_lipids/BD2y69-C-A-CHD1/report.txt	1	1	1	0	0	0	0
/Volumes/GigiMurin/plip/sterol_lipids/BD2y69-C-C-CHD1/report.txt	5	0	1	0	0	0	0
/Volumes/GigiMurin/plip/sterol_lipids/BD2y69-G-G-CHD1/report.txt	2	0	2	0	0	0	0
/Volumes/GigiMurin/plip/sterol_lipids/BD2y69-N-G-CHD1/report.txt	4	0	0	0	0	0	0
/Volumes/GigiMurin/plip/sterol_lipids/BD2y69-N-N-CHD1/report.txt	3	1	1	0	0	0	0
/Volumes/GigiMurin/plip/sterol_lipids/BD2y69-P-N-CHD1/report.txt	1	1	1	0	0	0	0
/Volumes/GigiMurin/plip/sterol_lipids/BD2y69-P-P-CHD1/report.txt	4	0	1	0	0	0	0
/Volumes/GigiMurin/plip/sterol_lipids/BD2y69-T-T-CHD1/report.txt	2	0	2	0	0	0	0
/Volumes/GigiMurin/plip/sterol_lipids/BD2yat-A-A-EEU1/report.txt	5	2	1	1	0	0	0
/Volumes/GigiMurin/plip/sterol_lipids/BD2yhd-A-A-TES1/report.txt	5	3	0	0	0	0	0
/Volumes/GigiMurin/plip/sterol_lipids/BD2yja-B-B-EST1/report.txt	5	2	0	1	0	0	0
/Volumes/GigiMurin/plip/sterol_lipids/BD2ylo-A-A-TES1/report.txt	7	2	0	0	0	0	0
/Volumes/GigiMurin/plip/sterol_lipids/BD2ylp-A-A-TES1/report.txt	6	3	0	0	0	0	0
/Volumes/GigiMurin/plip/sterol_lipids/BD2ylq-A-A-TES1/report.txt	5	3	0	0	0	0	0
/Volumes/GigiMurin/plip/sterol_lipids/BD2yoo-A-A-K2B1/report.txt	13	0	0	0	0	0	0
/Volumes/GigiMurin/plip/sterol_lipids/BD2yoo-B-B-K2B1/report.txt	15	0	0	0	0	0	0
/Volumes/GigiMurin/plip/sterol_lipids/BD2yoo-D-D-K2B1/report.txt	15	0	0	0	0	0	0
/Volumes/GigiMurin/plip/sterol_lipids/BD2z4j-A-A-DHT1/report.txt	8	3	0	0	0	0	0
/Volumes/GigiMurin/plip/sterol_lipids/BD2zbz-A-A-VDX1/report.txt	8	2	0	0	0	0	0
/Volumes/GigiMurin/plip/sterol_lipids/BD2zi8-A-A-SDT1/report.txt	5	2	0	1	0	0	0
/Volumes/GigiMurin/plip/sterol_lipids/BD2zi8-B-B-SDT1/report.txt	6	3	0	1	0	0	0
/Volumes/GigiMurin/plip/sterol_lipids/BD2zlc-A-A-VDX1/report.txt	9	4	0	0	0	0	0
/Volumes/GigiMurin/plip/sterol_lipids/BD2zmi-A-A-TT21/report.txt	13	4	0	0	0	0	0
/Volumes/GigiMurin/plip/sterol_lipids/BD2zmj-A-A-MI41/report.txt	14	5	0	0	0	0	0
/Volumes/GigiMurin/plip/sterol_lipids/BD2zxe-A-A-CLR1/report.txt	1	0	0	0	0	0	0
/Volumes/GigiMurin/plip/sterol_lipids/BD2zxe-B-A-CLR1/report.txt	2	0	0	0	0	0	0
/Volumes/GigiMurin/plip/sterol_lipids/BD2zxw-A-B-CHD1/report.txt	4	0	0	0	0	0	0
/Volumes/GigiMurin/plip/sterol_lipids/BD2zxw-A-C-CHD1/report.txt	2	1	1	0	0	0	0
/Volumes/GigiMurin/plip/sterol_lipids/BD2zxw-B-B-CHD1/report.txt	1	2	0	0	0	0	0
/Volumes/GigiMurin/plip/sterol_lipids/BD2zxw-C-C-CHD1/report.txt	0	1	1	0	0	0	0
/Volumes/GigiMurin/plip/sterol_lipids/BD2zxw-C-C-CHD2/report.txt	4	1	1	1	0	0	0
/Volumes/GigiMurin/plip/sterol_lipids/BD2zxw-G-G-CHD1/report.txt	1	0	2	0	0	0	0
/Volumes/GigiMurin/plip/sterol_lipids/BD2zxw-J-C-CHD2/report.txt	0	1	0	0	0	0	0
/Volumes/GigiMurin/plip/sterol_lipids/BD2zxw-J-J-CHD1/report.txt	3	2	0	0	0	0	0
/Volumes/GigiMurin/plip/sterol_lipids/BD2zxw-N-G-CHD1/report.txt	2	0	0	0	0	0	0
/Volumes/GigiMurin/plip/sterol_lipids/BD2zxw-N-P-CHD1/report.txt	2	1	1	0	0	0	0
/Volumes/GigiMurin/plip/sterol_lipids/BD2zxw-O-G-CHD1/report.txt	1	2	0	0	0	0	0
/Volumes/GigiMurin/plip/sterol_lipids/BD2zxw-P-P-CHD1/report.txt	0	1	1	0	0	0	0
/Volumes/GigiMurin/plip/sterol_lipids/BD2zxw-P-P-CHD2/report.txt	5	1	1	0	0	0	0
/Volumes/GigiMurin/plip/sterol_lipids/BD2zxw-T-B-CHD1/report.txt	3	0	2	0	0	0	0
/Volumes/GigiMurin/plip/sterol_lipids/BD2zxw-W-P-CHD2/report.txt	0	1	0	0	0	0	0
/Volumes/GigiMurin/plip/sterol_lipids/BD2zxw-W-W-CHD1/report.txt	2	2	0	0	0	0	0
/Volumes/GigiMurin/plip/sterol_lipids/BD3a3y-A-A-OBN1/report.txt	5	3	0	0	0	0	0
/Volumes/GigiMurin/plip/sterol_lipids/BD3a3y-A-B-CLR1/report.txt	2	0	0	0	0	0	0
/Volumes/GigiMurin/plip/sterol_lipids/BD3a3y-B-B-CLR1/report.txt	1	0	0	0	0	0	0
/Volumes/GigiMurin/plip/sterol_lipids/BD3a51-A-A-VDY1/report.txt	9	0	0	0	0	0	0
/Volumes/GigiMurin/plip/sterol_lipids/BD3a51-B-B-VDY1/report.txt	10	0	0	0	0	0	0
/Volumes/GigiMurin/plip/sterol_lipids/BD3a51-C-C-VDY1/report.txt	9	0	0	0	0	0	0
/Volumes/GigiMurin/plip/sterol_lipids/BD3a51-D-D-VDY1/report.txt	10	0	0	0	0	0	0
/Volumes/GigiMurin/plip/sterol_lipids/BD3a78-A-A-3EV1/report.txt	10	4	0	0	0	0	0
/Volumes/GigiMurin/plip/sterol_lipids/BD3abk-A-B-CHD1/report.txt	4	0	0	0	0	0	0
/Volumes/GigiMurin/plip/sterol_lipids/BD3abk-A-C-CHD1/report.txt	3	1	1	0	0	0	0
/Volumes/GigiMurin/plip/sterol_lipids/BD3abk-A-J-CHD1/report.txt	1	0	0	0	0	0	0
/Volumes/GigiMurin/plip/sterol_lipids/BD3abk-B-B-CHD1/report.txt	1	3	0	0	0	0	0
/Volumes/GigiMurin/plip/sterol_lipids/BD3abk-C-C-CHD1/report.txt	1	1	1	0	0	0	0
/Volumes/GigiMurin/plip/sterol_lipids/BD3abk-C-C-CHD2/report.txt	4	0	1	0	0	0	0
/Volumes/GigiMurin/plip/sterol_lipids/BD3abk-G-O-CHD1/report.txt	1	0	2	0	0	0	0
/Volumes/GigiMurin/plip/sterol_lipids/BD3abk-J-C-CHD2/report.txt	0	1	0	0	0	0	0
/Volumes/GigiMurin/plip/sterol_lipids/BD3abk-J-J-CHD1/report.txt	2	1	0	0	0	0	0
/Volumes/GigiMurin/plip/sterol_lipids/BD3abk-N-O-CHD1/report.txt	4	0	0	0	0	0	0
/Volumes/GigiMurin/plip/sterol_lipids/BD3abk-N-P-CHD1/report.txt	3	1	1	0	0	0	0
/Volumes/GigiMurin/plip/sterol_lipids/BD3abk-N-W-CHD1/report.txt	1	0	0	0	0	0	0
/Volumes/GigiMurin/plip/sterol_lipids/BD3abk-O-O-CHD1/report.txt	1	2	0	0	0	0	0
/Volumes/GigiMurin/plip/sterol_lipids/BD3abk-P-P-CHD1/report.txt	1	1	1	0	0	0	0
/Volumes/GigiMurin/plip/sterol_lipids/BD3abk-P-P-CHD2/report.txt	6	0	1	0	0	0	0
/Volumes/GigiMurin/plip/sterol_lipids/BD3abk-T-B-CHD1/report.txt	0	0	2	0	0	0	0
/Volumes/GigiMurin/plip/sterol_lipids/BD3abk-W-P-CHD2/report.txt	1	1	0	0	0	0	0
/Volumes/GigiMurin/plip/sterol_lipids/BD3abk-W-W-CHD1/report.txt	4	1	0	0	0	0	0
/Volumes/GigiMurin/plip/sterol_lipids/BD3abl-A-B-CHD1/report.txt	4	0	0	0	0	0	0
/Volumes/GigiMurin/plip/sterol_lipids/BD3abl-A-C-CHD1/report.txt	3	1	1	0	0	0	0
/Volumes/GigiMurin/plip/sterol_lipids/BD3abl-A-J-CHD1/report.txt	1	0	0	0	0	0	0
/Volumes/GigiMurin/plip/sterol_lipids/BD3abl-B-B-CHD1/report.txt	1	2	0	0	0	0	0
/Volumes/GigiMurin/plip/sterol_lipids/BD3abl-C-C-CHD1/report.txt	1	1	1	0	0	0	0
/Volumes/GigiMurin/plip/sterol_lipids/BD3abl-C-C-CHD2/report.txt	5	0	1	0	0	0	0
/Volumes/GigiMurin/plip/sterol_lipids/BD3abl-C-P-CHD1/report.txt	1	0	0	0	0	0	0
/Volumes/GigiMurin/plip/sterol_lipids/BD3abl-G-O-CHD1/report.txt	3	0	2	0	0	0	0
/Volumes/GigiMurin/plip/sterol_lipids/BD3abl-J-C-CHD2/report.txt	0	1	0	0	0	0	0
/Volumes/GigiMurin/plip/sterol_lipids/BD3abl-J-J-CHD1/report.txt	2	2	0	0	0	0	0
/Volumes/GigiMurin/plip/sterol_lipids/BD3abl-N-O-CHD1/report.txt	3	0	0	0	0	0	0
/Volumes/GigiMurin/plip/sterol_lipids/BD3abl-N-P-CHD1/report.txt	4	1	1	0	0	0	0
/Volumes/GigiMurin/plip/sterol_lipids/BD3abl-O-O-CHD1/report.txt	1	2	0	0	0	0	0
/Volumes/GigiMurin/plip/sterol_lipids/BD3abl-P-C-CHD1/report.txt	1	0	0	0	0	0	0
/Volumes/GigiMurin/plip/sterol_lipids/BD3abl-P-P-CHD1/report.txt	1	1	1	0	0	0	0
/Volumes/GigiMurin/plip/sterol_lipids/BD3abl-P-P-CHD2/report.txt	5	0	1	0	0	0	0
/Volumes/GigiMurin/plip/sterol_lipids/BD3abl-T-B-CHD1/report.txt	1	0	2	0	0	0	0
/Volumes/GigiMurin/plip/sterol_lipids/BD3abl-W-P-CHD2/report.txt	0	1	0	0	0	0	0
/Volumes/GigiMurin/plip/sterol_lipids/BD3abl-W-W-CHD1/report.txt	2	1	0	0	0	0	0
/Volumes/GigiMurin/plip/sterol_lipids/BD3abm-A-B-CHD1/report.txt	3	0	0	0	0	0	0
/Volumes/GigiMurin/plip/sterol_lipids/BD3abm-A-C-CHD1/report.txt	3	0	1	0	0	0	0
/Volumes/GigiMurin/plip/sterol_lipids/BD3abm-B-B-CHD1/report.txt	1	3	0	0	0	0	0
/Volumes/GigiMurin/plip/sterol_lipids/BD3abm-C-C-CHD1/report.txt	1	1	1	0	0	0	0
/Volumes/GigiMurin/plip/sterol_lipids/BD3abm-C-C-CHD2/report.txt	5	0	1	0	0	0	0
/Volumes/GigiMurin/plip/sterol_lipids/BD3abm-G-O-CHD1/report.txt	2	0	2	0	0	0	0
/Volumes/GigiMurin/plip/sterol_lipids/BD3abm-J-C-CHD2/report.txt	1	2	0	0	0	0	0
/Volumes/GigiMurin/plip/sterol_lipids/BD3abm-J-J-CHD1/report.txt	3	2	0	0	0	0	0
/Volumes/GigiMurin/plip/sterol_lipids/BD3abm-N-O-CHD1/report.txt	3	0	0	0	0	0	0
/Volumes/GigiMurin/plip/sterol_lipids/BD3abm-N-P-CHD1/report.txt	4	1	1	0	0	0	0
/Volumes/GigiMurin/plip/sterol_lipids/BD3abm-N-W-CHD1/report.txt	1	0	0	0	0	0	0
/Volumes/GigiMurin/plip/sterol_lipids/BD3abm-O-O-CHD1/report.txt	1	2	0	0	0	0	0
/Volumes/GigiMurin/plip/sterol_lipids/BD3abm-P-C-CHD1/report.txt	1	0	0	0	0	0	0
/Volumes/GigiMurin/plip/sterol_lipids/BD3abm-P-P-CHD1/report.txt	0	1	1	0	0	0	0
/Volumes/GigiMurin/plip/sterol_lipids/BD3abm-P-P-CHD2/report.txt	5	0	1	0	0	0	0
/Volumes/GigiMurin/plip/sterol_lipids/BD3abm-T-B-CHD1/report.txt	1	0	2	0	0	0	0
/Volumes/GigiMurin/plip/sterol_lipids/BD3abm-W-P-CHD2/report.txt	1	1	0	0	0	0	0
/Volumes/GigiMurin/plip/sterol_lipids/BD3abm-W-W-CHD1/report.txt	2	1	0	0	0	0	0
/Volumes/GigiMurin/plip/sterol_lipids/BD3afr-A-A-ICJ1/report.txt	12	6	0	0	0	0	0
/Volumes/GigiMurin/plip/sterol_lipids/BD3ag1-A-B-CHD1/report.txt	4	0	0	0	0	0	0
/Volumes/GigiMurin/plip/sterol_lipids/BD3ag1-A-C-CHD1/report.txt	2	1	1	0	0	0	0
/Volumes/GigiMurin/plip/sterol_lipids/BD3ag1-B-B-CHD1/report.txt	0	3	0	0	0	0	0
/Volumes/GigiMurin/plip/sterol_lipids/BD3ag1-C-C-CHD1/report.txt	0	1	1	0	0	0	0
/Volumes/GigiMurin/plip/sterol_lipids/BD3ag1-C-C-CHD2/report.txt	5	0	1	0	0	0	0
/Volumes/GigiMurin/plip/sterol_lipids/BD3ag1-G-O-CHD1/report.txt	2	0	2	0	0	0	0
/Volumes/GigiMurin/plip/sterol_lipids/BD3ag1-J-C-CHD2/report.txt	0	1	0	0	0	0	0
/Volumes/GigiMurin/plip/sterol_lipids/BD3ag1-J-J-CHD1/report.txt	2	2	0	0	0	0	0
/Volumes/GigiMurin/plip/sterol_lipids/BD3ag1-N-O-CHD1/report.txt	3	0	0	0	0	0	0
/Volumes/GigiMurin/plip/sterol_lipids/BD3ag1-N-P-CHD1/report.txt	3	1	1	0	0	0	0
/Volumes/GigiMurin/plip/sterol_lipids/BD3ag1-N-W-CHD1/report.txt	1	0	0	0	0	0	0
/Volumes/GigiMurin/plip/sterol_lipids/BD3ag1-O-O-CHD1/report.txt	1	2	0	0	0	0	0
/Volumes/GigiMurin/plip/sterol_lipids/BD3ag1-P-P-CHD1/report.txt	0	1	1	0	0	0	0
/Volumes/GigiMurin/plip/sterol_lipids/BD3ag1-P-P-CHD2/report.txt	4	0	1	0	0	0	0
/Volumes/GigiMurin/plip/sterol_lipids/BD3ag1-T-B-CHD1/report.txt	2	0	2	0	0	0	0
/Volumes/GigiMurin/plip/sterol_lipids/BD3ag1-W-P-CHD2/report.txt	1	1	0	0	0	0	0
/Volumes/GigiMurin/plip/sterol_lipids/BD3ag1-W-W-CHD1/report.txt	3	1	0	0	0	0	0
/Volumes/GigiMurin/plip/sterol_lipids/BD3ag2-A-B-CHD1/report.txt	4	0	0	0	0	0	0
/Volumes/GigiMurin/plip/sterol_lipids/BD3ag2-A-C-CHD1/report.txt	3	1	1	0	0	0	0
/Volumes/GigiMurin/plip/sterol_lipids/BD3ag2-B-B-CHD1/report.txt	0	1	0	0	0	0	0
/Volumes/GigiMurin/plip/sterol_lipids/BD3ag2-C-C-CHD1/report.txt	1	1	1	0	0	0	0
/Volumes/GigiMurin/plip/sterol_lipids/BD3ag2-C-C-CHD2/report.txt	5	0	1	0	0	0	0
/Volumes/GigiMurin/plip/sterol_lipids/BD3ag2-C-C-CHD3/report.txt	0	1	0	0	0	0	0
/Volumes/GigiMurin/plip/sterol_lipids/BD3ag2-G-O-CHD1/report.txt	3	0	2	0	0	0	0
/Volumes/GigiMurin/plip/sterol_lipids/BD3ag2-J-C-CHD2/report.txt	0	1	0	0	0	0	0
/Volumes/GigiMurin/plip/sterol_lipids/BD3ag2-J-J-CHD1/report.txt	1	1	0	0	0	0	0
/Volumes/GigiMurin/plip/sterol_lipids/BD3ag2-N-O-CHD1/report.txt	4	0	0	0	0	0	0
/Volumes/GigiMurin/plip/sterol_lipids/BD3ag2-N-P-CHD1/report.txt	3	1	1	0	0	0	0
/Volumes/GigiMurin/plip/sterol_lipids/BD3ag2-O-O-CHD1/report.txt	0	2	0	0	0	0	0
/Volumes/GigiMurin/plip/sterol_lipids/BD3ag2-P-P-CHD1/report.txt	1	1	1	0	0	0	0
/Volumes/GigiMurin/plip/sterol_lipids/BD3ag2-P-P-CHD2/report.txt	5	0	1	0	0	0	0
/Volumes/GigiMurin/plip/sterol_lipids/BD3ag2-P-P-CHD3/report.txt	2	3	0	0	0	0	0
/Volumes/GigiMurin/plip/sterol_lipids/BD3ag2-T-B-CHD1/report.txt	2	0	2	0	0	0	0
/Volumes/GigiMurin/plip/sterol_lipids/BD3ag2-W-P-CHD2/report.txt	0	1	0	0	0	0	0
/Volumes/GigiMurin/plip/sterol_lipids/BD3ag2-W-Y-CHD1/report.txt	2	0	0	0	0	0	0
/Volumes/GigiMurin/plip/sterol_lipids/BD3ag2-Y-Y-CHD1/report.txt	2	2	0	0	0	0	0
/Volumes/GigiMurin/plip/sterol_lipids/BD3ag3-A-B-CHD1/report.txt	4	0	0	0	0	0	0
/Volumes/GigiMurin/plip/sterol_lipids/BD3ag3-A-C-CHD1/report.txt	4	1	1	0	0	0	0
/Volumes/GigiMurin/plip/sterol_lipids/BD3ag3-A-J-CHD1/report.txt	1	0	0	0	0	0	0
/Volumes/GigiMurin/plip/sterol_lipids/BD3ag3-B-B-CHD1/report.txt	1	3	0	0	0	0	0
/Volumes/GigiMurin/plip/sterol_lipids/BD3ag3-C-C-CHD1/report.txt	1	1	1	0	0	0	0
/Volumes/GigiMurin/plip/sterol_lipids/BD3ag3-C-C-CHD2/report.txt	5	0	1	0	0	0	0
/Volumes/GigiMurin/plip/sterol_lipids/BD3ag3-G-O-CHD1/report.txt	1	0	2	0	0	0	0
/Volumes/GigiMurin/plip/sterol_lipids/BD3ag3-J-C-CHD2/report.txt	1	1	0	0	0	0	0
/Volumes/GigiMurin/plip/sterol_lipids/BD3ag3-J-J-CHD1/report.txt	3	2	0	0	0	0	0
/Volumes/GigiMurin/plip/sterol_lipids/BD3ag3-N-O-CHD1/report.txt	4	0	0	0	0	0	0
/Volumes/GigiMurin/plip/sterol_lipids/BD3ag3-N-P-CHD1/report.txt	4	0	1	0	0	0	0
/Volumes/GigiMurin/plip/sterol_lipids/BD3ag3-N-W-CHD1/report.txt	1	0	0	0	0	0	0
/Volumes/GigiMurin/plip/sterol_lipids/BD3ag3-O-O-CHD1/report.txt	1	2	0	0	0	0	0
/Volumes/GigiMurin/plip/sterol_lipids/BD3ag3-P-P-CHD1/report.txt	1	1	1	0	0	0	0
/Volumes/GigiMurin/plip/sterol_lipids/BD3ag3-P-P-CHD2/report.txt	4	0	1	0	0	0	0
/Volumes/GigiMurin/plip/sterol_lipids/BD3ag3-T-B-CHD1/report.txt	2	0	2	0	0	0	0
/Volumes/GigiMurin/plip/sterol_lipids/BD3ag3-W-P-CHD2/report.txt	1	1	0	0	0	0	0
/Volumes/GigiMurin/plip/sterol_lipids/BD3ag3-W-W-CHD1/report.txt	4	2	0	0	0	0	0
/Volumes/GigiMurin/plip/sterol_lipids/BD3ag4-A-B-CHD1/report.txt	3	0	0	0	0	0	0
/Volumes/GigiMurin/plip/sterol_lipids/BD3ag4-A-C-CHD1/report.txt	2	1	1	0	0	0	0
/Volumes/GigiMurin/plip/sterol_lipids/BD3ag4-B-B-CHD1/report.txt	1	2	0	0	0	0	0
/Volumes/GigiMurin/plip/sterol_lipids/BD3ag4-C-C-CHD1/report.txt	1	1	1	0	0	0	0
/Volumes/GigiMurin/plip/sterol_lipids/BD3ag4-C-C-CHD2/report.txt	6	1	1	0	0	0	0
/Volumes/GigiMurin/plip/sterol_lipids/BD3ag4-G-O-CHD1/report.txt	2	0	2	0	0	0	0
/Volumes/GigiMurin/plip/sterol_lipids/BD3ag4-J-C-CHD2/report.txt	0	1	0	0	0	0	0
/Volumes/GigiMurin/plip/sterol_lipids/BD3ag4-J-J-CHD1/report.txt	2	2	0	0	0	0	0
/Volumes/GigiMurin/plip/sterol_lipids/BD3ag4-N-O-CHD1/report.txt	4	0	0	0	0	0	0
/Volumes/GigiMurin/plip/sterol_lipids/BD3ag4-N-P-CHD1/report.txt	3	1	1	0	0	0	0
/Volumes/GigiMurin/plip/sterol_lipids/BD3ag4-O-O-CHD1/report.txt	1	3	0	0	0	0	0
/Volumes/GigiMurin/plip/sterol_lipids/BD3ag4-P-P-CHD1/report.txt	1	1	1	0	0	0	0
/Volumes/GigiMurin/plip/sterol_lipids/BD3ag4-P-P-CHD2/report.txt	6	0	1	0	0	0	0
/Volumes/GigiMurin/plip/sterol_lipids/BD3ag4-T-B-CHD1/report.txt	3	0	2	0	0	0	0
/Volumes/GigiMurin/plip/sterol_lipids/BD3ag4-W-P-CHD2/report.txt	0	1	0	0	0	0	0
/Volumes/GigiMurin/plip/sterol_lipids/BD3ag4-W-W-CHD1/report.txt	4	2	0	0	0	0	0
/Volumes/GigiMurin/plip/sterol_lipids/BD3am6-A-A-CLR1/report.txt	3	0	0	0	0	0	0
/Volumes/GigiMurin/plip/sterol_lipids/BD3am6-A-A-CLR2/report.txt	4	1	0	0	0	0	0
/Volumes/GigiMurin/plip/sterol_lipids/BD3aqi-A-A-CHD1/report.txt	4	2	0	0	0	0	0
/Volumes/GigiMurin/plip/sterol_lipids/BD3aqi-A-A-CHD2/report.txt	3	0	1	0	0	0	0
/Volumes/GigiMurin/plip/sterol_lipids/BD3aqi-A-A-CHD3/report.txt	2	0	0	0	0	0	0
/Volumes/GigiMurin/plip/sterol_lipids/BD3aqi-B-B-CHD1/report.txt	4	0	1	0	0	0	0
/Volumes/GigiMurin/plip/sterol_lipids/BD3aqi-B-B-CHD2/report.txt	2	0	0	0	0	0	0
/Volumes/GigiMurin/plip/sterol_lipids/BD3aqi-B-B-CHD3/report.txt	8	1	0	0	0	0	0
/Volumes/GigiMurin/plip/sterol_lipids/BD3asn-A-B-CHD1/report.txt	3	0	0	0	0	0	0
/Volumes/GigiMurin/plip/sterol_lipids/BD3asn-A-C-CHD1/report.txt	2	1	1	0	0	0	0
/Volumes/GigiMurin/plip/sterol_lipids/BD3asn-B-B-CHD1/report.txt	0	2	0	0	0	0	0
/Volumes/GigiMurin/plip/sterol_lipids/BD3asn-C-C-CHD1/report.txt	1	1	1	0	0	0	0
/Volumes/GigiMurin/plip/sterol_lipids/BD3asn-C-C-CHD2/report.txt	5	1	1	0	0	0	0
/Volumes/GigiMurin/plip/sterol_lipids/BD3asn-C-P-CHD1/report.txt	1	0	0	0	0	0	0
/Volumes/GigiMurin/plip/sterol_lipids/BD3asn-G-G-CHD1/report.txt	1	0	2	0	0	0	0
/Volumes/GigiMurin/plip/sterol_lipids/BD3asn-J-C-CHD2/report.txt	0	1	0	0	0	0	0
/Volumes/GigiMurin/plip/sterol_lipids/BD3asn-J-J-CHD1/report.txt	4	2	0	0	0	0	0
/Volumes/GigiMurin/plip/sterol_lipids/BD3asn-N-G-CHD1/report.txt	4	0	0	0	0	0	0
/Volumes/GigiMurin/plip/sterol_lipids/BD3asn-N-P-CHD1/report.txt	4	1	1	0	0	0	0
/Volumes/GigiMurin/plip/sterol_lipids/BD3asn-O-G-CHD1/report.txt	0	2	0	0	0	0	0
/Volumes/GigiMurin/plip/sterol_lipids/BD3asn-P-P-CHD1/report.txt	1	1	1	0	0	0	0
/Volumes/GigiMurin/plip/sterol_lipids/BD3asn-P-P-CHD2/report.txt	5	0	1	0	0	0	0
/Volumes/GigiMurin/plip/sterol_lipids/BD3asn-T-B-CHD1/report.txt	2	0	2	0	0	0	0
/Volumes/GigiMurin/plip/sterol_lipids/BD3asn-W-P-CHD2/report.txt	0	1	0	0	0	0	0
/Volumes/GigiMurin/plip/sterol_lipids/BD3asn-W-W-CHD1/report.txt	3	1	0	0	0	0	0
/Volumes/GigiMurin/plip/sterol_lipids/BD3aso-A-B-CHD1/report.txt	4	0	0	0	0	0	0
/Volumes/GigiMurin/plip/sterol_lipids/BD3aso-A-C-CHD1/report.txt	3	1	1	0	0	0	0
/Volumes/GigiMurin/plip/sterol_lipids/BD3aso-B-B-CHD1/report.txt	0	2	0	0	0	0	0
/Volumes/GigiMurin/plip/sterol_lipids/BD3aso-C-C-CHD1/report.txt	0	1	1	0	0	0	0
/Volumes/GigiMurin/plip/sterol_lipids/BD3aso-C-C-CHD2/report.txt	6	1	1	0	0	0	0
/Volumes/GigiMurin/plip/sterol_lipids/BD3aso-C-P-CHD1/report.txt	1	0	0	0	0	0	0
/Volumes/GigiMurin/plip/sterol_lipids/BD3aso-G-G-CHD1/report.txt	1	0	2	0	0	0	0
/Volumes/GigiMurin/plip/sterol_lipids/BD3aso-J-C-CHD2/report.txt	0	1	0	0	0	0	0
/Volumes/GigiMurin/plip/sterol_lipids/BD3aso-J-J-CHD1/report.txt	3	2	0	0	0	0	0
/Volumes/GigiMurin/plip/sterol_lipids/BD3aso-N-G-CHD1/report.txt	3	0	0	0	0	0	0
/Volumes/GigiMurin/plip/sterol_lipids/BD3aso-N-P-CHD1/report.txt	3	1	1	0	0	0	0
/Volumes/GigiMurin/plip/sterol_lipids/BD3aso-O-G-CHD1/report.txt	0	2	0	0	0	0	0
/Volumes/GigiMurin/plip/sterol_lipids/BD3aso-P-C-CHD1/report.txt	1	0	0	0	0	0	0
/Volumes/GigiMurin/plip/sterol_lipids/BD3aso-P-P-CHD1/report.txt	1	1	1	0	0	0	0
/Volumes/GigiMurin/plip/sterol_lipids/BD3aso-P-P-CHD2/report.txt	5	0	1	0	0	0	0
/Volumes/GigiMurin/plip/sterol_lipids/BD3aso-T-B-CHD1/report.txt	2	0	2	0	0	0	0
/Volumes/GigiMurin/plip/sterol_lipids/BD3aso-W-P-CHD2/report.txt	0	1	0	0	0	0	0
/Volumes/GigiMurin/plip/sterol_lipids/BD3aso-W-W-CHD1/report.txt	3	1	0	0	0	0	0
/Volumes/GigiMurin/plip/sterol_lipids/BD3auq-A-A-CA91/report.txt	14	5	0	0	0	0	0
/Volumes/GigiMurin/plip/sterol_lipids/BD3aur-A-A-CA91/report.txt	12	4	0	0	0	0	0
/Volumes/GigiMurin/plip/sterol_lipids/BD3b0t-A-A-MCZ1/report.txt	8	6	0	0	0	0	0
/Volumes/GigiMurin/plip/sterol_lipids/BD3b0w-A-A-DGX1/report.txt	8	0	1	0	0	0	0
/Volumes/GigiMurin/plip/sterol_lipids/BD3b0w-B-B-DGX1/report.txt	9	1	1	0	0	0	0
/Volumes/GigiMurin/plip/sterol_lipids/BD3bej-A-A-MUF1/report.txt	10	0	1	0	0	0	0
/Volumes/GigiMurin/plip/sterol_lipids/BD3bet-A-A-CTF1/report.txt	3	2	2	0	0	0	0
/Volumes/GigiMurin/plip/sterol_lipids/BD3bqd-A-A-DAY1/report.txt	7	3	0	0	0	0	0
/Volumes/GigiMurin/plip/sterol_lipids/BD3bur-A-A-TES1/report.txt	13	5	0	0	0	0	0
/Volumes/GigiMurin/plip/sterol_lipids/BD3cas-A-A-ASD1/report.txt	13	2	0	0	0	0	0
/Volumes/GigiMurin/plip/sterol_lipids/BD3cav-A-A-CI21/report.txt	7	1	0	0	0	0	0
/Volumes/GigiMurin/plip/sterol_lipids/BD3cav-B-B-CI21/report.txt	4	2	0	0	0	0	0
/Volumes/GigiMurin/plip/sterol_lipids/BD3ciw-A-A-CPS1/report.txt	2	1	0	0	0	0	0
/Volumes/GigiMurin/plip/sterol_lipids/BD3ciw-A-A-CPS2/report.txt	2	0	0	0	0	0	0
/Volumes/GigiMurin/plip/sterol_lipids/BD3ciw-A-A-CPS3/report.txt	3	3	0	0	0	0	0
/Volumes/GigiMurin/plip/sterol_lipids/BD3ciw-A-A-CPS4/report.txt	0	2	0	0	0	0	0
/Volumes/GigiMurin/plip/sterol_lipids/BD3ciw-A-A-CPS5/report.txt	3	0	0	0	0	0	0
/Volumes/GigiMurin/plip/sterol_lipids/BD3cix-A-A-CPS1/report.txt	2	1	0	0	0	0	0
/Volumes/GigiMurin/plip/sterol_lipids/BD3cix-A-A-CPS2/report.txt	2	0	0	0	0	0	0
/Volumes/GigiMurin/plip/sterol_lipids/BD3cix-A-A-CPS3/report.txt	6	3	0	0	0	0	0
/Volumes/GigiMurin/plip/sterol_lipids/BD3cix-A-A-CPS4/report.txt	0	2	0	0	0	0	0
/Volumes/GigiMurin/plip/sterol_lipids/BD3cix-A-A-CPS5/report.txt	3	0	0	0	0	0	0
/Volumes/GigiMurin/plip/sterol_lipids/BD3cld-A-A-GW61/report.txt	8	3	0	0	0	0	0
/Volumes/GigiMurin/plip/sterol_lipids/BD3cld-B-B-GW61/report.txt	3	3	0	0	0	0	0
/Volumes/GigiMurin/plip/sterol_lipids/BD3cmf-A-A-PDN1/report.txt	9	3	0	0	0	0	0
/Volumes/GigiMurin/plip/sterol_lipids/BD3cmf-B-B-PDN1/report.txt	9	2	0	0	0	0	0
/Volumes/GigiMurin/plip/sterol_lipids/BD3cot-A-A-STR1/report.txt	9	2	0	0	0	0	0
/Volumes/GigiMurin/plip/sterol_lipids/BD3cot-B-B-STR1/report.txt	11	1	0	0	0	0	0
/Volumes/GigiMurin/plip/sterol_lipids/BD3cv9-A-A-VDX1/report.txt	7	3	0	0	0	0	0
/Volumes/GigiMurin/plip/sterol_lipids/BD3czh-A-A-D2V1/report.txt	12	2	0	0	0	0	0
/Volumes/GigiMurin/plip/sterol_lipids/BD3czr-B-B-CPS1/report.txt	7	1	0	0	0	0	0
/Volumes/GigiMurin/plip/sterol_lipids/BD3d4s-A-A-CLR1/report.txt	5	0	0	0	0	0	0
/Volumes/GigiMurin/plip/sterol_lipids/BD3d4s-A-A-CLR2/report.txt	6	0	0	0	0	0	0
/Volumes/GigiMurin/plip/sterol_lipids/BD3d90-A-A-NOG1/report.txt	9	2	0	0	0	0	0
/Volumes/GigiMurin/plip/sterol_lipids/BD3dey-X-X-DHT1/report.txt	3	0	0	0	0	0	0
/Volumes/GigiMurin/plip/sterol_lipids/BD3dhe-A-A-AND1/report.txt	4	5	0	0	0	0	0
/Volumes/GigiMurin/plip/sterol_lipids/BD3dl9-A-A-V2H1/report.txt	10	4	0	0	0	0	0
/Volumes/GigiMurin/plip/sterol_lipids/BD3dl9-B-B-V2H1/report.txt	9	2	0	0	0	0	0
/Volumes/GigiMurin/plip/sterol_lipids/BD3dop-B-B-BDT1/report.txt	6	1	0	0	0	0	0
/Volumes/GigiMurin/plip/sterol_lipids/BD3dtu-C-C-DXC1/report.txt	2	0	0	0	0	0	0
/Volumes/GigiMurin/plip/sterol_lipids/BD3dtu-D-C-DXC1/report.txt	2	0	1	0	0	0	0
/Volumes/GigiMurin/plip/sterol_lipids/BD3eau-A-A-PDN1/report.txt	5	4	0	0	0	0	0
/Volumes/GigiMurin/plip/sterol_lipids/BD3eau-A-A-PDN2/report.txt	3	1	0	0	0	0	0
/Volumes/GigiMurin/plip/sterol_lipids/BD3eb3-A-A-PDN1/report.txt	3	1	0	0	0	0	0
/Volumes/GigiMurin/plip/sterol_lipids/BD3eb4-A-A-PDN1/report.txt	6	3	0	0	0	0	0
/Volumes/GigiMurin/plip/sterol_lipids/BD3elz-A-A-CHD1/report.txt	4	6	0	0	0	0	0
/Volumes/GigiMurin/plip/sterol_lipids/BD3elz-A-A-CHD2/report.txt	3	4	0	0	0	0	0
/Volumes/GigiMurin/plip/sterol_lipids/BD3elz-A-A-CHD3/report.txt	3	0	1	0	0	0	0
/Volumes/GigiMurin/plip/sterol_lipids/BD3elz-A-A-CHD4/report.txt	5	2	1	0	0	0	0
/Volumes/GigiMurin/plip/sterol_lipids/BD3elz-A-A-CHD5/report.txt	1	2	0	0	0	0	0
/Volumes/GigiMurin/plip/sterol_lipids/BD3elz-B-B-CHD1/report.txt	7	5	0	0	0	0	0
/Volumes/GigiMurin/plip/sterol_lipids/BD3elz-B-B-CHD2/report.txt	7	4	0	0	0	0	0
/Volumes/GigiMurin/plip/sterol_lipids/BD3elz-B-B-CHD3/report.txt	1	0	0	0	0	0	0
/Volumes/GigiMurin/plip/sterol_lipids/BD3elz-C-C-CHD2/report.txt	6	0	0	0	0	0	0
/Volumes/GigiMurin/plip/sterol_lipids/BD3elz-C-C-CHD3/report.txt	3	0	1	0	0	0	0
/Volumes/GigiMurin/plip/sterol_lipids/BD3em0-A-A-CHD1/report.txt	8	5	0	0	0	0	0
/Volumes/GigiMurin/plip/sterol_lipids/BD3em0-A-A-CHD2/report.txt	5	2	0	0	0	0	0
/Volumes/GigiMurin/plip/sterol_lipids/BD3em0-A-A-CHD3/report.txt	1	0	0	0	0	0	0
/Volumes/GigiMurin/plip/sterol_lipids/BD3em0-A-A-CHD4/report.txt	7	2	0	0	0	0	0
/Volumes/GigiMurin/plip/sterol_lipids/BD3em0-B-B-CHD1/report.txt	7	5	0	0	0	0	0
/Volumes/GigiMurin/plip/sterol_lipids/BD3em0-B-B-CHD2/report.txt	8	2	1	0	0	0	0
/Volumes/GigiMurin/plip/sterol_lipids/BD3em0-B-B-CHD3/report.txt	2	0	0	0	0	0	0
/Volumes/GigiMurin/plip/sterol_lipids/BD3em0-B-B-CHD4/report.txt	9	3	1	0	0	0	0
/Volumes/GigiMurin/plip/sterol_lipids/BD3em0-B-B-CHD5/report.txt	2	4	0	0	0	0	0
/Volumes/GigiMurin/plip/sterol_lipids/BD3eqm-A-A-ASD1/report.txt	6	2	0	0	0	0	0
/Volumes/GigiMurin/plip/sterol_lipids/BD3f3y-A-A-4OA1/report.txt	7	0	0	0	0	0	0
/Volumes/GigiMurin/plip/sterol_lipids/BD3fzw-A-A-EQU1/report.txt	5	2	0	0	0	0	0
/Volumes/GigiMurin/plip/sterol_lipids/BD3fzw-B-B-EQU1/report.txt	2	3	0	0	0	0	0
/Volumes/GigiMurin/plip/sterol_lipids/BD3g1r-B-B-FIT1/report.txt	8	2	0	0	0	0	0
/Volumes/GigiMurin/plip/sterol_lipids/BD3gki-A-A-CLR1/report.txt	18	2	0	0	0	0	0
/Volumes/GigiMurin/plip/sterol_lipids/BD3gkj-A-A-HC31/report.txt	14	2	0	0	0	0	0
/Volumes/GigiMurin/plip/sterol_lipids/BD3gn8-A-A-DEX1/report.txt	4	4	0	0	0	0	0
/Volumes/GigiMurin/plip/sterol_lipids/BD3gn8-B-B-DEX1/report.txt	5	5	0	0	0	0	0
/Volumes/GigiMurin/plip/sterol_lipids/BD3gyt-A-A-DL41/report.txt	10	2	1	0	0	0	0
/Volumes/GigiMurin/plip/sterol_lipids/BD3gyu-A-A-DL71/report.txt	7	2	1	0	0	0	0
/Volumes/GigiMurin/plip/sterol_lipids/BD3h52-A-A-4861/report.txt	3	2	0	0	0	0	0
/Volumes/GigiMurin/plip/sterol_lipids/BD3h52-C-C-4861/report.txt	3	2	0	0	0	0	0
/Volumes/GigiMurin/plip/sterol_lipids/BD3hap-A-A-CPS1/report.txt	3	0	0	0	0	0	0
/Volumes/GigiMurin/plip/sterol_lipids/BD3haq-A-A-CPS1/report.txt	4	0	0	0	0	0	0
/Volumes/GigiMurin/plip/sterol_lipids/BD3har-A-A-CPS1/report.txt	4	1	0	0	0	0	0
/Volumes/GigiMurin/plip/sterol_lipids/BD3has-A-A-CPS1/report.txt	3	0	0	0	0	0	0
/Volumes/GigiMurin/plip/sterol_lipids/BD3hb4-X-X-E2B1/report.txt	7	4	0	1	0	0	0
/Volumes/GigiMurin/plip/sterol_lipids/BD3hb5-X-X-E2B1/report.txt	7	5	0	0	0	0	0
/Volumes/GigiMurin/plip/sterol_lipids/BD3hcn-A-A-CHD1/report.txt	5	0	2	0	0	0	0
/Volumes/GigiMurin/plip/sterol_lipids/BD3hcn-A-A-CHD2/report.txt	1	0	0	0	0	0	0
/Volumes/GigiMurin/plip/sterol_lipids/BD3hcn-B-B-CHD1/report.txt	6	0	2	0	0	0	0
/Volumes/GigiMurin/plip/sterol_lipids/BD3hcn-B-B-CHD2/report.txt	2	1	0	0	0	0	0
/Volumes/GigiMurin/plip/sterol_lipids/BD3hco-A-A-CHD1/report.txt	3	1	0	0	0	0	0
/Volumes/GigiMurin/plip/sterol_lipids/BD3hco-A-A-CHD2/report.txt	4	1	1	0	0	0	0
/Volumes/GigiMurin/plip/sterol_lipids/BD3hco-B-B-CHD1/report.txt	3	1	0	0	0	0	0
/Volumes/GigiMurin/plip/sterol_lipids/BD3hco-B-B-CHD2/report.txt	5	0	2	0	0	0	0
/Volumes/GigiMurin/plip/sterol_lipids/BD3hcp-A-A-CHD1/report.txt	6	2	2	0	0	0	0
/Volumes/GigiMurin/plip/sterol_lipids/BD3hcp-A-A-CHD2/report.txt	1	1	0	0	0	0	0
/Volumes/GigiMurin/plip/sterol_lipids/BD3hcp-B-B-CHD1/report.txt	7	2	2	0	0	0	0
/Volumes/GigiMurin/plip/sterol_lipids/BD3hcp-B-B-CHD2/report.txt	1	1	0	0	0	0	0
/Volumes/GigiMurin/plip/sterol_lipids/BD3hcr-A-A-CHD1/report.txt	3	2	2	0	0	0	0
/Volumes/GigiMurin/plip/sterol_lipids/BD3hcr-A-A-CHD2/report.txt	2	0	0	0	0	0	0
/Volumes/GigiMurin/plip/sterol_lipids/BD3hcr-B-B-CHD1/report.txt	2	2	2	0	0	0	0
/Volumes/GigiMurin/plip/sterol_lipids/BD3hcr-B-B-CHD2/report.txt	1	0	0	0	0	0	0
/Volumes/GigiMurin/plip/sterol_lipids/BD3hgg-A-A-CHD1/report.txt	2	2	1	0	0	0	0
/Volumes/GigiMurin/plip/sterol_lipids/BD3hgy-A-A-TCH1/report.txt	4	4	0	0	0	0	0
/Volumes/GigiMurin/plip/sterol_lipids/BD3hlv-A-A-J2Z1/report.txt	6	3	0	1	0	0	0
/Volumes/GigiMurin/plip/sterol_lipids/BD3hm1-A-A-J3Z1/report.txt	6	2	0	1	0	0	0
/Volumes/GigiMurin/plip/sterol_lipids/BD3iix-A-A-CPS1/report.txt	3	1	0	0	0	0	0
/Volumes/GigiMurin/plip/sterol_lipids/BD3iix-A-A-CPS2/report.txt	2	0	0	0	0	0	0
/Volumes/GigiMurin/plip/sterol_lipids/BD3iix-A-A-CPS3/report.txt	4	3	0	0	0	0	0
/Volumes/GigiMurin/plip/sterol_lipids/BD3iix-A-A-CPS4/report.txt	0	2	0	0	0	0	0
/Volumes/GigiMurin/plip/sterol_lipids/BD3iix-A-A-CPS5/report.txt	3	0	0	0	0	0	0
/Volumes/GigiMurin/plip/sterol_lipids/BD3iiz-A-A-CPS1/report.txt	3	1	1	0	0	0	0
/Volumes/GigiMurin/plip/sterol_lipids/BD3iiz-A-A-CPS2/report.txt	2	0	0	0	0	0	0
/Volumes/GigiMurin/plip/sterol_lipids/BD3iiz-A-A-CPS3/report.txt	4	3	0	0	0	0	0
/Volumes/GigiMurin/plip/sterol_lipids/BD3iiz-A-A-CPS4/report.txt	0	2	0	0	0	0	0
/Volumes/GigiMurin/plip/sterol_lipids/BD3iiz-A-A-CPS5/report.txt	3	0	0	0	0	0	0
/Volumes/GigiMurin/plip/sterol_lipids/BD3ipt-A-A-EQU1/report.txt	6	1	0	0	0	0	0
/Volumes/GigiMurin/plip/sterol_lipids/BD3ipt-D-D-EQU1/report.txt	6	0	0	0	0	0	0
/Volumes/GigiMurin/plip/sterol_lipids/BD3iw1-A-A-ASD1/report.txt	6	1	0	0	0	0	0
/Volumes/GigiMurin/plip/sterol_lipids/BD3jd8-A-A-CLR1/report.txt	13	2	0	0	0	0	0
/Volumes/GigiMurin/plip/sterol_lipids/BD3k2s-A-A-CLR1/report.txt	2	0	0	0	0	0	0
/Volumes/GigiMurin/plip/sterol_lipids/BD3k2s-B-A-CLR1/report.txt	1	0	0	0	0	0	0
/Volumes/GigiMurin/plip/sterol_lipids/BD3k2s-B-B-CLR1/report.txt	2	0	0	0	0	0	0
/Volumes/GigiMurin/plip/sterol_lipids/BD3k9v-A-A-CPS1/report.txt	3	4	2	0	0	0	0
/Volumes/GigiMurin/plip/sterol_lipids/BD3k9v-A-A-CPS2/report.txt	4	0	0	0	0	0	0
/Volumes/GigiMurin/plip/sterol_lipids/BD3k9v-A-A-CPS3/report.txt	0	0	0	0	0	0	0
/Volumes/GigiMurin/plip/sterol_lipids/BD3k9v-B-B-CPS1/report.txt	2	3	0	0	0	0	0
/Volumes/GigiMurin/plip/sterol_lipids/BD3k9v-B-B-CPS2/report.txt	5	1	0	0	0	0	0
/Volumes/GigiMurin/plip/sterol_lipids/BD3k9v-B-B-CPS3/report.txt	1	1	0	0	0	0	0
/Volumes/GigiMurin/plip/sterol_lipids/BD3kdm-A-B-TES1/report.txt	4	0	0	0	0	0	0
/Volumes/GigiMurin/plip/sterol_lipids/BD3kdm-B-B-TES1/report.txt	10	1	0	0	0	0	0
/Volumes/GigiMurin/plip/sterol_lipids/BD3kdm-H-H-TES1/report.txt	8	2	0	0	0	0	0
/Volumes/GigiMurin/plip/sterol_lipids/BD3kdp-A-B-CLR1/report.txt	0	0	0	0	0	0	0
/Volumes/GigiMurin/plip/sterol_lipids/BD3kdp-B-B-CLR1/report.txt	3	0	0	0	0	0	0
/Volumes/GigiMurin/plip/sterol_lipids/BD3klm-X-X-DHT1/report.txt	3	0	0	0	0	0	0
/Volumes/GigiMurin/plip/sterol_lipids/BD3klp-X-X-B811/report.txt	6	0	0	0	0	0	0
/Volumes/GigiMurin/plip/sterol_lipids/BD3km0-A-A-AOM1/report.txt	5	1	0	0	0	0	0
/Volumes/GigiMurin/plip/sterol_lipids/BD3km0-A-C-AOM1/report.txt	0	0	0	0	0	0	0
/Volumes/GigiMurin/plip/sterol_lipids/BD3km0-B-B-AOM1/report.txt	3	1	0	0	0	0	0
/Volumes/GigiMurin/plip/sterol_lipids/BD3kw4-A-A-CH01/report.txt	6	2	0	0	0	0	0
/Volumes/GigiMurin/plip/sterol_lipids/BD3kyt-A-A-HC21/report.txt	10	0	0	0	0	0	0
/Volumes/GigiMurin/plip/sterol_lipids/BD3l03-A-A-4OH1/report.txt	6	3	0	1	0	0	0
/Volumes/GigiMurin/plip/sterol_lipids/BD3l0j-A-A-HC91/report.txt	14	1	0	0	0	0	0
/Volumes/GigiMurin/plip/sterol_lipids/BD3l0l-A-A-HC31/report.txt	11	1	0	0	0	0	0
/Volumes/GigiMurin/plip/sterol_lipids/BD3l3x-A-A-DHT1/report.txt	7	3	0	0	0	0	0
/Volumes/GigiMurin/plip/sterol_lipids/BD3l3z-A-A-DHT1/report.txt	6	3	0	0	0	0	0
/Volumes/GigiMurin/plip/sterol_lipids/BD3m7r-A-A-VDX1/report.txt	13	6	0	0	0	0	0
/Volumes/GigiMurin/plip/sterol_lipids/BD3m8c-B-B-EQU1/report.txt	13	1	0	0	0	0	0
/Volumes/GigiMurin/plip/sterol_lipids/BD3m8c-B-D-EQU1/report.txt	1	0	0	0	0	0	0
/Volumes/GigiMurin/plip/sterol_lipids/BD3mne-A-A-DEX1/report.txt	6	4	0	0	0	0	0
/Volumes/GigiMurin/plip/sterol_lipids/BD3mno-A-A-DEX1/report.txt	8	4	0	0	0	0	0
/Volumes/GigiMurin/plip/sterol_lipids/BD3mnp-A-A-DEX1/report.txt	7	4	0	0	0	0	0
/Volumes/GigiMurin/plip/sterol_lipids/BD3myt-A-A-EQU1/report.txt	10	2	0	0	0	0	0
/Volumes/GigiMurin/plip/sterol_lipids/BD3myt-B-B-EQU1/report.txt	3	0	0	0	0	0	0
/Volumes/GigiMurin/plip/sterol_lipids/BD3mzs-A-A-HC91/report.txt	7	0	0	0	0	0	0
/Volumes/GigiMurin/plip/sterol_lipids/BD3mzs-B-B-HC91/report.txt	6	0	0	0	0	0	0
/Volumes/GigiMurin/plip/sterol_lipids/BD3n23-A-A-OBN1/report.txt	3	6	0	0	0	0	0
/Volumes/GigiMurin/plip/sterol_lipids/BD3n9y-A-A-CLR1/report.txt	11	0	0	0	0	0	0
/Volumes/GigiMurin/plip/sterol_lipids/BD3n9z-A-A-HC91/report.txt	9	0	0	0	0	0	0
/Volumes/GigiMurin/plip/sterol_lipids/BD3n9z-B-B-HC91/report.txt	10	0	0	0	0	0	0
/Volumes/GigiMurin/plip/sterol_lipids/BD3na0-A-A-2DC1/report.txt	10	0	0	0	0	0	0
/Volumes/GigiMurin/plip/sterol_lipids/BD3na1-A-A-HCD1/report.txt	8	0	0	0	0	0	0
/Volumes/GigiMurin/plip/sterol_lipids/BD3na1-B-B-HCD1/report.txt	10	0	0	0	0	0	0
/Volumes/GigiMurin/plip/sterol_lipids/BD3nbr-A-A-ASD1/report.txt	7	3	0	0	0	0	0
/Volumes/GigiMurin/plip/sterol_lipids/BD3nhx-A-A-ASD1/report.txt	4	0	0	0	0	0	0
/Volumes/GigiMurin/plip/sterol_lipids/BD3nuv-A-A-ASD1/report.txt	6	1	0	0	0	0	0
/Volumes/GigiMurin/plip/sterol_lipids/BD3nuv-B-B-ASD1/report.txt	7	2	0	0	0	0	0
/Volumes/GigiMurin/plip/sterol_lipids/BD3ny8-A-A-CLR1/report.txt	5	0	0	0	0	0	0
/Volumes/GigiMurin/plip/sterol_lipids/BD3ny8-A-A-CLR2/report.txt	5	0	0	0	0	0	0
/Volumes/GigiMurin/plip/sterol_lipids/BD3ny9-A-A-CLR1/report.txt	7	0	0	0	0	0	0
/Volumes/GigiMurin/plip/sterol_lipids/BD3ny9-A-A-CLR2/report.txt	4	0	0	0	0	0	0
/Volumes/GigiMurin/plip/sterol_lipids/BD3nya-A-A-CLR1/report.txt	4	0	0	0	0	0	0
/Volumes/GigiMurin/plip/sterol_lipids/BD3nya-A-A-CLR2/report.txt	4	0	0	0	0	0	0
/Volumes/GigiMurin/plip/sterol_lipids/BD3o01-A-B-DXC1/report.txt	4	0	1	0	0	0	0
/Volumes/GigiMurin/plip/sterol_lipids/BD3o01-B-B-DXC1/report.txt	3	1	0	0	0	0	0
/Volumes/GigiMurin/plip/sterol_lipids/BD3o02-A-B-JN31/report.txt	3	0	1	0	0	0	0
/Volumes/GigiMurin/plip/sterol_lipids/BD3o02-B-B-JN31/report.txt	6	1	0	0	0	0	0
/Volumes/GigiMurin/plip/sterol_lipids/BD3oik-A-A-WZB1/report.txt	4	3	2	0	0	0	0
/Volumes/GigiMurin/plip/sterol_lipids/BD3oil-A-A-VZ51/report.txt	5	3	2	0	1	0	0
/Volumes/GigiMurin/plip/sterol_lipids/BD3oim-A-A-VZ51/report.txt	7	3	2	0	0	0	0
/Volumes/GigiMurin/plip/sterol_lipids/BD3oku-A-A-VZ41/report.txt	9	3	2	0	0	0	0
/Volumes/GigiMurin/plip/sterol_lipids/BD3okv-A-A-VZ41/report.txt	3	3	2	0	1	0	0
/Volumes/GigiMurin/plip/sterol_lipids/BD3okv-A-A-VZ42/report.txt	2	2	0	1	0	0	0
/Volumes/GigiMurin/plip/sterol_lipids/BD3oll-A-A-EST1/report.txt	3	3	0	1	0	0	0
/Volumes/GigiMurin/plip/sterol_lipids/BD3oll-B-B-EST1/report.txt	2	2	0	1	0	0	0
/Volumes/GigiMurin/plip/sterol_lipids/BD3ols-A-A-EST1/report.txt	6	2	0	1	0	0	0
/Volumes/GigiMurin/plip/sterol_lipids/BD3ov4-A-A-EQU1/report.txt	11	0	0	0	0	0	0
/Volumes/GigiMurin/plip/sterol_lipids/BD3ov4-B-B-EQU1/report.txt	11	1	0	0	0	0	0
/Volumes/GigiMurin/plip/sterol_lipids/BD3ows-A-A-EQU1/report.txt	4	2	0	0	0	0	0
/Volumes/GigiMurin/plip/sterol_lipids/BD3ows-B-B-EQU1/report.txt	4	2	0	0	0	0	0
/Volumes/GigiMurin/plip/sterol_lipids/BD3owu-A-A-EQU1/report.txt	3	1	0	0	0	0	0
/Volumes/GigiMurin/plip/sterol_lipids/BD3owu-A-C-EQU1/report.txt	1	0	0	0	0	0	0
/Volumes/GigiMurin/plip/sterol_lipids/BD3owu-B-B-EQU1/report.txt	4	1	0	0	0	0	0
/Volumes/GigiMurin/plip/sterol_lipids/BD3owu-C-A-EQU1/report.txt	1	0	0	0	0	0	0
/Volumes/GigiMurin/plip/sterol_lipids/BD3owu-C-C-EQU1/report.txt	4	2	0	0	0	0	0
/Volumes/GigiMurin/plip/sterol_lipids/BD3owu-D-D-EQU1/report.txt	2	2	0	0	0	0	0
/Volumes/GigiMurin/plip/sterol_lipids/BD3owy-A-A-EQU1/report.txt	5	2	0	0	0	0	0
/Volumes/GigiMurin/plip/sterol_lipids/BD3owy-B-B-EQU1/report.txt	3	2	0	0	0	0	0
/Volumes/GigiMurin/plip/sterol_lipids/BD3owy-C-C-EQU1/report.txt	6	1	0	0	0	0	0
/Volumes/GigiMurin/plip/sterol_lipids/BD3owy-D-D-EQU1/report.txt	4	1	0	0	0	0	0
/Volumes/GigiMurin/plip/sterol_lipids/BD3owy-H-H-EQU1/report.txt	6	1	0	0	0	0	0
/Volumes/GigiMurin/plip/sterol_lipids/BD3p8x-A-A-ZYD1/report.txt	12	5	0	0	0	0	0
/Volumes/GigiMurin/plip/sterol_lipids/BD3pds-A-A-CLR1/report.txt	5	1	0	0	0	0	0
/Volumes/GigiMurin/plip/sterol_lipids/BD3q8d-B-B-CPS1/report.txt	2	2	0	0	0	0	0
/Volumes/GigiMurin/plip/sterol_lipids/BD3q95-A-A-ESL1/report.txt	4	3	0	1	0	0	0
/Volumes/GigiMurin/plip/sterol_lipids/BD3q95-B-B-ESL1/report.txt	4	3	0	1	0	0	0
/Volumes/GigiMurin/plip/sterol_lipids/BD3qps-A-A-CHD1/report.txt	4	1	1	0	0	0	0
/Volumes/GigiMurin/plip/sterol_lipids/BD3qqa-A-A-TCH1/report.txt	4	3	0	0	0	0	0
/Volumes/GigiMurin/plip/sterol_lipids/BD3qt0-A-A-4861/report.txt	9	1	0	0	0	0	0
/Volumes/GigiMurin/plip/sterol_lipids/BD3qz1-A-A-3QZ1/report.txt	5	1	0	0	0	0	0
/Volumes/GigiMurin/plip/sterol_lipids/BD3qz1-A-A-3QZ2/report.txt	6	1	0	0	0	0	0
/Volumes/GigiMurin/plip/sterol_lipids/BD3qz1-B-B-3QZ2/report.txt	5	0	0	0	0	0	0
/Volumes/GigiMurin/plip/sterol_lipids/BD3qz1-C-C-3QZ1/report.txt	4	1	0	0	0	0	0
/Volumes/GigiMurin/plip/sterol_lipids/BD3qz1-C-C-3QZ2/report.txt	3	0	0	0	0	0	0
/Volumes/GigiMurin/plip/sterol_lipids/BD3qz1-D-D-3QZ1/report.txt	3	2	0	0	0	0	0
/Volumes/GigiMurin/plip/sterol_lipids/BD3qz1-D-D-3QZ2/report.txt	5	0	0	0	0	0	0
/Volumes/GigiMurin/plip/sterol_lipids/BD3r9v-A-B-DXC1/report.txt	1	0	0	0	0	0	0
/Volumes/GigiMurin/plip/sterol_lipids/BD3r9v-A-B-DXC2/report.txt	1	0	0	0	0	0	0
/Volumes/GigiMurin/plip/sterol_lipids/BD3r9v-B-B-DXC1/report.txt	1	0	0	0	0	0	0
/Volumes/GigiMurin/plip/sterol_lipids/BD3r9v-B-B-DXC2/report.txt	4	4	0	0	0	0	0
/Volumes/GigiMurin/plip/sterol_lipids/BD3ra7-H-L-DOG1/report.txt	5	1	0	0	0	0	0
/Volumes/GigiMurin/plip/sterol_lipids/BD3ra7-L-L-DOG1/report.txt	0	1	0	0	0	0	0
/Volumes/GigiMurin/plip/sterol_lipids/BD3rgz-A-A-BLD1/report.txt	5	1	1	0	0	0	0
/Volumes/GigiMurin/plip/sterol_lipids/BD3rj0-A-A-BLD1/report.txt	7	4	1	0	0	0	0
/Volumes/GigiMurin/plip/sterol_lipids/BD3ruk-A-A-AER1/report.txt	7	0	0	0	0	0	0
/Volumes/GigiMurin/plip/sterol_lipids/BD3ruk-B-B-AER1/report.txt	8	1	0	0	0	0	0
/Volumes/GigiMurin/plip/sterol_lipids/BD3rv5-A-A-DXC1/report.txt	3	0	1	0	0	0	0
/Volumes/GigiMurin/plip/sterol_lipids/BD3rv5-A-A-DXC2/report.txt	4	1	0	0	0	0	0
/Volumes/GigiMurin/plip/sterol_lipids/BD3rv5-A-B-DXC1/report.txt	2	0	1	0	0	0	0
/Volumes/GigiMurin/plip/sterol_lipids/BD3rv5-B-A-DXC1/report.txt	2	0	0	0	0	0	0
/Volumes/GigiMurin/plip/sterol_lipids/BD3rv5-B-B-DXC1/report.txt	2	0	0	0	0	0	0
/Volumes/GigiMurin/plip/sterol_lipids/BD3rv5-C-C-DXC1/report.txt	3	0	0	0	0	0	0
/Volumes/GigiMurin/plip/sterol_lipids/BD3rv5-C-D-DXC1/report.txt	2	0	0	0	0	0	0
/Volumes/GigiMurin/plip/sterol_lipids/BD3rv5-D-C-DXC1/report.txt	1	0	0	0	0	0	0
/Volumes/GigiMurin/plip/sterol_lipids/BD3ry9-A-A-1CA1/report.txt	4	3	0	0	0	0	0
/Volumes/GigiMurin/plip/sterol_lipids/BD3s79-A-A-ASD1/report.txt	9	2	0	0	0	0	0
/Volumes/GigiMurin/plip/sterol_lipids/BD3s7s-A-A-EXM1/report.txt	5	2	0	0	0	0	0
/Volumes/GigiMurin/plip/sterol_lipids/BD3sel-X-X-DXC1/report.txt	6	0	3	0	0	0	0
/Volumes/GigiMurin/plip/sterol_lipids/BD3sj0-X-X-DXC1/report.txt	6	0	3	0	0	0	0
/Volumes/GigiMurin/plip/sterol_lipids/BD3sj1-X-X-DXC1/report.txt	6	0	3	0	0	0	0
/Volumes/GigiMurin/plip/sterol_lipids/BD3sj4-X-X-DXC1/report.txt	7	0	3	0	0	0	0
/Volumes/GigiMurin/plip/sterol_lipids/BD3slb-C-C-CPS1/report.txt	2	0	0	0	0	0	0
/Volumes/GigiMurin/plip/sterol_lipids/BD3sn5-A-A-K2B1/report.txt	7	1	0	0	0	0	0
/Volumes/GigiMurin/plip/sterol_lipids/BD3swz-A-A-TOK1/report.txt	9	0	0	0	0	0	0
/Volumes/GigiMurin/plip/sterol_lipids/BD3tc5-A-A-3T51/report.txt	4	3	3	0	0	0	0
/Volumes/GigiMurin/plip/sterol_lipids/BD3u88-A-A-CHD1/report.txt	1	2	1	0	0	0	0
/Volumes/GigiMurin/plip/sterol_lipids/BD3u88-B-B-CHD1/report.txt	3	3	1	0	0	0	0
/Volumes/GigiMurin/plip/sterol_lipids/BD3up0-A-A-D7S1/report.txt	6	3	1	0	0	0	0
/Volumes/GigiMurin/plip/sterol_lipids/BD3uud-A-A-EST1/report.txt	4	3	0	1	0	0	0
/Volumes/GigiMurin/plip/sterol_lipids/BD3uud-B-B-EST1/report.txt	3	2	0	1	0	0	0
/Volumes/GigiMurin/plip/sterol_lipids/BD3uzx-A-A-AOM1/report.txt	8	2	0	0	0	0	0
/Volumes/GigiMurin/plip/sterol_lipids/BD3uzy-A-A-BDT1/report.txt	8	0	0	0	0	0	0
/Volumes/GigiMurin/plip/sterol_lipids/BD3uzy-B-B-BDT1/report.txt	6	0	0	0	0	0	0
/Volumes/GigiMurin/plip/sterol_lipids/BD3uzz-A-A-TES1/report.txt	8	1	0	0	0	0	0
/Volumes/GigiMurin/plip/sterol_lipids/BD3v8d-A-A-0GV1/report.txt	9	2	0	0	0	0	0
/Volumes/GigiMurin/plip/sterol_lipids/BD3v8d-B-B-0GV1/report.txt	9	2	0	0	0	0	0
/Volumes/GigiMurin/plip/sterol_lipids/BD3vhu-A-A-SNL1/report.txt	9	3	0	0	0	0	0
/Volumes/GigiMurin/plip/sterol_lipids/BD3vrw-A-A-YS51/report.txt	9	4	0	0	0	0	0
/Volumes/GigiMurin/plip/sterol_lipids/BD3vt3-A-A-VDX1/report.txt	9	3	0	0	0	0	0
/Volumes/GigiMurin/plip/sterol_lipids/BD3vt7-A-A-VDX1/report.txt	8	5	0	0	0	0	0
/Volumes/GigiMurin/plip/sterol_lipids/BD3vtb-A-A-TKA1/report.txt	13	3	0	0	0	0	0
/Volumes/GigiMurin/plip/sterol_lipids/BD3vtc-A-A-TK31/report.txt	14	2	0	0	0	0	0
/Volumes/GigiMurin/plip/sterol_lipids/BD3vtd-A-A-TKD1/report.txt	12	3	0	0	0	0	0
/Volumes/GigiMurin/plip/sterol_lipids/BD3w1w-A-A-CHD1/report.txt	7	3	0	0	0	0	0
/Volumes/GigiMurin/plip/sterol_lipids/BD3w1w-A-A-CHD2/report.txt	5	0	1	0	0	0	0
/Volumes/GigiMurin/plip/sterol_lipids/BD3w1w-A-A-CHD3/report.txt	1	0	0	0	0	0	0
/Volumes/GigiMurin/plip/sterol_lipids/BD3w1w-A-A-CHD4/report.txt	0	1	0	0	0	0	0
/Volumes/GigiMurin/plip/sterol_lipids/BD3w1w-B-B-CHD1/report.txt	4	2	1	0	0	0	0
/Volumes/GigiMurin/plip/sterol_lipids/BD3w1w-B-B-CHD2/report.txt	3	0	0	0	0	0	0
/Volumes/GigiMurin/plip/sterol_lipids/BD3w1w-B-B-CHD3/report.txt	5	2	0	0	0	0	0
/Volumes/GigiMurin/plip/sterol_lipids/BD3w1w-B-B-CHD4/report.txt	0	1	0	0	0	0	0
/Volumes/GigiMurin/plip/sterol_lipids/BD3w5p-A-A-4OA1/report.txt	8	2	0	0	0	0	0
/Volumes/GigiMurin/plip/sterol_lipids/BD3w5q-A-A-3KL1/report.txt	12	2	0	0	0	0	0
/Volumes/GigiMurin/plip/sterol_lipids/BD3wg7-A-B-CHD1/report.txt	4	0	0	0	0	0	0
/Volumes/GigiMurin/plip/sterol_lipids/BD3wg7-A-C-CHD2/report.txt	2	1	1	0	0	0	0
/Volumes/GigiMurin/plip/sterol_lipids/BD3wg7-A-J-CHD1/report.txt	1	0	0	0	0	0	0
/Volumes/GigiMurin/plip/sterol_lipids/BD3wg7-B-B-CHD1/report.txt	0	3	0	0	0	0	0
/Volumes/GigiMurin/plip/sterol_lipids/BD3wg7-C-C-CHD1/report.txt	6	0	1	0	0	0	0
/Volumes/GigiMurin/plip/sterol_lipids/BD3wg7-C-C-CHD2/report.txt	1	1	1	0	0	0	0
/Volumes/GigiMurin/plip/sterol_lipids/BD3wg7-G-G-CHD1/report.txt	3	0	2	0	0	0	0
/Volumes/GigiMurin/plip/sterol_lipids/BD3wg7-J-C-CHD1/report.txt	0	1	0	0	0	0	0
/Volumes/GigiMurin/plip/sterol_lipids/BD3wg7-J-J-CHD1/report.txt	3	0	0	0	0	0	0
/Volumes/GigiMurin/plip/sterol_lipids/BD3wg7-N-G-CHD1/report.txt	4	0	0	0	0	0	0
/Volumes/GigiMurin/plip/sterol_lipids/BD3wg7-N-P-CHD2/report.txt	2	1	1	0	0	0	0
/Volumes/GigiMurin/plip/sterol_lipids/BD3wg7-N-W-CHD1/report.txt	1	0	0	0	0	0	0
/Volumes/GigiMurin/plip/sterol_lipids/BD3wg7-P-C-CHD2/report.txt	1	0	0	0	0	0	0
/Volumes/GigiMurin/plip/sterol_lipids/BD3wg7-P-P-CHD1/report.txt	6	0	1	0	0	0	0
/Volumes/GigiMurin/plip/sterol_lipids/BD3wg7-P-P-CHD2/report.txt	0	1	1	0	0	0	0
/Volumes/GigiMurin/plip/sterol_lipids/BD3wg7-T-B-CHD1/report.txt	1	0	2	0	0	0	0
/Volumes/GigiMurin/plip/sterol_lipids/BD3wg7-W-P-CHD1/report.txt	0	1	0	0	0	0	0
/Volumes/GigiMurin/plip/sterol_lipids/BD3wg7-W-W-CHD1/report.txt	3	1	0	0	0	0	0
/Volumes/GigiMurin/plip/sterol_lipids/BD3wgp-A-A-ED91/report.txt	12	6	0	0	0	0	0
/Volumes/GigiMurin/plip/sterol_lipids/BD3wgu-A-A-CLR1/report.txt	2	1	0	0	0	0	0
/Volumes/GigiMurin/plip/sterol_lipids/BD3wgu-A-A-CLR2/report.txt	3	1	0	0	0	0	0
/Volumes/GigiMurin/plip/sterol_lipids/BD3wgu-A-B-CLR1/report.txt	3	0	0	0	0	0	0
/Volumes/GigiMurin/plip/sterol_lipids/BD3wgu-B-A-CLR1/report.txt	2	0	0	0	0	0	0
/Volumes/GigiMurin/plip/sterol_lipids/BD3wgu-B-B-CLR1/report.txt	3	1	0	0	0	0	0
/Volumes/GigiMurin/plip/sterol_lipids/BD3wgu-C-C-CLR1/report.txt	3	1	0	0	0	0	0
/Volumes/GigiMurin/plip/sterol_lipids/BD3wgu-C-C-CLR2/report.txt	2	1	0	0	0	0	0
/Volumes/GigiMurin/plip/sterol_lipids/BD3wgu-D-C-CLR1/report.txt	2	1	0	0	0	0	0
/Volumes/GigiMurin/plip/sterol_lipids/BD3wgu-D-C-CLR2/report.txt	2	0	0	0	0	0	0
/Volumes/GigiMurin/plip/sterol_lipids/BD3wgu-E-C-CLR3/report.txt	3	0	0	0	0	0	0
/Volumes/GigiMurin/plip/sterol_lipids/BD3wgu-G-A-CLR2/report.txt	3	0	0	0	0	0	0
/Volumes/GigiMurin/plip/sterol_lipids/BD3wgv-A-A-CLR1/report.txt	3	0	0	0	0	0	0
/Volumes/GigiMurin/plip/sterol_lipids/BD3wgv-A-A-CLR2/report.txt	2	1	0	0	0	0	0
/Volumes/GigiMurin/plip/sterol_lipids/BD3wgv-A-G-CLR1/report.txt	2	0	0	0	0	0	0
/Volumes/GigiMurin/plip/sterol_lipids/BD3wgv-B-A-CLR1/report.txt	3	2	0	0	0	0	0
/Volumes/GigiMurin/plip/sterol_lipids/BD3wgv-B-A-CLR2/report.txt	2	0	0	0	0	0	0
/Volumes/GigiMurin/plip/sterol_lipids/BD3wgv-C-D-CLR1/report.txt	4	1	0	0	0	0	0
/Volumes/GigiMurin/plip/sterol_lipids/BD3wgv-C-D-CLR2/report.txt	2	1	0	0	0	0	0
/Volumes/GigiMurin/plip/sterol_lipids/BD3wgv-C-E-CLR1/report.txt	8	0	0	0	0	0	0
/Volumes/GigiMurin/plip/sterol_lipids/BD3wgv-D-D-CLR1/report.txt	3	2	0	0	0	0	0
/Volumes/GigiMurin/plip/sterol_lipids/BD3wgv-D-D-CLR2/report.txt	4	0	0	0	0	0	0
/Volumes/GigiMurin/plip/sterol_lipids/BD3wgv-E-E-CLR1/report.txt	5	0	0	0	0	0	0
/Volumes/GigiMurin/plip/sterol_lipids/BD3wgv-G-G-CLR1/report.txt	5	1	0	0	0	0	0
/Volumes/GigiMurin/plip/sterol_lipids/BD3wo2-A-A-CPS1/report.txt	6	0	0	0	0	0	0
/Volumes/GigiMurin/plip/sterol_lipids/BD3wo2-A-A-CPS2/report.txt	5	3	0	0	0	0	0
/Volumes/GigiMurin/plip/sterol_lipids/BD3wo2-A-A-CPS3/report.txt	1	1	0	0	0	0	0
/Volumes/GigiMurin/plip/sterol_lipids/BD3wo2-B-B-CPS1/report.txt	3	1	0	0	0	0	0
/Volumes/GigiMurin/plip/sterol_lipids/BD3wo2-B-B-CPS2/report.txt	5	0	0	0	0	0	0
/Volumes/GigiMurin/plip/sterol_lipids/BD3wo2-B-B-CPS3/report.txt	4	1	0	0	0	0	0
/Volumes/GigiMurin/plip/sterol_lipids/BD3wo2-C-C-CPS1/report.txt	4	2	0	0	0	0	0
/Volumes/GigiMurin/plip/sterol_lipids/BD3wo2-C-C-CPS2/report.txt	2	1	1	0	0	0	0
/Volumes/GigiMurin/plip/sterol_lipids/BD3wo2-C-C-CPS3/report.txt	7	3	0	0	0	0	0
/Volumes/GigiMurin/plip/sterol_lipids/BD3wo2-D-D-CPS1/report.txt	6	2	0	0	0	0	0
/Volumes/GigiMurin/plip/sterol_lipids/BD3wo2-D-D-CPS2/report.txt	2	0	0	0	0	0	0
/Volumes/GigiMurin/plip/sterol_lipids/BD3wo2-D-D-CPS3/report.txt	3	3	1	0	0	0	0
/Volumes/GigiMurin/plip/sterol_lipids/BD3wt7-A-A-YA21/report.txt	14	2	0	0	0	0	0
/Volumes/GigiMurin/plip/sterol_lipids/BD3x2q-A-B-CHD1/report.txt	4	0	0	0	0	0	0
/Volumes/GigiMurin/plip/sterol_lipids/BD3x2q-A-C-CHD2/report.txt	3	1	1	0	0	0	0
/Volumes/GigiMurin/plip/sterol_lipids/BD3x2q-B-B-CHD1/report.txt	1	2	0	0	0	0	0
/Volumes/GigiMurin/plip/sterol_lipids/BD3x2q-C-C-CHD1/report.txt	5	0	1	0	0	0	0
/Volumes/GigiMurin/plip/sterol_lipids/BD3x2q-C-C-CHD2/report.txt	1	1	1	0	0	0	0
/Volumes/GigiMurin/plip/sterol_lipids/BD3x2q-G-O-CHD1/report.txt	2	0	2	0	0	0	0
/Volumes/GigiMurin/plip/sterol_lipids/BD3x2q-N-O-CHD1/report.txt	4	0	0	0	0	0	0
/Volumes/GigiMurin/plip/sterol_lipids/BD3x2q-N-P-CHD2/report.txt	5	1	1	0	0	0	0
/Volumes/GigiMurin/plip/sterol_lipids/BD3x2q-O-O-CHD1/report.txt	0	2	0	0	0	0	0
/Volumes/GigiMurin/plip/sterol_lipids/BD3x2q-P-C-CHD2/report.txt	1	0	0	0	0	0	0
/Volumes/GigiMurin/plip/sterol_lipids/BD3x2q-P-P-CHD1/report.txt	5	0	1	0	0	0	0
/Volumes/GigiMurin/plip/sterol_lipids/BD3x2q-P-P-CHD2/report.txt	0	1	1	0	0	0	0
/Volumes/GigiMurin/plip/sterol_lipids/BD3x2q-T-B-CHD1/report.txt	2	0	2	0	0	0	0
/Volumes/GigiMurin/plip/sterol_lipids/BD3zqe-A-B-DXC1/report.txt	0	2	0	0	0	0	0
/Volumes/GigiMurin/plip/sterol_lipids/BD3zqe-B-B-DXC1/report.txt	4	0	0	0	0	0	0
/Volumes/GigiMurin/plip/sterol_lipids/BD3zqt-A-A-TES1/report.txt	6	2	0	0	0	0	0
/Volumes/GigiMurin/plip/sterol_lipids/BD3zux-A-A-TCH1/report.txt	7	2	1	0	0	0	0
/Volumes/GigiMurin/plip/sterol_lipids/BD3zux-A-A-TCH2/report.txt	1	1	0	0	0	0	0
/Volumes/GigiMurin/plip/sterol_lipids/BD3zuy-A-A-TCH1/report.txt	7	3	1	0	0	0	0
/Volumes/GigiMurin/plip/sterol_lipids/BD3zuy-A-A-TCH2/report.txt	1	1	0	0	0	0	0
/Volumes/GigiMurin/plip/sterol_lipids/BD4a2j-A-A-AS01/report.txt	4	4	0	0	0	0	0
/Volumes/GigiMurin/plip/sterol_lipids/BD4a81-A-A-DXC1/report.txt	9	5	1	0	0	0	0
/Volumes/GigiMurin/plip/sterol_lipids/BD4a83-A-A-DXC1/report.txt	9	2	0	0	0	0	0
/Volumes/GigiMurin/plip/sterol_lipids/BD4a83-A-A-DXC2/report.txt	7	4	1	0	0	0	0
/Volumes/GigiMurin/plip/sterol_lipids/BD4a84-A-A-DXC1/report.txt	6	5	0	0	0	0	0
/Volumes/GigiMurin/plip/sterol_lipids/BD4a84-A-A-DXC2/report.txt	10	3	0	0	0	0	0
/Volumes/GigiMurin/plip/sterol_lipids/BD4ac9-B-B-DXC1/report.txt	9	5	0	0	0	0	0
/Volumes/GigiMurin/plip/sterol_lipids/BD4ac9-B-C-DXC2/report.txt	3	0	0	0	0	0	0
/Volumes/GigiMurin/plip/sterol_lipids/BD4ac9-C-B-DXC1/report.txt	0	2	0	0	0	0	0
/Volumes/GigiMurin/plip/sterol_lipids/BD4ac9-C-C-DXC2/report.txt	1	1	0	0	0	0	0
/Volumes/GigiMurin/plip/sterol_lipids/BD4ac9-C-C-DXC3/report.txt	3	0	1	0	0	0	0
/Volumes/GigiMurin/plip/sterol_lipids/BD4ac9-C-C-DXC4/report.txt	5	0	0	0	0	0	0
/Volumes/GigiMurin/plip/sterol_lipids/BD4ac9-C-C-DXC5/report.txt	1	1	0	0	0	0	0
/Volumes/GigiMurin/plip/sterol_lipids/BD4ac9-C-C-DXC6/report.txt	1	1	0	0	0	0	0
/Volumes/GigiMurin/plip/sterol_lipids/BD4aca-B-B-DXC1/report.txt	8	5	0	0	0	0	0
/Volumes/GigiMurin/plip/sterol_lipids/BD4aca-B-C-DXC2/report.txt	3	0	0	0	0	0	0
/Volumes/GigiMurin/plip/sterol_lipids/BD4aca-C-B-DXC1/report.txt	0	2	0	0	0	0	0
/Volumes/GigiMurin/plip/sterol_lipids/BD4aca-C-C-DXC2/report.txt	1	1	0	0	0	0	0
/Volumes/GigiMurin/plip/sterol_lipids/BD4aca-C-C-DXC3/report.txt	3	1	1	0	0	0	0
/Volumes/GigiMurin/plip/sterol_lipids/BD4aca-C-C-DXC4/report.txt	4	0	0	0	0	0	0
/Volumes/GigiMurin/plip/sterol_lipids/BD4aca-C-C-DXC5/report.txt	2	1	0	0	0	0	0
/Volumes/GigiMurin/plip/sterol_lipids/BD4aca-C-C-DXC6/report.txt	1	1	0	0	0	0	0
/Volumes/GigiMurin/plip/sterol_lipids/BD4acb-B-B-DXC1/report.txt	7	5	0	0	0	0	0
/Volumes/GigiMurin/plip/sterol_lipids/BD4acb-B-C-DXC2/report.txt	1	0	0	0	0	0	0
/Volumes/GigiMurin/plip/sterol_lipids/BD4acb-C-B-DXC1/report.txt	0	2	0	0	0	0	0
/Volumes/GigiMurin/plip/sterol_lipids/BD4acb-C-C-DXC2/report.txt	1	1	0	0	0	0	0
/Volumes/GigiMurin/plip/sterol_lipids/BD4acb-C-C-DXC3/report.txt	3	1	1	0	0	0	0
/Volumes/GigiMurin/plip/sterol_lipids/BD4acb-C-C-DXC4/report.txt	4	1	0	0	0	0	0
/Volumes/GigiMurin/plip/sterol_lipids/BD4acb-C-C-DXC5/report.txt	1	1	0	0	0	0	0
/Volumes/GigiMurin/plip/sterol_lipids/BD4acb-C-C-DXC6/report.txt	1	2	0	0	0	0	0
/Volumes/GigiMurin/plip/sterol_lipids/BD4afq-C-C-CPS1/report.txt	5	0	0	0	0	0	0
/Volumes/GigiMurin/plip/sterol_lipids/BD4apu-B-B-A2K1/report.txt	12	3	0	2	0	0	0
/Volumes/GigiMurin/plip/sterol_lipids/BD4at2-A-A-ASD1/report.txt	7	1	0	0	0	0	0
/Volumes/GigiMurin/plip/sterol_lipids/BD4bb2-A-B-STR1/report.txt	3	1	0	0	0	0	0
/Volumes/GigiMurin/plip/sterol_lipids/BD4bb2-B-B-STR1/report.txt	4	0	0	0	0	0	0
/Volumes/GigiMurin/plip/sterol_lipids/BD4boe-A-A-CLR1/report.txt	15	2	0	0	0	0	0
/Volumes/GigiMurin/plip/sterol_lipids/BD4bqu-A-A-CLR1/report.txt	9	2	0	0	0	0	0
/Volumes/GigiMurin/plip/sterol_lipids/BD4c3y-A-A-ANB1/report.txt	3	2	0	0	0	0	0
/Volumes/GigiMurin/plip/sterol_lipids/BD4c3y-B-B-ANB1/report.txt	5	1	0	0	0	0	0
/Volumes/GigiMurin/plip/sterol_lipids/BD4c49-A-A-HCY1/report.txt	9	4	0	0	0	0	0
/Volumes/GigiMurin/plip/sterol_lipids/BD4c49-C-C-HCY1/report.txt	9	4	0	0	0	0	0
/Volumes/GigiMurin/plip/sterol_lipids/BD4czt-A-A-CPS1/report.txt	7	3	0	0	0	0	0
/Volumes/GigiMurin/plip/sterol_lipids/BD4czt-A-C-CPS1/report.txt	0	1	1	0	0	0	0
/Volumes/GigiMurin/plip/sterol_lipids/BD4czt-A-C-CPS2/report.txt	1	1	0	0	0	0	0
/Volumes/GigiMurin/plip/sterol_lipids/BD4czt-B-B-CPS1/report.txt	3	4	0	0	0	0	0
/Volumes/GigiMurin/plip/sterol_lipids/BD4czt-B-D-CPS2/report.txt	5	0	0	0	0	0	0
/Volumes/GigiMurin/plip/sterol_lipids/BD4czt-C-C-CPS1/report.txt	2	4	1	0	0	0	0
/Volumes/GigiMurin/plip/sterol_lipids/BD4czt-C-C-CPS2/report.txt	1	1	2	0	0	0	0
/Volumes/GigiMurin/plip/sterol_lipids/BD4czt-D-D-CPS1/report.txt	4	4	0	0	0	0	0
/Volumes/GigiMurin/plip/sterol_lipids/BD4czt-D-D-CPS2/report.txt	0	2	1	0	0	0	0
/Volumes/GigiMurin/plip/sterol_lipids/BD4czt-D-D-CPS3/report.txt	3	0	1	0	0	0	0
/Volumes/GigiMurin/plip/sterol_lipids/BD4czu-A-A-CPS1/report.txt	3	3	0	0	0	0	0
/Volumes/GigiMurin/plip/sterol_lipids/BD4czu-A-C-CPS2/report.txt	1	2	0	0	0	0	0
/Volumes/GigiMurin/plip/sterol_lipids/BD4czu-B-B-CPS1/report.txt	7	4	0	0	0	0	0
/Volumes/GigiMurin/plip/sterol_lipids/BD4czu-B-B-CPS2/report.txt	5	0	0	0	0	0	0
/Volumes/GigiMurin/plip/sterol_lipids/BD4czu-C-A-CPS1/report.txt	0	3	0	0	0	0	0
/Volumes/GigiMurin/plip/sterol_lipids/BD4czu-C-C-CPS1/report.txt	4	2	0	0	0	0	0
/Volumes/GigiMurin/plip/sterol_lipids/BD4czu-C-C-CPS2/report.txt	4	0	0	0	0	0	0
/Volumes/GigiMurin/plip/sterol_lipids/BD4czu-D-B-CPS2/report.txt	1	1	0	0	0	0	0
/Volumes/GigiMurin/plip/sterol_lipids/BD4czu-D-D-CPS1/report.txt	5	0	0	0	0	0	0
/Volumes/GigiMurin/plip/sterol_lipids/BD4czu-D-D-CPS2/report.txt	3	0	1	0	0	0	0
/Volumes/GigiMurin/plip/sterol_lipids/BD4dkl-A-A-CLR1/report.txt	8	0	0	0	0	0	0
/Volumes/GigiMurin/plip/sterol_lipids/BD4dvq-A-A-1CA1/report.txt	8	0	0	0	0	0	0
/Volumes/GigiMurin/plip/sterol_lipids/BD4dvq-I-I-1CA1/report.txt	7	2	0	0	0	0	0
/Volumes/GigiMurin/plip/sterol_lipids/BD4e2j-A-A-MOF1/report.txt	5	4	0	0	0	0	0
/Volumes/GigiMurin/plip/sterol_lipids/BD4e2j-B-B-MOF1/report.txt	7	5	0	0	0	0	0
/Volumes/GigiMurin/plip/sterol_lipids/BD4eiy-A-A-CLR1/report.txt	7	1	0	0	0	0	0
/Volumes/GigiMurin/plip/sterol_lipids/BD4eiy-A-A-CLR2/report.txt	6	0	0	0	0	0	0
/Volumes/GigiMurin/plip/sterol_lipids/BD4eiy-A-A-CLR3/report.txt	7	0	0	0	0	0	0
/Volumes/GigiMurin/plip/sterol_lipids/BD4ews-A-A-2OB1/report.txt	9	0	0	0	0	0	0
/Volumes/GigiMurin/plip/sterol_lipids/BD4ews-A-A-2OB2/report.txt	28	0	0	0	0	0	0
/Volumes/GigiMurin/plip/sterol_lipids/BD4f2a-A-A-2OB1/report.txt	14	0	0	0	0	0	0
/Volumes/GigiMurin/plip/sterol_lipids/BD4f2a-A-A-2OB2/report.txt	21	0	0	0	0	0	0
/Volumes/GigiMurin/plip/sterol_lipids/BD4f4b-A-A-L391/report.txt	10	1	0	0	0	0	0
/Volumes/GigiMurin/plip/sterol_lipids/BD4f4b-B-B-L391/report.txt	10	2	0	0	0	0	0
/Volumes/GigiMurin/plip/sterol_lipids/BD4f4d-A-A-CHD1/report.txt	5	2	2	0	0	0	0
/Volumes/GigiMurin/plip/sterol_lipids/BD4f4d-A-A-CHD2/report.txt	4	0	2	0	0	0	0
/Volumes/GigiMurin/plip/sterol_lipids/BD4f4d-A-A-CHD3/report.txt	3	0	0	0	0	0	0
/Volumes/GigiMurin/plip/sterol_lipids/BD4f4d-B-B-CHD1/report.txt	5	0	1	0	0	0	0
/Volumes/GigiMurin/plip/sterol_lipids/BD4f4d-B-B-CHD2/report.txt	3	0	0	0	0	0	0
/Volumes/GigiMurin/plip/sterol_lipids/BD4f4d-B-B-CHD3/report.txt	7	1	1	0	0	0	0
/Volumes/GigiMurin/plip/sterol_lipids/BD4fes-A-A-0T91/report.txt	11	1	0	0	0	0	0
/Volumes/GigiMurin/plip/sterol_lipids/BD4fn9-A-A-CPS1/report.txt	3	0	0	0	0	0	0
/Volumes/GigiMurin/plip/sterol_lipids/BD4fn9-A-A-STR1/report.txt	6	2	0	0	0	0	0
/Volumes/GigiMurin/plip/sterol_lipids/BD4fn9-A-B-CPS1/report.txt	1	0	0	0	0	0	0
/Volumes/GigiMurin/plip/sterol_lipids/BD4fn9-B-B-CPS1/report.txt	2	1	0	0	0	0	0
/Volumes/GigiMurin/plip/sterol_lipids/BD4fne-A-A-1CA1/report.txt	6	4	0	0	0	0	0
/Volumes/GigiMurin/plip/sterol_lipids/BD4fne-A-A-CPS1/report.txt	2	1	0	0	0	0	0
/Volumes/GigiMurin/plip/sterol_lipids/BD4gl5-A-A-G291/report.txt	11	2	0	0	0	0	0
/Volumes/GigiMurin/plip/sterol_lipids/BD4gl7-A-A-0XJ1/report.txt	12	2	0	0	0	0	0
/Volumes/GigiMurin/plip/sterol_lipids/BD4grh-A-A-CPS1/report.txt	1	0	0	0	0	0	0
/Volumes/GigiMurin/plip/sterol_lipids/BD4grh-A-A-CPS2/report.txt	7	1	0	0	0	0	0
/Volumes/GigiMurin/plip/sterol_lipids/BD4haj-A-A-DXC1/report.txt	5	0	3	0	0	0	0
/Volumes/GigiMurin/plip/sterol_lipids/BD4hb6-A-A-DXC1/report.txt	7	0	3	0	0	0	0
/Volumes/GigiMurin/plip/sterol_lipids/BD4hb8-A-A-DXC1/report.txt	5	0	3	0	0	0	0
/Volumes/GigiMurin/plip/sterol_lipids/BD4hbf-A-A-DXC1/report.txt	5	0	3	0	0	0	0
/Volumes/GigiMurin/plip/sterol_lipids/BD4hc3-A-A-DXC1/report.txt	6	0	3	0	0	0	0
/Volumes/GigiMurin/plip/sterol_lipids/BD4hdl-A-A-DXC1/report.txt	6	0	2	0	0	0	0
/Volumes/GigiMurin/plip/sterol_lipids/BD4hlw-A-A-TES1/report.txt	5	3	0	0	0	0	0
/Volumes/GigiMurin/plip/sterol_lipids/BD4hqj-A-A-CLR1/report.txt	8	0	0	0	0	0	0
/Volumes/GigiMurin/plip/sterol_lipids/BD4hqj-A-A-CLR2/report.txt	3	1	0	0	0	0	0
/Volumes/GigiMurin/plip/sterol_lipids/BD4hqj-B-A-CLR2/report.txt	2	0	0	0	0	0	0
/Volumes/GigiMurin/plip/sterol_lipids/BD4hqj-C-D-CLR1/report.txt	1	0	0	0	0	0	0
/Volumes/GigiMurin/plip/sterol_lipids/BD4hqj-D-C-CLR2/report.txt	1	0	0	0	0	0	0
/Volumes/GigiMurin/plip/sterol_lipids/BD4hqj-D-D-CLR1/report.txt	2	0	0	0	0	0	0
/Volumes/GigiMurin/plip/sterol_lipids/BD4hyt-A-A-CLR1/report.txt	2	1	0	0	0	0	0
/Volumes/GigiMurin/plip/sterol_lipids/BD4hyt-A-A-OBN1/report.txt	7	3	0	0	0	0	0
/Volumes/GigiMurin/plip/sterol_lipids/BD4hyt-A-C-CLR1/report.txt	2	0	0	0	0	0	0
/Volumes/GigiMurin/plip/sterol_lipids/BD4hyt-A-G-CLR1/report.txt	7	0	0	0	0	0	0
/Volumes/GigiMurin/plip/sterol_lipids/BD4hyt-B-A-CLR1/report.txt	3	0	0	0	0	0	0
/Volumes/GigiMurin/plip/sterol_lipids/BD4hyt-C-A-CLR1/report.txt	3	0	0	0	0	0	0
/Volumes/GigiMurin/plip/sterol_lipids/BD4hyt-C-C-OBN1/report.txt	7	5	0	0	0	0	0
/Volumes/GigiMurin/plip/sterol_lipids/BD4hyt-D-C-CLR1/report.txt	4	0	0	0	0	0	0
/Volumes/GigiMurin/plip/sterol_lipids/BD4hyt-E-E-CLR1/report.txt	3	2	0	0	0	0	0
/Volumes/GigiMurin/plip/sterol_lipids/BD4ia1-A-A-BIV1/report.txt	11	5	0	0	0	0	0
/Volumes/GigiMurin/plip/sterol_lipids/BD4ia2-A-A-BIV1/report.txt	9	4	0	0	0	0	0
/Volumes/GigiMurin/plip/sterol_lipids/BD4ia3-A-A-BIV1/report.txt	10	4	0	0	0	0	0
/Volumes/GigiMurin/plip/sterol_lipids/BD4ia7-A-A-BIV1/report.txt	9	5	0	0	0	0	0
/Volumes/GigiMurin/plip/sterol_lipids/BD4ib4-A-A-CLR1/report.txt	4	1	0	0	0	0	0
/Volumes/GigiMurin/plip/sterol_lipids/BD4ite-A-A-TEY1/report.txt	8	6	0	0	0	0	0
/Volumes/GigiMurin/plip/sterol_lipids/BD4itf-A-A-TFY1/report.txt	11	8	0	1	0	0	0
/Volumes/GigiMurin/plip/sterol_lipids/BD4j03-A-A-FVS1/report.txt	3	3	1	0	0	2	0
/Volumes/GigiMurin/plip/sterol_lipids/BD4j0m-A-A-BLD1/report.txt	9	4	1	0	0	0	0
/Volumes/GigiMurin/plip/sterol_lipids/BD4j0m-B-B-BLD1/report.txt	9	1	1	0	0	0	0
/Volumes/GigiMurin/plip/sterol_lipids/BD4j24-A-A-EST1/report.txt	8	3	0	1	0	0	0
/Volumes/GigiMurin/plip/sterol_lipids/BD4j24-B-B-EST1/report.txt	6	2	0	1	0	0	0
/Volumes/GigiMurin/plip/sterol_lipids/BD4j26-A-A-EST1/report.txt	6	3	0	1	0	0	0
/Volumes/GigiMurin/plip/sterol_lipids/BD4j6b-A-A-PLO1/report.txt	8	1	0	0	0	0	0
/Volumes/GigiMurin/plip/sterol_lipids/BD4j6c-A-A-STR1/report.txt	8	2	0	0	0	0	0
/Volumes/GigiMurin/plip/sterol_lipids/BD4j6d-A-A-TES1/report.txt	8	2	0	0	0	0	0
/Volumes/GigiMurin/plip/sterol_lipids/BD4j8t-A-A-DOG1/report.txt	8	3	0	0	0	0	0
/Volumes/GigiMurin/plip/sterol_lipids/BD4j8t-B-B-DOG1/report.txt	5	2	0	0	0	0	0
/Volumes/GigiMurin/plip/sterol_lipids/BD4j9a-A-A-DOG1/report.txt	10	3	0	0	0	0	0
/Volumes/GigiMurin/plip/sterol_lipids/BD4j9a-B-B-DOG1/report.txt	8	4	0	0	0	0	0
/Volumes/GigiMurin/plip/sterol_lipids/BD4j9a-C-C-DOG1/report.txt	8	1	0	0	0	0	0
/Volumes/GigiMurin/plip/sterol_lipids/BD4j9a-D-D-DOG1/report.txt	8	2	0	0	0	0	0
/Volumes/GigiMurin/plip/sterol_lipids/BD4j9a-G-G-DOG1/report.txt	4	2	0	0	0	0	0
/Volumes/GigiMurin/plip/sterol_lipids/BD4j9a-H-H-DOG1/report.txt	8	4	0	0	0	0	0
/Volumes/GigiMurin/plip/sterol_lipids/BD4j9a-I-I-DOG1/report.txt	3	3	0	0	0	0	0
/Volumes/GigiMurin/plip/sterol_lipids/BD4jbt-A-A-ASD1/report.txt	7	1	0	0	0	0	0
/Volumes/GigiMurin/plip/sterol_lipids/BD4jch-A-A-1KG1/report.txt	11	1	0	0	0	0	0
/Volumes/GigiMurin/plip/sterol_lipids/BD4jvl-A-A-EST1/report.txt	6	2	0	1	0	0	0
/Volumes/GigiMurin/plip/sterol_lipids/BD4jvl-B-B-EST1/report.txt	4	2	0	1	0	0	0
/Volumes/GigiMurin/plip/sterol_lipids/BD4jyd-A-A-CPS1/report.txt	2	1	0	0	0	0	0
/Volumes/GigiMurin/plip/sterol_lipids/BD4k7a-A-A-DHT1/report.txt	6	3	0	0	0	0	0
/Volumes/GigiMurin/plip/sterol_lipids/BD4kla-A-A-CHD1/report.txt	3	1	1	0	0	0	0
/Volumes/GigiMurin/plip/sterol_lipids/BD4kla-A-A-CHD2/report.txt	5	0	1	0	0	0	0
/Volumes/GigiMurin/plip/sterol_lipids/BD4kla-B-B-CHD1/report.txt	1	0	2	0	0	0	0
/Volumes/GigiMurin/plip/sterol_lipids/BD4klr-A-A-CHD1/report.txt	5	1	2	0	0	0	0
/Volumes/GigiMurin/plip/sterol_lipids/BD4klr-A-A-CHD2/report.txt	3	1	0	0	0	0	0
/Volumes/GigiMurin/plip/sterol_lipids/BD4klr-A-B-CHD3/report.txt	1	1	0	0	0	0	0
/Volumes/GigiMurin/plip/sterol_lipids/BD4klr-B-B-CHD1/report.txt	6	2	1	0	0	0	0
/Volumes/GigiMurin/plip/sterol_lipids/BD4klr-B-B-CHD2/report.txt	2	0	0	0	0	0	0
/Volumes/GigiMurin/plip/sterol_lipids/BD4klr-B-B-CHD3/report.txt	0	0	0	0	0	0	0
/Volumes/GigiMurin/plip/sterol_lipids/BD4kmm-A-A-CHD1/report.txt	4	2	1	0	0	0	0
/Volumes/GigiMurin/plip/sterol_lipids/BD4kmm-A-A-CHD2/report.txt	1	1	0	0	0	0	0
/Volumes/GigiMurin/plip/sterol_lipids/BD4kmm-B-B-CHD1/report.txt	4	1	1	0	0	0	0
/Volumes/GigiMurin/plip/sterol_lipids/BD4kmm-B-B-CHD2/report.txt	0	0	0	0	0	0	0
/Volumes/GigiMurin/plip/sterol_lipids/BD4kq8-A-A-ASD1/report.txt	7	2	0	0	0	0	0
/Volumes/GigiMurin/plip/sterol_lipids/BD4l1w-A-A-STR1/report.txt	7	0	0	0	0	0	0
/Volumes/GigiMurin/plip/sterol_lipids/BD4l1w-B-B-STR1/report.txt	7	0	0	0	0	0	0
/Volumes/GigiMurin/plip/sterol_lipids/BD4l1x-A-A-STR1/report.txt	6	0	0	0	0	0	0
/Volumes/GigiMurin/plip/sterol_lipids/BD4lsa-A-A-BLD1/report.txt	7	4	1	0	0	0	0
/Volumes/GigiMurin/plip/sterol_lipids/BD4lsx-A-A-BLD1/report.txt	5	4	0	0	0	0	0
/Volumes/GigiMurin/plip/sterol_lipids/BD4lsx-C-A-BLD1/report.txt	0	3	0	0	0	0	0
/Volumes/GigiMurin/plip/sterol_lipids/BD4lsx-D-B-BLD1/report.txt	2	2	0	0	0	0	0
/Volumes/GigiMurin/plip/sterol_lipids/BD4ltw-A-A-4861/report.txt	9	1	0	0	0	0	0
/Volumes/GigiMurin/plip/sterol_lipids/BD4ltw-A-A-4862/report.txt	5	0	0	0	0	0	0
/Volumes/GigiMurin/plip/sterol_lipids/BD4ltw-A-A-STR1/report.txt	6	2	0	0	0	0	0
/Volumes/GigiMurin/plip/sterol_lipids/BD4lxj-A-A-LAN1/report.txt	13	1	0	0	0	0	0
/Volumes/GigiMurin/plip/sterol_lipids/BD4m48-A-A-CLR1/report.txt	7	0	0	0	0	0	0
/Volumes/GigiMurin/plip/sterol_lipids/BD4m7e-A-A-BLD1/report.txt	10	4	0	0	0	0	0
/Volumes/GigiMurin/plip/sterol_lipids/BD4m7e-C-A-BLD1/report.txt	1	3	0	0	0	0	0
/Volumes/GigiMurin/plip/sterol_lipids/BD4mk4-A-A-CHD1/report.txt	4	0	2	0	0	0	0
/Volumes/GigiMurin/plip/sterol_lipids/BD4mk4-A-A-CHD2/report.txt	3	1	1	0	0	0	0
/Volumes/GigiMurin/plip/sterol_lipids/BD4mk4-B-B-CHD1/report.txt	2	0	2	0	0	0	0
/Volumes/GigiMurin/plip/sterol_lipids/BD4mk4-B-B-CHD2/report.txt	6	1	0	0	0	0	0
/Volumes/GigiMurin/plip/sterol_lipids/BD4mk4-B-B-CHD3/report.txt	2	0	0	0	0	0	0
/Volumes/GigiMurin/plip/sterol_lipids/BD4n16-A-A-CHD1/report.txt	3	1	3	0	0	0	0
/Volumes/GigiMurin/plip/sterol_lipids/BD4nc3-A-A-CLR1/report.txt	2	1	0	0	0	0	0
/Volumes/GigiMurin/plip/sterol_lipids/BD4nkv-A-A-AER1/report.txt	10	0	0	0	0	0	0
/Volumes/GigiMurin/plip/sterol_lipids/BD4nkw-A-A-PLO1/report.txt	12	1	0	0	0	0	0
/Volumes/GigiMurin/plip/sterol_lipids/BD4nkw-C-C-PLO1/report.txt	12	1	0	0	0	0	0
/Volumes/GigiMurin/plip/sterol_lipids/BD4nkx-A-A-STR1/report.txt	9	0	0	0	0	0	0
/Volumes/GigiMurin/plip/sterol_lipids/BD4nkx-B-B-STR1/report.txt	9	1	0	0	0	0	0
/Volumes/GigiMurin/plip/sterol_lipids/BD4nkx-C-C-STR1/report.txt	7	0	0	0	0	0	0
/Volumes/GigiMurin/plip/sterol_lipids/BD4nkx-D-D-STR1/report.txt	9	1	0	0	0	0	0
/Volumes/GigiMurin/plip/sterol_lipids/BD4nky-A-A-3QZ1/report.txt	10	0	0	0	0	0	0
/Volumes/GigiMurin/plip/sterol_lipids/BD4nky-D-D-3QZ1/report.txt	13	0	0	0	0	0	0
/Volumes/GigiMurin/plip/sterol_lipids/BD4nkz-A-A-LZZ1/report.txt	9	1	0	0	0	0	0
/Volumes/GigiMurin/plip/sterol_lipids/BD4nkz-C-C-LZZ1/report.txt	6	1	0	0	0	0	0
/Volumes/GigiMurin/plip/sterol_lipids/BD4ntj-A-A-CLR1/report.txt	2	0	0	0	0	0	0
/Volumes/GigiMurin/plip/sterol_lipids/BD4ntj-A-A-CLR2/report.txt	6	1	0	0	0	0	0
/Volumes/GigiMurin/plip/sterol_lipids/BD4o9r-A-A-CY81/report.txt	9	1	0	0	0	0	0
/Volumes/GigiMurin/plip/sterol_lipids/BD4oar-A-A-2S01/report.txt	5	3	0	1	0	0	0
/Volumes/GigiMurin/plip/sterol_lipids/BD4oea-A-A-DHT1/report.txt	6	3	0	0	0	0	0
/Volumes/GigiMurin/plip/sterol_lipids/BD4oed-A-A-DHT1/report.txt	7	4	0	0	0	0	0
/Volumes/GigiMurin/plip/sterol_lipids/BD4oey-A-A-DHT1/report.txt	6	4	0	0	0	0	0
/Volumes/GigiMurin/plip/sterol_lipids/BD4oez-A-A-DHT1/report.txt	8	3	0	0	0	0	0
/Volumes/GigiMurin/plip/sterol_lipids/BD4ofr-A-A-DHT1/report.txt	9	3	0	0	0	0	0
/Volumes/GigiMurin/plip/sterol_lipids/BD4ofu-A-A-DHT1/report.txt	6	3	0	0	0	0	0
/Volumes/GigiMurin/plip/sterol_lipids/BD4or2-A-A-CLR1/report.txt	6	0	0	0	0	0	0
/Volumes/GigiMurin/plip/sterol_lipids/BD4or2-A-A-CLR2/report.txt	4	0	0	0	0	0	0
/Volumes/GigiMurin/plip/sterol_lipids/BD4or2-A-A-CLR3/report.txt	3	0	0	0	0	0	0
/Volumes/GigiMurin/plip/sterol_lipids/BD4or2-A-A-CLR4/report.txt	4	1	0	0	0	0	0
/Volumes/GigiMurin/plip/sterol_lipids/BD4or2-A-B-CLR2/report.txt	1	0	0	0	0	0	0
/Volumes/GigiMurin/plip/sterol_lipids/BD4or2-B-A-CLR3/report.txt	5	0	0	0	0	0	0
/Volumes/GigiMurin/plip/sterol_lipids/BD4or2-B-B-CLR1/report.txt	5	0	0	0	0	0	0
/Volumes/GigiMurin/plip/sterol_lipids/BD4or2-B-B-CLR2/report.txt	4	1	0	0	0	0	0
/Volumes/GigiMurin/plip/sterol_lipids/BD4ozt-E-E-P1A1/report.txt	11	5	0	0	0	0	0
/Volumes/GigiMurin/plip/sterol_lipids/BD4p6w-A-A-MOF1/report.txt	6	4	0	0	0	0	0
/Volumes/GigiMurin/plip/sterol_lipids/BD4p6x-A-A-HCY1/report.txt	3	4	0	0	0	0	0
/Volumes/GigiMurin/plip/sterol_lipids/BD4p6x-I-I-HCY1/report.txt	3	5	0	0	0	0	0
/Volumes/GigiMurin/plip/sterol_lipids/BD4pld-A-A-CPS1/report.txt	4	1	0	0	0	0	0
/Volumes/GigiMurin/plip/sterol_lipids/BD4ple-A-A-CPS1/report.txt	5	0	0	0	0	0	0
/Volumes/GigiMurin/plip/sterol_lipids/BD4ple-A-A-CPS2/report.txt	4	1	0	0	0	0	0
/Volumes/GigiMurin/plip/sterol_lipids/BD4ple-A-A-CPS3/report.txt	4	1	0	0	0	0	0
/Volumes/GigiMurin/plip/sterol_lipids/BD4ple-A-E-CPS2/report.txt	4	4	0	0	0	0	0
/Volumes/GigiMurin/plip/sterol_lipids/BD4ple-A-E-CPS5/report.txt	2	0	0	0	0	0	0
/Volumes/GigiMurin/plip/sterol_lipids/BD4ple-C-C-CPS1/report.txt	5	0	0	0	0	0	0
/Volumes/GigiMurin/plip/sterol_lipids/BD4ple-C-C-CPS2/report.txt	1	0	0	0	0	0	0
/Volumes/GigiMurin/plip/sterol_lipids/BD4ple-E-A-CPS3/report.txt	0	1	0	0	0	0	0
/Volumes/GigiMurin/plip/sterol_lipids/BD4ple-E-E-CPS1/report.txt	5	3	0	0	0	0	0
/Volumes/GigiMurin/plip/sterol_lipids/BD4ple-E-E-CPS2/report.txt	4	0	0	0	0	0	0
/Volumes/GigiMurin/plip/sterol_lipids/BD4ple-E-E-CPS3/report.txt	1	1	0	0	0	0	0
/Volumes/GigiMurin/plip/sterol_lipids/BD4ple-E-E-CPS4/report.txt	5	0	0	0	0	0	0
/Volumes/GigiMurin/plip/sterol_lipids/BD4ple-E-E-CPS5/report.txt	3	1	0	0	0	0	0
/Volumes/GigiMurin/plip/sterol_lipids/BD4ple-G-A-CPS2/report.txt	1	0	0	0	0	0	0
/Volumes/GigiMurin/plip/sterol_lipids/BD4ple-G-A-CPS3/report.txt	5	3	0	0	0	0	0
/Volumes/GigiMurin/plip/sterol_lipids/BD4ple-G-G-CPS1/report.txt	4	0	0	0	0	0	0
/Volumes/GigiMurin/plip/sterol_lipids/BD4ple-G-G-CPS2/report.txt	4	0	0	0	0	0	0
/Volumes/GigiMurin/plip/sterol_lipids/BD4pm1-A-A-ESZ1/report.txt	2	0	0	0	1	0	0
/Volumes/GigiMurin/plip/sterol_lipids/BD4pxm-A-A-EST1/report.txt	6	2	0	1	0	0	0
/Volumes/GigiMurin/plip/sterol_lipids/BD4pxm-B-B-EST1/report.txt	5	3	0	1	0	0	0
/Volumes/GigiMurin/plip/sterol_lipids/BD4pxx-A-A-CHD1/report.txt	2	1	3	0	0	0	0
/Volumes/GigiMurin/plip/sterol_lipids/BD4pxz-A-A-CLR1/report.txt	8	1	0	0	0	0	0
/Volumes/GigiMurin/plip/sterol_lipids/BD4q0a-C-C-4OA1/report.txt	9	4	0	0	0	0	0
/Volumes/GigiMurin/plip/sterol_lipids/BD4q0a-C-C-4OA2/report.txt	5	0	0	0	0	0	0
/Volumes/GigiMurin/plip/sterol_lipids/BD4qck-A-A-ASD1/report.txt	5	0	0	0	0	0	0
/Volumes/GigiMurin/plip/sterol_lipids/BD4qdc-A-A-ASD1/report.txt	5	1	0	0	0	0	0
/Volumes/GigiMurin/plip/sterol_lipids/BD4qdd-A-A-30Q1/report.txt	4	0	0	0	0	0	0
/Volumes/GigiMurin/plip/sterol_lipids/BD4qdf-B-B-30Q1/report.txt	5	0	0	0	0	0	0
/Volumes/GigiMurin/plip/sterol_lipids/BD4qf7-A-A-C0R1/report.txt	7	2	0	0	0	0	0
/Volumes/GigiMurin/plip/sterol_lipids/BD4qn9-A-A-DXC1/report.txt	1	0	0	0	0	0	0
/Volumes/GigiMurin/plip/sterol_lipids/BD4qn9-A-A-DXC2/report.txt	2	0	0	0	0	0	0
/Volumes/GigiMurin/plip/sterol_lipids/BD4qn9-A-A-DXC3/report.txt	1	1	0	0	0	0	0
/Volumes/GigiMurin/plip/sterol_lipids/BD4qn9-A-B-DXC1/report.txt	2	1	0	0	0	0	0
/Volumes/GigiMurin/plip/sterol_lipids/BD4qn9-A-B-DXC3/report.txt	0	1	1	0	0	0	0
/Volumes/GigiMurin/plip/sterol_lipids/BD4qn9-B-B-DXC3/report.txt	1	1	0	0	0	0	0
/Volumes/GigiMurin/plip/sterol_lipids/BD4qn9-B-B-DXC4/report.txt	0	1	1	0	0	0	0
/Volumes/GigiMurin/plip/sterol_lipids/BD4qn9-B-B-DXC5/report.txt	1	1	0	0	0	0	0
/Volumes/GigiMurin/plip/sterol_lipids/BD4r1z-A-A-AER1/report.txt	4	0	0	0	0	0	0
/Volumes/GigiMurin/plip/sterol_lipids/BD4r20-A-A-AER1/report.txt	3	1	0	0	0	0	0
/Volumes/GigiMurin/plip/sterol_lipids/BD4r20-B-B-AER1/report.txt	5	0	0	0	0	0	0
/Volumes/GigiMurin/plip/sterol_lipids/BD4r21-A-A-STR1/report.txt	5	1	0	0	0	0	0
/Volumes/GigiMurin/plip/sterol_lipids/BD4r21-B-B-STR1/report.txt	6	1	0	0	0	0	0
/Volumes/GigiMurin/plip/sterol_lipids/BD4res-A-A-BUF1/report.txt	10	1	0	0	0	0	0
/Volumes/GigiMurin/plip/sterol_lipids/BD4res-A-A-CLR1/report.txt	12	0	0	0	0	0	0
/Volumes/GigiMurin/plip/sterol_lipids/BD4res-E-E-CLR1/report.txt	3	2	0	0	0	0	0
/Volumes/GigiMurin/plip/sterol_lipids/BD4ret-A-A-CLR1/report.txt	5	0	0	0	0	0	0
/Volumes/GigiMurin/plip/sterol_lipids/BD4ret-A-A-DGX1/report.txt	9	0	0	0	0	0	0
/Volumes/GigiMurin/plip/sterol_lipids/BD4ret-A-C-CLR1/report.txt	1	0	0	0	0	0	0
/Volumes/GigiMurin/plip/sterol_lipids/BD4ret-A-G-CLR1/report.txt	9	0	0	0	0	0	0
/Volumes/GigiMurin/plip/sterol_lipids/BD4ret-B-A-CLR1/report.txt	2	0	0	0	0	0	0
/Volumes/GigiMurin/plip/sterol_lipids/BD4ret-C-A-CLR1/report.txt	2	0	0	0	0	0	0
/Volumes/GigiMurin/plip/sterol_lipids/BD4ret-C-C-DGX1/report.txt	7	2	0	0	0	0	0
/Volumes/GigiMurin/plip/sterol_lipids/BD4ret-D-C-CLR1/report.txt	1	0	0	0	0	0	0
/Volumes/GigiMurin/plip/sterol_lipids/BD4ret-E-C-CLR2/report.txt	2	1	0	0	0	0	0
/Volumes/GigiMurin/plip/sterol_lipids/BD4ruj-A-A-VDX1/report.txt	5	6	0	0	0	0	0
/Volumes/GigiMurin/plip/sterol_lipids/BD4ruo-X-X-BIV1/report.txt	9	5	0	0	0	0	0
/Volumes/GigiMurin/plip/sterol_lipids/BD4s14-A-A-4D81/report.txt	9	2	0	0	0	0	0
/Volumes/GigiMurin/plip/sterol_lipids/BD4s15-A-A-4D81/report.txt	8	3	0	0	0	0	0
/Volumes/GigiMurin/plip/sterol_lipids/BD4s15-B-B-4D81/report.txt	12	1	0	0	0	0	0
/Volumes/GigiMurin/plip/sterol_lipids/BD4tri-A-A-C3S1/report.txt	11	0	0	0	0	0	0
/Volumes/GigiMurin/plip/sterol_lipids/BD4ubt-A-A-3G61/report.txt	4	2	0	0	0	0	0
/Volumes/GigiMurin/plip/sterol_lipids/BD4ubt-B-B-3G61/report.txt	2	2	0	0	0	0	0
/Volumes/GigiMurin/plip/sterol_lipids/BD4uda-A-A-DEX1/report.txt	5	5	0	0	0	0	0
/Volumes/GigiMurin/plip/sterol_lipids/BD4udb-A-A-CV71/report.txt	7	4	0	0	0	0	0
/Volumes/GigiMurin/plip/sterol_lipids/BD4udc-A-A-CPS1/report.txt	5	2	0	0	0	0	0
/Volumes/GigiMurin/plip/sterol_lipids/BD4udc-A-A-DEX1/report.txt	5	5	0	0	0	0	0
/Volumes/GigiMurin/plip/sterol_lipids/BD4udd-A-A-CPS1/report.txt	6	1	0	0	0	0	0
/Volumes/GigiMurin/plip/sterol_lipids/BD4udd-A-A-CPS2/report.txt	4	1	0	0	0	0	0
/Volumes/GigiMurin/plip/sterol_lipids/BD4udd-A-A-CPS3/report.txt	7	0	0	0	0	0	0
/Volumes/GigiMurin/plip/sterol_lipids/BD4udd-A-A-CV71/report.txt	4	4	0	1	0	0	0
/Volumes/GigiMurin/plip/sterol_lipids/BD4umm-G-G-P1A1/report.txt	11	8	0	0	0	0	0
/Volumes/GigiMurin/plip/sterol_lipids/BD4wg0-A-A-CHD1/report.txt	3	1	1	0	0	0	0
/Volumes/GigiMurin/plip/sterol_lipids/BD4wg0-B-A-CHD1/report.txt	3	1	0	0	0	0	0
/Volumes/GigiMurin/plip/sterol_lipids/BD4wg0-B-B-CHD1/report.txt	4	2	1	0	0	0	0
/Volumes/GigiMurin/plip/sterol_lipids/BD4wg0-B-C-CHD1/report.txt	2	1	0	0	0	0	0
/Volumes/GigiMurin/plip/sterol_lipids/BD4wg0-C-B-CHD1/report.txt	2	0	0	0	0	0	0
/Volumes/GigiMurin/plip/sterol_lipids/BD4wg0-C-C-CHD1/report.txt	2	1	1	0	0	0	0
/Volumes/GigiMurin/plip/sterol_lipids/BD4wg0-C-E-CHD1/report.txt	3	1	0	0	0	0	0
/Volumes/GigiMurin/plip/sterol_lipids/BD4wg0-D-B-CHD1/report.txt	4	0	0	0	0	0	0
/Volumes/GigiMurin/plip/sterol_lipids/BD4wg0-D-D-CHD1/report.txt	4	2	1	0	0	0	0
/Volumes/GigiMurin/plip/sterol_lipids/BD4wg0-D-E-CHD1/report.txt	2	1	0	0	0	0	0
/Volumes/GigiMurin/plip/sterol_lipids/BD4wg0-E-D-CHD1/report.txt	2	0	0	0	0	0	0
/Volumes/GigiMurin/plip/sterol_lipids/BD4wg0-E-E-CHD1/report.txt	2	2	1	0	0	0	0
/Volumes/GigiMurin/plip/sterol_lipids/BD4wg0-E-G-CHD1/report.txt	3	0	0	0	0	0	0
/Volumes/GigiMurin/plip/sterol_lipids/BD4wg0-F-D-CHD1/report.txt	4	0	0	0	0	0	0
/Volumes/GigiMurin/plip/sterol_lipids/BD4wg0-F-F-CHD1/report.txt	3	2	1	0	0	0	0
/Volumes/GigiMurin/plip/sterol_lipids/BD4wg0-F-G-CHD1/report.txt	2	1	0	0	0	0	0
/Volumes/GigiMurin/plip/sterol_lipids/BD4wg0-G-F-CHD1/report.txt	3	0	0	0	0	0	0
/Volumes/GigiMurin/plip/sterol_lipids/BD4wg0-G-G-CHD1/report.txt	3	2	1	0	0	0	0
/Volumes/GigiMurin/plip/sterol_lipids/BD4wg0-G-I-CHD1/report.txt	3	0	0	0	0	0	0
/Volumes/GigiMurin/plip/sterol_lipids/BD4wg0-H-F-CHD1/report.txt	3	0	0	0	0	0	0
/Volumes/GigiMurin/plip/sterol_lipids/BD4wg0-H-H-CHD1/report.txt	3	2	1	0	0	0	0
/Volumes/GigiMurin/plip/sterol_lipids/BD4wg0-H-I-CHD1/report.txt	3	1	0	0	0	0	0
/Volumes/GigiMurin/plip/sterol_lipids/BD4wg0-I-H-CHD1/report.txt	3	0	0	0	0	0	0
/Volumes/GigiMurin/plip/sterol_lipids/BD4wg0-I-I-CHD1/report.txt	1	1	1	0	0	0	0
/Volumes/GigiMurin/plip/sterol_lipids/BD4wg0-I-K-CHD1/report.txt	1	0	0	0	0	0	0
/Volumes/GigiMurin/plip/sterol_lipids/BD4wg0-J-H-CHD1/report.txt	4	0	0	0	0	0	0
/Volumes/GigiMurin/plip/sterol_lipids/BD4wg0-J-J-CHD1/report.txt	1	1	1	0	0	0	0
/Volumes/GigiMurin/plip/sterol_lipids/BD4wg0-J-K-CHD1/report.txt	3	0	0	0	0	0	0
/Volumes/GigiMurin/plip/sterol_lipids/BD4wg0-K-J-CHD1/report.txt	3	0	0	0	0	0	0
/Volumes/GigiMurin/plip/sterol_lipids/BD4wg0-K-K-CHD1/report.txt	1	1	1	0	0	0	0
/Volumes/GigiMurin/plip/sterol_lipids/BD4wg0-K-M-CHD1/report.txt	1	0	0	0	0	0	0
/Volumes/GigiMurin/plip/sterol_lipids/BD4wg0-L-J-CHD1/report.txt	4	0	0	0	0	0	0
/Volumes/GigiMurin/plip/sterol_lipids/BD4wg0-L-L-CHD1/report.txt	1	1	1	0	0	0	0
/Volumes/GigiMurin/plip/sterol_lipids/BD4wg0-L-M-CHD1/report.txt	3	0	0	0	0	0	0
/Volumes/GigiMurin/plip/sterol_lipids/BD4wg0-M-L-CHD1/report.txt	3	1	0	0	0	0	0
/Volumes/GigiMurin/plip/sterol_lipids/BD4wg0-M-M-CHD1/report.txt	3	2	1	0	0	0	0
/Volumes/GigiMurin/plip/sterol_lipids/BD4x1f-A-A-3WF1/report.txt	6	3	0	0	0	0	0
/Volumes/GigiMurin/plip/sterol_lipids/BD4x1g-A-A-3WF1/report.txt	7	3	0	0	0	0	0
/Volumes/GigiMurin/plip/sterol_lipids/BD4x86-B-B-CPS1/report.txt	4	2	0	0	0	0	0
/Volumes/GigiMurin/plip/sterol_lipids/BD4xcs-A-A-CPS1/report.txt	4	1	0	0	0	0	0
/Volumes/GigiMurin/plip/sterol_lipids/BD4xcs-D-D-CPS1/report.txt	0	1	0	0	0	0	0
/Volumes/GigiMurin/plip/sterol_lipids/BD4xcs-E-D-CPS1/report.txt	1	2	0	0	0	0	0
/Volumes/GigiMurin/plip/sterol_lipids/BD4xcs-E-E-CPS1/report.txt	0	1	0	0	0	0	0
/Volumes/GigiMurin/plip/sterol_lipids/BD4xe5-A-A-CLR1/report.txt	2	2	0	0	0	0	0
/Volumes/GigiMurin/plip/sterol_lipids/BD4xe5-A-A-CLR2/report.txt	7	0	0	0	0	0	0
/Volumes/GigiMurin/plip/sterol_lipids/BD4xe5-A-A-OBN1/report.txt	6	4	0	0	0	0	0
/Volumes/GigiMurin/plip/sterol_lipids/BD4xe5-B-A-CLR1/report.txt	4	0	0	0	0	0	0
/Volumes/GigiMurin/plip/sterol_lipids/BD4xe5-G-A-CLR2/report.txt	3	1	0	0	0	0	0
/Volumes/GigiMurin/plip/sterol_lipids/BD4xnu-A-A-CLR1/report.txt	7	0	0	0	0	0	0
/Volumes/GigiMurin/plip/sterol_lipids/BD4xnv-A-A-CLR1/report.txt	2	0	0	0	0	0	0
/Volumes/GigiMurin/plip/sterol_lipids/BD4xnx-A-A-CLR1/report.txt	6	0	0	0	0	0	0
/Volumes/GigiMurin/plip/sterol_lipids/BD4xnx-A-A-CLR2/report.txt	6	0	0	0	0	0	0
/Volumes/GigiMurin/plip/sterol_lipids/BD4xo6-A-A-5SD1/report.txt	5	0	0	0	0	0	0
/Volumes/GigiMurin/plip/sterol_lipids/BD4xo6-B-B-AOX1/report.txt	6	1	0	0	0	0	0
/Volumes/GigiMurin/plip/sterol_lipids/BD4xo7-A-A-ASD1/report.txt	6	0	0	0	0	0	0
/Volumes/GigiMurin/plip/sterol_lipids/BD4xo7-B-B-ASD1/report.txt	8	0	0	0	0	0	0
/Volumes/GigiMurin/plip/sterol_lipids/BD4xp1-A-A-CLR1/report.txt	9	0	0	0	0	0	0
/Volumes/GigiMurin/plip/sterol_lipids/BD4xp4-A-A-CLR1/report.txt	4	0	0	0	0	0	0
/Volumes/GigiMurin/plip/sterol_lipids/BD4xp5-A-A-CLR1/report.txt	6	0	0	0	0	0	0
/Volumes/GigiMurin/plip/sterol_lipids/BD4xp5-A-A-CLR2/report.txt	8	0	0	0	0	0	0
/Volumes/GigiMurin/plip/sterol_lipids/BD4xp6-A-A-CLR1/report.txt	8	0	0	0	0	0	0
/Volumes/GigiMurin/plip/sterol_lipids/BD4xp9-C-C-CLR1/report.txt	4	0	0	0	0	0	0
/Volumes/GigiMurin/plip/sterol_lipids/BD4xpa-A-A-CLR1/report.txt	5	0	0	0	0	0	0
/Volumes/GigiMurin/plip/sterol_lipids/BD4xpa-A-A-CLR2/report.txt	5	0	0	0	0	0	0
/Volumes/GigiMurin/plip/sterol_lipids/BD4xpb-A-A-CLR1/report.txt	5	0	0	0	0	0	0
/Volumes/GigiMurin/plip/sterol_lipids/BD4xpb-A-A-CLR2/report.txt	4	0	0	0	0	0	0
/Volumes/GigiMurin/plip/sterol_lipids/BD4xpf-A-A-CLR1/report.txt	3	0	0	0	0	0	0
/Volumes/GigiMurin/plip/sterol_lipids/BD4xpf-A-A-CLR2/report.txt	5	0	0	0	0	0	0
/Volumes/GigiMurin/plip/sterol_lipids/BD4xpg-A-A-CLR1/report.txt	7	0	0	0	0	0	0
/Volumes/GigiMurin/plip/sterol_lipids/BD4xpg-A-A-CLR2/report.txt	3	0	0	0	0	0	0
/Volumes/GigiMurin/plip/sterol_lipids/BD4xph-A-A-CLR1/report.txt	5	0	0	0	0	0	0
/Volumes/GigiMurin/plip/sterol_lipids/BD4xph-A-A-CLR2/report.txt	8	0	0	0	0	0	0
/Volumes/GigiMurin/plip/sterol_lipids/BD4xpt-A-A-CLR1/report.txt	8	0	0	0	0	0	0
/Volumes/GigiMurin/plip/sterol_lipids/BD4xt1-A-A-CLR1/report.txt	5	0	0	0	0	0	0
/Volumes/GigiMurin/plip/sterol_lipids/BD4xt1-A-A-CLR2/report.txt	1	0	0	0	0	0	0
/Volumes/GigiMurin/plip/sterol_lipids/BD4y8w-A-A-STR1/report.txt	8	1	0	0	0	0	0
/Volumes/GigiMurin/plip/sterol_lipids/BD4zp0-A-A-DXC1/report.txt	4	2	0	0	0	0	0
/Volumes/GigiMurin/plip/sterol_lipids/BD5a1p-A-A-STR1/report.txt	3	1	0	0	0	0	0
/Volumes/GigiMurin/plip/sterol_lipids/BD5a1r-A-A-STR1/report.txt	5	1	0	0	0	0	0
/Volumes/GigiMurin/plip/sterol_lipids/BD5ai1-A-A-EQU1/report.txt	3	2	0	0	0	0	0
/Volumes/GigiMurin/plip/sterol_lipids/BD5avq-A-B-CLR1/report.txt	1	0	0	0	0	0	0
/Volumes/GigiMurin/plip/sterol_lipids/BD5avq-B-B-CLR1/report.txt	2	1	0	0	0	0	0
/Volumes/GigiMurin/plip/sterol_lipids/BD5avr-A-B-CLR1/report.txt	1	0	0	0	0	0	0
/Volumes/GigiMurin/plip/sterol_lipids/BD5avr-B-B-CLR1/report.txt	2	1	0	0	0	0	0
/Volumes/GigiMurin/plip/sterol_lipids/BD5avs-A-B-CLR1/report.txt	1	0	0	0	0	0	0
/Volumes/GigiMurin/plip/sterol_lipids/BD5avs-B-B-CLR1/report.txt	2	1	0	0	0	0	0
/Volumes/GigiMurin/plip/sterol_lipids/BD5avt-A-B-CLR1/report.txt	1	0	0	0	0	0	0
/Volumes/GigiMurin/plip/sterol_lipids/BD5avt-B-B-CLR1/report.txt	2	1	0	0	0	0	0
/Volumes/GigiMurin/plip/sterol_lipids/BD5avu-A-B-CLR1/report.txt	1	0	0	0	0	0	0
/Volumes/GigiMurin/plip/sterol_lipids/BD5avu-B-B-CLR1/report.txt	2	1	0	0	0	0	0
/Volumes/GigiMurin/plip/sterol_lipids/BD5avv-A-B-CLR1/report.txt	1	0	0	0	0	0	0
/Volumes/GigiMurin/plip/sterol_lipids/BD5avv-B-B-CLR1/report.txt	2	1	0	0	0	0	0
/Volumes/GigiMurin/plip/sterol_lipids/BD5avw-A-B-CLR1/report.txt	1	0	0	0	0	0	0
/Volumes/GigiMurin/plip/sterol_lipids/BD5avw-B-B-CLR1/report.txt	2	1	0	0	0	0	0
/Volumes/GigiMurin/plip/sterol_lipids/BD5avx-A-B-CLR1/report.txt	1	0	0	0	0	0	0
/Volumes/GigiMurin/plip/sterol_lipids/BD5avx-B-B-CLR1/report.txt	2	1	0	0	0	0	0
/Volumes/GigiMurin/plip/sterol_lipids/BD5avy-A-B-CLR1/report.txt	1	0	0	0	0	0	0
/Volumes/GigiMurin/plip/sterol_lipids/BD5avy-B-B-CLR1/report.txt	2	1	0	0	0	0	0
/Volumes/GigiMurin/plip/sterol_lipids/BD5avz-A-B-CLR1/report.txt	1	0	0	0	0	0	0
/Volumes/GigiMurin/plip/sterol_lipids/BD5avz-B-B-CLR1/report.txt	2	1	0	0	0	0	0
/Volumes/GigiMurin/plip/sterol_lipids/BD5aw0-A-B-CLR1/report.txt	1	0	0	0	0	0	0
/Volumes/GigiMurin/plip/sterol_lipids/BD5aw0-B-B-CLR1/report.txt	2	1	0	0	0	0	0
/Volumes/GigiMurin/plip/sterol_lipids/BD5aw1-A-B-CLR1/report.txt	1	0	0	0	0	0	0
/Volumes/GigiMurin/plip/sterol_lipids/BD5aw1-B-B-CLR1/report.txt	2	1	0	0	0	0	0
/Volumes/GigiMurin/plip/sterol_lipids/BD5aw2-A-B-CLR1/report.txt	1	0	0	0	0	0	0
/Volumes/GigiMurin/plip/sterol_lipids/BD5aw2-B-B-CLR1/report.txt	2	1	0	0	0	0	0
/Volumes/GigiMurin/plip/sterol_lipids/BD5aw3-A-B-CLR1/report.txt	1	0	0	0	0	0	0
/Volumes/GigiMurin/plip/sterol_lipids/BD5aw3-B-B-CLR1/report.txt	2	1	0	0	0	0	0
/Volumes/GigiMurin/plip/sterol_lipids/BD5aw4-A-B-CLR1/report.txt	1	0	0	0	0	0	0
/Volumes/GigiMurin/plip/sterol_lipids/BD5aw4-B-B-CLR1/report.txt	2	1	0	0	0	0	0
/Volumes/GigiMurin/plip/sterol_lipids/BD5aw5-A-B-CLR1/report.txt	1	0	0	0	0	0	0
/Volumes/GigiMurin/plip/sterol_lipids/BD5aw5-B-B-CLR1/report.txt	2	1	0	0	0	0	0
/Volumes/GigiMurin/plip/sterol_lipids/BD5aw6-A-B-CLR1/report.txt	1	0	0	0	0	0	0
/Volumes/GigiMurin/plip/sterol_lipids/BD5aw6-B-B-CLR1/report.txt	2	1	0	0	0	0	0
/Volumes/GigiMurin/plip/sterol_lipids/BD5aw7-A-B-CLR1/report.txt	1	0	0	0	0	0	0
/Volumes/GigiMurin/plip/sterol_lipids/BD5aw7-B-B-CLR1/report.txt	2	1	0	0	0	0	0
/Volumes/GigiMurin/plip/sterol_lipids/BD5aw8-A-B-CLR1/report.txt	1	0	0	0	0	0	0
/Volumes/GigiMurin/plip/sterol_lipids/BD5aw8-B-B-CLR1/report.txt	2	1	0	0	0	0	0
/Volumes/GigiMurin/plip/sterol_lipids/BD5aw9-A-B-CLR1/report.txt	3	0	0	0	0	0	0
/Volumes/GigiMurin/plip/sterol_lipids/BD5aw9-B-B-CLR1/report.txt	3	1	0	0	0	0	0
/Volumes/GigiMurin/plip/sterol_lipids/BD5awk-A-A-YSE1/report.txt	9	3	0	0	0	0	0
/Volumes/GigiMurin/plip/sterol_lipids/BD5b1a-A-B-CHD1/report.txt	4	0	0	0	0	0	0
/Volumes/GigiMurin/plip/sterol_lipids/BD5b1a-A-C-CHD2/report.txt	2	1	1	0	0	0	0
/Volumes/GigiMurin/plip/sterol_lipids/BD5b1a-A-J-CHD1/report.txt	1	0	0	0	0	0	0
/Volumes/GigiMurin/plip/sterol_lipids/BD5b1a-B-B-CHD1/report.txt	0	3	0	0	0	0	0
/Volumes/GigiMurin/plip/sterol_lipids/BD5b1a-C-C-CHD1/report.txt	7	0	1	0	0	0	0
/Volumes/GigiMurin/plip/sterol_lipids/BD5b1a-C-C-CHD2/report.txt	1	1	1	0	0	0	0
/Volumes/GigiMurin/plip/sterol_lipids/BD5b1a-G-O-CHD1/report.txt	1	0	2	0	0	0	0
/Volumes/GigiMurin/plip/sterol_lipids/BD5b1a-J-C-CHD1/report.txt	0	1	0	0	0	0	0
/Volumes/GigiMurin/plip/sterol_lipids/BD5b1a-J-J-CHD1/report.txt	3	0	0	0	0	0	0
/Volumes/GigiMurin/plip/sterol_lipids/BD5b1a-N-O-CHD1/report.txt	4	0	0	0	0	0	0
/Volumes/GigiMurin/plip/sterol_lipids/BD5b1a-N-P-CHD2/report.txt	2	1	1	0	0	0	0
/Volumes/GigiMurin/plip/sterol_lipids/BD5b1a-O-O-CHD1/report.txt	0	2	0	0	0	0	0
/Volumes/GigiMurin/plip/sterol_lipids/BD5b1a-P-C-CHD2/report.txt	1	0	0	0	0	0	0
/Volumes/GigiMurin/plip/sterol_lipids/BD5b1a-P-P-CHD1/report.txt	6	0	1	0	0	0	0
/Volumes/GigiMurin/plip/sterol_lipids/BD5b1a-P-P-CHD2/report.txt	1	1	1	0	0	0	0
/Volumes/GigiMurin/plip/sterol_lipids/BD5b1a-T-B-CHD1/report.txt	1	0	2	0	0	0	0
/Volumes/GigiMurin/plip/sterol_lipids/BD5b1a-W-P-CHD1/report.txt	0	1	0	0	0	0	0
/Volumes/GigiMurin/plip/sterol_lipids/BD5b1a-W-W-CHD1/report.txt	1	3	0	0	0	0	0
/Volumes/GigiMurin/plip/sterol_lipids/BD5b1b-A-B-CHD1/report.txt	4	0	0	0	0	0	0
/Volumes/GigiMurin/plip/sterol_lipids/BD5b1b-A-C-CHD1/report.txt	3	1	1	0	0	0	0
/Volumes/GigiMurin/plip/sterol_lipids/BD5b1b-B-B-CHD1/report.txt	1	3	0	0	0	0	0
/Volumes/GigiMurin/plip/sterol_lipids/BD5b1b-C-C-CHD1/report.txt	0	1	1	0	0	0	0
/Volumes/GigiMurin/plip/sterol_lipids/BD5b1b-G-G-CHD1/report.txt	3	0	2	0	0	0	0
/Volumes/GigiMurin/plip/sterol_lipids/BD5b1b-J-J-CHD1/report.txt	3	0	0	0	0	0	0
/Volumes/GigiMurin/plip/sterol_lipids/BD5b1b-N-G-CHD1/report.txt	4	0	0	0	0	0	0
/Volumes/GigiMurin/plip/sterol_lipids/BD5b1b-N-P-CHD2/report.txt	2	1	1	0	0	0	0
/Volumes/GigiMurin/plip/sterol_lipids/BD5b1b-O-G-CHD1/report.txt	1	2	0	0	0	0	0
/Volumes/GigiMurin/plip/sterol_lipids/BD5b1b-P-P-CHD1/report.txt	5	0	1	0	0	0	0
/Volumes/GigiMurin/plip/sterol_lipids/BD5b1b-P-P-CHD2/report.txt	1	1	1	0	0	0	0
/Volumes/GigiMurin/plip/sterol_lipids/BD5b1b-T-B-CHD1/report.txt	1	0	2	0	0	0	0
/Volumes/GigiMurin/plip/sterol_lipids/BD5b1b-W-P-CHD1/report.txt	1	2	0	0	0	0	0
/Volumes/GigiMurin/plip/sterol_lipids/BD5b35-A-A-4QM1/report.txt	1	1	0	0	0	0	0
/Volumes/GigiMurin/plip/sterol_lipids/BD5b3s-A-C-CHD1/report.txt	3	1	1	0	0	0	0
/Volumes/GigiMurin/plip/sterol_lipids/BD5b3s-A-J-CHD2/report.txt	1	0	0	0	0	0	0
/Volumes/GigiMurin/plip/sterol_lipids/BD5b3s-A-T-CHD1/report.txt	4	0	0	0	0	0	0
/Volumes/GigiMurin/plip/sterol_lipids/BD5b3s-B-T-CHD1/report.txt	1	2	0	0	0	0	0
/Volumes/GigiMurin/plip/sterol_lipids/BD5b3s-C-C-CHD1/report.txt	1	1	1	0	0	0	0
/Volumes/GigiMurin/plip/sterol_lipids/BD5b3s-C-J-CHD1/report.txt	6	0	1	0	0	0	0
/Volumes/GigiMurin/plip/sterol_lipids/BD5b3s-G-G-CHD1/report.txt	1	0	2	0	0	0	0
/Volumes/GigiMurin/plip/sterol_lipids/BD5b3s-J-J-CHD1/report.txt	0	1	0	0	0	0	0
/Volumes/GigiMurin/plip/sterol_lipids/BD5b3s-J-J-CHD2/report.txt	2	0	0	0	0	0	0
/Volumes/GigiMurin/plip/sterol_lipids/BD5b3s-N-G-CHD1/report.txt	4	0	0	0	0	0	0
/Volumes/GigiMurin/plip/sterol_lipids/BD5b3s-N-P-CHD1/report.txt	3	1	1	0	0	0	0
/Volumes/GigiMurin/plip/sterol_lipids/BD5b3s-O-G-CHD1/report.txt	1	2	0	0	0	0	0
/Volumes/GigiMurin/plip/sterol_lipids/BD5b3s-P-C-CHD1/report.txt	1	0	0	0	0	0	0
/Volumes/GigiMurin/plip/sterol_lipids/BD5b3s-P-P-CHD1/report.txt	1	1	1	0	0	0	0
/Volumes/GigiMurin/plip/sterol_lipids/BD5b3s-P-P-CHD2/report.txt	4	0	1	0	0	0	0
/Volumes/GigiMurin/plip/sterol_lipids/BD5b3s-T-T-CHD1/report.txt	1	0	2	0	0	0	0
/Volumes/GigiMurin/plip/sterol_lipids/BD5b3s-W-P-CHD2/report.txt	0	1	0	0	0	0	0
/Volumes/GigiMurin/plip/sterol_lipids/BD5b3s-W-W-CHD1/report.txt	3	3	0	0	0	0	0
/Volumes/GigiMurin/plip/sterol_lipids/BD5b3s-Y-Y-CHD1/report.txt	2	1	0	0	0	0	0
/Volumes/GigiMurin/plip/sterol_lipids/BD5b3s-Z-Y-CHD1/report.txt	4	1	0	0	0	0	0
/Volumes/GigiMurin/plip/sterol_lipids/BD5b41-A-A-YSV1/report.txt	7	3	0	0	0	0	0
/Volumes/GigiMurin/plip/sterol_lipids/BD5b5b-A-A-AKX1/report.txt	12	5	0	0	0	0	0
/Volumes/GigiMurin/plip/sterol_lipids/BD5bvb-A-A-DOG1/report.txt	4	5	0	0	0	0	0
/Volumes/GigiMurin/plip/sterol_lipids/BD5bvb-A-C-DOG1/report.txt	0	1	0	0	0	0	0
/Volumes/GigiMurin/plip/sterol_lipids/BD5bvb-C-C-DOG1/report.txt	6	4	0	0	0	0	0
/Volumes/GigiMurin/plip/sterol_lipids/BD5c1m-A-A-CLR1/report.txt	5	0	0	0	0	0	0
/Volumes/GigiMurin/plip/sterol_lipids/BD5cw8-A-A-55X1/report.txt	10	2	0	0	0	0	0
/Volumes/GigiMurin/plip/sterol_lipids/BD5d5a-A-A-CLR1/report.txt	5	1	0	0	0	0	0
/Volumes/GigiMurin/plip/sterol_lipids/BD5d5a-A-A-CLR2/report.txt	2	0	0	0	0	0	0
/Volumes/GigiMurin/plip/sterol_lipids/BD5d5a-A-A-CLR3/report.txt	3	0	0	0	0	0	0
/Volumes/GigiMurin/plip/sterol_lipids/BD5d5b-A-A-CLR1/report.txt	5	1	0	0	0	0	0
/Volumes/GigiMurin/plip/sterol_lipids/BD5d5b-A-A-CLR2/report.txt	2	0	0	0	0	0	0
/Volumes/GigiMurin/plip/sterol_lipids/BD5d5b-A-A-CLR3/report.txt	3	0	0	0	0	0	0
/Volumes/GigiMurin/plip/sterol_lipids/BD5d6l-A-A-CLR1/report.txt	6	0	0	0	0	0	0
/Volumes/GigiMurin/plip/sterol_lipids/BD5d6l-A-A-CLR2/report.txt	5	0	0	0	0	0	0
/Volumes/GigiMurin/plip/sterol_lipids/BD5d6l-A-A-CLR3/report.txt	2	0	0	0	0	0	0
/Volumes/GigiMurin/plip/sterol_lipids/BD5dlt-A-A-5JK1/report.txt	10	0	0	0	0	0	0
/Volumes/GigiMurin/plip/sterol_lipids/BD5dlv-A-A-5D51/report.txt	4	5	1	0	0	0	0
/Volumes/GigiMurin/plip/sterol_lipids/BD5dlv-B-B-5D51/report.txt	8	5	1	0	0	0	0
/Volumes/GigiMurin/plip/sterol_lipids/BD5dlw-A-A-5D51/report.txt	8	4	0	0	0	0	0
/Volumes/GigiMurin/plip/sterol_lipids/BD5dx3-A-A-EST1/report.txt	3	2	0	1	0	0	0
/Volumes/GigiMurin/plip/sterol_lipids/BD5dx3-B-B-EST1/report.txt	2	2	0	1	0	0	0
/Volumes/GigiMurin/plip/sterol_lipids/BD5dxb-A-A-EST1/report.txt	4	2	0	1	0	0	0
/Volumes/GigiMurin/plip/sterol_lipids/BD5dxb-B-B-EST1/report.txt	4	2	0	1	0	0	0
/Volumes/GigiMurin/plip/sterol_lipids/BD5dxe-A-A-EST1/report.txt	2	2	0	1	0	0	0
/Volumes/GigiMurin/plip/sterol_lipids/BD5dxe-B-B-EST1/report.txt	4	3	0	1	0	0	0
/Volumes/GigiMurin/plip/sterol_lipids/BD5dxg-A-A-EST1/report.txt	3	2	0	1	0	0	0
/Volumes/GigiMurin/plip/sterol_lipids/BD5dxg-B-B-EST1/report.txt	4	3	0	1	0	0	0
/Volumes/GigiMurin/plip/sterol_lipids/BD5e7v-A-A-M7E1/report.txt	9	3	0	0	0	0	0
/Volumes/GigiMurin/plip/sterol_lipids/BD5epo-A-A-TUD1/report.txt	6	6	0	0	0	0	0
/Volumes/GigiMurin/plip/sterol_lipids/BD5epo-B-B-TUD1/report.txt	6	5	0	0	0	0	0
/Volumes/GigiMurin/plip/sterol_lipids/BD5exa-A-A-5SO1/report.txt	4	0	0	0	0	0	0
/Volumes/GigiMurin/plip/sterol_lipids/BD5exa-B-B-5SO1/report.txt	3	2	0	0	0	0	0
/Volumes/GigiMurin/plip/sterol_lipids/BD5fep-A-A-CPS1/report.txt	2	1	0	0	0	0	0
/Volumes/GigiMurin/plip/sterol_lipids/BD5fep-A-A-CPS2/report.txt	3	0	0	0	0	0	0
/Volumes/GigiMurin/plip/sterol_lipids/BD5fep-A-A-CPS3/report.txt	3	4	0	0	0	0	0
/Volumes/GigiMurin/plip/sterol_lipids/BD5fep-A-A-CPS4/report.txt	0	1	0	0	0	0	0
/Volumes/GigiMurin/plip/sterol_lipids/BD5fep-A-A-CPS5/report.txt	2	0	0	0	0	0	0
/Volumes/GigiMurin/plip/sterol_lipids/BD5fes-A-A-CPS1/report.txt	2	1	0	0	0	0	0
/Volumes/GigiMurin/plip/sterol_lipids/BD5fes-A-A-CPS2/report.txt	3	0	0	0	0	0	0
/Volumes/GigiMurin/plip/sterol_lipids/BD5fes-A-A-CPS3/report.txt	3	4	0	0	0	0	0
/Volumes/GigiMurin/plip/sterol_lipids/BD5fes-A-A-CPS4/report.txt	0	1	0	0	0	0	0
/Volumes/GigiMurin/plip/sterol_lipids/BD5fes-A-A-CPS5/report.txt	1	0	0	0	0	0	0
/Volumes/GigiMurin/plip/sterol_lipids/BD5few-A-A-CPS1/report.txt	3	1	0	0	0	0	0
/Volumes/GigiMurin/plip/sterol_lipids/BD5few-A-A-CPS2/report.txt	2	0	0	0	0	0	0
/Volumes/GigiMurin/plip/sterol_lipids/BD5few-A-A-CPS3/report.txt	3	4	0	0	0	0	0
/Volumes/GigiMurin/plip/sterol_lipids/BD5few-A-A-CPS4/report.txt	0	1	0	0	0	0	0
/Volumes/GigiMurin/plip/sterol_lipids/BD5few-A-A-CPS5/report.txt	2	0	0	0	0	0	0
/Volumes/GigiMurin/plip/sterol_lipids/BD5fex-A-A-CPS1/report.txt	2	1	0	0	0	0	0
/Volumes/GigiMurin/plip/sterol_lipids/BD5fex-A-A-CPS2/report.txt	2	0	0	0	0	0	0
/Volumes/GigiMurin/plip/sterol_lipids/BD5fex-A-A-CPS3/report.txt	3	4	0	0	0	0	0
/Volumes/GigiMurin/plip/sterol_lipids/BD5fex-A-A-CPS4/report.txt	0	1	0	0	0	0	0
/Volumes/GigiMurin/plip/sterol_lipids/BD5fex-A-A-CPS5/report.txt	2	0	0	0	0	0	0
/Volumes/GigiMurin/plip/sterol_lipids/BD5fez-A-A-CPS1/report.txt	2	1	0	0	0	0	0
/Volumes/GigiMurin/plip/sterol_lipids/BD5fez-A-A-CPS2/report.txt	2	0	0	0	0	0	0
/Volumes/GigiMurin/plip/sterol_lipids/BD5fez-A-A-CPS3/report.txt	3	4	0	0	0	0	0
/Volumes/GigiMurin/plip/sterol_lipids/BD5fez-A-A-CPS4/report.txt	0	1	0	0	0	0	0
/Volumes/GigiMurin/plip/sterol_lipids/BD5fez-A-A-CPS5/report.txt	2	0	0	0	0	0	0
/Volumes/GigiMurin/plip/sterol_lipids/BD5ff0-A-A-CPS1/report.txt	3	1	0	0	0	0	0
/Volumes/GigiMurin/plip/sterol_lipids/BD5ff0-A-A-CPS2/report.txt	2	0	0	0	0	0	0
/Volumes/GigiMurin/plip/sterol_lipids/BD5ff0-A-A-CPS3/report.txt	0	1	0	0	0	0	0
/Volumes/GigiMurin/plip/sterol_lipids/BD5ff0-A-A-CPS4/report.txt	2	0	0	0	0	0	0
/Volumes/GigiMurin/plip/sterol_lipids/BD5ff0-A-A-CPS5/report.txt	3	4	0	0	0	0	0
/Volumes/GigiMurin/plip/sterol_lipids/BD5ff2-A-A-CPS1/report.txt	3	1	0	0	0	0	0
/Volumes/GigiMurin/plip/sterol_lipids/BD5ff2-A-A-CPS2/report.txt	2	0	0	0	0	0	0
/Volumes/GigiMurin/plip/sterol_lipids/BD5ff2-A-A-CPS3/report.txt	4	4	0	0	0	0	0
/Volumes/GigiMurin/plip/sterol_lipids/BD5ff2-A-A-CPS4/report.txt	0	1	0	0	0	0	0
/Volumes/GigiMurin/plip/sterol_lipids/BD5ff2-A-A-CPS5/report.txt	2	0	0	0	0	0	0
/Volumes/GigiMurin/plip/sterol_lipids/BD5ff3-A-A-CPS1/report.txt	2	1	0	0	0	0	0
/Volumes/GigiMurin/plip/sterol_lipids/BD5ff3-A-A-CPS2/report.txt	2	0	0	0	0	0	0
/Volumes/GigiMurin/plip/sterol_lipids/BD5ff3-A-A-CPS3/report.txt	3	4	0	0	0	0	0
/Volumes/GigiMurin/plip/sterol_lipids/BD5ff3-A-A-CPS4/report.txt	0	1	0	0	0	0	0
/Volumes/GigiMurin/plip/sterol_lipids/BD5ff3-A-A-CPS5/report.txt	2	0	0	0	0	0	0
/Volumes/GigiMurin/plip/sterol_lipids/BD5ff4-A-A-CPS1/report.txt	1	1	0	0	0	0	0
/Volumes/GigiMurin/plip/sterol_lipids/BD5ff4-A-A-CPS2/report.txt	2	0	0	0	0	0	0
/Volumes/GigiMurin/plip/sterol_lipids/BD5ff4-A-A-CPS3/report.txt	3	2	0	0	0	0	0
/Volumes/GigiMurin/plip/sterol_lipids/BD5ff4-A-A-CPS4/report.txt	0	1	0	0	0	0	0
/Volumes/GigiMurin/plip/sterol_lipids/BD5ff4-A-A-CPS5/report.txt	1	0	0	0	0	0	0
/Volumes/GigiMurin/plip/sterol_lipids/BD5g2g-A-A-EQU1/report.txt	2	3	0	0	0	0	0
/Volumes/GigiMurin/plip/sterol_lipids/BD5g3j-A-A-CPS1/report.txt	5	0	1	0	0	0	0
/Volumes/GigiMurin/plip/sterol_lipids/BD5gic-A-A-DLC1/report.txt	9	5	0	0	0	0	0
/Volumes/GigiMurin/plip/sterol_lipids/BD5gs4-A-A-EST1/report.txt	5	3	0	1	0	0	0
/Volumes/GigiMurin/plip/sterol_lipids/BD5gtr-A-A-EST1/report.txt	7	4	0	1	0	0	0
/Volumes/GigiMurin/plip/sterol_lipids/BD5h1e-A-A-VDX1/report.txt	8	6	0	0	0	0	0
/Volumes/GigiMurin/plip/sterol_lipids/BD5h2d-A-A-ERG1/report.txt	6	2	0	0	0	0	0
/Volumes/GigiMurin/plip/sterol_lipids/BD5hgc-A-A-HCY1/report.txt	5	4	0	0	0	0	0
/Volumes/GigiMurin/plip/sterol_lipids/BD5hs6-A-A-J3Z1/report.txt	5	0	0	0	1	0	0
/Volumes/GigiMurin/plip/sterol_lipids/BD5hyr-A-A-EST1/report.txt	5	1	0	1	0	0	0
/Volumes/GigiMurin/plip/sterol_lipids/BD5hyr-B-B-EST1/report.txt	5	3	0	1	0	0	0
/Volumes/GigiMurin/plip/sterol_lipids/BD5i6x-A-A-CLR1/report.txt	5	0	0	0	0	0	0
/Volumes/GigiMurin/plip/sterol_lipids/BD5i71-A-A-CLR1/report.txt	4	0	0	0	0	0	0
/Volumes/GigiMurin/plip/sterol_lipids/BD5i73-A-A-CLR1/report.txt	4	0	0	0	0	0	0
/Volumes/GigiMurin/plip/sterol_lipids/BD5i74-A-A-CLR1/report.txt	3	0	0	0	0	0	0
/Volumes/GigiMurin/plip/sterol_lipids/BD5i75-A-A-CLR1/report.txt	4	0	0	0	0	0	0
/Volumes/GigiMurin/plip/sterol_lipids/BD5ick-A-A-FEZ1/report.txt	12	3	1	0	0	0	0
/Volumes/GigiMurin/plip/sterol_lipids/BD5ick-B-B-FEZ1/report.txt	9	1	1	0	0	0	0
/Volumes/GigiMurin/plip/sterol_lipids/BD5ien-A-A-VDY1/report.txt	10	0	0	0	0	0	0
/Volumes/GigiMurin/plip/sterol_lipids/BD5ien-B-B-VDY1/report.txt	8	1	0	0	0	0	0
/Volumes/GigiMurin/plip/sterol_lipids/BD5ieo-A-A-VDY1/report.txt	12	1	0	0	0	0	0
/Volumes/GigiMurin/plip/sterol_lipids/BD5iep-A-A-VDY1/report.txt	12	0	0	0	0	0	0
/Volumes/GigiMurin/plip/sterol_lipids/BD5ier-A-A-3QZ1/report.txt	9	2	0	0	0	0	0
/Volumes/GigiMurin/plip/sterol_lipids/BD5ier-D-D-3QZ1/report.txt	6	0	0	0	0	0	0
/Volumes/GigiMurin/plip/sterol_lipids/BD5if6-A-A-3QZ1/report.txt	7	0	0	0	0	0	0
/Volumes/GigiMurin/plip/sterol_lipids/BD5ijq-A-A-5JK1/report.txt	11	0	0	0	0	0	0
/Volumes/GigiMurin/plip/sterol_lipids/BD5ijs-A-A-5JK1/report.txt	10	0	0	0	0	0	0
/Volumes/GigiMurin/plip/sterol_lipids/BD5iu4-A-A-CLR1/report.txt	2	0	0	0	0	0	0
/Volumes/GigiMurin/plip/sterol_lipids/BD5iu4-A-A-CLR2/report.txt	4	1	0	0	0	0	0
/Volumes/GigiMurin/plip/sterol_lipids/BD5iu4-A-A-CLR3/report.txt	6	2	0	0	0	0	0
/Volumes/GigiMurin/plip/sterol_lipids/BD5iu4-A-A-CLR4/report.txt	7	0	0	0	0	0	0
/Volumes/GigiMurin/plip/sterol_lipids/BD5iu7-A-A-CLR1/report.txt	2	0	0	0	0	0	0
/Volumes/GigiMurin/plip/sterol_lipids/BD5iu7-A-A-CLR2/report.txt	5	1	0	0	0	0	0
/Volumes/GigiMurin/plip/sterol_lipids/BD5iu7-A-A-CLR3/report.txt	7	2	0	0	0	0	0
/Volumes/GigiMurin/plip/sterol_lipids/BD5iu7-A-A-CLR4/report.txt	7	0	0	0	0	0	0
/Volumes/GigiMurin/plip/sterol_lipids/BD5iu8-A-A-CLR1/report.txt	5	1	0	0	0	0	0
/Volumes/GigiMurin/plip/sterol_lipids/BD5iu8-A-A-CLR2/report.txt	6	1	0	0	0	0	0
/Volumes/GigiMurin/plip/sterol_lipids/BD5iu8-A-A-CLR3/report.txt	7	0	0	0	0	0	0
/Volumes/GigiMurin/plip/sterol_lipids/BD5iu8-A-A-CLR4/report.txt	2	0	0	0	0	0	0
/Volumes/GigiMurin/plip/sterol_lipids/BD5iua-A-A-CLR1/report.txt	3	0	0	0	0	0	0
/Volumes/GigiMurin/plip/sterol_lipids/BD5iua-A-A-CLR2/report.txt	6	1	0	0	0	0	0
/Volumes/GigiMurin/plip/sterol_lipids/BD5iua-A-A-CLR3/report.txt	5	1	0	0	0	0	0
/Volumes/GigiMurin/plip/sterol_lipids/BD5iua-A-A-CLR4/report.txt	6	0	0	0	0	0	0
/Volumes/GigiMurin/plip/sterol_lipids/BD5iub-A-A-CLR1/report.txt	5	1	0	0	0	0	0
/Volumes/GigiMurin/plip/sterol_lipids/BD5iub-A-A-CLR2/report.txt	5	2	0	0	0	0	0
/Volumes/GigiMurin/plip/sterol_lipids/BD5iub-A-A-CLR3/report.txt	8	0	0	0	0	0	0
/Volumes/GigiMurin/plip/sterol_lipids/BD5iy5-A-C-CHD1/report.txt	2	1	1	0	0	0	0
/Volumes/GigiMurin/plip/sterol_lipids/BD5iy5-A-J-CHD1/report.txt	1	0	0	0	0	0	0
/Volumes/GigiMurin/plip/sterol_lipids/BD5iy5-A-T-CHD1/report.txt	4	0	0	0	0	0	0
/Volumes/GigiMurin/plip/sterol_lipids/BD5iy5-B-T-CHD1/report.txt	0	1	0	0	0	0	0
/Volumes/GigiMurin/plip/sterol_lipids/BD5iy5-C-C-CHD1/report.txt	1	1	1	0	0	0	0
/Volumes/GigiMurin/plip/sterol_lipids/BD5iy5-C-C-CHD2/report.txt	4	1	1	0	0	0	0
/Volumes/GigiMurin/plip/sterol_lipids/BD5iy5-C-P-CHD1/report.txt	1	0	0	0	0	0	0
/Volumes/GigiMurin/plip/sterol_lipids/BD5iy5-G-G-CHD1/report.txt	0	0	2	0	0	0	0
/Volumes/GigiMurin/plip/sterol_lipids/BD5iy5-J-C-CHD2/report.txt	1	1	0	0	0	0	0
/Volumes/GigiMurin/plip/sterol_lipids/BD5iy5-J-J-CHD1/report.txt	2	1	0	0	0	0	0
/Volumes/GigiMurin/plip/sterol_lipids/BD5iy5-N-G-CHD1/report.txt	4	0	0	0	0	0	0
/Volumes/GigiMurin/plip/sterol_lipids/BD5iy5-N-P-CHD1/report.txt	2	0	1	0	0	0	0
/Volumes/GigiMurin/plip/sterol_lipids/BD5iy5-N-W-CHD1/report.txt	1	0	0	0	0	0	0
/Volumes/GigiMurin/plip/sterol_lipids/BD5iy5-P-P-CHD1/report.txt	1	1	1	0	0	0	0
/Volumes/GigiMurin/plip/sterol_lipids/BD5iy5-P-P-CHD2/report.txt	5	0	1	0	0	0	0
/Volumes/GigiMurin/plip/sterol_lipids/BD5iy5-T-T-CHD1/report.txt	2	0	2	0	0	0	0
/Volumes/GigiMurin/plip/sterol_lipids/BD5iy5-W-W-CHD1/report.txt	2	2	0	0	0	0	0
/Volumes/GigiMurin/plip/sterol_lipids/BD5jjm-A-A-DHT1/report.txt	5	3	0	0	0	0	0
/Volumes/GigiMurin/plip/sterol_lipids/BD5jkv-A-A-ASD1/report.txt	8	2	0	0	0	0	0
/Volumes/GigiMurin/plip/sterol_lipids/BD5jkw-A-A-TES1/report.txt	8	2	0	0	0	0	0
/Volumes/GigiMurin/plip/sterol_lipids/BD5jl6-A-A-ASD1/report.txt	7	2	0	0	0	0	0
/Volumes/GigiMurin/plip/sterol_lipids/BD5jl7-A-A-ASD1/report.txt	8	2	0	0	0	0	0
/Volumes/GigiMurin/plip/sterol_lipids/BD5jl9-A-A-ASD1/report.txt	6	2	0	0	0	0	0
/Volumes/GigiMurin/plip/sterol_lipids/BD5jqh-A-A-CLR1/report.txt	4	0	0	0	0	0	0
/Volumes/GigiMurin/plip/sterol_lipids/BD5jtb-A-A-CLR1/report.txt	6	2	0	0	0	0	0
/Volumes/GigiMurin/plip/sterol_lipids/BD5jtb-A-A-CLR2/report.txt	6	1	0	0	0	0	0
/Volumes/GigiMurin/plip/sterol_lipids/BD5jtb-A-A-CLR3/report.txt	8	0	0	0	0	0	0
/Volumes/GigiMurin/plip/sterol_lipids/BD5k2a-A-A-CLR1/report.txt	3	1	0	0	0	0	0
/Volumes/GigiMurin/plip/sterol_lipids/BD5k2a-A-A-CLR2/report.txt	5	1	0	0	0	0	0
/Volumes/GigiMurin/plip/sterol_lipids/BD5k2a-A-A-CLR3/report.txt	4	0	0	0	0	0	0
/Volumes/GigiMurin/plip/sterol_lipids/BD5k2b-A-A-CLR1/report.txt	4	0	0	0	0	0	0
/Volumes/GigiMurin/plip/sterol_lipids/BD5k2b-A-A-CLR2/report.txt	4	0	0	0	0	0	0
/Volumes/GigiMurin/plip/sterol_lipids/BD5k2b-A-A-CLR3/report.txt	3	1	0	0	0	0	0
/Volumes/GigiMurin/plip/sterol_lipids/BD5k2c-A-A-CLR1/report.txt	1	1	0	0	0	0	0
/Volumes/GigiMurin/plip/sterol_lipids/BD5k2c-A-A-CLR2/report.txt	5	1	0	0	0	0	0
/Volumes/GigiMurin/plip/sterol_lipids/BD5k2c-A-A-CLR3/report.txt	4	0	0	0	0	0	0
/Volumes/GigiMurin/plip/sterol_lipids/BD5k2d-A-A-CLR1/report.txt	4	0	0	0	0	0	0
/Volumes/GigiMurin/plip/sterol_lipids/BD5k2d-A-A-CLR2/report.txt	5	0	0	0	0	0	0
/Volumes/GigiMurin/plip/sterol_lipids/BD5k2d-A-A-CLR3/report.txt	3	1	0	0	0	0	0
/Volumes/GigiMurin/plip/sterol_lipids/BD5kew-A-A-6SB1/report.txt	2	0	0	0	0	0	0
/Volumes/GigiMurin/plip/sterol_lipids/BD5kew-B-B-6SB1/report.txt	5	3	0	0	0	0	0
/Volumes/GigiMurin/plip/sterol_lipids/BD5kew-D-D-6SB1/report.txt	6	2	1	0	0	0	0
/Volumes/GigiMurin/plip/sterol_lipids/BD5klb-A-A-CPS1/report.txt	0	2	0	0	0	0	0
/Volumes/GigiMurin/plip/sterol_lipids/BD5klb-A-A-CPS2/report.txt	0	0	0	0	0	0	0
/Volumes/GigiMurin/plip/sterol_lipids/BD5klb-A-A-CPS3/report.txt	1	0	0	0	0	0	0
/Volumes/GigiMurin/plip/sterol_lipids/BD5klb-B-B-CPS1/report.txt	2	0	0	0	0	0	0
/Volumes/GigiMurin/plip/sterol_lipids/BD5klb-B-B-CPS2/report.txt	2	0	1	0	0	0	0
/Volumes/GigiMurin/plip/sterol_lipids/BD5klb-C-A-CPS2/report.txt	3	1	0	0	0	0	0
/Volumes/GigiMurin/plip/sterol_lipids/BD5klb-D-A-CPS3/report.txt	1	0	0	0	0	0	0
/Volumes/GigiMurin/plip/sterol_lipids/BD5klb-D-D-CPS1/report.txt	1	2	0	0	0	0	0
/Volumes/GigiMurin/plip/sterol_lipids/BD5kp1-A-A-EQU1/report.txt	3	2	0	0	0	0	0
/Volumes/GigiMurin/plip/sterol_lipids/BD5kp1-B-B-EQU1/report.txt	6	3	0	1	0	0	0
/Volumes/GigiMurin/plip/sterol_lipids/BD5kp3-A-A-EQU1/report.txt	5	1	0	0	0	0	0
/Volumes/GigiMurin/plip/sterol_lipids/BD5kp3-B-B-EQU1/report.txt	4	1	0	0	0	0	0
/Volumes/GigiMurin/plip/sterol_lipids/BD5kp4-B-B-6VW1/report.txt	4	0	0	0	0	0	0
/Volumes/GigiMurin/plip/sterol_lipids/BD5krh-A-A-6WN1/report.txt	6	3	0	1	0	0	0
/Volumes/GigiMurin/plip/sterol_lipids/BD5kri-A-A-6WM1/report.txt	10	4	0	1	0	0	0
/Volumes/GigiMurin/plip/sterol_lipids/BD5kri-B-B-6WM1/report.txt	5	2	0	1	0	0	0
/Volumes/GigiMurin/plip/sterol_lipids/BD5kro-A-A-6WW1/report.txt	4	2	0	1	0	0	0
/Volumes/GigiMurin/plip/sterol_lipids/BD5kro-B-B-6WW1/report.txt	7	3	0	1	0	0	0
/Volumes/GigiMurin/plip/sterol_lipids/BD5kwy-C-C-C3S1/report.txt	10	0	0	0	0	0	0
/Volumes/GigiMurin/plip/sterol_lipids/BD5kwy-D-D-C3S1/report.txt	17	0	0	0	0	0	0
/Volumes/GigiMurin/plip/sterol_lipids/BD5kzv-A-A-HCD1/report.txt	6	2	0	0	0	0	0
/Volumes/GigiMurin/plip/sterol_lipids/BD5kzy-A-A-CY81/report.txt	6	2	0	0	0	0	0
/Volumes/GigiMurin/plip/sterol_lipids/BD5l7d-A-A-CLR1/report.txt	9	0	0	0	0	0	0
/Volumes/GigiMurin/plip/sterol_lipids/BD5l8o-B-B-CHD1/report.txt	7	5	1	0	0	0	0
/Volumes/GigiMurin/plip/sterol_lipids/BD5l91-A-A-C0R1/report.txt	5	0	0	0	0	0	0
/Volumes/GigiMurin/plip/sterol_lipids/BD5l91-A-A-C0R2/report.txt	4	1	0	0	0	0	0
/Volumes/GigiMurin/plip/sterol_lipids/BD5l91-A-A-C0R3/report.txt	3	1	0	0	0	0	0
/Volumes/GigiMurin/plip/sterol_lipids/BD5l91-A-A-C0R4/report.txt	2	3	0	0	0	0	0
/Volumes/GigiMurin/plip/sterol_lipids/BD5l91-B-B-C0R3/report.txt	3	2	0	0	0	0	0
/Volumes/GigiMurin/plip/sterol_lipids/BD5l92-A-A-C0R1/report.txt	7	0	0	0	0	0	0
/Volumes/GigiMurin/plip/sterol_lipids/BD5l94-A-A-TES1/report.txt	4	1	0	0	0	0	0
/Volumes/GigiMurin/plip/sterol_lipids/BD5lsg-A-A-QZQ1/report.txt	11	1	2	0	0	0	0
/Volumes/GigiMurin/plip/sterol_lipids/BD5lur-A-A-STR1/report.txt	6	1	0	0	0	0	0
/Volumes/GigiMurin/plip/sterol_lipids/BD5lwe-A-A-CLR1/report.txt	4	0	0	0	0	0	0
/Volumes/GigiMurin/plip/sterol_lipids/BD5m0d-A-A-7C81/report.txt	9	1	0	1	0	0	0
/Volumes/GigiMurin/plip/sterol_lipids/BD5m0e-A-A-5JK1/report.txt	8	0	0	0	0	0	0
/Volumes/GigiMurin/plip/sterol_lipids/BD5m0m-A-A-7CF1/report.txt	12	1	0	1	0	0	0
/Volumes/GigiMurin/plip/sterol_lipids/BD5mlm-A-A-STR1/report.txt	8	2	0	0	0	0	0
/Volumes/GigiMurin/plip/sterol_lipids/BD5mzj-A-A-CLR1/report.txt	6	1	0	0	0	0	0
/Volumes/GigiMurin/plip/sterol_lipids/BD5mzj-A-A-CLR2/report.txt	7	0	0	0	0	0	0
/Volumes/GigiMurin/plip/sterol_lipids/BD5mzj-A-A-CLR3/report.txt	6	0	0	0	0	0	0
/Volumes/GigiMurin/plip/sterol_lipids/BD5mzp-A-A-CLR1/report.txt	1	0	0	0	0	0	0
/Volumes/GigiMurin/plip/sterol_lipids/BD5mzp-A-A-CLR2/report.txt	3	1	0	0	0	0	0
/Volumes/GigiMurin/plip/sterol_lipids/BD5mzp-A-A-CLR3/report.txt	4	0	0	0	0	0	0
/Volumes/GigiMurin/plip/sterol_lipids/BD5mzp-A-A-CLR4/report.txt	6	0	0	0	0	0	0
/Volumes/GigiMurin/plip/sterol_lipids/BD5n2r-A-A-CLR1/report.txt	4	2	0	0	0	0	0
/Volumes/GigiMurin/plip/sterol_lipids/BD5n2r-A-A-CLR2/report.txt	4	0	0	0	0	0	0
/Volumes/GigiMurin/plip/sterol_lipids/BD5n2r-A-A-CLR3/report.txt	10	0	0	0	0	0	0
/Volumes/GigiMurin/plip/sterol_lipids/BD5nfp-A-A-8W51/report.txt	4	4	0	1	0	0	0
/Volumes/GigiMurin/plip/sterol_lipids/BD5nfp-A-A-CPS1/report.txt	7	2	0	0	0	0	0
/Volumes/GigiMurin/plip/sterol_lipids/BD5nlx-A-A-CLR1/report.txt	2	1	0	0	0	0	0
/Volumes/GigiMurin/plip/sterol_lipids/BD5nm2-A-A-CLR1/report.txt	6	1	0	0	0	0	0
/Volumes/GigiMurin/plip/sterol_lipids/BD5nm2-A-A-CLR2/report.txt	6	1	0	0	0	0	0
/Volumes/GigiMurin/plip/sterol_lipids/BD5nm2-A-A-CLR3/report.txt	6	0	0	0	0	0	0
/Volumes/GigiMurin/plip/sterol_lipids/BD5nm4-A-A-CLR1/report.txt	5	2	0	0	0	0	0
/Volumes/GigiMurin/plip/sterol_lipids/BD5nm4-A-A-CLR2/report.txt	3	0	0	0	0	0	0
/Volumes/GigiMurin/plip/sterol_lipids/BD5nti-A-A-C3S1/report.txt	7	3	2	0	0	0	0
/Volumes/GigiMurin/plip/sterol_lipids/BD5ntk-A-A-99N1/report.txt	9	2	2	0	0	0	0
/Volumes/GigiMurin/plip/sterol_lipids/BD5o8f-A-E-P9N1/report.txt	6	1	0	0	0	0	0
/Volumes/GigiMurin/plip/sterol_lipids/BD5o8f-A-E-P9N2/report.txt	2	0	0	0	0	0	0
/Volumes/GigiMurin/plip/sterol_lipids/BD5o8f-C-C-P9N1/report.txt	1	0	0	0	0	0	0
/Volumes/GigiMurin/plip/sterol_lipids/BD5og9-A-A-TES1/report.txt	4	1	0	0	0	0	0
/Volumes/GigiMurin/plip/sterol_lipids/BD5og9-A-A-TES2/report.txt	6	1	0	0	0	0	0
/Volumes/GigiMurin/plip/sterol_lipids/BD5og9-B-B-TES1/report.txt	8	0	0	0	0	0	0
/Volumes/GigiMurin/plip/sterol_lipids/BD5olg-A-A-CLR1/report.txt	6	1	0	0	0	0	0
/Volumes/GigiMurin/plip/sterol_lipids/BD5olg-A-A-CLR2/report.txt	6	0	0	0	0	0	0
/Volumes/GigiMurin/plip/sterol_lipids/BD5olg-A-A-CLR3/report.txt	5	0	0	0	0	0	0
/Volumes/GigiMurin/plip/sterol_lipids/BD5olh-A-A-CLR1/report.txt	4	1	0	0	0	0	0
/Volumes/GigiMurin/plip/sterol_lipids/BD5olh-A-A-CLR2/report.txt	6	0	0	0	0	0	0
/Volumes/GigiMurin/plip/sterol_lipids/BD5olh-A-A-CLR3/report.txt	6	0	0	0	0	0	0
/Volumes/GigiMurin/plip/sterol_lipids/BD5olo-A-A-CLR1/report.txt	5	2	0	0	0	0	0
/Volumes/GigiMurin/plip/sterol_lipids/BD5olo-A-A-CLR2/report.txt	8	1	0	0	0	0	0
/Volumes/GigiMurin/plip/sterol_lipids/BD5olo-A-A-CLR3/report.txt	10	0	0	0	0	0	0
/Volumes/GigiMurin/plip/sterol_lipids/BD5olv-A-A-CLR1/report.txt	1	0	0	0	0	0	0
/Volumes/GigiMurin/plip/sterol_lipids/BD5olv-A-A-CLR2/report.txt	4	1	0	0	0	0	0
/Volumes/GigiMurin/plip/sterol_lipids/BD5olv-A-A-CLR3/report.txt	5	0	0	0	0	0	0
/Volumes/GigiMurin/plip/sterol_lipids/BD5olv-A-A-CLR4/report.txt	6	0	0	0	0	0	0
/Volumes/GigiMurin/plip/sterol_lipids/BD5olz-A-A-CLR1/report.txt	0	0	0	0	0	0	0
/Volumes/GigiMurin/plip/sterol_lipids/BD5olz-A-A-CLR2/report.txt	5	1	0	0	0	0	0
/Volumes/GigiMurin/plip/sterol_lipids/BD5olz-A-A-CLR3/report.txt	5	0	0	0	0	0	0
/Volumes/GigiMurin/plip/sterol_lipids/BD5olz-A-A-CLR4/report.txt	7	0	0	0	0	0	0
/Volumes/GigiMurin/plip/sterol_lipids/BD5om1-A-A-CLR1/report.txt	0	0	0	0	0	0	0
/Volumes/GigiMurin/plip/sterol_lipids/BD5om1-A-A-CLR2/report.txt	4	1	0	0	0	0	0
/Volumes/GigiMurin/plip/sterol_lipids/BD5om1-A-A-CLR3/report.txt	6	0	0	0	0	0	0
/Volumes/GigiMurin/plip/sterol_lipids/BD5om1-A-A-CLR4/report.txt	7	0	0	0	0	0	0
/Volumes/GigiMurin/plip/sterol_lipids/BD5om4-A-A-CLR1/report.txt	4	0	0	0	0	0	0
/Volumes/GigiMurin/plip/sterol_lipids/BD5om4-A-A-CLR2/report.txt	5	1	0	0	0	0	0
/Volumes/GigiMurin/plip/sterol_lipids/BD5om4-A-A-CLR3/report.txt	6	0	0	0	0	0	0
/Volumes/GigiMurin/plip/sterol_lipids/BD5om4-A-A-CLR4/report.txt	6	0	0	0	0	0	0
/Volumes/GigiMurin/plip/sterol_lipids/BD5oqt-A-C-CLR1/report.txt	1	0	0	0	0	0	0
/Volumes/GigiMurin/plip/sterol_lipids/BD5oqt-C-C-CLR1/report.txt	4	0	0	0	0	0	0
/Volumes/GigiMurin/plip/sterol_lipids/BD5osb-A-A-A8Z1/report.txt	1	0	0	0	0	0	0
/Volumes/GigiMurin/plip/sterol_lipids/BD5osb-A-A-A8Z2/report.txt	5	1	0	0	0	0	0
/Volumes/GigiMurin/plip/sterol_lipids/BD5osb-B-B-A8Z1/report.txt	6	1	0	0	0	0	0
/Volumes/GigiMurin/plip/sterol_lipids/BD5osb-C-B-A8Z1/report.txt	1	0	0	0	0	0	0
/Volumes/GigiMurin/plip/sterol_lipids/BD5osc-A-A-A8W1/report.txt	3	0	1	0	0	0	0
/Volumes/GigiMurin/plip/sterol_lipids/BD5osc-B-B-A8W1/report.txt	2	0	1	0	0	0	0
/Volumes/GigiMurin/plip/sterol_lipids/BD5osc-C-C-A8W1/report.txt	5	1	0	0	0	0	0
/Volumes/GigiMurin/plip/sterol_lipids/BD5osc-D-D-A8W1/report.txt	2	1	0	0	0	0	0
/Volumes/GigiMurin/plip/sterol_lipids/BD5osc-E-E-A8W1/report.txt	2	0	1	0	0	0	0
/Volumes/GigiMurin/plip/sterol_lipids/BD5ow7-A-A-AYK1/report.txt	8	4	0	0	0	0	0
/Volumes/GigiMurin/plip/sterol_lipids/BD5owd-A-A-B0B1/report.txt	10	3	0	0	0	0	0
/Volumes/GigiMurin/plip/sterol_lipids/BD5q0m-A-A-9L11/report.txt	7	2	1	0	0	0	0
/Volumes/GigiMurin/plip/sterol_lipids/BD5sy1-A-A-CLR1/report.txt	4	1	0	0	0	0	0
/Volumes/GigiMurin/plip/sterol_lipids/BD5sy1-A-B-CLR1/report.txt	0	1	0	0	0	0	0
/Volumes/GigiMurin/plip/sterol_lipids/BD5tcx-A-A-CLR1/report.txt	7	2	0	0	0	0	0
/Volumes/GigiMurin/plip/sterol_lipids/BD5tld-A-A-6WV1/report.txt	8	2	0	1	0	0	0
/Volumes/GigiMurin/plip/sterol_lipids/BD5tld-B-B-6WV1/report.txt	4	3	0	1	0	0	0
/Volumes/GigiMurin/plip/sterol_lipids/BD5tlo-A-A-7EE1/report.txt	5	2	0	1	0	0	0
/Volumes/GigiMurin/plip/sterol_lipids/BD5tlo-B-B-7EE1/report.txt	10	4	0	1	0	0	0
/Volumes/GigiMurin/plip/sterol_lipids/BD5tlu-A-A-7EE1/report.txt	4	3	0	1	0	0	0
/Volumes/GigiMurin/plip/sterol_lipids/BD5tmz-A-A-7FQ1/report.txt	4	2	0	1	0	0	0
/Volumes/GigiMurin/plip/sterol_lipids/BD5tn1-A-A-7FR1/report.txt	5	2	0	1	0	0	0
/Volumes/GigiMurin/plip/sterol_lipids/BD5tn1-B-B-7FR1/report.txt	6	2	0	1	0	0	0
/Volumes/GigiMurin/plip/sterol_lipids/BD5tn3-A-A-7FS1/report.txt	3	3	0	0	0	0	0
/Volumes/GigiMurin/plip/sterol_lipids/BD5tn3-B-B-7FS1/report.txt	3	4	0	0	0	0	0
/Volumes/GigiMurin/plip/sterol_lipids/BD5toa-A-A-EST1/report.txt	9	2	0	1	0	0	0
/Volumes/GigiMurin/plip/sterol_lipids/BD5toa-B-B-EST1/report.txt	6	3	0	1	0	0	0
/Volumes/GigiMurin/plip/sterol_lipids/BD5tvn-A-A-CLR1/report.txt	5	2	0	0	0	0	0
/Volumes/GigiMurin/plip/sterol_lipids/BD5u2b-A-A-6WV1/report.txt	8	3	0	1	0	0	0
/Volumes/GigiMurin/plip/sterol_lipids/BD5u2b-B-B-6WV1/report.txt	6	3	0	1	0	0	0
/Volumes/GigiMurin/plip/sterol_lipids/BD5u2b-C-C-6WV1/report.txt	9	2	0	1	0	0	0
/Volumes/GigiMurin/plip/sterol_lipids/BD5u2b-D-D-6WV1/report.txt	6	3	0	1	0	0	0
/Volumes/GigiMurin/plip/sterol_lipids/BD5u2b-F-F-6WV1/report.txt	5	3	0	1	0	0	0
/Volumes/GigiMurin/plip/sterol_lipids/BD5uc1-A-A-4861/report.txt	6	2	0	0	0	0	0
/Volumes/GigiMurin/plip/sterol_lipids/BD5uc1-A-A-CPS1/report.txt	3	0	0	0	0	0	0
/Volumes/GigiMurin/plip/sterol_lipids/BD5uc1-A-A-CPS2/report.txt	2	1	0	0	0	0	0
/Volumes/GigiMurin/plip/sterol_lipids/BD5uc1-A-B-4861/report.txt	0	0	0	0	0	0	0
/Volumes/GigiMurin/plip/sterol_lipids/BD5uc1-A-B-CPS1/report.txt	2	1	0	0	0	0	0
/Volumes/GigiMurin/plip/sterol_lipids/BD5uc1-A-B-CPS2/report.txt	2	1	0	0	0	0	0
/Volumes/GigiMurin/plip/sterol_lipids/BD5uc1-B-A-CPS1/report.txt	2	1	0	0	0	0	0
/Volumes/GigiMurin/plip/sterol_lipids/BD5uc1-B-A-CPS2/report.txt	2	0	0	0	0	0	0
/Volumes/GigiMurin/plip/sterol_lipids/BD5uc1-B-B-CPS1/report.txt	3	0	0	0	0	0	0
/Volumes/GigiMurin/plip/sterol_lipids/BD5uc1-B-B-CPS2/report.txt	5	2	0	0	0	0	0
/Volumes/GigiMurin/plip/sterol_lipids/BD5uc3-A-A-4861/report.txt	8	2	0	0	0	0	0
/Volumes/GigiMurin/plip/sterol_lipids/BD5ufs-A-A-1TA1/report.txt	4	5	0	0	0	0	0
/Volumes/GigiMurin/plip/sterol_lipids/BD5ugi-A-A-EQU1/report.txt	4	2	0	0	0	0	0
/Volumes/GigiMurin/plip/sterol_lipids/BD5umy-A-A-TNN1/report.txt	0	3	0	3	0	0	0
/Volumes/GigiMurin/plip/sterol_lipids/BD5umy-A-A-TNN2/report.txt	6	3	0	1	0	0	0
/Volumes/GigiMurin/plip/sterol_lipids/BD5umy-B-A-TNN1/report.txt	7	3	0	1	0	0	0
/Volumes/GigiMurin/plip/sterol_lipids/BD5uph-A-A-CLR1/report.txt	11	0	0	0	0	0	0
/Volumes/GigiMurin/plip/sterol_lipids/BD5uph-B-B-CLR1/report.txt	12	0	0	0	0	0	0
/Volumes/GigiMurin/plip/sterol_lipids/BD5uvi-A-A-CLR1/report.txt	3	0	0	0	0	0	0
/Volumes/GigiMurin/plip/sterol_lipids/BD5uvi-A-A-CLR2/report.txt	5	0	0	0	0	0	0
/Volumes/GigiMurin/plip/sterol_lipids/BD5uvi-A-A-CLR3/report.txt	3	1	0	0	0	0	0
/Volumes/GigiMurin/plip/sterol_lipids/BD5uys-A-A-8QD1/report.txt	8	1	0	0	0	0	0
/Volumes/GigiMurin/plip/sterol_lipids/BD5uys-D-D-8QD1/report.txt	7	1	0	0	0	0	0
/Volumes/GigiMurin/plip/sterol_lipids/BD5vb2-A-A-CPS1/report.txt	4	2	0	0	0	0	0
/Volumes/GigiMurin/plip/sterol_lipids/BD5vb2-A-A-CPS2/report.txt	3	1	0	0	0	0	0
/Volumes/GigiMurin/plip/sterol_lipids/BD5vb2-A-B-CPS1/report.txt	1	0	0	0	0	0	0
/Volumes/GigiMurin/plip/sterol_lipids/BD5vb2-A-D-CPS2/report.txt	3	0	0	0	0	0	0
/Volumes/GigiMurin/plip/sterol_lipids/BD5vb2-B-A-CPS2/report.txt	2	0	0	0	0	0	0
/Volumes/GigiMurin/plip/sterol_lipids/BD5vb2-B-B-CPS1/report.txt	4	2	0	0	0	0	0
/Volumes/GigiMurin/plip/sterol_lipids/BD5vb2-B-B-CPS2/report.txt	3	0	0	0	0	0	0
/Volumes/GigiMurin/plip/sterol_lipids/BD5vb2-B-C-CPS2/report.txt	1	0	0	0	0	0	0
/Volumes/GigiMurin/plip/sterol_lipids/BD5vb2-C-B-CPS2/report.txt	1	0	0	0	0	0	0
/Volumes/GigiMurin/plip/sterol_lipids/BD5vb2-C-C-CPS1/report.txt	3	1	0	0	0	0	0
/Volumes/GigiMurin/plip/sterol_lipids/BD5vb2-C-C-CPS2/report.txt	4	2	0	0	0	0	0
/Volumes/GigiMurin/plip/sterol_lipids/BD5vb2-C-D-CPS1/report.txt	1	0	0	0	0	0	0
/Volumes/GigiMurin/plip/sterol_lipids/BD5vb2-D-A-CPS1/report.txt	1	0	0	0	0	0	0
/Volumes/GigiMurin/plip/sterol_lipids/BD5vb2-D-C-CPS1/report.txt	3	0	0	0	0	0	0
/Volumes/GigiMurin/plip/sterol_lipids/BD5vb2-D-D-CPS1/report.txt	6	2	0	0	0	0	0
/Volumes/GigiMurin/plip/sterol_lipids/BD5vb2-D-D-CPS2/report.txt	4	0	0	0	0	0	0
/Volumes/GigiMurin/plip/sterol_lipids/BD5vbu-A-A-3QZ1/report.txt	12	2	0	0	0	0	0
/Volumes/GigiMurin/plip/sterol_lipids/BD5vra-A-A-CLR1/report.txt	6	0	0	0	0	0	0
/Volumes/GigiMurin/plip/sterol_lipids/BD5vra-A-A-CLR2/report.txt	6	0	0	0	0	0	0
/Volumes/GigiMurin/plip/sterol_lipids/BD5vra-A-A-CLR3/report.txt	5	1	0	0	0	0	0
/Volumes/GigiMurin/plip/sterol_lipids/BD5w97-a-b-CHD1/report.txt	4	0	0	0	0	0	0
/Volumes/GigiMurin/plip/sterol_lipids/BD5w97-a-c-CHD1/report.txt	2	1	1	0	0	0	0
/Volumes/GigiMurin/plip/sterol_lipids/BD5w97-b-b-CHD1/report.txt	0	3	0	0	0	0	0
/Volumes/GigiMurin/plip/sterol_lipids/BD5w97-c-c-CHD1/report.txt	0	1	1	0	0	0	0
/Volumes/GigiMurin/plip/sterol_lipids/BD5w97-c-c-CHD2/report.txt	5	0	1	0	0	0	0
/Volumes/GigiMurin/plip/sterol_lipids/BD5w97-g-B-CHD1/report.txt	2	0	2	0	0	0	0
/Volumes/GigiMurin/plip/sterol_lipids/BD5w97-J-C-CHD2/report.txt	0	1	0	0	0	0	0
/Volumes/GigiMurin/plip/sterol_lipids/BD5w97-j-j-CHD1/report.txt	2	1	0	0	0	0	0
/Volumes/GigiMurin/plip/sterol_lipids/BD5wau-A-B-CHD1/report.txt	4	0	0	0	0	0	0
/Volumes/GigiMurin/plip/sterol_lipids/BD5wau-a-c-CHD1/report.txt	2	1	1	0	0	0	0
/Volumes/GigiMurin/plip/sterol_lipids/BD5wau-a-G-CHD1/report.txt	4	0	0	0	0	0	0
/Volumes/GigiMurin/plip/sterol_lipids/BD5wau-B-B-CHD1/report.txt	0	3	0	0	0	0	0
/Volumes/GigiMurin/plip/sterol_lipids/BD5wau-b-G-CHD1/report.txt	0	1	0	0	0	0	0
/Volumes/GigiMurin/plip/sterol_lipids/BD5wau-c-c-CHD1/report.txt	0	1	1	0	0	0	0
/Volumes/GigiMurin/plip/sterol_lipids/BD5wau-c-c-CHD2/report.txt	5	0	1	0	0	0	0
/Volumes/GigiMurin/plip/sterol_lipids/BD5wau-g-B-CHD1/report.txt	0	0	2	0	0	0	0
/Volumes/GigiMurin/plip/sterol_lipids/BD5wau-G-G-CHD1/report.txt	0	0	2	0	0	0	0
/Volumes/GigiMurin/plip/sterol_lipids/BD5wau-j-c-CHD2/report.txt	1	1	0	0	0	0	0
/Volumes/GigiMurin/plip/sterol_lipids/BD5wau-j-j-CHD1/report.txt	4	1	0	0	0	0	0
/Volumes/GigiMurin/plip/sterol_lipids/BD5wb2-A-A-CLR1/report.txt	7	0	0	0	0	0	0
/Volumes/GigiMurin/plip/sterol_lipids/BD5wb2-A-A-CLR2/report.txt	3	1	0	0	0	0	0
/Volumes/GigiMurin/plip/sterol_lipids/BD5wel-A-A-AJP1/report.txt	4	6	0	0	0	0	0
/Volumes/GigiMurin/plip/sterol_lipids/BD5wel-C-C-AJP1/report.txt	5	6	0	0	0	0	0
/Volumes/GigiMurin/plip/sterol_lipids/BD5wen-A-A-AJP1/report.txt	3	2	0	0	0	0	0
/Volumes/GigiMurin/plip/sterol_lipids/BD5wgd-A-A-EST1/report.txt	3	2	0	1	0	0	0
/Volumes/GigiMurin/plip/sterol_lipids/BD5wgq-A-A-EST1/report.txt	2	3	0	1	0	0	0
/Volumes/GigiMurin/plip/sterol_lipids/BD5wgq-B-B-EST1/report.txt	3	2	0	1	0	0	0
/Volumes/GigiMurin/plip/sterol_lipids/BD5wqh-D-D-7WX1/report.txt	9	3	2	0	0	0	0
/Volumes/GigiMurin/plip/sterol_lipids/BD5wqh-E-E-7WX1/report.txt	8	3	1	0	0	0	0
/Volumes/GigiMurin/plip/sterol_lipids/BD5wvr-A-A-CLR1/report.txt	9	2	0	0	0	0	0
/Volumes/GigiMurin/plip/sterol_lipids/BD5x19-A-B-CHD1/report.txt	3	0	0	0	0	0	0
/Volumes/GigiMurin/plip/sterol_lipids/BD5x19-A-C-CHD2/report.txt	2	1	1	0	0	0	0
/Volumes/GigiMurin/plip/sterol_lipids/BD5x19-B-B-CHD1/report.txt	0	3	0	0	0	0	0
/Volumes/GigiMurin/plip/sterol_lipids/BD5x19-C-C-CHD1/report.txt	5	0	1	0	0	0	0
/Volumes/GigiMurin/plip/sterol_lipids/BD5x19-C-C-CHD2/report.txt	1	1	1	0	0	0	0
/Volumes/GigiMurin/plip/sterol_lipids/BD5x19-G-G-CHD1/report.txt	1	0	2	0	0	0	0
/Volumes/GigiMurin/plip/sterol_lipids/BD5x19-J-C-CHD1/report.txt	0	2	0	0	0	0	0
/Volumes/GigiMurin/plip/sterol_lipids/BD5x19-J-J-CHD1/report.txt	2	0	0	0	0	0	0
/Volumes/GigiMurin/plip/sterol_lipids/BD5x19-N-G-CHD1/report.txt	4	0	0	0	0	0	0
/Volumes/GigiMurin/plip/sterol_lipids/BD5x19-N-P-CHD2/report.txt	1	1	1	0	0	0	0
/Volumes/GigiMurin/plip/sterol_lipids/BD5x19-O-G-CHD1/report.txt	0	2	0	0	0	0	0
/Volumes/GigiMurin/plip/sterol_lipids/BD5x19-P-P-CHD1/report.txt	5	0	1	0	0	0	0
/Volumes/GigiMurin/plip/sterol_lipids/BD5x19-P-P-CHD2/report.txt	1	1	1	0	0	0	0
/Volumes/GigiMurin/plip/sterol_lipids/BD5x19-T-B-CHD1/report.txt	1	0	2	0	0	0	0
/Volumes/GigiMurin/plip/sterol_lipids/BD5x19-W-P-CHD1/report.txt	1	1	0	0	0	0	0
/Volumes/GigiMurin/plip/sterol_lipids/BD5x19-W-W-CHD1/report.txt	2	0	0	0	0	0	0
/Volumes/GigiMurin/plip/sterol_lipids/BD5x1b-A-B-CHD1/report.txt	4	0	0	0	0	0	0
/Volumes/GigiMurin/plip/sterol_lipids/BD5x1b-A-C-CHD2/report.txt	1	1	1	0	0	0	0
/Volumes/GigiMurin/plip/sterol_lipids/BD5x1b-B-B-CHD1/report.txt	0	2	0	0	0	0	0
/Volumes/GigiMurin/plip/sterol_lipids/BD5x1b-C-C-CHD1/report.txt	2	0	1	0	0	0	0
/Volumes/GigiMurin/plip/sterol_lipids/BD5x1b-C-C-CHD2/report.txt	1	1	1	0	0	0	0
/Volumes/GigiMurin/plip/sterol_lipids/BD5x1b-G-O-CHD1/report.txt	1	0	2	0	0	0	0
/Volumes/GigiMurin/plip/sterol_lipids/BD5x1b-J-C-CHD1/report.txt	0	1	0	0	0	0	0
/Volumes/GigiMurin/plip/sterol_lipids/BD5x1b-J-J-CHD1/report.txt	1	0	0	0	0	0	0
/Volumes/GigiMurin/plip/sterol_lipids/BD5x1b-N-O-CHD1/report.txt	3	0	0	0	0	0	0
/Volumes/GigiMurin/plip/sterol_lipids/BD5x1b-N-P-CHD2/report.txt	1	1	1	0	0	0	0
/Volumes/GigiMurin/plip/sterol_lipids/BD5x1b-O-O-CHD1/report.txt	0	2	0	0	0	0	0
/Volumes/GigiMurin/plip/sterol_lipids/BD5x1b-P-C-CHD2/report.txt	1	0	0	0	0	0	0
/Volumes/GigiMurin/plip/sterol_lipids/BD5x1b-P-P-CHD1/report.txt	5	0	1	0	0	0	0
/Volumes/GigiMurin/plip/sterol_lipids/BD5x1b-P-P-CHD2/report.txt	0	1	1	0	0	0	0
/Volumes/GigiMurin/plip/sterol_lipids/BD5x1b-T-B-CHD1/report.txt	1	0	2	0	0	0	0
/Volumes/GigiMurin/plip/sterol_lipids/BD5x1b-W-W-CHD1/report.txt	3	2	0	0	0	0	0
/Volumes/GigiMurin/plip/sterol_lipids/BD5x1f-A-B-CHD1/report.txt	3	0	0	0	0	0	0
/Volumes/GigiMurin/plip/sterol_lipids/BD5x1f-A-C-CHD2/report.txt	1	1	1	0	0	0	0
/Volumes/GigiMurin/plip/sterol_lipids/BD5x1f-B-B-CHD1/report.txt	0	1	0	0	0	0	0
/Volumes/GigiMurin/plip/sterol_lipids/BD5x1f-C-C-CHD1/report.txt	4	0	1	0	0	0	0
/Volumes/GigiMurin/plip/sterol_lipids/BD5x1f-C-C-CHD2/report.txt	1	1	1	0	0	0	0
/Volumes/GigiMurin/plip/sterol_lipids/BD5x1f-G-G-CHD1/report.txt	1	0	2	0	0	0	0
/Volumes/GigiMurin/plip/sterol_lipids/BD5x1f-J-C-CHD1/report.txt	0	2	0	0	0	0	0
/Volumes/GigiMurin/plip/sterol_lipids/BD5x1f-J-J-CHD1/report.txt	2	1	0	0	0	0	0
/Volumes/GigiMurin/plip/sterol_lipids/BD5x1f-N-G-CHD1/report.txt	4	0	0	0	0	0	0
/Volumes/GigiMurin/plip/sterol_lipids/BD5x1f-N-P-CHD2/report.txt	2	1	1	0	0	0	0
/Volumes/GigiMurin/plip/sterol_lipids/BD5x1f-O-G-CHD1/report.txt	0	2	0	0	0	0	0
/Volumes/GigiMurin/plip/sterol_lipids/BD5x1f-P-C-CHD2/report.txt	1	0	0	0	0	0	0
/Volumes/GigiMurin/plip/sterol_lipids/BD5x1f-P-P-CHD1/report.txt	6	0	1	0	0	0	0
/Volumes/GigiMurin/plip/sterol_lipids/BD5x1f-P-P-CHD2/report.txt	1	1	1	0	0	0	0
/Volumes/GigiMurin/plip/sterol_lipids/BD5x1f-T-B-CHD1/report.txt	2	0	2	0	0	0	0
/Volumes/GigiMurin/plip/sterol_lipids/BD5x1f-W-P-CHD1/report.txt	0	1	0	0	0	0	0
/Volumes/GigiMurin/plip/sterol_lipids/BD5x1f-W-W-CHD1/report.txt	2	1	0	0	0	0	0
/Volumes/GigiMurin/plip/sterol_lipids/BD5x7d-A-A-CLR1/report.txt	3	0	0	0	0	0	0
/Volumes/GigiMurin/plip/sterol_lipids/BD5x7d-A-A-CLR2/report.txt	8	0	0	0	0	0	0
/Volumes/GigiMurin/plip/sterol_lipids/BD5x7e-A-A-7ZU1/report.txt	7	4	0	0	0	0	0
/Volumes/GigiMurin/plip/sterol_lipids/BD5x8q-A-A-82R1/report.txt	11	2	0	0	0	0	0
/Volumes/GigiMurin/plip/sterol_lipids/BD5x8q-C-C-82R1/report.txt	11	1	0	0	0	0	0
/Volumes/GigiMurin/plip/sterol_lipids/BD5x93-A-A-CLR1/report.txt	4	0	0	0	0	0	0
/Volumes/GigiMurin/plip/sterol_lipids/BD5xdq-A-B-CHD1/report.txt	4	0	0	0	0	0	0
/Volumes/GigiMurin/plip/sterol_lipids/BD5xdq-A-C-CHD1/report.txt	2	1	1	0	0	0	0
/Volumes/GigiMurin/plip/sterol_lipids/BD5xdq-B-B-CHD1/report.txt	0	3	0	0	0	0	0
/Volumes/GigiMurin/plip/sterol_lipids/BD5xdq-C-C-CHD1/report.txt	0	1	1	0	0	0	0
/Volumes/GigiMurin/plip/sterol_lipids/BD5xdq-C-C-CHD2/report.txt	4	0	1	0	0	0	0
/Volumes/GigiMurin/plip/sterol_lipids/BD5xdq-C-P-CHD1/report.txt	1	0	0	0	0	0	0
/Volumes/GigiMurin/plip/sterol_lipids/BD5xdq-G-G-CHD1/report.txt	0	0	2	0	0	0	0
/Volumes/GigiMurin/plip/sterol_lipids/BD5xdq-J-C-CHD2/report.txt	1	2	0	0	0	0	0
/Volumes/GigiMurin/plip/sterol_lipids/BD5xdq-J-J-CHD1/report.txt	2	0	0	0	0	0	0
/Volumes/GigiMurin/plip/sterol_lipids/BD5xdq-N-G-CHD1/report.txt	4	0	0	0	0	0	0
/Volumes/GigiMurin/plip/sterol_lipids/BD5xdq-N-P-CHD1/report.txt	3	1	1	0	0	0	0
/Volumes/GigiMurin/plip/sterol_lipids/BD5xdq-O-G-CHD1/report.txt	0	2	0	0	0	0	0
/Volumes/GigiMurin/plip/sterol_lipids/BD5xdq-P-C-CHD1/report.txt	1	0	0	0	0	0	0
/Volumes/GigiMurin/plip/sterol_lipids/BD5xdq-P-P-CHD1/report.txt	1	1	1	0	0	0	0
/Volumes/GigiMurin/plip/sterol_lipids/BD5xdq-P-P-CHD2/report.txt	5	0	1	0	0	0	0
/Volumes/GigiMurin/plip/sterol_lipids/BD5xdq-T-B-CHD1/report.txt	1	0	2	0	0	0	0
/Volumes/GigiMurin/plip/sterol_lipids/BD5xdq-W-P-CHD2/report.txt	0	1	0	0	0	0	0
/Volumes/GigiMurin/plip/sterol_lipids/BD5xdq-W-W-CHD1/report.txt	3	1	0	0	0	0	0
/Volumes/GigiMurin/plip/sterol_lipids/BD5xdx-A-B-CHD1/report.txt	4	0	0	0	0	0	0
/Volumes/GigiMurin/plip/sterol_lipids/BD5xdx-A-C-CHD1/report.txt	2	1	1	0	0	0	0
/Volumes/GigiMurin/plip/sterol_lipids/BD5xdx-A-J-CHD1/report.txt	1	0	0	0	0	0	0
/Volumes/GigiMurin/plip/sterol_lipids/BD5xdx-B-B-CHD1/report.txt	0	2	0	0	0	0	0
/Volumes/GigiMurin/plip/sterol_lipids/BD5xdx-C-C-CHD1/report.txt	1	1	1	0	0	0	0
/Volumes/GigiMurin/plip/sterol_lipids/BD5xdx-C-C-CHD2/report.txt	5	0	1	0	0	0	0
/Volumes/GigiMurin/plip/sterol_lipids/BD5xdx-C-P-CHD1/report.txt	1	0	0	0	0	0	0
/Volumes/GigiMurin/plip/sterol_lipids/BD5xdx-G-O-CHD1/report.txt	4	0	2	0	0	0	0
/Volumes/GigiMurin/plip/sterol_lipids/BD5xdx-J-C-CHD2/report.txt	0	1	0	0	0	0	0
/Volumes/GigiMurin/plip/sterol_lipids/BD5xdx-J-J-CHD1/report.txt	2	2	0	0	0	0	0
/Volumes/GigiMurin/plip/sterol_lipids/BD5xdx-N-O-CHD1/report.txt	3	0	0	0	0	0	0
/Volumes/GigiMurin/plip/sterol_lipids/BD5xdx-N-P-CHD1/report.txt	3	1	1	0	0	0	0
/Volumes/GigiMurin/plip/sterol_lipids/BD5xdx-N-W-CHD1/report.txt	0	0	0	0	0	0	0
/Volumes/GigiMurin/plip/sterol_lipids/BD5xdx-O-O-CHD1/report.txt	0	2	0	0	0	0	0
/Volumes/GigiMurin/plip/sterol_lipids/BD5xdx-P-C-CHD1/report.txt	1	0	0	0	0	0	0
/Volumes/GigiMurin/plip/sterol_lipids/BD5xdx-P-P-CHD1/report.txt	1	1	1	0	0	0	0
/Volumes/GigiMurin/plip/sterol_lipids/BD5xdx-P-P-CHD2/report.txt	5	0	1	0	0	0	0
/Volumes/GigiMurin/plip/sterol_lipids/BD5xdx-T-B-CHD1/report.txt	3	0	2	0	0	0	0
/Volumes/GigiMurin/plip/sterol_lipids/BD5xdx-W-P-CHD2/report.txt	0	1	0	0	0	0	0
/Volumes/GigiMurin/plip/sterol_lipids/BD5xdx-W-W-CHD1/report.txt	3	1	0	0	0	0	0
/Volumes/GigiMurin/plip/sterol_lipids/BD5xga-A-A-CPS1/report.txt	3	3	0	0	0	0	0
/Volumes/GigiMurin/plip/sterol_lipids/BD5xga-A-A-CPS2/report.txt	2	0	0	0	0	0	0
/Volumes/GigiMurin/plip/sterol_lipids/BD5xpp-A-A-8BF1/report.txt	8	6	0	0	0	0	0
/Volumes/GigiMurin/plip/sterol_lipids/BD5xr8-A-A-CLR1/report.txt	6	0	0	0	0	0	0
/Volumes/GigiMurin/plip/sterol_lipids/BD5xra-A-A-CLR1/report.txt	6	1	0	0	0	0	0
/Volumes/GigiMurin/plip/sterol_lipids/BD5xuq-A-A-8FF1/report.txt	9	3	0	1	0	0	0
/Volumes/GigiMurin/plip/sterol_lipids/BD5y4h-A-A-8QF1/report.txt	1	1	1	0	0	0	0
/Volumes/GigiMurin/plip/sterol_lipids/BD5y7n-A-A-8QL1/report.txt	6	1	0	0	0	0	0
/Volumes/GigiMurin/plip/sterol_lipids/BD5y7p-A-A-GCH1/report.txt	7	2	0	0	0	0	0
/Volumes/GigiMurin/plip/sterol_lipids/BD5y7p-A-A-GCH2/report.txt	1	2	0	0	0	0	0
/Volumes/GigiMurin/plip/sterol_lipids/BD5y7p-B-B-CHD1/report.txt	8	1	0	0	0	0	0
/Volumes/GigiMurin/plip/sterol_lipids/BD5y7p-C-C-CHD1/report.txt	6	0	0	0	0	0	0
/Volumes/GigiMurin/plip/sterol_lipids/BD5y7p-D-D-CHD1/report.txt	6	3	0	0	0	0	0
/Volumes/GigiMurin/plip/sterol_lipids/BD5y7p-E-E-CHD1/report.txt	5	0	0	0	0	0	0
/Volumes/GigiMurin/plip/sterol_lipids/BD5y7p-E-F-GCH1/report.txt	0	1	0	0	0	0	0
/Volumes/GigiMurin/plip/sterol_lipids/BD5y7p-F-F-GCH1/report.txt	7	4	0	0	0	0	0
/Volumes/GigiMurin/plip/sterol_lipids/BD5y7p-G-G-CHD1/report.txt	7	1	0	0	0	0	0
/Volumes/GigiMurin/plip/sterol_lipids/BD5y7p-H-H-CHD1/report.txt	8	3	0	0	0	0	0
/Volumes/GigiMurin/plip/sterol_lipids/BD5ybs-A-B-8TC1/report.txt	2	0	0	0	0	0	0
/Volumes/GigiMurin/plip/sterol_lipids/BD5ybs-B-B-8TC1/report.txt	2	4	1	0	0	0	0
/Volumes/GigiMurin/plip/sterol_lipids/BD5ybt-A-A-8TC1/report.txt	4	4	1	0	0	0	0
/Volumes/GigiMurin/plip/sterol_lipids/BD5ybt-A-B-8TC1/report.txt	2	0	0	0	0	0	0
/Volumes/GigiMurin/plip/sterol_lipids/BD5ybt-B-A-8TC1/report.txt	3	0	0	0	0	0	0
/Volumes/GigiMurin/plip/sterol_lipids/BD5ybt-B-B-8TC1/report.txt	4	3	1	0	0	0	0
/Volumes/GigiMurin/plip/sterol_lipids/BD5yia-A-A-CPS1/report.txt	4	2	0	0	0	0	0
/Volumes/GigiMurin/plip/sterol_lipids/BD5yib-A-A-CPS1/report.txt	3	1	0	0	0	0	0
/Volumes/GigiMurin/plip/sterol_lipids/BD5yic-A-A-CPS1/report.txt	3	2	0	0	0	0	0
/Volumes/GigiMurin/plip/sterol_lipids/BD5yid-A-A-CPS1/report.txt	3	1	0	0	0	0	0
/Volumes/GigiMurin/plip/sterol_lipids/BD5yie-A-A-CPS1/report.txt	3	1	0	0	0	0	0
/Volumes/GigiMurin/plip/sterol_lipids/BD5yie-A-A-CPS2/report.txt	2	0	0	0	0	0	0
/Volumes/GigiMurin/plip/sterol_lipids/BD5ys0-A-A-ERG1/report.txt	6	2	0	0	0	0	0
/Volumes/GigiMurin/plip/sterol_lipids/BD5ys0-B-B-ERG1/report.txt	7	2	0	0	0	0	0
/Volumes/GigiMurin/plip/sterol_lipids/BD5yyl-A-A-94R1/report.txt	3	1	0	0	0	0	0
/Volumes/GigiMurin/plip/sterol_lipids/BD5yyl-A-B-94R1/report.txt	3	0	0	0	0	0	0
/Volumes/GigiMurin/plip/sterol_lipids/BD5yyl-B-B-94R1/report.txt	1	1	0	0	0	0	0
/Volumes/GigiMurin/plip/sterol_lipids/BD5yyl-C-A-94R1/report.txt	2	0	0	0	0	0	0
/Volumes/GigiMurin/plip/sterol_lipids/BD5yyl-C-C-94R1/report.txt	2	0	0	0	0	0	0
/Volumes/GigiMurin/plip/sterol_lipids/BD5yyl-C-C-94R2/report.txt	2	0	0	0	0	0	0
/Volumes/GigiMurin/plip/sterol_lipids/BD5yyl-D-B-94R1/report.txt	2	0	0	0	0	0	0
/Volumes/GigiMurin/plip/sterol_lipids/BD5yyl-D-C-94R1/report.txt	5	0	0	0	0	0	0
/Volumes/GigiMurin/plip/sterol_lipids/BD5z84-A-B-CHD1/report.txt	4	0	0	0	0	0	0
/Volumes/GigiMurin/plip/sterol_lipids/BD5z84-A-C-CHD1/report.txt	2	1	1	0	0	0	0
/Volumes/GigiMurin/plip/sterol_lipids/BD5z84-B-B-CHD1/report.txt	1	3	0	0	0	0	0
/Volumes/GigiMurin/plip/sterol_lipids/BD5z84-C-C-CHD1/report.txt	1	1	1	0	0	0	0
/Volumes/GigiMurin/plip/sterol_lipids/BD5z84-C-C-CHD2/report.txt	7	0	1	0	0	0	0
/Volumes/GigiMurin/plip/sterol_lipids/BD5z84-C-P-CHD1/report.txt	1	0	0	0	0	0	0
/Volumes/GigiMurin/plip/sterol_lipids/BD5z84-G-G-CHD1/report.txt	3	0	2	0	0	0	0
/Volumes/GigiMurin/plip/sterol_lipids/BD5z84-J-C-CHD2/report.txt	0	1	0	0	0	0	0
/Volumes/GigiMurin/plip/sterol_lipids/BD5z84-J-J-CHD1/report.txt	3	2	0	0	0	0	0
/Volumes/GigiMurin/plip/sterol_lipids/BD5z84-N-G-CHD1/report.txt	4	0	0	0	0	0	0
/Volumes/GigiMurin/plip/sterol_lipids/BD5z84-N-P-CHD1/report.txt	2	1	1	0	0	0	0
/Volumes/GigiMurin/plip/sterol_lipids/BD5z84-N-W-CHD1/report.txt	1	0	0	0	0	0	0
/Volumes/GigiMurin/plip/sterol_lipids/BD5z84-O-G-CHD1/report.txt	1	2	0	0	0	0	0
/Volumes/GigiMurin/plip/sterol_lipids/BD5z84-P-P-CHD1/report.txt	1	1	1	0	0	0	0
/Volumes/GigiMurin/plip/sterol_lipids/BD5z84-P-P-CHD2/report.txt	6	0	1	0	0	0	0
/Volumes/GigiMurin/plip/sterol_lipids/BD5z84-T-B-CHD1/report.txt	3	0	2	0	0	0	0
/Volumes/GigiMurin/plip/sterol_lipids/BD5z84-W-P-CHD2/report.txt	0	1	0	0	0	0	0
/Volumes/GigiMurin/plip/sterol_lipids/BD5z84-W-W-CHD1/report.txt	2	1	0	0	0	0	0
/Volumes/GigiMurin/plip/sterol_lipids/BD5z85-A-C-CHD1/report.txt	2	1	1	0	0	0	0
/Volumes/GigiMurin/plip/sterol_lipids/BD5z85-A-T-CHD1/report.txt	4	0	0	0	0	0	0
/Volumes/GigiMurin/plip/sterol_lipids/BD5z85-B-T-CHD1/report.txt	1	1	0	0	0	0	0
/Volumes/GigiMurin/plip/sterol_lipids/BD5z85-C-C-CHD1/report.txt	1	1	1	0	0	0	0
/Volumes/GigiMurin/plip/sterol_lipids/BD5z85-C-C-CHD2/report.txt	6	0	1	0	0	0	0
/Volumes/GigiMurin/plip/sterol_lipids/BD5z85-C-P-CHD1/report.txt	1	0	0	0	0	0	0
/Volumes/GigiMurin/plip/sterol_lipids/BD5z85-G-G-CHD1/report.txt	2	0	2	0	0	0	0
/Volumes/GigiMurin/plip/sterol_lipids/BD5z85-J-C-CHD2/report.txt	0	1	0	0	0	0	0
/Volumes/GigiMurin/plip/sterol_lipids/BD5z85-N-G-CHD1/report.txt	4	0	0	0	0	0	0
/Volumes/GigiMurin/plip/sterol_lipids/BD5z85-N-P-CHD1/report.txt	2	1	1	0	0	0	0
/Volumes/GigiMurin/plip/sterol_lipids/BD5z85-O-G-CHD1/report.txt	1	2	0	0	0	0	0
/Volumes/GigiMurin/plip/sterol_lipids/BD5z85-P-P-CHD1/report.txt	1	1	1	0	0	0	0
/Volumes/GigiMurin/plip/sterol_lipids/BD5z85-P-P-CHD2/report.txt	4	0	1	0	0	0	0
/Volumes/GigiMurin/plip/sterol_lipids/BD5z85-T-T-CHD1/report.txt	3	0	2	0	0	0	0
/Volumes/GigiMurin/plip/sterol_lipids/BD5z85-W-P-CHD2/report.txt	0	1	0	0	0	0	0
/Volumes/GigiMurin/plip/sterol_lipids/BD5z86-A-B-CHD1/report.txt	4	0	0	0	0	0	0
/Volumes/GigiMurin/plip/sterol_lipids/BD5z86-A-C-CHD1/report.txt	2	1	1	0	0	0	0
/Volumes/GigiMurin/plip/sterol_lipids/BD5z86-B-B-CHD1/report.txt	1	2	0	0	0	0	0
/Volumes/GigiMurin/plip/sterol_lipids/BD5z86-C-C-CHD1/report.txt	1	1	1	0	0	0	0
/Volumes/GigiMurin/plip/sterol_lipids/BD5z86-C-C-CHD2/report.txt	5	0	1	0	0	0	0
/Volumes/GigiMurin/plip/sterol_lipids/BD5z86-C-P-CHD1/report.txt	1	0	0	0	0	0	0
/Volumes/GigiMurin/plip/sterol_lipids/BD5z86-G-G-CHD1/report.txt	2	0	2	0	0	0	0
/Volumes/GigiMurin/plip/sterol_lipids/BD5z86-J-C-CHD2/report.txt	0	1	0	0	0	0	0
/Volumes/GigiMurin/plip/sterol_lipids/BD5z86-J-J-CHD1/report.txt	1	0	0	0	0	0	0
/Volumes/GigiMurin/plip/sterol_lipids/BD5z86-N-G-CHD1/report.txt	4	0	0	0	0	0	0
/Volumes/GigiMurin/plip/sterol_lipids/BD5z86-N-P-CHD1/report.txt	2	1	1	0	0	0	0
/Volumes/GigiMurin/plip/sterol_lipids/BD5z86-N-W-CHD1/report.txt	1	0	0	0	0	0	0
/Volumes/GigiMurin/plip/sterol_lipids/BD5z86-O-G-CHD1/report.txt	1	2	0	0	0	0	0
/Volumes/GigiMurin/plip/sterol_lipids/BD5z86-P-C-CHD1/report.txt	1	0	0	0	0	0	0
/Volumes/GigiMurin/plip/sterol_lipids/BD5z86-P-P-CHD1/report.txt	1	1	1	0	0	0	0
/Volumes/GigiMurin/plip/sterol_lipids/BD5z86-P-P-CHD2/report.txt	5	0	1	0	0	0	0
/Volumes/GigiMurin/plip/sterol_lipids/BD5z86-T-B-CHD1/report.txt	3	0	2	0	0	0	0
/Volumes/GigiMurin/plip/sterol_lipids/BD5z86-W-P-CHD2/report.txt	0	1	0	0	0	0	0
/Volumes/GigiMurin/plip/sterol_lipids/BD5z86-W-W-CHD1/report.txt	0	1	0	0	0	0	0
/Volumes/GigiMurin/plip/sterol_lipids/BD5zco-A-B-CHD1/report.txt	4	0	0	0	0	0	0
/Volumes/GigiMurin/plip/sterol_lipids/BD5zco-A-C-CHD1/report.txt	2	1	1	0	0	0	0
/Volumes/GigiMurin/plip/sterol_lipids/BD5zco-A-J-CHD1/report.txt	1	0	0	0	0	0	0
/Volumes/GigiMurin/plip/sterol_lipids/BD5zco-B-B-CHD1/report.txt	0	3	0	0	0	0	0
/Volumes/GigiMurin/plip/sterol_lipids/BD5zco-C-C-CHD1/report.txt	1	1	1	0	0	0	0
/Volumes/GigiMurin/plip/sterol_lipids/BD5zco-C-C-CHD2/report.txt	5	0	1	0	0	0	0
/Volumes/GigiMurin/plip/sterol_lipids/BD5zco-G-G-CHD1/report.txt	3	0	2	0	0	0	0
/Volumes/GigiMurin/plip/sterol_lipids/BD5zco-J-C-CHD2/report.txt	0	1	0	0	0	0	0
/Volumes/GigiMurin/plip/sterol_lipids/BD5zco-J-J-CHD1/report.txt	3	2	0	0	0	0	0
/Volumes/GigiMurin/plip/sterol_lipids/BD5zco-N-G-CHD1/report.txt	4	0	0	0	0	0	0
/Volumes/GigiMurin/plip/sterol_lipids/BD5zco-N-P-CHD1/report.txt	3	1	1	0	0	0	0
/Volumes/GigiMurin/plip/sterol_lipids/BD5zco-N-W-CHD1/report.txt	1	0	0	0	0	0	0
/Volumes/GigiMurin/plip/sterol_lipids/BD5zco-O-G-CHD1/report.txt	0	2	0	0	0	0	0
/Volumes/GigiMurin/plip/sterol_lipids/BD5zco-P-C-CHD1/report.txt	1	0	0	0	0	0	0
/Volumes/GigiMurin/plip/sterol_lipids/BD5zco-P-P-CHD1/report.txt	0	1	1	0	0	0	0
/Volumes/GigiMurin/plip/sterol_lipids/BD5zco-P-P-CHD2/report.txt	5	0	1	0	0	0	0
/Volumes/GigiMurin/plip/sterol_lipids/BD5zco-T-B-CHD1/report.txt	3	0	2	0	0	0	0
/Volumes/GigiMurin/plip/sterol_lipids/BD5zco-W-P-CHD2/report.txt	0	1	0	0	0	0	0
/Volumes/GigiMurin/plip/sterol_lipids/BD5zco-W-W-CHD1/report.txt	2	1	0	0	0	0	0
/Volumes/GigiMurin/plip/sterol_lipids/BD5zcp-A-B-CHD1/report.txt	4	0	0	0	0	0	0
/Volumes/GigiMurin/plip/sterol_lipids/BD5zcp-A-C-CHD1/report.txt	2	1	1	0	0	0	0
/Volumes/GigiMurin/plip/sterol_lipids/BD5zcp-A-J-CHD1/report.txt	1	0	0	0	0	0	0
/Volumes/GigiMurin/plip/sterol_lipids/BD5zcp-B-B-CHD1/report.txt	0	2	0	0	0	0	0
/Volumes/GigiMurin/plip/sterol_lipids/BD5zcp-C-C-CHD1/report.txt	1	1	1	0	0	0	0
/Volumes/GigiMurin/plip/sterol_lipids/BD5zcp-C-C-CHD2/report.txt	4	0	1	0	0	0	0
/Volumes/GigiMurin/plip/sterol_lipids/BD5zcp-G-G-CHD1/report.txt	3	0	2	0	0	0	0
/Volumes/GigiMurin/plip/sterol_lipids/BD5zcp-J-C-CHD2/report.txt	1	1	0	0	0	0	0
/Volumes/GigiMurin/plip/sterol_lipids/BD5zcp-J-J-CHD1/report.txt	3	0	0	0	0	0	0
/Volumes/GigiMurin/plip/sterol_lipids/BD5zcp-N-G-CHD1/report.txt	4	0	0	0	0	0	0
/Volumes/GigiMurin/plip/sterol_lipids/BD5zcp-N-P-CHD1/report.txt	3	1	1	0	0	0	0
/Volumes/GigiMurin/plip/sterol_lipids/BD5zcp-N-W-CHD1/report.txt	1	0	0	0	0	0	0
/Volumes/GigiMurin/plip/sterol_lipids/BD5zcp-P-P-CHD1/report.txt	1	1	1	0	0	0	0
/Volumes/GigiMurin/plip/sterol_lipids/BD5zcp-P-P-CHD2/report.txt	5	0	1	0	0	0	0
/Volumes/GigiMurin/plip/sterol_lipids/BD5zcp-T-B-CHD1/report.txt	0	0	2	0	0	0	0
/Volumes/GigiMurin/plip/sterol_lipids/BD5zcp-W-P-CHD2/report.txt	0	1	0	0	0	0	0
/Volumes/GigiMurin/plip/sterol_lipids/BD5zcp-W-W-CHD1/report.txt	2	1	0	0	0	0	0
/Volumes/GigiMurin/plip/sterol_lipids/BD5zcq-A-B-CHD1/report.txt	4	0	0	0	0	0	0
/Volumes/GigiMurin/plip/sterol_lipids/BD5zcq-A-C-CHD1/report.txt	2	1	1	0	0	0	0
/Volumes/GigiMurin/plip/sterol_lipids/BD5zcq-A-J-CHD1/report.txt	1	0	0	0	0	0	0
/Volumes/GigiMurin/plip/sterol_lipids/BD5zcq-B-B-CHD1/report.txt	1	3	0	0	0	0	0
/Volumes/GigiMurin/plip/sterol_lipids/BD5zcq-C-C-CHD1/report.txt	1	1	1	0	0	0	0
/Volumes/GigiMurin/plip/sterol_lipids/BD5zcq-C-C-CHD2/report.txt	5	0	1	0	0	0	0
/Volumes/GigiMurin/plip/sterol_lipids/BD5zcq-G-G-CHD1/report.txt	1	0	2	0	0	0	0
/Volumes/GigiMurin/plip/sterol_lipids/BD5zcq-J-C-CHD2/report.txt	0	1	0	0	0	0	0
/Volumes/GigiMurin/plip/sterol_lipids/BD5zcq-J-J-CHD1/report.txt	3	0	0	0	0	0	0
/Volumes/GigiMurin/plip/sterol_lipids/BD5zcq-N-G-CHD1/report.txt	4	0	0	0	0	0	0
/Volumes/GigiMurin/plip/sterol_lipids/BD5zcq-N-P-CHD1/report.txt	3	1	1	0	0	0	0
/Volumes/GigiMurin/plip/sterol_lipids/BD5zcq-N-W-CHD1/report.txt	1	0	0	0	0	0	0
/Volumes/GigiMurin/plip/sterol_lipids/BD5zcq-O-G-CHD1/report.txt	1	2	0	0	0	0	0
/Volumes/GigiMurin/plip/sterol_lipids/BD5zcq-P-C-CHD1/report.txt	1	0	0	0	0	0	0
/Volumes/GigiMurin/plip/sterol_lipids/BD5zcq-P-P-CHD1/report.txt	0	1	1	0	0	0	0
/Volumes/GigiMurin/plip/sterol_lipids/BD5zcq-P-P-CHD2/report.txt	6	0	1	0	0	0	0
/Volumes/GigiMurin/plip/sterol_lipids/BD5zcq-T-B-CHD1/report.txt	1	0	2	0	0	0	0
/Volumes/GigiMurin/plip/sterol_lipids/BD5zcq-W-P-CHD2/report.txt	1	1	0	0	0	0	0
/Volumes/GigiMurin/plip/sterol_lipids/BD5zcq-W-W-CHD1/report.txt	2	3	0	0	0	0	0
/Volumes/GigiMurin/plip/sterol_lipids/BD5zm3-A-A-9FR1/report.txt	4	1	0	0	0	0	0
/Volumes/GigiMurin/plip/sterol_lipids/BD5zm3-C-C-9FR1/report.txt	3	2	0	0	0	0	0
/Volumes/GigiMurin/plip/sterol_lipids/BD5zm5-A-A-CLR1/report.txt	9	2	0	0	0	0	0
/Volumes/GigiMurin/plip/sterol_lipids/BD5zm7-A-A-CLR1/report.txt	7	1	0	0	0	0	0
/Volumes/GigiMurin/plip/sterol_lipids/BD5zwf-A-A-9KR1/report.txt	9	3	0	0	0	0	0
/Volumes/GigiMurin/plip/sterol_lipids/BD5zwh-A-A-9KX1/report.txt	8	4	0	0	0	0	0
/Volumes/GigiMurin/plip/sterol_lipids/BD5zwh-A-A-9N91/report.txt	0	0	0	0	0	0	0
/Volumes/GigiMurin/plip/sterol_lipids/BD5zwi-A-A-9KX1/report.txt	11	2	0	0	0	0	0
/Volumes/GigiMurin/plip/sterol_lipids/BD6a15-A-A-CLR1/report.txt	9	0	0	0	0	0	0
/Volumes/GigiMurin/plip/sterol_lipids/BD6a7j-A-A-TES1/report.txt	8	0	0	0	0	0	0
/Volumes/GigiMurin/plip/sterol_lipids/BD6a93-A-A-CLR1/report.txt	6	1	0	0	0	0	0
/Volumes/GigiMurin/plip/sterol_lipids/BD6a93-B-B-CLR1/report.txt	5	1	0	0	0	0	0
/Volumes/GigiMurin/plip/sterol_lipids/BD6a94-A-A-CLR1/report.txt	9	1	0	0	0	0	0
/Volumes/GigiMurin/plip/sterol_lipids/BD6a94-B-B-CLR1/report.txt	4	2	0	0	0	0	0
/Volumes/GigiMurin/plip/sterol_lipids/BD6aqf-A-A-CLR1/report.txt	7	0	0	0	0	0	0
/Volumes/GigiMurin/plip/sterol_lipids/BD6aqf-A-A-CLR2/report.txt	9	0	0	0	0	0	0
/Volumes/GigiMurin/plip/sterol_lipids/BD6aqf-A-A-CLR3/report.txt	8	1	0	0	0	0	0
/Volumes/GigiMurin/plip/sterol_lipids/BD6awn-A-A-CLR1/report.txt	6	0	0	0	0	0	0
/Volumes/GigiMurin/plip/sterol_lipids/BD6awo-A-A-CLR1/report.txt	6	0	0	0	0	0	0
/Volumes/GigiMurin/plip/sterol_lipids/BD6awp-A-A-CLR1/report.txt	5	0	0	0	0	0	0
/Volumes/GigiMurin/plip/sterol_lipids/BD6awq-A-A-CLR1/report.txt	6	0	0	0	0	0	0
/Volumes/GigiMurin/plip/sterol_lipids/BD6b73-A-A-CLR1/report.txt	3	0	0	0	0	0	0
/Volumes/GigiMurin/plip/sterol_lipids/BD6b82-A-A-AER1/report.txt	6	0	0	0	0	0	0
/Volumes/GigiMurin/plip/sterol_lipids/BD6b82-B-B-AER1/report.txt	6	0	0	0	0	0	0
/Volumes/GigiMurin/plip/sterol_lipids/BD6bhu-A-A-CLR1/report.txt	3	0	0	0	0	0	0
/Volumes/GigiMurin/plip/sterol_lipids/BD6bhu-A-A-CLR2/report.txt	4	3	0	0	0	0	0
/Volumes/GigiMurin/plip/sterol_lipids/BD6bhu-A-A-CLR3/report.txt	8	0	0	0	0	0	0
/Volumes/GigiMurin/plip/sterol_lipids/BD6bym-A-A-HC31/report.txt	5	2	0	0	0	0	0
/Volumes/GigiMurin/plip/sterol_lipids/BD6bym-A-B-HC31/report.txt	2	0	0	0	0	0	0
/Volumes/GigiMurin/plip/sterol_lipids/BD6bym-B-B-HC31/report.txt	7	1	0	0	0	0	0
/Volumes/GigiMurin/plip/sterol_lipids/BD6c1e-A-A-BNC1/report.txt	1	1	0	0	0	0	0
/Volumes/GigiMurin/plip/sterol_lipids/BD6c1e-B-B-UHH1/report.txt	1	2	0	0	0	0	0
/Volumes/GigiMurin/plip/sterol_lipids/BD6c6n-A-A-CPS1/report.txt	1	0	0	0	0	0	0
/Volumes/GigiMurin/plip/sterol_lipids/BD6c6n-A-A-CPS2/report.txt	5	0	0	0	0	0	0
/Volumes/GigiMurin/plip/sterol_lipids/BD6c6n-A-A-CPS3/report.txt	4	0	0	0	0	0	0
/Volumes/GigiMurin/plip/sterol_lipids/BD6c6n-A-A-CPS4/report.txt	2	1	0	0	0	0	0
/Volumes/GigiMurin/plip/sterol_lipids/BD6c6n-A-A-CPS5/report.txt	1	4	0	0	0	0	0
/Volumes/GigiMurin/plip/sterol_lipids/BD6c6n-A-B-CPS2/report.txt	2	0	0	0	0	0	0
/Volumes/GigiMurin/plip/sterol_lipids/BD6c6n-B-A-CPS1/report.txt	5	0	0	0	0	0	0
/Volumes/GigiMurin/plip/sterol_lipids/BD6c6n-B-A-CPS2/report.txt	1	0	0	0	0	0	0
/Volumes/GigiMurin/plip/sterol_lipids/BD6c6n-B-A-CPS3/report.txt	2	0	0	0	0	0	0
/Volumes/GigiMurin/plip/sterol_lipids/BD6c6n-B-B-CPS1/report.txt	1	0	0	0	0	0	0
/Volumes/GigiMurin/plip/sterol_lipids/BD6c6n-B-B-CPS2/report.txt	4	0	0	0	0	0	0
/Volumes/GigiMurin/plip/sterol_lipids/BD6c6p-A-A-CPS1/report.txt	3	0	0	0	0	0	0
/Volumes/GigiMurin/plip/sterol_lipids/BD6c6p-A-A-CPS2/report.txt	2	0	0	0	0	0	0
/Volumes/GigiMurin/plip/sterol_lipids/BD6c6p-A-A-CPS3/report.txt	4	4	0	0	0	0	0
/Volumes/GigiMurin/plip/sterol_lipids/BD6c6p-A-B-CPS1/report.txt	1	0	0	0	0	0	0
/Volumes/GigiMurin/plip/sterol_lipids/BD6c6p-A-B-CPS2/report.txt	5	0	0	0	0	0	0
/Volumes/GigiMurin/plip/sterol_lipids/BD6c6p-A-B-CPS4/report.txt	4	0	0	0	0	0	0
/Volumes/GigiMurin/plip/sterol_lipids/BD6c6p-B-A-CPS1/report.txt	2	0	0	0	0	0	0
/Volumes/GigiMurin/plip/sterol_lipids/BD6c6p-B-B-CPS1/report.txt	6	0	0	0	0	0	0
/Volumes/GigiMurin/plip/sterol_lipids/BD6c6p-B-B-CPS2/report.txt	1	1	0	0	0	0	0
/Volumes/GigiMurin/plip/sterol_lipids/BD6c6p-B-B-CPS3/report.txt	1	0	0	0	0	0	0
/Volumes/GigiMurin/plip/sterol_lipids/BD6c6p-B-B-CPS4/report.txt	4	0	0	0	0	0	0
/Volumes/GigiMurin/plip/sterol_lipids/BD6c6r-A-A-CPS1/report.txt	5	0	0	0	0	0	0
/Volumes/GigiMurin/plip/sterol_lipids/BD6c6r-A-A-CPS2/report.txt	3	0	0	0	0	0	0
/Volumes/GigiMurin/plip/sterol_lipids/BD6c6r-A-A-CPS3/report.txt	2	1	0	0	0	0	0
/Volumes/GigiMurin/plip/sterol_lipids/BD6c6r-A-A-CPS4/report.txt	2	4	0	0	0	0	0
/Volumes/GigiMurin/plip/sterol_lipids/BD6c6r-A-B-CPS1/report.txt	1	0	0	0	0	0	0
/Volumes/GigiMurin/plip/sterol_lipids/BD6c6r-A-B-CPS3/report.txt	3	0	0	0	0	0	0
/Volumes/GigiMurin/plip/sterol_lipids/BD6c6r-B-A-CPS1/report.txt	1	0	0	0	0	0	0
/Volumes/GigiMurin/plip/sterol_lipids/BD6c6r-B-A-CPS2/report.txt	2	0	0	0	0	0	0
/Volumes/GigiMurin/plip/sterol_lipids/BD6c6r-B-B-CPS1/report.txt	5	0	0	0	0	0	0
/Volumes/GigiMurin/plip/sterol_lipids/BD6c6r-B-B-CPS2/report.txt	1	0	0	0	0	0	0
/Volumes/GigiMurin/plip/sterol_lipids/BD6c6r-B-B-CPS3/report.txt	3	0	0	0	0	0	0
/Volumes/GigiMurin/plip/sterol_lipids/BD6cay-A-A-ERG1/report.txt	5	0	0	0	0	0	0
/Volumes/GigiMurin/plip/sterol_lipids/BD6cay-B-B-ERG1/report.txt	6	0	0	0	0	0	0
/Volumes/GigiMurin/plip/sterol_lipids/BD6cbz-A-A-EST1/report.txt	3	2	0	1	0	0	0
/Volumes/GigiMurin/plip/sterol_lipids/BD6cbz-B-B-EST1/report.txt	4	3	0	1	0	0	0
/Volumes/GigiMurin/plip/sterol_lipids/BD6cdu-A-A-EY41/report.txt	3	1	0	0	0	0	0
/Volumes/GigiMurin/plip/sterol_lipids/BD6cdu-A-A-EY42/report.txt	2	0	0	0	0	0	0
/Volumes/GigiMurin/plip/sterol_lipids/BD6cdu-B-A-EY41/report.txt	0	0	0	0	0	0	0
/Volumes/GigiMurin/plip/sterol_lipids/BD6cdu-B-B-EY41/report.txt	5	1	0	0	0	0	0
/Volumes/GigiMurin/plip/sterol_lipids/BD6cdu-G-G-EY41/report.txt	2	0	0	0	0	0	0
/Volumes/GigiMurin/plip/sterol_lipids/BD6cdu-H-G-EY42/report.txt	2	0	0	0	0	0	0
/Volumes/GigiMurin/plip/sterol_lipids/BD6cgc-A-A-F0A1/report.txt	9	5	0	0	0	0	0
/Volumes/GigiMurin/plip/sterol_lipids/BD6cge-A-A-F0D1/report.txt	7	5	0	0	0	0	0
/Volumes/GigiMurin/plip/sterol_lipids/BD6chi-A-A-3NX1/report.txt	6	3	0	0	0	0	0
/Volumes/GigiMurin/plip/sterol_lipids/BD6chi-B-B-3NX1/report.txt	8	3	0	0	0	0	0
/Volumes/GigiMurin/plip/sterol_lipids/BD6chi-C-C-3NX1/report.txt	6	2	0	0	0	0	0
/Volumes/GigiMurin/plip/sterol_lipids/BD6cir-A-A-3NQ1/report.txt	8	3	0	0	0	0	0
/Volumes/GigiMurin/plip/sterol_lipids/BD6ciz-A-A-3NR1/report.txt	7	4	0	0	0	0	0
/Volumes/GigiMurin/plip/sterol_lipids/BD6ciz-C-C-3NR1/report.txt	9	2	0	0	0	0	0
/Volumes/GigiMurin/plip/sterol_lipids/BD6co7-A-A-CLR1/report.txt	3	0	0	0	0	0	0
/Volumes/GigiMurin/plip/sterol_lipids/BD6co7-A-D-CLR1/report.txt	4	0	0	0	0	0	0
/Volumes/GigiMurin/plip/sterol_lipids/BD6csd-A-A-CPS1/report.txt	5	1	0	0	0	0	0
/Volumes/GigiMurin/plip/sterol_lipids/BD6csd-B-B-CPS1/report.txt	4	1	0	0	0	0	0
/Volumes/GigiMurin/plip/sterol_lipids/BD6d32-A-A-CY81/report.txt	6	3	0	0	0	0	0
/Volumes/GigiMurin/plip/sterol_lipids/BD6d32-A-A-CY82/report.txt	6	1	0	0	0	0	0
/Volumes/GigiMurin/plip/sterol_lipids/BD6d35-A-A-CLR1/report.txt	6	2	0	0	0	0	0
/Volumes/GigiMurin/plip/sterol_lipids/BD6drx-A-A-CLR1/report.txt	7	1	0	0	0	0	0
/Volumes/GigiMurin/plip/sterol_lipids/BD6dry-A-A-CLR1/report.txt	5	1	0	0	0	0	0
/Volumes/GigiMurin/plip/sterol_lipids/BD6drz-A-A-CLR1/report.txt	3	1	0	0	0	0	0
/Volumes/GigiMurin/plip/sterol_lipids/BD6ds0-A-A-CLR1/report.txt	4	1	0	0	0	0	0
/Volumes/GigiMurin/plip/sterol_lipids/BD6dwm-A-A-CPS1/report.txt	9	0	0	0	0	0	0
/Volumes/GigiMurin/plip/sterol_lipids/BD6dwm-D-D-CPS1/report.txt	8	2	0	0	0	0	0
/Volumes/GigiMurin/plip/sterol_lipids/BD6dwn-A-A-CPS1/report.txt	3	0	0	0	0	0	0
/Volumes/GigiMurin/plip/sterol_lipids/BD6dwn-B-B-CPS1/report.txt	8	1	0	0	0	0	0
/Volumes/GigiMurin/plip/sterol_lipids/BD6dxk-A-A-HJ41/report.txt	7	2	0	0	0	0	0
/Volumes/GigiMurin/plip/sterol_lipids/BD6dxk-B-B-HJ41/report.txt	7	2	0	0	0	0	0
/Volumes/GigiMurin/plip/sterol_lipids/BD6e47-A-B-CHO1/report.txt	2	1	1	0	0	0	0
/Volumes/GigiMurin/plip/sterol_lipids/BD6e47-A-B-CHO2/report.txt	3	3	1	0	0	0	0
/Volumes/GigiMurin/plip/sterol_lipids/BD6e48-A-A-4OA1/report.txt	1	3	0	0	0	0	0
/Volumes/GigiMurin/plip/sterol_lipids/BD6e48-A-B-4OA1/report.txt	1	0	1	0	0	0	0
/Volumes/GigiMurin/plip/sterol_lipids/BD6e8p-A-A-HZJ1/report.txt	4	2	2	0	0	0	0
/Volumes/GigiMurin/plip/sterol_lipids/BD6e8x-A-A-J0A1/report.txt	4	3	2	0	0	0	0
/Volumes/GigiMurin/plip/sterol_lipids/BD6euq-A-A-DXC1/report.txt	3	3	0	0	0	0	0
/Volumes/GigiMurin/plip/sterol_lipids/BD6f34-A-A-CLR1/report.txt	4	0	0	0	0	0	0
/Volumes/GigiMurin/plip/sterol_lipids/BD6f88-A-A-STR1/report.txt	5	0	0	0	0	0	0
/Volumes/GigiMurin/plip/sterol_lipids/BD6f8c-A-A-STR1/report.txt	4	0	0	0	0	0	0
/Volumes/GigiMurin/plip/sterol_lipids/BD6f8c-B-B-STR1/report.txt	6	2	0	0	0	0	0
/Volumes/GigiMurin/plip/sterol_lipids/BD6fmo-A-A-DVE1/report.txt	11	0	0	0	0	0	0
/Volumes/GigiMurin/plip/sterol_lipids/BD6gqf-A-A-HC31/report.txt	10	1	0	0	0	0	0
/Volumes/GigiMurin/plip/sterol_lipids/BD6gqf-B-B-HC31/report.txt	9	1	0	0	0	0	0
/Volumes/GigiMurin/plip/sterol_lipids/BD6gqf-C-C-HC31/report.txt	14	1	0	0	0	0	0
/Volumes/GigiMurin/plip/sterol_lipids/BD6gqf-D-D-HC31/report.txt	9	1	0	0	0	0	0
/Volumes/GigiMurin/plip/sterol_lipids/BD6gsd-A-A-STR1/report.txt	8	2	0	0	0	0	0
/Volumes/GigiMurin/plip/sterol_lipids/BD6gt3-A-A-CLR1/report.txt	4	1	0	0	0	0	0
/Volumes/GigiMurin/plip/sterol_lipids/BD6gt3-A-A-CLR2/report.txt	5	0	0	0	0	0	0
/Volumes/GigiMurin/plip/sterol_lipids/BD6gt3-A-A-CLR3/report.txt	5	0	0	0	0	0	0
/Volumes/GigiMurin/plip/sterol_lipids/BD6gvz-A-A-CHO1/report.txt	6	0	0	0	0	0	0
/Volumes/GigiMurin/plip/sterol_lipids/BD6gw0-A-A-TUD1/report.txt	5	0	0	0	0	0	0
/Volumes/GigiMurin/plip/sterol_lipids/BD6gw1-A-A-CHO1/report.txt	2	1	0	0	0	0	0
/Volumes/GigiMurin/plip/sterol_lipids/BD6gw2-A-A-TUD1/report.txt	4	1	1	0	0	0	0
/Volumes/GigiMurin/plip/sterol_lipids/BD6gw2-B-B-TUD1/report.txt	4	0	0	0	0	0	0
/Volumes/GigiMurin/plip/sterol_lipids/BD6gw4-A-A-CHO1/report.txt	5	2	0	0	0	0	0
/Volumes/GigiMurin/plip/sterol_lipids/BD6gyh-A-A-CLR1/report.txt	4	0	0	0	0	0	0
/Volumes/GigiMurin/plip/sterol_lipids/BD6h6l-A-A-CHO1/report.txt	3	2	1	0	0	0	0
/Volumes/GigiMurin/plip/sterol_lipids/BD6h6l-A-B-CHO1/report.txt	1	0	1	0	0	0	0
/Volumes/GigiMurin/plip/sterol_lipids/BD6h6l-B-A-CHO1/report.txt	3	0	1	0	0	0	0
/Volumes/GigiMurin/plip/sterol_lipids/BD6h6m-A-A-CHO1/report.txt	3	3	1	0	0	0	0
/Volumes/GigiMurin/plip/sterol_lipids/BD6h6m-A-B-CHO1/report.txt	3	0	1	0	0	0	0
/Volumes/GigiMurin/plip/sterol_lipids/BD6h6m-D-C-CHO1/report.txt	0	1	1	0	0	0	0
/Volumes/GigiMurin/plip/sterol_lipids/BD6hco-A-A-FY51/report.txt	5	1	0	0	0	0	0
/Volumes/GigiMurin/plip/sterol_lipids/BD6hco-B-A-FY51/report.txt	5	1	0	0	0	0	0
/Volumes/GigiMurin/plip/sterol_lipids/BD6hgf-A-B-HCY1/report.txt	0	0	0	0	0	0	0
/Volumes/GigiMurin/plip/sterol_lipids/BD6hgf-B-B-HCY1/report.txt	6	1	0	0	0	0	0
/Volumes/GigiMurin/plip/sterol_lipids/BD6hgg-A-A-HCY1/report.txt	2	0	0	0	0	0	0
/Volumes/GigiMurin/plip/sterol_lipids/BD6hgg-B-A-HCY1/report.txt	5	1	0	0	0	0	0
/Volumes/GigiMurin/plip/sterol_lipids/BD6hgi-A-A-C0R1/report.txt	2	0	0	0	0	0	0
/Volumes/GigiMurin/plip/sterol_lipids/BD6hgi-B-A-C0R1/report.txt	6	0	0	0	0	0	0
/Volumes/GigiMurin/plip/sterol_lipids/BD6hgj-A-A-AS41/report.txt	1	1	0	0	0	0	0
/Volumes/GigiMurin/plip/sterol_lipids/BD6hgj-B-A-AS41/report.txt	4	0	0	0	0	0	0
/Volumes/GigiMurin/plip/sterol_lipids/BD6hgk-A-A-STR1/report.txt	1	0	0	0	0	0	0
/Volumes/GigiMurin/plip/sterol_lipids/BD6hgk-B-A-STR1/report.txt	5	0	0	0	0	0	0
/Volumes/GigiMurin/plip/sterol_lipids/BD6hgl-A-A-TES1/report.txt	3	0	0	0	0	0	0
/Volumes/GigiMurin/plip/sterol_lipids/BD6hgl-B-A-TES1/report.txt	6	0	0	0	0	0	0
/Volumes/GigiMurin/plip/sterol_lipids/BD6hij-A-A-CLR1/report.txt	6	1	0	0	0	0	0
/Volumes/GigiMurin/plip/sterol_lipids/BD6hij-A-A-CLR2/report.txt	5	0	0	0	0	0	0
/Volumes/GigiMurin/plip/sterol_lipids/BD6hij-A-A-CLR3/report.txt	7	0	0	0	0	0	0
/Volumes/GigiMurin/plip/sterol_lipids/BD6hij-A-A-CLR4/report.txt	3	0	0	0	0	0	0
/Volumes/GigiMurin/plip/sterol_lipids/BD6hij-A-A-CLR5/report.txt	6	0	0	0	0	0	0
/Volumes/GigiMurin/plip/sterol_lipids/BD6hl1-A-A-JN31/report.txt	7	5	1	0	0	0	0
/Volumes/GigiMurin/plip/sterol_lipids/BD6hn6-A-A-CPS1/report.txt	3	0	0	0	0	0	0
/Volumes/GigiMurin/plip/sterol_lipids/BD6hn6-A-A-CPS2/report.txt	1	2	0	0	0	0	0
/Volumes/GigiMurin/plip/sterol_lipids/BD6hn6-A-A-CPS3/report.txt	0	1	0	0	0	0	0
/Volumes/GigiMurin/plip/sterol_lipids/BD6hn6-A-A-CPS4/report.txt	3	1	1	0	0	0	0
/Volumes/GigiMurin/plip/sterol_lipids/BD6ibb-C-C-CLR1/report.txt	9	0	0	0	0	0	0
/Volumes/GigiMurin/plip/sterol_lipids/BD6idf-C-C-CLR1/report.txt	2	0	0	0	0	0	0
/Volumes/GigiMurin/plip/sterol_lipids/BD6idf-C-C-CLR2/report.txt	6	0	0	0	0	0	0
/Volumes/GigiMurin/plip/sterol_lipids/BD6idf-C-C-CLR3/report.txt	5	0	0	0	0	0	0
/Volumes/GigiMurin/plip/sterol_lipids/BD6ie8-A-A-CHD1/report.txt	8	3	0	0	0	0	0
/Volumes/GigiMurin/plip/sterol_lipids/BD6ie9-A-A-JN31/report.txt	7	3	0	0	0	0	0
/Volumes/GigiMurin/plip/sterol_lipids/BD6iiu-A-A-CLR1/report.txt	2	0	0	0	0	0	0
/Volumes/GigiMurin/plip/sterol_lipids/BD6iiv-A-A-CLR1/report.txt	6	0	0	0	0	0	0
/Volumes/GigiMurin/plip/sterol_lipids/BD6itp-A-A-HCY1/report.txt	6	2	0	0	0	0	0
/Volumes/GigiMurin/plip/sterol_lipids/BD6itp-B-A-HCY1/report.txt	0	1	0	0	0	0	0
/Volumes/GigiMurin/plip/sterol_lipids/BD6itq-A-A-HCY1/report.txt	7	0	0	0	0	0	0
/Volumes/GigiMurin/plip/sterol_lipids/BD6iyc-C-C-CLR1/report.txt	4	0	0	0	0	0	0
/Volumes/GigiMurin/plip/sterol_lipids/BD6iyc-C-C-CLR2/report.txt	5	0	0	0	0	0	0
/Volumes/GigiMurin/plip/sterol_lipids/BD6iyc-C-C-CLR3/report.txt	5	0	0	0	0	0	0
/Volumes/GigiMurin/plip/sterol_lipids/BD6j8m-A-B-CHD1/report.txt	4	0	0	0	0	0	0
/Volumes/GigiMurin/plip/sterol_lipids/BD6j8m-A-C-CHD2/report.txt	4	1	1	0	0	0	0
/Volumes/GigiMurin/plip/sterol_lipids/BD6j8m-A-J-CHD1/report.txt	1	0	0	0	0	0	0
/Volumes/GigiMurin/plip/sterol_lipids/BD6j8m-B-B-CHD1/report.txt	1	3	0	0	0	0	0
/Volumes/GigiMurin/plip/sterol_lipids/BD6j8m-C-C-CHD1/report.txt	5	0	1	0	0	0	0
/Volumes/GigiMurin/plip/sterol_lipids/BD6j8m-C-C-CHD2/report.txt	1	1	1	0	0	0	0
/Volumes/GigiMurin/plip/sterol_lipids/BD6j8m-C-N-CHD1/report.txt	1	0	0	0	0	0	0
/Volumes/GigiMurin/plip/sterol_lipids/BD6j8m-G-O-CHD1/report.txt	4	0	2	0	0	0	0
/Volumes/GigiMurin/plip/sterol_lipids/BD6j8m-J-C-CHD1/report.txt	1	2	0	0	0	0	0
/Volumes/GigiMurin/plip/sterol_lipids/BD6j8m-J-J-CHD1/report.txt	2	1	0	0	0	0	0
/Volumes/GigiMurin/plip/sterol_lipids/BD6j8m-N-N-CHD1/report.txt	2	1	1	0	0	0	0
/Volumes/GigiMurin/plip/sterol_lipids/BD6j8m-N-O-CHD1/report.txt	4	0	0	0	0	0	0
/Volumes/GigiMurin/plip/sterol_lipids/BD6j8m-N-W-CHD1/report.txt	1	0	0	0	0	0	0
/Volumes/GigiMurin/plip/sterol_lipids/BD6j8m-O-O-CHD1/report.txt	1	3	0	0	0	0	0
/Volumes/GigiMurin/plip/sterol_lipids/BD6j8m-P-N-CHD1/report.txt	1	1	1	0	0	0	0
/Volumes/GigiMurin/plip/sterol_lipids/BD6j8m-P-P-CHD1/report.txt	7	0	1	0	0	0	0
/Volumes/GigiMurin/plip/sterol_lipids/BD6j8m-T-B-CHD1/report.txt	3	0	2	0	0	0	0
/Volumes/GigiMurin/plip/sterol_lipids/BD6j8m-W-P-CHD1/report.txt	1	2	0	0	0	0	0
/Volumes/GigiMurin/plip/sterol_lipids/BD6j8m-W-W-CHD1/report.txt	2	1	0	0	0	0	0
/Volumes/GigiMurin/plip/sterol_lipids/BD6jb1-B-B-AJP1/report.txt	8	7	0	0	0	0	0
/Volumes/GigiMurin/plip/sterol_lipids/BD6jb3-B-B-AJP1/report.txt	8	9	0	0	0	0	0
/Volumes/GigiMurin/plip/sterol_lipids/BD6jez-A-A-YSV1/report.txt	6	3	0	0	0	0	0
/Volumes/GigiMurin/plip/sterol_lipids/BD6jmq-A-A-CLR1/report.txt	4	0	0	0	0	0	0
/Volumes/GigiMurin/plip/sterol_lipids/BD6jmq-A-A-CLR2/report.txt	6	0	0	0	0	0	0
/Volumes/GigiMurin/plip/sterol_lipids/BD6jmq-A-A-CLR3/report.txt	7	0	0	0	0	0	0
/Volumes/GigiMurin/plip/sterol_lipids/BD6jmq-A-A-CLR4/report.txt	2	0	0	0	0	0	0
/Volumes/GigiMurin/plip/sterol_lipids/BD6jmq-A-B-CLR1/report.txt	4	0	0	0	0	0	0
/Volumes/GigiMurin/plip/sterol_lipids/BD6jmq-B-A-CLR4/report.txt	2	0	0	0	0	0	0
/Volumes/GigiMurin/plip/sterol_lipids/BD6jmq-B-B-CLR1/report.txt	3	2	0	0	0	0	0
/Volumes/GigiMurin/plip/sterol_lipids/BD6juw-A-C-CHD1/report.txt	2	1	1	0	0	0	0
/Volumes/GigiMurin/plip/sterol_lipids/BD6juw-A-T-CHD1/report.txt	4	0	0	0	0	0	0
/Volumes/GigiMurin/plip/sterol_lipids/BD6juw-B-T-CHD1/report.txt	0	2	0	0	0	0	0
/Volumes/GigiMurin/plip/sterol_lipids/BD6juw-C-C-CHD1/report.txt	0	1	1	0	0	0	0
/Volumes/GigiMurin/plip/sterol_lipids/BD6juw-C-C-CHD2/report.txt	6	0	1	0	0	0	0
/Volumes/GigiMurin/plip/sterol_lipids/BD6juw-C-P-CHD1/report.txt	1	0	0	0	0	0	0
/Volumes/GigiMurin/plip/sterol_lipids/BD6juw-G-G-CHD1/report.txt	2	0	2	0	0	0	0
/Volumes/GigiMurin/plip/sterol_lipids/BD6juw-J-C-CHD2/report.txt	0	1	0	0	0	0	0
/Volumes/GigiMurin/plip/sterol_lipids/BD6juw-J-J-CHD1/report.txt	3	0	0	0	0	0	0
/Volumes/GigiMurin/plip/sterol_lipids/BD6juw-L-L-CHD1/report.txt	0	1	0	0	0	0	0
/Volumes/GigiMurin/plip/sterol_lipids/BD6juw-M-L-CHD1/report.txt	2	0	0	0	0	0	0
/Volumes/GigiMurin/plip/sterol_lipids/BD6juw-N-G-CHD1/report.txt	4	0	0	0	0	0	0
/Volumes/GigiMurin/plip/sterol_lipids/BD6juw-N-P-CHD1/report.txt	3	1	1	0	0	0	0
/Volumes/GigiMurin/plip/sterol_lipids/BD6juw-O-G-CHD1/report.txt	0	2	0	0	0	0	0
/Volumes/GigiMurin/plip/sterol_lipids/BD6juw-P-C-CHD1/report.txt	1	0	0	0	0	0	0
/Volumes/GigiMurin/plip/sterol_lipids/BD6juw-P-P-CHD1/report.txt	0	1	1	0	0	0	0
/Volumes/GigiMurin/plip/sterol_lipids/BD6juw-P-P-CHD2/report.txt	7	0	1	0	0	0	0
/Volumes/GigiMurin/plip/sterol_lipids/BD6juw-T-T-CHD1/report.txt	2	0	2	0	0	0	0
/Volumes/GigiMurin/plip/sterol_lipids/BD6juw-W-P-CHD2/report.txt	1	1	0	0	0	0	0
/Volumes/GigiMurin/plip/sterol_lipids/BD6juw-Y-Y-CHD1/report.txt	1	1	0	0	0	0	0
/Volumes/GigiMurin/plip/sterol_lipids/BD6juw-Z-Y-CHD1/report.txt	1	1	0	0	0	0	0
/Volumes/GigiMurin/plip/sterol_lipids/BD6jxh-A-B-CLR1/report.txt	2	1	0	0	0	0	0
/Volumes/GigiMurin/plip/sterol_lipids/BD6jxh-B-B-CLR1/report.txt	5	1	0	0	0	0	0
/Volumes/GigiMurin/plip/sterol_lipids/BD6jxi-A-B-CLR1/report.txt	2	1	0	0	0	0	0
/Volumes/GigiMurin/plip/sterol_lipids/BD6jxi-B-B-CLR1/report.txt	4	1	0	0	0	0	0
/Volumes/GigiMurin/plip/sterol_lipids/BD6jxj-A-B-CLR1/report.txt	2	1	0	0	0	0	0
/Volumes/GigiMurin/plip/sterol_lipids/BD6jxj-B-B-CLR1/report.txt	4	1	0	0	0	0	0
/Volumes/GigiMurin/plip/sterol_lipids/BD6jxk-A-A-CLR1/report.txt	3	1	0	0	0	0	0
/Volumes/GigiMurin/plip/sterol_lipids/BD6jxk-B-A-CLR1/report.txt	3	1	0	0	0	0	0
/Volumes/GigiMurin/plip/sterol_lipids/BD6jxk-E-F-CLR1/report.txt	2	0	0	0	0	0	0
/Volumes/GigiMurin/plip/sterol_lipids/BD6jxk-F-F-CLR1/report.txt	5	1	0	0	0	0	0
/Volumes/GigiMurin/plip/sterol_lipids/BD6jy3-A-C-CHD1/report.txt	1	1	1	0	0	0	0
/Volumes/GigiMurin/plip/sterol_lipids/BD6jy3-C-C-CHD1/report.txt	0	1	1	0	0	0	0
/Volumes/GigiMurin/plip/sterol_lipids/BD6jy4-A-C-CHD1/report.txt	1	1	1	0	0	0	0
/Volumes/GigiMurin/plip/sterol_lipids/BD6jy4-C-C-CHD1/report.txt	0	1	1	0	0	0	0
/Volumes/GigiMurin/plip/sterol_lipids/BD6jzh-A-A-CLR1/report.txt	2	1	0	0	0	0	0
/Volumes/GigiMurin/plip/sterol_lipids/BD6jzh-A-A-CLR2/report.txt	4	0	0	0	0	0	0
/Volumes/GigiMurin/plip/sterol_lipids/BD6jzh-A-A-CLR3/report.txt	5	0	0	0	0	0	0
/Volumes/GigiMurin/plip/sterol_lipids/BD6k5o-A-A-D0O1/report.txt	9	2	1	0	0	0	0
/Volumes/GigiMurin/plip/sterol_lipids/BD6keo-AA-AA-EST1/report.txt	10	1	0	0	0	0	0
/Volumes/GigiMurin/plip/sterol_lipids/BD6kep-AA-AA-EST1/report.txt	7	3	0	0	0	0	0
/Volumes/GigiMurin/plip/sterol_lipids/BD6kkr-A-A-DU01/report.txt	7	0	0	0	0	0	0
/Volumes/GigiMurin/plip/sterol_lipids/BD6kkr-A-B-DU01/report.txt	3	0	0	0	0	0	0
/Volumes/GigiMurin/plip/sterol_lipids/BD6kkt-A-A-DU01/report.txt	13	0	0	0	0	0	0
/Volumes/GigiMurin/plip/sterol_lipids/BD6kkt-A-B-DU01/report.txt	3	0	0	0	0	0	0
/Volumes/GigiMurin/plip/sterol_lipids/BD6kkt-B-A-DU01/report.txt	3	0	0	0	0	0	0
/Volumes/GigiMurin/plip/sterol_lipids/BD6kku-A-A-DU01/report.txt	5	0	0	0	0	0	0
/Volumes/GigiMurin/plip/sterol_lipids/BD6kku-A-B-DU01/report.txt	4	0	0	0	0	0	0
/Volumes/GigiMurin/plip/sterol_lipids/BD6ko8-A-A-CHD1/report.txt	9	2	0	0	0	0	0
/Volumes/GigiMurin/plip/sterol_lipids/BD6kuw-A-A-CLR1/report.txt	7	2	0	0	0	0	0
/Volumes/GigiMurin/plip/sterol_lipids/BD6kuw-A-B-CLR1/report.txt	1	0	0	0	0	0	0
/Volumes/GigiMurin/plip/sterol_lipids/BD6kuw-B-B-CLR1/report.txt	9	2	0	0	0	0	0
/Volumes/GigiMurin/plip/sterol_lipids/BD6l47-A-A-CLR1/report.txt	13	0	0	0	0	0	0
/Volumes/GigiMurin/plip/sterol_lipids/BD6l47-A-B-CLR1/report.txt	1	1	0	0	0	0	0
/Volumes/GigiMurin/plip/sterol_lipids/BD6l48-A-A-CLR1/report.txt	0	1	0	0	0	0	0
/Volumes/GigiMurin/plip/sterol_lipids/BD6l48-A-B-CLR1/report.txt	16	0	0	0	0	0	0
/Volumes/GigiMurin/plip/sterol_lipids/BD6l7o-A-A-AJP1/report.txt	5	0	0	0	0	0	0
/Volumes/GigiMurin/plip/sterol_lipids/BD6l7o-A-A-AJP2/report.txt	1	2	0	0	0	0	0
/Volumes/GigiMurin/plip/sterol_lipids/BD6l7o-A-A-AJP3/report.txt	2	0	0	0	0	0	0
/Volumes/GigiMurin/plip/sterol_lipids/BD6l7o-A-A-AJP4/report.txt	2	0	0	0	0	0	0
/Volumes/GigiMurin/plip/sterol_lipids/BD6l7o-A-A-AJP5/report.txt	3	0	0	0	0	0	0
/Volumes/GigiMurin/plip/sterol_lipids/BD6l7o-A-C-AJP1/report.txt	3	0	0	0	0	0	0
/Volumes/GigiMurin/plip/sterol_lipids/BD6l7o-A-G-AJP1/report.txt	0	0	0	0	0	0	0
/Volumes/GigiMurin/plip/sterol_lipids/BD6l7o-B-B-AJP10/report.txt	6	1	0	0	0	0	0
/Volumes/GigiMurin/plip/sterol_lipids/BD6l7o-B-B-AJP1/report.txt	7	0	0	0	0	0	0
/Volumes/GigiMurin/plip/sterol_lipids/BD6l7o-B-B-AJP2/report.txt	3	0	0	0	0	0	0
/Volumes/GigiMurin/plip/sterol_lipids/BD6l7o-B-B-AJP3/report.txt	1	0	0	0	0	0	0
/Volumes/GigiMurin/plip/sterol_lipids/BD6l7o-B-B-AJP4/report.txt	2	0	0	0	0	0	0
/Volumes/GigiMurin/plip/sterol_lipids/BD6l7o-B-B-AJP5/report.txt	1	0	0	0	0	0	0
/Volumes/GigiMurin/plip/sterol_lipids/BD6l7o-B-B-AJP6/report.txt	2	0	0	0	0	0	0
/Volumes/GigiMurin/plip/sterol_lipids/BD6l7o-B-B-AJP7/report.txt	3	1	0	0	0	0	0
/Volumes/GigiMurin/plip/sterol_lipids/BD6l7o-B-B-AJP8/report.txt	2	0	0	0	0	0	0
/Volumes/GigiMurin/plip/sterol_lipids/BD6l7o-B-B-AJP9/report.txt	5	0	0	0	0	0	0
/Volumes/GigiMurin/plip/sterol_lipids/BD6l7o-B-D-AJP1/report.txt	0	1	0	0	0	0	0
/Volumes/GigiMurin/plip/sterol_lipids/BD6l7o-B-D-AJP2/report.txt	1	0	0	0	0	0	0
/Volumes/GigiMurin/plip/sterol_lipids/BD6l7o-B-D-AJP7/report.txt	1	0	0	0	0	0	0
/Volumes/GigiMurin/plip/sterol_lipids/BD6l7o-C-B-AJP11/report.txt	1	0	0	0	0	0	0
/Volumes/GigiMurin/plip/sterol_lipids/BD6l7o-C-B-AJP6/report.txt	2	0	0	0	0	0	0
/Volumes/GigiMurin/plip/sterol_lipids/BD6l7o-C-C-AJP1/report.txt	1	0	0	0	0	0	0
/Volumes/GigiMurin/plip/sterol_lipids/BD6l7o-C-C-AJP2/report.txt	4	1	0	0	0	0	0
/Volumes/GigiMurin/plip/sterol_lipids/BD6l7o-C-G-AJP2/report.txt	1	0	0	0	0	0	0
/Volumes/GigiMurin/plip/sterol_lipids/BD6l7o-D-B-AJP5/report.txt	3	0	0	0	0	0	0
/Volumes/GigiMurin/plip/sterol_lipids/BD6l7o-D-D-AJP10/report.txt	4	1	0	0	0	0	0
/Volumes/GigiMurin/plip/sterol_lipids/BD6l7o-D-D-AJP1/report.txt	5	0	0	0	0	0	0
/Volumes/GigiMurin/plip/sterol_lipids/BD6l7o-D-D-AJP2/report.txt	1	0	0	0	0	0	0
/Volumes/GigiMurin/plip/sterol_lipids/BD6l7o-D-D-AJP3/report.txt	3	0	0	0	0	0	0
/Volumes/GigiMurin/plip/sterol_lipids/BD6l7o-D-D-AJP4/report.txt	1	0	0	0	0	0	0
/Volumes/GigiMurin/plip/sterol_lipids/BD6l7o-D-D-AJP5/report.txt	2	0	0	0	0	0	0
/Volumes/GigiMurin/plip/sterol_lipids/BD6l7o-D-D-AJP6/report.txt	5	0	0	0	0	0	0
/Volumes/GigiMurin/plip/sterol_lipids/BD6l7o-D-D-AJP7/report.txt	5	0	0	0	0	0	0
/Volumes/GigiMurin/plip/sterol_lipids/BD6l7o-D-D-AJP8/report.txt	3	2	0	0	0	0	0
/Volumes/GigiMurin/plip/sterol_lipids/BD6l7o-D-D-AJP9/report.txt	3	0	0	0	0	0	0
/Volumes/GigiMurin/plip/sterol_lipids/BD6l7o-D-Q-AJP2/report.txt	1	0	0	0	0	0	0
/Volumes/GigiMurin/plip/sterol_lipids/BD6l7o-E-E-AJP1/report.txt	1	0	0	0	0	0	0
/Volumes/GigiMurin/plip/sterol_lipids/BD6l7o-E-G-AJP6/report.txt	0	0	0	0	0	0	0
/Volumes/GigiMurin/plip/sterol_lipids/BD6l7o-F-D-AJP9/report.txt	2	0	0	0	0	0	0
/Volumes/GigiMurin/plip/sterol_lipids/BD6l7o-F-F-AJP10/report.txt	1	1	0	0	0	0	0
/Volumes/GigiMurin/plip/sterol_lipids/BD6l7o-F-F-AJP1/report.txt	2	0	0	0	0	0	0
/Volumes/GigiMurin/plip/sterol_lipids/BD6l7o-F-F-AJP2/report.txt	3	0	0	0	0	0	0
/Volumes/GigiMurin/plip/sterol_lipids/BD6l7o-F-F-AJP3/report.txt	9	0	0	0	0	0	0
/Volumes/GigiMurin/plip/sterol_lipids/BD6l7o-F-F-AJP4/report.txt	3	0	0	0	0	0	0
/Volumes/GigiMurin/plip/sterol_lipids/BD6l7o-F-F-AJP5/report.txt	2	0	0	0	0	0	0
/Volumes/GigiMurin/plip/sterol_lipids/BD6l7o-F-F-AJP6/report.txt	3	1	0	0	0	0	0
/Volumes/GigiMurin/plip/sterol_lipids/BD6l7o-F-F-AJP7/report.txt	3	0	0	0	0	0	0
/Volumes/GigiMurin/plip/sterol_lipids/BD6l7o-F-F-AJP8/report.txt	3	0	0	0	0	0	0
/Volumes/GigiMurin/plip/sterol_lipids/BD6l7o-F-F-AJP9/report.txt	2	0	0	0	0	0	0
/Volumes/GigiMurin/plip/sterol_lipids/BD6l7o-F-Q-AJP1/report.txt	1	0	0	0	0	0	0
/Volumes/GigiMurin/plip/sterol_lipids/BD6l7o-F-Q-AJP4/report.txt	1	0	0	0	0	0	0
/Volumes/GigiMurin/plip/sterol_lipids/BD6l7o-G-E-AJP1/report.txt	3	0	0	0	0	0	0
/Volumes/GigiMurin/plip/sterol_lipids/BD6l7o-G-G-AJP1/report.txt	3	0	0	0	0	0	0
/Volumes/GigiMurin/plip/sterol_lipids/BD6l7o-G-G-AJP2/report.txt	3	0	0	0	0	0	0
/Volumes/GigiMurin/plip/sterol_lipids/BD6l7o-G-G-AJP3/report.txt	1	0	0	0	0	0	0
/Volumes/GigiMurin/plip/sterol_lipids/BD6l7o-G-G-AJP4/report.txt	4	0	0	0	0	0	0
/Volumes/GigiMurin/plip/sterol_lipids/BD6l7o-G-G-AJP5/report.txt	1	0	0	0	0	0	0
/Volumes/GigiMurin/plip/sterol_lipids/BD6l7o-G-G-AJP6/report.txt	1	0	0	0	0	0	0
/Volumes/GigiMurin/plip/sterol_lipids/BD6l7o-I-C-AJP1/report.txt	2	0	0	0	0	0	0
/Volumes/GigiMurin/plip/sterol_lipids/BD6l7o-P-D-AJP5/report.txt	1	0	0	0	0	0	0
/Volumes/GigiMurin/plip/sterol_lipids/BD6l7o-Q-D-AJP6/report.txt	1	0	0	0	0	0	0
/Volumes/GigiMurin/plip/sterol_lipids/BD6l7o-Q-Q-AJP1/report.txt	4	0	0	0	0	0	0
/Volumes/GigiMurin/plip/sterol_lipids/BD6l7o-Q-Q-AJP2/report.txt	2	1	0	0	0	0	0
/Volumes/GigiMurin/plip/sterol_lipids/BD6l7o-Q-Q-AJP3/report.txt	1	0	0	0	0	0	0
/Volumes/GigiMurin/plip/sterol_lipids/BD6l7o-Q-Q-AJP4/report.txt	2	0	0	0	0	0	0
/Volumes/GigiMurin/plip/sterol_lipids/BD6l7o-Q-Q-AJP5/report.txt	1	0	0	0	0	0	0
/Volumes/GigiMurin/plip/sterol_lipids/BD6l7o-Q-Q-AJP6/report.txt	3	0	0	0	0	0	0
/Volumes/GigiMurin/plip/sterol_lipids/BD6l7p-A-A-AJP1/report.txt	2	0	0	0	0	0	0
/Volumes/GigiMurin/plip/sterol_lipids/BD6l7p-A-A-AJP2/report.txt	2	2	0	0	0	0	0
/Volumes/GigiMurin/plip/sterol_lipids/BD6l7p-A-A-AJP3/report.txt	2	0	0	0	0	0	0
/Volumes/GigiMurin/plip/sterol_lipids/BD6l7p-A-C-AJP1/report.txt	1	0	0	0	0	0	0
/Volumes/GigiMurin/plip/sterol_lipids/BD6l7p-A-G-AJP1/report.txt	1	0	0	0	0	0	0
/Volumes/GigiMurin/plip/sterol_lipids/BD6l7p-B-B-AJP10/report.txt	6	0	0	0	0	0	0
/Volumes/GigiMurin/plip/sterol_lipids/BD6l7p-B-B-AJP1/report.txt	8	0	0	0	0	0	0
/Volumes/GigiMurin/plip/sterol_lipids/BD6l7p-B-B-AJP2/report.txt	3	0	0	0	0	0	0
/Volumes/GigiMurin/plip/sterol_lipids/BD6l7p-B-B-AJP3/report.txt	1	0	0	0	0	0	0
/Volumes/GigiMurin/plip/sterol_lipids/BD6l7p-B-B-AJP4/report.txt	2	0	0	0	0	0	0
/Volumes/GigiMurin/plip/sterol_lipids/BD6l7p-B-B-AJP5/report.txt	2	0	0	0	0	0	0
/Volumes/GigiMurin/plip/sterol_lipids/BD6l7p-B-B-AJP6/report.txt	2	0	0	0	0	0	0
/Volumes/GigiMurin/plip/sterol_lipids/BD6l7p-B-B-AJP7/report.txt	5	0	0	0	0	0	0
/Volumes/GigiMurin/plip/sterol_lipids/BD6l7p-B-B-AJP8/report.txt	1	0	0	0	0	0	0
/Volumes/GigiMurin/plip/sterol_lipids/BD6l7p-B-B-AJP9/report.txt	3	0	0	0	0	0	0
/Volumes/GigiMurin/plip/sterol_lipids/BD6l7p-B-D-AJP1/report.txt	0	1	0	0	0	0	0
/Volumes/GigiMurin/plip/sterol_lipids/BD6l7p-B-D-AJP7/report.txt	2	0	0	0	0	0	0
/Volumes/GigiMurin/plip/sterol_lipids/BD6l7p-C-B-AJP6/report.txt	2	0	0	0	0	0	0
/Volumes/GigiMurin/plip/sterol_lipids/BD6l7p-C-C-AJP1/report.txt	2	0	0	0	0	0	0
/Volumes/GigiMurin/plip/sterol_lipids/BD6l7p-C-C-AJP2/report.txt	6	1	0	0	0	0	0
/Volumes/GigiMurin/plip/sterol_lipids/BD6l7p-C-G-AJP2/report.txt	2	0	0	0	0	0	0
/Volumes/GigiMurin/plip/sterol_lipids/BD6l7p-D-B-AJP5/report.txt	2	0	0	0	0	0	0
/Volumes/GigiMurin/plip/sterol_lipids/BD6l7p-D-D-AJP1/report.txt	5	1	0	0	0	0	0
/Volumes/GigiMurin/plip/sterol_lipids/BD6l7p-D-D-AJP2/report.txt	1	0	0	0	0	0	0
/Volumes/GigiMurin/plip/sterol_lipids/BD6l7p-D-D-AJP3/report.txt	4	0	0	0	0	0	0
/Volumes/GigiMurin/plip/sterol_lipids/BD6l7p-D-D-AJP4/report.txt	1	0	0	0	0	0	0
/Volumes/GigiMurin/plip/sterol_lipids/BD6l7p-D-D-AJP5/report.txt	3	0	0	0	0	0	0
/Volumes/GigiMurin/plip/sterol_lipids/BD6l7p-D-D-AJP6/report.txt	4	0	0	0	0	0	0
/Volumes/GigiMurin/plip/sterol_lipids/BD6l7p-D-D-AJP7/report.txt	4	0	0	0	0	0	0
/Volumes/GigiMurin/plip/sterol_lipids/BD6l7p-D-D-AJP8/report.txt	3	2	0	0	0	0	0
/Volumes/GigiMurin/plip/sterol_lipids/BD6l7p-D-D-AJP9/report.txt	3	0	0	0	0	0	0
/Volumes/GigiMurin/plip/sterol_lipids/BD6l7p-D-Q-AJP2/report.txt	1	0	0	0	0	0	0
/Volumes/GigiMurin/plip/sterol_lipids/BD6l7p-F-D-AJP9/report.txt	4	0	0	0	0	0	0
/Volumes/GigiMurin/plip/sterol_lipids/BD6l7p-F-F-AJP1/report.txt	2	0	0	0	0	0	0
/Volumes/GigiMurin/plip/sterol_lipids/BD6l7p-F-F-AJP2/report.txt	3	0	0	0	0	0	0
/Volumes/GigiMurin/plip/sterol_lipids/BD6l7p-F-F-AJP3/report.txt	8	0	0	0	0	0	0
/Volumes/GigiMurin/plip/sterol_lipids/BD6l7p-F-F-AJP4/report.txt	2	0	0	0	0	0	0
/Volumes/GigiMurin/plip/sterol_lipids/BD6l7p-F-F-AJP5/report.txt	3	0	0	0	0	0	0
/Volumes/GigiMurin/plip/sterol_lipids/BD6l7p-F-F-AJP6/report.txt	4	1	0	0	0	0	0
/Volumes/GigiMurin/plip/sterol_lipids/BD6l7p-F-F-AJP7/report.txt	4	0	0	0	0	0	0
/Volumes/GigiMurin/plip/sterol_lipids/BD6l7p-F-F-AJP8/report.txt	4	0	0	0	0	0	0
/Volumes/GigiMurin/plip/sterol_lipids/BD6l7p-G-G-AJP1/report.txt	4	0	0	0	0	0	0
/Volumes/GigiMurin/plip/sterol_lipids/BD6l7p-G-G-AJP2/report.txt	3	0	0	0	0	0	0
/Volumes/GigiMurin/plip/sterol_lipids/BD6l7p-G-G-AJP3/report.txt	2	0	0	0	0	0	0
/Volumes/GigiMurin/plip/sterol_lipids/BD6l7p-G-G-AJP4/report.txt	3	0	0	0	0	0	0
/Volumes/GigiMurin/plip/sterol_lipids/BD6l7p-G-G-AJP5/report.txt	2	0	0	0	0	0	0
/Volumes/GigiMurin/plip/sterol_lipids/BD6l7p-G-G-AJP6/report.txt	1	0	0	0	0	0	0
/Volumes/GigiMurin/plip/sterol_lipids/BD6l7p-P-D-AJP5/report.txt	1	0	0	0	0	0	0
/Volumes/GigiMurin/plip/sterol_lipids/BD6l7p-Q-D-AJP6/report.txt	1	0	0	0	0	0	0
/Volumes/GigiMurin/plip/sterol_lipids/BD6l7p-Q-Q-AJP1/report.txt	3	0	0	0	0	0	0
/Volumes/GigiMurin/plip/sterol_lipids/BD6l7p-Q-Q-AJP2/report.txt	3	0	0	0	0	0	0
/Volumes/GigiMurin/plip/sterol_lipids/BD6lfm-R-R-CLR1/report.txt	8	0	0	0	0	0	0
/Volumes/GigiMurin/plip/sterol_lipids/BD6lfo-R-R-CLR1/report.txt	8	1	0	0	0	0	0
/Volumes/GigiMurin/plip/sterol_lipids/BD6lpj-A-A-CLR1/report.txt	1	1	0	0	0	0	0
/Volumes/GigiMurin/plip/sterol_lipids/BD6lpj-A-A-CLR2/report.txt	4	0	0	0	0	0	0
/Volumes/GigiMurin/plip/sterol_lipids/BD6lpj-A-A-CLR3/report.txt	5	0	0	0	0	0	0
/Volumes/GigiMurin/plip/sterol_lipids/BD6lpk-A-A-CLR1/report.txt	1	1	0	0	0	0	0
/Volumes/GigiMurin/plip/sterol_lipids/BD6lpk-A-A-CLR2/report.txt	6	0	0	0	0	0	0
/Volumes/GigiMurin/plip/sterol_lipids/BD6lpk-A-A-CLR3/report.txt	5	0	0	0	0	0	0
/Volumes/GigiMurin/plip/sterol_lipids/BD6lpl-A-A-CLR1/report.txt	4	2	0	0	0	0	0
/Volumes/GigiMurin/plip/sterol_lipids/BD6lpl-A-A-CLR2/report.txt	6	0	0	0	0	0	0
/Volumes/GigiMurin/plip/sterol_lipids/BD6lpl-A-A-CLR3/report.txt	6	0	0	0	0	0	0
/Volumes/GigiMurin/plip/sterol_lipids/BD6lqg-C-C-CLR1/report.txt	5	0	0	0	0	0	0
/Volumes/GigiMurin/plip/sterol_lipids/BD6lqg-C-C-CLR2/report.txt	4	0	0	0	0	0	0
/Volumes/GigiMurin/plip/sterol_lipids/BD6lqg-C-C-CLR3/report.txt	5	0	0	0	0	0	0
/Volumes/GigiMurin/plip/sterol_lipids/BD6lr4-C-C-CLR1/report.txt	5	0	0	0	0	0	0
/Volumes/GigiMurin/plip/sterol_lipids/BD6lr4-C-C-CLR2/report.txt	5	0	0	0	0	0	0
/Volumes/GigiMurin/plip/sterol_lipids/BD6lr4-C-C-CLR3/report.txt	4	0	0	0	0	0	0
/Volumes/GigiMurin/plip/sterol_lipids/BD6lw5-A-A-CLR1/report.txt	1	0	0	0	0	0	0
/Volumes/GigiMurin/plip/sterol_lipids/BD6lw5-A-A-CLR2/report.txt	2	1	0	0	0	0	0
/Volumes/GigiMurin/plip/sterol_lipids/BD6ly4-A-A-TES1/report.txt	8	1	0	0	0	0	0
/Volumes/GigiMurin/plip/sterol_lipids/BD6m0f-A-A-CLR1/report.txt	4	0	0	0	0	0	0
/Volumes/GigiMurin/plip/sterol_lipids/BD6m0f-A-A-CLR2/report.txt	9	0	0	0	0	0	0
/Volumes/GigiMurin/plip/sterol_lipids/BD6m0z-A-A-CLR1/report.txt	6	0	0	0	0	0	0
/Volumes/GigiMurin/plip/sterol_lipids/BD6m2r-A-A-CLR1/report.txt	8	0	0	0	0	0	0
/Volumes/GigiMurin/plip/sterol_lipids/BD6m38-A-A-CLR1/report.txt	7	0	0	0	0	0	0
/Volumes/GigiMurin/plip/sterol_lipids/BD6m3z-A-A-CLR1/report.txt	5	0	0	0	0	0	0
/Volumes/GigiMurin/plip/sterol_lipids/BD6m47-A-A-CLR1/report.txt	5	0	0	0	0	0	0
/Volumes/GigiMurin/plip/sterol_lipids/BD6m49-A-A-HC31/report.txt	2	0	0	0	0	0	0
/Volumes/GigiMurin/plip/sterol_lipids/BD6m49-B-A-HC31/report.txt	5	0	0	0	0	0	0
/Volumes/GigiMurin/plip/sterol_lipids/BD6m5o-A-A-DXC1/report.txt	4	0	0	0	0	0	0
/Volumes/GigiMurin/plip/sterol_lipids/BD6m5o-A-A-DXC2/report.txt	6	0	0	0	0	0	0
/Volumes/GigiMurin/plip/sterol_lipids/BD6m5o-B-A-DXC2/report.txt	2	0	0	0	0	0	0
/Volumes/GigiMurin/plip/sterol_lipids/BD6m5w-A-A-DXC1/report.txt	4	0	0	0	0	0	0
/Volumes/GigiMurin/plip/sterol_lipids/BD6mdq-A-A-TES1/report.txt	4	1	0	0	0	0	0
/Volumes/GigiMurin/plip/sterol_lipids/BD6mdq-A-A-TES2/report.txt	8	1	0	0	0	0	0
/Volumes/GigiMurin/plip/sterol_lipids/BD6mg8-A-A-CLR1/report.txt	8	0	0	0	0	0	0
/Volumes/GigiMurin/plip/sterol_lipids/BD6mg8-A-A-CLR2/report.txt	15	0	0	0	0	0	0
/Volumes/GigiMurin/plip/sterol_lipids/BD6mg8-A-A-CLR3/report.txt	9	0	0	0	0	0	0
/Volumes/GigiMurin/plip/sterol_lipids/BD6mg8-A-A-CLR4/report.txt	2	0	0	0	0	0	0
/Volumes/GigiMurin/plip/sterol_lipids/BD6mnc-B-B-J3Z1/report.txt	5	2	0	0	0	0	0
/Volumes/GigiMurin/plip/sterol_lipids/BD6mne-A-A-J3Z1/report.txt	4	0	0	0	0	0	0
/Volumes/GigiMurin/plip/sterol_lipids/BD6mne-B-B-J3Z1/report.txt	6	3	0	0	0	0	0
/Volumes/GigiMurin/plip/sterol_lipids/BD6msm-A-A-CLR1/report.txt	2	0	0	0	0	0	0
/Volumes/GigiMurin/plip/sterol_lipids/BD6mwa-B-B-CPS1/report.txt	6	2	0	0	0	0	0
/Volumes/GigiMurin/plip/sterol_lipids/BD6mwa-B-B-CPS2/report.txt	4	2	0	0	0	0	0
/Volumes/GigiMurin/plip/sterol_lipids/BD6mwb-B-B-CPS1/report.txt	4	1	0	0	0	0	0
/Volumes/GigiMurin/plip/sterol_lipids/BD6mwb-B-B-CPS2/report.txt	4	3	0	0	0	0	0
/Volumes/GigiMurin/plip/sterol_lipids/BD6mwd-B-B-CPS1/report.txt	3	1	0	0	0	0	0
/Volumes/GigiMurin/plip/sterol_lipids/BD6mwd-B-B-CPS2/report.txt	6	3	0	0	0	0	0
/Volumes/GigiMurin/plip/sterol_lipids/BD6mwd-B-B-CPS3/report.txt	4	2	0	0	0	0	0
/Volumes/GigiMurin/plip/sterol_lipids/BD6mwg-B-B-CPS1/report.txt	4	4	0	0	0	0	0
/Volumes/GigiMurin/plip/sterol_lipids/BD6mwg-B-B-CPS2/report.txt	4	2	0	0	0	0	0
/Volumes/GigiMurin/plip/sterol_lipids/BD6n4b-R-R-CLR1/report.txt	3	0	0	0	0	0	0
/Volumes/GigiMurin/plip/sterol_lipids/BD6n4b-R-R-CLR2/report.txt	6	0	0	0	0	0	0
/Volumes/GigiMurin/plip/sterol_lipids/BD6n7g-A-A-CLR1/report.txt	7	0	0	0	0	0	0
/Volumes/GigiMurin/plip/sterol_lipids/BD6n7g-A-A-CLR2/report.txt	16	0	0	0	0	0	0
/Volumes/GigiMurin/plip/sterol_lipids/BD6n7g-A-A-CLR3/report.txt	7	0	0	0	0	0	0
/Volumes/GigiMurin/plip/sterol_lipids/BD6n7g-B-B-CLR1/report.txt	7	0	0	0	0	0	0
/Volumes/GigiMurin/plip/sterol_lipids/BD6n7g-B-C-CLR1/report.txt	8	0	0	0	0	0	0
/Volumes/GigiMurin/plip/sterol_lipids/BD6n7g-C-C-CLR1/report.txt	0	0	0	0	0	0	0
/Volumes/GigiMurin/plip/sterol_lipids/BD6n7g-F-F-CLR1/report.txt	0	0	0	0	0	0	0
/Volumes/GigiMurin/plip/sterol_lipids/BD6n7h-A-A-CLR1/report.txt	7	0	0	0	0	0	0
/Volumes/GigiMurin/plip/sterol_lipids/BD6n7h-A-A-CLR2/report.txt	16	0	0	0	0	0	0
/Volumes/GigiMurin/plip/sterol_lipids/BD6n7h-A-A-CLR3/report.txt	7	0	0	0	0	0	0
/Volumes/GigiMurin/plip/sterol_lipids/BD6n7h-B-B-CLR1/report.txt	7	0	0	0	0	0	0
/Volumes/GigiMurin/plip/sterol_lipids/BD6n7h-B-C-CLR1/report.txt	8	0	0	0	0	0	0
/Volumes/GigiMurin/plip/sterol_lipids/BD6n7h-C-C-CLR1/report.txt	0	0	0	0	0	0	0
/Volumes/GigiMurin/plip/sterol_lipids/BD6n7k-A-A-CLR1/report.txt	7	0	0	0	0	0	0
/Volumes/GigiMurin/plip/sterol_lipids/BD6n7k-A-A-CLR2/report.txt	16	0	0	0	0	0	0
/Volumes/GigiMurin/plip/sterol_lipids/BD6n7k-A-A-CLR3/report.txt	7	0	0	0	0	0	0
/Volumes/GigiMurin/plip/sterol_lipids/BD6n7k-B-B-CLR1/report.txt	7	0	0	0	0	0	0
/Volumes/GigiMurin/plip/sterol_lipids/BD6n7k-B-C-CLR1/report.txt	8	0	0	0	0	0	0
/Volumes/GigiMurin/plip/sterol_lipids/BD6n7k-C-C-CLR1/report.txt	0	0	0	0	0	0	0
/Volumes/GigiMurin/plip/sterol_lipids/BD6n7k-F-F-CLR1/report.txt	0	0	0	0	0	0	0
/Volumes/GigiMurin/plip/sterol_lipids/BD6nbf-R-R-CLR1/report.txt	2	0	0	0	0	0	0
/Volumes/GigiMurin/plip/sterol_lipids/BD6nbf-R-R-CLR2/report.txt	5	0	0	0	0	0	0
/Volumes/GigiMurin/plip/sterol_lipids/BD6nbf-R-R-CLR3/report.txt	5	0	0	0	0	0	0
/Volumes/GigiMurin/plip/sterol_lipids/BD6nbf-R-R-CLR4/report.txt	4	0	0	0	0	0	0
/Volumes/GigiMurin/plip/sterol_lipids/BD6nbf-R-R-CLR5/report.txt	3	0	0	0	0	0	0
/Volumes/GigiMurin/plip/sterol_lipids/BD6nbf-R-R-CLR6/report.txt	5	0	0	0	0	0	0
/Volumes/GigiMurin/plip/sterol_lipids/BD6nbh-R-R-CLR1/report.txt	1	0	0	0	0	0	0
/Volumes/GigiMurin/plip/sterol_lipids/BD6nbh-R-R-CLR2/report.txt	1	0	0	0	0	0	0
/Volumes/GigiMurin/plip/sterol_lipids/BD6nbh-R-R-CLR3/report.txt	3	0	0	0	0	0	0
/Volumes/GigiMurin/plip/sterol_lipids/BD6nbh-R-R-CLR4/report.txt	1	0	0	0	0	0	0
/Volumes/GigiMurin/plip/sterol_lipids/BD6nbh-R-R-CLR5/report.txt	5	0	0	0	0	0	0
/Volumes/GigiMurin/plip/sterol_lipids/BD6nbh-R-R-CLR6/report.txt	4	0	0	0	0	0	0
/Volumes/GigiMurin/plip/sterol_lipids/BD6nbh-R-R-CLR7/report.txt	3	0	0	0	0	0	0
/Volumes/GigiMurin/plip/sterol_lipids/BD6nbi-R-R-CLR1/report.txt	5	0	0	0	0	0	0
/Volumes/GigiMurin/plip/sterol_lipids/BD6nbi-R-R-CLR2/report.txt	0	0	0	0	0	0	0
/Volumes/GigiMurin/plip/sterol_lipids/BD6nbi-R-R-CLR3/report.txt	3	0	0	0	0	0	0
/Volumes/GigiMurin/plip/sterol_lipids/BD6nf4-A-A-CLR1/report.txt	11	0	0	0	0	0	0
/Volumes/GigiMurin/plip/sterol_lipids/BD6nkn-A-B-CHD1/report.txt	3	0	0	0	0	0	0
/Volumes/GigiMurin/plip/sterol_lipids/BD6nkn-A-C-CHD1/report.txt	1	1	1	0	0	0	0
/Volumes/GigiMurin/plip/sterol_lipids/BD6nkn-B-B-CHD1/report.txt	0	3	0	0	0	0	0
/Volumes/GigiMurin/plip/sterol_lipids/BD6nkn-C-C-CHD1/report.txt	0	1	1	0	0	0	0
/Volumes/GigiMurin/plip/sterol_lipids/BD6nkn-C-J-CHD1/report.txt	3	0	1	0	0	0	0
/Volumes/GigiMurin/plip/sterol_lipids/BD6nkn-G-G-CHD1/report.txt	2	0	2	0	0	0	0
/Volumes/GigiMurin/plip/sterol_lipids/BD6nkn-J-J-CHD1/report.txt	0	1	0	0	0	0	0
/Volumes/GigiMurin/plip/sterol_lipids/BD6nkn-J-J-CHD2/report.txt	2	1	0	0	0	0	0
/Volumes/GigiMurin/plip/sterol_lipids/BD6nkn-N-G-CHD1/report.txt	3	0	0	0	0	0	0
/Volumes/GigiMurin/plip/sterol_lipids/BD6nkn-N-P-CHD1/report.txt	3	1	1	0	0	0	0
/Volumes/GigiMurin/plip/sterol_lipids/BD6nkn-O-G-CHD1/report.txt	0	1	0	0	0	0	0
/Volumes/GigiMurin/plip/sterol_lipids/BD6nkn-P-P-CHD1/report.txt	0	0	1	0	0	0	0
/Volumes/GigiMurin/plip/sterol_lipids/BD6nkn-P-W-CHD1/report.txt	3	0	1	0	0	0	0
/Volumes/GigiMurin/plip/sterol_lipids/BD6nkn-T-B-CHD1/report.txt	1	0	2	0	0	0	0
/Volumes/GigiMurin/plip/sterol_lipids/BD6nkn-W-W-CHD1/report.txt	0	0	0	0	0	0	0
/Volumes/GigiMurin/plip/sterol_lipids/BD6nkn-W-W-CHD2/report.txt	2	0	0	0	0	0	0
/Volumes/GigiMurin/plip/sterol_lipids/BD6nmf-A-B-CHD1/report.txt	3	0	0	0	0	0	0
/Volumes/GigiMurin/plip/sterol_lipids/BD6nmf-A-C-CHD2/report.txt	2	1	1	0	0	0	0
/Volumes/GigiMurin/plip/sterol_lipids/BD6nmf-A-J-CHD1/report.txt	1	0	0	0	0	0	0
/Volumes/GigiMurin/plip/sterol_lipids/BD6nmf-B-B-CHD1/report.txt	1	2	0	0	0	0	0
/Volumes/GigiMurin/plip/sterol_lipids/BD6nmf-C-C-CHD1/report.txt	4	1	1	0	0	0	0
/Volumes/GigiMurin/plip/sterol_lipids/BD6nmf-C-C-CHD2/report.txt	0	0	1	0	0	0	0
/Volumes/GigiMurin/plip/sterol_lipids/BD6nmf-G-G-CHD1/report.txt	1	0	2	0	0	0	0
/Volumes/GigiMurin/plip/sterol_lipids/BD6nmf-J-J-CHD1/report.txt	2	2	0	0	0	0	0
/Volumes/GigiMurin/plip/sterol_lipids/BD6nmf-N-G-CHD1/report.txt	4	0	0	0	0	0	0
/Volumes/GigiMurin/plip/sterol_lipids/BD6nmf-N-P-CHD2/report.txt	3	1	1	0	0	0	0
/Volumes/GigiMurin/plip/sterol_lipids/BD6nmf-P-P-CHD1/report.txt	2	0	1	0	0	0	0
/Volumes/GigiMurin/plip/sterol_lipids/BD6nmf-P-P-CHD2/report.txt	0	1	1	0	0	0	0
/Volumes/GigiMurin/plip/sterol_lipids/BD6nmf-T-B-CHD1/report.txt	1	0	2	0	0	0	0
/Volumes/GigiMurin/plip/sterol_lipids/BD6nmf-W-P-CHD1/report.txt	0	1	0	0	0	0	0
/Volumes/GigiMurin/plip/sterol_lipids/BD6nmf-W-W-CHD1/report.txt	3	0	0	0	0	0	0
/Volumes/GigiMurin/plip/sterol_lipids/BD6nmp-A-B-CHD1/report.txt	3	0	0	0	0	0	0
/Volumes/GigiMurin/plip/sterol_lipids/BD6nmp-A-C-CHD1/report.txt	3	0	1	0	0	0	0
/Volumes/GigiMurin/plip/sterol_lipids/BD6nmp-A-J-CHD1/report.txt	1	0	0	0	0	0	0
/Volumes/GigiMurin/plip/sterol_lipids/BD6nmp-B-B-CHD1/report.txt	0	3	0	0	0	0	0
/Volumes/GigiMurin/plip/sterol_lipids/BD6nmp-C-C-CHD1/report.txt	0	0	1	0	0	0	0
/Volumes/GigiMurin/plip/sterol_lipids/BD6nmp-C-C-CHD2/report.txt	4	0	1	0	0	0	0
/Volumes/GigiMurin/plip/sterol_lipids/BD6nmp-G-O-CHD1/report.txt	1	0	2	0	0	0	0
/Volumes/GigiMurin/plip/sterol_lipids/BD6nmp-J-J-CHD1/report.txt	1	2	0	0	0	0	0
/Volumes/GigiMurin/plip/sterol_lipids/BD6nmp-N-O-CHD1/report.txt	2	0	0	0	0	0	0
/Volumes/GigiMurin/plip/sterol_lipids/BD6nmp-N-P-CHD1/report.txt	4	1	1	0	0	0	0
/Volumes/GigiMurin/plip/sterol_lipids/BD6nmp-O-O-CHD1/report.txt	0	2	0	0	0	0	0
/Volumes/GigiMurin/plip/sterol_lipids/BD6nmp-P-P-CHD1/report.txt	0	1	1	0	0	0	0
/Volumes/GigiMurin/plip/sterol_lipids/BD6nmp-P-P-CHD2/report.txt	3	0	1	0	0	0	0
/Volumes/GigiMurin/plip/sterol_lipids/BD6nmp-T-B-CHD1/report.txt	2	0	2	0	0	0	0
/Volumes/GigiMurin/plip/sterol_lipids/BD6nmp-W-W-CHD1/report.txt	2	0	0	0	0	0	0
/Volumes/GigiMurin/plip/sterol_lipids/BD6nt3-A-A-AJP1/report.txt	3	2	0	0	0	0	0
/Volumes/GigiMurin/plip/sterol_lipids/BD6nt4-A-A-AJP1/report.txt	4	2	0	0	0	0	0
/Volumes/GigiMurin/plip/sterol_lipids/BD6nwk-A-A-DEX1/report.txt	5	6	0	0	0	0	0
/Volumes/GigiMurin/plip/sterol_lipids/BD6nwl-A-A-HCY1/report.txt	4	7	0	0	0	0	0
/Volumes/GigiMurin/plip/sterol_lipids/BD6o1v-A-A-CLR1/report.txt	2	0	0	0	0	0	0
/Volumes/GigiMurin/plip/sterol_lipids/BD6o2p-A-A-AJP1/report.txt	1	2	0	0	0	0	0
/Volumes/GigiMurin/plip/sterol_lipids/BD6o3c-A-A-CLR1/report.txt	9	1	0	0	0	0	0
/Volumes/GigiMurin/plip/sterol_lipids/BD6o3c-A-A-CLR2/report.txt	7	0	0	0	0	0	0
/Volumes/GigiMurin/plip/sterol_lipids/BD6oba-A-A-CLR1/report.txt	6	0	0	0	0	0	0
/Volumes/GigiMurin/plip/sterol_lipids/BD6oba-A-A-CLR2/report.txt	3	0	0	0	0	0	0
/Volumes/GigiMurin/plip/sterol_lipids/BD6oht-A-A-MKM1/report.txt	8	0	3	0	0	0	0
/Volumes/GigiMurin/plip/sterol_lipids/BD6omm-R-R-CLR1/report.txt	5	0	0	0	0	0	0
/Volumes/GigiMurin/plip/sterol_lipids/BD6omm-R-R-CLR2/report.txt	6	0	0	0	0	0	0
/Volumes/GigiMurin/plip/sterol_lipids/BD6omm-R-R-CLR3/report.txt	3	0	0	0	0	0	0
/Volumes/GigiMurin/plip/sterol_lipids/BD6omm-R-R-CLR4/report.txt	2	0	0	0	0	0	0
/Volumes/GigiMurin/plip/sterol_lipids/BD6omm-R-R-CLR5/report.txt	3	0	0	0	0	0	0
/Volumes/GigiMurin/plip/sterol_lipids/BD6ooq-A-A-DXC1/report.txt	0	2	0	0	0	0	0
/Volumes/GigiMurin/plip/sterol_lipids/BD6oqx-A-A-N1V1/report.txt	14	2	1	0	0	0	0
/Volumes/GigiMurin/plip/sterol_lipids/BD6oqy-A-A-N2J1/report.txt	11	1	0	0	0	0	0
/Volumes/GigiMurin/plip/sterol_lipids/BD6or1-A-A-N271/report.txt	10	1	0	0	0	0	0
/Volumes/GigiMurin/plip/sterol_lipids/BD6os1-A-A-CLR1/report.txt	1	1	0	0	0	0	0
/Volumes/GigiMurin/plip/sterol_lipids/BD6os2-A-A-CLR1/report.txt	1	0	0	0	0	0	0
/Volumes/GigiMurin/plip/sterol_lipids/BD6ot0-R-R-CO11/report.txt	3	0	0	0	0	0	0
/Volumes/GigiMurin/plip/sterol_lipids/BD6oyv-A-A-EST1/report.txt	3	0	0	0	0	0	0
/Volumes/GigiMurin/plip/sterol_lipids/BD6p4j-A-A-CHO1/report.txt	4	0	1	0	0	0	0
/Volumes/GigiMurin/plip/sterol_lipids/BD6p4j-A-A-CHO2/report.txt	4	0	1	0	0	0	0
/Volumes/GigiMurin/plip/sterol_lipids/BD6p4j-B-B-CHO2/report.txt	3	1	0	0	0	0	0
/Volumes/GigiMurin/plip/sterol_lipids/BD6p4j-C-C-CHO1/report.txt	3	0	1	0	0	0	0
/Volumes/GigiMurin/plip/sterol_lipids/BD6p4j-C-C-CHO2/report.txt	3	0	1	0	0	0	0
/Volumes/GigiMurin/plip/sterol_lipids/BD6p4k-A-A-TCH1/report.txt	3	0	1	0	0	0	0
/Volumes/GigiMurin/plip/sterol_lipids/BD6p4k-A-A-TCH2/report.txt	3	3	1	0	0	0	0
/Volumes/GigiMurin/plip/sterol_lipids/BD6p4k-B-B-TCH1/report.txt	0	0	1	0	0	0	0
/Volumes/GigiMurin/plip/sterol_lipids/BD6p4k-B-B-TCH2/report.txt	4	3	1	0	0	0	0
/Volumes/GigiMurin/plip/sterol_lipids/BD6p4k-C-C-TCH1/report.txt	1	1	1	0	0	0	0
/Volumes/GigiMurin/plip/sterol_lipids/BD6p4k-C-C-TCH2/report.txt	3	1	1	0	0	0	0
/Volumes/GigiMurin/plip/sterol_lipids/BD6p6x-A-A-CPS1/report.txt	3	1	0	0	0	0	0
/Volumes/GigiMurin/plip/sterol_lipids/BD6p6x-A-A-CPS2/report.txt	2	2	0	0	0	0	0
/Volumes/GigiMurin/plip/sterol_lipids/BD6p6y-A-A-CPS1/report.txt	7	1	0	0	0	0	0
/Volumes/GigiMurin/plip/sterol_lipids/BD6p6y-A-A-CPS2/report.txt	4	3	0	0	0	0	0
/Volumes/GigiMurin/plip/sterol_lipids/BD6pb0-R-R-CLR1/report.txt	3	0	0	0	0	0	0
/Volumes/GigiMurin/plip/sterol_lipids/BD6pb0-R-R-CLR2/report.txt	4	2	0	0	0	0	0
/Volumes/GigiMurin/plip/sterol_lipids/BD6pb0-R-R-CLR3/report.txt	6	0	0	0	0	0	0
/Volumes/GigiMurin/plip/sterol_lipids/BD6pb0-R-R-CLR4/report.txt	6	0	0	0	0	0	0
/Volumes/GigiMurin/plip/sterol_lipids/BD6pb0-R-R-CLR5/report.txt	3	0	0	0	0	0	0
/Volumes/GigiMurin/plip/sterol_lipids/BD6pb1-P-P-CLR1/report.txt	5	0	0	0	0	0	0
/Volumes/GigiMurin/plip/sterol_lipids/BD6pb1-P-P-CLR2/report.txt	4	0	0	0	0	0	0
/Volumes/GigiMurin/plip/sterol_lipids/BD6pb1-P-P-CLR3/report.txt	6	0	0	0	0	0	0
/Volumes/GigiMurin/plip/sterol_lipids/BD6pb1-P-P-CLR4/report.txt	4	0	0	0	0	0	0
/Volumes/GigiMurin/plip/sterol_lipids/BD6peq-A-E-CLR1/report.txt	1	1	0	0	0	0	0
/Volumes/GigiMurin/plip/sterol_lipids/BD6peq-B-F-CLR1/report.txt	1	0	0	0	0	0	0
/Volumes/GigiMurin/plip/sterol_lipids/BD6peq-D-H-CLR1/report.txt	2	0	0	0	0	0	0
/Volumes/GigiMurin/plip/sterol_lipids/BD6peq-E-E-CLR1/report.txt	2	0	0	0	0	0	0
/Volumes/GigiMurin/plip/sterol_lipids/BD6peq-F-F-CLR1/report.txt	3	0	0	0	0	0	0
/Volumes/GigiMurin/plip/sterol_lipids/BD6peq-G-G-CLR1/report.txt	4	0	0	0	0	0	0
/Volumes/GigiMurin/plip/sterol_lipids/BD6pit-A-A-EST1/report.txt	4	2	0	1	0	0	0
/Volumes/GigiMurin/plip/sterol_lipids/BD6pit-B-B-EST1/report.txt	5	3	0	1	0	0	0
/Volumes/GigiMurin/plip/sterol_lipids/BD6prz-A-A-CLR1/report.txt	3	0	0	0	0	0	0
/Volumes/GigiMurin/plip/sterol_lipids/BD6ps0-A-A-CLR1/report.txt	3	0	0	0	0	0	0
/Volumes/GigiMurin/plip/sterol_lipids/BD6ps1-A-A-CLR1/report.txt	5	1	0	0	0	0	0
/Volumes/GigiMurin/plip/sterol_lipids/BD6ps2-A-A-CLR1/report.txt	7	0	0	0	0	0	0
/Volumes/GigiMurin/plip/sterol_lipids/BD6ps3-A-A-CLR1/report.txt	5	1	0	0	0	0	0
/Volumes/GigiMurin/plip/sterol_lipids/BD6ps4-A-A-CLR1/report.txt	4	0	0	0	0	0	0
/Volumes/GigiMurin/plip/sterol_lipids/BD6ps5-A-A-CLR1/report.txt	7	2	0	0	0	0	0
/Volumes/GigiMurin/plip/sterol_lipids/BD6ps6-A-A-CLR1/report.txt	1	0	0	0	0	0	0
/Volumes/GigiMurin/plip/sterol_lipids/BD6ps7-A-A-CLR1/report.txt	4	0	0	0	0	0	0
/Volumes/GigiMurin/plip/sterol_lipids/BD6ps7-A-A-CLR2/report.txt	4	0	0	0	0	0	0
/Volumes/GigiMurin/plip/sterol_lipids/BD6ps7-A-A-CLR3/report.txt	3	1	0	0	0	0	0
/Volumes/GigiMurin/plip/sterol_lipids/BD6pt0-R-R-CLR1/report.txt	5	0	0	0	0	0	0
/Volumes/GigiMurin/plip/sterol_lipids/BD6pt0-R-R-CLR2/report.txt	7	0	0	0	0	0	0
/Volumes/GigiMurin/plip/sterol_lipids/BD6pt0-R-R-CLR3/report.txt	4	0	0	0	0	0	0
/Volumes/GigiMurin/plip/sterol_lipids/BD6pt0-R-R-CLR4/report.txt	3	0	0	0	0	0	0
/Volumes/GigiMurin/plip/sterol_lipids/BD6pt2-A-A-CLR1/report.txt	8	0	0	0	0	0	0
/Volumes/GigiMurin/plip/sterol_lipids/BD6pt2-B-A-CLR1/report.txt	0	0	0	0	0	0	0
/Volumes/GigiMurin/plip/sterol_lipids/BD6pxa-A-A-TCH1/report.txt	3	2	0	0	0	0	0
/Volumes/GigiMurin/plip/sterol_lipids/BD6pxa-A-C-TCH1/report.txt	2	1	0	0	0	0	0
/Volumes/GigiMurin/plip/sterol_lipids/BD6pxa-K-K-TCH1/report.txt	5	2	0	0	0	0	0
/Volumes/GigiMurin/plip/sterol_lipids/BD6pyc-H-H-P4S1/report.txt	1	0	0	0	0	0	0
/Volumes/GigiMurin/plip/sterol_lipids/BD6pyc-H-L-P4S1/report.txt	6	2	1	0	0	0	0
/Volumes/GigiMurin/plip/sterol_lipids/BD6pyc-L-L-P4S1/report.txt	2	1	0	0	0	0	0
/Volumes/GigiMurin/plip/sterol_lipids/BD6pyd-A-B-P4S1/report.txt	2	3	0	0	0	0	0
/Volumes/GigiMurin/plip/sterol_lipids/BD6pyd-B-B-P4S1/report.txt	4	1	0	0	0	0	0
/Volumes/GigiMurin/plip/sterol_lipids/BD6pyd-H-B-P4S1/report.txt	0	1	0	0	0	0	0
/Volumes/GigiMurin/plip/sterol_lipids/BD6pyd-H-H-P4S1/report.txt	4	4	0	0	0	0	0
/Volumes/GigiMurin/plip/sterol_lipids/BD6pyf-A-A-EST1/report.txt	6	5	0	0	0	0	0
/Volumes/GigiMurin/plip/sterol_lipids/BD6q2t-A-A-DXC1/report.txt	3	0	0	0	0	0	0
/Volumes/GigiMurin/plip/sterol_lipids/BD6q2t-A-A-DXC2/report.txt	4	0	1	0	0	0	0
/Volumes/GigiMurin/plip/sterol_lipids/BD6q2t-A-A-DXC3/report.txt	1	0	0	0	0	0	0
/Volumes/GigiMurin/plip/sterol_lipids/BD6q6o-A-A-CHD1/report.txt	4	1	0	0	0	0	0
/Volumes/GigiMurin/plip/sterol_lipids/BD6q6o-A-A-CHD2/report.txt	5	3	0	0	0	0	0
/Volumes/GigiMurin/plip/sterol_lipids/BD6qee-A-A-CLR1/report.txt	4	1	0	0	0	0	0
/Volumes/GigiMurin/plip/sterol_lipids/BD6qee-A-A-CLR2/report.txt	1	0	0	0	0	0	0
/Volumes/GigiMurin/plip/sterol_lipids/BD6qee-A-A-CLR3/report.txt	4	1	0	0	0	0	0
/Volumes/GigiMurin/plip/sterol_lipids/BD6qee-A-A-CLR4/report.txt	1	0	0	0	0	0	0
/Volumes/GigiMurin/plip/sterol_lipids/BD6qee-A-A-CLR5/report.txt	4	1	0	0	0	0	0
/Volumes/GigiMurin/plip/sterol_lipids/BD6qee-A-A-CLR6/report.txt	4	0	0	0	0	0	0
/Volumes/GigiMurin/plip/sterol_lipids/BD6qee-A-A-CLR7/report.txt	5	0	0	0	0	0	0
/Volumes/GigiMurin/plip/sterol_lipids/BD6qex-A-A-CLR10/report.txt	3	0	0	0	0	0	0
/Volumes/GigiMurin/plip/sterol_lipids/BD6qex-A-A-CLR11/report.txt	3	0	0	0	0	0	0
/Volumes/GigiMurin/plip/sterol_lipids/BD6qex-A-A-CLR12/report.txt	3	0	0	0	0	0	0
/Volumes/GigiMurin/plip/sterol_lipids/BD6qex-A-A-CLR13/report.txt	4	0	0	0	0	0	0
/Volumes/GigiMurin/plip/sterol_lipids/BD6qex-A-A-CLR1/report.txt	4	1	0	0	0	0	0
/Volumes/GigiMurin/plip/sterol_lipids/BD6qex-A-A-CLR2/report.txt	3	0	0	0	0	0	0
/Volumes/GigiMurin/plip/sterol_lipids/BD6qex-A-A-CLR3/report.txt	5	0	0	0	0	0	0
/Volumes/GigiMurin/plip/sterol_lipids/BD6qex-A-A-CLR4/report.txt	4	0	0	0	0	0	0
/Volumes/GigiMurin/plip/sterol_lipids/BD6qex-A-A-CLR5/report.txt	8	1	0	0	0	0	0
/Volumes/GigiMurin/plip/sterol_lipids/BD6qex-A-A-CLR6/report.txt	3	1	0	0	0	0	0
/Volumes/GigiMurin/plip/sterol_lipids/BD6qex-A-A-CLR7/report.txt	0	0	0	0	0	0	0
/Volumes/GigiMurin/plip/sterol_lipids/BD6qex-A-A-CLR8/report.txt	3	0	0	0	0	0	0
/Volumes/GigiMurin/plip/sterol_lipids/BD6qex-A-A-CLR9/report.txt	4	0	0	0	0	0	0
/Volumes/GigiMurin/plip/sterol_lipids/BD6r4l-A-A-ERG1/report.txt	10	0	0	0	0	0	0
/Volumes/GigiMurin/plip/sterol_lipids/BD6r4n-A-A-ERG1/report.txt	6	0	0	0	0	0	0
/Volumes/GigiMurin/plip/sterol_lipids/BD6r4n-C-C-ERG1/report.txt	12	0	0	0	0	0	0
/Volumes/GigiMurin/plip/sterol_lipids/BD6r4n-C-C-ERG2/report.txt	2	1	0	0	0	0	0
/Volumes/GigiMurin/plip/sterol_lipids/BD6r4n-E-E-ERG1/report.txt	11	0	0	0	0	0	0
/Volumes/GigiMurin/plip/sterol_lipids/BD6r4n-G-C-ERG2/report.txt	8	0	0	0	0	0	0
/Volumes/GigiMurin/plip/sterol_lipids/BD6r4n-I-I-ERG1/report.txt	9	0	0	0	0	0	0
/Volumes/GigiMurin/plip/sterol_lipids/BD6rvd-A-A-CLR1/report.txt	5	0	0	0	0	0	0
/Volumes/GigiMurin/plip/sterol_lipids/BD6rvd-A-C-CLR1/report.txt	15	0	0	0	0	0	0
/Volumes/GigiMurin/plip/sterol_lipids/BD6rvd-B-B-CLR1/report.txt	10	0	0	0	0	0	0
/Volumes/GigiMurin/plip/sterol_lipids/BD6rvd-B-B-CLR2/report.txt	5	0	0	0	0	0	0
/Volumes/GigiMurin/plip/sterol_lipids/BD6rvd-C-C-CLR1/report.txt	0	0	0	0	0	0	0
/Volumes/GigiMurin/plip/sterol_lipids/BD6rz6-A-A-CLR1/report.txt	2	0	0	0	0	0	0
/Volumes/GigiMurin/plip/sterol_lipids/BD6rz7-A-A-CLR1/report.txt	2	0	0	0	0	0	0
/Volumes/GigiMurin/plip/sterol_lipids/BD6rz9-A-A-CLR1/report.txt	2	0	0	0	0	0	0
/Volumes/GigiMurin/plip/sterol_lipids/BD6s0l-A-A-CLR1/report.txt	2	1	0	0	0	0	0
/Volumes/GigiMurin/plip/sterol_lipids/BD6s0l-A-A-CLR2/report.txt	7	2	0	0	0	0	0
/Volumes/GigiMurin/plip/sterol_lipids/BD6s0l-A-A-CLR3/report.txt	4	0	0	0	0	0	0
/Volumes/GigiMurin/plip/sterol_lipids/BD6s0q-A-A-CLR1/report.txt	2	1	0	0	0	0	0
/Volumes/GigiMurin/plip/sterol_lipids/BD6s0q-A-A-CLR2/report.txt	6	1	0	0	0	0	0
/Volumes/GigiMurin/plip/sterol_lipids/BD6s0q-A-A-CLR3/report.txt	4	0	0	0	0	0	0
/Volumes/GigiMurin/plip/sterol_lipids/BD6s7p-A-A-CLR1/report.txt	3	0	0	0	0	0	0
/Volumes/GigiMurin/plip/sterol_lipids/BD6s7p-A-A-CLR2/report.txt	3	0	0	0	0	0	0
/Volumes/GigiMurin/plip/sterol_lipids/BD6s7p-A-A-CLR3/report.txt	2	0	0	0	0	0	0
/Volumes/GigiMurin/plip/sterol_lipids/BD6s7p-A-A-CLR4/report.txt	1	0	0	0	0	0	0
/Volumes/GigiMurin/plip/sterol_lipids/BD6s7p-A-A-CLR5/report.txt	2	0	0	0	0	0	0
/Volumes/GigiMurin/plip/sterol_lipids/BD6s7p-A-A-CLR6/report.txt	6	1	0	0	0	0	0
/Volumes/GigiMurin/plip/sterol_lipids/BD6s7p-A-A-CLR7/report.txt	5	0	0	0	0	0	0
/Volumes/GigiMurin/plip/sterol_lipids/BD6s7p-A-A-CLR8/report.txt	5	0	0	0	0	0	0
/Volumes/GigiMurin/plip/sterol_lipids/BD6t0f-A-A-K2B1/report.txt	16	0	0	0	0	0	0
/Volumes/GigiMurin/plip/sterol_lipids/BD6t0h-A-A-M9B1/report.txt	6	2	0	0	0	0	0
/Volumes/GigiMurin/plip/sterol_lipids/BD6t2m-A-A-M9Q1/report.txt	7	4	1	0	0	0	0
/Volumes/GigiMurin/plip/sterol_lipids/BD6t4g-A-A-CLR1/report.txt	9	1	0	0	0	0	0
/Volumes/GigiMurin/plip/sterol_lipids/BD6t4i-A-A-CLR1/report.txt	7	1	0	0	0	0	0
/Volumes/GigiMurin/plip/sterol_lipids/BD6t4j-A-A-MHQ1/report.txt	7	1	0	0	0	0	0
/Volumes/GigiMurin/plip/sterol_lipids/BD6t4k-A-A-MHQ1/report.txt	8	1	0	0	0	0	0
/Volumes/GigiMurin/plip/sterol_lipids/BD6t4t-A-A-HCD1/report.txt	10	1	0	0	0	0	0
/Volumes/GigiMurin/plip/sterol_lipids/BD6t4u-A-A-HCD1/report.txt	12	1	0	0	0	0	0
/Volumes/GigiMurin/plip/sterol_lipids/BD6t4w-A-A-HCD1/report.txt	9	1	0	0	0	0	0
/Volumes/GigiMurin/plip/sterol_lipids/BD6t4x-A-A-HC31/report.txt	8	1	0	0	0	0	0
/Volumes/GigiMurin/plip/sterol_lipids/BD6t4y-A-A-HC31/report.txt	8	1	0	0	0	0	0
/Volumes/GigiMurin/plip/sterol_lipids/BD6t50-A-A-HC31/report.txt	10	1	0	0	0	0	0
/Volumes/GigiMurin/plip/sterol_lipids/BD6t9n-A-A-CLR1/report.txt	9	3	0	0	0	0	0
/Volumes/GigiMurin/plip/sterol_lipids/BD6t9n-A-D-CLR1/report.txt	2	0	0	0	0	0	0
/Volumes/GigiMurin/plip/sterol_lipids/BD6t9n-B-A-CLR1/report.txt	3	0	0	0	0	0	0
/Volumes/GigiMurin/plip/sterol_lipids/BD6t9o-A-A-CLR1/report.txt	3	3	0	0	0	0	0
/Volumes/GigiMurin/plip/sterol_lipids/BD6t9o-A-D-CLR1/report.txt	3	0	0	0	0	0	0
/Volumes/GigiMurin/plip/sterol_lipids/BD6tcl-A1-A1-AJP1/report.txt	2	1	0	0	0	0	0
/Volumes/GigiMurin/plip/sterol_lipids/BD6tcl-A2-A2-AJP1/report.txt	1	1	0	0	0	0	0
/Volumes/GigiMurin/plip/sterol_lipids/BD6tcl-A-A-AJP1/report.txt	3	0	0	0	0	0	0
/Volumes/GigiMurin/plip/sterol_lipids/BD6tcl-B-B-AJP1/report.txt	0	0	0	0	0	0	0
/Volumes/GigiMurin/plip/sterol_lipids/BD6tcl-BB-BB-AJP1/report.txt	0	0	0	0	0	0	0
/Volumes/GigiMurin/plip/sterol_lipids/BD6tcl-BB-BB-AJP2/report.txt	0	1	0	0	0	0	0
/Volumes/GigiMurin/plip/sterol_lipids/BD6tcl-I1-L-AJP1/report.txt	0	1	0	0	0	0	0
/Volumes/GigiMurin/plip/sterol_lipids/BD6tcl-I-B-AJP2/report.txt	1	0	0	0	0	0	0
/Volumes/GigiMurin/plip/sterol_lipids/BD6tcl-K-K-AJP1/report.txt	2	0	0	0	0	0	0
/Volumes/GigiMurin/plip/sterol_lipids/BD6tcl-KK-KK-AJP1/report.txt	2	0	1	0	0	0	0
/Volumes/GigiMurin/plip/sterol_lipids/BD6tcl-L1-L1-AJP1/report.txt	2	0	0	0	0	0	0
/Volumes/GigiMurin/plip/sterol_lipids/BD6tcl-L1-L1-AJP2/report.txt	1	0	0	0	0	0	0
/Volumes/GigiMurin/plip/sterol_lipids/BD6tcl-L2-L2-AJP2/report.txt	0	1	0	0	0	0	0
/Volumes/GigiMurin/plip/sterol_lipids/BD6tcl-L-L-AJP1/report.txt	3	0	0	0	0	0	0
/Volumes/GigiMurin/plip/sterol_lipids/BD6tcl-L-L-AJP2/report.txt	0	0	0	0	0	0	0
/Volumes/GigiMurin/plip/sterol_lipids/BD6tcl-LL-M2-AJP1/report.txt	0	0	0	0	0	0	0
/Volumes/GigiMurin/plip/sterol_lipids/BD6tcl-M2-M2-AJP1/report.txt	0	1	0	0	0	0	0
/Volumes/GigiMurin/plip/sterol_lipids/BD6tlq-A-A-CLR1/report.txt	10	1	0	0	0	0	0
/Volumes/GigiMurin/plip/sterol_lipids/BD6tlt-A-A-MHQ1/report.txt	9	1	0	0	0	0	0
/Volumes/GigiMurin/plip/sterol_lipids/BD6to2-A-A-NQ81/report.txt	8	0	0	0	0	0	0
/Volumes/GigiMurin/plip/sterol_lipids/BD6tpk-A-A-CLR1/report.txt	5	1	0	0	0	0	0
/Volumes/GigiMurin/plip/sterol_lipids/BD6tzd-A-A-ASD1/report.txt	0	0	0	0	0	0	0
/Volumes/GigiMurin/plip/sterol_lipids/BD6tzd-B-B-ASD1/report.txt	5	1	0	0	0	0	0
/Volumes/GigiMurin/plip/sterol_lipids/BD6u4i-A-A-EQU1/report.txt	3	2	0	0	0	0	0
/Volumes/GigiMurin/plip/sterol_lipids/BD6u4i-B-B-EQU1/report.txt	4	2	0	0	0	0	0
/Volumes/GigiMurin/plip/sterol_lipids/BD6uad-A-A-DXC1/report.txt	6	6	0	0	0	0	0
/Volumes/GigiMurin/plip/sterol_lipids/BD6uad-A-A-DXC2/report.txt	4	1	0	0	0	0	0
/Volumes/GigiMurin/plip/sterol_lipids/BD6uae-A-A-DXC1/report.txt	5	3	0	0	0	0	0
/Volumes/GigiMurin/plip/sterol_lipids/BD6uae-B-B-EQU1/report.txt	7	2	0	0	0	0	0
/Volumes/GigiMurin/plip/sterol_lipids/BD6uae-C-C-DXC1/report.txt	0	0	0	0	0	0	0
/Volumes/GigiMurin/plip/sterol_lipids/BD6uae-C-C-EQU1/report.txt	4	2	0	0	0	0	0
/Volumes/GigiMurin/plip/sterol_lipids/BD6uae-D-D-DXC1/report.txt	5	3	0	0	0	0	0
/Volumes/GigiMurin/plip/sterol_lipids/BD6ubq-A-A-ASD1/report.txt	0	0	0	0	0	0	0
/Volumes/GigiMurin/plip/sterol_lipids/BD6ucb-A-E-CLR1/report.txt	0	1	0	0	0	0	0
/Volumes/GigiMurin/plip/sterol_lipids/BD6ucb-B-B-CLR1/report.txt	1	0	0	0	0	0	0
/Volumes/GigiMurin/plip/sterol_lipids/BD6ucb-C-G-CLR1/report.txt	0	0	0	0	0	0	0
/Volumes/GigiMurin/plip/sterol_lipids/BD6ucb-E-E-CLR1/report.txt	4	0	0	0	0	0	0
/Volumes/GigiMurin/plip/sterol_lipids/BD6ucb-F-B-CLR1/report.txt	3	0	0	0	0	0	0
/Volumes/GigiMurin/plip/sterol_lipids/BD6ucb-G-G-CLR1/report.txt	2	0	0	0	0	0	0
/Volumes/GigiMurin/plip/sterol_lipids/BD6ucn-A-A-EQU1/report.txt	4	1	0	0	0	0	0
/Volumes/GigiMurin/plip/sterol_lipids/BD6ucn-B-B-EQU1/report.txt	5	2	0	0	0	0	0
/Volumes/GigiMurin/plip/sterol_lipids/BD6ucy-A-A-ASD1/report.txt	0	0	0	0	0	0	0
/Volumes/GigiMurin/plip/sterol_lipids/BD6ud4-A-A-CLR1/report.txt	4	1	0	0	0	0	0
/Volumes/GigiMurin/plip/sterol_lipids/BD6ud4-B-F-CLR1/report.txt	2	0	0	0	0	0	0
/Volumes/GigiMurin/plip/sterol_lipids/BD6ud4-C-G-CLR1/report.txt	1	2	0	0	0	0	0
/Volumes/GigiMurin/plip/sterol_lipids/BD6ud4-E-A-CLR1/report.txt	1	0	0	0	0	0	0
/Volumes/GigiMurin/plip/sterol_lipids/BD6ud4-F-F-CLR1/report.txt	3	0	0	0	0	0	0
/Volumes/GigiMurin/plip/sterol_lipids/BD6ud4-G-G-CLR1/report.txt	4	0	0	0	0	0	0
/Volumes/GigiMurin/plip/sterol_lipids/BD6ud4-H-H-CLR1/report.txt	3	0	0	0	0	0	0
/Volumes/GigiMurin/plip/sterol_lipids/BD6ud8-A-E-CLR1/report.txt	1	0	0	0	0	0	0
/Volumes/GigiMurin/plip/sterol_lipids/BD6ud8-B-F-CLR1/report.txt	2	0	0	0	0	0	0
/Volumes/GigiMurin/plip/sterol_lipids/BD6ud8-C-G-CLR1/report.txt	1	0	0	0	0	0	0
/Volumes/GigiMurin/plip/sterol_lipids/BD6ud8-E-E-CLR1/report.txt	2	0	0	0	0	0	0
/Volumes/GigiMurin/plip/sterol_lipids/BD6ud8-F-F-CLR1/report.txt	3	0	0	0	0	0	0
/Volumes/GigiMurin/plip/sterol_lipids/BD6udm-A-A-CPS1/report.txt	1	1	0	0	0	0	0
/Volumes/GigiMurin/plip/sterol_lipids/BD6uez-A-A-LAN1/report.txt	12	1	0	0	0	0	0
/Volumes/GigiMurin/plip/sterol_lipids/BD6ufs-B-B-Q6J1/report.txt	3	1	0	0	0	0	0
/Volumes/GigiMurin/plip/sterol_lipids/BD6ulb-A-A-QA11/report.txt	2	0	0	0	0	0	0
/Volumes/GigiMurin/plip/sterol_lipids/BD6uy0-A-A-CLR1/report.txt	5	0	0	0	0	0	0
/Volumes/GigiMurin/plip/sterol_lipids/BD6uy0-A-A-CLR2/report.txt	5	2	0	0	0	0	0
/Volumes/GigiMurin/plip/sterol_lipids/BD6uy0-A-A-CLR3/report.txt	5	3	0	0	0	0	0
/Volumes/GigiMurin/plip/sterol_lipids/BD6v1x-A-A-QNJ1/report.txt	2	0	0	0	0	0	0
/Volumes/GigiMurin/plip/sterol_lipids/BD6v1y-A-A-QNJ1/report.txt	2	0	0	0	0	0	0
/Volumes/GigiMurin/plip/sterol_lipids/BD6v22-A-A-CLR1/report.txt	4	0	0	0	0	0	0
/Volumes/GigiMurin/plip/sterol_lipids/BD6v22-A-A-CLR2/report.txt	4	0	0	0	0	0	0
/Volumes/GigiMurin/plip/sterol_lipids/BD6v35-A-A-CLR1/report.txt	3	0	0	0	0	0	0
/Volumes/GigiMurin/plip/sterol_lipids/BD6v35-A-E-CLR1/report.txt	4	0	0	0	0	0	0
/Volumes/GigiMurin/plip/sterol_lipids/BD6v35-E-E-CLR1/report.txt	3	0	0	0	0	0	0
/Volumes/GigiMurin/plip/sterol_lipids/BD6v38-A-A-CLR1/report.txt	3	1	0	0	0	0	0
/Volumes/GigiMurin/plip/sterol_lipids/BD6v38-A-A-CLR2/report.txt	5	0	0	0	0	0	0
/Volumes/GigiMurin/plip/sterol_lipids/BD6v3f-A-A-CLR1/report.txt	7	0	0	0	0	0	0
/Volumes/GigiMurin/plip/sterol_lipids/BD6v9s-A-A-CLR1/report.txt	2	0	0	0	0	0	0
/Volumes/GigiMurin/plip/sterol_lipids/BD6vi4-B-B-CLR1/report.txt	6	1	0	0	0	0	0
/Volumes/GigiMurin/plip/sterol_lipids/BD6vif-A-A-QY41/report.txt	12	2	0	1	0	0	0
/Volumes/GigiMurin/plip/sterol_lipids/BD6vn7-R-R-CLR1/report.txt	2	0	0	0	0	0	0
/Volumes/GigiMurin/plip/sterol_lipids/BD6vn7-R-R-CLR2/report.txt	3	0	0	0	0	0	0
/Volumes/GigiMurin/plip/sterol_lipids/BD6vn7-R-R-CLR3/report.txt	4	0	0	0	0	0	0
/Volumes/GigiMurin/plip/sterol_lipids/BD6vn7-R-R-CLR4/report.txt	2	0	0	0	0	0	0
/Volumes/GigiMurin/plip/sterol_lipids/BD6vn7-R-R-CLR5/report.txt	4	0	0	0	0	0	0
/Volumes/GigiMurin/plip/sterol_lipids/BD6vn7-R-R-CLR6/report.txt	4	0	0	0	0	0	0
/Volumes/GigiMurin/plip/sterol_lipids/BD6vs1-A-A-DXC1/report.txt	2	2	0	0	0	0	0
/Volumes/GigiMurin/plip/sterol_lipids/BD6vum-A-A-CLR1/report.txt	1	0	0	0	0	0	0
/Volumes/GigiMurin/plip/sterol_lipids/BD6vum-A-A-CLR2/report.txt	8	0	0	0	0	0	0
/Volumes/GigiMurin/plip/sterol_lipids/BD6vum-A-A-CLR3/report.txt	11	0	0	0	0	0	0
/Volumes/GigiMurin/plip/sterol_lipids/BD6vum-A-B-CLR1/report.txt	1	2	0	0	0	0	0
/Volumes/GigiMurin/plip/sterol_lipids/BD6vum-B-B-CLR2/report.txt	7	1	0	0	0	0	0
/Volumes/GigiMurin/plip/sterol_lipids/BD6vxh-A-A-CLR1/report.txt	4	0	0	0	0	0	0
/Volumes/GigiMurin/plip/sterol_lipids/BD6vxi-A-A-CLR1/report.txt	2	0	0	0	0	0	0
/Volumes/GigiMurin/plip/sterol_lipids/BD6vxj-A-A-CLR1/report.txt	3	0	0	0	0	0	0
/Volumes/GigiMurin/plip/sterol_lipids/BD6w5r-A-A-CLR1/report.txt	7	2	0	0	0	0	0
/Volumes/GigiMurin/plip/sterol_lipids/BD6w5s-A-A-CLR1/report.txt	6	1	0	0	0	0	0
/Volumes/GigiMurin/plip/sterol_lipids/BD6w5t-A-A-CLR1/report.txt	9	1	0	0	0	0	0
/Volumes/GigiMurin/plip/sterol_lipids/BD6w5t-A-A-CLR2/report.txt	8	1	0	0	0	0	0
/Volumes/GigiMurin/plip/sterol_lipids/BD6w5u-A-A-CLR1/report.txt	11	0	0	0	0	0	0
/Volumes/GigiMurin/plip/sterol_lipids/BD6w5u-A-A-CLR2/report.txt	9	1	0	0	0	0	0
/Volumes/GigiMurin/plip/sterol_lipids/BD6w5v-A-A-CLR1/report.txt	7	1	0	0	0	0	0
/Volumes/GigiMurin/plip/sterol_lipids/BD6w5v-A-A-CLR2/report.txt	9	0	0	0	0	0	0
/Volumes/GigiMurin/plip/sterol_lipids/BD6w5v-D-D-CLR1/report.txt	9	0	0	0	0	0	0
/Volumes/GigiMurin/plip/sterol_lipids/BD6w9k-A-A-TUA1/report.txt	4	7	0	0	0	0	0
/Volumes/GigiMurin/plip/sterol_lipids/BD6w9l-A-A-TUS1/report.txt	4	4	0	0	0	0	0
/Volumes/GigiMurin/plip/sterol_lipids/BD6w9m-A-A-TUV1/report.txt	4	5	0	0	0	0	0
/Volumes/GigiMurin/plip/sterol_lipids/BD6wbf-A-A-CLR1/report.txt	4	0	0	0	0	0	0
/Volumes/GigiMurin/plip/sterol_lipids/BD6wbf-A-A-CLR2/report.txt	2	0	0	0	0	0	0
/Volumes/GigiMurin/plip/sterol_lipids/BD6wbg-A-A-CLR1/report.txt	4	0	0	0	0	0	0
/Volumes/GigiMurin/plip/sterol_lipids/BD6wbg-A-A-CLR2/report.txt	2	0	0	0	0	0	0
/Volumes/GigiMurin/plip/sterol_lipids/BD6wbm-A-A-CLR1/report.txt	4	0	0	0	0	0	0
/Volumes/GigiMurin/plip/sterol_lipids/BD6wbm-A-A-CLR2/report.txt	1	0	0	0	0	0	0
/Volumes/GigiMurin/plip/sterol_lipids/BD6wbn-A-A-CLR1/report.txt	3	0	0	0	0	0	0
/Volumes/GigiMurin/plip/sterol_lipids/BD6wbn-A-A-CLR2/report.txt	2	0	0	0	0	0	0
/Volumes/GigiMurin/plip/sterol_lipids/BD6wgt-A-A-CLR1/report.txt	6	1	0	0	0	0	0
/Volumes/GigiMurin/plip/sterol_lipids/BD6wgt-A-A-CLR2/report.txt	5	0	0	0	0	0	0
/Volumes/GigiMurin/plip/sterol_lipids/BD6wh4-A-A-CLR1/report.txt	0	1	0	0	0	0	0
/Volumes/GigiMurin/plip/sterol_lipids/BD6wh4-C-C-CLR1/report.txt	3	1	0	0	0	0	0
/Volumes/GigiMurin/plip/sterol_lipids/BD6wiv-A-A-CLR1/report.txt	0	0	0	0	0	0	0
/Volumes/GigiMurin/plip/sterol_lipids/BD6wiv-A-A-CLR2/report.txt	4	0	0	0	0	0	0
/Volumes/GigiMurin/plip/sterol_lipids/BD6wiv-A-A-CLR3/report.txt	4	0	0	0	0	0	0
/Volumes/GigiMurin/plip/sterol_lipids/BD6wiv-A-A-CLR4/report.txt	5	0	0	0	0	0	0
/Volumes/GigiMurin/plip/sterol_lipids/BD6wiv-A-B-CLR2/report.txt	1	0	0	0	0	0	0
/Volumes/GigiMurin/plip/sterol_lipids/BD6wiv-B-A-CLR2/report.txt	1	0	0	0	0	0	0
/Volumes/GigiMurin/plip/sterol_lipids/BD6wiv-B-B-CLR1/report.txt	5	0	0	0	0	0	0
/Volumes/GigiMurin/plip/sterol_lipids/BD6wiv-B-B-CLR2/report.txt	4	0	0	0	0	0	0
/Volumes/GigiMurin/plip/sterol_lipids/BD6wiv-B-B-CLR3/report.txt	2	0	0	0	0	0	0
/Volumes/GigiMurin/plip/sterol_lipids/BD6wiv-B-B-CLR4/report.txt	1	0	0	0	0	0	0
/Volumes/GigiMurin/plip/sterol_lipids/BD6wiv-B-B-CLR5/report.txt	4	0	0	0	0	0	0
/Volumes/GigiMurin/plip/sterol_lipids/BD6wlw-4-5-CLR1/report.txt	1	0	0	0	0	0	0
/Volumes/GigiMurin/plip/sterol_lipids/BD6wlw-5-5-CLR1/report.txt	2	0	0	0	0	0	0
/Volumes/GigiMurin/plip/sterol_lipids/BD6wlw-R-R-CLR1/report.txt	6	0	0	0	0	0	0
/Volumes/GigiMurin/plip/sterol_lipids/BD6wlw-S-R-CLR1/report.txt	1	0	0	0	0	0	0
/Volumes/GigiMurin/plip/sterol_lipids/BD6wlw-V-5-CLR1/report.txt	1	0	0	0	0	0	0
/Volumes/GigiMurin/plip/sterol_lipids/BD6wlw-V-V-CLR1/report.txt	1	0	0	0	0	0	0
/Volumes/GigiMurin/plip/sterol_lipids/BD6wm2-0-0-CLR1/report.txt	0	0	0	0	0	0	0
/Volumes/GigiMurin/plip/sterol_lipids/BD6wm2-5-5-CLR1/report.txt	2	0	0	0	0	0	0
/Volumes/GigiMurin/plip/sterol_lipids/BD6wm2-R-R-CLR1/report.txt	7	0	0	0	0	0	0
/Volumes/GigiMurin/plip/sterol_lipids/BD6wm2-V-V-CLR1/report.txt	2	0	0	0	0	0	0
/Volumes/GigiMurin/plip/sterol_lipids/BD6wqa-A-A-CLR1/report.txt	3	1	0	0	0	0	0
/Volumes/GigiMurin/plip/sterol_lipids/BD6wqa-A-A-CLR2/report.txt	3	2	0	0	0	0	0
/Volumes/GigiMurin/plip/sterol_lipids/BD6wr0-A-A-U7P1/report.txt	9	0	0	0	0	0	0
/Volumes/GigiMurin/plip/sterol_lipids/BD6wr0-B-B-U7P1/report.txt	9	1	0	0	0	0	0
/Volumes/GigiMurin/plip/sterol_lipids/BD6wr1-A-A-AER1/report.txt	8	1	0	0	0	0	0
/Volumes/GigiMurin/plip/sterol_lipids/BD6wr1-B-B-AER1/report.txt	6	1	0	0	0	0	0
/Volumes/GigiMurin/plip/sterol_lipids/BD6ww0-A-A-UDJ1/report.txt	8	1	0	0	0	0	0
/Volumes/GigiMurin/plip/sterol_lipids/BD6ww0-C-C-UDJ1/report.txt	9	1	0	0	0	0	0
/Volumes/GigiMurin/plip/sterol_lipids/BD6xbj-R-R-CLR1/report.txt	6	2	0	0	0	0	0
/Volumes/GigiMurin/plip/sterol_lipids/BD6xbk-R-R-CLR1/report.txt	8	1	0	0	0	0	0
/Volumes/GigiMurin/plip/sterol_lipids/BD6xbl-R-R-CLR1/report.txt	11	1	0	0	0	0	0
/Volumes/GigiMurin/plip/sterol_lipids/BD6xbm-R-R-CO11/report.txt	10	1	0	0	0	0	0
/Volumes/GigiMurin/plip/sterol_lipids/BD6xbm-R-R-CO12/report.txt	6	0	0	0	0	0	0
/Volumes/GigiMurin/plip/sterol_lipids/BD6xk0-A-A-DEX1/report.txt	5	2	0	0	0	0	0
/Volumes/GigiMurin/plip/sterol_lipids/BD6xw7-A-A-CHO1/report.txt	2	3	1	0	0	0	0
/Volumes/GigiMurin/plip/sterol_lipids/BD6xw7-A-B-CHO1/report.txt	3	1	1	0	0	0	0
/Volumes/GigiMurin/plip/sterol_lipids/BD6xzh-A-A-VDX1/report.txt	7	5	0	0	0	0	0
/Volumes/GigiMurin/plip/sterol_lipids/BD6xzi-A-A-VDX1/report.txt	3	3	0	0	0	0	0
/Volumes/GigiMurin/plip/sterol_lipids/BD6xzj-A-A-VDX1/report.txt	9	3	0	0	0	0	0
/Volumes/GigiMurin/plip/sterol_lipids/BD6xzk-A-A-VDX1/report.txt	11	3	0	0	0	0	0
/Volumes/GigiMurin/plip/sterol_lipids/BD6xzv-A-A-VDX1/report.txt	7	4	0	0	0	0	0
/Volumes/GigiMurin/plip/sterol_lipids/BD6zdr-A-A-CLR1/report.txt	5	0	0	0	0	0	0
/Volumes/GigiMurin/plip/sterol_lipids/BD6zdr-A-A-CLR2/report.txt	8	0	0	0	0	0	0
/Volumes/GigiMurin/plip/sterol_lipids/BD6zdv-A-A-CLR1/report.txt	5	0	0	0	0	0	0
/Volumes/GigiMurin/plip/sterol_lipids/BD6zdv-A-A-CLR2/report.txt	7	0	0	0	0	0	0
/Volumes/GigiMurin/plip/sterol_lipids/BD6zzy-1-G-ERG1/report.txt	1	0	0	0	0	0	0
/Volumes/GigiMurin/plip/sterol_lipids/BD6zzy-G-G-ERG1/report.txt	1	0	0	0	0	0	0
/Volumes/GigiMurin/plip/sterol_lipids/BD7a4p-1-G-ERG1/report.txt	0	0	0	0	0	0	0
/Volumes/GigiMurin/plip/sterol_lipids/BD7a4p-G-G-ERG1/report.txt	1	0	0	0	0	0	0
/Volumes/GigiMurin/plip/sterol_lipids/BD7a65-A-A-CLR1/report.txt	5	0	0	0	0	0	0
/Volumes/GigiMurin/plip/sterol_lipids/BD7a65-A-A-CLR2/report.txt	4	0	0	0	0	0	0
/Volumes/GigiMurin/plip/sterol_lipids/BD7a65-A-A-CLR3/report.txt	2	0	0	0	0	0	0
/Volumes/GigiMurin/plip/sterol_lipids/BD7a65-A-A-CLR4/report.txt	6	0	0	0	0	0	0
/Volumes/GigiMurin/plip/sterol_lipids/BD7a65-A-A-CLR5/report.txt	5	0	0	0	0	0	0
/Volumes/GigiMurin/plip/sterol_lipids/BD7a65-A-A-CLR6/report.txt	2	1	0	0	0	0	0
/Volumes/GigiMurin/plip/sterol_lipids/BD7a69-A-A-CLR1/report.txt	4	0	0	0	0	0	0
/Volumes/GigiMurin/plip/sterol_lipids/BD7a69-A-A-CLR2/report.txt	4	0	0	0	0	0	0
/Volumes/GigiMurin/plip/sterol_lipids/BD7a69-A-A-CLR3/report.txt	4	1	0	0	0	0	0
/Volumes/GigiMurin/plip/sterol_lipids/BD7a69-A-A-CLR4/report.txt	3	0	0	0	0	0	0
/Volumes/GigiMurin/plip/sterol_lipids/BD7a69-A-A-CLR5/report.txt	3	0	0	0	0	0	0
/Volumes/GigiMurin/plip/sterol_lipids/BD7a69-A-A-CLR6/report.txt	4	0	0	0	0	0	0
/Volumes/GigiMurin/plip/sterol_lipids/BD7a69-A-A-CLR7/report.txt	2	1	0	0	0	0	0
/Volumes/GigiMurin/plip/sterol_lipids/BD7a69-A-A-CLR8/report.txt	6	0	0	0	0	0	0
/Volumes/GigiMurin/plip/sterol_lipids/BD7a6c-A-A-CLR1/report.txt	4	0	0	0	0	0	0
/Volumes/GigiMurin/plip/sterol_lipids/BD7a6c-A-A-CLR2/report.txt	2	0	0	0	0	0	0
/Volumes/GigiMurin/plip/sterol_lipids/BD7a6c-A-A-CLR3/report.txt	1	0	0	0	0	0	0
/Volumes/GigiMurin/plip/sterol_lipids/BD7a6c-A-A-CLR4/report.txt	5	1	0	0	0	0	0
/Volumes/GigiMurin/plip/sterol_lipids/BD7a6c-A-A-CLR5/report.txt	2	0	0	0	0	0	0
/Volumes/GigiMurin/plip/sterol_lipids/BD7a6c-A-A-CLR6/report.txt	3	1	0	0	0	0	0
/Volumes/GigiMurin/plip/sterol_lipids/BD7a6c-A-A-CLR7/report.txt	5	1	0	0	0	0	0
/Volumes/GigiMurin/plip/sterol_lipids/BD7a6c-A-A-CLR8/report.txt	1	0	0	0	0	0	0
/Volumes/GigiMurin/plip/sterol_lipids/BD7a6e-A-A-CLR10/report.txt	4	1	0	0	0	0	0
/Volumes/GigiMurin/plip/sterol_lipids/BD7a6e-A-A-CLR11/report.txt	4	0	0	0	0	0	0
/Volumes/GigiMurin/plip/sterol_lipids/BD7a6e-A-A-CLR1/report.txt	4	0	0	0	0	0	0
/Volumes/GigiMurin/plip/sterol_lipids/BD7a6e-A-A-CLR2/report.txt	2	0	0	0	0	0	0
/Volumes/GigiMurin/plip/sterol_lipids/BD7a6e-A-A-CLR3/report.txt	3	0	0	0	0	0	0
/Volumes/GigiMurin/plip/sterol_lipids/BD7a6e-A-A-CLR4/report.txt	2	0	0	0	0	0	0
/Volumes/GigiMurin/plip/sterol_lipids/BD7a6e-A-A-CLR5/report.txt	4	1	0	0	0	0	0
/Volumes/GigiMurin/plip/sterol_lipids/BD7a6e-A-A-CLR6/report.txt	4	2	0	0	0	0	0
/Volumes/GigiMurin/plip/sterol_lipids/BD7a6e-A-A-CLR7/report.txt	5	0	0	0	0	0	0
/Volumes/GigiMurin/plip/sterol_lipids/BD7a6e-A-A-CLR8/report.txt	5	1	0	0	0	0	0
/Volumes/GigiMurin/plip/sterol_lipids/BD7a6e-A-A-CLR9/report.txt	5	2	0	0	0	0	0
/Volumes/GigiMurin/plip/sterol_lipids/BD7a6f-A-A-CLR1/report.txt	4	0	0	0	0	0	0
/Volumes/GigiMurin/plip/sterol_lipids/BD7a6f-A-A-CLR2/report.txt	6	0	0	0	0	0	0
/Volumes/GigiMurin/plip/sterol_lipids/BD7a6f-A-A-CLR3/report.txt	4	0	0	0	0	0	0
/Volumes/GigiMurin/plip/sterol_lipids/BD7a6f-A-A-CLR4/report.txt	4	0	0	0	0	0	0
/Volumes/GigiMurin/plip/sterol_lipids/BD7a6f-A-A-CLR5/report.txt	4	0	0	0	0	0	0
/Volumes/GigiMurin/plip/sterol_lipids/BD7a6f-A-A-CLR6/report.txt	2	1	0	0	0	0	0
/Volumes/GigiMurin/plip/sterol_lipids/BD7a6f-A-A-CLR7/report.txt	4	1	0	0	0	0	0
/Volumes/GigiMurin/plip/sterol_lipids/BD7a6f-A-A-CLR8/report.txt	5	0	0	0	0	0	0
/Volumes/GigiMurin/plip/sterol_lipids/BD7aro-A-A-CLR1/report.txt	8	0	0	0	0	0	0
/Volumes/GigiMurin/plip/sterol_lipids/BD7asd-AA-AA-94R1/report.txt	3	2	0	0	0	0	0
/Volumes/GigiMurin/plip/sterol_lipids/BD7asd-AA-BA-94R1/report.txt	2	0	0	0	0	0	0
/Volumes/GigiMurin/plip/sterol_lipids/BD7asd-AB-AB-94R1/report.txt	0	0	0	0	0	0	0
/Volumes/GigiMurin/plip/sterol_lipids/BD7asd-AB-BB-94R1/report.txt	5	0	0	0	0	0	0
/Volumes/GigiMurin/plip/sterol_lipids/BD7asd-BB-BB-94R1/report.txt	1	0	0	0	0	0	0
/Volumes/GigiMurin/plip/sterol_lipids/BD7asd-CB-CB-94R1/report.txt	0	0	0	0	0	0	0
/Volumes/GigiMurin/plip/sterol_lipids/BD7asd-DB-DB-94R1/report.txt	0	0	0	0	0	0	0
/Volumes/GigiMurin/plip/sterol_lipids/BD7asd-EB-EB-94R1/report.txt	0	0	0	0	0	0	0
/Volumes/GigiMurin/plip/sterol_lipids/BD7asd-FB-FB-94R1/report.txt	0	0	0	0	0	0	0
/Volumes/GigiMurin/plip/sterol_lipids/BD7asd-GB-GB-94R1/report.txt	0	0	0	0	0	0	0
/Volumes/GigiMurin/plip/sterol_lipids/BD7asd-HB-HB-94R1/report.txt	1	0	0	0	0	0	0
/Volumes/GigiMurin/plip/sterol_lipids/BD7axi-A-A-EST1/report.txt	4	4	0	0	0	0	0
/Volumes/GigiMurin/plip/sterol_lipids/BD7axj-A-A-EST1/report.txt	5	4	0	0	0	0	0
/Volumes/GigiMurin/plip/sterol_lipids/BD7axk-A-A-EST1/report.txt	4	4	0	0	0	0	0
/Volumes/GigiMurin/plip/sterol_lipids/BD7axl-A-A-EST1/report.txt	4	4	0	0	0	0	0
/Volumes/GigiMurin/plip/sterol_lipids/BD7azn-A-A-YK81/report.txt	14	1	0	0	0	0	0
/Volumes/GigiMurin/plip/sterol_lipids/BD7b00-A-A-AJP1/report.txt	2	1	0	0	0	0	0
/Volumes/GigiMurin/plip/sterol_lipids/BD7blz-1-1-ERG1/report.txt	2	0	0	0	0	0	0
/Volumes/GigiMurin/plip/sterol_lipids/BD7blz-2-1-ERG1/report.txt	4	0	0	0	0	0	0
/Volumes/GigiMurin/plip/sterol_lipids/BD7blz-2-2-ERG1/report.txt	2	0	0	0	0	0	0
/Volumes/GigiMurin/plip/sterol_lipids/BD7blz-2-2-ERG2/report.txt	2	0	0	0	0	0	0
/Volumes/GigiMurin/plip/sterol_lipids/BD7blz-A-2-ERG2/report.txt	1	0	0	0	0	0	0
/Volumes/GigiMurin/plip/sterol_lipids/BD7blz-J-1-ERG1/report.txt	1	0	0	0	0	0	0
/Volumes/GigiMurin/plip/sterol_lipids/BD7bns-A2-A2-U5W1/report.txt	11	3	0	0	0	0	0
/Volumes/GigiMurin/plip/sterol_lipids/BD7bnu-A2-A2-U5W1/report.txt	11	3	0	0	0	0	0
/Volumes/GigiMurin/plip/sterol_lipids/BD7bo6-A-A-FKC1/report.txt	10	3	0	0	0	0	0
/Volumes/GigiMurin/plip/sterol_lipids/BD7bts-A-A-CLR1/report.txt	3	0	0	0	0	0	0
/Volumes/GigiMurin/plip/sterol_lipids/BD7bu6-A-A-CLR1/report.txt	3	0	0	0	0	0	0
/Volumes/GigiMurin/plip/sterol_lipids/BD7bu7-A-A-CLR1/report.txt	4	0	0	0	0	0	0
/Volumes/GigiMurin/plip/sterol_lipids/BD7bvq-A-A-CLR1/report.txt	3	0	0	0	0	0	0
/Volumes/GigiMurin/plip/sterol_lipids/BD7c7v-A-A-FKC1/report.txt	8	5	0	0	0	0	0
/Volumes/GigiMurin/plip/sterol_lipids/BD7c7w-A-A-FKF1/report.txt	14	4	0	0	0	0	0
/Volumes/GigiMurin/plip/sterol_lipids/BD7c9i-C-C-CLR1/report.txt	3	0	0	0	0	0	0
/Volumes/GigiMurin/plip/sterol_lipids/BD7c9i-C-C-CLR2/report.txt	3	0	0	0	0	0	0
/Volumes/GigiMurin/plip/sterol_lipids/BD7c9i-C-C-CLR3/report.txt	4	0	0	0	0	0	0
/Volumes/GigiMurin/plip/sterol_lipids/BD7ca3-A-A-CLR1/report.txt	2	0	0	0	0	0	0
/Volumes/GigiMurin/plip/sterol_lipids/BD7ca3-B-B-CLR1/report.txt	1	0	0	0	0	0	0
/Volumes/GigiMurin/plip/sterol_lipids/BD7cfm-R-R-CLR1/report.txt	3	0	0	0	0	0	0
/Volumes/GigiMurin/plip/sterol_lipids/BD7cfm-R-R-CLR2/report.txt	4	0	0	0	0	0	0
/Volumes/GigiMurin/plip/sterol_lipids/BD7cfm-R-R-CLR3/report.txt	8	0	0	0	0	0	0
/Volumes/GigiMurin/plip/sterol_lipids/BD7cfn-R-R-CLR1/report.txt	5	0	0	0	0	0	0
/Volumes/GigiMurin/plip/sterol_lipids/BD7cfn-R-R-FX01/report.txt	4	1	0	0	0	0	0
/Volumes/GigiMurin/plip/sterol_lipids/BD7cfn-R-R-FX02/report.txt	5	2	0	0	0	0	0
/Volumes/GigiMurin/plip/sterol_lipids/BD7ckw-R-R-CLR1/report.txt	9	0	0	0	0	0	0
/Volumes/GigiMurin/plip/sterol_lipids/BD7ckx-R-R-CLR1/report.txt	6	1	0	0	0	0	0
/Volumes/GigiMurin/plip/sterol_lipids/BD7cky-R-R-CLR1/report.txt	7	0	0	0	0	0	0
/Volumes/GigiMurin/plip/sterol_lipids/BD7ckz-R-R-CLR1/report.txt	5	0	0	0	0	0	0
/Volumes/GigiMurin/plip/sterol_lipids/BD7cl8-A-A-TES1/report.txt	7	1	0	0	0	0	0
/Volumes/GigiMurin/plip/sterol_lipids/BD7cl9-A-A-ASD1/report.txt	5	0	0	0	0	0	0
/Volumes/GigiMurin/plip/sterol_lipids/BD7coh-A-A-CHD1/report.txt	2	1	1	0	0	0	0
/Volumes/GigiMurin/plip/sterol_lipids/BD7coh-A-T-CHD1/report.txt	4	0	0	0	0	0	0
/Volumes/GigiMurin/plip/sterol_lipids/BD7coh-B-T-CHD1/report.txt	1	3	0	0	0	0	0
/Volumes/GigiMurin/plip/sterol_lipids/BD7coh-C-A-CHD1/report.txt	0	1	1	0	0	0	0
/Volumes/GigiMurin/plip/sterol_lipids/BD7coh-C-C-CHD1/report.txt	6	0	1	0	0	0	0
/Volumes/GigiMurin/plip/sterol_lipids/BD7coh-C-N-CHD1/report.txt	1	0	0	0	0	0	0
/Volumes/GigiMurin/plip/sterol_lipids/BD7coh-G-G-CHD1/report.txt	1	0	2	0	0	0	0
/Volumes/GigiMurin/plip/sterol_lipids/BD7coh-J-C-CHD1/report.txt	0	2	0	0	0	0	0
/Volumes/GigiMurin/plip/sterol_lipids/BD7coh-N-G-CHD1/report.txt	4	0	0	0	0	0	0
/Volumes/GigiMurin/plip/sterol_lipids/BD7coh-N-N-CHD1/report.txt	2	1	1	0	0	0	0
/Volumes/GigiMurin/plip/sterol_lipids/BD7coh-O-G-CHD1/report.txt	1	2	0	0	0	0	0
/Volumes/GigiMurin/plip/sterol_lipids/BD7coh-P-A-CHD1/report.txt	1	0	0	0	0	0	0
/Volumes/GigiMurin/plip/sterol_lipids/BD7coh-P-N-CHD1/report.txt	0	1	1	0	0	0	0
/Volumes/GigiMurin/plip/sterol_lipids/BD7coh-P-P-CHD1/report.txt	5	0	1	0	0	0	0
/Volumes/GigiMurin/plip/sterol_lipids/BD7coh-T-T-CHD1/report.txt	1	0	2	0	0	0	0
/Volumes/GigiMurin/plip/sterol_lipids/BD7coh-W-P-CHD1/report.txt	0	2	0	0	0	0	0
/Volumes/GigiMurin/plip/sterol_lipids/BD7cp5-A-B-CHD1/report.txt	4	0	0	0	0	0	0
/Volumes/GigiMurin/plip/sterol_lipids/BD7cp5-A-C-CHD1/report.txt	3	1	1	0	0	0	0
/Volumes/GigiMurin/plip/sterol_lipids/BD7cp5-B-B-CHD1/report.txt	0	2	0	0	0	0	0
/Volumes/GigiMurin/plip/sterol_lipids/BD7cp5-C-C-CHD1/report.txt	1	1	1	0	0	0	0
/Volumes/GigiMurin/plip/sterol_lipids/BD7cp5-C-P-CHD1/report.txt	1	0	0	0	0	0	0
/Volumes/GigiMurin/plip/sterol_lipids/BD7cp5-G-G-CHD1/report.txt	2	0	2	0	0	0	0
/Volumes/GigiMurin/plip/sterol_lipids/BD7cp5-L-L-CHD1/report.txt	2	0	0	0	0	0	0
/Volumes/GigiMurin/plip/sterol_lipids/BD7cp5-M-L-CHD1/report.txt	2	0	0	0	0	0	0
/Volumes/GigiMurin/plip/sterol_lipids/BD7cp5-N-G-CHD1/report.txt	4	0	0	0	0	0	0
/Volumes/GigiMurin/plip/sterol_lipids/BD7cp5-N-P-CHD1/report.txt	2	1	1	0	0	0	0
/Volumes/GigiMurin/plip/sterol_lipids/BD7cp5-O-G-CHD1/report.txt	1	2	0	0	0	0	0
/Volumes/GigiMurin/plip/sterol_lipids/BD7cp5-P-C-CHD1/report.txt	1	0	0	0	0	0	0
/Volumes/GigiMurin/plip/sterol_lipids/BD7cp5-P-P-CHD1/report.txt	1	1	1	0	0	0	0
/Volumes/GigiMurin/plip/sterol_lipids/BD7cp5-T-B-CHD1/report.txt	1	0	2	0	0	0	0
/Volumes/GigiMurin/plip/sterol_lipids/BD7cp5-Y-Y-CHD1/report.txt	2	1	0	0	0	0	0
/Volumes/GigiMurin/plip/sterol_lipids/BD7cp5-Z-Y-CHD1/report.txt	1	1	0	0	0	0	0
/Volumes/GigiMurin/plip/sterol_lipids/BD7cu3-A-A-CLR1/report.txt	6	0	0	0	0	0	0
/Volumes/GigiMurin/plip/sterol_lipids/BD7cu3-A-A-CLR2/report.txt	5	0	0	0	0	0	0
/Volumes/GigiMurin/plip/sterol_lipids/BD7cum-A-A-CLR1/report.txt	4	0	0	0	0	0	0
/Volumes/GigiMurin/plip/sterol_lipids/BD7cum-A-A-CLR2/report.txt	6	0	0	0	0	0	0
/Volumes/GigiMurin/plip/sterol_lipids/BD7cum-A-A-CLR3/report.txt	1	0	0	0	0	0	0
/Volumes/GigiMurin/plip/sterol_lipids/BD7cum-A-A-CLR4/report.txt	2	0	0	0	0	0	0
/Volumes/GigiMurin/plip/sterol_lipids/BD7cum-A-A-CLR5/report.txt	4	0	0	0	0	0	0
/Volumes/GigiMurin/plip/sterol_lipids/BD7cum-A-B-CLR8/report.txt	1	0	0	0	0	0	0
/Volumes/GigiMurin/plip/sterol_lipids/BD7cum-B-A-CLR5/report.txt	2	0	0	0	0	0	0
/Volumes/GigiMurin/plip/sterol_lipids/BD7cum-B-B-CLR1/report.txt	1	0	0	0	0	0	0
/Volumes/GigiMurin/plip/sterol_lipids/BD7cum-B-B-CLR2/report.txt	3	0	0	0	0	0	0
/Volumes/GigiMurin/plip/sterol_lipids/BD7cum-B-B-CLR3/report.txt	2	0	0	0	0	0	0
/Volumes/GigiMurin/plip/sterol_lipids/BD7cum-B-B-CLR4/report.txt	2	1	0	0	0	0	0
/Volumes/GigiMurin/plip/sterol_lipids/BD7cum-B-B-CLR5/report.txt	5	1	0	0	0	0	0
/Volumes/GigiMurin/plip/sterol_lipids/BD7cum-B-B-CLR6/report.txt	2	0	0	0	0	0	0
/Volumes/GigiMurin/plip/sterol_lipids/BD7cum-B-B-CLR7/report.txt	1	0	0	0	0	0	0
/Volumes/GigiMurin/plip/sterol_lipids/BD7cum-B-B-CLR8/report.txt	2	0	0	0	0	0	0
/Volumes/GigiMurin/plip/sterol_lipids/BD7cz5-R-R-CLR1/report.txt	6	0	0	0	0	0	0
/Volumes/GigiMurin/plip/sterol_lipids/BD7d1x-A-A-CHD1/report.txt	6	4	2	0	0	0	0
/Volumes/GigiMurin/plip/sterol_lipids/BD7d1x-B-B-CHD1/report.txt	7	1	0	0	0	0	0
/Volumes/GigiMurin/plip/sterol_lipids/BD7d5w-A-B-CHD1/report.txt	4	0	0	0	0	0	0
/Volumes/GigiMurin/plip/sterol_lipids/BD7d5w-A-C-CHD1/report.txt	3	1	1	0	0	0	0
/Volumes/GigiMurin/plip/sterol_lipids/BD7d5w-B-B-CHD1/report.txt	0	3	0	0	0	0	0
/Volumes/GigiMurin/plip/sterol_lipids/BD7d5w-C-C-CHD1/report.txt	1	1	1	0	0	0	0
/Volumes/GigiMurin/plip/sterol_lipids/BD7d5w-C-C-CHD2/report.txt	6	0	1	0	0	0	0
/Volumes/GigiMurin/plip/sterol_lipids/BD7d5w-C-P-CHD1/report.txt	1	0	0	0	0	0	0
/Volumes/GigiMurin/plip/sterol_lipids/BD7d5w-G-G-CHD1/report.txt	3	0	2	0	0	0	0
/Volumes/GigiMurin/plip/sterol_lipids/BD7d5w-J-C-CHD2/report.txt	0	1	0	0	0	0	0
/Volumes/GigiMurin/plip/sterol_lipids/BD7d5w-J-J-CHD1/report.txt	4	1	0	0	0	0	0
/Volumes/GigiMurin/plip/sterol_lipids/BD7d5w-L-L-CHD1/report.txt	0	0	0	0	0	0	0
/Volumes/GigiMurin/plip/sterol_lipids/BD7d5w-M-L-CHD1/report.txt	2	0	0	0	0	0	0
/Volumes/GigiMurin/plip/sterol_lipids/BD7d5w-N-G-CHD1/report.txt	4	0	0	0	0	0	0
/Volumes/GigiMurin/plip/sterol_lipids/BD7d5w-N-P-CHD1/report.txt	2	1	1	0	0	0	0
/Volumes/GigiMurin/plip/sterol_lipids/BD7d5w-O-G-CHD1/report.txt	1	2	0	0	0	0	0
/Volumes/GigiMurin/plip/sterol_lipids/BD7d5w-P-C-CHD1/report.txt	1	0	0	0	0	0	0
/Volumes/GigiMurin/plip/sterol_lipids/BD7d5w-P-P-CHD1/report.txt	1	1	1	0	0	0	0
/Volumes/GigiMurin/plip/sterol_lipids/BD7d5w-T-B-CHD1/report.txt	1	0	2	0	0	0	0
/Volumes/GigiMurin/plip/sterol_lipids/BD7d5w-Y-Y-CHD1/report.txt	2	1	0	0	0	0	0
/Volumes/GigiMurin/plip/sterol_lipids/BD7d5w-Z-Y-CHD1/report.txt	2	1	0	0	0	0	0
/Volumes/GigiMurin/plip/sterol_lipids/BD7d5x-A-B-CHD1/report.txt	4	0	0	0	0	0	0
/Volumes/GigiMurin/plip/sterol_lipids/BD7d5x-A-C-CHD1/report.txt	2	1	1	0	0	0	0
/Volumes/GigiMurin/plip/sterol_lipids/BD7d5x-B-B-CHD1/report.txt	0	3	0	0	0	0	0
/Volumes/GigiMurin/plip/sterol_lipids/BD7d5x-C-C-CHD1/report.txt	1	1	1	0	0	0	0
/Volumes/GigiMurin/plip/sterol_lipids/BD7d5x-C-C-CHD2/report.txt	5	0	1	0	0	0	0
/Volumes/GigiMurin/plip/sterol_lipids/BD7d5x-G-G-CHD1/report.txt	2	0	2	0	0	0	0
/Volumes/GigiMurin/plip/sterol_lipids/BD7d5x-J-C-CHD2/report.txt	1	1	0	0	0	0	0
/Volumes/GigiMurin/plip/sterol_lipids/BD7d5x-L-L-CHD1/report.txt	0	1	0	0	0	0	0
/Volumes/GigiMurin/plip/sterol_lipids/BD7d5x-M-L-CHD1/report.txt	2	1	0	0	0	0	0
/Volumes/GigiMurin/plip/sterol_lipids/BD7d5x-N-G-CHD1/report.txt	4	0	0	0	0	0	0
/Volumes/GigiMurin/plip/sterol_lipids/BD7d5x-N-P-CHD1/report.txt	2	1	1	0	0	0	0
/Volumes/GigiMurin/plip/sterol_lipids/BD7d5x-O-G-CHD1/report.txt	1	2	0	0	0	0	0
/Volumes/GigiMurin/plip/sterol_lipids/BD7d5x-P-C-CHD1/report.txt	1	0	0	0	0	0	0
/Volumes/GigiMurin/plip/sterol_lipids/BD7d5x-P-P-CHD1/report.txt	1	1	1	0	0	0	0
/Volumes/GigiMurin/plip/sterol_lipids/BD7d5x-P-P-CHD2/report.txt	5	0	1	0	0	0	0
/Volumes/GigiMurin/plip/sterol_lipids/BD7d5x-T-B-CHD1/report.txt	1	0	2	0	0	0	0
/Volumes/GigiMurin/plip/sterol_lipids/BD7d5x-W-P-CHD2/report.txt	1	1	0	0	0	0	0
/Volumes/GigiMurin/plip/sterol_lipids/BD7d76-R-R-CLR1/report.txt	3	0	0	0	0	0	0
/Volumes/GigiMurin/plip/sterol_lipids/BD7d76-R-R-CLR2/report.txt	4	0	0	0	0	0	0
/Volumes/GigiMurin/plip/sterol_lipids/BD7d76-R-R-GXR1/report.txt	2	1	0	0	0	0	0
/Volumes/GigiMurin/plip/sterol_lipids/BD7d77-R-R-CLR1/report.txt	2	0	0	0	0	0	0
/Volumes/GigiMurin/plip/sterol_lipids/BD7d77-R-R-CLR2/report.txt	5	0	0	0	0	0	0
/Volumes/GigiMurin/plip/sterol_lipids/BD7d77-R-R-HCY1/report.txt	4	1	0	0	0	0	0
/Volumes/GigiMurin/plip/sterol_lipids/BD7d8x-C-C-CLR1/report.txt	2	0	0	0	0	0	0
/Volumes/GigiMurin/plip/sterol_lipids/BD7d8x-C-C-CLR2/report.txt	6	2	0	0	0	0	0
/Volumes/GigiMurin/plip/sterol_lipids/BD7d8x-C-C-CLR3/report.txt	5	0	0	0	0	0	0
/Volumes/GigiMurin/plip/sterol_lipids/BD7d91-A-A-CLR1/report.txt	2	1	0	0	0	0	0
/Volumes/GigiMurin/plip/sterol_lipids/BD7d91-A-G-CLR1/report.txt	6	0	0	0	0	0	0
/Volumes/GigiMurin/plip/sterol_lipids/BD7d91-G-G-CLR1/report.txt	3	1	0	0	0	0	0
/Volumes/GigiMurin/plip/sterol_lipids/BD7d92-A-A-CLR1/report.txt	2	1	0	0	0	0	0
/Volumes/GigiMurin/plip/sterol_lipids/BD7d92-A-B-CLR1/report.txt	0	0	0	0	0	0	0
/Volumes/GigiMurin/plip/sterol_lipids/BD7d92-A-G-CLR1/report.txt	5	0	0	0	0	0	0
/Volumes/GigiMurin/plip/sterol_lipids/BD7d92-B-A-CLR1/report.txt	1	0	0	0	0	0	0
/Volumes/GigiMurin/plip/sterol_lipids/BD7d92-B-B-CLR1/report.txt	3	1	0	0	0	0	0
/Volumes/GigiMurin/plip/sterol_lipids/BD7d92-G-G-CLR1/report.txt	4	1	0	0	0	0	0
/Volumes/GigiMurin/plip/sterol_lipids/BD7d93-A-A-CLR1/report.txt	1	2	0	0	0	0	0
/Volumes/GigiMurin/plip/sterol_lipids/BD7d93-A-A-CLR2/report.txt	3	0	0	0	0	0	0
/Volumes/GigiMurin/plip/sterol_lipids/BD7d93-A-G-CLR1/report.txt	9	0	0	0	0	0	0
/Volumes/GigiMurin/plip/sterol_lipids/BD7d93-C-A-CLR1/report.txt	2	0	0	0	0	0	0
/Volumes/GigiMurin/plip/sterol_lipids/BD7d93-C-A-CLR2/report.txt	1	0	0	0	0	0	0
/Volumes/GigiMurin/plip/sterol_lipids/BD7d93-C-D-CLR1/report.txt	2	1	0	0	0	0	0
/Volumes/GigiMurin/plip/sterol_lipids/BD7d93-D-D-CLR1/report.txt	3	1	0	0	0	0	0
/Volumes/GigiMurin/plip/sterol_lipids/BD7d93-E-E-CLR1/report.txt	2	1	0	0	0	0	0
/Volumes/GigiMurin/plip/sterol_lipids/BD7d94-A-A-BUF1/report.txt	7	1	0	0	0	0	0
/Volumes/GigiMurin/plip/sterol_lipids/BD7d94-A-A-CLR1/report.txt	3	2	0	0	0	0	0
/Volumes/GigiMurin/plip/sterol_lipids/BD7d94-A-C-CLR1/report.txt	1	0	0	0	0	0	0
/Volumes/GigiMurin/plip/sterol_lipids/BD7d94-A-G-CLR1/report.txt	9	0	0	0	0	0	0
/Volumes/GigiMurin/plip/sterol_lipids/BD7d94-C-A-CLR1/report.txt	1	0	0	0	0	0	0
/Volumes/GigiMurin/plip/sterol_lipids/BD7d94-C-C-CLR1/report.txt	2	1	0	0	0	0	0
/Volumes/GigiMurin/plip/sterol_lipids/BD7d94-C-D-CLR1/report.txt	1	0	0	0	0	0	0
/Volumes/GigiMurin/plip/sterol_lipids/BD7d94-D-C-CLR1/report.txt	1	0	0	0	0	0	0
/Volumes/GigiMurin/plip/sterol_lipids/BD7d94-D-D-CLR1/report.txt	4	2	0	0	0	0	0
/Volumes/GigiMurin/plip/sterol_lipids/BD7d94-E-E-CLR1/report.txt	2	1	0	0	0	0	0
/Volumes/GigiMurin/plip/sterol_lipids/BD7ddf-A-A-CLR1/report.txt	2	2	0	0	0	0	0
/Volumes/GigiMurin/plip/sterol_lipids/BD7ddf-A-B-CLR1/report.txt	1	0	0	0	0	0	0
/Volumes/GigiMurin/plip/sterol_lipids/BD7ddf-A-C-CLR1/report.txt	1	0	0	0	0	0	0
/Volumes/GigiMurin/plip/sterol_lipids/BD7ddf-A-G-CLR1/report.txt	11	0	0	0	0	0	0
/Volumes/GigiMurin/plip/sterol_lipids/BD7ddf-B-A-CLR1/report.txt	1	0	0	0	0	0	0
/Volumes/GigiMurin/plip/sterol_lipids/BD7ddf-B-B-CLR1/report.txt	4	1	0	0	0	0	0
/Volumes/GigiMurin/plip/sterol_lipids/BD7ddf-C-A-CLR1/report.txt	1	0	0	0	0	0	0
/Volumes/GigiMurin/plip/sterol_lipids/BD7ddf-C-C-CLR1/report.txt	2	0	0	0	0	0	0
/Volumes/GigiMurin/plip/sterol_lipids/BD7ddf-C-D-CLR1/report.txt	0	1	0	0	0	0	0
/Volumes/GigiMurin/plip/sterol_lipids/BD7ddf-D-C-CLR1/report.txt	1	0	0	0	0	0	0
/Volumes/GigiMurin/plip/sterol_lipids/BD7ddf-E-E-CLR1/report.txt	2	1	0	0	0	0	0
/Volumes/GigiMurin/plip/sterol_lipids/BD7ddh-A-A-CLR1/report.txt	2	2	0	0	0	0	0
/Volumes/GigiMurin/plip/sterol_lipids/BD7ddh-A-A-DGX1/report.txt	5	3	0	0	0	0	0
/Volumes/GigiMurin/plip/sterol_lipids/BD7ddh-A-B-CLR1/report.txt	1	0	0	0	0	0	0
/Volumes/GigiMurin/plip/sterol_lipids/BD7ddh-A-C-CLR1/report.txt	1	0	0	0	0	0	0
/Volumes/GigiMurin/plip/sterol_lipids/BD7ddh-A-G-CLR1/report.txt	7	0	0	0	0	0	0
/Volumes/GigiMurin/plip/sterol_lipids/BD7ddh-B-B-CLR1/report.txt	3	1	0	0	0	0	0
/Volumes/GigiMurin/plip/sterol_lipids/BD7ddh-C-A-CLR1/report.txt	2	0	0	0	0	0	0
/Volumes/GigiMurin/plip/sterol_lipids/BD7ddh-C-C-CLR1/report.txt	2	1	0	0	0	0	0
/Volumes/GigiMurin/plip/sterol_lipids/BD7ddh-D-C-CLR1/report.txt	1	0	0	0	0	0	0
/Volumes/GigiMurin/plip/sterol_lipids/BD7ddh-E-E-CLR1/report.txt	2	1	0	0	0	0	0
/Volumes/GigiMurin/plip/sterol_lipids/BD7ddi-A-A-CLR1/report.txt	1	0	0	0	0	0	0
/Volumes/GigiMurin/plip/sterol_lipids/BD7ddi-A-A-F9R1/report.txt	9	3	0	0	0	0	0
/Volumes/GigiMurin/plip/sterol_lipids/BD7ddi-A-C-CLR1/report.txt	2	2	0	0	0	0	0
/Volumes/GigiMurin/plip/sterol_lipids/BD7ddi-A-G-CLR1/report.txt	8	0	0	0	0	0	0
/Volumes/GigiMurin/plip/sterol_lipids/BD7ddi-C-C-CLR1/report.txt	2	0	0	0	0	0	0
/Volumes/GigiMurin/plip/sterol_lipids/BD7ddi-C-C-F9R1/report.txt	10	3	0	0	0	0	0
/Volumes/GigiMurin/plip/sterol_lipids/BD7ddi-D-A-CLR1/report.txt	1	0	0	0	0	0	0
/Volumes/GigiMurin/plip/sterol_lipids/BD7ddi-E-E-CLR1/report.txt	2	1	0	0	0	0	0
/Volumes/GigiMurin/plip/sterol_lipids/BD7ddk-A-A-CLR1/report.txt	3	2	0	0	0	0	0
/Volumes/GigiMurin/plip/sterol_lipids/BD7ddk-A-A-E4R1/report.txt	6	0	0	0	0	0	0
/Volumes/GigiMurin/plip/sterol_lipids/BD7ddk-A-B-CLR1/report.txt	1	0	0	0	0	0	0
/Volumes/GigiMurin/plip/sterol_lipids/BD7ddk-A-G-CLR1/report.txt	9	0	0	0	0	0	0
/Volumes/GigiMurin/plip/sterol_lipids/BD7ddk-B-B-CLR1/report.txt	3	1	0	0	0	0	0
/Volumes/GigiMurin/plip/sterol_lipids/BD7ddk-C-A-CLR1/report.txt	1	0	0	0	0	0	0
/Volumes/GigiMurin/plip/sterol_lipids/BD7ddk-C-C-CLR1/report.txt	3	1	0	0	0	0	0
/Volumes/GigiMurin/plip/sterol_lipids/BD7ddk-D-C-CLR1/report.txt	1	0	0	0	0	0	0
/Volumes/GigiMurin/plip/sterol_lipids/BD7ddk-E-E-CLR1/report.txt	2	1	0	0	0	0	0
/Volumes/GigiMurin/plip/sterol_lipids/BD7ddl-A-A-BUF1/report.txt	8	1	0	0	0	0	0
/Volumes/GigiMurin/plip/sterol_lipids/BD7ddl-A-A-CLR1/report.txt	3	2	0	0	0	0	0
/Volumes/GigiMurin/plip/sterol_lipids/BD7ddl-A-B-CLR1/report.txt	1	0	0	0	0	0	0
/Volumes/GigiMurin/plip/sterol_lipids/BD7ddl-A-C-CLR1/report.txt	1	0	0	0	0	0	0
/Volumes/GigiMurin/plip/sterol_lipids/BD7ddl-A-G-CLR1/report.txt	9	0	0	0	0	0	0
/Volumes/GigiMurin/plip/sterol_lipids/BD7ddl-B-B-CLR1/report.txt	3	1	0	0	0	0	0
/Volumes/GigiMurin/plip/sterol_lipids/BD7ddl-C-A-CLR1/report.txt	1	0	0	0	0	0	0
/Volumes/GigiMurin/plip/sterol_lipids/BD7ddl-C-C-CLR1/report.txt	2	1	0	0	0	0	0
/Volumes/GigiMurin/plip/sterol_lipids/BD7ddl-D-C-CLR1/report.txt	1	0	0	0	0	0	0
/Volumes/GigiMurin/plip/sterol_lipids/BD7ddl-E-E-CLR1/report.txt	3	1	0	0	0	0	0
/Volumes/GigiMurin/plip/sterol_lipids/BD7df8-A-A-CLR1/report.txt	2	0	0	0	0	0	0
/Volumes/GigiMurin/plip/sterol_lipids/BD7df8-A-A-CLR2/report.txt	2	0	0	0	0	0	0
/Volumes/GigiMurin/plip/sterol_lipids/BD7df8-A-A-CLR3/report.txt	1	0	0	0	0	0	0
/Volumes/GigiMurin/plip/sterol_lipids/BD7df8-A-A-CLR4/report.txt	4	0	0	0	0	0	0
/Volumes/GigiMurin/plip/sterol_lipids/BD7dfw-A-A-CLR1/report.txt	5	0	0	0	0	0	0
/Volumes/GigiMurin/plip/sterol_lipids/BD7dfw-A-A-CLR2/report.txt	6	0	0	0	0	0	0
/Volumes/GigiMurin/plip/sterol_lipids/BD7dfw-A-A-CLR3/report.txt	7	0	0	0	0	0	0
/Volumes/GigiMurin/plip/sterol_lipids/BD7dfw-A-A-CLR4/report.txt	2	0	0	0	0	0	0
/Volumes/GigiMurin/plip/sterol_lipids/BD7dfw-A-A-CLR5/report.txt	3	0	0	0	0	0	0
/Volumes/GigiMurin/plip/sterol_lipids/BD7dfw-A-A-CLR6/report.txt	3	0	0	0	0	0	0
/Volumes/GigiMurin/plip/sterol_lipids/BD7dfz-A-A-CLR1/report.txt	2	1	0	0	0	0	0
/Volumes/GigiMurin/plip/sterol_lipids/BD7dfz-A-A-CLR2/report.txt	3	0	0	0	0	0	0
/Volumes/GigiMurin/plip/sterol_lipids/BD7dfz-A-A-CLR3/report.txt	1	1	0	0	0	0	0
/Volumes/GigiMurin/plip/sterol_lipids/BD7dfz-A-A-CLR4/report.txt	4	0	0	0	0	0	0
/Volumes/GigiMurin/plip/sterol_lipids/BD7drt-B-B-CLR1/report.txt	7	0	0	0	0	0	0
/Volumes/GigiMurin/plip/sterol_lipids/BD7dty-R-R-CLR1/report.txt	1	0	0	0	0	0	0
/Volumes/GigiMurin/plip/sterol_lipids/BD7dty-R-R-CLR2/report.txt	6	0	0	0	0	0	0
/Volumes/GigiMurin/plip/sterol_lipids/BD7dty-R-R-CLR3/report.txt	1	0	0	0	0	0	0
/Volumes/GigiMurin/plip/sterol_lipids/BD7dty-R-R-CLR4/report.txt	2	0	0	0	0	0	0
/Volumes/GigiMurin/plip/sterol_lipids/BD7dty-R-R-CLR5/report.txt	4	0	0	0	0	0	0
/Volumes/GigiMurin/plip/sterol_lipids/BD7duq-R-R-CLR1/report.txt	6	2	0	0	0	0	0
/Volumes/GigiMurin/plip/sterol_lipids/BD7duq-R-R-CLR2/report.txt	5	0	0	0	0	0	0
/Volumes/GigiMurin/plip/sterol_lipids/BD7duq-R-R-CLR3/report.txt	2	1	0	0	0	0	0
/Volumes/GigiMurin/plip/sterol_lipids/BD7duq-R-R-CLR4/report.txt	9	1	0	0	0	0	0
/Volumes/GigiMurin/plip/sterol_lipids/BD7duq-R-R-CLR5/report.txt	2	0	0	0	0	0	0
/Volumes/GigiMurin/plip/sterol_lipids/BD7duq-R-R-CLR6/report.txt	5	1	0	0	0	0	0
/Volumes/GigiMurin/plip/sterol_lipids/BD7dur-R-R-CLR1/report.txt	1	0	0	0	0	0	0
/Volumes/GigiMurin/plip/sterol_lipids/BD7dur-R-R-CLR2/report.txt	2	0	0	0	0	0	0
/Volumes/GigiMurin/plip/sterol_lipids/BD7dur-R-R-CLR3/report.txt	2	1	0	0	0	0	0
/Volumes/GigiMurin/plip/sterol_lipids/BD7dur-R-R-CLR4/report.txt	3	0	0	0	0	0	0
/Volumes/GigiMurin/plip/sterol_lipids/BD7dur-R-R-CLR5/report.txt	0	1	0	0	0	0	0
/Volumes/GigiMurin/plip/sterol_lipids/BD7dv5-U-U-TCH1/report.txt	6	3	0	0	0	0	0
/Volumes/GigiMurin/plip/sterol_lipids/BD7dv5-U-U-TCH2/report.txt	4	4	2	0	0	0	0
/Volumes/GigiMurin/plip/sterol_lipids/BD7dw9-R-R-CLR1/report.txt	6	0	0	0	0	0	0
/Volumes/GigiMurin/plip/sterol_lipids/BD7dw9-R-R-CLR2/report.txt	4	1	0	0	0	0	0
/Volumes/GigiMurin/plip/sterol_lipids/BD7dw9-R-R-CLR3/report.txt	1	0	0	0	0	0	0
/Volumes/GigiMurin/plip/sterol_lipids/BD7e14-R-R-CLR1/report.txt	2	0	0	0	0	0	0
/Volumes/GigiMurin/plip/sterol_lipids/BD7e14-R-R-CLR2/report.txt	3	0	0	0	0	0	0
/Volumes/GigiMurin/plip/sterol_lipids/BD7e14-R-R-CLR3/report.txt	4	0	0	0	0	0	0
/Volumes/GigiMurin/plip/sterol_lipids/BD7e14-R-R-CLR4/report.txt	6	0	0	0	0	0	0
/Volumes/GigiMurin/plip/sterol_lipids/BD7e14-R-R-CLR5/report.txt	5	0	0	0	0	0	0
/Volumes/GigiMurin/plip/sterol_lipids/BD7e1a-U-U-TCH1/report.txt	5	4	0	0	0	0	0
/Volumes/GigiMurin/plip/sterol_lipids/BD7e2x-R-R-CLR10/report.txt	3	0	0	0	0	0	0
/Volumes/GigiMurin/plip/sterol_lipids/BD7e2x-R-R-CLR1/report.txt	6	3	0	0	0	0	0
/Volumes/GigiMurin/plip/sterol_lipids/BD7e2x-R-R-CLR2/report.txt	2	0	0	0	0	0	0
/Volumes/GigiMurin/plip/sterol_lipids/BD7e2x-R-R-CLR3/report.txt	2	0	0	0	0	0	0
/Volumes/GigiMurin/plip/sterol_lipids/BD7e2x-R-R-CLR4/report.txt	3	0	0	0	0	0	0
/Volumes/GigiMurin/plip/sterol_lipids/BD7e2x-R-R-CLR5/report.txt	3	0	0	0	0	0	0
/Volumes/GigiMurin/plip/sterol_lipids/BD7e2x-R-R-CLR6/report.txt	3	0	0	0	0	0	0
/Volumes/GigiMurin/plip/sterol_lipids/BD7e2x-R-R-CLR7/report.txt	1	0	0	0	0	0	0
/Volumes/GigiMurin/plip/sterol_lipids/BD7e2x-R-R-CLR8/report.txt	2	0	0	0	0	0	0
/Volumes/GigiMurin/plip/sterol_lipids/BD7e2x-R-R-CLR9/report.txt	3	0	0	0	0	0	0
/Volumes/GigiMurin/plip/sterol_lipids/BD7e2y-R-R-CLR1/report.txt	5	1	0	0	0	0	0
/Volumes/GigiMurin/plip/sterol_lipids/BD7e2y-R-R-CLR2/report.txt	3	0	0	0	0	0	0
/Volumes/GigiMurin/plip/sterol_lipids/BD7e2y-R-R-CLR3/report.txt	2	0	0	0	0	0	0
/Volumes/GigiMurin/plip/sterol_lipids/BD7e2y-R-R-CLR4/report.txt	2	0	0	0	0	0	0
/Volumes/GigiMurin/plip/sterol_lipids/BD7e2z-R-R-CLR1/report.txt	7	3	0	0	0	0	0
/Volumes/GigiMurin/plip/sterol_lipids/BD7e2z-R-R-CLR2/report.txt	2	0	0	0	0	0	0
/Volumes/GigiMurin/plip/sterol_lipids/BD7e2z-R-R-CLR3/report.txt	3	0	0	0	0	0	0
/Volumes/GigiMurin/plip/sterol_lipids/BD7e32-R-R-CLR1/report.txt	2	0	0	0	0	0	0
/Volumes/GigiMurin/plip/sterol_lipids/BD7e7f-A-A-CHD1/report.txt	7	4	2	0	0	0	0
/Volumes/GigiMurin/plip/sterol_lipids/BD7e7f-A-A-CHD2/report.txt	3	0	1	0	0	0	0
/Volumes/GigiMurin/plip/sterol_lipids/BD7ehl-A-A-CLR1/report.txt	3	0	0	0	0	0	0
/Volumes/GigiMurin/plip/sterol_lipids/BD7ehl-A-A-CLR2/report.txt	0	0	0	0	0	0	0
/Volumes/GigiMurin/plip/sterol_lipids/BD7ehl-A-B-CLR1/report.txt	0	0	0	0	0	0	0
/Volumes/GigiMurin/plip/sterol_lipids/BD7ejx-R-R-CLR1/report.txt	1	0	0	0	0	0	0
/Volumes/GigiMurin/plip/sterol_lipids/BD7ejx-R-R-CLR2/report.txt	4	0	0	0	0	0	0
/Volumes/GigiMurin/plip/sterol_lipids/BD7ejx-R-R-CLR3/report.txt	3	0	0	0	0	0	0
/Volumes/GigiMurin/plip/sterol_lipids/BD7eki-A-A-CLR1/report.txt	3	0	0	0	0	0	0
/Volumes/GigiMurin/plip/sterol_lipids/BD7ekp-A-A-CLR1/report.txt	5	0	0	0	0	0	0
/Volumes/GigiMurin/plip/sterol_lipids/BD7ekt-A-A-CLR1/report.txt	4	0	0	0	0	0	0
/Volumes/GigiMurin/plip/sterol_lipids/BD7eov-A-A-CHD1/report.txt	8	5	2	0	0	0	0
/Volumes/GigiMurin/plip/sterol_lipids/BD7eov-A-A-CHD2/report.txt	2	0	1	0	0	0	0
/Volumes/GigiMurin/plip/sterol_lipids/BD7et1-A-A-CLR1/report.txt	1	1	0	0	0	0	0
/Volumes/GigiMurin/plip/sterol_lipids/BD7et1-B-A-CLR1/report.txt	6	0	0	0	0	0	0
/Volumes/GigiMurin/plip/sterol_lipids/BD7etw-A-A-AJP1/report.txt	2	2	0	0	0	0	0
/Volumes/GigiMurin/plip/sterol_lipids/BD7etw-A-A-AJP2/report.txt	3	9	0	0	0	0	0
/Volumes/GigiMurin/plip/sterol_lipids/BD7etw-A-A-AJP3/report.txt	1	3	2	0	0	0	0
/Volumes/GigiMurin/plip/sterol_lipids/BD7etw-A-A-AJP4/report.txt	1	3	0	0	0	0	0
/Volumes/GigiMurin/plip/sterol_lipids/BD7etw-B-A-AJP3/report.txt	3	1	0	0	0	0	0
/Volumes/GigiMurin/plip/sterol_lipids/BD7euo-R-R-CLR1/report.txt	2	0	0	0	0	0	0
/Volumes/GigiMurin/plip/sterol_lipids/BD7euo-R-R-CLR2/report.txt	4	1	0	0	0	0	0
/Volumes/GigiMurin/plip/sterol_lipids/BD7ev7-A-B-CHD1/report.txt	4	0	0	0	0	0	0
/Volumes/GigiMurin/plip/sterol_lipids/BD7ev7-A-C-CHD1/report.txt	3	1	1	0	0	0	0
/Volumes/GigiMurin/plip/sterol_lipids/BD7ev7-A-J-CHD1/report.txt	1	0	0	0	0	0	0
/Volumes/GigiMurin/plip/sterol_lipids/BD7ev7-B-B-CHD1/report.txt	1	2	0	0	0	0	0
/Volumes/GigiMurin/plip/sterol_lipids/BD7ev7-C-C-CHD1/report.txt	1	1	1	0	0	0	0
/Volumes/GigiMurin/plip/sterol_lipids/BD7ev7-C-C-CHD2/report.txt	6	0	1	0	0	0	0
/Volumes/GigiMurin/plip/sterol_lipids/BD7ev7-C-C-CHD3/report.txt	0	0	0	0	0	0	0
/Volumes/GigiMurin/plip/sterol_lipids/BD7ev7-G-G-CHD1/report.txt	1	0	2	0	0	0	0
/Volumes/GigiMurin/plip/sterol_lipids/BD7ev7-J-C-CHD2/report.txt	0	1	0	0	0	0	0
/Volumes/GigiMurin/plip/sterol_lipids/BD7ev7-J-J-CHD1/report.txt	1	1	0	0	0	0	0
/Volumes/GigiMurin/plip/sterol_lipids/BD7ev7-N-G-CHD1/report.txt	4	0	0	0	0	0	0
/Volumes/GigiMurin/plip/sterol_lipids/BD7ev7-N-P-CHD1/report.txt	3	1	1	0	0	0	0
/Volumes/GigiMurin/plip/sterol_lipids/BD7ev7-N-W-CHD1/report.txt	1	0	0	0	0	0	0
/Volumes/GigiMurin/plip/sterol_lipids/BD7ev7-O-G-CHD1/report.txt	1	2	0	0	0	0	0
/Volumes/GigiMurin/plip/sterol_lipids/BD7ev7-P-P-CHD1/report.txt	1	1	1	0	0	0	0
/Volumes/GigiMurin/plip/sterol_lipids/BD7ev7-P-P-CHD2/report.txt	0	0	0	0	0	0	0
/Volumes/GigiMurin/plip/sterol_lipids/BD7ev7-P-P-CHD3/report.txt	6	0	1	0	0	0	0
/Volumes/GigiMurin/plip/sterol_lipids/BD7ev7-T-B-CHD1/report.txt	1	0	2	0	0	0	0
/Volumes/GigiMurin/plip/sterol_lipids/BD7ev7-W-P-CHD3/report.txt	1	1	0	0	0	0	0
/Volumes/GigiMurin/plip/sterol_lipids/BD7ev7-W-W-CHD1/report.txt	1	3	0	0	0	0	0
/Volumes/GigiMurin/plip/sterol_lipids/BD7ev7-W-Y-CHD1/report.txt	1	0	0	0	0	0	0
/Volumes/GigiMurin/plip/sterol_lipids/BD7ev7-Y-Y-CHD1/report.txt	2	0	0	0	0	0	0
/Volumes/GigiMurin/plip/sterol_lipids/BD7evm-R-R-CLR1/report.txt	3	0	0	0	0	0	0
/Volumes/GigiMurin/plip/sterol_lipids/BD7evm-R-R-CLR2/report.txt	0	0	0	0	0	0	0
/Volumes/GigiMurin/plip/sterol_lipids/BD7evm-R-R-CLR3/report.txt	2	0	0	0	0	0	0
/Volumes/GigiMurin/plip/sterol_lipids/BD7evm-R-R-CLR4/report.txt	6	0	0	0	0	0	0
/Volumes/GigiMurin/plip/sterol_lipids/BD7eyw-B-B-0IP1/report.txt	5	1	0	0	0	0	0
/Volumes/GigiMurin/plip/sterol_lipids/BD7f16-R-R-CLR1/report.txt	3	0	0	0	0	0	0
/Volumes/GigiMurin/plip/sterol_lipids/BD7f16-R-R-CLR2/report.txt	3	0	0	0	0	0	0
/Volumes/GigiMurin/plip/sterol_lipids/BD7f16-R-R-CLR3/report.txt	4	0	0	0	0	0	0
/Volumes/GigiMurin/plip/sterol_lipids/BD7f16-R-R-CLR4/report.txt	2	0	0	0	0	0	0
/Volumes/GigiMurin/plip/sterol_lipids/BD7f61-A-A-CLR1/report.txt	5	1	0	0	0	0	0
/Volumes/GigiMurin/plip/sterol_lipids/BD7f6g-A-A-CLR1/report.txt	10	0	0	0	0	0	0
/Volumes/GigiMurin/plip/sterol_lipids/BD7f6g-A-A-CLR2/report.txt	7	2	0	0	0	0	0
/Volumes/GigiMurin/plip/sterol_lipids/BD7f6g-A-A-CLR3/report.txt	6	0	0	0	0	0	0
/Volumes/GigiMurin/plip/sterol_lipids/BD7f6g-A-A-CLR4/report.txt	4	1	0	0	0	0	0
/Volumes/GigiMurin/plip/sterol_lipids/BD7f6g-A-A-CLR5/report.txt	9	0	0	0	0	0	0
/Volumes/GigiMurin/plip/sterol_lipids/BD7f6g-A-A-CLR6/report.txt	2	0	0	0	0	0	0
/Volumes/GigiMurin/plip/sterol_lipids/BD7f6h-A-A-CLR1/report.txt	4	0	0	0	0	0	0
/Volumes/GigiMurin/plip/sterol_lipids/BD7f6h-A-A-CLR2/report.txt	4	0	0	0	0	0	0
/Volumes/GigiMurin/plip/sterol_lipids/BD7f6i-A-A-CLR1/report.txt	5	0	0	0	0	0	0
/Volumes/GigiMurin/plip/sterol_lipids/BD7f6i-A-A-CLR2/report.txt	4	0	0	0	0	0	0
/Volumes/GigiMurin/plip/sterol_lipids/BD7f6i-A-A-CLR3/report.txt	4	1	0	0	0	0	0
/Volumes/GigiMurin/plip/sterol_lipids/BD7f6v-A-A-CLR1/report.txt	6	0	0	0	0	0	0
/Volumes/GigiMurin/plip/sterol_lipids/BD7f9y-R-R-CLR1/report.txt	4	1	0	0	0	0	0
/Volumes/GigiMurin/plip/sterol_lipids/BD7f9y-R-R-CLR2/report.txt	6	0	0	0	0	0	0
/Volumes/GigiMurin/plip/sterol_lipids/BD7fd2-A-B-CLR1/report.txt	4	0	0	0	0	0	0
/Volumes/GigiMurin/plip/sterol_lipids/BD7fd2-B-B-CLR1/report.txt	5	0	0	0	0	0	0
/Volumes/GigiMurin/plip/sterol_lipids/BD7fd2-B-B-CLR2/report.txt	0	0	0	0	0	0	0
/Volumes/GigiMurin/plip/sterol_lipids/BD7fd2-B-B-CLR3/report.txt	6	0	0	0	0	0	0
/Volumes/GigiMurin/plip/sterol_lipids/BD7fd2-E-F-CLR1/report.txt	0	0	0	0	0	0	0
/Volumes/GigiMurin/plip/sterol_lipids/BD7fd2-F-F-CLR2/report.txt	1	0	0	0	0	0	0
/Volumes/GigiMurin/plip/sterol_lipids/BD7fd2-F-F-CLR3/report.txt	6	0	0	0	0	0	0
/Volumes/GigiMurin/plip/sterol_lipids/BD7fd2-I-I-CLR1/report.txt	5	0	0	0	0	0	0
/Volumes/GigiMurin/plip/sterol_lipids/BD7fd2-J-J-CLR1/report.txt	2	0	0	0	0	0	0
/Volumes/GigiMurin/plip/sterol_lipids/BD7fd2-N-N-CLR2/report.txt	4	0	0	0	0	0	0
/Volumes/GigiMurin/plip/sterol_lipids/BD7fdv-A-A-CLR1/report.txt	3	0	0	0	0	0	0
/Volumes/GigiMurin/plip/sterol_lipids/BD7fdv-A-D-CLR1/report.txt	1	0	0	0	0	0	0
/Volumes/GigiMurin/plip/sterol_lipids/BD7fee-A-A-CLR1/report.txt	4	0	0	0	0	0	0
/Volumes/GigiMurin/plip/sterol_lipids/BD7fee-A-A-CLR2/report.txt	3	0	0	0	0	0	0
/Volumes/GigiMurin/plip/sterol_lipids/BD7fin-R-R-CLR1/report.txt	5	0	0	0	0	0	0
/Volumes/GigiMurin/plip/sterol_lipids/BD7fin-R-R-CLR2/report.txt	1	0	0	0	0	0	0
/Volumes/GigiMurin/plip/sterol_lipids/BD7fin-R-R-CLR3/report.txt	2	0	0	0	0	0	0
/Volumes/GigiMurin/plip/sterol_lipids/BD7fin-R-R-CLR4/report.txt	4	0	0	0	0	0	0
/Volumes/GigiMurin/plip/sterol_lipids/BD7fin-R-R-CLR5/report.txt	4	0	0	0	0	0	0
/Volumes/GigiMurin/plip/sterol_lipids/BD7fin-R-R-CLR6/report.txt	3	0	0	0	0	0	0
/Volumes/GigiMurin/plip/sterol_lipids/BD7fin-R-R-CLR7/report.txt	4	0	0	0	0	0	0
/Volumes/GigiMurin/plip/sterol_lipids/BD7fiy-R-R-CLR1/report.txt	3	0	0	0	0	0	0
/Volumes/GigiMurin/plip/sterol_lipids/BD7fiy-R-R-CLR2/report.txt	3	0	0	0	0	0	0
/Volumes/GigiMurin/plip/sterol_lipids/BD7fiy-R-R-CLR3/report.txt	3	0	0	0	0	0	0
/Volumes/GigiMurin/plip/sterol_lipids/BD7fjd-b-b-CLR1/report.txt	4	0	0	0	0	0	0
/Volumes/GigiMurin/plip/sterol_lipids/BD7fjd-b-g-CLR1/report.txt	0	2	0	0	0	0	0
/Volumes/GigiMurin/plip/sterol_lipids/BD7fjd-g-g-CLR1/report.txt	3	0	0	0	0	0	0
/Volumes/GigiMurin/plip/sterol_lipids/BD7fjd-n-b-CLR1/report.txt	1	2	0	0	0	0	0
/Volumes/GigiMurin/plip/sterol_lipids/BD7fje-b-b-CLR1/report.txt	3	1	0	0	0	0	0
/Volumes/GigiMurin/plip/sterol_lipids/BD7fje-n-b-CLR1/report.txt	2	0	0	0	0	0	0
/Volumes/GigiMurin/plip/sterol_lipids/BD7fjf-g-m-C3S1/report.txt	3	0	0	0	0	0	0
/Volumes/GigiMurin/plip/sterol_lipids/BD7fjf-g-n-C3S1/report.txt	4	1	0	0	0	0	0
/Volumes/GigiMurin/plip/sterol_lipids/BD7fjf-m-m-C3S1/report.txt	1	0	0	0	0	0	0
/Volumes/GigiMurin/plip/sterol_lipids/BD7fjf-n-m-C3S1/report.txt	2	0	0	0	0	0	0
/Volumes/GigiMurin/plip/sterol_lipids/BD7fjf-n-n-C3S1/report.txt	2	1	0	0	0	0	0
/Volumes/GigiMurin/plip/sterol_lipids/BD7jv5-R-R-CLR1/report.txt	4	1	0	0	0	0	0
/Volumes/GigiMurin/plip/sterol_lipids/BD7jv5-R-R-CLR2/report.txt	2	0	0	0	0	0	0
/Volumes/GigiMurin/plip/sterol_lipids/BD7jv5-R-R-CLR3/report.txt	5	0	0	0	0	0	0
/Volumes/GigiMurin/plip/sterol_lipids/BD7jv5-R-R-CLR4/report.txt	1	0	0	0	0	0	0
/Volumes/GigiMurin/plip/sterol_lipids/BD7jvp-R-R-CLR1/report.txt	2	0	0	0	0	0	0
/Volumes/GigiMurin/plip/sterol_lipids/BD7jvp-R-R-CLR2/report.txt	4	0	0	0	0	0	0
/Volumes/GigiMurin/plip/sterol_lipids/BD7jvp-R-R-CLR3/report.txt	4	0	0	0	0	0	0
/Volumes/GigiMurin/plip/sterol_lipids/BD7jvp-R-R-CLR4/report.txt	4	1	0	0	0	0	0
/Volumes/GigiMurin/plip/sterol_lipids/BD7jvp-R-R-CLR5/report.txt	5	0	0	0	0	0	0
/Volumes/GigiMurin/plip/sterol_lipids/BD7jvp-R-R-CLR6/report.txt	9	0	0	0	0	0	0
/Volumes/GigiMurin/plip/sterol_lipids/BD7jvq-R-R-CLR1/report.txt	2	0	0	0	0	0	0
/Volumes/GigiMurin/plip/sterol_lipids/BD7jvq-R-R-CLR2/report.txt	3	0	0	0	0	0	0
/Volumes/GigiMurin/plip/sterol_lipids/BD7jvq-R-R-CLR3/report.txt	4	0	0	0	0	0	0
/Volumes/GigiMurin/plip/sterol_lipids/BD7jvq-R-R-CLR4/report.txt	3	0	0	0	0	0	0
/Volumes/GigiMurin/plip/sterol_lipids/BD7jvq-R-R-CLR5/report.txt	2	0	0	0	0	0	0
/Volumes/GigiMurin/plip/sterol_lipids/BD7krj-D-D-DEX1/report.txt	3	4	0	0	0	0	0
/Volumes/GigiMurin/plip/sterol_lipids/BD7ky5-A-A-CLR1/report.txt	0	0	0	0	0	0	0
/Volumes/GigiMurin/plip/sterol_lipids/BD7ky5-A-A-CLR2/report.txt	1	0	0	0	0	0	0
/Volumes/GigiMurin/plip/sterol_lipids/BD7ky7-A-A-CLR1/report.txt	4	0	0	0	0	0	0
/Volumes/GigiMurin/plip/sterol_lipids/BD7ky7-A-A-CLR2/report.txt	0	0	0	0	0	0	0
/Volumes/GigiMurin/plip/sterol_lipids/BD7ky7-A-A-CLR3/report.txt	2	0	0	0	0	0	0
/Volumes/GigiMurin/plip/sterol_lipids/BD7ky7-A-A-CLR4/report.txt	2	0	0	0	0	0	0
/Volumes/GigiMurin/plip/sterol_lipids/BD7ky7-A-A-CLR5/report.txt	8	0	0	0	0	0	0
/Volumes/GigiMurin/plip/sterol_lipids/BD7ky7-A-B-CLR1/report.txt	3	0	0	0	0	0	0
/Volumes/GigiMurin/plip/sterol_lipids/BD7ky7-B-B-CLR1/report.txt	1	0	0	0	0	0	0
/Volumes/GigiMurin/plip/sterol_lipids/BD7ky7-B-B-CLR2/report.txt	2	0	0	0	0	0	0
/Volumes/GigiMurin/plip/sterol_lipids/BD7ky8-A-A-CLR1/report.txt	4	0	0	0	0	0	0
/Volumes/GigiMurin/plip/sterol_lipids/BD7ky8-A-A-CLR2/report.txt	5	0	0	0	0	0	0
/Volumes/GigiMurin/plip/sterol_lipids/BD7ky8-A-A-CLR3/report.txt	2	0	0	0	0	0	0
/Volumes/GigiMurin/plip/sterol_lipids/BD7ky8-A-A-CLR4/report.txt	2	0	0	0	0	0	0
/Volumes/GigiMurin/plip/sterol_lipids/BD7ky8-B-B-CLR1/report.txt	0	0	0	0	0	0	0
/Volumes/GigiMurin/plip/sterol_lipids/BD7kya-A-A-CLR1/report.txt	5	0	0	0	0	0	0
/Volumes/GigiMurin/plip/sterol_lipids/BD7kya-A-A-CLR2/report.txt	6	2	0	0	0	0	0
/Volumes/GigiMurin/plip/sterol_lipids/BD7kya-A-A-CLR3/report.txt	2	0	0	0	0	0	0
/Volumes/GigiMurin/plip/sterol_lipids/BD7kya-A-A-CLR4/report.txt	2	0	0	0	0	0	0
/Volumes/GigiMurin/plip/sterol_lipids/BD7kya-B-B-CLR1/report.txt	3	0	0	0	0	0	0
/Volumes/GigiMurin/plip/sterol_lipids/BD7l78-A-A-CHD1/report.txt	7	3	1	0	0	0	0
/Volumes/GigiMurin/plip/sterol_lipids/BD7l78-A-A-CHD2/report.txt	2	2	0	0	0	0	0
/Volumes/GigiMurin/plip/sterol_lipids/BD7lad-A-A-XRD1/report.txt	9	1	0	0	0	0	0
/Volumes/GigiMurin/plip/sterol_lipids/BD7lft-A-A-CLR1/report.txt	7	0	0	0	0	0	0
/Volumes/GigiMurin/plip/sterol_lipids/BD7lft-A-A-CLR2/report.txt	7	0	0	0	0	0	0
/Volumes/GigiMurin/plip/sterol_lipids/BD7lgu-A-A-CLR1/report.txt	6	0	0	0	0	0	0
/Volumes/GigiMurin/plip/sterol_lipids/BD7lgu-B-B-CLR1/report.txt	6	1	0	0	0	0	0
/Volumes/GigiMurin/plip/sterol_lipids/BD7lgw-A-A-CLR1/report.txt	5	0	0	0	0	0	0
/Volumes/GigiMurin/plip/sterol_lipids/BD7lgw-A-B-CLR1/report.txt	1	0	0	0	0	0	0
/Volumes/GigiMurin/plip/sterol_lipids/BD7lh2-A-A-CLR1/report.txt	3	0	0	0	0	0	0
/Volumes/GigiMurin/plip/sterol_lipids/BD7lh2-B-B-CLR1/report.txt	6	0	0	0	0	0	0
/Volumes/GigiMurin/plip/sterol_lipids/BD7li7-A-A-CLR1/report.txt	6	0	0	0	0	0	0
/Volumes/GigiMurin/plip/sterol_lipids/BD7lia-A-A-CLR1/report.txt	7	0	0	0	0	0	0
/Volumes/GigiMurin/plip/sterol_lipids/BD7ljc-R-R-CLR1/report.txt	3	0	0	0	0	0	0
/Volumes/GigiMurin/plip/sterol_lipids/BD7ljc-R-R-CLR2/report.txt	1	0	0	0	0	0	0
/Volumes/GigiMurin/plip/sterol_lipids/BD7ljc-R-R-CLR3/report.txt	1	0	0	0	0	0	0
/Volumes/GigiMurin/plip/sterol_lipids/BD7ljc-R-R-CLR4/report.txt	3	0	0	0	0	0	0
/Volumes/GigiMurin/plip/sterol_lipids/BD7ljc-R-R-CLR5/report.txt	3	0	0	0	0	0	0
/Volumes/GigiMurin/plip/sterol_lipids/BD7ljd-R-R-CLR1/report.txt	3	0	0	0	0	0	0
/Volumes/GigiMurin/plip/sterol_lipids/BD7ljd-R-R-CLR2/report.txt	0	0	0	0	0	0	0
/Volumes/GigiMurin/plip/sterol_lipids/BD7ljd-R-R-CLR3/report.txt	4	0	0	0	0	0	0
/Volumes/GigiMurin/plip/sterol_lipids/BD7ljd-R-R-CLR4/report.txt	3	0	0	0	0	0	0
/Volumes/GigiMurin/plip/sterol_lipids/BD7ljd-R-R-CLR5/report.txt	3	0	0	0	0	0	0
/Volumes/GigiMurin/plip/sterol_lipids/BD7lkp-A-A-AJP1/report.txt	4	4	3	0	0	0	0
/Volumes/GigiMurin/plip/sterol_lipids/BD7lkp-A-A-CLR1/report.txt	6	1	0	0	0	0	0
/Volumes/GigiMurin/plip/sterol_lipids/BD7lkp-A-A-CLR2/report.txt	2	0	0	0	0	0	0
/Volumes/GigiMurin/plip/sterol_lipids/BD7lkp-A-A-CLR3/report.txt	3	0	0	0	0	0	0
/Volumes/GigiMurin/plip/sterol_lipids/BD7lkp-A-A-CLR4/report.txt	5	0	0	0	0	0	0
/Volumes/GigiMurin/plip/sterol_lipids/BD7lkp-A-A-CLR5/report.txt	5	0	0	0	0	0	0
/Volumes/GigiMurin/plip/sterol_lipids/BD7lkp-A-A-CLR6/report.txt	3	0	0	0	0	0	0
/Volumes/GigiMurin/plip/sterol_lipids/BD7lkp-A-A-CLR7/report.txt	2	0	0	0	0	0	0
/Volumes/GigiMurin/plip/sterol_lipids/BD7lsm-A-A-TCH1/report.txt	6	4	0	0	0	0	0
/Volumes/GigiMurin/plip/sterol_lipids/BD7lui-A-A-TCH1/report.txt	4	2	0	0	0	0	0
/Volumes/GigiMurin/plip/sterol_lipids/BD7lxl-A-A-YNV1/report.txt	6	1	0	0	0	0	0
/Volumes/GigiMurin/plip/sterol_lipids/BD7m5x-A-A-CLR1/report.txt	8	0	0	0	0	0	0
/Volumes/GigiMurin/plip/sterol_lipids/BD7m5x-A-A-CLR2/report.txt	4	0	0	0	0	0	0
/Volumes/GigiMurin/plip/sterol_lipids/BD7m5x-A-A-CLR3/report.txt	4	0	0	0	0	0	0
/Volumes/GigiMurin/plip/sterol_lipids/BD7m5x-A-A-CLR4/report.txt	1	0	0	0	0	0	0
/Volumes/GigiMurin/plip/sterol_lipids/BD7m5y-A-A-CLR1/report.txt	3	0	0	0	0	0	0
/Volumes/GigiMurin/plip/sterol_lipids/BD7m5y-A-A-CLR2/report.txt	0	0	0	0	0	0	0
/Volumes/GigiMurin/plip/sterol_lipids/BD7m5y-A-A-CLR3/report.txt	5	1	0	0	0	0	0
/Volumes/GigiMurin/plip/sterol_lipids/BD7m5y-A-A-CLR4/report.txt	1	0	0	0	0	0	0
/Volumes/GigiMurin/plip/sterol_lipids/BD7m95-A-A-CLR1/report.txt	10	1	0	0	0	0	0
/Volumes/GigiMurin/plip/sterol_lipids/BD7mbp-A-A-YUV1/report.txt	3	0	0	0	0	0	0
/Volumes/GigiMurin/plip/sterol_lipids/BD7mbp-A-A-YUY1/report.txt	3	1	0	0	0	0	0
/Volumes/GigiMurin/plip/sterol_lipids/BD7mbp-A-D-YUY1/report.txt	4	3	0	0	0	0	0
/Volumes/GigiMurin/plip/sterol_lipids/BD7mbq-A-A-YUV1/report.txt	2	0	0	0	0	0	0
/Volumes/GigiMurin/plip/sterol_lipids/BD7mbq-A-A-YUY1/report.txt	3	2	0	0	0	0	0
/Volumes/GigiMurin/plip/sterol_lipids/BD7mbq-A-D-YUY1/report.txt	4	1	0	0	0	0	0
/Volumes/GigiMurin/plip/sterol_lipids/BD7mbr-A-A-YUV1/report.txt	3	0	0	0	0	0	0
/Volumes/GigiMurin/plip/sterol_lipids/BD7mbr-A-A-YUY1/report.txt	3	1	0	0	0	0	0
/Volumes/GigiMurin/plip/sterol_lipids/BD7mbr-A-D-YUY1/report.txt	4	3	0	0	0	0	0
/Volumes/GigiMurin/plip/sterol_lipids/BD7mbs-A-A-YUV1/report.txt	2	0	0	0	0	0	0
/Volumes/GigiMurin/plip/sterol_lipids/BD7mbs-A-A-YUY1/report.txt	3	2	0	0	0	0	0
/Volumes/GigiMurin/plip/sterol_lipids/BD7mbs-A-D-YUY1/report.txt	4	3	0	0	0	0	0
/Volumes/GigiMurin/plip/sterol_lipids/BD7mbt-A-A-YUV1/report.txt	2	0	0	0	0	0	0
/Volumes/GigiMurin/plip/sterol_lipids/BD7mbt-A-A-YUY1/report.txt	5	3	1	0	0	0	0
/Volumes/GigiMurin/plip/sterol_lipids/BD7mbt-A-B-YUY1/report.txt	4	1	0	0	0	0	0
/Volumes/GigiMurin/plip/sterol_lipids/BD7mbu-A-A-YUV1/report.txt	2	0	0	0	0	0	0
/Volumes/GigiMurin/plip/sterol_lipids/BD7mbu-A-A-YUY1/report.txt	7	3	0	0	0	0	0
/Volumes/GigiMurin/plip/sterol_lipids/BD7mbu-A-A-YUY2/report.txt	3	1	0	0	0	0	0
/Volumes/GigiMurin/plip/sterol_lipids/BD7mbv-A-A-YUV1/report.txt	4	0	0	0	0	0	0
/Volumes/GigiMurin/plip/sterol_lipids/BD7mbv-A-A-YUY1/report.txt	4	1	0	0	0	0	0
/Volumes/GigiMurin/plip/sterol_lipids/BD7mbv-A-D-YUY1/report.txt	5	2	0	0	0	0	0
/Volumes/GigiMurin/plip/sterol_lipids/BD7mfi-A-A-CLR1/report.txt	15	2	0	0	0	0	0
/Volumes/GigiMurin/plip/sterol_lipids/BD7mfi-B-B-CLR1/report.txt	8	2	0	0	0	0	0
/Volumes/GigiMurin/plip/sterol_lipids/BD7mfi-C-C-CLR1/report.txt	11	2	0	0	0	0	0
/Volumes/GigiMurin/plip/sterol_lipids/BD7mfi-D-D-CLR1/report.txt	8	1	0	0	0	0	0
/Volumes/GigiMurin/plip/sterol_lipids/BD7mgw-A-A-CLR1/report.txt	4	0	0	0	0	0	0
/Volumes/GigiMurin/plip/sterol_lipids/BD7mhy-A-A-AJP10/report.txt	1	0	0	0	0	0	0
/Volumes/GigiMurin/plip/sterol_lipids/BD7mhy-A-A-AJP11/report.txt	1	0	0	0	0	0	0
/Volumes/GigiMurin/plip/sterol_lipids/BD7mhy-A-A-AJP1/report.txt	3	1	0	0	0	0	0
/Volumes/GigiMurin/plip/sterol_lipids/BD7mhy-A-A-AJP2/report.txt	3	1	0	0	0	0	0
/Volumes/GigiMurin/plip/sterol_lipids/BD7mhy-A-A-AJP3/report.txt	4	1	0	0	0	0	0
/Volumes/GigiMurin/plip/sterol_lipids/BD7mhy-A-A-AJP4/report.txt	2	1	0	0	0	0	0
/Volumes/GigiMurin/plip/sterol_lipids/BD7mhy-A-A-AJP5/report.txt	0	0	0	0	0	0	0
/Volumes/GigiMurin/plip/sterol_lipids/BD7mhy-A-A-AJP6/report.txt	2	0	0	0	0	0	0
/Volumes/GigiMurin/plip/sterol_lipids/BD7mhy-A-A-AJP7/report.txt	3	0	0	0	0	0	0
/Volumes/GigiMurin/plip/sterol_lipids/BD7mhy-A-A-AJP8/report.txt	5	0	0	0	0	0	0
/Volumes/GigiMurin/plip/sterol_lipids/BD7mhy-A-A-AJP9/report.txt	4	0	0	0	0	0	0
/Volumes/GigiMurin/plip/sterol_lipids/BD7mhz-A-A-AJP1/report.txt	0	1	0	0	0	0	0
/Volumes/GigiMurin/plip/sterol_lipids/BD7mhz-A-A-AJP2/report.txt	0	1	0	0	0	0	0
/Volumes/GigiMurin/plip/sterol_lipids/BD7mhz-A-A-AJP3/report.txt	3	1	0	0	0	0	0
/Volumes/GigiMurin/plip/sterol_lipids/BD7mhz-A-A-AJP4/report.txt	2	2	0	0	0	0	0
/Volumes/GigiMurin/plip/sterol_lipids/BD7mhz-A-A-AJP5/report.txt	4	0	0	0	0	0	0
/Volumes/GigiMurin/plip/sterol_lipids/BD7mhz-A-A-AJP6/report.txt	5	1	0	0	0	0	0
/Volumes/GigiMurin/plip/sterol_lipids/BD7mhz-A-A-AJP7/report.txt	1	0	0	0	0	0	0
/Volumes/GigiMurin/plip/sterol_lipids/BD7mix-A-A-CLR1/report.txt	10	1	0	0	0	0	0
/Volumes/GigiMurin/plip/sterol_lipids/BD7mix-A-A-CLR2/report.txt	4	0	0	0	0	0	0
/Volumes/GigiMurin/plip/sterol_lipids/BD7mix-A-A-CLR3/report.txt	2	0	0	0	0	0	0
/Volumes/GigiMurin/plip/sterol_lipids/BD7mix-A-A-CLR4/report.txt	3	0	0	0	0	0	0
/Volumes/GigiMurin/plip/sterol_lipids/BD7mix-A-A-CLR5/report.txt	2	0	0	0	0	0	0
/Volumes/GigiMurin/plip/sterol_lipids/BD7miy-A-A-CLR1/report.txt	6	1	0	0	0	0	0
/Volumes/GigiMurin/plip/sterol_lipids/BD7miy-A-A-CLR2/report.txt	5	0	0	0	0	0	0
/Volumes/GigiMurin/plip/sterol_lipids/BD7miy-A-A-CLR3/report.txt	6	0	0	0	0	0	0
/Volumes/GigiMurin/plip/sterol_lipids/BD7miy-A-A-CLR4/report.txt	6	0	0	0	0	0	0
/Volumes/GigiMurin/plip/sterol_lipids/BD7n4u-A-A-CLR1/report.txt	4	0	0	0	0	0	0
/Volumes/GigiMurin/plip/sterol_lipids/BD7n4u-A-A-CLR2/report.txt	5	0	0	0	0	0	0
/Volumes/GigiMurin/plip/sterol_lipids/BD7n4v-A-A-CLR1/report.txt	15	1	0	0	0	0	0
/Volumes/GigiMurin/plip/sterol_lipids/BD7n4v-A-A-CLR2/report.txt	5	0	0	0	0	0	0
/Volumes/GigiMurin/plip/sterol_lipids/BD7n4v-A-A-CLR3/report.txt	7	0	0	0	0	0	0
/Volumes/GigiMurin/plip/sterol_lipids/BD7n4x-A-A-CLR1/report.txt	12	1	0	0	0	0	0
/Volumes/GigiMurin/plip/sterol_lipids/BD7n4x-A-A-CLR2/report.txt	2	0	0	0	0	0	0
/Volumes/GigiMurin/plip/sterol_lipids/BD7n4x-A-A-CLR3/report.txt	9	0	0	0	0	0	0
/Volumes/GigiMurin/plip/sterol_lipids/BD7n6q-A-A-7T81/report.txt	9	3	1	0	0	0	0
/Volumes/GigiMurin/plip/sterol_lipids/BD7n6q-A-A-CLR1/report.txt	10	1	0	0	0	0	0
/Volumes/GigiMurin/plip/sterol_lipids/BD7n6q-A-A-CLR2/report.txt	10	0	0	0	0	0	0
/Volumes/GigiMurin/plip/sterol_lipids/BD7n6q-A-B-CLR2/report.txt	1	2	0	0	0	0	0
/Volumes/GigiMurin/plip/sterol_lipids/BD7n6q-B-B-CLR1/report.txt	7	0	0	0	0	0	0
/Volumes/GigiMurin/plip/sterol_lipids/BD7n6r-A-A-CLR1/report.txt	7	0	0	0	0	0	0
/Volumes/GigiMurin/plip/sterol_lipids/BD7n6r-A-A-CLR2/report.txt	14	0	0	0	0	0	0
/Volumes/GigiMurin/plip/sterol_lipids/BD7n6r-A-B-CLR2/report.txt	1	1	0	0	0	0	0
/Volumes/GigiMurin/plip/sterol_lipids/BD7na7-R-R-CLR1/report.txt	7	0	0	0	0	0	0
/Volumes/GigiMurin/plip/sterol_lipids/BD7na7-R-R-CLR2/report.txt	10	0	0	0	0	0	0
/Volumes/GigiMurin/plip/sterol_lipids/BD7na8-R-R-CLR1/report.txt	7	2	0	0	0	0	0
/Volumes/GigiMurin/plip/sterol_lipids/BD7nel-A-A-EST1/report.txt	4	2	0	1	0	0	0
/Volumes/GigiMurin/plip/sterol_lipids/BD7neq-A-A-CLR1/report.txt	4	0	0	0	0	0	0
/Volumes/GigiMurin/plip/sterol_lipids/BD7neq-A-A-CLR2/report.txt	2	0	0	0	0	0	0
/Volumes/GigiMurin/plip/sterol_lipids/BD7neq-B-B-CLR1/report.txt	4	0	0	0	0	0	0
/Volumes/GigiMurin/plip/sterol_lipids/BD7nf6-A-B-CLR1/report.txt	1	0	0	0	0	0	0
/Volumes/GigiMurin/plip/sterol_lipids/BD7nf6-B-B-CLR1/report.txt	6	0	0	0	0	0	0
/Volumes/GigiMurin/plip/sterol_lipids/BD7nf6-B-B-CLR2/report.txt	3	0	0	0	0	0	0
/Volumes/GigiMurin/plip/sterol_lipids/BD7nf8-A-B-CLR1/report.txt	1	0	0	0	0	0	0
/Volumes/GigiMurin/plip/sterol_lipids/BD7nf8-B-B-CLR1/report.txt	6	0	0	0	0	0	0
/Volumes/GigiMurin/plip/sterol_lipids/BD7nf8-B-B-CLR2/report.txt	3	0	0	0	0	0	0
/Volumes/GigiMurin/plip/sterol_lipids/BD7niu-A-A-CLR1/report.txt	5	1	0	0	0	0	0
/Volumes/GigiMurin/plip/sterol_lipids/BD7niu-A-A-CLR2/report.txt	6	0	0	0	0	0	0
/Volumes/GigiMurin/plip/sterol_lipids/BD7niv-A-A-CLR1/report.txt	7	0	0	0	0	0	0
/Volumes/GigiMurin/plip/sterol_lipids/BD7niv-A-A-CLR2/report.txt	4	1	0	0	0	0	0
/Volumes/GigiMurin/plip/sterol_lipids/BD7niv-A-A-CLR3/report.txt	5	0	0	0	0	0	0
/Volumes/GigiMurin/plip/sterol_lipids/BD7niv-A-A-CLR4/report.txt	4	0	0	0	0	0	0
/Volumes/GigiMurin/plip/sterol_lipids/BD7niv-A-A-CLR5/report.txt	5	0	0	0	0	0	0
/Volumes/GigiMurin/plip/sterol_lipids/BD7niv-A-A-CLR6/report.txt	4	0	0	0	0	0	0
/Volumes/GigiMurin/plip/sterol_lipids/BD7niv-A-A-CLR7/report.txt	5	0	0	0	0	0	0
/Volumes/GigiMurin/plip/sterol_lipids/BD7niw-A-A-CLR1/report.txt	5	0	0	0	0	0	0
/Volumes/GigiMurin/plip/sterol_lipids/BD7niw-A-A-CLR2/report.txt	5	0	0	0	0	0	0
/Volumes/GigiMurin/plip/sterol_lipids/BD7niw-A-A-CLR3/report.txt	6	0	0	0	0	0	0
/Volumes/GigiMurin/plip/sterol_lipids/BD7niw-A-A-CLR4/report.txt	5	0	0	0	0	0	0
/Volumes/GigiMurin/plip/sterol_lipids/BD7niw-A-A-CLR5/report.txt	4	1	0	0	0	0	0
/Volumes/GigiMurin/plip/sterol_lipids/BD7niw-A-A-CLR6/report.txt	1	0	0	0	0	0	0
/Volumes/GigiMurin/plip/sterol_lipids/BD7o0k-A-A-CHD1/report.txt	6	2	0	0	0	0	0
/Volumes/GigiMurin/plip/sterol_lipids/BD7o0k-A-A-CHD2/report.txt	7	3	1	0	0	0	0
/Volumes/GigiMurin/plip/sterol_lipids/BD7o0k-B-B-CHD1/report.txt	6	1	1	0	0	0	0
/Volumes/GigiMurin/plip/sterol_lipids/BD7o0k-B-B-CHD2/report.txt	8	2	0	0	0	0	0
/Volumes/GigiMurin/plip/sterol_lipids/BD7o1p-A-A-CPS1/report.txt	2	1	0	0	0	0	0
/Volumes/GigiMurin/plip/sterol_lipids/BD7o1p-A-A-CPS2/report.txt	2	1	0	0	0	0	0
/Volumes/GigiMurin/plip/sterol_lipids/BD7o1p-A-A-CPS3/report.txt	5	3	0	0	0	0	0
/Volumes/GigiMurin/plip/sterol_lipids/BD7o1p-A-A-CPS4/report.txt	0	2	0	0	0	0	0
/Volumes/GigiMurin/plip/sterol_lipids/BD7o1p-A-A-CPS5/report.txt	1	0	0	0	0	0	0
/Volumes/GigiMurin/plip/sterol_lipids/BD7o1s-A-A-CPS1/report.txt	2	1	0	0	0	0	0
/Volumes/GigiMurin/plip/sterol_lipids/BD7o1s-A-A-CPS2/report.txt	2	1	0	0	0	0	0
/Volumes/GigiMurin/plip/sterol_lipids/BD7o1s-A-A-CPS3/report.txt	3	4	0	0	0	0	0
/Volumes/GigiMurin/plip/sterol_lipids/BD7o1s-A-A-CPS4/report.txt	0	1	0	0	0	0	0
/Volumes/GigiMurin/plip/sterol_lipids/BD7o1s-A-A-CPS5/report.txt	2	0	0	0	0	0	0
/Volumes/GigiMurin/plip/sterol_lipids/BD7o1t-A-A-CPS1/report.txt	1	2	0	0	0	0	0
/Volumes/GigiMurin/plip/sterol_lipids/BD7o25-A-A-CPS1/report.txt	4	0	0	0	0	0	0
/Volumes/GigiMurin/plip/sterol_lipids/BD7o25-A-A-CPS2/report.txt	1	0	0	0	0	0	0
/Volumes/GigiMurin/plip/sterol_lipids/BD7o26-A-A-CPS1/report.txt	3	1	0	0	0	0	0
/Volumes/GigiMurin/plip/sterol_lipids/BD7o26-A-A-CPS2/report.txt	2	0	0	0	0	0	0
/Volumes/GigiMurin/plip/sterol_lipids/BD7o26-A-A-CPS3/report.txt	2	4	0	0	0	0	0
/Volumes/GigiMurin/plip/sterol_lipids/BD7o26-A-A-CPS4/report.txt	0	1	0	0	0	0	0
/Volumes/GigiMurin/plip/sterol_lipids/BD7o26-A-A-CPS5/report.txt	2	0	0	0	0	0	0
/Volumes/GigiMurin/plip/sterol_lipids/BD7oca-E-E-CLR1/report.txt	5	0	0	0	0	0	0
/Volumes/GigiMurin/plip/sterol_lipids/BD7oce-E-E-CLR1/report.txt	5	0	0	0	0	0	0
/Volumes/GigiMurin/plip/sterol_lipids/BD7oci-B-B-AJP1/report.txt	0	2	0	0	0	0	0
/Volumes/GigiMurin/plip/sterol_lipids/BD7oci-D-D-AJP1/report.txt	0	1	0	0	0	0	0
/Volumes/GigiMurin/plip/sterol_lipids/BD7oci-F-B-AJP1/report.txt	1	0	0	0	0	0	0
/Volumes/GigiMurin/plip/sterol_lipids/BD7ofh-A-A-CPS1/report.txt	2	2	1	0	0	0	0
/Volumes/GigiMurin/plip/sterol_lipids/BD7ofh-A-A-CPS2/report.txt	2	0	0	0	0	0	0
/Volumes/GigiMurin/plip/sterol_lipids/BD7ofh-B-B-CPS1/report.txt	2	2	1	0	0	0	0
/Volumes/GigiMurin/plip/sterol_lipids/BD7ofh-B-B-CPS2/report.txt	2	0	0	0	0	0	0
/Volumes/GigiMurin/plip/sterol_lipids/BD7ofh-C-C-CPS1/report.txt	2	2	1	0	0	0	0
/Volumes/GigiMurin/plip/sterol_lipids/BD7ofh-C-C-CPS2/report.txt	2	0	0	0	0	0	0
/Volumes/GigiMurin/plip/sterol_lipids/BD7ofh-D-D-CPS1/report.txt	2	2	1	0	0	0	0
/Volumes/GigiMurin/plip/sterol_lipids/BD7ofh-D-D-CPS2/report.txt	2	0	0	0	0	0	0
/Volumes/GigiMurin/plip/sterol_lipids/BD7ofh-E-E-CPS1/report.txt	2	2	1	0	0	0	0
/Volumes/GigiMurin/plip/sterol_lipids/BD7ofh-E-E-CPS2/report.txt	2	0	0	0	0	0	0
/Volumes/GigiMurin/plip/sterol_lipids/BD7ofh-F-F-CPS1/report.txt	2	2	1	0	0	0	0
/Volumes/GigiMurin/plip/sterol_lipids/BD7ofh-F-F-CPS2/report.txt	2	0	0	0	0	0	0
/Volumes/GigiMurin/plip/sterol_lipids/BD7ofh-G-G-CPS1/report.txt	2	2	1	0	0	0	0
/Volumes/GigiMurin/plip/sterol_lipids/BD7ofh-G-G-CPS2/report.txt	2	0	0	0	0	0	0
/Volumes/GigiMurin/plip/sterol_lipids/BD7ofh-H-H-CPS1/report.txt	2	2	1	0	0	0	0
/Volumes/GigiMurin/plip/sterol_lipids/BD7ofh-H-H-CPS2/report.txt	2	0	0	0	0	0	0
/Volumes/GigiMurin/plip/sterol_lipids/BD7ofh-I-I-CPS1/report.txt	2	2	1	0	0	0	0
/Volumes/GigiMurin/plip/sterol_lipids/BD7ofh-I-I-CPS2/report.txt	2	0	0	0	0	0	0
/Volumes/GigiMurin/plip/sterol_lipids/BD7ofh-J-J-CPS1/report.txt	2	2	1	0	0	0	0
/Volumes/GigiMurin/plip/sterol_lipids/BD7ofh-J-J-CPS2/report.txt	2	0	0	0	0	0	0
/Volumes/GigiMurin/plip/sterol_lipids/BD7ofh-K-K-CPS1/report.txt	2	2	1	0	0	0	0
/Volumes/GigiMurin/plip/sterol_lipids/BD7ofh-K-K-CPS2/report.txt	2	0	0	0	0	0	0
/Volumes/GigiMurin/plip/sterol_lipids/BD7ofh-L-L-CPS1/report.txt	2	2	1	0	0	0	0
/Volumes/GigiMurin/plip/sterol_lipids/BD7ofh-L-L-CPS2/report.txt	2	0	0	0	0	0	0
/Volumes/GigiMurin/plip/sterol_lipids/BD7ofh-M-M-CPS1/report.txt	2	2	1	0	0	0	0
/Volumes/GigiMurin/plip/sterol_lipids/BD7ofh-M-M-CPS2/report.txt	2	0	0	0	0	0	0
/Volumes/GigiMurin/plip/sterol_lipids/BD7ofh-N-N-CPS1/report.txt	2	2	1	0	0	0	0
/Volumes/GigiMurin/plip/sterol_lipids/BD7ofh-N-N-CPS2/report.txt	2	0	0	0	0	0	0
/Volumes/GigiMurin/plip/sterol_lipids/BD7ofh-O-O-CPS1/report.txt	2	0	0	0	0	0	0
/Volumes/GigiMurin/plip/sterol_lipids/BD7ofh-O-O-CPS2/report.txt	2	2	1	0	0	0	0
/Volumes/GigiMurin/plip/sterol_lipids/BD7oj8-A-A-CLR1/report.txt	5	0	0	0	0	0	0
/Volumes/GigiMurin/plip/sterol_lipids/BD7oj8-A-A-CLR2/report.txt	1	0	0	0	0	0	0
/Volumes/GigiMurin/plip/sterol_lipids/BD7oj8-A-B-CLR1/report.txt	2	0	0	0	0	0	0
/Volumes/GigiMurin/plip/sterol_lipids/BD7oj8-A-B-FY51/report.txt	2	2	0	0	0	0	0
/Volumes/GigiMurin/plip/sterol_lipids/BD7oj8-B-A-CLR1/report.txt	2	0	0	0	0	0	0
/Volumes/GigiMurin/plip/sterol_lipids/BD7oj8-B-B-CLR1/report.txt	3	0	0	0	0	0	0
/Volumes/GigiMurin/plip/sterol_lipids/BD7oj8-B-B-CLR2/report.txt	4	0	0	0	0	0	0
/Volumes/GigiMurin/plip/sterol_lipids/BD7oj8-B-B-FY51/report.txt	4	0	0	0	0	0	0
/Volumes/GigiMurin/plip/sterol_lipids/BD7ojh-A-A-CLR1/report.txt	2	0	0	0	0	0	0
/Volumes/GigiMurin/plip/sterol_lipids/BD7oji-A-A-CLR1/report.txt	4	0	0	0	0	0	0
/Volumes/GigiMurin/plip/sterol_lipids/BD7oji-A-A-CLR2/report.txt	5	0	0	0	0	0	0
/Volumes/GigiMurin/plip/sterol_lipids/BD7oji-A-B-CLR2/report.txt	1	0	0	0	0	0	0
/Volumes/GigiMurin/plip/sterol_lipids/BD7oji-B-A-CLR1/report.txt	2	0	0	0	0	0	0
/Volumes/GigiMurin/plip/sterol_lipids/BD7oji-B-B-CLR1/report.txt	6	0	0	0	0	0	0
/Volumes/GigiMurin/plip/sterol_lipids/BD7oui-A-A-AJP1/report.txt	2	0	0	0	0	0	0
/Volumes/GigiMurin/plip/sterol_lipids/BD7oui-A-b-AJP1/report.txt	1	2	0	0	0	0	0
/Volumes/GigiMurin/plip/sterol_lipids/BD7oui-B-B-AJP1/report.txt	1	3	0	0	0	0	0
/Volumes/GigiMurin/plip/sterol_lipids/BD7oui-D-A-AJP1/report.txt	1	0	0	0	0	0	0
/Volumes/GigiMurin/plip/sterol_lipids/BD7oui-G-G-AJP1/report.txt	2	1	1	0	0	0	0
/Volumes/GigiMurin/plip/sterol_lipids/BD7oui-N-N-AJP1/report.txt	4	1	0	0	0	0	0
/Volumes/GigiMurin/plip/sterol_lipids/BD7oui-N-N-AJP2/report.txt	3	0	0	0	0	0	0
/Volumes/GigiMurin/plip/sterol_lipids/BD7oui-N-Y-AJP2/report.txt	1	0	0	0	0	0	0
/Volumes/GigiMurin/plip/sterol_lipids/BD7oui-O-b-AJP1/report.txt	0	1	0	0	0	0	0
/Volumes/GigiMurin/plip/sterol_lipids/BD7oui-S-S-AJP1/report.txt	1	0	0	0	0	0	0
/Volumes/GigiMurin/plip/sterol_lipids/BD7oui-W-Y-AJP1/report.txt	0	2	0	0	0	0	0
/Volumes/GigiMurin/plip/sterol_lipids/BD7oui-Y-Y-AJP1/report.txt	4	0	0	0	0	0	0
/Volumes/GigiMurin/plip/sterol_lipids/BD7oui-Y-Y-AJP2/report.txt	0	1	0	0	0	0	0
/Volumes/GigiMurin/plip/sterol_lipids/BD7oui-Y-Y-AJP5/report.txt	4	0	0	0	0	0	0
/Volumes/GigiMurin/plip/sterol_lipids/BD7oxu-A-A-2QI1/report.txt	7	5	2	0	0	0	0
/Volumes/GigiMurin/plip/sterol_lipids/BD7oxz-A-A-2UI1/report.txt	11	4	0	0	0	0	0
/Volumes/GigiMurin/plip/sterol_lipids/BD7oy4-A-A-2WV1/report.txt	11	3	0	0	0	0	0
/Volumes/GigiMurin/plip/sterol_lipids/BD7p00-R-R-CLR1/report.txt	10	1	0	0	0	0	0
/Volumes/GigiMurin/plip/sterol_lipids/BD7p02-R-R-CLR1/report.txt	8	3	0	0	0	0	0
/Volumes/GigiMurin/plip/sterol_lipids/BD7p18-A-A-ANB1/report.txt	7	2	0	0	0	0	0
/Volumes/GigiMurin/plip/sterol_lipids/BD7p4j-A-A-5JK1/report.txt	12	0	0	0	0	0	0
/Volumes/GigiMurin/plip/sterol_lipids/BD7p4o-A-A-5JK1/report.txt	9	0	0	0	0	0	0
/Volumes/GigiMurin/plip/sterol_lipids/BD7pin-I-r-ERG1/report.txt	2	0	0	0	0	0	0
/Volumes/GigiMurin/plip/sterol_lipids/BD7pin-r1-r1-ERG1/report.txt	1	0	0	0	0	0	0
/Volumes/GigiMurin/plip/sterol_lipids/BD7pin-r-r-ERG1/report.txt	3	0	0	0	0	0	0
/Volumes/GigiMurin/plip/sterol_lipids/BD7pin-w1-R1-ERG1/report.txt	2	0	0	0	0	0	0
/Volumes/GigiMurin/plip/sterol_lipids/BD7piw-i1-R1-ERG1/report.txt	1	0	0	0	0	0	0
/Volumes/GigiMurin/plip/sterol_lipids/BD7piw-r1-r1-ERG1/report.txt	2	0	0	0	0	0	0
/Volumes/GigiMurin/plip/sterol_lipids/BD7prv-A-A-GW61/report.txt	8	5	0	0	0	0	0
/Volumes/GigiMurin/plip/sterol_lipids/BD7px4-A-A-CLR1/report.txt	7	0	0	0	0	0	0
/Volumes/GigiMurin/plip/sterol_lipids/BD7px4-A-A-CLR2/report.txt	9	0	0	0	0	0	0
/Volumes/GigiMurin/plip/sterol_lipids/BD7px4-A-A-CLR3/report.txt	5	1	0	0	0	0	0
/Volumes/GigiMurin/plip/sterol_lipids/BD7pxe-A-A-CLR1/report.txt	3	1	0	0	0	0	0
/Volumes/GigiMurin/plip/sterol_lipids/BD7pxg-A-A-CLR1/report.txt	4	1	0	0	0	0	0
/Volumes/GigiMurin/plip/sterol_lipids/BD7pxh-A-A-CLR1/report.txt	5	1	0	0	0	0	0
/Volumes/GigiMurin/plip/sterol_lipids/BD7pxh-C-C-CLR1/report.txt	4	1	0	0	0	0	0
/Volumes/GigiMurin/plip/sterol_lipids/BD7pyr-A-A-CLR1/report.txt	7	0	0	0	0	0	0
/Volumes/GigiMurin/plip/sterol_lipids/BD7pyr-A-A-CLR2/report.txt	8	0	0	0	0	0	0
/Volumes/GigiMurin/plip/sterol_lipids/BD7pyr-A-A-CLR3/report.txt	4	1	0	0	0	0	0
/Volumes/GigiMurin/plip/sterol_lipids/BD7q1u-A-A-CLR1/report.txt	6	0	0	0	0	0	0
/Volumes/GigiMurin/plip/sterol_lipids/BD7q6z-A-A-CLR1/report.txt	3	0	0	0	0	0	0
/Volumes/GigiMurin/plip/sterol_lipids/BD7qpi-A-A-VDX1/report.txt	7	5	0	0	0	0	0
/Volumes/GigiMurin/plip/sterol_lipids/BD7qpp-A-A-VDX1/report.txt	10	7	0	0	0	0	0
/Volumes/GigiMurin/plip/sterol_lipids/BD7qsk-i-i-CHD1/report.txt	1	0	3	0	0	0	0
/Volumes/GigiMurin/plip/sterol_lipids/BD7qsk-L-i-CHD1/report.txt	5	0	1	0	0	0	0
/Volumes/GigiMurin/plip/sterol_lipids/BD7qsl-i-i-CHD1/report.txt	4	1	2	0	0	0	0
/Volumes/GigiMurin/plip/sterol_lipids/BD7qsl-L-i-CHD1/report.txt	2	0	1	0	0	0	0
/Volumes/GigiMurin/plip/sterol_lipids/BD7qsm-i-i-CHD1/report.txt	3	1	2	0	0	0	0
/Volumes/GigiMurin/plip/sterol_lipids/BD7qsm-L-i-CHD1/report.txt	2	1	0	0	0	0	0
/Volumes/GigiMurin/plip/sterol_lipids/BD7qsn-L-L-CHD1/report.txt	4	0	0	0	0	0	0
/Volumes/GigiMurin/plip/sterol_lipids/BD7qso-B-H-CHD1/report.txt	3	1	0	0	0	0	0
/Volumes/GigiMurin/plip/sterol_lipids/BD7qso-H-H-CHD1/report.txt	7	2	0	0	0	0	0
/Volumes/GigiMurin/plip/sterol_lipids/BD7qso-L-L-CHD1/report.txt	3	2	0	0	0	0	0
/Volumes/GigiMurin/plip/sterol_lipids/BD7qtv-A-A-CLR1/report.txt	2	1	0	0	0	0	0
/Volumes/GigiMurin/plip/sterol_lipids/BD7qtv-A-C-CLR1/report.txt	1	0	0	0	0	0	0
/Volumes/GigiMurin/plip/sterol_lipids/BD7qtv-A-G-CLR1/report.txt	8	0	0	0	0	0	0
/Volumes/GigiMurin/plip/sterol_lipids/BD7qtv-B-A-CLR1/report.txt	2	0	0	0	0	0	0
/Volumes/GigiMurin/plip/sterol_lipids/BD7qtv-C-A-CLR1/report.txt	1	0	0	0	0	0	0
/Volumes/GigiMurin/plip/sterol_lipids/BD7qtv-C-C-CLR1/report.txt	5	0	0	0	0	0	0
/Volumes/GigiMurin/plip/sterol_lipids/BD7qtv-C-E-CLR1/report.txt	9	0	0	0	0	0	0
/Volumes/GigiMurin/plip/sterol_lipids/BD7qtv-E-E-CLR1/report.txt	4	2	0	0	0	0	0
/Volumes/GigiMurin/plip/sterol_lipids/BD7r3k-6-6-ERG1/report.txt	6	0	0	0	0	0	0
/Volumes/GigiMurin/plip/sterol_lipids/BD7r3k-7-6-ERG1/report.txt	0	0	0	0	0	0	0
/Volumes/GigiMurin/plip/sterol_lipids/BD7r3k-8-8-ERG1/report.txt	8	1	0	0	0	0	0
/Volumes/GigiMurin/plip/sterol_lipids/BD7r3k-F-8-ERG1/report.txt	0	0	0	0	0	0	0
/Volumes/GigiMurin/plip/sterol_lipids/BD7r89-A-B-ERG1/report.txt	1	0	0	0	0	0	0
/Volumes/GigiMurin/plip/sterol_lipids/BD7r89-B-B-ERG1/report.txt	2	0	0	0	0	0	0
/Volumes/GigiMurin/plip/sterol_lipids/BD7r8a-A-A-CLR1/report.txt	2	0	0	0	0	0	0
/Volumes/GigiMurin/plip/sterol_lipids/BD7r8b-A-A-CLR1/report.txt	5	1	0	0	0	0	0
/Volumes/GigiMurin/plip/sterol_lipids/BD7r8b-A-B-CLR1/report.txt	2	0	0	0	0	0	0
/Volumes/GigiMurin/plip/sterol_lipids/BD7r8b-B-A-CLR1/report.txt	4	0	0	0	0	0	0
/Volumes/GigiMurin/plip/sterol_lipids/BD7r8b-B-B-CLR1/report.txt	1	0	0	0	0	0	0
/Volumes/GigiMurin/plip/sterol_lipids/BD7r8d-A-A-CLR1/report.txt	1	0	0	0	0	0	0
/Volumes/GigiMurin/plip/sterol_lipids/BD7r8d-A-A-CLR2/report.txt	2	0	0	0	0	0	0
/Volumes/GigiMurin/plip/sterol_lipids/BD7r8d-A-A-CLR3/report.txt	6	0	0	0	0	0	0
/Volumes/GigiMurin/plip/sterol_lipids/BD7r8d-A-A-CLR4/report.txt	2	0	0	0	0	0	0
/Volumes/GigiMurin/plip/sterol_lipids/BD7r8d-A-B-CLR1/report.txt	3	0	0	0	0	0	0
/Volumes/GigiMurin/plip/sterol_lipids/BD7r8e-A-A-CLR1/report.txt	5	0	0	0	0	0	0
/Volumes/GigiMurin/plip/sterol_lipids/BD7rae-A-A-DHT1/report.txt	4	2	0	0	0	0	0
/Volumes/GigiMurin/plip/sterol_lipids/BD7raf-A-A-STR1/report.txt	7	2	0	0	0	0	0
/Volumes/GigiMurin/plip/sterol_lipids/BD7rhq-A-A-CLR1/report.txt	6	0	0	0	0	0	0
/Volumes/GigiMurin/plip/sterol_lipids/BD7rhq-C-C-CLR1/report.txt	1	0	0	0	0	0	0
/Volumes/GigiMurin/plip/sterol_lipids/BD7rhq-G-C-CLR1/report.txt	4	0	0	0	0	0	0
/Volumes/GigiMurin/plip/sterol_lipids/BD7rhr-A-A-CLR1/report.txt	14	0	0	0	0	0	0
/Volumes/GigiMurin/plip/sterol_lipids/BD7rhr-A-A-CLR2/report.txt	8	0	0	0	0	0	0
/Volumes/GigiMurin/plip/sterol_lipids/BD7rhr-A-A-CLR3/report.txt	9	1	0	0	0	0	0
/Volumes/GigiMurin/plip/sterol_lipids/BD7rkm-R-R-CLR1/report.txt	3	0	0	0	0	0	0
/Volumes/GigiMurin/plip/sterol_lipids/BD7rm5-A-A-CLR1/report.txt	7	1	0	0	0	0	0
/Volumes/GigiMurin/plip/sterol_lipids/BD7rm5-A-A-CLR2/report.txt	7	0	0	0	0	0	0
/Volumes/GigiMurin/plip/sterol_lipids/BD7rm5-A-A-CLR3/report.txt	4	1	0	0	0	0	0
/Volumes/GigiMurin/plip/sterol_lipids/BD7rm5-A-A-CLR4/report.txt	5	1	0	0	0	0	0
/Volumes/GigiMurin/plip/sterol_lipids/BD7roq-A-A-CLR1/report.txt	5	0	0	0	0	0	0
/Volumes/GigiMurin/plip/sterol_lipids/BD7roq-A-A-CLR2/report.txt	1	0	0	0	0	0	0
/Volumes/GigiMurin/plip/sterol_lipids/BD7rr9-A-A-CLR1/report.txt	2	0	0	0	0	0	0
/Volumes/GigiMurin/plip/sterol_lipids/BD7rr9-B-B-CLR1/report.txt	3	0	0	0	0	0	0
/Volumes/GigiMurin/plip/sterol_lipids/BD7ry4-A-A-J3Z1/report.txt	4	0	0	0	0	0	0
/Volumes/GigiMurin/plip/sterol_lipids/BD7ry4-B-B-J3Z1/report.txt	5	1	0	0	0	0	0
/Volumes/GigiMurin/plip/sterol_lipids/BD7sh5-A-A-K2B1/report.txt	11	0	0	0	0	0	0
/Volumes/GigiMurin/plip/sterol_lipids/BD7sh5-B-B-K2B1/report.txt	9	0	0	0	0	0	0
/Volumes/GigiMurin/plip/sterol_lipids/BD7sh5-C-C-K2B1/report.txt	10	0	0	0	0	0	0
/Volumes/GigiMurin/plip/sterol_lipids/BD7sh5-D-D-K2B1/report.txt	11	0	0	0	0	0	0
/Volumes/GigiMurin/plip/sterol_lipids/BD7she-A-A-CLR10/report.txt	4	1	0	0	0	0	0
/Volumes/GigiMurin/plip/sterol_lipids/BD7she-A-A-CLR11/report.txt	6	0	0	0	0	0	0
/Volumes/GigiMurin/plip/sterol_lipids/BD7she-A-A-CLR1/report.txt	3	0	0	0	0	0	0
/Volumes/GigiMurin/plip/sterol_lipids/BD7she-A-A-CLR2/report.txt	1	2	0	0	0	0	0
/Volumes/GigiMurin/plip/sterol_lipids/BD7she-A-A-CLR3/report.txt	5	0	0	0	0	0	0
/Volumes/GigiMurin/plip/sterol_lipids/BD7she-A-A-CLR4/report.txt	1	0	0	0	0	0	0
/Volumes/GigiMurin/plip/sterol_lipids/BD7she-A-A-CLR5/report.txt	6	0	0	0	0	0	0
/Volumes/GigiMurin/plip/sterol_lipids/BD7she-A-A-CLR6/report.txt	2	0	0	0	0	0	0
/Volumes/GigiMurin/plip/sterol_lipids/BD7she-A-A-CLR7/report.txt	5	0	0	0	0	0	0
/Volumes/GigiMurin/plip/sterol_lipids/BD7she-A-A-CLR8/report.txt	2	0	0	0	0	0	0
/Volumes/GigiMurin/plip/sterol_lipids/BD7she-A-A-CLR9/report.txt	2	0	0	0	0	0	0
/Volumes/GigiMurin/plip/sterol_lipids/BD7she-A-B-CLR6/report.txt	2	0	0	0	0	0	0
/Volumes/GigiMurin/plip/sterol_lipids/BD7she-B-A-CLR8/report.txt	1	0	0	0	0	0	0
/Volumes/GigiMurin/plip/sterol_lipids/BD7she-B-B-CLR10/report.txt	3	0	0	0	0	0	0
/Volumes/GigiMurin/plip/sterol_lipids/BD7she-B-B-CLR1/report.txt	5	1	0	0	0	0	0
/Volumes/GigiMurin/plip/sterol_lipids/BD7she-B-B-CLR2/report.txt	5	1	0	0	0	0	0
/Volumes/GigiMurin/plip/sterol_lipids/BD7she-B-B-CLR3/report.txt	3	0	0	0	0	0	0
/Volumes/GigiMurin/plip/sterol_lipids/BD7she-B-B-CLR4/report.txt	5	0	0	0	0	0	0
/Volumes/GigiMurin/plip/sterol_lipids/BD7she-B-B-CLR5/report.txt	6	0	0	0	0	0	0
/Volumes/GigiMurin/plip/sterol_lipids/BD7she-B-B-CLR6/report.txt	0	1	0	0	0	0	0
/Volumes/GigiMurin/plip/sterol_lipids/BD7she-B-B-CLR7/report.txt	2	0	0	0	0	0	0
/Volumes/GigiMurin/plip/sterol_lipids/BD7she-B-B-CLR8/report.txt	1	0	0	0	0	0	0
/Volumes/GigiMurin/plip/sterol_lipids/BD7shf-A-A-CLR10/report.txt	1	0	0	0	0	0	0
/Volumes/GigiMurin/plip/sterol_lipids/BD7shf-A-A-CLR11/report.txt	9	0	0	0	0	0	0
/Volumes/GigiMurin/plip/sterol_lipids/BD7shf-A-A-CLR12/report.txt	5	0	0	0	0	0	0
/Volumes/GigiMurin/plip/sterol_lipids/BD7shf-A-A-CLR1/report.txt	1	0	0	0	0	0	0
/Volumes/GigiMurin/plip/sterol_lipids/BD7shf-A-A-CLR2/report.txt	3	0	0	0	0	0	0
/Volumes/GigiMurin/plip/sterol_lipids/BD7shf-A-A-CLR3/report.txt	2	0	0	0	0	0	0
/Volumes/GigiMurin/plip/sterol_lipids/BD7shf-A-A-CLR4/report.txt	5	0	0	0	0	0	0
/Volumes/GigiMurin/plip/sterol_lipids/BD7shf-A-A-CLR5/report.txt	6	1	0	0	0	0	0
/Volumes/GigiMurin/plip/sterol_lipids/BD7shf-A-A-CLR6/report.txt	3	0	0	0	0	0	0
/Volumes/GigiMurin/plip/sterol_lipids/BD7shf-A-A-CLR7/report.txt	2	0	0	0	0	0	0
/Volumes/GigiMurin/plip/sterol_lipids/BD7shf-A-A-CLR8/report.txt	3	1	0	0	0	0	0
/Volumes/GigiMurin/plip/sterol_lipids/BD7shf-A-A-CLR9/report.txt	1	0	0	0	0	0	0
/Volumes/GigiMurin/plip/sterol_lipids/BD7shf-B-A-CLR1/report.txt	2	1	0	0	0	0	0
/Volumes/GigiMurin/plip/sterol_lipids/BD7shf-B-B-CLR10/report.txt	4	1	0	0	0	0	0
/Volumes/GigiMurin/plip/sterol_lipids/BD7shf-B-B-CLR1/report.txt	4	0	0	0	0	0	0
/Volumes/GigiMurin/plip/sterol_lipids/BD7shf-B-B-CLR2/report.txt	0	0	0	0	0	0	0
/Volumes/GigiMurin/plip/sterol_lipids/BD7shf-B-B-CLR3/report.txt	5	0	0	0	0	0	0
/Volumes/GigiMurin/plip/sterol_lipids/BD7shf-B-B-CLR4/report.txt	2	0	0	0	0	0	0
/Volumes/GigiMurin/plip/sterol_lipids/BD7shf-B-B-CLR5/report.txt	7	0	0	0	0	0	0
/Volumes/GigiMurin/plip/sterol_lipids/BD7shf-B-B-CLR6/report.txt	2	0	0	0	0	0	0
/Volumes/GigiMurin/plip/sterol_lipids/BD7shf-B-B-CLR7/report.txt	3	0	0	0	0	0	0
/Volumes/GigiMurin/plip/sterol_lipids/BD7shf-B-B-CLR8/report.txt	5	0	0	0	0	0	0
/Volumes/GigiMurin/plip/sterol_lipids/BD7shf-B-B-CLR9/report.txt	4	0	0	0	0	0	0
/Volumes/GigiMurin/plip/sterol_lipids/BD7sil-A-A-CLR1/report.txt	4	0	0	0	0	0	0
/Volumes/GigiMurin/plip/sterol_lipids/BD7sil-A-A-CLR2/report.txt	2	0	0	0	0	0	0
/Volumes/GigiMurin/plip/sterol_lipids/BD7sil-A-A-CLR3/report.txt	4	0	0	0	0	0	0
/Volumes/GigiMurin/plip/sterol_lipids/BD7sil-A-A-CLR4/report.txt	5	0	0	0	0	0	0
/Volumes/GigiMurin/plip/sterol_lipids/BD7sil-A-B-CLR1/report.txt	3	0	0	0	0	0	0
/Volumes/GigiMurin/plip/sterol_lipids/BD7sil-A-B-CLR3/report.txt	7	0	0	0	0	0	0
/Volumes/GigiMurin/plip/sterol_lipids/BD7sil-B-A-CLR1/report.txt	3	0	0	0	0	0	0
/Volumes/GigiMurin/plip/sterol_lipids/BD7sil-B-B-CLR1/report.txt	3	0	0	0	0	0	0
/Volumes/GigiMurin/plip/sterol_lipids/BD7sil-B-B-CLR2/report.txt	4	0	0	0	0	0	0
/Volumes/GigiMurin/plip/sterol_lipids/BD7sil-B-B-CLR3/report.txt	2	0	0	0	0	0	0
/Volumes/GigiMurin/plip/sterol_lipids/BD7sil-B-B-CLR4/report.txt	6	0	0	0	0	0	0
/Volumes/GigiMurin/plip/sterol_lipids/BD7sim-A-A-CLR1/report.txt	6	0	0	0	0	0	0
/Volumes/GigiMurin/plip/sterol_lipids/BD7sim-A-A-CLR2/report.txt	2	0	0	0	0	0	0
/Volumes/GigiMurin/plip/sterol_lipids/BD7sim-A-A-CLR3/report.txt	4	0	0	0	0	0	0
/Volumes/GigiMurin/plip/sterol_lipids/BD7sim-A-A-CLR4/report.txt	4	0	0	0	0	0	0
/Volumes/GigiMurin/plip/sterol_lipids/BD7sim-A-A-CLR5/report.txt	3	0	0	0	0	0	0
/Volumes/GigiMurin/plip/sterol_lipids/BD7sim-A-B-CLR1/report.txt	3	0	0	0	0	0	0
/Volumes/GigiMurin/plip/sterol_lipids/BD7sim-B-A-CLR1/report.txt	3	0	0	0	0	0	0
/Volumes/GigiMurin/plip/sterol_lipids/BD7sim-B-B-CLR1/report.txt	5	0	0	0	0	0	0
/Volumes/GigiMurin/plip/sterol_lipids/BD7sim-B-B-CLR2/report.txt	3	0	0	0	0	0	0
/Volumes/GigiMurin/plip/sterol_lipids/BD7sim-B-B-CLR3/report.txt	5	0	0	0	0	0	0
/Volumes/GigiMurin/plip/sterol_lipids/BD7sk3-A-A-CLR1/report.txt	3	0	0	0	0	0	0
/Volumes/GigiMurin/plip/sterol_lipids/BD7sk3-A-A-CLR2/report.txt	5	0	0	0	0	0	0
/Volumes/GigiMurin/plip/sterol_lipids/BD7sk3-A-A-CLR3/report.txt	5	0	0	0	0	0	0
/Volumes/GigiMurin/plip/sterol_lipids/BD7sk3-A-A-CLR4/report.txt	3	1	0	0	0	0	0
/Volumes/GigiMurin/plip/sterol_lipids/BD7sk3-A-A-CLR5/report.txt	5	0	0	0	0	0	0
/Volumes/GigiMurin/plip/sterol_lipids/BD7sk3-A-A-CLR6/report.txt	5	0	0	0	0	0	0
/Volumes/GigiMurin/plip/sterol_lipids/BD7sk3-A-A-CLR7/report.txt	3	0	0	0	0	0	0
/Volumes/GigiMurin/plip/sterol_lipids/BD7sk4-A-A-CLR1/report.txt	4	0	0	0	0	0	0
/Volumes/GigiMurin/plip/sterol_lipids/BD7sk4-A-A-CLR2/report.txt	6	0	0	0	0	0	0
/Volumes/GigiMurin/plip/sterol_lipids/BD7sk5-A-A-CLR1/report.txt	3	1	0	0	0	0	0
/Volumes/GigiMurin/plip/sterol_lipids/BD7sk5-A-A-CLR2/report.txt	2	0	0	0	0	0	0
/Volumes/GigiMurin/plip/sterol_lipids/BD7sk5-A-A-CLR3/report.txt	1	0	0	0	0	0	0
/Volumes/GigiMurin/plip/sterol_lipids/BD7sk5-A-A-CLR4/report.txt	2	0	0	0	0	0	0
/Volumes/GigiMurin/plip/sterol_lipids/BD7sk5-A-A-CLR5/report.txt	5	0	0	0	0	0	0
/Volumes/GigiMurin/plip/sterol_lipids/BD7sk5-F-F-CLR1/report.txt	1	0	0	0	0	0	0
/Volumes/GigiMurin/plip/sterol_lipids/BD7sk7-A-A-CLR1/report.txt	6	3	0	0	0	0	0
/Volumes/GigiMurin/plip/sterol_lipids/BD7sk8-A-A-CLR1/report.txt	1	0	0	0	0	0	0
/Volumes/GigiMurin/plip/sterol_lipids/BD7sk8-A-A-CLR2/report.txt	9	0	0	0	0	0	0
/Volumes/GigiMurin/plip/sterol_lipids/BD7sk8-A-A-CLR3/report.txt	5	0	0	0	0	0	0
/Volumes/GigiMurin/plip/sterol_lipids/BD7sk8-A-A-CLR4/report.txt	3	0	0	0	0	0	0
/Volumes/GigiMurin/plip/sterol_lipids/BD7sk8-A-A-CLR5/report.txt	1	0	0	0	0	0	0
/Volumes/GigiMurin/plip/sterol_lipids/BD7sk8-A-A-CLR6/report.txt	3	0	0	0	0	0	0
/Volumes/GigiMurin/plip/sterol_lipids/BD7sk9-A-A-CLR1/report.txt	2	0	0	0	0	0	0
/Volumes/GigiMurin/plip/sterol_lipids/BD7sk9-A-A-CLR2/report.txt	7	0	0	0	0	0	0
/Volumes/GigiMurin/plip/sterol_lipids/BD7sl8-A-A-CLR1/report.txt	9	1	0	0	0	0	0
/Volumes/GigiMurin/plip/sterol_lipids/BD7smm-A-A-CLR1/report.txt	9	0	0	0	0	0	0
/Volumes/GigiMurin/plip/sterol_lipids/BD7smm-C-C-CLR1/report.txt	7	2	0	0	0	0	0
/Volumes/GigiMurin/plip/sterol_lipids/BD7smm-D-C-CLR1/report.txt	0	1	0	0	0	0	0
/Volumes/GigiMurin/plip/sterol_lipids/BD7smm-D-D-CLR1/report.txt	7	1	0	0	0	0	0
/Volumes/GigiMurin/plip/sterol_lipids/BD7smq-A-A-CLR1/report.txt	3	0	0	0	0	0	0
/Volumes/GigiMurin/plip/sterol_lipids/BD7smq-A-A-CLR2/report.txt	6	0	0	0	0	0	0
/Volumes/GigiMurin/plip/sterol_lipids/BD7smq-B-B-CLR1/report.txt	9	0	0	0	0	0	0
/Volumes/GigiMurin/plip/sterol_lipids/BD7smq-B-B-CLR2/report.txt	5	0	0	0	0	0	0
/Volumes/GigiMurin/plip/sterol_lipids/BD7smq-C-C-CLR1/report.txt	4	0	0	0	0	0	0
/Volumes/GigiMurin/plip/sterol_lipids/BD7smq-C-C-CLR2/report.txt	5	1	0	0	0	0	0
/Volumes/GigiMurin/plip/sterol_lipids/BD7smq-C-C-CLR3/report.txt	5	1	0	0	0	0	0
/Volumes/GigiMurin/plip/sterol_lipids/BD7smq-D-C-CLR2/report.txt	0	1	0	0	0	0	0
/Volumes/GigiMurin/plip/sterol_lipids/BD7smq-D-D-CLR1/report.txt	5	1	0	0	0	0	0
/Volumes/GigiMurin/plip/sterol_lipids/BD7smq-D-D-CLR2/report.txt	3	2	0	0	0	0	0
/Volumes/GigiMurin/plip/sterol_lipids/BD7smq-E-E-CLR1/report.txt	7	1	0	0	0	0	0
/Volumes/GigiMurin/plip/sterol_lipids/BD7smq-E-E-CLR2/report.txt	3	0	0	0	0	0	0
/Volumes/GigiMurin/plip/sterol_lipids/BD7smr-A-A-CLR1/report.txt	4	0	0	0	0	0	0
/Volumes/GigiMurin/plip/sterol_lipids/BD7smr-C-C-CLR1/report.txt	6	2	0	0	0	0	0
/Volumes/GigiMurin/plip/sterol_lipids/BD7smr-D-C-CLR1/report.txt	0	0	0	0	0	0	0
/Volumes/GigiMurin/plip/sterol_lipids/BD7smr-D-D-CLR1/report.txt	7	0	0	0	0	0	0
/Volumes/GigiMurin/plip/sterol_lipids/BD7sms-A-A-CLR1/report.txt	4	0	0	0	0	0	0
/Volumes/GigiMurin/plip/sterol_lipids/BD7sms-C-C-CLR1/report.txt	4	2	0	0	0	0	0
/Volumes/GigiMurin/plip/sterol_lipids/BD7sms-D-C-CLR1/report.txt	0	0	0	0	0	0	0
/Volumes/GigiMurin/plip/sterol_lipids/BD7sms-D-D-CLR1/report.txt	6	0	0	0	0	0	0
/Volumes/GigiMurin/plip/sterol_lipids/BD7smt-A-A-CLR1/report.txt	3	0	0	0	0	0	0
/Volumes/GigiMurin/plip/sterol_lipids/BD7smt-C-C-CLR1/report.txt	4	2	0	0	0	0	0
/Volumes/GigiMurin/plip/sterol_lipids/BD7smt-D-C-CLR1/report.txt	0	0	0	0	0	0	0
/Volumes/GigiMurin/plip/sterol_lipids/BD7smt-D-D-CLR1/report.txt	6	0	0	0	0	0	0
/Volumes/GigiMurin/plip/sterol_lipids/BD7smz-A-A-K2B1/report.txt	10	0	0	0	0	0	0
/Volumes/GigiMurin/plip/sterol_lipids/BD7smz-B-B-K2B1/report.txt	9	0	0	0	0	0	0
/Volumes/GigiMurin/plip/sterol_lipids/BD7snm-A-A-LAN1/report.txt	8	1	0	0	0	0	0
/Volumes/GigiMurin/plip/sterol_lipids/BD7sv7-A-A-CLR1/report.txt	1	0	0	0	0	0	0
/Volumes/GigiMurin/plip/sterol_lipids/BD7sv7-A-A-CLR2/report.txt	3	0	0	0	0	0	0
/Volumes/GigiMurin/plip/sterol_lipids/BD7svd-A-A-CLR1/report.txt	2	0	0	0	0	0	0
/Volumes/GigiMurin/plip/sterol_lipids/BD7svd-A-A-CLR2/report.txt	2	0	0	0	0	0	0
/Volumes/GigiMurin/plip/sterol_lipids/BD7svd-A-A-CLR3/report.txt	6	0	0	0	0	0	0
/Volumes/GigiMurin/plip/sterol_lipids/BD7svg-A-A-JN31/report.txt	8	2	0	0	0	0	0
/Volumes/GigiMurin/plip/sterol_lipids/BD7svg-A-A-JN32/report.txt	5	3	0	0	0	0	0
/Volumes/GigiMurin/plip/sterol_lipids/BD7svg-D-D-JN31/report.txt	8	2	0	0	0	0	0
/Volumes/GigiMurin/plip/sterol_lipids/BD7t2g-R-R-CLR1/report.txt	13	0	0	0	0	0	0
/Volumes/GigiMurin/plip/sterol_lipids/BD7t2g-R-R-CLR2/report.txt	7	0	0	0	0	0	0
/Volumes/GigiMurin/plip/sterol_lipids/BD7t92-A-A-CLR1/report.txt	3	0	0	0	0	0	0
/Volumes/GigiMurin/plip/sterol_lipids/BD7t92-A-A-CLR2/report.txt	1	0	0	0	0	0	0
/Volumes/GigiMurin/plip/sterol_lipids/BD7t92-A-C-CLR1/report.txt	2	1	0	0	0	0	0
/Volumes/GigiMurin/plip/sterol_lipids/BD7t92-C-C-CLR1/report.txt	2	0	0	0	0	0	0
/Volumes/GigiMurin/plip/sterol_lipids/BD7t92-C-C-CLR2/report.txt	3	0	0	0	0	0	0
/Volumes/GigiMurin/plip/sterol_lipids/BD7t92-C-C-CLR3/report.txt	2	0	0	0	0	0	0
/Volumes/GigiMurin/plip/sterol_lipids/BD7tai-A-A-CLR1/report.txt	5	0	0	0	0	0	0
/Volumes/GigiMurin/plip/sterol_lipids/BD7tai-A-A-CLR2/report.txt	6	0	0	0	0	0	0
/Volumes/GigiMurin/plip/sterol_lipids/BD7tbw-A-A-CLR1/report.txt	4	0	0	0	0	0	0
/Volumes/GigiMurin/plip/sterol_lipids/BD7tby-A-A-CLR1/report.txt	3	1	0	0	0	0	0
/Volumes/GigiMurin/plip/sterol_lipids/BD7tbz-A-A-CLR1/report.txt	3	0	0	0	0	0	0
/Volumes/GigiMurin/plip/sterol_lipids/BD7tc0-A-A-CLR1/report.txt	4	0	0	0	0	0	0
/Volumes/GigiMurin/plip/sterol_lipids/BD7tc0-A-A-CLR2/report.txt	2	0	0	0	0	0	0
/Volumes/GigiMurin/plip/sterol_lipids/BD7thu-A-B-CHD1/report.txt	4	0	0	0	0	0	0
/Volumes/GigiMurin/plip/sterol_lipids/BD7thu-A-C-CHD1/report.txt	2	1	1	0	0	0	0
/Volumes/GigiMurin/plip/sterol_lipids/BD7thu-B-B-CHD1/report.txt	0	1	0	0	0	0	0
/Volumes/GigiMurin/plip/sterol_lipids/BD7thu-C-C-CHD1/report.txt	0	0	1	0	0	0	0
/Volumes/GigiMurin/plip/sterol_lipids/BD7thu-C-C-CHD2/report.txt	6	0	1	0	0	0	0
/Volumes/GigiMurin/plip/sterol_lipids/BD7thu-G-G-CHD1/report.txt	0	0	2	0	0	0	0
/Volumes/GigiMurin/plip/sterol_lipids/BD7thu-J-C-CHD2/report.txt	0	1	0	0	0	0	0
/Volumes/GigiMurin/plip/sterol_lipids/BD7thu-J-J-CHD1/report.txt	1	4	0	0	0	0	0
/Volumes/GigiMurin/plip/sterol_lipids/BD7thu-N-G-CHD1/report.txt	4	0	0	0	0	0	0
/Volumes/GigiMurin/plip/sterol_lipids/BD7thu-N-P-CHD1/report.txt	1	1	1	0	0	0	0
/Volumes/GigiMurin/plip/sterol_lipids/BD7thu-O-G-CHD1/report.txt	0	3	0	0	0	0	0
/Volumes/GigiMurin/plip/sterol_lipids/BD7thu-P-C-CHD1/report.txt	1	0	0	0	0	0	0
/Volumes/GigiMurin/plip/sterol_lipids/BD7thu-P-P-CHD1/report.txt	1	1	1	0	0	0	0
/Volumes/GigiMurin/plip/sterol_lipids/BD7thu-P-P-CHD2/report.txt	5	0	1	0	0	0	0
/Volumes/GigiMurin/plip/sterol_lipids/BD7thu-P-T-CHD1/report.txt	0	1	1	0	0	0	0
/Volumes/GigiMurin/plip/sterol_lipids/BD7thu-T-B-CHD1/report.txt	0	0	2	0	0	0	0
/Volumes/GigiMurin/plip/sterol_lipids/BD7thu-T-T-CHD1/report.txt	1	1	0	0	0	0	0
/Volumes/GigiMurin/plip/sterol_lipids/BD7thu-W-P-CHD2/report.txt	1	2	0	0	0	0	0
/Volumes/GigiMurin/plip/sterol_lipids/BD7thu-W-W-CHD1/report.txt	1	1	0	0	0	0	0
/Volumes/GigiMurin/plip/sterol_lipids/BD7thu-Y-Y-CHD1/report.txt	2	1	0	0	0	0	0
/Volumes/GigiMurin/plip/sterol_lipids/BD7tie-A-B-CHD1/report.txt	4	0	0	0	0	0	0
/Volumes/GigiMurin/plip/sterol_lipids/BD7tie-A-C-CHD1/report.txt	2	1	1	0	0	0	0
/Volumes/GigiMurin/plip/sterol_lipids/BD7tie-B-B-CHD1/report.txt	1	1	0	0	0	0	0
/Volumes/GigiMurin/plip/sterol_lipids/BD7tie-C-C-CHD1/report.txt	0	0	1	0	0	0	0
/Volumes/GigiMurin/plip/sterol_lipids/BD7tie-C-C-CHD2/report.txt	5	0	1	0	0	0	0
/Volumes/GigiMurin/plip/sterol_lipids/BD7tie-C-P-CHD1/report.txt	1	0	0	0	0	0	0
/Volumes/GigiMurin/plip/sterol_lipids/BD7tie-G-G-CHD1/report.txt	0	0	2	0	0	0	0
/Volumes/GigiMurin/plip/sterol_lipids/BD7tie-J-C-CHD2/report.txt	1	1	0	0	0	0	0
/Volumes/GigiMurin/plip/sterol_lipids/BD7tie-J-J-CHD1/report.txt	3	4	0	0	0	0	0
/Volumes/GigiMurin/plip/sterol_lipids/BD7tie-N-G-CHD1/report.txt	4	0	0	0	0	0	0
/Volumes/GigiMurin/plip/sterol_lipids/BD7tie-N-P-CHD1/report.txt	2	1	1	0	0	0	0
/Volumes/GigiMurin/plip/sterol_lipids/BD7tie-P-P-CHD1/report.txt	1	1	1	0	0	0	0
/Volumes/GigiMurin/plip/sterol_lipids/BD7tie-P-P-CHD2/report.txt	4	0	1	0	0	0	0
/Volumes/GigiMurin/plip/sterol_lipids/BD7tie-P-T-CHD1/report.txt	0	1	0	0	0	0	0
/Volumes/GigiMurin/plip/sterol_lipids/BD7tie-T-B-CHD1/report.txt	2	0	2	0	0	0	0
/Volumes/GigiMurin/plip/sterol_lipids/BD7tie-T-T-CHD1/report.txt	2	5	1	0	0	0	0
/Volumes/GigiMurin/plip/sterol_lipids/BD7tie-W-P-CHD2/report.txt	1	1	0	0	0	0	0
/Volumes/GigiMurin/plip/sterol_lipids/BD7tie-W-W-CHD1/report.txt	2	1	0	0	0	0	0
/Volumes/GigiMurin/plip/sterol_lipids/BD7tie-Y-Y-CHD1/report.txt	2	1	0	0	0	0	0
/Volumes/GigiMurin/plip/sterol_lipids/BD7tih-A-C-CHD1/report.txt	2	1	1	0	0	0	0
/Volumes/GigiMurin/plip/sterol_lipids/BD7tih-A-T-CHD1/report.txt	4	0	0	0	0	0	0
/Volumes/GigiMurin/plip/sterol_lipids/BD7tih-B-T-CHD1/report.txt	0	1	0	0	0	0	0
/Volumes/GigiMurin/plip/sterol_lipids/BD7tih-C-C-CHD1/report.txt	1	0	1	0	0	0	0
/Volumes/GigiMurin/plip/sterol_lipids/BD7tih-C-C-CHD2/report.txt	4	0	1	0	0	0	0
/Volumes/GigiMurin/plip/sterol_lipids/BD7tih-C-P-CHD1/report.txt	1	0	0	0	0	0	0
/Volumes/GigiMurin/plip/sterol_lipids/BD7tih-G-G-CHD1/report.txt	0	0	2	0	0	0	0
/Volumes/GigiMurin/plip/sterol_lipids/BD7tih-J-C-CHD2/report.txt	1	1	0	0	0	0	0
/Volumes/GigiMurin/plip/sterol_lipids/BD7tih-J-J-CHD1/report.txt	2	3	0	0	0	0	0
/Volumes/GigiMurin/plip/sterol_lipids/BD7tih-N-G-CHD1/report.txt	4	0	0	0	0	0	0
/Volumes/GigiMurin/plip/sterol_lipids/BD7tih-N-P-CHD1/report.txt	2	3	1	0	0	0	0
/Volumes/GigiMurin/plip/sterol_lipids/BD7tih-P-P-CHD1/report.txt	0	1	1	0	0	0	0
/Volumes/GigiMurin/plip/sterol_lipids/BD7tih-P-P-CHD2/report.txt	4	0	1	0	0	0	0
/Volumes/GigiMurin/plip/sterol_lipids/BD7tih-P-T-CHD2/report.txt	0	0	2	0	0	0	0
/Volumes/GigiMurin/plip/sterol_lipids/BD7tih-T-T-CHD1/report.txt	1	0	2	0	0	0	0
/Volumes/GigiMurin/plip/sterol_lipids/BD7tih-T-T-CHD2/report.txt	1	0	0	0	0	0	0
/Volumes/GigiMurin/plip/sterol_lipids/BD7tih-W-P-CHD2/report.txt	1	1	0	0	0	0	0
/Volumes/GigiMurin/plip/sterol_lipids/BD7tih-W-W-CHD1/report.txt	1	1	0	0	0	0	0
/Volumes/GigiMurin/plip/sterol_lipids/BD7tih-Y-Y-CHD1/report.txt	2	1	0	0	0	0	0
/Volumes/GigiMurin/plip/sterol_lipids/BD7tii-A-C-CHD2/report.txt	2	1	1	0	0	0	0
/Volumes/GigiMurin/plip/sterol_lipids/BD7tii-A-T-CHD1/report.txt	3	0	0	0	0	0	0
/Volumes/GigiMurin/plip/sterol_lipids/BD7tii-B-T-CHD1/report.txt	0	3	0	0	0	0	0
/Volumes/GigiMurin/plip/sterol_lipids/BD7tii-C-C-CHD1/report.txt	6	0	1	0	0	0	0
/Volumes/GigiMurin/plip/sterol_lipids/BD7tii-C-C-CHD2/report.txt	1	1	1	0	0	0	0
/Volumes/GigiMurin/plip/sterol_lipids/BD7tii-C-P-CHD2/report.txt	1	0	0	0	0	0	0
/Volumes/GigiMurin/plip/sterol_lipids/BD7tii-G-G-CHD1/report.txt	1	0	2	0	0	0	0
/Volumes/GigiMurin/plip/sterol_lipids/BD7tii-J-C-CHD1/report.txt	1	1	0	0	0	0	0
/Volumes/GigiMurin/plip/sterol_lipids/BD7tii-J-J-CHD1/report.txt	2	1	0	0	0	0	0
/Volumes/GigiMurin/plip/sterol_lipids/BD7tii-N-G-CHD1/report.txt	4	0	0	0	0	0	0
/Volumes/GigiMurin/plip/sterol_lipids/BD7tii-N-P-CHD2/report.txt	3	1	1	0	0	0	0
/Volumes/GigiMurin/plip/sterol_lipids/BD7tii-O-G-CHD1/report.txt	1	1	0	0	0	0	0
/Volumes/GigiMurin/plip/sterol_lipids/BD7tii-P-P-CHD1/report.txt	4	0	1	0	0	0	0
/Volumes/GigiMurin/plip/sterol_lipids/BD7tii-P-P-CHD2/report.txt	1	0	1	0	0	0	0
/Volumes/GigiMurin/plip/sterol_lipids/BD7tii-T-T-CHD1/report.txt	0	0	2	0	0	0	0
/Volumes/GigiMurin/plip/sterol_lipids/BD7tii-W-P-CHD1/report.txt	1	1	0	0	0	0	0
/Volumes/GigiMurin/plip/sterol_lipids/BD7tii-W-W-CHD1/report.txt	1	2	0	0	0	0	0
/Volumes/GigiMurin/plip/sterol_lipids/BD7tj8-A-A-CLR1/report.txt	6	2	0	0	0	0	0
/Volumes/GigiMurin/plip/sterol_lipids/BD7tj9-A-A-CLR1/report.txt	5	1	0	0	0	0	0
/Volumes/GigiMurin/plip/sterol_lipids/BD7tj9-A-A-CLR2/report.txt	4	0	0	0	0	0	0
/Volumes/GigiMurin/plip/sterol_lipids/BD7tuz-R-R-KJX1/report.txt	3	3	0	0	0	0	0
/Volumes/GigiMurin/plip/sterol_lipids/BD7tvz-A-A-CLR1/report.txt	5	0	0	0	0	0	0
/Volumes/GigiMurin/plip/sterol_lipids/BD7tvz-B-B-CLR1/report.txt	5	0	0	0	0	0	0
/Volumes/GigiMurin/plip/sterol_lipids/BD7tx6-A-A-AJP1/report.txt	1	0	0	0	0	0	0
/Volumes/GigiMurin/plip/sterol_lipids/BD7tx7-A-A-AJP1/report.txt	2	0	0	0	0	0	0
/Volumes/GigiMurin/plip/sterol_lipids/BD7tx7-A-A-AJP2/report.txt	1	0	0	0	0	0	0
/Volumes/GigiMurin/plip/sterol_lipids/BD7tx7-A-A-AJP3/report.txt	3	1	0	0	0	0	0
/Volumes/GigiMurin/plip/sterol_lipids/BD7ty4-A-A-CLR1/report.txt	8	0	0	0	0	0	0
/Volumes/GigiMurin/plip/sterol_lipids/BD7ty6-A-A-CLR1/report.txt	10	0	0	0	0	0	0
/Volumes/GigiMurin/plip/sterol_lipids/BD7ty6-A-A-CLR2/report.txt	7	0	0	0	0	0	0
/Volumes/GigiMurin/plip/sterol_lipids/BD7ty6-A-A-CLR3/report.txt	5	0	0	0	0	0	0
/Volumes/GigiMurin/plip/sterol_lipids/BD7ty6-A-A-CLR4/report.txt	4	0	0	0	0	0	0
/Volumes/GigiMurin/plip/sterol_lipids/BD7ty6-B-B-CLR3/report.txt	3	0	0	0	0	0	0
/Volumes/GigiMurin/plip/sterol_lipids/BD7ty6-B-B-CLR4/report.txt	2	0	0	0	0	0	0
/Volumes/GigiMurin/plip/sterol_lipids/BD7ty7-A-A-CLR1/report.txt	9	0	0	0	0	0	0
/Volumes/GigiMurin/plip/sterol_lipids/BD7ty7-A-A-CLR2/report.txt	5	0	0	0	0	0	0
/Volumes/GigiMurin/plip/sterol_lipids/BD7ty7-A-A-CLR3/report.txt	3	0	0	0	0	0	0
/Volumes/GigiMurin/plip/sterol_lipids/BD7ty7-A-A-CLR4/report.txt	5	0	0	0	0	0	0
/Volumes/GigiMurin/plip/sterol_lipids/BD7ty7-B-B-CLR2/report.txt	4	0	0	0	0	0	0
/Volumes/GigiMurin/plip/sterol_lipids/BD7ty7-B-B-CLR3/report.txt	5	0	0	0	0	0	0
/Volumes/GigiMurin/plip/sterol_lipids/BD7ty8-A-A-CLR1/report.txt	12	0	0	0	0	0	0
/Volumes/GigiMurin/plip/sterol_lipids/BD7ty8-A-A-CLR2/report.txt	2	0	0	0	0	0	0
/Volumes/GigiMurin/plip/sterol_lipids/BD7ty8-A-A-CLR3/report.txt	3	0	0	0	0	0	0
/Volumes/GigiMurin/plip/sterol_lipids/BD7ty8-A-A-CLR4/report.txt	4	0	0	0	0	0	0
/Volumes/GigiMurin/plip/sterol_lipids/BD7ty8-B-B-CLR3/report.txt	4	0	0	0	0	0	0
/Volumes/GigiMurin/plip/sterol_lipids/BD7ty8-B-B-CLR4/report.txt	7	0	0	0	0	0	0
/Volumes/GigiMurin/plip/sterol_lipids/BD7tya-A-A-CLR1/report.txt	4	0	0	0	0	0	0
/Volumes/GigiMurin/plip/sterol_lipids/BD7tya-A-A-CLR2/report.txt	8	1	0	0	0	0	0
/Volumes/GigiMurin/plip/sterol_lipids/BD7tya-A-A-CLR3/report.txt	1	0	0	0	0	0	0
/Volumes/GigiMurin/plip/sterol_lipids/BD7tya-A-A-CLR4/report.txt	3	0	0	0	0	0	0
/Volumes/GigiMurin/plip/sterol_lipids/BD7tya-B-B-CLR2/report.txt	5	1	0	0	0	0	0
/Volumes/GigiMurin/plip/sterol_lipids/BD7tya-B-B-CLR3/report.txt	5	0	0	0	0	0	0
/Volumes/GigiMurin/plip/sterol_lipids/BD7tya-B-B-CLR4/report.txt	2	0	0	0	0	0	0
/Volumes/GigiMurin/plip/sterol_lipids/BD7uhg-A-A-CLR1/report.txt	5	0	0	0	0	0	0
/Volumes/GigiMurin/plip/sterol_lipids/BD7uhg-A-A-CLR2/report.txt	5	0	0	0	0	0	0
/Volumes/GigiMurin/plip/sterol_lipids/BD7uhg-A-A-CLR3/report.txt	6	2	0	0	0	0	0
/Volumes/GigiMurin/plip/sterol_lipids/BD7uj7-A-A-NYU1/report.txt	8	2	1	1	0	0	0
/Volumes/GigiMurin/plip/sterol_lipids/BD7ujo-A-A-QYM1/report.txt	6	3	1	1	0	0	0
/Volumes/GigiMurin/plip/sterol_lipids/BD7ura-A-A-AJP1/report.txt	7	1	1	0	0	0	0
/Volumes/GigiMurin/plip/sterol_lipids/BD7ura-A-A-CLR1/report.txt	5	0	0	0	0	0	0
/Volumes/GigiMurin/plip/sterol_lipids/BD7ura-A-A-CLR2/report.txt	3	0	0	0	0	0	0
/Volumes/GigiMurin/plip/sterol_lipids/BD7ura-H-A-AJP1/report.txt	0	1	1	0	0	0	0
/Volumes/GigiMurin/plip/sterol_lipids/BD7urc-A-A-AJP1/report.txt	3	3	3	0	0	0	0
/Volumes/GigiMurin/plip/sterol_lipids/BD7urc-A-A-CLR1/report.txt	1	0	0	0	0	0	0
/Volumes/GigiMurin/plip/sterol_lipids/BD7urc-A-A-CLR2/report.txt	2	0	0	0	0	0	0
/Volumes/GigiMurin/plip/sterol_lipids/BD7urc-A-A-CLR3/report.txt	3	0	0	0	0	0	0
/Volumes/GigiMurin/plip/sterol_lipids/BD7urc-A-A-CLR4/report.txt	6	0	0	0	0	0	0
/Volumes/GigiMurin/plip/sterol_lipids/BD7urc-A-A-CLR5/report.txt	4	0	0	0	0	0	0
/Volumes/GigiMurin/plip/sterol_lipids/BD7urc-A-A-CLR6/report.txt	3	0	0	0	0	0	0
/Volumes/GigiMurin/plip/sterol_lipids/BD7urc-A-A-CLR7/report.txt	3	0	0	0	0	0	0
/Volumes/GigiMurin/plip/sterol_lipids/BD7urc-A-A-CLR8/report.txt	4	1	0	0	0	0	0
/Volumes/GigiMurin/plip/sterol_lipids/BD7urc-A-A-CLR9/report.txt	2	0	0	0	0	0	0
/Volumes/GigiMurin/plip/sterol_lipids/BD7urc-H-A-AJP1/report.txt	0	2	0	0	0	0	0
/Volumes/GigiMurin/plip/sterol_lipids/BD7urd-A-A-AJP1/report.txt	5	1	3	0	0	0	0
/Volumes/GigiMurin/plip/sterol_lipids/BD7urd-A-A-CLR1/report.txt	6	0	0	0	0	0	0
/Volumes/GigiMurin/plip/sterol_lipids/BD7urd-A-A-CLR2/report.txt	4	0	0	0	0	0	0
/Volumes/GigiMurin/plip/sterol_lipids/BD7urd-H-A-AJP1/report.txt	0	2	1	0	0	0	0
/Volumes/GigiMurin/plip/sterol_lipids/BD7ure-A-A-AJP1/report.txt	6	1	0	0	0	0	0
/Volumes/GigiMurin/plip/sterol_lipids/BD7ure-H-A-AJP1/report.txt	0	1	1	0	0	0	0
/Volumes/GigiMurin/plip/sterol_lipids/BD7urf-A-A-AJP1/report.txt	1	0	0	0	0	0	0
/Volumes/GigiMurin/plip/sterol_lipids/BD7urf-A-A-AJP2/report.txt	4	0	0	0	0	0	0
/Volumes/GigiMurin/plip/sterol_lipids/BD7urf-A-A-AJP3/report.txt	2	0	0	0	0	0	0
/Volumes/GigiMurin/plip/sterol_lipids/BD7urf-A-A-AJP4/report.txt	1	0	0	0	0	0	0
/Volumes/GigiMurin/plip/sterol_lipids/BD7urf-A-A-AJP5/report.txt	4	0	0	0	0	0	0
/Volumes/GigiMurin/plip/sterol_lipids/BD7usw-A-A-CLR1/report.txt	6	0	0	0	0	0	0
/Volumes/GigiMurin/plip/sterol_lipids/BD7usx-A-A-CLR1/report.txt	5	0	0	0	0	0	0
/Volumes/GigiMurin/plip/sterol_lipids/BD7uz3-B-C-CLR1/report.txt	4	0	0	0	0	0	0
/Volumes/GigiMurin/plip/sterol_lipids/BD7uz3-C-C-CLR1/report.txt	7	0	0	0	0	0	0
/Volumes/GigiMurin/plip/sterol_lipids/BD7uz3-C-C-CLR2/report.txt	2	0	0	0	0	0	0
/Volumes/GigiMurin/plip/sterol_lipids/BD7uze-A-A-CLR1/report.txt	1	0	0	0	0	0	0
/Volumes/GigiMurin/plip/sterol_lipids/BD7uze-C-D-CLR1/report.txt	0	0	0	0	0	0	0
/Volumes/GigiMurin/plip/sterol_lipids/BD7uzq-L-L-CLR1/report.txt	8	0	0	0	0	0	0
/Volumes/GigiMurin/plip/sterol_lipids/BD7uzq-L-L-CLR2/report.txt	9	0	0	0	0	0	0
/Volumes/GigiMurin/plip/sterol_lipids/BD7uzq-Q-Q-AJP1/report.txt	12	1	0	0	0	0	0
/Volumes/GigiMurin/plip/sterol_lipids/BD7uzq-Q-Q-AJP2/report.txt	7	2	0	0	0	0	0
/Volumes/GigiMurin/plip/sterol_lipids/BD7v07-C-C-CLR1/report.txt	10	0	0	0	0	0	0
/Volumes/GigiMurin/plip/sterol_lipids/BD7v07-C-C-CLR2/report.txt	3	0	0	0	0	0	0
/Volumes/GigiMurin/plip/sterol_lipids/BD7v07-D-E-CLR1/report.txt	3	0	0	0	0	0	0
/Volumes/GigiMurin/plip/sterol_lipids/BD7v07-E-E-CLR2/report.txt	2	0	0	0	0	0	0
/Volumes/GigiMurin/plip/sterol_lipids/BD7v0k-D-P-CLR1/report.txt	4	0	0	0	0	0	0
/Volumes/GigiMurin/plip/sterol_lipids/BD7v0k-L-L-CLR1/report.txt	8	1	0	0	0	0	0
/Volumes/GigiMurin/plip/sterol_lipids/BD7v0k-L-L-CLR2/report.txt	8	0	0	0	0	0	0
/Volumes/GigiMurin/plip/sterol_lipids/BD7v0k-N-O-CLR1/report.txt	3	0	0	0	0	0	0
/Volumes/GigiMurin/plip/sterol_lipids/BD7v0k-O-O-CLR1/report.txt	8	0	0	0	0	0	0
/Volumes/GigiMurin/plip/sterol_lipids/BD7v0k-O-O-CLR2/report.txt	4	0	0	0	0	0	0
/Volumes/GigiMurin/plip/sterol_lipids/BD7v0k-P-P-CLR1/report.txt	6	0	0	0	0	0	0
/Volumes/GigiMurin/plip/sterol_lipids/BD7v0k-Q-Q-AJP1/report.txt	12	1	0	0	0	0	0
/Volumes/GigiMurin/plip/sterol_lipids/BD7v0k-Q-Q-AJP2/report.txt	7	4	0	0	0	0	0
/Volumes/GigiMurin/plip/sterol_lipids/BD7v0s-L-L-CLR1/report.txt	9	1	0	0	0	0	0
/Volumes/GigiMurin/plip/sterol_lipids/BD7v0s-L-L-CLR2/report.txt	12	0	0	0	0	0	0
/Volumes/GigiMurin/plip/sterol_lipids/BD7v0s-Q-Q-AJP1/report.txt	7	0	0	0	0	0	0
/Volumes/GigiMurin/plip/sterol_lipids/BD7v19-B-C-CLR1/report.txt	3	0	0	0	0	0	0
/Volumes/GigiMurin/plip/sterol_lipids/BD7v19-C-C-CLR1/report.txt	6	0	0	0	0	0	0
/Volumes/GigiMurin/plip/sterol_lipids/BD7v19-D-E-CLR1/report.txt	3	0	0	0	0	0	0
/Volumes/GigiMurin/plip/sterol_lipids/BD7v19-E-E-CLR1/report.txt	7	0	0	0	0	0	0
/Volumes/GigiMurin/plip/sterol_lipids/BD7v3z-A-A-CLR1/report.txt	9	0	0	0	0	0	0
/Volumes/GigiMurin/plip/sterol_lipids/BD7v62-A-A-CLR1/report.txt	7	3	0	0	0	0	0
/Volumes/GigiMurin/plip/sterol_lipids/BD7v62-B-B-CLR1/report.txt	5	2	0	0	0	0	0
/Volumes/GigiMurin/plip/sterol_lipids/BD7v62-C-C-CLR1/report.txt	7	1	0	0	0	0	0
/Volumes/GigiMurin/plip/sterol_lipids/BD7v6y-A-A-CLR1/report.txt	9	0	0	0	0	0	0
/Volumes/GigiMurin/plip/sterol_lipids/BD7v6y-A-A-CLR2/report.txt	5	0	0	0	0	0	0
/Volumes/GigiMurin/plip/sterol_lipids/BD7v6z-A-A-CLR1/report.txt	3	1	0	0	0	0	0
/Volumes/GigiMurin/plip/sterol_lipids/BD7v73-A-A-CLR1/report.txt	2	0	0	0	0	0	0
/Volumes/GigiMurin/plip/sterol_lipids/BD7v73-A-A-CLR2/report.txt	6	0	0	0	0	0	0
/Volumes/GigiMurin/plip/sterol_lipids/BD7v74-A-A-CLR1/report.txt	2	0	0	0	0	0	0
/Volumes/GigiMurin/plip/sterol_lipids/BD7v74-A-A-CLR2/report.txt	5	0	0	0	0	0	0
/Volumes/GigiMurin/plip/sterol_lipids/BD7v75-A-A-CLR1/report.txt	3	0	0	0	0	0	0
/Volumes/GigiMurin/plip/sterol_lipids/BD7v75-A-A-CLR2/report.txt	6	0	0	0	0	0	0
/Volumes/GigiMurin/plip/sterol_lipids/BD7vab-R-R-CLR1/report.txt	2	0	0	0	0	0	0
/Volumes/GigiMurin/plip/sterol_lipids/BD7vab-R-R-CLR2/report.txt	4	0	0	0	0	0	0
/Volumes/GigiMurin/plip/sterol_lipids/BD7vab-R-R-CLR3/report.txt	2	1	0	0	0	0	0
/Volumes/GigiMurin/plip/sterol_lipids/BD7vab-R-R-CLR4/report.txt	4	0	0	0	0	0	0
/Volumes/GigiMurin/plip/sterol_lipids/BD7vdh-R-R-CLR1/report.txt	7	1	0	0	0	0	0
/Volumes/GigiMurin/plip/sterol_lipids/BD7vdl-R-R-CLR1/report.txt	8	0	0	0	0	0	0
/Volumes/GigiMurin/plip/sterol_lipids/BD7vdm-R-R-CLR1/report.txt	5	0	0	0	0	0	0
/Volumes/GigiMurin/plip/sterol_lipids/BD7ve0-A-A-CPS1/report.txt	3	3	0	0	0	0	0
/Volumes/GigiMurin/plip/sterol_lipids/BD7ve0-A-A-CPS2/report.txt	2	0	0	0	0	0	0
/Volumes/GigiMurin/plip/sterol_lipids/BD7ve0-A-A-CPS3/report.txt	4	0	0	0	0	0	0
/Volumes/GigiMurin/plip/sterol_lipids/BD7ve0-A-A-CPS4/report.txt	2	0	0	0	0	0	0
/Volumes/GigiMurin/plip/sterol_lipids/BD7ve0-A-A-CPS5/report.txt	2	3	0	0	0	0	0
/Volumes/GigiMurin/plip/sterol_lipids/BD7ve0-A-A-CPS6/report.txt	5	2	0	0	0	0	0
/Volumes/GigiMurin/plip/sterol_lipids/BD7ve0-A-A-CPS7/report.txt	0	0	0	0	0	0	0
/Volumes/GigiMurin/plip/sterol_lipids/BD7ve0-B-B-CPS1/report.txt	4	2	0	0	0	0	0
/Volumes/GigiMurin/plip/sterol_lipids/BD7ve0-B-B-CPS2/report.txt	2	3	0	0	0	0	0
/Volumes/GigiMurin/plip/sterol_lipids/BD7ve0-B-B-CPS3/report.txt	1	0	0	0	0	0	0
/Volumes/GigiMurin/plip/sterol_lipids/BD7ve0-B-B-CPS4/report.txt	1	2	0	0	0	0	0
/Volumes/GigiMurin/plip/sterol_lipids/BD7ve0-B-B-CPS5/report.txt	1	1	0	0	0	0	0
/Volumes/GigiMurin/plip/sterol_lipids/BD7ve0-B-B-CPS6/report.txt	1	0	0	0	0	0	0
/Volumes/GigiMurin/plip/sterol_lipids/BD7ve0-B-B-CPS7/report.txt	2	2	0	0	0	0	0
/Volumes/GigiMurin/plip/sterol_lipids/BD7ve0-B-B-CPS8/report.txt	0	0	0	0	0	0	0
/Volumes/GigiMurin/plip/sterol_lipids/BD7ve2-A-A-CPS1/report.txt	3	2	0	0	0	0	0
/Volumes/GigiMurin/plip/sterol_lipids/BD7ve2-A-A-CPS2/report.txt	4	3	0	0	0	0	0
/Volumes/GigiMurin/plip/sterol_lipids/BD7vfx-R-R-CLR1/report.txt	4	0	0	0	0	0	0
/Volumes/GigiMurin/plip/sterol_lipids/BD7vfx-R-R-CLR2/report.txt	5	2	0	0	0	0	0
/Volumes/GigiMurin/plip/sterol_lipids/BD7vfx-R-R-CLR3/report.txt	3	1	0	0	0	0	0
/Volumes/GigiMurin/plip/sterol_lipids/BD7vgy-A-A-CLR1/report.txt	4	0	0	0	0	0	0
/Volumes/GigiMurin/plip/sterol_lipids/BD7vgz-B-B-CLR1/report.txt	4	0	0	0	0	0	0
/Volumes/GigiMurin/plip/sterol_lipids/BD7vl8-R-R-CLR1/report.txt	5	0	0	0	0	0	0
/Volumes/GigiMurin/plip/sterol_lipids/BD7vl9-R-R-CLR1/report.txt	6	0	0	0	0	0	0
/Volumes/GigiMurin/plip/sterol_lipids/BD7vla-R-R-CLR1/report.txt	7	0	0	0	0	0	0
/Volumes/GigiMurin/plip/sterol_lipids/BD7vod-A-A-CLR1/report.txt	4	0	0	0	0	0	0
/Volumes/GigiMurin/plip/sterol_lipids/BD7vod-A-A-CLR2/report.txt	3	1	0	0	0	0	0
/Volumes/GigiMurin/plip/sterol_lipids/BD7vod-A-A-CLR3/report.txt	2	1	0	0	0	0	0
/Volumes/GigiMurin/plip/sterol_lipids/BD7voe-A-A-CLR1/report.txt	3	2	0	0	0	0	0
/Volumes/GigiMurin/plip/sterol_lipids/BD7voe-A-A-CLR2/report.txt	2	1	0	0	0	0	0
/Volumes/GigiMurin/plip/sterol_lipids/BD7voe-A-A-CLR3/report.txt	3	0	0	0	0	0	0
/Volumes/GigiMurin/plip/sterol_lipids/BD7vpr-A-A-ERG1/report.txt	9	0	0	0	0	0	0
/Volumes/GigiMurin/plip/sterol_lipids/BD7vpr-B-B-ERG1/report.txt	14	0	0	0	0	0	0
/Volumes/GigiMurin/plip/sterol_lipids/BD7vpr-C-C-ERG1/report.txt	15	0	0	0	0	0	0
/Volumes/GigiMurin/plip/sterol_lipids/BD7vpu-A-A-ERG1/report.txt	14	1	0	0	0	0	0
/Volumes/GigiMurin/plip/sterol_lipids/BD7vr7-A-A-CLR1/report.txt	7	0	0	0	0	0	0
/Volumes/GigiMurin/plip/sterol_lipids/BD7vr7-A-A-CLR2/report.txt	6	2	0	0	0	0	0
/Volumes/GigiMurin/plip/sterol_lipids/BD7vr8-A-A-CLR1/report.txt	9	0	0	0	0	0	0
/Volumes/GigiMurin/plip/sterol_lipids/BD7vso-A-A-CPS1/report.txt	2	1	0	0	0	0	0
/Volumes/GigiMurin/plip/sterol_lipids/BD7vuw-A-B-CHD1/report.txt	4	0	0	0	0	0	0
/Volumes/GigiMurin/plip/sterol_lipids/BD7vuw-A-C-CHD1/report.txt	2	1	1	0	0	0	0
/Volumes/GigiMurin/plip/sterol_lipids/BD7vuw-B-B-CHD1/report.txt	0	2	0	0	0	0	0
/Volumes/GigiMurin/plip/sterol_lipids/BD7vuw-C-C-CHD1/report.txt	1	1	1	0	0	0	0
/Volumes/GigiMurin/plip/sterol_lipids/BD7vuw-C-C-CHD2/report.txt	5	0	1	0	0	0	0
/Volumes/GigiMurin/plip/sterol_lipids/BD7vuw-G-G-CHD1/report.txt	1	0	2	0	0	0	0
/Volumes/GigiMurin/plip/sterol_lipids/BD7vuw-J-C-CHD2/report.txt	0	1	0	0	0	0	0
/Volumes/GigiMurin/plip/sterol_lipids/BD7vuw-N-G-CHD1/report.txt	4	0	0	0	0	0	0
/Volumes/GigiMurin/plip/sterol_lipids/BD7vuw-N-P-CHD1/report.txt	2	1	1	0	0	0	0
/Volumes/GigiMurin/plip/sterol_lipids/BD7vuw-O-G-CHD1/report.txt	0	2	0	0	0	0	0
/Volumes/GigiMurin/plip/sterol_lipids/BD7vuw-P-P-CHD1/report.txt	1	1	1	0	0	0	0
/Volumes/GigiMurin/plip/sterol_lipids/BD7vuw-P-P-CHD2/report.txt	6	0	1	0	0	0	0
/Volumes/GigiMurin/plip/sterol_lipids/BD7vuw-T-B-CHD1/report.txt	1	0	2	0	0	0	0
/Volumes/GigiMurin/plip/sterol_lipids/BD7vuw-W-P-CHD2/report.txt	0	1	0	0	0	0	0
/Volumes/GigiMurin/plip/sterol_lipids/BD7vuw-Y-Y-CHD1/report.txt	1	1	0	0	0	0	0
/Volumes/GigiMurin/plip/sterol_lipids/BD7vuw-Z-Y-CHD1/report.txt	2	1	0	0	0	0	0
/Volumes/GigiMurin/plip/sterol_lipids/BD7vuy-R-R-CLR1/report.txt	7	0	0	0	0	0	0
/Volumes/GigiMurin/plip/sterol_lipids/BD7vuz-R-R-CLR1/report.txt	6	0	0	0	0	0	0
/Volumes/GigiMurin/plip/sterol_lipids/BD7vv0-R-R-CLR1/report.txt	6	0	0	0	0	0	0
/Volumes/GigiMurin/plip/sterol_lipids/BD7vv3-R-R-CLR1/report.txt	3	0	0	0	0	0	0
/Volumes/GigiMurin/plip/sterol_lipids/BD7vv4-R-R-CLR1/report.txt	3	0	0	0	0	0	0
/Volumes/GigiMurin/plip/sterol_lipids/BD7vv5-R-R-CLR1/report.txt	7	0	0	0	0	0	0
/Volumes/GigiMurin/plip/sterol_lipids/BD7vv6-R-R-CLR1/report.txt	7	0	0	0	0	0	0
/Volumes/GigiMurin/plip/sterol_lipids/BD7vvr-A-B-CHD1/report.txt	4	0	0	0	0	0	0
/Volumes/GigiMurin/plip/sterol_lipids/BD7vvr-A-C-CHD1/report.txt	2	1	1	0	0	0	0
/Volumes/GigiMurin/plip/sterol_lipids/BD7vvr-A-J-CHD1/report.txt	1	0	0	0	0	0	0
/Volumes/GigiMurin/plip/sterol_lipids/BD7vvr-B-B-CHD1/report.txt	1	2	0	0	0	0	0
/Volumes/GigiMurin/plip/sterol_lipids/BD7vvr-C-C-CHD1/report.txt	1	1	1	0	0	0	0
/Volumes/GigiMurin/plip/sterol_lipids/BD7vvr-C-C-CHD2/report.txt	5	0	1	0	0	0	0
/Volumes/GigiMurin/plip/sterol_lipids/BD7vvr-G-O-CHD1/report.txt	1	0	2	0	0	0	0
/Volumes/GigiMurin/plip/sterol_lipids/BD7vvr-J-C-CHD2/report.txt	0	1	0	0	0	0	0
/Volumes/GigiMurin/plip/sterol_lipids/BD7vvr-J-J-CHD1/report.txt	3	1	0	0	0	0	0
/Volumes/GigiMurin/plip/sterol_lipids/BD7vvr-L-L-CHD1/report.txt	3	0	0	0	0	0	0
/Volumes/GigiMurin/plip/sterol_lipids/BD7vvr-M-L-CHD1/report.txt	2	1	0	0	0	0	0
/Volumes/GigiMurin/plip/sterol_lipids/BD7vvr-N-O-CHD1/report.txt	4	0	0	0	0	0	0
/Volumes/GigiMurin/plip/sterol_lipids/BD7vvr-N-P-CHD1/report.txt	3	1	1	0	0	0	0
/Volumes/GigiMurin/plip/sterol_lipids/BD7vvr-N-W-CHD1/report.txt	1	0	0	0	0	0	0
/Volumes/GigiMurin/plip/sterol_lipids/BD7vvr-O-O-CHD1/report.txt	1	2	0	0	0	0	0
/Volumes/GigiMurin/plip/sterol_lipids/BD7vvr-P-C-CHD1/report.txt	1	0	0	0	0	0	0
/Volumes/GigiMurin/plip/sterol_lipids/BD7vvr-P-P-CHD1/report.txt	1	1	1	0	0	0	0
/Volumes/GigiMurin/plip/sterol_lipids/BD7vvr-P-P-CHD2/report.txt	7	0	1	0	0	0	0
/Volumes/GigiMurin/plip/sterol_lipids/BD7vvr-T-B-CHD1/report.txt	3	0	2	0	0	0	0
/Volumes/GigiMurin/plip/sterol_lipids/BD7vvr-W-P-CHD2/report.txt	1	1	0	0	0	0	0
/Volumes/GigiMurin/plip/sterol_lipids/BD7vvr-W-W-CHD1/report.txt	2	1	0	0	0	0	0
/Volumes/GigiMurin/plip/sterol_lipids/BD7vvr-Y-Y-CHD1/report.txt	0	0	0	0	0	0	0
/Volumes/GigiMurin/plip/sterol_lipids/BD7vvr-Z-Y-CHD1/report.txt	1	1	0	0	0	0	0
/Volumes/GigiMurin/plip/sterol_lipids/BD7w0z-A-A-6JI1/report.txt	3	1	0	0	0	0	0
/Volumes/GigiMurin/plip/sterol_lipids/BD7w10-A-A-BUF1/report.txt	4	0	0	1	0	0	0
/Volumes/GigiMurin/plip/sterol_lipids/BD7w11-A-A-DTX1/report.txt	4	0	0	0	0	0	0
/Volumes/GigiMurin/plip/sterol_lipids/BD7w1b-A-A-DTX1/report.txt	3	1	0	0	0	0	0
/Volumes/GigiMurin/plip/sterol_lipids/BD7w2z-R-R-CLR1/report.txt	5	1	0	0	0	0	0
/Volumes/GigiMurin/plip/sterol_lipids/BD7w2z-R-R-CLR2/report.txt	7	0	0	0	0	0	0
/Volumes/GigiMurin/plip/sterol_lipids/BD7w3e-A-B-CHD1/report.txt	4	0	0	0	0	0	0
/Volumes/GigiMurin/plip/sterol_lipids/BD7w3e-A-C-CHD1/report.txt	2	1	1	0	0	0	0
/Volumes/GigiMurin/plip/sterol_lipids/BD7w3e-A-J-CHD1/report.txt	1	0	0	0	0	0	0
/Volumes/GigiMurin/plip/sterol_lipids/BD7w3e-B-B-CHD1/report.txt	0	2	0	0	0	0	0
/Volumes/GigiMurin/plip/sterol_lipids/BD7w3e-C-C-CHD1/report.txt	1	1	1	0	0	0	0
/Volumes/GigiMurin/plip/sterol_lipids/BD7w3e-C-C-CHD2/report.txt	5	0	1	0	0	0	0
/Volumes/GigiMurin/plip/sterol_lipids/BD7w3e-C-P-CHD1/report.txt	1	0	0	0	0	0	0
/Volumes/GigiMurin/plip/sterol_lipids/BD7w3e-G-G-CHD1/report.txt	1	0	2	0	0	0	0
/Volumes/GigiMurin/plip/sterol_lipids/BD7w3e-J-C-CHD2/report.txt	1	1	0	0	0	0	0
/Volumes/GigiMurin/plip/sterol_lipids/BD7w3e-J-J-CHD1/report.txt	4	0	0	0	0	0	0
/Volumes/GigiMurin/plip/sterol_lipids/BD7w3e-N-G-CHD1/report.txt	4	0	0	0	0	0	0
/Volumes/GigiMurin/plip/sterol_lipids/BD7w3e-N-P-CHD1/report.txt	2	1	1	0	0	0	0
/Volumes/GigiMurin/plip/sterol_lipids/BD7w3e-O-G-CHD1/report.txt	1	2	0	0	0	0	0
/Volumes/GigiMurin/plip/sterol_lipids/BD7w3e-P-C-CHD1/report.txt	1	0	0	0	0	0	0
/Volumes/GigiMurin/plip/sterol_lipids/BD7w3e-P-P-CHD1/report.txt	1	1	1	0	0	0	0
/Volumes/GigiMurin/plip/sterol_lipids/BD7w3e-P-P-CHD2/report.txt	5	0	1	0	0	0	0
/Volumes/GigiMurin/plip/sterol_lipids/BD7w3e-T-B-CHD1/report.txt	1	0	2	0	0	0	0
/Volumes/GigiMurin/plip/sterol_lipids/BD7w3e-W-P-CHD2/report.txt	1	1	0	0	0	0	0
/Volumes/GigiMurin/plip/sterol_lipids/BD7w3e-W-W-CHD1/report.txt	4	3	0	0	0	0	0
/Volumes/GigiMurin/plip/sterol_lipids/BD7w9w-A-A-CLR1/report.txt	2	1	0	0	0	0	0
/Volumes/GigiMurin/plip/sterol_lipids/BD7w9w-A-A-CLR2/report.txt	5	0	0	0	0	0	0
/Volumes/GigiMurin/plip/sterol_lipids/BD7wc4-A-A-CLR1/report.txt	5	1	0	0	0	0	0
/Volumes/GigiMurin/plip/sterol_lipids/BD7wc4-A-A-CLR2/report.txt	3	1	0	0	0	0	0
/Volumes/GigiMurin/plip/sterol_lipids/BD7wc4-A-A-CLR3/report.txt	2	0	0	0	0	0	0
/Volumes/GigiMurin/plip/sterol_lipids/BD7wc5-A-A-CLR1/report.txt	4	1	0	0	0	0	0
/Volumes/GigiMurin/plip/sterol_lipids/BD7wc5-A-A-CLR2/report.txt	2	1	0	0	0	0	0
/Volumes/GigiMurin/plip/sterol_lipids/BD7wc6-A-A-CLR1/report.txt	6	1	0	0	0	0	0
/Volumes/GigiMurin/plip/sterol_lipids/BD7wc7-A-A-CLR1/report.txt	6	1	0	0	0	0	0
/Volumes/GigiMurin/plip/sterol_lipids/BD7wc8-A-A-CLR1/report.txt	5	1	0	0	0	0	0
/Volumes/GigiMurin/plip/sterol_lipids/BD7wc8-A-A-CLR2/report.txt	4	0	0	0	0	0	0
/Volumes/GigiMurin/plip/sterol_lipids/BD7wc8-A-A-CLR3/report.txt	3	0	0	0	0	0	0
/Volumes/GigiMurin/plip/sterol_lipids/BD7wc8-A-A-CLR4/report.txt	7	3	0	0	0	0	0
/Volumes/GigiMurin/plip/sterol_lipids/BD7wc9-A-A-CLR1/report.txt	4	1	0	0	0	0	0
/Volumes/GigiMurin/plip/sterol_lipids/BD7wc9-A-A-CLR2/report.txt	2	1	0	0	0	0	0
/Volumes/GigiMurin/plip/sterol_lipids/BD7we4-A-A-CLR1/report.txt	5	0	0	0	0	0	0
/Volumes/GigiMurin/plip/sterol_lipids/BD7we4-A-A-CLR2/report.txt	3	0	0	0	0	0	0
/Volumes/GigiMurin/plip/sterol_lipids/BD7we4-A-A-CLR3/report.txt	2	0	0	0	0	0	0
/Volumes/GigiMurin/plip/sterol_lipids/BD7we4-A-A-CLR4/report.txt	11	0	0	0	0	0	0
/Volumes/GigiMurin/plip/sterol_lipids/BD7wel-A-A-CLR1/report.txt	11	0	0	0	0	0	0
/Volumes/GigiMurin/plip/sterol_lipids/BD7wel-A-A-CLR2/report.txt	3	0	0	0	0	0	0
/Volumes/GigiMurin/plip/sterol_lipids/BD7wel-A-A-CLR3/report.txt	5	0	0	0	0	0	0
/Volumes/GigiMurin/plip/sterol_lipids/BD7wel-A-A-CLR4/report.txt	1	0	0	0	0	0	0
/Volumes/GigiMurin/plip/sterol_lipids/BD7wel-A-A-CLR5/report.txt	5	0	0	0	0	0	0
/Volumes/GigiMurin/plip/sterol_lipids/BD7wfr-A-A-CLR1/report.txt	3	0	0	0	0	0	0
/Volumes/GigiMurin/plip/sterol_lipids/BD7wfr-A-A-CLR2/report.txt	2	1	0	0	0	0	0
/Volumes/GigiMurin/plip/sterol_lipids/BD7wfr-A-A-CLR3/report.txt	3	0	0	0	0	0	0
/Volumes/GigiMurin/plip/sterol_lipids/BD7wfr-A-A-CLR4/report.txt	2	0	0	0	0	0	0
/Volumes/GigiMurin/plip/sterol_lipids/BD7wfr-A-A-CLR5/report.txt	6	0	0	0	0	0	0
/Volumes/GigiMurin/plip/sterol_lipids/BD7wfw-A-A-CLR1/report.txt	4	0	0	0	0	0	0
/Volumes/GigiMurin/plip/sterol_lipids/BD7wfw-A-A-CLR2/report.txt	4	1	0	0	0	0	0
/Volumes/GigiMurin/plip/sterol_lipids/BD7wfw-A-A-CLR3/report.txt	6	0	0	0	0	0	0
/Volumes/GigiMurin/plip/sterol_lipids/BD7wfw-A-A-CLR4/report.txt	4	0	0	0	0	0	0
/Volumes/GigiMurin/plip/sterol_lipids/BD7wgd-A-A-CLR1/report.txt	10	0	0	0	0	0	0
/Volumes/GigiMurin/plip/sterol_lipids/BD7wgt-A-A-CLR1/report.txt	10	0	0	0	0	0	0
/Volumes/GigiMurin/plip/sterol_lipids/BD7wld-G-G-AJP1/report.txt	1	4	0	0	0	0	0
/Volumes/GigiMurin/plip/sterol_lipids/BD7wld-K-U-CLR1/report.txt	3	0	0	0	0	0	0
/Volumes/GigiMurin/plip/sterol_lipids/BD7wld-S-S-CLR1/report.txt	3	0	0	0	0	0	0
/Volumes/GigiMurin/plip/sterol_lipids/BD7wld-S-S-CLR2/report.txt	1	0	0	0	0	0	0
/Volumes/GigiMurin/plip/sterol_lipids/BD7wld-S-S-CLR3/report.txt	6	0	0	0	0	0	0
/Volumes/GigiMurin/plip/sterol_lipids/BD7wld-U-S-CLR1/report.txt	5	0	0	0	0	0	0
/Volumes/GigiMurin/plip/sterol_lipids/BD7wld-U-S-CLR2/report.txt	2	0	0	0	0	0	0
/Volumes/GigiMurin/plip/sterol_lipids/BD7wld-U-U-CLR1/report.txt	2	0	0	0	0	0	0
/Volumes/GigiMurin/plip/sterol_lipids/BD7wld-U-U-CLR2/report.txt	6	1	0	0	0	0	0
/Volumes/GigiMurin/plip/sterol_lipids/BD7wlw-A-A-CLR1/report.txt	7	0	0	0	0	0	0
/Volumes/GigiMurin/plip/sterol_lipids/BD7wq3-R-R-CLR1/report.txt	1	0	0	0	0	0	0
/Volumes/GigiMurin/plip/sterol_lipids/BD7wq3-R-R-CLR2/report.txt	3	0	0	0	0	0	0
/Volumes/GigiMurin/plip/sterol_lipids/BD7wq3-R-R-CLR3/report.txt	3	0	0	0	0	0	0
/Volumes/GigiMurin/plip/sterol_lipids/BD7wq3-R-R-CLR4/report.txt	5	0	0	0	0	0	0
/Volumes/GigiMurin/plip/sterol_lipids/BD7wq4-R-R-CLR1/report.txt	4	0	0	0	0	0	0
/Volumes/GigiMurin/plip/sterol_lipids/BD7wq4-R-R-CLR2/report.txt	2	1	0	0	0	0	0
/Volumes/GigiMurin/plip/sterol_lipids/BD7wu4-R-R-CLR1/report.txt	3	0	0	0	0	0	0
/Volumes/GigiMurin/plip/sterol_lipids/BD7wu5-R-R-CLR1/report.txt	2	0	0	0	0	0	0
/Volumes/GigiMurin/plip/sterol_lipids/BD7wwb-A-A-CLR1/report.txt	2	1	0	0	0	0	0
/Volumes/GigiMurin/plip/sterol_lipids/BD7wys-A-A-7Q21/report.txt	3	2	0	0	0	0	0
/Volumes/GigiMurin/plip/sterol_lipids/BD7wys-A-A-CLR1/report.txt	1	0	0	0	0	0	0
/Volumes/GigiMurin/plip/sterol_lipids/BD7wys-A-B-CLR1/report.txt	1	0	0	0	0	0	0
/Volumes/GigiMurin/plip/sterol_lipids/BD7wys-A-C-CLR1/report.txt	2	2	0	0	0	0	0
/Volumes/GigiMurin/plip/sterol_lipids/BD7wys-A-G-CLR1/report.txt	9	0	0	0	0	0	0
/Volumes/GigiMurin/plip/sterol_lipids/BD7wys-B-B-CLR1/report.txt	4	0	0	0	0	0	0
/Volumes/GigiMurin/plip/sterol_lipids/BD7wys-B-C-CLR1/report.txt	0	0	0	0	0	0	0
/Volumes/GigiMurin/plip/sterol_lipids/BD7wys-C-A-CLR1/report.txt	3	1	0	0	0	0	0
/Volumes/GigiMurin/plip/sterol_lipids/BD7wys-C-C-CLR1/report.txt	4	0	0	0	0	0	0
/Volumes/GigiMurin/plip/sterol_lipids/BD7wys-D-A-CLR1/report.txt	1	0	0	0	0	0	0
/Volumes/GigiMurin/plip/sterol_lipids/BD7wys-E-E-CLR1/report.txt	2	1	0	0	0	0	0
/Volumes/GigiMurin/plip/sterol_lipids/BD7wyt-A-A-CLR1/report.txt	1	1	0	0	0	0	0
/Volumes/GigiMurin/plip/sterol_lipids/BD7wyt-A-A-OBN1/report.txt	4	7	0	0	0	0	0
/Volumes/GigiMurin/plip/sterol_lipids/BD7wyt-A-C-CLR2/report.txt	1	0	0	0	0	0	0
/Volumes/GigiMurin/plip/sterol_lipids/BD7wyt-A-G-CLR1/report.txt	9	0	0	0	0	0	0
/Volumes/GigiMurin/plip/sterol_lipids/BD7wyt-C-A-CLR1/report.txt	3	0	0	0	0	0	0
/Volumes/GigiMurin/plip/sterol_lipids/BD7wyt-C-C-CLR1/report.txt	7	0	0	0	0	0	0
/Volumes/GigiMurin/plip/sterol_lipids/BD7wyt-C-C-CLR2/report.txt	1	1	0	0	0	0	0
/Volumes/GigiMurin/plip/sterol_lipids/BD7wyt-C-C-OBN1/report.txt	5	9	0	0	0	0	0
/Volumes/GigiMurin/plip/sterol_lipids/BD7wyt-C-D-CLR1/report.txt	0	1	0	0	0	0	0
/Volumes/GigiMurin/plip/sterol_lipids/BD7wyt-D-C-CLR2/report.txt	1	0	0	0	0	0	0
/Volumes/GigiMurin/plip/sterol_lipids/BD7wyt-D-D-CLR1/report.txt	5	1	0	0	0	0	0
/Volumes/GigiMurin/plip/sterol_lipids/BD7wyt-E-C-CLR1/report.txt	1	1	0	0	0	0	0
/Volumes/GigiMurin/plip/sterol_lipids/BD7wyu-A-A-CLR1/report.txt	4	0	0	0	0	0	0
/Volumes/GigiMurin/plip/sterol_lipids/BD7wyu-A-A-CLR2/report.txt	1	1	0	0	0	0	0
/Volumes/GigiMurin/plip/sterol_lipids/BD7wyu-B-A-CLR2/report.txt	3	2	0	0	0	0	0
/Volumes/GigiMurin/plip/sterol_lipids/BD7wyu-B-A-CLR3/report.txt	3	0	0	0	0	0	0
/Volumes/GigiMurin/plip/sterol_lipids/BD7wyu-B-B-CLR1/report.txt	2	0	0	0	0	0	0
/Volumes/GigiMurin/plip/sterol_lipids/BD7wyu-D-C-CLR2/report.txt	3	2	0	0	0	0	0
/Volumes/GigiMurin/plip/sterol_lipids/BD7wyu-E-C-CLR1/report.txt	1	1	0	0	0	0	0
/Volumes/GigiMurin/plip/sterol_lipids/BD7wyv-A-A-CLR1/report.txt	4	0	0	0	0	0	0
/Volumes/GigiMurin/plip/sterol_lipids/BD7wyv-A-A-CLR2/report.txt	1	1	0	0	0	0	0
/Volumes/GigiMurin/plip/sterol_lipids/BD7wyv-A-C-CLR2/report.txt	1	0	0	0	0	0	0
/Volumes/GigiMurin/plip/sterol_lipids/BD7wyv-B-A-CLR2/report.txt	2	2	0	0	0	0	0
/Volumes/GigiMurin/plip/sterol_lipids/BD7wyv-B-A-CLR3/report.txt	3	0	0	0	0	0	0
/Volumes/GigiMurin/plip/sterol_lipids/BD7wyv-B-B-CLR1/report.txt	2	0	0	0	0	0	0
/Volumes/GigiMurin/plip/sterol_lipids/BD7wyv-C-A-CLR2/report.txt	1	0	0	0	0	0	0
/Volumes/GigiMurin/plip/sterol_lipids/BD7wyv-D-C-CLR2/report.txt	2	2	0	0	0	0	0
/Volumes/GigiMurin/plip/sterol_lipids/BD7wyv-E-C-CLR1/report.txt	1	1	0	0	0	0	0
/Volumes/GigiMurin/plip/sterol_lipids/BD7wyw-A-A-CLR1/report.txt	6	0	0	0	0	0	0
/Volumes/GigiMurin/plip/sterol_lipids/BD7wyw-A-A-CLR2/report.txt	1	1	0	0	0	0	0
/Volumes/GigiMurin/plip/sterol_lipids/BD7wyw-A-C-CLR2/report.txt	1	0	0	0	0	0	0
/Volumes/GigiMurin/plip/sterol_lipids/BD7wyw-B-A-CLR2/report.txt	2	2	0	0	0	0	0
/Volumes/GigiMurin/plip/sterol_lipids/BD7wyw-B-A-CLR3/report.txt	5	0	0	0	0	0	0
/Volumes/GigiMurin/plip/sterol_lipids/BD7wyw-B-B-CLR1/report.txt	2	0	0	0	0	0	0
/Volumes/GigiMurin/plip/sterol_lipids/BD7wyw-C-A-CLR2/report.txt	1	0	0	0	0	0	0
/Volumes/GigiMurin/plip/sterol_lipids/BD7wyw-D-C-CLR2/report.txt	2	2	0	0	0	0	0
/Volumes/GigiMurin/plip/sterol_lipids/BD7wyw-E-C-CLR1/report.txt	1	0	0	0	0	0	0
/Volumes/GigiMurin/plip/sterol_lipids/BD7wyx-A-A-7Q21/report.txt	3	2	0	0	0	0	0
/Volumes/GigiMurin/plip/sterol_lipids/BD7wyx-A-A-CLR1/report.txt	2	1	0	0	0	0	0
/Volumes/GigiMurin/plip/sterol_lipids/BD7wyx-A-G-CLR1/report.txt	6	0	0	0	0	0	0
/Volumes/GigiMurin/plip/sterol_lipids/BD7wyx-B-A-CLR1/report.txt	3	2	0	0	0	0	0
/Volumes/GigiMurin/plip/sterol_lipids/BD7wyx-B-B-CLR1/report.txt	3	1	0	0	0	0	0
/Volumes/GigiMurin/plip/sterol_lipids/BD7wyx-B-B-CLR2/report.txt	2	0	0	0	0	0	0
/Volumes/GigiMurin/plip/sterol_lipids/BD7wyx-E-E-CLR1/report.txt	1	0	0	0	0	0	0
/Volumes/GigiMurin/plip/sterol_lipids/BD7wyy-A-A-7Q21/report.txt	3	2	0	0	0	0	0
/Volumes/GigiMurin/plip/sterol_lipids/BD7wyy-A-A-CLR1/report.txt	1	1	0	0	0	0	0
/Volumes/GigiMurin/plip/sterol_lipids/BD7wyy-A-C-CLR1/report.txt	1	0	0	0	0	0	0
/Volumes/GigiMurin/plip/sterol_lipids/BD7wyy-A-G-CLR1/report.txt	6	0	0	0	0	0	0
/Volumes/GigiMurin/plip/sterol_lipids/BD7wyy-B-A-CLR1/report.txt	0	2	0	0	0	0	0
/Volumes/GigiMurin/plip/sterol_lipids/BD7wyy-B-B-CLR1/report.txt	5	0	0	0	0	0	0
/Volumes/GigiMurin/plip/sterol_lipids/BD7wyy-B-B-CLR2/report.txt	2	0	0	0	0	0	0
/Volumes/GigiMurin/plip/sterol_lipids/BD7wyy-C-A-CLR1/report.txt	1	0	0	0	0	0	0
/Volumes/GigiMurin/plip/sterol_lipids/BD7wyy-D-C-CLR1/report.txt	0	2	0	0	0	0	0
/Volumes/GigiMurin/plip/sterol_lipids/BD7wyy-E-E-CLR1/report.txt	1	0	0	0	0	0	0
/Volumes/GigiMurin/plip/sterol_lipids/BD7wyz-A-A-CLR1/report.txt	1	1	0	0	0	0	0
/Volumes/GigiMurin/plip/sterol_lipids/BD7wyz-A-A-OBN1/report.txt	5	5	0	0	0	0	0
/Volumes/GigiMurin/plip/sterol_lipids/BD7wyz-A-B-CLR1/report.txt	0	1	0	0	0	0	0
/Volumes/GigiMurin/plip/sterol_lipids/BD7wyz-A-G-CLR1/report.txt	4	0	0	0	0	0	0
/Volumes/GigiMurin/plip/sterol_lipids/BD7wyz-B-A-CLR1/report.txt	4	2	0	0	0	0	0
/Volumes/GigiMurin/plip/sterol_lipids/BD7wyz-B-B-CLR1/report.txt	3	0	0	0	0	0	0
/Volumes/GigiMurin/plip/sterol_lipids/BD7wyz-B-B-CLR2/report.txt	3	0	0	0	0	0	0
/Volumes/GigiMurin/plip/sterol_lipids/BD7wyz-C-D-CLR1/report.txt	0	1	0	0	0	0	0
/Volumes/GigiMurin/plip/sterol_lipids/BD7wyz-E-E-CLR1/report.txt	1	1	0	0	0	0	0
/Volumes/GigiMurin/plip/sterol_lipids/BD7wz0-A-A-CLR1/report.txt	4	0	0	0	0	0	0
/Volumes/GigiMurin/plip/sterol_lipids/BD7wz0-A-A-CLR2/report.txt	1	1	0	0	0	0	0
/Volumes/GigiMurin/plip/sterol_lipids/BD7wz0-A-A-OBN1/report.txt	2	6	0	0	0	0	0
/Volumes/GigiMurin/plip/sterol_lipids/BD7wz0-A-C-CLR2/report.txt	1	0	0	0	0	0	0
/Volumes/GigiMurin/plip/sterol_lipids/BD7wz0-B-A-CLR2/report.txt	4	2	0	0	0	0	0
/Volumes/GigiMurin/plip/sterol_lipids/BD7wz0-B-B-CLR1/report.txt	5	2	0	0	0	0	0
/Volumes/GigiMurin/plip/sterol_lipids/BD7wz0-B-B-CLR2/report.txt	2	0	0	0	0	0	0
/Volumes/GigiMurin/plip/sterol_lipids/BD7wz0-C-A-CLR2/report.txt	1	0	0	0	0	0	0
/Volumes/GigiMurin/plip/sterol_lipids/BD7wz0-E-C-CLR1/report.txt	1	0	0	0	0	0	0
/Volumes/GigiMurin/plip/sterol_lipids/BD7x21-A-A-CLR1/report.txt	3	0	0	0	0	0	0
/Volumes/GigiMurin/plip/sterol_lipids/BD7x21-A-A-CLR2/report.txt	1	0	0	0	0	0	0
/Volumes/GigiMurin/plip/sterol_lipids/BD7x21-B-A-CLR2/report.txt	5	0	0	0	0	0	0
/Volumes/GigiMurin/plip/sterol_lipids/BD7x22-A-A-CLR1/report.txt	3	0	0	0	0	0	0
/Volumes/GigiMurin/plip/sterol_lipids/BD7x22-A-B-CLR1/report.txt	1	0	0	0	0	0	0
/Volumes/GigiMurin/plip/sterol_lipids/BD7x22-B-B-CLR1/report.txt	3	0	0	0	0	0	0
/Volumes/GigiMurin/plip/sterol_lipids/BD7x24-A-A-CLR1/report.txt	0	0	0	0	0	0	0
/Volumes/GigiMurin/plip/sterol_lipids/BD7x24-A-A-CLR2/report.txt	6	0	0	0	0	0	0
/Volumes/GigiMurin/plip/sterol_lipids/BD7x24-A-B-CLR1/report.txt	1	1	0	0	0	0	0
/Volumes/GigiMurin/plip/sterol_lipids/BD7x24-B-B-CLR1/report.txt	4	0	0	0	0	0	0
/Volumes/GigiMurin/plip/sterol_lipids/BD7x2c-F-F-CLR1/report.txt	7	0	0	0	0	0	0
/Volumes/GigiMurin/plip/sterol_lipids/BD7x2d-F-F-CLR1/report.txt	10	0	0	0	0	0	0
/Volumes/GigiMurin/plip/sterol_lipids/BD7x2f-F-F-CLR1/report.txt	7	0	0	0	0	0	0
/Volumes/GigiMurin/plip/sterol_lipids/BD7x2f-F-F-CLR2/report.txt	9	0	0	0	0	0	0
/Volumes/GigiMurin/plip/sterol_lipids/BD7x3z-B-B-J3Z1/report.txt	6	2	0	0	0	0	0
/Volumes/GigiMurin/plip/sterol_lipids/BD7xbw-R-R-CLR1/report.txt	2	0	0	0	0	0	0
/Volumes/GigiMurin/plip/sterol_lipids/BD7xbw-R-R-CLR2/report.txt	8	1	0	0	0	0	0
/Volumes/GigiMurin/plip/sterol_lipids/BD7xbw-R-R-CLR3/report.txt	7	0	0	0	0	0	0
/Volumes/GigiMurin/plip/sterol_lipids/BD7xbx-R-R-CLR1/report.txt	7	2	0	0	0	0	0
/Volumes/GigiMurin/plip/sterol_lipids/BD7xbx-R-R-CLR2/report.txt	2	0	0	0	0	0	0
/Volumes/GigiMurin/plip/sterol_lipids/BD7xem-A-A-CLR1/report.txt	6	1	0	0	0	0	0
/Volumes/GigiMurin/plip/sterol_lipids/BD7xem-A-D-CLR1/report.txt	2	0	0	0	0	0	0
/Volumes/GigiMurin/plip/sterol_lipids/BD7xer-A-A-CLR1/report.txt	3	1	0	0	0	0	0
/Volumes/GigiMurin/plip/sterol_lipids/BD7xer-A-D-CLR1/report.txt	3	0	0	0	0	0	0
/Volumes/GigiMurin/plip/sterol_lipids/BD7xer-B-A-CLR1/report.txt	3	0	0	0	0	0	0
/Volumes/GigiMurin/plip/sterol_lipids/BD7xer-B-B-CLR1/report.txt	5	1	0	0	0	0	0
/Volumes/GigiMurin/plip/sterol_lipids/BD7xer-C-B-CLR1/report.txt	3	0	0	0	0	0	0
/Volumes/GigiMurin/plip/sterol_lipids/BD7xer-D-C-CLR1/report.txt	3	0	0	0	0	0	0
/Volumes/GigiMurin/plip/sterol_lipids/BD7xeu-A-A-CLR1/report.txt	8	1	0	0	0	0	0
/Volumes/GigiMurin/plip/sterol_lipids/BD7xeu-A-D-CLR1/report.txt	1	0	0	0	0	0	0
/Volumes/GigiMurin/plip/sterol_lipids/BD7xeu-B-A-CLR1/report.txt	1	0	0	0	0	0	0
/Volumes/GigiMurin/plip/sterol_lipids/BD7xeu-B-B-CLR1/report.txt	9	1	0	0	0	0	0
/Volumes/GigiMurin/plip/sterol_lipids/BD7xeu-C-B-CLR1/report.txt	2	0	0	0	0	0	0
/Volumes/GigiMurin/plip/sterol_lipids/BD7xeu-C-C-CLR1/report.txt	8	1	0	0	0	0	0
/Volumes/GigiMurin/plip/sterol_lipids/BD7xeu-D-C-CLR1/report.txt	1	0	0	0	0	0	0
/Volumes/GigiMurin/plip/sterol_lipids/BD7xkd-R-R-AND1/report.txt	4	0	0	0	0	0	0
/Volumes/GigiMurin/plip/sterol_lipids/BD7xke-R-R-AND1/report.txt	3	0	0	0	0	0	0
/Volumes/GigiMurin/plip/sterol_lipids/BD7xkf-R-R-AND1/report.txt	7	1	0	0	0	0	0
/Volumes/GigiMurin/plip/sterol_lipids/BD7xma-A-C-CHD2/report.txt	4	1	1	0	0	0	0
/Volumes/GigiMurin/plip/sterol_lipids/BD7xma-A-T-CHD1/report.txt	4	0	0	0	0	0	0
/Volumes/GigiMurin/plip/sterol_lipids/BD7xma-C-C-CHD1/report.txt	4	0	1	0	0	0	0
/Volumes/GigiMurin/plip/sterol_lipids/BD7xma-C-C-CHD2/report.txt	1	0	1	0	0	0	0
/Volumes/GigiMurin/plip/sterol_lipids/BD7xma-G-G-CHD1/report.txt	3	0	2	0	0	0	0
/Volumes/GigiMurin/plip/sterol_lipids/BD7xma-J-C-CHD1/report.txt	1	0	0	0	0	0	0
/Volumes/GigiMurin/plip/sterol_lipids/BD7xma-N-G-CHD1/report.txt	4	0	0	0	0	0	0
/Volumes/GigiMurin/plip/sterol_lipids/BD7xma-N-P-CHD2/report.txt	4	1	1	0	0	0	0
/Volumes/GigiMurin/plip/sterol_lipids/BD7xma-O-G-CHD1/report.txt	0	2	0	0	0	0	0
/Volumes/GigiMurin/plip/sterol_lipids/BD7xma-P-C-CHD2/report.txt	1	0	0	0	0	0	0
/Volumes/GigiMurin/plip/sterol_lipids/BD7xma-P-P-CHD1/report.txt	5	1	1	0	0	0	0
/Volumes/GigiMurin/plip/sterol_lipids/BD7xma-P-P-CHD2/report.txt	0	0	1	0	0	0	0
/Volumes/GigiMurin/plip/sterol_lipids/BD7xma-T-T-CHD1/report.txt	3	0	2	0	0	0	0
/Volumes/GigiMurin/plip/sterol_lipids/BD7xmb-A-B-CHD1/report.txt	4	0	0	0	0	0	0
/Volumes/GigiMurin/plip/sterol_lipids/BD7xmb-A-C-CHD2/report.txt	4	0	1	0	0	0	0
/Volumes/GigiMurin/plip/sterol_lipids/BD7xmb-B-B-CHD1/report.txt	0	2	0	0	0	0	0
/Volumes/GigiMurin/plip/sterol_lipids/BD7xmb-C-C-CHD1/report.txt	4	0	1	0	0	0	0
/Volumes/GigiMurin/plip/sterol_lipids/BD7xmb-C-C-CHD2/report.txt	1	0	1	0	0	0	0
/Volumes/GigiMurin/plip/sterol_lipids/BD7xmb-G-O-CHD1/report.txt	3	0	2	0	0	0	0
/Volumes/GigiMurin/plip/sterol_lipids/BD7xmb-J-C-CHD1/report.txt	1	0	0	0	0	0	0
/Volumes/GigiMurin/plip/sterol_lipids/BD7xmb-N-N-CHD1/report.txt	4	0	1	0	0	0	0
/Volumes/GigiMurin/plip/sterol_lipids/BD7xmb-N-O-CHD1/report.txt	4	0	0	0	0	0	0
/Volumes/GigiMurin/plip/sterol_lipids/BD7xmb-O-O-CHD1/report.txt	0	2	0	0	0	0	0
/Volumes/GigiMurin/plip/sterol_lipids/BD7xmb-P-C-CHD2/report.txt	1	0	0	0	0	0	0
/Volumes/GigiMurin/plip/sterol_lipids/BD7xmb-P-N-CHD1/report.txt	1	0	1	0	0	0	0
/Volumes/GigiMurin/plip/sterol_lipids/BD7xmb-P-P-CHD1/report.txt	4	0	1	0	0	0	0
/Volumes/GigiMurin/plip/sterol_lipids/BD7xmb-T-B-CHD1/report.txt	3	0	2	0	0	0	0
/Volumes/GigiMurin/plip/sterol_lipids/BD7xt8-R-R-CLR1/report.txt	3	0	0	0	0	0	0
/Volumes/GigiMurin/plip/sterol_lipids/BD7xt8-R-R-CLR2/report.txt	4	0	0	0	0	0	0
/Volumes/GigiMurin/plip/sterol_lipids/BD7xt8-R-R-CLR3/report.txt	4	0	0	0	0	0	0
/Volumes/GigiMurin/plip/sterol_lipids/BD7xt8-R-R-CLR4/report.txt	4	0	0	0	0	0	0
/Volumes/GigiMurin/plip/sterol_lipids/BD7xt8-R-R-CLR5/report.txt	6	0	0	0	0	0	0
/Volumes/GigiMurin/plip/sterol_lipids/BD7xt9-R-R-CLR1/report.txt	6	0	0	0	0	0	0
/Volumes/GigiMurin/plip/sterol_lipids/BD7xt9-R-R-CLR2/report.txt	3	0	0	0	0	0	0
/Volumes/GigiMurin/plip/sterol_lipids/BD7xt9-R-R-CLR3/report.txt	4	0	0	0	0	0	0
/Volumes/GigiMurin/plip/sterol_lipids/BD7xt9-R-R-CLR4/report.txt	8	0	0	0	0	0	0
/Volumes/GigiMurin/plip/sterol_lipids/BD7xtc-R-R-CLR1/report.txt	5	0	0	0	0	0	0
/Volumes/GigiMurin/plip/sterol_lipids/BD7xve-A-A-CLR1/report.txt	3	0	0	0	0	0	0
/Volumes/GigiMurin/plip/sterol_lipids/BD7xve-A-A-CLR2/report.txt	5	0	0	0	0	0	0
/Volumes/GigiMurin/plip/sterol_lipids/BD7xve-A-A-CLR3/report.txt	4	0	0	0	0	0	0
/Volumes/GigiMurin/plip/sterol_lipids/BD7xve-A-A-CLR4/report.txt	6	0	0	0	0	0	0
/Volumes/GigiMurin/plip/sterol_lipids/BD7xvf-A-A-CLR1/report.txt	2	0	0	0	0	0	0
/Volumes/GigiMurin/plip/sterol_lipids/BD7xw5-R-R-CLR10/report.txt	3	0	0	0	0	0	0
/Volumes/GigiMurin/plip/sterol_lipids/BD7xw5-R-R-CLR11/report.txt	3	0	0	0	0	0	0
/Volumes/GigiMurin/plip/sterol_lipids/BD7xw5-R-R-CLR12/report.txt	5	0	0	0	0	0	0
/Volumes/GigiMurin/plip/sterol_lipids/BD7xw5-R-R-CLR13/report.txt	3	0	0	0	0	0	0
/Volumes/GigiMurin/plip/sterol_lipids/BD7xw5-R-R-CLR1/report.txt	3	0	0	0	0	0	0
/Volumes/GigiMurin/plip/sterol_lipids/BD7xw5-R-R-CLR2/report.txt	3	0	0	0	0	0	0
/Volumes/GigiMurin/plip/sterol_lipids/BD7xw5-R-R-CLR3/report.txt	5	1	0	0	0	0	0
/Volumes/GigiMurin/plip/sterol_lipids/BD7xw5-R-R-CLR4/report.txt	1	0	0	0	0	0	0
/Volumes/GigiMurin/plip/sterol_lipids/BD7xw5-R-R-CLR5/report.txt	4	0	0	0	0	0	0
/Volumes/GigiMurin/plip/sterol_lipids/BD7xw5-R-R-CLR6/report.txt	3	0	0	0	0	0	0
/Volumes/GigiMurin/plip/sterol_lipids/BD7xw5-R-R-CLR7/report.txt	5	0	0	0	0	0	0
/Volumes/GigiMurin/plip/sterol_lipids/BD7xw5-R-R-CLR8/report.txt	7	0	0	0	0	0	0
/Volumes/GigiMurin/plip/sterol_lipids/BD7xw5-R-R-CLR9/report.txt	8	0	0	0	0	0	0
/Volumes/GigiMurin/plip/sterol_lipids/BD7xw6-R-R-CLR10/report.txt	1	0	0	0	0	0	0
/Volumes/GigiMurin/plip/sterol_lipids/BD7xw6-R-R-CLR11/report.txt	3	0	0	0	0	0	0
/Volumes/GigiMurin/plip/sterol_lipids/BD7xw6-R-R-CLR12/report.txt	5	0	0	0	0	0	0
/Volumes/GigiMurin/plip/sterol_lipids/BD7xw6-R-R-CLR13/report.txt	0	0	0	0	0	0	0
/Volumes/GigiMurin/plip/sterol_lipids/BD7xw6-R-R-CLR1/report.txt	5	0	0	0	0	0	0
/Volumes/GigiMurin/plip/sterol_lipids/BD7xw6-R-R-CLR2/report.txt	13	0	0	0	0	0	0
/Volumes/GigiMurin/plip/sterol_lipids/BD7xw6-R-R-CLR3/report.txt	4	0	0	0	0	0	0
/Volumes/GigiMurin/plip/sterol_lipids/BD7xw6-R-R-CLR4/report.txt	2	0	0	0	0	0	0
/Volumes/GigiMurin/plip/sterol_lipids/BD7xw6-R-R-CLR5/report.txt	3	0	0	0	0	0	0
/Volumes/GigiMurin/plip/sterol_lipids/BD7xw6-R-R-CLR6/report.txt	2	0	0	0	0	0	0
/Volumes/GigiMurin/plip/sterol_lipids/BD7xw6-R-R-CLR7/report.txt	5	0	0	0	0	0	0
/Volumes/GigiMurin/plip/sterol_lipids/BD7xw6-R-R-CLR8/report.txt	4	0	0	0	0	0	0
/Volumes/GigiMurin/plip/sterol_lipids/BD7xw6-R-R-CLR9/report.txt	7	1	0	0	0	0	0
/Volumes/GigiMurin/plip/sterol_lipids/BD7xzh-A-A-CLR1/report.txt	3	0	0	0	0	0	0
/Volumes/GigiMurin/plip/sterol_lipids/BD7xzh-A-A-CLR2/report.txt	3	2	0	0	0	0	0
/Volumes/GigiMurin/plip/sterol_lipids/BD7xzh-B-B-CLR1/report.txt	3	0	0	0	0	0	0
/Volumes/GigiMurin/plip/sterol_lipids/BD7xzh-B-B-CLR2/report.txt	5	0	0	0	0	0	0
/Volumes/GigiMurin/plip/sterol_lipids/BD7xzh-C-C-CLR1/report.txt	4	0	0	0	0	0	0
/Volumes/GigiMurin/plip/sterol_lipids/BD7xzh-C-C-CLR2/report.txt	3	0	0	0	0	0	0
/Volumes/GigiMurin/plip/sterol_lipids/BD7xzh-D-D-CLR2/report.txt	3	0	0	0	0	0	0
/Volumes/GigiMurin/plip/sterol_lipids/BD7xzh-E-E-CLR2/report.txt	3	1	0	0	0	0	0
/Volumes/GigiMurin/plip/sterol_lipids/BD7xzh-F-F-CLR1/report.txt	0	0	0	0	0	0	0
/Volumes/GigiMurin/plip/sterol_lipids/BD7xzh-F-F-CLR2/report.txt	4	0	0	0	0	0	0
/Volumes/GigiMurin/plip/sterol_lipids/BD7xzi-4-4-AJP1/report.txt	0	0	0	0	0	0	0
/Volumes/GigiMurin/plip/sterol_lipids/BD7xzi-5-5-AJP1/report.txt	6	1	1	0	0	0	0
/Volumes/GigiMurin/plip/sterol_lipids/BD7xzi-B-B-AJP1/report.txt	5	2	0	0	0	0	0
/Volumes/GigiMurin/plip/sterol_lipids/BD7xzi-B-D-AJP1/report.txt	0	1	0	0	0	0	0
/Volumes/GigiMurin/plip/sterol_lipids/BD7xzi-B-D-AJP2/report.txt	0	0	0	0	0	0	0
/Volumes/GigiMurin/plip/sterol_lipids/BD7xzi-D-D-AJP1/report.txt	4	1	0	0	0	0	0
/Volumes/GigiMurin/plip/sterol_lipids/BD7xzi-D-D-AJP2/report.txt	0	1	0	0	0	0	0
/Volumes/GigiMurin/plip/sterol_lipids/BD7xzi-U-5-AJP1/report.txt	1	3	0	0	0	0	0
/Volumes/GigiMurin/plip/sterol_lipids/BD7y27-E-E-CLR1/report.txt	0	0	0	0	0	0	0
/Volumes/GigiMurin/plip/sterol_lipids/BD7y44-A-C-CHD2/report.txt	2	1	1	0	0	0	0
/Volumes/GigiMurin/plip/sterol_lipids/BD7y44-A-J-CHD1/report.txt	1	0	0	0	0	0	0
/Volumes/GigiMurin/plip/sterol_lipids/BD7y44-A-T-CHD1/report.txt	4	0	0	0	0	0	0
/Volumes/GigiMurin/plip/sterol_lipids/BD7y44-B-T-CHD1/report.txt	0	2	0	0	0	0	0
/Volumes/GigiMurin/plip/sterol_lipids/BD7y44-C-C-CHD1/report.txt	6	0	1	0	0	0	0
/Volumes/GigiMurin/plip/sterol_lipids/BD7y44-C-C-CHD2/report.txt	1	1	1	0	0	0	0
/Volumes/GigiMurin/plip/sterol_lipids/BD7y44-C-P-CHD2/report.txt	1	0	0	0	0	0	0
/Volumes/GigiMurin/plip/sterol_lipids/BD7y44-G-G-CHD1/report.txt	3	0	2	0	0	0	0
/Volumes/GigiMurin/plip/sterol_lipids/BD7y44-J-C-CHD1/report.txt	0	1	0	0	0	0	0
/Volumes/GigiMurin/plip/sterol_lipids/BD7y44-J-J-CHD1/report.txt	3	0	0	0	0	0	0
/Volumes/GigiMurin/plip/sterol_lipids/BD7y44-L-L-CHD1/report.txt	0	0	0	0	0	0	0
/Volumes/GigiMurin/plip/sterol_lipids/BD7y44-M-L-CHD1/report.txt	1	0	0	0	0	0	0
/Volumes/GigiMurin/plip/sterol_lipids/BD7y44-N-G-CHD1/report.txt	4	0	0	0	0	0	0
/Volumes/GigiMurin/plip/sterol_lipids/BD7y44-N-P-CHD2/report.txt	2	0	1	0	0	0	0
/Volumes/GigiMurin/plip/sterol_lipids/BD7y44-O-G-CHD1/report.txt	0	1	0	0	0	0	0
/Volumes/GigiMurin/plip/sterol_lipids/BD7y44-P-C-CHD2/report.txt	1	0	0	0	0	0	0
/Volumes/GigiMurin/plip/sterol_lipids/BD7y44-P-P-CHD1/report.txt	7	0	1	0	0	0	0
/Volumes/GigiMurin/plip/sterol_lipids/BD7y44-P-P-CHD2/report.txt	0	1	1	0	0	0	0
/Volumes/GigiMurin/plip/sterol_lipids/BD7y44-T-T-CHD1/report.txt	0	0	2	0	0	0	0
/Volumes/GigiMurin/plip/sterol_lipids/BD7y44-W-P-CHD1/report.txt	0	1	0	0	0	0	0
/Volumes/GigiMurin/plip/sterol_lipids/BD7y44-W-W-CHD1/report.txt	4	1	0	0	0	0	0
/Volumes/GigiMurin/plip/sterol_lipids/BD7y44-X-X-CHD1/report.txt	2	0	0	0	0	0	0
/Volumes/GigiMurin/plip/sterol_lipids/BD7y44-Y-Y-CHD1/report.txt	2	0	0	0	0	0	0
/Volumes/GigiMurin/plip/sterol_lipids/BD7y44-Z-Y-CHD1/report.txt	1	1	0	0	0	0	0
/Volumes/GigiMurin/plip/sterol_lipids/BD7y45-A-A-CLR1/report.txt	3	0	0	0	0	0	0
/Volumes/GigiMurin/plip/sterol_lipids/BD7y45-A-A-CLR2/report.txt	1	0	0	0	0	0	0
/Volumes/GigiMurin/plip/sterol_lipids/BD7y45-A-C-CLR2/report.txt	1	0	0	0	0	0	0
/Volumes/GigiMurin/plip/sterol_lipids/BD7y45-B-A-CLR2/report.txt	3	2	0	0	0	0	0
/Volumes/GigiMurin/plip/sterol_lipids/BD7y45-B-B-CLR1/report.txt	3	1	0	0	0	0	0
/Volumes/GigiMurin/plip/sterol_lipids/BD7y45-B-B-CLR2/report.txt	2	0	0	0	0	0	0
/Volumes/GigiMurin/plip/sterol_lipids/BD7y45-E-C-CLR1/report.txt	1	1	0	0	0	0	0
/Volumes/GigiMurin/plip/sterol_lipids/BD7y46-A-A-CLR1/report.txt	4	0	0	0	0	0	0
/Volumes/GigiMurin/plip/sterol_lipids/BD7y46-A-A-CLR2/report.txt	1	1	0	0	0	0	0
/Volumes/GigiMurin/plip/sterol_lipids/BD7y46-B-A-CLR2/report.txt	2	2	0	0	0	0	0
/Volumes/GigiMurin/plip/sterol_lipids/BD7y46-B-A-CLR3/report.txt	4	1	0	0	0	0	0
/Volumes/GigiMurin/plip/sterol_lipids/BD7y46-B-B-CLR1/report.txt	2	0	0	0	0	0	0
/Volumes/GigiMurin/plip/sterol_lipids/BD7y46-D-C-CLR2/report.txt	2	2	0	0	0	0	0
/Volumes/GigiMurin/plip/sterol_lipids/BD7y46-E-C-CLR1/report.txt	1	1	0	0	0	0	0
/Volumes/GigiMurin/plip/sterol_lipids/BD7y48-B-B-CLR1/report.txt	4	0	0	0	0	0	0
/Volumes/GigiMurin/plip/sterol_lipids/BD7y5t-C-C-CLR1/report.txt	3	0	0	0	0	0	0
/Volumes/GigiMurin/plip/sterol_lipids/BD7y5t-C-C-CLR2/report.txt	6	2	0	0	0	0	0
/Volumes/GigiMurin/plip/sterol_lipids/BD7y5t-C-C-CLR3/report.txt	2	0	0	0	0	0	0
/Volumes/GigiMurin/plip/sterol_lipids/BD7y5x-C-C-CLR1/report.txt	4	0	0	0	0	0	0
/Volumes/GigiMurin/plip/sterol_lipids/BD7y5x-C-C-CLR2/report.txt	5	0	0	0	0	0	0
/Volumes/GigiMurin/plip/sterol_lipids/BD7y5x-C-C-CLR3/report.txt	5	0	0	0	0	0	0
/Volumes/GigiMurin/plip/sterol_lipids/BD7y5z-C-C-CLR1/report.txt	3	0	0	0	0	0	0
/Volumes/GigiMurin/plip/sterol_lipids/BD7y5z-C-C-CLR2/report.txt	5	0	0	0	0	0	0
/Volumes/GigiMurin/plip/sterol_lipids/BD7y5z-C-C-CLR3/report.txt	3	0	0	0	0	0	0
/Volumes/GigiMurin/plip/sterol_lipids/BD7y98-A-A-TES1/report.txt	6	0	0	0	0	0	0
/Volumes/GigiMurin/plip/sterol_lipids/BD7y98-B-B-TES1/report.txt	3	0	0	0	0	0	0
/Volumes/GigiMurin/plip/sterol_lipids/BD7yae-E-E-CLR1/report.txt	8	2	0	0	0	0	0
/Volumes/GigiMurin/plip/sterol_lipids/BD7yfc-R-R-CLR1/report.txt	4	0	0	0	0	0	0
/Volumes/GigiMurin/plip/sterol_lipids/BD7yfd-R-R-CLR1/report.txt	4	0	0	0	0	0	0
/Volumes/GigiMurin/plip/sterol_lipids/BD7yfd-R-R-CLR2/report.txt	8	2	0	0	0	0	0
/Volumes/GigiMurin/plip/sterol_lipids/BD7ykd-A-A-CLR1/report.txt	4	0	0	0	0	0	0
/Volumes/GigiMurin/plip/sterol_lipids/BD7ykd-A-A-CLR2/report.txt	5	0	0	0	0	0	0
/Volumes/GigiMurin/plip/sterol_lipids/BD7ykd-A-A-CLR3/report.txt	5	0	0	0	0	0	0
/Volumes/GigiMurin/plip/sterol_lipids/BD7ykd-A-A-CLR4/report.txt	7	2	0	0	0	0	0
/Volumes/GigiMurin/plip/sterol_lipids/BD7ykd-A-A-CLR5/report.txt	3	0	0	0	0	0	0
/Volumes/GigiMurin/plip/sterol_lipids/BD7ypy-A-B-CHD1/report.txt	4	0	0	0	0	0	0
/Volumes/GigiMurin/plip/sterol_lipids/BD7ypy-A-C-CHD2/report.txt	2	1	1	0	0	0	0
/Volumes/GigiMurin/plip/sterol_lipids/BD7ypy-B-B-CHD1/report.txt	0	2	0	0	0	0	0
/Volumes/GigiMurin/plip/sterol_lipids/BD7ypy-C-C-CHD1/report.txt	5	0	1	0	0	0	0
/Volumes/GigiMurin/plip/sterol_lipids/BD7ypy-C-C-CHD2/report.txt	0	1	1	0	0	0	0
/Volumes/GigiMurin/plip/sterol_lipids/BD7ypy-C-P-CHD2/report.txt	1	0	0	0	0	0	0
/Volumes/GigiMurin/plip/sterol_lipids/BD7ypy-G-O-CHD1/report.txt	1	0	2	0	0	0	0
/Volumes/GigiMurin/plip/sterol_lipids/BD7ypy-J-C-CHD1/report.txt	0	2	0	0	0	0	0
/Volumes/GigiMurin/plip/sterol_lipids/BD7ypy-L-L-CHD1/report.txt	1	0	0	0	0	0	0
/Volumes/GigiMurin/plip/sterol_lipids/BD7ypy-M-L-CHD1/report.txt	1	0	0	0	0	0	0
/Volumes/GigiMurin/plip/sterol_lipids/BD7ypy-N-O-CHD1/report.txt	4	0	0	0	0	0	0
/Volumes/GigiMurin/plip/sterol_lipids/BD7ypy-N-P-CHD2/report.txt	2	1	1	0	0	0	0
/Volumes/GigiMurin/plip/sterol_lipids/BD7ypy-O-O-CHD1/report.txt	0	2	0	0	0	0	0
/Volumes/GigiMurin/plip/sterol_lipids/BD7ypy-P-C-CHD2/report.txt	1	0	0	0	0	0	0
/Volumes/GigiMurin/plip/sterol_lipids/BD7ypy-P-P-CHD1/report.txt	8	0	1	0	0	0	0
/Volumes/GigiMurin/plip/sterol_lipids/BD7ypy-P-P-CHD2/report.txt	1	1	1	0	0	0	0
/Volumes/GigiMurin/plip/sterol_lipids/BD7ypy-T-B-CHD1/report.txt	1	0	2	0	0	0	0
/Volumes/GigiMurin/plip/sterol_lipids/BD7ypy-W-P-CHD1/report.txt	0	1	0	0	0	0	0
/Volumes/GigiMurin/plip/sterol_lipids/BD7ypy-X-X-CHD1/report.txt	3	2	0	0	0	0	0
/Volumes/GigiMurin/plip/sterol_lipids/BD7ypy-Y-Y-CHD1/report.txt	1	1	0	0	0	0	0
/Volumes/GigiMurin/plip/sterol_lipids/BD7ypy-Z-Y-CHD1/report.txt	3	1	0	0	0	0	0
/Volumes/GigiMurin/plip/sterol_lipids/BD7yxc-A-A-DEX1/report.txt	4	4	0	0	0	0	0
/Volumes/GigiMurin/plip/sterol_lipids/BD7yxd-A-A-DEX1/report.txt	5	6	0	0	0	0	0
/Volumes/GigiMurin/plip/sterol_lipids/BD7yxd-H-H-DEX1/report.txt	7	5	0	0	0	0	0
/Volumes/GigiMurin/plip/sterol_lipids/BD7yxn-A-A-DEX1/report.txt	4	4	0	0	0	0	0
/Volumes/GigiMurin/plip/sterol_lipids/BD7yxo-A-A-CPS1/report.txt	1	1	0	0	0	0	0
/Volumes/GigiMurin/plip/sterol_lipids/BD7yxo-A-A-DEX1/report.txt	4	4	0	0	0	0	0
/Volumes/GigiMurin/plip/sterol_lipids/BD7yxo-C-C-CPS1/report.txt	0	0	1	0	0	0	0
/Volumes/GigiMurin/plip/sterol_lipids/BD7yxo-C-C-DEX1/report.txt	3	6	0	0	0	0	0
/Volumes/GigiMurin/plip/sterol_lipids/BD7yxp-A-A-DEX1/report.txt	6	4	0	0	0	0	0
/Volumes/GigiMurin/plip/sterol_lipids/BD7yxp-A-A-DEX2/report.txt	0	2	0	0	0	0	0
/Volumes/GigiMurin/plip/sterol_lipids/BD7yxr-A-A-DEX1/report.txt	5	4	0	0	0	0	0
/Volumes/GigiMurin/plip/sterol_lipids/BD7z1l-A-A-4QM1/report.txt	1	0	0	0	0	0	0
/Volumes/GigiMurin/plip/sterol_lipids/BD7z1l-C-C-4QM1/report.txt	2	0	0	0	0	0	0
/Volumes/GigiMurin/plip/sterol_lipids/BD7z1l-K-C-4QM1/report.txt	0	0	0	0	0	0	0
/Volumes/GigiMurin/plip/sterol_lipids/BD7z1m-A-A-4QM1/report.txt	2	0	0	0	0	0	0
/Volumes/GigiMurin/plip/sterol_lipids/BD7z1m-C-C-4QM1/report.txt	3	0	0	0	0	0	0
/Volumes/GigiMurin/plip/sterol_lipids/BD7z2z-A-A-4QM1/report.txt	2	0	0	0	0	0	0
/Volumes/GigiMurin/plip/sterol_lipids/BD7zh6-A-A-C0R1/report.txt	6	1	0	0	0	0	0
/Volumes/GigiMurin/plip/sterol_lipids/BD7zi0-A-A-CLR1/report.txt	11	0	0	0	0	0	0
/Volumes/GigiMurin/plip/sterol_lipids/BD7ztv-A-A-DHT1/report.txt	6	3	0	0	0	0	0
/Volumes/GigiMurin/plip/sterol_lipids/BD7ztx-A-A-DHT1/report.txt	7	3	0	0	0	0	0
/Volumes/GigiMurin/plip/sterol_lipids/BD7ztz-A-A-DHT1/report.txt	7	3	0	0	0	0	0
/Volumes/GigiMurin/plip/sterol_lipids/BD7zu1-A-A-DHT1/report.txt	5	2	0	0	0	0	0
/Volumes/GigiMurin/plip/sterol_lipids/BD7zu2-A-A-DHT1/report.txt	6	2	0	0	0	0	0
/Volumes/GigiMurin/plip/sterol_lipids/BD7zxn-A-A-CLR1/report.txt	4	0	0	0	0	0	0
/Volumes/GigiMurin/plip/sterol_lipids/BD7zxn-A-B-CLR1/report.txt	3	0	0	0	0	0	0
/Volumes/GigiMurin/plip/sterol_lipids/BD7zyi-A-A-CHO1/report.txt	6	4	0	0	0	0	0
/Volumes/GigiMurin/plip/sterol_lipids/BD7zyi-A-A-CHO2/report.txt	2	1	0	0	0	0	0
/Volumes/GigiMurin/plip/sterol_lipids/BD7zyi-A-A-CLR1/report.txt	8	0	0	0	0	0	0
/Volumes/GigiMurin/plip/sterol_lipids/BD7zyi-A-A-CLR2/report.txt	6	0	0	0	0	0	0
/Volumes/GigiMurin/plip/sterol_lipids/BD8a2o-A-A-CLR1/report.txt	2	1	0	0	0	0	0
/Volumes/GigiMurin/plip/sterol_lipids/BD8a2o-A-A-CLR2/report.txt	3	0	0	0	0	0	0
/Volumes/GigiMurin/plip/sterol_lipids/BD8a2o-A-A-CLR3/report.txt	3	0	0	0	0	0	0
/Volumes/GigiMurin/plip/sterol_lipids/BD8a2p-A-A-CLR1/report.txt	2	1	0	0	0	0	0
/Volumes/GigiMurin/plip/sterol_lipids/BD8a2p-A-A-CLR2/report.txt	3	0	0	0	0	0	0
/Volumes/GigiMurin/plip/sterol_lipids/BD8a2p-A-A-CLR3/report.txt	6	0	0	0	0	0	0
/Volumes/GigiMurin/plip/sterol_lipids/BD8a6w-B-B-K2B1/report.txt	9	0	0	0	0	0	0
/Volumes/GigiMurin/plip/sterol_lipids/BD8a6w-E-E-K2B1/report.txt	9	0	0	0	0	0	0
/Volumes/GigiMurin/plip/sterol_lipids/BD8abs-A-A-TES1/report.txt	5	2	0	0	0	0	0
/Volumes/GigiMurin/plip/sterol_lipids/BD8b4i-A-A-DU01/report.txt	2	0	0	0	0	0	0
/Volumes/GigiMurin/plip/sterol_lipids/BD8b4i-A-C-DU01/report.txt	1	0	0	0	0	0	0
/Volumes/GigiMurin/plip/sterol_lipids/BD8b4i-A-D-DU02/report.txt	4	0	0	0	0	0	0
/Volumes/GigiMurin/plip/sterol_lipids/BD8b4i-B-C-DU02/report.txt	3	0	0	0	0	0	0
/Volumes/GigiMurin/plip/sterol_lipids/BD8b4i-C-C-DU01/report.txt	4	0	0	0	0	0	0
/Volumes/GigiMurin/plip/sterol_lipids/BD8b4i-C-C-DU02/report.txt	4	1	0	0	0	0	0
/Volumes/GigiMurin/plip/sterol_lipids/BD8b4i-C-C-DU03/report.txt	3	0	0	0	0	0	0
/Volumes/GigiMurin/plip/sterol_lipids/BD8b4i-G-A-DU01/report.txt	1	0	0	0	0	0	0
/Volumes/GigiMurin/plip/sterol_lipids/BD8bgi-A-A-P9N1/report.txt	3	0	0	0	0	0	0
/Volumes/GigiMurin/plip/sterol_lipids/BD8bgi-B-B-P9N1/report.txt	3	0	0	0	0	0	0
/Volumes/GigiMurin/plip/sterol_lipids/BD8bgi-C-C-P9N1/report.txt	1	0	0	0	0	0	0
/Volumes/GigiMurin/plip/sterol_lipids/BD8bgi-D-D-P9N1/report.txt	2	0	0	0	0	0	0
/Volumes/GigiMurin/plip/sterol_lipids/BD8bgi-E-E-P9N1/report.txt	2	0	0	0	0	0	0
/Volumes/GigiMurin/plip/sterol_lipids/BD8bht-A-A-CLR1/report.txt	1	0	0	0	0	0	0
/Volumes/GigiMurin/plip/sterol_lipids/BD8bi0-A-A-CLR1/report.txt	6	0	0	0	0	0	0
/Volumes/GigiMurin/plip/sterol_lipids/BD8bi0-A-A-CLR2/report.txt	5	0	0	0	0	0	0
/Volumes/GigiMurin/plip/sterol_lipids/BD8bi0-A-B-CLR2/report.txt	2	0	0	0	0	0	0
/Volumes/GigiMurin/plip/sterol_lipids/BD8bi0-B-A-CLR2/report.txt	1	0	0	0	0	0	0
/Volumes/GigiMurin/plip/sterol_lipids/BD8bjf-A-A-CLR1/report.txt	7	0	0	0	0	0	0
/Volumes/GigiMurin/plip/sterol_lipids/BD8bjf-A-A-CLR2/report.txt	4	0	0	0	0	0	0
/Volumes/GigiMurin/plip/sterol_lipids/BD8bls-A-A-GCH1/report.txt	5	2	0	0	0	0	0
/Volumes/GigiMurin/plip/sterol_lipids/BD8bls-B-B-GCH1/report.txt	8	2	0	0	0	0	0
/Volumes/GigiMurin/plip/sterol_lipids/BD8bls-C-C-GCH1/report.txt	6	2	0	0	0	0	0
/Volumes/GigiMurin/plip/sterol_lipids/BD8bls-D-C-GCH1/report.txt	0	1	0	0	0	0	0
/Volumes/GigiMurin/plip/sterol_lipids/BD8bls-E-E-GCH1/report.txt	6	0	0	0	0	0	0
/Volumes/GigiMurin/plip/sterol_lipids/BD8bls-E-F-GCH1/report.txt	0	1	0	0	0	0	0
/Volumes/GigiMurin/plip/sterol_lipids/BD8bls-H-G-GCH1/report.txt	0	2	0	0	0	0	0
/Volumes/GigiMurin/plip/sterol_lipids/BD8bls-H-H-GCH2/report.txt	1	0	0	0	0	0	0
/Volumes/GigiMurin/plip/sterol_lipids/BD8blt-A-A-TCH1/report.txt	7	3	0	0	0	0	0
/Volumes/GigiMurin/plip/sterol_lipids/BD8blt-A-B-TCH1/report.txt	0	2	0	0	0	0	0
/Volumes/GigiMurin/plip/sterol_lipids/BD8blt-B-A-TCH1/report.txt	0	1	0	0	0	0	0
/Volumes/GigiMurin/plip/sterol_lipids/BD8blt-B-B-TCH1/report.txt	8	3	1	0	0	0	0
/Volumes/GigiMurin/plip/sterol_lipids/BD8blt-F-E-TCH1/report.txt	0	2	0	0	0	0	0
/Volumes/GigiMurin/plip/sterol_lipids/BD8bws-A-A-4QM1/report.txt	3	0	0	0	0	0	0
/Volumes/GigiMurin/plip/sterol_lipids/BD8bws-C-C-4QM1/report.txt	6	0	0	0	0	0	0
/Volumes/GigiMurin/plip/sterol_lipids/BD8bws-I-I-4QM1/report.txt	3	1	0	0	0	0	0
/Volumes/GigiMurin/plip/sterol_lipids/BD8bws-K-C-4QM1/report.txt	2	1	0	0	0	0	0
/Volumes/GigiMurin/plip/sterol_lipids/BD8byi-A-A-CPS1/report.txt	2	0	1	0	2	0	0
/Volumes/GigiMurin/plip/sterol_lipids/BD8byi-A-E-CPS1/report.txt	3	0	0	0	0	0	0
/Volumes/GigiMurin/plip/sterol_lipids/BD8c3o-A-A-5JK1/report.txt	11	0	0	0	0	0	0
/Volumes/GigiMurin/plip/sterol_lipids/BD8c3o-B-B-5JK1/report.txt	9	0	0	0	0	0	0
/Volumes/GigiMurin/plip/sterol_lipids/BD8c3p-A-A-5JK1/report.txt	14	0	0	0	0	0	0
/Volumes/GigiMurin/plip/sterol_lipids/BD8c3p-B-B-5JK1/report.txt	12	0	0	0	0	0	0
/Volumes/GigiMurin/plip/sterol_lipids/BD8c4w-A-A-5JK1/report.txt	10	1	0	0	0	0	0
/Volumes/GigiMurin/plip/sterol_lipids/BD8c7r-A-A-5JK1/report.txt	14	0	0	0	0	0	0
/Volumes/GigiMurin/plip/sterol_lipids/BD8c80-A-A-ERG1/report.txt	2	0	0	0	0	0	0
/Volumes/GigiMurin/plip/sterol_lipids/BD8c80-A-A-ERG2/report.txt	2	0	0	0	0	0	0
/Volumes/GigiMurin/plip/sterol_lipids/BD8c80-A-B-ERG1/report.txt	2	0	0	0	0	0	0
/Volumes/GigiMurin/plip/sterol_lipids/BD8c80-B-B-ERG1/report.txt	2	0	0	0	0	0	0
/Volumes/GigiMurin/plip/sterol_lipids/BD8c81-A-A-ERG1/report.txt	3	0	0	0	0	0	0
/Volumes/GigiMurin/plip/sterol_lipids/BD8c81-A-B-ERG1/report.txt	2	0	0	0	0	0	0
/Volumes/GigiMurin/plip/sterol_lipids/BD8c81-B-B-ERG1/report.txt	1	0	0	0	0	0	0
/Volumes/GigiMurin/plip/sterol_lipids/BD8c81-B-B-ERG2/report.txt	3	0	0	0	0	0	0
/Volumes/GigiMurin/plip/sterol_lipids/BD8c9w-A-A-CLR1/report.txt	5	1	0	0	0	0	0
/Volumes/GigiMurin/plip/sterol_lipids/BD8c9w-A-A-CLR2/report.txt	7	1	0	0	0	0	0
/Volumes/GigiMurin/plip/sterol_lipids/BD8c9w-A-A-CLR3/report.txt	7	0	0	0	0	0	0
/Volumes/GigiMurin/plip/sterol_lipids/BD8cby-H-H-HCY1/report.txt	12	3	0	0	0	0	0
/Volumes/GigiMurin/plip/sterol_lipids/BD8cby-L-H-HCY1/report.txt	0	0	0	0	0	0	0
/Volumes/GigiMurin/plip/sterol_lipids/BD8cbz-H-H-C0R1/report.txt	9	3	0	0	0	0	0
/Volumes/GigiMurin/plip/sterol_lipids/BD8cbz-L-H-C0R1/report.txt	1	0	0	0	0	0	0
/Volumes/GigiMurin/plip/sterol_lipids/BD8cc0-H-H-UQC1/report.txt	10	3	0	0	0	0	0
/Volumes/GigiMurin/plip/sterol_lipids/BD8cc0-L-H-UQC1/report.txt	0	0	0	0	0	0	0
/Volumes/GigiMurin/plip/sterol_lipids/BD8cc1-H-H-TUA1/report.txt	7	3	0	0	0	0	0
/Volumes/GigiMurin/plip/sterol_lipids/BD8cc1-L-H-TUA1/report.txt	0	0	0	0	0	0	0
/Volumes/GigiMurin/plip/sterol_lipids/BD8cic-A-A-CLR1/report.txt	0	0	0	0	0	0	0
/Volumes/GigiMurin/plip/sterol_lipids/BD8cic-A-A-CLR2/report.txt	3	1	0	0	0	0	0
/Volumes/GigiMurin/plip/sterol_lipids/BD8cic-A-A-CLR3/report.txt	5	0	0	0	0	0	0
/Volumes/GigiMurin/plip/sterol_lipids/BD8cic-A-A-CLR4/report.txt	5	0	0	0	0	0	0
/Volumes/GigiMurin/plip/sterol_lipids/BD8crq-B-C-CLR1/report.txt	3	0	0	0	0	0	0
/Volumes/GigiMurin/plip/sterol_lipids/BD8crq-C-C-CLR1/report.txt	7	0	0	0	0	0	0
/Volumes/GigiMurin/plip/sterol_lipids/BD8crq-D-E-CLR1/report.txt	1	0	0	0	0	0	0
/Volumes/GigiMurin/plip/sterol_lipids/BD8crr-C-C-CLR1/report.txt	7	0	0	0	0	0	0
/Volumes/GigiMurin/plip/sterol_lipids/BD8crr-E-E-CLR1/report.txt	7	0	0	0	0	0	0
/Volumes/GigiMurin/plip/sterol_lipids/BD8crt-B-C-CLR1/report.txt	2	0	0	0	0	0	0
/Volumes/GigiMurin/plip/sterol_lipids/BD8crt-C-C-CLR1/report.txt	6	0	0	0	0	0	0
/Volumes/GigiMurin/plip/sterol_lipids/BD8crt-E-E-CLR1/report.txt	8	0	0	0	0	0	0
/Volumes/GigiMurin/plip/sterol_lipids/BD8cs9-a-e-CLR1/report.txt	2	0	0	0	0	0	0
/Volumes/GigiMurin/plip/sterol_lipids/BD8cs9-b-f-CLR1/report.txt	3	0	0	0	0	0	0
/Volumes/GigiMurin/plip/sterol_lipids/BD8cs9-c-c-CLR1/report.txt	4	0	0	0	0	0	0
/Volumes/GigiMurin/plip/sterol_lipids/BD8cs9-e-e-CLR1/report.txt	8	0	0	0	0	0	0
/Volumes/GigiMurin/plip/sterol_lipids/BD8cs9-f-f-CLR1/report.txt	10	0	0	0	0	0	0
/Volumes/GigiMurin/plip/sterol_lipids/BD8cs9-L-L-CLR1/report.txt	7	1	0	0	0	0	0
/Volumes/GigiMurin/plip/sterol_lipids/BD8cs9-L-L-CLR2/report.txt	11	0	0	0	0	0	0
/Volumes/GigiMurin/plip/sterol_lipids/BD8cs9-Q-Q-AJP1/report.txt	6	0	0	0	0	0	0
/Volumes/GigiMurin/plip/sterol_lipids/BD8cs9-R-V-CLR1/report.txt	4	0	0	0	0	0	0
/Volumes/GigiMurin/plip/sterol_lipids/BD8cs9-S-Y-CLR1/report.txt	2	0	0	0	0	0	0
/Volumes/GigiMurin/plip/sterol_lipids/BD8cs9-T-Z-CLR1/report.txt	5	0	0	0	0	0	0
/Volumes/GigiMurin/plip/sterol_lipids/BD8cs9-V-V-CLR1/report.txt	7	0	0	0	0	0	0
/Volumes/GigiMurin/plip/sterol_lipids/BD8cs9-Y-Y-CLR1/report.txt	5	0	0	0	0	0	0
/Volumes/GigiMurin/plip/sterol_lipids/BD8csx-L-L-CLR1/report.txt	8	1	0	0	0	0	0
/Volumes/GigiMurin/plip/sterol_lipids/BD8csx-L-L-CLR2/report.txt	9	0	0	0	0	0	0
/Volumes/GigiMurin/plip/sterol_lipids/BD8csx-Q-Q-AJP1/report.txt	8	1	0	0	0	0	0
/Volumes/GigiMurin/plip/sterol_lipids/BD8ct2-A-A-CLR1/report.txt	1	0	0	0	0	0	0
/Volumes/GigiMurin/plip/sterol_lipids/BD8ct2-A-A-CLR2/report.txt	2	0	0	0	0	0	0
/Volumes/GigiMurin/plip/sterol_lipids/BD8ct2-B-A-CLR2/report.txt	1	0	0	0	0	0	0
/Volumes/GigiMurin/plip/sterol_lipids/BD8ct2-C-A-CLR1/report.txt	0	0	0	0	0	0	0
/Volumes/GigiMurin/plip/sterol_lipids/BD8ct2-C-D-CLR1/report.txt	0	1	0	0	0	0	0
/Volumes/GigiMurin/plip/sterol_lipids/BD8ct3-B-C-CLR1/report.txt	4	0	0	0	0	0	0
/Volumes/GigiMurin/plip/sterol_lipids/BD8ct3-C-C-CLR1/report.txt	7	0	0	0	0	0	0
/Volumes/GigiMurin/plip/sterol_lipids/BD8ct3-C-C-CLR2/report.txt	0	0	0	0	0	0	0
/Volumes/GigiMurin/plip/sterol_lipids/BD8cte-D-T-CLR1/report.txt	4	0	0	0	0	0	0
/Volumes/GigiMurin/plip/sterol_lipids/BD8cte-L-L-CLR1/report.txt	9	1	0	0	0	0	0
/Volumes/GigiMurin/plip/sterol_lipids/BD8cte-L-L-CLR2/report.txt	7	0	0	0	0	0	0
/Volumes/GigiMurin/plip/sterol_lipids/BD8cte-M-M-CLR1/report.txt	1	0	0	0	0	0	0
/Volumes/GigiMurin/plip/sterol_lipids/BD8cte-M-M-CLR2/report.txt	2	0	0	0	0	0	0
/Volumes/GigiMurin/plip/sterol_lipids/BD8cte-P-P-CLR1/report.txt	6	0	0	0	0	0	0
/Volumes/GigiMurin/plip/sterol_lipids/BD8cte-P-P-CLR2/report.txt	0	0	0	0	0	0	0
/Volumes/GigiMurin/plip/sterol_lipids/BD8cu6-A-A-CLR1/report.txt	5	1	0	0	0	0	0
/Volumes/GigiMurin/plip/sterol_lipids/BD8cu6-A-A-CLR2/report.txt	6	1	0	0	0	0	0
/Volumes/GigiMurin/plip/sterol_lipids/BD8cu6-A-A-CLR3/report.txt	8	0	0	0	0	0	0
/Volumes/GigiMurin/plip/sterol_lipids/BD8cu7-A-A-CLR1/report.txt	3	1	0	0	0	0	0
/Volumes/GigiMurin/plip/sterol_lipids/BD8cu7-A-A-CLR2/report.txt	6	1	0	0	0	0	0
/Volumes/GigiMurin/plip/sterol_lipids/BD8cu7-A-A-CLR3/report.txt	7	0	0	0	0	0	0
/Volumes/GigiMurin/plip/sterol_lipids/BD8cub-A-A-CLR1/report.txt	4	0	0	0	0	0	0
/Volumes/GigiMurin/plip/sterol_lipids/BD8cub-C-C-CLR1/report.txt	7	0	0	0	0	0	0
/Volumes/GigiMurin/plip/sterol_lipids/BD8cxo-A-A-CLR1/report.txt	8	1	0	0	0	0	0
/Volumes/GigiMurin/plip/sterol_lipids/BD8d1e-A-A-DU01/report.txt	3	0	0	0	0	0	0
/Volumes/GigiMurin/plip/sterol_lipids/BD8d1f-A-A-DU01/report.txt	2	0	0	0	0	0	0
/Volumes/GigiMurin/plip/sterol_lipids/BD8d1g-A-A-DU01/report.txt	10	3	0	0	0	0	0
/Volumes/GigiMurin/plip/sterol_lipids/BD8d1h-A-A-DU01/report.txt	5	0	0	0	0	0	0
/Volumes/GigiMurin/plip/sterol_lipids/BD8d1n-A-A-DU01/report.txt	6	0	0	0	0	0	0
/Volumes/GigiMurin/plip/sterol_lipids/BD8dep-A-A-AJP1/report.txt	3	0	0	0	0	0	0
/Volumes/GigiMurin/plip/sterol_lipids/BD8dep-A-A-AJP2/report.txt	1	0	0	0	0	0	0
/Volumes/GigiMurin/plip/sterol_lipids/BD8dep-A-A-AJP3/report.txt	1	0	0	0	0	0	0
/Volumes/GigiMurin/plip/sterol_lipids/BD8div-A-A-CPS1/report.txt	4	2	0	0	0	0	0
/Volumes/GigiMurin/plip/sterol_lipids/BD8div-A-A-CPS2/report.txt	5	1	0	0	0	0	0
/Volumes/GigiMurin/plip/sterol_lipids/BD8diw-A-A-CPS1/report.txt	2	2	0	0	0	0	0
/Volumes/GigiMurin/plip/sterol_lipids/BD8diw-A-A-CPS2/report.txt	5	1	0	0	0	0	0
/Volumes/GigiMurin/plip/sterol_lipids/BD8diy-A-A-CPS1/report.txt	5	2	0	0	0	0	0
/Volumes/GigiMurin/plip/sterol_lipids/BD8diy-A-A-CPS2/report.txt	4	1	0	0	0	0	0
/Volumes/GigiMurin/plip/sterol_lipids/BD8dj0-A-A-CPS1/report.txt	4	3	0	0	0	0	0
/Volumes/GigiMurin/plip/sterol_lipids/BD8dj0-A-A-CPS2/report.txt	5	1	0	0	0	0	0
/Volumes/GigiMurin/plip/sterol_lipids/BD8dj1-A-A-CPS1/report.txt	4	2	0	0	0	0	0
/Volumes/GigiMurin/plip/sterol_lipids/BD8dj1-A-A-CPS2/report.txt	4	1	0	0	0	0	0
/Volumes/GigiMurin/plip/sterol_lipids/BD8djk-A-A-AJP1/report.txt	5	3	1	0	0	0	0
/Volumes/GigiMurin/plip/sterol_lipids/BD8djk-A-B-AJP1/report.txt	2	0	0	0	0	0	0
/Volumes/GigiMurin/plip/sterol_lipids/BD8djk-B-A-AJP1/report.txt	2	0	0	0	0	0	0
/Volumes/GigiMurin/plip/sterol_lipids/BD8djk-B-B-AJP1/report.txt	2	0	0	0	0	0	0
/Volumes/GigiMurin/plip/sterol_lipids/BD8djm-A-A-AJP1/report.txt	2	11	0	0	0	0	0
/Volumes/GigiMurin/plip/sterol_lipids/BD8djm-A-B-AJP1/report.txt	1	0	0	0	0	0	0
/Volumes/GigiMurin/plip/sterol_lipids/BD8djm-B-A-AJP1/report.txt	1	0	0	0	0	0	0
/Volumes/GigiMurin/plip/sterol_lipids/BD8djm-B-B-AJP1/report.txt	6	0	0	0	0	0	0
/Volumes/GigiMurin/plip/sterol_lipids/BD8dml-B-B-JN31/report.txt	8	4	0	0	0	0	0
/Volumes/GigiMurin/plip/sterol_lipids/BD8dml-F-F-JN31/report.txt	8	3	0	0	0	0	0
/Volumes/GigiMurin/plip/sterol_lipids/BD8dpf-A-A-CLR1/report.txt	7	0	0	0	0	0	0
/Volumes/GigiMurin/plip/sterol_lipids/BD8dpg-A-A-CLR1/report.txt	7	1	0	0	0	0	0
/Volumes/GigiMurin/plip/sterol_lipids/BD8dph-A-A-CLR1/report.txt	6	0	0	0	0	0	0
/Volumes/GigiMurin/plip/sterol_lipids/BD8dpi-A-A-CLR1/report.txt	9	0	0	0	0	0	0
/Volumes/GigiMurin/plip/sterol_lipids/BD8du3-A-A-CLR1/report.txt	4	1	0	0	0	0	0
/Volumes/GigiMurin/plip/sterol_lipids/BD8du3-A-A-CLR2/report.txt	6	0	0	0	0	0	0
/Volumes/GigiMurin/plip/sterol_lipids/BD8du3-A-A-CLR3/report.txt	4	2	0	0	0	0	0
/Volumes/GigiMurin/plip/sterol_lipids/BD8e0g-A-A-CLR1/report.txt	6	0	0	0	0	0	0
/Volumes/GigiMurin/plip/sterol_lipids/BD8ef5-M-M-CLR1/report.txt	4	0	0	0	0	0	0
/Volumes/GigiMurin/plip/sterol_lipids/BD8ef5-M-M-CLR2/report.txt	7	1	0	0	0	0	0
/Volumes/GigiMurin/plip/sterol_lipids/BD8ef5-M-M-CLR3/report.txt	4	0	0	0	0	0	0
/Volumes/GigiMurin/plip/sterol_lipids/BD8ef5-M-M-CLR4/report.txt	7	0	0	0	0	0	0
/Volumes/GigiMurin/plip/sterol_lipids/BD8ef5-M-M-CLR5/report.txt	4	0	0	0	0	0	0
/Volumes/GigiMurin/plip/sterol_lipids/BD8ef5-M-R-CLR3/report.txt	2	0	0	0	0	0	0
/Volumes/GigiMurin/plip/sterol_lipids/BD8ef5-M-R-CLR4/report.txt	1	0	0	0	0	0	0
/Volumes/GigiMurin/plip/sterol_lipids/BD8ef5-M-R-CLR5/report.txt	3	0	0	0	0	0	0
/Volumes/GigiMurin/plip/sterol_lipids/BD8ef5-R-M-CLR5/report.txt	2	0	0	0	0	0	0
/Volumes/GigiMurin/plip/sterol_lipids/BD8ef5-R-R-CLR2/report.txt	6	0	0	0	0	0	0
/Volumes/GigiMurin/plip/sterol_lipids/BD8ef5-R-R-CLR3/report.txt	8	0	0	0	0	0	0
/Volumes/GigiMurin/plip/sterol_lipids/BD8ef5-R-R-CLR5/report.txt	3	0	0	0	0	0	0
/Volumes/GigiMurin/plip/sterol_lipids/BD8ef6-M-M-CLR1/report.txt	4	0	0	0	0	0	0
/Volumes/GigiMurin/plip/sterol_lipids/BD8ef6-M-M-CLR2/report.txt	6	1	0	0	0	0	0
/Volumes/GigiMurin/plip/sterol_lipids/BD8ef6-M-M-CLR3/report.txt	2	0	0	0	0	0	0
/Volumes/GigiMurin/plip/sterol_lipids/BD8ef6-M-M-CLR4/report.txt	6	0	0	0	0	0	0
/Volumes/GigiMurin/plip/sterol_lipids/BD8ef6-M-M-CLR5/report.txt	5	0	0	0	0	0	0
/Volumes/GigiMurin/plip/sterol_lipids/BD8ef6-M-R-CLR3/report.txt	1	0	0	0	0	0	0
/Volumes/GigiMurin/plip/sterol_lipids/BD8ef6-M-R-CLR4/report.txt	5	0	0	0	0	0	0
/Volumes/GigiMurin/plip/sterol_lipids/BD8ef6-M-R-CLR5/report.txt	3	0	0	0	0	0	0
/Volumes/GigiMurin/plip/sterol_lipids/BD8ef6-R-M-CLR4/report.txt	1	0	0	0	0	0	0
/Volumes/GigiMurin/plip/sterol_lipids/BD8ef6-R-R-CLR1/report.txt	9	1	0	0	0	0	0
/Volumes/GigiMurin/plip/sterol_lipids/BD8ef6-R-R-CLR2/report.txt	6	0	0	0	0	0	0
/Volumes/GigiMurin/plip/sterol_lipids/BD8efl-M-M-CLR1/report.txt	3	0	0	0	0	0	0
/Volumes/GigiMurin/plip/sterol_lipids/BD8efl-M-M-CLR2/report.txt	3	0	0	0	0	0	0
/Volumes/GigiMurin/plip/sterol_lipids/BD8efl-M-M-CLR3/report.txt	8	0	0	0	0	0	0
/Volumes/GigiMurin/plip/sterol_lipids/BD8efl-M-M-CLR4/report.txt	7	0	0	0	0	0	0
/Volumes/GigiMurin/plip/sterol_lipids/BD8efl-M-M-CLR5/report.txt	6	0	0	0	0	0	0
/Volumes/GigiMurin/plip/sterol_lipids/BD8efl-M-R-CLR3/report.txt	1	0	0	0	0	0	0
/Volumes/GigiMurin/plip/sterol_lipids/BD8efl-M-R-CLR4/report.txt	3	0	0	0	0	0	0
/Volumes/GigiMurin/plip/sterol_lipids/BD8efl-M-R-CLR5/report.txt	2	0	0	0	0	0	0
/Volumes/GigiMurin/plip/sterol_lipids/BD8efl-R-M-CLR1/report.txt	4	0	0	0	0	0	0
/Volumes/GigiMurin/plip/sterol_lipids/BD8efl-R-M-CLR5/report.txt	4	0	0	0	0	0	0
/Volumes/GigiMurin/plip/sterol_lipids/BD8efl-R-R-CLR1/report.txt	8	0	0	0	0	0	0
/Volumes/GigiMurin/plip/sterol_lipids/BD8efl-R-R-CLR2/report.txt	5	0	0	0	0	0	0
/Volumes/GigiMurin/plip/sterol_lipids/BD8efl-R-R-CLR3/report.txt	7	0	0	0	0	0	0
/Volumes/GigiMurin/plip/sterol_lipids/BD8efl-R-R-CLR4/report.txt	4	0	0	0	0	0	0
/Volumes/GigiMurin/plip/sterol_lipids/BD8efl-R-R-CLR5/report.txt	3	0	0	0	0	0	0
/Volumes/GigiMurin/plip/sterol_lipids/BD8efo-M-M-CLR1/report.txt	5	0	0	0	0	0	0
/Volumes/GigiMurin/plip/sterol_lipids/BD8efo-M-M-CLR2/report.txt	7	1	0	0	0	0	0
/Volumes/GigiMurin/plip/sterol_lipids/BD8efo-M-M-CLR3/report.txt	5	0	0	0	0	0	0
/Volumes/GigiMurin/plip/sterol_lipids/BD8efo-M-M-CLR4/report.txt	9	0	0	0	0	0	0
/Volumes/GigiMurin/plip/sterol_lipids/BD8efo-M-R-CLR3/report.txt	1	0	0	0	0	0	0
/Volumes/GigiMurin/plip/sterol_lipids/BD8efo-M-R-CLR4/report.txt	5	0	0	0	0	0	0
/Volumes/GigiMurin/plip/sterol_lipids/BD8efo-M-R-CLR5/report.txt	3	0	0	0	0	0	0
/Volumes/GigiMurin/plip/sterol_lipids/BD8efo-M-R-CLR6/report.txt	4	0	0	0	0	0	0
/Volumes/GigiMurin/plip/sterol_lipids/BD8efo-R-M-CLR4/report.txt	2	0	0	0	0	0	0
/Volumes/GigiMurin/plip/sterol_lipids/BD8efo-R-R-CLR2/report.txt	4	0	0	0	0	0	0
/Volumes/GigiMurin/plip/sterol_lipids/BD8efo-R-R-CLR4/report.txt	4	1	0	0	0	0	0
/Volumes/GigiMurin/plip/sterol_lipids/BD8ehf-I-I-4QM1/report.txt	5	4	0	0	0	0	0
/Volumes/GigiMurin/plip/sterol_lipids/BD8eig-A-A-CLR1/report.txt	2	0	0	0	0	0	0
/Volumes/GigiMurin/plip/sterol_lipids/BD8eio-A-A-CLR1/report.txt	1	0	0	0	0	0	0
/Volumes/GigiMurin/plip/sterol_lipids/BD8eiq-A-A-CLR1/report.txt	2	0	0	0	0	0	0
/Volumes/GigiMurin/plip/sterol_lipids/BD8eis-A-A-DU01/report.txt	5	0	0	0	0	0	0
/Volumes/GigiMurin/plip/sterol_lipids/BD8eis-A-B-DU01/report.txt	4	0	0	0	0	0	0
/Volumes/GigiMurin/plip/sterol_lipids/BD8eis-B-C-DU01/report.txt	4	0	0	0	0	0	0
/Volumes/GigiMurin/plip/sterol_lipids/BD8eog-K-K-CLR1/report.txt	2	0	0	0	0	0	0
/Volumes/GigiMurin/plip/sterol_lipids/BD8eog-K-K-CLR2/report.txt	1	0	0	0	0	0	0
/Volumes/GigiMurin/plip/sterol_lipids/BD8eog-K-K-CLR3/report.txt	2	0	0	0	0	0	0
/Volumes/GigiMurin/plip/sterol_lipids/BD8epl-A-A-CLR1/report.txt	6	0	0	0	0	0	0
/Volumes/GigiMurin/plip/sterol_lipids/BD8epl-A-A-CLR2/report.txt	9	2	0	0	0	0	0
/Volumes/GigiMurin/plip/sterol_lipids/BD8epl-A-A-CLR3/report.txt	6	0	0	0	0	0	0
/Volumes/GigiMurin/plip/sterol_lipids/BD8epl-A-A-CLR4/report.txt	4	0	0	0	0	0	0
/Volumes/GigiMurin/plip/sterol_lipids/BD8epl-A-A-CLR5/report.txt	7	0	0	0	0	0	0
/Volumes/GigiMurin/plip/sterol_lipids/BD8esk-A-A-CLR1/report.txt	4	0	0	0	0	0	0
/Volumes/GigiMurin/plip/sterol_lipids/BD8esk-A-A-RBR1/report.txt	6	0	0	0	0	0	0
/Volumes/GigiMurin/plip/sterol_lipids/BD8esk-B-A-RBR1/report.txt	0	0	0	0	0	0	0
/Volumes/GigiMurin/plip/sterol_lipids/BD8esk-C-D-CLR1/report.txt	4	2	0	0	0	0	0
/Volumes/GigiMurin/plip/sterol_lipids/BD8esk-D-D-CLR1/report.txt	0	0	0	0	0	0	0
/Volumes/GigiMurin/plip/sterol_lipids/BD8esk-D-D-CLR2/report.txt	5	2	0	0	0	0	0
/Volumes/GigiMurin/plip/sterol_lipids/BD8esk-E-D-RBR1/report.txt	1	0	0	0	0	0	0
/Volumes/GigiMurin/plip/sterol_lipids/BD8f1d-A-A-CLR1/report.txt	4	0	0	0	0	0	0
/Volumes/GigiMurin/plip/sterol_lipids/BD8f1d-B-B-CLR1/report.txt	4	0	0	0	0	0	0
/Volumes/GigiMurin/plip/sterol_lipids/BD8f1d-C-C-CLR1/report.txt	4	0	0	0	0	0	0
/Volumes/GigiMurin/plip/sterol_lipids/BD8f1d-D-D-CLR1/report.txt	4	0	0	0	0	0	0
/Volumes/GigiMurin/plip/sterol_lipids/BD8f2s-A-A-CLR1/report.txt	4	1	0	0	0	0	0
/Volumes/GigiMurin/plip/sterol_lipids/BD8f2s-A-A-RBR1/report.txt	4	0	0	0	0	0	0
/Volumes/GigiMurin/plip/sterol_lipids/BD8f2s-A-B-RBR1/report.txt	0	0	0	0	0	0	0
/Volumes/GigiMurin/plip/sterol_lipids/BD8f2s-B-A-RBR1/report.txt	1	0	0	0	0	0	0
/Volumes/GigiMurin/plip/sterol_lipids/BD8f2s-B-B-RBR1/report.txt	3	1	0	0	0	0	0
/Volumes/GigiMurin/plip/sterol_lipids/BD8f2s-C-B-RBR1/report.txt	1	0	0	0	0	0	0
/Volumes/GigiMurin/plip/sterol_lipids/BD8f2s-C-D-CLR1/report.txt	4	2	0	0	0	0	0
/Volumes/GigiMurin/plip/sterol_lipids/BD8f2s-D-B-RBR1/report.txt	1	0	0	0	0	0	0
/Volumes/GigiMurin/plip/sterol_lipids/BD8f2s-D-D-CLR1/report.txt	0	0	0	0	0	0	0
/Volumes/GigiMurin/plip/sterol_lipids/BD8f2s-D-D-CLR2/report.txt	6	0	0	0	0	0	0
/Volumes/GigiMurin/plip/sterol_lipids/BD8f2s-E-B-RBR1/report.txt	0	0	0	0	0	0	0
/Volumes/GigiMurin/plip/sterol_lipids/BD8f2s-E-D-RBR1/report.txt	3	0	0	0	0	0	0
/Volumes/GigiMurin/plip/sterol_lipids/BD8f6y-A-A-CLR1/report.txt	5	0	0	0	0	0	0
/Volumes/GigiMurin/plip/sterol_lipids/BD8f6y-C-C-CLR1/report.txt	5	2	0	0	0	0	0
/Volumes/GigiMurin/plip/sterol_lipids/BD8f6y-D-C-CLR1/report.txt	0	0	0	0	0	0	0
/Volumes/GigiMurin/plip/sterol_lipids/BD8f6z-A-A-CLR1/report.txt	5	1	0	0	0	0	0
/Volumes/GigiMurin/plip/sterol_lipids/BD8f6z-C-C-CLR1/report.txt	7	2	0	0	0	0	0
/Volumes/GigiMurin/plip/sterol_lipids/BD8f6z-D-D-CLR1/report.txt	9	1	0	0	0	0	0
/Volumes/GigiMurin/plip/sterol_lipids/BD8f7q-M-M-CLR1/report.txt	6	0	0	0	0	0	0
/Volumes/GigiMurin/plip/sterol_lipids/BD8f7q-M-M-CLR2/report.txt	3	0	0	0	0	0	0
/Volumes/GigiMurin/plip/sterol_lipids/BD8f7q-M-M-CLR3/report.txt	6	0	0	0	0	0	0
/Volumes/GigiMurin/plip/sterol_lipids/BD8f7q-M-M-CLR4/report.txt	7	0	0	0	0	0	0
/Volumes/GigiMurin/plip/sterol_lipids/BD8f7q-M-M-CLR5/report.txt	6	0	0	0	0	0	0
/Volumes/GigiMurin/plip/sterol_lipids/BD8f7q-M-R-CLR4/report.txt	6	0	0	0	0	0	0
/Volumes/GigiMurin/plip/sterol_lipids/BD8f7q-M-R-CLR5/report.txt	2	0	0	0	0	0	0
/Volumes/GigiMurin/plip/sterol_lipids/BD8f7q-R-M-CLR1/report.txt	4	0	0	0	0	0	0
/Volumes/GigiMurin/plip/sterol_lipids/BD8f7q-R-M-CLR4/report.txt	1	0	0	0	0	0	0
/Volumes/GigiMurin/plip/sterol_lipids/BD8f7q-R-M-CLR5/report.txt	4	0	0	0	0	0	0
/Volumes/GigiMurin/plip/sterol_lipids/BD8f7q-R-R-CLR1/report.txt	5	0	0	0	0	0	0
/Volumes/GigiMurin/plip/sterol_lipids/BD8f7q-R-R-CLR2/report.txt	5	0	0	0	0	0	0
/Volumes/GigiMurin/plip/sterol_lipids/BD8f7q-R-R-CLR3/report.txt	9	0	0	0	0	0	0
/Volumes/GigiMurin/plip/sterol_lipids/BD8f7q-R-R-CLR5/report.txt	3	0	0	0	0	0	0
/Volumes/GigiMurin/plip/sterol_lipids/BD8f7r-M-M-CLR1/report.txt	5	1	0	0	0	0	0
/Volumes/GigiMurin/plip/sterol_lipids/BD8f7r-M-M-CLR2/report.txt	7	0	0	0	0	0	0
/Volumes/GigiMurin/plip/sterol_lipids/BD8f7r-M-M-CLR3/report.txt	3	0	0	0	0	0	0
/Volumes/GigiMurin/plip/sterol_lipids/BD8f7r-M-M-CLR4/report.txt	6	0	0	0	0	0	0
/Volumes/GigiMurin/plip/sterol_lipids/BD8f7r-M-M-CLR5/report.txt	5	0	0	0	0	0	0
/Volumes/GigiMurin/plip/sterol_lipids/BD8f7r-M-R-CLR3/report.txt	1	0	0	0	0	0	0
/Volumes/GigiMurin/plip/sterol_lipids/BD8f7r-M-R-CLR4/report.txt	6	0	0	0	0	0	0
/Volumes/GigiMurin/plip/sterol_lipids/BD8f7r-M-R-CLR5/report.txt	6	0	0	0	0	0	0
/Volumes/GigiMurin/plip/sterol_lipids/BD8f7r-R-M-CLR5/report.txt	7	0	0	0	0	0	0
/Volumes/GigiMurin/plip/sterol_lipids/BD8f7r-R-R-CLR2/report.txt	4	0	0	0	0	0	0
/Volumes/GigiMurin/plip/sterol_lipids/BD8f7r-R-R-CLR5/report.txt	5	0	0	0	0	0	0
/Volumes/GigiMurin/plip/sterol_lipids/BD8f7s-D-D-CLR1/report.txt	3	0	0	0	0	0	0
/Volumes/GigiMurin/plip/sterol_lipids/BD8f7s-D-D-CLR2/report.txt	1	2	0	0	0	0	0
/Volumes/GigiMurin/plip/sterol_lipids/BD8f7s-D-D-CLR3/report.txt	7	0	0	0	0	0	0
/Volumes/GigiMurin/plip/sterol_lipids/BD8f7s-R-R-CLR1/report.txt	4	1	0	0	0	0	0
/Volumes/GigiMurin/plip/sterol_lipids/BD8f7w-R-R-CLR1/report.txt	3	0	0	0	0	0	0
/Volumes/GigiMurin/plip/sterol_lipids/BD8f7w-R-R-CLR2/report.txt	5	0	0	0	0	0	0
/Volumes/GigiMurin/plip/sterol_lipids/BD8f7w-R-R-CLR3/report.txt	2	0	0	0	0	0	0
/Volumes/GigiMurin/plip/sterol_lipids/BD8fd7-K-K-CLR1/report.txt	6	0	0	0	0	0	0
/Volumes/GigiMurin/plip/sterol_lipids/BD8fd7-K-K-CLR2/report.txt	2	0	0	0	0	0	0
/Volumes/GigiMurin/plip/sterol_lipids/BD8ffn-A-A-ERG1/report.txt	10	2	0	0	0	0	0
/Volumes/GigiMurin/plip/sterol_lipids/BD8ffn-A-A-ERG2/report.txt	4	0	0	0	0	0	0
/Volumes/GigiMurin/plip/sterol_lipids/BD8ffn-A-D-ERG1/report.txt	5	0	0	0	0	0	0
/Volumes/GigiMurin/plip/sterol_lipids/BD8ffn-A-D-ERG2/report.txt	3	0	0	0	0	0	0
/Volumes/GigiMurin/plip/sterol_lipids/BD8ffn-B-A-ERG1/report.txt	5	0	0	0	0	0	0
/Volumes/GigiMurin/plip/sterol_lipids/BD8ffn-B-A-ERG2/report.txt	3	0	0	0	0	0	0
/Volumes/GigiMurin/plip/sterol_lipids/BD8ffn-B-B-ERG1/report.txt	10	2	0	0	0	0	0
/Volumes/GigiMurin/plip/sterol_lipids/BD8ffn-B-B-ERG2/report.txt	4	0	0	0	0	0	0
/Volumes/GigiMurin/plip/sterol_lipids/BD8ffn-C-B-ERG1/report.txt	5	0	0	0	0	0	0
/Volumes/GigiMurin/plip/sterol_lipids/BD8ffn-C-B-ERG2/report.txt	3	0	0	0	0	0	0
/Volumes/GigiMurin/plip/sterol_lipids/BD8ffn-C-C-ERG1/report.txt	10	2	0	0	0	0	0
/Volumes/GigiMurin/plip/sterol_lipids/BD8ffn-C-C-ERG2/report.txt	4	0	0	0	0	0	0
/Volumes/GigiMurin/plip/sterol_lipids/BD8ffn-D-C-ERG1/report.txt	5	0	0	0	0	0	0
/Volumes/GigiMurin/plip/sterol_lipids/BD8ffn-D-C-ERG2/report.txt	3	0	0	0	0	0	0
/Volumes/GigiMurin/plip/sterol_lipids/BD8ffn-D-D-ERG1/report.txt	10	2	0	0	0	0	0
/Volumes/GigiMurin/plip/sterol_lipids/BD8ffn-D-D-ERG2/report.txt	4	0	0	0	0	0	0
/Volumes/GigiMurin/plip/sterol_lipids/BD8ffo-A-A-ERG1/report.txt	9	1	0	0	0	0	0
/Volumes/GigiMurin/plip/sterol_lipids/BD8ffo-A-A-ERG2/report.txt	5	0	0	0	0	0	0
/Volumes/GigiMurin/plip/sterol_lipids/BD8ffo-A-B-ERG1/report.txt	2	0	0	0	0	0	0
/Volumes/GigiMurin/plip/sterol_lipids/BD8ffo-A-B-ERG2/report.txt	2	0	0	0	0	0	0
/Volumes/GigiMurin/plip/sterol_lipids/BD8ffo-B-B-ERG1/report.txt	9	1	0	0	0	0	0
/Volumes/GigiMurin/plip/sterol_lipids/BD8ffo-B-B-ERG2/report.txt	5	0	0	0	0	0	0
/Volumes/GigiMurin/plip/sterol_lipids/BD8ffo-B-C-ERG1/report.txt	2	0	0	0	0	0	0
/Volumes/GigiMurin/plip/sterol_lipids/BD8ffo-B-C-ERG2/report.txt	2	0	0	0	0	0	0
/Volumes/GigiMurin/plip/sterol_lipids/BD8ffo-C-C-ERG1/report.txt	9	1	0	0	0	0	0
/Volumes/GigiMurin/plip/sterol_lipids/BD8ffo-C-C-ERG2/report.txt	5	0	0	0	0	0	0
/Volumes/GigiMurin/plip/sterol_lipids/BD8ffo-C-D-ERG1/report.txt	2	0	0	0	0	0	0
/Volumes/GigiMurin/plip/sterol_lipids/BD8ffo-C-D-ERG2/report.txt	2	0	0	0	0	0	0
/Volumes/GigiMurin/plip/sterol_lipids/BD8ffo-D-A-ERG1/report.txt	2	0	0	0	0	0	0
/Volumes/GigiMurin/plip/sterol_lipids/BD8ffo-D-A-ERG2/report.txt	2	0	0	0	0	0	0
/Volumes/GigiMurin/plip/sterol_lipids/BD8ffo-D-D-ERG1/report.txt	9	1	0	0	0	0	0
/Volumes/GigiMurin/plip/sterol_lipids/BD8ffo-D-D-ERG2/report.txt	5	0	0	0	0	0	0
/Volumes/GigiMurin/plip/sterol_lipids/BD8ffq-A-A-ERG1/report.txt	8	2	0	0	0	0	0
/Volumes/GigiMurin/plip/sterol_lipids/BD8ffq-A-A-ERG2/report.txt	4	0	0	0	0	0	0
/Volumes/GigiMurin/plip/sterol_lipids/BD8ffq-A-D-ERG1/report.txt	4	0	0	0	0	0	0
/Volumes/GigiMurin/plip/sterol_lipids/BD8ffq-A-D-ERG2/report.txt	2	0	0	0	0	0	0
/Volumes/GigiMurin/plip/sterol_lipids/BD8ffq-B-A-ERG1/report.txt	4	0	0	0	0	0	0
/Volumes/GigiMurin/plip/sterol_lipids/BD8ffq-B-A-ERG2/report.txt	2	0	0	0	0	0	0
/Volumes/GigiMurin/plip/sterol_lipids/BD8ffq-B-B-ERG1/report.txt	8	2	0	0	0	0	0
/Volumes/GigiMurin/plip/sterol_lipids/BD8ffq-B-B-ERG2/report.txt	4	0	0	0	0	0	0
/Volumes/GigiMurin/plip/sterol_lipids/BD8ffq-C-B-ERG1/report.txt	4	0	0	0	0	0	0
/Volumes/GigiMurin/plip/sterol_lipids/BD8ffq-C-B-ERG2/report.txt	2	0	0	0	0	0	0
/Volumes/GigiMurin/plip/sterol_lipids/BD8ffq-C-C-ERG1/report.txt	8	2	0	0	0	0	0
/Volumes/GigiMurin/plip/sterol_lipids/BD8ffq-C-C-ERG2/report.txt	4	0	0	0	0	0	0
/Volumes/GigiMurin/plip/sterol_lipids/BD8ffq-D-C-ERG1/report.txt	4	0	0	0	0	0	0
/Volumes/GigiMurin/plip/sterol_lipids/BD8ffq-D-C-ERG2/report.txt	2	0	0	0	0	0	0
/Volumes/GigiMurin/plip/sterol_lipids/BD8ffq-D-D-ERG1/report.txt	8	2	0	0	0	0	0
/Volumes/GigiMurin/plip/sterol_lipids/BD8ffq-D-D-ERG2/report.txt	4	0	0	0	0	0	0
/Volumes/GigiMurin/plip/sterol_lipids/BD8ffv-C-C-DEX1/report.txt	4	4	0	0	0	0	0
/Volumes/GigiMurin/plip/sterol_lipids/BD8ffw-C-C-DEX1/report.txt	5	4	0	0	0	0	0
/Volumes/GigiMurin/plip/sterol_lipids/BD8fgy-A-A-DHT1/report.txt	4	3	0	0	0	0	0
/Volumes/GigiMurin/plip/sterol_lipids/BD8fgz-A-A-DHT1/report.txt	5	4	0	0	0	0	0
/Volumes/GigiMurin/plip/sterol_lipids/BD8fh0-A-A-DHT1/report.txt	6	3	0	0	0	0	0
/Volumes/GigiMurin/plip/sterol_lipids/BD8fh1-A-A-DHT1/report.txt	5	3	0	0	0	0	0
/Volumes/GigiMurin/plip/sterol_lipids/BD8fh2-A-A-DHT1/report.txt	6	4	0	0	0	0	0
/Volumes/GigiMurin/plip/sterol_lipids/BD8fhc-B-B-CHD1/report.txt	6	2	1	0	0	0	0
/Volumes/GigiMurin/plip/sterol_lipids/BD8fhd-A-A-CLR1/report.txt	3	0	0	0	0	0	0
/Volumes/GigiMurin/plip/sterol_lipids/BD8fhh-A-A-ERG1/report.txt	9	2	0	0	0	0	0
/Volumes/GigiMurin/plip/sterol_lipids/BD8fhh-A-A-ERG2/report.txt	5	0	0	0	0	0	0
/Volumes/GigiMurin/plip/sterol_lipids/BD8fhh-A-D-ERG1/report.txt	2	0	0	0	0	0	0
/Volumes/GigiMurin/plip/sterol_lipids/BD8fhh-A-D-ERG2/report.txt	2	0	0	0	0	0	0
/Volumes/GigiMurin/plip/sterol_lipids/BD8fhh-B-A-ERG1/report.txt	2	0	0	0	0	0	0
/Volumes/GigiMurin/plip/sterol_lipids/BD8fhh-B-A-ERG2/report.txt	2	0	0	0	0	0	0
/Volumes/GigiMurin/plip/sterol_lipids/BD8fhh-B-B-ERG1/report.txt	9	2	0	0	0	0	0
/Volumes/GigiMurin/plip/sterol_lipids/BD8fhh-B-B-ERG2/report.txt	5	0	0	0	0	0	0
/Volumes/GigiMurin/plip/sterol_lipids/BD8fhh-C-B-ERG1/report.txt	2	0	0	0	0	0	0
/Volumes/GigiMurin/plip/sterol_lipids/BD8fhh-C-B-ERG2/report.txt	2	0	0	0	0	0	0
/Volumes/GigiMurin/plip/sterol_lipids/BD8fhh-C-C-ERG1/report.txt	9	2	0	0	0	0	0
/Volumes/GigiMurin/plip/sterol_lipids/BD8fhh-C-C-ERG2/report.txt	5	0	0	0	0	0	0
/Volumes/GigiMurin/plip/sterol_lipids/BD8fhh-D-C-ERG1/report.txt	2	0	0	0	0	0	0
/Volumes/GigiMurin/plip/sterol_lipids/BD8fhh-D-C-ERG2/report.txt	2	0	0	0	0	0	0
/Volumes/GigiMurin/plip/sterol_lipids/BD8fhh-D-D-ERG1/report.txt	9	2	0	0	0	0	0
/Volumes/GigiMurin/plip/sterol_lipids/BD8fhh-D-D-ERG2/report.txt	5	0	0	0	0	0	0
/Volumes/GigiMurin/plip/sterol_lipids/BD8fhi-A-A-ERG1/report.txt	12	1	0	0	0	0	0
/Volumes/GigiMurin/plip/sterol_lipids/BD8fhi-A-A-ERG2/report.txt	2	0	0	0	0	0	0
/Volumes/GigiMurin/plip/sterol_lipids/BD8fhi-A-D-ERG1/report.txt	4	0	0	0	0	0	0
/Volumes/GigiMurin/plip/sterol_lipids/BD8fhi-A-D-ERG2/report.txt	3	0	0	0	0	0	0
/Volumes/GigiMurin/plip/sterol_lipids/BD8fhi-B-A-ERG1/report.txt	4	0	0	0	0	0	0
/Volumes/GigiMurin/plip/sterol_lipids/BD8fhi-B-A-ERG2/report.txt	3	0	0	0	0	0	0
/Volumes/GigiMurin/plip/sterol_lipids/BD8fhi-B-B-ERG1/report.txt	12	1	0	0	0	0	0
/Volumes/GigiMurin/plip/sterol_lipids/BD8fhi-B-B-ERG2/report.txt	2	0	0	0	0	0	0
/Volumes/GigiMurin/plip/sterol_lipids/BD8fhi-C-B-ERG1/report.txt	4	0	0	0	0	0	0
/Volumes/GigiMurin/plip/sterol_lipids/BD8fhi-C-B-ERG2/report.txt	3	0	0	0	0	0	0
/Volumes/GigiMurin/plip/sterol_lipids/BD8fhi-C-C-ERG1/report.txt	12	1	0	0	0	0	0
/Volumes/GigiMurin/plip/sterol_lipids/BD8fhi-C-C-ERG2/report.txt	2	0	0	0	0	0	0
/Volumes/GigiMurin/plip/sterol_lipids/BD8fhi-D-C-ERG1/report.txt	4	0	0	0	0	0	0
/Volumes/GigiMurin/plip/sterol_lipids/BD8fhi-D-C-ERG2/report.txt	3	0	0	0	0	0	0
/Volumes/GigiMurin/plip/sterol_lipids/BD8fhi-D-D-ERG1/report.txt	12	1	0	0	0	0	0
/Volumes/GigiMurin/plip/sterol_lipids/BD8fhi-D-D-ERG2/report.txt	2	0	0	0	0	0	0
/Volumes/GigiMurin/plip/sterol_lipids/BD8fhs-A-A-CLR1/report.txt	5	0	0	0	0	0	0
/Volumes/GigiMurin/plip/sterol_lipids/BD8fhs-A-A-CLR2/report.txt	5	0	0	0	0	0	0
/Volumes/GigiMurin/plip/sterol_lipids/BD8fhs-A-A-CLR3/report.txt	5	0	0	0	0	0	0
/Volumes/GigiMurin/plip/sterol_lipids/BD8fhs-A-A-CLR4/report.txt	9	0	0	0	0	0	0
/Volumes/GigiMurin/plip/sterol_lipids/BD8foi-A-E-Y4B1/report.txt	6	1	0	0	0	0	0
/Volumes/GigiMurin/plip/sterol_lipids/BD8foi-B-B-Y4B1/report.txt	3	0	0	0	0	0	0
/Volumes/GigiMurin/plip/sterol_lipids/BD8fw0-A-A-EST1/report.txt	10	0	0	0	0	0	0
/Volumes/GigiMurin/plip/sterol_lipids/BD8fw0-B-B-EST1/report.txt	8	1	0	1	0	0	0
/Volumes/GigiMurin/plip/sterol_lipids/BD8fw0-C-C-EST1/report.txt	12	1	0	1	0	0	0
/Volumes/GigiMurin/plip/sterol_lipids/BD8fw0-D-D-EST1/report.txt	11	0	0	1	0	0	0
/Volumes/GigiMurin/plip/sterol_lipids/BD8fw3-A-A-TES1/report.txt	10	2	0	0	0	0	0
/Volumes/GigiMurin/plip/sterol_lipids/BD8fw3-B-B-TES1/report.txt	12	0	0	0	0	0	0
/Volumes/GigiMurin/plip/sterol_lipids/BD8fw3-C-C-TES1/report.txt	11	1	0	0	0	0	0
/Volumes/GigiMurin/plip/sterol_lipids/BD8fw3-D-D-TES1/report.txt	14	1	0	0	0	0	0
/Volumes/GigiMurin/plip/sterol_lipids/BD8fw8-B-B-STR1/report.txt	10	0	0	0	0	0	0
/Volumes/GigiMurin/plip/sterol_lipids/BD8fw8-C-C-STR1/report.txt	10	0	0	0	0	0	0
/Volumes/GigiMurin/plip/sterol_lipids/BD8fw8-D-D-STR1/report.txt	12	1	0	0	0	0	0
/Volumes/GigiMurin/plip/sterol_lipids/BD8fyn-A-A-CLR1/report.txt	9	2	0	0	0	0	0
/Volumes/GigiMurin/plip/sterol_lipids/BD8fyn-A-A-CLR2/report.txt	4	1	0	0	0	0	0
/Volumes/GigiMurin/plip/sterol_lipids/BD8fyn-A-A-CLR3/report.txt	9	0	0	0	0	0	0
/Volumes/GigiMurin/plip/sterol_lipids/BD8g05-R-R-CLR1/report.txt	9	0	0	0	0	0	0
/Volumes/GigiMurin/plip/sterol_lipids/BD8g4n-A-A-Y4B1/report.txt	7	1	0	0	0	0	0
/Volumes/GigiMurin/plip/sterol_lipids/BD8g4n-B-C-Y4B1/report.txt	3	0	0	0	0	0	0
/Volumes/GigiMurin/plip/sterol_lipids/BD8g4n-E-A-Y4B1/report.txt	3	0	0	0	0	0	0
/Volumes/GigiMurin/plip/sterol_lipids/BD8g4x-A-E-Y4B1/report.txt	1	1	0	0	0	0	0
/Volumes/GigiMurin/plip/sterol_lipids/BD8g4x-B-C-Y4B1/report.txt	3	0	0	0	0	0	0
/Volumes/GigiMurin/plip/sterol_lipids/BD8g4x-C-C-Y4B1/report.txt	2	1	0	0	0	0	0
/Volumes/GigiMurin/plip/sterol_lipids/BD8g5f-A-A-Y4B1/report.txt	1	1	0	0	0	0	0
/Volumes/GigiMurin/plip/sterol_lipids/BD8g5f-B-B-Y4B1/report.txt	3	0	0	0	0	0	0
/Volumes/GigiMurin/plip/sterol_lipids/BD8g5f-C-B-Y4B1/report.txt	3	1	0	0	0	0	0
/Volumes/GigiMurin/plip/sterol_lipids/BD8g5f-E-A-Y4B1/report.txt	3	0	0	0	0	0	0
/Volumes/GigiMurin/plip/sterol_lipids/BD8g5g-A-A-Y4B1/report.txt	3	1	0	0	0	0	0
/Volumes/GigiMurin/plip/sterol_lipids/BD8g5g-E-A-Y4B1/report.txt	4	0	0	0	0	0	0
/Volumes/GigiMurin/plip/sterol_lipids/BD8g5h-A-A-Y4B1/report.txt	5	1	0	0	0	0	0
/Volumes/GigiMurin/plip/sterol_lipids/BD8g5h-E-A-Y4B1/report.txt	2	0	0	0	0	0	0
/Volumes/GigiMurin/plip/sterol_lipids/BD8gbt-A-B-CHD1/report.txt	4	0	0	0	0	0	0
/Volumes/GigiMurin/plip/sterol_lipids/BD8gbt-A-C-CHD1/report.txt	3	1	1	0	0	0	0
/Volumes/GigiMurin/plip/sterol_lipids/BD8gbt-A-J-CHD1/report.txt	1	0	0	0	0	0	0
/Volumes/GigiMurin/plip/sterol_lipids/BD8gbt-B-B-CHD1/report.txt	0	2	0	0	0	0	0
/Volumes/GigiMurin/plip/sterol_lipids/BD8gbt-C-C-CHD1/report.txt	0	1	1	0	0	0	0
/Volumes/GigiMurin/plip/sterol_lipids/BD8gbt-C-C-CHD2/report.txt	4	0	1	0	0	0	0
/Volumes/GigiMurin/plip/sterol_lipids/BD8gbt-G-G-CHD1/report.txt	1	0	1	0	0	0	0
/Volumes/GigiMurin/plip/sterol_lipids/BD8gbt-J-C-CHD2/report.txt	1	1	0	0	0	0	0
/Volumes/GigiMurin/plip/sterol_lipids/BD8gbt-J-J-CHD1/report.txt	3	0	0	0	0	0	0
/Volumes/GigiMurin/plip/sterol_lipids/BD8gbt-N-G-CHD1/report.txt	4	0	0	0	0	0	0
/Volumes/GigiMurin/plip/sterol_lipids/BD8gbt-N-N-CHD1/report.txt	0	0	0	0	0	0	0
/Volumes/GigiMurin/plip/sterol_lipids/BD8gbt-N-P-CHD1/report.txt	3	1	1	0	0	0	0
/Volumes/GigiMurin/plip/sterol_lipids/BD8gbt-P-P-CHD1/report.txt	0	0	1	0	0	0	0
/Volumes/GigiMurin/plip/sterol_lipids/BD8gbt-P-P-CHD2/report.txt	3	0	1	0	0	0	0
/Volumes/GigiMurin/plip/sterol_lipids/BD8gbt-T-B-CHD1/report.txt	0	0	2	0	0	0	0
/Volumes/GigiMurin/plip/sterol_lipids/BD8gcq-A-C-CHD1/report.txt	4	1	1	0	0	0	0
/Volumes/GigiMurin/plip/sterol_lipids/BD8gcq-A-T-CHD1/report.txt	2	0	0	0	0	0	0
/Volumes/GigiMurin/plip/sterol_lipids/BD8gcq-B-T-CHD1/report.txt	0	1	0	0	0	0	0
/Volumes/GigiMurin/plip/sterol_lipids/BD8gcq-C-C-CHD1/report.txt	0	0	1	0	0	0	0
/Volumes/GigiMurin/plip/sterol_lipids/BD8gcq-C-C-CHD2/report.txt	4	1	1	0	0	0	0
/Volumes/GigiMurin/plip/sterol_lipids/BD8gcq-G-O-CHD1/report.txt	1	0	2	0	0	0	0
/Volumes/GigiMurin/plip/sterol_lipids/BD8gcq-J-C-CHD2/report.txt	1	1	0	0	0	0	0
/Volumes/GigiMurin/plip/sterol_lipids/BD8gcq-J-J-CHD1/report.txt	2	3	0	0	0	0	0
/Volumes/GigiMurin/plip/sterol_lipids/BD8gcq-N-O-CHD1/report.txt	3	0	0	0	0	0	0
/Volumes/GigiMurin/plip/sterol_lipids/BD8gcq-N-P-CHD1/report.txt	2	1	1	0	0	0	0
/Volumes/GigiMurin/plip/sterol_lipids/BD8gcq-O-O-CHD1/report.txt	0	4	0	0	0	0	0
/Volumes/GigiMurin/plip/sterol_lipids/BD8gcq-P-C-CHD1/report.txt	1	0	0	0	0	0	0
/Volumes/GigiMurin/plip/sterol_lipids/BD8gcq-P-P-CHD1/report.txt	0	1	1	0	0	0	0
/Volumes/GigiMurin/plip/sterol_lipids/BD8gcq-P-P-CHD2/report.txt	3	0	1	0	0	0	0
/Volumes/GigiMurin/plip/sterol_lipids/BD8gcq-T-T-CHD1/report.txt	0	0	2	0	0	0	0
/Volumes/GigiMurin/plip/sterol_lipids/BD8gcq-T-T-CHD2/report.txt	2	3	0	0	0	0	0
/Volumes/GigiMurin/plip/sterol_lipids/BD8gcq-W-P-CHD2/report.txt	0	1	0	0	0	0	0
/Volumes/GigiMurin/plip/sterol_lipids/BD8gcq-W-W-CHD1/report.txt	2	1	0	0	0	0	0
/Volumes/GigiMurin/plip/sterol_lipids/BD8gcq-Y-Y-CHD1/report.txt	1	0	0	0	0	0	0
/Volumes/GigiMurin/plip/sterol_lipids/BD8gdi-A-A-0GV1/report.txt	11	3	0	0	0	0	0
/Volumes/GigiMurin/plip/sterol_lipids/BD8gfa-A-A-DU01/report.txt	2	0	0	0	0	0	0
/Volumes/GigiMurin/plip/sterol_lipids/BD8ghf-A-A-CLR1/report.txt	13	4	0	0	0	0	0
/Volumes/GigiMurin/plip/sterol_lipids/BD8ghf-A-A-CLR2/report.txt	11	4	0	0	0	0	0
/Volumes/GigiMurin/plip/sterol_lipids/BD8ghf-A-A-CLR3/report.txt	10	4	0	0	0	0	0
/Volumes/GigiMurin/plip/sterol_lipids/BD8ghf-A-A-CLR4/report.txt	11	4	0	0	0	0	0
/Volumes/GigiMurin/plip/sterol_lipids/BD8ghf-A-A-CLR5/report.txt	9	4	0	0	0	0	0
/Volumes/GigiMurin/plip/sterol_lipids/BD8ghf-B-B-CLR1/report.txt	12	4	0	0	0	0	0
/Volumes/GigiMurin/plip/sterol_lipids/BD8gi8-A-A-CLR1/report.txt	9	2	0	0	0	0	0
/Volumes/GigiMurin/plip/sterol_lipids/BD8gi8-A-A-CLR2/report.txt	4	0	0	0	0	0	0
/Volumes/GigiMurin/plip/sterol_lipids/BD8gi8-A-A-CLR3/report.txt	5	1	0	0	0	0	0
/Volumes/GigiMurin/plip/sterol_lipids/BD8gi9-A-A-CLR1/report.txt	8	1	0	0	0	0	0
/Volumes/GigiMurin/plip/sterol_lipids/BD8gi9-A-A-CLR2/report.txt	4	0	0	0	0	0	0
/Volumes/GigiMurin/plip/sterol_lipids/BD8gi9-A-A-CLR3/report.txt	9	0	0	0	0	0	0
/Volumes/GigiMurin/plip/sterol_lipids/BD8gi9-A-A-CLR4/report.txt	7	0	0	0	0	0	0
/Volumes/GigiMurin/plip/sterol_lipids/BD8gi9-A-A-CLR5/report.txt	4	1	0	0	0	0	0
/Volumes/GigiMurin/plip/sterol_lipids/BD8gi9-A-A-CLR6/report.txt	5	0	0	0	0	0	0
/Volumes/GigiMurin/plip/sterol_lipids/BD8gi9-A-A-CLR7/report.txt	6	0	0	0	0	0	0
/Volumes/GigiMurin/plip/sterol_lipids/BD8gk3-A-A-ZQK1/report.txt	0	0	0	0	0	0	0
/Volumes/GigiMurin/plip/sterol_lipids/BD8gk3-A-A-ZWY1/report.txt	4	2	0	0	0	0	0
/Volumes/GigiMurin/plip/sterol_lipids/BD8gk3-A-A-ZWY2/report.txt	1	0	1	0	0	0	0
/Volumes/GigiMurin/plip/sterol_lipids/BD8gk3-A-B-ZQK1/report.txt	0	0	0	0	0	0	0
/Volumes/GigiMurin/plip/sterol_lipids/BD8gk3-A-J-ZQK3/report.txt	0	0	0	0	0	0	0
/Volumes/GigiMurin/plip/sterol_lipids/BD8gk3-B-A-ZWY1/report.txt	2	0	0	0	0	0	0
/Volumes/GigiMurin/plip/sterol_lipids/BD8gk3-B-B-ZWY1/report.txt	0	0	1	0	0	0	0
/Volumes/GigiMurin/plip/sterol_lipids/BD8gk3-B-B-ZWY2/report.txt	1	1	0	0	0	0	0
/Volumes/GigiMurin/plip/sterol_lipids/BD8gk3-C-C-ZQK1/report.txt	0	0	0	0	0	0	0
/Volumes/GigiMurin/plip/sterol_lipids/BD8gk3-C-C-ZQK2/report.txt	0	0	0	0	0	0	0
/Volumes/GigiMurin/plip/sterol_lipids/BD8gk3-C-C-ZQK3/report.txt	0	0	0	0	0	0	0
/Volumes/GigiMurin/plip/sterol_lipids/BD8gk3-C-C-ZWY1/report.txt	9	2	2	0	0	0	0
/Volumes/GigiMurin/plip/sterol_lipids/BD8gk3-C-C-ZWY2/report.txt	2	0	0	0	0	0	0
/Volumes/GigiMurin/plip/sterol_lipids/BD8gk3-C-C-ZWY3/report.txt	5	0	0	0	0	0	0
/Volumes/GigiMurin/plip/sterol_lipids/BD8gk3-C-C-ZWY4/report.txt	1	2	0	0	0	0	0
/Volumes/GigiMurin/plip/sterol_lipids/BD8gk3-C-K-ZQK1/report.txt	0	0	0	0	0	0	0
/Volumes/GigiMurin/plip/sterol_lipids/BD8gk3-D-D-ZQK2/report.txt	0	0	0	0	0	0	0
/Volumes/GigiMurin/plip/sterol_lipids/BD8gk3-D-D-ZWY1/report.txt	9	1	2	0	0	0	0
/Volumes/GigiMurin/plip/sterol_lipids/BD8gk3-D-D-ZWY2/report.txt	2	0	0	0	0	0	0
/Volumes/GigiMurin/plip/sterol_lipids/BD8gk3-D-D-ZWY3/report.txt	5	0	0	0	0	0	0
/Volumes/GigiMurin/plip/sterol_lipids/BD8gk3-D-D-ZWY4/report.txt	1	1	0	0	0	0	0
/Volumes/GigiMurin/plip/sterol_lipids/BD8gk3-D-D-ZWY5/report.txt	2	0	0	0	0	0	0
/Volumes/GigiMurin/plip/sterol_lipids/BD8gk3-D-H-ZQK4/report.txt	0	0	0	0	0	0	0
/Volumes/GigiMurin/plip/sterol_lipids/BD8gk3-E-E-ZQK2/report.txt	0	0	0	0	0	0	0
/Volumes/GigiMurin/plip/sterol_lipids/BD8gk3-E-E-ZQK3/report.txt	0	0	0	0	0	0	0
/Volumes/GigiMurin/plip/sterol_lipids/BD8gk3-E-E-ZQK4/report.txt	0	0	0	0	0	0	0
/Volumes/GigiMurin/plip/sterol_lipids/BD8gk3-E-E-ZWY1/report.txt	8	0	2	0	0	0	0
/Volumes/GigiMurin/plip/sterol_lipids/BD8gk3-E-E-ZWY2/report.txt	4	0	0	0	0	0	0
/Volumes/GigiMurin/plip/sterol_lipids/BD8gk3-E-E-ZWY3/report.txt	5	0	0	0	0	0	0
/Volumes/GigiMurin/plip/sterol_lipids/BD8gk3-E-E-ZWY4/report.txt	1	3	0	0	0	0	0
/Volumes/GigiMurin/plip/sterol_lipids/BD8gk3-H-D-ZQK2/report.txt	0	0	0	0	0	0	0
/Volumes/GigiMurin/plip/sterol_lipids/BD8gk3-H-D-ZWY3/report.txt	2	0	0	0	0	0	0
/Volumes/GigiMurin/plip/sterol_lipids/BD8gk3-H-D-ZWY5/report.txt	4	0	0	0	0	0	0
/Volumes/GigiMurin/plip/sterol_lipids/BD8gk3-H-H-ZWY1/report.txt	6	1	2	0	0	0	0
/Volumes/GigiMurin/plip/sterol_lipids/BD8gk3-H-H-ZWY2/report.txt	2	0	0	0	0	0	0
/Volumes/GigiMurin/plip/sterol_lipids/BD8gk3-H-H-ZWY3/report.txt	1	4	0	0	0	0	0
/Volumes/GigiMurin/plip/sterol_lipids/BD8gk3-I-A-ZWY1/report.txt	3	0	0	0	0	0	0
/Volumes/GigiMurin/plip/sterol_lipids/BD8gk3-I-B-ZQK1/report.txt	0	0	0	0	0	0	0
/Volumes/GigiMurin/plip/sterol_lipids/BD8gk3-I-B-ZWY1/report.txt	2	0	0	0	0	0	0
/Volumes/GigiMurin/plip/sterol_lipids/BD8gk3-I-B-ZWY2/report.txt	6	2	0	0	0	0	0
/Volumes/GigiMurin/plip/sterol_lipids/BD8gk3-I-I-ZQK2/report.txt	0	0	0	0	0	0	0
/Volumes/GigiMurin/plip/sterol_lipids/BD8gk3-I-I-ZWY1/report.txt	8	2	2	0	0	0	0
/Volumes/GigiMurin/plip/sterol_lipids/BD8gk3-I-I-ZWY2/report.txt	1	3	0	0	0	0	0
/Volumes/GigiMurin/plip/sterol_lipids/BD8gk3-J-A-ZWY1/report.txt	1	0	0	0	0	0	0
/Volumes/GigiMurin/plip/sterol_lipids/BD8gk3-J-A-ZWY2/report.txt	3	0	0	0	0	0	0
/Volumes/GigiMurin/plip/sterol_lipids/BD8gk3-J-B-ZWY2/report.txt	4	1	0	0	0	0	0
/Volumes/GigiMurin/plip/sterol_lipids/BD8gk3-J-J-ZQK1/report.txt	0	0	0	0	0	0	0
/Volumes/GigiMurin/plip/sterol_lipids/BD8gk3-J-J-ZWY1/report.txt	8	1	2	0	0	0	0
/Volumes/GigiMurin/plip/sterol_lipids/BD8gk3-J-J-ZWY2/report.txt	0	4	0	0	0	0	0
/Volumes/GigiMurin/plip/sterol_lipids/BD8gk3-K-C-ZWY2/report.txt	1	0	1	0	0	0	0
/Volumes/GigiMurin/plip/sterol_lipids/BD8gk3-K-C-ZWY3/report.txt	2	0	0	0	0	0	0
/Volumes/GigiMurin/plip/sterol_lipids/BD8gk3-L-E-ZQK3/report.txt	0	0	0	0	0	0	0
/Volumes/GigiMurin/plip/sterol_lipids/BD8gk3-L-E-ZWY2/report.txt	1	0	0	0	0	0	0
/Volumes/GigiMurin/plip/sterol_lipids/BD8gk3-L-E-ZWY3/report.txt	1	0	0	0	0	0	0
/Volumes/GigiMurin/plip/sterol_lipids/BD8gl7-A-A-STR1/report.txt	7	3	0	0	0	0	0
/Volumes/GigiMurin/plip/sterol_lipids/BD8gn7-A-A-CLR1/report.txt	2	0	0	0	0	0	0
/Volumes/GigiMurin/plip/sterol_lipids/BD8gne-A-A-CLR1/report.txt	7	0	0	0	0	0	0
/Volumes/GigiMurin/plip/sterol_lipids/BD8gne-A-A-CLR2/report.txt	6	1	0	0	0	0	0
/Volumes/GigiMurin/plip/sterol_lipids/BD8gne-A-A-CLR3/report.txt	8	0	0	0	0	0	0
/Volumes/GigiMurin/plip/sterol_lipids/BD8gnk-A-A-CLR1/report.txt	2	0	0	0	0	0	0
/Volumes/GigiMurin/plip/sterol_lipids/BD8gnk-A-A-CLR2/report.txt	3	0	0	0	0	0	0
/Volumes/GigiMurin/plip/sterol_lipids/BD8gnk-A-A-CLR3/report.txt	4	0	0	0	0	0	0
/Volumes/GigiMurin/plip/sterol_lipids/BD8gnk-A-A-CLR4/report.txt	8	0	0	0	0	0	0
/Volumes/GigiMurin/plip/sterol_lipids/BD8gnk-A-A-CLR5/report.txt	3	0	0	0	0	0	0
/Volumes/GigiMurin/plip/sterol_lipids/BD8gnk-A-A-CLR6/report.txt	2	0	0	0	0	0	0
/Volumes/GigiMurin/plip/sterol_lipids/BD8gvm-A-B-CHD1/report.txt	4	0	0	0	0	0	0
/Volumes/GigiMurin/plip/sterol_lipids/BD8gvm-A-C-CHD1/report.txt	2	1	1	0	0	0	0
/Volumes/GigiMurin/plip/sterol_lipids/BD8gvm-B-B-CHD1/report.txt	1	2	0	0	0	0	0
/Volumes/GigiMurin/plip/sterol_lipids/BD8gvm-C-C-CHD1/report.txt	1	1	1	0	0	0	0
/Volumes/GigiMurin/plip/sterol_lipids/BD8gvm-C-C-CHD2/report.txt	5	0	1	0	0	0	0
/Volumes/GigiMurin/plip/sterol_lipids/BD8gvm-C-P-CHD1/report.txt	1	0	0	0	0	0	0
/Volumes/GigiMurin/plip/sterol_lipids/BD8gvm-G-G-CHD1/report.txt	3	0	2	0	0	0	0
/Volumes/GigiMurin/plip/sterol_lipids/BD8gvm-J-C-CHD2/report.txt	0	1	0	0	0	0	0
/Volumes/GigiMurin/plip/sterol_lipids/BD8gvm-J-J-CHD1/report.txt	1	0	0	0	0	0	0
/Volumes/GigiMurin/plip/sterol_lipids/BD8gvm-N-G-CHD1/report.txt	4	0	0	0	0	0	0
/Volumes/GigiMurin/plip/sterol_lipids/BD8gvm-N-P-CHD1/report.txt	1	1	1	0	0	0	0
/Volumes/GigiMurin/plip/sterol_lipids/BD8gvm-O-G-CHD1/report.txt	1	2	0	0	0	0	0
/Volumes/GigiMurin/plip/sterol_lipids/BD8gvm-P-C-CHD1/report.txt	1	0	0	0	0	0	0
/Volumes/GigiMurin/plip/sterol_lipids/BD8gvm-P-P-CHD1/report.txt	1	1	1	0	0	0	0
/Volumes/GigiMurin/plip/sterol_lipids/BD8gvm-P-P-CHD2/report.txt	5	0	1	0	0	0	0
/Volumes/GigiMurin/plip/sterol_lipids/BD8gvm-T-B-CHD1/report.txt	3	0	2	0	0	0	0
/Volumes/GigiMurin/plip/sterol_lipids/BD8gvm-W-P-CHD2/report.txt	0	1	0	0	0	0	0
/Volumes/GigiMurin/plip/sterol_lipids/BD8gvm-W-W-CHD1/report.txt	3	3	0	0	0	0	0
/Volumes/GigiMurin/plip/sterol_lipids/BD8gyo-A-A-AJP1/report.txt	2	1	0	0	0	0	0
/Volumes/GigiMurin/plip/sterol_lipids/BD8gyo-D-D-AJP1/report.txt	2	1	0	0	0	0	0
/Volumes/GigiMurin/plip/sterol_lipids/BD8gyo-E-D-AJP1/report.txt	2	0	0	0	0	0	0
/Volumes/GigiMurin/plip/sterol_lipids/BD8gyo-F-F-AJP1/report.txt	4	1	0	0	0	0	0
/Volumes/GigiMurin/plip/sterol_lipids/BD8h0q-R-R-CLR1/report.txt	6	0	0	0	0	0	0
/Volumes/GigiMurin/plip/sterol_lipids/BD8h0q-R-R-CLR2/report.txt	8	0	0	0	0	0	0
/Volumes/GigiMurin/plip/sterol_lipids/BD8h0q-R-R-CLR3/report.txt	6	0	0	0	0	0	0
/Volumes/GigiMurin/plip/sterol_lipids/BD8h8j-C-C-CLR1/report.txt	5	1	0	0	0	0	0
/Volumes/GigiMurin/plip/sterol_lipids/BD8h8j-C-C-CLR2/report.txt	3	0	0	0	0	0	0
/Volumes/GigiMurin/plip/sterol_lipids/BD8h8j-C-C-CLR3/report.txt	4	0	0	0	0	0	0
/Volumes/GigiMurin/plip/sterol_lipids/BD8h8r-A-B-CHD1/report.txt	4	0	0	0	0	0	0
/Volumes/GigiMurin/plip/sterol_lipids/BD8h8r-A-C-CHD1/report.txt	2	1	1	0	0	0	0
/Volumes/GigiMurin/plip/sterol_lipids/BD8h8r-B-B-CHD1/report.txt	1	3	0	0	0	0	0
/Volumes/GigiMurin/plip/sterol_lipids/BD8h8r-C-C-CHD1/report.txt	0	0	1	0	0	0	0
/Volumes/GigiMurin/plip/sterol_lipids/BD8h8r-C-C-CHD2/report.txt	5	0	1	0	0	0	0
/Volumes/GigiMurin/plip/sterol_lipids/BD8h8r-C-P-CHD1/report.txt	1	0	0	0	0	0	0
/Volumes/GigiMurin/plip/sterol_lipids/BD8h8r-G-O-CHD1/report.txt	0	0	2	0	0	0	0
/Volumes/GigiMurin/plip/sterol_lipids/BD8h8r-N-O-CHD1/report.txt	4	0	0	0	0	0	0
/Volumes/GigiMurin/plip/sterol_lipids/BD8h8r-N-P-CHD1/report.txt	2	1	1	0	0	0	0
/Volumes/GigiMurin/plip/sterol_lipids/BD8h8r-O-O-CHD1/report.txt	1	2	0	0	0	0	0
/Volumes/GigiMurin/plip/sterol_lipids/BD8h8r-P-C-CHD1/report.txt	1	0	0	0	0	0	0
/Volumes/GigiMurin/plip/sterol_lipids/BD8h8r-P-P-CHD1/report.txt	0	0	1	0	0	0	0
/Volumes/GigiMurin/plip/sterol_lipids/BD8h8r-P-P-CHD2/report.txt	5	0	1	0	0	0	0
/Volumes/GigiMurin/plip/sterol_lipids/BD8h8r-T-B-CHD1/report.txt	0	0	2	0	0	0	0
/Volumes/GigiMurin/plip/sterol_lipids/BD8h8s-A-B-CHD1/report.txt	4	0	0	0	0	0	0
/Volumes/GigiMurin/plip/sterol_lipids/BD8h8s-A-C-CHD1/report.txt	2	1	1	0	0	0	0
/Volumes/GigiMurin/plip/sterol_lipids/BD8h8s-B-B-CHD1/report.txt	1	3	0	0	0	0	0
/Volumes/GigiMurin/plip/sterol_lipids/BD8h8s-C-C-CHD1/report.txt	0	0	1	0	0	0	0
/Volumes/GigiMurin/plip/sterol_lipids/BD8h8s-C-C-CHD2/report.txt	6	0	1	0	0	0	0
/Volumes/GigiMurin/plip/sterol_lipids/BD8h8s-C-P-CHD1/report.txt	1	0	0	0	0	0	0
/Volumes/GigiMurin/plip/sterol_lipids/BD8h8s-G-O-CHD1/report.txt	1	0	2	0	0	0	0
/Volumes/GigiMurin/plip/sterol_lipids/BD8h8s-N-O-CHD1/report.txt	4	0	0	0	0	0	0
/Volumes/GigiMurin/plip/sterol_lipids/BD8h8s-N-P-CHD1/report.txt	2	1	1	0	0	0	0
/Volumes/GigiMurin/plip/sterol_lipids/BD8h8s-O-O-CHD1/report.txt	1	2	0	0	0	0	0
/Volumes/GigiMurin/plip/sterol_lipids/BD8h8s-P-C-CHD1/report.txt	1	0	0	0	0	0	0
/Volumes/GigiMurin/plip/sterol_lipids/BD8h8s-P-P-CHD1/report.txt	0	0	1	0	0	0	0
/Volumes/GigiMurin/plip/sterol_lipids/BD8h8s-P-P-CHD2/report.txt	6	0	1	0	0	0	0
/Volumes/GigiMurin/plip/sterol_lipids/BD8h8s-T-B-CHD1/report.txt	1	0	2	0	0	0	0
/Volumes/GigiMurin/plip/sterol_lipids/BD8h8s-W-P-CHD2/report.txt	0	1	0	0	0	0	0
/Volumes/GigiMurin/plip/sterol_lipids/BD8ha0-R-R-CLR1/report.txt	4	0	0	0	0	0	0
/Volumes/GigiMurin/plip/sterol_lipids/BD8ha0-R-R-CLR2/report.txt	7	0	0	0	0	0	0
/Volumes/GigiMurin/plip/sterol_lipids/BD8ha0-R-R-CLR3/report.txt	6	0	0	0	0	0	0
/Volumes/GigiMurin/plip/sterol_lipids/BD8ha0-R-R-CLR4/report.txt	3	0	0	0	0	0	0
/Volumes/GigiMurin/plip/sterol_lipids/BD8haf-R-R-CLR1/report.txt	7	0	0	0	0	0	0
/Volumes/GigiMurin/plip/sterol_lipids/BD8haf-R-R-CLR2/report.txt	4	0	0	0	0	0	0
/Volumes/GigiMurin/plip/sterol_lipids/BD8haf-R-R-CLR3/report.txt	5	0	0	0	0	0	0
/Volumes/GigiMurin/plip/sterol_lipids/BD8haf-R-R-CLR4/report.txt	3	0	0	0	0	0	0
/Volumes/GigiMurin/plip/sterol_lipids/BD8hdo-R-R-CLR1/report.txt	10	0	0	0	0	0	0
/Volumes/GigiMurin/plip/sterol_lipids/BD8hdo-R-R-CLR2/report.txt	3	1	0	0	0	0	0
/Volumes/GigiMurin/plip/sterol_lipids/BD8hdo-R-R-CLR3/report.txt	4	0	0	0	0	0	0
/Volumes/GigiMurin/plip/sterol_lipids/BD8hdo-R-R-CLR4/report.txt	5	0	0	0	0	0	0
/Volumes/GigiMurin/plip/sterol_lipids/BD8hdo-R-R-CLR5/report.txt	3	1	0	0	0	0	0
/Volumes/GigiMurin/plip/sterol_lipids/BD8hdo-R-R-CLR6/report.txt	9	1	0	0	0	0	0
/Volumes/GigiMurin/plip/sterol_lipids/BD8hdo-R-R-CLR7/report.txt	4	0	0	0	0	0	0
/Volumes/GigiMurin/plip/sterol_lipids/BD8hdp-R-R-CLR1/report.txt	3	1	0	0	0	0	0
/Volumes/GigiMurin/plip/sterol_lipids/BD8hdp-R-R-CLR2/report.txt	7	0	0	0	0	0	0
/Volumes/GigiMurin/plip/sterol_lipids/BD8hdp-R-R-CLR3/report.txt	4	0	0	0	0	0	0
/Volumes/GigiMurin/plip/sterol_lipids/BD8hdp-R-R-CLR4/report.txt	7	0	0	0	0	0	0
/Volumes/GigiMurin/plip/sterol_lipids/BD8hk2-A-A-CLR1/report.txt	3	0	0	0	0	0	0
/Volumes/GigiMurin/plip/sterol_lipids/BD8hk2-A-A-CLR2/report.txt	3	0	0	0	0	0	0
/Volumes/GigiMurin/plip/sterol_lipids/BD8hk2-A-A-CLR3/report.txt	3	0	0	0	0	0	0
/Volumes/GigiMurin/plip/sterol_lipids/BD8hk2-A-A-CLR4/report.txt	6	0	0	0	0	0	0
/Volumes/GigiMurin/plip/sterol_lipids/BD8hk2-A-A-CLR5/report.txt	6	0	0	0	0	0	0
/Volumes/GigiMurin/plip/sterol_lipids/BD8hnd-A-A-FY51/report.txt	9	5	0	0	0	0	0
/Volumes/GigiMurin/plip/sterol_lipids/BD8hnk-R-R-CLR1/report.txt	3	0	0	0	0	0	0
/Volumes/GigiMurin/plip/sterol_lipids/BD8hnk-R-R-CLR2/report.txt	5	0	0	0	0	0	0
/Volumes/GigiMurin/plip/sterol_lipids/BD8hnl-R-R-CLR1/report.txt	5	0	0	0	0	0	0
/Volumes/GigiMurin/plip/sterol_lipids/BD8hnl-R-R-CLR2/report.txt	2	0	0	0	0	0	0
/Volumes/GigiMurin/plip/sterol_lipids/BD8hnm-R-R-CLR1/report.txt	2	0	0	0	0	0	0
/Volumes/GigiMurin/plip/sterol_lipids/BD8hnm-R-R-CLR2/report.txt	2	0	0	0	0	0	0
/Volumes/GigiMurin/plip/sterol_lipids/BD8hnn-R-R-CLR1/report.txt	3	0	0	0	0	0	0
/Volumes/GigiMurin/plip/sterol_lipids/BD8hsi-A-A-CLR1/report.txt	7	0	0	0	0	0	0
/Volumes/GigiMurin/plip/sterol_lipids/BD8hsi-A-A-CLR2/report.txt	6	0	0	0	0	0	0
/Volumes/GigiMurin/plip/sterol_lipids/BD8hw2-A-A-U381/report.txt	5	2	3	0	0	0	0
/Volumes/GigiMurin/plip/sterol_lipids/BD8hw2-A-A-U382/report.txt	5	2	0	0	0	0	0
/Volumes/GigiMurin/plip/sterol_lipids/BD8hw4-A-A-ZWY1/report.txt	7	2	0	0	0	0	0
/Volumes/GigiMurin/plip/sterol_lipids/BD8hw4-A-A-ZWY2/report.txt	5	2	2	0	0	0	0
/Volumes/GigiMurin/plip/sterol_lipids/BD8i2g-R-R-CLR10/report.txt	5	0	0	0	0	0	0
/Volumes/GigiMurin/plip/sterol_lipids/BD8i2g-R-R-CLR11/report.txt	4	0	0	0	0	0	0
/Volumes/GigiMurin/plip/sterol_lipids/BD8i2g-R-R-CLR12/report.txt	4	0	0	0	0	0	0
/Volumes/GigiMurin/plip/sterol_lipids/BD8i2g-R-R-CLR1/report.txt	10	0	0	0	0	0	0
/Volumes/GigiMurin/plip/sterol_lipids/BD8i2g-R-R-CLR2/report.txt	5	0	0	0	0	0	0
/Volumes/GigiMurin/plip/sterol_lipids/BD8i2g-R-R-CLR3/report.txt	4	0	0	0	0	0	0
/Volumes/GigiMurin/plip/sterol_lipids/BD8i2g-R-R-CLR4/report.txt	5	0	0	0	0	0	0
/Volumes/GigiMurin/plip/sterol_lipids/BD8i2g-R-R-CLR5/report.txt	1	0	0	0	0	0	0
/Volumes/GigiMurin/plip/sterol_lipids/BD8i2g-R-R-CLR6/report.txt	1	0	0	0	0	0	0
/Volumes/GigiMurin/plip/sterol_lipids/BD8i2g-R-R-CLR7/report.txt	3	0	0	0	0	0	0
/Volumes/GigiMurin/plip/sterol_lipids/BD8i2g-R-R-CLR8/report.txt	2	0	0	0	0	0	0
/Volumes/GigiMurin/plip/sterol_lipids/BD8i2g-R-R-CLR9/report.txt	3	0	0	0	0	0	0
/Volumes/GigiMurin/plip/sterol_lipids/BD8ijl-A-A-CLR1/report.txt	3	0	0	0	0	0	0
/Volumes/GigiMurin/plip/sterol_lipids/BD8ijl-A-B-CLR1/report.txt	2	0	0	0	0	0	0
/Volumes/GigiMurin/plip/sterol_lipids/BD8ijl-B-B-CLR1/report.txt	8	0	0	0	0	0	0
/Volumes/GigiMurin/plip/sterol_lipids/BD8ijm-A-A-CLR1/report.txt	0	0	0	0	0	0	0
/Volumes/GigiMurin/plip/sterol_lipids/BD8ijm-B-A-CLR1/report.txt	6	0	0	0	0	0	0
/Volumes/GigiMurin/plip/sterol_lipids/BD8ijn-A-B-CHD1/report.txt	4	0	0	0	0	0	0
/Volumes/GigiMurin/plip/sterol_lipids/BD8ijn-A-C-CHD1/report.txt	3	1	1	0	0	0	0
/Volumes/GigiMurin/plip/sterol_lipids/BD8ijn-B-B-CHD1/report.txt	1	3	0	0	0	0	0
/Volumes/GigiMurin/plip/sterol_lipids/BD8ijn-C-C-CHD1/report.txt	1	1	1	0	0	0	0
/Volumes/GigiMurin/plip/sterol_lipids/BD8ijn-C-C-CHD2/report.txt	5	0	1	0	0	0	0
/Volumes/GigiMurin/plip/sterol_lipids/BD8ijn-G-O-CHD1/report.txt	1	0	2	0	0	0	0
/Volumes/GigiMurin/plip/sterol_lipids/BD8ijn-J-C-CHD2/report.txt	1	1	0	0	0	0	0
/Volumes/GigiMurin/plip/sterol_lipids/BD8ijn-J-J-CHD1/report.txt	3	2	0	0	0	0	0
/Volumes/GigiMurin/plip/sterol_lipids/BD8ijn-N-O-CHD1/report.txt	4	0	0	0	0	0	0
/Volumes/GigiMurin/plip/sterol_lipids/BD8ijn-N-P-CHD1/report.txt	3	1	1	0	0	0	0
/Volumes/GigiMurin/plip/sterol_lipids/BD8ijn-O-O-CHD1/report.txt	1	2	0	0	0	0	0
/Volumes/GigiMurin/plip/sterol_lipids/BD8ijn-P-P-CHD1/report.txt	1	1	1	0	0	0	0
/Volumes/GigiMurin/plip/sterol_lipids/BD8ijn-P-P-CHD2/report.txt	4	0	1	0	0	0	0
/Volumes/GigiMurin/plip/sterol_lipids/BD8ijn-T-B-CHD1/report.txt	3	0	2	0	0	0	0
/Volumes/GigiMurin/plip/sterol_lipids/BD8ijn-W-P-CHD2/report.txt	1	1	0	0	0	0	0
/Volumes/GigiMurin/plip/sterol_lipids/BD8ijn-W-W-CHD1/report.txt	3	2	0	0	0	0	0
/Volumes/GigiMurin/plip/sterol_lipids/BD8ijv-A-B-CLR1/report.txt	2	0	0	0	0	0	0
/Volumes/GigiMurin/plip/sterol_lipids/BD8ijv-A-B-CLR2/report.txt	1	0	0	0	0	0	0
/Volumes/GigiMurin/plip/sterol_lipids/BD8ijv-B-B-CLR1/report.txt	5	0	0	0	0	0	0
/Volumes/GigiMurin/plip/sterol_lipids/BD8ijv-B-B-CLR2/report.txt	5	2	0	0	0	0	0
/Volumes/GigiMurin/plip/sterol_lipids/BD8ijw-A-B-CLR1/report.txt	3	0	0	0	0	0	0
/Volumes/GigiMurin/plip/sterol_lipids/BD8ijw-A-B-CLR2/report.txt	0	0	0	0	0	0	0
/Volumes/GigiMurin/plip/sterol_lipids/BD8ijw-B-B-CLR1/report.txt	5	0	0	0	0	0	0
/Volumes/GigiMurin/plip/sterol_lipids/BD8ijw-B-B-CLR2/report.txt	5	2	0	0	0	0	0
/Volumes/GigiMurin/plip/sterol_lipids/BD8ijx-A-B-CLR1/report.txt	3	0	0	0	0	0	0
/Volumes/GigiMurin/plip/sterol_lipids/BD8ijx-B-B-CLR1/report.txt	7	0	0	0	0	0	0
/Volumes/GigiMurin/plip/sterol_lipids/BD8im7-C-C-CLR1/report.txt	2	0	0	0	0	0	0
/Volumes/GigiMurin/plip/sterol_lipids/BD8im7-C-C-CLR2/report.txt	7	0	0	0	0	0	0
/Volumes/GigiMurin/plip/sterol_lipids/BD8imx-G-G-AJP1/report.txt	2	4	0	0	0	0	0
/Volumes/GigiMurin/plip/sterol_lipids/BD8imy-G-G-AJP1/report.txt	2	2	0	0	0	0	0
/Volumes/GigiMurin/plip/sterol_lipids/BD8ind-A-A-6JI1/report.txt	9	0	1	1	1	0	0
/Volumes/GigiMurin/plip/sterol_lipids/BD8inj-A-A-DTX1/report.txt	10	0	1	0	0	0	0
/Volumes/GigiMurin/plip/sterol_lipids/BD8inv-A-A-BUF1/report.txt	9	1	1	1	1	0	0
/Volumes/GigiMurin/plip/sterol_lipids/BD8irr-R-R-CLR1/report.txt	9	0	0	0	0	0	0
/Volumes/GigiMurin/plip/sterol_lipids/BD8irr-R-R-CLR2/report.txt	9	1	0	0	0	0	0
/Volumes/GigiMurin/plip/sterol_lipids/BD8irr-R-R-CLR3/report.txt	1	0	0	0	0	0	0
/Volumes/GigiMurin/plip/sterol_lipids/BD8iru-R-R-CLR1/report.txt	4	1	0	0	0	0	0
/Volumes/GigiMurin/plip/sterol_lipids/BD8iru-R-R-CLR2/report.txt	4	0	0	0	0	0	0
/Volumes/GigiMurin/plip/sterol_lipids/BD8iru-R-R-CLR3/report.txt	4	1	0	0	0	0	0
/Volumes/GigiMurin/plip/sterol_lipids/BD8iru-R-R-CLR4/report.txt	6	0	0	0	0	0	0
/Volumes/GigiMurin/plip/sterol_lipids/BD8iru-R-R-CLR5/report.txt	5	1	0	0	0	0	0
/Volumes/GigiMurin/plip/sterol_lipids/BD8iru-R-R-CLR6/report.txt	7	0	0	0	0	0	0
/Volumes/GigiMurin/plip/sterol_lipids/BD8iru-R-R-CLR7/report.txt	3	0	0	0	0	0	0
/Volumes/GigiMurin/plip/sterol_lipids/BD8iru-R-R-CLR8/report.txt	2	0	0	0	0	0	0
/Volumes/GigiMurin/plip/sterol_lipids/BD8irv-R-R-CLR10/report.txt	3	0	0	0	0	0	0
/Volumes/GigiMurin/plip/sterol_lipids/BD8irv-R-R-CLR1/report.txt	3	1	0	0	0	0	0
/Volumes/GigiMurin/plip/sterol_lipids/BD8irv-R-R-CLR2/report.txt	8	0	0	0	0	0	0
/Volumes/GigiMurin/plip/sterol_lipids/BD8irv-R-R-CLR3/report.txt	6	1	0	0	0	0	0
/Volumes/GigiMurin/plip/sterol_lipids/BD8irv-R-R-CLR4/report.txt	5	0	0	0	0	0	0
/Volumes/GigiMurin/plip/sterol_lipids/BD8irv-R-R-CLR5/report.txt	7	0	0	0	0	0	0
/Volumes/GigiMurin/plip/sterol_lipids/BD8irv-R-R-CLR6/report.txt	3	0	0	0	0	0	0
/Volumes/GigiMurin/plip/sterol_lipids/BD8irv-R-R-CLR7/report.txt	2	0	0	0	0	0	0
/Volumes/GigiMurin/plip/sterol_lipids/BD8irv-R-R-CLR8/report.txt	5	0	0	0	0	0	0
/Volumes/GigiMurin/plip/sterol_lipids/BD8irv-R-R-CLR9/report.txt	5	0	0	0	0	0	0
/Volumes/GigiMurin/plip/sterol_lipids/BD8ivf-A-A-HC31/report.txt	11	2	0	0	0	0	0
/Volumes/GigiMurin/plip/sterol_lipids/BD8ivf-B-B-HC31/report.txt	12	2	0	0	0	0	0
/Volumes/GigiMurin/plip/sterol_lipids/BD8ivl-A-A-CLR1/report.txt	10	2	0	0	0	0	0
/Volumes/GigiMurin/plip/sterol_lipids/BD8iz4-R-R-CLR1/report.txt	7	0	0	0	0	0	0
/Volumes/GigiMurin/plip/sterol_lipids/BD8izb-R-R-CLR1/report.txt	5	0	0	0	0	0	0
/Volumes/GigiMurin/plip/sterol_lipids/BD8izb-R-R-CLR2/report.txt	5	0	0	0	0	0	0
/Volumes/GigiMurin/plip/sterol_lipids/BD8j6m-A-A-CLR1/report.txt	3	0	0	0	0	0	0
/Volumes/GigiMurin/plip/sterol_lipids/BD8j6m-A-A-CLR2/report.txt	4	0	0	0	0	0	0
/Volumes/GigiMurin/plip/sterol_lipids/BD8j6m-A-A-CLR3/report.txt	2	0	0	0	0	0	0
/Volumes/GigiMurin/plip/sterol_lipids/BD8j6m-A-A-CLR4/report.txt	7	0	0	0	0	0	0
/Volumes/GigiMurin/plip/sterol_lipids/BD8j6m-B-B-CLR1/report.txt	2	0	0	0	0	0	0
/Volumes/GigiMurin/plip/sterol_lipids/BD8j6m-B-B-CLR2/report.txt	5	0	0	0	0	0	0
/Volumes/GigiMurin/plip/sterol_lipids/BD8j6m-B-B-CLR3/report.txt	0	0	0	0	0	0	0
/Volumes/GigiMurin/plip/sterol_lipids/BD8j6m-B-B-CLR4/report.txt	5	0	0	0	0	0	0
/Volumes/GigiMurin/plip/sterol_lipids/BD8j6p-R-R-CLR1/report.txt	5	0	0	0	0	0	0
/Volumes/GigiMurin/plip/sterol_lipids/BD8j6p-R-R-CLR2/report.txt	7	1	0	0	0	0	0
/Volumes/GigiMurin/plip/sterol_lipids/BD8j6q-R-R-CLR1/report.txt	6	0	0	0	0	0	0
/Volumes/GigiMurin/plip/sterol_lipids/BD8j6q-R-R-CLR2/report.txt	9	1	0	0	0	0	0
/Volumes/GigiMurin/plip/sterol_lipids/BD8j7f-A-A-CLR1/report.txt	6	1	0	0	0	0	0
/Volumes/GigiMurin/plip/sterol_lipids/BD8j7f-A-A-CLR2/report.txt	9	0	0	0	0	0	0
/Volumes/GigiMurin/plip/sterol_lipids/BD8j7f-A-A-CLR3/report.txt	4	0	0	0	0	0	0
/Volumes/GigiMurin/plip/sterol_lipids/BD8j7f-A-B-CLR2/report.txt	2	0	0	0	0	0	0
/Volumes/GigiMurin/plip/sterol_lipids/BD8j7f-A-C-CLR2/report.txt	1	0	0	0	0	0	0
/Volumes/GigiMurin/plip/sterol_lipids/BD8j7f-B-B-CLR1/report.txt	6	1	0	0	0	0	0
/Volumes/GigiMurin/plip/sterol_lipids/BD8j7f-B-B-CLR2/report.txt	7	0	0	0	0	0	0
/Volumes/GigiMurin/plip/sterol_lipids/BD8j7f-B-B-CLR3/report.txt	5	0	0	0	0	0	0
/Volumes/GigiMurin/plip/sterol_lipids/BD8j7f-B-D-CLR3/report.txt	3	0	0	0	0	0	0
/Volumes/GigiMurin/plip/sterol_lipids/BD8j7f-C-A-CLR2/report.txt	3	0	0	0	0	0	0
/Volumes/GigiMurin/plip/sterol_lipids/BD8j7f-C-C-CLR1/report.txt	9	0	0	0	0	0	0
/Volumes/GigiMurin/plip/sterol_lipids/BD8j7f-C-C-CLR2/report.txt	4	0	0	0	0	0	0
/Volumes/GigiMurin/plip/sterol_lipids/BD8j7f-C-C-CLR3/report.txt	6	1	0	0	0	0	0
/Volumes/GigiMurin/plip/sterol_lipids/BD8j7f-D-C-CLR1/report.txt	3	0	0	0	0	0	0
/Volumes/GigiMurin/plip/sterol_lipids/BD8j7f-D-D-CLR1/report.txt	6	0	0	0	0	0	0
/Volumes/GigiMurin/plip/sterol_lipids/BD8j7f-D-D-CLR2/report.txt	4	1	0	0	0	0	0
/Volumes/GigiMurin/plip/sterol_lipids/BD8j7f-D-D-CLR3/report.txt	7	0	0	0	0	0	0
/Volumes/GigiMurin/plip/sterol_lipids/BD8j7m-A-A-CLR1/report.txt	4	0	0	0	0	0	0
/Volumes/GigiMurin/plip/sterol_lipids/BD8j7m-A-A-CLR2/report.txt	5	0	0	0	0	0	0
/Volumes/GigiMurin/plip/sterol_lipids/BD8j7m-A-B-CLR1/report.txt	4	0	0	0	0	0	0
/Volumes/GigiMurin/plip/sterol_lipids/BD8j7m-A-C-CLR3/report.txt	1	0	0	0	0	0	0
/Volumes/GigiMurin/plip/sterol_lipids/BD8j7m-B-A-CLR1/report.txt	2	0	0	0	0	0	0
/Volumes/GigiMurin/plip/sterol_lipids/BD8j7m-B-B-CLR1/report.txt	6	0	0	0	0	0	0
/Volumes/GigiMurin/plip/sterol_lipids/BD8j7m-B-B-CLR2/report.txt	5	0	0	0	0	0	0
/Volumes/GigiMurin/plip/sterol_lipids/BD8j7m-B-D-CLR2/report.txt	1	0	0	0	0	0	0
/Volumes/GigiMurin/plip/sterol_lipids/BD8j7m-C-A-CLR2/report.txt	1	0	0	0	0	0	0
/Volumes/GigiMurin/plip/sterol_lipids/BD8j7m-C-C-CLR1/report.txt	4	0	0	0	0	0	0
/Volumes/GigiMurin/plip/sterol_lipids/BD8j7m-C-C-CLR2/report.txt	6	0	0	0	0	0	0
/Volumes/GigiMurin/plip/sterol_lipids/BD8j7m-C-C-CLR3/report.txt	4	0	0	0	0	0	0
/Volumes/GigiMurin/plip/sterol_lipids/BD8j7m-C-D-CLR3/report.txt	2	0	0	0	0	0	0
/Volumes/GigiMurin/plip/sterol_lipids/BD8j7m-D-B-CLR2/report.txt	2	0	0	0	0	0	0
/Volumes/GigiMurin/plip/sterol_lipids/BD8j7m-D-C-CLR2/report.txt	1	0	0	0	0	0	0
/Volumes/GigiMurin/plip/sterol_lipids/BD8j7m-D-D-CLR1/report.txt	4	1	0	0	0	0	0
/Volumes/GigiMurin/plip/sterol_lipids/BD8j7m-D-D-CLR2/report.txt	6	0	0	0	0	0	0
/Volumes/GigiMurin/plip/sterol_lipids/BD8j7m-D-D-CLR3/report.txt	2	0	0	0	0	0	0
/Volumes/GigiMurin/plip/sterol_lipids/BD8jbk-A-A-CLR1/report.txt	2	2	0	0	0	0	0
/Volumes/GigiMurin/plip/sterol_lipids/BD8jbk-A-A-CLR2/report.txt	6	0	0	0	0	0	0
/Volumes/GigiMurin/plip/sterol_lipids/BD8jbk-A-B-CLR1/report.txt	4	0	0	0	0	0	0
/Volumes/GigiMurin/plip/sterol_lipids/BD8jbk-B-A-CLR1/report.txt	2	0	0	0	0	0	0
/Volumes/GigiMurin/plip/sterol_lipids/BD8jbk-B-B-CLR1/report.txt	4	1	0	0	0	0	0
/Volumes/GigiMurin/plip/sterol_lipids/BD8jbk-C-D-CLR1/report.txt	4	0	0	0	0	0	0
/Volumes/GigiMurin/plip/sterol_lipids/BD8jbk-C-E-CLR1/report.txt	6	0	0	0	0	0	0
/Volumes/GigiMurin/plip/sterol_lipids/BD8jbk-D-C-CLR1/report.txt	1	0	0	0	0	0	0
/Volumes/GigiMurin/plip/sterol_lipids/BD8jbk-D-D-CLR1/report.txt	1	1	0	0	0	0	0
/Volumes/GigiMurin/plip/sterol_lipids/BD8jbk-E-E-CLR1/report.txt	3	1	0	0	0	0	0
/Volumes/GigiMurin/plip/sterol_lipids/BD8jbl-A-A-CLR1/report.txt	2	2	0	0	0	0	0
/Volumes/GigiMurin/plip/sterol_lipids/BD8jbl-A-A-CLR2/report.txt	9	0	0	0	0	0	0
/Volumes/GigiMurin/plip/sterol_lipids/BD8jbl-A-A-CLR3/report.txt	0	0	0	0	0	0	0
/Volumes/GigiMurin/plip/sterol_lipids/BD8jbl-B-A-CLR1/report.txt	3	0	0	0	0	0	0
/Volumes/GigiMurin/plip/sterol_lipids/BD8jbl-B-A-CLR3/report.txt	4	0	0	0	0	0	0
/Volumes/GigiMurin/plip/sterol_lipids/BD8jbl-C-C-CLR2/report.txt	2	1	0	0	0	0	0
/Volumes/GigiMurin/plip/sterol_lipids/BD8jbl-C-E-CLR1/report.txt	5	0	0	0	0	0	0
/Volumes/GigiMurin/plip/sterol_lipids/BD8jbl-D-C-CLR1/report.txt	1	0	0	0	0	0	0
/Volumes/GigiMurin/plip/sterol_lipids/BD8jbl-E-E-CLR1/report.txt	3	1	0	0	0	0	0
/Volumes/GigiMurin/plip/sterol_lipids/BD8jbm-A-A-CLR1/report.txt	3	2	0	0	0	0	0
/Volumes/GigiMurin/plip/sterol_lipids/BD8jbm-A-A-CLR2/report.txt	0	1	0	0	0	0	0
/Volumes/GigiMurin/plip/sterol_lipids/BD8jbm-A-G-CLR1/report.txt	8	0	0	0	0	0	0
/Volumes/GigiMurin/plip/sterol_lipids/BD8jbm-B-A-CLR1/report.txt	1	0	0	0	0	0	0
/Volumes/GigiMurin/plip/sterol_lipids/BD8jbm-B-A-CLR2/report.txt	2	1	0	0	0	0	0
/Volumes/GigiMurin/plip/sterol_lipids/BD8jbm-C-C-CLR1/report.txt	2	1	0	0	0	0	0
/Volumes/GigiMurin/plip/sterol_lipids/BD8jbm-C-D-CLR1/report.txt	1	1	0	0	0	0	0
/Volumes/GigiMurin/plip/sterol_lipids/BD8jbm-D-C-CLR1/report.txt	3	0	0	0	0	0	0
/Volumes/GigiMurin/plip/sterol_lipids/BD8jbm-E-E-CLR1/report.txt	2	1	0	0	0	0	0
/Volumes/GigiMurin/plip/sterol_lipids/BD8jc0-m-m-CLR1/report.txt	7	0	0	0	0	0	0
/Volumes/GigiMurin/plip/sterol_lipids/BD8jcw-2-2-CLR1/report.txt	3	0	0	0	0	0	0
/Volumes/GigiMurin/plip/sterol_lipids/BD8jcw-3-2-CLR1/report.txt	1	0	0	0	0	0	0
/Volumes/GigiMurin/plip/sterol_lipids/BD8jcw-3-3-CLR1/report.txt	0	0	0	0	0	0	0
/Volumes/GigiMurin/plip/sterol_lipids/BD8jcy-2-2-CLR1/report.txt	1	0	0	0	0	0	0
/Volumes/GigiMurin/plip/sterol_lipids/BD8jcy-2-3-CLR1/report.txt	1	0	0	0	0	0	0
/Volumes/GigiMurin/plip/sterol_lipids/BD8jcy-2-3-CLR3/report.txt	1	0	0	0	0	0	0
/Volumes/GigiMurin/plip/sterol_lipids/BD8jcy-3-2-CLR1/report.txt	1	0	0	0	0	0	0
/Volumes/GigiMurin/plip/sterol_lipids/BD8jcy-3-3-CLR1/report.txt	2	0	0	0	0	0	0
/Volumes/GigiMurin/plip/sterol_lipids/BD8jcy-3-3-CLR2/report.txt	2	0	0	0	0	0	0
/Volumes/GigiMurin/plip/sterol_lipids/BD8jcy-3-3-CLR3/report.txt	1	0	0	0	0	0	0
/Volumes/GigiMurin/plip/sterol_lipids/BD8jd0-2-2-CLR1/report.txt	2	0	0	0	0	0	0
/Volumes/GigiMurin/plip/sterol_lipids/BD8jd0-2-2-CLR2/report.txt	0	0	0	0	0	0	0
/Volumes/GigiMurin/plip/sterol_lipids/BD8jd0-2-2-CLR3/report.txt	1	0	0	0	0	0	0
/Volumes/GigiMurin/plip/sterol_lipids/BD8jd0-2-2-CLR4/report.txt	1	0	0	0	0	0	0
/Volumes/GigiMurin/plip/sterol_lipids/BD8jd0-2-3-CLR3/report.txt	1	0	0	0	0	0	0
/Volumes/GigiMurin/plip/sterol_lipids/BD8jd0-2-3-CLR4/report.txt	1	1	0	0	0	0	0
/Volumes/GigiMurin/plip/sterol_lipids/BD8jd0-3-2-CLR1/report.txt	1	0	0	0	0	0	0
/Volumes/GigiMurin/plip/sterol_lipids/BD8jd0-3-2-CLR2/report.txt	3	0	0	0	0	0	0
/Volumes/GigiMurin/plip/sterol_lipids/BD8jd0-3-2-CLR4/report.txt	1	0	0	0	0	0	0
/Volumes/GigiMurin/plip/sterol_lipids/BD8jd0-3-3-CLR1/report.txt	5	0	0	0	0	0	0
/Volumes/GigiMurin/plip/sterol_lipids/BD8jd0-3-3-CLR2/report.txt	5	0	0	0	0	0	0
/Volumes/GigiMurin/plip/sterol_lipids/BD8jd0-3-3-CLR3/report.txt	2	0	0	0	0	0	0
/Volumes/GigiMurin/plip/sterol_lipids/BD8jd0-3-3-CLR4/report.txt	3	1	0	0	0	0	0
/Volumes/GigiMurin/plip/sterol_lipids/BD8jd1-2-3-CLR3/report.txt	5	0	0	0	0	0	0
/Volumes/GigiMurin/plip/sterol_lipids/BD8jd1-2-3-CLR6/report.txt	1	0	0	0	0	0	0
/Volumes/GigiMurin/plip/sterol_lipids/BD8jd1-3-3-CLR1/report.txt	3	0	0	0	0	0	0
/Volumes/GigiMurin/plip/sterol_lipids/BD8jd1-3-3-CLR2/report.txt	1	0	0	0	0	0	0
/Volumes/GigiMurin/plip/sterol_lipids/BD8jd1-3-3-CLR3/report.txt	1	0	0	0	0	0	0
/Volumes/GigiMurin/plip/sterol_lipids/BD8jd1-3-3-CLR4/report.txt	2	0	0	0	0	0	0
/Volumes/GigiMurin/plip/sterol_lipids/BD8jd1-3-3-CLR5/report.txt	2	0	0	0	0	0	0
/Volumes/GigiMurin/plip/sterol_lipids/BD8jd1-3-3-CLR6/report.txt	2	0	0	0	0	0	0
/Volumes/GigiMurin/plip/sterol_lipids/BD8jd3-2-2-CLR1/report.txt	4	0	0	0	0	0	0
/Volumes/GigiMurin/plip/sterol_lipids/BD8jd3-2-3-CLR1/report.txt	1	0	0	0	0	0	0
/Volumes/GigiMurin/plip/sterol_lipids/BD8jd3-3-2-CLR1/report.txt	1	0	0	0	0	0	0
/Volumes/GigiMurin/plip/sterol_lipids/BD8jd3-3-3-CLR1/report.txt	1	0	0	0	0	0	0
/Volumes/GigiMurin/plip/sterol_lipids/BD8jd5-2-2-CLR1/report.txt	7	0	0	0	0	0	0
/Volumes/GigiMurin/plip/sterol_lipids/BD8jd5-2-2-CLR2/report.txt	3	0	0	0	0	0	0
/Volumes/GigiMurin/plip/sterol_lipids/BD8jd5-2-2-CLR3/report.txt	4	1	0	0	0	0	0
/Volumes/GigiMurin/plip/sterol_lipids/BD8jd5-2-4-CLR1/report.txt	1	0	0	0	0	0	0
/Volumes/GigiMurin/plip/sterol_lipids/BD8jd5-2-4-CLR2/report.txt	1	0	0	0	0	0	0
/Volumes/GigiMurin/plip/sterol_lipids/BD8jd5-4-2-CLR1/report.txt	1	0	0	0	0	0	0
/Volumes/GigiMurin/plip/sterol_lipids/BD8jd5-4-4-CLR1/report.txt	4	1	0	0	0	0	0
/Volumes/GigiMurin/plip/sterol_lipids/BD8jd5-4-4-CLR2/report.txt	3	0	0	0	0	0	0
/Volumes/GigiMurin/plip/sterol_lipids/BD8jew-A-A-CLR1/report.txt	11	0	0	0	0	0	0
/Volumes/GigiMurin/plip/sterol_lipids/BD8jew-A-A-CLR2/report.txt	14	2	0	0	0	0	0
/Volumes/GigiMurin/plip/sterol_lipids/BD8jez-A-A-CLR1/report.txt	9	0	0	0	0	0	0
/Volumes/GigiMurin/plip/sterol_lipids/BD8jez-A-A-CLR2/report.txt	9	0	0	0	0	0	0
/Volumes/GigiMurin/plip/sterol_lipids/BD8jf1-A-A-CLR1/report.txt	11	1	0	0	0	0	0
/Volumes/GigiMurin/plip/sterol_lipids/BD8jfz-A-A-CLR1/report.txt	1	0	0	0	0	0	0
/Volumes/GigiMurin/plip/sterol_lipids/BD8jfz-A-A-CLR2/report.txt	0	0	0	0	0	0	0
/Volumes/GigiMurin/plip/sterol_lipids/BD8jfz-A-A-CLR3/report.txt	0	0	0	0	0	0	0
/Volumes/GigiMurin/plip/sterol_lipids/BD8jfz-A-G-CLR1/report.txt	5	0	0	0	0	0	0
/Volumes/GigiMurin/plip/sterol_lipids/BD8jfz-B-A-CLR1/report.txt	0	0	0	0	0	0	0
/Volumes/GigiMurin/plip/sterol_lipids/BD8jfz-B-B-CLR1/report.txt	2	0	0	0	0	0	0
/Volumes/GigiMurin/plip/sterol_lipids/BD8jfz-C-A-CLR1/report.txt	0	0	0	0	0	0	0
/Volumes/GigiMurin/plip/sterol_lipids/BD8jfz-C-C-CLR1/report.txt	0	0	0	0	0	0	0
/Volumes/GigiMurin/plip/sterol_lipids/BD8jfz-D-A-CLR1/report.txt	2	2	0	0	0	0	0
/Volumes/GigiMurin/plip/sterol_lipids/BD8jfz-E-E-CLR1/report.txt	1	0	0	0	0	0	0
/Volumes/GigiMurin/plip/sterol_lipids/BD8jhy-A-A-CLR1/report.txt	6	0	0	0	0	0	0
/Volumes/GigiMurin/plip/sterol_lipids/BD8jii-A-A-CLR1/report.txt	3	0	0	0	0	0	0
/Volumes/GigiMurin/plip/sterol_lipids/BD8jil-A-A-CLR1/report.txt	6	1	0	0	0	0	0
/Volumes/GigiMurin/plip/sterol_lipids/BD8jim-E-E-CLR1/report.txt	7	1	0	0	0	0	0
/Volumes/GigiMurin/plip/sterol_lipids/BD8jjp-A-A-CLR1/report.txt	9	0	0	0	0	0	0
/Volumes/GigiMurin/plip/sterol_lipids/BD8jkv-A-A-CLR1/report.txt	4	0	0	0	0	0	0
/Volumes/GigiMurin/plip/sterol_lipids/BD8jkv-B-B-CLR1/report.txt	4	0	0	0	0	0	0
/Volumes/GigiMurin/plip/sterol_lipids/BD8jl1-A-A-CLR1/report.txt	4	0	0	0	0	0	0
/Volumes/GigiMurin/plip/sterol_lipids/BD8jl1-B-B-CLR1/report.txt	4	0	0	0	0	0	0
/Volumes/GigiMurin/plip/sterol_lipids/BD8jl3-A-A-CLR1/report.txt	4	0	0	0	0	0	0
/Volumes/GigiMurin/plip/sterol_lipids/BD8jl3-B-B-CLR1/report.txt	4	0	0	0	0	0	0
/Volumes/GigiMurin/plip/sterol_lipids/BD8jl4-A-A-CLR1/report.txt	5	0	0	0	0	0	0
/Volumes/GigiMurin/plip/sterol_lipids/BD8jl4-A-A-CLR2/report.txt	5	0	0	0	0	0	0
/Volumes/GigiMurin/plip/sterol_lipids/BD8jl4-B-B-CLR1/report.txt	5	0	0	0	0	0	0
/Volumes/GigiMurin/plip/sterol_lipids/BD8jl4-B-B-CLR2/report.txt	5	0	0	0	0	0	0
/Volumes/GigiMurin/plip/sterol_lipids/BD8jmn-A-B-CLR1/report.txt	3	0	0	0	0	0	0
/Volumes/GigiMurin/plip/sterol_lipids/BD8jmn-B-B-CLR1/report.txt	6	0	0	0	0	0	0
/Volumes/GigiMurin/plip/sterol_lipids/BD8jqr-A-A-CLR1/report.txt	4	1	0	0	0	0	0
/Volumes/GigiMurin/plip/sterol_lipids/BD8jqr-A-C-CLR1/report.txt	2	0	0	0	0	0	0
/Volumes/GigiMurin/plip/sterol_lipids/BD8jqr-B-A-CLR1/report.txt	2	0	0	0	0	0	0
/Volumes/GigiMurin/plip/sterol_lipids/BD8jqr-B-B-CLR1/report.txt	5	1	0	0	0	0	0
/Volumes/GigiMurin/plip/sterol_lipids/BD8jqr-C-C-CLR1/report.txt	6	1	0	0	0	0	0
/Volumes/GigiMurin/plip/sterol_lipids/BD8jqr-C-D-CLR1/report.txt	2	0	0	0	0	0	0
/Volumes/GigiMurin/plip/sterol_lipids/BD8jqr-D-B-CLR1/report.txt	3	0	0	0	0	0	0
/Volumes/GigiMurin/plip/sterol_lipids/BD8jqr-D-D-CLR1/report.txt	7	1	0	0	0	0	0
/Volumes/GigiMurin/plip/sterol_lipids/BD8jt6-R-R-CLR1/report.txt	6	1	0	0	0	0	0
/Volumes/GigiMurin/plip/sterol_lipids/BD8jt6-R-R-CLR2/report.txt	4	0	0	0	0	0	0
/Volumes/GigiMurin/plip/sterol_lipids/BD8jt6-R-R-CLR3/report.txt	2	0	0	0	0	0	0
/Volumes/GigiMurin/plip/sterol_lipids/BD8jt6-R-R-CLR4/report.txt	2	0	0	0	0	0	0
/Volumes/GigiMurin/plip/sterol_lipids/BD8jt6-R-R-CLR5/report.txt	3	0	0	0	0	0	0
/Volumes/GigiMurin/plip/sterol_lipids/BD8jt8-A-A-CLR1/report.txt	6	1	0	0	0	0	0
/Volumes/GigiMurin/plip/sterol_lipids/BD8jt8-A-A-CLR2/report.txt	5	1	0	0	0	0	0
/Volumes/GigiMurin/plip/sterol_lipids/BD8jtz-A-A-SNL1/report.txt	6	1	0	0	0	0	0
/Volumes/GigiMurin/plip/sterol_lipids/BD8ju0-A-A-SNL1/report.txt	10	1	0	0	0	0	0
/Volumes/GigiMurin/plip/sterol_lipids/BD8ju4-A-A-ANB1/report.txt	7	1	0	0	0	0	0
/Volumes/GigiMurin/plip/sterol_lipids/BD8jwy-A-A-CLR1/report.txt	4	0	0	0	0	0	0
/Volumes/GigiMurin/plip/sterol_lipids/BD8jwz-A-A-CLR1/report.txt	4	0	0	0	0	0	0
/Volumes/GigiMurin/plip/sterol_lipids/BD8jxq-A-A-CLR1/report.txt	4	0	0	0	0	0	0
/Volumes/GigiMurin/plip/sterol_lipids/BD8jzn-A-A-ERG10/report.txt	4	0	0	0	0	0	0
/Volumes/GigiMurin/plip/sterol_lipids/BD8jzn-A-A-ERG11/report.txt	5	0	0	0	0	0	0
/Volumes/GigiMurin/plip/sterol_lipids/BD8jzn-A-A-ERG12/report.txt	1	0	0	0	0	0	0
/Volumes/GigiMurin/plip/sterol_lipids/BD8jzn-A-A-ERG13/report.txt	4	0	0	0	0	0	0
/Volumes/GigiMurin/plip/sterol_lipids/BD8jzn-A-A-ERG14/report.txt	8	0	0	0	0	0	0
/Volumes/GigiMurin/plip/sterol_lipids/BD8jzn-A-A-ERG1/report.txt	10	0	0	0	0	0	0
/Volumes/GigiMurin/plip/sterol_lipids/BD8jzn-A-A-ERG2/report.txt	5	0	0	0	0	0	0
/Volumes/GigiMurin/plip/sterol_lipids/BD8jzn-A-A-ERG3/report.txt	6	0	0	0	0	0	0
/Volumes/GigiMurin/plip/sterol_lipids/BD8jzn-A-A-ERG4/report.txt	5	0	0	0	0	0	0
/Volumes/GigiMurin/plip/sterol_lipids/BD8jzn-A-A-ERG5/report.txt	4	2	0	0	0	0	0
/Volumes/GigiMurin/plip/sterol_lipids/BD8jzn-A-A-ERG6/report.txt	7	0	0	0	0	0	0
/Volumes/GigiMurin/plip/sterol_lipids/BD8jzn-A-A-ERG7/report.txt	5	0	0	0	0	0	0
/Volumes/GigiMurin/plip/sterol_lipids/BD8jzn-A-A-ERG8/report.txt	6	2	0	0	0	0	0
/Volumes/GigiMurin/plip/sterol_lipids/BD8jzn-A-A-ERG9/report.txt	0	0	0	0	0	0	0
/Volumes/GigiMurin/plip/sterol_lipids/BD8jzs-A-A-CLR1/report.txt	0	0	0	0	0	0	0
/Volumes/GigiMurin/plip/sterol_lipids/BD8jzs-A-A-CLR2/report.txt	0	0	0	0	0	0	0
/Volumes/GigiMurin/plip/sterol_lipids/BD8jzs-A-B-CLR1/report.txt	0	0	0	0	0	0	0
/Volumes/GigiMurin/plip/sterol_lipids/BD8jzs-B-B-CLR2/report.txt	0	0	0	0	0	0	0
/Volumes/GigiMurin/plip/sterol_lipids/BD8jzx-A-A-CLR1/report.txt	0	0	0	0	0	0	0
/Volumes/GigiMurin/plip/sterol_lipids/BD8jzx-A-A-CLR2/report.txt	0	0	0	0	0	0	0
/Volumes/GigiMurin/plip/sterol_lipids/BD8jzx-A-B-CLR1/report.txt	0	0	0	0	0	0	0
/Volumes/GigiMurin/plip/sterol_lipids/BD8jzx-A-B-CLR2/report.txt	0	0	0	0	0	0	0
/Volumes/GigiMurin/plip/sterol_lipids/BD8jzx-B-B-CLR1/report.txt	0	0	0	0	0	0	0
/Volumes/GigiMurin/plip/sterol_lipids/BD8k2w-R-R-CLR1/report.txt	4	0	0	0	0	0	0
/Volumes/GigiMurin/plip/sterol_lipids/BD8k2x-R-R-CLR1/report.txt	3	0	0	0	0	0	0
/Volumes/GigiMurin/plip/sterol_lipids/BD8k66-A-A-CLR1/report.txt	6	2	0	0	0	0	0
/Volumes/GigiMurin/plip/sterol_lipids/BD8k66-B-B-CLR1/report.txt	5	2	0	0	0	0	0
/Volumes/GigiMurin/plip/sterol_lipids/BD8k69-A-A-CLR1/report.txt	7	1	0	0	0	0	0
/Volumes/GigiMurin/plip/sterol_lipids/BD8k69-B-B-CLR1/report.txt	6	1	0	0	0	0	0
/Volumes/GigiMurin/plip/sterol_lipids/BD8k8e-C-C-CLR1/report.txt	4	0	0	0	0	0	0
/Volumes/GigiMurin/plip/sterol_lipids/BD8k8e-C-C-CLR2/report.txt	4	0	0	0	0	0	0
/Volumes/GigiMurin/plip/sterol_lipids/BD8k8e-C-C-CLR3/report.txt	5	0	0	0	0	0	0
/Volumes/GigiMurin/plip/sterol_lipids/BD8k9r-A-A-CLR1/report.txt	6	0	0	0	0	0	0
/Volumes/GigiMurin/plip/sterol_lipids/BD8k9t-A-A-CLR1/report.txt	9	0	0	0	0	0	0
/Volumes/GigiMurin/plip/sterol_lipids/BD8k9t-A-A-CLR2/report.txt	9	1	0	0	0	0	0
/Volumes/GigiMurin/plip/sterol_lipids/BD8kco-C-C-CLR1/report.txt	4	0	0	0	0	0	0
/Volumes/GigiMurin/plip/sterol_lipids/BD8kco-C-C-CLR2/report.txt	2	0	0	0	0	0	0
/Volumes/GigiMurin/plip/sterol_lipids/BD8kco-C-C-CLR3/report.txt	6	0	0	0	0	0	0
/Volumes/GigiMurin/plip/sterol_lipids/BD8kcp-C-C-CLR1/report.txt	2	0	0	0	0	0	0
/Volumes/GigiMurin/plip/sterol_lipids/BD8kcp-C-C-CLR2/report.txt	4	0	0	0	0	0	0
/Volumes/GigiMurin/plip/sterol_lipids/BD8kcp-C-C-CLR3/report.txt	5	0	0	0	0	0	0
/Volumes/GigiMurin/plip/sterol_lipids/BD8kcs-C-C-CLR1/report.txt	2	0	0	0	0	0	0
/Volumes/GigiMurin/plip/sterol_lipids/BD8kcs-C-C-CLR2/report.txt	4	0	0	0	0	0	0
/Volumes/GigiMurin/plip/sterol_lipids/BD8kcs-C-C-CLR3/report.txt	7	0	0	0	0	0	0
/Volumes/GigiMurin/plip/sterol_lipids/BD8kct-C-C-CLR1/report.txt	2	0	0	0	0	0	0
/Volumes/GigiMurin/plip/sterol_lipids/BD8kct-C-C-CLR2/report.txt	4	0	0	0	0	0	0
/Volumes/GigiMurin/plip/sterol_lipids/BD8kct-C-C-CLR3/report.txt	5	0	0	0	0	0	0
/Volumes/GigiMurin/plip/sterol_lipids/BD8kcu-C-C-CLR1/report.txt	2	0	0	0	0	0	0
/Volumes/GigiMurin/plip/sterol_lipids/BD8kcu-C-C-CLR2/report.txt	4	0	0	0	0	0	0
/Volumes/GigiMurin/plip/sterol_lipids/BD8kcu-C-C-CLR3/report.txt	5	0	0	0	0	0	0
/Volumes/GigiMurin/plip/sterol_lipids/BD8kcw-A-A-CLR1/report.txt	4	0	0	0	0	0	0
/Volumes/GigiMurin/plip/sterol_lipids/BD8kcw-A-A-CLR2/report.txt	8	0	0	0	0	0	0
/Volumes/GigiMurin/plip/sterol_lipids/BD8kcw-C-C-CLR1/report.txt	4	0	0	0	0	0	0
/Volumes/GigiMurin/plip/sterol_lipids/BD8kcw-C-C-CLR2/report.txt	8	0	0	0	0	0	0
/Volumes/GigiMurin/plip/sterol_lipids/BD8kcz-A-A-ANB1/report.txt	7	3	0	0	0	0	0
/Volumes/GigiMurin/plip/sterol_lipids/BD8kh4-A-A-CLR1/report.txt	7	1	0	0	0	0	0
/Volumes/GigiMurin/plip/sterol_lipids/BD8kh5-A-A-CLR1/report.txt	8	0	0	0	0	0	0
/Volumes/GigiMurin/plip/sterol_lipids/BD8kh5-A-A-CLR2/report.txt	7	0	0	0	0	0	0
/Volumes/GigiMurin/plip/sterol_lipids/BD8ozh-D-D-CLR1/report.txt	1	0	0	0	0	0	0
/Volumes/GigiMurin/plip/sterol_lipids/BD8ozh-D-H-CLR1/report.txt	1	0	0	0	0	0	0
/Volumes/GigiMurin/plip/sterol_lipids/BD8ozh-H-H-CLR1/report.txt	1	0	0	0	0	0	0
/Volumes/GigiMurin/plip/sterol_lipids/BD8ozh-H-L-CLR1/report.txt	1	0	0	0	0	0	0
/Volumes/GigiMurin/plip/sterol_lipids/BD8ozh-L-D-CLR1/report.txt	1	0	0	0	0	0	0
/Volumes/GigiMurin/plip/sterol_lipids/BD8ozh-L-L-CLR1/report.txt	1	0	0	0	0	0	0
/Volumes/GigiMurin/plip/sterol_lipids/BD8ozj-D-D-CLR1/report.txt	1	0	0	0	0	0	0
/Volumes/GigiMurin/plip/sterol_lipids/BD8ozj-D-H-CLR1/report.txt	1	0	0	0	0	0	0
/Volumes/GigiMurin/plip/sterol_lipids/BD8ozj-H-H-CLR1/report.txt	1	0	0	0	0	0	0
/Volumes/GigiMurin/plip/sterol_lipids/BD8ozj-H-L-CLR1/report.txt	2	0	0	0	0	0	0
/Volumes/GigiMurin/plip/sterol_lipids/BD8ozj-L-D-CLR1/report.txt	1	0	0	0	0	0	0
/Volumes/GigiMurin/plip/sterol_lipids/BD8ozj-L-L-CLR1/report.txt	1	0	0	0	0	0	0
/Volumes/GigiMurin/plip/sterol_lipids/BD8ozp-A-A-CLR1/report.txt	4	0	0	0	0	0	0
/Volumes/GigiMurin/plip/sterol_lipids/BD8ozp-D-D-CLR1/report.txt	5	0	0	0	0	0	0
/Volumes/GigiMurin/plip/sterol_lipids/BD8ozp-H-A-CLR1/report.txt	4	0	0	0	0	0	0
/Volumes/GigiMurin/plip/sterol_lipids/BD8ozp-H-L-CLR1/report.txt	1	0	0	0	0	0	0
/Volumes/GigiMurin/plip/sterol_lipids/BD8ozp-L-D-CLR1/report.txt	1	0	0	0	0	0	0
/Volumes/GigiMurin/plip/sterol_lipids/BD8ozp-L-L-CLR1/report.txt	2	0	0	0	0	0	0
/Volumes/GigiMurin/plip/sterol_lipids/BD8ozq-D-D-CLR1/report.txt	1	0	0	0	0	0	0
/Volumes/GigiMurin/plip/sterol_lipids/BD8ozq-D-H-CLR1/report.txt	1	0	0	0	0	0	0
/Volumes/GigiMurin/plip/sterol_lipids/BD8ozq-H-H-CLR1/report.txt	1	0	0	0	0	0	0
/Volumes/GigiMurin/plip/sterol_lipids/BD8ozq-H-L-CLR1/report.txt	1	0	0	0	0	0	0
/Volumes/GigiMurin/plip/sterol_lipids/BD8ozq-L-L-CLR1/report.txt	1	0	0	0	0	0	0
/Volumes/GigiMurin/plip/sterol_lipids/BD8p90-A-A-DXC1/report.txt	3	0	0	0	0	0	0
/Volumes/GigiMurin/plip/sterol_lipids/BD8p90-A-A-DXC2/report.txt	1	0	0	0	0	0	0
/Volumes/GigiMurin/plip/sterol_lipids/BD8p90-A-A-DXC3/report.txt	1	0	0	0	0	0	0
/Volumes/GigiMurin/plip/sterol_lipids/BD8p90-A-A-DXC4/report.txt	0	1	1	0	0	0	0
/Volumes/GigiMurin/plip/sterol_lipids/BD8p90-A-A-DXC5/report.txt	4	0	0	0	0	0	0
/Volumes/GigiMurin/plip/sterol_lipids/BD8p90-A-B-DXC1/report.txt	3	1	0	0	0	0	0
/Volumes/GigiMurin/plip/sterol_lipids/BD8p90-A-B-DXC3/report.txt	2	0	0	0	0	0	0
/Volumes/GigiMurin/plip/sterol_lipids/BD8p90-B-A-DXC1/report.txt	2	0	0	0	0	0	0
/Volumes/GigiMurin/plip/sterol_lipids/BD8p90-B-A-DXC4/report.txt	3	1	0	0	0	0	0
/Volumes/GigiMurin/plip/sterol_lipids/BD8p90-B-B-DXC1/report.txt	1	0	1	0	0	0	0
/Volumes/GigiMurin/plip/sterol_lipids/BD8p90-B-B-DXC2/report.txt	0	3	0	0	0	0	0
/Volumes/GigiMurin/plip/sterol_lipids/BD8p90-B-B-DXC3/report.txt	0	0	0	0	0	0	0
/Volumes/GigiMurin/plip/sterol_lipids/BD8p90-B-B-DXC4/report.txt	0	0	0	0	0	0	0
/Volumes/GigiMurin/plip/sterol_lipids/BD8p90-B-B-DXC5/report.txt	3	1	0	0	0	0	0
/Volumes/GigiMurin/plip/sterol_lipids/BD8p96-A-A-DXC1/report.txt	1	0	0	0	0	0	0
/Volumes/GigiMurin/plip/sterol_lipids/BD8p96-A-A-DXC2/report.txt	0	0	0	0	0	0	0
/Volumes/GigiMurin/plip/sterol_lipids/BD8p96-A-A-DXC3/report.txt	1	2	0	0	0	0	0
/Volumes/GigiMurin/plip/sterol_lipids/BD8p96-A-A-DXC4/report.txt	6	1	0	0	0	0	0
/Volumes/GigiMurin/plip/sterol_lipids/BD8p96-A-B-DXC1/report.txt	2	1	0	0	0	0	0
/Volumes/GigiMurin/plip/sterol_lipids/BD8p96-A-B-DXC3/report.txt	0	1	1	0	0	0	0
/Volumes/GigiMurin/plip/sterol_lipids/BD8p96-A-B-DXC4/report.txt	2	0	1	0	0	0	0
/Volumes/GigiMurin/plip/sterol_lipids/BD8p96-B-A-DXC1/report.txt	2	0	0	0	0	0	0
/Volumes/GigiMurin/plip/sterol_lipids/BD8p96-B-A-DXC2/report.txt	0	0	1	0	0	0	0
/Volumes/GigiMurin/plip/sterol_lipids/BD8p96-B-B-DXC1/report.txt	0	0	1	0	0	0	0
/Volumes/GigiMurin/plip/sterol_lipids/BD8p96-B-B-DXC2/report.txt	2	1	0	0	0	0	0
/Volumes/GigiMurin/plip/sterol_lipids/BD8p96-B-B-DXC3/report.txt	3	1	0	0	0	0	0
/Volumes/GigiMurin/plip/sterol_lipids/BD8p96-B-B-DXC4/report.txt	1	0	0	0	0	0	0
/Volumes/GigiMurin/plip/sterol_lipids/BD8p96-B-B-DXC5/report.txt	0	0	0	0	0	0	0
/Volumes/GigiMurin/plip/sterol_lipids/BD8p96-B-B-DXC6/report.txt	2	1	0	0	0	0	0
/Volumes/GigiMurin/plip/sterol_lipids/BD8pc4-A-A-DXC1/report.txt	2	0	0	0	0	0	0
/Volumes/GigiMurin/plip/sterol_lipids/BD8pc4-A-A-DXC2/report.txt	0	0	0	0	0	0	0
/Volumes/GigiMurin/plip/sterol_lipids/BD8pc4-A-A-DXC3/report.txt	1	2	0	0	0	0	0
/Volumes/GigiMurin/plip/sterol_lipids/BD8pc4-A-A-DXC4/report.txt	1	0	1	0	0	0	0
/Volumes/GigiMurin/plip/sterol_lipids/BD8pc4-A-A-DXC5/report.txt	2	0	1	0	0	0	0
/Volumes/GigiMurin/plip/sterol_lipids/BD8pc4-A-A-DXC6/report.txt	4	0	0	0	0	0	0
/Volumes/GigiMurin/plip/sterol_lipids/BD8pc4-A-B-DXC1/report.txt	3	1	0	0	0	0	0
/Volumes/GigiMurin/plip/sterol_lipids/BD8pc4-B-A-DXC1/report.txt	2	0	0	0	0	0	0
/Volumes/GigiMurin/plip/sterol_lipids/BD8pc4-B-A-DXC4/report.txt	2	1	0	0	0	0	0
/Volumes/GigiMurin/plip/sterol_lipids/BD8pc4-B-A-DXC5/report.txt	1	0	0	0	0	0	0
/Volumes/GigiMurin/plip/sterol_lipids/BD8pc4-B-B-DXC1/report.txt	0	0	1	0	0	0	0
/Volumes/GigiMurin/plip/sterol_lipids/BD8pc4-B-B-DXC2/report.txt	0	1	0	0	0	0	0
/Volumes/GigiMurin/plip/sterol_lipids/BD8pc4-B-B-DXC3/report.txt	0	0	0	0	0	0	0
/Volumes/GigiMurin/plip/sterol_lipids/BD8pc4-B-B-DXC4/report.txt	2	0	0	0	0	0	0
/Volumes/GigiMurin/plip/sterol_lipids/BD8pg0-A-A-CLR1/report.txt	5	0	0	0	0	0	0
/Volumes/GigiMurin/plip/sterol_lipids/BD8pg0-A-A-CLR2/report.txt	2	0	0	0	0	0	0
/Volumes/GigiMurin/plip/sterol_lipids/BD8pg0-A-A-CLR3/report.txt	6	0	0	0	0	0	0
/Volumes/GigiMurin/plip/sterol_lipids/BD8phw-A-A-FY51/report.txt	6	3	0	0	0	0	0
/Volumes/GigiMurin/plip/sterol_lipids/BD8pjk-R-R-CLR1/report.txt	5	0	0	0	0	0	0
/Volumes/GigiMurin/plip/sterol_lipids/BD8pjk-R-R-CLR2/report.txt	7	0	0	0	0	0	0
/Volumes/GigiMurin/plip/sterol_lipids/BD8pkm-R-R-CLR1/report.txt	6	1	0	0	0	0	0
/Volumes/GigiMurin/plip/sterol_lipids/BD8pm6-A-A-CLR1/report.txt	5	0	0	0	0	0	0
/Volumes/GigiMurin/plip/sterol_lipids/BD8pm6-A-A-CLR2/report.txt	5	0	0	0	0	0	0
/Volumes/GigiMurin/plip/sterol_lipids/BD8pm6-A-A-CLR3/report.txt	3	0	0	0	0	0	0
/Volumes/GigiMurin/plip/sterol_lipids/BD8pm6-A-A-CLR4/report.txt	3	0	0	0	0	0	0
/Volumes/GigiMurin/plip/sterol_lipids/BD8pm6-A-A-CLR5/report.txt	1	0	0	0	0	0	0
/Volumes/GigiMurin/plip/sterol_lipids/BD8pm6-A-A-CLR6/report.txt	5	0	0	0	0	0	0
/Volumes/GigiMurin/plip/sterol_lipids/BD8pm6-A-A-CLR7/report.txt	4	1	0	0	0	0	0
/Volumes/GigiMurin/plip/sterol_lipids/BD8pm6-A-A-CLR8/report.txt	4	0	0	0	0	0	0
/Volumes/GigiMurin/plip/sterol_lipids/BD8pmj-A-A-CLR1/report.txt	5	0	0	0	0	0	0
/Volumes/GigiMurin/plip/sterol_lipids/BD8pmj-A-A-CLR2/report.txt	5	0	0	0	0	0	0
/Volumes/GigiMurin/plip/sterol_lipids/BD8pmj-A-A-CLR3/report.txt	5	1	0	0	0	0	0
/Volumes/GigiMurin/plip/sterol_lipids/BD8pmj-A-A-CLR4/report.txt	5	1	0	0	0	0	0
/Volumes/GigiMurin/plip/sterol_lipids/BD8pwn-A-A-CLR1/report.txt	6	1	0	0	0	0	0
/Volumes/GigiMurin/plip/sterol_lipids/BD8pwn-A-A-CLR2/report.txt	5	0	0	0	0	0	0
/Volumes/GigiMurin/plip/sterol_lipids/BD8pwn-A-A-CLR3/report.txt	7	0	0	0	0	0	0
/Volumes/GigiMurin/plip/sterol_lipids/BD8q0a-i-i-CHD1/report.txt	2	0	3	0	0	0	0
/Volumes/GigiMurin/plip/sterol_lipids/BD8q0a-L-i-CHD1/report.txt	4	2	0	0	0	0	0
/Volumes/GigiMurin/plip/sterol_lipids/BD8q0f-i-i-CHD1/report.txt	3	0	3	0	0	0	0
/Volumes/GigiMurin/plip/sterol_lipids/BD8q0f-L-i-CHD1/report.txt	5	3	0	0	0	0	0
/Volumes/GigiMurin/plip/sterol_lipids/BD8q0j-i-i-CHD1/report.txt	1	1	0	0	0	0	0
/Volumes/GigiMurin/plip/sterol_lipids/BD8q0m-i-i-CHD1/report.txt	3	1	3	0	0	0	0
/Volumes/GigiMurin/plip/sterol_lipids/BD8q0m-L-i-CHD1/report.txt	6	3	0	0	0	0	0
/Volumes/GigiMurin/plip/sterol_lipids/BD8q0o-i-i-CHD1/report.txt	0	2	1	0	0	0	0
/Volumes/GigiMurin/plip/sterol_lipids/BD8q0o-L-i-CHD1/report.txt	6	0	0	0	0	0	0
/Volumes/GigiMurin/plip/sterol_lipids/BD8q0q-i-i-CHD1/report.txt	2	1	0	0	0	0	0
/Volumes/GigiMurin/plip/sterol_lipids/BD8q1p-i-i-CHD1/report.txt	1	0	3	0	0	0	0
/Volumes/GigiMurin/plip/sterol_lipids/BD8q1p-L-i-CHD1/report.txt	3	2	0	0	0	0	0
/Volumes/GigiMurin/plip/sterol_lipids/BD8q1u-i-i-CHD1/report.txt	3	1	3	0	0	0	0
/Volumes/GigiMurin/plip/sterol_lipids/BD8q1u-L-i-CHD1/report.txt	4	0	0	0	0	0	0
/Volumes/GigiMurin/plip/sterol_lipids/BD8q1y-i-i-CHD1/report.txt	2	2	2	0	0	0	0
/Volumes/GigiMurin/plip/sterol_lipids/BD8q1y-L-i-CHD1/report.txt	5	0	0	0	0	0	0
/Volumes/GigiMurin/plip/sterol_lipids/BD8q25-i-i-CHD1/report.txt	2	1	2	0	0	0	0
/Volumes/GigiMurin/plip/sterol_lipids/BD8q25-L-i-CHD1/report.txt	4	0	0	0	0	0	0
/Volumes/GigiMurin/plip/sterol_lipids/BD8q45-i-i-CHD1/report.txt	1	0	3	0	0	0	0
/Volumes/GigiMurin/plip/sterol_lipids/BD8q45-L-i-CHD1/report.txt	5	0	0	0	0	0	0
/Volumes/GigiMurin/plip/sterol_lipids/BD8q46-i-i-CHD1/report.txt	1	0	3	0	0	0	0
/Volumes/GigiMurin/plip/sterol_lipids/BD8q46-L-i-CHD1/report.txt	3	2	0	0	0	0	0
/Volumes/GigiMurin/plip/sterol_lipids/BD8q47-i-i-CHD1/report.txt	0	1	2	0	0	0	0
/Volumes/GigiMurin/plip/sterol_lipids/BD8q47-L-i-CHD1/report.txt	3	0	0	0	0	0	0
/Volumes/GigiMurin/plip/sterol_lipids/BD8q48-i-i-CHD1/report.txt	1	0	3	0	0	0	0
/Volumes/GigiMurin/plip/sterol_lipids/BD8q48-L-i-CHD1/report.txt	4	3	0	0	0	0	0
/Volumes/GigiMurin/plip/sterol_lipids/BD8q49-i-L-CHD1/report.txt	1	3	1	0	0	0	0
/Volumes/GigiMurin/plip/sterol_lipids/BD8q49-L-L-CHD1/report.txt	6	0	0	0	0	0	0
/Volumes/GigiMurin/plip/sterol_lipids/BD8q4a-i-i-CHD1/report.txt	1	1	2	0	0	0	0
/Volumes/GigiMurin/plip/sterol_lipids/BD8q4a-L-i-CHD1/report.txt	5	0	0	0	0	0	0
/Volumes/GigiMurin/plip/sterol_lipids/BD8q6r-A-A-GCH1/report.txt	1	0	0	0	0	0	0
/Volumes/GigiMurin/plip/sterol_lipids/BD8q6r-A-A-GCH2/report.txt	1	2	0	0	0	0	0
/Volumes/GigiMurin/plip/sterol_lipids/BD8qeb-A-A-ERG1/report.txt	7	0	0	0	0	0	0
/Volumes/GigiMurin/plip/sterol_lipids/BD8qec-A-A-ERG1/report.txt	6	0	0	0	0	0	0
/Volumes/GigiMurin/plip/sterol_lipids/BD8qed-A-A-ERG1/report.txt	16	0	0	0	0	0	0
/Volumes/GigiMurin/plip/sterol_lipids/BD8qed-A-A-ERG2/report.txt	8	0	0	0	0	0	0
/Volumes/GigiMurin/plip/sterol_lipids/BD8qey-A-A-AJP1/report.txt	5	0	0	0	0	0	0
/Volumes/GigiMurin/plip/sterol_lipids/BD8qmk-A-A-CPS1/report.txt	1	1	0	0	0	0	0
/Volumes/GigiMurin/plip/sterol_lipids/BD8qml-A-A-CPS1/report.txt	3	1	0	0	0	0	0
/Volumes/GigiMurin/plip/sterol_lipids/BD8qml-A-A-CPS2/report.txt	3	0	0	0	0	0	0
/Volumes/GigiMurin/plip/sterol_lipids/BD8qml-A-A-CPS3/report.txt	4	4	0	0	0	0	0
/Volumes/GigiMurin/plip/sterol_lipids/BD8qml-A-A-CPS4/report.txt	0	1	0	0	0	0	0
/Volumes/GigiMurin/plip/sterol_lipids/BD8qml-A-A-CPS5/report.txt	2	0	0	0	0	0	0
/Volumes/GigiMurin/plip/sterol_lipids/BD8qmm-A-A-CPS1/report.txt	1	1	0	0	0	0	0
/Volumes/GigiMurin/plip/sterol_lipids/BD8qmn-A-A-CPS1/report.txt	2	1	0	0	0	0	0
/Volumes/GigiMurin/plip/sterol_lipids/BD8qrd-A-A-TES1/report.txt	6	1	0	0	0	0	0
/Volumes/GigiMurin/plip/sterol_lipids/BD8qrd-B-B-TES1/report.txt	5	0	0	0	0	0	0
/Volumes/GigiMurin/plip/sterol_lipids/BD8qrd-C-C-TES1/report.txt	6	0	0	0	0	0	0
/Volumes/GigiMurin/plip/sterol_lipids/BD8qrd-D-D-TES1/report.txt	6	0	0	0	0	0	0
/Volumes/GigiMurin/plip/sterol_lipids/BD8qrd-E-E-TES1/report.txt	6	0	0	0	0	0	0
/Volumes/GigiMurin/plip/sterol_lipids/BD8qrd-F-F-TES1/report.txt	7	0	0	0	0	0	0
/Volumes/GigiMurin/plip/sterol_lipids/BD8qyi-A-A-4OA1/report.txt	5	2	0	0	0	0	0
/Volumes/GigiMurin/plip/sterol_lipids/BD8qyi-B-B-4OA1/report.txt	4	1	0	0	0	0	0
/Volumes/GigiMurin/plip/sterol_lipids/BD8qyi-C-C-4OA1/report.txt	5	1	0	0	0	0	0
/Volumes/GigiMurin/plip/sterol_lipids/BD8qyi-D-D-4OA1/report.txt	4	1	0	0	0	0	0
/Volumes/GigiMurin/plip/sterol_lipids/BD8qyi-E-E-4OA1/report.txt	5	1	0	0	0	0	0
/Volumes/GigiMurin/plip/sterol_lipids/BD8qyi-F-F-4OA1/report.txt	4	2	0	0	0	0	0
/Volumes/GigiMurin/plip/sterol_lipids/BD8rh4-A-A-EST1/report.txt	1	1	0	0	0	0	0
/Volumes/GigiMurin/plip/sterol_lipids/BD8rh4-A-A-EST2/report.txt	2	1	0	0	1	0	0
/Volumes/GigiMurin/plip/sterol_lipids/BD8rh4-B-A-EST2/report.txt	1	1	0	0	0	0	0
/Volumes/GigiMurin/plip/sterol_lipids/BD8rh4-B-B-EST1/report.txt	2	1	0	0	1	0	0
/Volumes/GigiMurin/plip/sterol_lipids/BD8rh4-C-B-EST1/report.txt	1	1	0	0	0	0	0
/Volumes/GigiMurin/plip/sterol_lipids/BD8rh4-C-C-EST1/report.txt	1	1	0	0	1	0	0
/Volumes/GigiMurin/plip/sterol_lipids/BD8rh4-D-C-EST1/report.txt	1	1	0	0	0	0	0
/Volumes/GigiMurin/plip/sterol_lipids/BD8rh4-D-D-EST1/report.txt	2	1	0	0	1	0	0
/Volumes/GigiMurin/plip/sterol_lipids/BD8rh4-E-A-EST1/report.txt	1	1	0	0	1	0	0
/Volumes/GigiMurin/plip/sterol_lipids/BD8rh4-E-D-EST1/report.txt	1	1	0	0	0	0	0
/Volumes/GigiMurin/plip/sterol_lipids/BD8rh7-A-A-EST1/report.txt	1	3	0	0	0	0	0
/Volumes/GigiMurin/plip/sterol_lipids/BD8rh7-A-B-EST1/report.txt	1	0	0	0	1	0	0
/Volumes/GigiMurin/plip/sterol_lipids/BD8rh7-B-B-EST1/report.txt	1	3	0	0	0	0	0
/Volumes/GigiMurin/plip/sterol_lipids/BD8rh7-B-C-EST1/report.txt	1	0	0	0	1	0	0
/Volumes/GigiMurin/plip/sterol_lipids/BD8rh7-C-C-EST1/report.txt	1	3	0	0	0	0	0
/Volumes/GigiMurin/plip/sterol_lipids/BD8rh7-C-D-EST1/report.txt	1	0	0	0	1	0	0
/Volumes/GigiMurin/plip/sterol_lipids/BD8rh7-D-D-EST1/report.txt	1	3	0	0	0	0	0
/Volumes/GigiMurin/plip/sterol_lipids/BD8rh7-D-E-EST1/report.txt	1	0	0	0	1	0	0
/Volumes/GigiMurin/plip/sterol_lipids/BD8rh7-E-A-EST1/report.txt	1	0	0	0	1	0	0
/Volumes/GigiMurin/plip/sterol_lipids/BD8rh7-E-E-EST1/report.txt	1	3	0	0	0	0	0
/Volumes/GigiMurin/plip/sterol_lipids/BD8rh9-A-B-A8W1/report.txt	2	0	0	0	0	0	0
/Volumes/GigiMurin/plip/sterol_lipids/BD8rh9-B-B-A8W1/report.txt	1	1	0	0	0	0	0
/Volumes/GigiMurin/plip/sterol_lipids/BD8rh9-C-B-A8W1/report.txt	2	0	0	0	0	0	0
/Volumes/GigiMurin/plip/sterol_lipids/BD8rh9-D-B-A8W1/report.txt	1	0	0	0	0	0	0
/Volumes/GigiMurin/plip/sterol_lipids/BD8rh9-E-B-A8W1/report.txt	1	1	0	0	0	0	0
/Volumes/GigiMurin/plip/sterol_lipids/BD8rhg-A-A-A8W1/report.txt	3	0	0	0	0	0	0
/Volumes/GigiMurin/plip/sterol_lipids/BD8rln-A-A-CLR1/report.txt	4	1	0	0	0	0	0
/Volumes/GigiMurin/plip/sterol_lipids/BD8rln-A-A-CLR2/report.txt	5	1	0	0	0	0	0
/Volumes/GigiMurin/plip/sterol_lipids/BD8rln-A-A-CLR3/report.txt	5	0	0	0	0	0	0
/Volumes/GigiMurin/plip/sterol_lipids/BD8rqq-A-A-CLR1/report.txt	8	2	0	0	0	0	0
/Volumes/GigiMurin/plip/sterol_lipids/BD8rqq-A-A-CLR2/report.txt	5	1	0	0	0	0	0
/Volumes/GigiMurin/plip/sterol_lipids/BD8rqq-A-A-CLR3/report.txt	9	0	0	0	0	0	0
/Volumes/GigiMurin/plip/sterol_lipids/BD8s3e-A-A-CLR1/report.txt	6	0	0	0	0	0	0
/Volumes/GigiMurin/plip/sterol_lipids/BD8s3e-A-A-CLR2/report.txt	8	0	0	0	0	0	0
/Volumes/GigiMurin/plip/sterol_lipids/BD8s3e-A-A-CLR3/report.txt	2	0	0	0	0	0	0
/Volumes/GigiMurin/plip/sterol_lipids/BD8s3e-A-A-CLR4/report.txt	3	1	0	0	0	0	0
/Volumes/GigiMurin/plip/sterol_lipids/BD8s3e-A-B-CLR2/report.txt	1	0	0	0	0	0	0
/Volumes/GigiMurin/plip/sterol_lipids/BD8s3e-B-B-CLR1/report.txt	6	0	0	0	0	0	0
/Volumes/GigiMurin/plip/sterol_lipids/BD8s3e-B-B-CLR2/report.txt	8	0	0	0	0	0	0
/Volumes/GigiMurin/plip/sterol_lipids/BD8s3e-B-B-CLR3/report.txt	2	0	0	0	0	0	0
/Volumes/GigiMurin/plip/sterol_lipids/BD8s3e-B-B-CLR4/report.txt	3	1	0	0	0	0	0
/Volumes/GigiMurin/plip/sterol_lipids/BD8s3e-B-C-CLR2/report.txt	1	0	0	0	0	0	0
/Volumes/GigiMurin/plip/sterol_lipids/BD8s3e-C-C-CLR1/report.txt	6	0	0	0	0	0	0
/Volumes/GigiMurin/plip/sterol_lipids/BD8s3e-C-C-CLR2/report.txt	8	0	0	0	0	0	0
/Volumes/GigiMurin/plip/sterol_lipids/BD8s3e-C-C-CLR3/report.txt	2	0	0	0	0	0	0
/Volumes/GigiMurin/plip/sterol_lipids/BD8s3e-C-C-CLR4/report.txt	3	1	0	0	0	0	0
/Volumes/GigiMurin/plip/sterol_lipids/BD8s3e-C-D-CLR2/report.txt	3	0	0	0	0	0	0
/Volumes/GigiMurin/plip/sterol_lipids/BD8s3e-D-A-CLR2/report.txt	2	0	0	0	0	0	0
/Volumes/GigiMurin/plip/sterol_lipids/BD8s3e-D-D-CLR1/report.txt	6	0	0	0	0	0	0
/Volumes/GigiMurin/plip/sterol_lipids/BD8s3e-D-D-CLR2/report.txt	8	0	0	0	0	0	0
/Volumes/GigiMurin/plip/sterol_lipids/BD8s3e-D-D-CLR3/report.txt	2	0	0	0	0	0	0
/Volumes/GigiMurin/plip/sterol_lipids/BD8s3e-D-D-CLR4/report.txt	3	1	0	0	0	0	0
/Volumes/GigiMurin/plip/sterol_lipids/BD8sg1-R-R-CLR1/report.txt	2	0	0	0	0	0	0
/Volumes/GigiMurin/plip/sterol_lipids/BD8sgo-A-E-A8W1/report.txt	1	0	0	0	0	0	0
/Volumes/GigiMurin/plip/sterol_lipids/BD8sgo-B-E-A8W1/report.txt	1	0	0	0	0	0	0
/Volumes/GigiMurin/plip/sterol_lipids/BD8sgo-C-E-A8W1/report.txt	1	0	0	0	0	0	0
/Volumes/GigiMurin/plip/sterol_lipids/BD8sgo-D-E-A8W1/report.txt	1	0	0	0	0	0	0
/Volumes/GigiMurin/plip/sterol_lipids/BD8sgo-E-E-A8W1/report.txt	3	0	0	0	0	0	0
/Volumes/GigiMurin/plip/sterol_lipids/BD8sgw-C-C-CLR1/report.txt	1	0	0	0	0	0	0
/Volumes/GigiMurin/plip/sterol_lipids/BD8sgw-C-C-CLR2/report.txt	2	0	0	0	0	0	0
/Volumes/GigiMurin/plip/sterol_lipids/BD8sgw-C-C-CLR3/report.txt	5	0	0	0	0	0	0
/Volumes/GigiMurin/plip/sterol_lipids/BD8sgw-C-C-CLR4/report.txt	10	0	0	0	0	0	0
/Volumes/GigiMurin/plip/sterol_lipids/BD8sgw-C-C-CLR5/report.txt	10	0	0	0	0	0	0
/Volumes/GigiMurin/plip/sterol_lipids/BD8sgw-C-C-CLR6/report.txt	4	0	0	0	0	0	0
/Volumes/GigiMurin/plip/sterol_lipids/BD8sgw-C-D-CLR6/report.txt	1	0	0	0	0	0	0
/Volumes/GigiMurin/plip/sterol_lipids/BD8sgw-D-C-CLR6/report.txt	1	0	0	0	0	0	0
/Volumes/GigiMurin/plip/sterol_lipids/BD8sgw-D-D-CLR1/report.txt	1	0	0	0	0	0	0
/Volumes/GigiMurin/plip/sterol_lipids/BD8sgw-D-D-CLR2/report.txt	2	0	0	0	0	0	0
/Volumes/GigiMurin/plip/sterol_lipids/BD8sgw-D-D-CLR3/report.txt	5	0	0	0	0	0	0
/Volumes/GigiMurin/plip/sterol_lipids/BD8sgw-D-D-CLR4/report.txt	10	0	0	0	0	0	0
/Volumes/GigiMurin/plip/sterol_lipids/BD8sgw-D-D-CLR5/report.txt	10	0	0	0	0	0	0
/Volumes/GigiMurin/plip/sterol_lipids/BD8sgw-D-D-CLR6/report.txt	4	0	0	0	0	0	0
/Volumes/GigiMurin/plip/sterol_lipids/BD8sh3-C-C-CLR1/report.txt	2	0	0	0	0	0	0
/Volumes/GigiMurin/plip/sterol_lipids/BD8sh3-C-C-CLR2/report.txt	2	0	0	0	0	0	0
/Volumes/GigiMurin/plip/sterol_lipids/BD8sh3-C-C-CLR3/report.txt	5	0	0	0	0	0	0
/Volumes/GigiMurin/plip/sterol_lipids/BD8sh3-C-C-CLR4/report.txt	7	0	0	0	0	0	0
/Volumes/GigiMurin/plip/sterol_lipids/BD8sh3-C-C-CLR5/report.txt	6	0	0	0	0	0	0
/Volumes/GigiMurin/plip/sterol_lipids/BD8sh3-C-C-CLR6/report.txt	4	0	0	0	0	0	0
/Volumes/GigiMurin/plip/sterol_lipids/BD8sh3-C-D-CLR6/report.txt	1	0	0	0	0	0	0
/Volumes/GigiMurin/plip/sterol_lipids/BD8sh3-D-C-CLR6/report.txt	1	0	0	0	0	0	0
/Volumes/GigiMurin/plip/sterol_lipids/BD8sh3-D-D-CLR1/report.txt	3	1	0	0	0	0	0
/Volumes/GigiMurin/plip/sterol_lipids/BD8sh3-D-D-CLR2/report.txt	4	0	0	0	0	0	0
/Volumes/GigiMurin/plip/sterol_lipids/BD8sh3-D-D-CLR3/report.txt	5	0	0	0	0	0	0
/Volumes/GigiMurin/plip/sterol_lipids/BD8sh3-D-D-CLR4/report.txt	9	0	0	0	0	0	0
/Volumes/GigiMurin/plip/sterol_lipids/BD8sh3-D-D-CLR5/report.txt	6	0	0	0	0	0	0
/Volumes/GigiMurin/plip/sterol_lipids/BD8sh3-D-D-CLR6/report.txt	4	0	0	0	0	0	0
/Volumes/GigiMurin/plip/sterol_lipids/BD8shc-C-C-CLR1/report.txt	0	0	0	0	0	0	0
/Volumes/GigiMurin/plip/sterol_lipids/BD8shc-C-C-CLR2/report.txt	2	0	0	0	0	0	0
/Volumes/GigiMurin/plip/sterol_lipids/BD8shc-C-C-CLR3/report.txt	6	0	0	0	0	0	0
/Volumes/GigiMurin/plip/sterol_lipids/BD8shc-C-C-CLR4/report.txt	7	0	0	0	0	0	0
/Volumes/GigiMurin/plip/sterol_lipids/BD8shc-C-C-CLR5/report.txt	1	0	0	0	0	0	0
/Volumes/GigiMurin/plip/sterol_lipids/BD8shc-C-C-CLR6/report.txt	3	0	0	0	0	0	0
/Volumes/GigiMurin/plip/sterol_lipids/BD8shc-D-D-CLR1/report.txt	1	0	0	0	0	0	0
/Volumes/GigiMurin/plip/sterol_lipids/BD8shc-D-D-CLR2/report.txt	2	0	0	0	0	0	0
/Volumes/GigiMurin/plip/sterol_lipids/BD8shc-D-D-CLR3/report.txt	6	0	0	0	0	0	0
/Volumes/GigiMurin/plip/sterol_lipids/BD8shc-D-D-CLR4/report.txt	7	0	0	0	0	0	0
/Volumes/GigiMurin/plip/sterol_lipids/BD8shc-D-D-CLR5/report.txt	1	0	0	0	0	0	0
/Volumes/GigiMurin/plip/sterol_lipids/BD8shc-D-D-CLR6/report.txt	4	0	0	0	0	0	0
/Volumes/GigiMurin/plip/sterol_lipids/BD8si2-A-A-CLR1/report.txt	4	1	0	0	0	0	0
/Volumes/GigiMurin/plip/sterol_lipids/BD8si2-A-A-DU01/report.txt	3	0	0	0	0	0	0
/Volumes/GigiMurin/plip/sterol_lipids/BD8si2-A-B-DU01/report.txt	1	0	0	0	0	0	0
/Volumes/GigiMurin/plip/sterol_lipids/BD8si2-A-D-CLR1/report.txt	4	0	0	0	0	0	0
/Volumes/GigiMurin/plip/sterol_lipids/BD8si3-A-A-CLR1/report.txt	5	3	0	0	0	0	0
/Volumes/GigiMurin/plip/sterol_lipids/BD8si3-A-A-DU01/report.txt	3	1	0	0	0	0	0
/Volumes/GigiMurin/plip/sterol_lipids/BD8si3-A-B-DU01/report.txt	6	0	0	0	0	0	0
/Volumes/GigiMurin/plip/sterol_lipids/BD8si3-A-D-CLR1/report.txt	6	0	0	0	0	0	0
/Volumes/GigiMurin/plip/sterol_lipids/BD8si3-B-C-DU01/report.txt	3	0	0	0	0	0	0
/Volumes/GigiMurin/plip/sterol_lipids/BD8si4-A-A-CLR1/report.txt	4	2	0	0	0	0	0
/Volumes/GigiMurin/plip/sterol_lipids/BD8si4-A-A-DU01/report.txt	0	0	0	0	0	0	0
/Volumes/GigiMurin/plip/sterol_lipids/BD8si4-A-A-DU02/report.txt	3	1	0	0	0	0	0
/Volumes/GigiMurin/plip/sterol_lipids/BD8si4-A-B-DU01/report.txt	3	0	0	0	0	0	0
/Volumes/GigiMurin/plip/sterol_lipids/BD8si4-A-D-CLR1/report.txt	5	0	0	0	0	0	0
/Volumes/GigiMurin/plip/sterol_lipids/BD8si4-A-D-DU01/report.txt	1	0	0	0	0	0	0
/Volumes/GigiMurin/plip/sterol_lipids/BD8si4-B-A-DU02/report.txt	1	0	0	0	0	0	0
/Volumes/GigiMurin/plip/sterol_lipids/BD8si4-B-B-DU02/report.txt	3	1	0	0	0	0	0
/Volumes/GigiMurin/plip/sterol_lipids/BD8si4-C-B-DU02/report.txt	1	0	0	0	0	0	0
/Volumes/GigiMurin/plip/sterol_lipids/BD8si4-D-C-DU01/report.txt	1	0	0	0	0	0	0
/Volumes/GigiMurin/plip/sterol_lipids/BD8si5-A-A-CLR1/report.txt	5	3	0	0	0	0	0
/Volumes/GigiMurin/plip/sterol_lipids/BD8si5-A-A-DU01/report.txt	4	1	0	0	0	0	0
/Volumes/GigiMurin/plip/sterol_lipids/BD8si5-A-A-DU02/report.txt	5	0	0	0	0	0	0
/Volumes/GigiMurin/plip/sterol_lipids/BD8si5-A-D-CLR1/report.txt	5	0	0	0	0	0	0
/Volumes/GigiMurin/plip/sterol_lipids/BD8si6-A-A-CLR1/report.txt	3	3	0	0	0	0	0
/Volumes/GigiMurin/plip/sterol_lipids/BD8si6-A-A-DU01/report.txt	3	1	0	0	0	0	0
/Volumes/GigiMurin/plip/sterol_lipids/BD8si6-A-B-DU01/report.txt	3	0	0	0	0	0	0
/Volumes/GigiMurin/plip/sterol_lipids/BD8si6-A-D-CLR1/report.txt	4	0	0	0	0	0	0
/Volumes/GigiMurin/plip/sterol_lipids/BD8si6-B-A-CLR1/report.txt	3	0	0	0	0	0	0
/Volumes/GigiMurin/plip/sterol_lipids/BD8si7-A-A-CLR1/report.txt	5	1	0	0	0	0	0
/Volumes/GigiMurin/plip/sterol_lipids/BD8si7-A-A-DU01/report.txt	3	1	0	0	0	0	0
/Volumes/GigiMurin/plip/sterol_lipids/BD8si7-A-B-DU01/report.txt	6	0	0	0	0	0	0
/Volumes/GigiMurin/plip/sterol_lipids/BD8si7-A-D-CLR1/report.txt	4	0	0	0	0	0	0
/Volumes/GigiMurin/plip/sterol_lipids/BD8si8-A-A-CLR1/report.txt	4	1	0	0	0	0	0
/Volumes/GigiMurin/plip/sterol_lipids/BD8si8-A-A-DU01/report.txt	3	0	0	0	0	0	0
/Volumes/GigiMurin/plip/sterol_lipids/BD8si8-A-B-DU01/report.txt	5	0	0	0	0	0	0
/Volumes/GigiMurin/plip/sterol_lipids/BD8si8-A-D-CLR1/report.txt	5	0	0	0	0	0	0
/Volumes/GigiMurin/plip/sterol_lipids/BD8si9-A-A-Y4B1/report.txt	4	0	0	0	0	0	0
/Volumes/GigiMurin/plip/sterol_lipids/BD8si9-B-A-Y4B1/report.txt	9	0	0	0	0	0	0
/Volumes/GigiMurin/plip/sterol_lipids/BD8sia-A-A-DU01/report.txt	1	0	0	0	0	0	0
/Volumes/GigiMurin/plip/sterol_lipids/BD8sia-A-A-DU02/report.txt	6	0	0	0	0	0	0
/Volumes/GigiMurin/plip/sterol_lipids/BD8sia-A-B-CLR1/report.txt	3	2	0	0	0	0	0
/Volumes/GigiMurin/plip/sterol_lipids/BD8sia-A-D-CLR1/report.txt	4	0	0	0	0	0	0
/Volumes/GigiMurin/plip/sterol_lipids/BD8sia-B-A-DU02/report.txt	1	1	0	0	0	0	0
/Volumes/GigiMurin/plip/sterol_lipids/BD8sia-C-B-CLR2/report.txt	5	0	0	0	0	0	0
/Volumes/GigiMurin/plip/sterol_lipids/BD8sia-C-C-DU01/report.txt	2	1	0	0	0	0	0
/Volumes/GigiMurin/plip/sterol_lipids/BD8sia-C-C-DU02/report.txt	5	0	0	0	0	0	0
/Volumes/GigiMurin/plip/sterol_lipids/BD8sid-A-A-ZWY1/report.txt	1	0	0	0	0	0	0
/Volumes/GigiMurin/plip/sterol_lipids/BD8sid-B-A-ZWY1/report.txt	1	1	0	0	0	0	0
/Volumes/GigiMurin/plip/sterol_lipids/BD8sid-C-A-ZWY1/report.txt	1	0	0	0	0	0	0
/Volumes/GigiMurin/plip/sterol_lipids/BD8sid-D-A-ZWY1/report.txt	1	0	0	0	0	0	0
/Volumes/GigiMurin/plip/sterol_lipids/BD8sie-C-C-CLR1/report.txt	2	0	0	0	0	0	0
/Volumes/GigiMurin/plip/sterol_lipids/BD8sie-C-C-CLR2/report.txt	2	0	0	0	0	0	0
/Volumes/GigiMurin/plip/sterol_lipids/BD8sie-C-C-CLR3/report.txt	5	0	0	0	0	0	0
/Volumes/GigiMurin/plip/sterol_lipids/BD8sie-C-C-CLR4/report.txt	7	0	0	0	0	0	0
/Volumes/GigiMurin/plip/sterol_lipids/BD8sie-C-C-CLR5/report.txt	5	0	0	0	0	0	0
/Volumes/GigiMurin/plip/sterol_lipids/BD8sie-C-C-CLR6/report.txt	3	0	0	0	0	0	0
/Volumes/GigiMurin/plip/sterol_lipids/BD8sie-D-D-CLR1/report.txt	1	0	0	0	0	0	0
/Volumes/GigiMurin/plip/sterol_lipids/BD8sie-D-D-CLR2/report.txt	2	0	0	0	0	0	0
/Volumes/GigiMurin/plip/sterol_lipids/BD8sie-D-D-CLR3/report.txt	7	0	0	0	0	0	0
/Volumes/GigiMurin/plip/sterol_lipids/BD8sie-D-D-CLR4/report.txt	7	0	0	0	0	0	0
/Volumes/GigiMurin/plip/sterol_lipids/BD8sie-D-D-CLR5/report.txt	6	0	0	0	0	0	0
/Volumes/GigiMurin/plip/sterol_lipids/BD8sie-D-D-CLR6/report.txt	3	0	0	0	0	0	0
/Volumes/GigiMurin/plip/sterol_lipids/BD8sjx-A-A-CLR1/report.txt	9	1	0	0	0	0	0
/Volumes/GigiMurin/plip/sterol_lipids/BD8sjy-A-A-CLR1/report.txt	9	1	0	0	0	0	0
/Volumes/GigiMurin/plip/sterol_lipids/BD8sjy-A-A-CLR2/report.txt	3	0	0	0	0	0	0
/Volumes/GigiMurin/plip/sterol_lipids/BD8sjy-A-A-CLR3/report.txt	3	0	0	0	0	0	0
/Volumes/GigiMurin/plip/sterol_lipids/BD8sjy-A-A-CLR4/report.txt	3	0	0	0	0	0	0
/Volumes/GigiMurin/plip/sterol_lipids/BD8smv-R-R-CLR1/report.txt	1	0	0	0	0	0	0
/Volumes/GigiMurin/plip/sterol_lipids/BD8sr7-A-A-CLR1/report.txt	3	0	0	0	0	0	0
/Volumes/GigiMurin/plip/sterol_lipids/BD8sr7-A-A-CLR2/report.txt	6	2	0	0	0	0	0
/Volumes/GigiMurin/plip/sterol_lipids/BD8sr7-A-A-CLR3/report.txt	1	1	0	0	0	0	0
/Volumes/GigiMurin/plip/sterol_lipids/BD8sr7-A-B-CLR1/report.txt	1	0	0	0	0	0	0
/Volumes/GigiMurin/plip/sterol_lipids/BD8sr7-A-D-CLR1/report.txt	6	0	0	0	0	0	0
/Volumes/GigiMurin/plip/sterol_lipids/BD8sr7-B-A-CLR2/report.txt	6	0	0	0	0	0	0
/Volumes/GigiMurin/plip/sterol_lipids/BD8sr7-B-B-CLR1/report.txt	3	0	0	0	0	0	0
/Volumes/GigiMurin/plip/sterol_lipids/BD8sr7-B-B-CLR2/report.txt	6	2	0	0	0	0	0
/Volumes/GigiMurin/plip/sterol_lipids/BD8sr7-B-B-CLR3/report.txt	1	1	0	0	0	0	0
/Volumes/GigiMurin/plip/sterol_lipids/BD8sr7-B-C-CLR1/report.txt	1	0	0	0	0	0	0
/Volumes/GigiMurin/plip/sterol_lipids/BD8sr7-C-B-CLR2/report.txt	6	0	0	0	0	0	0
/Volumes/GigiMurin/plip/sterol_lipids/BD8sr7-C-C-CLR1/report.txt	3	0	0	0	0	0	0
/Volumes/GigiMurin/plip/sterol_lipids/BD8sr7-C-C-CLR2/report.txt	6	2	0	0	0	0	0
/Volumes/GigiMurin/plip/sterol_lipids/BD8sr7-C-C-CLR3/report.txt	1	1	0	0	0	0	0
/Volumes/GigiMurin/plip/sterol_lipids/BD8sr7-C-D-CLR3/report.txt	1	0	0	0	0	0	0
/Volumes/GigiMurin/plip/sterol_lipids/BD8sr7-D-A-CLR1/report.txt	1	0	0	0	0	0	0
/Volumes/GigiMurin/plip/sterol_lipids/BD8sr7-D-C-CLR2/report.txt	6	0	0	0	0	0	0
/Volumes/GigiMurin/plip/sterol_lipids/BD8sr7-D-D-CLR1/report.txt	6	2	0	0	0	0	0
/Volumes/GigiMurin/plip/sterol_lipids/BD8sr7-D-D-CLR2/report.txt	1	1	0	0	0	0	0
/Volumes/GigiMurin/plip/sterol_lipids/BD8sr7-D-D-CLR3/report.txt	3	0	0	0	0	0	0
/Volumes/GigiMurin/plip/sterol_lipids/BD8sr8-A-A-CLR1/report.txt	5	0	0	0	0	0	0
/Volumes/GigiMurin/plip/sterol_lipids/BD8sr8-A-A-CLR2/report.txt	4	2	0	0	0	0	0
/Volumes/GigiMurin/plip/sterol_lipids/BD8sr8-A-A-CLR3/report.txt	2	0	0	0	0	0	0
/Volumes/GigiMurin/plip/sterol_lipids/BD8sr8-A-B-CLR1/report.txt	1	0	0	0	0	0	0
/Volumes/GigiMurin/plip/sterol_lipids/BD8sr8-A-D-CLR1/report.txt	5	0	0	0	0	0	0
/Volumes/GigiMurin/plip/sterol_lipids/BD8sr8-A-D-CLR2/report.txt	1	0	0	0	0	0	0
/Volumes/GigiMurin/plip/sterol_lipids/BD8sr8-B-A-CLR2/report.txt	5	0	0	0	0	0	0
/Volumes/GigiMurin/plip/sterol_lipids/BD8sr8-B-A-CLR3/report.txt	1	0	0	0	0	0	0
/Volumes/GigiMurin/plip/sterol_lipids/BD8sr8-B-B-CLR1/report.txt	5	0	0	0	0	0	0
/Volumes/GigiMurin/plip/sterol_lipids/BD8sr8-B-B-CLR2/report.txt	4	2	0	0	0	0	0
/Volumes/GigiMurin/plip/sterol_lipids/BD8sr8-B-B-CLR3/report.txt	2	0	0	0	0	0	0
/Volumes/GigiMurin/plip/sterol_lipids/BD8sr8-B-C-CLR1/report.txt	1	0	0	0	0	0	0
/Volumes/GigiMurin/plip/sterol_lipids/BD8sr8-C-B-CLR2/report.txt	5	0	0	0	0	0	0
/Volumes/GigiMurin/plip/sterol_lipids/BD8sr8-C-B-CLR3/report.txt	1	0	0	0	0	0	0
/Volumes/GigiMurin/plip/sterol_lipids/BD8sr8-C-C-CLR1/report.txt	5	0	0	0	0	0	0
/Volumes/GigiMurin/plip/sterol_lipids/BD8sr8-C-C-CLR2/report.txt	4	2	0	0	0	0	0
/Volumes/GigiMurin/plip/sterol_lipids/BD8sr8-C-C-CLR3/report.txt	2	0	0	0	0	0	0
/Volumes/GigiMurin/plip/sterol_lipids/BD8sr8-C-D-CLR3/report.txt	1	0	0	0	0	0	0
/Volumes/GigiMurin/plip/sterol_lipids/BD8sr8-D-A-CLR1/report.txt	1	0	0	0	0	0	0
/Volumes/GigiMurin/plip/sterol_lipids/BD8sr8-D-C-CLR2/report.txt	5	0	0	0	0	0	0
/Volumes/GigiMurin/plip/sterol_lipids/BD8sr8-D-C-CLR3/report.txt	1	0	0	0	0	0	0
/Volumes/GigiMurin/plip/sterol_lipids/BD8sr8-D-D-CLR1/report.txt	4	2	0	0	0	0	0
/Volumes/GigiMurin/plip/sterol_lipids/BD8sr8-D-D-CLR2/report.txt	2	0	0	0	0	0	0
/Volumes/GigiMurin/plip/sterol_lipids/BD8sr8-D-D-CLR3/report.txt	5	0	0	0	0	0	0
/Volumes/GigiMurin/plip/sterol_lipids/BD8sr9-A-A-CLR1/report.txt	6	0	0	0	0	0	0
/Volumes/GigiMurin/plip/sterol_lipids/BD8sr9-A-A-CLR2/report.txt	4	2	0	0	0	0	0
/Volumes/GigiMurin/plip/sterol_lipids/BD8sr9-A-A-CLR3/report.txt	4	1	0	0	0	0	0
/Volumes/GigiMurin/plip/sterol_lipids/BD8sr9-A-D-CLR1/report.txt	5	0	0	0	0	0	0
/Volumes/GigiMurin/plip/sterol_lipids/BD8sr9-B-A-CLR2/report.txt	5	0	0	0	0	0	0
/Volumes/GigiMurin/plip/sterol_lipids/BD8sr9-B-B-CLR1/report.txt	6	0	0	0	0	0	0
/Volumes/GigiMurin/plip/sterol_lipids/BD8sr9-B-B-CLR2/report.txt	4	2	0	0	0	0	0
/Volumes/GigiMurin/plip/sterol_lipids/BD8sr9-B-B-CLR3/report.txt	4	1	0	0	0	0	0
/Volumes/GigiMurin/plip/sterol_lipids/BD8sr9-C-B-CLR2/report.txt	5	0	0	0	0	0	0
/Volumes/GigiMurin/plip/sterol_lipids/BD8sr9-C-C-CLR1/report.txt	6	0	0	0	0	0	0
/Volumes/GigiMurin/plip/sterol_lipids/BD8sr9-C-C-CLR2/report.txt	4	2	0	0	0	0	0
/Volumes/GigiMurin/plip/sterol_lipids/BD8sr9-C-C-CLR3/report.txt	4	1	0	0	0	0	0
/Volumes/GigiMurin/plip/sterol_lipids/BD8sr9-D-C-CLR2/report.txt	5	0	0	0	0	0	0
/Volumes/GigiMurin/plip/sterol_lipids/BD8sr9-D-D-CLR1/report.txt	4	2	0	0	0	0	0
/Volumes/GigiMurin/plip/sterol_lipids/BD8sr9-D-D-CLR2/report.txt	4	1	0	0	0	0	0
/Volumes/GigiMurin/plip/sterol_lipids/BD8sr9-D-D-CLR3/report.txt	6	0	0	0	0	0	0
/Volumes/GigiMurin/plip/sterol_lipids/BD8sra-A-A-CLR1/report.txt	6	0	0	0	0	0	0
/Volumes/GigiMurin/plip/sterol_lipids/BD8sra-A-A-CLR2/report.txt	3	2	0	0	0	0	0
/Volumes/GigiMurin/plip/sterol_lipids/BD8sra-A-A-CLR3/report.txt	1	0	0	0	0	0	0
/Volumes/GigiMurin/plip/sterol_lipids/BD8sra-A-B-CLR1/report.txt	1	0	0	0	0	0	0
/Volumes/GigiMurin/plip/sterol_lipids/BD8sra-A-D-CLR1/report.txt	6	0	0	0	0	0	0
/Volumes/GigiMurin/plip/sterol_lipids/BD8sra-B-A-CLR2/report.txt	6	0	0	0	0	0	0
/Volumes/GigiMurin/plip/sterol_lipids/BD8sra-B-B-CLR1/report.txt	6	0	0	0	0	0	0
/Volumes/GigiMurin/plip/sterol_lipids/BD8sra-B-B-CLR2/report.txt	3	2	0	0	0	0	0
/Volumes/GigiMurin/plip/sterol_lipids/BD8sra-B-B-CLR3/report.txt	1	0	0	0	0	0	0
/Volumes/GigiMurin/plip/sterol_lipids/BD8sra-B-C-CLR1/report.txt	1	0	0	0	0	0	0
/Volumes/GigiMurin/plip/sterol_lipids/BD8sra-C-B-CLR2/report.txt	6	0	0	0	0	0	0
/Volumes/GigiMurin/plip/sterol_lipids/BD8sra-C-C-CLR1/report.txt	6	0	0	0	0	0	0
/Volumes/GigiMurin/plip/sterol_lipids/BD8sra-C-C-CLR2/report.txt	3	2	0	0	0	0	0
/Volumes/GigiMurin/plip/sterol_lipids/BD8sra-C-C-CLR3/report.txt	1	0	0	0	0	0	0
/Volumes/GigiMurin/plip/sterol_lipids/BD8sra-C-D-CLR3/report.txt	1	0	0	0	0	0	0
/Volumes/GigiMurin/plip/sterol_lipids/BD8sra-D-A-CLR1/report.txt	1	0	0	0	0	0	0
/Volumes/GigiMurin/plip/sterol_lipids/BD8sra-D-C-CLR2/report.txt	6	0	0	0	0	0	0
/Volumes/GigiMurin/plip/sterol_lipids/BD8sra-D-D-CLR1/report.txt	3	2	0	0	0	0	0
/Volumes/GigiMurin/plip/sterol_lipids/BD8sra-D-D-CLR2/report.txt	1	0	0	0	0	0	0
/Volumes/GigiMurin/plip/sterol_lipids/BD8sra-D-D-CLR3/report.txt	6	0	0	0	0	0	0
/Volumes/GigiMurin/plip/sterol_lipids/BD8srb-A-A-CLR1/report.txt	5	0	0	0	0	0	0
/Volumes/GigiMurin/plip/sterol_lipids/BD8srb-A-A-CLR2/report.txt	4	2	0	0	0	0	0
/Volumes/GigiMurin/plip/sterol_lipids/BD8srb-A-A-CLR3/report.txt	4	1	0	0	0	0	0
/Volumes/GigiMurin/plip/sterol_lipids/BD8srb-A-B-CLR1/report.txt	1	0	0	0	0	0	0
/Volumes/GigiMurin/plip/sterol_lipids/BD8srb-A-D-CLR1/report.txt	4	0	0	0	0	0	0
/Volumes/GigiMurin/plip/sterol_lipids/BD8srb-B-A-CLR2/report.txt	4	0	0	0	0	0	0
/Volumes/GigiMurin/plip/sterol_lipids/BD8srb-B-B-CLR1/report.txt	5	0	0	0	0	0	0
/Volumes/GigiMurin/plip/sterol_lipids/BD8srb-B-B-CLR2/report.txt	4	2	0	0	0	0	0
/Volumes/GigiMurin/plip/sterol_lipids/BD8srb-B-B-CLR3/report.txt	4	1	0	0	0	0	0
/Volumes/GigiMurin/plip/sterol_lipids/BD8srb-B-C-CLR1/report.txt	1	0	0	0	0	0	0
/Volumes/GigiMurin/plip/sterol_lipids/BD8srb-C-B-CLR2/report.txt	4	0	0	0	0	0	0
/Volumes/GigiMurin/plip/sterol_lipids/BD8srb-C-C-CLR1/report.txt	5	0	0	0	0	0	0
/Volumes/GigiMurin/plip/sterol_lipids/BD8srb-C-C-CLR2/report.txt	4	2	0	0	0	0	0
/Volumes/GigiMurin/plip/sterol_lipids/BD8srb-C-C-CLR3/report.txt	4	1	0	0	0	0	0
/Volumes/GigiMurin/plip/sterol_lipids/BD8srb-C-D-CLR3/report.txt	1	0	0	0	0	0	0
/Volumes/GigiMurin/plip/sterol_lipids/BD8srb-D-A-CLR1/report.txt	1	0	0	0	0	0	0
/Volumes/GigiMurin/plip/sterol_lipids/BD8srb-D-C-CLR2/report.txt	4	0	0	0	0	0	0
/Volumes/GigiMurin/plip/sterol_lipids/BD8srb-D-D-CLR1/report.txt	4	2	0	0	0	0	0
/Volumes/GigiMurin/plip/sterol_lipids/BD8srb-D-D-CLR2/report.txt	4	1	0	0	0	0	0
/Volumes/GigiMurin/plip/sterol_lipids/BD8srb-D-D-CLR3/report.txt	5	0	0	0	0	0	0
/Volumes/GigiMurin/plip/sterol_lipids/BD8src-A-A-CLR1/report.txt	6	0	0	0	0	0	0
/Volumes/GigiMurin/plip/sterol_lipids/BD8src-A-A-CLR2/report.txt	5	2	0	0	0	0	0
/Volumes/GigiMurin/plip/sterol_lipids/BD8src-A-A-CLR3/report.txt	4	1	0	0	0	0	0
/Volumes/GigiMurin/plip/sterol_lipids/BD8src-A-B-CLR1/report.txt	1	0	0	0	0	0	0
/Volumes/GigiMurin/plip/sterol_lipids/BD8src-A-D-CLR1/report.txt	7	0	0	0	0	0	0
/Volumes/GigiMurin/plip/sterol_lipids/BD8src-B-A-CLR2/report.txt	7	0	0	0	0	0	0
/Volumes/GigiMurin/plip/sterol_lipids/BD8src-B-B-CLR1/report.txt	6	0	0	0	0	0	0
/Volumes/GigiMurin/plip/sterol_lipids/BD8src-B-B-CLR2/report.txt	5	2	0	0	0	0	0
/Volumes/GigiMurin/plip/sterol_lipids/BD8src-B-B-CLR3/report.txt	4	1	0	0	0	0	0
/Volumes/GigiMurin/plip/sterol_lipids/BD8src-B-C-CLR1/report.txt	1	0	0	0	0	0	0
/Volumes/GigiMurin/plip/sterol_lipids/BD8src-C-B-CLR2/report.txt	7	0	0	0	0	0	0
/Volumes/GigiMurin/plip/sterol_lipids/BD8src-C-C-CLR1/report.txt	6	0	0	0	0	0	0
/Volumes/GigiMurin/plip/sterol_lipids/BD8src-C-C-CLR2/report.txt	5	2	0	0	0	0	0
/Volumes/GigiMurin/plip/sterol_lipids/BD8src-C-C-CLR3/report.txt	4	1	0	0	0	0	0
/Volumes/GigiMurin/plip/sterol_lipids/BD8src-C-D-CLR3/report.txt	1	0	0	0	0	0	0
/Volumes/GigiMurin/plip/sterol_lipids/BD8src-D-A-CLR1/report.txt	1	0	0	0	0	0	0
/Volumes/GigiMurin/plip/sterol_lipids/BD8src-D-C-CLR2/report.txt	7	0	0	0	0	0	0
/Volumes/GigiMurin/plip/sterol_lipids/BD8src-D-D-CLR1/report.txt	5	2	0	0	0	0	0
/Volumes/GigiMurin/plip/sterol_lipids/BD8src-D-D-CLR2/report.txt	4	1	0	0	0	0	0
/Volumes/GigiMurin/plip/sterol_lipids/BD8src-D-D-CLR3/report.txt	6	0	0	0	0	0	0
/Volumes/GigiMurin/plip/sterol_lipids/BD8srd-A-A-CLR1/report.txt	6	0	0	0	0	0	0
/Volumes/GigiMurin/plip/sterol_lipids/BD8srd-A-A-CLR2/report.txt	4	1	0	0	0	0	0
/Volumes/GigiMurin/plip/sterol_lipids/BD8srd-A-A-CLR3/report.txt	1	1	0	0	0	0	0
/Volumes/GigiMurin/plip/sterol_lipids/BD8srd-A-B-CLR1/report.txt	1	0	0	0	0	0	0
/Volumes/GigiMurin/plip/sterol_lipids/BD8srd-A-D-CLR1/report.txt	7	0	0	0	0	0	0
/Volumes/GigiMurin/plip/sterol_lipids/BD8srd-B-A-CLR2/report.txt	7	0	0	0	0	0	0
/Volumes/GigiMurin/plip/sterol_lipids/BD8srd-B-B-CLR1/report.txt	6	0	0	0	0	0	0
/Volumes/GigiMurin/plip/sterol_lipids/BD8srd-B-B-CLR2/report.txt	4	2	0	0	0	0	0
/Volumes/GigiMurin/plip/sterol_lipids/BD8srd-B-B-CLR3/report.txt	1	1	0	0	0	0	0
/Volumes/GigiMurin/plip/sterol_lipids/BD8srd-B-C-CLR1/report.txt	1	0	0	0	0	0	0
/Volumes/GigiMurin/plip/sterol_lipids/BD8srd-C-B-CLR2/report.txt	7	0	0	0	0	0	0
/Volumes/GigiMurin/plip/sterol_lipids/BD8srd-C-C-CLR1/report.txt	6	0	0	0	0	0	0
/Volumes/GigiMurin/plip/sterol_lipids/BD8srd-C-C-CLR2/report.txt	4	2	0	0	0	0	0
/Volumes/GigiMurin/plip/sterol_lipids/BD8srd-C-C-CLR3/report.txt	1	1	0	0	0	0	0
/Volumes/GigiMurin/plip/sterol_lipids/BD8srd-C-D-CLR3/report.txt	1	0	0	0	0	0	0
/Volumes/GigiMurin/plip/sterol_lipids/BD8srd-D-A-CLR1/report.txt	1	0	0	0	0	0	0
/Volumes/GigiMurin/plip/sterol_lipids/BD8srd-D-C-CLR2/report.txt	7	0	0	0	0	0	0
/Volumes/GigiMurin/plip/sterol_lipids/BD8srd-D-D-CLR1/report.txt	4	2	0	0	0	0	0
/Volumes/GigiMurin/plip/sterol_lipids/BD8srd-D-D-CLR2/report.txt	1	1	0	0	0	0	0
/Volumes/GigiMurin/plip/sterol_lipids/BD8srd-D-D-CLR3/report.txt	6	0	0	0	0	0	0
/Volumes/GigiMurin/plip/sterol_lipids/BD8sre-A-A-CLR1/report.txt	5	0	0	0	0	0	0
/Volumes/GigiMurin/plip/sterol_lipids/BD8sre-A-A-CLR2/report.txt	5	2	0	0	0	0	0
/Volumes/GigiMurin/plip/sterol_lipids/BD8sre-A-A-CLR3/report.txt	3	1	0	0	0	0	0
/Volumes/GigiMurin/plip/sterol_lipids/BD8sre-A-B-CLR1/report.txt	1	0	0	0	0	0	0
/Volumes/GigiMurin/plip/sterol_lipids/BD8sre-A-D-CLR1/report.txt	7	0	0	0	0	0	0
/Volumes/GigiMurin/plip/sterol_lipids/BD8sre-B-A-CLR2/report.txt	7	0	0	0	0	0	0
/Volumes/GigiMurin/plip/sterol_lipids/BD8sre-B-B-CLR1/report.txt	5	0	0	0	0	0	0
/Volumes/GigiMurin/plip/sterol_lipids/BD8sre-B-B-CLR2/report.txt	5	2	0	0	0	0	0
/Volumes/GigiMurin/plip/sterol_lipids/BD8sre-B-B-CLR3/report.txt	3	1	0	0	0	0	0
/Volumes/GigiMurin/plip/sterol_lipids/BD8sre-B-C-CLR3/report.txt	1	0	0	0	0	0	0
/Volumes/GigiMurin/plip/sterol_lipids/BD8sre-C-B-CLR2/report.txt	7	0	0	0	0	0	0
/Volumes/GigiMurin/plip/sterol_lipids/BD8sre-C-C-CLR1/report.txt	5	2	0	0	0	0	0
/Volumes/GigiMurin/plip/sterol_lipids/BD8sre-C-C-CLR2/report.txt	3	1	0	0	0	0	0
/Volumes/GigiMurin/plip/sterol_lipids/BD8sre-C-C-CLR3/report.txt	5	0	0	0	0	0	0
/Volumes/GigiMurin/plip/sterol_lipids/BD8sre-C-D-CLR3/report.txt	1	0	0	0	0	0	0
/Volumes/GigiMurin/plip/sterol_lipids/BD8sre-D-A-CLR1/report.txt	1	0	0	0	0	0	0
/Volumes/GigiMurin/plip/sterol_lipids/BD8sre-D-C-CLR1/report.txt	7	0	0	0	0	0	0
/Volumes/GigiMurin/plip/sterol_lipids/BD8sre-D-D-CLR1/report.txt	4	2	0	0	0	0	0
/Volumes/GigiMurin/plip/sterol_lipids/BD8sre-D-D-CLR2/report.txt	3	1	0	0	0	0	0
/Volumes/GigiMurin/plip/sterol_lipids/BD8sre-D-D-CLR3/report.txt	5	0	0	0	0	0	0
/Volumes/GigiMurin/plip/sterol_lipids/BD8srf-A-A-CLR1/report.txt	5	0	0	0	0	0	0
/Volumes/GigiMurin/plip/sterol_lipids/BD8srf-A-A-CLR2/report.txt	5	2	0	0	0	0	0
/Volumes/GigiMurin/plip/sterol_lipids/BD8srf-A-A-CLR3/report.txt	3	1	0	0	0	0	0
/Volumes/GigiMurin/plip/sterol_lipids/BD8srf-A-B-CLR1/report.txt	1	0	0	0	0	0	0
/Volumes/GigiMurin/plip/sterol_lipids/BD8srf-A-D-CLR1/report.txt	5	0	0	0	0	0	0
/Volumes/GigiMurin/plip/sterol_lipids/BD8srf-B-A-CLR2/report.txt	5	0	0	0	0	0	0
/Volumes/GigiMurin/plip/sterol_lipids/BD8srf-B-B-CLR1/report.txt	5	0	0	0	0	0	0
/Volumes/GigiMurin/plip/sterol_lipids/BD8srf-B-B-CLR2/report.txt	5	2	0	0	0	0	0
/Volumes/GigiMurin/plip/sterol_lipids/BD8srf-B-B-CLR3/report.txt	3	1	0	0	0	0	0
/Volumes/GigiMurin/plip/sterol_lipids/BD8srf-B-C-CLR1/report.txt	1	0	0	0	0	0	0
/Volumes/GigiMurin/plip/sterol_lipids/BD8srf-C-B-CLR2/report.txt	5	0	0	0	0	0	0
/Volumes/GigiMurin/plip/sterol_lipids/BD8srf-C-C-CLR1/report.txt	5	0	0	0	0	0	0
/Volumes/GigiMurin/plip/sterol_lipids/BD8srf-C-C-CLR2/report.txt	5	2	0	0	0	0	0
/Volumes/GigiMurin/plip/sterol_lipids/BD8srf-C-C-CLR3/report.txt	3	1	0	0	0	0	0
/Volumes/GigiMurin/plip/sterol_lipids/BD8srf-C-D-CLR3/report.txt	1	0	0	0	0	0	0
/Volumes/GigiMurin/plip/sterol_lipids/BD8srf-D-A-CLR1/report.txt	1	0	0	0	0	0	0
/Volumes/GigiMurin/plip/sterol_lipids/BD8srf-D-C-CLR2/report.txt	5	0	0	0	0	0	0
/Volumes/GigiMurin/plip/sterol_lipids/BD8srf-D-D-CLR1/report.txt	5	2	0	0	0	0	0
/Volumes/GigiMurin/plip/sterol_lipids/BD8srf-D-D-CLR2/report.txt	3	1	0	0	0	0	0
/Volumes/GigiMurin/plip/sterol_lipids/BD8srf-D-D-CLR3/report.txt	5	0	0	0	0	0	0
/Volumes/GigiMurin/plip/sterol_lipids/BD8srg-A-A-CLR1/report.txt	6	0	0	0	0	0	0
/Volumes/GigiMurin/plip/sterol_lipids/BD8srg-A-A-CLR2/report.txt	4	2	0	0	0	0	0
/Volumes/GigiMurin/plip/sterol_lipids/BD8srg-A-A-CLR3/report.txt	4	0	0	0	0	0	0
/Volumes/GigiMurin/plip/sterol_lipids/BD8srg-A-B-CLR1/report.txt	1	0	0	0	0	0	0
/Volumes/GigiMurin/plip/sterol_lipids/BD8srg-A-D-CLR1/report.txt	7	0	0	0	0	0	0
/Volumes/GigiMurin/plip/sterol_lipids/BD8srg-B-A-CLR2/report.txt	7	0	0	0	0	0	0
/Volumes/GigiMurin/plip/sterol_lipids/BD8srg-B-B-CLR1/report.txt	6	0	0	0	0	0	0
/Volumes/GigiMurin/plip/sterol_lipids/BD8srg-B-B-CLR2/report.txt	4	2	0	0	0	0	0
/Volumes/GigiMurin/plip/sterol_lipids/BD8srg-B-B-CLR3/report.txt	4	0	0	0	0	0	0
/Volumes/GigiMurin/plip/sterol_lipids/BD8srg-B-C-CLR1/report.txt	1	0	0	0	0	0	0
/Volumes/GigiMurin/plip/sterol_lipids/BD8srg-C-B-CLR2/report.txt	7	0	0	0	0	0	0
/Volumes/GigiMurin/plip/sterol_lipids/BD8srg-C-C-CLR1/report.txt	6	0	0	0	0	0	0
/Volumes/GigiMurin/plip/sterol_lipids/BD8srg-C-C-CLR2/report.txt	4	2	0	0	0	0	0
/Volumes/GigiMurin/plip/sterol_lipids/BD8srg-C-C-CLR3/report.txt	4	0	0	0	0	0	0
/Volumes/GigiMurin/plip/sterol_lipids/BD8srg-C-D-CLR3/report.txt	1	0	0	0	0	0	0
/Volumes/GigiMurin/plip/sterol_lipids/BD8srg-D-A-CLR1/report.txt	1	0	0	0	0	0	0
/Volumes/GigiMurin/plip/sterol_lipids/BD8srg-D-C-CLR2/report.txt	7	0	0	0	0	0	0
/Volumes/GigiMurin/plip/sterol_lipids/BD8srg-D-D-CLR1/report.txt	4	2	0	0	0	0	0
/Volumes/GigiMurin/plip/sterol_lipids/BD8srg-D-D-CLR2/report.txt	4	0	0	0	0	0	0
/Volumes/GigiMurin/plip/sterol_lipids/BD8srg-D-D-CLR3/report.txt	6	0	0	0	0	0	0
/Volumes/GigiMurin/plip/sterol_lipids/BD8srh-A-A-CLR1/report.txt	3	2	0	0	0	0	0
/Volumes/GigiMurin/plip/sterol_lipids/BD8srh-A-A-CLR2/report.txt	2	0	0	0	0	0	0
/Volumes/GigiMurin/plip/sterol_lipids/BD8srh-A-A-CLR3/report.txt	0	0	0	0	0	0	0
/Volumes/GigiMurin/plip/sterol_lipids/BD8srh-A-D-CLR1/report.txt	9	0	0	0	0	0	0
/Volumes/GigiMurin/plip/sterol_lipids/BD8srh-A-D-CLR3/report.txt	3	0	0	0	0	0	0
/Volumes/GigiMurin/plip/sterol_lipids/BD8srh-B-A-CLR1/report.txt	9	0	0	0	0	0	0
/Volumes/GigiMurin/plip/sterol_lipids/BD8srh-B-A-CLR3/report.txt	3	0	0	0	0	0	0
/Volumes/GigiMurin/plip/sterol_lipids/BD8srh-B-B-CLR1/report.txt	3	2	0	0	0	0	0
/Volumes/GigiMurin/plip/sterol_lipids/BD8srh-B-B-CLR2/report.txt	2	0	0	0	0	0	0
/Volumes/GigiMurin/plip/sterol_lipids/BD8srh-B-B-CLR3/report.txt	0	0	0	0	0	0	0
/Volumes/GigiMurin/plip/sterol_lipids/BD8srh-C-B-CLR1/report.txt	9	0	0	0	0	0	0
/Volumes/GigiMurin/plip/sterol_lipids/BD8srh-C-B-CLR3/report.txt	3	0	0	0	0	0	0
/Volumes/GigiMurin/plip/sterol_lipids/BD8srh-C-C-CLR1/report.txt	3	2	0	0	0	0	0
/Volumes/GigiMurin/plip/sterol_lipids/BD8srh-C-C-CLR2/report.txt	2	0	0	0	0	0	0
/Volumes/GigiMurin/plip/sterol_lipids/BD8srh-C-C-CLR3/report.txt	0	0	0	0	0	0	0
/Volumes/GigiMurin/plip/sterol_lipids/BD8srh-D-C-CLR1/report.txt	9	0	0	0	0	0	0
/Volumes/GigiMurin/plip/sterol_lipids/BD8srh-D-C-CLR3/report.txt	3	0	0	0	0	0	0
/Volumes/GigiMurin/plip/sterol_lipids/BD8srh-D-D-CLR1/report.txt	3	2	0	0	0	0	0
/Volumes/GigiMurin/plip/sterol_lipids/BD8srh-D-D-CLR2/report.txt	2	0	0	0	0	0	0
/Volumes/GigiMurin/plip/sterol_lipids/BD8srh-D-D-CLR3/report.txt	0	0	0	0	0	0	0
/Volumes/GigiMurin/plip/sterol_lipids/BD8sri-A-A-CLR1/report.txt	7	0	0	0	0	0	0
/Volumes/GigiMurin/plip/sterol_lipids/BD8sri-A-A-CLR2/report.txt	5	2	0	0	0	0	0
/Volumes/GigiMurin/plip/sterol_lipids/BD8sri-A-A-CLR3/report.txt	3	1	0	0	0	0	0
/Volumes/GigiMurin/plip/sterol_lipids/BD8sri-A-A-CLR4/report.txt	0	0	0	0	0	0	0
/Volumes/GigiMurin/plip/sterol_lipids/BD8sri-A-D-CLR1/report.txt	7	0	0	0	0	0	0
/Volumes/GigiMurin/plip/sterol_lipids/BD8sri-B-A-CLR2/report.txt	7	0	0	0	0	0	0
/Volumes/GigiMurin/plip/sterol_lipids/BD8sri-B-A-CLR4/report.txt	7	0	0	0	0	0	0
/Volumes/GigiMurin/plip/sterol_lipids/BD8sri-B-B-CLR1/report.txt	5	2	0	0	0	0	0
/Volumes/GigiMurin/plip/sterol_lipids/BD8sri-B-B-CLR2/report.txt	3	1	0	0	0	0	0
/Volumes/GigiMurin/plip/sterol_lipids/BD8sri-C-B-CLR1/report.txt	7	0	0	0	0	0	0
/Volumes/GigiMurin/plip/sterol_lipids/BD8sri-C-C-CLR1/report.txt	7	0	0	0	0	0	0
/Volumes/GigiMurin/plip/sterol_lipids/BD8sri-C-C-CLR2/report.txt	5	2	0	0	0	0	0
/Volumes/GigiMurin/plip/sterol_lipids/BD8sri-C-C-CLR3/report.txt	3	1	0	0	0	0	0
/Volumes/GigiMurin/plip/sterol_lipids/BD8sri-D-C-CLR2/report.txt	7	0	0	0	0	0	0
/Volumes/GigiMurin/plip/sterol_lipids/BD8sri-D-D-CLR1/report.txt	5	2	0	0	0	0	0
/Volumes/GigiMurin/plip/sterol_lipids/BD8sri-D-D-CLR2/report.txt	3	1	0	0	0	0	0
/Volumes/GigiMurin/plip/sterol_lipids/BD8sri-D-D-CLR3/report.txt	7	0	0	0	0	0	0
/Volumes/GigiMurin/plip/sterol_lipids/BD8srj-A-A-CLR1/report.txt	6	0	0	0	0	0	0
/Volumes/GigiMurin/plip/sterol_lipids/BD8srj-A-A-CLR2/report.txt	2	0	0	0	0	0	0
/Volumes/GigiMurin/plip/sterol_lipids/BD8srj-A-A-CLR3/report.txt	2	0	0	0	0	0	0
/Volumes/GigiMurin/plip/sterol_lipids/BD8srj-A-B-CLR1/report.txt	1	0	0	0	0	0	0
/Volumes/GigiMurin/plip/sterol_lipids/BD8srj-A-C-CLR1/report.txt	4	0	0	0	0	0	0
/Volumes/GigiMurin/plip/sterol_lipids/BD8srj-B-A-CLR1/report.txt	5	0	0	0	0	0	0
/Volumes/GigiMurin/plip/sterol_lipids/BD8srj-B-B-CLR1/report.txt	2	0	0	0	0	0	0
/Volumes/GigiMurin/plip/sterol_lipids/BD8srj-B-B-CLR2/report.txt	6	0	0	0	0	0	0
/Volumes/GigiMurin/plip/sterol_lipids/BD8srj-B-B-CLR3/report.txt	2	0	0	0	0	0	0
/Volumes/GigiMurin/plip/sterol_lipids/BD8srj-B-D-CLR1/report.txt	1	0	0	0	0	0	0
/Volumes/GigiMurin/plip/sterol_lipids/BD8srj-C-A-CLR3/report.txt	1	0	0	0	0	0	0
/Volumes/GigiMurin/plip/sterol_lipids/BD8srj-C-C-CLR1/report.txt	6	0	0	0	0	0	0
/Volumes/GigiMurin/plip/sterol_lipids/BD8srj-C-C-CLR2/report.txt	2	0	0	0	0	0	0
/Volumes/GigiMurin/plip/sterol_lipids/BD8srj-C-C-CLR3/report.txt	4	0	0	0	0	0	0
/Volumes/GigiMurin/plip/sterol_lipids/BD8srj-C-C-CLR4/report.txt	1	0	0	0	0	0	0
/Volumes/GigiMurin/plip/sterol_lipids/BD8srj-D-B-CLR2/report.txt	4	0	0	0	0	0	0
/Volumes/GigiMurin/plip/sterol_lipids/BD8srj-D-C-CLR3/report.txt	6	0	0	0	0	0	0
/Volumes/GigiMurin/plip/sterol_lipids/BD8srj-D-C-CLR4/report.txt	1	0	0	0	0	0	0
/Volumes/GigiMurin/plip/sterol_lipids/BD8srj-D-D-CLR1/report.txt	1	0	0	0	0	0	0
/Volumes/GigiMurin/plip/sterol_lipids/BD8srj-D-D-CLR2/report.txt	2	0	0	0	0	0	0
/Volumes/GigiMurin/plip/sterol_lipids/BD8srk-A-A-CLR1/report.txt	4	0	0	0	0	0	0
/Volumes/GigiMurin/plip/sterol_lipids/BD8srk-A-A-CLR2/report.txt	3	2	0	0	0	0	0
/Volumes/GigiMurin/plip/sterol_lipids/BD8srk-A-A-CLR3/report.txt	1	1	0	0	0	0	0
/Volumes/GigiMurin/plip/sterol_lipids/BD8srk-A-D-CLR1/report.txt	5	0	0	0	0	0	0
/Volumes/GigiMurin/plip/sterol_lipids/BD8srk-A-D-CLR2/report.txt	2	0	0	0	0	0	0
/Volumes/GigiMurin/plip/sterol_lipids/BD8srk-B-A-CLR2/report.txt	5	0	0	0	0	0	0
/Volumes/GigiMurin/plip/sterol_lipids/BD8srk-B-A-CLR3/report.txt	2	0	0	0	0	0	0
/Volumes/GigiMurin/plip/sterol_lipids/BD8srk-B-B-CLR1/report.txt	4	0	0	0	0	0	0
/Volumes/GigiMurin/plip/sterol_lipids/BD8srk-B-B-CLR2/report.txt	3	2	0	0	0	0	0
/Volumes/GigiMurin/plip/sterol_lipids/BD8srk-B-B-CLR3/report.txt	1	1	0	0	0	0	0
/Volumes/GigiMurin/plip/sterol_lipids/BD8srk-C-B-CLR2/report.txt	5	0	0	0	0	0	0
/Volumes/GigiMurin/plip/sterol_lipids/BD8srk-C-B-CLR3/report.txt	2	0	0	0	0	0	0
/Volumes/GigiMurin/plip/sterol_lipids/BD8srk-C-C-CLR1/report.txt	4	0	0	0	0	0	0
/Volumes/GigiMurin/plip/sterol_lipids/BD8srk-C-C-CLR2/report.txt	3	2	0	0	0	0	0
/Volumes/GigiMurin/plip/sterol_lipids/BD8srk-C-C-CLR3/report.txt	1	1	0	0	0	0	0
/Volumes/GigiMurin/plip/sterol_lipids/BD8srk-D-C-CLR2/report.txt	5	0	0	0	0	0	0
/Volumes/GigiMurin/plip/sterol_lipids/BD8srk-D-C-CLR3/report.txt	2	0	0	0	0	0	0
/Volumes/GigiMurin/plip/sterol_lipids/BD8srk-D-D-CLR1/report.txt	3	2	0	0	0	0	0
/Volumes/GigiMurin/plip/sterol_lipids/BD8srk-D-D-CLR2/report.txt	1	1	0	0	0	0	0
/Volumes/GigiMurin/plip/sterol_lipids/BD8srk-D-D-CLR3/report.txt	4	0	0	0	0	0	0
/Volumes/GigiMurin/plip/sterol_lipids/BD8ss2-A-A-AJP1/report.txt	3	2	0	0	0	0	0
/Volumes/GigiMurin/plip/sterol_lipids/BD8ss2-A-A-CLR1/report.txt	4	0	0	0	0	0	0
/Volumes/GigiMurin/plip/sterol_lipids/BD8ss2-B-A-CLR1/report.txt	1	0	0	0	0	0	0
/Volumes/GigiMurin/plip/sterol_lipids/BD8ss2-C-C-AJP1/report.txt	6	1	0	0	0	0	0
/Volumes/GigiMurin/plip/sterol_lipids/BD8ss3-A-A-AJP1/report.txt	3	1	0	0	0	0	0
/Volumes/GigiMurin/plip/sterol_lipids/BD8ss3-A-A-AJP2/report.txt	0	0	0	0	0	0	0
/Volumes/GigiMurin/plip/sterol_lipids/BD8ss3-A-A-AJP3/report.txt	4	1	0	0	0	0	0
/Volumes/GigiMurin/plip/sterol_lipids/BD8ss3-A-A-CLR1/report.txt	4	0	0	0	0	0	0
/Volumes/GigiMurin/plip/sterol_lipids/BD8ss3-A-A-CLR2/report.txt	6	0	0	0	0	0	0
/Volumes/GigiMurin/plip/sterol_lipids/BD8ss3-B-A-AJP3/report.txt	3	1	0	0	0	0	0
/Volumes/GigiMurin/plip/sterol_lipids/BD8ss3-B-C-CLR2/report.txt	2	0	0	0	0	0	0
/Volumes/GigiMurin/plip/sterol_lipids/BD8ss3-C-C-AJP2/report.txt	0	0	0	0	0	0	0
/Volumes/GigiMurin/plip/sterol_lipids/BD8ss3-D-A-CLR2/report.txt	1	0	0	0	0	0	0
/Volumes/GigiMurin/plip/sterol_lipids/BD8ss6-A-A-CLR1/report.txt	3	0	0	0	0	0	0
/Volumes/GigiMurin/plip/sterol_lipids/BD8ss6-A-A-CLR2/report.txt	2	0	0	0	0	0	0
/Volumes/GigiMurin/plip/sterol_lipids/BD8ss6-A-B-CLR1/report.txt	3	0	0	0	0	0	0
/Volumes/GigiMurin/plip/sterol_lipids/BD8ss6-B-B-CLR1/report.txt	3	0	0	0	0	0	0
/Volumes/GigiMurin/plip/sterol_lipids/BD8ss6-B-B-CLR2/report.txt	4	0	0	0	0	0	0
/Volumes/GigiMurin/plip/sterol_lipids/BD8ss6-B-C-CLR2/report.txt	1	0	0	0	0	0	0
/Volumes/GigiMurin/plip/sterol_lipids/BD8ss6-C-D-CLR1/report.txt	3	0	0	0	0	0	0
/Volumes/GigiMurin/plip/sterol_lipids/BD8ss6-D-D-CLR1/report.txt	2	0	0	0	0	0	0
/Volumes/GigiMurin/plip/sterol_lipids/BD8ss6-E-A-CLR1/report.txt	2	0	0	0	0	0	0
/Volumes/GigiMurin/plip/sterol_lipids/BD8ss6-F-C-CLR1/report.txt	3	0	0	0	0	0	0
/Volumes/GigiMurin/plip/sterol_lipids/BD8ss7-A-A-CLR1/report.txt	2	0	0	0	0	0	0
/Volumes/GigiMurin/plip/sterol_lipids/BD8ss7-A-A-CLR2/report.txt	2	0	0	0	0	0	0
/Volumes/GigiMurin/plip/sterol_lipids/BD8ss7-A-B-CLR1/report.txt	4	0	0	0	0	0	0
/Volumes/GigiMurin/plip/sterol_lipids/BD8ss7-A-B-CLR2/report.txt	1	0	0	0	0	0	0
/Volumes/GigiMurin/plip/sterol_lipids/BD8ss7-B-B-CLR1/report.txt	3	0	0	0	0	0	0
/Volumes/GigiMurin/plip/sterol_lipids/BD8ss7-B-B-CLR2/report.txt	4	0	0	0	0	0	0
/Volumes/GigiMurin/plip/sterol_lipids/BD8ss7-C-C-CLR1/report.txt	3	0	0	0	0	0	0
/Volumes/GigiMurin/plip/sterol_lipids/BD8ss7-C-D-CLR2/report.txt	1	0	0	0	0	0	0
/Volumes/GigiMurin/plip/sterol_lipids/BD8ss7-D-D-CLR2/report.txt	3	0	0	0	0	0	0
/Volumes/GigiMurin/plip/sterol_lipids/BD8ss7-E-A-CLR1/report.txt	2	0	0	0	0	0	0
/Volumes/GigiMurin/plip/sterol_lipids/BD8ss7-F-C-CLR1/report.txt	2	0	0	0	0	0	0
/Volumes/GigiMurin/plip/sterol_lipids/BD8ss8-A-B-CLR1/report.txt	3	0	0	0	0	0	0
/Volumes/GigiMurin/plip/sterol_lipids/BD8ss8-B-B-CLR1/report.txt	4	0	0	0	0	0	0
/Volumes/GigiMurin/plip/sterol_lipids/BD8ss8-D-D-CLR1/report.txt	4	0	0	0	0	0	0
/Volumes/GigiMurin/plip/sterol_lipids/BD8ss9-A-A-CLR1/report.txt	5	0	0	0	0	0	0
/Volumes/GigiMurin/plip/sterol_lipids/BD8ss9-B-A-CLR1/report.txt	1	0	0	0	0	0	0
/Volumes/GigiMurin/plip/sterol_lipids/BD8ssh-A-A-3WF1/report.txt	7	0	0	1	0	0	0
/Volumes/GigiMurin/plip/sterol_lipids/BD8ssh-B-B-3WF1/report.txt	12	1	0	1	0	0	0
/Volumes/GigiMurin/plip/sterol_lipids/BD8ssh-C-C-3WF1/report.txt	10	0	0	1	0	0	0
/Volumes/GigiMurin/plip/sterol_lipids/BD8ssh-D-D-3WF1/report.txt	9	1	0	0	0	0	0
/Volumes/GigiMurin/plip/sterol_lipids/BD8sx7-A-A-ZWY1/report.txt	9	3	0	0	0	0	0
/Volumes/GigiMurin/plip/sterol_lipids/BD8sza-A-E-CLR1/report.txt	3	0	0	0	0	0	0
/Volumes/GigiMurin/plip/sterol_lipids/BD8sza-A-F-CLR1/report.txt	1	0	0	0	0	0	0
/Volumes/GigiMurin/plip/sterol_lipids/BD8sza-B-D-CLR1/report.txt	1	0	0	0	0	0	0
/Volumes/GigiMurin/plip/sterol_lipids/BD8sza-C-C-CLR1/report.txt	3	1	0	0	0	0	0
/Volumes/GigiMurin/plip/sterol_lipids/BD8sza-D-B-CLR1/report.txt	1	0	0	0	0	0	0
/Volumes/GigiMurin/plip/sterol_lipids/BD8sza-D-C-CLR1/report.txt	1	0	0	0	0	0	0
/Volumes/GigiMurin/plip/sterol_lipids/BD8sza-E-B-CLR1/report.txt	1	0	0	0	0	0	0
/Volumes/GigiMurin/plip/sterol_lipids/BD8sza-E-E-CLR1/report.txt	2	0	0	0	0	0	0
/Volumes/GigiMurin/plip/sterol_lipids/BD8sza-E-E-CLR2/report.txt	3	1	0	0	0	0	0
/Volumes/GigiMurin/plip/sterol_lipids/BD8szb-A-A-CLR1/report.txt	4	0	0	0	0	0	0
/Volumes/GigiMurin/plip/sterol_lipids/BD8szb-B-B-CLR1/report.txt	4	1	0	0	0	0	0
/Volumes/GigiMurin/plip/sterol_lipids/BD8szb-C-C-CLR1/report.txt	4	0	0	0	0	0	0
/Volumes/GigiMurin/plip/sterol_lipids/BD8szb-E-D-CLR1/report.txt	1	0	0	0	0	0	0
/Volumes/GigiMurin/plip/sterol_lipids/BD8szb-E-E-CLR1/report.txt	4	1	0	0	0	0	0
/Volumes/GigiMurin/plip/sterol_lipids/BD8szg-B-B-CLR1/report.txt	6	0	0	0	0	0	0
/Volumes/GigiMurin/plip/sterol_lipids/BD8szh-B-B-CLR1/report.txt	3	0	0	0	0	0	0
/Volumes/GigiMurin/plip/sterol_lipids/BD8szi-B-B-CLR1/report.txt	4	0	0	0	0	0	0
/Volumes/GigiMurin/plip/sterol_lipids/BD8t03-A-A-CLR1/report.txt	5	0	0	0	0	0	0
/Volumes/GigiMurin/plip/sterol_lipids/BD8t04-A-A-CLR1/report.txt	4	0	0	0	0	0	0
/Volumes/GigiMurin/plip/sterol_lipids/BD8t05-A-A-CLR1/report.txt	3	0	0	0	0	0	0
/Volumes/GigiMurin/plip/sterol_lipids/BD8t05-B-B-CLR1/report.txt	4	0	0	0	0	0	0
/Volumes/GigiMurin/plip/sterol_lipids/BD8t2v-B-B-CLR1/report.txt	0	0	0	0	0	0	0
/Volumes/GigiMurin/plip/sterol_lipids/BD8t2v-B-B-CLR2/report.txt	0	0	0	0	0	0	0
/Volumes/GigiMurin/plip/sterol_lipids/BD8t3s-R-R-CLR1/report.txt	2	0	0	0	0	0	0
/Volumes/GigiMurin/plip/sterol_lipids/BD8t3v-R-R-CLR1/report.txt	0	0	0	0	0	0	0
/Volumes/GigiMurin/plip/sterol_lipids/BD8t56-A-C-CLR1/report.txt	6	0	0	0	0	0	0
/Volumes/GigiMurin/plip/sterol_lipids/BD8t56-A-D-CLR1/report.txt	2	0	0	0	0	0	0
/Volumes/GigiMurin/plip/sterol_lipids/BD8t56-A-E-CLR1/report.txt	4	0	0	0	0	0	0
/Volumes/GigiMurin/plip/sterol_lipids/BD8t56-B-G-CLR1/report.txt	6	0	0	0	0	0	0
/Volumes/GigiMurin/plip/sterol_lipids/BD8t56-B-H-CLR1/report.txt	2	0	0	0	0	0	0
/Volumes/GigiMurin/plip/sterol_lipids/BD8t56-B-I-CLR1/report.txt	4	0	0	0	0	0	0
/Volumes/GigiMurin/plip/sterol_lipids/BD8t56-C-C-CLR1/report.txt	2	0	0	0	0	0	0
/Volumes/GigiMurin/plip/sterol_lipids/BD8t56-D-C-CLR1/report.txt	3	0	0	0	0	0	0
/Volumes/GigiMurin/plip/sterol_lipids/BD8t56-D-D-CLR1/report.txt	4	0	0	0	0	0	0
/Volumes/GigiMurin/plip/sterol_lipids/BD8t56-D-E-CLR1/report.txt	5	0	0	0	0	0	0
/Volumes/GigiMurin/plip/sterol_lipids/BD8t56-E-D-CLR1/report.txt	2	0	0	0	0	0	0
/Volumes/GigiMurin/plip/sterol_lipids/BD8t56-E-E-CLR1/report.txt	7	0	0	0	0	0	0
/Volumes/GigiMurin/plip/sterol_lipids/BD8t56-G-G-CLR1/report.txt	2	0	0	0	0	0	0
/Volumes/GigiMurin/plip/sterol_lipids/BD8t56-H-G-CLR1/report.txt	3	0	0	0	0	0	0
/Volumes/GigiMurin/plip/sterol_lipids/BD8t56-H-H-CLR1/report.txt	4	0	0	0	0	0	0
/Volumes/GigiMurin/plip/sterol_lipids/BD8t56-H-I-CLR1/report.txt	5	0	0	0	0	0	0
/Volumes/GigiMurin/plip/sterol_lipids/BD8t56-I-H-CLR1/report.txt	2	0	0	0	0	0	0
/Volumes/GigiMurin/plip/sterol_lipids/BD8t56-I-I-CLR1/report.txt	7	0	0	0	0	0	0
/Volumes/GigiMurin/plip/sterol_lipids/BD8t57-A-A-CLR1/report.txt	8	0	0	0	0	0	0
/Volumes/GigiMurin/plip/sterol_lipids/BD8t57-A-A-CLR2/report.txt	3	0	0	0	0	0	0
/Volumes/GigiMurin/plip/sterol_lipids/BD8t57-B-B-CLR1/report.txt	8	0	0	0	0	0	0
/Volumes/GigiMurin/plip/sterol_lipids/BD8t57-B-B-CLR2/report.txt	3	0	0	0	0	0	0
/Volumes/GigiMurin/plip/sterol_lipids/BD8t6u-A-A-CLR1/report.txt	9	0	0	0	0	0	0
/Volumes/GigiMurin/plip/sterol_lipids/BD8t6u-A-A-CLR2/report.txt	5	2	0	0	0	0	0
/Volumes/GigiMurin/plip/sterol_lipids/BD8t6u-A-A-CLR3/report.txt	3	0	0	0	0	0	0
/Volumes/GigiMurin/plip/sterol_lipids/BD8t6u-A-A-CLR4/report.txt	4	0	0	0	0	0	0
/Volumes/GigiMurin/plip/sterol_lipids/BD8t6u-B-B-CLR1/report.txt	9	0	0	0	0	0	0
/Volumes/GigiMurin/plip/sterol_lipids/BD8t6u-B-B-CLR3/report.txt	2	0	0	0	0	0	0
/Volumes/GigiMurin/plip/sterol_lipids/BD8t6u-B-B-CLR4/report.txt	5	0	0	0	0	0	0
/Volumes/GigiMurin/plip/sterol_lipids/BD8t6v-A-A-CLR1/report.txt	10	0	0	0	0	0	0
/Volumes/GigiMurin/plip/sterol_lipids/BD8t6v-A-A-CLR2/report.txt	5	1	0	0	0	0	0
/Volumes/GigiMurin/plip/sterol_lipids/BD8t6v-B-B-CLR2/report.txt	3	0	0	0	0	0	0
/Volumes/GigiMurin/plip/sterol_lipids/BD8t6v-B-B-CLR3/report.txt	5	1	0	0	0	0	0
/Volumes/GigiMurin/plip/sterol_lipids/BD8tf2-A-A-ERG1/report.txt	7	2	0	0	0	0	0
/Volumes/GigiMurin/plip/sterol_lipids/BD8tf2-A-A-ERG2/report.txt	6	0	0	0	0	0	0
/Volumes/GigiMurin/plip/sterol_lipids/BD8tf2-A-B-ERG1/report.txt	4	0	0	0	0	0	0
/Volumes/GigiMurin/plip/sterol_lipids/BD8tf2-A-B-ERG2/report.txt	3	0	0	0	0	0	0
/Volumes/GigiMurin/plip/sterol_lipids/BD8tf2-B-B-ERG1/report.txt	7	2	0	0	0	0	0
/Volumes/GigiMurin/plip/sterol_lipids/BD8tf2-B-B-ERG2/report.txt	6	0	0	0	0	0	0
/Volumes/GigiMurin/plip/sterol_lipids/BD8tf2-B-C-ERG1/report.txt	4	0	0	0	0	0	0
/Volumes/GigiMurin/plip/sterol_lipids/BD8tf2-B-C-ERG2/report.txt	3	0	0	0	0	0	0
/Volumes/GigiMurin/plip/sterol_lipids/BD8tf2-C-C-ERG1/report.txt	7	2	0	0	0	0	0
/Volumes/GigiMurin/plip/sterol_lipids/BD8tf2-C-C-ERG2/report.txt	6	0	0	0	0	0	0
/Volumes/GigiMurin/plip/sterol_lipids/BD8tf2-C-D-ERG1/report.txt	4	0	0	0	0	0	0
/Volumes/GigiMurin/plip/sterol_lipids/BD8tf2-C-D-ERG2/report.txt	3	0	0	0	0	0	0
/Volumes/GigiMurin/plip/sterol_lipids/BD8tf2-D-A-ERG1/report.txt	4	0	0	0	0	0	0
/Volumes/GigiMurin/plip/sterol_lipids/BD8tf2-D-A-ERG2/report.txt	3	0	0	0	0	0	0
/Volumes/GigiMurin/plip/sterol_lipids/BD8tf2-D-D-ERG1/report.txt	7	2	0	0	0	0	0
/Volumes/GigiMurin/plip/sterol_lipids/BD8tf2-D-D-ERG2/report.txt	6	0	0	0	0	0	0
/Volumes/GigiMurin/plip/sterol_lipids/BD8tf3-A-A-ERG1/report.txt	10	2	0	0	0	0	0
/Volumes/GigiMurin/plip/sterol_lipids/BD8tf3-A-A-ERG2/report.txt	6	0	0	0	0	0	0
/Volumes/GigiMurin/plip/sterol_lipids/BD8tf3-A-B-ERG1/report.txt	3	0	0	0	0	0	0
/Volumes/GigiMurin/plip/sterol_lipids/BD8tf3-A-B-ERG2/report.txt	2	0	0	0	0	0	0
/Volumes/GigiMurin/plip/sterol_lipids/BD8tf3-B-B-ERG1/report.txt	10	2	0	0	0	0	0
/Volumes/GigiMurin/plip/sterol_lipids/BD8tf3-B-B-ERG2/report.txt	6	0	0	0	0	0	0
/Volumes/GigiMurin/plip/sterol_lipids/BD8tf3-B-C-ERG1/report.txt	3	0	0	0	0	0	0
/Volumes/GigiMurin/plip/sterol_lipids/BD8tf3-B-C-ERG2/report.txt	2	0	0	0	0	0	0
/Volumes/GigiMurin/plip/sterol_lipids/BD8tf3-C-C-ERG1/report.txt	10	2	0	0	0	0	0
/Volumes/GigiMurin/plip/sterol_lipids/BD8tf3-C-C-ERG2/report.txt	6	0	0	0	0	0	0
/Volumes/GigiMurin/plip/sterol_lipids/BD8tf3-C-D-ERG1/report.txt	3	0	0	0	0	0	0
/Volumes/GigiMurin/plip/sterol_lipids/BD8tf3-C-D-ERG2/report.txt	2	0	0	0	0	0	0
/Volumes/GigiMurin/plip/sterol_lipids/BD8tf3-D-A-ERG1/report.txt	3	0	0	0	0	0	0
/Volumes/GigiMurin/plip/sterol_lipids/BD8tf3-D-A-ERG2/report.txt	2	0	0	0	0	0	0
/Volumes/GigiMurin/plip/sterol_lipids/BD8tf3-D-D-ERG1/report.txt	10	2	0	0	0	0	0
/Volumes/GigiMurin/plip/sterol_lipids/BD8tf3-D-D-ERG2/report.txt	6	0	0	0	0	0	0
/Volumes/GigiMurin/plip/sterol_lipids/BD8tf4-A-A-ERG1/report.txt	7	2	0	0	0	0	0
/Volumes/GigiMurin/plip/sterol_lipids/BD8tf4-A-A-ERG2/report.txt	6	0	0	0	0	0	0
/Volumes/GigiMurin/plip/sterol_lipids/BD8tf4-A-B-ERG1/report.txt	3	0	0	0	0	0	0
/Volumes/GigiMurin/plip/sterol_lipids/BD8tf4-A-B-ERG2/report.txt	2	0	0	0	0	0	0
/Volumes/GigiMurin/plip/sterol_lipids/BD8tf4-B-B-ERG1/report.txt	7	2	0	0	0	0	0
/Volumes/GigiMurin/plip/sterol_lipids/BD8tf4-B-B-ERG2/report.txt	6	0	0	0	0	0	0
/Volumes/GigiMurin/plip/sterol_lipids/BD8tf4-B-C-ERG1/report.txt	3	0	0	0	0	0	0
/Volumes/GigiMurin/plip/sterol_lipids/BD8tf4-B-C-ERG2/report.txt	2	0	0	0	0	0	0
/Volumes/GigiMurin/plip/sterol_lipids/BD8tf4-C-C-ERG1/report.txt	7	2	0	0	0	0	0
/Volumes/GigiMurin/plip/sterol_lipids/BD8tf4-C-C-ERG2/report.txt	6	0	0	0	0	0	0
/Volumes/GigiMurin/plip/sterol_lipids/BD8tf4-C-D-ERG1/report.txt	3	0	0	0	0	0	0
/Volumes/GigiMurin/plip/sterol_lipids/BD8tf4-C-D-ERG2/report.txt	2	0	0	0	0	0	0
/Volumes/GigiMurin/plip/sterol_lipids/BD8tf4-D-A-ERG1/report.txt	3	0	0	0	0	0	0
/Volumes/GigiMurin/plip/sterol_lipids/BD8tf4-D-A-ERG2/report.txt	2	0	0	0	0	0	0
/Volumes/GigiMurin/plip/sterol_lipids/BD8tf4-D-D-ERG1/report.txt	7	2	0	0	0	0	0
/Volumes/GigiMurin/plip/sterol_lipids/BD8tf4-D-D-ERG2/report.txt	6	0	0	0	0	0	0
/Volumes/GigiMurin/plip/sterol_lipids/BD8tkp-A-A-CLR1/report.txt	2	0	0	0	0	0	0
/Volumes/GigiMurin/plip/sterol_lipids/BD8tkp-D-D-CLR1/report.txt	2	0	0	0	0	0	0
/Volumes/GigiMurin/plip/sterol_lipids/BD8tl1-A-A-GCH1/report.txt	1	0	0	0	0	0	0
/Volumes/GigiMurin/plip/sterol_lipids/BD8tl1-A-A-GCH2/report.txt	1	1	0	0	0	0	0
/Volumes/GigiMurin/plip/sterol_lipids/BD8tl8-A-A-GCH1/report.txt	3	2	0	0	0	0	0
/Volumes/GigiMurin/plip/sterol_lipids/BD8tl8-A-A-GCH2/report.txt	0	3	0	0	0	0	0
/Volumes/GigiMurin/plip/sterol_lipids/BD8tl8-B-B-GCH1/report.txt	3	1	0	0	0	0	0
/Volumes/GigiMurin/plip/sterol_lipids/BD8tl8-B-B-GCH2/report.txt	2	1	0	0	0	0	0
/Volumes/GigiMurin/plip/sterol_lipids/BD8to1-I-I-4QM1/report.txt	3	0	0	0	0	0	0
/Volumes/GigiMurin/plip/sterol_lipids/BD8to1-I-I-4QM2/report.txt	6	4	0	0	0	0	0
/Volumes/GigiMurin/plip/sterol_lipids/BD8to1-L-L-4QM1/report.txt	3	0	0	0	0	0	0
/Volumes/GigiMurin/plip/sterol_lipids/BD8to1-L-L-4QM2/report.txt	3	0	0	0	0	0	0
/Volumes/GigiMurin/plip/sterol_lipids/BD8to6-I-I-4QM1/report.txt	6	4	0	0	0	0	0
/Volumes/GigiMurin/plip/sterol_lipids/BD8to6-J-J-4QM1/report.txt	0	1	0	0	0	0	0
/Volumes/GigiMurin/plip/sterol_lipids/BD8to6-L-J-4QM1/report.txt	3	0	0	0	0	0	0
/Volumes/GigiMurin/plip/sterol_lipids/BD8to6-L-L-4QM1/report.txt	2	0	0	0	0	0	0
/Volumes/GigiMurin/plip/sterol_lipids/BD8to8-I-I-4QM1/report.txt	3	0	0	0	0	0	0
/Volumes/GigiMurin/plip/sterol_lipids/BD8to8-I-I-4QM2/report.txt	3	2	0	0	0	0	0
/Volumes/GigiMurin/plip/sterol_lipids/BD8to8-J-J-4QM1/report.txt	0	1	0	0	0	0	0
/Volumes/GigiMurin/plip/sterol_lipids/BD8to8-L-J-4QM1/report.txt	3	0	0	0	0	0	0
/Volumes/GigiMurin/plip/sterol_lipids/BD8to8-L-L-4QM1/report.txt	3	0	0	0	0	0	0
/Volumes/GigiMurin/plip/sterol_lipids/BD8tqm-A-A-ERG1/report.txt	5	0	0	0	0	0	0
/Volumes/GigiMurin/plip/sterol_lipids/BD8u2z-A-A-CLR1/report.txt	7	1	0	0	0	0	0
/Volumes/GigiMurin/plip/sterol_lipids/BD8u2z-A-D-CLR1/report.txt	5	0	0	0	0	0	0
/Volumes/GigiMurin/plip/sterol_lipids/BD8u2z-B-A-CLR1/report.txt	5	0	0	0	0	0	0
/Volumes/GigiMurin/plip/sterol_lipids/BD8u2z-B-B-CLR1/report.txt	6	1	0	0	0	0	0
/Volumes/GigiMurin/plip/sterol_lipids/BD8u2z-C-B-CLR1/report.txt	5	0	0	0	0	0	0
/Volumes/GigiMurin/plip/sterol_lipids/BD8u2z-C-C-CLR1/report.txt	6	1	0	0	0	0	0
/Volumes/GigiMurin/plip/sterol_lipids/BD8u2z-D-C-CLR1/report.txt	5	0	0	0	0	0	0
/Volumes/GigiMurin/plip/sterol_lipids/BD8u2z-D-D-CLR1/report.txt	4	1	0	0	0	0	0
/Volumes/GigiMurin/plip/sterol_lipids/BD8u4n-R-R-CLR1/report.txt	4	0	0	0	0	0	0
/Volumes/GigiMurin/plip/sterol_lipids/BD8u4o-R-R-CLR1/report.txt	4	2	0	0	0	0	0
/Volumes/GigiMurin/plip/sterol_lipids/BD8u4p-R-R-CLR1/report.txt	3	0	0	0	0	0	0
/Volumes/GigiMurin/plip/sterol_lipids/BD8u4q-R-R-CLR1/report.txt	4	1	0	0	0	0	0
/Volumes/GigiMurin/plip/sterol_lipids/BD8u4r-R-R-CLR1/report.txt	8	0	0	0	0	0	0
/Volumes/GigiMurin/plip/sterol_lipids/BD8u4s-C-C-CLR1/report.txt	7	0	0	0	0	0	0
/Volumes/GigiMurin/plip/sterol_lipids/BD8u4s-C-C-CLR2/report.txt	3	0	0	0	0	0	0
/Volumes/GigiMurin/plip/sterol_lipids/BD8u4s-C-R-CLR2/report.txt	3	0	0	0	0	0	0
/Volumes/GigiMurin/plip/sterol_lipids/BD8u4s-G-C-CLR2/report.txt	3	0	0	0	0	0	0
/Volumes/GigiMurin/plip/sterol_lipids/BD8u4s-G-G-CLR1/report.txt	7	0	0	0	0	0	0
/Volumes/GigiMurin/plip/sterol_lipids/BD8u4s-G-G-CLR2/report.txt	3	0	0	0	0	0	0
/Volumes/GigiMurin/plip/sterol_lipids/BD8u4s-R-G-CLR2/report.txt	3	0	0	0	0	0	0
/Volumes/GigiMurin/plip/sterol_lipids/BD8u4s-R-R-CLR1/report.txt	7	0	0	0	0	0	0
/Volumes/GigiMurin/plip/sterol_lipids/BD8u4s-R-R-CLR2/report.txt	3	0	0	0	0	0	0
/Volumes/GigiMurin/plip/sterol_lipids/BD8u4t-AA-AA-CLR1/report.txt	2	0	0	0	0	0	0
/Volumes/GigiMurin/plip/sterol_lipids/BD8u4t-AA-AA-CLR2/report.txt	4	0	0	0	0	0	0
/Volumes/GigiMurin/plip/sterol_lipids/BD8u4t-AA-AA-CLR3/report.txt	5	0	0	0	0	0	0
/Volumes/GigiMurin/plip/sterol_lipids/BD8u4t-AA-AA-CLR4/report.txt	3	0	0	0	0	0	0
/Volumes/GigiMurin/plip/sterol_lipids/BD8u4t-I-I-CLR1/report.txt	2	0	0	0	0	0	0
/Volumes/GigiMurin/plip/sterol_lipids/BD8u4t-I-I-CLR2/report.txt	4	0	0	0	0	0	0
/Volumes/GigiMurin/plip/sterol_lipids/BD8u4t-I-I-CLR3/report.txt	5	0	0	0	0	0	0
/Volumes/GigiMurin/plip/sterol_lipids/BD8u4t-I-I-CLR4/report.txt	3	0	0	0	0	0	0
/Volumes/GigiMurin/plip/sterol_lipids/BD8u4t-Q-Q-CLR1/report.txt	2	0	0	0	0	0	0
/Volumes/GigiMurin/plip/sterol_lipids/BD8u4t-Q-Q-CLR2/report.txt	4	0	0	0	0	0	0
/Volumes/GigiMurin/plip/sterol_lipids/BD8u4t-Q-Q-CLR3/report.txt	5	0	0	0	0	0	0
/Volumes/GigiMurin/plip/sterol_lipids/BD8u4t-Q-Q-CLR4/report.txt	3	0	0	0	0	0	0
/Volumes/GigiMurin/plip/sterol_lipids/BD8u4t-R-R-CLR1/report.txt	2	0	0	0	0	0	0
/Volumes/GigiMurin/plip/sterol_lipids/BD8u4t-R-R-CLR2/report.txt	4	0	0	0	0	0	0
/Volumes/GigiMurin/plip/sterol_lipids/BD8u4t-R-R-CLR3/report.txt	5	0	0	0	0	0	0
/Volumes/GigiMurin/plip/sterol_lipids/BD8u4t-R-R-CLR4/report.txt	3	0	0	0	0	0	0
/Volumes/GigiMurin/plip/sterol_lipids/BD8ubr-A-A-CLR1/report.txt	3	0	0	0	0	0	0
/Volumes/GigiMurin/plip/sterol_lipids/BD8ubr-A-A-CLR2/report.txt	1	0	0	0	0	0	0
/Volumes/GigiMurin/plip/sterol_lipids/BD8ugj-1i-1i-CHD1/report.txt	1	3	1	0	0	0	0
/Volumes/GigiMurin/plip/sterol_lipids/BD8ugy-R-R-CLR1/report.txt	1	1	0	0	0	0	0
/Volumes/GigiMurin/plip/sterol_lipids/BD8ugy-R-R-CLR2/report.txt	5	0	0	0	0	0	0
/Volumes/GigiMurin/plip/sterol_lipids/BD8ugy-R-R-CLR3/report.txt	7	0	0	0	0	0	0
/Volumes/GigiMurin/plip/sterol_lipids/BD8ugy-R-R-CLR4/report.txt	1	0	0	0	0	0	0
/Volumes/GigiMurin/plip/sterol_lipids/BD8ugy-R-R-CLR5/report.txt	7	0	0	0	0	0	0
/Volumes/GigiMurin/plip/sterol_lipids/BD8uh3-D-D-CLR1/report.txt	7	1	0	0	0	0	0
/Volumes/GigiMurin/plip/sterol_lipids/BD8uh3-D-D-CLR2/report.txt	7	0	0	0	0	0	0
/Volumes/GigiMurin/plip/sterol_lipids/BD8uh3-D-D-CLR3/report.txt	3	0	0	0	0	0	0
/Volumes/GigiMurin/plip/sterol_lipids/BD8uh3-D-D-CLR4/report.txt	2	0	0	0	0	0	0
/Volumes/GigiMurin/plip/sterol_lipids/BD8uuk-C-C-CLR1/report.txt	1	0	0	0	0	0	0
/Volumes/GigiMurin/plip/sterol_lipids/BD8uuk-C-C-CLR2/report.txt	2	0	0	0	0	0	0
/Volumes/GigiMurin/plip/sterol_lipids/BD8uuk-C-C-CLR3/report.txt	5	0	0	0	0	0	0
/Volumes/GigiMurin/plip/sterol_lipids/BD8uuk-C-C-CLR4/report.txt	9	0	0	0	0	0	0
/Volumes/GigiMurin/plip/sterol_lipids/BD8uuk-C-C-CLR5/report.txt	9	0	0	0	0	0	0
/Volumes/GigiMurin/plip/sterol_lipids/BD8uuk-C-C-CLR6/report.txt	3	0	0	0	0	0	0
/Volumes/GigiMurin/plip/sterol_lipids/BD8uuk-D-D-CLR1/report.txt	1	0	0	0	0	0	0
/Volumes/GigiMurin/plip/sterol_lipids/BD8uuk-D-D-CLR2/report.txt	2	0	0	0	0	0	0
/Volumes/GigiMurin/plip/sterol_lipids/BD8uuk-D-D-CLR3/report.txt	4	0	0	0	0	0	0
/Volumes/GigiMurin/plip/sterol_lipids/BD8uuk-D-D-CLR4/report.txt	8	0	0	0	0	0	0
/Volumes/GigiMurin/plip/sterol_lipids/BD8uuk-D-D-CLR5/report.txt	9	0	0	0	0	0	0
/Volumes/GigiMurin/plip/sterol_lipids/BD8uuk-D-D-CLR6/report.txt	3	0	0	0	0	0	0
/Volumes/GigiMurin/plip/sterol_lipids/BD8v5c-B-B-DXC1/report.txt	1	0	0	0	0	0	0
/Volumes/GigiMurin/plip/sterol_lipids/BD8v5c-B-B-DXC2/report.txt	3	0	0	0	0	0	0
/Volumes/GigiMurin/plip/sterol_lipids/BD8v5e-A-A-DXC1/report.txt	1	2	0	0	0	0	0
/Volumes/GigiMurin/plip/sterol_lipids/BD8v5e-A-A-DXC2/report.txt	3	1	1	0	0	0	0
/Volumes/GigiMurin/plip/sterol_lipids/BD8v7z-A-A-CLR1/report.txt	3	0	0	0	0	0	0
/Volumes/GigiMurin/plip/sterol_lipids/BD8v81-A-A-CLR1/report.txt	2	0	0	0	0	0	0
/Volumes/GigiMurin/plip/sterol_lipids/BD8vej-A-A-CHD1/report.txt	14	3	0	0	0	0	0
/Volumes/GigiMurin/plip/sterol_lipids/BD8vej-B-B-CHD1/report.txt	12	4	0	0	0	0	0
/Volumes/GigiMurin/plip/sterol_lipids/BD8vy7-R-R-CLR1/report.txt	9	1	0	0	0	0	0
/Volumes/GigiMurin/plip/sterol_lipids/BD8vy9-R-R-CLR1/report.txt	12	1	0	0	0	0	0
/Volumes/GigiMurin/plip/sterol_lipids/BD8w2l-A-A-CLR1/report.txt	3	1	0	0	0	0	0
/Volumes/GigiMurin/plip/sterol_lipids/BD8w2l-A-A-DU01/report.txt	0	0	0	0	0	0	0
/Volumes/GigiMurin/plip/sterol_lipids/BD8w2l-A-D-CLR1/report.txt	4	0	0	0	0	0	0
/Volumes/GigiMurin/plip/sterol_lipids/BD8w2l-A-D-DU01/report.txt	2	0	0	0	0	0	0
/Volumes/GigiMurin/plip/sterol_lipids/BD8w2l-B-A-CLR1/report.txt	3	0	0	0	0	0	0
/Volumes/GigiMurin/plip/sterol_lipids/BD8w2l-B-A-DU01/report.txt	2	0	0	0	0	0	0
/Volumes/GigiMurin/plip/sterol_lipids/BD8w2l-B-B-CLR1/report.txt	3	1	0	0	0	0	0
/Volumes/GigiMurin/plip/sterol_lipids/BD8w2l-B-B-DU01/report.txt	2	0	0	0	0	0	0
/Volumes/GigiMurin/plip/sterol_lipids/BD8w2l-C-B-CLR1/report.txt	3	0	0	0	0	0	0
/Volumes/GigiMurin/plip/sterol_lipids/BD8w2l-C-B-DU01/report.txt	2	0	0	0	0	0	0
/Volumes/GigiMurin/plip/sterol_lipids/BD8w2l-C-C-CLR1/report.txt	3	1	0	0	0	0	0
/Volumes/GigiMurin/plip/sterol_lipids/BD8w2l-C-C-DU01/report.txt	1	0	0	0	0	0	0
/Volumes/GigiMurin/plip/sterol_lipids/BD8w2l-D-C-CLR1/report.txt	3	0	0	0	0	0	0
/Volumes/GigiMurin/plip/sterol_lipids/BD8w2l-D-C-DU01/report.txt	2	0	0	0	0	0	0
/Volumes/GigiMurin/plip/sterol_lipids/BD8w2l-D-D-CLR1/report.txt	3	1	0	0	0	0	0
/Volumes/GigiMurin/plip/sterol_lipids/BD8w2l-D-D-DU01/report.txt	1	0	0	0	0	0	0
/Volumes/GigiMurin/plip/sterol_lipids/BD8w4b-A-A-STR1/report.txt	5	0	0	0	0	0	0
/Volumes/GigiMurin/plip/sterol_lipids/BD8w4c-A-A-STR1/report.txt	6	0	0	0	0	0	0
/Volumes/GigiMurin/plip/sterol_lipids/BD8w6h-A-A-CLR1/report.txt	4	0	0	0	0	0	0
/Volumes/GigiMurin/plip/sterol_lipids/BD8w6h-B-B-CLR1/report.txt	4	0	0	0	0	0	0
/Volumes/GigiMurin/plip/sterol_lipids/BD8w6o-A-A-CLR1/report.txt	4	0	0	0	0	0	0
/Volumes/GigiMurin/plip/sterol_lipids/BD8w6o-B-B-CLR1/report.txt	4	0	0	0	0	0	0
/Volumes/GigiMurin/plip/sterol_lipids/BD8w88-R-R-CLR1/report.txt	2	0	0	0	0	0	0
/Volumes/GigiMurin/plip/sterol_lipids/BD8w88-R-R-CLR2/report.txt	6	0	0	0	0	0	0
/Volumes/GigiMurin/plip/sterol_lipids/BD8w88-R-R-CLR3/report.txt	5	0	0	0	0	0	0
/Volumes/GigiMurin/plip/sterol_lipids/BD8w8b-R-R-CLR1/report.txt	6	0	0	0	0	0	0
/Volumes/GigiMurin/plip/sterol_lipids/BD8w8b-R-R-CLR2/report.txt	4	0	0	0	0	0	0
/Volumes/GigiMurin/plip/sterol_lipids/BD8w8b-R-R-CLR3/report.txt	4	0	0	0	0	0	0
/Volumes/GigiMurin/plip/sterol_lipids/BD8w8b-R-R-CLR4/report.txt	1	0	0	0	0	0	0
/Volumes/GigiMurin/plip/sterol_lipids/BD8w8b-R-R-CLR5/report.txt	1	0	0	0	0	0	0
/Volumes/GigiMurin/plip/sterol_lipids/BD8wa5-A-A-CLR1/report.txt	2	2	0	0	0	0	0
/Volumes/GigiMurin/plip/sterol_lipids/BD8wa5-B-A-CLR1/report.txt	3	1	0	0	0	0	0
/Volumes/GigiMurin/plip/sterol_lipids/BD8we6-A-A-CLR1/report.txt	4	0	0	0	0	0	0
/Volumes/GigiMurin/plip/sterol_lipids/BD8we6-A-A-CLR2/report.txt	4	0	0	0	0	0	0
/Volumes/GigiMurin/plip/sterol_lipids/BD8we6-A-A-CLR3/report.txt	5	0	0	0	0	0	0
/Volumes/GigiMurin/plip/sterol_lipids/BD8we6-A-A-CLR4/report.txt	4	1	0	0	0	0	0
/Volumes/GigiMurin/plip/sterol_lipids/BD8we7-A-A-CLR1/report.txt	10	0	0	0	0	0	0
/Volumes/GigiMurin/plip/sterol_lipids/BD8we7-A-A-CLR2/report.txt	7	0	0	0	0	0	0
/Volumes/GigiMurin/plip/sterol_lipids/BD8we8-A-A-CLR1/report.txt	6	0	0	0	0	0	0
/Volumes/GigiMurin/plip/sterol_lipids/BD8we8-A-A-CLR2/report.txt	12	0	0	0	0	0	0
/Volumes/GigiMurin/plip/sterol_lipids/BD8we8-A-A-CLR3/report.txt	4	0	0	0	0	0	0
/Volumes/GigiMurin/plip/sterol_lipids/BD8we8-A-A-CLR4/report.txt	7	0	0	0	0	0	0
/Volumes/GigiMurin/plip/sterol_lipids/BD8we8-A-B-CLR1/report.txt	3	0	0	0	0	0	0
/Volumes/GigiMurin/plip/sterol_lipids/BD8we8-B-B-CLR1/report.txt	0	2	0	0	0	0	0
/Volumes/GigiMurin/plip/sterol_lipids/BD8we9-A-A-CLR1/report.txt	7	0	0	0	0	0	0
/Volumes/GigiMurin/plip/sterol_lipids/BD8we9-A-A-CLR2/report.txt	6	0	0	0	0	0	0
/Volumes/GigiMurin/plip/sterol_lipids/BD8we9-A-A-CLR3/report.txt	4	0	0	0	0	0	0
/Volumes/GigiMurin/plip/sterol_lipids/BD8wom-A-A-BLD1/report.txt	6	1	0	0	0	0	0
/Volumes/GigiMurin/plip/sterol_lipids/BD8woo-A-A-BLD1/report.txt	6	1	0	0	0	0	0
/Volumes/GigiMurin/plip/sterol_lipids/BD8woq-A-A-CLR1/report.txt	3	0	0	0	0	0	0
/Volumes/GigiMurin/plip/sterol_lipids/BD8woq-A-A-CLR2/report.txt	2	0	0	0	0	0	0
/Volumes/GigiMurin/plip/sterol_lipids/BD8woq-A-A-CLR3/report.txt	3	0	0	0	0	0	0
/Volumes/GigiMurin/plip/sterol_lipids/BD8woq-A-A-CLR4/report.txt	1	0	0	0	0	0	0
/Volumes/GigiMurin/plip/sterol_lipids/BD8woq-A-A-CLR5/report.txt	3	0	0	0	0	0	0
/Volumes/GigiMurin/plip/sterol_lipids/BD8woq-A-A-CLR6/report.txt	8	0	0	0	0	0	0
/Volumes/GigiMurin/plip/sterol_lipids/BD8woq-A-A-CLR7/report.txt	1	0	0	0	0	0	0
/Volumes/GigiMurin/plip/sterol_lipids/BD8woq-A-B-CLR1/report.txt	4	0	0	0	0	0	0
/Volumes/GigiMurin/plip/sterol_lipids/BD8woq-A-B-CLR8/report.txt	1	0	0	0	0	0	0
/Volumes/GigiMurin/plip/sterol_lipids/BD8woq-B-A-CLR7/report.txt	1	0	0	0	0	0	0
/Volumes/GigiMurin/plip/sterol_lipids/BD8woq-B-B-CLR1/report.txt	4	0	0	0	0	0	0
/Volumes/GigiMurin/plip/sterol_lipids/BD8woq-B-B-CLR2/report.txt	5	0	0	0	0	0	0
/Volumes/GigiMurin/plip/sterol_lipids/BD8woq-B-B-CLR3/report.txt	3	0	0	0	0	0	0
/Volumes/GigiMurin/plip/sterol_lipids/BD8woq-B-B-CLR4/report.txt	4	0	0	0	0	0	0
/Volumes/GigiMurin/plip/sterol_lipids/BD8woq-B-B-CLR5/report.txt	1	0	0	0	0	0	0
/Volumes/GigiMurin/plip/sterol_lipids/BD8woq-B-B-CLR6/report.txt	4	0	0	0	0	0	0
/Volumes/GigiMurin/plip/sterol_lipids/BD8woq-B-B-CLR7/report.txt	7	0	0	0	0	0	0
/Volumes/GigiMurin/plip/sterol_lipids/BD8woq-B-B-CLR8/report.txt	2	0	0	0	0	0	0
/Volumes/GigiMurin/plip/sterol_lipids/BD8wor-A-A-CLR1/report.txt	4	0	0	0	0	0	0
/Volumes/GigiMurin/plip/sterol_lipids/BD8wor-A-A-CLR2/report.txt	2	0	0	0	0	0	0
/Volumes/GigiMurin/plip/sterol_lipids/BD8wor-A-A-CLR3/report.txt	3	0	0	0	0	0	0
/Volumes/GigiMurin/plip/sterol_lipids/BD8wor-A-A-CLR4/report.txt	1	0	0	0	0	0	0
/Volumes/GigiMurin/plip/sterol_lipids/BD8wor-A-A-CLR5/report.txt	4	0	0	0	0	0	0
/Volumes/GigiMurin/plip/sterol_lipids/BD8wor-A-A-CLR6/report.txt	9	0	0	0	0	0	0
/Volumes/GigiMurin/plip/sterol_lipids/BD8wor-A-A-CLR7/report.txt	1	0	0	0	0	0	0
/Volumes/GigiMurin/plip/sterol_lipids/BD8wor-A-B-CLR1/report.txt	1	0	0	0	0	0	0
/Volumes/GigiMurin/plip/sterol_lipids/BD8wor-A-B-CLR2/report.txt	4	0	0	0	0	0	0
/Volumes/GigiMurin/plip/sterol_lipids/BD8wor-B-A-CLR7/report.txt	1	0	0	0	0	0	0
/Volumes/GigiMurin/plip/sterol_lipids/BD8wor-B-B-CLR1/report.txt	1	0	0	0	0	0	0
/Volumes/GigiMurin/plip/sterol_lipids/BD8wor-B-B-CLR2/report.txt	4	0	0	0	0	0	0
/Volumes/GigiMurin/plip/sterol_lipids/BD8wor-B-B-CLR3/report.txt	4	0	0	0	0	0	0
/Volumes/GigiMurin/plip/sterol_lipids/BD8wor-B-B-CLR4/report.txt	2	0	0	0	0	0	0
/Volumes/GigiMurin/plip/sterol_lipids/BD8wor-B-B-CLR5/report.txt	4	0	0	0	0	0	0
/Volumes/GigiMurin/plip/sterol_lipids/BD8wor-B-B-CLR6/report.txt	1	0	0	0	0	0	0
/Volumes/GigiMurin/plip/sterol_lipids/BD8wor-B-B-CLR7/report.txt	4	0	0	0	0	0	0
/Volumes/GigiMurin/plip/sterol_lipids/BD8wor-B-B-CLR8/report.txt	10	0	0	0	0	0	0
/Volumes/GigiMurin/plip/sterol_lipids/BD8wos-A-A-CLR1/report.txt	2	0	0	0	0	0	0
/Volumes/GigiMurin/plip/sterol_lipids/BD8wos-A-A-CLR2/report.txt	6	0	0	0	0	0	0
/Volumes/GigiMurin/plip/sterol_lipids/BD8wos-A-A-CLR3/report.txt	3	0	0	0	0	0	0
/Volumes/GigiMurin/plip/sterol_lipids/BD8wos-A-A-CLR4/report.txt	2	0	0	0	0	0	0
/Volumes/GigiMurin/plip/sterol_lipids/BD8wos-B-B-CLR1/report.txt	5	0	0	0	0	0	0
/Volumes/GigiMurin/plip/sterol_lipids/BD8wos-B-B-CLR2/report.txt	3	0	0	0	0	0	0
/Volumes/GigiMurin/plip/sterol_lipids/BD8wos-B-B-CLR3/report.txt	3	0	0	0	0	0	0
/Volumes/GigiMurin/plip/sterol_lipids/BD8wos-B-B-CLR4/report.txt	3	0	0	0	0	0	0
/Volumes/GigiMurin/plip/sterol_lipids/BD8wot-A-A-CLR1/report.txt	2	0	0	0	0	0	0
/Volumes/GigiMurin/plip/sterol_lipids/BD8wot-A-A-CLR2/report.txt	6	0	0	0	0	0	0
/Volumes/GigiMurin/plip/sterol_lipids/BD8wot-A-A-CLR3/report.txt	2	0	0	0	0	0	0
/Volumes/GigiMurin/plip/sterol_lipids/BD8wot-A-A-CLR4/report.txt	2	0	0	0	0	0	0
/Volumes/GigiMurin/plip/sterol_lipids/BD8wot-B-B-CLR1/report.txt	5	0	0	0	0	0	0
/Volumes/GigiMurin/plip/sterol_lipids/BD8wot-B-B-CLR2/report.txt	2	0	0	0	0	0	0
/Volumes/GigiMurin/plip/sterol_lipids/BD8wot-B-B-CLR3/report.txt	8	0	0	0	0	0	0
/Volumes/GigiMurin/plip/sterol_lipids/BD8wot-B-B-CLR4/report.txt	2	0	0	0	0	0	0
/Volumes/GigiMurin/plip/sterol_lipids/BD8wpu-B-B-CLR1/report.txt	8	0	0	0	0	0	0
/Volumes/GigiMurin/plip/sterol_lipids/BD8wrb-R-R-CLR1/report.txt	5	0	0	0	0	0	0
/Volumes/GigiMurin/plip/sterol_lipids/BD8wrj-A-A-6JI1/report.txt	8	1	0	0	0	0	0
/Volumes/GigiMurin/plip/sterol_lipids/BD8wue-A-A-ZWY1/report.txt	6	2	0	0	0	0	0
/Volumes/GigiMurin/plip/sterol_lipids/BD8wue-B-B-ZWY1/report.txt	4	2	0	0	0	0	0
/Volumes/GigiMurin/plip/sterol_lipids/BD8wue-C-C-ZWY1/report.txt	10	2	0	0	0	0	0
/Volumes/GigiMurin/plip/sterol_lipids/BD8wue-D-D-ZWY1/report.txt	5	2	0	0	0	0	0
/Volumes/GigiMurin/plip/sterol_lipids/BD8wue-E-E-ZWY1/report.txt	5	3	0	0	0	0	0
/Volumes/GigiMurin/plip/sterol_lipids/BD8wue-F-F-ZWY1/report.txt	5	3	0	0	0	0	0
/Volumes/GigiMurin/plip/sterol_lipids/BD8wwb-A-A-ZWY1/report.txt	5	1	0	0	0	0	0
/Volumes/GigiMurin/plip/sterol_lipids/BD8wxe-g-g-CLR1/report.txt	1	0	0	0	0	0	0
/Volumes/GigiMurin/plip/sterol_lipids/BD8wy0-b-b-CLR1/report.txt	4	0	0	0	0	0	0
/Volumes/GigiMurin/plip/sterol_lipids/BD8x52-C-C-CLR1/report.txt	5	0	0	0	0	0	0
/Volumes/GigiMurin/plip/sterol_lipids/BD8x52-C-C-CLR2/report.txt	7	0	0	0	0	0	0
/Volumes/GigiMurin/plip/sterol_lipids/BD8x53-C-C-CLR1/report.txt	4	0	0	0	0	0	0
/Volumes/GigiMurin/plip/sterol_lipids/BD8x53-C-C-CLR2/report.txt	9	0	0	0	0	0	0
/Volumes/GigiMurin/plip/sterol_lipids/BD8x54-C-C-CLR1/report.txt	3	0	0	0	0	0	0
/Volumes/GigiMurin/plip/sterol_lipids/BD8x54-C-C-CLR2/report.txt	4	0	0	0	0	0	0
/Volumes/GigiMurin/plip/sterol_lipids/BD8x54-C-C-CLR3/report.txt	6	0	0	0	0	0	0
/Volumes/GigiMurin/plip/sterol_lipids/BD8x5b-A-A-CLR1/report.txt	2	0	0	0	0	0	0
/Volumes/GigiMurin/plip/sterol_lipids/BD8x5b-F-F-CLR1/report.txt	2	0	0	0	0	0	0
/Volumes/GigiMurin/plip/sterol_lipids/BD8x5f-A-A-CLR1/report.txt	2	0	0	0	0	0	0
/Volumes/GigiMurin/plip/sterol_lipids/BD8x5f-B-B-CLR1/report.txt	2	0	0	0	0	0	0
/Volumes/GigiMurin/plip/sterol_lipids/BD8x90-A-A-CLR1/report.txt	1	1	0	0	0	0	0
/Volumes/GigiMurin/plip/sterol_lipids/BD8x90-A-A-CLR2/report.txt	2	0	0	0	0	0	0
/Volumes/GigiMurin/plip/sterol_lipids/BD8x90-A-A-CLR3/report.txt	3	0	0	0	0	0	0
/Volumes/GigiMurin/plip/sterol_lipids/BD8x90-A-A-CLR4/report.txt	6	0	0	0	0	0	0
/Volumes/GigiMurin/plip/sterol_lipids/BD8x90-A-A-CLR5/report.txt	4	1	0	0	0	0	0
/Volumes/GigiMurin/plip/sterol_lipids/BD8x91-A-A-CLR1/report.txt	3	0	0	0	0	0	0
/Volumes/GigiMurin/plip/sterol_lipids/BD8x91-A-A-CLR2/report.txt	6	0	0	0	0	0	0
/Volumes/GigiMurin/plip/sterol_lipids/BD8x91-A-A-CLR3/report.txt	4	0	0	0	0	0	0
/Volumes/GigiMurin/plip/sterol_lipids/BD8x91-A-A-CLR4/report.txt	4	0	0	0	0	0	0
/Volumes/GigiMurin/plip/sterol_lipids/BD8x91-A-A-CLR5/report.txt	5	1	0	0	0	0	0
/Volumes/GigiMurin/plip/sterol_lipids/BD8x93-A-A-CLR1/report.txt	4	0	0	0	0	0	0
/Volumes/GigiMurin/plip/sterol_lipids/BD8x93-A-A-CLR2/report.txt	8	0	0	0	0	0	0
/Volumes/GigiMurin/plip/sterol_lipids/BD8x93-A-A-CLR3/report.txt	3	0	0	0	0	0	0
/Volumes/GigiMurin/plip/sterol_lipids/BD8x93-A-A-CLR4/report.txt	3	0	0	0	0	0	0
/Volumes/GigiMurin/plip/sterol_lipids/BD8x93-A-A-CLR5/report.txt	3	1	0	0	0	0	0
/Volumes/GigiMurin/plip/sterol_lipids/BD8x94-A-A-CLR1/report.txt	5	0	0	0	0	0	0
/Volumes/GigiMurin/plip/sterol_lipids/BD8x94-A-C-CLR1/report.txt	1	0	0	0	0	0	0
/Volumes/GigiMurin/plip/sterol_lipids/BD8x94-B-A-CLR1/report.txt	1	0	0	0	0	0	0
/Volumes/GigiMurin/plip/sterol_lipids/BD8x94-B-B-CLR1/report.txt	5	0	0	0	0	0	0
/Volumes/GigiMurin/plip/sterol_lipids/BD8x94-C-C-CLR1/report.txt	6	0	0	0	0	0	0
/Volumes/GigiMurin/plip/sterol_lipids/BD8x94-D-B-CLR1/report.txt	1	0	0	0	0	0	0
/Volumes/GigiMurin/plip/sterol_lipids/BD8x94-D-D-CLR1/report.txt	7	0	0	0	0	0	0
/Volumes/GigiMurin/plip/sterol_lipids/BD8xbs-A-A-CLR1/report.txt	7	0	0	0	0	0	0
/Volumes/GigiMurin/plip/sterol_lipids/BD8xbs-A-A-CLR2/report.txt	6	0	0	0	0	0	0
/Volumes/GigiMurin/plip/sterol_lipids/BD8xbs-A-A-CLR3/report.txt	1	0	0	0	0	0	0
/Volumes/GigiMurin/plip/sterol_lipids/BD8xbs-A-A-CLR4/report.txt	3	1	0	0	0	0	0
/Volumes/GigiMurin/plip/sterol_lipids/BD8xbs-B-B-CLR1/report.txt	7	0	0	0	0	0	0
/Volumes/GigiMurin/plip/sterol_lipids/BD8xbs-B-B-CLR2/report.txt	6	0	0	0	0	0	0
/Volumes/GigiMurin/plip/sterol_lipids/BD8xbs-B-B-CLR3/report.txt	1	0	0	0	0	0	0
/Volumes/GigiMurin/plip/sterol_lipids/BD8xbs-B-B-CLR4/report.txt	3	1	0	0	0	0	0
/Volumes/GigiMurin/plip/sterol_lipids/BD8xc1-A-A-CLR1/report.txt	7	0	0	0	0	0	0
/Volumes/GigiMurin/plip/sterol_lipids/BD8xc1-A-A-CLR2/report.txt	5	0	0	0	0	0	0
/Volumes/GigiMurin/plip/sterol_lipids/BD8xc1-A-A-CLR3/report.txt	3	0	0	0	0	0	0
/Volumes/GigiMurin/plip/sterol_lipids/BD8xc1-A-A-CLR4/report.txt	4	1	0	0	0	0	0
/Volumes/GigiMurin/plip/sterol_lipids/BD8xc1-B-B-CLR1/report.txt	7	0	0	0	0	0	0
/Volumes/GigiMurin/plip/sterol_lipids/BD8xc1-B-B-CLR2/report.txt	5	0	0	0	0	0	0
/Volumes/GigiMurin/plip/sterol_lipids/BD8xc1-B-B-CLR3/report.txt	3	0	0	0	0	0	0
/Volumes/GigiMurin/plip/sterol_lipids/BD8xc1-B-B-CLR4/report.txt	4	1	0	0	0	0	0
/Volumes/GigiMurin/plip/sterol_lipids/BD8xgm-A-A-CLR1/report.txt	5	1	0	0	0	0	0
/Volumes/GigiMurin/plip/sterol_lipids/BD8xmm-A-A-CLR1/report.txt	2	0	0	0	0	0	0
/Volumes/GigiMurin/plip/sterol_lipids/BD8xok-A-A-DU010/report.txt	2	1	0	0	0	0	0
/Volumes/GigiMurin/plip/sterol_lipids/BD8xok-A-A-DU011/report.txt	3	0	0	0	0	0	0
/Volumes/GigiMurin/plip/sterol_lipids/BD8xok-A-A-DU012/report.txt	5	0	0	0	0	0	0
/Volumes/GigiMurin/plip/sterol_lipids/BD8xok-A-A-DU013/report.txt	1	0	0	0	0	0	0
/Volumes/GigiMurin/plip/sterol_lipids/BD8xok-A-A-DU014/report.txt	0	2	0	0	0	0	0
/Volumes/GigiMurin/plip/sterol_lipids/BD8xok-A-A-DU01/report.txt	4	0	0	0	0	0	0
/Volumes/GigiMurin/plip/sterol_lipids/BD8xok-A-A-DU02/report.txt	2	0	0	0	0	0	0
/Volumes/GigiMurin/plip/sterol_lipids/BD8xok-A-A-DU03/report.txt	3	0	0	0	0	0	0
/Volumes/GigiMurin/plip/sterol_lipids/BD8xok-A-A-DU04/report.txt	5	0	0	0	0	0	0
/Volumes/GigiMurin/plip/sterol_lipids/BD8xok-A-A-DU05/report.txt	4	0	0	0	0	0	0
/Volumes/GigiMurin/plip/sterol_lipids/BD8xok-A-A-DU06/report.txt	2	1	0	0	0	0	0
/Volumes/GigiMurin/plip/sterol_lipids/BD8xok-A-A-DU07/report.txt	5	1	0	0	0	0	0
/Volumes/GigiMurin/plip/sterol_lipids/BD8xok-A-A-DU08/report.txt	2	0	0	0	0	0	0
/Volumes/GigiMurin/plip/sterol_lipids/BD8xok-A-A-DU09/report.txt	0	0	0	0	0	0	0
/Volumes/GigiMurin/plip/sterol_lipids/BD8xol-A-A-DU01/report.txt	3	0	0	0	0	0	0
/Volumes/GigiMurin/plip/sterol_lipids/BD8xol-A-A-DU02/report.txt	3	0	0	0	0	0	0
/Volumes/GigiMurin/plip/sterol_lipids/BD8xol-A-A-DU03/report.txt	7	3	0	0	0	0	0
/Volumes/GigiMurin/plip/sterol_lipids/BD8xol-A-A-DU04/report.txt	3	0	0	0	0	0	0
/Volumes/GigiMurin/plip/sterol_lipids/BD8xol-A-A-DU05/report.txt	1	0	0	0	0	0	0
/Volumes/GigiMurin/plip/sterol_lipids/BD8xol-A-A-DU06/report.txt	0	0	0	0	0	0	0
/Volumes/GigiMurin/plip/sterol_lipids/BD8xol-A-A-DU07/report.txt	0	1	0	0	0	0	0
/Volumes/GigiMurin/plip/sterol_lipids/BD8xol-A-A-DU08/report.txt	1	0	0	0	0	0	0
/Volumes/GigiMurin/plip/sterol_lipids/BD8xom-A-A-DU010/report.txt	3	1	0	0	0	0	0
/Volumes/GigiMurin/plip/sterol_lipids/BD8xom-A-A-DU011/report.txt	3	0	0	0	0	0	0
/Volumes/GigiMurin/plip/sterol_lipids/BD8xom-A-A-DU012/report.txt	3	0	0	0	0	0	0
/Volumes/GigiMurin/plip/sterol_lipids/BD8xom-A-A-DU013/report.txt	0	0	0	0	0	0	0
/Volumes/GigiMurin/plip/sterol_lipids/BD8xom-A-A-DU014/report.txt	0	0	0	0	0	0	0
/Volumes/GigiMurin/plip/sterol_lipids/BD8xom-A-A-DU01/report.txt	2	0	0	0	0	0	0
/Volumes/GigiMurin/plip/sterol_lipids/BD8xom-A-A-DU02/report.txt	1	0	0	0	0	0	0
/Volumes/GigiMurin/plip/sterol_lipids/BD8xom-A-A-DU03/report.txt	2	0	0	0	0	0	0
/Volumes/GigiMurin/plip/sterol_lipids/BD8xom-A-A-DU04/report.txt	1	0	0	0	0	0	0
/Volumes/GigiMurin/plip/sterol_lipids/BD8xom-A-A-DU05/report.txt	2	0	0	0	0	0	0
/Volumes/GigiMurin/plip/sterol_lipids/BD8xom-A-A-DU06/report.txt	2	0	0	0	0	0	0
/Volumes/GigiMurin/plip/sterol_lipids/BD8xom-A-A-DU07/report.txt	5	2	0	0	0	0	0
/Volumes/GigiMurin/plip/sterol_lipids/BD8xom-A-A-DU08/report.txt	1	0	0	0	0	0	0
/Volumes/GigiMurin/plip/sterol_lipids/BD8xom-A-A-DU09/report.txt	0	0	0	0	0	0	0
/Volumes/GigiMurin/plip/sterol_lipids/BD8xql-R-R-CLR1/report.txt	14	0	0	0	0	0	0
/Volumes/GigiMurin/plip/sterol_lipids/BD8xqn-R-R-CLR1/report.txt	9	1	0	0	0	0	0
/Volumes/GigiMurin/plip/sterol_lipids/BD8xqo-R-R-CLR1/report.txt	11	0	0	0	0	0	0
/Volumes/GigiMurin/plip/sterol_lipids/BD8xqp-R-R-CLR1/report.txt	7	0	0	0	0	0	0
/Volumes/GigiMurin/plip/sterol_lipids/BD8xqs-R-R-CLR1/report.txt	12	0	0	0	0	0	0
/Volumes/GigiMurin/plip/sterol_lipids/BD8xqt-R-R-CLR1/report.txt	14	0	0	0	0	0	0
/Volumes/GigiMurin/plip/sterol_lipids/BD8xqt-R-R-CLR2/report.txt	14	0	0	0	0	0	0
/Volumes/GigiMurin/plip/sterol_lipids/BD8y6i-A-A-CLR10/report.txt	1	0	0	0	0	0	0
/Volumes/GigiMurin/plip/sterol_lipids/BD8y6i-A-A-CLR11/report.txt	3	0	0	0	0	0	0
/Volumes/GigiMurin/plip/sterol_lipids/BD8y6i-A-A-CLR12/report.txt	5	0	0	0	0	0	0
/Volumes/GigiMurin/plip/sterol_lipids/BD8y6i-A-A-CLR1/report.txt	5	0	0	0	0	0	0
/Volumes/GigiMurin/plip/sterol_lipids/BD8y6i-A-A-CLR2/report.txt	7	0	0	0	0	0	0
/Volumes/GigiMurin/plip/sterol_lipids/BD8y6i-A-A-CLR3/report.txt	3	0	0	0	0	0	0
/Volumes/GigiMurin/plip/sterol_lipids/BD8y6i-A-A-CLR4/report.txt	3	0	0	0	0	0	0
/Volumes/GigiMurin/plip/sterol_lipids/BD8y6i-A-A-CLR5/report.txt	7	0	0	0	0	0	0
/Volumes/GigiMurin/plip/sterol_lipids/BD8y6i-A-A-CLR6/report.txt	4	1	0	0	0	0	0
/Volumes/GigiMurin/plip/sterol_lipids/BD8y6i-A-A-CLR7/report.txt	5	0	0	0	0	0	0
/Volumes/GigiMurin/plip/sterol_lipids/BD8y6i-A-A-CLR8/report.txt	5	0	0	0	0	0	0
/Volumes/GigiMurin/plip/sterol_lipids/BD8y6i-A-A-CLR9/report.txt	5	0	0	0	0	0	0
/Volumes/GigiMurin/plip/sterol_lipids/BD8yc0-b-b-CLR1/report.txt	3	0	0	0	0	0	0
/Volumes/GigiMurin/plip/sterol_lipids/BD8yky-R-R-CLR1/report.txt	12	0	0	0	0	0	0
/Volumes/GigiMurin/plip/sterol_lipids/BD8yr2-A-A-CLR1/report.txt	3	0	0	0	0	0	0
/Volumes/GigiMurin/plip/sterol_lipids/BD8yr2-A-A-CLR2/report.txt	8	0	0	0	0	0	0
/Volumes/GigiMurin/plip/sterol_lipids/BD8yr2-A-A-CLR3/report.txt	2	0	0	0	0	0	0
/Volumes/GigiMurin/plip/sterol_lipids/BD8yr2-A-A-CLR4/report.txt	6	0	0	0	0	0	0
/Volumes/GigiMurin/plip/sterol_lipids/BD8yr2-A-A-CLR5/report.txt	3	0	0	0	0	0	0
/Volumes/GigiMurin/plip/sterol_lipids/BD8yr2-A-A-CLR6/report.txt	14	0	0	0	0	0	0
/Volumes/GigiMurin/plip/sterol_lipids/BD8yr2-A-A-CLR7/report.txt	4	0	0	0	0	0	0
/Volumes/GigiMurin/plip/sterol_lipids/BD8yr2-A-A-CLR8/report.txt	3	1	0	0	0	0	0
/Volumes/GigiMurin/plip/sterol_lipids/BD8yr2-A-A-CLR9/report.txt	7	0	0	0	0	0	0
/Volumes/GigiMurin/plip/sterol_lipids/BD8yr2-B-B-CLR10/report.txt	3	0	0	0	0	0	0
/Volumes/GigiMurin/plip/sterol_lipids/BD8yr2-B-B-CLR11/report.txt	14	0	0	0	0	0	0
/Volumes/GigiMurin/plip/sterol_lipids/BD8yr2-B-B-CLR1/report.txt	4	0	0	0	0	0	0
/Volumes/GigiMurin/plip/sterol_lipids/BD8yr2-B-B-CLR2/report.txt	0	0	0	0	0	0	0
/Volumes/GigiMurin/plip/sterol_lipids/BD8yr2-B-B-CLR3/report.txt	7	0	0	0	0	0	0
/Volumes/GigiMurin/plip/sterol_lipids/BD8yr2-B-B-CLR4/report.txt	7	0	0	0	0	0	0
/Volumes/GigiMurin/plip/sterol_lipids/BD8yr2-B-B-CLR5/report.txt	3	0	0	0	0	0	0
/Volumes/GigiMurin/plip/sterol_lipids/BD8yr2-B-B-CLR6/report.txt	1	0	0	0	0	0	0
/Volumes/GigiMurin/plip/sterol_lipids/BD8yr2-B-B-CLR7/report.txt	4	0	0	0	0	0	0
/Volumes/GigiMurin/plip/sterol_lipids/BD8yr2-B-B-CLR8/report.txt	3	0	0	0	0	0	0
/Volumes/GigiMurin/plip/sterol_lipids/BD8yr2-B-B-CLR9/report.txt	6	0	0	0	0	0	0
/Volumes/GigiMurin/plip/sterol_lipids/BD8yut-R-R-CLR1/report.txt	8	0	0	0	0	0	0
/Volumes/GigiMurin/plip/sterol_lipids/BD8yuu-R-R-CLR1/report.txt	8	0	0	0	0	0	0
/Volumes/GigiMurin/plip/sterol_lipids/BD8yuv-R-R-CLR1/report.txt	8	1	0	0	0	0	0
/Volumes/GigiMurin/plip/sterol_lipids/BD8zle-A-A-CLR1/report.txt	3	0	0	0	0	0	0
/Volumes/GigiMurin/plip/sterol_lipids/BD8zle-B-B-CLR1/report.txt	4	0	0	0	0	0	0
/Volumes/GigiMurin/plip/sterol_lipids/BD8zsj-R-R-CLR1/report.txt	1	1	0	0	0	0	0
/Volumes/GigiMurin/plip/sterol_lipids/BD9axf-Q-Q-CLR1/report.txt	2	0	0	0	0	0	0
/Volumes/GigiMurin/plip/sterol_lipids/BD9axf-Q-Q-CLR2/report.txt	7	0	0	0	0	0	0
/Volumes/GigiMurin/plip/sterol_lipids/BD9axf-Q-Q-CLR3/report.txt	2	0	0	0	0	0	0
/Volumes/GigiMurin/plip/sterol_lipids/BD9axf-Q-Q-CLR4/report.txt	2	0	0	0	0	0	0
/Volumes/GigiMurin/plip/sterol_lipids/BD9axf-Q-Q-CLR5/report.txt	2	0	0	0	0	0	0
/Volumes/GigiMurin/plip/sterol_lipids/BD9axf-R-Q-CLR1/report.txt	1	0	0	0	0	0	0
/Volumes/GigiMurin/plip/sterol_lipids/BD9axf-R-R-CLR1/report.txt	6	0	0	0	0	0	0
/Volumes/GigiMurin/plip/sterol_lipids/BD9axf-R-R-CLR2/report.txt	1	0	0	0	0	0	0
/Volumes/GigiMurin/plip/sterol_lipids/BD9axf-R-R-CLR3/report.txt	2	0	0	0	0	0	0
/Volumes/GigiMurin/plip/sterol_lipids/BD9b36-A-A-CLR1/report.txt	3	0	0	0	0	0	0
/Volumes/GigiMurin/plip/sterol_lipids/BD9b36-A-A-CLR2/report.txt	3	0	0	0	0	0	0
/Volumes/GigiMurin/plip/sterol_lipids/BD9b36-A-A-CLR3/report.txt	1	0	0	0	0	0	0
/Volumes/GigiMurin/plip/sterol_lipids/BD9b36-A-A-CLR4/report.txt	1	0	0	0	0	0	0
/Volumes/GigiMurin/plip/sterol_lipids/BD9b36-B-A-CLR3/report.txt	3	0	0	0	0	0	0
/Volumes/GigiMurin/plip/sterol_lipids/BD9b36-B-A-CLR4/report.txt	2	0	0	0	0	0	0
/Volumes/GigiMurin/plip/sterol_lipids/BD9b36-B-B-CLR1/report.txt	2	0	0	0	0	0	0
/Volumes/GigiMurin/plip/sterol_lipids/BD9b36-B-C-CLR1/report.txt	1	0	0	0	0	0	0
/Volumes/GigiMurin/plip/sterol_lipids/BD9b36-C-B-CLR1/report.txt	3	0	0	0	0	0	0
/Volumes/GigiMurin/plip/sterol_lipids/BD9b36-C-C-CLR1/report.txt	3	0	0	0	0	0	0
/Volumes/GigiMurin/plip/sterol_lipids/BD9b36-C-C-CLR2/report.txt	1	0	0	0	0	0	0
/Volumes/GigiMurin/plip/sterol_lipids/BD9b36-C-C-CLR3/report.txt	1	0	0	0	0	0	0
/Volumes/GigiMurin/plip/sterol_lipids/BD9b36-D-A-CLR1/report.txt	1	0	0	0	0	0	0
/Volumes/GigiMurin/plip/sterol_lipids/BD9b36-D-A-CLR2/report.txt	1	0	0	0	0	0	0
/Volumes/GigiMurin/plip/sterol_lipids/BD9b36-D-C-CLR2/report.txt	3	0	0	0	0	0	0
/Volumes/GigiMurin/plip/sterol_lipids/BD9b36-D-C-CLR3/report.txt	3	0	0	0	0	0	0
/Volumes/GigiMurin/plip/sterol_lipids/BD9b37-A-A-CLR1/report.txt	3	0	0	0	0	0	0
/Volumes/GigiMurin/plip/sterol_lipids/BD9b37-A-A-CLR2/report.txt	3	0	0	0	0	0	0
/Volumes/GigiMurin/plip/sterol_lipids/BD9b37-A-A-CLR3/report.txt	1	0	0	0	0	0	0
/Volumes/GigiMurin/plip/sterol_lipids/BD9b37-A-A-CLR4/report.txt	1	0	0	0	0	0	0
/Volumes/GigiMurin/plip/sterol_lipids/BD9b37-B-A-CLR3/report.txt	3	0	0	0	0	0	0
/Volumes/GigiMurin/plip/sterol_lipids/BD9b37-B-A-CLR4/report.txt	2	0	0	0	0	0	0
/Volumes/GigiMurin/plip/sterol_lipids/BD9b37-B-B-CLR1/report.txt	1	0	0	0	0	0	0
/Volumes/GigiMurin/plip/sterol_lipids/BD9b37-B-C-CLR1/report.txt	1	0	0	0	0	0	0
/Volumes/GigiMurin/plip/sterol_lipids/BD9b37-C-B-CLR1/report.txt	3	0	0	0	0	0	0
/Volumes/GigiMurin/plip/sterol_lipids/BD9b37-C-C-CLR1/report.txt	3	0	0	0	0	0	0
/Volumes/GigiMurin/plip/sterol_lipids/BD9b37-C-C-CLR2/report.txt	1	0	0	0	0	0	0
/Volumes/GigiMurin/plip/sterol_lipids/BD9b37-C-C-CLR3/report.txt	1	0	0	0	0	0	0
/Volumes/GigiMurin/plip/sterol_lipids/BD9b37-D-A-CLR1/report.txt	1	0	0	0	0	0	0
/Volumes/GigiMurin/plip/sterol_lipids/BD9b37-D-A-CLR2/report.txt	1	0	0	0	0	0	0
/Volumes/GigiMurin/plip/sterol_lipids/BD9b37-D-C-CLR2/report.txt	3	0	0	0	0	0	0
/Volumes/GigiMurin/plip/sterol_lipids/BD9b37-D-C-CLR3/report.txt	3	0	0	0	0	0	0
/Volumes/GigiMurin/plip/sterol_lipids/BD9b8o-b-b-CLR1/report.txt	0	0	0	0	0	0	0
/Volumes/GigiMurin/plip/sterol_lipids/BD9b8o-h-h-CLR1/report.txt	2	1	0	0	0	0	0
/Volumes/GigiMurin/plip/sterol_lipids/BD9b8o-h-h-CLR2/report.txt	4	0	0	0	0	0	0
/Volumes/GigiMurin/plip/sterol_lipids/BD9b8o-i-i-CLR1/report.txt	1	0	0	0	0	0	0
/Volumes/GigiMurin/plip/sterol_lipids/BD9b8o-i-i-CLR2/report.txt	5	0	0	0	0	0	0
/Volumes/GigiMurin/plip/sterol_lipids/BD9b8o-i-i-CLR3/report.txt	5	0	0	0	0	0	0
/Volumes/GigiMurin/plip/sterol_lipids/BD9b8o-i-i-CLR4/report.txt	4	2	0	0	0	0	0
/Volumes/GigiMurin/plip/sterol_lipids/BD9b8o-j-i-CLR1/report.txt	3	0	0	0	0	0	0
/Volumes/GigiMurin/plip/sterol_lipids/BD9b8o-j-j-CLR1/report.txt	4	0	0	0	0	0	0
/Volumes/GigiMurin/plip/sterol_lipids/BD9b8o-j-j-CLR2/report.txt	3	0	0	0	0	0	0
/Volumes/GigiMurin/plip/sterol_lipids/BD9b8o-j-j-CLR3/report.txt	6	0	0	0	0	0	0
/Volumes/GigiMurin/plip/sterol_lipids/BD9b8o-j-j-CLR4/report.txt	6	2	0	0	0	0	0
/Volumes/GigiMurin/plip/sterol_lipids/BD9b8o-k-j-CLR1/report.txt	2	0	0	0	0	0	0
/Volumes/GigiMurin/plip/sterol_lipids/BD9b8o-k-k-CLR1/report.txt	0	0	0	0	0	0	0
/Volumes/GigiMurin/plip/sterol_lipids/BD9b8o-k-k-CLR2/report.txt	6	0	0	0	0	0	0
/Volumes/GigiMurin/plip/sterol_lipids/BD9b8o-k-k-CLR3/report.txt	4	0	0	0	0	0	0
/Volumes/GigiMurin/plip/sterol_lipids/BD9b8o-k-k-CLR4/report.txt	6	1	0	0	0	0	0
/Volumes/GigiMurin/plip/sterol_lipids/BD9b8o-l-k-CLR1/report.txt	3	0	0	0	0	0	0
/Volumes/GigiMurin/plip/sterol_lipids/BD9b8o-l-l-CLR1/report.txt	5	0	0	0	0	0	0
/Volumes/GigiMurin/plip/sterol_lipids/BD9b8o-l-l-CLR2/report.txt	7	0	0	0	0	0	0
/Volumes/GigiMurin/plip/sterol_lipids/BD9b8o-l-l-CLR3/report.txt	6	0	0	0	0	0	0
/Volumes/GigiMurin/plip/sterol_lipids/BD9b8o-l-m-CLR5/report.txt	0	1	0	0	0	0	0
/Volumes/GigiMurin/plip/sterol_lipids/BD9b8o-m-l-CLR1/report.txt	1	0	0	0	0	0	0
/Volumes/GigiMurin/plip/sterol_lipids/BD9b8o-m-m-CLR1/report.txt	3	2	0	0	0	0	0
/Volumes/GigiMurin/plip/sterol_lipids/BD9b8o-m-m-CLR2/report.txt	6	0	0	0	0	0	0
/Volumes/GigiMurin/plip/sterol_lipids/BD9b8o-m-m-CLR3/report.txt	8	0	0	0	0	0	0
/Volumes/GigiMurin/plip/sterol_lipids/BD9b8o-m-m-CLR4/report.txt	3	0	0	0	0	0	0
/Volumes/GigiMurin/plip/sterol_lipids/BD9b8o-m-m-CLR5/report.txt	3	0	0	0	0	0	0
/Volumes/GigiMurin/plip/sterol_lipids/BD9b8o-n-m-CLR1/report.txt	3	0	0	0	0	0	0
/Volumes/GigiMurin/plip/sterol_lipids/BD9b8o-n-n-CLR1/report.txt	1	0	0	0	0	0	0
/Volumes/GigiMurin/plip/sterol_lipids/BD9b8o-n-n-CLR2/report.txt	5	0	0	0	0	0	0
/Volumes/GigiMurin/plip/sterol_lipids/BD9b8o-n-n-CLR3/report.txt	8	1	0	0	0	0	0
/Volumes/GigiMurin/plip/sterol_lipids/BD9b8o-n-n-CLR4/report.txt	3	0	0	0	0	0	0
/Volumes/GigiMurin/plip/sterol_lipids/BD9b8o-o-n-CLR1/report.txt	4	0	0	0	0	0	0
/Volumes/GigiMurin/plip/sterol_lipids/BD9b8o-o-o-CLR1/report.txt	5	0	0	0	0	0	0
/Volumes/GigiMurin/plip/sterol_lipids/BD9b8o-o-o-CLR2/report.txt	4	1	0	0	0	0	0
/Volumes/GigiMurin/plip/sterol_lipids/BD9b8o-o-o-CLR3/report.txt	4	0	0	0	0	0	0
/Volumes/GigiMurin/plip/sterol_lipids/BD9b8o-p-b-CLR1/report.txt	1	0	0	0	0	0	0
/Volumes/GigiMurin/plip/sterol_lipids/BD9brd-b-b-CLR1/report.txt	0	0	0	0	0	0	0
/Volumes/GigiMurin/plip/sterol_lipids/BD9brd-h-h-CLR1/report.txt	1	1	0	0	0	0	0
/Volumes/GigiMurin/plip/sterol_lipids/BD9brd-h-h-CLR2/report.txt	1	0	0	0	0	0	0
/Volumes/GigiMurin/plip/sterol_lipids/BD9brd-i-i-CLR1/report.txt	0	0	0	0	0	0	0
/Volumes/GigiMurin/plip/sterol_lipids/BD9brd-i-i-CLR2/report.txt	2	0	0	0	0	0	0
/Volumes/GigiMurin/plip/sterol_lipids/BD9brd-i-i-CLR3/report.txt	5	0	0	0	0	0	0
/Volumes/GigiMurin/plip/sterol_lipids/BD9brd-i-i-CLR4/report.txt	3	0	0	0	0	0	0
/Volumes/GigiMurin/plip/sterol_lipids/BD9brd-j-j-CLR1/report.txt	2	1	0	0	0	0	0
/Volumes/GigiMurin/plip/sterol_lipids/BD9brd-j-j-CLR2/report.txt	2	0	0	0	0	0	0
/Volumes/GigiMurin/plip/sterol_lipids/BD9brd-j-j-CLR3/report.txt	6	0	0	0	0	0	0
/Volumes/GigiMurin/plip/sterol_lipids/BD9brd-j-j-CLR4/report.txt	2	2	0	0	0	0	0
/Volumes/GigiMurin/plip/sterol_lipids/BD9brd-k-k-CLR1/report.txt	3	0	0	0	0	0	0
/Volumes/GigiMurin/plip/sterol_lipids/BD9brd-k-k-CLR2/report.txt	5	0	0	0	0	0	0
/Volumes/GigiMurin/plip/sterol_lipids/BD9brd-k-k-CLR3/report.txt	4	1	0	0	0	0	0
/Volumes/GigiMurin/plip/sterol_lipids/BD9brd-l-l-CLR1/report.txt	0	2	0	0	0	0	0
/Volumes/GigiMurin/plip/sterol_lipids/BD9brd-l-l-CLR2/report.txt	3	0	0	0	0	0	0
/Volumes/GigiMurin/plip/sterol_lipids/BD9brd-l-l-CLR3/report.txt	6	0	0	0	0	0	0
/Volumes/GigiMurin/plip/sterol_lipids/BD9brd-l-l-CLR4/report.txt	5	0	0	0	0	0	0
/Volumes/GigiMurin/plip/sterol_lipids/BD9brd-l-l-CLR5/report.txt	3	0	0	0	0	0	0
/Volumes/GigiMurin/plip/sterol_lipids/BD9brd-m-m-CLR1/report.txt	7	0	0	0	0	0	0
/Volumes/GigiMurin/plip/sterol_lipids/BD9brd-m-m-CLR2/report.txt	3	1	0	0	0	0	0
/Volumes/GigiMurin/plip/sterol_lipids/BD9brd-m-m-CLR3/report.txt	5	0	0	0	0	0	0
/Volumes/GigiMurin/plip/sterol_lipids/BD9brd-n-n-CLR1/report.txt	1	0	0	0	0	0	0
/Volumes/GigiMurin/plip/sterol_lipids/BD9brd-n-n-CLR2/report.txt	4	0	0	0	0	0	0
/Volumes/GigiMurin/plip/sterol_lipids/BD9brd-n-n-CLR3/report.txt	7	0	0	0	0	0	0
/Volumes/GigiMurin/plip/sterol_lipids/BD9brd-n-n-CLR4/report.txt	4	1	0	0	0	0	0
/Volumes/GigiMurin/plip/sterol_lipids/BD9brd-n-n-CLR5/report.txt	5	0	0	0	0	0	0
/Volumes/GigiMurin/plip/sterol_lipids/BD9brd-o-o-CLR1/report.txt	6	0	0	0	0	0	0
/Volumes/GigiMurin/plip/sterol_lipids/BD9brd-o-o-CLR2/report.txt	3	1	0	0	0	0	0
/Volumes/GigiMurin/plip/sterol_lipids/BD9brd-o-o-CLR3/report.txt	4	0	0	0	0	0	0
/Volumes/GigiMurin/plip/sterol_lipids/BD9cia-b-b-CLR1/report.txt	3	0	0	0	0	0	0
/Volumes/GigiMurin/plip/sterol_lipids/BD9ent-A-A-5JK1/report.txt	12	0	0	0	0	0	0
/Volumes/GigiMurin/plip/sterol_lipids/BD9eo4-B-B-CLR1/report.txt	8	0	0	0	0	0	0
/Volumes/GigiMurin/plip/sterol_lipids/BD9eo4-B-B-CLR2/report.txt	11	0	0	0	0	0	0
/Volumes/GigiMurin/plip/sterol_lipids/BD9eo4-B-B-CLR3/report.txt	13	0	0	0	0	0	0
/Volumes/GigiMurin/plip/sterol_lipids/BD9eu5-A-A-5JK1/report.txt	10	0	0	0	0	0	0
/Volumes/GigiMurin/plip/sterol_lipids/BD9euo-A-A-CLR1/report.txt	7	0	0	0	0	0	0
/Volumes/GigiMurin/plip/sterol_lipids/BD9eup-A-A-CLR1/report.txt	6	0	0	0	0	0	0
/Volumes/GigiMurin/plip/sterol_lipids/BD9f40-A-A-ERG1/report.txt	13	1	0	0	0	0	0
/Volumes/GigiMurin/plip/sterol_lipids/BD9f40-B-B-ERG1/report.txt	12	1	0	0	0	0	0
/Volumes/GigiMurin/plip/sterol_lipids/BD9f40-C-C-ERG1/report.txt	10	1	0	0	0	0	0
/Volumes/GigiMurin/plip/sterol_lipids/BD9f40-D-D-ERG1/report.txt	12	1	0	0	0	0	0
/Volumes/GigiMurin/plip/sterol_lipids/BD9f41-A-A-CLR1/report.txt	9	1	0	0	0	0	0
/Volumes/GigiMurin/plip/sterol_lipids/BD9f41-B-B-CLR1/report.txt	13	1	0	0	0	0	0
/Volumes/GigiMurin/plip/sterol_lipids/BD9f41-C-C-CLR1/report.txt	10	1	0	0	0	0	0
/Volumes/GigiMurin/plip/sterol_lipids/BD9f41-D-D-CLR1/report.txt	12	1	0	0	0	0	0
/Volumes/GigiMurin/plip/sterol_lipids/BD9ij9-R-R-CLR1/report.txt	9	2	0	0	0	0	0
/Volumes/GigiMurin/plip/sterol_lipids/BD9ija-R-R-CLR1/report.txt	9	2	0	0	0	0	0
/Volumes/GigiMurin/plip/sterol_lipids/BD7pp1-AAA-AAA-CLR1/report.txt	6	0	0	0	0	0	0
/Volumes/GigiMurin/plip/sterol_lipids/BD7z3k-AAA-AAA-5JK1/report.txt	11	1	0	0	0	0	0
/Volumes/GigiMurin/plip/sterol_lipids/BD8jbz-AAA-AAA-ASD1/report.txt	6	1	0	0	0	0	0
