class	GO_CC	pock_vol
Polyketide	protein-containing complex [GO:0032991]	796.99
Polyketide	axonal growth cone [GO:0044295]	796.99
Polyketide	perinuclear region of cytoplasm [GO:0048471]	796.99
Polyketide	cytosol [GO:0005829]	796.99
Polyketide	extracellular exosome [GO:0070062]	796.99
Polyketide	nucleoplasm [GO:0005654]	796.99
Polyketide	microtubule [GO:0005874]	796.99
Polyketide	mitochondrion [GO:0005739]	796.99
Polyketide	cytoplasm [GO:0005737]	796.99
Polyketide	neuronal cell body [GO:0043025]	796.99
Polyketide	periplasmic space [GO:0042597]	657.26
Polyketide	intracellular membrane-bounded organelle [GO:0043231]	1529.56
Polyketide	endoplasmic reticulum membrane [GO:0005789]	1529.56
Polyketide	lysosomal lumen [GO:0043202]	660.11
Polyketide	basolateral plasma membrane [GO:0016323]	660.11
Polyketide	secretory granule lumen [GO:0034774]	660.11
Polyketide	extracellular exosome [GO:0070062]	660.11
Polyketide	nucleoplasm [GO:0005654]	660.11
Polyketide	brush border membrane [GO:0031526]	660.11
Polyketide	cytoplasm [GO:0005737]	660.11
Polyketide	cell surface [GO:0009986]	660.11
Polyketide	neuronal cell body [GO:0043025]	660.11
Polyketide	endocytic vesicle lumen [GO:0071682]	660.11
Polyketide	melanosome [GO:0042470]	660.11
Polyketide	protein-containing complex [GO:0032991]	660.11
Polyketide	axonal growth cone [GO:0044295]	660.11
Polyketide	perinuclear region of cytoplasm [GO:0048471]	660.11
Polyketide	cytosol [GO:0005829]	660.11
Polyketide	sperm mitochondrial sheath [GO:0097226]	660.11
Polyketide	membrane [GO:0016020]	660.11
Polyketide	extracellular region [GO:0005576]	660.11
Polyketide	nucleus [GO:0005634]	660.11
Polyketide	sperm plasma membrane [GO:0097524]	660.11
Polyketide	collagen-containing extracellular matrix [GO:0062023]	660.11
Polyketide	myelin sheath [GO:0043209]	660.11
Polyketide	apical plasma membrane [GO:0016324]	660.11
Polyketide	ficolin-1-rich granule lumen [GO:1904813]	660.11
Polyketide	dendritic growth cone [GO:0044294]	660.11
Polyketide	plasma membrane [GO:0005886]	660.11
Polyketide	mitochondrion [GO:0005739]	660.11
Polyketide	DNA-directed RNA polymerase complex [GO:0000428]	1449.46
Polyketide	protein kinase CK2 complex [GO:0005956]	481.41
Polyketide	cytosol [GO:0005829]	481.41
Polyketide	nucleoplasm [GO:0005654]	481.41
Polyketide	chromatin [GO:0000785]	481.41
Polyketide	nucleus [GO:0005634]	481.41
Polyketide	acrosomal vesicle [GO:0001669]	481.41
Polyketide	lysosomal lumen [GO:0043202]	669.24
Polyketide	basolateral plasma membrane [GO:0016323]	669.24
Polyketide	secretory granule lumen [GO:0034774]	669.24
Polyketide	extracellular exosome [GO:0070062]	669.24
Polyketide	nucleoplasm [GO:0005654]	669.24
Polyketide	brush border membrane [GO:0031526]	669.24
Polyketide	cytoplasm [GO:0005737]	669.24
Polyketide	cell surface [GO:0009986]	669.24
Polyketide	neuronal cell body [GO:0043025]	669.24
Polyketide	endocytic vesicle lumen [GO:0071682]	669.24
Polyketide	melanosome [GO:0042470]	669.24
Polyketide	protein-containing complex [GO:0032991]	669.24
Polyketide	axonal growth cone [GO:0044295]	669.24
Polyketide	perinuclear region of cytoplasm [GO:0048471]	669.24
Polyketide	cytosol [GO:0005829]	669.24
Polyketide	sperm mitochondrial sheath [GO:0097226]	669.24
Polyketide	membrane [GO:0016020]	669.24
Polyketide	extracellular region [GO:0005576]	669.24
Polyketide	nucleus [GO:0005634]	669.24
Polyketide	sperm plasma membrane [GO:0097524]	669.24
Polyketide	collagen-containing extracellular matrix [GO:0062023]	669.24
Polyketide	myelin sheath [GO:0043209]	669.24
Polyketide	apical plasma membrane [GO:0016324]	669.24
Polyketide	ficolin-1-rich granule lumen [GO:1904813]	669.24
Polyketide	dendritic growth cone [GO:0044294]	669.24
Polyketide	plasma membrane [GO:0005886]	669.24
Polyketide	mitochondrion [GO:0005739]	669.24
Polyketide	extracellular space [GO:0005615]	263.4
Polyketide	azurophil granule lumen [GO:0035578]	263.4
Polyketide	extracellular region [GO:0005576]	263.4
Polyketide	extracellular exosome [GO:0070062]	263.4
Polyketide	chloride channel complex [GO:0034707]	631.06
Polyketide	postsynaptic membrane [GO:0045211]	631.06
Polyketide	perikaryon [GO:0043204]	631.06
Polyketide	membrane [GO:0016020]	631.06
Polyketide	plasma membrane [GO:0005886]	631.06
Polyketide	dendrite [GO:0030425]	631.06
Polyketide	neuron projection [GO:0043005]	631.06
Polyketide	synapse [GO:0045202]	631.06
Polyketide	cytoplasm [GO:0005737]	839.95
Polyketide	chloroplast stroma [GO:0009570]	412.01
Polyketide	endoplasmic reticulum [GO:0005783]	412.01
Polyketide	chloroplast [GO:0009507]	412.01
Polyketide	cytosol [GO:0005829]	412.01
Polyketide	intracellular membrane-bounded organelle [GO:0043231]	412.01
Polyketide	plasma membrane [GO:0005886]	412.01
Polyketide	apoplast [GO:0048046]	412.01
Polyketide	plasmodesma [GO:0009506]	412.01
Polyketide	plant-type vacuole [GO:0000325]	412.01
Polyketide	extracellular space [GO:0005615]	429.31
Polyketide	azurophil granule lumen [GO:0035578]	429.31
Polyketide	extracellular region [GO:0005576]	429.31
Polyketide	extracellular exosome [GO:0070062]	429.31
Polyketide	postsynaptic density [GO:0014069]	595.33
Polyketide	glutamatergic synapse [GO:0098978]	595.33
Polyketide	plasma membrane [GO:0005886]	595.33
Polyketide	DAPK1-calmodulin complex [GO:1990722]	595.33
Polyketide	actin cytoskeleton [GO:0015629]	595.33
Polyketide	nucleus [GO:0005634]	595.33
Polyketide	cytoplasm [GO:0005737]	595.33
Polyketide	node of Ranvier [GO:0033268]	585.06
Polyketide	synapse [GO:0045202]	585.06
Polyketide	plasma membrane [GO:0005886]	585.06
Polyketide	axon initial segment [GO:0043194]	585.06
Polyketide	voltage-gated potassium channel complex [GO:0008076]	585.06
Polyketide	cell body [GO:0044297]	649.77
Polyketide	actin filament [GO:0005884]	649.77
Polyketide	skeletal muscle myofibril [GO:0098723]	649.77
Polyketide	stress fiber [GO:0001725]	649.77
Polyketide	filamentous actin [GO:0031941]	649.77
Polyketide	actin filament bundle [GO:0032432]	649.77
Polyketide	lamellipodium [GO:0030027]	649.77
Polyketide	striated muscle thin filament [GO:0005865]	649.77
Polyketide	cytoplasm [GO:0005737]	649.77
Polyketide	filopodium [GO:0030175]	649.77
Polyketide	protein-containing complex [GO:0032991]	603.75
Polyketide	cytosol [GO:0005829]	603.75
Polyketide	nucleoplasm [GO:0005654]	603.75
Polyketide	membrane [GO:0016020]	603.75
Polyketide	plasma membrane [GO:0005886]	603.75
Polyketide	euchromatin [GO:0000791]	603.75
Polyketide	chromatin [GO:0000785]	603.75
Polyketide	transcription regulator complex [GO:0005667]	603.75
Polyketide	nucleus [GO:0005634]	603.75
Polyketide	cytoplasm [GO:0005737]	603.75
Polyketide	Golgi apparatus [GO:0005794]	603.75
Polyketide	nucleoplasm [GO:0005654]	864.64
Polyketide	nucleus [GO:0005634]	864.64
Polyketide	chromatin [GO:0000785]	864.64
Polyketide	microtubule [GO:0005874]	888.91
Polyketide	cytoplasm [GO:0005737]	888.91
Polyketide	intracellular membrane-bounded organelle [GO:0043231]	626.96
Polyketide	endoplasmic reticulum membrane [GO:0005789]	626.96
Polyketide	cell body [GO:0044297]	1176.17
Polyketide	actin filament [GO:0005884]	1176.17
Polyketide	skeletal muscle myofibril [GO:0098723]	1176.17
Polyketide	stress fiber [GO:0001725]	1176.17
Polyketide	filamentous actin [GO:0031941]	1176.17
Polyketide	actin filament bundle [GO:0032432]	1176.17
Polyketide	lamellipodium [GO:0030027]	1176.17
Polyketide	striated muscle thin filament [GO:0005865]	1176.17
Polyketide	cytoplasm [GO:0005737]	1176.17
Polyketide	filopodium [GO:0030175]	1176.17
Polyketide	cytosol [GO:0005829]	577.66
Polyketide	extracellular exosome [GO:0070062]	577.66
Polyketide	membrane [GO:0016020]	538.77
Polyketide	vesicle [GO:0031982]	821.5
Polyketide	cytoplasm [GO:0005737]	821.5
Polyketide	secretory granule lumen [GO:0034774]	821.5
Polyketide	cytosol [GO:0005829]	821.5
Polyketide	ficolin-1-rich granule lumen [GO:1904813]	821.5
Polyketide	extracellular exosome [GO:0070062]	821.5
Polyketide	nucleoplasm [GO:0005654]	821.5
Polyketide	plasma membrane [GO:0005886]	821.5
Polyketide	extracellular region [GO:0005576]	821.5
Polyketide	extracellular space [GO:0005615]	821.5
Polyketide	cell surface [GO:0009986]	821.5
Polyketide	protein-containing complex [GO:0032991]	932.63
Polyketide	cytosol [GO:0005829]	932.63
Polyketide	nucleoplasm [GO:0005654]	932.63
Polyketide	membrane [GO:0016020]	932.63
Polyketide	plasma membrane [GO:0005886]	932.63
Polyketide	euchromatin [GO:0000791]	932.63
Polyketide	chromatin [GO:0000785]	932.63
Polyketide	transcription regulator complex [GO:0005667]	932.63
Polyketide	nucleus [GO:0005634]	932.63
Polyketide	cytoplasm [GO:0005737]	932.63
Polyketide	Golgi apparatus [GO:0005794]	932.63
Polyketide	endocytic vesicle [GO:0030139]	725.68
Polyketide	focal adhesion [GO:0005925]	725.68
Polyketide	intercellular canaliculus [GO:0046581]	725.68
Polyketide	apical plasma membrane [GO:0016324]	725.68
Polyketide	lamellipodium membrane [GO:0031258]	725.68
Polyketide	lamellipodium [GO:0030027]	725.68
Polyketide	extracellular exosome [GO:0070062]	725.68
Polyketide	plasma membrane [GO:0005886]	725.68
Polyketide	membrane [GO:0016020]	725.68
Polyketide	extracellular region [GO:0005576]	725.68
Polyketide	membrane raft [GO:0045121]	725.68
Polyketide	lysosomal membrane [GO:0005765]	725.68
Polyketide	cell surface [GO:0009986]	725.68
Polyketide	nuclear envelope [GO:0005635]	401.07
Polyketide	perinuclear region of cytoplasm [GO:0048471]	401.07
Polyketide	cytosol [GO:0005829]	401.07
Polyketide	pericentriolar material [GO:0000242]	401.07
Polyketide	Golgi membrane [GO:0000139]	401.07
Polyketide	chromosome, telomeric region [GO:0000781]	401.07
Polyketide	nucleus [GO:0005634]	401.07
Polyketide	cytoplasm [GO:0005737]	401.07
Polyketide	extracellular space [GO:0005615]	341.74
Polyketide	azurophil granule lumen [GO:0035578]	341.74
Polyketide	extracellular region [GO:0005576]	341.74
Polyketide	extracellular exosome [GO:0070062]	341.74
Polyketide	neuron projection [GO:0043005]	734.27
Polyketide	cytosol [GO:0005829]	734.27
Polyketide	postsynaptic density [GO:0014069]	734.27
Polyketide	Golgi membrane [GO:0000139]	734.27
Polyketide	plasma membrane [GO:0005886]	734.27
Polyketide	Golgi apparatus [GO:0005794]	734.27
Polyketide	protein-containing complex [GO:0032991]	458.44
Polyketide	endocytic vesicle membrane [GO:0030666]	458.44
Polyketide	cytosol [GO:0005829]	458.44
Polyketide	transcription repressor complex [GO:0017053]	458.44
Polyketide	nucleoplasm [GO:0005654]	458.44
Polyketide	plasma membrane [GO:0005886]	458.44
Polyketide	nucleus [GO:0005634]	458.44
Polyketide	cytoplasm [GO:0005737]	458.44
Polyketide	nucleolus [GO:0005730]	458.44
Polyketide	protein-containing complex [GO:0032991]	522.42
Polyketide	cytosol [GO:0005829]	522.42
Polyketide	nucleoplasm [GO:0005654]	522.42
Polyketide	membrane [GO:0016020]	522.42
Polyketide	plasma membrane [GO:0005886]	522.42
Polyketide	euchromatin [GO:0000791]	522.42
Polyketide	chromatin [GO:0000785]	522.42
Polyketide	transcription regulator complex [GO:0005667]	522.42
Polyketide	nucleus [GO:0005634]	522.42
Polyketide	cytoplasm [GO:0005737]	522.42
Polyketide	Golgi apparatus [GO:0005794]	522.42
Polyketide	chromosome [GO:0005694]	794.9
Polyketide	cytoplasm [GO:0005737]	794.9
Polyketide	protein-containing complex [GO:0032991]	871.05
Polyketide	cytosol [GO:0005829]	871.05
Polyketide	nucleoplasm [GO:0005654]	871.05
Polyketide	membrane [GO:0016020]	871.05
Polyketide	plasma membrane [GO:0005886]	871.05
Polyketide	euchromatin [GO:0000791]	871.05
Polyketide	chromatin [GO:0000785]	871.05
Polyketide	transcription regulator complex [GO:0005667]	871.05
Polyketide	nucleus [GO:0005634]	871.05
Polyketide	cytoplasm [GO:0005737]	871.05
Polyketide	Golgi apparatus [GO:0005794]	871.05
Polyketide	intracellular membrane-bounded organelle [GO:0043231]	464.05
Polyketide	nucleoplasm [GO:0005654]	464.05
Polyketide	mitochondrion [GO:0005739]	464.05
Polyketide	chromatin [GO:0000785]	464.05
Polyketide	nucleus [GO:0005634]	464.05
Polyketide	host cell nucleus [GO:0042025]	851.99
Polyketide	host cell cytoplasm [GO:0030430]	851.99
Polyketide	cell body [GO:0044297]	755.36
Polyketide	actin filament [GO:0005884]	755.36
Polyketide	skeletal muscle myofibril [GO:0098723]	755.36
Polyketide	stress fiber [GO:0001725]	755.36
Polyketide	filamentous actin [GO:0031941]	755.36
Polyketide	actin filament bundle [GO:0032432]	755.36
Polyketide	lamellipodium [GO:0030027]	755.36
Polyketide	striated muscle thin filament [GO:0005865]	755.36
Polyketide	cytoplasm [GO:0005737]	755.36
Polyketide	filopodium [GO:0030175]	755.36
Polyketide	host cell nucleus [GO:0042025]	466.99
Polyketide	host cell plasma membrane [GO:0020002]	466.99
Polyketide	membrane [GO:0016020]	466.99
Polyketide	viral nucleocapsid [GO:0019013]	466.99
Polyketide	host multivesicular body [GO:0072494]	466.99
Polyketide	virion membrane [GO:0055036]	466.99
Polyketide	nucleus [GO:0005634]	954.4
Polyketide	cytoplasm [GO:0005737]	954.4
Polyketide	host cell nucleus [GO:0042025]	918.98
Polyketide	protein-containing complex [GO:0032991]	918.98
Polyketide	host cell plasma membrane [GO:0020002]	918.98
Polyketide	host cell lipid droplet [GO:0044186]	918.98
Polyketide	viral envelope [GO:0019031]	918.98
Polyketide	host cell endoplasmic reticulum membrane [GO:0044167]	918.98
Polyketide	host cell mitochondrial membrane [GO:0044191]	918.98
Polyketide	ribonucleoprotein complex [GO:1990904]	918.98
Polyketide	membrane [GO:0016020]	918.98
Polyketide	viral nucleocapsid [GO:0019013]	918.98
Polyketide	virion membrane [GO:0055036]	918.98
Polyketide	host cell perinuclear region of cytoplasm [GO:0044220]	918.98
Polyketide	nuclear chromosome [GO:0000228]	807.07
Polyketide	histone deacetylase complex [GO:0000118]	807.07
Polyketide	cytoplasm [GO:0005737]	807.07
Polyketide	nucleoplasm [GO:0005654]	807.07
Polyketide	nucleus [GO:0005634]	807.07
Polyketide	intracellular membrane-bounded organelle [GO:0043231]	491.99
Polyketide	endoplasmic reticulum membrane [GO:0005789]	491.99
Polyketide	cytoplasm [GO:0005737]	491.99
Polyketide	cytoplasmic microtubule [GO:0005881]	491.99
Polyketide	cytoplasmic side of endoplasmic reticulum membrane [GO:0098554]	926.06
Polyketide	protein-containing complex [GO:0032991]	926.06
Polyketide	endoplasmic reticulum [GO:0005783]	926.06
Polyketide	sorting endosome [GO:0097443]	926.06
Polyketide	endosome lumen [GO:0031904]	926.06
Polyketide	early endosome [GO:0005769]	926.06
Polyketide	cytosol [GO:0005829]	926.06
Polyketide	mitochondrial crista [GO:0030061]	926.06
Polyketide	mitochondrial matrix [GO:0005759]	926.06
Polyketide	cytoplasm [GO:0005737]	926.06
Polyketide	mitochondrial respiratory chain complex I [GO:0005747]	253.18
Polyketide	mitochondrial inner membrane [GO:0005743]	253.18
Polyketide	cell body [GO:0044297]	749.95
Polyketide	actin filament [GO:0005884]	749.95
Polyketide	skeletal muscle myofibril [GO:0098723]	749.95
Polyketide	stress fiber [GO:0001725]	749.95
Polyketide	filamentous actin [GO:0031941]	749.95
Polyketide	actin filament bundle [GO:0032432]	749.95
Polyketide	lamellipodium [GO:0030027]	749.95
Polyketide	striated muscle thin filament [GO:0005865]	749.95
Polyketide	cytoplasm [GO:0005737]	749.95
Polyketide	filopodium [GO:0030175]	749.95
Polyketide	postsynaptic density membrane [GO:0098839]	64.56
Polyketide	parallel fiber to Purkinje cell synapse [GO:0098688]	64.56
Polyketide	dendritic spine [GO:0043197]	64.56
Polyketide	synaptic vesicle [GO:0008021]	64.56
Polyketide	synaptic membrane [GO:0097060]	64.56
Polyketide	NMDA selective glutamate receptor complex [GO:0017146]	64.56
Polyketide	cell surface [GO:0009986]	64.56
Polyketide	plasma membrane [GO:0005886]	64.56
Polyketide	endoplasmic reticulum membrane [GO:0005789]	64.56
Polyketide	presynaptic active zone membrane [GO:0048787]	64.56
Polyketide	hippocampal mossy fiber to CA3 synapse [GO:0098686]	64.56
Polyketide	dendrite membrane [GO:0032590]	64.56
Polyketide	excitatory synapse [GO:0060076]	64.56
Polyketide	dendritic branch [GO:0044307]	64.56
Polyketide	postsynaptic membrane [GO:0045211]	64.56
Polyketide	membrane [GO:0016020]	64.56
Polyketide	presynaptic membrane [GO:0042734]	64.56
Polyketide	synaptic cleft [GO:0043083]	64.56
Polyketide	dendrite [GO:0030425]	64.56
Polyketide	cytoplasm [GO:0005737]	64.56
Polyketide	glutamatergic synapse [GO:0098978]	64.56
Polyketide	neuron projection [GO:0043005]	64.56
Polyketide	neuronal cell body [GO:0043025]	64.56
Polyketide	synaptic vesicle membrane [GO:0030672]	64.56
Polyketide	terminal bouton [GO:0043195]	64.56
Polyketide	synapse [GO:0045202]	64.56
Polyketide	postsynaptic density [GO:0014069]	64.56
Polyketide	endoplasmic reticulum [GO:0005783]	64.56
Polyketide	node of Ranvier [GO:0033268]	698.27
Polyketide	synapse [GO:0045202]	698.27
Polyketide	plasma membrane [GO:0005886]	698.27
Polyketide	axon initial segment [GO:0043194]	698.27
Polyketide	voltage-gated potassium channel complex [GO:0008076]	698.27
Polyketide	membrane [GO:0016020]	1673.31
Polyketide	endoplasmic reticulum [GO:0005783]	1673.31
Polyketide	endoplasmic reticulum membrane [GO:0005789]	1673.31
Polyketide	maltose transport complex [GO:1990060]	0.0
Polyketide	outer membrane-bounded periplasmic space [GO:0030288]	0.0
Polyketide	cytoplasm [GO:0005737]	0.0
Polyketide	sarcoplasmic reticulum membrane [GO:0033017]	0.0
Polyketide	cytoplasmic side of membrane [GO:0098562]	0.0
Polyketide	cytosol [GO:0005829]	0.0
Polyketide	Z disc [GO:0030018]	0.0
Polyketide	sarcoplasmic reticulum [GO:0016529]	0.0
Polyketide	terminal cisterna [GO:0014802]	0.0
Polyketide	membrane [GO:0016020]	0.0
Polyketide	ATP-binding cassette (ABC) transporter complex [GO:0043190]	0.0
Polyketide	ryanodine receptor complex [GO:1990425]	0.0
Polyketide	periplasmic space [GO:0042597]	0.0
Polyketide	ATP-binding cassette (ABC) transporter complex, substrate-binding subunit-containing [GO:0055052]	0.0
Polyketide	cytoplasm [GO:0005737]	1104.91
Polyketide	plasma membrane [GO:0005886]	260.42
Polyketide	proton-transporting ATP synthase complex, coupling factor F(o) [GO:0045263]	260.42
Polyketide	host cell endoplasmic reticulum-Golgi intermediate compartment [GO:0044172]	573.46
Polyketide	host cell Golgi apparatus [GO:0044177]	573.46
Polyketide	host cell endosome [GO:0044174]	573.46
Polyketide	host cell endoplasmic reticulum [GO:0044165]	573.46
Polyketide	membrane [GO:0016020]	573.46
Polyketide	double membrane vesicle viral factory outer membrane [GO:0062243]	573.46
Polyketide	host cell perinuclear region of cytoplasm [GO:0044220]	573.46
Polyketide	protein-containing complex [GO:0032991]	465.06
Polyketide	cytosol [GO:0005829]	465.06
Polyketide	nucleoplasm [GO:0005654]	465.06
Polyketide	membrane [GO:0016020]	465.06
Polyketide	plasma membrane [GO:0005886]	465.06
Polyketide	euchromatin [GO:0000791]	465.06
Polyketide	chromatin [GO:0000785]	465.06
Polyketide	transcription regulator complex [GO:0005667]	465.06
Polyketide	nucleus [GO:0005634]	465.06
Polyketide	cytoplasm [GO:0005737]	465.06
Polyketide	Golgi apparatus [GO:0005794]	465.06
Polyketide	dendrite [GO:0030425]	724.84
Polyketide	protein-containing complex [GO:0032991]	724.84
Polyketide	perinuclear region of cytoplasm [GO:0048471]	724.84
Polyketide	cytosol [GO:0005829]	724.84
Polyketide	nucleoplasm [GO:0005654]	724.84
Polyketide	plasma membrane [GO:0005886]	724.84
Polyketide	actin cytoskeleton [GO:0015629]	724.84
Polyketide	RNA polymerase II transcription regulator complex [GO:0090575]	724.84
Polyketide	chromatin [GO:0000785]	724.84
Polyketide	transcription regulator complex [GO:0005667]	724.84
Polyketide	nucleus [GO:0005634]	724.84
Polyketide	cytoplasm [GO:0005737]	724.84
Polyketide	nucleolus [GO:0005730]	724.84
Polyketide	chloroplast stroma [GO:0009570]	616.56
Polyketide	endoplasmic reticulum [GO:0005783]	616.56
Polyketide	chloroplast [GO:0009507]	616.56
Polyketide	cytosol [GO:0005829]	616.56
Polyketide	intracellular membrane-bounded organelle [GO:0043231]	616.56
Polyketide	plasma membrane [GO:0005886]	616.56
Polyketide	apoplast [GO:0048046]	616.56
Polyketide	plasmodesma [GO:0009506]	616.56
Polyketide	plant-type vacuole [GO:0000325]	616.56
Polyketide	proton-transporting V-type ATPase complex [GO:0033176]	542.64
Polyketide	vacuolar proton-transporting V-type ATPase, V0 domain [GO:0000220]	542.64
Polyketide	Golgi membrane [GO:0000139]	542.64
Polyketide	membrane [GO:0016020]	542.64
Polyketide	vacuolar proton-transporting V-type ATPase complex [GO:0016471]	542.64
Polyketide	fungal-type vacuole membrane [GO:0000329]	542.64
Polyketide	chromosome, centromeric region [GO:0000775]	0.0
Polyketide	meiotic cohesin complex [GO:0030893]	0.0
Polyketide	chromatin [GO:0000785]	0.0
Polyketide	nucleus [GO:0005634]	0.0
Polyketide	microtubule [GO:0005874]	762.31
Polyketide	cytoplasm [GO:0005737]	762.31
Polyketide	microtubule cytoskeleton [GO:0015630]	762.31
Polyketide	proton-transporting V-type ATPase complex [GO:0033176]	334.34
Polyketide	vacuolar proton-transporting V-type ATPase, V0 domain [GO:0000220]	334.34
Polyketide	Golgi membrane [GO:0000139]	334.34
Polyketide	membrane [GO:0016020]	334.34
Polyketide	vacuolar proton-transporting V-type ATPase complex [GO:0016471]	334.34
Polyketide	fungal-type vacuole membrane [GO:0000329]	334.34
Polyketide	fungal biofilm matrix [GO:0062040]	124.09
Polyketide	cytoplasm [GO:0005737]	124.09
Polyketide	extracellular region [GO:0005576]	124.09
Polyketide	protein-containing complex [GO:0032991]	876.82
Polyketide	endocytic vesicle membrane [GO:0030666]	876.82
Polyketide	cytosol [GO:0005829]	876.82
Polyketide	transcription repressor complex [GO:0017053]	876.82
Polyketide	nucleoplasm [GO:0005654]	876.82
Polyketide	plasma membrane [GO:0005886]	876.82
Polyketide	nucleus [GO:0005634]	876.82
Polyketide	cytoplasm [GO:0005737]	876.82
Polyketide	nucleolus [GO:0005730]	876.82
Polyketide	NuA4 histone acetyltransferase complex [GO:0035267]	858.61
Polyketide	actin filament [GO:0005884]	858.61
Polyketide	Swr1 complex [GO:0000812]	858.61
Polyketide	actin filament bundle [GO:0032432]	858.61
Polyketide	Ino80 complex [GO:0031011]	858.61
Polyketide	actin cortical patch [GO:0030479]	858.61
Polyketide	cellular bud neck contractile ring [GO:0000142]	858.61
Polyketide	chromatin [GO:0000785]	858.61
Polyketide	nucleus [GO:0005634]	858.61
Polyketide	nuclear envelope [GO:0005635]	595.92
Polyketide	perinuclear region of cytoplasm [GO:0048471]	595.92
Polyketide	cytosol [GO:0005829]	595.92
Polyketide	pericentriolar material [GO:0000242]	595.92
Polyketide	Golgi membrane [GO:0000139]	595.92
Polyketide	chromosome, telomeric region [GO:0000781]	595.92
Polyketide	nucleus [GO:0005634]	595.92
Polyketide	cytoplasm [GO:0005737]	595.92
Polyketide	melanosome [GO:0042470]	972.71
Polyketide	perinuclear region of cytoplasm [GO:0048471]	972.71
Polyketide	sarcoplasmic reticulum lumen [GO:0033018]	972.71
Polyketide	endoplasmic reticulum [GO:0005783]	972.71
Polyketide	cytoplasm [GO:0005737]	657.84
Polyketide	chromosome [GO:0005694]	494.08
Polyketide	condensed nuclear chromosome [GO:0000794]	494.08
Polyketide	nucleus [GO:0005634]	494.08
Polyketide	nucleoplasm [GO:0005654]	494.08
Polyketide	protein-containing complex [GO:0032991]	1109.1
Polyketide	endocytic vesicle membrane [GO:0030666]	1109.1
Polyketide	cytosol [GO:0005829]	1109.1
Polyketide	transcription repressor complex [GO:0017053]	1109.1
Polyketide	nucleoplasm [GO:0005654]	1109.1
Polyketide	plasma membrane [GO:0005886]	1109.1
Polyketide	nucleus [GO:0005634]	1109.1
Polyketide	cytoplasm [GO:0005737]	1109.1
Polyketide	nucleolus [GO:0005730]	1109.1
Polyketide	nuclear chromosome [GO:0000228]	751.59
Polyketide	histone deacetylase complex [GO:0000118]	751.59
Polyketide	cytoplasm [GO:0005737]	751.59
Polyketide	nucleoplasm [GO:0005654]	751.59
Polyketide	nucleus [GO:0005634]	751.59
Polyketide	nucleus [GO:0005634]	853.02
Polyketide	protein-containing complex [GO:0032991]	796.11
Polyketide	cytosol [GO:0005829]	796.11
Polyketide	nucleoplasm [GO:0005654]	796.11
Polyketide	membrane [GO:0016020]	796.11
Polyketide	plasma membrane [GO:0005886]	796.11
Polyketide	euchromatin [GO:0000791]	796.11
Polyketide	chromatin [GO:0000785]	796.11
Polyketide	transcription regulator complex [GO:0005667]	796.11
Polyketide	nucleus [GO:0005634]	796.11
Polyketide	cytoplasm [GO:0005737]	796.11
Polyketide	Golgi apparatus [GO:0005794]	796.11
Polyketide	cell body [GO:0044297]	655.98
Polyketide	actin filament [GO:0005884]	655.98
Polyketide	skeletal muscle myofibril [GO:0098723]	655.98
Polyketide	stress fiber [GO:0001725]	655.98
Polyketide	filamentous actin [GO:0031941]	655.98
Polyketide	actin filament bundle [GO:0032432]	655.98
Polyketide	lamellipodium [GO:0030027]	655.98
Polyketide	striated muscle thin filament [GO:0005865]	655.98
Polyketide	cytoplasm [GO:0005737]	655.98
Polyketide	filopodium [GO:0030175]	655.98
Polyketide	protein-containing complex [GO:0032991]	780.83
Polyketide	cytosol [GO:0005829]	780.83
Polyketide	nucleoplasm [GO:0005654]	780.83
Polyketide	membrane [GO:0016020]	780.83
Polyketide	plasma membrane [GO:0005886]	780.83
Polyketide	euchromatin [GO:0000791]	780.83
Polyketide	chromatin [GO:0000785]	780.83
Polyketide	transcription regulator complex [GO:0005667]	780.83
Polyketide	nucleus [GO:0005634]	780.83
Polyketide	cytoplasm [GO:0005737]	780.83
Polyketide	Golgi apparatus [GO:0005794]	780.83
Polyketide	plasma membrane [GO:0005886]	228.03
Polyketide	proton-transporting ATP synthase complex, coupling factor F(o) [GO:0045263]	228.03
Polyketide	extracellular exosome [GO:0070062]	696.66
Polyketide	cytosol [GO:0005829]	696.66
Polyketide	transporter complex [GO:1990351]	509.84
Polyketide	plasma membrane [GO:0005886]	509.84
Polyketide	membrane [GO:0016020]	509.84
Polyketide	ATP-binding cassette (ABC) transporter complex [GO:0043190]	509.84
Polyketide	cytoplasm [GO:0005737]	509.84
Polyketide	cytosol [GO:0005829]	565.71
Polyketide	mitochondrion [GO:0005739]	565.71
Polyketide	mitochondrial intermembrane space [GO:0005758]	565.71
Polyketide	mitochondrial matrix [GO:0005759]	565.71
Polyketide	nucleus [GO:0005634]	565.71
Polyketide	collagen-containing extracellular matrix [GO:0062023]	736.94
Polyketide	cytoplasmic stress granule [GO:0010494]	736.94
Polyketide	lysosome [GO:0005764]	736.94
Polyketide	azurophil granule lumen [GO:0035578]	736.94
Polyketide	cytosol [GO:0005829]	736.94
Polyketide	extracellular exosome [GO:0070062]	736.94
Polyketide	intracellular membrane-bounded organelle [GO:0043231]	736.94
Polyketide	plasma membrane [GO:0005886]	736.94
Polyketide	membrane [GO:0016020]	736.94
Polyketide	extracellular region [GO:0005576]	736.94
Polyketide	extracellular space [GO:0005615]	736.94
Polyketide	secretory granule [GO:0030141]	736.94
Polyketide	nucleus [GO:0005634]	736.94
Polyketide	cytoplasm [GO:0005737]	736.94
Polyketide	focal adhesion [GO:0005925]	150.59
Polyketide	cytosol [GO:0005829]	150.59
Polyketide	extracellular exosome [GO:0070062]	150.59
Polyketide	glutamatergic synapse [GO:0098978]	150.59
Polyketide	membrane [GO:0016020]	150.59
Polyketide	blood microparticle [GO:0072562]	150.59
Polyketide	cell cortex [GO:0005938]	150.59
Polyketide	cytoskeleton [GO:0005856]	150.59
Polyketide	nucleus [GO:0005634]	150.59
Polyketide	cytoplasm [GO:0005737]	150.59
Polyketide	aggresome [GO:0016235]	297.54
Polyketide	cell projection [GO:0042995]	297.54
Polyketide	secretory granule membrane [GO:0030667]	297.54
Polyketide	ficolin-1-rich granule membrane [GO:0101003]	297.54
Polyketide	tertiary granule membrane [GO:0070821]	297.54
Polyketide	extracellular exosome [GO:0070062]	297.54
Polyketide	plasma membrane [GO:0005886]	297.54
Polyketide	membrane [GO:0016020]	297.54
Polyketide	specific granule membrane [GO:0035579]	297.54
Polyketide	perikaryon [GO:0043204]	297.54
Polyketide	glycosome [GO:0020015]	973.34
Polyketide	melanosome [GO:0042470]	667.04
Polyketide	axonal growth cone [GO:0044295]	667.04
Polyketide	cell body [GO:0044297]	667.04
Polyketide	endomembrane system [GO:0012505]	667.04
Polyketide	lamellipodium [GO:0030027]	667.04
Polyketide	growth cone membrane [GO:0032584]	667.04
Polyketide	plasma membrane [GO:0005886]	667.04
Polyketide	axon [GO:0030424]	667.04
Polyketide	cell surface [GO:0009986]	667.04
Polyketide	cortical cytoskeleton [GO:0030863]	1338.51
Polyketide	basolateral plasma membrane [GO:0016323]	1338.51
Polyketide	ankyrin-1 complex [GO:0170014]	1338.51
Polyketide	Z disc [GO:0030018]	1338.51
Polyketide	extracellular exosome [GO:0070062]	1338.51
Polyketide	plasma membrane [GO:0005886]	1338.51
Polyketide	membrane [GO:0016020]	1338.51
Polyketide	blood microparticle [GO:0072562]	1338.51
Polyketide	cytoplasmic side of plasma membrane [GO:0009898]	1338.51
Polyketide	cytosol [GO:0005829]	1177.15
Polyketide	cytosolic DNA-directed RNA polymerase complex [GO:0000345]	1177.15
Polyketide	membrane [GO:0016020]	1177.15
Polyketide	cytoplasm [GO:0005737]	1177.15
Polyketide	transcription elongation factor complex [GO:0008023]	1177.15
Polyketide	protein-containing complex [GO:0032991]	942.7
Polyketide	cytosol [GO:0005829]	942.7
Polyketide	nucleoplasm [GO:0005654]	942.7
Polyketide	membrane [GO:0016020]	942.7
Polyketide	plasma membrane [GO:0005886]	942.7
Polyketide	euchromatin [GO:0000791]	942.7
Polyketide	chromatin [GO:0000785]	942.7
Polyketide	transcription regulator complex [GO:0005667]	942.7
Polyketide	nucleus [GO:0005634]	942.7
Polyketide	cytoplasm [GO:0005737]	942.7
Polyketide	Golgi apparatus [GO:0005794]	942.7
Polyketide	mitochondrial proton-transporting ATP synthase complex [GO:0005753]	579.84
Polyketide	cytosol [GO:0005829]	579.84
Polyketide	mitochondrial proton-transporting ATP synthase complex, coupling factor F(o) [GO:0000276]	579.84
Polyketide	mitochondrion [GO:0005739]	579.84
Polyketide	mitochondrial intermembrane space [GO:0005758]	579.84
Polyketide	mitochondrial inner membrane [GO:0005743]	579.84
Polyketide	plasma membrane [GO:0005886]	1521.07
Polyketide	periplasmic side of plasma membrane [GO:0098567]	1521.07
Polyketide	membrane [GO:0016020]	1521.07
Polyketide	outer membrane-bounded periplasmic space [GO:0030288]	1521.07
Polyketide	efflux pump complex [GO:1990281]	1521.07
Polyketide	RSC-type complex [GO:0016586]	525.22
Polyketide	kinetochore [GO:0000776]	525.22
Polyketide	SWI/SNF complex [GO:0016514]	525.22
Polyketide	nucleoplasm [GO:0005654]	525.22
Polyketide	nuclear matrix [GO:0016363]	525.22
Polyketide	chromatin [GO:0000785]	525.22
Polyketide	nuclear chromosome [GO:0000228]	525.22
Polyketide	nucleus [GO:0005634]	525.22
Polyketide	nuclear envelope [GO:0005635]	822.57
Polyketide	perinuclear region of cytoplasm [GO:0048471]	822.57
Polyketide	cytosol [GO:0005829]	822.57
Polyketide	pericentriolar material [GO:0000242]	822.57
Polyketide	Golgi membrane [GO:0000139]	822.57
Polyketide	chromosome, telomeric region [GO:0000781]	822.57
Polyketide	nucleus [GO:0005634]	822.57
Polyketide	cytoplasm [GO:0005737]	822.57
Polyketide	plasma membrane [GO:0005886]	241.62
Polyketide	proton-transporting ATP synthase complex, coupling factor F(o) [GO:0045263]	241.62
Polyketide	centrosome [GO:0005813]	632.22
Polyketide	cytosol [GO:0005829]	632.22
Polyketide	ruffle [GO:0001726]	632.22
Polyketide	cyclin-dependent protein kinase holoenzyme complex [GO:0000307]	632.22
Polyketide	nucleoplasm [GO:0005654]	632.22
Polyketide	cyclin D2-CDK6 complex [GO:0097132]	632.22
Polyketide	nucleus [GO:0005634]	632.22
Polyketide	cytoplasm [GO:0005737]	632.22
Polyketide	chromosome [GO:0005694]	987.87
Polyketide	cytoplasm [GO:0005737]	987.87
Polyketide	nuclear envelope [GO:0005635]	729.96
Polyketide	perinuclear region of cytoplasm [GO:0048471]	729.96
Polyketide	cytosol [GO:0005829]	729.96
Polyketide	pericentriolar material [GO:0000242]	729.96
Polyketide	Golgi membrane [GO:0000139]	729.96
Polyketide	chromosome, telomeric region [GO:0000781]	729.96
Polyketide	nucleus [GO:0005634]	729.96
Polyketide	cytoplasm [GO:0005737]	729.96
Polyketide	proton-transporting ATP synthase complex, catalytic core F(1) [GO:0045261]	249.46
Polyketide	respirasome [GO:0070469]	474.98
Polyketide	mitochondrion [GO:0005739]	474.98
Polyketide	mitochondrial inner membrane [GO:0005743]	474.98
Polyketide	plasma membrane [GO:0005886]	77.89
Polyketide	proton-transporting ATP synthase complex, coupling factor F(o) [GO:0045263]	77.89
Polyketide	cytoplasm [GO:0005737]	310.8
Polyketide	RSC-type complex [GO:0016586]	127.28
Polyketide	kinetochore [GO:0000776]	127.28
Polyketide	SWI/SNF complex [GO:0016514]	127.28
Polyketide	nucleoplasm [GO:0005654]	127.28
Polyketide	nuclear matrix [GO:0016363]	127.28
Polyketide	chromatin [GO:0000785]	127.28
Polyketide	nuclear chromosome [GO:0000228]	127.28
Polyketide	nucleus [GO:0005634]	127.28
Polyketide	plasma membrane [GO:0005886]	0.0
Polyketide	proton-transporting ATP synthase complex, coupling factor F(o) [GO:0045263]	0.0
Polyketide	dendrite [GO:0030425]	587.72
Polyketide	neuron projection [GO:0043005]	587.72
Polyketide	intracellular membrane-bounded organelle [GO:0043231]	587.72
Polyketide	plasma membrane [GO:0005886]	587.72
Polyketide	postsynaptic membrane [GO:0045211]	587.72
Polyketide	synapse [GO:0045202]	587.72
Polyketide	glycine-gated chloride channel complex [GO:0016935]	587.72
Polyketide	perikaryon [GO:0043204]	587.72
Polyketide	cytoplasm [GO:0005737]	933.14
Polyketide	pericentric heterochromatin [GO:0005721]	724.38
Polyketide	endoplasmic reticulum [GO:0005783]	724.38
Polyketide	intracellular membrane-bounded organelle [GO:0043231]	724.38
Polyketide	nucleoplasm [GO:0005654]	724.38
Polyketide	site of DNA damage [GO:0090734]	724.38
Polyketide	chromatin [GO:0000785]	724.38
Polyketide	nucleus [GO:0005634]	724.38
Polyketide	site of double-strand break [GO:0035861]	724.38
Polyketide	chromosome, subtelomeric region [GO:0099115]	724.38
Polyketide	cytosol [GO:0005829]	643.49
Polyketide	plasma membrane [GO:0005886]	643.49
Polyketide	peptidoglycan-based cell wall [GO:0009274]	643.49
Polyketide	protein-containing complex [GO:0032991]	911.41
Polyketide	cytosol [GO:0005829]	911.41
Polyketide	nucleoplasm [GO:0005654]	911.41
Polyketide	membrane [GO:0016020]	911.41
Polyketide	plasma membrane [GO:0005886]	911.41
Polyketide	euchromatin [GO:0000791]	911.41
Polyketide	chromatin [GO:0000785]	911.41
Polyketide	transcription regulator complex [GO:0005667]	911.41
Polyketide	nucleus [GO:0005634]	911.41
Polyketide	cytoplasm [GO:0005737]	911.41
Polyketide	Golgi apparatus [GO:0005794]	911.41
Polyketide	membrane [GO:0016020]	800.38
Polyketide	vesicle [GO:0031982]	301.99
Polyketide	cytoplasm [GO:0005737]	301.99
Polyketide	secretory granule lumen [GO:0034774]	301.99
Polyketide	cytosol [GO:0005829]	301.99
Polyketide	ficolin-1-rich granule lumen [GO:1904813]	301.99
Polyketide	extracellular exosome [GO:0070062]	301.99
Polyketide	nucleoplasm [GO:0005654]	301.99
Polyketide	plasma membrane [GO:0005886]	301.99
Polyketide	extracellular region [GO:0005576]	301.99
Polyketide	extracellular space [GO:0005615]	301.99
Polyketide	cell surface [GO:0009986]	301.99
Polyketide	plasma membrane [GO:0005886]	1871.08
Polyketide	periplasmic side of plasma membrane [GO:0098567]	1871.08
Polyketide	membrane [GO:0016020]	1871.08
Polyketide	outer membrane-bounded periplasmic space [GO:0030288]	1871.08
Polyketide	efflux pump complex [GO:1990281]	1871.08
Polyketide	proton-transporting ATP synthase complex, catalytic core F(1) [GO:0045261]	270.95
Polyketide	plasma membrane [GO:0005886]	270.95
Polyketide	mitochondrial proton-transporting ATP synthase, catalytic core [GO:0005754]	270.95
Polyketide	mitochondrial proton-transporting ATP synthase complex [GO:0005753]	270.95
Polyketide	extracellular space [GO:0005615]	305.36
Polyketide	azurophil granule lumen [GO:0035578]	305.36
Polyketide	extracellular region [GO:0005576]	305.36
Polyketide	extracellular exosome [GO:0070062]	305.36
Polyketide	cortical cytoskeleton [GO:0030863]	1195.44
Polyketide	basolateral plasma membrane [GO:0016323]	1195.44
Polyketide	ankyrin-1 complex [GO:0170014]	1195.44
Polyketide	Z disc [GO:0030018]	1195.44
Polyketide	extracellular exosome [GO:0070062]	1195.44
Polyketide	plasma membrane [GO:0005886]	1195.44
Polyketide	membrane [GO:0016020]	1195.44
Polyketide	blood microparticle [GO:0072562]	1195.44
Polyketide	cytoplasmic side of plasma membrane [GO:0009898]	1195.44
Polyketide	transcription repressor complex [GO:0017053]	804.45
Polyketide	nucleoplasm [GO:0005654]	804.45
Polyketide	nucleus [GO:0005634]	804.45
Polyketide	plasma membrane [GO:0005886]	160.99
Polyketide	calcium channel complex [GO:0034704]	160.99
Polyketide	extracellular space [GO:0005615]	327.42
Polyketide	azurophil granule lumen [GO:0035578]	327.42
Polyketide	extracellular region [GO:0005576]	327.42
Polyketide	extracellular exosome [GO:0070062]	327.42
Polyketide	protein-DNA complex [GO:0032993]	733.76
Polyketide	extracellular region [GO:0005576]	819.41
Polyketide	histone deacetylase complex [GO:0000118]	654.39
Polyketide	plasma membrane [GO:0005886]	1047.07
Polyketide	periplasmic side of plasma membrane [GO:0098567]	1047.07
Polyketide	membrane [GO:0016020]	1047.07
Polyketide	outer membrane-bounded periplasmic space [GO:0030288]	1047.07
Polyketide	efflux pump complex [GO:1990281]	1047.07
Polyketide	plasma membrane [GO:0005886]	509.7
Polyketide	cell division site [GO:0032153]	509.7
Polyketide	cytoplasm [GO:0005737]	509.7
Polyketide	cytoplasm [GO:0005737]	1000.91
Polyketide	periplasmic space [GO:0042597]	596.19
Polyketide	extracellular space [GO:0005615]	477.74
Polyketide	azurophil granule lumen [GO:0035578]	477.74
Polyketide	extracellular region [GO:0005576]	477.74
Polyketide	extracellular exosome [GO:0070062]	477.74
Polyketide	protein-DNA complex [GO:0032993]	746.25
Polyketide	protein-containing complex [GO:0032991]	463.54
Polyketide	cytosol [GO:0005829]	463.54
Polyketide	nucleoplasm [GO:0005654]	463.54
Polyketide	membrane [GO:0016020]	463.54
Polyketide	plasma membrane [GO:0005886]	463.54
Polyketide	euchromatin [GO:0000791]	463.54
Polyketide	chromatin [GO:0000785]	463.54
Polyketide	transcription regulator complex [GO:0005667]	463.54
Polyketide	nucleus [GO:0005634]	463.54
Polyketide	cytoplasm [GO:0005737]	463.54
Polyketide	Golgi apparatus [GO:0005794]	463.54
Polyketide	cell body [GO:0044297]	707.68
Polyketide	actin filament [GO:0005884]	707.68
Polyketide	skeletal muscle myofibril [GO:0098723]	707.68
Polyketide	stress fiber [GO:0001725]	707.68
Polyketide	filamentous actin [GO:0031941]	707.68
Polyketide	actin filament bundle [GO:0032432]	707.68
Polyketide	lamellipodium [GO:0030027]	707.68
Polyketide	striated muscle thin filament [GO:0005865]	707.68
Polyketide	cytoplasm [GO:0005737]	707.68
Polyketide	filopodium [GO:0030175]	707.68
Polyketide	protein-containing complex [GO:0032991]	1189.27
Polyketide	mitotic spindle [GO:0072686]	1189.27
Polyketide	cytosol [GO:0005829]	1189.27
Polyketide	microtubule [GO:0005874]	1189.27
Polyketide	membrane [GO:0016020]	1189.27
Polyketide	nucleus [GO:0005634]	1189.27
Polyketide	spindle [GO:0005819]	1189.27
Polyketide	spindle pole [GO:0000922]	1189.27
Polyketide	kinesin complex [GO:0005871]	1189.27
Polyketide	protein-containing complex [GO:0032991]	295.22
Polyketide	nucleoplasm [GO:0005654]	295.22
Polyketide	mitochondrion [GO:0005739]	295.22
Polyketide	mitochondrial matrix [GO:0005759]	295.22
Polyketide	nucleus [GO:0005634]	295.22
Polyketide	ciliary plasm [GO:0097014]	810.61
Polyketide	cytoplasm [GO:0005737]	810.61
Polyketide	myelin sheath [GO:0043209]	725.09
Polyketide	cytosol [GO:0005829]	725.09
Polyketide	apical part of cell [GO:0045177]	725.09
Polyketide	extracellular exosome [GO:0070062]	725.09
Polyketide	plasma membrane [GO:0005886]	725.09
Polyketide	cytoplasm [GO:0005737]	725.09
Polyketide	sarcoplasmic reticulum membrane [GO:0033017]	998.14
Polyketide	cytoplasmic side of membrane [GO:0098562]	998.14
Polyketide	cytosol [GO:0005829]	998.14
Polyketide	Z disc [GO:0030018]	998.14
Polyketide	sarcoplasmic reticulum [GO:0016529]	998.14
Polyketide	terminal cisterna [GO:0014802]	998.14
Polyketide	membrane [GO:0016020]	998.14
Polyketide	ryanodine receptor complex [GO:1990425]	998.14
Polyketide	cytoplasm [GO:0005737]	998.14
Polyketide	cytosol [GO:0005829]	852.1
Polyketide	intracellular membrane-bounded organelle [GO:0043231]	852.1
Polyketide	nucleoplasm [GO:0005654]	852.1
Polyketide	receptor complex [GO:0043235]	852.1
Polyketide	RNA polymerase II transcription regulator complex [GO:0090575]	852.1
Polyketide	chromatin [GO:0000785]	852.1
Polyketide	nucleus [GO:0005634]	852.1
Polyketide	mitochondrial proton-transporting ATP synthase complex [GO:0005753]	127.22
Polyketide	cytosol [GO:0005829]	127.22
Polyketide	mitochondrial proton-transporting ATP synthase complex, coupling factor F(o) [GO:0000276]	127.22
Polyketide	mitochondrion [GO:0005739]	127.22
Polyketide	mitochondrial intermembrane space [GO:0005758]	127.22
Polyketide	mitochondrial inner membrane [GO:0005743]	127.22
Polyketide	extracellular space [GO:0005615]	95.7
Polyketide	extracellular region [GO:0005576]	95.7
Polyketide	fibrillar center [GO:0001650]	961.2
Polyketide	nuclear inner membrane [GO:0005637]	961.2
Polyketide	heterochromatin [GO:0000792]	961.2
Polyketide	nuclear envelope [GO:0005635]	961.2
Polyketide	PML body [GO:0016605]	961.2
Polyketide	cytosol [GO:0005829]	961.2
Polyketide	eNoSc complex [GO:0061773]	961.2
Polyketide	rDNA heterochromatin [GO:0033553]	961.2
Polyketide	nucleoplasm [GO:0005654]	961.2
Polyketide	mitochondrion [GO:0005739]	961.2
Polyketide	euchromatin [GO:0000791]	961.2
Polyketide	chromatin [GO:0000785]	961.2
Polyketide	chromatin silencing complex [GO:0005677]	961.2
Polyketide	nucleus [GO:0005634]	961.2
Polyketide	cytoplasm [GO:0005737]	961.2
Polyketide	nucleolus [GO:0005730]	961.2
Polyketide	sarcoplasmic reticulum membrane [GO:0033017]	985.9
Polyketide	cytoplasmic side of membrane [GO:0098562]	985.9
Polyketide	cytosol [GO:0005829]	985.9
Polyketide	Z disc [GO:0030018]	985.9
Polyketide	sarcoplasmic reticulum [GO:0016529]	985.9
Polyketide	terminal cisterna [GO:0014802]	985.9
Polyketide	membrane [GO:0016020]	985.9
Polyketide	ryanodine receptor complex [GO:1990425]	985.9
Polyketide	cytoplasm [GO:0005737]	985.9
Polyketide	plasma membrane [GO:0005886]	397.33
Polyketide	proton-transporting ATP synthase complex, coupling factor F(o) [GO:0045263]	397.33
Polyketide	plasma membrane [GO:0005886]	457.95
Polyketide	proton-transporting ATP synthase complex, coupling factor F(o) [GO:0045263]	457.95
Polyketide	cell body [GO:0044297]	846.85
Polyketide	actin filament [GO:0005884]	846.85
Polyketide	skeletal muscle myofibril [GO:0098723]	846.85
Polyketide	stress fiber [GO:0001725]	846.85
Polyketide	filamentous actin [GO:0031941]	846.85
Polyketide	actin filament bundle [GO:0032432]	846.85
Polyketide	lamellipodium [GO:0030027]	846.85
Polyketide	striated muscle thin filament [GO:0005865]	846.85
Polyketide	cytoplasm [GO:0005737]	846.85
Polyketide	filopodium [GO:0030175]	846.85
Polyketide	ATP-binding cassette (ABC) transporter complex [GO:0043190]	622.89
Polyketide	membrane [GO:0016020]	622.89
Polyketide	ATP-binding cassette (ABC) transporter complex, substrate-binding subunit-containing [GO:0055052]	622.89
Polyketide	maltose transport complex [GO:1990060]	622.89
Polyketide	periplasmic space [GO:0042597]	622.89
Polyketide	outer membrane-bounded periplasmic space [GO:0030288]	622.89
Polyketide	extracellular space [GO:0005615]	339.37
Polyketide	azurophil granule lumen [GO:0035578]	339.37
Polyketide	extracellular region [GO:0005576]	339.37
Polyketide	extracellular exosome [GO:0070062]	339.37
Polyketide	mitochondrial proton-transporting ATP synthase, catalytic core [GO:0005754]	814.98
Polyketide	proton-transporting ATP synthase complex, catalytic core F(1) [GO:0045261]	814.98
Polyketide	mitochondrial proton-transporting ATP synthase complex [GO:0005753]	814.98
Polyketide	cytosol [GO:0005829]	814.98
Polyketide	mitochondrion [GO:0005739]	814.98
Polyketide	mitochondrial intermembrane space [GO:0005758]	814.98
Polyketide	mitochondrial inner membrane [GO:0005743]	814.98
Polyketide	endoplasmic reticulum lumen [GO:0005788]	852.69
Polyketide	plasma membrane [GO:0005886]	852.69
Polyketide	extracellular region [GO:0005576]	852.69
Polyketide	extracellular space [GO:0005615]	852.69
Polyketide	external side of plasma membrane [GO:0009897]	852.69
Polyketide	Golgi lumen [GO:0005796]	852.69
Polyketide	nucleoplasm [GO:0005654]	526.34
Polyketide	cytosol [GO:0005829]	526.34
Polyketide	extracellular exosome [GO:0070062]	526.34
Polyketide	protein-DNA complex [GO:0032993]	907.36
Polyketide	plasma membrane [GO:0005886]	301.3
Polyketide	fungal biofilm matrix [GO:0062040]	929.83
Polyketide	cytoplasm [GO:0005737]	929.83
Polyketide	extracellular region [GO:0005576]	929.83
Polyketide	NuA4 histone acetyltransferase complex [GO:0035267]	860.89
Polyketide	actin filament [GO:0005884]	860.89
Polyketide	Swr1 complex [GO:0000812]	860.89
Polyketide	actin filament bundle [GO:0032432]	860.89
Polyketide	Ino80 complex [GO:0031011]	860.89
Polyketide	actin cortical patch [GO:0030479]	860.89
Polyketide	cellular bud neck contractile ring [GO:0000142]	860.89
Polyketide	chromatin [GO:0000785]	860.89
Polyketide	nucleus [GO:0005634]	860.89
Polyketide	plasma membrane [GO:0005886]	356.25
Polyketide	proton-transporting ATP synthase complex, coupling factor F(o) [GO:0045263]	356.25
Polyketide	endocytic vesicle [GO:0030139]	470.97
Polyketide	endoplasmic reticulum lumen [GO:0005788]	470.97
Polyketide	HFE-transferrin receptor complex [GO:1990712]	470.97
Polyketide	secretory granule lumen [GO:0034774]	470.97
Polyketide	extracellular exosome [GO:0070062]	470.97
Polyketide	blood microparticle [GO:0072562]	470.97
Polyketide	cell surface [GO:0009986]	470.97
Polyketide	recycling endosome [GO:0055037]	470.97
Polyketide	endosome membrane [GO:0010008]	470.97
Polyketide	clathrin-coated pit [GO:0005905]	470.97
Polyketide	extracellular space [GO:0005615]	470.97
Polyketide	perinuclear region of cytoplasm [GO:0048471]	470.97
Polyketide	early endosome [GO:0005769]	470.97
Polyketide	extracellular region [GO:0005576]	470.97
Polyketide	cytoplasmic vesicle [GO:0031410]	470.97
Polyketide	vesicle [GO:0031982]	470.97
Polyketide	basal plasma membrane [GO:0009925]	470.97
Polyketide	apical plasma membrane [GO:0016324]	470.97
Polyketide	plasma membrane [GO:0005886]	470.97
Polyketide	basal part of cell [GO:0045178]	470.97
Polyketide	clathrin-coated endocytic vesicle membrane [GO:0030669]	470.97
Polyketide	late endosome [GO:0005770]	470.97
Polyketide	cytosol [GO:0005829]	1254.87
Polyketide	cytosolic DNA-directed RNA polymerase complex [GO:0000345]	1254.87
Polyketide	membrane [GO:0016020]	1254.87
Polyketide	cytoplasm [GO:0005737]	1254.87
Polyketide	transcription elongation factor complex [GO:0008023]	1254.87
Polyketide	histone deacetylase complex [GO:0000118]	465.01
Polyketide	host cell nucleus [GO:0042025]	1073.75
Polyketide	viral envelope [GO:0019031]	1073.75
Polyketide	host cell plasma membrane [GO:0020002]	1073.75
Polyketide	host cell lipid droplet [GO:0044186]	1073.75
Polyketide	host cell endoplasmic reticulum membrane [GO:0044167]	1073.75
Polyketide	host cell mitochondrial membrane [GO:0044191]	1073.75
Polyketide	ribonucleoprotein complex [GO:1990904]	1073.75
Polyketide	membrane [GO:0016020]	1073.75
Polyketide	viral nucleocapsid [GO:0019013]	1073.75
Polyketide	virion membrane [GO:0055036]	1073.75
Polyketide	host cell perinuclear region of cytoplasm [GO:0044220]	1073.75
Polyketide	extracellular region [GO:0005576]	904.98
Polyketide	extracellular exosome [GO:0070062]	904.98
Polyketide	secretory granule lumen [GO:0034774]	904.98
Polyketide	cytosol [GO:0005829]	904.98
Polyketide	specific granule lumen [GO:0035580]	904.98
Polyketide	nucleoplasm [GO:0005654]	904.98
Polyketide	nucleus [GO:0005634]	904.98
Polyketide	GABA-ergic synapse [GO:0098982]	1034.09
Polyketide	mitochondrial outer membrane [GO:0005741]	1034.09
Polyketide	glutamatergic synapse [GO:0098978]	1034.09
Polyketide	plasma membrane [GO:0005886]	1034.09
Polyketide	actin cytoskeleton [GO:0015629]	1034.09
Polyketide	growth cone [GO:0030426]	1034.09
Polyketide	presynaptic membrane [GO:0042734]	1034.09
Polyketide	membrane raft [GO:0045121]	1034.09
Polyketide	cytoplasm [GO:0005737]	1034.09
Polyketide	intracellular membrane-bounded organelle [GO:0043231]	1360.85
Polyketide	endoplasmic reticulum membrane [GO:0005789]	1360.85
Polyketide	endoplasmic reticulum [GO:0005783]	1027.85
Polyketide	focal adhesion [GO:0005925]	1027.85
Polyketide	cytosol [GO:0005829]	1027.85
Polyketide	early endosome [GO:0005769]	1027.85
Polyketide	plasma membrane [GO:0005886]	1027.85
Polyketide	mitochondrion [GO:0005739]	1027.85
Polyketide	nucleus [GO:0005634]	1027.85
Polyketide	late endosome [GO:0005770]	1027.85
Polyketide	microtubule organizing center [GO:0005815]	1027.85
Polyketide	Golgi apparatus [GO:0005794]	1027.85
Polyketide	membrane [GO:0016020]	504.48
Polyketide	proton-transporting V-type ATPase complex [GO:0033176]	279.61
Polyketide	vacuolar proton-transporting V-type ATPase, V0 domain [GO:0000220]	279.61
Polyketide	Golgi membrane [GO:0000139]	279.61
Polyketide	membrane [GO:0016020]	279.61
Polyketide	vacuolar proton-transporting V-type ATPase complex [GO:0016471]	279.61
Polyketide	fungal-type vacuole membrane [GO:0000329]	279.61
Polyketide	vacuolar proton-transporting V-type ATPase, V0 domain [GO:0000220]	498.4
Polyketide	synaptic vesicle membrane [GO:0030672]	498.4
Polyketide	clathrin-coated vesicle membrane [GO:0030665]	498.4
Polyketide	nucleus [GO:0005634]	911.78
Polyketide	sarcoplasmic reticulum membrane [GO:0033017]	0.0
Polyketide	cytoplasmic side of membrane [GO:0098562]	0.0
Polyketide	cytosol [GO:0005829]	0.0
Polyketide	Z disc [GO:0030018]	0.0
Polyketide	sarcoplasmic reticulum [GO:0016529]	0.0
Polyketide	terminal cisterna [GO:0014802]	0.0
Polyketide	membrane [GO:0016020]	0.0
Polyketide	ryanodine receptor complex [GO:1990425]	0.0
Polyketide	cytoplasm [GO:0005737]	0.0
Polyketide	cytoplasm [GO:0005737]	1390.57
Polyketide	protein-containing complex [GO:0032991]	605.72
Polyketide	cytosol [GO:0005829]	605.72
Polyketide	nucleoplasm [GO:0005654]	605.72
Polyketide	membrane [GO:0016020]	605.72
Polyketide	plasma membrane [GO:0005886]	605.72
Polyketide	euchromatin [GO:0000791]	605.72
Polyketide	chromatin [GO:0000785]	605.72
Polyketide	transcription regulator complex [GO:0005667]	605.72
Polyketide	nucleus [GO:0005634]	605.72
Polyketide	cytoplasm [GO:0005737]	605.72
Polyketide	Golgi apparatus [GO:0005794]	605.72
Polyketide	chromatin [GO:0000785]	982.01
Polyketide	intracellular membrane-bounded organelle [GO:0043231]	982.01
Polyketide	nucleoplasm [GO:0005654]	982.01
Polyketide	chromosome, subtelomeric region [GO:0099115]	982.01
Polyketide	pericentric heterochromatin [GO:0005721]	982.01
Polyketide	site of double-strand break [GO:0035861]	982.01
Polyketide	nucleus [GO:0005634]	982.01
Polyketide	site of DNA damage [GO:0090734]	982.01
Polyketide	endoplasmic reticulum [GO:0005783]	982.01
Polyketide	extracellular space [GO:0005615]	463.44
Polyketide	membrane [GO:0016020]	463.44
Polyketide	food vacuole [GO:0020020]	463.44
Polyketide	plasma membrane [GO:0005886]	369.47
Polyketide	cytoplasm [GO:0005737]	369.47
Polyketide	peptidoglycan-based cell wall [GO:0009274]	369.47
Polyketide	dendrite [GO:0030425]	983.74
Polyketide	cytosol [GO:0005829]	983.74
Polyketide	synapse [GO:0045202]	983.74
Polyketide	nucleus [GO:0005634]	983.74
Polyketide	cytoplasm [GO:0005737]	983.74
Polyketide	neuronal cell body [GO:0043025]	983.74
Polyketide	dendrite [GO:0030425]	1000.09
Polyketide	chloride channel complex [GO:0034707]	1000.09
Polyketide	neuron projection [GO:0043005]	1000.09
Polyketide	plasma membrane [GO:0005886]	1000.09
Polyketide	membrane [GO:0016020]	1000.09
Polyketide	postsynaptic membrane [GO:0045211]	1000.09
Polyketide	synapse [GO:0045202]	1000.09
Polyketide	perikaryon [GO:0043204]	1000.09
Polyketide	periplasmic space [GO:0042597]	932.51
Polyketide	cytosol [GO:0005829]	870.96
Polyketide	nucleoplasm [GO:0005654]	870.96
Polyketide	plasma membrane [GO:0005886]	870.96
Polyketide	nucleus [GO:0005634]	870.96
Polyketide	cytoplasm [GO:0005737]	870.96
Polyketide	nucleolus [GO:0005730]	870.96
Polyketide	mitochondrial proton-transporting ATP synthase complex, catalytic sector F(1) [GO:0000275]	435.43
Polyketide	mitochondrial proton-transporting ATP synthase complex [GO:0005753]	435.43
Polyketide	histone deacetylase complex [GO:0000118]	280.62
Polyketide	cell body [GO:0044297]	829.21
Polyketide	actin filament [GO:0005884]	829.21
Polyketide	skeletal muscle myofibril [GO:0098723]	829.21
Polyketide	stress fiber [GO:0001725]	829.21
Polyketide	filamentous actin [GO:0031941]	829.21
Polyketide	actin filament bundle [GO:0032432]	829.21
Polyketide	lamellipodium [GO:0030027]	829.21
Polyketide	striated muscle thin filament [GO:0005865]	829.21
Polyketide	cytoplasm [GO:0005737]	829.21
Polyketide	filopodium [GO:0030175]	829.21
Polyketide	Sin3-type complex [GO:0070822]	538.16
Polyketide	cytosol [GO:0005829]	538.16
Polyketide	plasma membrane [GO:0005886]	538.16
Polyketide	nucleoplasm [GO:0005654]	538.16
Polyketide	protein kinase CK2 complex [GO:0005956]	538.16
Polyketide	nucleus [GO:0005634]	538.16
Polyketide	PML body [GO:0016605]	538.16
Polyketide	extracellular region [GO:0005576]	589.31
Polyketide	cytoplasm [GO:0005737]	1205.5
Polyketide	protein-containing complex [GO:0032991]	761.05
Polyketide	cytosol [GO:0005829]	761.05
Polyketide	nucleoplasm [GO:0005654]	761.05
Polyketide	membrane [GO:0016020]	761.05
Polyketide	plasma membrane [GO:0005886]	761.05
Polyketide	euchromatin [GO:0000791]	761.05
Polyketide	chromatin [GO:0000785]	761.05
Polyketide	transcription regulator complex [GO:0005667]	761.05
Polyketide	nucleus [GO:0005634]	761.05
Polyketide	cytoplasm [GO:0005737]	761.05
Polyketide	Golgi apparatus [GO:0005794]	761.05
Polyketide	collagen-containing extracellular matrix [GO:0062023]	246.06
Polyketide	lysosomal lumen [GO:0043202]	246.06
Polyketide	lysosome [GO:0005764]	246.06
Polyketide	tertiary granule lumen [GO:1904724]	246.06
Polyketide	ficolin-1-rich granule lumen [GO:1904813]	246.06
Polyketide	endolysosome lumen [GO:0036021]	246.06
Polyketide	intracellular membrane-bounded organelle [GO:0043231]	246.06
Polyketide	extracellular region [GO:0005576]	246.06
Polyketide	extracellular space [GO:0005615]	246.06
Polyketide	late endosome [GO:0005770]	246.06
Polyketide	phagocytic vesicle [GO:0045335]	246.06
Polyketide	microtubule [GO:0005874]	838.82
Polyketide	cytoplasm [GO:0005737]	838.82
Polyketide	histone deacetylase complex [GO:0000118]	384.48
Polyketide	nucleoplasm [GO:0005654]	384.48
Polyketide	nuclear chromosome [GO:0000228]	384.48
Polyketide	nucleus [GO:0005634]	384.48
Polyketide	cytoplasm [GO:0005737]	384.48
Polyketide	respirasome [GO:0070469]	559.97
Polyketide	collagen-containing extracellular matrix [GO:0062023]	862.14
Polyketide	secretory granule lumen [GO:0034774]	862.14
Polyketide	azurophil granule lumen [GO:0035578]	862.14
Polyketide	extracellular exosome [GO:0070062]	862.14
Polyketide	blood microparticle [GO:0072562]	862.14
Polyketide	platelet alpha granule lumen [GO:0031093]	862.14
Polyketide	extracellular region [GO:0005576]	862.14
Polyketide	extracellular space [GO:0005615]	862.14
Polyketide	nucleus [GO:0005634]	862.14
Polyketide	nuclear periphery [GO:0034399]	50.07
Polyketide	main axon [GO:0044304]	50.07
Polyketide	neurofibrillary tangle [GO:0097418]	50.07
Polyketide	neuron projection [GO:0043005]	50.07
Polyketide	somatodendritic compartment [GO:0036477]	50.07
Polyketide	microtubule [GO:0005874]	50.07
Polyketide	cytoplasm [GO:0005737]	50.07
Polyketide	neuronal cell body [GO:0043025]	50.07
Polyketide	cell body [GO:0044297]	50.07
Polyketide	nuclear speck [GO:0016607]	50.07
Polyketide	growth cone [GO:0030426]	50.07
Polyketide	membrane raft [GO:0045121]	50.07
Polyketide	dendrite [GO:0030425]	50.07
Polyketide	tubulin complex [GO:0045298]	50.07
Polyketide	microtubule cytoskeleton [GO:0015630]	50.07
Polyketide	cytosol [GO:0005829]	50.07
Polyketide	axolemma [GO:0030673]	50.07
Polyketide	glial cell projection [GO:0097386]	50.07
Polyketide	dendritic spine [GO:0043197]	50.07
Polyketide	extracellular region [GO:0005576]	50.07
Polyketide	cytoplasmic ribonucleoprotein granule [GO:0036464]	50.07
Polyketide	nucleus [GO:0005634]	50.07
Polyketide	axon cytoplasm [GO:1904115]	50.07
Polyketide	plasma membrane [GO:0005886]	50.07
Polyketide	mitochondrion [GO:0005739]	50.07
Polyketide	axon [GO:0030424]	50.07
Polyketide	host cell nucleus [GO:0042025]	1166.36
Polyketide	protein-containing complex [GO:0032991]	1166.36
Polyketide	host cell plasma membrane [GO:0020002]	1166.36
Polyketide	host cell lipid droplet [GO:0044186]	1166.36
Polyketide	viral envelope [GO:0019031]	1166.36
Polyketide	host cell endoplasmic reticulum membrane [GO:0044167]	1166.36
Polyketide	host cell mitochondrial membrane [GO:0044191]	1166.36
Polyketide	ribonucleoprotein complex [GO:1990904]	1166.36
Polyketide	membrane [GO:0016020]	1166.36
Polyketide	viral nucleocapsid [GO:0019013]	1166.36
Polyketide	virion membrane [GO:0055036]	1166.36
Polyketide	host cell perinuclear region of cytoplasm [GO:0044220]	1166.36
Polyketide	periplasmic space [GO:0042597]	639.88
Polyketide	membrane [GO:0016020]	312.55
Polyketide	node of Ranvier [GO:0033268]	140.74
Polyketide	synapse [GO:0045202]	140.74
Polyketide	plasma membrane [GO:0005886]	140.74
Polyketide	axon initial segment [GO:0043194]	140.74
Polyketide	voltage-gated potassium channel complex [GO:0008076]	140.74
Polyketide	endoplasmic reticulum lumen [GO:0005788]	947.46
Polyketide	endosome [GO:0005768]	947.46
Polyketide	Golgi-associated vesicle lumen [GO:0070931]	947.46
Polyketide	cell surface [GO:0009986]	947.46
Polyketide	neuronal cell body [GO:0043025]	947.46
Polyketide	recycling endosome [GO:0055037]	947.46
Polyketide	trans-Golgi network [GO:0005802]	947.46
Polyketide	endosome membrane [GO:0010008]	947.46
Polyketide	synaptic vesicle [GO:0008021]	947.46
Polyketide	lysosome [GO:0005764]	947.46
Polyketide	membrane raft [GO:0045121]	947.46
Polyketide	Golgi apparatus [GO:0005794]	947.46
Polyketide	dendrite [GO:0030425]	947.46
Polyketide	early endosome [GO:0005769]	947.46
Polyketide	membrane [GO:0016020]	947.46
Polyketide	multivesicular body [GO:0005771]	947.46
Polyketide	plasma membrane [GO:0005886]	947.46
Polyketide	hippocampal mossy fiber to CA3 synapse [GO:0098686]	947.46
Polyketide	axon [GO:0030424]	947.46
Polyketide	late endosome [GO:0005770]	947.46
Polyketide	node of Ranvier [GO:0033268]	318.73
Polyketide	synapse [GO:0045202]	318.73
Polyketide	plasma membrane [GO:0005886]	318.73
Polyketide	axon initial segment [GO:0043194]	318.73
Polyketide	voltage-gated potassium channel complex [GO:0008076]	318.73
Polyketide	cytosol [GO:0005829]	901.74
Polyketide	intracellular membrane-bounded organelle [GO:0043231]	901.74
Polyketide	nucleoplasm [GO:0005654]	901.74
Polyketide	receptor complex [GO:0043235]	901.74
Polyketide	RNA polymerase II transcription regulator complex [GO:0090575]	901.74
Polyketide	chromatin [GO:0000785]	901.74
Polyketide	nucleus [GO:0005634]	901.74
Polyketide	cytosol [GO:0005829]	1146.44
Polyketide	intracellular membrane-bounded organelle [GO:0043231]	1146.44
Polyketide	nucleoplasm [GO:0005654]	1146.44
Polyketide	plasma membrane [GO:0005886]	1146.44
Polyketide	nuclear speck [GO:0016607]	1146.44
Polyketide	nucleus [GO:0005634]	1146.44
Polyketide	cytoplasm [GO:0005737]	1146.44
Polyketide	cytoplasm [GO:0005737]	363.4
Polyketide	nucleoplasm [GO:0005654]	494.4
Polyketide	plasma membrane [GO:0005886]	494.4
Polyketide	cytosol [GO:0005829]	494.4
Polyketide	chromosome [GO:0005694]	934.06
Polyketide	condensed nuclear chromosome [GO:0000794]	934.06
Polyketide	nucleus [GO:0005634]	934.06
Polyketide	nucleoplasm [GO:0005654]	934.06
Polyketide	nucleoplasm [GO:0005654]	743.12
Polyketide	mitochondrial respiratory chain complex I [GO:0005747]	743.12
Polyketide	extracellular space [GO:0005615]	357.58
Polyketide	azurophil granule lumen [GO:0035578]	357.58
Polyketide	extracellular region [GO:0005576]	357.58
Polyketide	extracellular exosome [GO:0070062]	357.58
Polyketide	cortical cytoskeleton [GO:0030863]	1316.78
Polyketide	basolateral plasma membrane [GO:0016323]	1316.78
Polyketide	ankyrin-1 complex [GO:0170014]	1316.78
Polyketide	Z disc [GO:0030018]	1316.78
Polyketide	extracellular exosome [GO:0070062]	1316.78
Polyketide	plasma membrane [GO:0005886]	1316.78
Polyketide	membrane [GO:0016020]	1316.78
Polyketide	blood microparticle [GO:0072562]	1316.78
Polyketide	cytoplasmic side of plasma membrane [GO:0009898]	1316.78
Polyketide	vesicle [GO:0031982]	127.64
Polyketide	cytoplasm [GO:0005737]	127.64
Polyketide	secretory granule lumen [GO:0034774]	127.64
Polyketide	cytosol [GO:0005829]	127.64
Polyketide	ficolin-1-rich granule lumen [GO:1904813]	127.64
Polyketide	extracellular exosome [GO:0070062]	127.64
Polyketide	nucleoplasm [GO:0005654]	127.64
Polyketide	plasma membrane [GO:0005886]	127.64
Polyketide	extracellular region [GO:0005576]	127.64
Polyketide	extracellular space [GO:0005615]	127.64
Polyketide	cell surface [GO:0009986]	127.64
Polyketide	extracellular region [GO:0005576]	252.17
Polyketide	extracellular exosome [GO:0070062]	252.17
Polyketide	azurophil granule lumen [GO:0035578]	252.17
Polyketide	extracellular space [GO:0005615]	252.17
Polyketide	extracellular space [GO:0005615]	421.86
Polyketide	azurophil granule lumen [GO:0035578]	421.86
Polyketide	extracellular region [GO:0005576]	421.86
Polyketide	extracellular exosome [GO:0070062]	421.86
Polyketide	endoplasmic reticulum [GO:0005783]	384.81
Polyketide	endoplasmic reticulum membrane [GO:0005789]	384.81
Polyketide	Ire1 complex [GO:1990332]	384.81
Polyketide	nucleus [GO:0005634]	384.81
Polyketide	IRE1-TRAF2-ASK1 complex [GO:1990604]	384.81
Polyketide	cell body [GO:0044297]	61.95
Polyketide	actin filament [GO:0005884]	61.95
Polyketide	skeletal muscle myofibril [GO:0098723]	61.95
Polyketide	stress fiber [GO:0001725]	61.95
Polyketide	filamentous actin [GO:0031941]	61.95
Polyketide	actin filament bundle [GO:0032432]	61.95
Polyketide	lamellipodium [GO:0030027]	61.95
Polyketide	striated muscle thin filament [GO:0005865]	61.95
Polyketide	cytoplasm [GO:0005737]	61.95
Polyketide	filopodium [GO:0030175]	61.95
Polyketide	tertiary granule lumen [GO:1904724]	414.25
Polyketide	cytosol [GO:0005829]	414.25
Polyketide	ficolin-1-rich granule lumen [GO:1904813]	414.25
Polyketide	extracellular exosome [GO:0070062]	414.25
Polyketide	nucleoplasm [GO:0005654]	414.25
Polyketide	extracellular region [GO:0005576]	414.25
Polyketide	nucleus [GO:0005634]	414.25
Polyketide	extracellular region [GO:0005576]	273.28
Polyketide	extracellular exosome [GO:0070062]	273.28
Polyketide	azurophil granule lumen [GO:0035578]	273.28
Polyketide	extracellular space [GO:0005615]	273.28
Polyketide	endoplasmic reticulum membrane [GO:0005789]	327.52
Polyketide	endoplasmic reticulum [GO:0005783]	327.52
Polyketide	plasma membrane [GO:0005886]	1148.31
Polyketide	periplasmic side of plasma membrane [GO:0098567]	1148.31
Polyketide	membrane [GO:0016020]	1148.31
Polyketide	outer membrane-bounded periplasmic space [GO:0030288]	1148.31
Polyketide	efflux pump complex [GO:1990281]	1148.31
Polyketide	sarcoplasmic reticulum membrane [GO:0033017]	743.1
Polyketide	cytoplasmic side of membrane [GO:0098562]	743.1
Polyketide	cytosol [GO:0005829]	743.1
Polyketide	Z disc [GO:0030018]	743.1
Polyketide	sarcoplasmic reticulum [GO:0016529]	743.1
Polyketide	terminal cisterna [GO:0014802]	743.1
Polyketide	membrane [GO:0016020]	743.1
Polyketide	ryanodine receptor complex [GO:1990425]	743.1
Polyketide	cytoplasm [GO:0005737]	743.1
Polyketide	dendrite [GO:0030425]	807.81
Polyketide	PML body [GO:0016605]	807.81
Polyketide	nuclear envelope [GO:0005635]	807.81
Polyketide	lysosome [GO:0005764]	807.81
Polyketide	endomembrane system [GO:0012505]	807.81
Polyketide	mitochondrial outer membrane [GO:0005741]	807.81
Polyketide	cytosol [GO:0005829]	807.81
Polyketide	Golgi membrane [GO:0000139]	807.81
Polyketide	nucleoplasm [GO:0005654]	807.81
Polyketide	endoplasmic reticulum membrane [GO:0005789]	807.81
Polyketide	membrane [GO:0016020]	807.81
Polyketide	TORC1 complex [GO:0031931]	807.81
Polyketide	nucleus [GO:0005634]	807.81
Polyketide	TORC2 complex [GO:0031932]	807.81
Polyketide	lysosomal membrane [GO:0005765]	807.81
Polyketide	cytoplasm [GO:0005737]	807.81
Polyketide	phagocytic vesicle [GO:0045335]	807.81
Polyketide	plasma membrane [GO:0005886]	786.93
Polyketide	cytosol [GO:0005829]	163.78
Polyketide	glutamatergic synapse [GO:0098978]	163.78
Polyketide	calcineurin complex [GO:0005955]	163.78
Polyketide	Schaffer collateral - CA1 synapse [GO:0098685]	163.78
Polyketide	parallel fiber to Purkinje cell synapse [GO:0098688]	163.78
Polyketide	hippocampal mossy fiber to CA3 synapse [GO:0098686]	163.78
Polyketide	postsynapse [GO:0098794]	163.78
Polyketide	sarcolemma [GO:0042383]	163.78
Polyketide	mitochondrial proton-transporting ATP synthase complex [GO:0005753]	227.36
Polyketide	cytosol [GO:0005829]	227.36
Polyketide	mitochondrial proton-transporting ATP synthase complex, coupling factor F(o) [GO:0000276]	227.36
Polyketide	mitochondrion [GO:0005739]	227.36
Polyketide	mitochondrial intermembrane space [GO:0005758]	227.36
Polyketide	mitochondrial inner membrane [GO:0005743]	227.36
Polyketide	protein-containing complex [GO:0032991]	767.24
Polyketide	endocytic vesicle membrane [GO:0030666]	767.24
Polyketide	cytosol [GO:0005829]	767.24
Polyketide	transcription repressor complex [GO:0017053]	767.24
Polyketide	nucleoplasm [GO:0005654]	767.24
Polyketide	plasma membrane [GO:0005886]	767.24
Polyketide	nucleus [GO:0005634]	767.24
Polyketide	cytoplasm [GO:0005737]	767.24
Polyketide	nucleolus [GO:0005730]	767.24
Polyketide	protein-containing complex [GO:0032991]	772.52
Polyketide	endocytic vesicle membrane [GO:0030666]	772.52
Polyketide	cytosol [GO:0005829]	772.52
Polyketide	transcription repressor complex [GO:0017053]	772.52
Polyketide	nucleoplasm [GO:0005654]	772.52
Polyketide	plasma membrane [GO:0005886]	772.52
Polyketide	nucleus [GO:0005634]	772.52
Polyketide	cytoplasm [GO:0005737]	772.52
Polyketide	nucleolus [GO:0005730]	772.52
Polyketide	nucleoid [GO:0009295]	403.2
Polyketide	nucleoplasm [GO:0005654]	989.22
Polyketide	nucleus [GO:0005634]	989.22
Polyketide	cytoplasm [GO:0005737]	989.22
Polyketide	nucleolus [GO:0005730]	989.22
Polyketide	nucleoplasm [GO:0005654]	558.81
Polyketide	cytosol [GO:0005829]	558.81
Polyketide	extracellular exosome [GO:0070062]	558.81
Polyketide	immunoglobulin complex [GO:0019814]	533.01
Polyketide	extracellular region [GO:0005576]	533.01
Polyketide	cell body [GO:0044297]	817.39
Polyketide	actin filament [GO:0005884]	817.39
Polyketide	skeletal muscle myofibril [GO:0098723]	817.39
Polyketide	stress fiber [GO:0001725]	817.39
Polyketide	filamentous actin [GO:0031941]	817.39
Polyketide	actin filament bundle [GO:0032432]	817.39
Polyketide	lamellipodium [GO:0030027]	817.39
Polyketide	striated muscle thin filament [GO:0005865]	817.39
Polyketide	cytoplasm [GO:0005737]	817.39
Polyketide	filopodium [GO:0030175]	817.39
Polyketide	postsynaptic density [GO:0014069]	587.38
Polyketide	glutamatergic synapse [GO:0098978]	587.38
Polyketide	plasma membrane [GO:0005886]	587.38
Polyketide	DAPK1-calmodulin complex [GO:1990722]	587.38
Polyketide	actin cytoskeleton [GO:0015629]	587.38
Polyketide	nucleus [GO:0005634]	587.38
Polyketide	cytoplasm [GO:0005737]	587.38
Polyketide	protein-containing complex [GO:0032991]	434.12
Polyketide	recycling endosome [GO:0055037]	434.12
Polyketide	early endosome [GO:0005769]	434.12
Polyketide	plasma membrane [GO:0005886]	434.12
Polyketide	specific granule [GO:0042581]	434.12
Polyketide	extracellular space [GO:0005615]	434.12
Polyketide	cell surface [GO:0009986]	434.12
Polyketide	cytoplasm [GO:0005737]	382.28
Polyketide	plasma membrane [GO:0005886]	702.65
Polyketide	Sin3-type complex [GO:0070822]	790.38
Polyketide	cytosol [GO:0005829]	790.38
Polyketide	plasma membrane [GO:0005886]	790.38
Polyketide	nucleoplasm [GO:0005654]	790.38
Polyketide	protein kinase CK2 complex [GO:0005956]	790.38
Polyketide	nucleus [GO:0005634]	790.38
Polyketide	PML body [GO:0016605]	790.38
Polyketide	chromosome [GO:0005694]	80.89
Polyketide	cytoplasm [GO:0005737]	80.89
Polyketide	postsynaptic density [GO:0014069]	585.57
Polyketide	glutamatergic synapse [GO:0098978]	585.57
Polyketide	plasma membrane [GO:0005886]	585.57
Polyketide	DAPK1-calmodulin complex [GO:1990722]	585.57
Polyketide	actin cytoskeleton [GO:0015629]	585.57
Polyketide	nucleus [GO:0005634]	585.57
Polyketide	cytoplasm [GO:0005737]	585.57
Polyketide	Sin3-type complex [GO:0070822]	797.53
Polyketide	cytosol [GO:0005829]	797.53
Polyketide	plasma membrane [GO:0005886]	797.53
Polyketide	nucleoplasm [GO:0005654]	797.53
Polyketide	protein kinase CK2 complex [GO:0005956]	797.53
Polyketide	nucleus [GO:0005634]	797.53
Polyketide	PML body [GO:0016605]	797.53
Polyketide	endoplasmic reticulum lumen [GO:0005788]	940.35
Polyketide	protein-containing complex [GO:0032991]	940.35
Polyketide	endoplasmic reticulum [GO:0005783]	940.35
Polyketide	extracellular exosome [GO:0070062]	940.35
Polyketide	blood microparticle [GO:0072562]	940.35
Polyketide	platelet alpha granule lumen [GO:0031093]	940.35
Polyketide	extracellular region [GO:0005576]	940.35
Polyketide	extracellular space [GO:0005615]	940.35
Polyketide	nucleus [GO:0005634]	940.35
Polyketide	cytoplasm [GO:0005737]	940.35
Polyketide	Golgi apparatus [GO:0005794]	940.35
Polyketide	mitochondrial proton-transporting ATP synthase complex [GO:0005753]	289.59
Polyketide	cytosol [GO:0005829]	289.59
Polyketide	mitochondrial proton-transporting ATP synthase complex, coupling factor F(o) [GO:0000276]	289.59
Polyketide	mitochondrion [GO:0005739]	289.59
Polyketide	mitochondrial intermembrane space [GO:0005758]	289.59
Polyketide	mitochondrial inner membrane [GO:0005743]	289.59
Polyketide	extracellular space [GO:0005615]	832.67
Polyketide	serine protease inhibitor complex [GO:0097180]	832.67
Polyketide	myelin sheath [GO:0043209]	530.47
Polyketide	cytosol [GO:0005829]	530.47
Polyketide	apical part of cell [GO:0045177]	530.47
Polyketide	extracellular exosome [GO:0070062]	530.47
Polyketide	plasma membrane [GO:0005886]	530.47
Polyketide	cytoplasm [GO:0005737]	530.47
Polyketide	node of Ranvier [GO:0033268]	262.95
Polyketide	synapse [GO:0045202]	262.95
Polyketide	plasma membrane [GO:0005886]	262.95
Polyketide	axon initial segment [GO:0043194]	262.95
Polyketide	voltage-gated potassium channel complex [GO:0008076]	262.95
Polyketide	microtubule [GO:0005874]	718.0
Polyketide	cytoplasm [GO:0005737]	718.0
Polyketide	microtubule cytoskeleton [GO:0015630]	718.0
Polyketide	node of Ranvier [GO:0033268]	263.53
Polyketide	synapse [GO:0045202]	263.53
Polyketide	plasma membrane [GO:0005886]	263.53
Polyketide	axon initial segment [GO:0043194]	263.53
Polyketide	voltage-gated potassium channel complex [GO:0008076]	263.53
Polyketide	dendritic shaft [GO:0043198]	723.07
Polyketide	neuron projection [GO:0043005]	723.07
Polyketide	postsynaptic density [GO:0014069]	723.07
Polyketide	somatodendritic compartment [GO:0036477]	723.07
Polyketide	dendrite membrane [GO:0032590]	723.07
Polyketide	endoplasmic reticulum membrane [GO:0005789]	723.07
Polyketide	cell surface [GO:0009986]	723.07
Polyketide	presynaptic active zone membrane [GO:0048787]	723.07
Polyketide	neuronal cell body [GO:0043025]	723.07
Polyketide	dendrite cytoplasm [GO:0032839]	723.07
Polyketide	spine synapse [GO:0106033]	723.07
Polyketide	synaptic vesicle [GO:0008021]	723.07
Polyketide	Schaffer collateral - CA1 synapse [GO:0098685]	723.07
Polyketide	presynapse [GO:0098793]	723.07
Polyketide	growth cone [GO:0030426]	723.07
Polyketide	perikaryon [GO:0043204]	723.07
Polyketide	AMPA glutamate receptor complex [GO:0032281]	723.07
Polyketide	asymmetric synapse [GO:0032279]	723.07
Polyketide	dendrite [GO:0030425]	723.07
Polyketide	protein-containing complex [GO:0032991]	723.07
Polyketide	ionotropic glutamate receptor complex [GO:0008328]	723.07
Polyketide	dendritic spine head [GO:0044327]	723.07
Polyketide	dendritic spine neck [GO:0044326]	723.07
Polyketide	glutamatergic synapse [GO:0098978]	723.07
Polyketide	membrane [GO:0016020]	723.07
Polyketide	dendritic spine [GO:0043197]	723.07
Polyketide	perisynaptic space [GO:0099544]	723.07
Polyketide	endoplasmic reticulum [GO:0005783]	723.07
Polyketide	plasma membrane [GO:0005886]	723.07
Polyketide	postsynaptic membrane [GO:0045211]	723.07
Polyketide	synapse [GO:0045202]	723.07
Polyketide	terminal bouton [GO:0043195]	723.07
Polyketide	presynaptic membrane [GO:0042734]	723.07
Polyketide	postsynaptic density membrane [GO:0098839]	723.07
Polyketide	synaptic vesicle membrane [GO:0030672]	723.07
Polyketide	axon [GO:0030424]	723.07
Polyketide	synaptic membrane [GO:0097060]	723.07
Polyketide	cytosol [GO:0005829]	1217.57
Polyketide	cytosolic DNA-directed RNA polymerase complex [GO:0000345]	1217.57
Polyketide	membrane [GO:0016020]	1217.57
Polyketide	cytoplasm [GO:0005737]	1217.57
Polyketide	transcription elongation factor complex [GO:0008023]	1217.57
Polyketide	DNA-directed RNA polymerase complex [GO:0000428]	1093.09
Polyketide	sarcoplasmic reticulum membrane [GO:0033017]	1539.79
Polyketide	postsynaptic density [GO:0014069]	1539.79
Polyketide	Z disc [GO:0030018]	1539.79
Polyketide	T-tubule [GO:0030315]	1539.79
Polyketide	secretory granule [GO:0030141]	1539.79
Polyketide	sarcolemma [GO:0042383]	1539.79
Polyketide	cytoplasm [GO:0005737]	1539.79
Polyketide	calyx of Held [GO:0044305]	1539.79
Polyketide	azurophil granule [GO:0042582]	1539.79
Polyketide	nuclear membrane [GO:0031965]	1539.79
Polyketide	membrane raft [GO:0045121]	1539.79
Polyketide	postsynaptic specialization, intracellular component [GO:0099091]	1539.79
Polyketide	postsynaptic density, intracellular component [GO:0099092]	1539.79
Polyketide	dendrite [GO:0030425]	1539.79
Polyketide	protein-containing complex [GO:0032991]	1539.79
Polyketide	perinuclear region of cytoplasm [GO:0048471]	1539.79
Polyketide	cytosol [GO:0005829]	1539.79
Polyketide	sarcoplasmic reticulum [GO:0016529]	1539.79
Polyketide	glutamatergic synapse [GO:0098978]	1539.79
Polyketide	dendritic spine [GO:0043197]	1539.79
Polyketide	cell periphery [GO:0071944]	1539.79
Polyketide	nucleus [GO:0005634]	1539.79
Polyketide	mitochondrial outer membrane [GO:0005741]	1539.79
Polyketide	plasma membrane [GO:0005886]	1539.79
Polyketide	synapse [GO:0045202]	1539.79
Polyketide	mitochondrion [GO:0005739]	1539.79
Polyketide	photoreceptor inner segment [GO:0001917]	1539.79
Polyketide	cytoskeleton [GO:0005856]	1539.79
Polyketide	cell body [GO:0044297]	791.85
Polyketide	actin filament [GO:0005884]	791.85
Polyketide	skeletal muscle myofibril [GO:0098723]	791.85
Polyketide	stress fiber [GO:0001725]	791.85
Polyketide	filamentous actin [GO:0031941]	791.85
Polyketide	actin filament bundle [GO:0032432]	791.85
Polyketide	lamellipodium [GO:0030027]	791.85
Polyketide	striated muscle thin filament [GO:0005865]	791.85
Polyketide	cytoplasm [GO:0005737]	791.85
Polyketide	filopodium [GO:0030175]	791.85
Polyketide	membrane [GO:0016020]	649.25
Polyketide	receptor complex [GO:0043235]	649.25
Polyketide	protein-containing complex [GO:0032991]	847.34
Polyketide	cytosol [GO:0005829]	847.34
Polyketide	nucleoplasm [GO:0005654]	847.34
Polyketide	membrane [GO:0016020]	847.34
Polyketide	plasma membrane [GO:0005886]	847.34
Polyketide	euchromatin [GO:0000791]	847.34
Polyketide	chromatin [GO:0000785]	847.34
Polyketide	transcription regulator complex [GO:0005667]	847.34
Polyketide	nucleus [GO:0005634]	847.34
Polyketide	cytoplasm [GO:0005737]	847.34
Polyketide	Golgi apparatus [GO:0005794]	847.34
Polyketide	mitochondrial matrix [GO:0005759]	545.43
Polyketide	mitochondrion [GO:0005739]	545.43
Polyketide	extracellular exosome [GO:0070062]	545.43
Polyketide	nuclear envelope [GO:0005635]	713.86
Polyketide	perinuclear region of cytoplasm [GO:0048471]	713.86
Polyketide	cytosol [GO:0005829]	713.86
Polyketide	pericentriolar material [GO:0000242]	713.86
Polyketide	Golgi membrane [GO:0000139]	713.86
Polyketide	chromosome, telomeric region [GO:0000781]	713.86
Polyketide	nucleus [GO:0005634]	713.86
Polyketide	cytoplasm [GO:0005737]	713.86
Polyketide	mitochondrial proton-transporting ATP synthase, catalytic core [GO:0005754]	889.83
Polyketide	proton-transporting ATP synthase complex, catalytic core F(1) [GO:0045261]	889.83
Polyketide	mitochondrial proton-transporting ATP synthase complex [GO:0005753]	889.83
Polyketide	cytosol [GO:0005829]	889.83
Polyketide	mitochondrion [GO:0005739]	889.83
Polyketide	mitochondrial intermembrane space [GO:0005758]	889.83
Polyketide	mitochondrial inner membrane [GO:0005743]	889.83
Polyketide	dendrite [GO:0030425]	711.26
Polyketide	PML body [GO:0016605]	711.26
Polyketide	nuclear envelope [GO:0005635]	711.26
Polyketide	lysosome [GO:0005764]	711.26
Polyketide	endomembrane system [GO:0012505]	711.26
Polyketide	mitochondrial outer membrane [GO:0005741]	711.26
Polyketide	cytosol [GO:0005829]	711.26
Polyketide	Golgi membrane [GO:0000139]	711.26
Polyketide	nucleoplasm [GO:0005654]	711.26
Polyketide	endoplasmic reticulum membrane [GO:0005789]	711.26
Polyketide	membrane [GO:0016020]	711.26
Polyketide	TORC1 complex [GO:0031931]	711.26
Polyketide	nucleus [GO:0005634]	711.26
Polyketide	TORC2 complex [GO:0031932]	711.26
Polyketide	lysosomal membrane [GO:0005765]	711.26
Polyketide	cytoplasm [GO:0005737]	711.26
Polyketide	phagocytic vesicle [GO:0045335]	711.26
Polyketide	ATP-binding cassette (ABC) transporter complex [GO:0043190]	633.5
Polyketide	membrane [GO:0016020]	633.5
Polyketide	ATP-binding cassette (ABC) transporter complex, substrate-binding subunit-containing [GO:0055052]	633.5
Polyketide	maltose transport complex [GO:1990060]	633.5
Polyketide	periplasmic space [GO:0042597]	633.5
Polyketide	outer membrane-bounded periplasmic space [GO:0030288]	633.5
Polyketide	plasma membrane [GO:0005886]	244.53
Polyketide	proton-transporting ATP synthase complex, coupling factor F(o) [GO:0045263]	244.53
Polyketide	NuA4 histone acetyltransferase complex [GO:0035267]	746.24
Polyketide	GBAF complex [GO:0140288]	746.24
Polyketide	ribonucleoprotein complex [GO:1990904]	746.24
Polyketide	extracellular exosome [GO:0070062]	746.24
Polyketide	nucleoplasm [GO:0005654]	746.24
Polyketide	blood microparticle [GO:0072562]	746.24
Polyketide	adherens junction [GO:0005912]	746.24
Polyketide	cytoplasm [GO:0005737]	746.24
Polyketide	calyx of Held [GO:0044305]	746.24
Polyketide	axon [GO:0030424]	746.24
Polyketide	cortical cytoskeleton [GO:0030863]	746.24
Polyketide	SWI/SNF complex [GO:0016514]	746.24
Polyketide	kinetochore [GO:0000776]	746.24
Polyketide	lamellipodium [GO:0030027]	746.24
Polyketide	Schaffer collateral - CA1 synapse [GO:0098685]	746.24
Polyketide	actin cytoskeleton [GO:0015629]	746.24
Polyketide	postsynaptic actin cytoskeleton [GO:0098871]	746.24
Polyketide	dense body [GO:0097433]	746.24
Polyketide	presynapse [GO:0098793]	746.24
Polyketide	extracellular space [GO:0005615]	746.24
Polyketide	tight junction [GO:0070160]	746.24
Polyketide	apical junction complex [GO:0043296]	746.24
Polyketide	protein-containing complex [GO:0032991]	746.24
Polyketide	brahma complex [GO:0035060]	746.24
Polyketide	focal adhesion [GO:0005925]	746.24
Polyketide	actin filament [GO:0005884]	746.24
Polyketide	RSC-type complex [GO:0016586]	746.24
Polyketide	cell-cell junction [GO:0005911]	746.24
Polyketide	cytosol [GO:0005829]	746.24
Polyketide	glutamatergic synapse [GO:0098978]	746.24
Polyketide	membrane [GO:0016020]	746.24
Polyketide	nBAF complex [GO:0071565]	746.24
Polyketide	chromatin [GO:0000785]	746.24
Polyketide	cytoplasmic ribonucleoprotein granule [GO:0036464]	746.24
Polyketide	nucleus [GO:0005634]	746.24
Polyketide	npBAF complex [GO:0071564]	746.24
Polyketide	vesicle [GO:0031982]	746.24
Polyketide	nucleosome [GO:0000786]	746.24
Polyketide	plasma membrane [GO:0005886]	746.24
Polyketide	synapse [GO:0045202]	746.24
Polyketide	nuclear matrix [GO:0016363]	746.24
Polyketide	bBAF complex [GO:0140092]	746.24
Polyketide	cytoskeleton [GO:0005856]	746.24
Polyketide	brush border [GO:0005903]	746.24
Polyketide	protein-containing complex [GO:0032991]	272.84
Polyketide	centrosome [GO:0005813]	272.84
Polyketide	perinuclear region of cytoplasm [GO:0048471]	272.84
Polyketide	cytosol [GO:0005829]	272.84
Polyketide	extracellular exosome [GO:0070062]	272.84
Polyketide	photoreceptor outer segment [GO:0001750]	272.84
Polyketide	ciliary basal body [GO:0036064]	272.84
Polyketide	photoreceptor inner segment [GO:0001917]	272.84
Polyketide	centriole [GO:0005814]	272.84
Polyketide	microtubule organizing center [GO:0005815]	272.84
Polyketide	host cell nucleus [GO:0042025]	948.67
Polyketide	viral envelope [GO:0019031]	948.67
Polyketide	host cell plasma membrane [GO:0020002]	948.67
Polyketide	host cell lipid droplet [GO:0044186]	948.67
Polyketide	host cell endoplasmic reticulum membrane [GO:0044167]	948.67
Polyketide	host cell mitochondrial membrane [GO:0044191]	948.67
Polyketide	ribonucleoprotein complex [GO:1990904]	948.67
Polyketide	membrane [GO:0016020]	948.67
Polyketide	viral nucleocapsid [GO:0019013]	948.67
Polyketide	virion membrane [GO:0055036]	948.67
Polyketide	host cell perinuclear region of cytoplasm [GO:0044220]	948.67
Polyketide	cytosol [GO:0005829]	1034.82
Polyketide	cytosolic DNA-directed RNA polymerase complex [GO:0000345]	1034.82
Polyketide	membrane [GO:0016020]	1034.82
Polyketide	cytoplasm [GO:0005737]	1034.82
Polyketide	transcription elongation factor complex [GO:0008023]	1034.82
Polyketide	endocytic vesicle [GO:0030139]	79.99
Polyketide	endoplasmic reticulum lumen [GO:0005788]	79.99
Polyketide	HFE-transferrin receptor complex [GO:1990712]	79.99
Polyketide	secretory granule lumen [GO:0034774]	79.99
Polyketide	extracellular exosome [GO:0070062]	79.99
Polyketide	blood microparticle [GO:0072562]	79.99
Polyketide	cell surface [GO:0009986]	79.99
Polyketide	recycling endosome [GO:0055037]	79.99
Polyketide	endosome membrane [GO:0010008]	79.99
Polyketide	clathrin-coated pit [GO:0005905]	79.99
Polyketide	extracellular space [GO:0005615]	79.99
Polyketide	perinuclear region of cytoplasm [GO:0048471]	79.99
Polyketide	early endosome [GO:0005769]	79.99
Polyketide	extracellular region [GO:0005576]	79.99
Polyketide	cytoplasmic vesicle [GO:0031410]	79.99
Polyketide	vesicle [GO:0031982]	79.99
Polyketide	basal plasma membrane [GO:0009925]	79.99
Polyketide	apical plasma membrane [GO:0016324]	79.99
Polyketide	plasma membrane [GO:0005886]	79.99
Polyketide	basal part of cell [GO:0045178]	79.99
Polyketide	clathrin-coated endocytic vesicle membrane [GO:0030669]	79.99
Polyketide	late endosome [GO:0005770]	79.99
Polyketide	tertiary granule lumen [GO:1904724]	432.1
Polyketide	cytosol [GO:0005829]	432.1
Polyketide	ficolin-1-rich granule lumen [GO:1904813]	432.1
Polyketide	extracellular exosome [GO:0070062]	432.1
Polyketide	nucleoplasm [GO:0005654]	432.1
Polyketide	extracellular region [GO:0005576]	432.1
Polyketide	nucleus [GO:0005634]	432.1
Polyketide	plasma membrane [GO:0005886]	128.12
Polyketide	proton-transporting ATP synthase complex, coupling factor F(o) [GO:0045263]	128.12
Polyketide	fungal biofilm matrix [GO:0062040]	84.45
Polyketide	cytoplasm [GO:0005737]	84.45
Polyketide	extracellular region [GO:0005576]	84.45
Polyketide	cytosol [GO:0005829]	970.74
Polyketide	collagen-containing extracellular matrix [GO:0062023]	853.2
Polyketide	cytoplasm [GO:0005737]	853.2
Polyketide	secretory granule membrane [GO:0030667]	853.2
Polyketide	cytosol [GO:0005829]	853.2
Polyketide	ficolin-1-rich granule membrane [GO:0101003]	853.2
Polyketide	immunological synapse [GO:0001772]	853.2
Polyketide	extracellular exosome [GO:0070062]	853.2
Polyketide	spliceosomal complex [GO:0005681]	853.2
Polyketide	nucleoplasm [GO:0005654]	853.2
Polyketide	membrane [GO:0016020]	853.2
Polyketide	plasma membrane [GO:0005886]	853.2
Polyketide	extracellular region [GO:0005576]	853.2
Polyketide	extracellular space [GO:0005615]	853.2
Polyketide	nucleus [GO:0005634]	853.2
Polyketide	cell surface [GO:0009986]	853.2
Polyketide	mitochondrial inner membrane [GO:0005743]	853.2
Polyketide	nucleoplasm [GO:0005654]	424.58
Polyketide	cytosol [GO:0005829]	424.58
Polyketide	extracellular exosome [GO:0070062]	424.58
Polyketide	cytoplasm [GO:0005737]	1177.02
Polyketide	protein-containing complex [GO:0032991]	799.28
Polyketide	endocytic vesicle membrane [GO:0030666]	799.28
Polyketide	cytosol [GO:0005829]	799.28
Polyketide	transcription repressor complex [GO:0017053]	799.28
Polyketide	nucleoplasm [GO:0005654]	799.28
Polyketide	plasma membrane [GO:0005886]	799.28
Polyketide	nucleus [GO:0005634]	799.28
Polyketide	cytoplasm [GO:0005737]	799.28
Polyketide	nucleolus [GO:0005730]	799.28
Polyketide	protein-containing complex [GO:0032991]	1105.09
Polyketide	mitotic spindle [GO:0072686]	1105.09
Polyketide	cytosol [GO:0005829]	1105.09
Polyketide	microtubule [GO:0005874]	1105.09
Polyketide	membrane [GO:0016020]	1105.09
Polyketide	nucleus [GO:0005634]	1105.09
Polyketide	spindle [GO:0005819]	1105.09
Polyketide	spindle pole [GO:0000922]	1105.09
Polyketide	kinesin complex [GO:0005871]	1105.09
Polyketide	cell body [GO:0044297]	661.24
Polyketide	actin filament [GO:0005884]	661.24
Polyketide	skeletal muscle myofibril [GO:0098723]	661.24
Polyketide	stress fiber [GO:0001725]	661.24
Polyketide	filamentous actin [GO:0031941]	661.24
Polyketide	actin filament bundle [GO:0032432]	661.24
Polyketide	lamellipodium [GO:0030027]	661.24
Polyketide	striated muscle thin filament [GO:0005865]	661.24
Polyketide	cytoplasm [GO:0005737]	661.24
Polyketide	filopodium [GO:0030175]	661.24
Polyketide	protein-containing complex [GO:0032991]	707.8
Polyketide	cytosol [GO:0005829]	707.8
Polyketide	nucleoplasm [GO:0005654]	707.8
Polyketide	membrane [GO:0016020]	707.8
Polyketide	plasma membrane [GO:0005886]	707.8
Polyketide	euchromatin [GO:0000791]	707.8
Polyketide	chromatin [GO:0000785]	707.8
Polyketide	transcription regulator complex [GO:0005667]	707.8
Polyketide	nucleus [GO:0005634]	707.8
Polyketide	cytoplasm [GO:0005737]	707.8
Polyketide	Golgi apparatus [GO:0005794]	707.8
Polyketide	sarcoplasmic reticulum membrane [GO:0033017]	939.7
Polyketide	cytoplasmic side of membrane [GO:0098562]	939.7
Polyketide	cytosol [GO:0005829]	939.7
Polyketide	Z disc [GO:0030018]	939.7
Polyketide	sarcoplasmic reticulum [GO:0016529]	939.7
Polyketide	terminal cisterna [GO:0014802]	939.7
Polyketide	membrane [GO:0016020]	939.7
Polyketide	ryanodine receptor complex [GO:1990425]	939.7
Polyketide	cytoplasm [GO:0005737]	939.7
Polyketide	protein-containing complex [GO:0032991]	553.58
Polyketide	cytosol [GO:0005829]	553.58
Polyketide	nucleoplasm [GO:0005654]	553.58
Polyketide	membrane [GO:0016020]	553.58
Polyketide	plasma membrane [GO:0005886]	553.58
Polyketide	euchromatin [GO:0000791]	553.58
Polyketide	chromatin [GO:0000785]	553.58
Polyketide	transcription regulator complex [GO:0005667]	553.58
Polyketide	nucleus [GO:0005634]	553.58
Polyketide	cytoplasm [GO:0005737]	553.58
Polyketide	Golgi apparatus [GO:0005794]	553.58
Polyketide	extracellular space [GO:0005615]	209.36
Polyketide	extracellular region [GO:0005576]	209.36
Polyketide	mitochondrial proton-transporting ATP synthase complex [GO:0005753]	407.24
Polyketide	cytosol [GO:0005829]	407.24
Polyketide	mitochondrial proton-transporting ATP synthase complex, coupling factor F(o) [GO:0000276]	407.24
Polyketide	mitochondrion [GO:0005739]	407.24
Polyketide	mitochondrial intermembrane space [GO:0005758]	407.24
Polyketide	mitochondrial inner membrane [GO:0005743]	407.24
Polyketide	sarcoplasmic reticulum membrane [GO:0033017]	996.0
Polyketide	cytoplasmic side of membrane [GO:0098562]	996.0
Polyketide	cytosol [GO:0005829]	996.0
Polyketide	Z disc [GO:0030018]	996.0
Polyketide	sarcoplasmic reticulum [GO:0016529]	996.0
Polyketide	terminal cisterna [GO:0014802]	996.0
Polyketide	membrane [GO:0016020]	996.0
Polyketide	ryanodine receptor complex [GO:1990425]	996.0
Polyketide	cytoplasm [GO:0005737]	996.0
Polyketide	cell body [GO:0044297]	582.89
Polyketide	actin filament [GO:0005884]	582.89
Polyketide	skeletal muscle myofibril [GO:0098723]	582.89
Polyketide	stress fiber [GO:0001725]	582.89
Polyketide	filamentous actin [GO:0031941]	582.89
Polyketide	actin filament bundle [GO:0032432]	582.89
Polyketide	lamellipodium [GO:0030027]	582.89
Polyketide	striated muscle thin filament [GO:0005865]	582.89
Polyketide	cytoplasm [GO:0005737]	582.89
Polyketide	filopodium [GO:0030175]	582.89
Polyketide	cell body [GO:0044297]	392.87
Polyketide	actin filament [GO:0005884]	392.87
Polyketide	skeletal muscle myofibril [GO:0098723]	392.87
Polyketide	stress fiber [GO:0001725]	392.87
Polyketide	filamentous actin [GO:0031941]	392.87
Polyketide	actin filament bundle [GO:0032432]	392.87
Polyketide	lamellipodium [GO:0030027]	392.87
Polyketide	striated muscle thin filament [GO:0005865]	392.87
Polyketide	cytoplasm [GO:0005737]	392.87
Polyketide	filopodium [GO:0030175]	392.87
Polyketide	endoplasmic reticulum lumen [GO:0005788]	1760.97
Polyketide	ER to Golgi transport vesicle membrane [GO:0012507]	1760.97
Polyketide	HFE-transferrin receptor complex [GO:1990712]	1760.97
Polyketide	extracellular exosome [GO:0070062]	1760.97
Polyketide	external side of plasma membrane [GO:0009897]	1760.97
Polyketide	cell surface [GO:0009986]	1760.97
Polyketide	phagocytic vesicle membrane [GO:0030670]	1760.97
Polyketide	early endosome membrane [GO:0031901]	1760.97
Polyketide	endosome membrane [GO:0010008]	1760.97
Polyketide	lysosome [GO:0005764]	1760.97
Polyketide	Golgi membrane [GO:0000139]	1760.97
Polyketide	extracellular space [GO:0005615]	1760.97
Polyketide	lysosomal membrane [GO:0005765]	1760.97
Polyketide	Golgi apparatus [GO:0005794]	1760.97
Polyketide	focal adhesion [GO:0005925]	1760.97
Polyketide	cytosol [GO:0005829]	1760.97
Polyketide	intracellular membrane-bounded organelle [GO:0043231]	1760.97
Polyketide	membrane [GO:0016020]	1760.97
Polyketide	specific granule lumen [GO:0035580]	1760.97
Polyketide	extracellular region [GO:0005576]	1760.97
Polyketide	endoplasmic reticulum [GO:0005783]	1760.97
Polyketide	early endosome lumen [GO:0031905]	1760.97
Polyketide	late endosome membrane [GO:0031902]	1760.97
Polyketide	MHC class I protein complex [GO:0042612]	1760.97
Polyketide	MHC class II protein complex [GO:0042613]	1760.97
Polyketide	MHC class I peptide loading complex [GO:0042824]	1760.97
Polyketide	tertiary granule lumen [GO:1904724]	1760.97
Polyketide	plasma membrane [GO:0005886]	1760.97
Polyketide	recycling endosome membrane [GO:0055038]	1760.97
Polyketide	Sin3-type complex [GO:0070822]	881.73
Polyketide	cytosol [GO:0005829]	881.73
Polyketide	plasma membrane [GO:0005886]	881.73
Polyketide	nucleoplasm [GO:0005654]	881.73
Polyketide	protein kinase CK2 complex [GO:0005956]	881.73
Polyketide	nucleus [GO:0005634]	881.73
Polyketide	PML body [GO:0016605]	881.73
Polyketide	histone deacetylase complex [GO:0000118]	458.08
Polyketide	cell body [GO:0044297]	1077.46
Polyketide	actin filament [GO:0005884]	1077.46
Polyketide	skeletal muscle myofibril [GO:0098723]	1077.46
Polyketide	stress fiber [GO:0001725]	1077.46
Polyketide	filamentous actin [GO:0031941]	1077.46
Polyketide	actin filament bundle [GO:0032432]	1077.46
Polyketide	lamellipodium [GO:0030027]	1077.46
Polyketide	striated muscle thin filament [GO:0005865]	1077.46
Polyketide	cytoplasm [GO:0005737]	1077.46
Polyketide	filopodium [GO:0030175]	1077.46
Polyketide	proton-transporting ATP synthase complex, catalytic core F(1) [GO:0045261]	244.96
Polyketide	plasma membrane [GO:0005886]	244.96
Polyketide	mitochondrial proton-transporting ATP synthase, catalytic core [GO:0005754]	244.96
Polyketide	mitochondrial proton-transporting ATP synthase complex [GO:0005753]	244.96
Polyketide	microtubule [GO:0005874]	792.77
Polyketide	cytoplasm [GO:0005737]	792.77
Polyketide	protein-containing complex [GO:0032991]	858.23
Polyketide	cytosol [GO:0005829]	858.23
Polyketide	nucleoplasm [GO:0005654]	858.23
Polyketide	membrane [GO:0016020]	858.23
Polyketide	plasma membrane [GO:0005886]	858.23
Polyketide	euchromatin [GO:0000791]	858.23
Polyketide	chromatin [GO:0000785]	858.23
Polyketide	transcription regulator complex [GO:0005667]	858.23
Polyketide	nucleus [GO:0005634]	858.23
Polyketide	cytoplasm [GO:0005737]	858.23
Polyketide	Golgi apparatus [GO:0005794]	858.23
Polyketide	collagen-containing extracellular matrix [GO:0062023]	214.98
Polyketide	lysosomal lumen [GO:0043202]	214.98
Polyketide	lysosome [GO:0005764]	214.98
Polyketide	tertiary granule lumen [GO:1904724]	214.98
Polyketide	ficolin-1-rich granule lumen [GO:1904813]	214.98
Polyketide	endolysosome lumen [GO:0036021]	214.98
Polyketide	intracellular membrane-bounded organelle [GO:0043231]	214.98
Polyketide	extracellular region [GO:0005576]	214.98
Polyketide	extracellular space [GO:0005615]	214.98
Polyketide	late endosome [GO:0005770]	214.98
Polyketide	phagocytic vesicle [GO:0045335]	214.98
Polyketide	cytoplasm [GO:0005737]	534.98
Polyketide	extracellular region [GO:0005576]	879.04
Polyketide	vacuolar proton-transporting V-type ATPase, V0 domain [GO:0000220]	263.36
Polyketide	synaptic vesicle membrane [GO:0030672]	263.36
Polyketide	clathrin-coated vesicle membrane [GO:0030665]	263.36
Polyketide	proton-transporting V-type ATPase complex [GO:0033176]	230.09
Polyketide	vacuolar proton-transporting V-type ATPase, V0 domain [GO:0000220]	230.09
Polyketide	Golgi membrane [GO:0000139]	230.09
Polyketide	fungal-type vacuole [GO:0000324]	230.09
Polyketide	membrane [GO:0016020]	230.09
Polyketide	cell periphery [GO:0071944]	230.09
Polyketide	vacuolar proton-transporting V-type ATPase complex [GO:0016471]	230.09
Polyketide	fungal-type vacuole membrane [GO:0000329]	230.09
Polyketide	cytosol [GO:0005829]	343.72
Polyketide	cytosolic large ribosomal subunit [GO:0022625]	343.72
Polyketide	intracellular membrane-bounded organelle [GO:0043231]	950.84
Polyketide	endoplasmic reticulum membrane [GO:0005789]	950.84
Polyketide	protein-containing complex [GO:0032991]	532.58
Polyketide	cytosol [GO:0005829]	532.58
Polyketide	nucleoplasm [GO:0005654]	532.58
Polyketide	membrane [GO:0016020]	532.58
Polyketide	plasma membrane [GO:0005886]	532.58
Polyketide	euchromatin [GO:0000791]	532.58
Polyketide	chromatin [GO:0000785]	532.58
Polyketide	transcription regulator complex [GO:0005667]	532.58
Polyketide	nucleus [GO:0005634]	532.58
Polyketide	cytoplasm [GO:0005737]	532.58
Polyketide	Golgi apparatus [GO:0005794]	532.58
Polyketide	protein-containing complex [GO:0032991]	698.89
Polyketide	cytosol [GO:0005829]	698.89
Polyketide	nucleoplasm [GO:0005654]	698.89
Polyketide	membrane [GO:0016020]	698.89
Polyketide	plasma membrane [GO:0005886]	698.89
Polyketide	euchromatin [GO:0000791]	698.89
Polyketide	chromatin [GO:0000785]	698.89
Polyketide	transcription regulator complex [GO:0005667]	698.89
Polyketide	nucleus [GO:0005634]	698.89
Polyketide	cytoplasm [GO:0005737]	698.89
Polyketide	Golgi apparatus [GO:0005794]	698.89
Polyketide	dendrite [GO:0030425]	378.61
Polyketide	chloride channel complex [GO:0034707]	378.61
Polyketide	neuron projection [GO:0043005]	378.61
Polyketide	plasma membrane [GO:0005886]	378.61
Polyketide	membrane [GO:0016020]	378.61
Polyketide	postsynaptic membrane [GO:0045211]	378.61
Polyketide	synapse [GO:0045202]	378.61
Polyketide	perikaryon [GO:0043204]	378.61
Polyketide	periplasmic space [GO:0042597]	760.36
Polyketide	secretory granule membrane [GO:0030667]	1800.1
Polyketide	clathrin-sculpted monoamine transport vesicle membrane [GO:0070083]	1800.1
Polyketide	terminal bouton [GO:0043195]	1800.1
Polyketide	synaptic vesicle membrane [GO:0030672]	1800.1
Polyketide	presynapse [GO:0098793]	1800.1
Polyketide	endoplasmic reticulum membrane [GO:0005789]	1800.1
Polyketide	protein-containing complex [GO:0032991]	929.47
Polyketide	endocytic vesicle membrane [GO:0030666]	929.47
Polyketide	cytosol [GO:0005829]	929.47
Polyketide	transcription repressor complex [GO:0017053]	929.47
Polyketide	nucleoplasm [GO:0005654]	929.47
Polyketide	plasma membrane [GO:0005886]	929.47
Polyketide	nucleus [GO:0005634]	929.47
Polyketide	cytoplasm [GO:0005737]	929.47
Polyketide	nucleolus [GO:0005730]	929.47
Polyketide	collagen-containing extracellular matrix [GO:0062023]	610.18
Polyketide	secretory granule lumen [GO:0034774]	610.18
Polyketide	azurophil granule lumen [GO:0035578]	610.18
Polyketide	extracellular exosome [GO:0070062]	610.18
Polyketide	blood microparticle [GO:0072562]	610.18
Polyketide	platelet alpha granule lumen [GO:0031093]	610.18
Polyketide	extracellular region [GO:0005576]	610.18
Polyketide	extracellular space [GO:0005615]	610.18
Polyketide	nucleus [GO:0005634]	610.18
Polyketide	extracellular space [GO:0005615]	571.22
Polyketide	membrane [GO:0016020]	571.22
Polyketide	food vacuole [GO:0020020]	571.22
Polyketide	protein-containing complex [GO:0032991]	503.67
Polyketide	cytosol [GO:0005829]	503.67
Polyketide	nucleoplasm [GO:0005654]	503.67
Polyketide	membrane [GO:0016020]	503.67
Polyketide	plasma membrane [GO:0005886]	503.67
Polyketide	euchromatin [GO:0000791]	503.67
Polyketide	chromatin [GO:0000785]	503.67
Polyketide	transcription regulator complex [GO:0005667]	503.67
Polyketide	nucleus [GO:0005634]	503.67
Polyketide	cytoplasm [GO:0005737]	503.67
Polyketide	Golgi apparatus [GO:0005794]	503.67
Polyketide	dendrite [GO:0030425]	825.52
Polyketide	PML body [GO:0016605]	825.52
Polyketide	nuclear envelope [GO:0005635]	825.52
Polyketide	lysosome [GO:0005764]	825.52
Polyketide	endomembrane system [GO:0012505]	825.52
Polyketide	mitochondrial outer membrane [GO:0005741]	825.52
Polyketide	cytosol [GO:0005829]	825.52
Polyketide	Golgi membrane [GO:0000139]	825.52
Polyketide	nucleoplasm [GO:0005654]	825.52
Polyketide	endoplasmic reticulum membrane [GO:0005789]	825.52
Polyketide	membrane [GO:0016020]	825.52
Polyketide	TORC1 complex [GO:0031931]	825.52
Polyketide	nucleus [GO:0005634]	825.52
Polyketide	TORC2 complex [GO:0031932]	825.52
Polyketide	lysosomal membrane [GO:0005765]	825.52
Polyketide	cytoplasm [GO:0005737]	825.52
Polyketide	phagocytic vesicle [GO:0045335]	825.52
Polyketide	nuclear chromosome [GO:0000228]	578.73
Polyketide	histone deacetylase complex [GO:0000118]	578.73
Polyketide	cytoplasm [GO:0005737]	578.73
Polyketide	nucleoplasm [GO:0005654]	578.73
Polyketide	nucleus [GO:0005634]	578.73
Polyketide	sarcoplasmic reticulum membrane [GO:0033017]	757.97
Polyketide	cytoplasmic side of membrane [GO:0098562]	757.97
Polyketide	cytosol [GO:0005829]	757.97
Polyketide	Z disc [GO:0030018]	757.97
Polyketide	sarcoplasmic reticulum [GO:0016529]	757.97
Polyketide	terminal cisterna [GO:0014802]	757.97
Polyketide	membrane [GO:0016020]	757.97
Polyketide	ryanodine receptor complex [GO:1990425]	757.97
Polyketide	cytoplasm [GO:0005737]	757.97
Polyketide	plasma membrane [GO:0005886]	1601.58
Polyketide	efflux pump complex [GO:1990281]	1679.21
Polyketide	outer membrane-bounded periplasmic space [GO:0030288]	1679.21
Polyketide	periplasmic side of plasma membrane [GO:0098567]	1679.21
Polyketide	plasma membrane [GO:0005886]	1679.21
Polyketide	membrane [GO:0016020]	1679.21
Polyketide	chromosome [GO:0005694]	1005.15
Polyketide	cytoplasm [GO:0005737]	1005.15
Polyketide	tertiary granule lumen [GO:1904724]	432.48
Polyketide	cytosol [GO:0005829]	432.48
Polyketide	ficolin-1-rich granule lumen [GO:1904813]	432.48
Polyketide	extracellular exosome [GO:0070062]	432.48
Polyketide	nucleoplasm [GO:0005654]	432.48
Polyketide	extracellular region [GO:0005576]	432.48
Polyketide	nucleus [GO:0005634]	432.48
Polyketide	extracellular region [GO:0005576]	245.71
Polyketide	extracellular exosome [GO:0070062]	245.71
Polyketide	azurophil granule lumen [GO:0035578]	245.71
Polyketide	extracellular space [GO:0005615]	245.71
Polyketide	cell body [GO:0044297]	721.44
Polyketide	actin filament [GO:0005884]	721.44
Polyketide	skeletal muscle myofibril [GO:0098723]	721.44
Polyketide	stress fiber [GO:0001725]	721.44
Polyketide	filamentous actin [GO:0031941]	721.44
Polyketide	actin filament bundle [GO:0032432]	721.44
Polyketide	lamellipodium [GO:0030027]	721.44
Polyketide	striated muscle thin filament [GO:0005865]	721.44
Polyketide	cytoplasm [GO:0005737]	721.44
Polyketide	filopodium [GO:0030175]	721.44
Polyketide	endoplasmic reticulum [GO:0005783]	410.58
Polyketide	endoplasmic reticulum membrane [GO:0005789]	410.58
Polyketide	Ire1 complex [GO:1990332]	410.58
Polyketide	nucleus [GO:0005634]	410.58
Polyketide	IRE1-TRAF2-ASK1 complex [GO:1990604]	410.58
Polyketide	extracellular region [GO:0005576]	185.59
Polyketide	extracellular exosome [GO:0070062]	185.59
Polyketide	azurophil granule lumen [GO:0035578]	185.59
Polyketide	extracellular space [GO:0005615]	185.59
Polyketide	extracellular space [GO:0005615]	297.71
Polyketide	azurophil granule lumen [GO:0035578]	297.71
Polyketide	extracellular region [GO:0005576]	297.71
Polyketide	extracellular exosome [GO:0070062]	297.71
Polyketide	mitochondrial proton-transporting ATP synthase complex [GO:0005753]	359.99
Polyketide	cytosol [GO:0005829]	359.99
Polyketide	mitochondrial proton-transporting ATP synthase complex, coupling factor F(o) [GO:0000276]	359.99
Polyketide	mitochondrion [GO:0005739]	359.99
Polyketide	mitochondrial intermembrane space [GO:0005758]	359.99
Polyketide	mitochondrial inner membrane [GO:0005743]	359.99
Polyketide	cytosol [GO:0005829]	639.57
Polyketide	Z disc [GO:0030018]	639.57
Polyketide	calcineurin complex [GO:0005955]	639.57
Polyketide	dendritic spine [GO:0043197]	639.57
Polyketide	sarcolemma [GO:0042383]	639.57
Polyketide	cytoplasm [GO:0005737]	639.57
Polyketide	membrane [GO:0016020]	313.2
Polyketide	host cell nucleus [GO:0042025]	1298.47
Polyketide	protein-containing complex [GO:0032991]	1298.47
Polyketide	host cell plasma membrane [GO:0020002]	1298.47
Polyketide	host cell lipid droplet [GO:0044186]	1298.47
Polyketide	viral envelope [GO:0019031]	1298.47
Polyketide	host cell endoplasmic reticulum membrane [GO:0044167]	1298.47
Polyketide	host cell mitochondrial membrane [GO:0044191]	1298.47
Polyketide	ribonucleoprotein complex [GO:1990904]	1298.47
Polyketide	membrane [GO:0016020]	1298.47
Polyketide	viral nucleocapsid [GO:0019013]	1298.47
Polyketide	virion membrane [GO:0055036]	1298.47
Polyketide	host cell perinuclear region of cytoplasm [GO:0044220]	1298.47
Polyketide	periplasmic space [GO:0042597]	707.23
Polyketide	nuclear periphery [GO:0034399]	0.0
Polyketide	main axon [GO:0044304]	0.0
Polyketide	neurofibrillary tangle [GO:0097418]	0.0
Polyketide	neuron projection [GO:0043005]	0.0
Polyketide	somatodendritic compartment [GO:0036477]	0.0
Polyketide	microtubule [GO:0005874]	0.0
Polyketide	cytoplasm [GO:0005737]	0.0
Polyketide	neuronal cell body [GO:0043025]	0.0
Polyketide	cell body [GO:0044297]	0.0
Polyketide	nuclear speck [GO:0016607]	0.0
Polyketide	growth cone [GO:0030426]	0.0
Polyketide	membrane raft [GO:0045121]	0.0
Polyketide	dendrite [GO:0030425]	0.0
Polyketide	tubulin complex [GO:0045298]	0.0
Polyketide	microtubule cytoskeleton [GO:0015630]	0.0
Polyketide	cytosol [GO:0005829]	0.0
Polyketide	axolemma [GO:0030673]	0.0
Polyketide	glial cell projection [GO:0097386]	0.0
Polyketide	dendritic spine [GO:0043197]	0.0
Polyketide	extracellular region [GO:0005576]	0.0
Polyketide	cytoplasmic ribonucleoprotein granule [GO:0036464]	0.0
Polyketide	nucleus [GO:0005634]	0.0
Polyketide	axon cytoplasm [GO:1904115]	0.0
Polyketide	plasma membrane [GO:0005886]	0.0
Polyketide	mitochondrion [GO:0005739]	0.0
Polyketide	axon [GO:0030424]	0.0
Polyketide	collagen-containing extracellular matrix [GO:0062023]	132.79
Polyketide	secretory granule lumen [GO:0034774]	132.79
Polyketide	azurophil granule lumen [GO:0035578]	132.79
Polyketide	extracellular exosome [GO:0070062]	132.79
Polyketide	blood microparticle [GO:0072562]	132.79
Polyketide	platelet alpha granule lumen [GO:0031093]	132.79
Polyketide	extracellular region [GO:0005576]	132.79
Polyketide	extracellular space [GO:0005615]	132.79
Polyketide	nucleus [GO:0005634]	132.79
Polyketide	nucleoplasm [GO:0005654]	694.55
Polyketide	mitochondrial respiratory chain complex I [GO:0005747]	694.55
Polyketide	extracellular region [GO:0005576]	1621.38
Polyketide	extracellular region [GO:0005576]	383.0
Polyketide	extracellular exosome [GO:0070062]	383.0
Polyketide	azurophil granule lumen [GO:0035578]	383.0
Polyketide	extracellular space [GO:0005615]	383.0
Polyketide	peroxisomal matrix [GO:0005782]	1233.0
Polyketide	peroxisome [GO:0005777]	1233.0
Polyketide	cytosol [GO:0005829]	1233.0
Polyketide	extracellular exosome [GO:0070062]	1233.0
Polyketide	nucleus [GO:0005634]	382.87
Polyketide	nucleolus [GO:0005730]	382.87
Polyketide	dendrite [GO:0030425]	833.5
Polyketide	PML body [GO:0016605]	833.5
Polyketide	nuclear envelope [GO:0005635]	833.5
Polyketide	lysosome [GO:0005764]	833.5
Polyketide	endomembrane system [GO:0012505]	833.5
Polyketide	mitochondrial outer membrane [GO:0005741]	833.5
Polyketide	cytosol [GO:0005829]	833.5
Polyketide	Golgi membrane [GO:0000139]	833.5
Polyketide	nucleoplasm [GO:0005654]	833.5
Polyketide	endoplasmic reticulum membrane [GO:0005789]	833.5
Polyketide	membrane [GO:0016020]	833.5
Polyketide	TORC1 complex [GO:0031931]	833.5
Polyketide	nucleus [GO:0005634]	833.5
Polyketide	TORC2 complex [GO:0031932]	833.5
Polyketide	lysosomal membrane [GO:0005765]	833.5
Polyketide	cytoplasm [GO:0005737]	833.5
Polyketide	phagocytic vesicle [GO:0045335]	833.5
Polyketide	extracellular space [GO:0005615]	446.95
Polyketide	azurophil granule lumen [GO:0035578]	446.95
Polyketide	extracellular region [GO:0005576]	446.95
Polyketide	extracellular exosome [GO:0070062]	446.95
Polyketide	heterochromatin [GO:0000792]	238.38
Polyketide	perinuclear region of cytoplasm [GO:0048471]	238.38
Polyketide	dense fibrillar component [GO:0001651]	238.38
Polyketide	receptor complex [GO:0043235]	238.38
Polyketide	euchromatin [GO:0000791]	238.38
Polyketide	nuclear matrix [GO:0016363]	238.38
Polyketide	RNA polymerase II transcription regulator complex [GO:0090575]	238.38
Polyketide	T-tubule [GO:0030315]	238.38
Polyketide	nucleus [GO:0005634]	238.38
Polyketide	node of Ranvier [GO:0033268]	559.97
Polyketide	synapse [GO:0045202]	559.97
Polyketide	plasma membrane [GO:0005886]	559.97
Polyketide	axon initial segment [GO:0043194]	559.97
Polyketide	voltage-gated potassium channel complex [GO:0008076]	559.97
Polyketide	endoplasmic reticulum lumen [GO:0005788]	938.66
Polyketide	endosome [GO:0005768]	938.66
Polyketide	Golgi-associated vesicle lumen [GO:0070931]	938.66
Polyketide	cell surface [GO:0009986]	938.66
Polyketide	neuronal cell body [GO:0043025]	938.66
Polyketide	recycling endosome [GO:0055037]	938.66
Polyketide	trans-Golgi network [GO:0005802]	938.66
Polyketide	endosome membrane [GO:0010008]	938.66
Polyketide	synaptic vesicle [GO:0008021]	938.66
Polyketide	lysosome [GO:0005764]	938.66
Polyketide	membrane raft [GO:0045121]	938.66
Polyketide	Golgi apparatus [GO:0005794]	938.66
Polyketide	dendrite [GO:0030425]	938.66
Polyketide	early endosome [GO:0005769]	938.66
Polyketide	membrane [GO:0016020]	938.66
Polyketide	multivesicular body [GO:0005771]	938.66
Polyketide	plasma membrane [GO:0005886]	938.66
Polyketide	hippocampal mossy fiber to CA3 synapse [GO:0098686]	938.66
Polyketide	axon [GO:0030424]	938.66
Polyketide	late endosome [GO:0005770]	938.66
Polyketide	node of Ranvier [GO:0033268]	458.94
Polyketide	synapse [GO:0045202]	458.94
Polyketide	plasma membrane [GO:0005886]	458.94
Polyketide	axon initial segment [GO:0043194]	458.94
Polyketide	voltage-gated potassium channel complex [GO:0008076]	458.94
Polyketide	dendritic shaft [GO:0043198]	670.63
Polyketide	neuron projection [GO:0043005]	670.63
Polyketide	postsynaptic density [GO:0014069]	670.63
Polyketide	somatodendritic compartment [GO:0036477]	670.63
Polyketide	dendrite membrane [GO:0032590]	670.63
Polyketide	endoplasmic reticulum membrane [GO:0005789]	670.63
Polyketide	cell surface [GO:0009986]	670.63
Polyketide	presynaptic active zone membrane [GO:0048787]	670.63
Polyketide	neuronal cell body [GO:0043025]	670.63
Polyketide	dendrite cytoplasm [GO:0032839]	670.63
Polyketide	spine synapse [GO:0106033]	670.63
Polyketide	synaptic vesicle [GO:0008021]	670.63
Polyketide	Schaffer collateral - CA1 synapse [GO:0098685]	670.63
Polyketide	presynapse [GO:0098793]	670.63
Polyketide	growth cone [GO:0030426]	670.63
Polyketide	perikaryon [GO:0043204]	670.63
Polyketide	AMPA glutamate receptor complex [GO:0032281]	670.63
Polyketide	asymmetric synapse [GO:0032279]	670.63
Polyketide	dendrite [GO:0030425]	670.63
Polyketide	protein-containing complex [GO:0032991]	670.63
Polyketide	ionotropic glutamate receptor complex [GO:0008328]	670.63
Polyketide	dendritic spine head [GO:0044327]	670.63
Polyketide	dendritic spine neck [GO:0044326]	670.63
Polyketide	glutamatergic synapse [GO:0098978]	670.63
Polyketide	membrane [GO:0016020]	670.63
Polyketide	dendritic spine [GO:0043197]	670.63
Polyketide	perisynaptic space [GO:0099544]	670.63
Polyketide	endoplasmic reticulum [GO:0005783]	670.63
Polyketide	plasma membrane [GO:0005886]	670.63
Polyketide	postsynaptic membrane [GO:0045211]	670.63
Polyketide	synapse [GO:0045202]	670.63
Polyketide	terminal bouton [GO:0043195]	670.63
Polyketide	presynaptic membrane [GO:0042734]	670.63
Polyketide	postsynaptic density membrane [GO:0098839]	670.63
Polyketide	synaptic vesicle membrane [GO:0030672]	670.63
Polyketide	axon [GO:0030424]	670.63
Polyketide	synaptic membrane [GO:0097060]	670.63
Polyketide	node of Ranvier [GO:0033268]	175.66
Polyketide	synapse [GO:0045202]	175.66
Polyketide	plasma membrane [GO:0005886]	175.66
Polyketide	axon initial segment [GO:0043194]	175.66
Polyketide	voltage-gated potassium channel complex [GO:0008076]	175.66
Polyketide	microtubule [GO:0005874]	178.92
Polyketide	cytoplasm [GO:0005737]	178.92
Polyketide	microtubule cytoskeleton [GO:0015630]	178.92
Polyketide	node of Ranvier [GO:0033268]	326.02
Polyketide	synapse [GO:0045202]	326.02
Polyketide	plasma membrane [GO:0005886]	326.02
Polyketide	axon initial segment [GO:0043194]	326.02
Polyketide	voltage-gated potassium channel complex [GO:0008076]	326.02
Polyketide	mitochondrial proton-transporting ATP synthase complex [GO:0005753]	286.25
Polyketide	cytosol [GO:0005829]	286.25
Polyketide	mitochondrial proton-transporting ATP synthase complex, coupling factor F(o) [GO:0000276]	286.25
Polyketide	mitochondrion [GO:0005739]	286.25
Polyketide	mitochondrial intermembrane space [GO:0005758]	286.25
Polyketide	mitochondrial inner membrane [GO:0005743]	286.25
Polyketide	myelin sheath [GO:0043209]	649.21
Polyketide	cytosol [GO:0005829]	649.21
Polyketide	apical part of cell [GO:0045177]	649.21
Polyketide	extracellular exosome [GO:0070062]	649.21
Polyketide	plasma membrane [GO:0005886]	649.21
Polyketide	cytoplasm [GO:0005737]	649.21
Polyketide	microtubule [GO:0005874]	1391.97
Polyketide	cytoplasm [GO:0005737]	1391.97
Polyketide	microtubule cytoskeleton [GO:0015630]	1391.97
Polyketide	postsynaptic density [GO:0014069]	852.34
Polyketide	glutamatergic synapse [GO:0098978]	852.34
Polyketide	plasma membrane [GO:0005886]	852.34
Polyketide	DAPK1-calmodulin complex [GO:1990722]	852.34
Polyketide	actin cytoskeleton [GO:0015629]	852.34
Polyketide	nucleus [GO:0005634]	852.34
Polyketide	cytoplasm [GO:0005737]	852.34
Polyketide	chromosome [GO:0005694]	1217.03
Polyketide	cytoplasm [GO:0005737]	1217.03
Polyketide	cell body [GO:0044297]	782.8
Polyketide	actin filament [GO:0005884]	782.8
Polyketide	skeletal muscle myofibril [GO:0098723]	782.8
Polyketide	stress fiber [GO:0001725]	782.8
Polyketide	filamentous actin [GO:0031941]	782.8
Polyketide	actin filament bundle [GO:0032432]	782.8
Polyketide	lamellipodium [GO:0030027]	782.8
Polyketide	striated muscle thin filament [GO:0005865]	782.8
Polyketide	cytoplasm [GO:0005737]	782.8
Polyketide	filopodium [GO:0030175]	782.8
Polyketide	nuclear envelope [GO:0005635]	577.87
Polyketide	perinuclear region of cytoplasm [GO:0048471]	577.87
Polyketide	cytosol [GO:0005829]	577.87
Polyketide	pericentriolar material [GO:0000242]	577.87
Polyketide	Golgi membrane [GO:0000139]	577.87
Polyketide	chromosome, telomeric region [GO:0000781]	577.87
Polyketide	nucleus [GO:0005634]	577.87
Polyketide	cytoplasm [GO:0005737]	577.87
Polyketide	mitochondrial matrix [GO:0005759]	497.14
Polyketide	mitochondrion [GO:0005739]	497.14
Polyketide	extracellular exosome [GO:0070062]	497.14
Polyketide	DNA-directed RNA polymerase complex [GO:0000428]	1269.98
Polyketide	nuclear envelope [GO:0005635]	648.92
Polyketide	perinuclear region of cytoplasm [GO:0048471]	648.92
Polyketide	cytosol [GO:0005829]	648.92
Polyketide	pericentriolar material [GO:0000242]	648.92
Polyketide	Golgi membrane [GO:0000139]	648.92
Polyketide	chromosome, telomeric region [GO:0000781]	648.92
Polyketide	nucleus [GO:0005634]	648.92
Polyketide	cytoplasm [GO:0005737]	648.92
Polyketide	membrane [GO:0016020]	683.36
Polyketide	receptor complex [GO:0043235]	683.36
Polyketide	membrane [GO:0016020]	279.46
Polyketide	sarcoplasmic reticulum membrane [GO:0033017]	1447.32
Polyketide	postsynaptic density [GO:0014069]	1447.32
Polyketide	Z disc [GO:0030018]	1447.32
Polyketide	T-tubule [GO:0030315]	1447.32
Polyketide	secretory granule [GO:0030141]	1447.32
Polyketide	sarcolemma [GO:0042383]	1447.32
Polyketide	cytoplasm [GO:0005737]	1447.32
Polyketide	calyx of Held [GO:0044305]	1447.32
Polyketide	azurophil granule [GO:0042582]	1447.32
Polyketide	nuclear membrane [GO:0031965]	1447.32
Polyketide	membrane raft [GO:0045121]	1447.32
Polyketide	postsynaptic specialization, intracellular component [GO:0099091]	1447.32
Polyketide	postsynaptic density, intracellular component [GO:0099092]	1447.32
Polyketide	dendrite [GO:0030425]	1447.32
Polyketide	protein-containing complex [GO:0032991]	1447.32
Polyketide	perinuclear region of cytoplasm [GO:0048471]	1447.32
Polyketide	cytosol [GO:0005829]	1447.32
Polyketide	sarcoplasmic reticulum [GO:0016529]	1447.32
Polyketide	glutamatergic synapse [GO:0098978]	1447.32
Polyketide	dendritic spine [GO:0043197]	1447.32
Polyketide	cell periphery [GO:0071944]	1447.32
Polyketide	nucleus [GO:0005634]	1447.32
Polyketide	mitochondrial outer membrane [GO:0005741]	1447.32
Polyketide	plasma membrane [GO:0005886]	1447.32
Polyketide	synapse [GO:0045202]	1447.32
Polyketide	mitochondrion [GO:0005739]	1447.32
Polyketide	photoreceptor inner segment [GO:0001917]	1447.32
Polyketide	cytoskeleton [GO:0005856]	1447.32
Polyketide	nucleoplasm [GO:0005654]	337.03
Polyketide	cytosol [GO:0005829]	337.03
Polyketide	extracellular exosome [GO:0070062]	337.03
Polyketide	extracellular exosome [GO:0070062]	1515.0
Polyketide	nucleus [GO:0005634]	1515.0
Polyketide	cytoplasm [GO:0005737]	1515.0
Polyketide	cytosol [GO:0005829]	1515.0
Polyketide	nucleoplasm [GO:0005654]	857.79
Polyketide	nucleus [GO:0005634]	857.79
Polyketide	cytoplasm [GO:0005737]	857.79
Polyketide	nucleolus [GO:0005730]	857.79
Polyketide	nucleoid [GO:0009295]	171.98
Polyketide	protein-containing complex [GO:0032991]	734.98
Polyketide	endocytic vesicle membrane [GO:0030666]	734.98
Polyketide	cytosol [GO:0005829]	734.98
Polyketide	transcription repressor complex [GO:0017053]	734.98
Polyketide	nucleoplasm [GO:0005654]	734.98
Polyketide	plasma membrane [GO:0005886]	734.98
Polyketide	nucleus [GO:0005634]	734.98
Polyketide	cytoplasm [GO:0005737]	734.98
Polyketide	nucleolus [GO:0005730]	734.98
Polyketide	cell body [GO:0044297]	880.47
Polyketide	actin filament [GO:0005884]	880.47
Polyketide	skeletal muscle myofibril [GO:0098723]	880.47
Polyketide	stress fiber [GO:0001725]	880.47
Polyketide	filamentous actin [GO:0031941]	880.47
Polyketide	actin filament bundle [GO:0032432]	880.47
Polyketide	lamellipodium [GO:0030027]	880.47
Polyketide	striated muscle thin filament [GO:0005865]	880.47
Polyketide	cytoplasm [GO:0005737]	880.47
Polyketide	filopodium [GO:0030175]	880.47
Polyketide	cytoplasm [GO:0005737]	337.67
Polyketide	basal plasma membrane [GO:0009925]	698.22
Polyketide	centrosome [GO:0005813]	698.22
Polyketide	basolateral plasma membrane [GO:0016323]	698.22
Polyketide	apical plasma membrane [GO:0016324]	698.22
Polyketide	extracellular exosome [GO:0070062]	698.22
Polyketide	intracellular membrane-bounded organelle [GO:0043231]	698.22
Polyketide	plasma membrane [GO:0005886]	698.22
Polyketide	membrane [GO:0016020]	698.22
Polyketide	synapse [GO:0045202]	698.22
Polyketide	lateral plasma membrane [GO:0016328]	698.22
Polyketide	cell junction [GO:0030054]	698.22
Polyketide	chromosome [GO:0005694]	760.42
Polyketide	condensed nuclear chromosome [GO:0000794]	760.42
Polyketide	nucleus [GO:0005634]	760.42
Polyketide	nucleoplasm [GO:0005654]	760.42
Polyketide	endocytic vesicle [GO:0030139]	506.27
Polyketide	focal adhesion [GO:0005925]	506.27
Polyketide	intercellular canaliculus [GO:0046581]	506.27
Polyketide	apical plasma membrane [GO:0016324]	506.27
Polyketide	lamellipodium membrane [GO:0031258]	506.27
Polyketide	lamellipodium [GO:0030027]	506.27
Polyketide	extracellular exosome [GO:0070062]	506.27
Polyketide	plasma membrane [GO:0005886]	506.27
Polyketide	membrane [GO:0016020]	506.27
Polyketide	extracellular region [GO:0005576]	506.27
Polyketide	membrane raft [GO:0045121]	506.27
Polyketide	lysosomal membrane [GO:0005765]	506.27
Polyketide	cell surface [GO:0009986]	506.27
Polyketide	periplasmic space [GO:0042597]	741.22
Polyketide	vesicle [GO:0031982]	190.77
Polyketide	cytoplasm [GO:0005737]	190.77
Polyketide	secretory granule lumen [GO:0034774]	190.77
Polyketide	cytosol [GO:0005829]	190.77
Polyketide	ficolin-1-rich granule lumen [GO:1904813]	190.77
Polyketide	extracellular exosome [GO:0070062]	190.77
Polyketide	nucleoplasm [GO:0005654]	190.77
Polyketide	plasma membrane [GO:0005886]	190.77
Polyketide	extracellular region [GO:0005576]	190.77
Polyketide	extracellular space [GO:0005615]	190.77
Polyketide	cell surface [GO:0009986]	190.77
Polyketide	plasma membrane [GO:0005886]	2450.23
Polyketide	cytosol [GO:0005829]	118.83
Polyketide	extracellular exosome [GO:0070062]	118.83
Polyketide	cellular anatomical entity [GO:0110165]	596.21
Polyketide	microtubule [GO:0005874]	1000.54
Polyketide	cytoplasm [GO:0005737]	1000.54
Polyketide	host cell endoplasmic reticulum-Golgi intermediate compartment [GO:0044172]	603.43
Polyketide	double membrane vesicle viral factory outer membrane [GO:0062243]	603.43
Polyketide	host cell perinuclear region of cytoplasm [GO:0044220]	603.43
Polyketide	host cell endosome [GO:0044174]	603.43
Polyketide	host cell nucleus [GO:0042025]	603.43
Polyketide	membrane [GO:0016020]	603.43
Polyketide	host cell endoplasmic reticulum membrane [GO:0044167]	603.43
Polyketide	host cell Golgi apparatus [GO:0044177]	603.43
Polyketide	nucleus [GO:0005634]	560.38
Polyketide	cytosol [GO:0005829]	560.38
Polyketide	protein kinase CK2 complex [GO:0005956]	560.38
Polyketide	protein-containing complex [GO:0032991]	589.71
Polyketide	endocytic vesicle membrane [GO:0030666]	589.71
Polyketide	cytosol [GO:0005829]	589.71
Polyketide	transcription repressor complex [GO:0017053]	589.71
Polyketide	nucleoplasm [GO:0005654]	589.71
Polyketide	plasma membrane [GO:0005886]	589.71
Polyketide	nucleus [GO:0005634]	589.71
Polyketide	cytoplasm [GO:0005737]	589.71
Polyketide	nucleolus [GO:0005730]	589.71
Polyketide	nucleoplasm [GO:0005654]	705.07
Polyketide	mitochondrial respiratory chain complex I [GO:0005747]	705.07
Polyketide	protein-containing complex [GO:0032991]	814.14
Polyketide	cytosol [GO:0005829]	814.14
Polyketide	nucleoplasm [GO:0005654]	814.14
Polyketide	membrane [GO:0016020]	814.14
Polyketide	plasma membrane [GO:0005886]	814.14
Polyketide	euchromatin [GO:0000791]	814.14
Polyketide	chromatin [GO:0000785]	814.14
Polyketide	transcription regulator complex [GO:0005667]	814.14
Polyketide	nucleus [GO:0005634]	814.14
Polyketide	cytoplasm [GO:0005737]	814.14
Polyketide	Golgi apparatus [GO:0005794]	814.14
Polyketide	extracellular space [GO:0005615]	263.92
Polyketide	azurophil granule lumen [GO:0035578]	263.92
Polyketide	extracellular region [GO:0005576]	263.92
Polyketide	extracellular exosome [GO:0070062]	263.92
Polyketide	nuclear envelope [GO:0005635]	614.67
Polyketide	perinuclear region of cytoplasm [GO:0048471]	614.67
Polyketide	cytosol [GO:0005829]	614.67
Polyketide	pericentriolar material [GO:0000242]	614.67
Polyketide	Golgi membrane [GO:0000139]	614.67
Polyketide	chromosome, telomeric region [GO:0000781]	614.67
Polyketide	nucleus [GO:0005634]	614.67
Polyketide	cytoplasm [GO:0005737]	614.67
Polyketide	chloride channel complex [GO:0034707]	587.63
Polyketide	postsynaptic membrane [GO:0045211]	587.63
Polyketide	perikaryon [GO:0043204]	587.63
Polyketide	membrane [GO:0016020]	587.63
Polyketide	plasma membrane [GO:0005886]	587.63
Polyketide	dendrite [GO:0030425]	587.63
Polyketide	neuron projection [GO:0043005]	587.63
Polyketide	synapse [GO:0045202]	587.63
Polyketide	extracellular space [GO:0005615]	445.99
Polyketide	azurophil granule lumen [GO:0035578]	445.99
Polyketide	extracellular region [GO:0005576]	445.99
Polyketide	extracellular exosome [GO:0070062]	445.99
Polyketide	lysosomal lumen [GO:0043202]	146.73
Polyketide	basolateral plasma membrane [GO:0016323]	146.73
Polyketide	secretory granule lumen [GO:0034774]	146.73
Polyketide	extracellular exosome [GO:0070062]	146.73
Polyketide	nucleoplasm [GO:0005654]	146.73
Polyketide	brush border membrane [GO:0031526]	146.73
Polyketide	cytoplasm [GO:0005737]	146.73
Polyketide	cell surface [GO:0009986]	146.73
Polyketide	neuronal cell body [GO:0043025]	146.73
Polyketide	endocytic vesicle lumen [GO:0071682]	146.73
Polyketide	melanosome [GO:0042470]	146.73
Polyketide	protein-containing complex [GO:0032991]	146.73
Polyketide	axonal growth cone [GO:0044295]	146.73
Polyketide	perinuclear region of cytoplasm [GO:0048471]	146.73
Polyketide	cytosol [GO:0005829]	146.73
Polyketide	sperm mitochondrial sheath [GO:0097226]	146.73
Polyketide	membrane [GO:0016020]	146.73
Polyketide	extracellular region [GO:0005576]	146.73
Polyketide	nucleus [GO:0005634]	146.73
Polyketide	sperm plasma membrane [GO:0097524]	146.73
Polyketide	collagen-containing extracellular matrix [GO:0062023]	146.73
Polyketide	myelin sheath [GO:0043209]	146.73
Polyketide	apical plasma membrane [GO:0016324]	146.73
Polyketide	ficolin-1-rich granule lumen [GO:1904813]	146.73
Polyketide	dendritic growth cone [GO:0044294]	146.73
Polyketide	plasma membrane [GO:0005886]	146.73
Polyketide	mitochondrion [GO:0005739]	146.73
Polyketide	cytoplasm [GO:0005737]	218.74
Polyketide	cytosol [GO:0005829]	707.03
Polyketide	nucleoplasm [GO:0005654]	707.03
Polyketide	plasma membrane [GO:0005886]	707.03
Polyketide	nucleus [GO:0005634]	707.03
Polyketide	cytoplasm [GO:0005737]	707.03
Polyketide	nucleolus [GO:0005730]	707.03
Polyketide	protein kinase CK2 complex [GO:0005956]	570.9
Polyketide	cytosol [GO:0005829]	570.9
Polyketide	nucleoplasm [GO:0005654]	570.9
Polyketide	chromatin [GO:0000785]	570.9
Polyketide	nucleus [GO:0005634]	570.9
Polyketide	acrosomal vesicle [GO:0001669]	570.9
Polyketide	cytosol [GO:0005829]	1231.15
Polyketide	cytosolic DNA-directed RNA polymerase complex [GO:0000345]	1231.15
Polyketide	membrane [GO:0016020]	1231.15
Polyketide	cytoplasm [GO:0005737]	1231.15
Polyketide	transcription elongation factor complex [GO:0008023]	1231.15
Polyketide	periplasmic space [GO:0042597]	669.93
Polyketide	dendrite [GO:0030425]	929.16
Polyketide	PML body [GO:0016605]	929.16
Polyketide	nuclear envelope [GO:0005635]	929.16
Polyketide	lysosome [GO:0005764]	929.16
Polyketide	endomembrane system [GO:0012505]	929.16
Polyketide	mitochondrial outer membrane [GO:0005741]	929.16
Polyketide	cytosol [GO:0005829]	929.16
Polyketide	Golgi membrane [GO:0000139]	929.16
Polyketide	nucleoplasm [GO:0005654]	929.16
Polyketide	endoplasmic reticulum membrane [GO:0005789]	929.16
Polyketide	membrane [GO:0016020]	929.16
Polyketide	TORC1 complex [GO:0031931]	929.16
Polyketide	nucleus [GO:0005634]	929.16
Polyketide	TORC2 complex [GO:0031932]	929.16
Polyketide	lysosomal membrane [GO:0005765]	929.16
Polyketide	cytoplasm [GO:0005737]	929.16
Polyketide	phagocytic vesicle [GO:0045335]	929.16
Polyketide	node of Ranvier [GO:0033268]	264.24
Polyketide	synapse [GO:0045202]	264.24
Polyketide	plasma membrane [GO:0005886]	264.24
Polyketide	axon initial segment [GO:0043194]	264.24
Polyketide	voltage-gated potassium channel complex [GO:0008076]	264.24
Polyketide	plasma membrane [GO:0005886]	689.68
Polyketide	collagen-containing extracellular matrix [GO:0062023]	207.35
Polyketide	secretory granule lumen [GO:0034774]	207.35
Polyketide	azurophil granule lumen [GO:0035578]	207.35
Polyketide	extracellular exosome [GO:0070062]	207.35
Polyketide	blood microparticle [GO:0072562]	207.35
Polyketide	platelet alpha granule lumen [GO:0031093]	207.35
Polyketide	extracellular region [GO:0005576]	207.35
Polyketide	extracellular space [GO:0005615]	207.35
Polyketide	nucleus [GO:0005634]	207.35
Polyketide	postsynaptic density [GO:0014069]	545.7
Polyketide	glutamatergic synapse [GO:0098978]	545.7
Polyketide	plasma membrane [GO:0005886]	545.7
Polyketide	DAPK1-calmodulin complex [GO:1990722]	545.7
Polyketide	actin cytoskeleton [GO:0015629]	545.7
Polyketide	nucleus [GO:0005634]	545.7
Polyketide	cytoplasm [GO:0005737]	545.7
Polyketide	endosome [GO:0005768]	598.8
Polyketide	cyclin E2-CDK2 complex [GO:0097135]	598.8
Polyketide	cyclin E1-CDK2 complex [GO:0097134]	598.8
Polyketide	Cajal body [GO:0015030]	598.8
Polyketide	nucleoplasm [GO:0005654]	598.8
Polyketide	male germ cell nucleus [GO:0001673]	598.8
Polyketide	cytoplasm [GO:0005737]	598.8
Polyketide	centrosome [GO:0005813]	598.8
Polyketide	condensed chromosome [GO:0000793]	598.8
Polyketide	cyclin A1-CDK2 complex [GO:0097123]	598.8
Polyketide	cyclin A2-CDK2 complex [GO:0097124]	598.8
Polyketide	cytosol [GO:0005829]	598.8
Polyketide	X chromosome [GO:0000805]	598.8
Polyketide	chromosome, telomeric region [GO:0000781]	598.8
Polyketide	nucleus [GO:0005634]	598.8
Polyketide	Y chromosome [GO:0000806]	598.8
Polyketide	nuclear envelope [GO:0005635]	598.8
Polyketide	cyclin-dependent protein kinase holoenzyme complex [GO:0000307]	598.8
Polyketide	transcription regulator complex [GO:0005667]	598.8
Polyketide	chloroplast stroma [GO:0009570]	425.7
Polyketide	endoplasmic reticulum [GO:0005783]	425.7
Polyketide	chloroplast [GO:0009507]	425.7
Polyketide	cytosol [GO:0005829]	425.7
Polyketide	intracellular membrane-bounded organelle [GO:0043231]	425.7
Polyketide	plasma membrane [GO:0005886]	425.7
Polyketide	apoplast [GO:0048046]	425.7
Polyketide	plasmodesma [GO:0009506]	425.7
Polyketide	plant-type vacuole [GO:0000325]	425.7
Polyketide	cytoplasm [GO:0005737]	1015.22
Polyketide	chloroplast stroma [GO:0009570]	626.04
Polyketide	endoplasmic reticulum [GO:0005783]	626.04
Polyketide	chloroplast [GO:0009507]	626.04
Polyketide	cytosol [GO:0005829]	626.04
Polyketide	intracellular membrane-bounded organelle [GO:0043231]	626.04
Polyketide	plasma membrane [GO:0005886]	626.04
Polyketide	apoplast [GO:0048046]	626.04
Polyketide	plasmodesma [GO:0009506]	626.04
Polyketide	plant-type vacuole [GO:0000325]	626.04
Polyketide	T-tubule [GO:0030315]	1289.8
Polyketide	external side of plasma membrane [GO:0009897]	1289.8
Polyketide	clathrin-coated pit [GO:0005905]	1289.8
Polyketide	membrane [GO:0016020]	1289.8
Polyketide	extracellular exosome [GO:0070062]	1289.8
Polyketide	cytosol [GO:0005829]	1289.8
Polyketide	sarcolemma [GO:0042383]	1289.8
Polyketide	vesicle membrane [GO:0012506]	1289.8
Polyketide	trans-Golgi network [GO:0005802]	1289.8
Polyketide	perinuclear region of cytoplasm [GO:0048471]	1289.8
Polyketide	sarcoplasmic reticulum [GO:0016529]	1289.8
Polyketide	insulin-responsive compartment [GO:0032593]	1289.8
Polyketide	endomembrane system [GO:0012505]	1289.8
Polyketide	clathrin-coated vesicle [GO:0030136]	1289.8
Polyketide	plasma membrane [GO:0005886]	1289.8
Polyketide	membrane raft [GO:0045121]	1289.8
Polyketide	presynapse [GO:0098793]	1289.8
Polyketide	multivesicular body [GO:0005771]	1289.8
Polyketide	cytoplasmic vesicle membrane [GO:0030659]	1289.8
Polyketide	trans-Golgi network transport vesicle [GO:0030140]	1289.8
Polyketide	protein-containing complex [GO:0032991]	692.65
Polyketide	cytosol [GO:0005829]	692.65
Polyketide	nucleoplasm [GO:0005654]	692.65
Polyketide	membrane [GO:0016020]	692.65
Polyketide	plasma membrane [GO:0005886]	692.65
Polyketide	euchromatin [GO:0000791]	692.65
Polyketide	chromatin [GO:0000785]	692.65
Polyketide	transcription regulator complex [GO:0005667]	692.65
Polyketide	nucleus [GO:0005634]	692.65
Polyketide	cytoplasm [GO:0005737]	692.65
Polyketide	Golgi apparatus [GO:0005794]	692.65
Polyketide	cytoplasm [GO:0005737]	1021.69
Polyketide	plasma membrane [GO:0005886]	394.41
Polyketide	proton-transporting ATP synthase complex, coupling factor F(o) [GO:0045263]	394.41
Polyketide	maltose transport complex [GO:1990060]	60.25
Polyketide	outer membrane-bounded periplasmic space [GO:0030288]	60.25
Polyketide	cytoplasm [GO:0005737]	60.25
Polyketide	sarcoplasmic reticulum membrane [GO:0033017]	60.25
Polyketide	cytoplasmic side of membrane [GO:0098562]	60.25
Polyketide	cytosol [GO:0005829]	60.25
Polyketide	Z disc [GO:0030018]	60.25
Polyketide	sarcoplasmic reticulum [GO:0016529]	60.25
Polyketide	terminal cisterna [GO:0014802]	60.25
Polyketide	membrane [GO:0016020]	60.25
Polyketide	ATP-binding cassette (ABC) transporter complex [GO:0043190]	60.25
Polyketide	ryanodine receptor complex [GO:1990425]	60.25
Polyketide	periplasmic space [GO:0042597]	60.25
Polyketide	ATP-binding cassette (ABC) transporter complex, substrate-binding subunit-containing [GO:0055052]	60.25
Polyketide	node of Ranvier [GO:0033268]	359.25
Polyketide	synapse [GO:0045202]	359.25
Polyketide	plasma membrane [GO:0005886]	359.25
Polyketide	axon initial segment [GO:0043194]	359.25
Polyketide	voltage-gated potassium channel complex [GO:0008076]	359.25
Polyketide	membrane [GO:0016020]	70.27
Polyketide	endoplasmic reticulum [GO:0005783]	70.27
Polyketide	endoplasmic reticulum membrane [GO:0005789]	70.27
Polyketide	melanosome [GO:0042470]	817.24
Polyketide	perinuclear region of cytoplasm [GO:0048471]	817.24
Polyketide	sarcoplasmic reticulum lumen [GO:0033018]	817.24
Polyketide	endoplasmic reticulum [GO:0005783]	817.24
Polyketide	nuclear envelope [GO:0005635]	660.2
Polyketide	perinuclear region of cytoplasm [GO:0048471]	660.2
Polyketide	cytosol [GO:0005829]	660.2
Polyketide	pericentriolar material [GO:0000242]	660.2
Polyketide	Golgi membrane [GO:0000139]	660.2
Polyketide	chromosome, telomeric region [GO:0000781]	660.2
Polyketide	nucleus [GO:0005634]	660.2
Polyketide	cytoplasm [GO:0005737]	660.2
Polyketide	viral envelope [GO:0019031]	1005.22
Polyketide	host cell plasma membrane [GO:0020002]	1005.22
Polyketide	host cell lipid droplet [GO:0044186]	1005.22
Polyketide	cytoplasm [GO:0005737]	1005.22
Polyketide	host cell endoplasmic reticulum membrane [GO:0044167]	1005.22
Polyketide	host cell mitochondrial membrane [GO:0044191]	1005.22
Polyketide	ribonucleoprotein complex [GO:1990904]	1005.22
Polyketide	lipid droplet [GO:0005811]	1005.22
Polyketide	plasma membrane [GO:0005886]	1005.22
Polyketide	viral nucleocapsid [GO:0019013]	1005.22
Polyketide	virion membrane [GO:0055036]	1005.22
Polyketide	host cell perinuclear region of cytoplasm [GO:0044220]	1005.22
Polyketide	protein-containing complex [GO:0032991]	915.08
Polyketide	endocytic vesicle membrane [GO:0030666]	915.08
Polyketide	cytosol [GO:0005829]	915.08
Polyketide	transcription repressor complex [GO:0017053]	915.08
Polyketide	nucleoplasm [GO:0005654]	915.08
Polyketide	plasma membrane [GO:0005886]	915.08
Polyketide	nucleus [GO:0005634]	915.08
Polyketide	cytoplasm [GO:0005737]	915.08
Polyketide	nucleolus [GO:0005730]	915.08
Polyketide	perinuclear region of cytoplasm [GO:0048471]	681.75
Polyketide	Golgi membrane [GO:0000139]	681.75
Polyketide	endoplasmic reticulum membrane [GO:0005789]	681.75
Polyketide	membrane [GO:0016020]	681.75
Polyketide	extracellular region [GO:0005576]	681.75
Polyketide	Golgi stack [GO:0005795]	681.75
Polyketide	Golgi cisterna membrane [GO:0032580]	681.75
Polyketide	Golgi apparatus [GO:0005794]	681.75
Polyketide	proton-transporting V-type ATPase complex [GO:0033176]	493.97
Polyketide	vacuolar proton-transporting V-type ATPase, V0 domain [GO:0000220]	493.97
Polyketide	Golgi membrane [GO:0000139]	493.97
Polyketide	membrane [GO:0016020]	493.97
Polyketide	vacuolar proton-transporting V-type ATPase complex [GO:0016471]	493.97
Polyketide	fungal-type vacuole membrane [GO:0000329]	493.97
Polyketide	fungal biofilm matrix [GO:0062040]	69.48
Polyketide	cytoplasm [GO:0005737]	69.48
Polyketide	extracellular region [GO:0005576]	69.48
Polyketide	nucleus [GO:0005634]	1473.31
Polyketide	microtubule [GO:0005874]	783.63
Polyketide	cytoplasm [GO:0005737]	783.63
Polyketide	microtubule cytoskeleton [GO:0015630]	783.63
Polyketide	nucleus [GO:0005634]	855.72
Polyketide	cytoplasm [GO:0005737]	855.72
Polyketide	dendrite [GO:0030425]	850.53
Polyketide	perinuclear region of cytoplasm [GO:0048471]	850.53
Polyketide	apical plasma membrane [GO:0016324]	850.53
Polyketide	cytosol [GO:0005829]	850.53
Polyketide	cilium [GO:0005929]	850.53
Polyketide	mitochondrion [GO:0005739]	850.53
Polyketide	astrocyte end-foot [GO:0097450]	850.53
Polyketide	extracellular region [GO:0005576]	850.53
Polyketide	basal part of cell [GO:0045178]	850.53
Polyketide	cytoskeleton [GO:0005856]	850.53
Polyketide	nucleus [GO:0005634]	850.53
Polyketide	cytoplasm [GO:0005737]	850.53
Polyketide	central region of growth cone [GO:0090724]	850.53
Polyketide	neuronal cell body [GO:0043025]	850.53
Polyketide	cell body [GO:0044297]	858.18
Polyketide	actin filament [GO:0005884]	858.18
Polyketide	skeletal muscle myofibril [GO:0098723]	858.18
Polyketide	stress fiber [GO:0001725]	858.18
Polyketide	filamentous actin [GO:0031941]	858.18
Polyketide	actin filament bundle [GO:0032432]	858.18
Polyketide	lamellipodium [GO:0030027]	858.18
Polyketide	striated muscle thin filament [GO:0005865]	858.18
Polyketide	cytoplasm [GO:0005737]	858.18
Polyketide	filopodium [GO:0030175]	858.18
Polyketide	protein-containing complex [GO:0032991]	494.03
Polyketide	cytosol [GO:0005829]	494.03
Polyketide	nucleoplasm [GO:0005654]	494.03
Polyketide	membrane [GO:0016020]	494.03
Polyketide	plasma membrane [GO:0005886]	494.03
Polyketide	euchromatin [GO:0000791]	494.03
Polyketide	chromatin [GO:0000785]	494.03
Polyketide	transcription regulator complex [GO:0005667]	494.03
Polyketide	nucleus [GO:0005634]	494.03
Polyketide	cytoplasm [GO:0005737]	494.03
Polyketide	Golgi apparatus [GO:0005794]	494.03
Polyketide	host cell nucleus [GO:0042025]	1082.73
Polyketide	host cell cytoplasm [GO:0030430]	1082.73
Polyketide	protein-containing complex [GO:0032991]	692.11
Polyketide	cytosol [GO:0005829]	692.11
Polyketide	nucleoplasm [GO:0005654]	692.11
Polyketide	membrane [GO:0016020]	692.11
Polyketide	plasma membrane [GO:0005886]	692.11
Polyketide	euchromatin [GO:0000791]	692.11
Polyketide	chromatin [GO:0000785]	692.11
Polyketide	transcription regulator complex [GO:0005667]	692.11
Polyketide	nucleus [GO:0005634]	692.11
Polyketide	cytoplasm [GO:0005737]	692.11
Polyketide	Golgi apparatus [GO:0005794]	692.11
Polyketide	nucleoplasm [GO:0005654]	2239.5
Polyketide	receptor complex [GO:0043235]	2239.5
Polyketide	euchromatin [GO:0000791]	2239.5
Polyketide	chromatin [GO:0000785]	2239.5
Polyketide	chromosome [GO:0005694]	992.94
Polyketide	cytoplasm [GO:0005737]	992.94
Polyketide	protein-containing complex [GO:0032991]	582.52
Polyketide	cytosol [GO:0005829]	582.52
Polyketide	nucleoplasm [GO:0005654]	582.52
Polyketide	membrane [GO:0016020]	582.52
Polyketide	plasma membrane [GO:0005886]	582.52
Polyketide	euchromatin [GO:0000791]	582.52
Polyketide	chromatin [GO:0000785]	582.52
Polyketide	transcription regulator complex [GO:0005667]	582.52
Polyketide	nucleus [GO:0005634]	582.52
Polyketide	cytoplasm [GO:0005737]	582.52
Polyketide	Golgi apparatus [GO:0005794]	582.52
Polyketide	plasma membrane [GO:0005886]	1197.72
Polyketide	periplasmic side of plasma membrane [GO:0098567]	1197.72
Polyketide	membrane [GO:0016020]	1197.72
Polyketide	outer membrane-bounded periplasmic space [GO:0030288]	1197.72
Polyketide	efflux pump complex [GO:1990281]	1197.72
Polyketide	cytoplasm [GO:0005737]	1259.94
Polyketide	cytoplasmic side of endoplasmic reticulum membrane [GO:0098554]	981.4
Polyketide	protein-containing complex [GO:0032991]	981.4
Polyketide	endoplasmic reticulum [GO:0005783]	981.4
Polyketide	sorting endosome [GO:0097443]	981.4
Polyketide	endosome lumen [GO:0031904]	981.4
Polyketide	early endosome [GO:0005769]	981.4
Polyketide	cytosol [GO:0005829]	981.4
Polyketide	mitochondrial crista [GO:0030061]	981.4
Polyketide	mitochondrial matrix [GO:0005759]	981.4
Polyketide	cytoplasm [GO:0005737]	981.4
Polyketide	intracellular membrane-bounded organelle [GO:0043231]	469.4
Polyketide	endoplasmic reticulum membrane [GO:0005789]	469.4
Polyketide	cytoplasm [GO:0005737]	469.4
Polyketide	cytoplasmic microtubule [GO:0005881]	469.4
Polyketide	nuclear chromosome [GO:0000228]	730.69
Polyketide	histone deacetylase complex [GO:0000118]	730.69
Polyketide	cytoplasm [GO:0005737]	730.69
Polyketide	nucleoplasm [GO:0005654]	730.69
Polyketide	nucleus [GO:0005634]	730.69
Polyketide	secretory granule membrane [GO:0030667]	1646.41
Polyketide	clathrin-sculpted monoamine transport vesicle membrane [GO:0070083]	1646.41
Polyketide	terminal bouton [GO:0043195]	1646.41
Polyketide	synaptic vesicle membrane [GO:0030672]	1646.41
Polyketide	presynapse [GO:0098793]	1646.41
Polyketide	endoplasmic reticulum membrane [GO:0005789]	1646.41
Polyketide	melanosome [GO:0042470]	219.7
Polyketide	axonal growth cone [GO:0044295]	219.7
Polyketide	cell body [GO:0044297]	219.7
Polyketide	endomembrane system [GO:0012505]	219.7
Polyketide	lamellipodium [GO:0030027]	219.7
Polyketide	growth cone membrane [GO:0032584]	219.7
Polyketide	plasma membrane [GO:0005886]	219.7
Polyketide	axon [GO:0030424]	219.7
Polyketide	cell surface [GO:0009986]	219.7
Polyketide	aggresome [GO:0016235]	235.79
Polyketide	cell projection [GO:0042995]	235.79
Polyketide	secretory granule membrane [GO:0030667]	235.79
Polyketide	ficolin-1-rich granule membrane [GO:0101003]	235.79
Polyketide	tertiary granule membrane [GO:0070821]	235.79
Polyketide	extracellular exosome [GO:0070062]	235.79
Polyketide	plasma membrane [GO:0005886]	235.79
Polyketide	membrane [GO:0016020]	235.79
Polyketide	specific granule membrane [GO:0035579]	235.79
Polyketide	perikaryon [GO:0043204]	235.79
Polyketide	collagen-containing extracellular matrix [GO:0062023]	766.02
Polyketide	cytoplasmic stress granule [GO:0010494]	766.02
Polyketide	lysosome [GO:0005764]	766.02
Polyketide	azurophil granule lumen [GO:0035578]	766.02
Polyketide	cytosol [GO:0005829]	766.02
Polyketide	extracellular exosome [GO:0070062]	766.02
Polyketide	intracellular membrane-bounded organelle [GO:0043231]	766.02
Polyketide	plasma membrane [GO:0005886]	766.02
Polyketide	membrane [GO:0016020]	766.02
Polyketide	extracellular region [GO:0005576]	766.02
Polyketide	extracellular space [GO:0005615]	766.02
Polyketide	secretory granule [GO:0030141]	766.02
Polyketide	nucleus [GO:0005634]	766.02
Polyketide	cytoplasm [GO:0005737]	766.02
Polyketide	cell body [GO:0044297]	870.17
Polyketide	actin filament [GO:0005884]	870.17
Polyketide	skeletal muscle myofibril [GO:0098723]	870.17
Polyketide	stress fiber [GO:0001725]	870.17
Polyketide	filamentous actin [GO:0031941]	870.17
Polyketide	actin filament bundle [GO:0032432]	870.17
Polyketide	lamellipodium [GO:0030027]	870.17
Polyketide	striated muscle thin filament [GO:0005865]	870.17
Polyketide	cytoplasm [GO:0005737]	870.17
Polyketide	filopodium [GO:0030175]	870.17
Polyketide	chloride channel complex [GO:0034707]	446.23
Polyketide	postsynaptic membrane [GO:0045211]	446.23
Polyketide	perikaryon [GO:0043204]	446.23
Polyketide	membrane [GO:0016020]	446.23
Polyketide	plasma membrane [GO:0005886]	446.23
Polyketide	dendrite [GO:0030425]	446.23
Polyketide	neuron projection [GO:0043005]	446.23
Polyketide	synapse [GO:0045202]	446.23
Polyketide	nuclear envelope [GO:0005635]	654.58
Polyketide	perinuclear region of cytoplasm [GO:0048471]	654.58
Polyketide	cytosol [GO:0005829]	654.58
Polyketide	pericentriolar material [GO:0000242]	654.58
Polyketide	Golgi membrane [GO:0000139]	654.58
Polyketide	chromosome, telomeric region [GO:0000781]	654.58
Polyketide	nucleus [GO:0005634]	654.58
Polyketide	cytoplasm [GO:0005737]	654.58
Polyketide	chromosome [GO:0005694]	151.07
Polyketide	cytoplasm [GO:0005737]	151.07
Polyketide	extracellular region [GO:0005576]	725.44
Polyketide	nuclear envelope [GO:0005635]	635.16
Polyketide	perinuclear region of cytoplasm [GO:0048471]	635.16
Polyketide	cytosol [GO:0005829]	635.16
Polyketide	pericentriolar material [GO:0000242]	635.16
Polyketide	Golgi membrane [GO:0000139]	635.16
Polyketide	chromosome, telomeric region [GO:0000781]	635.16
Polyketide	nucleus [GO:0005634]	635.16
Polyketide	cytoplasm [GO:0005737]	635.16
Polyketide	PML body [GO:0016605]	660.2
Polyketide	Sin3 complex [GO:0016580]	660.2
Polyketide	protein kinase CK2 complex [GO:0005956]	660.2
Polyketide	cytosol [GO:0005829]	660.2
Polyketide	nucleoplasm [GO:0005654]	660.2
Polyketide	plasma membrane [GO:0005886]	660.2
Polyketide	nucleus [GO:0005634]	660.2
Polyketide	RSC-type complex [GO:0016586]	238.6
Polyketide	kinetochore [GO:0000776]	238.6
Polyketide	SWI/SNF complex [GO:0016514]	238.6
Polyketide	nucleoplasm [GO:0005654]	238.6
Polyketide	nuclear matrix [GO:0016363]	238.6
Polyketide	chromatin [GO:0000785]	238.6
Polyketide	nuclear chromosome [GO:0000228]	238.6
Polyketide	nucleus [GO:0005634]	238.6
Polyketide	mitochondrial proton-transporting ATP synthase complex [GO:0005753]	323.76
Polyketide	cytosol [GO:0005829]	323.76
Polyketide	mitochondrial proton-transporting ATP synthase complex, coupling factor F(o) [GO:0000276]	323.76
Polyketide	mitochondrion [GO:0005739]	323.76
Polyketide	mitochondrial intermembrane space [GO:0005758]	323.76
Polyketide	mitochondrial inner membrane [GO:0005743]	323.76
Polyketide	protein-containing complex [GO:0032991]	924.55
Polyketide	cytosol [GO:0005829]	924.55
Polyketide	nucleoplasm [GO:0005654]	924.55
Polyketide	membrane [GO:0016020]	924.55
Polyketide	plasma membrane [GO:0005886]	924.55
Polyketide	euchromatin [GO:0000791]	924.55
Polyketide	chromatin [GO:0000785]	924.55
Polyketide	transcription regulator complex [GO:0005667]	924.55
Polyketide	nucleus [GO:0005634]	924.55
Polyketide	cytoplasm [GO:0005737]	924.55
Polyketide	Golgi apparatus [GO:0005794]	924.55
Polyketide	cytosol [GO:0005829]	955.53
Polyketide	cytosolic DNA-directed RNA polymerase complex [GO:0000345]	955.53
Polyketide	membrane [GO:0016020]	955.53
Polyketide	cytoplasm [GO:0005737]	955.53
Polyketide	transcription elongation factor complex [GO:0008023]	955.53
Polyketide	nucleoplasm [GO:0005654]	441.1
Polyketide	cytosol [GO:0005829]	441.1
Polyketide	extracellular exosome [GO:0070062]	441.1
Polyketide	nuclear chromosome [GO:0000228]	798.57
Polyketide	histone deacetylase complex [GO:0000118]	798.57
Polyketide	cytoplasm [GO:0005737]	798.57
Polyketide	nucleoplasm [GO:0005654]	798.57
Polyketide	nucleus [GO:0005634]	798.57
Polyketide	endoplasmic reticulum lumen [GO:0005788]	752.42
Polyketide	nucleoplasm [GO:0005654]	752.42
Polyketide	cytoplasm [GO:0005737]	752.42
Polyketide	microtubule organizing center [GO:0005815]	752.42
Polyketide	azurophil granule lumen [GO:0035578]	752.42
Polyketide	caveola [GO:0005901]	752.42
Polyketide	Golgi apparatus [GO:0005794]	752.42
Polyketide	focal adhesion [GO:0005925]	752.42
Polyketide	cytosol [GO:0005829]	752.42
Polyketide	early endosome [GO:0005769]	752.42
Polyketide	extracellular region [GO:0005576]	752.42
Polyketide	nucleus [GO:0005634]	752.42
Polyketide	pseudopodium [GO:0031143]	752.42
Polyketide	mitotic spindle [GO:0072686]	752.42
Polyketide	ficolin-1-rich granule lumen [GO:1904813]	752.42
Polyketide	plasma membrane [GO:0005886]	752.42
Polyketide	synapse [GO:0045202]	752.42
Polyketide	mitochondrion [GO:0005739]	752.42
Polyketide	cytoskeleton [GO:0005856]	752.42
Polyketide	late endosome [GO:0005770]	752.42
Polyketide	chromosome [GO:0005694]	830.59
Polyketide	condensed nuclear chromosome [GO:0000794]	830.59
Polyketide	nucleus [GO:0005634]	830.59
Polyketide	nucleoplasm [GO:0005654]	830.59
Polyketide	peroxisomal membrane [GO:0005778]	391.24
Polyketide	cytosol [GO:0005829]	391.24
Polyketide	peroxisomal matrix [GO:0005782]	391.24
Polyketide	peroxisome [GO:0005777]	391.24
Polyketide	cytoplasm [GO:0005737]	391.24
Polyketide	extracellular exosome [GO:0070062]	1058.26
Polyketide	cytosol [GO:0005829]	1058.26
Polyketide	cytoplasm [GO:0005737]	1058.26
Polyketide	nucleus [GO:0005634]	1058.26
Polyketide	plasma membrane [GO:0005886]	377.91
Polyketide	proton-transporting ATP synthase complex, coupling factor F(o) [GO:0045263]	377.91
Polyketide	cytosol [GO:0005829]	715.2
Polyketide	intracellular membrane-bounded organelle [GO:0043231]	715.2
Polyketide	nucleoplasm [GO:0005654]	715.2
Polyketide	receptor complex [GO:0043235]	715.2
Polyketide	RNA polymerase II transcription regulator complex [GO:0090575]	715.2
Polyketide	chromatin [GO:0000785]	715.2
Polyketide	nucleus [GO:0005634]	715.2
Polyketide	mitochondrial envelope [GO:0005740]	628.04
Polyketide	mitochondrial outer membrane [GO:0005741]	628.04
Polyketide	mitochondrion [GO:0005739]	628.04
Polyketide	protein-containing complex [GO:0032991]	720.3
Polyketide	cytosol [GO:0005829]	720.3
Polyketide	nucleoplasm [GO:0005654]	720.3
Polyketide	membrane [GO:0016020]	720.3
Polyketide	plasma membrane [GO:0005886]	720.3
Polyketide	euchromatin [GO:0000791]	720.3
Polyketide	chromatin [GO:0000785]	720.3
Polyketide	transcription regulator complex [GO:0005667]	720.3
Polyketide	nucleus [GO:0005634]	720.3
Polyketide	cytoplasm [GO:0005737]	720.3
Polyketide	Golgi apparatus [GO:0005794]	720.3
Polyketide	protein-containing complex [GO:0032991]	828.73
Polyketide	cytosol [GO:0005829]	828.73
Polyketide	nucleoplasm [GO:0005654]	828.73
Polyketide	membrane [GO:0016020]	828.73
Polyketide	plasma membrane [GO:0005886]	828.73
Polyketide	euchromatin [GO:0000791]	828.73
Polyketide	chromatin [GO:0000785]	828.73
Polyketide	transcription regulator complex [GO:0005667]	828.73
Polyketide	nucleus [GO:0005634]	828.73
Polyketide	cytoplasm [GO:0005737]	828.73
Polyketide	Golgi apparatus [GO:0005794]	828.73
Polyketide	efflux pump complex [GO:1990281]	1534.43
Polyketide	outer membrane-bounded periplasmic space [GO:0030288]	1534.43
Polyketide	periplasmic side of plasma membrane [GO:0098567]	1534.43
Polyketide	plasma membrane [GO:0005886]	1534.43
Polyketide	membrane [GO:0016020]	1534.43
Polyketide	plasma membrane [GO:0005886]	377.16
Polyketide	cell division site [GO:0032153]	377.16
Polyketide	cytoplasm [GO:0005737]	377.16
Polyketide	nucleus [GO:0005634]	562.41
Polyketide	cytosol [GO:0005829]	562.41
Polyketide	methionine adenosyltransferase complex [GO:0048269]	562.41
Polyketide	extracellular exosome [GO:0070062]	562.41
Polyketide	plasma membrane [GO:0005886]	1147.09
Polyketide	periplasmic side of plasma membrane [GO:0098567]	1147.09
Polyketide	membrane [GO:0016020]	1147.09
Polyketide	outer membrane-bounded periplasmic space [GO:0030288]	1147.09
Polyketide	efflux pump complex [GO:1990281]	1147.09
Polyketide	plasma membrane [GO:0005886]	591.52
Polyketide	side of membrane [GO:0098552]	591.52
Polyketide	synaptic cleft [GO:0043083]	591.52
Polyketide	synapse [GO:0045202]	591.52
Polyketide	endoplasmic reticulum membrane [GO:0005789]	666.33
Polyketide	protein-DNA complex [GO:0032993]	750.94
Polyketide	centrosome [GO:0005813]	734.48
Polyketide	cytosol [GO:0005829]	734.48
Polyketide	extracellular exosome [GO:0070062]	734.48
Polyketide	nucleoplasm [GO:0005654]	734.48
Polyketide	nucleus [GO:0005634]	734.48
Polyketide	cytoplasm [GO:0005737]	734.48
Polyketide	protein-DNA complex [GO:0032993]	719.95
Polyketide	protein-DNA complex [GO:0032993]	824.0
Polyketide	extracellular space [GO:0005615]	352.98
Polyketide	azurophil granule lumen [GO:0035578]	352.98
Polyketide	extracellular region [GO:0005576]	352.98
Polyketide	extracellular exosome [GO:0070062]	352.98
Polyketide	cytoplasm [GO:0005737]	924.48
Polyketide	dendrite [GO:0030425]	1097.12
Polyketide	neuron projection [GO:0043005]	1097.12
Polyketide	intracellular membrane-bounded organelle [GO:0043231]	1097.12
Polyketide	plasma membrane [GO:0005886]	1097.12
Polyketide	postsynaptic membrane [GO:0045211]	1097.12
Polyketide	synapse [GO:0045202]	1097.12
Polyketide	glycine-gated chloride channel complex [GO:0016935]	1097.12
Polyketide	perikaryon [GO:0043204]	1097.12
Polyketide	membrane [GO:0016020]	466.63
Polyketide	host cell plasma membrane [GO:0020002]	466.63
Polyketide	host cell cytoplasmic vesicle membrane [GO:0044162]	466.63
Polyketide	host cell filopodium [GO:0044176]	466.63
Polyketide	host cell nucleus [GO:0042025]	466.63
Polyketide	cytoplasm [GO:0005737]	1126.04
Polyketide	RSC-type complex [GO:0016586]	365.97
Polyketide	kinetochore [GO:0000776]	365.97
Polyketide	SWI/SNF complex [GO:0016514]	365.97
Polyketide	nucleoplasm [GO:0005654]	365.97
Polyketide	nuclear matrix [GO:0016363]	365.97
Polyketide	chromatin [GO:0000785]	365.97
Polyketide	nuclear chromosome [GO:0000228]	365.97
Polyketide	nucleus [GO:0005634]	365.97
Polyketide	plasma membrane [GO:0005886]	303.47
Polyketide	proton-transporting ATP synthase complex, coupling factor F(o) [GO:0045263]	303.47
Polyketide	respirasome [GO:0070469]	395.11
Polyketide	mitochondrion [GO:0005739]	395.11
Polyketide	mitochondrial inner membrane [GO:0005743]	395.11
Polyketide	host cell nucleus [GO:0042025]	603.08
Polyketide	host cell plasma membrane [GO:0020002]	603.08
Polyketide	membrane [GO:0016020]	603.08
Polyketide	viral nucleocapsid [GO:0019013]	603.08
Polyketide	host multivesicular body [GO:0072494]	603.08
Polyketide	virion membrane [GO:0055036]	603.08
Polyketide	transcription repressor complex [GO:0017053]	889.55
Polyketide	nucleoplasm [GO:0005654]	889.55
Polyketide	nucleus [GO:0005634]	889.55
Polyketide	cortical cytoskeleton [GO:0030863]	1223.4
Polyketide	basolateral plasma membrane [GO:0016323]	1223.4
Polyketide	ankyrin-1 complex [GO:0170014]	1223.4
Polyketide	Z disc [GO:0030018]	1223.4
Polyketide	extracellular exosome [GO:0070062]	1223.4
Polyketide	plasma membrane [GO:0005886]	1223.4
Polyketide	membrane [GO:0016020]	1223.4
Polyketide	blood microparticle [GO:0072562]	1223.4
Polyketide	cytoplasmic side of plasma membrane [GO:0009898]	1223.4
Polyketide	plasma membrane [GO:0005886]	329.6
Polyketide	calcium channel complex [GO:0034704]	329.6
Polyketide	extracellular space [GO:0005615]	319.11
Polyketide	azurophil granule lumen [GO:0035578]	319.11
Polyketide	extracellular region [GO:0005576]	319.11
Polyketide	extracellular exosome [GO:0070062]	319.11
Polyketide	vesicle [GO:0031982]	207.46
Polyketide	cytoplasm [GO:0005737]	207.46
Polyketide	secretory granule lumen [GO:0034774]	207.46
Polyketide	cytosol [GO:0005829]	207.46
Polyketide	ficolin-1-rich granule lumen [GO:1904813]	207.46
Polyketide	extracellular exosome [GO:0070062]	207.46
Polyketide	nucleoplasm [GO:0005654]	207.46
Polyketide	plasma membrane [GO:0005886]	207.46
Polyketide	extracellular region [GO:0005576]	207.46
Polyketide	extracellular space [GO:0005615]	207.46
Polyketide	cell surface [GO:0009986]	207.46
Polyketide	proton-transporting ATP synthase complex, catalytic core F(1) [GO:0045261]	387.68
Polyketide	plasma membrane [GO:0005886]	387.68
Polyketide	mitochondrial proton-transporting ATP synthase, catalytic core [GO:0005754]	387.68
Polyketide	mitochondrial proton-transporting ATP synthase complex [GO:0005753]	387.68
Polyketide	intracellular membrane-bounded organelle [GO:0043231]	501.07
Polyketide	nucleoplasm [GO:0005654]	501.07
Polyketide	mitochondrion [GO:0005739]	501.07
Polyketide	chromatin [GO:0000785]	501.07
Polyketide	nucleus [GO:0005634]	501.07
Polyketide	membrane [GO:0016020]	1507.72
Polyketide	protein-containing complex [GO:0032991]	874.28
Polyketide	cytosol [GO:0005829]	874.28
Polyketide	nucleoplasm [GO:0005654]	874.28
Polyketide	membrane [GO:0016020]	874.28
Polyketide	plasma membrane [GO:0005886]	874.28
Polyketide	euchromatin [GO:0000791]	874.28
Polyketide	chromatin [GO:0000785]	874.28
Polyketide	transcription regulator complex [GO:0005667]	874.28
Polyketide	nucleus [GO:0005634]	874.28
Polyketide	cytoplasm [GO:0005737]	874.28
Polyketide	Golgi apparatus [GO:0005794]	874.28
Polyketide	cytosol [GO:0005829]	674.07
Polyketide	plasma membrane [GO:0005886]	674.07
Polyketide	peptidoglycan-based cell wall [GO:0009274]	674.07
Polyketide	pericentric heterochromatin [GO:0005721]	667.77
Polyketide	endoplasmic reticulum [GO:0005783]	667.77
Polyketide	intracellular membrane-bounded organelle [GO:0043231]	667.77
Polyketide	nucleoplasm [GO:0005654]	667.77
Polyketide	site of DNA damage [GO:0090734]	667.77
Polyketide	chromatin [GO:0000785]	667.77
Polyketide	nucleus [GO:0005634]	667.77
Polyketide	site of double-strand break [GO:0035861]	667.77
Polyketide	chromosome, subtelomeric region [GO:0099115]	667.77
Polyketide	nuclear envelope [GO:0005635]	638.68
Polyketide	perinuclear region of cytoplasm [GO:0048471]	638.68
Polyketide	cytosol [GO:0005829]	638.68
Polyketide	pericentriolar material [GO:0000242]	638.68
Polyketide	Golgi membrane [GO:0000139]	638.68
Polyketide	chromosome, telomeric region [GO:0000781]	638.68
Polyketide	nucleus [GO:0005634]	638.68
Polyketide	cytoplasm [GO:0005737]	638.68
Polyketide	host cell nucleus [GO:0042025]	154.82
Polyketide	host cell cytoplasm [GO:0030430]	154.82
Polyketide	cytoplasm [GO:0005737]	693.07
Polyketide	collagen-containing extracellular matrix [GO:0062023]	1310.98
Polyketide	lysosomal lumen [GO:0043202]	1310.98
Polyketide	lysosome [GO:0005764]	1310.98
Polyketide	tertiary granule lumen [GO:1904724]	1310.98
Polyketide	ficolin-1-rich granule lumen [GO:1904813]	1310.98
Polyketide	endolysosome lumen [GO:0036021]	1310.98
Polyketide	intracellular membrane-bounded organelle [GO:0043231]	1310.98
Polyketide	extracellular region [GO:0005576]	1310.98
Polyketide	extracellular space [GO:0005615]	1310.98
Polyketide	late endosome [GO:0005770]	1310.98
Polyketide	phagocytic vesicle [GO:0045335]	1310.98
Polyketide	protein-containing complex [GO:0032991]	1093.79
Polyketide	cytosol [GO:0005829]	1093.79
Polyketide	nucleoplasm [GO:0005654]	1093.79
Polyketide	membrane [GO:0016020]	1093.79
Polyketide	plasma membrane [GO:0005886]	1093.79
Polyketide	euchromatin [GO:0000791]	1093.79
Polyketide	chromatin [GO:0000785]	1093.79
Polyketide	transcription regulator complex [GO:0005667]	1093.79
Polyketide	nucleus [GO:0005634]	1093.79
Polyketide	cytoplasm [GO:0005737]	1093.79
Polyketide	Golgi apparatus [GO:0005794]	1093.79
Polyketide	aryl hydrocarbon receptor complex [GO:0034751]	516.93
Polyketide	cytosol [GO:0005829]	516.93
Polyketide	nucleus [GO:0005634]	516.93
Polyketide	histone deacetylase complex [GO:0000118]	333.43
Polyketide	nucleoplasm [GO:0005654]	333.43
Polyketide	nuclear chromosome [GO:0000228]	333.43
Polyketide	nucleus [GO:0005634]	333.43
Polyketide	cytoplasm [GO:0005737]	333.43
Polyketide	host cell nucleus [GO:0042025]	212.56
Polyketide	host cell endoplasmic reticulum membrane [GO:0044167]	212.56
Polyketide	host cell endoplasmic reticulum-Golgi intermediate compartment [GO:0044172]	212.56
Polyketide	host cell Golgi apparatus [GO:0044177]	212.56
Polyketide	host cell endosome [GO:0044174]	212.56
Polyketide	membrane [GO:0016020]	212.56
Polyketide	double membrane vesicle viral factory outer membrane [GO:0062243]	212.56
Polyketide	host cell perinuclear region of cytoplasm [GO:0044220]	212.56
Polyketide	nucleoplasm [GO:0005654]	628.59
Polyketide	mitochondrial respiratory chain complex I [GO:0005747]	628.59
Polyketide	melanosome [GO:0042470]	410.03
Polyketide	axonal growth cone [GO:0044295]	410.03
Polyketide	cell body [GO:0044297]	410.03
Polyketide	endomembrane system [GO:0012505]	410.03
Polyketide	lamellipodium [GO:0030027]	410.03
Polyketide	growth cone membrane [GO:0032584]	410.03
Polyketide	plasma membrane [GO:0005886]	410.03
Polyketide	axon [GO:0030424]	410.03
Polyketide	cell surface [GO:0009986]	410.03
Polyketide	ribosome [GO:0005840]	692.46
Polyketide	ribonucleoprotein complex [GO:1990904]	692.46
Polyketide	cell body [GO:0044297]	894.92
Polyketide	actin filament [GO:0005884]	894.92
Polyketide	skeletal muscle myofibril [GO:0098723]	894.92
Polyketide	stress fiber [GO:0001725]	894.92
Polyketide	filamentous actin [GO:0031941]	894.92
Polyketide	actin filament bundle [GO:0032432]	894.92
Polyketide	lamellipodium [GO:0030027]	894.92
Polyketide	striated muscle thin filament [GO:0005865]	894.92
Polyketide	cytoplasm [GO:0005737]	894.92
Polyketide	filopodium [GO:0030175]	894.92
Polyketide	histone deacetylase complex [GO:0000118]	723.22
Polyketide	cytoplasm [GO:0005737]	430.87
Polyketide	cytosol [GO:0005829]	430.87
Polyketide	cell body [GO:0044297]	726.56
Polyketide	actin filament [GO:0005884]	726.56
Polyketide	skeletal muscle myofibril [GO:0098723]	726.56
Polyketide	stress fiber [GO:0001725]	726.56
Polyketide	filamentous actin [GO:0031941]	726.56
Polyketide	actin filament bundle [GO:0032432]	726.56
Polyketide	lamellipodium [GO:0030027]	726.56
Polyketide	striated muscle thin filament [GO:0005865]	726.56
Polyketide	cytoplasm [GO:0005737]	726.56
Polyketide	filopodium [GO:0030175]	726.56
Polyketide	cytosol [GO:0005829]	829.85
Polyketide	nucleoplasm [GO:0005654]	829.85
Polyketide	synapse [GO:0045202]	829.85
Polyketide	cytoplasm [GO:0005737]	829.85
Polyketide	nucleolus [GO:0005730]	829.85
Polyketide	protein-containing complex [GO:0032991]	701.11
Polyketide	cytosol [GO:0005829]	701.11
Polyketide	nucleoplasm [GO:0005654]	701.11
Polyketide	membrane [GO:0016020]	701.11
Polyketide	plasma membrane [GO:0005886]	701.11
Polyketide	euchromatin [GO:0000791]	701.11
Polyketide	chromatin [GO:0000785]	701.11
Polyketide	transcription regulator complex [GO:0005667]	701.11
Polyketide	nucleus [GO:0005634]	701.11
Polyketide	cytoplasm [GO:0005737]	701.11
Polyketide	Golgi apparatus [GO:0005794]	701.11
Polyketide	protein-containing complex [GO:0032991]	614.62
Polyketide	cytosol [GO:0005829]	614.62
Polyketide	nucleoplasm [GO:0005654]	614.62
Polyketide	membrane [GO:0016020]	614.62
Polyketide	plasma membrane [GO:0005886]	614.62
Polyketide	euchromatin [GO:0000791]	614.62
Polyketide	chromatin [GO:0000785]	614.62
Polyketide	transcription regulator complex [GO:0005667]	614.62
Polyketide	nucleus [GO:0005634]	614.62
Polyketide	cytoplasm [GO:0005737]	614.62
Polyketide	Golgi apparatus [GO:0005794]	614.62
Polyketide	centrosome [GO:0005813]	805.73
Polyketide	cytosol [GO:0005829]	805.73
Polyketide	extracellular exosome [GO:0070062]	805.73
Polyketide	nucleoplasm [GO:0005654]	805.73
Polyketide	nucleus [GO:0005634]	805.73
Polyketide	cytoplasm [GO:0005737]	805.73
Polyketide	plasma membrane [GO:0005886]	86.1
Polyketide	node of Ranvier [GO:0033268]	237.01
Polyketide	synapse [GO:0045202]	237.01
Polyketide	plasma membrane [GO:0005886]	237.01
Polyketide	axon initial segment [GO:0043194]	237.01
Polyketide	voltage-gated potassium channel complex [GO:0008076]	237.01
Polyketide	periplasmic space [GO:0042597]	922.71
Polyketide	protein-DNA complex [GO:0032993]	747.85
Polyketide	epidermal lamellar body [GO:0097209]	432.2
Polyketide	extracellular region [GO:0005576]	432.2
Polyketide	extracellular space [GO:0005615]	432.2
Polyketide	secretory granule [GO:0030141]	432.2
Polyketide	cornified envelope [GO:0001533]	432.2
Polyketide	membrane [GO:0016020]	855.01
Polyketide	apical plasma membrane [GO:0016324]	855.01
Polyketide	plasma membrane [GO:0005886]	855.01
Polyketide	basolateral plasma membrane [GO:0016323]	855.01
Polyketide	cytosol [GO:0005829]	826.52
Polyketide	extracellular exosome [GO:0070062]	826.52
Polyketide	nucleoplasm [GO:0005654]	826.52
Polyketide	membrane [GO:0016020]	826.52
Polyketide	cytoplasm [GO:0005737]	826.52
Polyketide	extracellular space [GO:0005615]	310.22
Polyketide	azurophil granule lumen [GO:0035578]	310.22
Polyketide	extracellular region [GO:0005576]	310.22
Polyketide	extracellular exosome [GO:0070062]	310.22
Polyketide	chloride channel complex [GO:0034707]	420.8
Polyketide	postsynaptic membrane [GO:0045211]	420.8
Polyketide	perikaryon [GO:0043204]	420.8
Polyketide	membrane [GO:0016020]	420.8
Polyketide	plasma membrane [GO:0005886]	420.8
Polyketide	dendrite [GO:0030425]	420.8
Polyketide	neuron projection [GO:0043005]	420.8
Polyketide	synapse [GO:0045202]	420.8
Polyketide	nucleus [GO:0005634]	1504.69
Polyketide	vacuolar proton-transporting V-type ATPase, V0 domain [GO:0000220]	241.44
Polyketide	synaptic vesicle membrane [GO:0030672]	241.44
Polyketide	clathrin-coated vesicle membrane [GO:0030665]	241.44
Polyketide	membrane [GO:0016020]	499.31
Polyketide	plasma membrane [GO:0005886]	145.44
Polyketide	proton-transporting ATP synthase complex, coupling factor F(o) [GO:0045263]	145.44
Polyketide	fungal biofilm matrix [GO:0062040]	695.13
Polyketide	cytoplasm [GO:0005737]	695.13
Polyketide	extracellular region [GO:0005576]	695.13
Polyketide	nucleus [GO:0005634]	766.59
Polyketide	cytoplasm [GO:0005737]	766.59
Polyketide	proton-transporting V-type ATPase complex [GO:0033176]	639.73
Polyketide	vacuolar proton-transporting V-type ATPase, V0 domain [GO:0000220]	639.73
Polyketide	Golgi membrane [GO:0000139]	639.73
Polyketide	fungal-type vacuole [GO:0000324]	639.73
Polyketide	membrane [GO:0016020]	639.73
Polyketide	cell periphery [GO:0071944]	639.73
Polyketide	vacuolar proton-transporting V-type ATPase complex [GO:0016471]	639.73
Polyketide	fungal-type vacuole membrane [GO:0000329]	639.73
Polyketide	plasma membrane [GO:0005886]	493.56
Polyketide	proton-transporting ATP synthase complex, coupling factor F(o) [GO:0045263]	493.56
Polyketide	nucleus [GO:0005634]	306.81
Polyketide	cytoplasm [GO:0005737]	306.81
Polyketide	cytosol [GO:0005829]	306.81
Polyketide	fungal biofilm matrix [GO:0062040]	199.4
Polyketide	cytoplasm [GO:0005737]	199.4
Polyketide	extracellular region [GO:0005576]	199.4
Polyketide	sigma factor antagonist complex [GO:1903865]	184.52
Polyketide	cytosol [GO:0005829]	184.52
Polyketide	cytosolic DNA-directed RNA polymerase complex [GO:0000345]	184.52
Polyketide	peptidoglycan-based cell wall [GO:0009274]	1494.89
Polyketide	sarcoplasmic reticulum membrane [GO:0033017]	45.8
Polyketide	postsynaptic density [GO:0014069]	45.8
Polyketide	Z disc [GO:0030018]	45.8
Polyketide	T-tubule [GO:0030315]	45.8
Polyketide	secretory granule [GO:0030141]	45.8
Polyketide	sarcolemma [GO:0042383]	45.8
Polyketide	cytoplasm [GO:0005737]	45.8
Polyketide	calyx of Held [GO:0044305]	45.8
Polyketide	azurophil granule [GO:0042582]	45.8
Polyketide	nuclear membrane [GO:0031965]	45.8
Polyketide	membrane raft [GO:0045121]	45.8
Polyketide	postsynaptic specialization, intracellular component [GO:0099091]	45.8
Polyketide	postsynaptic density, intracellular component [GO:0099092]	45.8
Polyketide	dendrite [GO:0030425]	45.8
Polyketide	protein-containing complex [GO:0032991]	45.8
Polyketide	perinuclear region of cytoplasm [GO:0048471]	45.8
Polyketide	cytosol [GO:0005829]	45.8
Polyketide	sarcoplasmic reticulum [GO:0016529]	45.8
Polyketide	glutamatergic synapse [GO:0098978]	45.8
Polyketide	dendritic spine [GO:0043197]	45.8
Polyketide	cell periphery [GO:0071944]	45.8
Polyketide	nucleus [GO:0005634]	45.8
Polyketide	mitochondrial outer membrane [GO:0005741]	45.8
Polyketide	plasma membrane [GO:0005886]	45.8
Polyketide	synapse [GO:0045202]	45.8
Polyketide	mitochondrion [GO:0005739]	45.8
Polyketide	photoreceptor inner segment [GO:0001917]	45.8
Polyketide	cytoskeleton [GO:0005856]	45.8
Polyketide	chromosome [GO:0005694]	694.55
Polyketide	condensed nuclear chromosome [GO:0000794]	694.55
Polyketide	nucleus [GO:0005634]	694.55
Polyketide	nucleoplasm [GO:0005654]	694.55
Polyketide	sarcoplasmic reticulum membrane [GO:0033017]	802.72
Polyketide	cytoplasmic side of membrane [GO:0098562]	802.72
Polyketide	cytosol [GO:0005829]	802.72
Polyketide	Z disc [GO:0030018]	802.72
Polyketide	sarcoplasmic reticulum [GO:0016529]	802.72
Polyketide	terminal cisterna [GO:0014802]	802.72
Polyketide	membrane [GO:0016020]	802.72
Polyketide	ryanodine receptor complex [GO:1990425]	802.72
Polyketide	cytoplasm [GO:0005737]	802.72
Polyketide	intracellular membrane-bounded organelle [GO:0043231]	1826.26
Polyketide	endoplasmic reticulum membrane [GO:0005789]	1826.26
Polyketide	cytoplasm [GO:0005737]	1826.26
Polyketide	nucleoplasm [GO:0005654]	718.52
Polyketide	nucleus [GO:0005634]	718.52
Polyketide	cytoplasm [GO:0005737]	718.52
Polyketide	cell body [GO:0044297]	967.63
Polyketide	actin filament [GO:0005884]	967.63
Polyketide	skeletal muscle myofibril [GO:0098723]	967.63
Polyketide	stress fiber [GO:0001725]	967.63
Polyketide	filamentous actin [GO:0031941]	967.63
Polyketide	actin filament bundle [GO:0032432]	967.63
Polyketide	lamellipodium [GO:0030027]	967.63
Polyketide	striated muscle thin filament [GO:0005865]	967.63
Polyketide	cytoplasm [GO:0005737]	967.63
Polyketide	filopodium [GO:0030175]	967.63
Polyketide	protein-containing complex [GO:0032991]	676.47
Polyketide	cytosol [GO:0005829]	676.47
Polyketide	nucleoplasm [GO:0005654]	676.47
Polyketide	membrane [GO:0016020]	676.47
Polyketide	plasma membrane [GO:0005886]	676.47
Polyketide	euchromatin [GO:0000791]	676.47
Polyketide	chromatin [GO:0000785]	676.47
Polyketide	transcription regulator complex [GO:0005667]	676.47
Polyketide	nucleus [GO:0005634]	676.47
Polyketide	cytoplasm [GO:0005737]	676.47
Polyketide	Golgi apparatus [GO:0005794]	676.47
Polyketide	outer membrane-bounded periplasmic space [GO:0030288]	1209.37
Polyketide	acetylcholine-gated channel complex [GO:0005892]	676.11
Polyketide	neuron projection [GO:0043005]	676.11
Polyketide	plasma membrane raft [GO:0044853]	676.11
Polyketide	cholinergic synapse [GO:0098981]	676.11
Polyketide	apical plasma membrane [GO:0016324]	676.11
Polyketide	axolemma [GO:0030673]	676.11
Polyketide	plasma membrane [GO:0005886]	676.11
Polyketide	membrane [GO:0016020]	676.11
Polyketide	postsynaptic specialization membrane [GO:0099634]	676.11
Polyketide	synapse [GO:0045202]	676.11
Polyketide	presynaptic membrane [GO:0042734]	676.11
Polyketide	postsynapse [GO:0098794]	676.11
Polyketide	external side of plasma membrane [GO:0009897]	676.11
Polyketide	histone deacetylase complex [GO:0000118]	188.04
Polyketide	cytosol [GO:0005829]	440.76
Polyketide	glutamatergic synapse [GO:0098978]	440.76
Polyketide	nucleoplasm [GO:0005654]	440.76
Polyketide	ciliary basal body [GO:0036064]	440.76
Polyketide	postsynaptic cytosol [GO:0099524]	440.76
Polyketide	nuclear speck [GO:0016607]	440.76
Polyketide	nucleus [GO:0005634]	440.76
Polyketide	midbody [GO:0030496]	440.76
Polyketide	cytoplasm [GO:0005737]	440.76
Polyketide	centrosome [GO:0005813]	872.61
Polyketide	voltage-gated calcium channel complex [GO:0005891]	872.61
Polyketide	synaptic vesicle [GO:0008021]	872.61
Polyketide	perinuclear region of cytoplasm [GO:0048471]	872.61
Polyketide	cytosol [GO:0005829]	872.61
Polyketide	gamma-tubulin complex [GO:0000930]	872.61
Polyketide	postsynaptic density [GO:0014069]	872.61
Polyketide	Z disc [GO:0030018]	872.61
Polyketide	excitatory synapse [GO:0060076]	872.61
Polyketide	dendritic spine [GO:0043197]	872.61
Polyketide	nucleus [GO:0005634]	872.61
Polyketide	mitochondrial proton-transporting ATP synthase complex [GO:0005753]	293.68
Polyketide	cytosol [GO:0005829]	293.68
Polyketide	mitochondrial proton-transporting ATP synthase complex, coupling factor F(o) [GO:0000276]	293.68
Polyketide	mitochondrion [GO:0005739]	293.68
Polyketide	mitochondrial intermembrane space [GO:0005758]	293.68
Polyketide	mitochondrial inner membrane [GO:0005743]	293.68
Polyketide	cytosol [GO:0005829]	1015.36
Polyketide	intracellular membrane-bounded organelle [GO:0043231]	1015.36
Polyketide	nucleoplasm [GO:0005654]	1015.36
Polyketide	receptor complex [GO:0043235]	1015.36
Polyketide	RNA polymerase II transcription regulator complex [GO:0090575]	1015.36
Polyketide	chromatin [GO:0000785]	1015.36
Polyketide	nucleus [GO:0005634]	1015.36
Polyketide	sarcoplasmic reticulum membrane [GO:0033017]	1028.94
Polyketide	cytoplasmic side of membrane [GO:0098562]	1028.94
Polyketide	cytosol [GO:0005829]	1028.94
Polyketide	Z disc [GO:0030018]	1028.94
Polyketide	sarcoplasmic reticulum [GO:0016529]	1028.94
Polyketide	terminal cisterna [GO:0014802]	1028.94
Polyketide	membrane [GO:0016020]	1028.94
Polyketide	ryanodine receptor complex [GO:1990425]	1028.94
Polyketide	cytoplasm [GO:0005737]	1028.94
Polyketide	cytoplasm [GO:0005737]	1370.66
Polyketide	fibrillar center [GO:0001650]	953.49
Polyketide	nuclear inner membrane [GO:0005637]	953.49
Polyketide	heterochromatin [GO:0000792]	953.49
Polyketide	nuclear envelope [GO:0005635]	953.49
Polyketide	PML body [GO:0016605]	953.49
Polyketide	cytosol [GO:0005829]	953.49
Polyketide	eNoSc complex [GO:0061773]	953.49
Polyketide	rDNA heterochromatin [GO:0033553]	953.49
Polyketide	nucleoplasm [GO:0005654]	953.49
Polyketide	mitochondrion [GO:0005739]	953.49
Polyketide	euchromatin [GO:0000791]	953.49
Polyketide	chromatin [GO:0000785]	953.49
Polyketide	chromatin silencing complex [GO:0005677]	953.49
Polyketide	nucleus [GO:0005634]	953.49
Polyketide	cytoplasm [GO:0005737]	953.49
Polyketide	nucleolus [GO:0005730]	953.49
Polyketide	myelin sheath [GO:0043209]	873.66
Polyketide	cytosol [GO:0005829]	873.66
Polyketide	apical part of cell [GO:0045177]	873.66
Polyketide	extracellular exosome [GO:0070062]	873.66
Polyketide	plasma membrane [GO:0005886]	873.66
Polyketide	cytoplasm [GO:0005737]	873.66
Polyketide	extracellular space [GO:0005615]	155.31
Polyketide	extracellular region [GO:0005576]	155.31
Polyketide	histone deacetylase complex [GO:0000118]	758.33
Polyketide	cytosol [GO:0005829]	758.33
Polyketide	transcription repressor complex [GO:0017053]	758.33
Polyketide	nucleoplasm [GO:0005654]	758.33
Polyketide	nuclear speck [GO:0016607]	758.33
Polyketide	chromatin [GO:0000785]	758.33
Polyketide	nucleus [GO:0005634]	758.33
Polyketide	cytoplasm [GO:0005737]	758.33
Polyketide	protein-containing complex [GO:0032991]	266.33
Polyketide	nucleoplasm [GO:0005654]	266.33
Polyketide	mitochondrion [GO:0005739]	266.33
Polyketide	mitochondrial matrix [GO:0005759]	266.33
Polyketide	nucleus [GO:0005634]	266.33
Polyketide	nuclear envelope [GO:0005635]	664.72
Polyketide	perinuclear region of cytoplasm [GO:0048471]	664.72
Polyketide	cytosol [GO:0005829]	664.72
Polyketide	pericentriolar material [GO:0000242]	664.72
Polyketide	Golgi membrane [GO:0000139]	664.72
Polyketide	chromosome, telomeric region [GO:0000781]	664.72
Polyketide	nucleus [GO:0005634]	664.72
Polyketide	cytoplasm [GO:0005737]	664.72
Polyketide	mitochondrial matrix [GO:0005759]	478.81
Polyketide	mitochondrion [GO:0005739]	478.81
Polyketide	extracellular exosome [GO:0070062]	478.81
Polyketide	membrane [GO:0016020]	796.19
Polyketide	receptor complex [GO:0043235]	796.19
Polyketide	microtubule [GO:0005874]	251.8
Polyketide	cytoplasm [GO:0005737]	251.8
Polyketide	microtubule cytoskeleton [GO:0015630]	251.8
Polyketide	cytosol [GO:0005829]	251.8
Polyketide	protein-containing complex [GO:0032991]	1056.33
Polyketide	endocytic vesicle membrane [GO:0030666]	1056.33
Polyketide	cytosol [GO:0005829]	1056.33
Polyketide	transcription repressor complex [GO:0017053]	1056.33
Polyketide	nucleoplasm [GO:0005654]	1056.33
Polyketide	plasma membrane [GO:0005886]	1056.33
Polyketide	nucleus [GO:0005634]	1056.33
Polyketide	cytoplasm [GO:0005737]	1056.33
Polyketide	nucleolus [GO:0005730]	1056.33
Polyketide	postsynaptic density [GO:0014069]	625.24
Polyketide	glutamatergic synapse [GO:0098978]	625.24
Polyketide	plasma membrane [GO:0005886]	625.24
Polyketide	DAPK1-calmodulin complex [GO:1990722]	625.24
Polyketide	actin cytoskeleton [GO:0015629]	625.24
Polyketide	nucleus [GO:0005634]	625.24
Polyketide	cytoplasm [GO:0005737]	625.24
Polyketide	cytoplasm [GO:0005737]	1078.47
Polyketide	cytosol [GO:0005829]	1078.47
Polyketide	mitochondrial matrix [GO:0005759]	719.6
Polyketide	mitochondrion [GO:0005739]	719.6
Polyketide	mitochondrial proton-transporting ATP synthase complex [GO:0005753]	120.22
Polyketide	cytosol [GO:0005829]	120.22
Polyketide	mitochondrial proton-transporting ATP synthase complex, coupling factor F(o) [GO:0000276]	120.22
Polyketide	mitochondrion [GO:0005739]	120.22
Polyketide	mitochondrial intermembrane space [GO:0005758]	120.22
Polyketide	mitochondrial inner membrane [GO:0005743]	120.22
Polyketide	aggresome [GO:0016235]	318.31
Polyketide	cell projection [GO:0042995]	318.31
Polyketide	secretory granule membrane [GO:0030667]	318.31
Polyketide	ficolin-1-rich granule membrane [GO:0101003]	318.31
Polyketide	tertiary granule membrane [GO:0070821]	318.31
Polyketide	extracellular exosome [GO:0070062]	318.31
Polyketide	plasma membrane [GO:0005886]	318.31
Polyketide	membrane [GO:0016020]	318.31
Polyketide	specific granule membrane [GO:0035579]	318.31
Polyketide	perikaryon [GO:0043204]	318.31
Polyketide	cytosol [GO:0005829]	872.2
Polyketide	cytoplasm [GO:0005737]	872.2
Polyketide	nucleoplasm [GO:0005654]	872.2
Polyketide	nucleus [GO:0005634]	872.2
Polyketide	cytosol [GO:0005829]	739.15
Polyketide	extracellular region [GO:0005576]	739.15
Polyketide	node of Ranvier [GO:0033268]	496.18
Polyketide	synapse [GO:0045202]	496.18
Polyketide	plasma membrane [GO:0005886]	496.18
Polyketide	axon initial segment [GO:0043194]	496.18
Polyketide	voltage-gated potassium channel complex [GO:0008076]	496.18
Polyketide	dendritic shaft [GO:0043198]	780.57
Polyketide	neuron projection [GO:0043005]	780.57
Polyketide	postsynaptic density [GO:0014069]	780.57
Polyketide	somatodendritic compartment [GO:0036477]	780.57
Polyketide	dendrite membrane [GO:0032590]	780.57
Polyketide	endoplasmic reticulum membrane [GO:0005789]	780.57
Polyketide	cell surface [GO:0009986]	780.57
Polyketide	presynaptic active zone membrane [GO:0048787]	780.57
Polyketide	neuronal cell body [GO:0043025]	780.57
Polyketide	dendrite cytoplasm [GO:0032839]	780.57
Polyketide	spine synapse [GO:0106033]	780.57
Polyketide	synaptic vesicle [GO:0008021]	780.57
Polyketide	Schaffer collateral - CA1 synapse [GO:0098685]	780.57
Polyketide	presynapse [GO:0098793]	780.57
Polyketide	growth cone [GO:0030426]	780.57
Polyketide	perikaryon [GO:0043204]	780.57
Polyketide	AMPA glutamate receptor complex [GO:0032281]	780.57
Polyketide	asymmetric synapse [GO:0032279]	780.57
Polyketide	dendrite [GO:0030425]	780.57
Polyketide	protein-containing complex [GO:0032991]	780.57
Polyketide	ionotropic glutamate receptor complex [GO:0008328]	780.57
Polyketide	dendritic spine head [GO:0044327]	780.57
Polyketide	dendritic spine neck [GO:0044326]	780.57
Polyketide	glutamatergic synapse [GO:0098978]	780.57
Polyketide	membrane [GO:0016020]	780.57
Polyketide	dendritic spine [GO:0043197]	780.57
Polyketide	perisynaptic space [GO:0099544]	780.57
Polyketide	endoplasmic reticulum [GO:0005783]	780.57
Polyketide	plasma membrane [GO:0005886]	780.57
Polyketide	postsynaptic membrane [GO:0045211]	780.57
Polyketide	synapse [GO:0045202]	780.57
Polyketide	terminal bouton [GO:0043195]	780.57
Polyketide	presynaptic membrane [GO:0042734]	780.57
Polyketide	postsynaptic density membrane [GO:0098839]	780.57
Polyketide	synaptic vesicle membrane [GO:0030672]	780.57
Polyketide	axon [GO:0030424]	780.57
Polyketide	synaptic membrane [GO:0097060]	780.57
Polyketide	node of Ranvier [GO:0033268]	230.51
Polyketide	synapse [GO:0045202]	230.51
Polyketide	plasma membrane [GO:0005886]	230.51
Polyketide	axon initial segment [GO:0043194]	230.51
Polyketide	voltage-gated potassium channel complex [GO:0008076]	230.51
Polyketide	intracellular membrane-bounded organelle [GO:0043231]	676.74
Polyketide	nucleoplasm [GO:0005654]	676.74
Polyketide	mitochondrion [GO:0005739]	676.74
Polyketide	chromatin [GO:0000785]	676.74
Polyketide	nucleus [GO:0005634]	676.74
Polyketide	endoplasmic reticulum membrane [GO:0005789]	604.14
Polyketide	endoplasmic reticulum [GO:0005783]	604.14
Polyketide	postsynaptic density [GO:0014069]	447.47
Polyketide	glutamatergic synapse [GO:0098978]	447.47
Polyketide	plasma membrane [GO:0005886]	447.47
Polyketide	DAPK1-calmodulin complex [GO:1990722]	447.47
Polyketide	actin cytoskeleton [GO:0015629]	447.47
Polyketide	nucleus [GO:0005634]	447.47
Polyketide	cytoplasm [GO:0005737]	447.47
Polyketide	dendrite [GO:0030425]	467.82
Polyketide	chloride channel complex [GO:0034707]	467.82
Polyketide	neuron projection [GO:0043005]	467.82
Polyketide	plasma membrane [GO:0005886]	467.82
Polyketide	membrane [GO:0016020]	467.82
Polyketide	postsynaptic membrane [GO:0045211]	467.82
Polyketide	synapse [GO:0045202]	467.82
Polyketide	perikaryon [GO:0043204]	467.82
Polyketide	extracellular space [GO:0005615]	314.22
Polyketide	azurophil granule lumen [GO:0035578]	314.22
Polyketide	extracellular region [GO:0005576]	314.22
Polyketide	extracellular exosome [GO:0070062]	314.22
Polyketide	postsynaptic density [GO:0014069]	922.46
Polyketide	nucleoplasm [GO:0005654]	922.46
Polyketide	cytoplasm [GO:0005737]	922.46
Polyketide	microtubule organizing center [GO:0005815]	922.46
Polyketide	dendrite cytoplasm [GO:0032839]	922.46
Polyketide	caveola [GO:0005901]	922.46
Polyketide	perikaryon [GO:0043204]	922.46
Polyketide	Golgi apparatus [GO:0005794]	922.46
Polyketide	protein-containing complex [GO:0032991]	922.46
Polyketide	focal adhesion [GO:0005925]	922.46
Polyketide	cytosol [GO:0005829]	922.46
Polyketide	early endosome [GO:0005769]	922.46
Polyketide	nucleus [GO:0005634]	922.46
Polyketide	pseudopodium [GO:0031143]	922.46
Polyketide	mitotic spindle [GO:0072686]	922.46
Polyketide	plasma membrane [GO:0005886]	922.46
Polyketide	mitochondrion [GO:0005739]	922.46
Polyketide	axon [GO:0030424]	922.46
Polyketide	cytoskeleton [GO:0005856]	922.46
Polyketide	late endosome [GO:0005770]	922.46
Polyketide	septin ring [GO:0005940]	935.29
Polyketide	condensed nuclear chromosome [GO:0000794]	935.29
Polyketide	nucleus [GO:0005634]	935.29
Polyketide	host cell nucleus [GO:0042025]	1113.24
Polyketide	viral envelope [GO:0019031]	1113.24
Polyketide	host cell plasma membrane [GO:0020002]	1113.24
Polyketide	host cell lipid droplet [GO:0044186]	1113.24
Polyketide	host cell endoplasmic reticulum membrane [GO:0044167]	1113.24
Polyketide	host cell mitochondrial membrane [GO:0044191]	1113.24
Polyketide	ribonucleoprotein complex [GO:1990904]	1113.24
Polyketide	membrane [GO:0016020]	1113.24
Polyketide	viral nucleocapsid [GO:0019013]	1113.24
Polyketide	virion membrane [GO:0055036]	1113.24
Polyketide	host cell perinuclear region of cytoplasm [GO:0044220]	1113.24
Polyketide	cytoskeleton [GO:0005856]	344.61
Polyketide	cytoplasm [GO:0005737]	344.61
Polyketide	nucleoplasm [GO:0005654]	639.23
Polyketide	nucleus [GO:0005634]	639.23
Polyketide	cytoplasm [GO:0005737]	639.23
Polyketide	nucleolus [GO:0005730]	639.23
Polyketide	chromosome [GO:0005694]	768.01
Polyketide	DNA topoisomerase type II (double strand cut, ATP-hydrolyzing) complex [GO:0009330]	768.01
Polyketide	cytosol [GO:0005829]	768.01
Polyketide	protein-containing complex [GO:0032991]	1101.08
Polyketide	cytosol [GO:0005829]	1101.08
Polyketide	nucleoplasm [GO:0005654]	1101.08
Polyketide	membrane [GO:0016020]	1101.08
Polyketide	plasma membrane [GO:0005886]	1101.08
Polyketide	euchromatin [GO:0000791]	1101.08
Polyketide	chromatin [GO:0000785]	1101.08
Polyketide	transcription regulator complex [GO:0005667]	1101.08
Polyketide	nucleus [GO:0005634]	1101.08
Polyketide	cytoplasm [GO:0005737]	1101.08
Polyketide	Golgi apparatus [GO:0005794]	1101.08
Polyketide	nuclear chromosome [GO:0000228]	638.7
Polyketide	histone deacetylase complex [GO:0000118]	638.7
Polyketide	cytoplasm [GO:0005737]	638.7
Polyketide	nucleoplasm [GO:0005654]	638.7
Polyketide	nucleus [GO:0005634]	638.7
Polyketide	protein-DNA complex [GO:0032993]	884.16
Polyketide	mitochondrial proton-transporting ATP synthase complex [GO:0005753]	222.14
Polyketide	cytosol [GO:0005829]	222.14
Polyketide	mitochondrial proton-transporting ATP synthase complex, coupling factor F(o) [GO:0000276]	222.14
Polyketide	mitochondrion [GO:0005739]	222.14
Polyketide	mitochondrial intermembrane space [GO:0005758]	222.14
Polyketide	mitochondrial inner membrane [GO:0005743]	222.14
Polyketide	extracellular space [GO:0005615]	337.49
Polyketide	azurophil granule lumen [GO:0035578]	337.49
Polyketide	extracellular region [GO:0005576]	337.49
Polyketide	extracellular exosome [GO:0070062]	337.49
Polyketide	membrane [GO:0016020]	933.75
Polyketide	cytosol [GO:0005829]	933.75
Polyketide	transcription regulator complex [GO:0005667]	933.75
Polyketide	cytoplasm [GO:0005737]	933.75
Polyketide	chromatin [GO:0000785]	933.75
Polyketide	Golgi apparatus [GO:0005794]	933.75
Polyketide	plasma membrane [GO:0005886]	933.75
Polyketide	nucleoplasm [GO:0005654]	933.75
Polyketide	protein-containing complex [GO:0032991]	933.75
Polyketide	euchromatin [GO:0000791]	933.75
Polyketide	nucleus [GO:0005634]	933.75
Polyketide	fungal biofilm matrix [GO:0062040]	870.07
Polyketide	cytoplasm [GO:0005737]	870.07
Polyketide	extracellular region [GO:0005576]	870.07
Polyketide	extracellular region [GO:0005576]	338.2
Polyketide	extracellular exosome [GO:0070062]	338.2
Polyketide	azurophil granule lumen [GO:0035578]	338.2
Polyketide	extracellular space [GO:0005615]	338.2
Polyketide	mitochondrion [GO:0005739]	1140.37
Polyketide	mitochondrial outer membrane [GO:0005741]	1140.37
Polyketide	nucleus [GO:0005634]	1140.37
Polyketide	cytosol [GO:0005829]	1140.37
Polyketide	cell body [GO:0044297]	86.58
Polyketide	actin filament [GO:0005884]	86.58
Polyketide	skeletal muscle myofibril [GO:0098723]	86.58
Polyketide	stress fiber [GO:0001725]	86.58
Polyketide	filamentous actin [GO:0031941]	86.58
Polyketide	actin filament bundle [GO:0032432]	86.58
Polyketide	lamellipodium [GO:0030027]	86.58
Polyketide	striated muscle thin filament [GO:0005865]	86.58
Polyketide	cytoplasm [GO:0005737]	86.58
Polyketide	filopodium [GO:0030175]	86.58
Polyketide	sarcoplasmic reticulum membrane [GO:0033017]	620.89
Polyketide	cytoplasmic side of membrane [GO:0098562]	620.89
Polyketide	cytosol [GO:0005829]	620.89
Polyketide	Z disc [GO:0030018]	620.89
Polyketide	sarcoplasmic reticulum [GO:0016529]	620.89
Polyketide	terminal cisterna [GO:0014802]	620.89
Polyketide	membrane [GO:0016020]	620.89
Polyketide	ryanodine receptor complex [GO:1990425]	620.89
Polyketide	cytoplasm [GO:0005737]	620.89
Polyketide	efflux pump complex [GO:1990281]	2007.0
Polyketide	outer membrane-bounded periplasmic space [GO:0030288]	2007.0
Polyketide	periplasmic side of plasma membrane [GO:0098567]	2007.0
Polyketide	plasma membrane [GO:0005886]	2007.0
Polyketide	membrane [GO:0016020]	2007.0
Polyketide	mitochondrial envelope [GO:0005740]	616.76
Polyketide	mitochondrial outer membrane [GO:0005741]	616.76
Polyketide	mitochondrion [GO:0005739]	616.76
Polyketide	cytoplasm [GO:0005737]	567.01
Polyketide	node of Ranvier [GO:0033268]	429.48
Polyketide	synapse [GO:0045202]	429.48
Polyketide	plasma membrane [GO:0005886]	429.48
Polyketide	axon initial segment [GO:0043194]	429.48
Polyketide	voltage-gated potassium channel complex [GO:0008076]	429.48
Polyketide	cytosol [GO:0005829]	464.69
Polyketide	nucleoplasm [GO:0005654]	464.69
Polyketide	receptor complex [GO:0043235]	464.69
Polyketide	mitochondrion [GO:0005739]	464.69
Polyketide	RNA polymerase II transcription regulator complex [GO:0090575]	464.69
Polyketide	chromatin [GO:0000785]	464.69
Polyketide	transcription regulator complex [GO:0005667]	464.69
Polyketide	nucleus [GO:0005634]	464.69
Polyketide	node of Ranvier [GO:0033268]	296.52
Polyketide	synapse [GO:0045202]	296.52
Polyketide	plasma membrane [GO:0005886]	296.52
Polyketide	axon initial segment [GO:0043194]	296.52
Polyketide	voltage-gated potassium channel complex [GO:0008076]	296.52
Polyketide	endoplasmic reticulum [GO:0005783]	1682.23
Polyketide	perinuclear region of cytoplasm [GO:0048471]	1682.23
Polyketide	sarcoplasmic reticulum membrane [GO:0033017]	1682.23
Polyketide	sarcoplasmic reticulum [GO:0016529]	1682.23
Polyketide	endoplasmic reticulum membrane [GO:0005789]	1682.23
Polyketide	H zone [GO:0031673]	1682.23
Polyketide	membrane [GO:0016020]	1682.23
Polyketide	endoplasmic reticulum-Golgi intermediate compartment [GO:0005793]	1682.23
Polyketide	I band [GO:0031674]	1682.23
Polyketide	cytoplasm [GO:0005737]	418.82
Polyketide	extracellular region [GO:0005576]	1356.21
Polyketide	plasma membrane [GO:0005886]	851.94
Polyketide	cytoplasm [GO:0005737]	851.94
Polyketide	phosphatidylinositol 3-kinase complex, class IB [GO:0005944]	851.94
Polyketide	phosphatidylinositol 3-kinase complex, class IA [GO:0005943]	851.94
Polyketide	blood microparticle [GO:0072562]	319.73
Polyketide	extracellular region [GO:0005576]	319.73
Polyketide	extracellular exosome [GO:0070062]	319.73
Polyketide	secretory granule lumen [GO:0034774]	319.73
Polyketide	collagen-containing extracellular matrix [GO:0062023]	319.73
Polyketide	platelet alpha granule lumen [GO:0031093]	319.73
Polyketide	azurophil granule lumen [GO:0035578]	319.73
Polyketide	extracellular space [GO:0005615]	319.73
Polyketide	nucleus [GO:0005634]	319.73
Polyketide	protein-containing complex [GO:0032991]	897.62
Polyketide	endocytic vesicle membrane [GO:0030666]	897.62
Polyketide	cytosol [GO:0005829]	897.62
Polyketide	transcription repressor complex [GO:0017053]	897.62
Polyketide	nucleoplasm [GO:0005654]	897.62
Polyketide	plasma membrane [GO:0005886]	897.62
Polyketide	nucleus [GO:0005634]	897.62
Polyketide	cytoplasm [GO:0005737]	897.62
Polyketide	nucleolus [GO:0005730]	897.62
Polyketide	protein-containing complex [GO:0032991]	893.58
Polyketide	endocytic vesicle membrane [GO:0030666]	893.58
Polyketide	cytosol [GO:0005829]	893.58
Polyketide	transcription repressor complex [GO:0017053]	893.58
Polyketide	nucleoplasm [GO:0005654]	893.58
Polyketide	plasma membrane [GO:0005886]	893.58
Polyketide	nucleus [GO:0005634]	893.58
Polyketide	cytoplasm [GO:0005737]	893.58
Polyketide	nucleolus [GO:0005730]	893.58
Polyketide	nucleoplasm [GO:0005654]	769.99
Polyketide	mitochondrial respiratory chain complex I [GO:0005747]	769.99
Polyketide	host cell nucleus [GO:0042025]	919.33
Polyketide	protein-containing complex [GO:0032991]	919.33
Polyketide	host cell plasma membrane [GO:0020002]	919.33
Polyketide	host cell lipid droplet [GO:0044186]	919.33
Polyketide	viral envelope [GO:0019031]	919.33
Polyketide	host cell endoplasmic reticulum membrane [GO:0044167]	919.33
Polyketide	host cell mitochondrial membrane [GO:0044191]	919.33
Polyketide	ribonucleoprotein complex [GO:1990904]	919.33
Polyketide	membrane [GO:0016020]	919.33
Polyketide	viral nucleocapsid [GO:0019013]	919.33
Polyketide	virion membrane [GO:0055036]	919.33
Polyketide	host cell perinuclear region of cytoplasm [GO:0044220]	919.33
Polyketide	myelin sheath [GO:0043209]	742.17
Polyketide	cytosol [GO:0005829]	742.17
Polyketide	apical part of cell [GO:0045177]	742.17
Polyketide	extracellular exosome [GO:0070062]	742.17
Polyketide	plasma membrane [GO:0005886]	742.17
Polyketide	cytoplasm [GO:0005737]	742.17
Polyketide	nuclear periphery [GO:0034399]	105.09
Polyketide	main axon [GO:0044304]	105.09
Polyketide	neurofibrillary tangle [GO:0097418]	105.09
Polyketide	neuron projection [GO:0043005]	105.09
Polyketide	somatodendritic compartment [GO:0036477]	105.09
Polyketide	microtubule [GO:0005874]	105.09
Polyketide	cytoplasm [GO:0005737]	105.09
Polyketide	neuronal cell body [GO:0043025]	105.09
Polyketide	cell body [GO:0044297]	105.09
Polyketide	nuclear speck [GO:0016607]	105.09
Polyketide	growth cone [GO:0030426]	105.09
Polyketide	membrane raft [GO:0045121]	105.09
Polyketide	dendrite [GO:0030425]	105.09
Polyketide	tubulin complex [GO:0045298]	105.09
Polyketide	microtubule cytoskeleton [GO:0015630]	105.09
Polyketide	cytosol [GO:0005829]	105.09
Polyketide	axolemma [GO:0030673]	105.09
Polyketide	glial cell projection [GO:0097386]	105.09
Polyketide	dendritic spine [GO:0043197]	105.09
Polyketide	extracellular region [GO:0005576]	105.09
Polyketide	cytoplasmic ribonucleoprotein granule [GO:0036464]	105.09
Polyketide	nucleus [GO:0005634]	105.09
Polyketide	axon cytoplasm [GO:1904115]	105.09
Polyketide	plasma membrane [GO:0005886]	105.09
Polyketide	mitochondrion [GO:0005739]	105.09
Polyketide	axon [GO:0030424]	105.09
Polyketide	membrane [GO:0016020]	728.74
Polyketide	cytoplasm [GO:0005737]	988.44
Polyketide	dendrite [GO:0030425]	631.98
Polyketide	neuron projection [GO:0043005]	631.98
Polyketide	intracellular membrane-bounded organelle [GO:0043231]	631.98
Polyketide	plasma membrane [GO:0005886]	631.98
Polyketide	postsynaptic membrane [GO:0045211]	631.98
Polyketide	synapse [GO:0045202]	631.98
Polyketide	glycine-gated chloride channel complex [GO:0016935]	631.98
Polyketide	perikaryon [GO:0043204]	631.98
Polyketide	plasma membrane [GO:0005886]	308.84
Polyketide	proton-transporting ATP synthase complex, coupling factor F(o) [GO:0045263]	308.84
Polyketide	nucleus [GO:0005634]	0.0
Polyketide	proton-transporting V-type ATPase complex [GO:0033176]	384.67
Polyketide	vacuolar proton-transporting V-type ATPase, V0 domain [GO:0000220]	384.67
Polyketide	Golgi membrane [GO:0000139]	384.67
Polyketide	membrane [GO:0016020]	384.67
Polyketide	vacuolar proton-transporting V-type ATPase complex [GO:0016471]	384.67
Polyketide	fungal-type vacuole membrane [GO:0000329]	384.67
Polyketide	perinuclear region of cytoplasm [GO:0048471]	651.56
Polyketide	Golgi membrane [GO:0000139]	651.56
Polyketide	endoplasmic reticulum membrane [GO:0005789]	651.56
Polyketide	membrane [GO:0016020]	651.56
Polyketide	extracellular region [GO:0005576]	651.56
Polyketide	Golgi stack [GO:0005795]	651.56
Polyketide	Golgi cisterna membrane [GO:0032580]	651.56
Polyketide	Golgi apparatus [GO:0005794]	651.56
Polyketide	protein-containing complex [GO:0032991]	844.31
Polyketide	endocytic vesicle membrane [GO:0030666]	844.31
Polyketide	cytosol [GO:0005829]	844.31
Polyketide	transcription repressor complex [GO:0017053]	844.31
Polyketide	nucleoplasm [GO:0005654]	844.31
Polyketide	plasma membrane [GO:0005886]	844.31
Polyketide	nucleus [GO:0005634]	844.31
Polyketide	cytoplasm [GO:0005737]	844.31
Polyketide	nucleolus [GO:0005730]	844.31
Polyketide	vacuolar proton-transporting V-type ATPase, V0 domain [GO:0000220]	416.58
Polyketide	synaptic vesicle membrane [GO:0030672]	416.58
Polyketide	clathrin-coated vesicle membrane [GO:0030665]	416.58
Polyketide	proton-transporting V-type ATPase complex [GO:0033176]	343.18
Polyketide	vacuolar proton-transporting V-type ATPase, V0 domain [GO:0000220]	343.18
Polyketide	Golgi membrane [GO:0000139]	343.18
Polyketide	membrane [GO:0016020]	343.18
Polyketide	vacuolar proton-transporting V-type ATPase complex [GO:0016471]	343.18
Polyketide	fungal-type vacuole membrane [GO:0000329]	343.18
Polyketide	melanosome [GO:0042470]	798.12
Polyketide	perinuclear region of cytoplasm [GO:0048471]	798.12
Polyketide	sarcoplasmic reticulum lumen [GO:0033018]	798.12
Polyketide	endoplasmic reticulum [GO:0005783]	798.12
Polyketide	dendrite [GO:0030425]	670.73
Polyketide	PML body [GO:0016605]	670.73
Polyketide	nuclear envelope [GO:0005635]	670.73
Polyketide	lysosome [GO:0005764]	670.73
Polyketide	endomembrane system [GO:0012505]	670.73
Polyketide	mitochondrial outer membrane [GO:0005741]	670.73
Polyketide	cytosol [GO:0005829]	670.73
Polyketide	Golgi membrane [GO:0000139]	670.73
Polyketide	nucleoplasm [GO:0005654]	670.73
Polyketide	endoplasmic reticulum membrane [GO:0005789]	670.73
Polyketide	membrane [GO:0016020]	670.73
Polyketide	TORC1 complex [GO:0031931]	670.73
Polyketide	nucleus [GO:0005634]	670.73
Polyketide	TORC2 complex [GO:0031932]	670.73
Polyketide	lysosomal membrane [GO:0005765]	670.73
Polyketide	cytoplasm [GO:0005737]	670.73
Polyketide	phagocytic vesicle [GO:0045335]	670.73
Polyketide	cytosol [GO:0005829]	408.21
Polyketide	nucleoplasm [GO:0005654]	408.21
Polyketide	endoplasmic reticulum membrane [GO:0005789]	408.21
Polyketide	receptor complex [GO:0043235]	408.21
Polyketide	chromatin [GO:0000785]	408.21
Polyketide	node of Ranvier [GO:0033268]	350.26
Polyketide	synapse [GO:0045202]	350.26
Polyketide	plasma membrane [GO:0005886]	350.26
Polyketide	axon initial segment [GO:0043194]	350.26
Polyketide	voltage-gated potassium channel complex [GO:0008076]	350.26
Polyketide	plasma membrane [GO:0005886]	341.75
Polyketide	proton-transporting ATP synthase complex, coupling factor F(o) [GO:0045263]	341.75
Polyketide	extracellular exosome [GO:0070062]	737.99
Polyketide	collagen-containing extracellular matrix [GO:0062023]	737.99
Polyketide	plasma membrane [GO:0005886]	737.99
Polyketide	peptidase inhibitor complex [GO:1904090]	737.99
Polyketide	serine protease inhibitor complex [GO:0097180]	737.99
Polyketide	extracellular region [GO:0005576]	737.99
Polyketide	platelet alpha granule lumen [GO:0031093]	737.99
Polyketide	extracellular space [GO:0005615]	737.99
Polyketide	protein-containing complex [GO:0032991]	502.95
Polyketide	cytosol [GO:0005829]	502.95
Polyketide	nucleoplasm [GO:0005654]	502.95
Polyketide	membrane [GO:0016020]	502.95
Polyketide	plasma membrane [GO:0005886]	502.95
Polyketide	euchromatin [GO:0000791]	502.95
Polyketide	chromatin [GO:0000785]	502.95
Polyketide	transcription regulator complex [GO:0005667]	502.95
Polyketide	nucleus [GO:0005634]	502.95
Polyketide	cytoplasm [GO:0005737]	502.95
Polyketide	Golgi apparatus [GO:0005794]	502.95
Polyketide	intracellular membrane-bounded organelle [GO:0043231]	448.83
Polyketide	nucleoplasm [GO:0005654]	448.83
Polyketide	mitochondrion [GO:0005739]	448.83
Polyketide	chromatin [GO:0000785]	448.83
Polyketide	nucleus [GO:0005634]	448.83
Polyketide	chloroplast stroma [GO:0009570]	459.24
Polyketide	endoplasmic reticulum [GO:0005783]	459.24
Polyketide	chloroplast [GO:0009507]	459.24
Polyketide	cytosol [GO:0005829]	459.24
Polyketide	intracellular membrane-bounded organelle [GO:0043231]	459.24
Polyketide	plasma membrane [GO:0005886]	459.24
Polyketide	apoplast [GO:0048046]	459.24
Polyketide	plasmodesma [GO:0009506]	459.24
Polyketide	plant-type vacuole [GO:0000325]	459.24
Polyketide	cytoplasm [GO:0005737]	929.01
Polyketide	host cell nucleus [GO:0042025]	721.7
Polyketide	viral envelope [GO:0019031]	721.7
Polyketide	host cell plasma membrane [GO:0020002]	721.7
Polyketide	host cell lipid droplet [GO:0044186]	721.7
Polyketide	host cell endoplasmic reticulum membrane [GO:0044167]	721.7
Polyketide	host cell mitochondrial membrane [GO:0044191]	721.7
Polyketide	ribonucleoprotein complex [GO:1990904]	721.7
Polyketide	membrane [GO:0016020]	721.7
Polyketide	viral nucleocapsid [GO:0019013]	721.7
Polyketide	virion membrane [GO:0055036]	721.7
Polyketide	host cell perinuclear region of cytoplasm [GO:0044220]	721.7
Polyketide	nuclear chromosome [GO:0000228]	664.34
Polyketide	histone deacetylase complex [GO:0000118]	664.34
Polyketide	cytoplasm [GO:0005737]	664.34
Polyketide	nucleoplasm [GO:0005654]	664.34
Polyketide	nucleus [GO:0005634]	664.34
Polyketide	intracellular membrane-bounded organelle [GO:0043231]	603.04
Polyketide	endoplasmic reticulum membrane [GO:0005789]	603.04
Polyketide	cytoplasm [GO:0005737]	603.04
Polyketide	cytoplasmic microtubule [GO:0005881]	603.04
Polyketide	cytoplasmic side of endoplasmic reticulum membrane [GO:0098554]	367.15
Polyketide	protein-containing complex [GO:0032991]	367.15
Polyketide	endoplasmic reticulum [GO:0005783]	367.15
Polyketide	sorting endosome [GO:0097443]	367.15
Polyketide	endosome lumen [GO:0031904]	367.15
Polyketide	early endosome [GO:0005769]	367.15
Polyketide	cytosol [GO:0005829]	367.15
Polyketide	mitochondrial crista [GO:0030061]	367.15
Polyketide	mitochondrial matrix [GO:0005759]	367.15
Polyketide	cytoplasm [GO:0005737]	367.15
Polyketide	PML body [GO:0016605]	806.88
Polyketide	Sin3 complex [GO:0016580]	806.88
Polyketide	protein kinase CK2 complex [GO:0005956]	806.88
Polyketide	cytosol [GO:0005829]	806.88
Polyketide	nucleoplasm [GO:0005654]	806.88
Polyketide	plasma membrane [GO:0005886]	806.88
Polyketide	nucleus [GO:0005634]	806.88
Polyketide	nucleus [GO:0005634]	875.17
Polyketide	mitochondrial respiratory chain complex I [GO:0005747]	753.41
Polyketide	mitochondrial inner membrane [GO:0005743]	753.41
Polyketide	intracellular membrane-bounded organelle [GO:0043231]	506.11
Polyketide	nucleoplasm [GO:0005654]	506.11
Polyketide	mitochondrion [GO:0005739]	506.11
Polyketide	chromatin [GO:0000785]	506.11
Polyketide	nucleus [GO:0005634]	506.11
Polyketide	nucleoplasm [GO:0005654]	687.23
Polyketide	chromatin [GO:0000785]	687.23
Polyketide	viral envelope [GO:0019031]	758.55
Polyketide	host cell plasma membrane [GO:0020002]	758.55
Polyketide	host cell endoplasmic reticulum [GO:0044165]	758.55
Polyketide	virion membrane [GO:0055036]	758.55
Polyketide	extracellular region [GO:0005576]	758.55
Polyketide	membrane raft [GO:0045121]	758.55
Polyketide	host cell cytoplasm [GO:0030430]	758.55
Polyketide	intracellular membrane-bounded organelle [GO:0043231]	508.97
Polyketide	nucleoplasm [GO:0005654]	508.97
Polyketide	mitochondrion [GO:0005739]	508.97
Polyketide	chromatin [GO:0000785]	508.97
Polyketide	nucleus [GO:0005634]	508.97
Polyketide	protein-containing complex [GO:0032991]	989.44
Polyketide	cytosol [GO:0005829]	989.44
Polyketide	nucleoplasm [GO:0005654]	989.44
Polyketide	membrane [GO:0016020]	989.44
Polyketide	plasma membrane [GO:0005886]	989.44
Polyketide	euchromatin [GO:0000791]	989.44
Polyketide	chromatin [GO:0000785]	989.44
Polyketide	transcription regulator complex [GO:0005667]	989.44
Polyketide	nucleus [GO:0005634]	989.44
Polyketide	cytoplasm [GO:0005737]	989.44
Polyketide	Golgi apparatus [GO:0005794]	989.44
Polyketide	spindle pole body [GO:0005816]	1093.42
Polyketide	perinuclear region of cytoplasm [GO:0048471]	1093.42
Polyketide	kinetochore [GO:0000776]	1093.42
Polyketide	nucleus [GO:0005634]	1093.42
Polyketide	cytoplasm [GO:0005737]	1093.42
Polyketide	extracellular space [GO:0005615]	656.16
Polyketide	extracellular region [GO:0005576]	656.16
Polyketide	extracellular exosome [GO:0070062]	656.16
Polyketide	nuclear envelope [GO:0005635]	616.48
Polyketide	perinuclear region of cytoplasm [GO:0048471]	616.48
Polyketide	cytosol [GO:0005829]	616.48
Polyketide	pericentriolar material [GO:0000242]	616.48
Polyketide	Golgi membrane [GO:0000139]	616.48
Polyketide	chromosome, telomeric region [GO:0000781]	616.48
Polyketide	nucleus [GO:0005634]	616.48
Polyketide	cytoplasm [GO:0005737]	616.48
Polyketide	host cell nucleus [GO:0042025]	917.95
Polyketide	host cell cytoplasm [GO:0030430]	917.95
Polyketide	protein-containing complex [GO:0032991]	1292.64
Polyketide	endocytic vesicle membrane [GO:0030666]	1292.64
Polyketide	cytosol [GO:0005829]	1292.64
Polyketide	transcription repressor complex [GO:0017053]	1292.64
Polyketide	nucleoplasm [GO:0005654]	1292.64
Polyketide	plasma membrane [GO:0005886]	1292.64
Polyketide	nucleus [GO:0005634]	1292.64
Polyketide	cytoplasm [GO:0005737]	1292.64
Polyketide	nucleolus [GO:0005730]	1292.64
Polyketide	cell body [GO:0044297]	829.82
Polyketide	actin filament [GO:0005884]	829.82
Polyketide	skeletal muscle myofibril [GO:0098723]	829.82
Polyketide	stress fiber [GO:0001725]	829.82
Polyketide	filamentous actin [GO:0031941]	829.82
Polyketide	actin filament bundle [GO:0032432]	829.82
Polyketide	lamellipodium [GO:0030027]	829.82
Polyketide	striated muscle thin filament [GO:0005865]	829.82
Polyketide	cytoplasm [GO:0005737]	829.82
Polyketide	filopodium [GO:0030175]	829.82
Polyketide	sarcoplasmic reticulum membrane [GO:0033017]	996.32
Polyketide	cytoplasmic side of membrane [GO:0098562]	996.32
Polyketide	cytosol [GO:0005829]	996.32
Polyketide	Z disc [GO:0030018]	996.32
Polyketide	sarcoplasmic reticulum [GO:0016529]	996.32
Polyketide	terminal cisterna [GO:0014802]	996.32
Polyketide	membrane [GO:0016020]	996.32
Polyketide	ryanodine receptor complex [GO:1990425]	996.32
Polyketide	cytoplasm [GO:0005737]	996.32
Polyketide	host cell nucleus [GO:0042025]	1361.15
Polyketide	viral envelope [GO:0019031]	1361.15
Polyketide	host cell plasma membrane [GO:0020002]	1361.15
Polyketide	host cell lipid droplet [GO:0044186]	1361.15
Polyketide	host cell endoplasmic reticulum membrane [GO:0044167]	1361.15
Polyketide	host cell mitochondrial membrane [GO:0044191]	1361.15
Polyketide	ribonucleoprotein complex [GO:1990904]	1361.15
Polyketide	membrane [GO:0016020]	1361.15
Polyketide	viral nucleocapsid [GO:0019013]	1361.15
Polyketide	virion membrane [GO:0055036]	1361.15
Polyketide	host cell perinuclear region of cytoplasm [GO:0044220]	1361.15
Polyketide	cell body [GO:0044297]	1106.8
Polyketide	actin filament [GO:0005884]	1106.8
Polyketide	skeletal muscle myofibril [GO:0098723]	1106.8
Polyketide	stress fiber [GO:0001725]	1106.8
Polyketide	filamentous actin [GO:0031941]	1106.8
Polyketide	actin filament bundle [GO:0032432]	1106.8
Polyketide	lamellipodium [GO:0030027]	1106.8
Polyketide	striated muscle thin filament [GO:0005865]	1106.8
Polyketide	cytoplasm [GO:0005737]	1106.8
Polyketide	filopodium [GO:0030175]	1106.8
Polyketide	transcription repressor complex [GO:0017053]	323.86
Polyketide	nucleoplasm [GO:0005654]	323.86
Polyketide	nucleus [GO:0005634]	323.86
Polyketide	endoplasmic reticulum [GO:0005783]	409.2
Polyketide	ribonucleoprotein complex [GO:1990904]	409.2
Polyketide	cytosol [GO:0005829]	409.2
Polyketide	plasma membrane [GO:0005886]	409.2
Polyketide	ribosome [GO:0005840]	409.2
Polyketide	vesicle [GO:0031982]	654.56
Polyketide	cytoplasm [GO:0005737]	654.56
Polyketide	secretory granule lumen [GO:0034774]	654.56
Polyketide	cytosol [GO:0005829]	654.56
Polyketide	ficolin-1-rich granule lumen [GO:1904813]	654.56
Polyketide	extracellular exosome [GO:0070062]	654.56
Polyketide	nucleoplasm [GO:0005654]	654.56
Polyketide	plasma membrane [GO:0005886]	654.56
Polyketide	extracellular region [GO:0005576]	654.56
Polyketide	extracellular space [GO:0005615]	654.56
Polyketide	cell surface [GO:0009986]	654.56
Polyketide	cytosol [GO:0005829]	392.51
Polyketide	extracellular exosome [GO:0070062]	392.51
Polyketide	histone deacetylase complex [GO:0000118]	313.05
Polyketide	nucleoplasm [GO:0005654]	313.05
Polyketide	nuclear chromosome [GO:0000228]	313.05
Polyketide	nucleus [GO:0005634]	313.05
Polyketide	cytoplasm [GO:0005737]	313.05
Polyketide	skeletal muscle myofibril [GO:0098723]	621.66
Polyketide	extracellular space [GO:0005615]	598.57
Polyketide	azurophil granule lumen [GO:0035578]	598.57
Polyketide	extracellular region [GO:0005576]	598.57
Polyketide	extracellular exosome [GO:0070062]	598.57
Polyketide	cytoplasm [GO:0005737]	989.47
Polyketide	postsynaptic density [GO:0014069]	769.5
Polyketide	glutamatergic synapse [GO:0098978]	769.5
Polyketide	plasma membrane [GO:0005886]	769.5
Polyketide	DAPK1-calmodulin complex [GO:1990722]	769.5
Polyketide	actin cytoskeleton [GO:0015629]	769.5
Polyketide	nucleus [GO:0005634]	769.5
Polyketide	cytoplasm [GO:0005737]	769.5
Polyketide	transcription repressor complex [GO:0017053]	940.51
Polyketide	nucleoplasm [GO:0005654]	940.51
Polyketide	nucleus [GO:0005634]	940.51
Polyketide	periplasmic space [GO:0042597]	798.83
Polyketide	node of Ranvier [GO:0033268]	276.4
Polyketide	synapse [GO:0045202]	276.4
Polyketide	plasma membrane [GO:0005886]	276.4
Polyketide	axon initial segment [GO:0043194]	276.4
Polyketide	voltage-gated potassium channel complex [GO:0008076]	276.4
Polyketide	dendrite [GO:0030425]	800.18
Polyketide	PML body [GO:0016605]	800.18
Polyketide	nuclear envelope [GO:0005635]	800.18
Polyketide	lysosome [GO:0005764]	800.18
Polyketide	endomembrane system [GO:0012505]	800.18
Polyketide	mitochondrial outer membrane [GO:0005741]	800.18
Polyketide	cytosol [GO:0005829]	800.18
Polyketide	Golgi membrane [GO:0000139]	800.18
Polyketide	nucleoplasm [GO:0005654]	800.18
Polyketide	endoplasmic reticulum membrane [GO:0005789]	800.18
Polyketide	membrane [GO:0016020]	800.18
Polyketide	TORC1 complex [GO:0031931]	800.18
Polyketide	nucleus [GO:0005634]	800.18
Polyketide	TORC2 complex [GO:0031932]	800.18
Polyketide	lysosomal membrane [GO:0005765]	800.18
Polyketide	cytoplasm [GO:0005737]	800.18
Polyketide	phagocytic vesicle [GO:0045335]	800.18
Polyketide	protein-containing complex [GO:0032991]	709.74
Polyketide	cytosol [GO:0005829]	709.74
Polyketide	nucleoplasm [GO:0005654]	709.74
Polyketide	membrane [GO:0016020]	709.74
Polyketide	plasma membrane [GO:0005886]	709.74
Polyketide	euchromatin [GO:0000791]	709.74
Polyketide	chromatin [GO:0000785]	709.74
Polyketide	transcription regulator complex [GO:0005667]	709.74
Polyketide	nucleus [GO:0005634]	709.74
Polyketide	cytoplasm [GO:0005737]	709.74
Polyketide	Golgi apparatus [GO:0005794]	709.74
Polyketide	extracellular space [GO:0005615]	317.2
Polyketide	azurophil granule lumen [GO:0035578]	317.2
Polyketide	extracellular region [GO:0005576]	317.2
Polyketide	extracellular exosome [GO:0070062]	317.2
Polyketide	PML body [GO:0016605]	568.35
Polyketide	Sin3 complex [GO:0016580]	568.35
Polyketide	protein kinase CK2 complex [GO:0005956]	568.35
Polyketide	cytosol [GO:0005829]	568.35
Polyketide	nucleoplasm [GO:0005654]	568.35
Polyketide	plasma membrane [GO:0005886]	568.35
Polyketide	nucleus [GO:0005634]	568.35
Polyketide	endoplasmic reticulum lumen [GO:0005788]	956.35
Polyketide	protein-containing complex [GO:0032991]	956.35
Polyketide	endoplasmic reticulum [GO:0005783]	956.35
Polyketide	extracellular exosome [GO:0070062]	956.35
Polyketide	blood microparticle [GO:0072562]	956.35
Polyketide	platelet alpha granule lumen [GO:0031093]	956.35
Polyketide	extracellular region [GO:0005576]	956.35
Polyketide	extracellular space [GO:0005615]	956.35
Polyketide	nucleus [GO:0005634]	956.35
Polyketide	cytoplasm [GO:0005737]	956.35
Polyketide	Golgi apparatus [GO:0005794]	956.35
Polyketide	melanosome [GO:0042470]	417.93
Polyketide	axonal growth cone [GO:0044295]	417.93
Polyketide	cell body [GO:0044297]	417.93
Polyketide	endomembrane system [GO:0012505]	417.93
Polyketide	lamellipodium [GO:0030027]	417.93
Polyketide	growth cone membrane [GO:0032584]	417.93
Polyketide	plasma membrane [GO:0005886]	417.93
Polyketide	axon [GO:0030424]	417.93
Polyketide	cell surface [GO:0009986]	417.93
Polyketide	skeletal muscle myofibril [GO:0098723]	785.73
Polyketide	lysosomal lumen [GO:0043202]	540.97
Polyketide	basolateral plasma membrane [GO:0016323]	540.97
Polyketide	secretory granule lumen [GO:0034774]	540.97
Polyketide	extracellular exosome [GO:0070062]	540.97
Polyketide	nucleoplasm [GO:0005654]	540.97
Polyketide	brush border membrane [GO:0031526]	540.97
Polyketide	cytoplasm [GO:0005737]	540.97
Polyketide	cell surface [GO:0009986]	540.97
Polyketide	neuronal cell body [GO:0043025]	540.97
Polyketide	endocytic vesicle lumen [GO:0071682]	540.97
Polyketide	melanosome [GO:0042470]	540.97
Polyketide	protein-containing complex [GO:0032991]	540.97
Polyketide	axonal growth cone [GO:0044295]	540.97
Polyketide	perinuclear region of cytoplasm [GO:0048471]	540.97
Polyketide	cytosol [GO:0005829]	540.97
Polyketide	sperm mitochondrial sheath [GO:0097226]	540.97
Polyketide	membrane [GO:0016020]	540.97
Polyketide	extracellular region [GO:0005576]	540.97
Polyketide	nucleus [GO:0005634]	540.97
Polyketide	sperm plasma membrane [GO:0097524]	540.97
Polyketide	collagen-containing extracellular matrix [GO:0062023]	540.97
Polyketide	myelin sheath [GO:0043209]	540.97
Polyketide	apical plasma membrane [GO:0016324]	540.97
Polyketide	ficolin-1-rich granule lumen [GO:1904813]	540.97
Polyketide	dendritic growth cone [GO:0044294]	540.97
Polyketide	plasma membrane [GO:0005886]	540.97
Polyketide	mitochondrion [GO:0005739]	540.97
Polyketide	nucleoplasm [GO:0005654]	981.18
Polyketide	nucleus [GO:0005634]	981.18
Polyketide	cytoplasm [GO:0005737]	981.18
Polyketide	nucleolus [GO:0005730]	981.18
Polyketide	protein-DNA complex [GO:0032993]	923.06
Polyketide	extracellular space [GO:0005615]	402.86
Polyketide	azurophil granule lumen [GO:0035578]	402.86
Polyketide	extracellular region [GO:0005576]	402.86
Polyketide	extracellular exosome [GO:0070062]	402.86
Polyketide	periplasmic space [GO:0042597]	511.68
Polyketide	extracellular space [GO:0005615]	357.62
Polyketide	azurophil granule lumen [GO:0035578]	357.62
Polyketide	extracellular region [GO:0005576]	357.62
Polyketide	extracellular exosome [GO:0070062]	357.62
Polyketide	histone deacetylase complex [GO:0000118]	215.79
Polyketide	protein-containing complex [GO:0032991]	911.35
Polyketide	condensed nuclear chromosome [GO:0000794]	911.35
Polyketide	centrosome [GO:0005813]	911.35
Polyketide	kinetochore [GO:0000776]	911.35
Polyketide	cytosol [GO:0005829]	911.35
Polyketide	nucleoplasm [GO:0005654]	911.35
Polyketide	microtubule [GO:0005874]	911.35
Polyketide	nucleus [GO:0005634]	911.35
Polyketide	spindle pole [GO:0000922]	911.35
Polyketide	midbody [GO:0030496]	911.35
Polyketide	cytoplasm [GO:0005737]	911.35
Polyketide	nucleolus [GO:0005730]	911.35
Polyketide	nucleus [GO:0005634]	498.3
Polyketide	cytosol [GO:0005829]	498.3
Polyketide	methionine adenosyltransferase complex [GO:0048269]	498.3
Polyketide	extracellular exosome [GO:0070062]	498.3
Polyketide	plasma membrane [GO:0005886]	389.9
Polyketide	cell division site [GO:0032153]	389.9
Polyketide	cytoplasm [GO:0005737]	389.9
Polyketide	mitochondrion [GO:0005739]	499.38
Polyketide	mitochondrial inner membrane [GO:0005743]	499.38
Polyketide	mitochondrial proton-transporting ATP synthase complex [GO:0005753]	499.38
Polyketide	mitochondrial proton-transporting ATP synthase complex, coupling factor F(o) [GO:0000276]	499.38
Polyketide	heterochromatin [GO:0000792]	344.43
Polyketide	chromosome [GO:0005694]	344.43
Polyketide	paranode region of axon [GO:0033270]	344.43
Polyketide	microtubule [GO:0005874]	344.43
Polyketide	juxtaparanode region of axon [GO:0044224]	344.43
Polyketide	chromatin silencing complex [GO:0005677]	344.43
Polyketide	cytoplasm [GO:0005737]	344.43
Polyketide	nucleolus [GO:0005730]	344.43
Polyketide	centrosome [GO:0005813]	344.43
Polyketide	meiotic spindle [GO:0072687]	344.43
Polyketide	paranodal junction [GO:0033010]	344.43
Polyketide	lateral loop [GO:0043219]	344.43
Polyketide	centriole [GO:0005814]	344.43
Polyketide	growth cone [GO:0030426]	344.43
Polyketide	perikaryon [GO:0043204]	344.43
Polyketide	midbody [GO:0030496]	344.43
Polyketide	perinuclear region of cytoplasm [GO:0048471]	344.43
Polyketide	cytosol [GO:0005829]	344.43
Polyketide	glial cell projection [GO:0097386]	344.43
Polyketide	chromosome, telomeric region [GO:0000781]	344.43
Polyketide	spindle [GO:0005819]	344.43
Polyketide	nucleus [GO:0005634]	344.43
Polyketide	myelin sheath [GO:0043209]	344.43
Polyketide	Schmidt-Lanterman incisure [GO:0043220]	344.43
Polyketide	mitotic spindle [GO:0072686]	344.43
Polyketide	plasma membrane [GO:0005886]	344.43
Polyketide	mitochondrion [GO:0005739]	344.43
Polyketide	membrane [GO:0016020]	820.57
Polyketide	plasma membrane [GO:0005886]	862.85
Polyketide	proton-transporting ATP synthase complex, catalytic core F(1) [GO:0045261]	273.75
Polyketide	mitochondrial proton-transporting ATP synthase complex [GO:0005753]	273.75
Polyketide	vesicle [GO:0031982]	241.92
Polyketide	cytoplasm [GO:0005737]	241.92
Polyketide	secretory granule lumen [GO:0034774]	241.92
Polyketide	cytosol [GO:0005829]	241.92
Polyketide	ficolin-1-rich granule lumen [GO:1904813]	241.92
Polyketide	extracellular exosome [GO:0070062]	241.92
Polyketide	nucleoplasm [GO:0005654]	241.92
Polyketide	plasma membrane [GO:0005886]	241.92
Polyketide	extracellular region [GO:0005576]	241.92
Polyketide	extracellular space [GO:0005615]	241.92
Polyketide	cell surface [GO:0009986]	241.92
Polyketide	nucleoplasm [GO:0005654]	573.21
Polyketide	mitochondrial respiratory chain complex I [GO:0005747]	573.21
Polyketide	extracellular space [GO:0005615]	696.2
Polyketide	extracellular space [GO:0005615]	281.09
Polyketide	azurophil granule lumen [GO:0035578]	281.09
Polyketide	extracellular region [GO:0005576]	281.09
Polyketide	extracellular exosome [GO:0070062]	281.09
Polyketide	nuclear envelope [GO:0005635]	593.94
Polyketide	perinuclear region of cytoplasm [GO:0048471]	593.94
Polyketide	cytosol [GO:0005829]	593.94
Polyketide	pericentriolar material [GO:0000242]	593.94
Polyketide	Golgi membrane [GO:0000139]	593.94
Polyketide	chromosome, telomeric region [GO:0000781]	593.94
Polyketide	nucleus [GO:0005634]	593.94
Polyketide	cytoplasm [GO:0005737]	593.94
Polyketide	plasma membrane [GO:0005886]	509.36
Polyketide	proton-transporting ATP synthase complex, coupling factor F(o) [GO:0045263]	509.36
Polyketide	histone deacetylase complex [GO:0000118]	236.6
Polyketide	nucleoplasm [GO:0005654]	236.6
Polyketide	nuclear chromosome [GO:0000228]	236.6
Polyketide	nucleus [GO:0005634]	236.6
Polyketide	cytoplasm [GO:0005737]	236.6
Polyketide	membrane-bounded organelle [GO:0043227]	629.36
Polyketide	plasma membrane [GO:0005886]	75.94
Polyketide	proton-transporting ATP synthase complex, coupling factor F(o) [GO:0045263]	75.94
Polyketide	calcium channel complex [GO:0034704]	885.5
Polyketide	sarcoplasmic reticulum membrane [GO:0033017]	885.5
Polyketide	cytosol [GO:0005829]	885.5
Polyketide	Z disc [GO:0030018]	885.5
Polyketide	membrane [GO:0016020]	885.5
Polyketide	cytoplasm [GO:0005737]	885.5
Polyketide	cytoplasm [GO:0005737]	1050.6
Polyketide	membrane [GO:0016020]	252.2
Polyketide	dendrite [GO:0030425]	906.6
Polyketide	neuron projection [GO:0043005]	906.6
Polyketide	intracellular membrane-bounded organelle [GO:0043231]	906.6
Polyketide	plasma membrane [GO:0005886]	906.6
Polyketide	postsynaptic membrane [GO:0045211]	906.6
Polyketide	synapse [GO:0045202]	906.6
Polyketide	glycine-gated chloride channel complex [GO:0016935]	906.6
Polyketide	perikaryon [GO:0043204]	906.6
Polyketide	membrane [GO:0016020]	544.58
Polyketide	host cell plasma membrane [GO:0020002]	435.46
Polyketide	host cell endosome membrane [GO:0044175]	435.46
Polyketide	host cell cytosol [GO:0044164]	435.46
Polyketide	membrane [GO:0016020]	435.46
Polyketide	extracellular region [GO:0005576]	435.46
Polyketide	plasma membrane [GO:0005886]	1100.8
Polyketide	DNA-directed RNA polymerase complex [GO:0000428]	1100.8
Polyketide	cytosol [GO:0005829]	1100.8
Polyketide	peptidoglycan-based cell wall [GO:0009274]	1100.8
Polyketide	protein-containing complex [GO:0032991]	897.26
Polyketide	cytosol [GO:0005829]	897.26
Polyketide	nucleoplasm [GO:0005654]	897.26
Polyketide	membrane [GO:0016020]	897.26
Polyketide	plasma membrane [GO:0005886]	897.26
Polyketide	euchromatin [GO:0000791]	897.26
Polyketide	chromatin [GO:0000785]	897.26
Polyketide	transcription regulator complex [GO:0005667]	897.26
Polyketide	nucleus [GO:0005634]	897.26
Polyketide	cytoplasm [GO:0005737]	897.26
Polyketide	Golgi apparatus [GO:0005794]	897.26
Polyketide	protein-containing complex [GO:0032991]	553.22
Polyketide	cytosol [GO:0005829]	553.22
Polyketide	nucleoplasm [GO:0005654]	553.22
Polyketide	membrane [GO:0016020]	553.22
Polyketide	plasma membrane [GO:0005886]	553.22
Polyketide	euchromatin [GO:0000791]	553.22
Polyketide	chromatin [GO:0000785]	553.22
Polyketide	transcription regulator complex [GO:0005667]	553.22
Polyketide	nucleus [GO:0005634]	553.22
Polyketide	cytoplasm [GO:0005737]	553.22
Polyketide	Golgi apparatus [GO:0005794]	553.22
Polyketide	RSC-type complex [GO:0016586]	249.19
Polyketide	kinetochore [GO:0000776]	249.19
Polyketide	SWI/SNF complex [GO:0016514]	249.19
Polyketide	nucleoplasm [GO:0005654]	249.19
Polyketide	nuclear matrix [GO:0016363]	249.19
Polyketide	chromatin [GO:0000785]	249.19
Polyketide	nuclear chromosome [GO:0000228]	249.19
Polyketide	nucleus [GO:0005634]	249.19
Polyketide	chloride channel complex [GO:0034707]	455.04
Polyketide	postsynaptic membrane [GO:0045211]	455.04
Polyketide	perikaryon [GO:0043204]	455.04
Polyketide	membrane [GO:0016020]	455.04
Polyketide	plasma membrane [GO:0005886]	455.04
Polyketide	dendrite [GO:0030425]	455.04
Polyketide	neuron projection [GO:0043005]	455.04
Polyketide	synapse [GO:0045202]	455.04
Polyketide	endoplasmic reticulum lumen [GO:0005788]	1240.28
Polyketide	endoplasmic reticulum [GO:0005783]	1240.28
Polyketide	cytosol [GO:0005829]	1240.28
Polyketide	lipid droplet [GO:0005811]	1240.28
Polyketide	cytoplasm [GO:0005737]	1240.28
Polyketide	cell body [GO:0044297]	688.85
Polyketide	actin filament [GO:0005884]	688.85
Polyketide	skeletal muscle myofibril [GO:0098723]	688.85
Polyketide	stress fiber [GO:0001725]	688.85
Polyketide	filamentous actin [GO:0031941]	688.85
Polyketide	actin filament bundle [GO:0032432]	688.85
Polyketide	lamellipodium [GO:0030027]	688.85
Polyketide	striated muscle thin filament [GO:0005865]	688.85
Polyketide	cytoplasm [GO:0005737]	688.85
Polyketide	filopodium [GO:0030175]	688.85
Polyketide	mitochondrial proton-transporting ATP synthase complex [GO:0005753]	236.45
Polyketide	cytosol [GO:0005829]	236.45
Polyketide	mitochondrial proton-transporting ATP synthase complex, coupling factor F(o) [GO:0000276]	236.45
Polyketide	mitochondrion [GO:0005739]	236.45
Polyketide	mitochondrial intermembrane space [GO:0005758]	236.45
Polyketide	mitochondrial inner membrane [GO:0005743]	236.45
Polyketide	chromosome [GO:0005694]	778.49
Polyketide	DNA topoisomerase type II (double strand cut, ATP-hydrolyzing) complex [GO:0009330]	778.49
Polyketide	cytoplasm [GO:0005737]	778.49
Polyketide	cytosol [GO:0005829]	778.49
Polyketide	extracellular space [GO:0005615]	286.65
Polyketide	protein-containing complex [GO:0032991]	286.65
Polyketide	aggresome [GO:0016235]	533.55
Polyketide	cell projection [GO:0042995]	533.55
Polyketide	secretory granule membrane [GO:0030667]	533.55
Polyketide	ficolin-1-rich granule membrane [GO:0101003]	533.55
Polyketide	tertiary granule membrane [GO:0070821]	533.55
Polyketide	extracellular exosome [GO:0070062]	533.55
Polyketide	plasma membrane [GO:0005886]	533.55
Polyketide	membrane [GO:0016020]	533.55
Polyketide	specific granule membrane [GO:0035579]	533.55
Polyketide	perikaryon [GO:0043204]	533.55
Polyketide	melanosome [GO:0042470]	183.03
Polyketide	axonal growth cone [GO:0044295]	183.03
Polyketide	cell body [GO:0044297]	183.03
Polyketide	endomembrane system [GO:0012505]	183.03
Polyketide	lamellipodium [GO:0030027]	183.03
Polyketide	growth cone membrane [GO:0032584]	183.03
Polyketide	plasma membrane [GO:0005886]	183.03
Polyketide	axon [GO:0030424]	183.03
Polyketide	cell surface [GO:0009986]	183.03
Polyketide	secretory granule membrane [GO:0030667]	1728.65
Polyketide	clathrin-sculpted monoamine transport vesicle membrane [GO:0070083]	1728.65
Polyketide	terminal bouton [GO:0043195]	1728.65
Polyketide	synaptic vesicle membrane [GO:0030672]	1728.65
Polyketide	presynapse [GO:0098793]	1728.65
Polyketide	endoplasmic reticulum membrane [GO:0005789]	1728.65
Polyketide	presynaptic active zone cytoplasmic component [GO:0098831]	1108.53
Polyketide	glutamatergic synapse [GO:0098978]	1108.53
Polyketide	guanylate cyclase complex, soluble [GO:0008074]	1108.53
Polyketide	cytosol [GO:0005829]	1108.53
Polyketide	histone deacetylase complex [GO:0000118]	762.61
Polyketide	extracellular region [GO:0005576]	903.16
Polyketide	dendrite [GO:0030425]	822.87
Polyketide	chloride channel complex [GO:0034707]	822.87
Polyketide	neuron projection [GO:0043005]	822.87
Polyketide	plasma membrane [GO:0005886]	822.87
Polyketide	membrane [GO:0016020]	822.87
Polyketide	postsynaptic membrane [GO:0045211]	822.87
Polyketide	synapse [GO:0045202]	822.87
Polyketide	perikaryon [GO:0043204]	822.87
Polyketide	cell body [GO:0044297]	942.31
Polyketide	actin filament [GO:0005884]	942.31
Polyketide	skeletal muscle myofibril [GO:0098723]	942.31
Polyketide	stress fiber [GO:0001725]	942.31
Polyketide	filamentous actin [GO:0031941]	942.31
Polyketide	actin filament bundle [GO:0032432]	942.31
Polyketide	lamellipodium [GO:0030027]	942.31
Polyketide	striated muscle thin filament [GO:0005865]	942.31
Polyketide	cytoplasm [GO:0005737]	942.31
Polyketide	filopodium [GO:0030175]	942.31
Polyketide	cytoplasm [GO:0005737]	208.17
Polyketide	extracellular exosome [GO:0070062]	716.52
Polyketide	cytosol [GO:0005829]	716.52
Polyketide	nucleoplasm [GO:0005654]	716.52
Polyketide	protein-containing complex [GO:0032991]	716.52
Polyketide	peroxisomal matrix [GO:0005782]	716.52
Polyketide	apical cortex [GO:0045179]	716.52
Polyketide	nucleus [GO:0005634]	716.52
Polyketide	plasma membrane [GO:0005886]	328.77
Polyketide	proton-transporting ATP synthase complex, coupling factor F(o) [GO:0045263]	328.77
Polyketide	cytosol [GO:0005829]	656.99
Polyketide	nucleoplasm [GO:0005654]	780.34
Polyketide	nucleus [GO:0005634]	780.34
Polyketide	cytoplasm [GO:0005737]	780.34
Polyketide	cytoplasm [GO:0005737]	1217.51
Polyketide	cytosol [GO:0005829]	503.91
Polyketide	nucleoplasm [GO:0005654]	503.91
Polyketide	endoplasmic reticulum membrane [GO:0005789]	503.91
Polyketide	receptor complex [GO:0043235]	503.91
Polyketide	chromatin [GO:0000785]	503.91
Polyketide	extracellular region [GO:0005576]	539.74
Polyketide	respirasome [GO:0070469]	869.98
Polyketide	mitochondrial inner membrane [GO:0005743]	869.98
Polyketide	efflux pump complex [GO:1990281]	2381.81
Polyketide	outer membrane-bounded periplasmic space [GO:0030288]	2381.81
Polyketide	periplasmic side of plasma membrane [GO:0098567]	2381.81
Polyketide	plasma membrane [GO:0005886]	2381.81
Polyketide	membrane [GO:0016020]	2381.81
Polyketide	respirasome [GO:0070469]	945.31
Polyketide	mitochondrial inner membrane [GO:0005743]	945.31
Polyketide	cytoplasmic side of endoplasmic reticulum membrane [GO:0098554]	586.77
Polyketide	protein-containing complex [GO:0032991]	586.77
Polyketide	endoplasmic reticulum [GO:0005783]	586.77
Polyketide	sorting endosome [GO:0097443]	586.77
Polyketide	endosome lumen [GO:0031904]	586.77
Polyketide	early endosome [GO:0005769]	586.77
Polyketide	cytosol [GO:0005829]	586.77
Polyketide	mitochondrial crista [GO:0030061]	586.77
Polyketide	mitochondrial matrix [GO:0005759]	586.77
Polyketide	cytoplasm [GO:0005737]	586.77
Polyketide	intracellular membrane-bounded organelle [GO:0043231]	381.4
Polyketide	endoplasmic reticulum membrane [GO:0005789]	381.4
Polyketide	cytoplasm [GO:0005737]	381.4
Polyketide	cytoplasmic microtubule [GO:0005881]	381.4
Polyketide	nuclear chromosome [GO:0000228]	973.8
Polyketide	histone deacetylase complex [GO:0000118]	973.8
Polyketide	cytoplasm [GO:0005737]	973.8
Polyketide	nucleoplasm [GO:0005654]	973.8
Polyketide	nucleus [GO:0005634]	973.8
Polyketide	plasma membrane [GO:0005886]	979.12
Polyketide	peptidoglycan-based cell wall [GO:0009274]	979.12
Polyketide	cytosol [GO:0005829]	725.85
Polyketide	nucleoplasm [GO:0005654]	725.85
Polyketide	receptor complex [GO:0043235]	725.85
Polyketide	RNA polymerase II transcription regulator complex [GO:0090575]	725.85
Polyketide	chromatin [GO:0000785]	725.85
Polyketide	nucleus [GO:0005634]	725.85
Polyketide	cytosol [GO:0005829]	851.71
Polyketide	extracellular exosome [GO:0070062]	851.71
Polyketide	nucleoplasm [GO:0005654]	851.71
Polyketide	membrane [GO:0016020]	851.71
Polyketide	plasma membrane [GO:0005886]	851.71
Polyketide	external side of plasma membrane [GO:0009897]	851.71
Polyketide	cell surface [GO:0009986]	851.71
Polyketide	host cell nucleus [GO:0042025]	719.54
Polyketide	virion component [GO:0044423]	719.54
Polyketide	protein-containing complex [GO:0032991]	590.83
Polyketide	cytosol [GO:0005829]	590.83
Polyketide	nucleoplasm [GO:0005654]	590.83
Polyketide	membrane [GO:0016020]	590.83
Polyketide	plasma membrane [GO:0005886]	590.83
Polyketide	euchromatin [GO:0000791]	590.83
Polyketide	chromatin [GO:0000785]	590.83
Polyketide	transcription regulator complex [GO:0005667]	590.83
Polyketide	nucleus [GO:0005634]	590.83
Polyketide	cytoplasm [GO:0005737]	590.83
Polyketide	Golgi apparatus [GO:0005794]	590.83
Polyketide	protein-containing complex [GO:0032991]	491.68
Polyketide	cytosol [GO:0005829]	491.68
Polyketide	nucleoplasm [GO:0005654]	491.68
Polyketide	membrane [GO:0016020]	491.68
Polyketide	plasma membrane [GO:0005886]	491.68
Polyketide	euchromatin [GO:0000791]	491.68
Polyketide	chromatin [GO:0000785]	491.68
Polyketide	transcription regulator complex [GO:0005667]	491.68
Polyketide	nucleus [GO:0005634]	491.68
Polyketide	cytoplasm [GO:0005737]	491.68
Polyketide	Golgi apparatus [GO:0005794]	491.68
Polyketide	viral envelope [GO:0019031]	575.65
Polyketide	host cell plasma membrane [GO:0020002]	575.65
Polyketide	host cell endoplasmic reticulum [GO:0044165]	575.65
Polyketide	virion membrane [GO:0055036]	575.65
Polyketide	extracellular region [GO:0005576]	575.65
Polyketide	membrane raft [GO:0045121]	575.65
Polyketide	host cell cytoplasm [GO:0030430]	575.65
Polyketide	membrane [GO:0016020]	543.19
Polyketide	nucleoplasm [GO:0005654]	766.88
Polyketide	chromatin [GO:0000785]	766.88
Polyketide	chromosome [GO:0005694]	963.35
Polyketide	cytoplasm [GO:0005737]	963.35
Polyketide	proton-transporting V-type ATPase complex [GO:0033176]	364.23
Polyketide	vacuolar proton-transporting V-type ATPase, V0 domain [GO:0000220]	364.23
Polyketide	Golgi membrane [GO:0000139]	364.23
Polyketide	membrane [GO:0016020]	364.23
Polyketide	vacuolar proton-transporting V-type ATPase complex [GO:0016471]	364.23
Polyketide	fungal-type vacuole membrane [GO:0000329]	364.23
Polyketide	perinuclear region of cytoplasm [GO:0048471]	260.25
Polyketide	Golgi membrane [GO:0000139]	260.25
Polyketide	endoplasmic reticulum membrane [GO:0005789]	260.25
Polyketide	membrane [GO:0016020]	260.25
Polyketide	extracellular region [GO:0005576]	260.25
Polyketide	Golgi stack [GO:0005795]	260.25
Polyketide	Golgi cisterna membrane [GO:0032580]	260.25
Polyketide	Golgi apparatus [GO:0005794]	260.25
Polyketide	vacuolar proton-transporting V-type ATPase, V0 domain [GO:0000220]	227.53
Polyketide	synaptic vesicle membrane [GO:0030672]	227.53
Polyketide	clathrin-coated vesicle membrane [GO:0030665]	227.53
Polyketide	protein-containing complex [GO:0032991]	258.48
Polyketide	endocytic vesicle membrane [GO:0030666]	258.48
Polyketide	cytosol [GO:0005829]	258.48
Polyketide	transcription repressor complex [GO:0017053]	258.48
Polyketide	nucleoplasm [GO:0005654]	258.48
Polyketide	plasma membrane [GO:0005886]	258.48
Polyketide	nucleus [GO:0005634]	258.48
Polyketide	cytoplasm [GO:0005737]	258.48
Polyketide	nucleolus [GO:0005730]	258.48
Polyketide	proton-transporting V-type ATPase complex [GO:0033176]	668.88
Polyketide	vacuolar proton-transporting V-type ATPase, V0 domain [GO:0000220]	668.88
Polyketide	Golgi membrane [GO:0000139]	668.88
Polyketide	membrane [GO:0016020]	668.88
Polyketide	vacuolar proton-transporting V-type ATPase complex [GO:0016471]	668.88
Polyketide	fungal-type vacuole membrane [GO:0000329]	668.88
Polyketide	plasma membrane [GO:0005886]	492.87
Polyketide	proton-transporting ATP synthase complex, coupling factor F(o) [GO:0045263]	492.87
Polyketide	microtubule [GO:0005874]	598.64
Polyketide	cytoplasm [GO:0005737]	598.64
Polyketide	microtubule cytoskeleton [GO:0015630]	598.64
Polyketide	nucleus [GO:0005634]	0.0
Polyketide	T-tubule [GO:0030315]	1140.6
Polyketide	external side of plasma membrane [GO:0009897]	1140.6
Polyketide	clathrin-coated pit [GO:0005905]	1140.6
Polyketide	membrane [GO:0016020]	1140.6
Polyketide	extracellular exosome [GO:0070062]	1140.6
Polyketide	cytosol [GO:0005829]	1140.6
Polyketide	sarcolemma [GO:0042383]	1140.6
Polyketide	vesicle membrane [GO:0012506]	1140.6
Polyketide	trans-Golgi network [GO:0005802]	1140.6
Polyketide	perinuclear region of cytoplasm [GO:0048471]	1140.6
Polyketide	sarcoplasmic reticulum [GO:0016529]	1140.6
Polyketide	insulin-responsive compartment [GO:0032593]	1140.6
Polyketide	endomembrane system [GO:0012505]	1140.6
Polyketide	clathrin-coated vesicle [GO:0030136]	1140.6
Polyketide	plasma membrane [GO:0005886]	1140.6
Polyketide	membrane raft [GO:0045121]	1140.6
Polyketide	presynapse [GO:0098793]	1140.6
Polyketide	multivesicular body [GO:0005771]	1140.6
Polyketide	cytoplasmic vesicle membrane [GO:0030659]	1140.6
Polyketide	trans-Golgi network transport vesicle [GO:0030140]	1140.6
Polyketide	nucleoplasm [GO:0005654]	668.08
Polyketide	cytosol [GO:0005829]	668.08
Polyketide	extracellular exosome [GO:0070062]	668.08
Polyketide	plasma membrane [GO:0005886]	2200.18
Polyketide	periplasmic side of plasma membrane [GO:0098567]	2200.18
Polyketide	membrane [GO:0016020]	2200.18
Polyketide	outer membrane-bounded periplasmic space [GO:0030288]	2200.18
Polyketide	efflux pump complex [GO:1990281]	2200.18
Polyketide	plasma membrane [GO:0005886]	262.49
Polyketide	proton-transporting ATP synthase complex, coupling factor F(o) [GO:0045263]	262.49
Polyketide	membrane [GO:0016020]	1729.94
Polyketide	endoplasmic reticulum [GO:0005783]	1729.94
Polyketide	endoplasmic reticulum membrane [GO:0005789]	1729.94
Polyketide	node of Ranvier [GO:0033268]	591.06
Polyketide	synapse [GO:0045202]	591.06
Polyketide	plasma membrane [GO:0005886]	591.06
Polyketide	axon initial segment [GO:0043194]	591.06
Polyketide	voltage-gated potassium channel complex [GO:0008076]	591.06
Polyketide	sarcoplasmic reticulum membrane [GO:0033017]	992.86
Polyketide	cytoplasmic side of membrane [GO:0098562]	992.86
Polyketide	cytosol [GO:0005829]	992.86
Polyketide	Z disc [GO:0030018]	992.86
Polyketide	sarcoplasmic reticulum [GO:0016529]	992.86
Polyketide	terminal cisterna [GO:0014802]	992.86
Polyketide	membrane [GO:0016020]	992.86
Polyketide	ryanodine receptor complex [GO:1990425]	992.86
Polyketide	cytoplasm [GO:0005737]	992.86
Polyketide	node of Ranvier [GO:0033268]	241.57
Polyketide	synapse [GO:0045202]	241.57
Polyketide	plasma membrane [GO:0005886]	241.57
Polyketide	axon initial segment [GO:0043194]	241.57
Polyketide	voltage-gated potassium channel complex [GO:0008076]	241.57
Polyketide	periplasmic space [GO:0042597]	912.17
Polyketide	periplasmic space [GO:0042597]	1828.19
Polyketide	postsynaptic density [GO:0014069]	463.67
Polyketide	glutamatergic synapse [GO:0098978]	463.67
Polyketide	plasma membrane [GO:0005886]	463.67
Polyketide	DAPK1-calmodulin complex [GO:1990722]	463.67
Polyketide	actin cytoskeleton [GO:0015629]	463.67
Polyketide	nucleus [GO:0005634]	463.67
Polyketide	cytoplasm [GO:0005737]	463.67
Polyketide	microtubule [GO:0005874]	594.35
Polyketide	cytoplasm [GO:0005737]	594.35
Polyketide	microtubule cytoskeleton [GO:0015630]	594.35
Polyketide	protein-containing complex [GO:0032991]	854.92
Polyketide	cytosol [GO:0005829]	854.92
Polyketide	nucleoplasm [GO:0005654]	854.92
Polyketide	membrane [GO:0016020]	854.92
Polyketide	plasma membrane [GO:0005886]	854.92
Polyketide	euchromatin [GO:0000791]	854.92
Polyketide	chromatin [GO:0000785]	854.92
Polyketide	transcription regulator complex [GO:0005667]	854.92
Polyketide	nucleus [GO:0005634]	854.92
Polyketide	cytoplasm [GO:0005737]	854.92
Polyketide	Golgi apparatus [GO:0005794]	854.92
Polyketide	lysosomal lumen [GO:0043202]	119.59
Polyketide	basolateral plasma membrane [GO:0016323]	119.59
Polyketide	secretory granule lumen [GO:0034774]	119.59
Polyketide	extracellular exosome [GO:0070062]	119.59
Polyketide	nucleoplasm [GO:0005654]	119.59
Polyketide	brush border membrane [GO:0031526]	119.59
Polyketide	cytoplasm [GO:0005737]	119.59
Polyketide	cell surface [GO:0009986]	119.59
Polyketide	neuronal cell body [GO:0043025]	119.59
Polyketide	endocytic vesicle lumen [GO:0071682]	119.59
Polyketide	melanosome [GO:0042470]	119.59
Polyketide	protein-containing complex [GO:0032991]	119.59
Polyketide	axonal growth cone [GO:0044295]	119.59
Polyketide	perinuclear region of cytoplasm [GO:0048471]	119.59
Polyketide	cytosol [GO:0005829]	119.59
Polyketide	sperm mitochondrial sheath [GO:0097226]	119.59
Polyketide	membrane [GO:0016020]	119.59
Polyketide	extracellular region [GO:0005576]	119.59
Polyketide	nucleus [GO:0005634]	119.59
Polyketide	sperm plasma membrane [GO:0097524]	119.59
Polyketide	collagen-containing extracellular matrix [GO:0062023]	119.59
Polyketide	myelin sheath [GO:0043209]	119.59
Polyketide	apical plasma membrane [GO:0016324]	119.59
Polyketide	ficolin-1-rich granule lumen [GO:1904813]	119.59
Polyketide	dendritic growth cone [GO:0044294]	119.59
Polyketide	plasma membrane [GO:0005886]	119.59
Polyketide	mitochondrion [GO:0005739]	119.59
Polyketide	extracellular space [GO:0005615]	429.63
Polyketide	azurophil granule lumen [GO:0035578]	429.63
Polyketide	extracellular region [GO:0005576]	429.63
Polyketide	extracellular exosome [GO:0070062]	429.63
Polyketide	melanosome [GO:0042470]	419.58
Polyketide	axonal growth cone [GO:0044295]	419.58
Polyketide	cell body [GO:0044297]	419.58
Polyketide	endomembrane system [GO:0012505]	419.58
Polyketide	lamellipodium [GO:0030027]	419.58
Polyketide	growth cone membrane [GO:0032584]	419.58
Polyketide	plasma membrane [GO:0005886]	419.58
Polyketide	axon [GO:0030424]	419.58
Polyketide	cell surface [GO:0009986]	419.58
Polyketide	PML body [GO:0016605]	614.98
Polyketide	Sin3 complex [GO:0016580]	614.98
Polyketide	protein kinase CK2 complex [GO:0005956]	614.98
Polyketide	cytosol [GO:0005829]	614.98
Polyketide	nucleoplasm [GO:0005654]	614.98
Polyketide	plasma membrane [GO:0005886]	614.98
Polyketide	nucleus [GO:0005634]	614.98
Polyketide	endoplasmic reticulum lumen [GO:0005788]	1124.48
Polyketide	protein-containing complex [GO:0032991]	1124.48
Polyketide	endoplasmic reticulum [GO:0005783]	1124.48
Polyketide	extracellular exosome [GO:0070062]	1124.48
Polyketide	blood microparticle [GO:0072562]	1124.48
Polyketide	platelet alpha granule lumen [GO:0031093]	1124.48
Polyketide	extracellular region [GO:0005576]	1124.48
Polyketide	extracellular space [GO:0005615]	1124.48
Polyketide	nucleus [GO:0005634]	1124.48
Polyketide	cytoplasm [GO:0005737]	1124.48
Polyketide	Golgi apparatus [GO:0005794]	1124.48
Polyketide	cytosol [GO:0005829]	994.47
Polyketide	extracellular exosome [GO:0070062]	994.47
Polyketide	nucleoplasm [GO:0005654]	994.47
Polyketide	membrane [GO:0016020]	994.47
Polyketide	cytoplasm [GO:0005737]	994.47
Polyketide	periplasmic space [GO:0042597]	545.57
Polyketide	protein-containing complex [GO:0032991]	894.31
Polyketide	endocytic vesicle membrane [GO:0030666]	894.31
Polyketide	cytosol [GO:0005829]	894.31
Polyketide	transcription repressor complex [GO:0017053]	894.31
Polyketide	nucleoplasm [GO:0005654]	894.31
Polyketide	plasma membrane [GO:0005886]	894.31
Polyketide	nucleus [GO:0005634]	894.31
Polyketide	cytoplasm [GO:0005737]	894.31
Polyketide	nucleolus [GO:0005730]	894.31
Polyketide	cytoplasm [GO:0005737]	363.75
Polyketide	RISC complex [GO:0016442]	363.75
Polyketide	cytosol [GO:0005829]	363.75
Polyketide	P-body [GO:0000932]	363.75
Polyketide	nucleoplasm [GO:0005654]	363.75
Polyketide	cytoplasmic ribonucleoprotein granule [GO:0036464]	363.75
Polyketide	cell junction [GO:0030054]	363.75
Polyketide	melanosome [GO:0042470]	814.62
Polyketide	perinuclear region of cytoplasm [GO:0048471]	814.62
Polyketide	sarcoplasmic reticulum lumen [GO:0033018]	814.62
Polyketide	endoplasmic reticulum [GO:0005783]	814.62
Polyketide	protein-containing complex [GO:0032991]	521.92
Polyketide	cytosol [GO:0005829]	521.92
Polyketide	nucleoplasm [GO:0005654]	521.92
Polyketide	membrane [GO:0016020]	521.92
Polyketide	plasma membrane [GO:0005886]	521.92
Polyketide	euchromatin [GO:0000791]	521.92
Polyketide	chromatin [GO:0000785]	521.92
Polyketide	transcription regulator complex [GO:0005667]	521.92
Polyketide	nucleus [GO:0005634]	521.92
Polyketide	cytoplasm [GO:0005737]	521.92
Polyketide	Golgi apparatus [GO:0005794]	521.92
Polyketide	cell body [GO:0044297]	832.69
Polyketide	actin filament [GO:0005884]	832.69
Polyketide	skeletal muscle myofibril [GO:0098723]	832.69
Polyketide	stress fiber [GO:0001725]	832.69
Polyketide	filamentous actin [GO:0031941]	832.69
Polyketide	actin filament bundle [GO:0032432]	832.69
Polyketide	lamellipodium [GO:0030027]	832.69
Polyketide	striated muscle thin filament [GO:0005865]	832.69
Polyketide	cytoplasm [GO:0005737]	832.69
Polyketide	filopodium [GO:0030175]	832.69
Polyketide	cytosol [GO:0005829]	609.44
Polyketide	mitochondrion [GO:0005739]	609.44
Polyketide	mitochondrial intermembrane space [GO:0005758]	609.44
Polyketide	mitochondrial matrix [GO:0005759]	609.44
Polyketide	nucleus [GO:0005634]	609.44
Polyketide	extracellular region [GO:0005576]	688.16
Polyketide	nuclear envelope [GO:0005635]	611.2
Polyketide	perinuclear region of cytoplasm [GO:0048471]	611.2
Polyketide	cytosol [GO:0005829]	611.2
Polyketide	pericentriolar material [GO:0000242]	611.2
Polyketide	Golgi membrane [GO:0000139]	611.2
Polyketide	chromosome, telomeric region [GO:0000781]	611.2
Polyketide	nucleus [GO:0005634]	611.2
Polyketide	cytoplasm [GO:0005737]	611.2
Polyketide	nucleoplasm [GO:0005654]	1123.24
Polyketide	receptor complex [GO:0043235]	1123.24
Polyketide	euchromatin [GO:0000791]	1123.24
Polyketide	chromatin [GO:0000785]	1123.24
Polyketide	periplasmic space [GO:0042597]	916.17
Polyketide	myelin sheath [GO:0043209]	632.21
Polyketide	cytosol [GO:0005829]	632.21
Polyketide	apical part of cell [GO:0045177]	632.21
Polyketide	extracellular exosome [GO:0070062]	632.21
Polyketide	plasma membrane [GO:0005886]	632.21
Polyketide	cytoplasm [GO:0005737]	632.21
Polyketide	vesicle [GO:0031982]	1089.59
Polyketide	cytoplasm [GO:0005737]	1089.59
Polyketide	secretory granule lumen [GO:0034774]	1089.59
Polyketide	cytosol [GO:0005829]	1089.59
Polyketide	ficolin-1-rich granule lumen [GO:1904813]	1089.59
Polyketide	extracellular exosome [GO:0070062]	1089.59
Polyketide	nucleoplasm [GO:0005654]	1089.59
Polyketide	plasma membrane [GO:0005886]	1089.59
Polyketide	extracellular region [GO:0005576]	1089.59
Polyketide	extracellular space [GO:0005615]	1089.59
Polyketide	cell surface [GO:0009986]	1089.59
Polyketide	endoplasmic reticulum [GO:0005783]	178.11
Polyketide	ribonucleoprotein complex [GO:1990904]	178.11
Polyketide	cytosol [GO:0005829]	178.11
Polyketide	plasma membrane [GO:0005886]	178.11
Polyketide	ribosome [GO:0005840]	178.11
Polyketide	intracellular membrane-bounded organelle [GO:0043231]	543.42
Polyketide	nucleoplasm [GO:0005654]	543.42
Polyketide	mitochondrion [GO:0005739]	543.42
Polyketide	chromatin [GO:0000785]	543.42
Polyketide	nucleus [GO:0005634]	543.42
Polyketide	host cell endoplasmic reticulum-Golgi intermediate compartment [GO:0044172]	502.89
Polyketide	double membrane vesicle viral factory outer membrane [GO:0062243]	502.89
Polyketide	host cell perinuclear region of cytoplasm [GO:0044220]	502.89
Polyketide	host cell endosome [GO:0044174]	502.89
Polyketide	host cell nucleus [GO:0042025]	502.89
Polyketide	membrane [GO:0016020]	502.89
Polyketide	host cell endoplasmic reticulum membrane [GO:0044167]	502.89
Polyketide	host cell Golgi apparatus [GO:0044177]	502.89
Polyketide	extracellular space [GO:0005615]	397.81
Polyketide	azurophil granule lumen [GO:0035578]	397.81
Polyketide	extracellular region [GO:0005576]	397.81
Polyketide	extracellular exosome [GO:0070062]	397.81
Polyketide	plasma membrane [GO:0005886]	203.15
Polyketide	calcium channel complex [GO:0034704]	203.15
Polyketide	cytosol [GO:0005829]	725.63
Polyketide	nucleoplasm [GO:0005654]	725.63
Polyketide	plasma membrane [GO:0005886]	725.63
Polyketide	nucleus [GO:0005634]	725.63
Polyketide	cytoplasm [GO:0005737]	725.63
Polyketide	nucleolus [GO:0005730]	725.63
Polyketide	mitochondrial proton-transporting ATP synthase complex, catalytic sector F(1) [GO:0000275]	394.2
Polyketide	mitochondrial proton-transporting ATP synthase complex [GO:0005753]	394.2
Polyketide	focal adhesion [GO:0005925]	189.59
Polyketide	cytosol [GO:0005829]	189.59
Polyketide	extracellular exosome [GO:0070062]	189.59
Polyketide	glutamatergic synapse [GO:0098978]	189.59
Polyketide	membrane [GO:0016020]	189.59
Polyketide	blood microparticle [GO:0072562]	189.59
Polyketide	cell cortex [GO:0005938]	189.59
Polyketide	cytoskeleton [GO:0005856]	189.59
Polyketide	nucleus [GO:0005634]	189.59
Polyketide	cytoplasm [GO:0005737]	189.59
Polyketide	vesicle [GO:0031982]	898.96
Polyketide	cytoplasm [GO:0005737]	898.96
Polyketide	secretory granule lumen [GO:0034774]	898.96
Polyketide	cytosol [GO:0005829]	898.96
Polyketide	ficolin-1-rich granule lumen [GO:1904813]	898.96
Polyketide	extracellular exosome [GO:0070062]	898.96
Polyketide	nucleoplasm [GO:0005654]	898.96
Polyketide	plasma membrane [GO:0005886]	898.96
Polyketide	extracellular region [GO:0005576]	898.96
Polyketide	extracellular space [GO:0005615]	898.96
Polyketide	cell surface [GO:0009986]	898.96
Polyketide	histone deacetylase complex [GO:0000118]	442.39
Polyketide	membrane [GO:0016020]	843.75
Polyketide	juxtaparanode region of axon [GO:0044224]	45.58
Polyketide	perikaryon [GO:0043204]	45.58
Polyketide	paranodal junction [GO:0033010]	45.58
Polyketide	cytosol [GO:0005829]	45.58
Polyketide	cytoplasm [GO:0005737]	45.58
Polyketide	chromosome [GO:0005694]	45.58
Polyketide	heterochromatin [GO:0000792]	45.58
Polyketide	perinuclear region of cytoplasm [GO:0048471]	45.58
Polyketide	spindle [GO:0005819]	45.58
Polyketide	chromosome, telomeric region [GO:0000781]	45.58
Polyketide	microtubule [GO:0005874]	45.58
Polyketide	mitochondrion [GO:0005739]	45.58
Polyketide	midbody [GO:0030496]	45.58
Polyketide	nucleolus [GO:0005730]	45.58
Polyketide	myelin sheath [GO:0043209]	45.58
Polyketide	paranode region of axon [GO:0033270]	45.58
Polyketide	centrosome [GO:0005813]	45.58
Polyketide	centriole [GO:0005814]	45.58
Polyketide	plasma membrane [GO:0005886]	45.58
Polyketide	glial cell projection [GO:0097386]	45.58
Polyketide	mitotic spindle [GO:0072686]	45.58
Polyketide	growth cone [GO:0030426]	45.58
Polyketide	chromatin silencing complex [GO:0005677]	45.58
Polyketide	Schmidt-Lanterman incisure [GO:0043220]	45.58
Polyketide	lateral loop [GO:0043219]	45.58
Polyketide	meiotic spindle [GO:0072687]	45.58
Polyketide	nucleus [GO:0005634]	45.58
Polyketide	mitochondrion [GO:0005739]	510.33
Polyketide	mitochondrial inner membrane [GO:0005743]	510.33
Polyketide	mitochondrial proton-transporting ATP synthase complex [GO:0005753]	510.33
Polyketide	mitochondrial proton-transporting ATP synthase complex, coupling factor F(o) [GO:0000276]	510.33
Polyketide	sarcoplasmic reticulum membrane [GO:0033017]	1433.51
Polyketide	postsynaptic density [GO:0014069]	1433.51
Polyketide	Z disc [GO:0030018]	1433.51
Polyketide	T-tubule [GO:0030315]	1433.51
Polyketide	secretory granule [GO:0030141]	1433.51
Polyketide	sarcolemma [GO:0042383]	1433.51
Polyketide	cytoplasm [GO:0005737]	1433.51
Polyketide	calyx of Held [GO:0044305]	1433.51
Polyketide	azurophil granule [GO:0042582]	1433.51
Polyketide	nuclear membrane [GO:0031965]	1433.51
Polyketide	membrane raft [GO:0045121]	1433.51
Polyketide	postsynaptic specialization, intracellular component [GO:0099091]	1433.51
Polyketide	postsynaptic density, intracellular component [GO:0099092]	1433.51
Polyketide	dendrite [GO:0030425]	1433.51
Polyketide	protein-containing complex [GO:0032991]	1433.51
Polyketide	perinuclear region of cytoplasm [GO:0048471]	1433.51
Polyketide	cytosol [GO:0005829]	1433.51
Polyketide	sarcoplasmic reticulum [GO:0016529]	1433.51
Polyketide	glutamatergic synapse [GO:0098978]	1433.51
Polyketide	dendritic spine [GO:0043197]	1433.51
Polyketide	cell periphery [GO:0071944]	1433.51
Polyketide	nucleus [GO:0005634]	1433.51
Polyketide	mitochondrial outer membrane [GO:0005741]	1433.51
Polyketide	plasma membrane [GO:0005886]	1433.51
Polyketide	synapse [GO:0045202]	1433.51
Polyketide	mitochondrion [GO:0005739]	1433.51
Polyketide	photoreceptor inner segment [GO:0001917]	1433.51
Polyketide	cytoskeleton [GO:0005856]	1433.51
Polyketide	membrane [GO:0016020]	401.7
Polyketide	dendrite [GO:0030425]	531.24
Polyketide	neuron projection [GO:0043005]	531.24
Polyketide	intracellular membrane-bounded organelle [GO:0043231]	531.24
Polyketide	plasma membrane [GO:0005886]	531.24
Polyketide	postsynaptic membrane [GO:0045211]	531.24
Polyketide	synapse [GO:0045202]	531.24
Polyketide	glycine-gated chloride channel complex [GO:0016935]	531.24
Polyketide	perikaryon [GO:0043204]	531.24
Polyketide	membrane [GO:0016020]	452.94
Polyketide	RSC-type complex [GO:0016586]	372.59
Polyketide	kinetochore [GO:0000776]	372.59
Polyketide	SWI/SNF complex [GO:0016514]	372.59
Polyketide	nucleoplasm [GO:0005654]	372.59
Polyketide	nuclear matrix [GO:0016363]	372.59
Polyketide	chromatin [GO:0000785]	372.59
Polyketide	nuclear chromosome [GO:0000228]	372.59
Polyketide	nucleus [GO:0005634]	372.59
Polyketide	basolateral plasma membrane [GO:0016323]	630.65
Polyketide	plasma membrane [GO:0005886]	630.65
Polyketide	membrane [GO:0016020]	630.65
Polyketide	apical plasma membrane [GO:0016324]	630.65
Polyketide	plasma membrane [GO:0005886]	47.16
Polyketide	proton-transporting ATP synthase complex, coupling factor F(o) [GO:0045263]	47.16
Polyketide	protein-containing complex [GO:0032991]	713.09
Polyketide	endocytic vesicle membrane [GO:0030666]	713.09
Polyketide	cytosol [GO:0005829]	713.09
Polyketide	transcription repressor complex [GO:0017053]	713.09
Polyketide	nucleoplasm [GO:0005654]	713.09
Polyketide	plasma membrane [GO:0005886]	713.09
Polyketide	nucleus [GO:0005634]	713.09
Polyketide	cytoplasm [GO:0005737]	713.09
Polyketide	nucleolus [GO:0005730]	713.09
Polyketide	respirasome [GO:0070469]	842.08
Polyketide	mitochondrion [GO:0005739]	842.08
Polyketide	mitochondrial inner membrane [GO:0005743]	842.08
Polyketide	plasma membrane [GO:0005886]	450.0
Polyketide	proton-transporting ATP synthase complex, coupling factor F(o) [GO:0045263]	450.0
Polyketide	nuclear envelope [GO:0005635]	491.7
Polyketide	perinuclear region of cytoplasm [GO:0048471]	491.7
Polyketide	cytosol [GO:0005829]	491.7
Polyketide	pericentriolar material [GO:0000242]	491.7
Polyketide	Golgi membrane [GO:0000139]	491.7
Polyketide	chromosome, telomeric region [GO:0000781]	491.7
Polyketide	nucleus [GO:0005634]	491.7
Polyketide	cytoplasm [GO:0005737]	491.7
Polyketide	periplasmic space [GO:0042597]	585.58
Polyketide	extracellular space [GO:0005615]	400.57
Polyketide	azurophil granule lumen [GO:0035578]	400.57
Polyketide	extracellular region [GO:0005576]	400.57
Polyketide	extracellular exosome [GO:0070062]	400.57
Polyketide	protein-DNA complex [GO:0032993]	890.17
Polyketide	extracellular space [GO:0005615]	306.27
Polyketide	azurophil granule lumen [GO:0035578]	306.27
Polyketide	extracellular region [GO:0005576]	306.27
Polyketide	extracellular exosome [GO:0070062]	306.27
Polyketide	nucleus [GO:0005634]	673.97
Polyketide	cytosol [GO:0005829]	673.97
Polyketide	methionine adenosyltransferase complex [GO:0048269]	673.97
Polyketide	extracellular exosome [GO:0070062]	673.97
Polyketide	skeletal muscle myofibril [GO:0098723]	544.04
Polyketide	histone deacetylase complex [GO:0000118]	272.67
Polyketide	protein-containing complex [GO:0032991]	657.93
Polyketide	condensed nuclear chromosome [GO:0000794]	657.93
Polyketide	centrosome [GO:0005813]	657.93
Polyketide	kinetochore [GO:0000776]	657.93
Polyketide	cytosol [GO:0005829]	657.93
Polyketide	nucleoplasm [GO:0005654]	657.93
Polyketide	microtubule [GO:0005874]	657.93
Polyketide	nucleus [GO:0005634]	657.93
Polyketide	spindle pole [GO:0000922]	657.93
Polyketide	midbody [GO:0030496]	657.93
Polyketide	cytoplasm [GO:0005737]	657.93
Polyketide	nucleolus [GO:0005730]	657.93
Polyketide	dendrite [GO:0030425]	842.18
Polyketide	protein-containing complex [GO:0032991]	842.18
Polyketide	perinuclear region of cytoplasm [GO:0048471]	842.18
Polyketide	cytosol [GO:0005829]	842.18
Polyketide	nucleoplasm [GO:0005654]	842.18
Polyketide	plasma membrane [GO:0005886]	842.18
Polyketide	actin cytoskeleton [GO:0015629]	842.18
Polyketide	RNA polymerase II transcription regulator complex [GO:0090575]	842.18
Polyketide	chromatin [GO:0000785]	842.18
Polyketide	transcription regulator complex [GO:0005667]	842.18
Polyketide	nucleus [GO:0005634]	842.18
Polyketide	cytoplasm [GO:0005737]	842.18
Polyketide	nucleolus [GO:0005730]	842.18
Polyketide	cytoplasmic side of endoplasmic reticulum membrane [GO:0098554]	481.65
Polyketide	protein-containing complex [GO:0032991]	481.65
Polyketide	endoplasmic reticulum [GO:0005783]	481.65
Polyketide	sorting endosome [GO:0097443]	481.65
Polyketide	endosome lumen [GO:0031904]	481.65
Polyketide	early endosome [GO:0005769]	481.65
Polyketide	cytosol [GO:0005829]	481.65
Polyketide	mitochondrial crista [GO:0030061]	481.65
Polyketide	mitochondrial matrix [GO:0005759]	481.65
Polyketide	cytoplasm [GO:0005737]	481.65
Polyketide	cell body [GO:0044297]	677.28
Polyketide	actin filament [GO:0005884]	677.28
Polyketide	skeletal muscle myofibril [GO:0098723]	677.28
Polyketide	stress fiber [GO:0001725]	677.28
Polyketide	filamentous actin [GO:0031941]	677.28
Polyketide	actin filament bundle [GO:0032432]	677.28
Polyketide	lamellipodium [GO:0030027]	677.28
Polyketide	striated muscle thin filament [GO:0005865]	677.28
Polyketide	cytoplasm [GO:0005737]	677.28
Polyketide	filopodium [GO:0030175]	677.28
Polyketide	plasma membrane [GO:0005886]	241.77
Polyketide	proton-transporting ATP synthase complex, coupling factor F(o) [GO:0045263]	241.77
Polyketide	extracellular exosome [GO:0070062]	784.31
Polyketide	cytosol [GO:0005829]	784.31
Polyketide	nucleoplasm [GO:0005654]	784.31
Polyketide	protein-containing complex [GO:0032991]	784.31
Polyketide	peroxisomal matrix [GO:0005782]	784.31
Polyketide	apical cortex [GO:0045179]	784.31
Polyketide	nucleus [GO:0005634]	784.31
Polyketide	cytoplasm [GO:0005737]	559.92
Polyketide	cytosol [GO:0005829]	559.92
Polyketide	dendrite [GO:0030425]	668.36
Polyketide	chloride channel complex [GO:0034707]	668.36
Polyketide	neuron projection [GO:0043005]	668.36
Polyketide	plasma membrane [GO:0005886]	668.36
Polyketide	membrane [GO:0016020]	668.36
Polyketide	postsynaptic membrane [GO:0045211]	668.36
Polyketide	synapse [GO:0045202]	668.36
Polyketide	perikaryon [GO:0043204]	668.36
Polyketide	protein-DNA complex [GO:0032993]	971.99
Polyketide	extracellular region [GO:0005576]	763.61
Polyketide	focal adhesion [GO:0005925]	462.56
Polyketide	tertiary granule membrane [GO:0070821]	462.56
Polyketide	extracellular exosome [GO:0070062]	462.56
Polyketide	plasma membrane [GO:0005886]	462.56
Polyketide	protein complex involved in cell-matrix adhesion [GO:0098637]	462.56
Polyketide	serine protease inhibitor complex [GO:0097180]	462.56
Polyketide	extracellular region [GO:0005576]	462.56
Polyketide	specific granule membrane [GO:0035579]	462.56
Polyketide	extracellular space [GO:0005615]	462.56
Polyketide	external side of plasma membrane [GO:0009897]	462.56
Polyketide	cell surface [GO:0009986]	462.56
Polyketide	serine-type endopeptidase complex [GO:1905370]	462.56
Polyketide	chromosome [GO:0005694]	733.39
Polyketide	condensed nuclear chromosome [GO:0000794]	733.39
Polyketide	nucleus [GO:0005634]	733.39
Polyketide	nucleoplasm [GO:0005654]	733.39
Polyketide	microtubule [GO:0005874]	1064.95
Polyketide	cytoplasm [GO:0005737]	1064.95
Polyketide	cytosol [GO:0005829]	504.73
Polyketide	nucleoplasm [GO:0005654]	504.73
Polyketide	endoplasmic reticulum membrane [GO:0005789]	504.73
Polyketide	receptor complex [GO:0043235]	504.73
Polyketide	chromatin [GO:0000785]	504.73
Polyketide	cytoplasm [GO:0005737]	464.37
Polyketide	chloride channel complex [GO:0034707]	502.19
Polyketide	postsynaptic membrane [GO:0045211]	502.19
Polyketide	perikaryon [GO:0043204]	502.19
Polyketide	membrane [GO:0016020]	502.19
Polyketide	plasma membrane [GO:0005886]	502.19
Polyketide	dendrite [GO:0030425]	502.19
Polyketide	neuron projection [GO:0043005]	502.19
Polyketide	synapse [GO:0045202]	502.19
Polyketide	endoplasmic reticulum lumen [GO:0005788]	598.03
Polyketide	endoplasmic reticulum [GO:0005783]	598.03
Polyketide	cytosol [GO:0005829]	598.03
Polyketide	lipid droplet [GO:0005811]	598.03
Polyketide	cytoplasm [GO:0005737]	598.03
Polyketide	RSC-type complex [GO:0016586]	184.11
Polyketide	kinetochore [GO:0000776]	184.11
Polyketide	SWI/SNF complex [GO:0016514]	184.11
Polyketide	nucleoplasm [GO:0005654]	184.11
Polyketide	nuclear matrix [GO:0016363]	184.11
Polyketide	chromatin [GO:0000785]	184.11
Polyketide	nuclear chromosome [GO:0000228]	184.11
Polyketide	nucleus [GO:0005634]	184.11
Polyketide	PML body [GO:0016605]	801.02
Polyketide	Sin3 complex [GO:0016580]	801.02
Polyketide	protein kinase CK2 complex [GO:0005956]	801.02
Polyketide	cytosol [GO:0005829]	801.02
Polyketide	nucleoplasm [GO:0005654]	801.02
Polyketide	plasma membrane [GO:0005886]	801.02
Polyketide	nucleus [GO:0005634]	801.02
Polyketide	protein-containing complex [GO:0032991]	923.43
Polyketide	cytosol [GO:0005829]	923.43
Polyketide	nucleoplasm [GO:0005654]	923.43
Polyketide	membrane [GO:0016020]	923.43
Polyketide	plasma membrane [GO:0005886]	923.43
Polyketide	euchromatin [GO:0000791]	923.43
Polyketide	chromatin [GO:0000785]	923.43
Polyketide	transcription regulator complex [GO:0005667]	923.43
Polyketide	nucleus [GO:0005634]	923.43
Polyketide	cytoplasm [GO:0005737]	923.43
Polyketide	Golgi apparatus [GO:0005794]	923.43
Polyketide	extracellular region [GO:0005576]	354.26
Polyketide	plasma membrane [GO:0005886]	1315.72
Polyketide	DNA-directed RNA polymerase complex [GO:0000428]	1315.72
Polyketide	cytosol [GO:0005829]	1315.72
Polyketide	peptidoglycan-based cell wall [GO:0009274]	1315.72
Polyketide	secretory granule membrane [GO:0030667]	1568.66
Polyketide	clathrin-sculpted monoamine transport vesicle membrane [GO:0070083]	1568.66
Polyketide	terminal bouton [GO:0043195]	1568.66
Polyketide	synaptic vesicle membrane [GO:0030672]	1568.66
Polyketide	presynapse [GO:0098793]	1568.66
Polyketide	endoplasmic reticulum membrane [GO:0005789]	1568.66
Polyketide	melanosome [GO:0042470]	188.74
Polyketide	axonal growth cone [GO:0044295]	188.74
Polyketide	cell body [GO:0044297]	188.74
Polyketide	endomembrane system [GO:0012505]	188.74
Polyketide	lamellipodium [GO:0030027]	188.74
Polyketide	growth cone membrane [GO:0032584]	188.74
Polyketide	plasma membrane [GO:0005886]	188.74
Polyketide	axon [GO:0030424]	188.74
Polyketide	cell surface [GO:0009986]	188.74
Polyketide	aggresome [GO:0016235]	433.97
Polyketide	cell projection [GO:0042995]	433.97
Polyketide	secretory granule membrane [GO:0030667]	433.97
Polyketide	ficolin-1-rich granule membrane [GO:0101003]	433.97
Polyketide	tertiary granule membrane [GO:0070821]	433.97
Polyketide	extracellular exosome [GO:0070062]	433.97
Polyketide	plasma membrane [GO:0005886]	433.97
Polyketide	membrane [GO:0016020]	433.97
Polyketide	specific granule membrane [GO:0035579]	433.97
Polyketide	perikaryon [GO:0043204]	433.97
Polyketide	extracellular space [GO:0005615]	313.04
Polyketide	protein-containing complex [GO:0032991]	313.04
Polyketide	cell body [GO:0044297]	1030.37
Polyketide	actin filament [GO:0005884]	1030.37
Polyketide	skeletal muscle myofibril [GO:0098723]	1030.37
Polyketide	stress fiber [GO:0001725]	1030.37
Polyketide	filamentous actin [GO:0031941]	1030.37
Polyketide	actin filament bundle [GO:0032432]	1030.37
Polyketide	lamellipodium [GO:0030027]	1030.37
Polyketide	striated muscle thin filament [GO:0005865]	1030.37
Polyketide	cytoplasm [GO:0005737]	1030.37
Polyketide	filopodium [GO:0030175]	1030.37
Polyketide	mitochondrial proton-transporting ATP synthase complex [GO:0005753]	312.81
Polyketide	cytosol [GO:0005829]	312.81
Polyketide	mitochondrial proton-transporting ATP synthase complex, coupling factor F(o) [GO:0000276]	312.81
Polyketide	mitochondrion [GO:0005739]	312.81
Polyketide	mitochondrial intermembrane space [GO:0005758]	312.81
Polyketide	mitochondrial inner membrane [GO:0005743]	312.81
Polyketide	cytosol [GO:0005829]	1017.21
Polyketide	plasma membrane [GO:0005886]	1017.21
Polyketide	cytoplasm [GO:0005737]	1017.21
Polyketide	nucleoplasm [GO:0005654]	1017.21
Polyketide	site of double-strand break [GO:0035861]	1017.21
Polyketide	nuclear body [GO:0016604]	1017.21
Polyketide	nucleus [GO:0005634]	1017.21
Polyketide	astral microtubule [GO:0000235]	1256.45
Polyketide	cytosol [GO:0005829]	1256.45
Polyketide	microtubule [GO:0005874]	1256.45
Polyketide	cytoplasmic microtubule [GO:0005881]	1256.45
Polyketide	spindle microtubule [GO:0005876]	1256.45
Polyketide	nucleus [GO:0005634]	1256.45
Polyketide	cytoplasm [GO:0005737]	1256.45
Polyketide	periplasmic space [GO:0042597]	784.67
Polyketide	protein-DNA complex [GO:0032993]	666.1
Polyketide	plasma membrane [GO:0005886]	676.49
Polyketide	node of Ranvier [GO:0033268]	346.32
Polyketide	synapse [GO:0045202]	346.32
Polyketide	plasma membrane [GO:0005886]	346.32
Polyketide	axon initial segment [GO:0043194]	346.32
Polyketide	voltage-gated potassium channel complex [GO:0008076]	346.32
Polyketide	centrosome [GO:0005813]	784.72
Polyketide	cytosol [GO:0005829]	784.72
Polyketide	extracellular exosome [GO:0070062]	784.72
Polyketide	nucleoplasm [GO:0005654]	784.72
Polyketide	nucleus [GO:0005634]	784.72
Polyketide	cytoplasm [GO:0005737]	784.72
Polyketide	secretory granule membrane [GO:0030667]	1873.18
Polyketide	clathrin-sculpted monoamine transport vesicle membrane [GO:0070083]	1873.18
Polyketide	terminal bouton [GO:0043195]	1873.18
Polyketide	synaptic vesicle membrane [GO:0030672]	1873.18
Polyketide	presynapse [GO:0098793]	1873.18
Polyketide	endoplasmic reticulum membrane [GO:0005789]	1873.18
Polyketide	protein-containing complex [GO:0032991]	778.63
Polyketide	cytosol [GO:0005829]	778.63
Polyketide	nucleoplasm [GO:0005654]	778.63
Polyketide	membrane [GO:0016020]	778.63
Polyketide	plasma membrane [GO:0005886]	778.63
Polyketide	euchromatin [GO:0000791]	778.63
Polyketide	chromatin [GO:0000785]	778.63
Polyketide	transcription regulator complex [GO:0005667]	778.63
Polyketide	nucleus [GO:0005634]	778.63
Polyketide	cytoplasm [GO:0005737]	778.63
Polyketide	Golgi apparatus [GO:0005794]	778.63
Polyketide	cytoplasm [GO:0005737]	789.58
Polyketide	microtubule [GO:0005874]	789.58
Polyketide	microtubule cytoskeleton [GO:0015630]	789.58
Polyketide	protein-containing complex [GO:0032991]	856.75
Polyketide	cytosol [GO:0005829]	856.75
Polyketide	nucleoplasm [GO:0005654]	856.75
Polyketide	membrane [GO:0016020]	856.75
Polyketide	plasma membrane [GO:0005886]	856.75
Polyketide	euchromatin [GO:0000791]	856.75
Polyketide	chromatin [GO:0000785]	856.75
Polyketide	transcription regulator complex [GO:0005667]	856.75
Polyketide	nucleus [GO:0005634]	856.75
Polyketide	cytoplasm [GO:0005737]	856.75
Polyketide	Golgi apparatus [GO:0005794]	856.75
Polyketide	sarcoplasmic reticulum membrane [GO:0033017]	858.2
Polyketide	cytoplasmic side of membrane [GO:0098562]	858.2
Polyketide	cytosol [GO:0005829]	858.2
Polyketide	Z disc [GO:0030018]	858.2
Polyketide	sarcoplasmic reticulum [GO:0016529]	858.2
Polyketide	terminal cisterna [GO:0014802]	858.2
Polyketide	membrane [GO:0016020]	858.2
Polyketide	ryanodine receptor complex [GO:1990425]	858.2
Polyketide	cytoplasm [GO:0005737]	858.2
Polyketide	voltage-gated potassium channel complex [GO:0008076]	754.97
Polyketide	endoplasmic reticulum [GO:0005783]	754.97
Polyketide	cell surface [GO:0009986]	754.97
Polyketide	apical plasma membrane [GO:0016324]	754.97
Polyketide	plasma membrane [GO:0005886]	754.97
Polyketide	endoplasmic reticulum membrane [GO:0005789]	754.97
Polyketide	astrocyte projection [GO:0097449]	754.97
Polyketide	calyx of Held [GO:0044305]	754.97
Polyketide	neuronal cell body [GO:0043025]	754.97
Polyketide	vacuolar proton-transporting V-type ATPase, V0 domain [GO:0000220]	348.39
Polyketide	synaptic vesicle membrane [GO:0030672]	348.39
Polyketide	clathrin-coated vesicle membrane [GO:0030665]	348.39
Polyketide	plasma membrane [GO:0005886]	801.79
Polyketide	chloride channel complex [GO:0034707]	426.82
Polyketide	postsynaptic membrane [GO:0045211]	426.82
Polyketide	perikaryon [GO:0043204]	426.82
Polyketide	membrane [GO:0016020]	426.82
Polyketide	plasma membrane [GO:0005886]	426.82
Polyketide	dendrite [GO:0030425]	426.82
Polyketide	neuron projection [GO:0043005]	426.82
Polyketide	synapse [GO:0045202]	426.82
Polyketide	efflux pump complex [GO:1990281]	1834.93
Polyketide	outer membrane-bounded periplasmic space [GO:0030288]	1834.93
Polyketide	periplasmic side of plasma membrane [GO:0098567]	1834.93
Polyketide	plasma membrane [GO:0005886]	1834.93
Polyketide	membrane [GO:0016020]	1834.93
Polyketide	extracellular space [GO:0005615]	338.01
Polyketide	azurophil granule lumen [GO:0035578]	338.01
Polyketide	extracellular region [GO:0005576]	338.01
Polyketide	extracellular exosome [GO:0070062]	338.01
Polyketide	nuclear envelope [GO:0005635]	834.05
Polyketide	cytosol [GO:0005829]	834.05
Polyketide	Golgi membrane [GO:0000139]	834.05
Polyketide	TORC1 complex [GO:0031931]	834.05
Polyketide	phagocytic vesicle [GO:0045335]	834.05
Polyketide	lysosome [GO:0005764]	834.05
Polyketide	endoplasmic reticulum membrane [GO:0005789]	834.05
Polyketide	membrane [GO:0016020]	834.05
Polyketide	dendrite [GO:0030425]	834.05
Polyketide	cytoplasm [GO:0005737]	834.05
Polyketide	lysosomal membrane [GO:0005765]	834.05
Polyketide	mitochondrial outer membrane [GO:0005741]	834.05
Polyketide	endomembrane system [GO:0012505]	834.05
Polyketide	nucleoplasm [GO:0005654]	834.05
Polyketide	TORC2 complex [GO:0031932]	834.05
Polyketide	nucleus [GO:0005634]	834.05
Polyketide	PML body [GO:0016605]	834.05
Polyketide	respirasome [GO:0070469]	553.23
Polyketide	host cell nucleus [GO:0042025]	633.52
Polyketide	host cell endoplasmic reticulum membrane [GO:0044167]	633.52
Polyketide	host cell endoplasmic reticulum-Golgi intermediate compartment [GO:0044172]	633.52
Polyketide	host cell Golgi apparatus [GO:0044177]	633.52
Polyketide	host cell endosome [GO:0044174]	633.52
Polyketide	membrane [GO:0016020]	633.52
Polyketide	double membrane vesicle viral factory outer membrane [GO:0062243]	633.52
Polyketide	host cell perinuclear region of cytoplasm [GO:0044220]	633.52
Polyketide	protein-containing complex [GO:0032991]	917.64
Polyketide	cytosol [GO:0005829]	917.64
Polyketide	nucleoplasm [GO:0005654]	917.64
Polyketide	membrane [GO:0016020]	917.64
Polyketide	plasma membrane [GO:0005886]	917.64
Polyketide	euchromatin [GO:0000791]	917.64
Polyketide	chromatin [GO:0000785]	917.64
Polyketide	transcription regulator complex [GO:0005667]	917.64
Polyketide	nucleus [GO:0005634]	917.64
Polyketide	cytoplasm [GO:0005737]	917.64
Polyketide	Golgi apparatus [GO:0005794]	917.64
Polyketide	cytoplasm [GO:0005737]	1185.0
Polyketide	intracellular membrane-bounded organelle [GO:0043231]	757.1
Polyketide	endoplasmic reticulum membrane [GO:0005789]	757.1
Polyketide	mitochondrial inner membrane [GO:0005743]	757.1
Polyketide	extracellular region [GO:0005576]	879.49
Polyketide	nuclear envelope [GO:0005635]	669.15
Polyketide	perinuclear region of cytoplasm [GO:0048471]	669.15
Polyketide	cytosol [GO:0005829]	669.15
Polyketide	pericentriolar material [GO:0000242]	669.15
Polyketide	Golgi membrane [GO:0000139]	669.15
Polyketide	chromosome, telomeric region [GO:0000781]	669.15
Polyketide	nucleus [GO:0005634]	669.15
Polyketide	cytoplasm [GO:0005737]	669.15
Polyketide	cell body [GO:0044297]	803.58
Polyketide	actin filament [GO:0005884]	803.58
Polyketide	skeletal muscle myofibril [GO:0098723]	803.58
Polyketide	stress fiber [GO:0001725]	803.58
Polyketide	filamentous actin [GO:0031941]	803.58
Polyketide	actin filament bundle [GO:0032432]	803.58
Polyketide	lamellipodium [GO:0030027]	803.58
Polyketide	striated muscle thin filament [GO:0005865]	803.58
Polyketide	cytoplasm [GO:0005737]	803.58
Polyketide	filopodium [GO:0030175]	803.58
Polyketide	histone deacetylase complex [GO:0000118]	800.27
Polyketide	melanosome [GO:0042470]	565.41
Polyketide	axonal growth cone [GO:0044295]	565.41
Polyketide	cell body [GO:0044297]	565.41
Polyketide	endomembrane system [GO:0012505]	565.41
Polyketide	lamellipodium [GO:0030027]	565.41
Polyketide	growth cone membrane [GO:0032584]	565.41
Polyketide	plasma membrane [GO:0005886]	565.41
Polyketide	axon [GO:0030424]	565.41
Polyketide	cell surface [GO:0009986]	565.41
Polyketide	extracellular space [GO:0005615]	816.34
Polyketide	extracellular region [GO:0005576]	816.34
Polyketide	fibrillar center [GO:0001650]	975.12
Polyketide	nuclear inner membrane [GO:0005637]	975.12
Polyketide	heterochromatin [GO:0000792]	975.12
Polyketide	nuclear envelope [GO:0005635]	975.12
Polyketide	PML body [GO:0016605]	975.12
Polyketide	cytosol [GO:0005829]	975.12
Polyketide	eNoSc complex [GO:0061773]	975.12
Polyketide	rDNA heterochromatin [GO:0033553]	975.12
Polyketide	nucleoplasm [GO:0005654]	975.12
Polyketide	mitochondrion [GO:0005739]	975.12
Polyketide	euchromatin [GO:0000791]	975.12
Polyketide	chromatin [GO:0000785]	975.12
Polyketide	chromatin silencing complex [GO:0005677]	975.12
Polyketide	nucleus [GO:0005634]	975.12
Polyketide	cytoplasm [GO:0005737]	975.12
Polyketide	nucleolus [GO:0005730]	975.12
Polyketide	cytoplasm [GO:0005737]	1343.47
Polyketide	nucleus [GO:0005634]	631.61
Polyketide	cytosol [GO:0005829]	631.61
Polyketide	methionine adenosyltransferase complex [GO:0048269]	631.61
Polyketide	extracellular exosome [GO:0070062]	631.61
Polyketide	sarcoplasmic reticulum membrane [GO:0033017]	991.78
Polyketide	cytoplasmic side of membrane [GO:0098562]	991.78
Polyketide	cytosol [GO:0005829]	991.78
Polyketide	Z disc [GO:0030018]	991.78
Polyketide	sarcoplasmic reticulum [GO:0016529]	991.78
Polyketide	terminal cisterna [GO:0014802]	991.78
Polyketide	membrane [GO:0016020]	991.78
Polyketide	ryanodine receptor complex [GO:1990425]	991.78
Polyketide	cytoplasm [GO:0005737]	991.78
Polyketide	mitochondrial proton-transporting ATP synthase complex [GO:0005753]	113.23
Polyketide	cytosol [GO:0005829]	113.23
Polyketide	mitochondrial proton-transporting ATP synthase complex, coupling factor F(o) [GO:0000276]	113.23
Polyketide	mitochondrion [GO:0005739]	113.23
Polyketide	mitochondrial intermembrane space [GO:0005758]	113.23
Polyketide	mitochondrial inner membrane [GO:0005743]	113.23
Polyketide	protein-containing complex [GO:0032991]	685.44
Polyketide	cytosol [GO:0005829]	685.44
Polyketide	nucleoplasm [GO:0005654]	685.44
Polyketide	membrane [GO:0016020]	685.44
Polyketide	plasma membrane [GO:0005886]	685.44
Polyketide	euchromatin [GO:0000791]	685.44
Polyketide	chromatin [GO:0000785]	685.44
Polyketide	transcription regulator complex [GO:0005667]	685.44
Polyketide	nucleus [GO:0005634]	685.44
Polyketide	cytoplasm [GO:0005737]	685.44
Polyketide	Golgi apparatus [GO:0005794]	685.44
Polyketide	cell body [GO:0044297]	1086.94
Polyketide	actin filament [GO:0005884]	1086.94
Polyketide	skeletal muscle myofibril [GO:0098723]	1086.94
Polyketide	stress fiber [GO:0001725]	1086.94
Polyketide	filamentous actin [GO:0031941]	1086.94
Polyketide	actin filament bundle [GO:0032432]	1086.94
Polyketide	lamellipodium [GO:0030027]	1086.94
Polyketide	striated muscle thin filament [GO:0005865]	1086.94
Polyketide	cytoplasm [GO:0005737]	1086.94
Polyketide	filopodium [GO:0030175]	1086.94
Polyketide	cytosol [GO:0005829]	157.74
Polyketide	glutamatergic synapse [GO:0098978]	157.74
Polyketide	nucleoplasm [GO:0005654]	157.74
Polyketide	ciliary basal body [GO:0036064]	157.74
Polyketide	postsynaptic cytosol [GO:0099524]	157.74
Polyketide	nuclear speck [GO:0016607]	157.74
Polyketide	nucleus [GO:0005634]	157.74
Polyketide	midbody [GO:0030496]	157.74
Polyketide	cytoplasm [GO:0005737]	157.74
Polyketide	protein-containing complex [GO:0032991]	879.49
Polyketide	nucleoplasm [GO:0005654]	879.49
Polyketide	mitochondrion [GO:0005739]	879.49
Polyketide	mitochondrial matrix [GO:0005759]	879.49
Polyketide	nucleus [GO:0005634]	879.49
Polyketide	histone deacetylase complex [GO:0000118]	695.66
Polyketide	cytosol [GO:0005829]	695.66
Polyketide	transcription repressor complex [GO:0017053]	695.66
Polyketide	nucleoplasm [GO:0005654]	695.66
Polyketide	nuclear speck [GO:0016607]	695.66
Polyketide	chromatin [GO:0000785]	695.66
Polyketide	nucleus [GO:0005634]	695.66
Polyketide	cytoplasm [GO:0005737]	695.66
Polyketide	skeletal muscle myofibril [GO:0098723]	690.22
Polyketide	extracellular space [GO:0005615]	1024.68
Polyketide	sarcoplasmic reticulum membrane [GO:0033017]	1504.61
Polyketide	postsynaptic density [GO:0014069]	1504.61
Polyketide	Z disc [GO:0030018]	1504.61
Polyketide	T-tubule [GO:0030315]	1504.61
Polyketide	secretory granule [GO:0030141]	1504.61
Polyketide	sarcolemma [GO:0042383]	1504.61
Polyketide	cytoplasm [GO:0005737]	1504.61
Polyketide	calyx of Held [GO:0044305]	1504.61
Polyketide	azurophil granule [GO:0042582]	1504.61
Polyketide	nuclear membrane [GO:0031965]	1504.61
Polyketide	membrane raft [GO:0045121]	1504.61
Polyketide	postsynaptic specialization, intracellular component [GO:0099091]	1504.61
Polyketide	postsynaptic density, intracellular component [GO:0099092]	1504.61
Polyketide	dendrite [GO:0030425]	1504.61
Polyketide	protein-containing complex [GO:0032991]	1504.61
Polyketide	perinuclear region of cytoplasm [GO:0048471]	1504.61
Polyketide	cytosol [GO:0005829]	1504.61
Polyketide	sarcoplasmic reticulum [GO:0016529]	1504.61
Polyketide	glutamatergic synapse [GO:0098978]	1504.61
Polyketide	dendritic spine [GO:0043197]	1504.61
Polyketide	cell periphery [GO:0071944]	1504.61
Polyketide	nucleus [GO:0005634]	1504.61
Polyketide	mitochondrial outer membrane [GO:0005741]	1504.61
Polyketide	plasma membrane [GO:0005886]	1504.61
Polyketide	synapse [GO:0045202]	1504.61
Polyketide	mitochondrion [GO:0005739]	1504.61
Polyketide	photoreceptor inner segment [GO:0001917]	1504.61
Polyketide	cytoskeleton [GO:0005856]	1504.61
Polyketide	cell body [GO:0044297]	807.57
Polyketide	actin filament [GO:0005884]	807.57
Polyketide	skeletal muscle myofibril [GO:0098723]	807.57
Polyketide	stress fiber [GO:0001725]	807.57
Polyketide	filamentous actin [GO:0031941]	807.57
Polyketide	actin filament bundle [GO:0032432]	807.57
Polyketide	lamellipodium [GO:0030027]	807.57
Polyketide	striated muscle thin filament [GO:0005865]	807.57
Polyketide	cytoplasm [GO:0005737]	807.57
Polyketide	filopodium [GO:0030175]	807.57
Polyketide	cytosol [GO:0005829]	1227.96
Polyketide	cytosolic DNA-directed RNA polymerase complex [GO:0000345]	1227.96
Polyketide	membrane [GO:0016020]	1227.96
Polyketide	cytoplasm [GO:0005737]	1227.96
Polyketide	transcription elongation factor complex [GO:0008023]	1227.96
Polyketide	protein serine/threonine phosphatase complex [GO:0008287]	782.8
Polyketide	cytosol [GO:0005829]	782.8
Polyketide	glutamatergic synapse [GO:0098978]	782.8
Polyketide	calcineurin complex [GO:0005955]	782.8
Polyketide	nucleoplasm [GO:0005654]	782.8
Polyketide	mitochondrion [GO:0005739]	782.8
Polyketide	presynapse [GO:0098793]	782.8
Polyketide	hippocampal mossy fiber to CA3 synapse [GO:0098686]	782.8
Polyketide	parallel fiber to Purkinje cell synapse [GO:0098688]	782.8
Polyketide	Schaffer collateral - CA1 synapse [GO:0098685]	782.8
Polyketide	postsynapse [GO:0098794]	782.8
Polyketide	sarcolemma [GO:0042383]	782.8
Polyketide	cytoplasm [GO:0005737]	782.8
Polyketide	nucleus [GO:0005634]	997.13
Polyketide	cytoplasm [GO:0005737]	997.13
Polyketide	cytosol [GO:0005829]	997.13
Polyketide	plasma membrane [GO:0005886]	306.18
Polyketide	proton-transporting ATP synthase complex, coupling factor F(o) [GO:0045263]	306.18
Polyketide	fungal biofilm matrix [GO:0062040]	39.96
Polyketide	cytoplasm [GO:0005737]	39.96
Polyketide	extracellular region [GO:0005576]	39.96
Polyketide	proton-transporting V-type ATPase complex [GO:0033176]	303.93
Polyketide	vacuolar proton-transporting V-type ATPase, V0 domain [GO:0000220]	303.93
Polyketide	Golgi membrane [GO:0000139]	303.93
Polyketide	fungal-type vacuole [GO:0000324]	303.93
Polyketide	membrane [GO:0016020]	303.93
Polyketide	cell periphery [GO:0071944]	303.93
Polyketide	vacuolar proton-transporting V-type ATPase complex [GO:0016471]	303.93
Polyketide	fungal-type vacuole membrane [GO:0000329]	303.93
Polyketide	nucleoplasm [GO:0005654]	538.62
Polyketide	cytosol [GO:0005829]	538.62
Polyketide	extracellular exosome [GO:0070062]	538.62
Polyketide	plasma membrane [GO:0005886]	355.57
Polyketide	proton-transporting ATP synthase complex, coupling factor F(o) [GO:0045263]	355.57
Polyketide	nucleoplasm [GO:0005654]	647.99
Polyketide	membrane [GO:0016020]	647.99
Polyketide	chromatin [GO:0000785]	647.99
Polyketide	transcription regulator complex [GO:0005667]	647.99
Polyketide	nucleus [GO:0005634]	647.99
Polyketide	cytoplasm [GO:0005737]	647.99
Polyketide	acetylcholine-gated channel complex [GO:0005892]	489.41
Polyketide	neuron projection [GO:0043005]	489.41
Polyketide	plasma membrane raft [GO:0044853]	489.41
Polyketide	cholinergic synapse [GO:0098981]	489.41
Polyketide	apical plasma membrane [GO:0016324]	489.41
Polyketide	axolemma [GO:0030673]	489.41
Polyketide	plasma membrane [GO:0005886]	489.41
Polyketide	membrane [GO:0016020]	489.41
Polyketide	postsynaptic specialization membrane [GO:0099634]	489.41
Polyketide	synapse [GO:0045202]	489.41
Polyketide	presynaptic membrane [GO:0042734]	489.41
Polyketide	postsynapse [GO:0098794]	489.41
Polyketide	external side of plasma membrane [GO:0009897]	489.41
Polyketide	protein-containing complex [GO:0032991]	722.55
Polyketide	cytosol [GO:0005829]	722.55
Polyketide	nucleoplasm [GO:0005654]	722.55
Polyketide	membrane [GO:0016020]	722.55
Polyketide	plasma membrane [GO:0005886]	722.55
Polyketide	euchromatin [GO:0000791]	722.55
Polyketide	chromatin [GO:0000785]	722.55
Polyketide	transcription regulator complex [GO:0005667]	722.55
Polyketide	nucleus [GO:0005634]	722.55
Polyketide	cytoplasm [GO:0005737]	722.55
Polyketide	Golgi apparatus [GO:0005794]	722.55
Polyketide	host cell nucleus [GO:0042025]	1096.06
Polyketide	viral envelope [GO:0019031]	1096.06
Polyketide	host cell plasma membrane [GO:0020002]	1096.06
Polyketide	host cell lipid droplet [GO:0044186]	1096.06
Polyketide	host cell endoplasmic reticulum membrane [GO:0044167]	1096.06
Polyketide	host cell mitochondrial membrane [GO:0044191]	1096.06
Polyketide	ribonucleoprotein complex [GO:1990904]	1096.06
Polyketide	lipid droplet [GO:0005811]	1096.06
Polyketide	plasma membrane [GO:0005886]	1096.06
Polyketide	host cell perinuclear region of cytoplasm [GO:0044220]	1096.06
Polyketide	viral nucleocapsid [GO:0019013]	1096.06
Polyketide	virion membrane [GO:0055036]	1096.06
Polyketide	cytoplasm [GO:0005737]	1096.06
Polyketide	nucleoplasm [GO:0005654]	779.38
Polyketide	nucleus [GO:0005634]	779.38
Polyketide	cytoplasm [GO:0005737]	779.38
Polyketide	host cell nucleus [GO:0042025]	628.41
Polyketide	host cell endoplasmic reticulum membrane [GO:0044167]	628.41
Polyketide	host cell endoplasmic reticulum-Golgi intermediate compartment [GO:0044172]	628.41
Polyketide	host cell Golgi apparatus [GO:0044177]	628.41
Polyketide	host cell endosome [GO:0044174]	628.41
Polyketide	membrane [GO:0016020]	628.41
Polyketide	double membrane vesicle viral factory outer membrane [GO:0062243]	628.41
Polyketide	host cell perinuclear region of cytoplasm [GO:0044220]	628.41
Polyketide	nucleolus [GO:0005730]	852.61
Polyketide	nucleoplasm [GO:0005654]	852.61
Polyketide	cytoplasm [GO:0005737]	852.61
Polyketide	cytosol [GO:0005829]	852.61
Polyketide	extracellular space [GO:0005615]	235.79
Polyketide	azurophil granule lumen [GO:0035578]	235.79
Polyketide	extracellular region [GO:0005576]	235.79
Polyketide	extracellular exosome [GO:0070062]	235.79
Polyketide	dendrite [GO:0030425]	793.64
Polyketide	chloride channel complex [GO:0034707]	793.64
Polyketide	neuron projection [GO:0043005]	793.64
Polyketide	plasma membrane [GO:0005886]	793.64
Polyketide	membrane [GO:0016020]	793.64
Polyketide	postsynaptic membrane [GO:0045211]	793.64
Polyketide	synapse [GO:0045202]	793.64
Polyketide	perikaryon [GO:0043204]	793.64
Polyketide	postsynaptic density [GO:0014069]	459.04
Polyketide	glutamatergic synapse [GO:0098978]	459.04
Polyketide	plasma membrane [GO:0005886]	459.04
Polyketide	DAPK1-calmodulin complex [GO:1990722]	459.04
Polyketide	actin cytoskeleton [GO:0015629]	459.04
Polyketide	nucleus [GO:0005634]	459.04
Polyketide	cytoplasm [GO:0005737]	459.04
Polyketide	endoplasmic reticulum membrane [GO:0005789]	604.92
Polyketide	endoplasmic reticulum [GO:0005783]	604.92
Polyketide	nuclear body [GO:0016604]	1293.03
Polyketide	nucleoplasm [GO:0005654]	1293.03
Polyketide	chromatin [GO:0000785]	1293.03
Polyketide	transcription regulator complex [GO:0005667]	1293.03
Polyketide	intermediate filament cytoskeleton [GO:0045111]	1293.03
Polyketide	chromosome [GO:0005694]	757.18
Polyketide	DNA topoisomerase type II (double strand cut, ATP-hydrolyzing) complex [GO:0009330]	757.18
Polyketide	cytosol [GO:0005829]	757.18
Polyketide	nucleoid [GO:0009295]	523.3
Polyketide	perinuclear region of cytoplasm [GO:0048471]	927.27
Polyketide	cytosol [GO:0005829]	927.27
Polyketide	nucleus [GO:0005634]	927.27
Polyketide	cytoplasm [GO:0005737]	927.27
Polyketide	cytoplasmic side of plasma membrane [GO:0009898]	927.27
Polyketide	cell body [GO:0044297]	1026.83
Polyketide	actin filament [GO:0005884]	1026.83
Polyketide	skeletal muscle myofibril [GO:0098723]	1026.83
Polyketide	stress fiber [GO:0001725]	1026.83
Polyketide	filamentous actin [GO:0031941]	1026.83
Polyketide	actin filament bundle [GO:0032432]	1026.83
Polyketide	lamellipodium [GO:0030027]	1026.83
Polyketide	striated muscle thin filament [GO:0005865]	1026.83
Polyketide	cytoplasm [GO:0005737]	1026.83
Polyketide	filopodium [GO:0030175]	1026.83
Polyketide	protein-containing complex [GO:0032991]	899.54
Polyketide	endocytic vesicle membrane [GO:0030666]	899.54
Polyketide	cytosol [GO:0005829]	899.54
Polyketide	transcription repressor complex [GO:0017053]	899.54
Polyketide	nucleoplasm [GO:0005654]	899.54
Polyketide	plasma membrane [GO:0005886]	899.54
Polyketide	nucleus [GO:0005634]	899.54
Polyketide	cytoplasm [GO:0005737]	899.54
Polyketide	nucleolus [GO:0005730]	899.54
Polyketide	endoplasmic reticulum lumen [GO:0005788]	899.65
Polyketide	neuromuscular junction [GO:0031594]	899.65
Polyketide	cell surface [GO:0009986]	899.65
Polyketide	neuronal cell body [GO:0043025]	899.65
Polyketide	axon [GO:0030424]	899.65
Polyketide	extracellular space [GO:0005615]	899.65
Polyketide	Golgi apparatus [GO:0005794]	899.65
Polyketide	dendrite [GO:0030425]	899.65
Polyketide	perinuclear region of cytoplasm [GO:0048471]	899.65
Polyketide	membrane [GO:0016020]	899.65
Polyketide	extracellular region [GO:0005576]	899.65
Polyketide	synaptic cleft [GO:0043083]	899.65
Polyketide	nuclear envelope [GO:0005635]	899.65
Polyketide	basement membrane [GO:0005604]	899.65
Polyketide	plasma membrane [GO:0005886]	899.65
Polyketide	postsynaptic membrane [GO:0045211]	899.65
Polyketide	side of membrane [GO:0098552]	899.65
Polyketide	synapse [GO:0045202]	899.65
Polyketide	presynaptic membrane [GO:0042734]	899.65
Polyketide	nuclear envelope [GO:0005635]	583.94
Polyketide	perinuclear region of cytoplasm [GO:0048471]	583.94
Polyketide	cytosol [GO:0005829]	583.94
Polyketide	pericentriolar material [GO:0000242]	583.94
Polyketide	Golgi membrane [GO:0000139]	583.94
Polyketide	chromosome, telomeric region [GO:0000781]	583.94
Polyketide	nucleus [GO:0005634]	583.94
Polyketide	cytoplasm [GO:0005737]	583.94
Polyketide	membrane [GO:0016020]	721.51
Polyketide	receptor complex [GO:0043235]	721.51
Polyketide	nuclear envelope [GO:0005635]	696.01
Polyketide	perinuclear region of cytoplasm [GO:0048471]	696.01
Polyketide	cytosol [GO:0005829]	696.01
Polyketide	pericentriolar material [GO:0000242]	696.01
Polyketide	Golgi membrane [GO:0000139]	696.01
Polyketide	chromosome, telomeric region [GO:0000781]	696.01
Polyketide	nucleus [GO:0005634]	696.01
Polyketide	cytoplasm [GO:0005737]	696.01
Polyketide	mitochondrial matrix [GO:0005759]	549.57
Polyketide	mitochondrion [GO:0005739]	549.57
Polyketide	extracellular exosome [GO:0070062]	549.57
Polyketide	node of Ranvier [GO:0033268]	563.17
Polyketide	synapse [GO:0045202]	563.17
Polyketide	plasma membrane [GO:0005886]	563.17
Polyketide	axon initial segment [GO:0043194]	563.17
Polyketide	voltage-gated potassium channel complex [GO:0008076]	563.17
Polyketide	dendritic shaft [GO:0043198]	807.72
Polyketide	neuron projection [GO:0043005]	807.72
Polyketide	postsynaptic density [GO:0014069]	807.72
Polyketide	somatodendritic compartment [GO:0036477]	807.72
Polyketide	dendrite membrane [GO:0032590]	807.72
Polyketide	endoplasmic reticulum membrane [GO:0005789]	807.72
Polyketide	cell surface [GO:0009986]	807.72
Polyketide	presynaptic active zone membrane [GO:0048787]	807.72
Polyketide	neuronal cell body [GO:0043025]	807.72
Polyketide	dendrite cytoplasm [GO:0032839]	807.72
Polyketide	spine synapse [GO:0106033]	807.72
Polyketide	synaptic vesicle [GO:0008021]	807.72
Polyketide	Schaffer collateral - CA1 synapse [GO:0098685]	807.72
Polyketide	presynapse [GO:0098793]	807.72
Polyketide	growth cone [GO:0030426]	807.72
Polyketide	perikaryon [GO:0043204]	807.72
Polyketide	AMPA glutamate receptor complex [GO:0032281]	807.72
Polyketide	asymmetric synapse [GO:0032279]	807.72
Polyketide	dendrite [GO:0030425]	807.72
Polyketide	protein-containing complex [GO:0032991]	807.72
Polyketide	ionotropic glutamate receptor complex [GO:0008328]	807.72
Polyketide	dendritic spine head [GO:0044327]	807.72
Polyketide	dendritic spine neck [GO:0044326]	807.72
Polyketide	glutamatergic synapse [GO:0098978]	807.72
Polyketide	membrane [GO:0016020]	807.72
Polyketide	dendritic spine [GO:0043197]	807.72
Polyketide	perisynaptic space [GO:0099544]	807.72
Polyketide	endoplasmic reticulum [GO:0005783]	807.72
Polyketide	plasma membrane [GO:0005886]	807.72
Polyketide	postsynaptic membrane [GO:0045211]	807.72
Polyketide	synapse [GO:0045202]	807.72
Polyketide	terminal bouton [GO:0043195]	807.72
Polyketide	presynaptic membrane [GO:0042734]	807.72
Polyketide	postsynaptic density membrane [GO:0098839]	807.72
Polyketide	synaptic vesicle membrane [GO:0030672]	807.72
Polyketide	axon [GO:0030424]	807.72
Polyketide	synaptic membrane [GO:0097060]	807.72
Polyketide	node of Ranvier [GO:0033268]	494.51
Polyketide	synapse [GO:0045202]	494.51
Polyketide	plasma membrane [GO:0005886]	494.51
Polyketide	axon initial segment [GO:0043194]	494.51
Polyketide	voltage-gated potassium channel complex [GO:0008076]	494.51
Polyketide	nucleus [GO:0005634]	1012.0
Polyketide	nucleolus [GO:0005730]	1012.0
Polyketide	cytosol [GO:0005829]	681.87
Polyketide	cytoplasm [GO:0005737]	681.87
Polyketide	nucleoplasm [GO:0005654]	681.87
Polyketide	nucleus [GO:0005634]	681.87
Polyketide	aggresome [GO:0016235]	589.86
Polyketide	cell projection [GO:0042995]	589.86
Polyketide	secretory granule membrane [GO:0030667]	589.86
Polyketide	ficolin-1-rich granule membrane [GO:0101003]	589.86
Polyketide	tertiary granule membrane [GO:0070821]	589.86
Polyketide	extracellular exosome [GO:0070062]	589.86
Polyketide	plasma membrane [GO:0005886]	589.86
Polyketide	membrane [GO:0016020]	589.86
Polyketide	specific granule membrane [GO:0035579]	589.86
Polyketide	perikaryon [GO:0043204]	589.86
Polyketide	PML body [GO:0016605]	772.37
Polyketide	nucleoplasm [GO:0005654]	772.37
Polyketide	membrane [GO:0016020]	772.37
Polyketide	cytoplasmic ribonucleoprotein granule [GO:0036464]	772.37
Polyketide	nucleus [GO:0005634]	772.37
Polyketide	P-TEFb complex [GO:0070691]	772.37
Polyketide	transcription elongation factor complex [GO:0008023]	772.37
Polyketide	cyclin/CDK positive transcription elongation factor complex [GO:0008024]	772.37
Polyketide	extracellular region [GO:0005576]	803.64
Polyketide	postsynaptic density [GO:0014069]	597.29
Polyketide	glutamatergic synapse [GO:0098978]	597.29
Polyketide	plasma membrane [GO:0005886]	597.29
Polyketide	DAPK1-calmodulin complex [GO:1990722]	597.29
Polyketide	actin cytoskeleton [GO:0015629]	597.29
Polyketide	nucleus [GO:0005634]	597.29
Polyketide	cytoplasm [GO:0005737]	597.29
Polyketide	plasma membrane [GO:0005886]	778.56
Polyketide	cytoplasm [GO:0005737]	778.56
Polyketide	phosphatidylinositol 3-kinase complex, class IB [GO:0005944]	778.56
Polyketide	phosphatidylinositol 3-kinase complex, class IA [GO:0005943]	778.56
Polyketide	extracellular region [GO:0005576]	1065.59
Polyketide	nucleoplasm [GO:0005654]	699.45
Polyketide	mitochondrial respiratory chain complex I [GO:0005747]	699.45
Polyketide	cytosol [GO:0005829]	843.98
Polyketide	nucleoplasm [GO:0005654]	843.98
Polyketide	plasma membrane [GO:0005886]	843.98
Polyketide	nucleus [GO:0005634]	843.98
Polyketide	cytoplasm [GO:0005737]	843.98
Polyketide	nucleolus [GO:0005730]	843.98
Polyketide	node of Ranvier [GO:0033268]	610.48
Polyketide	synapse [GO:0045202]	610.48
Polyketide	plasma membrane [GO:0005886]	610.48
Polyketide	axon initial segment [GO:0043194]	610.48
Polyketide	voltage-gated potassium channel complex [GO:0008076]	610.48
Polyketide	cytosol [GO:0005829]	528.15
Polyketide	nucleoplasm [GO:0005654]	528.15
Polyketide	receptor complex [GO:0043235]	528.15
Polyketide	mitochondrion [GO:0005739]	528.15
Polyketide	RNA polymerase II transcription regulator complex [GO:0090575]	528.15
Polyketide	chromatin [GO:0000785]	528.15
Polyketide	transcription regulator complex [GO:0005667]	528.15
Polyketide	nucleus [GO:0005634]	528.15
Polyketide	node of Ranvier [GO:0033268]	675.26
Polyketide	synapse [GO:0045202]	675.26
Polyketide	plasma membrane [GO:0005886]	675.26
Polyketide	axon initial segment [GO:0043194]	675.26
Polyketide	voltage-gated potassium channel complex [GO:0008076]	675.26
Polyketide	host cell nucleus [GO:0042025]	1006.54
Polyketide	viral envelope [GO:0019031]	1006.54
Polyketide	host cell plasma membrane [GO:0020002]	1006.54
Polyketide	host cell lipid droplet [GO:0044186]	1006.54
Polyketide	host cell endoplasmic reticulum membrane [GO:0044167]	1006.54
Polyketide	host cell mitochondrial membrane [GO:0044191]	1006.54
Polyketide	ribonucleoprotein complex [GO:1990904]	1006.54
Polyketide	membrane [GO:0016020]	1006.54
Polyketide	viral nucleocapsid [GO:0019013]	1006.54
Polyketide	virion membrane [GO:0055036]	1006.54
Polyketide	host cell perinuclear region of cytoplasm [GO:0044220]	1006.54
Polyketide	dendrite [GO:0030425]	753.78
Polyketide	neuron projection [GO:0043005]	753.78
Polyketide	intracellular membrane-bounded organelle [GO:0043231]	753.78
Polyketide	plasma membrane [GO:0005886]	753.78
Polyketide	postsynaptic membrane [GO:0045211]	753.78
Polyketide	synapse [GO:0045202]	753.78
Polyketide	glycine-gated chloride channel complex [GO:0016935]	753.78
Polyketide	perikaryon [GO:0043204]	753.78
Polyketide	membrane [GO:0016020]	353.09
Polyketide	nuclear periphery [GO:0034399]	109.25
Polyketide	main axon [GO:0044304]	109.25
Polyketide	neurofibrillary tangle [GO:0097418]	109.25
Polyketide	neuron projection [GO:0043005]	109.25
Polyketide	somatodendritic compartment [GO:0036477]	109.25
Polyketide	microtubule [GO:0005874]	109.25
Polyketide	cytoplasm [GO:0005737]	109.25
Polyketide	neuronal cell body [GO:0043025]	109.25
Polyketide	cell body [GO:0044297]	109.25
Polyketide	nuclear speck [GO:0016607]	109.25
Polyketide	growth cone [GO:0030426]	109.25
Polyketide	membrane raft [GO:0045121]	109.25
Polyketide	dendrite [GO:0030425]	109.25
Polyketide	tubulin complex [GO:0045298]	109.25
Polyketide	microtubule cytoskeleton [GO:0015630]	109.25
Polyketide	cytosol [GO:0005829]	109.25
Polyketide	axolemma [GO:0030673]	109.25
Polyketide	glial cell projection [GO:0097386]	109.25
Polyketide	dendritic spine [GO:0043197]	109.25
Polyketide	extracellular region [GO:0005576]	109.25
Polyketide	cytoplasmic ribonucleoprotein granule [GO:0036464]	109.25
Polyketide	nucleus [GO:0005634]	109.25
Polyketide	axon cytoplasm [GO:1904115]	109.25
Polyketide	plasma membrane [GO:0005886]	109.25
Polyketide	mitochondrion [GO:0005739]	109.25
Polyketide	axon [GO:0030424]	109.25
Polyketide	intracellular membrane-bounded organelle [GO:0043231]	817.54
Polyketide	myelin sheath [GO:0043209]	817.54
Polyketide	cytoplasm [GO:0005737]	817.54
Polyketide	cytosol [GO:0005829]	817.54
Polyketide	host cell nucleus [GO:0042025]	809.76
Polyketide	protein-containing complex [GO:0032991]	809.76
Polyketide	host cell plasma membrane [GO:0020002]	809.76
Polyketide	host cell lipid droplet [GO:0044186]	809.76
Polyketide	viral envelope [GO:0019031]	809.76
Polyketide	host cell endoplasmic reticulum membrane [GO:0044167]	809.76
Polyketide	host cell mitochondrial membrane [GO:0044191]	809.76
Polyketide	ribonucleoprotein complex [GO:1990904]	809.76
Polyketide	membrane [GO:0016020]	809.76
Polyketide	viral nucleocapsid [GO:0019013]	809.76
Polyketide	virion membrane [GO:0055036]	809.76
Polyketide	host cell perinuclear region of cytoplasm [GO:0044220]	809.76
Polyketide	respirasome [GO:0070469]	548.17
Polyketide	protein-containing complex [GO:0032991]	807.45
Polyketide	endocytic vesicle membrane [GO:0030666]	807.45
Polyketide	cytosol [GO:0005829]	807.45
Polyketide	transcription repressor complex [GO:0017053]	807.45
Polyketide	nucleoplasm [GO:0005654]	807.45
Polyketide	plasma membrane [GO:0005886]	807.45
Polyketide	nucleus [GO:0005634]	807.45
Polyketide	cytoplasm [GO:0005737]	807.45
Polyketide	nucleolus [GO:0005730]	807.45
Polyketide	blood microparticle [GO:0072562]	329.98
Polyketide	extracellular region [GO:0005576]	329.98
Polyketide	extracellular exosome [GO:0070062]	329.98
Polyketide	secretory granule lumen [GO:0034774]	329.98
Polyketide	collagen-containing extracellular matrix [GO:0062023]	329.98
Polyketide	platelet alpha granule lumen [GO:0031093]	329.98
Polyketide	azurophil granule lumen [GO:0035578]	329.98
Polyketide	extracellular space [GO:0005615]	329.98
Polyketide	nucleus [GO:0005634]	329.98
Polyketide	protein-containing complex [GO:0032991]	898.94
Polyketide	endocytic vesicle membrane [GO:0030666]	898.94
Polyketide	cytosol [GO:0005829]	898.94
Polyketide	transcription repressor complex [GO:0017053]	898.94
Polyketide	nucleoplasm [GO:0005654]	898.94
Polyketide	plasma membrane [GO:0005886]	898.94
Polyketide	nucleus [GO:0005634]	898.94
Polyketide	cytoplasm [GO:0005737]	898.94
Polyketide	nucleolus [GO:0005730]	898.94
Polyketide	endoplasmic reticulum [GO:0005783]	671.95
Polyketide	mitochondrion [GO:0005739]	671.95
Polyketide	mitochondrial inner membrane [GO:0005743]	671.95
Polyketide	protein-DNA complex [GO:0032993]	895.82
Polyketide	nuclear chromosome [GO:0000228]	690.15
Polyketide	histone deacetylase complex [GO:0000118]	690.15
Polyketide	cytoplasm [GO:0005737]	690.15
Polyketide	nucleoplasm [GO:0005654]	690.15
Polyketide	nucleus [GO:0005634]	690.15
Polyketide	nuclear body [GO:0016604]	750.06
Polyketide	nucleoplasm [GO:0005654]	750.06
Polyketide	chromatin [GO:0000785]	750.06
Polyketide	transcription regulator complex [GO:0005667]	750.06
Polyketide	intermediate filament cytoskeleton [GO:0045111]	750.06
Polyketide	cytoplasmic side of endoplasmic reticulum membrane [GO:0098554]	761.92
Polyketide	protein-containing complex [GO:0032991]	761.92
Polyketide	endoplasmic reticulum [GO:0005783]	761.92
Polyketide	sorting endosome [GO:0097443]	761.92
Polyketide	endosome lumen [GO:0031904]	761.92
Polyketide	early endosome [GO:0005769]	761.92
Polyketide	cytosol [GO:0005829]	761.92
Polyketide	mitochondrial crista [GO:0030061]	761.92
Polyketide	mitochondrial matrix [GO:0005759]	761.92
Polyketide	cytoplasm [GO:0005737]	761.92
Polyketide	sarcoplasmic reticulum membrane [GO:0033017]	721.07
Polyketide	cytoplasmic side of membrane [GO:0098562]	721.07
Polyketide	cytosol [GO:0005829]	721.07
Polyketide	Z disc [GO:0030018]	721.07
Polyketide	sarcoplasmic reticulum [GO:0016529]	721.07
Polyketide	terminal cisterna [GO:0014802]	721.07
Polyketide	membrane [GO:0016020]	721.07
Polyketide	ryanodine receptor complex [GO:1990425]	721.07
Polyketide	cytoplasm [GO:0005737]	721.07
Polyketide	efflux pump complex [GO:1990281]	2044.45
Polyketide	outer membrane-bounded periplasmic space [GO:0030288]	2044.45
Polyketide	periplasmic side of plasma membrane [GO:0098567]	2044.45
Polyketide	plasma membrane [GO:0005886]	2044.45
Polyketide	membrane [GO:0016020]	2044.45
Polyketide	cell body [GO:0044297]	583.86
Polyketide	actin filament [GO:0005884]	583.86
Polyketide	skeletal muscle myofibril [GO:0098723]	583.86
Polyketide	stress fiber [GO:0001725]	583.86
Polyketide	filamentous actin [GO:0031941]	583.86
Polyketide	actin filament bundle [GO:0032432]	583.86
Polyketide	lamellipodium [GO:0030027]	583.86
Polyketide	striated muscle thin filament [GO:0005865]	583.86
Polyketide	cytoplasm [GO:0005737]	583.86
Polyketide	filopodium [GO:0030175]	583.86
Polyketide	extracellular region [GO:0005576]	283.1
Polyketide	extracellular exosome [GO:0070062]	283.1
Polyketide	azurophil granule lumen [GO:0035578]	283.1
Polyketide	extracellular space [GO:0005615]	283.1
Polyketide	cytosol [GO:0005829]	970.37
Polyketide	nucleoplasm [GO:0005654]	970.37
Polyketide	plasma membrane [GO:0005886]	970.37
Polyketide	mitochondrion [GO:0005739]	970.37
Polyketide	nucleus [GO:0005634]	970.37
Polyketide	cytoplasm [GO:0005737]	970.37
Polyketide	extracellular space [GO:0005615]	245.65
Polyketide	azurophil granule lumen [GO:0035578]	245.65
Polyketide	extracellular region [GO:0005576]	245.65
Polyketide	extracellular exosome [GO:0070062]	245.65
Polyketide	membrane [GO:0016020]	804.15
Polyketide	cytosol [GO:0005829]	804.15
Polyketide	transcription regulator complex [GO:0005667]	804.15
Polyketide	cytoplasm [GO:0005737]	804.15
Polyketide	chromatin [GO:0000785]	804.15
Polyketide	Golgi apparatus [GO:0005794]	804.15
Polyketide	plasma membrane [GO:0005886]	804.15
Polyketide	nucleoplasm [GO:0005654]	804.15
Polyketide	protein-containing complex [GO:0032991]	804.15
Polyketide	euchromatin [GO:0000791]	804.15
Polyketide	nucleus [GO:0005634]	804.15
Polyketide	nucleus [GO:0005634]	487.42
Polyketide	collagen-containing extracellular matrix [GO:0062023]	890.32
Polyketide	cytosol [GO:0005829]	890.32
Polyketide	intracellular membrane-bounded organelle [GO:0043231]	890.32
Polyketide	extracellular region [GO:0005576]	890.32
Polyketide	extracellular space [GO:0005615]	890.32
Polyketide	cytoplasmic ribonucleoprotein granule [GO:0036464]	890.32
Polyketide	secretory granule [GO:0030141]	890.32
Polyketide	cytoplasm [GO:0005737]	890.32
Polyketide	dendritic shaft [GO:0043198]	80.92
Polyketide	ribonucleoprotein complex [GO:1990904]	80.92
Polyketide	postsynaptic density [GO:0014069]	80.92
Polyketide	nucleoplasm [GO:0005654]	80.92
Polyketide	microtubule [GO:0005874]	80.92
Polyketide	Wnt signalosome [GO:1990909]	80.92
Polyketide	cytoplasm [GO:0005737]	80.92
Polyketide	neuronal cell body [GO:0043025]	80.92
Polyketide	centrosome [GO:0005813]	80.92
Polyketide	meiotic spindle [GO:0072687]	80.92
Polyketide	Schaffer collateral - CA1 synapse [GO:0098685]	80.92
Polyketide	presynapse [GO:0098793]	80.92
Polyketide	growth cone [GO:0030426]	80.92
Polyketide	dendrite [GO:0030425]	80.92
Polyketide	protein-containing complex [GO:0032991]	80.92
Polyketide	perinuclear region of cytoplasm [GO:0048471]	80.92
Polyketide	cytosol [GO:0005829]	80.92
Polyketide	glutamatergic synapse [GO:0098978]	80.92
Polyketide	membrane [GO:0016020]	80.92
Polyketide	dendritic spine [GO:0043197]	80.92
Polyketide	nucleus [GO:0005634]	80.92
Polyketide	membrane-bounded organelle [GO:0043227]	80.92
Polyketide	plasma membrane [GO:0005886]	80.92
Polyketide	mitochondrion [GO:0005739]	80.92
Polyketide	axon [GO:0030424]	80.92
Polyketide	beta-catenin destruction complex [GO:0030877]	80.92
Polyketide	nucleoplasm [GO:0005654]	793.21
Polyketide	nucleus [GO:0005634]	793.21
Polyketide	cytoplasm [GO:0005737]	793.21
Polyketide	nucleolus [GO:0005730]	793.21
Polyketide	apicoplast [GO:0020011]	1037.0
Polyketide	ATP-binding cassette (ABC) transporter complex [GO:0043190]	584.04
Polyketide	host cell nucleus [GO:0042025]	900.85
Polyketide	viral envelope [GO:0019031]	900.85
Polyketide	host cell plasma membrane [GO:0020002]	900.85
Polyketide	host cell lipid droplet [GO:0044186]	900.85
Polyketide	host cell endoplasmic reticulum membrane [GO:0044167]	900.85
Polyketide	host cell mitochondrial membrane [GO:0044191]	900.85
Polyketide	ribonucleoprotein complex [GO:1990904]	900.85
Polyketide	membrane [GO:0016020]	900.85
Polyketide	viral nucleocapsid [GO:0019013]	900.85
Polyketide	virion membrane [GO:0055036]	900.85
Polyketide	host cell perinuclear region of cytoplasm [GO:0044220]	900.85
Polyketide	cytoplasm [GO:0005737]	471.25
Polyketide	mitochondrial envelope [GO:0005740]	580.37
Polyketide	mitochondrial outer membrane [GO:0005741]	580.37
Polyketide	mitochondrion [GO:0005739]	580.37
Polyketide	cytoplasmic side of endoplasmic reticulum membrane [GO:0098554]	316.95
Polyketide	protein-containing complex [GO:0032991]	316.95
Polyketide	endoplasmic reticulum [GO:0005783]	316.95
Polyketide	sorting endosome [GO:0097443]	316.95
Polyketide	endosome lumen [GO:0031904]	316.95
Polyketide	early endosome [GO:0005769]	316.95
Polyketide	cytosol [GO:0005829]	316.95
Polyketide	mitochondrial crista [GO:0030061]	316.95
Polyketide	mitochondrial matrix [GO:0005759]	316.95
Polyketide	cytoplasm [GO:0005737]	316.95
Polyketide	transcription repressor complex [GO:0017053]	973.53
Polyketide	nucleoplasm [GO:0005654]	973.53
Polyketide	nucleus [GO:0005634]	973.53
Polyketide	nucleoplasm [GO:0005654]	812.97
Polyketide	chromatin [GO:0000785]	812.97
Polyketide	node of Ranvier [GO:0033268]	510.99
Polyketide	synapse [GO:0045202]	510.99
Polyketide	plasma membrane [GO:0005886]	510.99
Polyketide	axon initial segment [GO:0043194]	510.99
Polyketide	voltage-gated potassium channel complex [GO:0008076]	510.99
Polyketide	PML body [GO:0016605]	748.63
Polyketide	Sin3 complex [GO:0016580]	748.63
Polyketide	protein kinase CK2 complex [GO:0005956]	748.63
Polyketide	cytosol [GO:0005829]	748.63
Polyketide	nucleoplasm [GO:0005654]	748.63
Polyketide	plasma membrane [GO:0005886]	748.63
Polyketide	nucleus [GO:0005634]	748.63
Polyketide	node of Ranvier [GO:0033268]	649.98
Polyketide	synapse [GO:0045202]	649.98
Polyketide	plasma membrane [GO:0005886]	649.98
Polyketide	axon initial segment [GO:0043194]	649.98
Polyketide	voltage-gated potassium channel complex [GO:0008076]	649.98
Polyketide	centrosome [GO:0005813]	940.76
Polyketide	midbody [GO:0030496]	940.76
Polyketide	cyclin A2-CDK1 complex [GO:0097122]	940.76
Polyketide	mitotic spindle [GO:0072686]	940.76
Polyketide	cytosol [GO:0005829]	940.76
Polyketide	cyclin-dependent protein kinase holoenzyme complex [GO:0000307]	940.76
Polyketide	extracellular exosome [GO:0070062]	940.76
Polyketide	nucleoplasm [GO:0005654]	940.76
Polyketide	endoplasmic reticulum membrane [GO:0005789]	940.76
Polyketide	membrane [GO:0016020]	940.76
Polyketide	mitochondrion [GO:0005739]	940.76
Polyketide	chromosome, telomeric region [GO:0000781]	940.76
Polyketide	nucleus [GO:0005634]	940.76
Polyketide	spindle microtubule [GO:0005876]	940.76
Polyketide	mitochondrial matrix [GO:0005759]	940.76
Polyketide	cyclin B1-CDK1 complex [GO:0097125]	940.76
Polyketide	cytoplasm [GO:0005737]	940.76
Polyketide	plasma membrane [GO:0005886]	531.43
Polyketide	plasma membrane [GO:0005886]	1623.64
Polyketide	periplasmic side of plasma membrane [GO:0098567]	1623.64
Polyketide	membrane [GO:0016020]	1623.64
Polyketide	outer membrane-bounded periplasmic space [GO:0030288]	1623.64
Polyketide	efflux pump complex [GO:1990281]	1623.64
Polyketide	postsynaptic density [GO:0014069]	674.41
Polyketide	glutamatergic synapse [GO:0098978]	674.41
Polyketide	plasma membrane [GO:0005886]	674.41
Polyketide	DAPK1-calmodulin complex [GO:1990722]	674.41
Polyketide	actin cytoskeleton [GO:0015629]	674.41
Polyketide	nucleus [GO:0005634]	674.41
Polyketide	cytoplasm [GO:0005737]	674.41
Polyketide	pericentric heterochromatin [GO:0005721]	889.51
Polyketide	endoplasmic reticulum [GO:0005783]	889.51
Polyketide	intracellular membrane-bounded organelle [GO:0043231]	889.51
Polyketide	nucleoplasm [GO:0005654]	889.51
Polyketide	site of DNA damage [GO:0090734]	889.51
Polyketide	chromatin [GO:0000785]	889.51
Polyketide	nucleus [GO:0005634]	889.51
Polyketide	site of double-strand break [GO:0035861]	889.51
Polyketide	chromosome, subtelomeric region [GO:0099115]	889.51
Polyketide	mitochondrial proton-transporting ATP synthase complex [GO:0005753]	377.29
Polyketide	cytosol [GO:0005829]	377.29
Polyketide	mitochondrial proton-transporting ATP synthase complex, coupling factor F(o) [GO:0000276]	377.29
Polyketide	mitochondrion [GO:0005739]	377.29
Polyketide	mitochondrial intermembrane space [GO:0005758]	377.29
Polyketide	mitochondrial inner membrane [GO:0005743]	377.29
Polyketide	mitochondrial matrix [GO:0005759]	476.03
Polyketide	mitochondrion [GO:0005739]	476.03
Polyketide	extracellular exosome [GO:0070062]	476.03
Polyketide	proton-transporting ATP synthase complex, catalytic core F(1) [GO:0045261]	508.15
Polyketide	nuclear envelope [GO:0005635]	735.25
Polyketide	perinuclear region of cytoplasm [GO:0048471]	735.25
Polyketide	cytosol [GO:0005829]	735.25
Polyketide	pericentriolar material [GO:0000242]	735.25
Polyketide	Golgi membrane [GO:0000139]	735.25
Polyketide	chromosome, telomeric region [GO:0000781]	735.25
Polyketide	nucleus [GO:0005634]	735.25
Polyketide	cytoplasm [GO:0005737]	735.25
Polyketide	plasma membrane [GO:0005886]	477.02
Polyketide	proton-transporting ATP synthase complex, coupling factor F(o) [GO:0045263]	477.02
Polyketide	nuclear envelope [GO:0005635]	635.14
Polyketide	perinuclear region of cytoplasm [GO:0048471]	635.14
Polyketide	cytosol [GO:0005829]	635.14
Polyketide	pericentriolar material [GO:0000242]	635.14
Polyketide	Golgi membrane [GO:0000139]	635.14
Polyketide	chromosome, telomeric region [GO:0000781]	635.14
Polyketide	nucleus [GO:0005634]	635.14
Polyketide	cytoplasm [GO:0005737]	635.14
Polyketide	cytosol [GO:0005829]	830.29
Polyketide	mitochondrial proton-transporting ATP synthase complex [GO:0005753]	413.95
Polyketide	cytosol [GO:0005829]	413.95
Polyketide	mitochondrial proton-transporting ATP synthase complex, coupling factor F(o) [GO:0000276]	413.95
Polyketide	mitochondrion [GO:0005739]	413.95
Polyketide	mitochondrial intermembrane space [GO:0005758]	413.95
Polyketide	mitochondrial inner membrane [GO:0005743]	413.95
Polyketide	plasma membrane [GO:0005886]	795.46
Polyketide	DNA-directed RNA polymerase complex [GO:0000428]	795.46
Polyketide	cytosol [GO:0005829]	795.46
Polyketide	peptidoglycan-based cell wall [GO:0009274]	795.46
Polyketide	membrane [GO:0016020]	502.37
Polyketide	transporter complex [GO:1990351]	1203.73
Polyketide	plasma membrane [GO:0005886]	1203.73
Polyketide	membrane [GO:0016020]	1203.73
Polyketide	ATP-binding cassette (ABC) transporter complex [GO:0043190]	1203.73
Polyketide	cytoplasm [GO:0005737]	1203.73
Polyketide	nuclear periphery [GO:0034399]	108.37
Polyketide	main axon [GO:0044304]	108.37
Polyketide	neurofibrillary tangle [GO:0097418]	108.37
Polyketide	neuron projection [GO:0043005]	108.37
Polyketide	somatodendritic compartment [GO:0036477]	108.37
Polyketide	microtubule [GO:0005874]	108.37
Polyketide	cytoplasm [GO:0005737]	108.37
Polyketide	neuronal cell body [GO:0043025]	108.37
Polyketide	cell body [GO:0044297]	108.37
Polyketide	nuclear speck [GO:0016607]	108.37
Polyketide	growth cone [GO:0030426]	108.37
Polyketide	membrane raft [GO:0045121]	108.37
Polyketide	dendrite [GO:0030425]	108.37
Polyketide	tubulin complex [GO:0045298]	108.37
Polyketide	microtubule cytoskeleton [GO:0015630]	108.37
Polyketide	cytosol [GO:0005829]	108.37
Polyketide	axolemma [GO:0030673]	108.37
Polyketide	glial cell projection [GO:0097386]	108.37
Polyketide	dendritic spine [GO:0043197]	108.37
Polyketide	extracellular region [GO:0005576]	108.37
Polyketide	cytoplasmic ribonucleoprotein granule [GO:0036464]	108.37
Polyketide	nucleus [GO:0005634]	108.37
Polyketide	axon cytoplasm [GO:1904115]	108.37
Polyketide	plasma membrane [GO:0005886]	108.37
Polyketide	mitochondrion [GO:0005739]	108.37
Polyketide	axon [GO:0030424]	108.37
Polyketide	RSC-type complex [GO:0016586]	237.88
Polyketide	kinetochore [GO:0000776]	237.88
Polyketide	SWI/SNF complex [GO:0016514]	237.88
Polyketide	nucleoplasm [GO:0005654]	237.88
Polyketide	nuclear matrix [GO:0016363]	237.88
Polyketide	chromatin [GO:0000785]	237.88
Polyketide	nuclear chromosome [GO:0000228]	237.88
Polyketide	nucleus [GO:0005634]	237.88
Polyketide	collagen-containing extracellular matrix [GO:0062023]	904.05
Polyketide	cytoplasm [GO:0005737]	904.05
Polyketide	secretory granule membrane [GO:0030667]	904.05
Polyketide	cytosol [GO:0005829]	904.05
Polyketide	ficolin-1-rich granule membrane [GO:0101003]	904.05
Polyketide	immunological synapse [GO:0001772]	904.05
Polyketide	extracellular exosome [GO:0070062]	904.05
Polyketide	spliceosomal complex [GO:0005681]	904.05
Polyketide	nucleoplasm [GO:0005654]	904.05
Polyketide	membrane [GO:0016020]	904.05
Polyketide	plasma membrane [GO:0005886]	904.05
Polyketide	extracellular region [GO:0005576]	904.05
Polyketide	extracellular space [GO:0005615]	904.05
Polyketide	nucleus [GO:0005634]	904.05
Polyketide	cell surface [GO:0009986]	904.05
Polyketide	mitochondrial inner membrane [GO:0005743]	904.05
Polyketide	dendrite [GO:0030425]	706.53
Polyketide	PML body [GO:0016605]	706.53
Polyketide	nuclear envelope [GO:0005635]	706.53
Polyketide	lysosome [GO:0005764]	706.53
Polyketide	endomembrane system [GO:0012505]	706.53
Polyketide	mitochondrial outer membrane [GO:0005741]	706.53
Polyketide	cytosol [GO:0005829]	706.53
Polyketide	Golgi membrane [GO:0000139]	706.53
Polyketide	nucleoplasm [GO:0005654]	706.53
Polyketide	endoplasmic reticulum membrane [GO:0005789]	706.53
Polyketide	membrane [GO:0016020]	706.53
Polyketide	TORC1 complex [GO:0031931]	706.53
Polyketide	nucleus [GO:0005634]	706.53
Polyketide	TORC2 complex [GO:0031932]	706.53
Polyketide	lysosomal membrane [GO:0005765]	706.53
Polyketide	cytoplasm [GO:0005737]	706.53
Polyketide	phagocytic vesicle [GO:0045335]	706.53
Polyketide	protein-containing complex [GO:0032991]	667.83
Polyketide	cytosol [GO:0005829]	667.83
Polyketide	nucleoplasm [GO:0005654]	667.83
Polyketide	membrane [GO:0016020]	667.83
Polyketide	plasma membrane [GO:0005886]	667.83
Polyketide	euchromatin [GO:0000791]	667.83
Polyketide	chromatin [GO:0000785]	667.83
Polyketide	transcription regulator complex [GO:0005667]	667.83
Polyketide	nucleus [GO:0005634]	667.83
Polyketide	cytoplasm [GO:0005737]	667.83
Polyketide	Golgi apparatus [GO:0005794]	667.83
Polyketide	cell body [GO:0044297]	904.13
Polyketide	actin filament [GO:0005884]	904.13
Polyketide	skeletal muscle myofibril [GO:0098723]	904.13
Polyketide	stress fiber [GO:0001725]	904.13
Polyketide	filamentous actin [GO:0031941]	904.13
Polyketide	actin filament bundle [GO:0032432]	904.13
Polyketide	lamellipodium [GO:0030027]	904.13
Polyketide	striated muscle thin filament [GO:0005865]	904.13
Polyketide	cytoplasm [GO:0005737]	904.13
Polyketide	filopodium [GO:0030175]	904.13
Polyketide	host cell nucleus [GO:0042025]	882.11
Polyketide	membrane [GO:0016020]	882.11
Polyketide	T=pseudo3 icosahedral viral capsid [GO:0039618]	882.11
Polyketide	host cell cytoplasmic vesicle membrane [GO:0044162]	882.11
Polyketide	skeletal muscle myofibril [GO:0098723]	649.32
Polyketide	extracellular region [GO:0005576]	1117.74
Polyketide	node of Ranvier [GO:0033268]	142.44
Polyketide	synapse [GO:0045202]	142.44
Polyketide	plasma membrane [GO:0005886]	142.44
Polyketide	axon initial segment [GO:0043194]	142.44
Polyketide	voltage-gated potassium channel complex [GO:0008076]	142.44
Polyketide	membrane [GO:0016020]	1562.01
Polyketide	node of Ranvier [GO:0033268]	309.15
Polyketide	synapse [GO:0045202]	309.15
Polyketide	plasma membrane [GO:0005886]	309.15
Polyketide	axon initial segment [GO:0043194]	309.15
Polyketide	voltage-gated potassium channel complex [GO:0008076]	309.15
Polyketide	cytosol [GO:0005829]	714.63
Polyketide	plasma membrane [GO:0005886]	714.63
Polyketide	peptidoglycan-based cell wall [GO:0009274]	714.63
Polyketide	efflux pump complex [GO:1990281]	1715.9
Polyketide	outer membrane-bounded periplasmic space [GO:0030288]	1715.9
Polyketide	periplasmic side of plasma membrane [GO:0098567]	1715.9
Polyketide	plasma membrane [GO:0005886]	1715.9
Polyketide	membrane [GO:0016020]	1715.9
Polyketide	nucleoplasm [GO:0005654]	741.03
Polyketide	chromatin [GO:0000785]	741.03
Polyketide	host cell nucleus [GO:0042025]	968.8
Polyketide	host cell endoplasmic reticulum membrane [GO:0044167]	968.8
Polyketide	host cell endoplasmic reticulum-Golgi intermediate compartment [GO:0044172]	968.8
Polyketide	host cell Golgi apparatus [GO:0044177]	968.8
Polyketide	host cell endosome [GO:0044174]	968.8
Polyketide	membrane [GO:0016020]	968.8
Polyketide	double membrane vesicle viral factory outer membrane [GO:0062243]	968.8
Polyketide	host cell perinuclear region of cytoplasm [GO:0044220]	968.8
Polyketide	protein-DNA complex [GO:0032993]	688.72
Polyketide	cell body [GO:0044297]	61.35
Polyketide	actin filament [GO:0005884]	61.35
Polyketide	skeletal muscle myofibril [GO:0098723]	61.35
Polyketide	stress fiber [GO:0001725]	61.35
Polyketide	filamentous actin [GO:0031941]	61.35
Polyketide	actin filament bundle [GO:0032432]	61.35
Polyketide	lamellipodium [GO:0030027]	61.35
Polyketide	striated muscle thin filament [GO:0005865]	61.35
Polyketide	cytoplasm [GO:0005737]	61.35
Polyketide	filopodium [GO:0030175]	61.35
Polyketide	extracellular region [GO:0005576]	140.42
Polyketide	extracellular exosome [GO:0070062]	140.42
Polyketide	azurophil granule lumen [GO:0035578]	140.42
Polyketide	extracellular space [GO:0005615]	140.42
Polyketide	dendrite [GO:0030425]	652.41
Polyketide	PML body [GO:0016605]	652.41
Polyketide	nuclear envelope [GO:0005635]	652.41
Polyketide	lysosome [GO:0005764]	652.41
Polyketide	endomembrane system [GO:0012505]	652.41
Polyketide	mitochondrial outer membrane [GO:0005741]	652.41
Polyketide	cytosol [GO:0005829]	652.41
Polyketide	Golgi membrane [GO:0000139]	652.41
Polyketide	nucleoplasm [GO:0005654]	652.41
Polyketide	endoplasmic reticulum membrane [GO:0005789]	652.41
Polyketide	membrane [GO:0016020]	652.41
Polyketide	TORC1 complex [GO:0031931]	652.41
Polyketide	nucleus [GO:0005634]	652.41
Polyketide	TORC2 complex [GO:0031932]	652.41
Polyketide	lysosomal membrane [GO:0005765]	652.41
Polyketide	cytoplasm [GO:0005737]	652.41
Polyketide	phagocytic vesicle [GO:0045335]	652.41
Polyketide	extracellular space [GO:0005615]	486.45
Polyketide	azurophil granule lumen [GO:0035578]	486.45
Polyketide	extracellular region [GO:0005576]	486.45
Polyketide	extracellular exosome [GO:0070062]	486.45
Polyketide	sarcoplasmic reticulum membrane [GO:0033017]	971.41
Polyketide	cytoplasmic side of membrane [GO:0098562]	971.41
Polyketide	cytosol [GO:0005829]	971.41
Polyketide	Z disc [GO:0030018]	971.41
Polyketide	sarcoplasmic reticulum [GO:0016529]	971.41
Polyketide	extracellular exosome [GO:0070062]	971.41
Polyketide	membrane [GO:0016020]	971.41
Polyketide	ryanodine receptor complex [GO:1990425]	971.41
Polyketide	cytoplasm [GO:0005737]	971.41
Polyketide	extracellular space [GO:0005615]	321.14
Polyketide	azurophil granule lumen [GO:0035578]	321.14
Polyketide	extracellular region [GO:0005576]	321.14
Polyketide	extracellular exosome [GO:0070062]	321.14
Polyketide	cytoplasm [GO:0005737]	1435.22
Polyketide	plasma membrane [GO:0005886]	771.69
Polyketide	chloride channel complex [GO:0034707]	394.19
Polyketide	postsynaptic membrane [GO:0045211]	394.19
Polyketide	perikaryon [GO:0043204]	394.19
Polyketide	membrane [GO:0016020]	394.19
Polyketide	plasma membrane [GO:0005886]	394.19
Polyketide	dendrite [GO:0030425]	394.19
Polyketide	neuron projection [GO:0043005]	394.19
Polyketide	synapse [GO:0045202]	394.19
Polyketide	host cell nucleus [GO:0042025]	908.46
Polyketide	protein-containing complex [GO:0032991]	908.46
Polyketide	host cell plasma membrane [GO:0020002]	908.46
Polyketide	host cell lipid droplet [GO:0044186]	908.46
Polyketide	viral envelope [GO:0019031]	908.46
Polyketide	host cell endoplasmic reticulum membrane [GO:0044167]	908.46
Polyketide	host cell mitochondrial membrane [GO:0044191]	908.46
Polyketide	ribonucleoprotein complex [GO:1990904]	908.46
Polyketide	membrane [GO:0016020]	908.46
Polyketide	viral nucleocapsid [GO:0019013]	908.46
Polyketide	virion membrane [GO:0055036]	908.46
Polyketide	host cell perinuclear region of cytoplasm [GO:0044220]	908.46
Polyketide	voltage-gated potassium channel complex [GO:0008076]	989.58
Polyketide	endoplasmic reticulum [GO:0005783]	989.58
Polyketide	cell surface [GO:0009986]	989.58
Polyketide	apical plasma membrane [GO:0016324]	989.58
Polyketide	plasma membrane [GO:0005886]	989.58
Polyketide	endoplasmic reticulum membrane [GO:0005789]	989.58
Polyketide	astrocyte projection [GO:0097449]	989.58
Polyketide	calyx of Held [GO:0044305]	989.58
Polyketide	neuronal cell body [GO:0043025]	989.58
Polyketide	vacuolar proton-transporting V-type ATPase, V0 domain [GO:0000220]	335.91
Polyketide	synaptic vesicle membrane [GO:0030672]	335.91
Polyketide	clathrin-coated vesicle membrane [GO:0030665]	335.91
Polyketide	extracellular space [GO:0005615]	343.77
Polyketide	azurophil granule lumen [GO:0035578]	343.77
Polyketide	extracellular region [GO:0005576]	343.77
Polyketide	extracellular exosome [GO:0070062]	343.77
Polyketide	extracellular region [GO:0005576]	875.2
Polyketide	extracellular exosome [GO:0070062]	875.2
Polyketide	secretory granule lumen [GO:0034774]	875.2
Polyketide	cytosol [GO:0005829]	875.2
Polyketide	specific granule lumen [GO:0035580]	875.2
Polyketide	nucleoplasm [GO:0005654]	875.2
Polyketide	nucleus [GO:0005634]	875.2
Polyketide	protein-containing complex [GO:0032991]	1213.21
Polyketide	cytosol [GO:0005829]	1213.21
Polyketide	nucleoplasm [GO:0005654]	1213.21
Polyketide	membrane [GO:0016020]	1213.21
Polyketide	plasma membrane [GO:0005886]	1213.21
Polyketide	euchromatin [GO:0000791]	1213.21
Polyketide	chromatin [GO:0000785]	1213.21
Polyketide	transcription regulator complex [GO:0005667]	1213.21
Polyketide	nucleus [GO:0005634]	1213.21
Polyketide	cytoplasm [GO:0005737]	1213.21
Polyketide	Golgi apparatus [GO:0005794]	1213.21
Polyketide	periplasmic space [GO:0042597]	734.07
Polyketide	plasma membrane [GO:0005886]	670.66
Polyketide	periplasmic space [GO:0042597]	971.24
Polyketide	dendrite [GO:0030425]	221.18
Polyketide	cytosol [GO:0005829]	221.18
Polyketide	synapse [GO:0045202]	221.18
Polyketide	nucleus [GO:0005634]	221.18
Polyketide	cytoplasm [GO:0005737]	221.18
Polyketide	neuronal cell body [GO:0043025]	221.18
Polyketide	epidermal lamellar body [GO:0097209]	190.26
Polyketide	extracellular region [GO:0005576]	190.26
Polyketide	extracellular space [GO:0005615]	190.26
Polyketide	secretory granule [GO:0030141]	190.26
Polyketide	cornified envelope [GO:0001533]	190.26
Polyketide	dendrite [GO:0030425]	384.99
Polyketide	chloride channel complex [GO:0034707]	384.99
Polyketide	neuron projection [GO:0043005]	384.99
Polyketide	plasma membrane [GO:0005886]	384.99
Polyketide	membrane [GO:0016020]	384.99
Polyketide	postsynaptic membrane [GO:0045211]	384.99
Polyketide	synapse [GO:0045202]	384.99
Polyketide	perikaryon [GO:0043204]	384.99
Polyketide	calcium channel complex [GO:0034704]	998.84
Polyketide	voltage-gated calcium channel complex [GO:0005891]	998.84
Polyketide	perinuclear region of cytoplasm [GO:0048471]	998.84
Polyketide	apical plasma membrane [GO:0016324]	998.84
Polyketide	cytosol [GO:0005829]	998.84
Polyketide	plasma membrane [GO:0005886]	998.84
Polyketide	membrane [GO:0016020]	998.84
Polyketide	nucleus [GO:0005634]	998.84
Polyketide	microtubule organizing center [GO:0005815]	998.84
Polyketide	nuclear chromosome [GO:0000228]	132.78
Polyketide	histone deacetylase complex [GO:0000118]	132.78
Polyketide	cytoplasm [GO:0005737]	132.78
Polyketide	nucleoplasm [GO:0005654]	132.78
Polyketide	nucleus [GO:0005634]	132.78
Polyketide	host cell plasma membrane [GO:0020002]	691.53
Polyketide	host cell cytosol [GO:0044164]	691.53
Polyketide	membrane [GO:0016020]	691.53
Polyketide	extracellular region [GO:0005576]	691.53
Polyketide	host cell cytoplasmic vesicle [GO:0044161]	691.53
Polyketide	host cell presynaptic membrane [GO:0044231]	691.53
Polyketide	protein-containing complex [GO:0032991]	808.45
Polyketide	cytosol [GO:0005829]	808.45
Polyketide	nucleoplasm [GO:0005654]	808.45
Polyketide	membrane [GO:0016020]	808.45
Polyketide	plasma membrane [GO:0005886]	808.45
Polyketide	euchromatin [GO:0000791]	808.45
Polyketide	chromatin [GO:0000785]	808.45
Polyketide	transcription regulator complex [GO:0005667]	808.45
Polyketide	nucleus [GO:0005634]	808.45
Polyketide	cytoplasm [GO:0005737]	808.45
Polyketide	Golgi apparatus [GO:0005794]	808.45
Polyketide	cytoplasm [GO:0005737]	824.94
Polyketide	vesicle [GO:0031982]	182.83
Polyketide	cytoplasm [GO:0005737]	182.83
Polyketide	secretory granule lumen [GO:0034774]	182.83
Polyketide	cytosol [GO:0005829]	182.83
Polyketide	ficolin-1-rich granule lumen [GO:1904813]	182.83
Polyketide	extracellular exosome [GO:0070062]	182.83
Polyketide	nucleoplasm [GO:0005654]	182.83
Polyketide	plasma membrane [GO:0005886]	182.83
Polyketide	extracellular region [GO:0005576]	182.83
Polyketide	extracellular space [GO:0005615]	182.83
Polyketide	cell surface [GO:0009986]	182.83
Polyketide	nuclear speck [GO:0016607]	1099.18
Polyketide	dendrite [GO:0030425]	1099.18
Polyketide	cytoplasm [GO:0005737]	1099.18
Polyketide	nucleoplasm [GO:0005654]	1099.18
Polyketide	cytoskeleton [GO:0005856]	1099.18
Polyketide	axon [GO:0030424]	1099.18
Polyketide	ribonucleoprotein complex [GO:1990904]	1099.18
Polyketide	nucleus [GO:0005634]	1099.18
Polyketide	cytosol [GO:0005829]	1006.08
Polyketide	transcription regulator complex [GO:0005667]	1006.08
Polyketide	chromatin [GO:0000785]	1006.08
Polyketide	receptor complex [GO:0043235]	1006.08
Polyketide	mitochondrion [GO:0005739]	1006.08
Polyketide	RNA polymerase II transcription regulator complex [GO:0090575]	1006.08
Polyketide	nucleoplasm [GO:0005654]	1006.08
Polyketide	nucleus [GO:0005634]	1006.08
Polyketide	cytosol [GO:0005829]	756.16
Polyketide	protein kinase CK2 complex [GO:0005956]	756.16
Polyketide	nucleus [GO:0005634]	756.16
Polyketide	protein-containing complex [GO:0032991]	581.51
Polyketide	cytosol [GO:0005829]	581.51
Polyketide	nucleoplasm [GO:0005654]	581.51
Polyketide	membrane [GO:0016020]	581.51
Polyketide	plasma membrane [GO:0005886]	581.51
Polyketide	euchromatin [GO:0000791]	581.51
Polyketide	chromatin [GO:0000785]	581.51
Polyketide	transcription regulator complex [GO:0005667]	581.51
Polyketide	nucleus [GO:0005634]	581.51
Polyketide	cytoplasm [GO:0005737]	581.51
Polyketide	Golgi apparatus [GO:0005794]	581.51
Polyketide	mitotic actomyosin contractile ring, intermediate layer [GO:0120105]	600.68
Polyketide	calcineurin complex [GO:0005955]	600.68
Polyketide	endoplasmic reticulum [GO:0005783]	274.23
Polyketide	ribonucleoprotein complex [GO:1990904]	274.23
Polyketide	cytosol [GO:0005829]	274.23
Polyketide	plasma membrane [GO:0005886]	274.23
Polyketide	ribosome [GO:0005840]	274.23
Polyketide	extracellular exosome [GO:0070062]	806.62
Polyketide	cytosol [GO:0005829]	806.62
Polyketide	dendrite [GO:0030425]	806.62
Polyketide	glutamatergic synapse [GO:0098978]	806.62
Polyketide	axon [GO:0030424]	806.62
Polyketide	filopodium tip [GO:0032433]	806.62
Polyketide	plasma membrane [GO:0005886]	806.62
Polyketide	membrane raft [GO:0045121]	806.62
Polyketide	extracellular region [GO:0005576]	806.62
Polyketide	early endosome membrane [GO:0031901]	806.62
Polyketide	endoplasmic reticulum [GO:0005783]	806.62
Polyketide	protein-containing complex [GO:0032991]	487.38
Polyketide	cytosol [GO:0005829]	487.38
Polyketide	nucleoplasm [GO:0005654]	487.38
Polyketide	membrane [GO:0016020]	487.38
Polyketide	plasma membrane [GO:0005886]	487.38
Polyketide	euchromatin [GO:0000791]	487.38
Polyketide	chromatin [GO:0000785]	487.38
Polyketide	transcription regulator complex [GO:0005667]	487.38
Polyketide	nucleus [GO:0005634]	487.38
Polyketide	cytoplasm [GO:0005737]	487.38
Polyketide	Golgi apparatus [GO:0005794]	487.38
Polyketide	protein-containing complex [GO:0032991]	449.16
Polyketide	cytosol [GO:0005829]	449.16
Polyketide	nucleoplasm [GO:0005654]	449.16
Polyketide	membrane [GO:0016020]	449.16
Polyketide	plasma membrane [GO:0005886]	449.16
Polyketide	euchromatin [GO:0000791]	449.16
Polyketide	chromatin [GO:0000785]	449.16
Polyketide	transcription regulator complex [GO:0005667]	449.16
Polyketide	nucleus [GO:0005634]	449.16
Polyketide	cytoplasm [GO:0005737]	449.16
Polyketide	Golgi apparatus [GO:0005794]	449.16
Polyketide	protein-containing complex [GO:0032991]	530.66
Polyketide	endocytic vesicle membrane [GO:0030666]	530.66
Polyketide	cytosol [GO:0005829]	530.66
Polyketide	transcription repressor complex [GO:0017053]	530.66
Polyketide	nucleoplasm [GO:0005654]	530.66
Polyketide	plasma membrane [GO:0005886]	530.66
Polyketide	nucleus [GO:0005634]	530.66
Polyketide	cytoplasm [GO:0005737]	530.66
Polyketide	nucleolus [GO:0005730]	530.66
Polyketide	endoplasmic reticulum lumen [GO:0005788]	1207.65
Polyketide	endosome [GO:0005768]	1207.65
Polyketide	Golgi-associated vesicle lumen [GO:0070931]	1207.65
Polyketide	cell surface [GO:0009986]	1207.65
Polyketide	neuronal cell body [GO:0043025]	1207.65
Polyketide	recycling endosome [GO:0055037]	1207.65
Polyketide	trans-Golgi network [GO:0005802]	1207.65
Polyketide	endosome membrane [GO:0010008]	1207.65
Polyketide	synaptic vesicle [GO:0008021]	1207.65
Polyketide	lysosome [GO:0005764]	1207.65
Polyketide	membrane raft [GO:0045121]	1207.65
Polyketide	Golgi apparatus [GO:0005794]	1207.65
Polyketide	dendrite [GO:0030425]	1207.65
Polyketide	early endosome [GO:0005769]	1207.65
Polyketide	membrane [GO:0016020]	1207.65
Polyketide	multivesicular body [GO:0005771]	1207.65
Polyketide	plasma membrane [GO:0005886]	1207.65
Polyketide	hippocampal mossy fiber to CA3 synapse [GO:0098686]	1207.65
Polyketide	axon [GO:0030424]	1207.65
Polyketide	late endosome [GO:0005770]	1207.65
Polyketide	bicellular tight junction [GO:0005923]	581.17
Polyketide	cytosol [GO:0005829]	581.17
Polyketide	Golgi membrane [GO:0000139]	581.17
Polyketide	plasma membrane [GO:0005886]	581.17
Polyketide	membrane [GO:0016020]	581.17
Polyketide	growth cone [GO:0030426]	581.17
Polyketide	adherens junction [GO:0005912]	581.17
Polyketide	cytoplasm [GO:0005737]	581.17
Polyketide	protein-containing complex [GO:0032991]	686.65
Polyketide	cytosol [GO:0005829]	686.65
Polyketide	nucleoplasm [GO:0005654]	686.65
Polyketide	membrane [GO:0016020]	686.65
Polyketide	plasma membrane [GO:0005886]	686.65
Polyketide	euchromatin [GO:0000791]	686.65
Polyketide	chromatin [GO:0000785]	686.65
Polyketide	transcription regulator complex [GO:0005667]	686.65
Polyketide	nucleus [GO:0005634]	686.65
Polyketide	cytoplasm [GO:0005737]	686.65
Polyketide	Golgi apparatus [GO:0005794]	686.65
Polyketide	nuclear chromosome [GO:0000228]	102.88
Polyketide	histone deacetylase complex [GO:0000118]	102.88
Polyketide	cytoplasm [GO:0005737]	102.88
Polyketide	nucleoplasm [GO:0005654]	102.88
Polyketide	nucleus [GO:0005634]	102.88
Polyketide	extracellular region [GO:0005576]	933.0
Polyketide	cytoplasm [GO:0005737]	641.41
Polyketide	host cell nucleus [GO:0042025]	200.35
Polyketide	host cell plasma membrane [GO:0020002]	200.35
Polyketide	membrane [GO:0016020]	200.35
Polyketide	viral nucleocapsid [GO:0019013]	200.35
Polyketide	host multivesicular body [GO:0072494]	200.35
Polyketide	virion membrane [GO:0055036]	200.35
Polyketide	chromosome [GO:0005694]	966.88
Polyketide	DNA topoisomerase type II (double strand cut, ATP-hydrolyzing) complex [GO:0009330]	966.88
Polyketide	cytoplasm [GO:0005737]	966.88
Polyketide	cytosol [GO:0005829]	966.88
Polyketide	chromosome [GO:0005694]	492.62
Polyketide	cytoplasm [GO:0005737]	492.62
Polyketide	skeletal muscle myofibril [GO:0098723]	0.0
Polyketide	lamellipodium [GO:0030027]	0.0
Polyketide	cytoplasm [GO:0005737]	0.0
Polyketide	actin filament bundle [GO:0032432]	0.0
Polyketide	stress fiber [GO:0001725]	0.0
Polyketide	actin filament [GO:0005884]	0.0
Polyketide	filamentous actin [GO:0031941]	0.0
Polyketide	cell body [GO:0044297]	0.0
Polyketide	striated muscle thin filament [GO:0005865]	0.0
Polyketide	filopodium [GO:0030175]	0.0
Polyketide	efflux pump complex [GO:1990281]	2204.66
Polyketide	outer membrane-bounded periplasmic space [GO:0030288]	2204.66
Polyketide	periplasmic side of plasma membrane [GO:0098567]	2204.66
Polyketide	plasma membrane [GO:0005886]	2204.66
Polyketide	membrane [GO:0016020]	2204.66
Polyketide	mitochondrial proton-transporting ATP synthase complex [GO:0005753]	406.98
Polyketide	cytosol [GO:0005829]	406.98
Polyketide	mitochondrial proton-transporting ATP synthase complex, coupling factor F(o) [GO:0000276]	406.98
Polyketide	mitochondrion [GO:0005739]	406.98
Polyketide	mitochondrial intermembrane space [GO:0005758]	406.98
Polyketide	mitochondrial inner membrane [GO:0005743]	406.98
Polyketide	PML body [GO:0016605]	770.1
Polyketide	Sin3 complex [GO:0016580]	770.1
Polyketide	protein kinase CK2 complex [GO:0005956]	770.1
Polyketide	cytosol [GO:0005829]	770.1
Polyketide	nucleoplasm [GO:0005654]	770.1
Polyketide	plasma membrane [GO:0005886]	770.1
Polyketide	nucleus [GO:0005634]	770.1
Polyketide	fibrillar center [GO:0001650]	1025.95
Polyketide	nuclear inner membrane [GO:0005637]	1025.95
Polyketide	heterochromatin [GO:0000792]	1025.95
Polyketide	nuclear envelope [GO:0005635]	1025.95
Polyketide	PML body [GO:0016605]	1025.95
Polyketide	cytosol [GO:0005829]	1025.95
Polyketide	eNoSc complex [GO:0061773]	1025.95
Polyketide	rDNA heterochromatin [GO:0033553]	1025.95
Polyketide	nucleoplasm [GO:0005654]	1025.95
Polyketide	mitochondrion [GO:0005739]	1025.95
Polyketide	euchromatin [GO:0000791]	1025.95
Polyketide	chromatin [GO:0000785]	1025.95
Polyketide	chromatin silencing complex [GO:0005677]	1025.95
Polyketide	nucleus [GO:0005634]	1025.95
Polyketide	cytoplasm [GO:0005737]	1025.95
Polyketide	nucleolus [GO:0005730]	1025.95
Polyketide	respirasome [GO:0070469]	827.32
Polyketide	mitochondrial inner membrane [GO:0005743]	827.32
Polyketide	extracellular space [GO:0005615]	492.49
Polyketide	azurophil granule lumen [GO:0035578]	492.49
Polyketide	extracellular region [GO:0005576]	492.49
Polyketide	extracellular exosome [GO:0070062]	492.49
Polyketide	nuclear chromosome [GO:0000228]	635.4
Polyketide	histone deacetylase complex [GO:0000118]	635.4
Polyketide	cytoplasm [GO:0005737]	635.4
Polyketide	nucleoplasm [GO:0005654]	635.4
Polyketide	nucleus [GO:0005634]	635.4
Polyketide	nucleoplasm [GO:0005654]	579.7
Polyketide	plasma membrane [GO:0005886]	579.7
Polyketide	actin cytoskeleton [GO:0015629]	579.7
Polyketide	Flemming body [GO:0090543]	579.7
Polyketide	nucleus [GO:0005634]	579.7
Polyketide	endoplasmic reticulum-Golgi intermediate compartment [GO:0005793]	579.7
Polyketide	protein-containing complex [GO:0032991]	525.42
Polyketide	cytosol [GO:0005829]	525.42
Polyketide	nucleoplasm [GO:0005654]	525.42
Polyketide	membrane [GO:0016020]	525.42
Polyketide	plasma membrane [GO:0005886]	525.42
Polyketide	euchromatin [GO:0000791]	525.42
Polyketide	chromatin [GO:0000785]	525.42
Polyketide	transcription regulator complex [GO:0005667]	525.42
Polyketide	nucleus [GO:0005634]	525.42
Polyketide	cytoplasm [GO:0005737]	525.42
Polyketide	Golgi apparatus [GO:0005794]	525.42
Polyketide	sarcoplasmic reticulum membrane [GO:0033017]	1051.27
Polyketide	cytoplasmic side of membrane [GO:0098562]	1051.27
Polyketide	cytosol [GO:0005829]	1051.27
Polyketide	Z disc [GO:0030018]	1051.27
Polyketide	sarcoplasmic reticulum [GO:0016529]	1051.27
Polyketide	terminal cisterna [GO:0014802]	1051.27
Polyketide	membrane [GO:0016020]	1051.27
Polyketide	ryanodine receptor complex [GO:1990425]	1051.27
Polyketide	cytoplasm [GO:0005737]	1051.27
Polyketide	chloroplast stroma [GO:0009570]	445.6
Polyketide	endoplasmic reticulum [GO:0005783]	445.6
Polyketide	chloroplast [GO:0009507]	445.6
Polyketide	cytosol [GO:0005829]	445.6
Polyketide	intracellular membrane-bounded organelle [GO:0043231]	445.6
Polyketide	plasma membrane [GO:0005886]	445.6
Polyketide	apoplast [GO:0048046]	445.6
Polyketide	plasmodesma [GO:0009506]	445.6
Polyketide	plant-type vacuole [GO:0000325]	445.6
Polyketide	neuron projection [GO:0043005]	662.95
Polyketide	synapse [GO:0045202]	662.95
Polyketide	postsynaptic membrane [GO:0045211]	662.95
Polyketide	histone deacetylase complex [GO:0000118]	491.41
Polyketide	mitochondrial proton-transporting ATP synthase, catalytic core [GO:0005754]	544.74
Polyketide	proton-transporting ATP synthase complex, catalytic core F(1) [GO:0045261]	544.74
Polyketide	mitochondrial proton-transporting ATP synthase complex [GO:0005753]	544.74
Polyketide	cytosol [GO:0005829]	544.74
Polyketide	mitochondrial nucleoid [GO:0042645]	544.74
Polyketide	mitochondrion [GO:0005739]	544.74
Polyketide	mitochondrial intermembrane space [GO:0005758]	544.74
Polyketide	mitochondrial inner membrane [GO:0005743]	544.74
Polyketide	protein-containing complex [GO:0032991]	688.24
Polyketide	cytosol [GO:0005829]	688.24
Polyketide	nucleoplasm [GO:0005654]	688.24
Polyketide	membrane [GO:0016020]	688.24
Polyketide	plasma membrane [GO:0005886]	688.24
Polyketide	euchromatin [GO:0000791]	688.24
Polyketide	chromatin [GO:0000785]	688.24
Polyketide	transcription regulator complex [GO:0005667]	688.24
Polyketide	nucleus [GO:0005634]	688.24
Polyketide	cytoplasm [GO:0005737]	688.24
Polyketide	Golgi apparatus [GO:0005794]	688.24
Polyketide	cytosol [GO:0005829]	464.29
Polyketide	protein kinase CK2 complex [GO:0005956]	464.29
Polyketide	nucleus [GO:0005634]	464.29
Polyketide	cytoplasm [GO:0005737]	1068.28
Polyketide	sarcoplasmic reticulum membrane [GO:0033017]	1124.61
Polyketide	cytoplasmic side of membrane [GO:0098562]	1124.61
Polyketide	cytosol [GO:0005829]	1124.61
Polyketide	Z disc [GO:0030018]	1124.61
Polyketide	sarcoplasmic reticulum [GO:0016529]	1124.61
Polyketide	terminal cisterna [GO:0014802]	1124.61
Polyketide	membrane [GO:0016020]	1124.61
Polyketide	ryanodine receptor complex [GO:1990425]	1124.61
Polyketide	cytoplasm [GO:0005737]	1124.61
Polyketide	membrane [GO:0016020]	1664.8
Polyketide	endoplasmic reticulum [GO:0005783]	1664.8
Polyketide	endoplasmic reticulum membrane [GO:0005789]	1664.8
Polyketide	endoplasmic reticulum [GO:0005783]	850.66
Polyketide	nuclear envelope [GO:0005635]	850.66
Polyketide	nuclear membrane [GO:0031965]	850.66
Polyketide	endoplasmic reticulum membrane [GO:0005789]	850.66
Polyketide	cytoplasmic vesicle [GO:0031410]	850.66
Polyketide	cytoplasm [GO:0005737]	453.68
Polyketide	nuclear envelope [GO:0005635]	546.34
Polyketide	perinuclear region of cytoplasm [GO:0048471]	546.34
Polyketide	cytosol [GO:0005829]	546.34
Polyketide	pericentriolar material [GO:0000242]	546.34
Polyketide	Golgi membrane [GO:0000139]	546.34
Polyketide	chromosome, telomeric region [GO:0000781]	546.34
Polyketide	nucleus [GO:0005634]	546.34
Polyketide	cytoplasm [GO:0005737]	546.34
Polyketide	protein-containing complex [GO:0032991]	611.21
Polyketide	cytosol [GO:0005829]	611.21
Polyketide	nucleoplasm [GO:0005654]	611.21
Polyketide	membrane [GO:0016020]	611.21
Polyketide	plasma membrane [GO:0005886]	611.21
Polyketide	euchromatin [GO:0000791]	611.21
Polyketide	chromatin [GO:0000785]	611.21
Polyketide	transcription regulator complex [GO:0005667]	611.21
Polyketide	nucleus [GO:0005634]	611.21
Polyketide	cytoplasm [GO:0005737]	611.21
Polyketide	Golgi apparatus [GO:0005794]	611.21
Polyketide	viral envelope [GO:0019031]	1118.37
Polyketide	host cell plasma membrane [GO:0020002]	1118.37
Polyketide	host cell lipid droplet [GO:0044186]	1118.37
Polyketide	cytoplasm [GO:0005737]	1118.37
Polyketide	host cell endoplasmic reticulum membrane [GO:0044167]	1118.37
Polyketide	host cell mitochondrial membrane [GO:0044191]	1118.37
Polyketide	ribonucleoprotein complex [GO:1990904]	1118.37
Polyketide	lipid droplet [GO:0005811]	1118.37
Polyketide	plasma membrane [GO:0005886]	1118.37
Polyketide	viral nucleocapsid [GO:0019013]	1118.37
Polyketide	virion membrane [GO:0055036]	1118.37
Polyketide	host cell perinuclear region of cytoplasm [GO:0044220]	1118.37
Polyketide	nucleoplasm [GO:0005654]	502.96
Polyketide	cytosol [GO:0005829]	502.96
Polyketide	extracellular exosome [GO:0070062]	502.96
Polyketide	fungal biofilm matrix [GO:0062040]	138.86
Polyketide	cytoplasm [GO:0005737]	138.86
Polyketide	extracellular region [GO:0005576]	138.86
Polyketide	protein-DNA complex [GO:0032993]	1025.02
Polyketide	plasma membrane [GO:0005886]	462.54
Polyketide	plasma membrane [GO:0005886]	509.23
Polyketide	proton-transporting ATP synthase complex, coupling factor F(o) [GO:0045263]	509.23
Polyketide	dendrite [GO:0030425]	1018.17
Polyketide	neuron projection [GO:0043005]	1018.17
Polyketide	intracellular membrane-bounded organelle [GO:0043231]	1018.17
Polyketide	plasma membrane [GO:0005886]	1018.17
Polyketide	postsynaptic membrane [GO:0045211]	1018.17
Polyketide	synapse [GO:0045202]	1018.17
Polyketide	glycine-gated chloride channel complex [GO:0016935]	1018.17
Polyketide	perikaryon [GO:0043204]	1018.17
Polyketide	cytoplasm [GO:0005737]	751.53
Polyketide	membrane-bounded organelle [GO:0043227]	1191.17
Polyketide	peroxisomal membrane [GO:0005778]	780.6
Polyketide	cytosol [GO:0005829]	780.6
Polyketide	peroxisomal matrix [GO:0005782]	780.6
Polyketide	peroxisome [GO:0005777]	780.6
Polyketide	cytoplasm [GO:0005737]	780.6
Polyketide	host cell nucleus [GO:0042025]	828.04
Polyketide	protein-containing complex [GO:0032991]	828.04
Polyketide	host cell plasma membrane [GO:0020002]	828.04
Polyketide	host cell lipid droplet [GO:0044186]	828.04
Polyketide	viral envelope [GO:0019031]	828.04
Polyketide	host cell endoplasmic reticulum membrane [GO:0044167]	828.04
Polyketide	host cell mitochondrial membrane [GO:0044191]	828.04
Polyketide	ribonucleoprotein complex [GO:1990904]	828.04
Polyketide	membrane [GO:0016020]	828.04
Polyketide	viral nucleocapsid [GO:0019013]	828.04
Polyketide	virion membrane [GO:0055036]	828.04
Polyketide	host cell perinuclear region of cytoplasm [GO:0044220]	828.04
Polyketide	plasma membrane [GO:0005886]	42.46
Polyketide	proton-transporting ATP synthase complex, coupling factor F(o) [GO:0045263]	42.46
Polyketide	protein-containing complex [GO:0032991]	843.26
Polyketide	endocytic vesicle membrane [GO:0030666]	843.26
Polyketide	cytosol [GO:0005829]	843.26
Polyketide	transcription repressor complex [GO:0017053]	843.26
Polyketide	nucleoplasm [GO:0005654]	843.26
Polyketide	plasma membrane [GO:0005886]	843.26
Polyketide	nucleus [GO:0005634]	843.26
Polyketide	cytoplasm [GO:0005737]	843.26
Polyketide	nucleolus [GO:0005730]	843.26
Polyketide	endoplasmic reticulum membrane [GO:0005789]	259.62
Polyketide	U5 snRNP [GO:0005682]	435.67
Polyketide	nucleus [GO:0005634]	435.67
Polyketide	U4/U6 x U5 tri-snRNP complex [GO:0046540]	435.67
Polyketide	catalytic step 2 spliceosome [GO:0071013]	435.67
Polyketide	cell body [GO:0044297]	522.0
Polyketide	actin filament [GO:0005884]	522.0
Polyketide	skeletal muscle myofibril [GO:0098723]	522.0
Polyketide	stress fiber [GO:0001725]	522.0
Polyketide	filamentous actin [GO:0031941]	522.0
Polyketide	actin filament bundle [GO:0032432]	522.0
Polyketide	lamellipodium [GO:0030027]	522.0
Polyketide	striated muscle thin filament [GO:0005865]	522.0
Polyketide	cytoplasm [GO:0005737]	522.0
Polyketide	filopodium [GO:0030175]	522.0
Polyketide	extracellular region [GO:0005576]	269.34
Polyketide	host cell cytoplasm [GO:0030430]	269.34
Polyketide	peroxisomal matrix [GO:0005782]	1055.14
Polyketide	peroxisome [GO:0005777]	1055.14
Polyketide	cytosol [GO:0005829]	1055.14
Polyketide	extracellular exosome [GO:0070062]	1055.14
Polyketide	proton-transporting ATP synthase complex, catalytic core F(1) [GO:0045261]	88.17
Polyketide	mitochondrial proton-transporting ATP synthase complex [GO:0005753]	88.17
Polyketide	extracellular space [GO:0005615]	428.3
Polyketide	azurophil granule lumen [GO:0035578]	428.3
Polyketide	extracellular region [GO:0005576]	428.3
Polyketide	extracellular exosome [GO:0070062]	428.3
Polyketide	protein-containing complex [GO:0032991]	1027.95
Polyketide	endocytic vesicle membrane [GO:0030666]	1027.95
Polyketide	cytosol [GO:0005829]	1027.95
Polyketide	transcription repressor complex [GO:0017053]	1027.95
Polyketide	nucleoplasm [GO:0005654]	1027.95
Polyketide	plasma membrane [GO:0005886]	1027.95
Polyketide	nucleus [GO:0005634]	1027.95
Polyketide	cytoplasm [GO:0005737]	1027.95
Polyketide	nucleolus [GO:0005730]	1027.95
Polyketide	plasma membrane [GO:0005886]	118.59
Polyketide	calcium channel complex [GO:0034704]	118.59
Polyketide	nucleus [GO:0005634]	897.24
Polyketide	nucleolus [GO:0005730]	897.24
Polyketide	node of Ranvier [GO:0033268]	344.41
Polyketide	synapse [GO:0045202]	344.41
Polyketide	plasma membrane [GO:0005886]	344.41
Polyketide	axon initial segment [GO:0043194]	344.41
Polyketide	voltage-gated potassium channel complex [GO:0008076]	344.41
Polyketide	pericentric heterochromatin [GO:0005721]	503.4
Polyketide	endoplasmic reticulum [GO:0005783]	503.4
Polyketide	intracellular membrane-bounded organelle [GO:0043231]	503.4
Polyketide	nucleoplasm [GO:0005654]	503.4
Polyketide	site of DNA damage [GO:0090734]	503.4
Polyketide	chromatin [GO:0000785]	503.4
Polyketide	nucleus [GO:0005634]	503.4
Polyketide	site of double-strand break [GO:0035861]	503.4
Polyketide	chromosome, subtelomeric region [GO:0099115]	503.4
Polyketide	node of Ranvier [GO:0033268]	377.46
Polyketide	synapse [GO:0045202]	377.46
Polyketide	plasma membrane [GO:0005886]	377.46
Polyketide	axon initial segment [GO:0043194]	377.46
Polyketide	voltage-gated potassium channel complex [GO:0008076]	377.46
Polyketide	nucleus [GO:0005634]	551.95
Polyketide	cytoplasm [GO:0005737]	551.95
Polyketide	nucleoplasm [GO:0005654]	1091.0
Polyketide	nucleus [GO:0005634]	1091.0
Polyketide	nuclear body [GO:0016604]	1091.0
Polyketide	chromatin [GO:0000785]	1091.0
Polyketide	focal adhesion [GO:0005925]	854.12
Polyketide	cytosol [GO:0005829]	854.12
Polyketide	extracellular exosome [GO:0070062]	854.12
Polyketide	membrane [GO:0016020]	854.12
Polyketide	presynapse [GO:0098793]	854.12
Polyketide	cytoplasm [GO:0005737]	854.12
Polyketide	cytoplasm [GO:0005737]	1070.42
Polyketide	extracellular region [GO:0005576]	286.35
Polyketide	extracellular exosome [GO:0070062]	286.35
Polyketide	azurophil granule lumen [GO:0035578]	286.35
Polyketide	extracellular space [GO:0005615]	286.35
Polyketide	extracellular region [GO:0005576]	255.81
Polyketide	extracellular exosome [GO:0070062]	255.81
Polyketide	azurophil granule lumen [GO:0035578]	255.81
Polyketide	extracellular space [GO:0005615]	255.81
Polyketide	mitochondrial proton-transporting ATP synthase complex [GO:0005753]	290.33
Polyketide	cytosol [GO:0005829]	290.33
Polyketide	mitochondrial proton-transporting ATP synthase complex, coupling factor F(o) [GO:0000276]	290.33
Polyketide	mitochondrion [GO:0005739]	290.33
Polyketide	mitochondrial intermembrane space [GO:0005758]	290.33
Polyketide	mitochondrial inner membrane [GO:0005743]	290.33
Polyketide	dendrite [GO:0030425]	1068.78
Polyketide	perinuclear region of cytoplasm [GO:0048471]	1068.78
Polyketide	apical plasma membrane [GO:0016324]	1068.78
Polyketide	cytosol [GO:0005829]	1068.78
Polyketide	cilium [GO:0005929]	1068.78
Polyketide	mitochondrion [GO:0005739]	1068.78
Polyketide	astrocyte end-foot [GO:0097450]	1068.78
Polyketide	extracellular region [GO:0005576]	1068.78
Polyketide	basal part of cell [GO:0045178]	1068.78
Polyketide	cytoskeleton [GO:0005856]	1068.78
Polyketide	nucleus [GO:0005634]	1068.78
Polyketide	cytoplasm [GO:0005737]	1068.78
Polyketide	central region of growth cone [GO:0090724]	1068.78
Polyketide	neuronal cell body [GO:0043025]	1068.78
Polyketide	focal adhesion [GO:0005925]	673.14
Polyketide	tertiary granule membrane [GO:0070821]	673.14
Polyketide	extracellular exosome [GO:0070062]	673.14
Polyketide	plasma membrane [GO:0005886]	673.14
Polyketide	protein complex involved in cell-matrix adhesion [GO:0098637]	673.14
Polyketide	serine protease inhibitor complex [GO:0097180]	673.14
Polyketide	extracellular region [GO:0005576]	673.14
Polyketide	specific granule membrane [GO:0035579]	673.14
Polyketide	extracellular space [GO:0005615]	673.14
Polyketide	external side of plasma membrane [GO:0009897]	673.14
Polyketide	cell surface [GO:0009986]	673.14
Polyketide	serine-type endopeptidase complex [GO:1905370]	673.14
Polyketide	protein-DNA complex [GO:0032993]	765.18
Polyketide	nucleus [GO:0005634]	804.93
Polyketide	cytoplasm [GO:0005737]	804.93
Polyketide	cytosol [GO:0005829]	804.93
Polyketide	plasma membrane [GO:0005886]	502.5
Polyketide	proton-transporting ATP synthase complex, coupling factor F(o) [GO:0045263]	502.5
Polyketide	plasma membrane [GO:0005886]	492.18
Polyketide	proton-transporting ATP synthase complex, coupling factor F(o) [GO:0045263]	492.18
Polyketide	nucleoplasm [GO:0005654]	760.02
Polyketide	nucleus [GO:0005634]	760.02
Polyketide	cytoplasm [GO:0005737]	760.02
Polyketide	host cell PML body [GO:0075341]	569.83
Polyketide	intracellular membrane-bounded organelle [GO:0043231]	519.85
Polyketide	nucleoplasm [GO:0005654]	519.85
Polyketide	mitochondrion [GO:0005739]	519.85
Polyketide	chromatin [GO:0000785]	519.85
Polyketide	nucleus [GO:0005634]	519.85
Polyketide	protein-DNA complex [GO:0032993]	958.55
Polyketide	protein-containing complex [GO:0032991]	782.89
Polyketide	cytosol [GO:0005829]	782.89
Polyketide	nucleoplasm [GO:0005654]	782.89
Polyketide	membrane [GO:0016020]	782.89
Polyketide	plasma membrane [GO:0005886]	782.89
Polyketide	euchromatin [GO:0000791]	782.89
Polyketide	chromatin [GO:0000785]	782.89
Polyketide	transcription regulator complex [GO:0005667]	782.89
Polyketide	nucleus [GO:0005634]	782.89
Polyketide	cytoplasm [GO:0005737]	782.89
Polyketide	Golgi apparatus [GO:0005794]	782.89
Polyketide	nucleoplasm [GO:0005654]	769.71
Polyketide	chromatin [GO:0000785]	769.71
Polyketide	ribonucleoprotein complex [GO:1990904]	833.18
Polyketide	cytosol [GO:0005829]	833.18
Polyketide	ubiquitin ligase complex [GO:0000151]	833.18
Polyketide	nucleoplasm [GO:0005654]	833.18
Polyketide	cytoskeleton [GO:0005856]	833.18
Polyketide	nucleus [GO:0005634]	833.18
Polyketide	cytoplasm [GO:0005737]	833.18
Polyketide	melanosome [GO:0042470]	587.33
Polyketide	axonal growth cone [GO:0044295]	587.33
Polyketide	cell body [GO:0044297]	587.33
Polyketide	endomembrane system [GO:0012505]	587.33
Polyketide	lamellipodium [GO:0030027]	587.33
Polyketide	growth cone membrane [GO:0032584]	587.33
Polyketide	plasma membrane [GO:0005886]	587.33
Polyketide	axon [GO:0030424]	587.33
Polyketide	cell surface [GO:0009986]	587.33
Polyketide	membrane [GO:0016020]	1537.21
Polyketide	clathrin-sculpted monoamine transport vesicle membrane [GO:0070083]	1537.21
Polyketide	terminal bouton [GO:0043195]	1537.21
Polyketide	centrosome [GO:0005813]	1537.21
Polyketide	plasma membrane [GO:0005886]	1537.21
Polyketide	intracellular membrane-bounded organelle [GO:0043231]	1537.21
Polyketide	dendrite [GO:0030425]	1537.21
Polyketide	dopaminergic synapse [GO:0098691]	1537.21
Polyketide	secretory granule membrane [GO:0030667]	1537.21
Polyketide	synaptic vesicle membrane [GO:0030672]	1537.21
Polyketide	axon [GO:0030424]	1537.21
Polyketide	synaptic vesicle [GO:0008021]	1537.21
Polyketide	extracellular space [GO:0005615]	864.2
Polyketide	serine protease inhibitor complex [GO:0097180]	864.2
Polyketide	cell body [GO:0044297]	792.47
Polyketide	actin filament [GO:0005884]	792.47
Polyketide	skeletal muscle myofibril [GO:0098723]	792.47
Polyketide	stress fiber [GO:0001725]	792.47
Polyketide	filamentous actin [GO:0031941]	792.47
Polyketide	actin filament bundle [GO:0032432]	792.47
Polyketide	lamellipodium [GO:0030027]	792.47
Polyketide	striated muscle thin filament [GO:0005865]	792.47
Polyketide	cytoplasm [GO:0005737]	792.47
Polyketide	filopodium [GO:0030175]	792.47
Polyketide	aggresome [GO:0016235]	469.98
Polyketide	cell projection [GO:0042995]	469.98
Polyketide	secretory granule membrane [GO:0030667]	469.98
Polyketide	ficolin-1-rich granule membrane [GO:0101003]	469.98
Polyketide	tertiary granule membrane [GO:0070821]	469.98
Polyketide	extracellular exosome [GO:0070062]	469.98
Polyketide	plasma membrane [GO:0005886]	469.98
Polyketide	membrane [GO:0016020]	469.98
Polyketide	specific granule membrane [GO:0035579]	469.98
Polyketide	perikaryon [GO:0043204]	469.98
Polyketide	chromosome [GO:0005694]	1070.92
Polyketide	cytoplasm [GO:0005737]	1070.92
Polyketide	RSC-type complex [GO:0016586]	367.41
Polyketide	kinetochore [GO:0000776]	367.41
Polyketide	SWI/SNF complex [GO:0016514]	367.41
Polyketide	nucleoplasm [GO:0005654]	367.41
Polyketide	nuclear matrix [GO:0016363]	367.41
Polyketide	chromatin [GO:0000785]	367.41
Polyketide	nuclear chromosome [GO:0000228]	367.41
Polyketide	nucleus [GO:0005634]	367.41
Polyketide	proton-transporting ATP synthase complex, catalytic core F(1) [GO:0045261]	347.91
Polyketide	membrane raft [GO:0045121]	1372.08
Polyketide	endosome membrane [GO:0010008]	1372.08
Polyketide	plasma membrane [GO:0005886]	1372.08
Polyketide	extracellular space [GO:0005615]	1372.08
Polyketide	external side of plasma membrane [GO:0009897]	1372.08
Polyketide	protein-containing complex [GO:0032991]	805.4
Polyketide	cytosol [GO:0005829]	805.4
Polyketide	nucleoplasm [GO:0005654]	805.4
Polyketide	membrane [GO:0016020]	805.4
Polyketide	plasma membrane [GO:0005886]	805.4
Polyketide	euchromatin [GO:0000791]	805.4
Polyketide	chromatin [GO:0000785]	805.4
Polyketide	transcription regulator complex [GO:0005667]	805.4
Polyketide	nucleus [GO:0005634]	805.4
Polyketide	cytoplasm [GO:0005737]	805.4
Polyketide	Golgi apparatus [GO:0005794]	805.4
Polyketide	endoplasmic reticulum lumen [GO:0005788]	534.72
Polyketide	endoplasmic reticulum [GO:0005783]	534.72
Polyketide	cytosol [GO:0005829]	534.72
Polyketide	lipid droplet [GO:0005811]	534.72
Polyketide	cytoplasm [GO:0005737]	534.72
Polyketide	chloride channel complex [GO:0034707]	598.34
Polyketide	postsynaptic membrane [GO:0045211]	598.34
Polyketide	perikaryon [GO:0043204]	598.34
Polyketide	membrane [GO:0016020]	598.34
Polyketide	plasma membrane [GO:0005886]	598.34
Polyketide	dendrite [GO:0030425]	598.34
Polyketide	neuron projection [GO:0043005]	598.34
Polyketide	synapse [GO:0045202]	598.34
Polyketide	plasma membrane [GO:0005886]	1170.12
Polyketide	DNA-directed RNA polymerase complex [GO:0000428]	1170.12
Polyketide	cytosol [GO:0005829]	1170.12
Polyketide	peptidoglycan-based cell wall [GO:0009274]	1170.12
Polyketide	protein-containing complex [GO:0032991]	277.74
Polyketide	endocytic vesicle membrane [GO:0030666]	277.74
Polyketide	cytosol [GO:0005829]	277.74
Polyketide	transcription repressor complex [GO:0017053]	277.74
Polyketide	nucleoplasm [GO:0005654]	277.74
Polyketide	plasma membrane [GO:0005886]	277.74
Polyketide	nucleus [GO:0005634]	277.74
Polyketide	cytoplasm [GO:0005737]	277.74
Polyketide	nucleolus [GO:0005730]	277.74
Polyketide	cell body [GO:0044297]	749.88
Polyketide	actin filament [GO:0005884]	749.88
Polyketide	skeletal muscle myofibril [GO:0098723]	749.88
Polyketide	stress fiber [GO:0001725]	749.88
Polyketide	filamentous actin [GO:0031941]	749.88
Polyketide	actin filament bundle [GO:0032432]	749.88
Polyketide	lamellipodium [GO:0030027]	749.88
Polyketide	striated muscle thin filament [GO:0005865]	749.88
Polyketide	cytoplasm [GO:0005737]	749.88
Polyketide	filopodium [GO:0030175]	749.88
Polyketide	microtubule [GO:0005874]	322.76
Polyketide	cytoplasm [GO:0005737]	322.76
Polyketide	microtubule cytoskeleton [GO:0015630]	322.76
Polyketide	cytosol [GO:0005829]	322.76
Polyketide	plasma membrane [GO:0005886]	338.02
Polyketide	peptidoglycan-based cell wall [GO:0009274]	338.02
Polyketide	intracellular membrane-bounded organelle [GO:0043231]	459.42
Polyketide	nucleoplasm [GO:0005654]	459.42
Polyketide	mitochondrion [GO:0005739]	459.42
Polyketide	chromatin [GO:0000785]	459.42
Polyketide	nucleus [GO:0005634]	459.42
Polyketide	microtubule [GO:0005874]	622.57
Polyketide	cytoplasm [GO:0005737]	622.57
Polyketide	extracellular space [GO:0005615]	160.14
Polyketide	azurophil granule lumen [GO:0035578]	160.14
Polyketide	extracellular region [GO:0005576]	160.14
Polyketide	extracellular exosome [GO:0070062]	160.14
Polyketide	intracellular membrane-bounded organelle [GO:0043231]	467.64
Polyketide	nucleoplasm [GO:0005654]	467.64
Polyketide	mitochondrion [GO:0005739]	467.64
Polyketide	chromatin [GO:0000785]	467.64
Polyketide	nucleus [GO:0005634]	467.64
Polyketide	outer membrane-bounded periplasmic space [GO:0030288]	912.31
Polyketide	intracellular membrane-bounded organelle [GO:0043231]	638.15
Polyketide	endoplasmic reticulum membrane [GO:0005789]	638.15
Polyketide	cytoplasm [GO:0005737]	638.15
Polyketide	cytoplasmic microtubule [GO:0005881]	638.15
Polyketide	cell body [GO:0044297]	720.74
Polyketide	actin filament [GO:0005884]	720.74
Polyketide	skeletal muscle myofibril [GO:0098723]	720.74
Polyketide	stress fiber [GO:0001725]	720.74
Polyketide	filamentous actin [GO:0031941]	720.74
Polyketide	actin filament bundle [GO:0032432]	720.74
Polyketide	lamellipodium [GO:0030027]	720.74
Polyketide	striated muscle thin filament [GO:0005865]	720.74
Polyketide	cytoplasm [GO:0005737]	720.74
Polyketide	filopodium [GO:0030175]	720.74
Polyketide	mitochondrial proton-transporting ATP synthase complex [GO:0005753]	102.69
Polyketide	cytosol [GO:0005829]	102.69
Polyketide	mitochondrial proton-transporting ATP synthase complex, coupling factor F(o) [GO:0000276]	102.69
Polyketide	mitochondrion [GO:0005739]	102.69
Polyketide	mitochondrial intermembrane space [GO:0005758]	102.69
Polyketide	mitochondrial inner membrane [GO:0005743]	102.69
Polyketide	DNA-directed RNA polymerase complex [GO:0000428]	1247.77
Polyketide	cortical actin cytoskeleton [GO:0030864]	587.58
Polyketide	extracellular matrix [GO:0031012]	587.58
Polyketide	myosin II complex [GO:0016460]	587.58
Polyketide	cell cortex [GO:0005938]	587.58
Polyketide	cytoplasm [GO:0005737]	587.58
Polyketide	cleavage furrow [GO:0032154]	587.58
Polyketide	pathogen-containing vacuole [GO:0140220]	587.58
Polyketide	phagocytic cup base [GO:0097204]	587.58
Polyketide	myosin filament [GO:0032982]	587.58
Polyketide	early phagosome [GO:0032009]	587.58
Polyketide	uropod [GO:0001931]	587.58
Polyketide	cytosol [GO:0005829]	587.58
Polyketide	equatorial cell cortex [GO:1990753]	587.58
Polyketide	apical cortex [GO:0045179]	587.58
Polyketide	cytoplasmic vesicle [GO:0031410]	587.58
Polyketide	actomyosin contractile ring [GO:0005826]	587.58
Polyketide	pseudopodium [GO:0031143]	587.58
Polyketide	actomyosin [GO:0042641]	587.58
Polyketide	cell trailing edge [GO:0031254]	587.58
Polyketide	cytoskeleton [GO:0005856]	587.58
Polyketide	intracellular membrane-bounded organelle [GO:0043231]	630.69
Polyketide	endoplasmic reticulum membrane [GO:0005789]	630.69
Polyketide	mitochondrion [GO:0005739]	630.69
Polyketide	pore complex [GO:0046930]	478.07
Polyketide	cell outer membrane [GO:0009279]	478.07
Polyketide	membrane [GO:0016020]	1446.44
Polyketide	Z disc [GO:0030018]	1446.44
Polyketide	photoreceptor inner segment [GO:0001917]	1446.44
Polyketide	extracellular exosome [GO:0070062]	1446.44
Polyketide	cytosol [GO:0005829]	1446.44
Polyketide	sarcolemma [GO:0042383]	1446.44
Polyketide	basolateral plasma membrane [GO:0016323]	1446.44
Polyketide	Golgi membrane [GO:0000139]	1446.44
Polyketide	female germ cell nucleus [GO:0001674]	1446.44
Polyketide	intercalated disc [GO:0014704]	1446.44
Polyketide	glucose transporter complex [GO:1990350]	1446.44
Polyketide	midbody [GO:0030496]	1446.44
Polyketide	melanosome [GO:0042470]	1446.44
Polyketide	apical plasma membrane [GO:0016324]	1446.44
Polyketide	caveola [GO:0005901]	1446.44
Polyketide	plasma membrane [GO:0005886]	1446.44
Polyketide	presynapse [GO:0098793]	1446.44
Polyketide	blood microparticle [GO:0072562]	1446.44
Polyketide	cortical actin cytoskeleton [GO:0030864]	1446.44
Polyketide	female pronucleus [GO:0001939]	1446.44
Polyketide	plasma membrane [GO:0005886]	1753.66
Polyketide	periplasmic side of plasma membrane [GO:0098567]	1753.66
Polyketide	membrane [GO:0016020]	1753.66
Polyketide	outer membrane-bounded periplasmic space [GO:0030288]	1753.66
Polyketide	efflux pump complex [GO:1990281]	1753.66
Polyketide	histone deacetylase complex [GO:0000118]	712.7
Polyketide	protein-containing complex [GO:0032991]	764.26
Polyketide	cytosol [GO:0005829]	764.26
Polyketide	nucleoplasm [GO:0005654]	764.26
Polyketide	membrane [GO:0016020]	764.26
Polyketide	plasma membrane [GO:0005886]	764.26
Polyketide	euchromatin [GO:0000791]	764.26
Polyketide	chromatin [GO:0000785]	764.26
Polyketide	transcription regulator complex [GO:0005667]	764.26
Polyketide	nucleus [GO:0005634]	764.26
Polyketide	cytoplasm [GO:0005737]	764.26
Polyketide	Golgi apparatus [GO:0005794]	764.26
Polyketide	plasma membrane [GO:0005886]	256.66
Polyketide	proton-transporting ATP synthase complex, coupling factor F(o) [GO:0045263]	256.66
Polyketide	cytosol [GO:0005829]	639.57
Polyketide	nucleoplasm [GO:0005654]	639.57
Polyketide	synapse [GO:0045202]	639.57
Polyketide	mitochondrion [GO:0005739]	639.57
Polyketide	nucleus [GO:0005634]	639.57
Polyketide	axon [GO:0030424]	639.57
Polyketide	basal dendrite [GO:0097441]	639.57
Polyketide	cytoplasm [GO:0005737]	639.57
Polyketide	maltose transport complex [GO:1990060]	90.8
Polyketide	outer membrane-bounded periplasmic space [GO:0030288]	90.8
Polyketide	cytoplasm [GO:0005737]	90.8
Polyketide	sarcoplasmic reticulum membrane [GO:0033017]	90.8
Polyketide	cytoplasmic side of membrane [GO:0098562]	90.8
Polyketide	cytosol [GO:0005829]	90.8
Polyketide	Z disc [GO:0030018]	90.8
Polyketide	sarcoplasmic reticulum [GO:0016529]	90.8
Polyketide	terminal cisterna [GO:0014802]	90.8
Polyketide	membrane [GO:0016020]	90.8
Polyketide	ATP-binding cassette (ABC) transporter complex [GO:0043190]	90.8
Polyketide	ryanodine receptor complex [GO:1990425]	90.8
Polyketide	periplasmic space [GO:0042597]	90.8
Polyketide	ATP-binding cassette (ABC) transporter complex, substrate-binding subunit-containing [GO:0055052]	90.8
Polyketide	host cell nucleus [GO:0042025]	830.36
Polyketide	host cell plasma membrane [GO:0020002]	830.36
Polyketide	membrane [GO:0016020]	830.36
Polyketide	viral nucleocapsid [GO:0019013]	830.36
Polyketide	host multivesicular body [GO:0072494]	830.36
Polyketide	virion membrane [GO:0055036]	830.36
Polyketide	plasma membrane [GO:0005886]	333.11
Polyketide	proton-transporting ATP synthase complex, coupling factor F(o) [GO:0045263]	333.11
Polyketide	cytosol [GO:0005829]	631.37
Polyketide	mitochondrion [GO:0005739]	631.37
Polyketide	mitochondrial intermembrane space [GO:0005758]	631.37
Polyketide	mitochondrial matrix [GO:0005759]	631.37
Polyketide	nucleus [GO:0005634]	631.37
Polyketide	calcium channel complex [GO:0034704]	725.18
Polyketide	voltage-gated calcium channel complex [GO:0005891]	725.18
Polyketide	perinuclear region of cytoplasm [GO:0048471]	725.18
Polyketide	apical plasma membrane [GO:0016324]	725.18
Polyketide	cytosol [GO:0005829]	725.18
Polyketide	plasma membrane [GO:0005886]	725.18
Polyketide	membrane [GO:0016020]	725.18
Polyketide	nucleus [GO:0005634]	725.18
Polyketide	microtubule organizing center [GO:0005815]	725.18
Polyketide	microtubule [GO:0005874]	971.44
Polyketide	cytoplasm [GO:0005737]	971.44
Polyketide	microtubule cytoskeleton [GO:0015630]	971.44
Polyketide	proton-transporting V-type ATPase complex [GO:0033176]	478.94
Polyketide	vacuolar proton-transporting V-type ATPase, V0 domain [GO:0000220]	478.94
Polyketide	Golgi membrane [GO:0000139]	478.94
Polyketide	membrane [GO:0016020]	478.94
Polyketide	vacuolar proton-transporting V-type ATPase complex [GO:0016471]	478.94
Polyketide	fungal-type vacuole membrane [GO:0000329]	478.94
Polyketide	protein-containing complex [GO:0032991]	805.55
Polyketide	endocytic vesicle membrane [GO:0030666]	805.55
Polyketide	cytosol [GO:0005829]	805.55
Polyketide	transcription repressor complex [GO:0017053]	805.55
Polyketide	nucleoplasm [GO:0005654]	805.55
Polyketide	plasma membrane [GO:0005886]	805.55
Polyketide	nucleus [GO:0005634]	805.55
Polyketide	cytoplasm [GO:0005737]	805.55
Polyketide	nucleolus [GO:0005730]	805.55
Polyketide	nuclear lumen [GO:0031981]	618.01
Polyketide	ciliary plasm [GO:0097014]	618.01
Polyketide	cytoplasm [GO:0005737]	618.01
Polyketide	cytosol [GO:0005829]	618.01
Polyketide	proton-transporting V-type ATPase complex [GO:0033176]	599.31
Polyketide	vacuolar proton-transporting V-type ATPase, V0 domain [GO:0000220]	599.31
Polyketide	Golgi membrane [GO:0000139]	599.31
Polyketide	fungal-type vacuole [GO:0000324]	599.31
Polyketide	membrane [GO:0016020]	599.31
Polyketide	cell periphery [GO:0071944]	599.31
Polyketide	vacuolar proton-transporting V-type ATPase complex [GO:0016471]	599.31
Polyketide	fungal-type vacuole membrane [GO:0000329]	599.31
Polyketide	plasma membrane [GO:0005886]	1622.7
Polyketide	periplasmic side of plasma membrane [GO:0098567]	1622.7
Polyketide	membrane [GO:0016020]	1622.7
Polyketide	outer membrane-bounded periplasmic space [GO:0030288]	1622.7
Polyketide	efflux pump complex [GO:1990281]	1622.7
Polyketide	nuclear envelope [GO:0005635]	694.58
Polyketide	perinuclear region of cytoplasm [GO:0048471]	694.58
Polyketide	cytosol [GO:0005829]	694.58
Polyketide	pericentriolar material [GO:0000242]	694.58
Polyketide	Golgi membrane [GO:0000139]	694.58
Polyketide	chromosome, telomeric region [GO:0000781]	694.58
Polyketide	nucleus [GO:0005634]	694.58
Polyketide	cytoplasm [GO:0005737]	694.58
Polyketide	intracellular membrane-bounded organelle [GO:0043231]	1440.3
Polyketide	endoplasmic reticulum membrane [GO:0005789]	1440.3
Polyketide	cytoplasm [GO:0005737]	589.34
Polyketide	microtubule [GO:0005874]	589.34
Polyketide	microtubule cytoskeleton [GO:0015630]	589.34
Polyketide	extracellular space [GO:0005615]	224.37
Polyketide	azurophil granule lumen [GO:0035578]	224.37
Polyketide	extracellular region [GO:0005576]	224.37
Polyketide	extracellular exosome [GO:0070062]	224.37
Polyketide	dendrite [GO:0030425]	933.11
Polyketide	PML body [GO:0016605]	933.11
Polyketide	nuclear envelope [GO:0005635]	933.11
Polyketide	lysosome [GO:0005764]	933.11
Polyketide	endomembrane system [GO:0012505]	933.11
Polyketide	mitochondrial outer membrane [GO:0005741]	933.11
Polyketide	cytosol [GO:0005829]	933.11
Polyketide	Golgi membrane [GO:0000139]	933.11
Polyketide	nucleoplasm [GO:0005654]	933.11
Polyketide	endoplasmic reticulum membrane [GO:0005789]	933.11
Polyketide	membrane [GO:0016020]	933.11
Polyketide	TORC1 complex [GO:0031931]	933.11
Polyketide	nucleus [GO:0005634]	933.11
Polyketide	TORC2 complex [GO:0031932]	933.11
Polyketide	lysosomal membrane [GO:0005765]	933.11
Polyketide	cytoplasm [GO:0005737]	933.11
Polyketide	phagocytic vesicle [GO:0045335]	933.11
Polyketide	nucleus [GO:0005634]	690.54
Polyketide	cytosol [GO:0005829]	690.54
Polyketide	protein kinase CK2 complex [GO:0005956]	690.54
Polyketide	mitochondrial proton-transporting ATP synthase complex [GO:0005753]	374.83
Polyketide	cytosol [GO:0005829]	374.83
Polyketide	mitochondrial proton-transporting ATP synthase complex, coupling factor F(o) [GO:0000276]	374.83
Polyketide	mitochondrion [GO:0005739]	374.83
Polyketide	mitochondrial intermembrane space [GO:0005758]	374.83
Polyketide	mitochondrial inner membrane [GO:0005743]	374.83
Polyketide	postsynaptic density [GO:0014069]	591.72
Polyketide	glutamatergic synapse [GO:0098978]	591.72
Polyketide	plasma membrane [GO:0005886]	591.72
Polyketide	DAPK1-calmodulin complex [GO:1990722]	591.72
Polyketide	actin cytoskeleton [GO:0015629]	591.72
Polyketide	nucleus [GO:0005634]	591.72
Polyketide	cytoplasm [GO:0005737]	591.72
Polyketide	node of Ranvier [GO:0033268]	508.31
Polyketide	synapse [GO:0045202]	508.31
Polyketide	plasma membrane [GO:0005886]	508.31
Polyketide	axon initial segment [GO:0043194]	508.31
Polyketide	voltage-gated potassium channel complex [GO:0008076]	508.31
Polyketide	plasma membrane [GO:0005886]	787.78
Polyketide	DNA-directed RNA polymerase complex [GO:0000428]	787.78
Polyketide	cytosol [GO:0005829]	787.78
Polyketide	peptidoglycan-based cell wall [GO:0009274]	787.78
Polyketide	cytoplasm [GO:0005737]	486.14
Polyketide	chloroplast stroma [GO:0009570]	549.74
Polyketide	endoplasmic reticulum [GO:0005783]	549.74
Polyketide	chloroplast [GO:0009507]	549.74
Polyketide	cytosol [GO:0005829]	549.74
Polyketide	intracellular membrane-bounded organelle [GO:0043231]	549.74
Polyketide	plasma membrane [GO:0005886]	549.74
Polyketide	apoplast [GO:0048046]	549.74
Polyketide	plasmodesma [GO:0009506]	549.74
Polyketide	plant-type vacuole [GO:0000325]	549.74
Polyketide	endoplasmic reticulum lumen [GO:0005788]	836.4
Polyketide	protein-containing complex [GO:0032991]	836.4
Polyketide	endoplasmic reticulum [GO:0005783]	836.4
Polyketide	extracellular exosome [GO:0070062]	836.4
Polyketide	blood microparticle [GO:0072562]	836.4
Polyketide	platelet alpha granule lumen [GO:0031093]	836.4
Polyketide	extracellular region [GO:0005576]	836.4
Polyketide	extracellular space [GO:0005615]	836.4
Polyketide	nucleus [GO:0005634]	836.4
Polyketide	cytoplasm [GO:0005737]	836.4
Polyketide	Golgi apparatus [GO:0005794]	836.4
Polyketide	dendrite [GO:0030425]	818.36
Polyketide	PML body [GO:0016605]	818.36
Polyketide	nuclear envelope [GO:0005635]	818.36
Polyketide	lysosome [GO:0005764]	818.36
Polyketide	endomembrane system [GO:0012505]	818.36
Polyketide	mitochondrial outer membrane [GO:0005741]	818.36
Polyketide	cytosol [GO:0005829]	818.36
Polyketide	Golgi membrane [GO:0000139]	818.36
Polyketide	nucleoplasm [GO:0005654]	818.36
Polyketide	endoplasmic reticulum membrane [GO:0005789]	818.36
Polyketide	membrane [GO:0016020]	818.36
Polyketide	TORC1 complex [GO:0031931]	818.36
Polyketide	nucleus [GO:0005634]	818.36
Polyketide	TORC2 complex [GO:0031932]	818.36
Polyketide	lysosomal membrane [GO:0005765]	818.36
Polyketide	cytoplasm [GO:0005737]	818.36
Polyketide	phagocytic vesicle [GO:0045335]	818.36
Polyketide	extracellular space [GO:0005615]	352.57
Polyketide	azurophil granule lumen [GO:0035578]	352.57
Polyketide	extracellular region [GO:0005576]	352.57
Polyketide	extracellular exosome [GO:0070062]	352.57
Polyketide	protein-containing complex [GO:0032991]	511.11
Polyketide	cytosol [GO:0005829]	511.11
Polyketide	nucleoplasm [GO:0005654]	511.11
Polyketide	membrane [GO:0016020]	511.11
Polyketide	plasma membrane [GO:0005886]	511.11
Polyketide	euchromatin [GO:0000791]	511.11
Polyketide	chromatin [GO:0000785]	511.11
Polyketide	transcription regulator complex [GO:0005667]	511.11
Polyketide	nucleus [GO:0005634]	511.11
Polyketide	cytoplasm [GO:0005737]	511.11
Polyketide	Golgi apparatus [GO:0005794]	511.11
Polyketide	cytoplasm [GO:0005737]	178.68
Polyketide	microtubule [GO:0005874]	1297.15
Polyketide	cytoplasm [GO:0005737]	1297.15
Polyketide	host cell endoplasmic reticulum membrane [GO:0044167]	626.33
Polyketide	host cell Golgi apparatus [GO:0044177]	626.33
Polyketide	host cell endosome [GO:0044174]	626.33
Polyketide	membrane [GO:0016020]	626.33
Polyketide	double membrane vesicle viral factory outer membrane [GO:0062243]	626.33
Polyketide	host cell perinuclear region of cytoplasm [GO:0044220]	626.33
Polyketide	protein-containing complex [GO:0032991]	556.7
Polyketide	cytosol [GO:0005829]	556.7
Polyketide	nucleoplasm [GO:0005654]	556.7
Polyketide	membrane [GO:0016020]	556.7
Polyketide	plasma membrane [GO:0005886]	556.7
Polyketide	euchromatin [GO:0000791]	556.7
Polyketide	chromatin [GO:0000785]	556.7
Polyketide	transcription regulator complex [GO:0005667]	556.7
Polyketide	nucleus [GO:0005634]	556.7
Polyketide	cytoplasm [GO:0005737]	556.7
Polyketide	Golgi apparatus [GO:0005794]	556.7
Polyketide	cytosol [GO:0005829]	672.72
Polyketide	extracellular exosome [GO:0070062]	672.72
Polyketide	protein-containing complex [GO:0032991]	643.53
Polyketide	cytosol [GO:0005829]	643.53
Polyketide	nucleoplasm [GO:0005654]	643.53
Polyketide	membrane [GO:0016020]	643.53
Polyketide	plasma membrane [GO:0005886]	643.53
Polyketide	euchromatin [GO:0000791]	643.53
Polyketide	chromatin [GO:0000785]	643.53
Polyketide	transcription regulator complex [GO:0005667]	643.53
Polyketide	nucleus [GO:0005634]	643.53
Polyketide	cytoplasm [GO:0005737]	643.53
Polyketide	Golgi apparatus [GO:0005794]	643.53
Polyketide	vesicle [GO:0031982]	100.51
Polyketide	cytoplasm [GO:0005737]	100.51
Polyketide	secretory granule lumen [GO:0034774]	100.51
Polyketide	cytosol [GO:0005829]	100.51
Polyketide	ficolin-1-rich granule lumen [GO:1904813]	100.51
Polyketide	extracellular exosome [GO:0070062]	100.51
Polyketide	nucleoplasm [GO:0005654]	100.51
Polyketide	plasma membrane [GO:0005886]	100.51
Polyketide	extracellular region [GO:0005576]	100.51
Polyketide	extracellular space [GO:0005615]	100.51
Polyketide	cell surface [GO:0009986]	100.51
Polyketide	voltage-gated sodium channel complex [GO:0001518]	978.04
Polyketide	axon [GO:0030424]	978.04
Polyketide	plasma membrane [GO:0005886]	978.04
Polyketide	voltage-gated calcium channel complex [GO:0005891]	978.04
Polyketide	sarcoplasmic reticulum membrane [GO:0033017]	880.84
Polyketide	cytoplasmic side of membrane [GO:0098562]	880.84
Polyketide	cytosol [GO:0005829]	880.84
Polyketide	Z disc [GO:0030018]	880.84
Polyketide	sarcoplasmic reticulum [GO:0016529]	880.84
Polyketide	terminal cisterna [GO:0014802]	880.84
Polyketide	membrane [GO:0016020]	880.84
Polyketide	ryanodine receptor complex [GO:1990425]	880.84
Polyketide	cytoplasm [GO:0005737]	880.84
Polyketide	nuclear chromosome [GO:0000228]	565.49
Polyketide	histone deacetylase complex [GO:0000118]	565.49
Polyketide	cytoplasm [GO:0005737]	565.49
Polyketide	nucleoplasm [GO:0005654]	565.49
Polyketide	nucleus [GO:0005634]	565.49
Polyketide	cell body [GO:0044297]	814.4
Polyketide	actin filament [GO:0005884]	814.4
Polyketide	skeletal muscle myofibril [GO:0098723]	814.4
Polyketide	stress fiber [GO:0001725]	814.4
Polyketide	filamentous actin [GO:0031941]	814.4
Polyketide	actin filament bundle [GO:0032432]	814.4
Polyketide	lamellipodium [GO:0030027]	814.4
Polyketide	striated muscle thin filament [GO:0005865]	814.4
Polyketide	cytoplasm [GO:0005737]	814.4
Polyketide	filopodium [GO:0030175]	814.4
Polyketide	nuclear envelope [GO:0005635]	642.7
Polyketide	perinuclear region of cytoplasm [GO:0048471]	642.7
Polyketide	cytosol [GO:0005829]	642.7
Polyketide	pericentriolar material [GO:0000242]	642.7
Polyketide	Golgi membrane [GO:0000139]	642.7
Polyketide	chromosome, telomeric region [GO:0000781]	642.7
Polyketide	nucleus [GO:0005634]	642.7
Polyketide	cytoplasm [GO:0005737]	642.7
Polyketide	nuclear envelope [GO:0005635]	577.66
Polyketide	perinuclear region of cytoplasm [GO:0048471]	577.66
Polyketide	cytosol [GO:0005829]	577.66
Polyketide	pericentriolar material [GO:0000242]	577.66
Polyketide	Golgi membrane [GO:0000139]	577.66
Polyketide	chromosome, telomeric region [GO:0000781]	577.66
Polyketide	nucleus [GO:0005634]	577.66
Polyketide	cytoplasm [GO:0005737]	577.66
Polyketide	extracellular region [GO:0005576]	335.2
Polyketide	extracellular exosome [GO:0070062]	335.2
Polyketide	azurophil granule lumen [GO:0035578]	335.2
Polyketide	extracellular space [GO:0005615]	335.2
Polyketide	vesicle [GO:0031982]	766.62
Polyketide	cytoplasm [GO:0005737]	766.62
Polyketide	secretory granule lumen [GO:0034774]	766.62
Polyketide	cytosol [GO:0005829]	766.62
Polyketide	ficolin-1-rich granule lumen [GO:1904813]	766.62
Polyketide	extracellular exosome [GO:0070062]	766.62
Polyketide	nucleoplasm [GO:0005654]	766.62
Polyketide	plasma membrane [GO:0005886]	766.62
Polyketide	extracellular region [GO:0005576]	766.62
Polyketide	extracellular space [GO:0005615]	766.62
Polyketide	cell surface [GO:0009986]	766.62
Polyketide	extracellular region [GO:0005576]	379.72
Polyketide	extracellular exosome [GO:0070062]	379.72
Polyketide	azurophil granule lumen [GO:0035578]	379.72
Polyketide	extracellular space [GO:0005615]	379.72
Polyketide	endoplasmic reticulum [GO:0005783]	503.44
Polyketide	endoplasmic reticulum membrane [GO:0005789]	503.44
Polyketide	Ire1 complex [GO:1990332]	503.44
Polyketide	nucleus [GO:0005634]	503.44
Polyketide	IRE1-TRAF2-ASK1 complex [GO:1990604]	503.44
Polyketide	endoplasmic reticulum membrane [GO:0005789]	444.75
Polyketide	endoplasmic reticulum [GO:0005783]	444.75
Polyketide	cytoplasm [GO:0005737]	958.34
Polyketide	nucleus [GO:0005634]	1095.39
Polyketide	cytoplasm [GO:0005737]	1095.39
Polyketide	nucleoplasm [GO:0005654]	1106.25
Polyketide	nucleus [GO:0005634]	1106.25
Polyketide	nuclear body [GO:0016604]	1106.25
Polyketide	chromatin [GO:0000785]	1106.25
Polyketide	protein-DNA complex [GO:0032993]	696.15
Polyketide	focal adhesion [GO:0005925]	918.61
Polyketide	tertiary granule membrane [GO:0070821]	918.61
Polyketide	extracellular exosome [GO:0070062]	918.61
Polyketide	plasma membrane [GO:0005886]	918.61
Polyketide	protein complex involved in cell-matrix adhesion [GO:0098637]	918.61
Polyketide	serine protease inhibitor complex [GO:0097180]	918.61
Polyketide	extracellular region [GO:0005576]	918.61
Polyketide	specific granule membrane [GO:0035579]	918.61
Polyketide	extracellular space [GO:0005615]	918.61
Polyketide	external side of plasma membrane [GO:0009897]	918.61
Polyketide	cell surface [GO:0009986]	918.61
Polyketide	serine-type endopeptidase complex [GO:1905370]	918.61
Polyketide	dendrite [GO:0030425]	681.02
Polyketide	perinuclear region of cytoplasm [GO:0048471]	681.02
Polyketide	apical plasma membrane [GO:0016324]	681.02
Polyketide	cytosol [GO:0005829]	681.02
Polyketide	cilium [GO:0005929]	681.02
Polyketide	mitochondrion [GO:0005739]	681.02
Polyketide	astrocyte end-foot [GO:0097450]	681.02
Polyketide	extracellular region [GO:0005576]	681.02
Polyketide	basal part of cell [GO:0045178]	681.02
Polyketide	cytoskeleton [GO:0005856]	681.02
Polyketide	nucleus [GO:0005634]	681.02
Polyketide	cytoplasm [GO:0005737]	681.02
Polyketide	central region of growth cone [GO:0090724]	681.02
Polyketide	neuronal cell body [GO:0043025]	681.02
Polyketide	endoplasmic reticulum [GO:0005783]	651.24
Polyketide	mitochondrion [GO:0005739]	651.24
Polyketide	mitochondrial inner membrane [GO:0005743]	651.24
Polyketide	mitochondrial proton-transporting ATP synthase complex [GO:0005753]	228.22
Polyketide	cytosol [GO:0005829]	228.22
Polyketide	mitochondrial proton-transporting ATP synthase complex, coupling factor F(o) [GO:0000276]	228.22
Polyketide	mitochondrion [GO:0005739]	228.22
Polyketide	mitochondrial intermembrane space [GO:0005758]	228.22
Polyketide	mitochondrial inner membrane [GO:0005743]	228.22
Polyketide	U5 snRNP [GO:0005682]	335.28
Polyketide	cytoplasm [GO:0005737]	335.28
Polyketide	cell body [GO:0044297]	649.75
Polyketide	actin filament [GO:0005884]	649.75
Polyketide	skeletal muscle myofibril [GO:0098723]	649.75
Polyketide	stress fiber [GO:0001725]	649.75
Polyketide	filamentous actin [GO:0031941]	649.75
Polyketide	actin filament bundle [GO:0032432]	649.75
Polyketide	lamellipodium [GO:0030027]	649.75
Polyketide	striated muscle thin filament [GO:0005865]	649.75
Polyketide	cytoplasm [GO:0005737]	649.75
Polyketide	filopodium [GO:0030175]	649.75
Polyketide	cytoplasm [GO:0005737]	1179.22
Polyketide	host cell nucleus [GO:0042025]	1277.08
Polyketide	protein-containing complex [GO:0032991]	1277.08
Polyketide	host cell plasma membrane [GO:0020002]	1277.08
Polyketide	host cell lipid droplet [GO:0044186]	1277.08
Polyketide	viral envelope [GO:0019031]	1277.08
Polyketide	host cell endoplasmic reticulum membrane [GO:0044167]	1277.08
Polyketide	host cell mitochondrial membrane [GO:0044191]	1277.08
Polyketide	ribonucleoprotein complex [GO:1990904]	1277.08
Polyketide	membrane [GO:0016020]	1277.08
Polyketide	viral nucleocapsid [GO:0019013]	1277.08
Polyketide	virion membrane [GO:0055036]	1277.08
Polyketide	host cell perinuclear region of cytoplasm [GO:0044220]	1277.08
Polyketide	plasma membrane [GO:0005886]	92.25
Polyketide	proton-transporting ATP synthase complex, coupling factor F(o) [GO:0045263]	92.25
Polyketide	membrane-bounded organelle [GO:0043227]	923.58
Polyketide	extracellular region [GO:0005576]	733.78
Polyketide	cytoplasm [GO:0005737]	901.83
Polyketide	dendrite [GO:0030425]	708.3
Polyketide	neuron projection [GO:0043005]	708.3
Polyketide	intracellular membrane-bounded organelle [GO:0043231]	708.3
Polyketide	plasma membrane [GO:0005886]	708.3
Polyketide	postsynaptic membrane [GO:0045211]	708.3
Polyketide	synapse [GO:0045202]	708.3
Polyketide	glycine-gated chloride channel complex [GO:0016935]	708.3
Polyketide	perikaryon [GO:0043204]	708.3
Polyketide	node of Ranvier [GO:0033268]	262.79
Polyketide	synapse [GO:0045202]	262.79
Polyketide	plasma membrane [GO:0005886]	262.79
Polyketide	axon initial segment [GO:0043194]	262.79
Polyketide	voltage-gated potassium channel complex [GO:0008076]	262.79
Polyketide	node of Ranvier [GO:0033268]	707.65
Polyketide	synapse [GO:0045202]	707.65
Polyketide	plasma membrane [GO:0005886]	707.65
Polyketide	axon initial segment [GO:0043194]	707.65
Polyketide	voltage-gated potassium channel complex [GO:0008076]	707.65
Polyketide	pericentric heterochromatin [GO:0005721]	579.35
Polyketide	endoplasmic reticulum [GO:0005783]	579.35
Polyketide	intracellular membrane-bounded organelle [GO:0043231]	579.35
Polyketide	nucleoplasm [GO:0005654]	579.35
Polyketide	site of DNA damage [GO:0090734]	579.35
Polyketide	chromatin [GO:0000785]	579.35
Polyketide	nucleus [GO:0005634]	579.35
Polyketide	site of double-strand break [GO:0035861]	579.35
Polyketide	chromosome, subtelomeric region [GO:0099115]	579.35
Polyketide	transcription repressor complex [GO:0017053]	816.44
Polyketide	nucleoplasm [GO:0005654]	816.44
Polyketide	nucleus [GO:0005634]	816.44
Polyketide	plasma membrane [GO:0005886]	336.37
Polyketide	calcium channel complex [GO:0034704]	336.37
Polyketide	microtubule [GO:0005874]	975.95
Polyketide	cytoplasm [GO:0005737]	975.95
Polyketide	microtubule cytoskeleton [GO:0015630]	975.95
Polyketide	vesicle [GO:0031982]	461.47
Polyketide	cytoplasm [GO:0005737]	461.47
Polyketide	secretory granule lumen [GO:0034774]	461.47
Polyketide	cytosol [GO:0005829]	461.47
Polyketide	ficolin-1-rich granule lumen [GO:1904813]	461.47
Polyketide	extracellular exosome [GO:0070062]	461.47
Polyketide	nucleoplasm [GO:0005654]	461.47
Polyketide	plasma membrane [GO:0005886]	461.47
Polyketide	extracellular region [GO:0005576]	461.47
Polyketide	extracellular space [GO:0005615]	461.47
Polyketide	cell surface [GO:0009986]	461.47
Polyketide	secretory granule lumen [GO:0034774]	495.78
Polyketide	ficolin-1-rich granule lumen [GO:1904813]	495.78
Polyketide	extracellular exosome [GO:0070062]	495.78
Polyketide	platelet alpha granule lumen [GO:0031093]	495.78
Polyketide	extracellular region [GO:0005576]	495.78
Polyketide	mitochondrial proton-transporting ATP synthase complex, catalytic sector F(1) [GO:0000275]	433.61
Polyketide	mitochondrial proton-transporting ATP synthase complex [GO:0005753]	433.61
Polyketide	collagen-containing extracellular matrix [GO:0062023]	607.04
Polyketide	cytoplasm [GO:0005737]	607.04
Polyketide	secretory granule membrane [GO:0030667]	607.04
Polyketide	cytosol [GO:0005829]	607.04
Polyketide	ficolin-1-rich granule membrane [GO:0101003]	607.04
Polyketide	immunological synapse [GO:0001772]	607.04
Polyketide	extracellular exosome [GO:0070062]	607.04
Polyketide	spliceosomal complex [GO:0005681]	607.04
Polyketide	nucleoplasm [GO:0005654]	607.04
Polyketide	membrane [GO:0016020]	607.04
Polyketide	plasma membrane [GO:0005886]	607.04
Polyketide	extracellular region [GO:0005576]	607.04
Polyketide	extracellular space [GO:0005615]	607.04
Polyketide	nucleus [GO:0005634]	607.04
Polyketide	cell surface [GO:0009986]	607.04
Polyketide	mitochondrial inner membrane [GO:0005743]	607.04
Polyketide	chromosome [GO:0005694]	118.06
Polyketide	cytoplasm [GO:0005737]	118.06
Polyketide	aggresome [GO:0016235]	469.93
Polyketide	cell projection [GO:0042995]	469.93
Polyketide	secretory granule membrane [GO:0030667]	469.93
Polyketide	ficolin-1-rich granule membrane [GO:0101003]	469.93
Polyketide	tertiary granule membrane [GO:0070821]	469.93
Polyketide	extracellular exosome [GO:0070062]	469.93
Polyketide	plasma membrane [GO:0005886]	469.93
Polyketide	membrane [GO:0016020]	469.93
Polyketide	specific granule membrane [GO:0035579]	469.93
Polyketide	perikaryon [GO:0043204]	469.93
Polyketide	extracellular space [GO:0005615]	722.96
Polyketide	serine protease inhibitor complex [GO:0097180]	722.96
Polyketide	skeletal muscle myofibril [GO:0098723]	496.5
Polyketide	protein-containing complex [GO:0032991]	1072.61
Polyketide	endocytic vesicle membrane [GO:0030666]	1072.61
Polyketide	cytosol [GO:0005829]	1072.61
Polyketide	transcription repressor complex [GO:0017053]	1072.61
Polyketide	nucleoplasm [GO:0005654]	1072.61
Polyketide	plasma membrane [GO:0005886]	1072.61
Polyketide	nucleus [GO:0005634]	1072.61
Polyketide	cytoplasm [GO:0005737]	1072.61
Polyketide	nucleolus [GO:0005730]	1072.61
Polyketide	microtubule [GO:0005874]	921.73
Polyketide	cytoplasm [GO:0005737]	921.73
Polyketide	microtubule cytoskeleton [GO:0015630]	921.73
Polyketide	dendritic shaft [GO:0043198]	606.93
Polyketide	neuron projection [GO:0043005]	606.93
Polyketide	postsynaptic density [GO:0014069]	606.93
Polyketide	somatodendritic compartment [GO:0036477]	606.93
Polyketide	dendrite membrane [GO:0032590]	606.93
Polyketide	endoplasmic reticulum membrane [GO:0005789]	606.93
Polyketide	cell surface [GO:0009986]	606.93
Polyketide	presynaptic active zone membrane [GO:0048787]	606.93
Polyketide	neuronal cell body [GO:0043025]	606.93
Polyketide	dendrite cytoplasm [GO:0032839]	606.93
Polyketide	spine synapse [GO:0106033]	606.93
Polyketide	synaptic vesicle [GO:0008021]	606.93
Polyketide	Schaffer collateral - CA1 synapse [GO:0098685]	606.93
Polyketide	presynapse [GO:0098793]	606.93
Polyketide	growth cone [GO:0030426]	606.93
Polyketide	perikaryon [GO:0043204]	606.93
Polyketide	AMPA glutamate receptor complex [GO:0032281]	606.93
Polyketide	asymmetric synapse [GO:0032279]	606.93
Polyketide	dendrite [GO:0030425]	606.93
Polyketide	protein-containing complex [GO:0032991]	606.93
Polyketide	ionotropic glutamate receptor complex [GO:0008328]	606.93
Polyketide	dendritic spine head [GO:0044327]	606.93
Polyketide	dendritic spine neck [GO:0044326]	606.93
Polyketide	glutamatergic synapse [GO:0098978]	606.93
Polyketide	membrane [GO:0016020]	606.93
Polyketide	dendritic spine [GO:0043197]	606.93
Polyketide	perisynaptic space [GO:0099544]	606.93
Polyketide	endoplasmic reticulum [GO:0005783]	606.93
Polyketide	plasma membrane [GO:0005886]	606.93
Polyketide	postsynaptic membrane [GO:0045211]	606.93
Polyketide	synapse [GO:0045202]	606.93
Polyketide	terminal bouton [GO:0043195]	606.93
Polyketide	presynaptic membrane [GO:0042734]	606.93
Polyketide	postsynaptic density membrane [GO:0098839]	606.93
Polyketide	synaptic vesicle membrane [GO:0030672]	606.93
Polyketide	axon [GO:0030424]	606.93
Polyketide	synaptic membrane [GO:0097060]	606.93
Polyketide	melanosome [GO:0042470]	418.81
Polyketide	axonal growth cone [GO:0044295]	418.81
Polyketide	cell body [GO:0044297]	418.81
Polyketide	endomembrane system [GO:0012505]	418.81
Polyketide	lamellipodium [GO:0030027]	418.81
Polyketide	growth cone membrane [GO:0032584]	418.81
Polyketide	plasma membrane [GO:0005886]	418.81
Polyketide	axon [GO:0030424]	418.81
Polyketide	cell surface [GO:0009986]	418.81
Polyketide	plasma membrane [GO:0005886]	1085.48
Polyketide	DNA-directed RNA polymerase complex [GO:0000428]	1085.48
Polyketide	cytosol [GO:0005829]	1085.48
Polyketide	peptidoglycan-based cell wall [GO:0009274]	1085.48
Polyketide	mitochondrion [GO:0005739]	1071.47
Polyketide	nucleus [GO:0005634]	1071.47
Polyketide	cytoplasm [GO:0005737]	1071.47
Polyketide	chloride channel complex [GO:0034707]	669.58
Polyketide	postsynaptic membrane [GO:0045211]	669.58
Polyketide	perikaryon [GO:0043204]	669.58
Polyketide	membrane [GO:0016020]	669.58
Polyketide	plasma membrane [GO:0005886]	669.58
Polyketide	dendrite [GO:0030425]	669.58
Polyketide	neuron projection [GO:0043005]	669.58
Polyketide	synapse [GO:0045202]	669.58
Polyketide	lysosomal lumen [GO:0043202]	684.57
Polyketide	basolateral plasma membrane [GO:0016323]	684.57
Polyketide	secretory granule lumen [GO:0034774]	684.57
Polyketide	extracellular exosome [GO:0070062]	684.57
Polyketide	nucleoplasm [GO:0005654]	684.57
Polyketide	brush border membrane [GO:0031526]	684.57
Polyketide	cytoplasm [GO:0005737]	684.57
Polyketide	cell surface [GO:0009986]	684.57
Polyketide	neuronal cell body [GO:0043025]	684.57
Polyketide	endocytic vesicle lumen [GO:0071682]	684.57
Polyketide	melanosome [GO:0042470]	684.57
Polyketide	protein-containing complex [GO:0032991]	684.57
Polyketide	axonal growth cone [GO:0044295]	684.57
Polyketide	perinuclear region of cytoplasm [GO:0048471]	684.57
Polyketide	cytosol [GO:0005829]	684.57
Polyketide	sperm mitochondrial sheath [GO:0097226]	684.57
Polyketide	membrane [GO:0016020]	684.57
Polyketide	extracellular region [GO:0005576]	684.57
Polyketide	nucleus [GO:0005634]	684.57
Polyketide	sperm plasma membrane [GO:0097524]	684.57
Polyketide	collagen-containing extracellular matrix [GO:0062023]	684.57
Polyketide	myelin sheath [GO:0043209]	684.57
Polyketide	apical plasma membrane [GO:0016324]	684.57
Polyketide	ficolin-1-rich granule lumen [GO:1904813]	684.57
Polyketide	dendritic growth cone [GO:0044294]	684.57
Polyketide	plasma membrane [GO:0005886]	684.57
Polyketide	mitochondrion [GO:0005739]	684.57
Polyketide	proton-transporting ATP synthase complex, catalytic core F(1) [GO:0045261]	1080.83
Polyketide	host cell nucleus [GO:0042025]	773.21
Polyketide	host cell plasma membrane [GO:0020002]	773.21
Polyketide	membrane [GO:0016020]	773.21
Polyketide	viral nucleocapsid [GO:0019013]	773.21
Polyketide	host multivesicular body [GO:0072494]	773.21
Polyketide	virion membrane [GO:0055036]	773.21
Polyketide	RSC-type complex [GO:0016586]	156.49
Polyketide	kinetochore [GO:0000776]	156.49
Polyketide	SWI/SNF complex [GO:0016514]	156.49
Polyketide	nucleoplasm [GO:0005654]	156.49
Polyketide	nuclear matrix [GO:0016363]	156.49
Polyketide	chromatin [GO:0000785]	156.49
Polyketide	nuclear chromosome [GO:0000228]	156.49
Polyketide	nucleus [GO:0005634]	156.49
Polyketide	protein-DNA complex [GO:0032993]	930.21
Polyketide	extrinsic component of cytoplasmic side of plasma membrane [GO:0031234]	805.13
Polyketide	Golgi apparatus [GO:0005794]	805.13
Polyketide	cell projection [GO:0042995]	805.13
Polyketide	focal adhesion [GO:0005925]	805.13
Polyketide	lysosome [GO:0005764]	805.13
Polyketide	cytosol [GO:0005829]	805.13
Polyketide	intracellular membrane-bounded organelle [GO:0043231]	805.13
Polyketide	plasma membrane [GO:0005886]	805.13
Polyketide	caveola [GO:0005901]	805.13
Polyketide	transport vesicle [GO:0030133]	805.13
Polyketide	cytoskeleton [GO:0005856]	805.13
Polyketide	nucleus [GO:0005634]	805.13
Polyketide	cytoplasmic side of plasma membrane [GO:0009898]	805.13
Polyketide	plasma membrane [GO:0005886]	1924.38
Polyketide	protein-containing complex [GO:0032991]	818.18
Polyketide	recycling endosome [GO:0055037]	818.18
Polyketide	early endosome [GO:0005769]	818.18
Polyketide	plasma membrane [GO:0005886]	818.18
Polyketide	specific granule [GO:0042581]	818.18
Polyketide	extracellular space [GO:0005615]	818.18
Polyketide	cell surface [GO:0009986]	818.18
Polyketide	nucleoplasm [GO:0005654]	700.48
Polyketide	nucleus [GO:0005634]	700.48
Polyketide	cytoplasm [GO:0005737]	700.48
Polyketide	extracellular exosome [GO:0070062]	1175.51
Polyketide	cytosol [GO:0005829]	1175.51
Polyketide	cytoplasm [GO:0005737]	1175.51
Polyketide	nucleus [GO:0005634]	1175.51
Polyketide	plasma membrane [GO:0005886]	211.98
Polyketide	proton-transporting ATP synthase complex, coupling factor F(o) [GO:0045263]	211.98
Polyketide	cytoplasm [GO:0005737]	384.03
Polyketide	cytosol [GO:0005829]	384.03
Polyketide	host cell nucleus [GO:0042025]	755.27
Polyketide	host cell plasma membrane [GO:0020002]	755.27
Polyketide	membrane [GO:0016020]	755.27
Polyketide	viral nucleocapsid [GO:0019013]	755.27
Polyketide	host multivesicular body [GO:0072494]	755.27
Polyketide	virion membrane [GO:0055036]	755.27
Polyketide	plasma membrane [GO:0005886]	248.91
Polyketide	proton-transporting ATP synthase complex, coupling factor F(o) [GO:0045263]	248.91
Polyketide	sarcoplasmic reticulum membrane [GO:0033017]	985.79
Polyketide	cytoplasmic side of membrane [GO:0098562]	985.79
Polyketide	cytosol [GO:0005829]	985.79
Polyketide	Z disc [GO:0030018]	985.79
Polyketide	sarcoplasmic reticulum [GO:0016529]	985.79
Polyketide	terminal cisterna [GO:0014802]	985.79
Polyketide	membrane [GO:0016020]	985.79
Polyketide	ryanodine receptor complex [GO:1990425]	985.79
Polyketide	cytoplasm [GO:0005737]	985.79
Polyketide	plasma membrane [GO:0005886]	269.65
Polyketide	proton-transporting ATP synthase complex, coupling factor F(o) [GO:0045263]	269.65
Polyketide	septin ring [GO:0005940]	1057.49
Polyketide	condensed nuclear chromosome [GO:0000794]	1057.49
Polyketide	nucleus [GO:0005634]	1057.49
Polyketide	protein-containing complex [GO:0032991]	894.87
Polyketide	cytosol [GO:0005829]	894.87
Polyketide	nucleoplasm [GO:0005654]	894.87
Polyketide	membrane [GO:0016020]	894.87
Polyketide	plasma membrane [GO:0005886]	894.87
Polyketide	euchromatin [GO:0000791]	894.87
Polyketide	chromatin [GO:0000785]	894.87
Polyketide	transcription regulator complex [GO:0005667]	894.87
Polyketide	nucleus [GO:0005634]	894.87
Polyketide	cytoplasm [GO:0005737]	894.87
Polyketide	Golgi apparatus [GO:0005794]	894.87
Polyketide	histone deacetylase complex [GO:0000118]	716.67
Polyketide	plasma membrane [GO:0005886]	2047.98
Polyketide	periplasmic side of plasma membrane [GO:0098567]	2047.98
Polyketide	membrane [GO:0016020]	2047.98
Polyketide	outer membrane-bounded periplasmic space [GO:0030288]	2047.98
Polyketide	efflux pump complex [GO:1990281]	2047.98
Polyketide	pore complex [GO:0046930]	998.76
Polyketide	cell outer membrane [GO:0009279]	998.76
Polyketide	plasma membrane [GO:0005886]	1357.53
Polyketide	periplasmic side of plasma membrane [GO:0098567]	1357.53
Polyketide	membrane [GO:0016020]	1357.53
Polyketide	outer membrane-bounded periplasmic space [GO:0030288]	1357.53
Polyketide	efflux pump complex [GO:1990281]	1357.53
Polyketide	protein-containing complex [GO:0032991]	974.37
Polyketide	endocytic vesicle membrane [GO:0030666]	974.37
Polyketide	cytosol [GO:0005829]	974.37
Polyketide	transcription repressor complex [GO:0017053]	974.37
Polyketide	nucleoplasm [GO:0005654]	974.37
Polyketide	plasma membrane [GO:0005886]	974.37
Polyketide	nucleus [GO:0005634]	974.37
Polyketide	cytoplasm [GO:0005737]	974.37
Polyketide	nucleolus [GO:0005730]	974.37
Polyketide	microtubule [GO:0005874]	1389.68
Polyketide	cytoplasm [GO:0005737]	1389.68
Polyketide	microtubule cytoskeleton [GO:0015630]	1389.68
Polyketide	proton-transporting V-type ATPase complex [GO:0033176]	373.5
Polyketide	vacuolar proton-transporting V-type ATPase, V0 domain [GO:0000220]	373.5
Polyketide	Golgi membrane [GO:0000139]	373.5
Polyketide	membrane [GO:0016020]	373.5
Polyketide	vacuolar proton-transporting V-type ATPase complex [GO:0016471]	373.5
Polyketide	fungal-type vacuole membrane [GO:0000329]	373.5
Polyketide	calcium channel complex [GO:0034704]	980.69
Polyketide	voltage-gated calcium channel complex [GO:0005891]	980.69
Polyketide	perinuclear region of cytoplasm [GO:0048471]	980.69
Polyketide	apical plasma membrane [GO:0016324]	980.69
Polyketide	cytosol [GO:0005829]	980.69
Polyketide	plasma membrane [GO:0005886]	980.69
Polyketide	membrane [GO:0016020]	980.69
Polyketide	nucleus [GO:0005634]	980.69
Polyketide	microtubule organizing center [GO:0005815]	980.69
Polyketide	intracellular membrane-bounded organelle [GO:0043231]	456.26
Polyketide	nucleoplasm [GO:0005654]	456.26
Polyketide	mitochondrion [GO:0005739]	456.26
Polyketide	chromatin [GO:0000785]	456.26
Polyketide	nucleus [GO:0005634]	456.26
Polyketide	extracellular space [GO:0005615]	384.91
Polyketide	azurophil granule lumen [GO:0035578]	384.91
Polyketide	extracellular region [GO:0005576]	384.91
Polyketide	extracellular exosome [GO:0070062]	384.91
Polyketide	plasma membrane [GO:0005886]	497.56
Polyketide	peptidoglycan-based cell wall [GO:0009274]	497.56
Polyketide	host cell nucleus [GO:0042025]	629.34
Polyketide	host cell plasma membrane [GO:0020002]	629.34
Polyketide	membrane [GO:0016020]	629.34
Polyketide	viral nucleocapsid [GO:0019013]	629.34
Polyketide	host multivesicular body [GO:0072494]	629.34
Polyketide	virion membrane [GO:0055036]	629.34
Polyketide	microtubule [GO:0005874]	667.33
Polyketide	cytoplasm [GO:0005737]	667.33
Polyketide	microtubule cytoskeleton [GO:0015630]	667.33
Polyketide	cell body [GO:0044297]	864.45
Polyketide	actin filament [GO:0005884]	864.45
Polyketide	skeletal muscle myofibril [GO:0098723]	864.45
Polyketide	stress fiber [GO:0001725]	864.45
Polyketide	filamentous actin [GO:0031941]	864.45
Polyketide	actin filament bundle [GO:0032432]	864.45
Polyketide	lamellipodium [GO:0030027]	864.45
Polyketide	striated muscle thin filament [GO:0005865]	864.45
Polyketide	cytoplasm [GO:0005737]	864.45
Polyketide	filopodium [GO:0030175]	864.45
Polyketide	protein-containing complex [GO:0032991]	659.65
Polyketide	endocytic vesicle membrane [GO:0030666]	659.65
Polyketide	cytosol [GO:0005829]	659.65
Polyketide	transcription repressor complex [GO:0017053]	659.65
Polyketide	nucleoplasm [GO:0005654]	659.65
Polyketide	plasma membrane [GO:0005886]	659.65
Polyketide	nucleus [GO:0005634]	659.65
Polyketide	cytoplasm [GO:0005737]	659.65
Polyketide	nucleolus [GO:0005730]	659.65
Polyketide	cytosol [GO:0005829]	626.11
Polyketide	nucleoplasm [GO:0005654]	626.11
Polyketide	receptor complex [GO:0043235]	626.11
Polyketide	mitochondrion [GO:0005739]	626.11
Polyketide	RNA polymerase II transcription regulator complex [GO:0090575]	626.11
Polyketide	chromatin [GO:0000785]	626.11
Polyketide	transcription regulator complex [GO:0005667]	626.11
Polyketide	nucleus [GO:0005634]	626.11
Polyketide	cell body [GO:0044297]	844.59
Polyketide	actin filament [GO:0005884]	844.59
Polyketide	skeletal muscle myofibril [GO:0098723]	844.59
Polyketide	stress fiber [GO:0001725]	844.59
Polyketide	filamentous actin [GO:0031941]	844.59
Polyketide	actin filament bundle [GO:0032432]	844.59
Polyketide	lamellipodium [GO:0030027]	844.59
Polyketide	striated muscle thin filament [GO:0005865]	844.59
Polyketide	cytoplasm [GO:0005737]	844.59
Polyketide	filopodium [GO:0030175]	844.59
Polyketide	mitochondrial respiratory chain complex I [GO:0005747]	248.06
Polyketide	mitochondrial inner membrane [GO:0005743]	248.06
Polyketide	DNA-directed RNA polymerase complex [GO:0000428]	1361.66
Polyketide	mitochondrial proton-transporting ATP synthase complex [GO:0005753]	0.0
Polyketide	cytosol [GO:0005829]	0.0
Polyketide	mitochondrial proton-transporting ATP synthase complex, coupling factor F(o) [GO:0000276]	0.0
Polyketide	mitochondrion [GO:0005739]	0.0
Polyketide	mitochondrial intermembrane space [GO:0005758]	0.0
Polyketide	mitochondrial inner membrane [GO:0005743]	0.0
Polyketide	intracellular membrane-bounded organelle [GO:0043231]	748.01
Polyketide	plasma membrane [GO:0005886]	748.01
Polyketide	endoplasmic reticulum membrane [GO:0005789]	748.01
Polyketide	cytoplasm [GO:0005737]	748.01
Polyketide	intracellular membrane-bounded organelle [GO:0043231]	574.7
Polyketide	endoplasmic reticulum membrane [GO:0005789]	574.7
Polyketide	cytoplasm [GO:0005737]	574.7
Polyketide	cytoplasmic microtubule [GO:0005881]	574.7
Polyketide	cytoplasmic side of endoplasmic reticulum membrane [GO:0098554]	882.88
Polyketide	protein-containing complex [GO:0032991]	882.88
Polyketide	endoplasmic reticulum [GO:0005783]	882.88
Polyketide	sorting endosome [GO:0097443]	882.88
Polyketide	endosome lumen [GO:0031904]	882.88
Polyketide	early endosome [GO:0005769]	882.88
Polyketide	cytosol [GO:0005829]	882.88
Polyketide	mitochondrial crista [GO:0030061]	882.88
Polyketide	mitochondrial matrix [GO:0005759]	882.88
Polyketide	cytoplasm [GO:0005737]	882.88
Polyketide	proton-transporting ATP synthase complex, catalytic core F(1) [GO:0045261]	169.9
Polyketide	mitochondrial proton-transporting ATP synthase complex [GO:0005753]	169.9
Polyketide	voltage-gated sodium channel complex [GO:0001518]	911.43
Polyketide	axon [GO:0030424]	911.43
Polyketide	plasma membrane [GO:0005886]	911.43
Polyketide	voltage-gated calcium channel complex [GO:0005891]	911.43
Polyketide	chromosome [GO:0005694]	577.1
Polyketide	DNA topoisomerase type II (double strand cut, ATP-hydrolyzing) complex [GO:0009330]	577.1
Polyketide	cytoplasm [GO:0005737]	577.1
Polyketide	cytosol [GO:0005829]	577.1
Polyketide	cytosol [GO:0005829]	83.16
Polyketide	extracellular exosome [GO:0070062]	83.16
Polyketide	basolateral plasma membrane [GO:0016323]	1380.98
Polyketide	focal adhesion [GO:0005925]	1380.98
Polyketide	apical plasma membrane [GO:0016324]	1380.98
Polyketide	plasma membrane [GO:0005886]	1380.98
Polyketide	membrane [GO:0016020]	1380.98
Polyketide	microtubule [GO:0005874]	1290.08
Polyketide	cytoplasm [GO:0005737]	1290.08
Polyketide	protein-containing complex [GO:0032991]	540.69
Polyketide	cytosol [GO:0005829]	540.69
Polyketide	nucleoplasm [GO:0005654]	540.69
Polyketide	membrane [GO:0016020]	540.69
Polyketide	plasma membrane [GO:0005886]	540.69
Polyketide	euchromatin [GO:0000791]	540.69
Polyketide	chromatin [GO:0000785]	540.69
Polyketide	transcription regulator complex [GO:0005667]	540.69
Polyketide	nucleus [GO:0005634]	540.69
Polyketide	cytoplasm [GO:0005737]	540.69
Polyketide	Golgi apparatus [GO:0005794]	540.69
Polyketide	cytoplasm [GO:0005737]	472.94
Polyketide	Ino80 complex [GO:0031011]	1150.46
Polyketide	brahma complex [GO:0035060]	1150.46
Polyketide	cytoskeleton [GO:0005856]	1150.46
Polyketide	cytoplasm [GO:0005737]	1150.46
Polyketide	nuclear envelope [GO:0005635]	527.62
Polyketide	perinuclear region of cytoplasm [GO:0048471]	527.62
Polyketide	cytosol [GO:0005829]	527.62
Polyketide	pericentriolar material [GO:0000242]	527.62
Polyketide	Golgi membrane [GO:0000139]	527.62
Polyketide	chromosome, telomeric region [GO:0000781]	527.62
Polyketide	nucleus [GO:0005634]	527.62
Polyketide	cytoplasm [GO:0005737]	527.62
Polyketide	nuclear envelope [GO:0005635]	639.56
Polyketide	perinuclear region of cytoplasm [GO:0048471]	639.56
Polyketide	cytosol [GO:0005829]	639.56
Polyketide	pericentriolar material [GO:0000242]	639.56
Polyketide	Golgi membrane [GO:0000139]	639.56
Polyketide	chromosome, telomeric region [GO:0000781]	639.56
Polyketide	nucleus [GO:0005634]	639.56
Polyketide	cytoplasm [GO:0005737]	639.56
Polyketide	nuclear body [GO:0016604]	628.29
Polyketide	cytosol [GO:0005829]	628.29
Polyketide	extracellular space [GO:0005615]	628.29
Polyketide	nucleus [GO:0005634]	628.29
Polyketide	cytoplasm [GO:0005737]	628.29
Polyketide	protein-containing complex [GO:0032991]	884.14
Polyketide	cell leading edge [GO:0031252]	884.14
Polyketide	focal adhesion [GO:0005925]	884.14
Polyketide	neuron projection [GO:0043005]	884.14
Polyketide	cytosol [GO:0005829]	884.14
Polyketide	postsynaptic density [GO:0014069]	884.14
Polyketide	Golgi membrane [GO:0000139]	884.14
Polyketide	extracellular exosome [GO:0070062]	884.14
Polyketide	plasma membrane [GO:0005886]	884.14
Polyketide	sarcomere [GO:0030017]	884.14
Polyketide	sarcoplasmic reticulum membrane [GO:0033017]	944.44
Polyketide	cytoplasmic side of membrane [GO:0098562]	944.44
Polyketide	cytosol [GO:0005829]	944.44
Polyketide	Z disc [GO:0030018]	944.44
Polyketide	sarcoplasmic reticulum [GO:0016529]	944.44
Polyketide	terminal cisterna [GO:0014802]	944.44
Polyketide	membrane [GO:0016020]	944.44
Polyketide	ryanodine receptor complex [GO:1990425]	944.44
Polyketide	cytoplasm [GO:0005737]	944.44
Polyketide	histone deacetylase complex [GO:0000118]	315.92
Polyketide	nucleoplasm [GO:0005654]	315.92
Polyketide	nuclear chromosome [GO:0000228]	315.92
Polyketide	nucleus [GO:0005634]	315.92
Polyketide	cytoplasm [GO:0005737]	315.92
Polyketide	mitochondrial proton-transporting ATP synthase complex [GO:0005753]	352.31
Polyketide	cytosol [GO:0005829]	352.31
Polyketide	mitochondrial proton-transporting ATP synthase complex, coupling factor F(o) [GO:0000276]	352.31
Polyketide	mitochondrion [GO:0005739]	352.31
Polyketide	mitochondrial intermembrane space [GO:0005758]	352.31
Polyketide	mitochondrial inner membrane [GO:0005743]	352.31
Polyketide	nucleus [GO:0005634]	668.43
Polyketide	cytosol [GO:0005829]	668.43
Polyketide	protein kinase CK2 complex [GO:0005956]	668.43
Polyketide	plasma membrane [GO:0005886]	1591.8
Polyketide	periplasmic side of plasma membrane [GO:0098567]	1591.8
Polyketide	membrane [GO:0016020]	1591.8
Polyketide	outer membrane-bounded periplasmic space [GO:0030288]	1591.8
Polyketide	efflux pump complex [GO:1990281]	1591.8
Polyketide	extracellular space [GO:0005615]	521.77
Polyketide	azurophil granule lumen [GO:0035578]	521.77
Polyketide	extracellular region [GO:0005576]	521.77
Polyketide	extracellular exosome [GO:0070062]	521.77
Polyketide	protein-containing complex [GO:0032991]	541.88
Polyketide	cytosol [GO:0005829]	541.88
Polyketide	nucleoplasm [GO:0005654]	541.88
Polyketide	membrane [GO:0016020]	541.88
Polyketide	plasma membrane [GO:0005886]	541.88
Polyketide	euchromatin [GO:0000791]	541.88
Polyketide	chromatin [GO:0000785]	541.88
Polyketide	transcription regulator complex [GO:0005667]	541.88
Polyketide	nucleus [GO:0005634]	541.88
Polyketide	cytoplasm [GO:0005737]	541.88
Polyketide	Golgi apparatus [GO:0005794]	541.88
Polyketide	voltage-gated potassium channel complex [GO:0008076]	61.45
Polyketide	endoplasmic reticulum [GO:0005783]	61.45
Polyketide	cell surface [GO:0009986]	61.45
Polyketide	apical plasma membrane [GO:0016324]	61.45
Polyketide	plasma membrane [GO:0005886]	61.45
Polyketide	endoplasmic reticulum membrane [GO:0005789]	61.45
Polyketide	astrocyte projection [GO:0097449]	61.45
Polyketide	calyx of Held [GO:0044305]	61.45
Polyketide	neuronal cell body [GO:0043025]	61.45
Polyketide	nucleus [GO:0005634]	950.55
Polyketide	nuclear envelope [GO:0005635]	794.37
Polyketide	perinuclear region of cytoplasm [GO:0048471]	794.37
Polyketide	cytosol [GO:0005829]	794.37
Polyketide	pericentriolar material [GO:0000242]	794.37
Polyketide	Golgi membrane [GO:0000139]	794.37
Polyketide	chromosome, telomeric region [GO:0000781]	794.37
Polyketide	nucleus [GO:0005634]	794.37
Polyketide	cytoplasm [GO:0005737]	794.37
Polyketide	protein kinase CK2 complex [GO:0005956]	537.44
Polyketide	cytosol [GO:0005829]	537.44
Polyketide	nucleoplasm [GO:0005654]	537.44
Polyketide	chromatin [GO:0000785]	537.44
Polyketide	nucleus [GO:0005634]	537.44
Polyketide	acrosomal vesicle [GO:0001669]	537.44
Polyketide	plasma membrane [GO:0005886]	1693.8
Polyketide	periplasmic side of plasma membrane [GO:0098567]	1693.8
Polyketide	membrane [GO:0016020]	1693.8
Polyketide	outer membrane-bounded periplasmic space [GO:0030288]	1693.8
Polyketide	efflux pump complex [GO:1990281]	1693.8
Polyketide	proton-transporting V-type ATPase complex [GO:0033176]	173.28
Polyketide	vacuolar proton-transporting V-type ATPase, V0 domain [GO:0000220]	173.28
Polyketide	Golgi membrane [GO:0000139]	173.28
Polyketide	membrane [GO:0016020]	173.28
Polyketide	vacuolar proton-transporting V-type ATPase complex [GO:0016471]	173.28
Polyketide	fungal-type vacuole membrane [GO:0000329]	173.28
Polyketide	sarcoplasmic reticulum membrane [GO:0033017]	912.34
Polyketide	cytoplasmic side of membrane [GO:0098562]	912.34
Polyketide	cytosol [GO:0005829]	912.34
Polyketide	Z disc [GO:0030018]	912.34
Polyketide	sarcoplasmic reticulum [GO:0016529]	912.34
Polyketide	terminal cisterna [GO:0014802]	912.34
Polyketide	membrane [GO:0016020]	912.34
Polyketide	ryanodine receptor complex [GO:1990425]	912.34
Polyketide	cytoplasm [GO:0005737]	912.34
Polyketide	extracellular space [GO:0005615]	382.71
Polyketide	azurophil granule lumen [GO:0035578]	382.71
Polyketide	extracellular region [GO:0005576]	382.71
Polyketide	extracellular exosome [GO:0070062]	382.71
Polyketide	cytoplasm [GO:0005737]	454.79
Polyketide	endoplasmic reticulum lumen [GO:0005788]	990.24
Polyketide	protein-containing complex [GO:0032991]	990.24
Polyketide	endoplasmic reticulum [GO:0005783]	990.24
Polyketide	extracellular exosome [GO:0070062]	990.24
Polyketide	blood microparticle [GO:0072562]	990.24
Polyketide	platelet alpha granule lumen [GO:0031093]	990.24
Polyketide	extracellular region [GO:0005576]	990.24
Polyketide	extracellular space [GO:0005615]	990.24
Polyketide	nucleus [GO:0005634]	990.24
Polyketide	cytoplasm [GO:0005737]	990.24
Polyketide	Golgi apparatus [GO:0005794]	990.24
Polyketide	chloroplast stroma [GO:0009570]	463.71
Polyketide	endoplasmic reticulum [GO:0005783]	463.71
Polyketide	chloroplast [GO:0009507]	463.71
Polyketide	cytosol [GO:0005829]	463.71
Polyketide	intracellular membrane-bounded organelle [GO:0043231]	463.71
Polyketide	plasma membrane [GO:0005886]	463.71
Polyketide	apoplast [GO:0048046]	463.71
Polyketide	plasmodesma [GO:0009506]	463.71
Polyketide	plant-type vacuole [GO:0000325]	463.71
Polyketide	chromatin [GO:0000785]	809.2
Polyketide	intracellular membrane-bounded organelle [GO:0043231]	809.2
Polyketide	nucleoplasm [GO:0005654]	809.2
Polyketide	chromosome, subtelomeric region [GO:0099115]	809.2
Polyketide	pericentric heterochromatin [GO:0005721]	809.2
Polyketide	site of double-strand break [GO:0035861]	809.2
Polyketide	nucleus [GO:0005634]	809.2
Polyketide	site of DNA damage [GO:0090734]	809.2
Polyketide	endoplasmic reticulum [GO:0005783]	809.2
Polyketide	nucleoplasm [GO:0005654]	531.87
Polyketide	cytoplasm [GO:0005737]	531.87
Polyketide	cytosol [GO:0005829]	531.87
Polyketide	plasma membrane [GO:0005886]	903.25
Polyketide	DNA-directed RNA polymerase complex [GO:0000428]	903.25
Polyketide	cytosol [GO:0005829]	903.25
Polyketide	peptidoglycan-based cell wall [GO:0009274]	903.25
Polyketide	node of Ranvier [GO:0033268]	607.05
Polyketide	synapse [GO:0045202]	607.05
Polyketide	plasma membrane [GO:0005886]	607.05
Polyketide	axon initial segment [GO:0043194]	607.05
Polyketide	voltage-gated potassium channel complex [GO:0008076]	607.05
Polyketide	postsynaptic density [GO:0014069]	667.18
Polyketide	glutamatergic synapse [GO:0098978]	667.18
Polyketide	plasma membrane [GO:0005886]	667.18
Polyketide	DAPK1-calmodulin complex [GO:1990722]	667.18
Polyketide	actin cytoskeleton [GO:0015629]	667.18
Polyketide	nucleus [GO:0005634]	667.18
Polyketide	cytoplasm [GO:0005737]	667.18
Polyketide	mitochondrial proton-transporting ATP synthase complex [GO:0005753]	0.0
Polyketide	cytosol [GO:0005829]	0.0
Polyketide	mitochondrial proton-transporting ATP synthase complex, coupling factor F(o) [GO:0000276]	0.0
Polyketide	mitochondrion [GO:0005739]	0.0
Polyketide	mitochondrial intermembrane space [GO:0005758]	0.0
Polyketide	mitochondrial inner membrane [GO:0005743]	0.0
Polyketide	cytoplasm [GO:0005737]	833.64
Polyketide	cytosol [GO:0005829]	833.64
Polyketide	postsynaptic density [GO:0014069]	797.42
Polyketide	glutamatergic synapse [GO:0098978]	797.42
Polyketide	plasma membrane [GO:0005886]	797.42
Polyketide	DAPK1-calmodulin complex [GO:1990722]	797.42
Polyketide	actin cytoskeleton [GO:0015629]	797.42
Polyketide	nucleus [GO:0005634]	797.42
Polyketide	cytoplasm [GO:0005737]	797.42
Polyketide	plasma membrane [GO:0005886]	1950.25
Polyketide	periplasmic side of plasma membrane [GO:0098567]	1950.25
Polyketide	membrane [GO:0016020]	1950.25
Polyketide	outer membrane-bounded periplasmic space [GO:0030288]	1950.25
Polyketide	efflux pump complex [GO:1990281]	1950.25
Polyketide	endosome [GO:0005768]	861.77
Polyketide	cyclin E2-CDK2 complex [GO:0097135]	861.77
Polyketide	cyclin E1-CDK2 complex [GO:0097134]	861.77
Polyketide	Cajal body [GO:0015030]	861.77
Polyketide	nucleoplasm [GO:0005654]	861.77
Polyketide	male germ cell nucleus [GO:0001673]	861.77
Polyketide	cytoplasm [GO:0005737]	861.77
Polyketide	centrosome [GO:0005813]	861.77
Polyketide	condensed chromosome [GO:0000793]	861.77
Polyketide	cyclin A1-CDK2 complex [GO:0097123]	861.77
Polyketide	cyclin A2-CDK2 complex [GO:0097124]	861.77
Polyketide	cytosol [GO:0005829]	861.77
Polyketide	X chromosome [GO:0000805]	861.77
Polyketide	chromosome, telomeric region [GO:0000781]	861.77
Polyketide	nucleus [GO:0005634]	861.77
Polyketide	Y chromosome [GO:0000806]	861.77
Polyketide	nuclear envelope [GO:0005635]	861.77
Polyketide	cyclin-dependent protein kinase holoenzyme complex [GO:0000307]	861.77
Polyketide	transcription regulator complex [GO:0005667]	861.77
Polyketide	node of Ranvier [GO:0033268]	422.16
Polyketide	synapse [GO:0045202]	422.16
Polyketide	plasma membrane [GO:0005886]	422.16
Polyketide	axon initial segment [GO:0043194]	422.16
Polyketide	voltage-gated potassium channel complex [GO:0008076]	422.16
Polyketide	chromatin [GO:0000785]	690.23
Polyketide	intracellular membrane-bounded organelle [GO:0043231]	690.23
Polyketide	nucleoplasm [GO:0005654]	690.23
Polyketide	chromosome, subtelomeric region [GO:0099115]	690.23
Polyketide	pericentric heterochromatin [GO:0005721]	690.23
Polyketide	site of double-strand break [GO:0035861]	690.23
Polyketide	nucleus [GO:0005634]	690.23
Polyketide	site of DNA damage [GO:0090734]	690.23
Polyketide	endoplasmic reticulum [GO:0005783]	690.23
Polyketide	node of Ranvier [GO:0033268]	282.89
Polyketide	synapse [GO:0045202]	282.89
Polyketide	plasma membrane [GO:0005886]	282.89
Polyketide	axon initial segment [GO:0043194]	282.89
Polyketide	voltage-gated potassium channel complex [GO:0008076]	282.89
Polyketide	plasma membrane [GO:0005886]	1349.98
Polyketide	DNA-directed RNA polymerase complex [GO:0000428]	1349.98
Polyketide	cytosol [GO:0005829]	1349.98
Polyketide	peptidoglycan-based cell wall [GO:0009274]	1349.98
Polyketide	mitochondrial proton-transporting ATP synthase complex [GO:0005753]	752.47
Polyketide	cytosol [GO:0005829]	752.47
Polyketide	mitochondrial proton-transporting ATP synthase complex, coupling factor F(o) [GO:0000276]	752.47
Polyketide	mitochondrion [GO:0005739]	752.47
Polyketide	mitochondrial intermembrane space [GO:0005758]	752.47
Polyketide	mitochondrial inner membrane [GO:0005743]	752.47
Polyketide	nuclear envelope [GO:0005635]	688.59
Polyketide	perinuclear region of cytoplasm [GO:0048471]	688.59
Polyketide	cytosol [GO:0005829]	688.59
Polyketide	pericentriolar material [GO:0000242]	688.59
Polyketide	Golgi membrane [GO:0000139]	688.59
Polyketide	chromosome, telomeric region [GO:0000781]	688.59
Polyketide	nucleus [GO:0005634]	688.59
Polyketide	cytoplasm [GO:0005737]	688.59
Polyketide	plasma membrane [GO:0005886]	223.89
Polyketide	proton-transporting ATP synthase complex, coupling factor F(o) [GO:0045263]	223.89
Polyketide	cytosol [GO:0005829]	748.41
Polyketide	extracellular exosome [GO:0070062]	748.41
Polyketide	synapse [GO:0045202]	748.41
Polyketide	axon [GO:0030424]	748.41
Polyketide	cytoplasm [GO:0005737]	748.41
Polyketide	phagocytic vesicle membrane [GO:0030670]	0.0
Polyketide	external side of plasma membrane [GO:0009897]	0.0
Polyketide	nuclear envelope [GO:0005635]	634.55
Polyketide	perinuclear region of cytoplasm [GO:0048471]	634.55
Polyketide	cytosol [GO:0005829]	634.55
Polyketide	pericentriolar material [GO:0000242]	634.55
Polyketide	Golgi membrane [GO:0000139]	634.55
Polyketide	chromosome, telomeric region [GO:0000781]	634.55
Polyketide	nucleus [GO:0005634]	634.55
Polyketide	cytoplasm [GO:0005737]	634.55
Polyketide	proton-transporting ATP synthase complex, catalytic core F(1) [GO:0045261]	325.61
Polyketide	apicoplast [GO:0020011]	1008.48
Polyketide	nucleoplasm [GO:0005654]	886.87
Polyketide	nucleus [GO:0005634]	886.87
Polyketide	cytoplasm [GO:0005737]	886.87
Polyketide	nucleolus [GO:0005730]	886.87
Polyketide	dendritic shaft [GO:0043198]	735.26
Polyketide	ribonucleoprotein complex [GO:1990904]	735.26
Polyketide	postsynaptic density [GO:0014069]	735.26
Polyketide	nucleoplasm [GO:0005654]	735.26
Polyketide	microtubule [GO:0005874]	735.26
Polyketide	Wnt signalosome [GO:1990909]	735.26
Polyketide	cytoplasm [GO:0005737]	735.26
Polyketide	neuronal cell body [GO:0043025]	735.26
Polyketide	centrosome [GO:0005813]	735.26
Polyketide	meiotic spindle [GO:0072687]	735.26
Polyketide	Schaffer collateral - CA1 synapse [GO:0098685]	735.26
Polyketide	presynapse [GO:0098793]	735.26
Polyketide	growth cone [GO:0030426]	735.26
Polyketide	dendrite [GO:0030425]	735.26
Polyketide	protein-containing complex [GO:0032991]	735.26
Polyketide	perinuclear region of cytoplasm [GO:0048471]	735.26
Polyketide	cytosol [GO:0005829]	735.26
Polyketide	glutamatergic synapse [GO:0098978]	735.26
Polyketide	membrane [GO:0016020]	735.26
Polyketide	dendritic spine [GO:0043197]	735.26
Polyketide	nucleus [GO:0005634]	735.26
Polyketide	membrane-bounded organelle [GO:0043227]	735.26
Polyketide	plasma membrane [GO:0005886]	735.26
Polyketide	mitochondrion [GO:0005739]	735.26
Polyketide	axon [GO:0030424]	735.26
Polyketide	beta-catenin destruction complex [GO:0030877]	735.26
Polyketide	collagen-containing extracellular matrix [GO:0062023]	1256.62
Polyketide	cytoplasmic stress granule [GO:0010494]	1256.62
Polyketide	lysosome [GO:0005764]	1256.62
Polyketide	azurophil granule lumen [GO:0035578]	1256.62
Polyketide	cytosol [GO:0005829]	1256.62
Polyketide	extracellular exosome [GO:0070062]	1256.62
Polyketide	intracellular membrane-bounded organelle [GO:0043231]	1256.62
Polyketide	plasma membrane [GO:0005886]	1256.62
Polyketide	membrane [GO:0016020]	1256.62
Polyketide	extracellular region [GO:0005576]	1256.62
Polyketide	extracellular space [GO:0005615]	1256.62
Polyketide	secretory granule [GO:0030141]	1256.62
Polyketide	nucleus [GO:0005634]	1256.62
Polyketide	cytoplasm [GO:0005737]	1256.62
Polyketide	nucleus [GO:0005634]	489.53
Polyketide	nucleoplasm [GO:0005654]	822.95
Polyketide	chromatin [GO:0000785]	822.95
Polyketide	cytoplasmic side of endoplasmic reticulum membrane [GO:0098554]	602.86
Polyketide	protein-containing complex [GO:0032991]	602.86
Polyketide	endoplasmic reticulum [GO:0005783]	602.86
Polyketide	sorting endosome [GO:0097443]	602.86
Polyketide	endosome lumen [GO:0031904]	602.86
Polyketide	early endosome [GO:0005769]	602.86
Polyketide	cytosol [GO:0005829]	602.86
Polyketide	mitochondrial crista [GO:0030061]	602.86
Polyketide	mitochondrial matrix [GO:0005759]	602.86
Polyketide	cytoplasm [GO:0005737]	602.86
Polyketide	transcription repressor complex [GO:0017053]	1006.88
Polyketide	nucleoplasm [GO:0005654]	1006.88
Polyketide	nucleus [GO:0005634]	1006.88
Polyketide	mitochondrial envelope [GO:0005740]	616.23
Polyketide	mitochondrial outer membrane [GO:0005741]	616.23
Polyketide	mitochondrion [GO:0005739]	616.23
Polyketide	cytoplasm [GO:0005737]	467.4
Polyketide	host cell nucleus [GO:0042025]	1249.19
Polyketide	viral envelope [GO:0019031]	1249.19
Polyketide	host cell plasma membrane [GO:0020002]	1249.19
Polyketide	host cell lipid droplet [GO:0044186]	1249.19
Polyketide	host cell endoplasmic reticulum membrane [GO:0044167]	1249.19
Polyketide	host cell mitochondrial membrane [GO:0044191]	1249.19
Polyketide	ribonucleoprotein complex [GO:1990904]	1249.19
Polyketide	membrane [GO:0016020]	1249.19
Polyketide	viral nucleocapsid [GO:0019013]	1249.19
Polyketide	virion membrane [GO:0055036]	1249.19
Polyketide	host cell perinuclear region of cytoplasm [GO:0044220]	1249.19
Polyketide	ATP-binding cassette (ABC) transporter complex [GO:0043190]	559.52
Polyketide	extracellular space [GO:0005615]	292.38
Polyketide	azurophil granule lumen [GO:0035578]	292.38
Polyketide	extracellular region [GO:0005576]	292.38
Polyketide	extracellular exosome [GO:0070062]	292.38
Polyketide	extracellular region [GO:0005576]	164.66
Polyketide	extracellular exosome [GO:0070062]	164.66
Polyketide	azurophil granule lumen [GO:0035578]	164.66
Polyketide	extracellular space [GO:0005615]	164.66
Polyketide	cell body [GO:0044297]	60.72
Polyketide	actin filament [GO:0005884]	60.72
Polyketide	skeletal muscle myofibril [GO:0098723]	60.72
Polyketide	stress fiber [GO:0001725]	60.72
Polyketide	filamentous actin [GO:0031941]	60.72
Polyketide	actin filament bundle [GO:0032432]	60.72
Polyketide	lamellipodium [GO:0030027]	60.72
Polyketide	striated muscle thin filament [GO:0005865]	60.72
Polyketide	cytoplasm [GO:0005737]	60.72
Polyketide	filopodium [GO:0030175]	60.72
Polyketide	extracellular space [GO:0005615]	375.92
Polyketide	azurophil granule lumen [GO:0035578]	375.92
Polyketide	extracellular region [GO:0005576]	375.92
Polyketide	extracellular exosome [GO:0070062]	375.92
Polyketide	nucleoplasm [GO:0005654]	643.62
Polyketide	chromatin [GO:0000785]	643.62
Polyketide	host cell nucleus [GO:0042025]	923.3
Polyketide	host cell endoplasmic reticulum membrane [GO:0044167]	923.3
Polyketide	host cell endoplasmic reticulum-Golgi intermediate compartment [GO:0044172]	923.3
Polyketide	host cell Golgi apparatus [GO:0044177]	923.3
Polyketide	host cell endosome [GO:0044174]	923.3
Polyketide	membrane [GO:0016020]	923.3
Polyketide	double membrane vesicle viral factory outer membrane [GO:0062243]	923.3
Polyketide	host cell perinuclear region of cytoplasm [GO:0044220]	923.3
Polyketide	plasma membrane [GO:0005886]	1129.4
Polyketide	periplasmic side of plasma membrane [GO:0098567]	1129.4
Polyketide	membrane [GO:0016020]	1129.4
Polyketide	outer membrane-bounded periplasmic space [GO:0030288]	1129.4
Polyketide	efflux pump complex [GO:1990281]	1129.4
Polyketide	extracellular space [GO:0005615]	201.32
Polyketide	azurophil granule lumen [GO:0035578]	201.32
Polyketide	extracellular region [GO:0005576]	201.32
Polyketide	extracellular exosome [GO:0070062]	201.32
Polyketide	extracellular space [GO:0005615]	405.78
Polyketide	azurophil granule lumen [GO:0035578]	405.78
Polyketide	extracellular region [GO:0005576]	405.78
Polyketide	extracellular exosome [GO:0070062]	405.78
Polyketide	extracellular space [GO:0005615]	0.0
Polyketide	azurophil granule lumen [GO:0035578]	0.0
Polyketide	extracellular region [GO:0005576]	0.0
Polyketide	extracellular exosome [GO:0070062]	0.0
Polyketide	sarcoplasmic reticulum membrane [GO:0033017]	894.87
Polyketide	cytoplasmic side of membrane [GO:0098562]	894.87
Polyketide	cytosol [GO:0005829]	894.87
Polyketide	Z disc [GO:0030018]	894.87
Polyketide	sarcoplasmic reticulum [GO:0016529]	894.87
Polyketide	terminal cisterna [GO:0014802]	894.87
Polyketide	membrane [GO:0016020]	894.87
Polyketide	ryanodine receptor complex [GO:1990425]	894.87
Polyketide	cytoplasm [GO:0005737]	894.87
Polyketide	cell body [GO:0044297]	726.47
Polyketide	actin filament [GO:0005884]	726.47
Polyketide	skeletal muscle myofibril [GO:0098723]	726.47
Polyketide	stress fiber [GO:0001725]	726.47
Polyketide	filamentous actin [GO:0031941]	726.47
Polyketide	actin filament bundle [GO:0032432]	726.47
Polyketide	lamellipodium [GO:0030027]	726.47
Polyketide	striated muscle thin filament [GO:0005865]	726.47
Polyketide	cytoplasm [GO:0005737]	726.47
Polyketide	filopodium [GO:0030175]	726.47
Polyketide	endoplasmic reticulum [GO:0005783]	472.59
Polyketide	AIP1-IRE1 complex [GO:1990597]	472.59
Polyketide	nuclear inner membrane [GO:0005637]	472.59
Polyketide	endoplasmic reticulum membrane [GO:0005789]	472.59
Polyketide	mitochondrion [GO:0005739]	472.59
Polyketide	IRE1-RACK1-PP2A complex [GO:1990630]	472.59
Polyketide	cytoplasm [GO:0005737]	472.59
Polyketide	IRE1-TRAF2-ASK1 complex [GO:1990604]	472.59
Polyketide	nucleus [GO:0005634]	829.3
Polyketide	nucleus [GO:0005634]	921.73
Polyketide	cytoplasm [GO:0005737]	921.73
Polyketide	cytosol [GO:0005829]	921.73
Polyketide	sarcoplasmic reticulum membrane [GO:0033017]	831.9
Polyketide	cytoplasmic side of membrane [GO:0098562]	831.9
Polyketide	cytosol [GO:0005829]	831.9
Polyketide	Z disc [GO:0030018]	831.9
Polyketide	sarcoplasmic reticulum [GO:0016529]	831.9
Polyketide	terminal cisterna [GO:0014802]	831.9
Polyketide	membrane [GO:0016020]	831.9
Polyketide	ryanodine receptor complex [GO:1990425]	831.9
Polyketide	cytoplasm [GO:0005737]	831.9
Polyketide	nuclear periphery [GO:0034399]	104.08
Polyketide	main axon [GO:0044304]	104.08
Polyketide	neurofibrillary tangle [GO:0097418]	104.08
Polyketide	neuron projection [GO:0043005]	104.08
Polyketide	somatodendritic compartment [GO:0036477]	104.08
Polyketide	microtubule [GO:0005874]	104.08
Polyketide	cytoplasm [GO:0005737]	104.08
Polyketide	neuronal cell body [GO:0043025]	104.08
Polyketide	cell body [GO:0044297]	104.08
Polyketide	nuclear speck [GO:0016607]	104.08
Polyketide	growth cone [GO:0030426]	104.08
Polyketide	membrane raft [GO:0045121]	104.08
Polyketide	dendrite [GO:0030425]	104.08
Polyketide	tubulin complex [GO:0045298]	104.08
Polyketide	microtubule cytoskeleton [GO:0015630]	104.08
Polyketide	cytosol [GO:0005829]	104.08
Polyketide	axolemma [GO:0030673]	104.08
Polyketide	glial cell projection [GO:0097386]	104.08
Polyketide	dendritic spine [GO:0043197]	104.08
Polyketide	extracellular region [GO:0005576]	104.08
Polyketide	cytoplasmic ribonucleoprotein granule [GO:0036464]	104.08
Polyketide	nucleus [GO:0005634]	104.08
Polyketide	axon cytoplasm [GO:1904115]	104.08
Polyketide	plasma membrane [GO:0005886]	104.08
Polyketide	mitochondrion [GO:0005739]	104.08
Polyketide	axon [GO:0030424]	104.08
Polyketide	RSC-type complex [GO:0016586]	440.06
Polyketide	kinetochore [GO:0000776]	440.06
Polyketide	SWI/SNF complex [GO:0016514]	440.06
Polyketide	nucleoplasm [GO:0005654]	440.06
Polyketide	nuclear matrix [GO:0016363]	440.06
Polyketide	chromatin [GO:0000785]	440.06
Polyketide	nuclear chromosome [GO:0000228]	440.06
Polyketide	nucleus [GO:0005634]	440.06
Polyketide	transporter complex [GO:1990351]	766.84
Polyketide	plasma membrane [GO:0005886]	766.84
Polyketide	membrane [GO:0016020]	766.84
Polyketide	ATP-binding cassette (ABC) transporter complex [GO:0043190]	766.84
Polyketide	cytoplasm [GO:0005737]	766.84
Polyketide	membrane [GO:0016020]	397.24
Polyketide	cytosol [GO:0005829]	782.03
Polyketide	plasma membrane [GO:0005886]	782.03
Polyketide	peptidoglycan-based cell wall [GO:0009274]	782.03
Polyketide	node of Ranvier [GO:0033268]	587.2
Polyketide	synapse [GO:0045202]	587.2
Polyketide	plasma membrane [GO:0005886]	587.2
Polyketide	axon initial segment [GO:0043194]	587.2
Polyketide	voltage-gated potassium channel complex [GO:0008076]	587.2
Polyketide	membrane [GO:0016020]	997.95
Polyketide	node of Ranvier [GO:0033268]	255.91
Polyketide	synapse [GO:0045202]	255.91
Polyketide	plasma membrane [GO:0005886]	255.91
Polyketide	axon initial segment [GO:0043194]	255.91
Polyketide	voltage-gated potassium channel complex [GO:0008076]	255.91
Polyketide	extracellular region [GO:0005576]	1578.16
Polyketide	nucleoplasm [GO:0005654]	1008.04
Polyketide	mitochondrial respiratory chain complex I [GO:0005747]	1008.04
Polyketide	cytoplasm [GO:0005737]	530.17
Polyketide	extracellular space [GO:0005615]	454.72
Polyketide	azurophil granule lumen [GO:0035578]	454.72
Polyketide	extracellular region [GO:0005576]	454.72
Polyketide	extracellular exosome [GO:0070062]	454.72
Polyketide	histone deacetylase complex [GO:0000118]	897.64
Polyketide	protein-containing complex [GO:0032991]	486.29
Polyketide	cytosol [GO:0005829]	486.29
Polyketide	nucleoplasm [GO:0005654]	486.29
Polyketide	membrane [GO:0016020]	486.29
Polyketide	plasma membrane [GO:0005886]	486.29
Polyketide	euchromatin [GO:0000791]	486.29
Polyketide	chromatin [GO:0000785]	486.29
Polyketide	transcription regulator complex [GO:0005667]	486.29
Polyketide	nucleus [GO:0005634]	486.29
Polyketide	cytoplasm [GO:0005737]	486.29
Polyketide	Golgi apparatus [GO:0005794]	486.29
Polyketide	membrane [GO:0016020]	960.67
Polyketide	protein-containing complex [GO:0032991]	549.09
Polyketide	cytosol [GO:0005829]	549.09
Polyketide	nucleoplasm [GO:0005654]	549.09
Polyketide	membrane [GO:0016020]	549.09
Polyketide	plasma membrane [GO:0005886]	549.09
Polyketide	euchromatin [GO:0000791]	549.09
Polyketide	chromatin [GO:0000785]	549.09
Polyketide	transcription regulator complex [GO:0005667]	549.09
Polyketide	nucleus [GO:0005634]	549.09
Polyketide	cytoplasm [GO:0005737]	549.09
Polyketide	Golgi apparatus [GO:0005794]	549.09
Polyketide	cytoplasm [GO:0005737]	928.16
Polyketide	Sin3-type complex [GO:0070822]	677.64
Polyketide	cytosol [GO:0005829]	677.64
Polyketide	plasma membrane [GO:0005886]	677.64
Polyketide	nucleoplasm [GO:0005654]	677.64
Polyketide	protein kinase CK2 complex [GO:0005956]	677.64
Polyketide	nucleus [GO:0005634]	677.64
Polyketide	PML body [GO:0016605]	677.64
Polyketide	cytoplasm [GO:0005737]	426.11
Polyketide	protein-containing complex [GO:0032991]	901.39
Polyketide	cell body [GO:0044297]	901.39
Polyketide	actin filament [GO:0005884]	901.39
Polyketide	stress fiber [GO:0001725]	901.39
Polyketide	lamellipodium [GO:0030027]	901.39
Polyketide	actin cytoskeleton [GO:0015629]	901.39
Polyketide	striated muscle thin filament [GO:0005865]	901.39
Polyketide	sarcomere [GO:0030017]	901.39
Polyketide	cytoplasm [GO:0005737]	901.39
Polyketide	filopodium [GO:0030175]	901.39
Polyketide	microtubule [GO:0005874]	1170.55
Polyketide	cytoplasm [GO:0005737]	1170.55
Polyketide	bicellular tight junction [GO:0005923]	384.27
Polyketide	cytosol [GO:0005829]	384.27
Polyketide	Golgi membrane [GO:0000139]	384.27
Polyketide	plasma membrane [GO:0005886]	384.27
Polyketide	membrane [GO:0016020]	384.27
Polyketide	growth cone [GO:0030426]	384.27
Polyketide	adherens junction [GO:0005912]	384.27
Polyketide	cytoplasm [GO:0005737]	384.27
Polyketide	nuclear chromosome [GO:0000228]	155.45
Polyketide	histone deacetylase complex [GO:0000118]	155.45
Polyketide	cytoplasm [GO:0005737]	155.45
Polyketide	nucleoplasm [GO:0005654]	155.45
Polyketide	nucleus [GO:0005634]	155.45
Polyketide	protein-containing complex [GO:0032991]	454.97
Polyketide	cytosol [GO:0005829]	454.97
Polyketide	nucleoplasm [GO:0005654]	454.97
Polyketide	membrane [GO:0016020]	454.97
Polyketide	plasma membrane [GO:0005886]	454.97
Polyketide	euchromatin [GO:0000791]	454.97
Polyketide	chromatin [GO:0000785]	454.97
Polyketide	transcription regulator complex [GO:0005667]	454.97
Polyketide	nucleus [GO:0005634]	454.97
Polyketide	cytoplasm [GO:0005737]	454.97
Polyketide	Golgi apparatus [GO:0005794]	454.97
Polyketide	collagen-containing extracellular matrix [GO:0062023]	1383.52
Polyketide	lysosomal lumen [GO:0043202]	1383.52
Polyketide	lysosome [GO:0005764]	1383.52
Polyketide	tertiary granule lumen [GO:1904724]	1383.52
Polyketide	ficolin-1-rich granule lumen [GO:1904813]	1383.52
Polyketide	endolysosome lumen [GO:0036021]	1383.52
Polyketide	intracellular membrane-bounded organelle [GO:0043231]	1383.52
Polyketide	extracellular region [GO:0005576]	1383.52
Polyketide	extracellular space [GO:0005615]	1383.52
Polyketide	late endosome [GO:0005770]	1383.52
Polyketide	phagocytic vesicle [GO:0045335]	1383.52
Polyketide	protein-containing complex [GO:0032991]	916.62
Polyketide	endocytic vesicle membrane [GO:0030666]	916.62
Polyketide	cytosol [GO:0005829]	916.62
Polyketide	transcription repressor complex [GO:0017053]	916.62
Polyketide	nucleoplasm [GO:0005654]	916.62
Polyketide	plasma membrane [GO:0005886]	916.62
Polyketide	nucleus [GO:0005634]	916.62
Polyketide	cytoplasm [GO:0005737]	916.62
Polyketide	nucleolus [GO:0005730]	916.62
Polyketide	nucleoid [GO:0009295]	331.78
Polyketide	periplasmic space [GO:0042597]	580.46
Polyketide	protein-containing complex [GO:0032991]	888.35
Polyketide	cytosol [GO:0005829]	888.35
Polyketide	nucleoplasm [GO:0005654]	888.35
Polyketide	membrane [GO:0016020]	888.35
Polyketide	plasma membrane [GO:0005886]	888.35
Polyketide	euchromatin [GO:0000791]	888.35
Polyketide	chromatin [GO:0000785]	888.35
Polyketide	transcription regulator complex [GO:0005667]	888.35
Polyketide	nucleus [GO:0005634]	888.35
Polyketide	cytoplasm [GO:0005737]	888.35
Polyketide	Golgi apparatus [GO:0005794]	888.35
Polyketide	membrane [GO:0016020]	1651.02
Polyketide	clathrin-sculpted monoamine transport vesicle membrane [GO:0070083]	1651.02
Polyketide	terminal bouton [GO:0043195]	1651.02
Polyketide	centrosome [GO:0005813]	1651.02
Polyketide	plasma membrane [GO:0005886]	1651.02
Polyketide	intracellular membrane-bounded organelle [GO:0043231]	1651.02
Polyketide	dendrite [GO:0030425]	1651.02
Polyketide	dopaminergic synapse [GO:0098691]	1651.02
Polyketide	secretory granule membrane [GO:0030667]	1651.02
Polyketide	synaptic vesicle membrane [GO:0030672]	1651.02
Polyketide	axon [GO:0030424]	1651.02
Polyketide	synaptic vesicle [GO:0008021]	1651.02
Polyketide	extracellular space [GO:0005615]	88.44
Polyketide	azurophil granule lumen [GO:0035578]	88.44
Polyketide	extracellular region [GO:0005576]	88.44
Polyketide	extracellular exosome [GO:0070062]	88.44
Polyketide	DNA-directed RNA polymerase complex [GO:0000428]	642.7
Polyketide	voltage-gated potassium channel complex [GO:0008076]	477.46
Polyketide	endoplasmic reticulum [GO:0005783]	477.46
Polyketide	cell surface [GO:0009986]	477.46
Polyketide	apical plasma membrane [GO:0016324]	477.46
Polyketide	plasma membrane [GO:0005886]	477.46
Polyketide	endoplasmic reticulum membrane [GO:0005789]	477.46
Polyketide	astrocyte projection [GO:0097449]	477.46
Polyketide	calyx of Held [GO:0044305]	477.46
Polyketide	neuronal cell body [GO:0043025]	477.46
Polyketide	extracellular space [GO:0005615]	346.9
Polyketide	azurophil granule lumen [GO:0035578]	346.9
Polyketide	extracellular region [GO:0005576]	346.9
Polyketide	extracellular exosome [GO:0070062]	346.9
Polyketide	chloride channel complex [GO:0034707]	671.49
Polyketide	postsynaptic membrane [GO:0045211]	671.49
Polyketide	perikaryon [GO:0043204]	671.49
Polyketide	membrane [GO:0016020]	671.49
Polyketide	plasma membrane [GO:0005886]	671.49
Polyketide	dendrite [GO:0030425]	671.49
Polyketide	neuron projection [GO:0043005]	671.49
Polyketide	synapse [GO:0045202]	671.49
Polyketide	cytoplasm [GO:0005737]	1332.03
Polyketide	cytoplasm [GO:0005737]	434.98
Polyketide	vesicle [GO:0031982]	638.14
Polyketide	cytoplasm [GO:0005737]	638.14
Polyketide	secretory granule lumen [GO:0034774]	638.14
Polyketide	cytosol [GO:0005829]	638.14
Polyketide	ficolin-1-rich granule lumen [GO:1904813]	638.14
Polyketide	extracellular exosome [GO:0070062]	638.14
Polyketide	nucleoplasm [GO:0005654]	638.14
Polyketide	plasma membrane [GO:0005886]	638.14
Polyketide	extracellular region [GO:0005576]	638.14
Polyketide	extracellular space [GO:0005615]	638.14
Polyketide	cell surface [GO:0009986]	638.14
Polyketide	nuclear speck [GO:0016607]	1214.97
Polyketide	dendrite [GO:0030425]	1214.97
Polyketide	cytoplasm [GO:0005737]	1214.97
Polyketide	nucleoplasm [GO:0005654]	1214.97
Polyketide	cytoskeleton [GO:0005856]	1214.97
Polyketide	axon [GO:0030424]	1214.97
Polyketide	ribonucleoprotein complex [GO:1990904]	1214.97
Polyketide	nucleus [GO:0005634]	1214.97
Polyketide	protein-containing complex [GO:0032991]	485.13
Polyketide	cytosol [GO:0005829]	485.13
Polyketide	nucleoplasm [GO:0005654]	485.13
Polyketide	membrane [GO:0016020]	485.13
Polyketide	plasma membrane [GO:0005886]	485.13
Polyketide	euchromatin [GO:0000791]	485.13
Polyketide	chromatin [GO:0000785]	485.13
Polyketide	transcription regulator complex [GO:0005667]	485.13
Polyketide	nucleus [GO:0005634]	485.13
Polyketide	cytoplasm [GO:0005737]	485.13
Polyketide	Golgi apparatus [GO:0005794]	485.13
Polyketide	endoplasmic reticulum lumen [GO:0005788]	835.2
Polyketide	protein-containing complex [GO:0032991]	835.2
Polyketide	endoplasmic reticulum [GO:0005783]	835.2
Polyketide	extracellular exosome [GO:0070062]	835.2
Polyketide	blood microparticle [GO:0072562]	835.2
Polyketide	platelet alpha granule lumen [GO:0031093]	835.2
Polyketide	extracellular region [GO:0005576]	835.2
Polyketide	extracellular space [GO:0005615]	835.2
Polyketide	nucleus [GO:0005634]	835.2
Polyketide	cytoplasm [GO:0005737]	835.2
Polyketide	Golgi apparatus [GO:0005794]	835.2
Polyketide	DNA-directed RNA polymerase complex [GO:0000428]	947.37
Polyketide	calcium channel complex [GO:0034704]	1016.63
Polyketide	voltage-gated calcium channel complex [GO:0005891]	1016.63
Polyketide	perinuclear region of cytoplasm [GO:0048471]	1016.63
Polyketide	apical plasma membrane [GO:0016324]	1016.63
Polyketide	cytosol [GO:0005829]	1016.63
Polyketide	plasma membrane [GO:0005886]	1016.63
Polyketide	membrane [GO:0016020]	1016.63
Polyketide	nucleus [GO:0005634]	1016.63
Polyketide	microtubule organizing center [GO:0005815]	1016.63
Polyketide	nuclear chromosome [GO:0000228]	188.83
Polyketide	histone deacetylase complex [GO:0000118]	188.83
Polyketide	cytoplasm [GO:0005737]	188.83
Polyketide	nucleoplasm [GO:0005654]	188.83
Polyketide	nucleus [GO:0005634]	188.83
Polyketide	dendrite [GO:0030425]	923.66
Polyketide	chloride channel complex [GO:0034707]	923.66
Polyketide	neuron projection [GO:0043005]	923.66
Polyketide	plasma membrane [GO:0005886]	923.66
Polyketide	membrane [GO:0016020]	923.66
Polyketide	postsynaptic membrane [GO:0045211]	923.66
Polyketide	synapse [GO:0045202]	923.66
Polyketide	perikaryon [GO:0043204]	923.66
Polyketide	epidermal lamellar body [GO:0097209]	446.39
Polyketide	extracellular region [GO:0005576]	446.39
Polyketide	extracellular space [GO:0005615]	446.39
Polyketide	secretory granule [GO:0030141]	446.39
Polyketide	cornified envelope [GO:0001533]	446.39
Polyketide	periplasmic space [GO:0042597]	795.6
Polyketide	dendrite [GO:0030425]	227.3
Polyketide	cytosol [GO:0005829]	227.3
Polyketide	synapse [GO:0045202]	227.3
Polyketide	nucleus [GO:0005634]	227.3
Polyketide	cytoplasm [GO:0005737]	227.3
Polyketide	neuronal cell body [GO:0043025]	227.3
Polyketide	plasma membrane [GO:0005886]	351.82
Polyketide	periplasmic space [GO:0042597]	770.93
Polyketide	membrane [GO:0016020]	1295.58
Polyketide	endoplasmic reticulum [GO:0005783]	1295.58
Polyketide	endoplasmic reticulum membrane [GO:0005789]	1295.58
Polyketide	protein-containing complex [GO:0032991]	358.57
Polyketide	centrosome [GO:0005813]	358.57
Polyketide	perinuclear region of cytoplasm [GO:0048471]	358.57
Polyketide	cytosol [GO:0005829]	358.57
Polyketide	extracellular exosome [GO:0070062]	358.57
Polyketide	photoreceptor outer segment [GO:0001750]	358.57
Polyketide	ciliary basal body [GO:0036064]	358.57
Polyketide	photoreceptor inner segment [GO:0001917]	358.57
Polyketide	centriole [GO:0005814]	358.57
Polyketide	microtubule organizing center [GO:0005815]	358.57
Polyketide	cytoplasm [GO:0005737]	1145.34
Polyketide	mitochondrial proton-transporting ATP synthase, catalytic core [GO:0005754]	553.16
Polyketide	proton-transporting ATP synthase complex, catalytic core F(1) [GO:0045261]	553.16
Polyketide	mitochondrial proton-transporting ATP synthase complex [GO:0005753]	553.16
Polyketide	cytosol [GO:0005829]	553.16
Polyketide	mitochondrial nucleoid [GO:0042645]	553.16
Polyketide	mitochondrion [GO:0005739]	553.16
Polyketide	mitochondrial intermembrane space [GO:0005758]	553.16
Polyketide	mitochondrial inner membrane [GO:0005743]	553.16
Polyketide	sarcoplasmic reticulum membrane [GO:0033017]	728.07
Polyketide	cytoplasmic side of membrane [GO:0098562]	728.07
Polyketide	cytosol [GO:0005829]	728.07
Polyketide	Z disc [GO:0030018]	728.07
Polyketide	sarcoplasmic reticulum [GO:0016529]	728.07
Polyketide	terminal cisterna [GO:0014802]	728.07
Polyketide	membrane [GO:0016020]	728.07
Polyketide	ryanodine receptor complex [GO:1990425]	728.07
Polyketide	cytoplasm [GO:0005737]	728.07
Polyketide	protein-containing complex [GO:0032991]	690.93
Polyketide	cytosol [GO:0005829]	690.93
Polyketide	nucleoplasm [GO:0005654]	690.93
Polyketide	membrane [GO:0016020]	690.93
Polyketide	plasma membrane [GO:0005886]	690.93
Polyketide	euchromatin [GO:0000791]	690.93
Polyketide	chromatin [GO:0000785]	690.93
Polyketide	transcription regulator complex [GO:0005667]	690.93
Polyketide	nucleus [GO:0005634]	690.93
Polyketide	cytoplasm [GO:0005737]	690.93
Polyketide	Golgi apparatus [GO:0005794]	690.93
Polyketide	chloroplast stroma [GO:0009570]	663.76
Polyketide	endoplasmic reticulum [GO:0005783]	663.76
Polyketide	chloroplast [GO:0009507]	663.76
Polyketide	cytosol [GO:0005829]	663.76
Polyketide	intracellular membrane-bounded organelle [GO:0043231]	663.76
Polyketide	plasma membrane [GO:0005886]	663.76
Polyketide	apoplast [GO:0048046]	663.76
Polyketide	plasmodesma [GO:0009506]	663.76
Polyketide	plant-type vacuole [GO:0000325]	663.76
Polyketide	sarcoplasmic reticulum membrane [GO:0033017]	916.23
Polyketide	cytoplasmic side of membrane [GO:0098562]	916.23
Polyketide	cytosol [GO:0005829]	916.23
Polyketide	Z disc [GO:0030018]	916.23
Polyketide	sarcoplasmic reticulum [GO:0016529]	916.23
Polyketide	extracellular exosome [GO:0070062]	916.23
Polyketide	membrane [GO:0016020]	916.23
Polyketide	ryanodine receptor complex [GO:1990425]	916.23
Polyketide	cytoplasm [GO:0005737]	916.23
Polyketide	neuron projection [GO:0043005]	556.01
Polyketide	synapse [GO:0045202]	556.01
Polyketide	postsynaptic membrane [GO:0045211]	556.01
Polyketide	protein-containing complex [GO:0032991]	548.3
Polyketide	cytosol [GO:0005829]	548.3
Polyketide	nucleoplasm [GO:0005654]	548.3
Polyketide	membrane [GO:0016020]	548.3
Polyketide	plasma membrane [GO:0005886]	548.3
Polyketide	euchromatin [GO:0000791]	548.3
Polyketide	chromatin [GO:0000785]	548.3
Polyketide	transcription regulator complex [GO:0005667]	548.3
Polyketide	nucleus [GO:0005634]	548.3
Polyketide	cytoplasm [GO:0005737]	548.3
Polyketide	Golgi apparatus [GO:0005794]	548.3
Polyketide	plasma membrane [GO:0005886]	445.79
Polyketide	proton-transporting ATP synthase complex, coupling factor F(o) [GO:0045263]	445.79
Polyketide	plasma membrane [GO:0005886]	332.8
Polyketide	extracellular space [GO:0005615]	147.0
Polyketide	azurophil granule lumen [GO:0035578]	147.0
Polyketide	extracellular region [GO:0005576]	147.0
Polyketide	extracellular exosome [GO:0070062]	147.0
Polyketide	protein-DNA complex [GO:0032993]	773.66
Polyketide	nucleoplasm [GO:0005654]	562.14
Polyketide	cytosol [GO:0005829]	562.14
Polyketide	extracellular exosome [GO:0070062]	562.14
Polyketide	fungal biofilm matrix [GO:0062040]	86.18
Polyketide	cytoplasm [GO:0005737]	86.18
Polyketide	extracellular region [GO:0005576]	86.18
Polyketide	host cell nucleus [GO:0042025]	847.17
Polyketide	viral envelope [GO:0019031]	847.17
Polyketide	host cell plasma membrane [GO:0020002]	847.17
Polyketide	host cell lipid droplet [GO:0044186]	847.17
Polyketide	host cell endoplasmic reticulum membrane [GO:0044167]	847.17
Polyketide	host cell mitochondrial membrane [GO:0044191]	847.17
Polyketide	ribonucleoprotein complex [GO:1990904]	847.17
Polyketide	membrane [GO:0016020]	847.17
Polyketide	viral nucleocapsid [GO:0019013]	847.17
Polyketide	virion membrane [GO:0055036]	847.17
Polyketide	host cell perinuclear region of cytoplasm [GO:0044220]	847.17
Polyketide	protein-containing complex [GO:0032991]	913.2
Polyketide	cytosol [GO:0005829]	913.2
Polyketide	nucleoplasm [GO:0005654]	913.2
Polyketide	membrane [GO:0016020]	913.2
Polyketide	plasma membrane [GO:0005886]	913.2
Polyketide	euchromatin [GO:0000791]	913.2
Polyketide	chromatin [GO:0000785]	913.2
Polyketide	transcription regulator complex [GO:0005667]	913.2
Polyketide	nucleus [GO:0005634]	913.2
Polyketide	cytoplasm [GO:0005737]	913.2
Polyketide	Golgi apparatus [GO:0005794]	913.2
Polyketide	extracellular space [GO:0005615]	332.59
Polyketide	azurophil granule lumen [GO:0035578]	332.59
Polyketide	extracellular region [GO:0005576]	332.59
Polyketide	extracellular exosome [GO:0070062]	332.59
Polyketide	extracellular space [GO:0005615]	951.49
Polyketide	host cell nucleus [GO:0042025]	489.69
Polyketide	host cell plasma membrane [GO:0020002]	489.69
Polyketide	membrane [GO:0016020]	489.69
Polyketide	viral nucleocapsid [GO:0019013]	489.69
Polyketide	host multivesicular body [GO:0072494]	489.69
Polyketide	virion membrane [GO:0055036]	489.69
Polyketide	tertiary granule lumen [GO:1904724]	363.35
Polyketide	cytosol [GO:0005829]	363.35
Polyketide	ficolin-1-rich granule lumen [GO:1904813]	363.35
Polyketide	extracellular exosome [GO:0070062]	363.35
Polyketide	nucleoplasm [GO:0005654]	363.35
Polyketide	extracellular region [GO:0005576]	363.35
Polyketide	nucleus [GO:0005634]	363.35
Polyketide	chromosome [GO:0005694]	851.46
Polyketide	nuclear chromosome [GO:0000228]	817.94
Polyketide	histone deacetylase complex [GO:0000118]	817.94
Polyketide	cytoplasm [GO:0005737]	817.94
Polyketide	nucleoplasm [GO:0005654]	817.94
Polyketide	nucleus [GO:0005634]	817.94
Polyketide	extracellular space [GO:0005615]	446.65
Polyketide	azurophil granule lumen [GO:0035578]	446.65
Polyketide	extracellular region [GO:0005576]	446.65
Polyketide	extracellular exosome [GO:0070062]	446.65
Polyketide	fibrillar center [GO:0001650]	1062.92
Polyketide	nuclear inner membrane [GO:0005637]	1062.92
Polyketide	heterochromatin [GO:0000792]	1062.92
Polyketide	nuclear envelope [GO:0005635]	1062.92
Polyketide	PML body [GO:0016605]	1062.92
Polyketide	cytosol [GO:0005829]	1062.92
Polyketide	eNoSc complex [GO:0061773]	1062.92
Polyketide	rDNA heterochromatin [GO:0033553]	1062.92
Polyketide	nucleoplasm [GO:0005654]	1062.92
Polyketide	mitochondrion [GO:0005739]	1062.92
Polyketide	euchromatin [GO:0000791]	1062.92
Polyketide	chromatin [GO:0000785]	1062.92
Polyketide	chromatin silencing complex [GO:0005677]	1062.92
Polyketide	nucleus [GO:0005634]	1062.92
Polyketide	cytoplasm [GO:0005737]	1062.92
Polyketide	nucleolus [GO:0005730]	1062.92
Polyketide	mitochondrial respiratory chain complex I [GO:0005747]	766.32
Polyketide	mitochondrial inner membrane [GO:0005743]	766.32
Polyketide	extracellular space [GO:0005615]	0.0
Polyketide	extracellular region [GO:0005576]	0.0
Polyketide	efflux pump complex [GO:1990281]	1883.31
Polyketide	outer membrane-bounded periplasmic space [GO:0030288]	1883.31
Polyketide	periplasmic side of plasma membrane [GO:0098567]	1883.31
Polyketide	plasma membrane [GO:0005886]	1883.31
Polyketide	membrane [GO:0016020]	1883.31
Polyketide	mitochondrial proton-transporting ATP synthase complex [GO:0005753]	0.0
Polyketide	cytosol [GO:0005829]	0.0
Polyketide	mitochondrial proton-transporting ATP synthase complex, coupling factor F(o) [GO:0000276]	0.0
Polyketide	mitochondrion [GO:0005739]	0.0
Polyketide	mitochondrial intermembrane space [GO:0005758]	0.0
Polyketide	mitochondrial inner membrane [GO:0005743]	0.0
Polyketide	chromosome [GO:0005694]	465.95
Polyketide	cytoplasm [GO:0005737]	465.95
Polyketide	skeletal muscle myofibril [GO:0098723]	0.0
Polyketide	lamellipodium [GO:0030027]	0.0
Polyketide	cytoplasm [GO:0005737]	0.0
Polyketide	actin filament bundle [GO:0032432]	0.0
Polyketide	stress fiber [GO:0001725]	0.0
Polyketide	actin filament [GO:0005884]	0.0
Polyketide	filamentous actin [GO:0031941]	0.0
Polyketide	cell body [GO:0044297]	0.0
Polyketide	striated muscle thin filament [GO:0005865]	0.0
Polyketide	filopodium [GO:0030175]	0.0
Polyketide	microtubule [GO:0005874]	677.6
Polyketide	cytoplasm [GO:0005737]	677.6
Polyketide	microtubule cytoskeleton [GO:0015630]	677.6
Polyketide	protein-containing complex [GO:0032991]	832.85
Polyketide	cytosol [GO:0005829]	832.85
Polyketide	nucleoplasm [GO:0005654]	832.85
Polyketide	membrane [GO:0016020]	832.85
Polyketide	plasma membrane [GO:0005886]	832.85
Polyketide	euchromatin [GO:0000791]	832.85
Polyketide	chromatin [GO:0000785]	832.85
Polyketide	transcription regulator complex [GO:0005667]	832.85
Polyketide	nucleus [GO:0005634]	832.85
Polyketide	cytoplasm [GO:0005737]	832.85
Polyketide	Golgi apparatus [GO:0005794]	832.85
Polyketide	protein-containing complex [GO:0032991]	509.5
Polyketide	cytosol [GO:0005829]	509.5
Polyketide	nucleoplasm [GO:0005654]	509.5
Polyketide	membrane [GO:0016020]	509.5
Polyketide	plasma membrane [GO:0005886]	509.5
Polyketide	euchromatin [GO:0000791]	509.5
Polyketide	chromatin [GO:0000785]	509.5
Polyketide	transcription regulator complex [GO:0005667]	509.5
Polyketide	nucleus [GO:0005634]	509.5
Polyketide	cytoplasm [GO:0005737]	509.5
Polyketide	Golgi apparatus [GO:0005794]	509.5
Polyketide	RSC-type complex [GO:0016586]	372.37
Polyketide	kinetochore [GO:0000776]	372.37
Polyketide	SWI/SNF complex [GO:0016514]	372.37
Polyketide	nucleoplasm [GO:0005654]	372.37
Polyketide	nuclear matrix [GO:0016363]	372.37
Polyketide	chromatin [GO:0000785]	372.37
Polyketide	nuclear chromosome [GO:0000228]	372.37
Polyketide	nucleus [GO:0005634]	372.37
Polyketide	chloride channel complex [GO:0034707]	507.07
Polyketide	postsynaptic membrane [GO:0045211]	507.07
Polyketide	perikaryon [GO:0043204]	507.07
Polyketide	membrane [GO:0016020]	507.07
Polyketide	plasma membrane [GO:0005886]	507.07
Polyketide	dendrite [GO:0030425]	507.07
Polyketide	neuron projection [GO:0043005]	507.07
Polyketide	synapse [GO:0045202]	507.07
Polyketide	mitochondrial matrix [GO:0005759]	596.87
Polyketide	mitochondrion [GO:0005739]	596.87
Polyketide	extracellular exosome [GO:0070062]	596.87
Polyketide	endoplasmic reticulum lumen [GO:0005788]	844.35
Polyketide	endoplasmic reticulum [GO:0005783]	844.35
Polyketide	cytosol [GO:0005829]	844.35
Polyketide	lipid droplet [GO:0005811]	844.35
Polyketide	cytoplasm [GO:0005737]	844.35
Polyketide	plasma membrane [GO:0005886]	1126.04
Polyketide	DNA-directed RNA polymerase complex [GO:0000428]	1126.04
Polyketide	cytosol [GO:0005829]	1126.04
Polyketide	peptidoglycan-based cell wall [GO:0009274]	1126.04
Polyketide	melanosome [GO:0042470]	414.44
Polyketide	axonal growth cone [GO:0044295]	414.44
Polyketide	cell body [GO:0044297]	414.44
Polyketide	endomembrane system [GO:0012505]	414.44
Polyketide	lamellipodium [GO:0030027]	414.44
Polyketide	growth cone membrane [GO:0032584]	414.44
Polyketide	plasma membrane [GO:0005886]	414.44
Polyketide	axon [GO:0030424]	414.44
Polyketide	cell surface [GO:0009986]	414.44
Polyketide	node of Ranvier [GO:0033268]	367.33
Polyketide	synapse [GO:0045202]	367.33
Polyketide	plasma membrane [GO:0005886]	367.33
Polyketide	axon initial segment [GO:0043194]	367.33
Polyketide	voltage-gated potassium channel complex [GO:0008076]	367.33
Polyketide	microtubule [GO:0005874]	805.7
Polyketide	cytoplasm [GO:0005737]	805.7
Polyketide	microtubule cytoskeleton [GO:0015630]	805.7
Polyketide	node of Ranvier [GO:0033268]	281.5
Polyketide	synapse [GO:0045202]	281.5
Polyketide	plasma membrane [GO:0005886]	281.5
Polyketide	axon initial segment [GO:0043194]	281.5
Polyketide	voltage-gated potassium channel complex [GO:0008076]	281.5
Polyketide	cell body [GO:0044297]	826.96
Polyketide	actin filament [GO:0005884]	826.96
Polyketide	skeletal muscle myofibril [GO:0098723]	826.96
Polyketide	stress fiber [GO:0001725]	826.96
Polyketide	filamentous actin [GO:0031941]	826.96
Polyketide	actin filament bundle [GO:0032432]	826.96
Polyketide	lamellipodium [GO:0030027]	826.96
Polyketide	striated muscle thin filament [GO:0005865]	826.96
Polyketide	cytoplasm [GO:0005737]	826.96
Polyketide	filopodium [GO:0030175]	826.96
Polyketide	extracellular space [GO:0005615]	911.05
Polyketide	serine protease inhibitor complex [GO:0097180]	911.05
Polyketide	aggresome [GO:0016235]	496.48
Polyketide	cell projection [GO:0042995]	496.48
Polyketide	secretory granule membrane [GO:0030667]	496.48
Polyketide	ficolin-1-rich granule membrane [GO:0101003]	496.48
Polyketide	tertiary granule membrane [GO:0070821]	496.48
Polyketide	extracellular exosome [GO:0070062]	496.48
Polyketide	plasma membrane [GO:0005886]	496.48
Polyketide	membrane [GO:0016020]	496.48
Polyketide	specific granule membrane [GO:0035579]	496.48
Polyketide	perikaryon [GO:0043204]	496.48
Polyketide	extracellular space [GO:0005615]	381.06
Polyketide	protein-containing complex [GO:0032991]	381.06
Polyketide	aggresome [GO:0016235]	642.06
Polyketide	cell projection [GO:0042995]	642.06
Polyketide	secretory granule membrane [GO:0030667]	642.06
Polyketide	ficolin-1-rich granule membrane [GO:0101003]	642.06
Polyketide	tertiary granule membrane [GO:0070821]	642.06
Polyketide	extracellular exosome [GO:0070062]	642.06
Polyketide	plasma membrane [GO:0005886]	642.06
Polyketide	membrane [GO:0016020]	642.06
Polyketide	specific granule membrane [GO:0035579]	642.06
Polyketide	perikaryon [GO:0043204]	642.06
Polyketide	extracellular exosome [GO:0070062]	814.73
Polyketide	cytosol [GO:0005829]	814.73
Polyketide	nucleoplasm [GO:0005654]	814.73
Polyketide	protein-containing complex [GO:0032991]	814.73
Polyketide	peroxisomal matrix [GO:0005782]	814.73
Polyketide	apical cortex [GO:0045179]	814.73
Polyketide	nucleus [GO:0005634]	814.73
Polyketide	cytoplasm [GO:0005737]	447.26
Polyketide	cytosol [GO:0005829]	447.26
Polyketide	plasma membrane [GO:0005886]	124.92
Polyketide	proton-transporting ATP synthase complex, coupling factor F(o) [GO:0045263]	124.92
Polyketide	nucleoplasm [GO:0005654]	748.31
Polyketide	nucleus [GO:0005634]	748.31
Polyketide	cytoplasm [GO:0005737]	748.31
Polyketide	plasma membrane [GO:0005886]	224.49
Polyketide	proton-transporting ATP synthase complex, coupling factor F(o) [GO:0045263]	224.49
Polyketide	dendrite [GO:0030425]	468.34
Polyketide	chloride channel complex [GO:0034707]	468.34
Polyketide	neuron projection [GO:0043005]	468.34
Polyketide	plasma membrane [GO:0005886]	468.34
Polyketide	membrane [GO:0016020]	468.34
Polyketide	postsynaptic membrane [GO:0045211]	468.34
Polyketide	synapse [GO:0045202]	468.34
Polyketide	perikaryon [GO:0043204]	468.34
Polyketide	cell body [GO:0044297]	771.74
Polyketide	actin filament [GO:0005884]	771.74
Polyketide	skeletal muscle myofibril [GO:0098723]	771.74
Polyketide	stress fiber [GO:0001725]	771.74
Polyketide	filamentous actin [GO:0031941]	771.74
Polyketide	actin filament bundle [GO:0032432]	771.74
Polyketide	lamellipodium [GO:0030027]	771.74
Polyketide	striated muscle thin filament [GO:0005865]	771.74
Polyketide	cytoplasm [GO:0005737]	771.74
Polyketide	filopodium [GO:0030175]	771.74
Polyketide	protein-DNA complex [GO:0032993]	211.43
Polyketide	nucleoplasm [GO:0005654]	848.89
Polyketide	nucleus [GO:0005634]	848.89
Polyketide	cytoplasm [GO:0005737]	848.89
Polyketide	nucleolus [GO:0005730]	848.89
Polyketide	host cell nucleus [GO:0042025]	788.73
Polyketide	viral envelope [GO:0019031]	788.73
Polyketide	host cell plasma membrane [GO:0020002]	788.73
Polyketide	host cell lipid droplet [GO:0044186]	788.73
Polyketide	host cell endoplasmic reticulum membrane [GO:0044167]	788.73
Polyketide	host cell mitochondrial membrane [GO:0044191]	788.73
Polyketide	ribonucleoprotein complex [GO:1990904]	788.73
Polyketide	membrane [GO:0016020]	788.73
Polyketide	viral nucleocapsid [GO:0019013]	788.73
Polyketide	virion membrane [GO:0055036]	788.73
Polyketide	host cell perinuclear region of cytoplasm [GO:0044220]	788.73
Polyketide	membrane [GO:0016020]	1649.86
Polyketide	endoplasmic reticulum [GO:0005783]	1649.86
Polyketide	endoplasmic reticulum membrane [GO:0005789]	1649.86
Polyketide	endoplasmic reticulum [GO:0005783]	551.33
Polyketide	mitochondrion [GO:0005739]	551.33
Polyketide	mitochondrial inner membrane [GO:0005743]	551.33
Polyketide	extracellular space [GO:0005615]	311.99
Polyketide	azurophil granule lumen [GO:0035578]	311.99
Polyketide	extracellular region [GO:0005576]	311.99
Polyketide	extracellular exosome [GO:0070062]	311.99
Polyketide	protein-DNA complex [GO:0032993]	665.26
Polyketide	nucleoplasm [GO:0005654]	364.52
Polyketide	paraspeckles [GO:0042382]	364.52
Polyketide	nucleus [GO:0005634]	364.52
Polyketide	Golgi apparatus [GO:0005794]	364.52
Polyketide	nucleolus [GO:0005730]	364.52
Polyketide	cytoplasmic side of endoplasmic reticulum membrane [GO:0098554]	344.98
Polyketide	protein-containing complex [GO:0032991]	344.98
Polyketide	endoplasmic reticulum [GO:0005783]	344.98
Polyketide	sorting endosome [GO:0097443]	344.98
Polyketide	endosome lumen [GO:0031904]	344.98
Polyketide	early endosome [GO:0005769]	344.98
Polyketide	cytosol [GO:0005829]	344.98
Polyketide	mitochondrial crista [GO:0030061]	344.98
Polyketide	mitochondrial matrix [GO:0005759]	344.98
Polyketide	cytoplasm [GO:0005737]	344.98
Polyketide	vesicle [GO:0031982]	557.53
Polyketide	protein-containing complex [GO:0032991]	557.53
Polyketide	focal adhesion [GO:0005925]	557.53
Polyketide	secretory granule lumen [GO:0034774]	557.53
Polyketide	cytosol [GO:0005829]	557.53
Polyketide	ficolin-1-rich granule lumen [GO:1904813]	557.53
Polyketide	extracellular exosome [GO:0070062]	557.53
Polyketide	membrane [GO:0016020]	557.53
Polyketide	extracellular region [GO:0005576]	557.53
Polyketide	extracellular space [GO:0005615]	557.53
Polyketide	nucleus [GO:0005634]	557.53
Polyketide	cytoplasm [GO:0005737]	557.53
Polyketide	cell outer membrane [GO:0009279]	1296.11
Polyketide	efflux pump complex [GO:1990281]	1688.53
Polyketide	outer membrane-bounded periplasmic space [GO:0030288]	1688.53
Polyketide	periplasmic side of plasma membrane [GO:0098567]	1688.53
Polyketide	plasma membrane [GO:0005886]	1688.53
Polyketide	membrane [GO:0016020]	1688.53
Polyketide	skeletal muscle myofibril [GO:0098723]	467.43
Polyketide	cell body [GO:0044297]	85.36
Polyketide	actin filament [GO:0005884]	85.36
Polyketide	skeletal muscle myofibril [GO:0098723]	85.36
Polyketide	stress fiber [GO:0001725]	85.36
Polyketide	filamentous actin [GO:0031941]	85.36
Polyketide	actin filament bundle [GO:0032432]	85.36
Polyketide	lamellipodium [GO:0030027]	85.36
Polyketide	striated muscle thin filament [GO:0005865]	85.36
Polyketide	cytoplasm [GO:0005737]	85.36
Polyketide	filopodium [GO:0030175]	85.36
Polyketide	calcineurin complex [GO:0005955]	766.82
Polyketide	cytoplasm [GO:0005737]	766.82
Polyketide	proton-transporting ATP synthase complex, catalytic core F(1) [GO:0045261]	160.57
Polyketide	plasma membrane [GO:0005886]	160.57
Polyketide	mitochondrial proton-transporting ATP synthase, catalytic core [GO:0005754]	160.57
Polyketide	mitochondrial proton-transporting ATP synthase complex [GO:0005753]	160.57
Polyketide	skeletal muscle myofibril [GO:0098723]	569.1
Polyketide	vesicle [GO:0031982]	916.82
Polyketide	cytoplasm [GO:0005737]	916.82
Polyketide	secretory granule lumen [GO:0034774]	916.82
Polyketide	cytosol [GO:0005829]	916.82
Polyketide	ficolin-1-rich granule lumen [GO:1904813]	916.82
Polyketide	extracellular exosome [GO:0070062]	916.82
Polyketide	nucleoplasm [GO:0005654]	916.82
Polyketide	plasma membrane [GO:0005886]	916.82
Polyketide	extracellular region [GO:0005576]	916.82
Polyketide	extracellular space [GO:0005615]	916.82
Polyketide	cell surface [GO:0009986]	916.82
Polyketide	extracellular region [GO:0005576]	767.85
Polyketide	host cell cytoplasm [GO:0030430]	767.85
Polyketide	cardiac Troponin complex [GO:1990584]	683.33
Polyketide	troponin complex [GO:0005861]	683.33
Polyketide	cytosol [GO:0005829]	683.33
Polyketide	extracellular space [GO:0005615]	280.52
Polyketide	azurophil granule lumen [GO:0035578]	280.52
Polyketide	extracellular region [GO:0005576]	280.52
Polyketide	extracellular exosome [GO:0070062]	280.52
Polyketide	cytosol [GO:0005829]	716.76
Polyketide	nucleoplasm [GO:0005654]	716.76
Polyketide	receptor complex [GO:0043235]	716.76
Polyketide	mitochondrion [GO:0005739]	716.76
Polyketide	RNA polymerase II transcription regulator complex [GO:0090575]	716.76
Polyketide	chromatin [GO:0000785]	716.76
Polyketide	transcription regulator complex [GO:0005667]	716.76
Polyketide	nucleus [GO:0005634]	716.76
Polyketide	pericentric heterochromatin [GO:0005721]	655.17
Polyketide	endoplasmic reticulum [GO:0005783]	655.17
Polyketide	intracellular membrane-bounded organelle [GO:0043231]	655.17
Polyketide	nucleoplasm [GO:0005654]	655.17
Polyketide	site of DNA damage [GO:0090734]	655.17
Polyketide	chromatin [GO:0000785]	655.17
Polyketide	nucleus [GO:0005634]	655.17
Polyketide	site of double-strand break [GO:0035861]	655.17
Polyketide	chromosome, subtelomeric region [GO:0099115]	655.17
Polyketide	dendrite [GO:0030425]	752.53
Polyketide	neuron projection [GO:0043005]	752.53
Polyketide	intracellular membrane-bounded organelle [GO:0043231]	752.53
Polyketide	plasma membrane [GO:0005886]	752.53
Polyketide	postsynaptic membrane [GO:0045211]	752.53
Polyketide	synapse [GO:0045202]	752.53
Polyketide	glycine-gated chloride channel complex [GO:0016935]	752.53
Polyketide	perikaryon [GO:0043204]	752.53
Polyketide	cytoplasm [GO:0005737]	1020.24
Polyketide	plasma membrane [GO:0005886]	98.74
Polyketide	proton-transporting ATP synthase complex, coupling factor F(o) [GO:0045263]	98.74
Polyketide	nuclear periphery [GO:0034399]	105.17
Polyketide	main axon [GO:0044304]	105.17
Polyketide	neurofibrillary tangle [GO:0097418]	105.17
Polyketide	neuron projection [GO:0043005]	105.17
Polyketide	somatodendritic compartment [GO:0036477]	105.17
Polyketide	microtubule [GO:0005874]	105.17
Polyketide	cytoplasm [GO:0005737]	105.17
Polyketide	neuronal cell body [GO:0043025]	105.17
Polyketide	cell body [GO:0044297]	105.17
Polyketide	nuclear speck [GO:0016607]	105.17
Polyketide	growth cone [GO:0030426]	105.17
Polyketide	membrane raft [GO:0045121]	105.17
Polyketide	dendrite [GO:0030425]	105.17
Polyketide	tubulin complex [GO:0045298]	105.17
Polyketide	microtubule cytoskeleton [GO:0015630]	105.17
Polyketide	cytosol [GO:0005829]	105.17
Polyketide	axolemma [GO:0030673]	105.17
Polyketide	glial cell projection [GO:0097386]	105.17
Polyketide	dendritic spine [GO:0043197]	105.17
Polyketide	extracellular region [GO:0005576]	105.17
Polyketide	cytoplasmic ribonucleoprotein granule [GO:0036464]	105.17
Polyketide	nucleus [GO:0005634]	105.17
Polyketide	axon cytoplasm [GO:1904115]	105.17
Polyketide	plasma membrane [GO:0005886]	105.17
Polyketide	mitochondrion [GO:0005739]	105.17
Polyketide	axon [GO:0030424]	105.17
Polyketide	peroxisomal membrane [GO:0005778]	661.81
Polyketide	cytosol [GO:0005829]	661.81
Polyketide	peroxisomal matrix [GO:0005782]	661.81
Polyketide	peroxisome [GO:0005777]	661.81
Polyketide	cytoplasm [GO:0005737]	661.81
Polyketide	membrane-bounded organelle [GO:0043227]	694.42
Polyketide	chromosome [GO:0005694]	442.04
Polyketide	condensed nuclear chromosome [GO:0000794]	442.04
Polyketide	nucleus [GO:0005634]	442.04
Polyketide	nucleoplasm [GO:0005654]	442.04
Polyketide	host cell nucleus [GO:0042025]	575.9
Polyketide	host cell plasma membrane [GO:0020002]	575.9
Polyketide	membrane [GO:0016020]	575.9
Polyketide	viral nucleocapsid [GO:0019013]	575.9
Polyketide	host multivesicular body [GO:0072494]	575.9
Polyketide	virion membrane [GO:0055036]	575.9
Polyketide	cytoplasm [GO:0005737]	356.92
Polyketide	protein-containing complex [GO:0032991]	156.66
Polyketide	endocytic vesicle membrane [GO:0030666]	156.66
Polyketide	cytosol [GO:0005829]	156.66
Polyketide	transcription repressor complex [GO:0017053]	156.66
Polyketide	nucleoplasm [GO:0005654]	156.66
Polyketide	plasma membrane [GO:0005886]	156.66
Polyketide	nucleus [GO:0005634]	156.66
Polyketide	cytoplasm [GO:0005737]	156.66
Polyketide	nucleolus [GO:0005730]	156.66
Polyketide	sarcoplasmic reticulum membrane [GO:0033017]	54.26
Polyketide	cytoplasmic side of membrane [GO:0098562]	54.26
Polyketide	cytosol [GO:0005829]	54.26
Polyketide	Z disc [GO:0030018]	54.26
Polyketide	sarcoplasmic reticulum [GO:0016529]	54.26
Polyketide	terminal cisterna [GO:0014802]	54.26
Polyketide	membrane [GO:0016020]	54.26
Polyketide	ryanodine receptor complex [GO:1990425]	54.26
Polyketide	cytoplasm [GO:0005737]	54.26
Polyketide	cell body [GO:0044297]	1079.65
Polyketide	actin filament [GO:0005884]	1079.65
Polyketide	skeletal muscle myofibril [GO:0098723]	1079.65
Polyketide	stress fiber [GO:0001725]	1079.65
Polyketide	filamentous actin [GO:0031941]	1079.65
Polyketide	actin filament bundle [GO:0032432]	1079.65
Polyketide	lamellipodium [GO:0030027]	1079.65
Polyketide	striated muscle thin filament [GO:0005865]	1079.65
Polyketide	cytoplasm [GO:0005737]	1079.65
Polyketide	filopodium [GO:0030175]	1079.65
Polyketide	nuclear envelope [GO:0005635]	615.11
Polyketide	perinuclear region of cytoplasm [GO:0048471]	615.11
Polyketide	cytosol [GO:0005829]	615.11
Polyketide	pericentriolar material [GO:0000242]	615.11
Polyketide	Golgi membrane [GO:0000139]	615.11
Polyketide	chromosome, telomeric region [GO:0000781]	615.11
Polyketide	nucleus [GO:0005634]	615.11
Polyketide	cytoplasm [GO:0005737]	615.11
Polyketide	nuclear envelope [GO:0005635]	703.91
Polyketide	perinuclear region of cytoplasm [GO:0048471]	703.91
Polyketide	cytosol [GO:0005829]	703.91
Polyketide	pericentriolar material [GO:0000242]	703.91
Polyketide	Golgi membrane [GO:0000139]	703.91
Polyketide	chromosome, telomeric region [GO:0000781]	703.91
Polyketide	nucleus [GO:0005634]	703.91
Polyketide	cytoplasm [GO:0005737]	703.91
Polyketide	cytoplasm [GO:0005737]	352.59
Polyketide	cytoplasm [GO:0005737]	470.45
Polyketide	protein-containing complex [GO:0032991]	568.64
Polyketide	cytosol [GO:0005829]	568.64
Polyketide	nucleoplasm [GO:0005654]	568.64
Polyketide	membrane [GO:0016020]	568.64
Polyketide	plasma membrane [GO:0005886]	568.64
Polyketide	euchromatin [GO:0000791]	568.64
Polyketide	chromatin [GO:0000785]	568.64
Polyketide	transcription regulator complex [GO:0005667]	568.64
Polyketide	nucleus [GO:0005634]	568.64
Polyketide	cytoplasm [GO:0005737]	568.64
Polyketide	Golgi apparatus [GO:0005794]	568.64
Polyketide	microtubule [GO:0005874]	985.64
Polyketide	cytoplasm [GO:0005737]	985.64
Polyketide	transcription repressor complex [GO:0017053]	985.57
Polyketide	nucleoplasm [GO:0005654]	985.57
Polyketide	nucleus [GO:0005634]	985.57
Polyketide	histone deacetylase complex [GO:0000118]	457.24
Polyketide	host cell nucleus [GO:0042025]	848.95
Polyketide	host cell endoplasmic reticulum membrane [GO:0044167]	848.95
Polyketide	host cell endoplasmic reticulum-Golgi intermediate compartment [GO:0044172]	848.95
Polyketide	host cell Golgi apparatus [GO:0044177]	848.95
Polyketide	host cell endosome [GO:0044174]	848.95
Polyketide	membrane [GO:0016020]	848.95
Polyketide	double membrane vesicle viral factory outer membrane [GO:0062243]	848.95
Polyketide	host cell perinuclear region of cytoplasm [GO:0044220]	848.95
Polyketide	endoplasmic reticulum [GO:0005783]	207.13
Polyketide	ribonucleoprotein complex [GO:1990904]	207.13
Polyketide	cytosol [GO:0005829]	207.13
Polyketide	plasma membrane [GO:0005886]	207.13
Polyketide	ribosome [GO:0005840]	207.13
Polyketide	cytoplasm [GO:0005737]	2214.5
Polyketide	intracellular membrane-bounded organelle [GO:0043231]	2214.5
Polyketide	endoplasmic reticulum membrane [GO:0005789]	2214.5
Polyketide	melanosome [GO:0042470]	591.53
Polyketide	axonal growth cone [GO:0044295]	591.53
Polyketide	cell body [GO:0044297]	591.53
Polyketide	endomembrane system [GO:0012505]	591.53
Polyketide	lamellipodium [GO:0030027]	591.53
Polyketide	growth cone membrane [GO:0032584]	591.53
Polyketide	plasma membrane [GO:0005886]	591.53
Polyketide	axon [GO:0030424]	591.53
Polyketide	cell surface [GO:0009986]	591.53
Polyketide	cytosol [GO:0005829]	759.36
Polyketide	extracellular exosome [GO:0070062]	759.36
Polyketide	mitochondrion [GO:0005739]	996.19
Polyketide	mitochondrial outer membrane [GO:0005741]	996.19
Polyketide	nucleus [GO:0005634]	996.19
Polyketide	cytosol [GO:0005829]	996.19
Polyketide	cytosol [GO:0005829]	1232.92
Polyketide	plasma membrane [GO:0005886]	1232.92
Polyketide	cytoplasm [GO:0005737]	1232.92
Polyketide	nucleoplasm [GO:0005654]	1232.92
Polyketide	site of double-strand break [GO:0035861]	1232.92
Polyketide	nuclear body [GO:0016604]	1232.92
Polyketide	nucleus [GO:0005634]	1232.92
Polyketide	centrosome [GO:0005813]	690.81
Polyketide	cytosol [GO:0005829]	690.81
Polyketide	extracellular exosome [GO:0070062]	690.81
Polyketide	nucleoplasm [GO:0005654]	690.81
Polyketide	nucleus [GO:0005634]	690.81
Polyketide	cytoplasm [GO:0005737]	690.81
Polyketide	dendritic shaft [GO:0043198]	624.92
Polyketide	neuron projection [GO:0043005]	624.92
Polyketide	postsynaptic density [GO:0014069]	624.92
Polyketide	somatodendritic compartment [GO:0036477]	624.92
Polyketide	dendrite membrane [GO:0032590]	624.92
Polyketide	endoplasmic reticulum membrane [GO:0005789]	624.92
Polyketide	cell surface [GO:0009986]	624.92
Polyketide	presynaptic active zone membrane [GO:0048787]	624.92
Polyketide	neuronal cell body [GO:0043025]	624.92
Polyketide	dendrite cytoplasm [GO:0032839]	624.92
Polyketide	spine synapse [GO:0106033]	624.92
Polyketide	synaptic vesicle [GO:0008021]	624.92
Polyketide	Schaffer collateral - CA1 synapse [GO:0098685]	624.92
Polyketide	presynapse [GO:0098793]	624.92
Polyketide	growth cone [GO:0030426]	624.92
Polyketide	perikaryon [GO:0043204]	624.92
Polyketide	AMPA glutamate receptor complex [GO:0032281]	624.92
Polyketide	asymmetric synapse [GO:0032279]	624.92
Polyketide	dendrite [GO:0030425]	624.92
Polyketide	protein-containing complex [GO:0032991]	624.92
Polyketide	ionotropic glutamate receptor complex [GO:0008328]	624.92
Polyketide	dendritic spine head [GO:0044327]	624.92
Polyketide	dendritic spine neck [GO:0044326]	624.92
Polyketide	glutamatergic synapse [GO:0098978]	624.92
Polyketide	membrane [GO:0016020]	624.92
Polyketide	dendritic spine [GO:0043197]	624.92
Polyketide	perisynaptic space [GO:0099544]	624.92
Polyketide	endoplasmic reticulum [GO:0005783]	624.92
Polyketide	plasma membrane [GO:0005886]	624.92
Polyketide	postsynaptic membrane [GO:0045211]	624.92
Polyketide	synapse [GO:0045202]	624.92
Polyketide	terminal bouton [GO:0043195]	624.92
Polyketide	presynaptic membrane [GO:0042734]	624.92
Polyketide	postsynaptic density membrane [GO:0098839]	624.92
Polyketide	synaptic vesicle membrane [GO:0030672]	624.92
Polyketide	axon [GO:0030424]	624.92
Polyketide	synaptic membrane [GO:0097060]	624.92
Polyketide	node of Ranvier [GO:0033268]	278.79
Polyketide	synapse [GO:0045202]	278.79
Polyketide	plasma membrane [GO:0005886]	278.79
Polyketide	axon initial segment [GO:0043194]	278.79
Polyketide	voltage-gated potassium channel complex [GO:0008076]	278.79
Polyketide	chloroplast stroma [GO:0009570]	657.41
Polyketide	endoplasmic reticulum [GO:0005783]	657.41
Polyketide	chloroplast [GO:0009507]	657.41
Polyketide	cytosol [GO:0005829]	657.41
Polyketide	intracellular membrane-bounded organelle [GO:0043231]	657.41
Polyketide	plasma membrane [GO:0005886]	657.41
Polyketide	apoplast [GO:0048046]	657.41
Polyketide	plasmodesma [GO:0009506]	657.41
Polyketide	plant-type vacuole [GO:0000325]	657.41
Polyketide	extracellular space [GO:0005615]	522.12
Polyketide	azurophil granule lumen [GO:0035578]	522.12
Polyketide	extracellular region [GO:0005576]	522.12
Polyketide	extracellular exosome [GO:0070062]	522.12
Polyketide	protein-containing complex [GO:0032991]	766.86
Polyketide	cytosol [GO:0005829]	766.86
Polyketide	nucleoplasm [GO:0005654]	766.86
Polyketide	membrane [GO:0016020]	766.86
Polyketide	plasma membrane [GO:0005886]	766.86
Polyketide	euchromatin [GO:0000791]	766.86
Polyketide	chromatin [GO:0000785]	766.86
Polyketide	transcription regulator complex [GO:0005667]	766.86
Polyketide	nucleus [GO:0005634]	766.86
Polyketide	cytoplasm [GO:0005737]	766.86
Polyketide	Golgi apparatus [GO:0005794]	766.86
Polyketide	extracellular space [GO:0005615]	326.71
Polyketide	azurophil granule lumen [GO:0035578]	326.71
Polyketide	extracellular region [GO:0005576]	326.71
Polyketide	extracellular exosome [GO:0070062]	326.71
Polyketide	protein-containing complex [GO:0032991]	880.83
Polyketide	cytosol [GO:0005829]	880.83
Polyketide	nucleoplasm [GO:0005654]	880.83
Polyketide	membrane [GO:0016020]	880.83
Polyketide	plasma membrane [GO:0005886]	880.83
Polyketide	euchromatin [GO:0000791]	880.83
Polyketide	chromatin [GO:0000785]	880.83
Polyketide	transcription regulator complex [GO:0005667]	880.83
Polyketide	nucleus [GO:0005634]	880.83
Polyketide	cytoplasm [GO:0005737]	880.83
Polyketide	Golgi apparatus [GO:0005794]	880.83
Polyketide	microtubule [GO:0005874]	1461.0
Polyketide	cytoplasm [GO:0005737]	1461.0
Polyketide	microtubule cytoskeleton [GO:0015630]	1461.0
Polyketide	endoplasmic reticulum lumen [GO:0005788]	973.92
Polyketide	protein-containing complex [GO:0032991]	973.92
Polyketide	endoplasmic reticulum [GO:0005783]	973.92
Polyketide	extracellular exosome [GO:0070062]	973.92
Polyketide	blood microparticle [GO:0072562]	973.92
Polyketide	platelet alpha granule lumen [GO:0031093]	973.92
Polyketide	extracellular region [GO:0005576]	973.92
Polyketide	extracellular space [GO:0005615]	973.92
Polyketide	nucleus [GO:0005634]	973.92
Polyketide	cytoplasm [GO:0005737]	973.92
Polyketide	Golgi apparatus [GO:0005794]	973.92
Polyketide	fungal-type vacuole [GO:0000324]	249.27
Polyketide	vacuolar proton-transporting V-type ATPase complex [GO:0016471]	249.27
Polyketide	vacuolar proton-transporting V-type ATPase, V0 domain [GO:0000220]	249.27
Polyketide	fungal-type vacuole membrane [GO:0000329]	249.27
Polyketide	host cell nucleus [GO:0042025]	1147.26
Polyketide	viral envelope [GO:0019031]	1147.26
Polyketide	host cell plasma membrane [GO:0020002]	1147.26
Polyketide	host cell lipid droplet [GO:0044186]	1147.26
Polyketide	host cell endoplasmic reticulum membrane [GO:0044167]	1147.26
Polyketide	host cell mitochondrial membrane [GO:0044191]	1147.26
Polyketide	ribonucleoprotein complex [GO:1990904]	1147.26
Polyketide	membrane [GO:0016020]	1147.26
Polyketide	viral nucleocapsid [GO:0019013]	1147.26
Polyketide	virion membrane [GO:0055036]	1147.26
Polyketide	host cell perinuclear region of cytoplasm [GO:0044220]	1147.26
Polyketide	presynaptic active zone cytoplasmic component [GO:0098831]	1644.63
Polyketide	glutamatergic synapse [GO:0098978]	1644.63
Polyketide	guanylate cyclase complex, soluble [GO:0008074]	1644.63
Polyketide	cytosol [GO:0005829]	1644.63
Polyketide	nucleus [GO:0005634]	726.91
Polyketide	efflux pump complex [GO:1990281]	1993.77
Polyketide	outer membrane-bounded periplasmic space [GO:0030288]	1993.77
Polyketide	periplasmic side of plasma membrane [GO:0098567]	1993.77
Polyketide	plasma membrane [GO:0005886]	1993.77
Polyketide	membrane [GO:0016020]	1993.77
Polyketide	external side of plasma membrane [GO:0009897]	1305.18
Polyketide	membrane [GO:0016020]	1305.18
Polyketide	plasma membrane [GO:0005886]	1305.18
Polyketide	protein-containing complex [GO:0032991]	593.13
Polyketide	cytosol [GO:0005829]	593.13
Polyketide	nucleoplasm [GO:0005654]	593.13
Polyketide	membrane [GO:0016020]	593.13
Polyketide	plasma membrane [GO:0005886]	593.13
Polyketide	euchromatin [GO:0000791]	593.13
Polyketide	chromatin [GO:0000785]	593.13
Polyketide	transcription regulator complex [GO:0005667]	593.13
Polyketide	nucleus [GO:0005634]	593.13
Polyketide	cytoplasm [GO:0005737]	593.13
Polyketide	Golgi apparatus [GO:0005794]	593.13
Polyketide	nucleoplasm [GO:0005654]	681.59
Polyketide	nucleus [GO:0005634]	681.59
Polyketide	cytoplasm [GO:0005737]	681.59
Polyketide	chromatin [GO:0000785]	681.59
Polyketide	cytosol [GO:0005829]	550.18
Polyketide	mitochondrion [GO:0005739]	550.18
Polyketide	mitochondrial intermembrane space [GO:0005758]	550.18
Polyketide	mitochondrial matrix [GO:0005759]	550.18
Polyketide	nucleus [GO:0005634]	550.18
Polyketide	calcium channel complex [GO:0034704]	620.76
Polyketide	voltage-gated calcium channel complex [GO:0005891]	620.76
Polyketide	perinuclear region of cytoplasm [GO:0048471]	620.76
Polyketide	apical plasma membrane [GO:0016324]	620.76
Polyketide	cytosol [GO:0005829]	620.76
Polyketide	plasma membrane [GO:0005886]	620.76
Polyketide	membrane [GO:0016020]	620.76
Polyketide	nucleus [GO:0005634]	620.76
Polyketide	microtubule organizing center [GO:0005815]	620.76
Polyketide	microtubule [GO:0005874]	912.22
Polyketide	cytoplasm [GO:0005737]	912.22
Polyketide	endoplasmic reticulum membrane [GO:0005789]	101.38
Polyketide	endoplasmic reticulum [GO:0005783]	101.38
Polyketide	chromosome, centromeric region [GO:0000775]	117.13
Polyketide	meiotic cohesin complex [GO:0030893]	117.13
Polyketide	chromatin [GO:0000785]	117.13
Polyketide	nucleus [GO:0005634]	117.13
Polyketide	cortical cytoskeleton [GO:0030863]	1169.29
Polyketide	basolateral plasma membrane [GO:0016323]	1169.29
Polyketide	ankyrin-1 complex [GO:0170014]	1169.29
Polyketide	Z disc [GO:0030018]	1169.29
Polyketide	extracellular exosome [GO:0070062]	1169.29
Polyketide	plasma membrane [GO:0005886]	1169.29
Polyketide	membrane [GO:0016020]	1169.29
Polyketide	blood microparticle [GO:0072562]	1169.29
Polyketide	cytoplasmic side of plasma membrane [GO:0009898]	1169.29
Polyketide	protein-containing complex [GO:0032991]	345.33
Polyketide	endocytic vesicle membrane [GO:0030666]	345.33
Polyketide	cytosol [GO:0005829]	345.33
Polyketide	transcription repressor complex [GO:0017053]	345.33
Polyketide	nucleoplasm [GO:0005654]	345.33
Polyketide	plasma membrane [GO:0005886]	345.33
Polyketide	nucleus [GO:0005634]	345.33
Polyketide	cytoplasm [GO:0005737]	345.33
Polyketide	nucleolus [GO:0005730]	345.33
Polyketide	proton-transporting V-type ATPase complex [GO:0033176]	457.8
Polyketide	vacuolar proton-transporting V-type ATPase, V0 domain [GO:0000220]	457.8
Polyketide	Golgi membrane [GO:0000139]	457.8
Polyketide	membrane [GO:0016020]	457.8
Polyketide	vacuolar proton-transporting V-type ATPase complex [GO:0016471]	457.8
Polyketide	fungal-type vacuole membrane [GO:0000329]	457.8
Polyketide	extracellular space [GO:0005615]	376.7
Polyketide	azurophil granule lumen [GO:0035578]	376.7
Polyketide	extracellular region [GO:0005576]	376.7
Polyketide	extracellular exosome [GO:0070062]	376.7
Polyketide	plasma membrane [GO:0005886]	1741.7
Polyketide	periplasmic side of plasma membrane [GO:0098567]	1741.7
Polyketide	membrane [GO:0016020]	1741.7
Polyketide	outer membrane-bounded periplasmic space [GO:0030288]	1741.7
Polyketide	efflux pump complex [GO:1990281]	1741.7
Polyketide	membrane [GO:0016020]	1537.42
Polyketide	cell outer membrane [GO:0009279]	1537.42
Polyketide	transmembrane transporter complex [GO:1902495]	1537.42
Polyketide	dendrite [GO:0030425]	859.1
Polyketide	chloride channel complex [GO:0034707]	859.1
Polyketide	neuron projection [GO:0043005]	859.1
Polyketide	plasma membrane [GO:0005886]	859.1
Polyketide	membrane [GO:0016020]	859.1
Polyketide	postsynaptic membrane [GO:0045211]	859.1
Polyketide	synapse [GO:0045202]	859.1
Polyketide	perikaryon [GO:0043204]	859.1
Polyketide	pore complex [GO:0046930]	399.98
Polyketide	cell outer membrane [GO:0009279]	399.98
Polyketide	nucleoplasm [GO:0005654]	875.71
Polyketide	cytosol [GO:0005829]	875.71
Polyketide	extracellular exosome [GO:0070062]	875.71
Polyketide	dendrite [GO:0030425]	822.16
Polyketide	PML body [GO:0016605]	822.16
Polyketide	nuclear envelope [GO:0005635]	822.16
Polyketide	lysosome [GO:0005764]	822.16
Polyketide	endomembrane system [GO:0012505]	822.16
Polyketide	mitochondrial outer membrane [GO:0005741]	822.16
Polyketide	cytosol [GO:0005829]	822.16
Polyketide	Golgi membrane [GO:0000139]	822.16
Polyketide	nucleoplasm [GO:0005654]	822.16
Polyketide	endoplasmic reticulum membrane [GO:0005789]	822.16
Polyketide	membrane [GO:0016020]	822.16
Polyketide	TORC1 complex [GO:0031931]	822.16
Polyketide	nucleus [GO:0005634]	822.16
Polyketide	TORC2 complex [GO:0031932]	822.16
Polyketide	lysosomal membrane [GO:0005765]	822.16
Polyketide	cytoplasm [GO:0005737]	822.16
Polyketide	phagocytic vesicle [GO:0045335]	822.16
Polyketide	cytosol [GO:0005829]	560.41
Polyketide	nucleoplasm [GO:0005654]	560.41
Polyketide	endoplasmic reticulum membrane [GO:0005789]	560.41
Polyketide	receptor complex [GO:0043235]	560.41
Polyketide	chromatin [GO:0000785]	560.41
Polyketide	node of Ranvier [GO:0033268]	574.57
Polyketide	synapse [GO:0045202]	574.57
Polyketide	plasma membrane [GO:0005886]	574.57
Polyketide	axon initial segment [GO:0043194]	574.57
Polyketide	voltage-gated potassium channel complex [GO:0008076]	574.57
Polyketide	plasma membrane [GO:0005886]	223.32
Polyketide	proton-transporting ATP synthase complex, coupling factor F(o) [GO:0045263]	223.32
Polyketide	septin ring [GO:0005940]	841.19
Polyketide	condensed nuclear chromosome [GO:0000794]	841.19
Polyketide	nucleus [GO:0005634]	841.19
Polyketide	outer membrane-bounded periplasmic space [GO:0030288]	883.13
Polyketide	cytoplasm [GO:0005737]	1365.74
Polyketide	dendrite [GO:0030425]	800.74
Polyketide	PML body [GO:0016605]	800.74
Polyketide	nuclear envelope [GO:0005635]	800.74
Polyketide	lysosome [GO:0005764]	800.74
Polyketide	endomembrane system [GO:0012505]	800.74
Polyketide	mitochondrial outer membrane [GO:0005741]	800.74
Polyketide	cytosol [GO:0005829]	800.74
Polyketide	Golgi membrane [GO:0000139]	800.74
Polyketide	nucleoplasm [GO:0005654]	800.74
Polyketide	endoplasmic reticulum membrane [GO:0005789]	800.74
Polyketide	membrane [GO:0016020]	800.74
Polyketide	TORC1 complex [GO:0031931]	800.74
Polyketide	nucleus [GO:0005634]	800.74
Polyketide	TORC2 complex [GO:0031932]	800.74
Polyketide	lysosomal membrane [GO:0005765]	800.74
Polyketide	cytoplasm [GO:0005737]	800.74
Polyketide	phagocytic vesicle [GO:0045335]	800.74
Polyketide	DNA-directed RNA polymerase complex [GO:0000428]	1258.05
Polyketide	sarcoplasmic reticulum membrane [GO:0033017]	819.58
Polyketide	cytoplasmic side of membrane [GO:0098562]	819.58
Polyketide	cytosol [GO:0005829]	819.58
Polyketide	Z disc [GO:0030018]	819.58
Polyketide	sarcoplasmic reticulum [GO:0016529]	819.58
Polyketide	terminal cisterna [GO:0014802]	819.58
Polyketide	membrane [GO:0016020]	819.58
Polyketide	ryanodine receptor complex [GO:1990425]	819.58
Polyketide	cytoplasm [GO:0005737]	819.58
Polyketide	spindle pole body [GO:0005816]	1096.17
Polyketide	perinuclear region of cytoplasm [GO:0048471]	1096.17
Polyketide	kinetochore [GO:0000776]	1096.17
Polyketide	nucleus [GO:0005634]	1096.17
Polyketide	cytoplasm [GO:0005737]	1096.17
Polyketide	protein-containing complex [GO:0032991]	821.62
Polyketide	endosome membrane [GO:0010008]	821.62
Polyketide	cytosol [GO:0005829]	821.62
Polyketide	ATAC complex [GO:0140672]	821.62
Polyketide	plasma membrane [GO:0005886]	821.62
Polyketide	nuclear speck [GO:0016607]	821.62
Polyketide	nucleus [GO:0005634]	821.62
Polyketide	cytoplasm [GO:0005737]	821.62
Polyketide	intracellular membrane-bounded organelle [GO:0043231]	472.12
Polyketide	nucleoplasm [GO:0005654]	472.12
Polyketide	mitochondrion [GO:0005739]	472.12
Polyketide	chromatin [GO:0000785]	472.12
Polyketide	nucleus [GO:0005634]	472.12
Polyketide	calcium channel complex [GO:0034704]	987.29
Polyketide	sarcoplasmic reticulum membrane [GO:0033017]	987.29
Polyketide	cytosol [GO:0005829]	987.29
Polyketide	Z disc [GO:0030018]	987.29
Polyketide	membrane [GO:0016020]	987.29
Polyketide	cytoplasm [GO:0005737]	987.29
Polyketide	mitochondrial envelope [GO:0005740]	863.67
Polyketide	mitochondrial outer membrane [GO:0005741]	863.67
Polyketide	mitochondrion [GO:0005739]	863.67
Polyketide	intracellular membrane-bounded organelle [GO:0043231]	449.62
Polyketide	nucleoplasm [GO:0005654]	449.62
Polyketide	mitochondrion [GO:0005739]	449.62
Polyketide	chromatin [GO:0000785]	449.62
Polyketide	nucleus [GO:0005634]	449.62
Polyketide	extracellular space [GO:0005615]	1892.72
Polyketide	extracellular region [GO:0005576]	1892.72
Polyketide	extracellular exosome [GO:0070062]	1892.72
Polyketide	endoplasmic reticulum lumen [GO:0005788]	613.5
Polyketide	protein-containing complex [GO:0032991]	613.5
Polyketide	endoplasmic reticulum [GO:0005783]	613.5
Polyketide	nuclear inner membrane [GO:0005637]	613.5
Polyketide	neuron projection [GO:0043005]	613.5
Polyketide	caveola [GO:0005901]	613.5
Polyketide	endoplasmic reticulum membrane [GO:0005789]	613.5
Polyketide	nuclear outer membrane [GO:0005640]	613.5
Polyketide	cytoplasm [GO:0005737]	613.5
Polyketide	secretory granule lumen [GO:0034774]	666.4
Polyketide	cytosol [GO:0005829]	666.4
Polyketide	ficolin-1-rich granule lumen [GO:1904813]	666.4
Polyketide	glutamatergic synapse [GO:0098978]	666.4
Polyketide	nucleoplasm [GO:0005654]	666.4
Polyketide	mitochondrion [GO:0005739]	666.4
Polyketide	nuclear speck [GO:0016607]	666.4
Polyketide	extracellular region [GO:0005576]	666.4
Polyketide	spindle pole [GO:0000922]	666.4
Polyketide	nucleus [GO:0005634]	666.4
Polyketide	cytoplasm [GO:0005737]	666.4
Polyketide	extracellular space [GO:0005615]	393.04
Polyketide	azurophil granule lumen [GO:0035578]	393.04
Polyketide	extracellular region [GO:0005576]	393.04
Polyketide	extracellular exosome [GO:0070062]	393.04
Polyketide	extracellular space [GO:0005615]	210.9
Polyketide	azurophil granule lumen [GO:0035578]	210.9
Polyketide	extracellular region [GO:0005576]	210.9
Polyketide	extracellular exosome [GO:0070062]	210.9
Polyketide	plasma membrane [GO:0005886]	1685.09
Polyketide	periplasmic side of plasma membrane [GO:0098567]	1685.09
Polyketide	membrane [GO:0016020]	1685.09
Polyketide	outer membrane-bounded periplasmic space [GO:0030288]	1685.09
Polyketide	efflux pump complex [GO:1990281]	1685.09
Polyketide	nucleus [GO:0005634]	420.51
Polyketide	cytosol [GO:0005829]	420.51
Polyketide	methionine adenosyltransferase complex [GO:0048269]	420.51
Polyketide	extracellular exosome [GO:0070062]	420.51
Polyketide	mitochondrial envelope [GO:0005740]	704.34
Polyketide	mitochondrial outer membrane [GO:0005741]	704.34
Polyketide	mitochondrion [GO:0005739]	704.34
Polyketide	nucleoplasm [GO:0005654]	694.56
Polyketide	chromatin [GO:0000785]	694.56
Polyketide	extracellular space [GO:0005615]	267.33
Polyketide	azurophil granule lumen [GO:0035578]	267.33
Polyketide	extracellular region [GO:0005576]	267.33
Polyketide	extracellular exosome [GO:0070062]	267.33
Polyketide	membrane [GO:0016020]	703.67
Polyketide	cytosol [GO:0005829]	703.67
Polyketide	transcription regulator complex [GO:0005667]	703.67
Polyketide	cytoplasm [GO:0005737]	703.67
Polyketide	chromatin [GO:0000785]	703.67
Polyketide	Golgi apparatus [GO:0005794]	703.67
Polyketide	plasma membrane [GO:0005886]	703.67
Polyketide	nucleoplasm [GO:0005654]	703.67
Polyketide	protein-containing complex [GO:0032991]	703.67
Polyketide	euchromatin [GO:0000791]	703.67
Polyketide	nucleus [GO:0005634]	703.67
Polyketide	cell body [GO:0044297]	83.32
Polyketide	actin filament [GO:0005884]	83.32
Polyketide	skeletal muscle myofibril [GO:0098723]	83.32
Polyketide	stress fiber [GO:0001725]	83.32
Polyketide	filamentous actin [GO:0031941]	83.32
Polyketide	actin filament bundle [GO:0032432]	83.32
Polyketide	lamellipodium [GO:0030027]	83.32
Polyketide	striated muscle thin filament [GO:0005865]	83.32
Polyketide	cytoplasm [GO:0005737]	83.32
Polyketide	filopodium [GO:0030175]	83.32
Polyketide	extracellular region [GO:0005576]	317.33
Polyketide	extracellular exosome [GO:0070062]	317.33
Polyketide	azurophil granule lumen [GO:0035578]	317.33
Polyketide	extracellular space [GO:0005615]	317.33
Polyketide	endoplasmic reticulum lumen [GO:0005788]	786.94
Polyketide	endosome [GO:0005768]	786.94
Polyketide	Golgi-associated vesicle lumen [GO:0070931]	786.94
Polyketide	cell surface [GO:0009986]	786.94
Polyketide	neuronal cell body [GO:0043025]	786.94
Polyketide	recycling endosome [GO:0055037]	786.94
Polyketide	trans-Golgi network [GO:0005802]	786.94
Polyketide	endosome membrane [GO:0010008]	786.94
Polyketide	synaptic vesicle [GO:0008021]	786.94
Polyketide	lysosome [GO:0005764]	786.94
Polyketide	membrane raft [GO:0045121]	786.94
Polyketide	Golgi apparatus [GO:0005794]	786.94
Polyketide	dendrite [GO:0030425]	786.94
Polyketide	early endosome [GO:0005769]	786.94
Polyketide	membrane [GO:0016020]	786.94
Polyketide	multivesicular body [GO:0005771]	786.94
Polyketide	plasma membrane [GO:0005886]	786.94
Polyketide	hippocampal mossy fiber to CA3 synapse [GO:0098686]	786.94
Polyketide	axon [GO:0030424]	786.94
Polyketide	late endosome [GO:0005770]	786.94
Polyketide	cell body [GO:0044297]	666.32
Polyketide	actin filament [GO:0005884]	666.32
Polyketide	skeletal muscle myofibril [GO:0098723]	666.32
Polyketide	stress fiber [GO:0001725]	666.32
Polyketide	filamentous actin [GO:0031941]	666.32
Polyketide	actin filament bundle [GO:0032432]	666.32
Polyketide	lamellipodium [GO:0030027]	666.32
Polyketide	striated muscle thin filament [GO:0005865]	666.32
Polyketide	cytoplasm [GO:0005737]	666.32
Polyketide	filopodium [GO:0030175]	666.32
Polyketide	cytosol [GO:0005829]	827.18
Polyketide	nucleoplasm [GO:0005654]	827.18
Polyketide	plasma membrane [GO:0005886]	827.18
Polyketide	nucleus [GO:0005634]	827.18
Polyketide	cytoplasm [GO:0005737]	827.18
Polyketide	nucleolus [GO:0005730]	827.18
Polyketide	endoplasmic reticulum [GO:0005783]	1543.94
Polyketide	perinuclear region of cytoplasm [GO:0048471]	1543.94
Polyketide	sarcoplasmic reticulum membrane [GO:0033017]	1543.94
Polyketide	sarcoplasmic reticulum [GO:0016529]	1543.94
Polyketide	endoplasmic reticulum membrane [GO:0005789]	1543.94
Polyketide	H zone [GO:0031673]	1543.94
Polyketide	membrane [GO:0016020]	1543.94
Polyketide	endoplasmic reticulum-Golgi intermediate compartment [GO:0005793]	1543.94
Polyketide	I band [GO:0031674]	1543.94
Polyketide	intracellular membrane-bounded organelle [GO:0043231]	491.1
Polyketide	nucleoplasm [GO:0005654]	491.1
Polyketide	mitochondrion [GO:0005739]	491.1
Polyketide	chromatin [GO:0000785]	491.1
Polyketide	nucleus [GO:0005634]	491.1
Polyketide	extracellular region [GO:0005576]	1603.34
Polyketide	nucleoplasm [GO:0005654]	671.96
Polyketide	mitochondrial respiratory chain complex I [GO:0005747]	671.96
Polyketide	node of Ranvier [GO:0033268]	690.96
Polyketide	synapse [GO:0045202]	690.96
Polyketide	plasma membrane [GO:0005886]	690.96
Polyketide	axon initial segment [GO:0043194]	690.96
Polyketide	voltage-gated potassium channel complex [GO:0008076]	690.96
Polyketide	pericentric heterochromatin [GO:0005721]	472.38
Polyketide	endoplasmic reticulum [GO:0005783]	472.38
Polyketide	intracellular membrane-bounded organelle [GO:0043231]	472.38
Polyketide	nucleoplasm [GO:0005654]	472.38
Polyketide	site of DNA damage [GO:0090734]	472.38
Polyketide	chromatin [GO:0000785]	472.38
Polyketide	nucleus [GO:0005634]	472.38
Polyketide	site of double-strand break [GO:0035861]	472.38
Polyketide	chromosome, subtelomeric region [GO:0099115]	472.38
Polyketide	cytosol [GO:0005829]	1601.63
Polyketide	extracellular exosome [GO:0070062]	1601.63
Polyketide	extracellular space [GO:0005615]	1601.63
Polyketide	nucleus [GO:0005634]	1601.63
Polyketide	cytoplasm [GO:0005737]	1601.63
Polyketide	node of Ranvier [GO:0033268]	567.21
Polyketide	synapse [GO:0045202]	567.21
Polyketide	plasma membrane [GO:0005886]	567.21
Polyketide	axon initial segment [GO:0043194]	567.21
Polyketide	voltage-gated potassium channel complex [GO:0008076]	567.21
Polyketide	membrane [GO:0016020]	274.82
Polyketide	membrane [GO:0016020]	236.74
Polyketide	plasma membrane [GO:0005886]	107.42
Polyketide	proton-transporting ATP synthase complex, coupling factor F(o) [GO:0045263]	107.42
Polyketide	protein-containing complex [GO:0032991]	919.95
Polyketide	endocytic vesicle membrane [GO:0030666]	919.95
Polyketide	cytosol [GO:0005829]	919.95
Polyketide	transcription repressor complex [GO:0017053]	919.95
Polyketide	nucleoplasm [GO:0005654]	919.95
Polyketide	plasma membrane [GO:0005886]	919.95
Polyketide	nucleus [GO:0005634]	919.95
Polyketide	cytoplasm [GO:0005737]	919.95
Polyketide	nucleolus [GO:0005730]	919.95
Polyketide	nuclear periphery [GO:0034399]	108.83
Polyketide	main axon [GO:0044304]	108.83
Polyketide	neurofibrillary tangle [GO:0097418]	108.83
Polyketide	neuron projection [GO:0043005]	108.83
Polyketide	somatodendritic compartment [GO:0036477]	108.83
Polyketide	microtubule [GO:0005874]	108.83
Polyketide	cytoplasm [GO:0005737]	108.83
Polyketide	neuronal cell body [GO:0043025]	108.83
Polyketide	cell body [GO:0044297]	108.83
Polyketide	nuclear speck [GO:0016607]	108.83
Polyketide	growth cone [GO:0030426]	108.83
Polyketide	membrane raft [GO:0045121]	108.83
Polyketide	dendrite [GO:0030425]	108.83
Polyketide	tubulin complex [GO:0045298]	108.83
Polyketide	microtubule cytoskeleton [GO:0015630]	108.83
Polyketide	cytosol [GO:0005829]	108.83
Polyketide	axolemma [GO:0030673]	108.83
Polyketide	glial cell projection [GO:0097386]	108.83
Polyketide	dendritic spine [GO:0043197]	108.83
Polyketide	extracellular region [GO:0005576]	108.83
Polyketide	cytoplasmic ribonucleoprotein granule [GO:0036464]	108.83
Polyketide	nucleus [GO:0005634]	108.83
Polyketide	axon cytoplasm [GO:1904115]	108.83
Polyketide	plasma membrane [GO:0005886]	108.83
Polyketide	mitochondrion [GO:0005739]	108.83
Polyketide	axon [GO:0030424]	108.83
Polyketide	plasma membrane [GO:0005886]	269.89
Polyketide	proton-transporting ATP synthase complex, coupling factor F(o) [GO:0045263]	269.89
Polyketide	nuclear envelope [GO:0005635]	517.58
Polyketide	perinuclear region of cytoplasm [GO:0048471]	517.58
Polyketide	cytosol [GO:0005829]	517.58
Polyketide	pericentriolar material [GO:0000242]	517.58
Polyketide	Golgi membrane [GO:0000139]	517.58
Polyketide	chromosome, telomeric region [GO:0000781]	517.58
Polyketide	nucleus [GO:0005634]	517.58
Polyketide	cytoplasm [GO:0005737]	517.58
Polyketide	MOZ/MORF histone acetyltransferase complex [GO:0070776]	525.16
Polyketide	histone acetyltransferase complex [GO:0000123]	525.16
Polyketide	cytosol [GO:0005829]	525.16
Polyketide	nucleoplasm [GO:0005654]	525.16
Polyketide	plasma membrane [GO:0005886]	525.16
Polyketide	nucleus [GO:0005634]	525.16
Polyketide	cytoplasm [GO:0005737]	525.16
Polyketide	sarcoplasmic reticulum membrane [GO:0033017]	829.4
Polyketide	cytoplasmic side of membrane [GO:0098562]	829.4
Polyketide	cytosol [GO:0005829]	829.4
Polyketide	Z disc [GO:0030018]	829.4
Polyketide	sarcoplasmic reticulum [GO:0016529]	829.4
Polyketide	terminal cisterna [GO:0014802]	829.4
Polyketide	membrane [GO:0016020]	829.4
Polyketide	ryanodine receptor complex [GO:1990425]	829.4
Polyketide	cytoplasm [GO:0005737]	829.4
Polyketide	nuclear envelope [GO:0005635]	725.87
Polyketide	perinuclear region of cytoplasm [GO:0048471]	725.87
Polyketide	cytosol [GO:0005829]	725.87
Polyketide	pericentriolar material [GO:0000242]	725.87
Polyketide	Golgi membrane [GO:0000139]	725.87
Polyketide	chromosome, telomeric region [GO:0000781]	725.87
Polyketide	nucleus [GO:0005634]	725.87
Polyketide	cytoplasm [GO:0005737]	725.87
Polyketide	protein-containing complex [GO:0032991]	749.17
Polyketide	cytosol [GO:0005829]	749.17
Polyketide	nucleoplasm [GO:0005654]	749.17
Polyketide	membrane [GO:0016020]	749.17
Polyketide	plasma membrane [GO:0005886]	749.17
Polyketide	euchromatin [GO:0000791]	749.17
Polyketide	chromatin [GO:0000785]	749.17
Polyketide	transcription regulator complex [GO:0005667]	749.17
Polyketide	nucleus [GO:0005634]	749.17
Polyketide	cytoplasm [GO:0005737]	749.17
Polyketide	Golgi apparatus [GO:0005794]	749.17
Polyketide	nucleus [GO:0005634]	664.28
Polyketide	cytosol [GO:0005829]	1035.18
Polyketide	extracellular exosome [GO:0070062]	1035.18
Polyketide	synapse [GO:0045202]	1035.18
Polyketide	axon [GO:0030424]	1035.18
Polyketide	cytoplasm [GO:0005737]	1035.18
Polyketide	nuclear envelope [GO:0005635]	578.98
Polyketide	perinuclear region of cytoplasm [GO:0048471]	578.98
Polyketide	cytosol [GO:0005829]	578.98
Polyketide	pericentriolar material [GO:0000242]	578.98
Polyketide	Golgi membrane [GO:0000139]	578.98
Polyketide	chromosome, telomeric region [GO:0000781]	578.98
Polyketide	nucleus [GO:0005634]	578.98
Polyketide	cytoplasm [GO:0005737]	578.98
Polyketide	RSC-type complex [GO:0016586]	416.21
Polyketide	kinetochore [GO:0000776]	416.21
Polyketide	SWI/SNF complex [GO:0016514]	416.21
Polyketide	nucleoplasm [GO:0005654]	416.21
Polyketide	nuclear matrix [GO:0016363]	416.21
Polyketide	chromatin [GO:0000785]	416.21
Polyketide	nuclear chromosome [GO:0000228]	416.21
Polyketide	nucleus [GO:0005634]	416.21
Polyketide	plasma membrane [GO:0005886]	1285.59
Polyketide	DNA-directed RNA polymerase complex [GO:0000428]	1285.59
Polyketide	cytosol [GO:0005829]	1285.59
Polyketide	peptidoglycan-based cell wall [GO:0009274]	1285.59
Polyketide	activin receptor complex [GO:0048179]	844.75
Polyketide	BMP receptor complex [GO:0070724]	844.75
Polyketide	plasma membrane [GO:0005886]	844.75
Polyketide	apical part of cell [GO:0045177]	844.75
Polyketide	secretory granule membrane [GO:0030667]	1689.52
Polyketide	clathrin-sculpted monoamine transport vesicle membrane [GO:0070083]	1689.52
Polyketide	terminal bouton [GO:0043195]	1689.52
Polyketide	synaptic vesicle membrane [GO:0030672]	1689.52
Polyketide	presynapse [GO:0098793]	1689.52
Polyketide	endoplasmic reticulum membrane [GO:0005789]	1689.52
Polyketide	node of Ranvier [GO:0033268]	640.19
Polyketide	synapse [GO:0045202]	640.19
Polyketide	plasma membrane [GO:0005886]	640.19
Polyketide	axon initial segment [GO:0043194]	640.19
Polyketide	voltage-gated potassium channel complex [GO:0008076]	640.19
Polyketide	cell body [GO:0044297]	800.8
Polyketide	actin filament [GO:0005884]	800.8
Polyketide	skeletal muscle myofibril [GO:0098723]	800.8
Polyketide	stress fiber [GO:0001725]	800.8
Polyketide	filamentous actin [GO:0031941]	800.8
Polyketide	actin filament bundle [GO:0032432]	800.8
Polyketide	lamellipodium [GO:0030027]	800.8
Polyketide	striated muscle thin filament [GO:0005865]	800.8
Polyketide	cytoplasm [GO:0005737]	800.8
Polyketide	filopodium [GO:0030175]	800.8
Polyketide	node of Ranvier [GO:0033268]	389.06
Polyketide	synapse [GO:0045202]	389.06
Polyketide	plasma membrane [GO:0005886]	389.06
Polyketide	axon initial segment [GO:0043194]	389.06
Polyketide	voltage-gated potassium channel complex [GO:0008076]	389.06
Polyketide	cytoplasm [GO:0005737]	508.35
Polyketide	efflux pump complex [GO:1990281]	2311.76
Polyketide	outer membrane-bounded periplasmic space [GO:0030288]	2311.76
Polyketide	periplasmic side of plasma membrane [GO:0098567]	2311.76
Polyketide	plasma membrane [GO:0005886]	2311.76
Polyketide	membrane [GO:0016020]	2311.76
Polyketide	mitochondrial proton-transporting ATP synthase complex [GO:0005753]	387.86
Polyketide	cytosol [GO:0005829]	387.86
Polyketide	mitochondrial proton-transporting ATP synthase complex, coupling factor F(o) [GO:0000276]	387.86
Polyketide	mitochondrion [GO:0005739]	387.86
Polyketide	mitochondrial intermembrane space [GO:0005758]	387.86
Polyketide	mitochondrial inner membrane [GO:0005743]	387.86
Polyketide	membrane [GO:0016020]	1287.25
Polyketide	clathrin-sculpted monoamine transport vesicle membrane [GO:0070083]	1287.25
Polyketide	terminal bouton [GO:0043195]	1287.25
Polyketide	centrosome [GO:0005813]	1287.25
Polyketide	plasma membrane [GO:0005886]	1287.25
Polyketide	intracellular membrane-bounded organelle [GO:0043231]	1287.25
Polyketide	dendrite [GO:0030425]	1287.25
Polyketide	dopaminergic synapse [GO:0098691]	1287.25
Polyketide	secretory granule membrane [GO:0030667]	1287.25
Polyketide	synaptic vesicle membrane [GO:0030672]	1287.25
Polyketide	axon [GO:0030424]	1287.25
Polyketide	synaptic vesicle [GO:0008021]	1287.25
Polyketide	cytoplasm [GO:0005737]	426.76
Polyketide	plasma membrane [GO:0005886]	297.11
Polyketide	proton-transporting ATP synthase complex, coupling factor F(o) [GO:0045263]	297.11
Polyketide	transcription repressor complex [GO:0017053]	1132.4
Polyketide	nucleoplasm [GO:0005654]	1132.4
Polyketide	nucleus [GO:0005634]	1132.4
Polyketide	intracellular membrane-bounded organelle [GO:0043231]	669.18
Polyketide	nucleoplasm [GO:0005654]	669.18
Polyketide	mitochondrion [GO:0005739]	669.18
Polyketide	chromatin [GO:0000785]	669.18
Polyketide	nucleus [GO:0005634]	669.18
Polyketide	bicellular tight junction [GO:0005923]	504.24
Polyketide	cytosol [GO:0005829]	504.24
Polyketide	Golgi membrane [GO:0000139]	504.24
Polyketide	plasma membrane [GO:0005886]	504.24
Polyketide	membrane [GO:0016020]	504.24
Polyketide	growth cone [GO:0030426]	504.24
Polyketide	adherens junction [GO:0005912]	504.24
Polyketide	cytoplasm [GO:0005737]	504.24
Polyketide	mitochondrial respiratory chain complex III [GO:0005750]	634.23
Polyketide	membrane [GO:0016020]	634.23
Polyketide	mitochondrial membrane [GO:0031966]	634.23
Polyketide	nucleoplasm [GO:0005654]	762.2
Polyketide	nucleus [GO:0005634]	762.2
Polyketide	cytoplasm [GO:0005737]	762.2
Polyketide	nucleolus [GO:0005730]	762.2
Polyketide	melanosome [GO:0042470]	1235.29
Polyketide	basolateral plasma membrane [GO:0016323]	1235.29
Polyketide	plasma membrane [GO:0005886]	1235.29
Polyketide	membrane [GO:0016020]	1235.29
Polyketide	axon [GO:0030424]	1235.29
Polyketide	sarcolemma [GO:0042383]	1235.29
Polyketide	sodium:potassium-exchanging ATPase complex [GO:0005890]	1235.29
Polyketide	cell body [GO:0044297]	754.92
Polyketide	actin filament [GO:0005884]	754.92
Polyketide	skeletal muscle myofibril [GO:0098723]	754.92
Polyketide	stress fiber [GO:0001725]	754.92
Polyketide	filamentous actin [GO:0031941]	754.92
Polyketide	actin filament bundle [GO:0032432]	754.92
Polyketide	lamellipodium [GO:0030027]	754.92
Polyketide	striated muscle thin filament [GO:0005865]	754.92
Polyketide	cytoplasm [GO:0005737]	754.92
Polyketide	filopodium [GO:0030175]	754.92
Polyketide	intracellular membrane-bounded organelle [GO:0043231]	738.88
Polyketide	endoplasmic reticulum membrane [GO:0005789]	738.88
Polyketide	mitochondrial inner membrane [GO:0005743]	738.88
Polyketide	cytoplasm [GO:0005737]	314.98
Polyketide	protein-containing complex [GO:0032991]	815.2
Polyketide	endocytic vesicle membrane [GO:0030666]	815.2
Polyketide	cytosol [GO:0005829]	815.2
Polyketide	transcription repressor complex [GO:0017053]	815.2
Polyketide	nucleoplasm [GO:0005654]	815.2
Polyketide	plasma membrane [GO:0005886]	815.2
Polyketide	nucleus [GO:0005634]	815.2
Polyketide	cytoplasm [GO:0005737]	815.2
Polyketide	nucleolus [GO:0005730]	815.2
Polyketide	cell outer membrane [GO:0009279]	1429.41
Polyketide	pore complex [GO:0046930]	1429.41
Polyketide	endoplasmic reticulum lumen [GO:0005788]	1056.67
Polyketide	endosome [GO:0005768]	1056.67
Polyketide	Golgi-associated vesicle lumen [GO:0070931]	1056.67
Polyketide	cell surface [GO:0009986]	1056.67
Polyketide	neuronal cell body [GO:0043025]	1056.67
Polyketide	recycling endosome [GO:0055037]	1056.67
Polyketide	trans-Golgi network [GO:0005802]	1056.67
Polyketide	endosome membrane [GO:0010008]	1056.67
Polyketide	synaptic vesicle [GO:0008021]	1056.67
Polyketide	lysosome [GO:0005764]	1056.67
Polyketide	membrane raft [GO:0045121]	1056.67
Polyketide	Golgi apparatus [GO:0005794]	1056.67
Polyketide	dendrite [GO:0030425]	1056.67
Polyketide	early endosome [GO:0005769]	1056.67
Polyketide	membrane [GO:0016020]	1056.67
Polyketide	multivesicular body [GO:0005771]	1056.67
Polyketide	plasma membrane [GO:0005886]	1056.67
Polyketide	hippocampal mossy fiber to CA3 synapse [GO:0098686]	1056.67
Polyketide	axon [GO:0030424]	1056.67
Polyketide	late endosome [GO:0005770]	1056.67
Polyketide	vacuolar proton-transporting V-type ATPase, V0 domain [GO:0000220]	509.3
Polyketide	synaptic vesicle membrane [GO:0030672]	509.3
Polyketide	clathrin-coated vesicle membrane [GO:0030665]	509.3
Polyketide	protein-containing complex [GO:0032991]	719.32
Polyketide	endocytic vesicle membrane [GO:0030666]	719.32
Polyketide	cytosol [GO:0005829]	719.32
Polyketide	transcription repressor complex [GO:0017053]	719.32
Polyketide	nucleoplasm [GO:0005654]	719.32
Polyketide	plasma membrane [GO:0005886]	719.32
Polyketide	nucleus [GO:0005634]	719.32
Polyketide	cytoplasm [GO:0005737]	719.32
Polyketide	nucleolus [GO:0005730]	719.32
Polyketide	fungal biofilm matrix [GO:0062040]	178.5
Polyketide	cytoplasm [GO:0005737]	178.5
Polyketide	extracellular region [GO:0005576]	178.5
Polyketide	nucleoplasm [GO:0005654]	399.72
Polyketide	cytosol [GO:0005829]	399.72
Polyketide	extracellular exosome [GO:0070062]	399.72
Polyketide	plasma membrane [GO:0005886]	272.3
Polyketide	proton-transporting ATP synthase complex, coupling factor F(o) [GO:0045263]	272.3
Polyketide	chromosome [GO:0005694]	1035.51
Polyketide	condensed nuclear chromosome [GO:0000794]	1035.51
Polyketide	nucleus [GO:0005634]	1035.51
Polyketide	nucleoplasm [GO:0005654]	1035.51
Polyketide	extracellular space [GO:0005615]	323.72
Polyketide	azurophil granule lumen [GO:0035578]	323.72
Polyketide	extracellular region [GO:0005576]	323.72
Polyketide	extracellular exosome [GO:0070062]	323.72
Polyketide	plasma membrane [GO:0005886]	389.16
Polyketide	dendrite [GO:0030425]	567.32
Polyketide	chloride channel complex [GO:0034707]	567.32
Polyketide	neuron projection [GO:0043005]	567.32
Polyketide	plasma membrane [GO:0005886]	567.32
Polyketide	membrane [GO:0016020]	567.32
Polyketide	postsynaptic membrane [GO:0045211]	567.32
Polyketide	synapse [GO:0045202]	567.32
Polyketide	perikaryon [GO:0043204]	567.32
Polyketide	sarcoplasmic reticulum membrane [GO:0033017]	912.74
Polyketide	cytoplasmic side of membrane [GO:0098562]	912.74
Polyketide	cytosol [GO:0005829]	912.74
Polyketide	Z disc [GO:0030018]	912.74
Polyketide	sarcoplasmic reticulum [GO:0016529]	912.74
Polyketide	terminal cisterna [GO:0014802]	912.74
Polyketide	membrane [GO:0016020]	912.74
Polyketide	ryanodine receptor complex [GO:1990425]	912.74
Polyketide	cytoplasm [GO:0005737]	912.74
Polyketide	cytoplasm [GO:0005737]	895.78
Polyketide	protein-containing complex [GO:0032991]	653.5
Polyketide	cytosol [GO:0005829]	653.5
Polyketide	nucleoplasm [GO:0005654]	653.5
Polyketide	membrane [GO:0016020]	653.5
Polyketide	plasma membrane [GO:0005886]	653.5
Polyketide	euchromatin [GO:0000791]	653.5
Polyketide	chromatin [GO:0000785]	653.5
Polyketide	transcription regulator complex [GO:0005667]	653.5
Polyketide	nucleus [GO:0005634]	653.5
Polyketide	cytoplasm [GO:0005737]	653.5
Polyketide	Golgi apparatus [GO:0005794]	653.5
Polyketide	sarcoplasmic reticulum membrane [GO:0033017]	1081.82
Polyketide	cytoplasmic side of membrane [GO:0098562]	1081.82
Polyketide	cytosol [GO:0005829]	1081.82
Polyketide	Z disc [GO:0030018]	1081.82
Polyketide	sarcoplasmic reticulum [GO:0016529]	1081.82
Polyketide	terminal cisterna [GO:0014802]	1081.82
Polyketide	membrane [GO:0016020]	1081.82
Polyketide	ryanodine receptor complex [GO:1990425]	1081.82
Polyketide	cytoplasm [GO:0005737]	1081.82
Polyketide	histone deacetylase complex [GO:0000118]	369.4
Polyketide	protein-containing complex [GO:0032991]	228.39
Polyketide	centrosome [GO:0005813]	228.39
Polyketide	perinuclear region of cytoplasm [GO:0048471]	228.39
Polyketide	cytosol [GO:0005829]	228.39
Polyketide	extracellular exosome [GO:0070062]	228.39
Polyketide	photoreceptor outer segment [GO:0001750]	228.39
Polyketide	ciliary basal body [GO:0036064]	228.39
Polyketide	photoreceptor inner segment [GO:0001917]	228.39
Polyketide	centriole [GO:0005814]	228.39
Polyketide	microtubule organizing center [GO:0005815]	228.39
Polyketide	endoplasmic reticulum [GO:0005783]	1170.63
Polyketide	nuclear envelope [GO:0005635]	1170.63
Polyketide	nuclear membrane [GO:0031965]	1170.63
Polyketide	endoplasmic reticulum membrane [GO:0005789]	1170.63
Polyketide	cytoplasmic vesicle [GO:0031410]	1170.63
Polyketide	mitochondrial proton-transporting ATP synthase complex [GO:0005753]	282.16
Polyketide	cytosol [GO:0005829]	282.16
Polyketide	mitochondrial proton-transporting ATP synthase complex, coupling factor F(o) [GO:0000276]	282.16
Polyketide	mitochondrion [GO:0005739]	282.16
Polyketide	mitochondrial intermembrane space [GO:0005758]	282.16
Polyketide	mitochondrial inner membrane [GO:0005743]	282.16
Polyketide	cell body [GO:0044297]	895.63
Polyketide	actin filament [GO:0005884]	895.63
Polyketide	skeletal muscle myofibril [GO:0098723]	895.63
Polyketide	stress fiber [GO:0001725]	895.63
Polyketide	filamentous actin [GO:0031941]	895.63
Polyketide	actin filament bundle [GO:0032432]	895.63
Polyketide	lamellipodium [GO:0030027]	895.63
Polyketide	striated muscle thin filament [GO:0005865]	895.63
Polyketide	cytoplasm [GO:0005737]	895.63
Polyketide	filopodium [GO:0030175]	895.63
Polyketide	host cell nucleus [GO:0042025]	721.91
Polyketide	host cell cytoplasm [GO:0030430]	721.91
Polyketide	fibrillar center [GO:0001650]	927.51
Polyketide	nuclear inner membrane [GO:0005637]	927.51
Polyketide	heterochromatin [GO:0000792]	927.51
Polyketide	nuclear envelope [GO:0005635]	927.51
Polyketide	PML body [GO:0016605]	927.51
Polyketide	cytosol [GO:0005829]	927.51
Polyketide	eNoSc complex [GO:0061773]	927.51
Polyketide	rDNA heterochromatin [GO:0033553]	927.51
Polyketide	nucleoplasm [GO:0005654]	927.51
Polyketide	mitochondrion [GO:0005739]	927.51
Polyketide	euchromatin [GO:0000791]	927.51
Polyketide	chromatin [GO:0000785]	927.51
Polyketide	chromatin silencing complex [GO:0005677]	927.51
Polyketide	nucleus [GO:0005634]	927.51
Polyketide	cytoplasm [GO:0005737]	927.51
Polyketide	nucleolus [GO:0005730]	927.51
Polyketide	cytoplasmic side of endoplasmic reticulum membrane [GO:0098554]	912.22
Polyketide	protein-containing complex [GO:0032991]	912.22
Polyketide	endoplasmic reticulum [GO:0005783]	912.22
Polyketide	sorting endosome [GO:0097443]	912.22
Polyketide	endosome lumen [GO:0031904]	912.22
Polyketide	early endosome [GO:0005769]	912.22
Polyketide	cytosol [GO:0005829]	912.22
Polyketide	mitochondrial crista [GO:0030061]	912.22
Polyketide	mitochondrial matrix [GO:0005759]	912.22
Polyketide	cytoplasm [GO:0005737]	912.22
Polyketide	dendrite [GO:0030425]	413.52
Polyketide	postsynapse [GO:0098794]	413.52
Polyketide	cell body [GO:0044297]	413.52
Polyketide	glutamatergic synapse [GO:0098978]	413.52
Polyketide	membrane [GO:0016020]	413.52
Polyketide	postsynaptic membrane [GO:0045211]	413.52
Polyketide	dendritic spine [GO:0043197]	413.52
Polyketide	axon [GO:0030424]	413.52
Polyketide	cytoplasm [GO:0005737]	413.52
Polyketide	cytosol [GO:0005829]	821.18
Polyketide	extracellular exosome [GO:0070062]	821.18
Polyketide	nucleoplasm [GO:0005654]	821.18
Polyketide	membrane [GO:0016020]	821.18
Polyketide	cytoplasm [GO:0005737]	821.18
Polyketide	centrosome [GO:0005813]	1047.69
Polyketide	voltage-gated calcium channel complex [GO:0005891]	1047.69
Polyketide	synaptic vesicle [GO:0008021]	1047.69
Polyketide	perinuclear region of cytoplasm [GO:0048471]	1047.69
Polyketide	cytosol [GO:0005829]	1047.69
Polyketide	gamma-tubulin complex [GO:0000930]	1047.69
Polyketide	postsynaptic density [GO:0014069]	1047.69
Polyketide	Z disc [GO:0030018]	1047.69
Polyketide	excitatory synapse [GO:0060076]	1047.69
Polyketide	dendritic spine [GO:0043197]	1047.69
Polyketide	nucleus [GO:0005634]	1047.69
Polyketide	lipid droplet [GO:0005811]	638.78
Polyketide	cytoplasm [GO:0005737]	638.78
Polyketide	cytosol [GO:0005829]	638.78
Polyketide	membrane [GO:0016020]	732.81
Polyketide	ATP-binding cassette (ABC) transporter complex, substrate-binding subunit-containing [GO:0055052]	732.81
Polyketide	outer membrane-bounded periplasmic space [GO:0030288]	732.81
Polyketide	periplasmic space [GO:0042597]	750.52
Polyketide	nucleoplasm [GO:0005654]	264.54
Polyketide	plasma membrane [GO:0005886]	264.54
Polyketide	cytosol [GO:0005829]	264.54
Polyketide	mitochondrion [GO:0005739]	955.02
Polyketide	acetyl-CoA carboxylase complex [GO:0009317]	955.02
Polyketide	endoplasmic reticulum membrane [GO:0005789]	955.02
Polyketide	cytosol [GO:0005829]	955.02
Polyketide	cytoplasm [GO:0005737]	391.04
Polyketide	aryl hydrocarbon receptor complex [GO:0034751]	449.29
Polyketide	cytosol [GO:0005829]	449.29
Polyketide	nucleus [GO:0005634]	449.29
Polyketide	histone deacetylase complex [GO:0000118]	448.58
Polyketide	nucleoplasm [GO:0005654]	448.58
Polyketide	nuclear chromosome [GO:0000228]	448.58
Polyketide	nucleus [GO:0005634]	448.58
Polyketide	cytoplasm [GO:0005737]	448.58
Polyketide	cell body [GO:0044297]	650.6
Polyketide	actin filament [GO:0005884]	650.6
Polyketide	skeletal muscle myofibril [GO:0098723]	650.6
Polyketide	stress fiber [GO:0001725]	650.6
Polyketide	filamentous actin [GO:0031941]	650.6
Polyketide	actin filament bundle [GO:0032432]	650.6
Polyketide	lamellipodium [GO:0030027]	650.6
Polyketide	striated muscle thin filament [GO:0005865]	650.6
Polyketide	cytoplasm [GO:0005737]	650.6
Polyketide	filopodium [GO:0030175]	650.6
Polyketide	protein-containing complex [GO:0032991]	932.3
Polyketide	mitotic spindle [GO:0072686]	932.3
Polyketide	cytosol [GO:0005829]	932.3
Polyketide	microtubule [GO:0005874]	932.3
Polyketide	membrane [GO:0016020]	932.3
Polyketide	nucleus [GO:0005634]	932.3
Polyketide	spindle [GO:0005819]	932.3
Polyketide	spindle pole [GO:0000922]	932.3
Polyketide	kinesin complex [GO:0005871]	932.3
Polyketide	cytoplasm [GO:0005737]	524.93
Polyketide	cytosol [GO:0005829]	742.06
Polyketide	transcription regulator complex [GO:0005667]	742.06
Polyketide	chromatin [GO:0000785]	742.06
Polyketide	receptor complex [GO:0043235]	742.06
Polyketide	mitochondrion [GO:0005739]	742.06
Polyketide	RNA polymerase II transcription regulator complex [GO:0090575]	742.06
Polyketide	nucleoplasm [GO:0005654]	742.06
Polyketide	nucleus [GO:0005634]	742.06
Polyketide	histone deacetylase complex [GO:0000118]	394.11
Polyketide	nucleoplasm [GO:0005654]	394.11
Polyketide	nuclear chromosome [GO:0000228]	394.11
Polyketide	nucleus [GO:0005634]	394.11
Polyketide	cytoplasm [GO:0005737]	394.11
Polyketide	cytoplasm [GO:0005737]	471.16
Polyketide	vesicle [GO:0031982]	352.74
Polyketide	cytoplasm [GO:0005737]	352.74
Polyketide	secretory granule lumen [GO:0034774]	352.74
Polyketide	cytosol [GO:0005829]	352.74
Polyketide	ficolin-1-rich granule lumen [GO:1904813]	352.74
Polyketide	extracellular exosome [GO:0070062]	352.74
Polyketide	nucleoplasm [GO:0005654]	352.74
Polyketide	plasma membrane [GO:0005886]	352.74
Polyketide	extracellular region [GO:0005576]	352.74
Polyketide	extracellular space [GO:0005615]	352.74
Polyketide	cell surface [GO:0009986]	352.74
Polyketide	nucleus [GO:0005634]	985.4
Polyketide	cytoplasm [GO:0005737]	985.4
Polyketide	cytosol [GO:0005829]	985.4
Polyketide	membrane-bounded organelle [GO:0043227]	1101.16
Polyketide	nucleoplasm [GO:0005654]	763.95
Polyketide	chromatin [GO:0000785]	763.95
Polyketide	host cell nucleus [GO:0042025]	595.33
Polyketide	host cell endoplasmic reticulum membrane [GO:0044167]	595.33
Polyketide	host cell endoplasmic reticulum-Golgi intermediate compartment [GO:0044172]	595.33
Polyketide	host cell Golgi apparatus [GO:0044177]	595.33
Polyketide	host cell endosome [GO:0044174]	595.33
Polyketide	membrane [GO:0016020]	595.33
Polyketide	double membrane vesicle viral factory outer membrane [GO:0062243]	595.33
Polyketide	host cell perinuclear region of cytoplasm [GO:0044220]	595.33
Polyketide	protein-containing complex [GO:0032991]	517.84
Polyketide	cytosol [GO:0005829]	517.84
Polyketide	nucleoplasm [GO:0005654]	517.84
Polyketide	membrane [GO:0016020]	517.84
Polyketide	plasma membrane [GO:0005886]	517.84
Polyketide	euchromatin [GO:0000791]	517.84
Polyketide	chromatin [GO:0000785]	517.84
Polyketide	transcription regulator complex [GO:0005667]	517.84
Polyketide	nucleus [GO:0005634]	517.84
Polyketide	cytoplasm [GO:0005737]	517.84
Polyketide	Golgi apparatus [GO:0005794]	517.84
Polyketide	extracellular exosome [GO:0070062]	792.71
Polyketide	cytoplasm [GO:0005737]	792.71
Polyketide	cytosol [GO:0005829]	792.71
Polyketide	dendrite [GO:0030425]	516.4
Polyketide	cytosol [GO:0005829]	516.4
Polyketide	synapse [GO:0045202]	516.4
Polyketide	nucleus [GO:0005634]	516.4
Polyketide	cytoplasm [GO:0005737]	516.4
Polyketide	neuronal cell body [GO:0043025]	516.4
Polyketide	periplasmic space [GO:0042597]	741.6
Polyketide	plasma membrane [GO:0005886]	926.02
Polyketide	protein-DNA complex [GO:0032993]	763.46
Polyketide	epidermal lamellar body [GO:0097209]	205.19
Polyketide	extracellular region [GO:0005576]	205.19
Polyketide	extracellular space [GO:0005615]	205.19
Polyketide	secretory granule [GO:0030141]	205.19
Polyketide	cornified envelope [GO:0001533]	205.19
Polyketide	cell body [GO:0044297]	763.07
Polyketide	actin filament [GO:0005884]	763.07
Polyketide	skeletal muscle myofibril [GO:0098723]	763.07
Polyketide	stress fiber [GO:0001725]	763.07
Polyketide	filamentous actin [GO:0031941]	763.07
Polyketide	actin filament bundle [GO:0032432]	763.07
Polyketide	lamellipodium [GO:0030027]	763.07
Polyketide	striated muscle thin filament [GO:0005865]	763.07
Polyketide	cytoplasm [GO:0005737]	763.07
Polyketide	filopodium [GO:0030175]	763.07
Polyketide	postsynaptic density [GO:0014069]	801.13
Polyketide	glutamatergic synapse [GO:0098978]	801.13
Polyketide	plasma membrane [GO:0005886]	801.13
Polyketide	DAPK1-calmodulin complex [GO:1990722]	801.13
Polyketide	actin cytoskeleton [GO:0015629]	801.13
Polyketide	nucleus [GO:0005634]	801.13
Polyketide	cytoplasm [GO:0005737]	801.13
Polyketide	nuclear body [GO:0016604]	1217.83
Polyketide	nucleoplasm [GO:0005654]	1217.83
Polyketide	chromatin [GO:0000785]	1217.83
Polyketide	transcription regulator complex [GO:0005667]	1217.83
Polyketide	intermediate filament cytoskeleton [GO:0045111]	1217.83
Polyketide	nuclear chromosome [GO:0000228]	485.88
Polyketide	histone deacetylase complex [GO:0000118]	485.88
Polyketide	cytoplasm [GO:0005737]	485.88
Polyketide	nucleoplasm [GO:0005654]	485.88
Polyketide	nucleus [GO:0005634]	485.88
Polyketide	extracellular space [GO:0005615]	372.55
Polyketide	azurophil granule lumen [GO:0035578]	372.55
Polyketide	extracellular region [GO:0005576]	372.55
Polyketide	extracellular exosome [GO:0070062]	372.55
Polyketide	protein-containing complex [GO:0032991]	795.83
Polyketide	cytosol [GO:0005829]	795.83
Polyketide	nucleoplasm [GO:0005654]	795.83
Polyketide	membrane [GO:0016020]	795.83
Polyketide	plasma membrane [GO:0005886]	795.83
Polyketide	euchromatin [GO:0000791]	795.83
Polyketide	chromatin [GO:0000785]	795.83
Polyketide	transcription regulator complex [GO:0005667]	795.83
Polyketide	nucleus [GO:0005634]	795.83
Polyketide	cytoplasm [GO:0005737]	795.83
Polyketide	Golgi apparatus [GO:0005794]	795.83
Polyketide	chloride channel complex [GO:0034707]	418.43
Polyketide	postsynaptic membrane [GO:0045211]	418.43
Polyketide	perikaryon [GO:0043204]	418.43
Polyketide	membrane [GO:0016020]	418.43
Polyketide	plasma membrane [GO:0005886]	418.43
Polyketide	dendrite [GO:0030425]	418.43
Polyketide	neuron projection [GO:0043005]	418.43
Polyketide	synapse [GO:0045202]	418.43
Polyketide	plasma membrane [GO:0005886]	727.11
Polyketide	cytoplasm [GO:0005737]	725.16
Polyketide	vacuolar proton-transporting V-type ATPase, V0 domain [GO:0000220]	515.04
Polyketide	synaptic vesicle membrane [GO:0030672]	515.04
Polyketide	clathrin-coated vesicle membrane [GO:0030665]	515.04
Polyketide	voltage-gated potassium channel complex [GO:0008076]	676.13
Polyketide	endoplasmic reticulum [GO:0005783]	676.13
Polyketide	cell surface [GO:0009986]	676.13
Polyketide	apical plasma membrane [GO:0016324]	676.13
Polyketide	plasma membrane [GO:0005886]	676.13
Polyketide	endoplasmic reticulum membrane [GO:0005789]	676.13
Polyketide	astrocyte projection [GO:0097449]	676.13
Polyketide	calyx of Held [GO:0044305]	676.13
Polyketide	neuronal cell body [GO:0043025]	676.13
Polyketide	extracellular region [GO:0005576]	190.78
Polyketide	extracellular exosome [GO:0070062]	190.78
Polyketide	azurophil granule lumen [GO:0035578]	190.78
Polyketide	extracellular space [GO:0005615]	190.78
Polyketide	extracellular space [GO:0005615]	285.36
Polyketide	azurophil granule lumen [GO:0035578]	285.36
Polyketide	extracellular region [GO:0005576]	285.36
Polyketide	extracellular exosome [GO:0070062]	285.36
Polyketide	protein-containing complex [GO:0032991]	1114.14
Polyketide	cytosol [GO:0005829]	1114.14
Polyketide	nucleoplasm [GO:0005654]	1114.14
Polyketide	membrane [GO:0016020]	1114.14
Polyketide	plasma membrane [GO:0005886]	1114.14
Polyketide	euchromatin [GO:0000791]	1114.14
Polyketide	chromatin [GO:0000785]	1114.14
Polyketide	transcription regulator complex [GO:0005667]	1114.14
Polyketide	nucleus [GO:0005634]	1114.14
Polyketide	cytoplasm [GO:0005737]	1114.14
Polyketide	Golgi apparatus [GO:0005794]	1114.14
Polyketide	cytosol [GO:0005829]	1608.08
Polyketide	extracellular exosome [GO:0070062]	1608.08
Polyketide	extracellular space [GO:0005615]	1608.08
Polyketide	nucleus [GO:0005634]	1608.08
Polyketide	cytoplasm [GO:0005737]	1608.08
Polyketide	node of Ranvier [GO:0033268]	353.22
Polyketide	synapse [GO:0045202]	353.22
Polyketide	plasma membrane [GO:0005886]	353.22
Polyketide	axon initial segment [GO:0043194]	353.22
Polyketide	voltage-gated potassium channel complex [GO:0008076]	353.22
Polyketide	node of Ranvier [GO:0033268]	286.93
Polyketide	synapse [GO:0045202]	286.93
Polyketide	plasma membrane [GO:0005886]	286.93
Polyketide	axon initial segment [GO:0043194]	286.93
Polyketide	voltage-gated potassium channel complex [GO:0008076]	286.93
Polyketide	plasma membrane [GO:0005886]	773.68
Polyketide	extracellular region [GO:0005576]	1163.15
Polyketide	intracellular membrane-bounded organelle [GO:0043231]	0.0
Polyketide	nucleoplasm [GO:0005654]	0.0
Polyketide	mitochondrion [GO:0005739]	0.0
Polyketide	chromatin [GO:0000785]	0.0
Polyketide	nucleus [GO:0005634]	0.0
Polyketide	chromosome [GO:0005694]	627.25
Polyketide	condensed nuclear chromosome [GO:0000794]	627.25
Polyketide	nucleus [GO:0005634]	627.25
Polyketide	nucleoplasm [GO:0005654]	627.25
Polyketide	cytosol [GO:0005829]	691.79
Polyketide	nucleoplasm [GO:0005654]	691.79
Polyketide	plasma membrane [GO:0005886]	691.79
Polyketide	nucleus [GO:0005634]	691.79
Polyketide	cytoplasm [GO:0005737]	691.79
Polyketide	nucleolus [GO:0005730]	691.79
Polyketide	calcineurin complex [GO:0005955]	785.57
Polyketide	cytoplasm [GO:0005737]	785.57
Polyketide	endoplasmic reticulum [GO:0005783]	476.78
Polyketide	AIP1-IRE1 complex [GO:1990597]	476.78
Polyketide	nuclear inner membrane [GO:0005637]	476.78
Polyketide	endoplasmic reticulum membrane [GO:0005789]	476.78
Polyketide	mitochondrion [GO:0005739]	476.78
Polyketide	IRE1-RACK1-PP2A complex [GO:1990630]	476.78
Polyketide	cytoplasm [GO:0005737]	476.78
Polyketide	IRE1-TRAF2-ASK1 complex [GO:1990604]	476.78
Polyketide	plasma membrane [GO:0005886]	277.78
Polyketide	proton-transporting ATP synthase complex, coupling factor F(o) [GO:0045263]	277.78
Polyketide	host cell nucleus [GO:0042025]	830.6
Polyketide	protein-containing complex [GO:0032991]	830.6
Polyketide	host cell plasma membrane [GO:0020002]	830.6
Polyketide	host cell lipid droplet [GO:0044186]	830.6
Polyketide	viral envelope [GO:0019031]	830.6
Polyketide	host cell endoplasmic reticulum membrane [GO:0044167]	830.6
Polyketide	host cell mitochondrial membrane [GO:0044191]	830.6
Polyketide	ribonucleoprotein complex [GO:1990904]	830.6
Polyketide	membrane [GO:0016020]	830.6
Polyketide	viral nucleocapsid [GO:0019013]	830.6
Polyketide	virion membrane [GO:0055036]	830.6
Polyketide	host cell perinuclear region of cytoplasm [GO:0044220]	830.6
Polyketide	nuclear periphery [GO:0034399]	107.59
Polyketide	main axon [GO:0044304]	107.59
Polyketide	neurofibrillary tangle [GO:0097418]	107.59
Polyketide	neuron projection [GO:0043005]	107.59
Polyketide	somatodendritic compartment [GO:0036477]	107.59
Polyketide	microtubule [GO:0005874]	107.59
Polyketide	cytoplasm [GO:0005737]	107.59
Polyketide	neuronal cell body [GO:0043025]	107.59
Polyketide	cell body [GO:0044297]	107.59
Polyketide	nuclear speck [GO:0016607]	107.59
Polyketide	growth cone [GO:0030426]	107.59
Polyketide	membrane raft [GO:0045121]	107.59
Polyketide	dendrite [GO:0030425]	107.59
Polyketide	tubulin complex [GO:0045298]	107.59
Polyketide	microtubule cytoskeleton [GO:0015630]	107.59
Polyketide	cytosol [GO:0005829]	107.59
Polyketide	axolemma [GO:0030673]	107.59
Polyketide	glial cell projection [GO:0097386]	107.59
Polyketide	dendritic spine [GO:0043197]	107.59
Polyketide	extracellular region [GO:0005576]	107.59
Polyketide	cytoplasmic ribonucleoprotein granule [GO:0036464]	107.59
Polyketide	nucleus [GO:0005634]	107.59
Polyketide	axon cytoplasm [GO:1904115]	107.59
Polyketide	plasma membrane [GO:0005886]	107.59
Polyketide	mitochondrion [GO:0005739]	107.59
Polyketide	axon [GO:0030424]	107.59
Polyketide	protein-containing complex [GO:0032991]	978.02
Polyketide	endocytic vesicle membrane [GO:0030666]	978.02
Polyketide	cytosol [GO:0005829]	978.02
Polyketide	transcription repressor complex [GO:0017053]	978.02
Polyketide	nucleoplasm [GO:0005654]	978.02
Polyketide	plasma membrane [GO:0005886]	978.02
Polyketide	nucleus [GO:0005634]	978.02
Polyketide	cytoplasm [GO:0005737]	978.02
Polyketide	nucleolus [GO:0005730]	978.02
Polyketide	plasma membrane [GO:0005886]	63.56
Polyketide	proton-transporting ATP synthase complex, coupling factor F(o) [GO:0045263]	63.56
Polyketide	transporter complex [GO:1990351]	486.93
Polyketide	plasma membrane [GO:0005886]	486.93
Polyketide	membrane [GO:0016020]	486.93
Polyketide	ATP-binding cassette (ABC) transporter complex [GO:0043190]	486.93
Polyketide	cytoplasm [GO:0005737]	486.93
Polyketide	membrane [GO:0016020]	465.92
Polyketide	extracellular space [GO:0005615]	30.34
Polyketide	azurophil granule lumen [GO:0035578]	30.34
Polyketide	extracellular region [GO:0005576]	30.34
Polyketide	extracellular exosome [GO:0070062]	30.34
Polyketide	extracellular space [GO:0005615]	278.63
Polyketide	azurophil granule lumen [GO:0035578]	278.63
Polyketide	extracellular region [GO:0005576]	278.63
Polyketide	extracellular exosome [GO:0070062]	278.63
Polyketide	nucleolus [GO:0005730]	863.45
Polyketide	nucleoplasm [GO:0005654]	863.45
Polyketide	cytoplasm [GO:0005737]	863.45
Polyketide	cytosol [GO:0005829]	863.45
Polyketide	cell body [GO:0044297]	61.31
Polyketide	actin filament [GO:0005884]	61.31
Polyketide	skeletal muscle myofibril [GO:0098723]	61.31
Polyketide	stress fiber [GO:0001725]	61.31
Polyketide	filamentous actin [GO:0031941]	61.31
Polyketide	actin filament bundle [GO:0032432]	61.31
Polyketide	lamellipodium [GO:0030027]	61.31
Polyketide	striated muscle thin filament [GO:0005865]	61.31
Polyketide	cytoplasm [GO:0005737]	61.31
Polyketide	filopodium [GO:0030175]	61.31
Polyketide	extracellular region [GO:0005576]	187.55
Polyketide	extracellular exosome [GO:0070062]	187.55
Polyketide	azurophil granule lumen [GO:0035578]	187.55
Polyketide	extracellular space [GO:0005615]	187.55
Polyketide	organelle membrane [GO:0031090]	986.75
Polyketide	cytosol [GO:0005829]	986.75
Polyketide	autophagosome [GO:0005776]	986.75
Polyketide	intracellular membrane-bounded organelle [GO:0043231]	986.75
Polyketide	glutamatergic synapse [GO:0098978]	986.75
Polyketide	microtubule [GO:0005874]	986.75
Polyketide	autolysosome [GO:0044754]	986.75
Polyketide	late endosome [GO:0005770]	986.75
Polyketide	autophagosome membrane [GO:0000421]	986.75
Polyketide	extracellular space [GO:0005615]	281.27
Polyketide	azurophil granule lumen [GO:0035578]	281.27
Polyketide	extracellular region [GO:0005576]	281.27
Polyketide	extracellular exosome [GO:0070062]	281.27
Polyketide	membrane [GO:0016020]	877.96
Polyketide	cytosol [GO:0005829]	877.96
Polyketide	transcription regulator complex [GO:0005667]	877.96
Polyketide	cytoplasm [GO:0005737]	877.96
Polyketide	chromatin [GO:0000785]	877.96
Polyketide	Golgi apparatus [GO:0005794]	877.96
Polyketide	plasma membrane [GO:0005886]	877.96
Polyketide	nucleoplasm [GO:0005654]	877.96
Polyketide	protein-containing complex [GO:0032991]	877.96
Polyketide	euchromatin [GO:0000791]	877.96
Polyketide	nucleus [GO:0005634]	877.96
Polyketide	mitochondrial envelope [GO:0005740]	673.12
Polyketide	mitochondrial outer membrane [GO:0005741]	673.12
Polyketide	mitochondrion [GO:0005739]	673.12
Polyketide	endosome [GO:0005768]	807.45
Polyketide	cyclin E2-CDK2 complex [GO:0097135]	807.45
Polyketide	cyclin E1-CDK2 complex [GO:0097134]	807.45
Polyketide	Cajal body [GO:0015030]	807.45
Polyketide	nucleoplasm [GO:0005654]	807.45
Polyketide	male germ cell nucleus [GO:0001673]	807.45
Polyketide	cytoplasm [GO:0005737]	807.45
Polyketide	centrosome [GO:0005813]	807.45
Polyketide	condensed chromosome [GO:0000793]	807.45
Polyketide	cyclin A1-CDK2 complex [GO:0097123]	807.45
Polyketide	cyclin A2-CDK2 complex [GO:0097124]	807.45
Polyketide	cytosol [GO:0005829]	807.45
Polyketide	X chromosome [GO:0000805]	807.45
Polyketide	chromosome, telomeric region [GO:0000781]	807.45
Polyketide	nucleus [GO:0005634]	807.45
Polyketide	Y chromosome [GO:0000806]	807.45
Polyketide	nuclear envelope [GO:0005635]	807.45
Polyketide	cyclin-dependent protein kinase holoenzyme complex [GO:0000307]	807.45
Polyketide	transcription regulator complex [GO:0005667]	807.45
Polyketide	nucleus [GO:0005634]	474.32
Polyketide	cytosol [GO:0005829]	474.32
Polyketide	methionine adenosyltransferase complex [GO:0048269]	474.32
Polyketide	extracellular exosome [GO:0070062]	474.32
Polyketide	endoplasmic reticulum lumen [GO:0005788]	751.78
Polyketide	protein-containing complex [GO:0032991]	751.78
Polyketide	endoplasmic reticulum [GO:0005783]	751.78
Polyketide	extracellular exosome [GO:0070062]	751.78
Polyketide	blood microparticle [GO:0072562]	751.78
Polyketide	platelet alpha granule lumen [GO:0031093]	751.78
Polyketide	extracellular region [GO:0005576]	751.78
Polyketide	extracellular space [GO:0005615]	751.78
Polyketide	nucleus [GO:0005634]	751.78
Polyketide	cytoplasm [GO:0005737]	751.78
Polyketide	Golgi apparatus [GO:0005794]	751.78
Polyketide	efflux pump complex [GO:1990281]	1961.97
Polyketide	outer membrane-bounded periplasmic space [GO:0030288]	1961.97
Polyketide	periplasmic side of plasma membrane [GO:0098567]	1961.97
Polyketide	plasma membrane [GO:0005886]	1961.97
Polyketide	membrane [GO:0016020]	1961.97
Polyketide	cytosol [GO:0005829]	938.76
Polyketide	presynaptic active zone cytoplasmic component [GO:0098831]	1105.63
Polyketide	glutamatergic synapse [GO:0098978]	1105.63
Polyketide	guanylate cyclase complex, soluble [GO:0008074]	1105.63
Polyketide	cytosol [GO:0005829]	1105.63
Polyketide	chromosome [GO:0005694]	691.56
Polyketide	condensed nuclear chromosome [GO:0000794]	691.56
Polyketide	nucleus [GO:0005634]	691.56
Polyketide	nucleoplasm [GO:0005654]	691.56
Polyketide	sarcoplasmic reticulum membrane [GO:0033017]	931.94
Polyketide	cytoplasmic side of membrane [GO:0098562]	931.94
Polyketide	cytosol [GO:0005829]	931.94
Polyketide	Z disc [GO:0030018]	931.94
Polyketide	sarcoplasmic reticulum [GO:0016529]	931.94
Polyketide	terminal cisterna [GO:0014802]	931.94
Polyketide	membrane [GO:0016020]	931.94
Polyketide	ryanodine receptor complex [GO:1990425]	931.94
Polyketide	cytoplasm [GO:0005737]	931.94
Polyketide	plasma membrane [GO:0005886]	335.8
Polyketide	proton-transporting ATP synthase complex, coupling factor F(o) [GO:0045263]	335.8
Polyketide	cytoplasm [GO:0005737]	527.11
Polyketide	cytosol [GO:0005829]	565.15
Polyketide	cytoplasm [GO:0005737]	1130.48
Polyketide	nuclear speck [GO:0016607]	739.63
Polyketide	cytosol [GO:0005829]	739.63
Polyketide	plasma membrane [GO:0005886]	739.63
Polyketide	intracellular membrane-bounded organelle [GO:0043231]	739.63
Polyketide	cytoplasm [GO:0005737]	739.63
Polyketide	nucleoplasm [GO:0005654]	739.63
Polyketide	nucleus [GO:0005634]	739.63
Polyketide	nucleoplasm [GO:0005654]	983.7
Polyketide	receptor complex [GO:0043235]	983.7
Polyketide	euchromatin [GO:0000791]	983.7
Polyketide	chromatin [GO:0000785]	983.7
Polyketide	endoplasmic reticulum [GO:0005783]	954.57
Polyketide	focal adhesion [GO:0005925]	954.57
Polyketide	cytosol [GO:0005829]	954.57
Polyketide	early endosome [GO:0005769]	954.57
Polyketide	plasma membrane [GO:0005886]	954.57
Polyketide	mitochondrion [GO:0005739]	954.57
Polyketide	nucleus [GO:0005634]	954.57
Polyketide	late endosome [GO:0005770]	954.57
Polyketide	microtubule organizing center [GO:0005815]	954.57
Polyketide	Golgi apparatus [GO:0005794]	954.57
Polyketide	cytosol [GO:0005829]	716.44
Polyketide	intracellular membrane-bounded organelle [GO:0043231]	716.44
Polyketide	nucleoplasm [GO:0005654]	716.44
Polyketide	receptor complex [GO:0043235]	716.44
Polyketide	RNA polymerase II transcription regulator complex [GO:0090575]	716.44
Polyketide	chromatin [GO:0000785]	716.44
Polyketide	nucleus [GO:0005634]	716.44
Polyketide	cell body [GO:0044297]	771.47
Polyketide	actin filament [GO:0005884]	771.47
Polyketide	skeletal muscle myofibril [GO:0098723]	771.47
Polyketide	stress fiber [GO:0001725]	771.47
Polyketide	filamentous actin [GO:0031941]	771.47
Polyketide	actin filament bundle [GO:0032432]	771.47
Polyketide	lamellipodium [GO:0030027]	771.47
Polyketide	striated muscle thin filament [GO:0005865]	771.47
Polyketide	cytoplasm [GO:0005737]	771.47
Polyketide	filopodium [GO:0030175]	771.47
Polyketide	neuron projection [GO:0043005]	755.07
Polyketide	cytosol [GO:0005829]	755.07
Polyketide	postsynaptic density [GO:0014069]	755.07
Polyketide	Golgi membrane [GO:0000139]	755.07
Polyketide	plasma membrane [GO:0005886]	755.07
Polyketide	Golgi apparatus [GO:0005794]	755.07
Polyketide	plasma membrane [GO:0005886]	1016.2
Polyketide	DNA-directed RNA polymerase complex [GO:0000428]	1016.2
Polyketide	cytosol [GO:0005829]	1016.2
Polyketide	peptidoglycan-based cell wall [GO:0009274]	1016.2
Polyketide	collagen-containing extracellular matrix [GO:0062023]	327.45
Polyketide	basement membrane [GO:0005604]	327.45
Polyketide	neuromuscular junction [GO:0031594]	327.45
Polyketide	protein complex involved in cell-matrix adhesion [GO:0098637]	327.45
Polyketide	extracellular region [GO:0005576]	327.45
Polyketide	dendritic spine [GO:0043197]	327.45
Polyketide	synaptic cleft [GO:0043083]	327.45
Polyketide	sarcolemma [GO:0042383]	327.45
Polyketide	extracellular space [GO:0005615]	369.93
Polyketide	azurophil granule lumen [GO:0035578]	369.93
Polyketide	extracellular region [GO:0005576]	369.93
Polyketide	extracellular exosome [GO:0070062]	369.93
Polyketide	cytosol [GO:0005829]	860.84
Polyketide	extracellular exosome [GO:0070062]	860.84
Polyketide	synapse [GO:0045202]	860.84
Polyketide	axon [GO:0030424]	860.84
Polyketide	cytoplasm [GO:0005737]	860.84
Polyketide	nuclear envelope [GO:0005635]	650.68
Polyketide	perinuclear region of cytoplasm [GO:0048471]	650.68
Polyketide	cytosol [GO:0005829]	650.68
Polyketide	pericentriolar material [GO:0000242]	650.68
Polyketide	Golgi membrane [GO:0000139]	650.68
Polyketide	chromosome, telomeric region [GO:0000781]	650.68
Polyketide	nucleus [GO:0005634]	650.68
Polyketide	cytoplasm [GO:0005737]	650.68
Polyketide	membrane [GO:0016020]	697.89
Polyketide	receptor complex [GO:0043235]	697.89
Polyketide	nuclear envelope [GO:0005635]	666.16
Polyketide	perinuclear region of cytoplasm [GO:0048471]	666.16
Polyketide	cytosol [GO:0005829]	666.16
Polyketide	pericentriolar material [GO:0000242]	666.16
Polyketide	Golgi membrane [GO:0000139]	666.16
Polyketide	chromosome, telomeric region [GO:0000781]	666.16
Polyketide	nucleus [GO:0005634]	666.16
Polyketide	cytoplasm [GO:0005737]	666.16
Polyketide	phagocytic vesicle membrane [GO:0030670]	241.41
Polyketide	external side of plasma membrane [GO:0009897]	241.41
Polyketide	cytosol [GO:0005829]	724.7
Polyketide	cytoplasm [GO:0005737]	724.7
Polyketide	nucleoplasm [GO:0005654]	724.7
Polyketide	nucleus [GO:0005634]	724.7
Polyketide	mitochondrial proton-transporting ATP synthase complex [GO:0005753]	328.81
Polyketide	cytosol [GO:0005829]	328.81
Polyketide	mitochondrial proton-transporting ATP synthase complex, coupling factor F(o) [GO:0000276]	328.81
Polyketide	mitochondrion [GO:0005739]	328.81
Polyketide	mitochondrial intermembrane space [GO:0005758]	328.81
Polyketide	mitochondrial inner membrane [GO:0005743]	328.81
Polyketide	extracellular region [GO:0005576]	1299.52
Polyketide	node of Ranvier [GO:0033268]	322.05
Polyketide	synapse [GO:0045202]	322.05
Polyketide	plasma membrane [GO:0005886]	322.05
Polyketide	axon initial segment [GO:0043194]	322.05
Polyketide	voltage-gated potassium channel complex [GO:0008076]	322.05
Polyketide	melanosome [GO:0042470]	197.5
Polyketide	axonal growth cone [GO:0044295]	197.5
Polyketide	cell body [GO:0044297]	197.5
Polyketide	endomembrane system [GO:0012505]	197.5
Polyketide	lamellipodium [GO:0030027]	197.5
Polyketide	growth cone membrane [GO:0032584]	197.5
Polyketide	plasma membrane [GO:0005886]	197.5
Polyketide	axon [GO:0030424]	197.5
Polyketide	cell surface [GO:0009986]	197.5
Polyketide	cell body [GO:0044297]	772.53
Polyketide	actin filament [GO:0005884]	772.53
Polyketide	skeletal muscle myofibril [GO:0098723]	772.53
Polyketide	stress fiber [GO:0001725]	772.53
Polyketide	filamentous actin [GO:0031941]	772.53
Polyketide	actin filament bundle [GO:0032432]	772.53
Polyketide	lamellipodium [GO:0030027]	772.53
Polyketide	striated muscle thin filament [GO:0005865]	772.53
Polyketide	cytoplasm [GO:0005737]	772.53
Polyketide	filopodium [GO:0030175]	772.53
Polyketide	node of Ranvier [GO:0033268]	242.73
Polyketide	synapse [GO:0045202]	242.73
Polyketide	plasma membrane [GO:0005886]	242.73
Polyketide	axon initial segment [GO:0043194]	242.73
Polyketide	voltage-gated potassium channel complex [GO:0008076]	242.73
Polyketide	chromatin [GO:0000785]	569.03
Polyketide	intracellular membrane-bounded organelle [GO:0043231]	569.03
Polyketide	nucleoplasm [GO:0005654]	569.03
Polyketide	chromosome, subtelomeric region [GO:0099115]	569.03
Polyketide	pericentric heterochromatin [GO:0005721]	569.03
Polyketide	site of double-strand break [GO:0035861]	569.03
Polyketide	nucleus [GO:0005634]	569.03
Polyketide	site of DNA damage [GO:0090734]	569.03
Polyketide	endoplasmic reticulum [GO:0005783]	569.03
Polyketide	extracellular space [GO:0005615]	684.02
Polyketide	xanthine dehydrogenase complex [GO:0002197]	684.02
Polyketide	peroxisome [GO:0005777]	684.02
Polyketide	intracellular membrane-bounded organelle [GO:0043231]	442.53
Polyketide	nucleoplasm [GO:0005654]	442.53
Polyketide	mitochondrion [GO:0005739]	442.53
Polyketide	chromatin [GO:0000785]	442.53
Polyketide	nucleus [GO:0005634]	442.53
Polyketide	fibrillar center [GO:0001650]	831.73
Polyketide	nuclear inner membrane [GO:0005637]	831.73
Polyketide	heterochromatin [GO:0000792]	831.73
Polyketide	nuclear envelope [GO:0005635]	831.73
Polyketide	PML body [GO:0016605]	831.73
Polyketide	cytosol [GO:0005829]	831.73
Polyketide	eNoSc complex [GO:0061773]	831.73
Polyketide	rDNA heterochromatin [GO:0033553]	831.73
Polyketide	nucleoplasm [GO:0005654]	831.73
Polyketide	mitochondrion [GO:0005739]	831.73
Polyketide	euchromatin [GO:0000791]	831.73
Polyketide	chromatin [GO:0000785]	831.73
Polyketide	chromatin silencing complex [GO:0005677]	831.73
Polyketide	nucleus [GO:0005634]	831.73
Polyketide	cytoplasm [GO:0005737]	831.73
Polyketide	nucleolus [GO:0005730]	831.73
Polyketide	cell body [GO:0044297]	874.48
Polyketide	actin filament [GO:0005884]	874.48
Polyketide	skeletal muscle myofibril [GO:0098723]	874.48
Polyketide	stress fiber [GO:0001725]	874.48
Polyketide	filamentous actin [GO:0031941]	874.48
Polyketide	actin filament bundle [GO:0032432]	874.48
Polyketide	lamellipodium [GO:0030027]	874.48
Polyketide	striated muscle thin filament [GO:0005865]	874.48
Polyketide	cytoplasm [GO:0005737]	874.48
Polyketide	filopodium [GO:0030175]	874.48
Polyketide	chromosome [GO:0005694]	796.21
Polyketide	cytoplasm [GO:0005737]	796.21
Polyketide	mitochondrial proton-transporting ATP synthase complex [GO:0005753]	178.74
Polyketide	cytosol [GO:0005829]	178.74
Polyketide	mitochondrial proton-transporting ATP synthase complex, coupling factor F(o) [GO:0000276]	178.74
Polyketide	mitochondrion [GO:0005739]	178.74
Polyketide	mitochondrial intermembrane space [GO:0005758]	178.74
Polyketide	mitochondrial inner membrane [GO:0005743]	178.74
Polyketide	cytoplasm [GO:0005737]	1010.98
Polyketide	cell body [GO:0044297]	1388.01
Polyketide	actin filament [GO:0005884]	1388.01
Polyketide	skeletal muscle myofibril [GO:0098723]	1388.01
Polyketide	stress fiber [GO:0001725]	1388.01
Polyketide	filamentous actin [GO:0031941]	1388.01
Polyketide	actin filament bundle [GO:0032432]	1388.01
Polyketide	lamellipodium [GO:0030027]	1388.01
Polyketide	striated muscle thin filament [GO:0005865]	1388.01
Polyketide	cytoplasm [GO:0005737]	1388.01
Polyketide	filopodium [GO:0030175]	1388.01
Polyketide	nucleoplasm [GO:0005654]	694.48
Polyketide	nucleus [GO:0005634]	694.48
Polyketide	cytoplasm [GO:0005737]	694.48
Polyketide	chromatin [GO:0000785]	694.48
Polyketide	histone deacetylase complex [GO:0000118]	705.47
Polyketide	cytosol [GO:0005829]	705.47
Polyketide	transcription repressor complex [GO:0017053]	705.47
Polyketide	nucleoplasm [GO:0005654]	705.47
Polyketide	nuclear speck [GO:0016607]	705.47
Polyketide	chromatin [GO:0000785]	705.47
Polyketide	nucleus [GO:0005634]	705.47
Polyketide	cytoplasm [GO:0005737]	705.47
Polyketide	extracellular space [GO:0005615]	153.16
Polyketide	azurophil granule lumen [GO:0035578]	153.16
Polyketide	extracellular region [GO:0005576]	153.16
Polyketide	extracellular exosome [GO:0070062]	153.16
Polyketide	plasma membrane [GO:0005886]	325.17
Polyketide	chromosome [GO:0005694]	214.07
Polyketide	condensed nuclear chromosome [GO:0000794]	214.07
Polyketide	nucleus [GO:0005634]	214.07
Polyketide	nucleoplasm [GO:0005654]	214.07
Polyketide	plasma membrane [GO:0005886]	218.03
Polyketide	proton-transporting ATP synthase complex, coupling factor F(o) [GO:0045263]	218.03
Polyketide	fungal biofilm matrix [GO:0062040]	168.9
Polyketide	cytoplasm [GO:0005737]	168.9
Polyketide	extracellular region [GO:0005576]	168.9
Polyketide	nucleoplasm [GO:0005654]	428.86
Polyketide	cytosol [GO:0005829]	428.86
Polyketide	extracellular exosome [GO:0070062]	428.86
Polyketide	protein-containing complex [GO:0032991]	1147.37
Polyketide	endocytic vesicle membrane [GO:0030666]	1147.37
Polyketide	cytosol [GO:0005829]	1147.37
Polyketide	transcription repressor complex [GO:0017053]	1147.37
Polyketide	nucleoplasm [GO:0005654]	1147.37
Polyketide	plasma membrane [GO:0005886]	1147.37
Polyketide	nucleus [GO:0005634]	1147.37
Polyketide	cytoplasm [GO:0005737]	1147.37
Polyketide	nucleolus [GO:0005730]	1147.37
Polyketide	vacuolar proton-transporting V-type ATPase, V0 domain [GO:0000220]	311.77
Polyketide	synaptic vesicle membrane [GO:0030672]	311.77
Polyketide	clathrin-coated vesicle membrane [GO:0030665]	311.77
Polyketide	protein-containing complex [GO:0032991]	819.88
Polyketide	cytosol [GO:0005829]	819.88
Polyketide	nucleoplasm [GO:0005654]	819.88
Polyketide	membrane [GO:0016020]	819.88
Polyketide	plasma membrane [GO:0005886]	819.88
Polyketide	euchromatin [GO:0000791]	819.88
Polyketide	chromatin [GO:0000785]	819.88
Polyketide	transcription regulator complex [GO:0005667]	819.88
Polyketide	nucleus [GO:0005634]	819.88
Polyketide	cytoplasm [GO:0005737]	819.88
Polyketide	Golgi apparatus [GO:0005794]	819.88
Polyketide	host cell nucleus [GO:0042025]	946.69
Polyketide	viral envelope [GO:0019031]	946.69
Polyketide	host cell plasma membrane [GO:0020002]	946.69
Polyketide	host cell lipid droplet [GO:0044186]	946.69
Polyketide	host cell endoplasmic reticulum membrane [GO:0044167]	946.69
Polyketide	host cell mitochondrial membrane [GO:0044191]	946.69
Polyketide	ribonucleoprotein complex [GO:1990904]	946.69
Polyketide	membrane [GO:0016020]	946.69
Polyketide	viral nucleocapsid [GO:0019013]	946.69
Polyketide	virion membrane [GO:0055036]	946.69
Polyketide	host cell perinuclear region of cytoplasm [GO:0044220]	946.69
Polyketide	extracellular space [GO:0005615]	251.79
Polyketide	azurophil granule lumen [GO:0035578]	251.79
Polyketide	extracellular region [GO:0005576]	251.79
Polyketide	extracellular exosome [GO:0070062]	251.79
Polyketide	endoplasmic reticulum [GO:0005783]	1025.12
Polyketide	nuclear envelope [GO:0005635]	1025.12
Polyketide	nuclear membrane [GO:0031965]	1025.12
Polyketide	endoplasmic reticulum membrane [GO:0005789]	1025.12
Polyketide	cytoplasmic vesicle [GO:0031410]	1025.12
Polyketide	histone deacetylase complex [GO:0000118]	435.68
Polyketide	intracellular membrane-bounded organelle [GO:0043231]	455.1
Polyketide	nucleoplasm [GO:0005654]	455.1
Polyketide	mitochondrion [GO:0005739]	455.1
Polyketide	chromatin [GO:0000785]	455.1
Polyketide	nucleus [GO:0005634]	455.1
Polyketide	cell body [GO:0044297]	882.45
Polyketide	actin filament [GO:0005884]	882.45
Polyketide	skeletal muscle myofibril [GO:0098723]	882.45
Polyketide	stress fiber [GO:0001725]	882.45
Polyketide	filamentous actin [GO:0031941]	882.45
Polyketide	actin filament bundle [GO:0032432]	882.45
Polyketide	lamellipodium [GO:0030027]	882.45
Polyketide	striated muscle thin filament [GO:0005865]	882.45
Polyketide	cytoplasm [GO:0005737]	882.45
Polyketide	filopodium [GO:0030175]	882.45
Polyketide	dendrite [GO:0030425]	850.24
Polyketide	PML body [GO:0016605]	850.24
Polyketide	nuclear envelope [GO:0005635]	850.24
Polyketide	lysosome [GO:0005764]	850.24
Polyketide	endomembrane system [GO:0012505]	850.24
Polyketide	mitochondrial outer membrane [GO:0005741]	850.24
Polyketide	cytosol [GO:0005829]	850.24
Polyketide	Golgi membrane [GO:0000139]	850.24
Polyketide	nucleoplasm [GO:0005654]	850.24
Polyketide	endoplasmic reticulum membrane [GO:0005789]	850.24
Polyketide	membrane [GO:0016020]	850.24
Polyketide	TORC1 complex [GO:0031931]	850.24
Polyketide	nucleus [GO:0005634]	850.24
Polyketide	TORC2 complex [GO:0031932]	850.24
Polyketide	lysosomal membrane [GO:0005765]	850.24
Polyketide	cytoplasm [GO:0005737]	850.24
Polyketide	phagocytic vesicle [GO:0045335]	850.24
Polyketide	cytoplasm [GO:0005737]	444.98
Polyketide	protein-containing complex [GO:0032991]	817.78
Polyketide	cytosol [GO:0005829]	817.78
Polyketide	nucleoplasm [GO:0005654]	817.78
Polyketide	membrane [GO:0016020]	817.78
Polyketide	plasma membrane [GO:0005886]	817.78
Polyketide	euchromatin [GO:0000791]	817.78
Polyketide	chromatin [GO:0000785]	817.78
Polyketide	transcription regulator complex [GO:0005667]	817.78
Polyketide	nucleus [GO:0005634]	817.78
Polyketide	cytoplasm [GO:0005737]	817.78
Polyketide	Golgi apparatus [GO:0005794]	817.78
Polyketide	dendrite [GO:0030425]	839.57
Polyketide	chloride channel complex [GO:0034707]	839.57
Polyketide	neuron projection [GO:0043005]	839.57
Polyketide	plasma membrane [GO:0005886]	839.57
Polyketide	membrane [GO:0016020]	839.57
Polyketide	postsynaptic membrane [GO:0045211]	839.57
Polyketide	synapse [GO:0045202]	839.57
Polyketide	perikaryon [GO:0043204]	839.57
Polyketide	sarcoplasmic reticulum membrane [GO:0033017]	1005.63
Polyketide	cytoplasmic side of membrane [GO:0098562]	1005.63
Polyketide	cytosol [GO:0005829]	1005.63
Polyketide	Z disc [GO:0030018]	1005.63
Polyketide	sarcoplasmic reticulum [GO:0016529]	1005.63
Polyketide	terminal cisterna [GO:0014802]	1005.63
Polyketide	membrane [GO:0016020]	1005.63
Polyketide	ryanodine receptor complex [GO:1990425]	1005.63
Polyketide	cytoplasm [GO:0005737]	1005.63
Polyketide	protein-containing complex [GO:0032991]	681.53
Polyketide	cytosol [GO:0005829]	681.53
Polyketide	nucleoplasm [GO:0005654]	681.53
Polyketide	membrane [GO:0016020]	681.53
Polyketide	plasma membrane [GO:0005886]	681.53
Polyketide	euchromatin [GO:0000791]	681.53
Polyketide	chromatin [GO:0000785]	681.53
Polyketide	transcription regulator complex [GO:0005667]	681.53
Polyketide	nucleus [GO:0005634]	681.53
Polyketide	cytoplasm [GO:0005737]	681.53
Polyketide	Golgi apparatus [GO:0005794]	681.53
Polyketide	extracellular space [GO:0005615]	285.54
Polyketide	azurophil granule lumen [GO:0035578]	285.54
Polyketide	extracellular region [GO:0005576]	285.54
Polyketide	extracellular exosome [GO:0070062]	285.54
Polyketide	extracellular space [GO:0005615]	321.2
Polyketide	azurophil granule lumen [GO:0035578]	321.2
Polyketide	extracellular region [GO:0005576]	321.2
Polyketide	extracellular exosome [GO:0070062]	321.2
Polyketide	postsynaptic density [GO:0014069]	594.17
Polyketide	glutamatergic synapse [GO:0098978]	594.17
Polyketide	plasma membrane [GO:0005886]	594.17
Polyketide	DAPK1-calmodulin complex [GO:1990722]	594.17
Polyketide	actin cytoskeleton [GO:0015629]	594.17
Polyketide	nucleus [GO:0005634]	594.17
Polyketide	cytoplasm [GO:0005737]	594.17
Polyketide	cell body [GO:0044297]	954.13
Polyketide	actin filament [GO:0005884]	954.13
Polyketide	skeletal muscle myofibril [GO:0098723]	954.13
Polyketide	stress fiber [GO:0001725]	954.13
Polyketide	filamentous actin [GO:0031941]	954.13
Polyketide	actin filament bundle [GO:0032432]	954.13
Polyketide	lamellipodium [GO:0030027]	954.13
Polyketide	striated muscle thin filament [GO:0005865]	954.13
Polyketide	cytoplasm [GO:0005737]	954.13
Polyketide	filopodium [GO:0030175]	954.13
Polyketide	extracellular exosome [GO:0070062]	1065.45
Polyketide	cell junction [GO:0030054]	1065.45
Polyketide	nuclear speck [GO:0016607]	1065.45
Polyketide	cytosol [GO:0005829]	1065.45
Polyketide	epidermal lamellar body [GO:0097209]	298.49
Polyketide	extracellular region [GO:0005576]	298.49
Polyketide	extracellular space [GO:0005615]	298.49
Polyketide	secretory granule [GO:0030141]	298.49
Polyketide	cornified envelope [GO:0001533]	298.49
Polyketide	protein-DNA complex [GO:0032993]	731.57
Polyketide	plasma membrane [GO:0005886]	293.94
Polyketide	dendrite [GO:0030425]	640.22
Polyketide	cytosol [GO:0005829]	640.22
Polyketide	synapse [GO:0045202]	640.22
Polyketide	nucleus [GO:0005634]	640.22
Polyketide	cytoplasm [GO:0005737]	640.22
Polyketide	neuronal cell body [GO:0043025]	640.22
Polyketide	periplasmic space [GO:0042597]	1000.93
Polyketide	protein-containing complex [GO:0032991]	1072.0
Polyketide	cytosol [GO:0005829]	1072.0
Polyketide	nucleoplasm [GO:0005654]	1072.0
Polyketide	membrane [GO:0016020]	1072.0
Polyketide	plasma membrane [GO:0005886]	1072.0
Polyketide	euchromatin [GO:0000791]	1072.0
Polyketide	chromatin [GO:0000785]	1072.0
Polyketide	transcription regulator complex [GO:0005667]	1072.0
Polyketide	nucleus [GO:0005634]	1072.0
Polyketide	cytoplasm [GO:0005737]	1072.0
Polyketide	Golgi apparatus [GO:0005794]	1072.0
Polyketide	extracellular space [GO:0005615]	465.91
Polyketide	azurophil granule lumen [GO:0035578]	465.91
Polyketide	extracellular region [GO:0005576]	465.91
Polyketide	extracellular exosome [GO:0070062]	465.91
Polyketide	extracellular region [GO:0005576]	271.77
Polyketide	extracellular exosome [GO:0070062]	271.77
Polyketide	azurophil granule lumen [GO:0035578]	271.77
Polyketide	extracellular space [GO:0005615]	271.77
Polyketide	voltage-gated potassium channel complex [GO:0008076]	782.6
Polyketide	endoplasmic reticulum [GO:0005783]	782.6
Polyketide	cell surface [GO:0009986]	782.6
Polyketide	apical plasma membrane [GO:0016324]	782.6
Polyketide	plasma membrane [GO:0005886]	782.6
Polyketide	endoplasmic reticulum membrane [GO:0005789]	782.6
Polyketide	astrocyte projection [GO:0097449]	782.6
Polyketide	calyx of Held [GO:0044305]	782.6
Polyketide	neuronal cell body [GO:0043025]	782.6
Polyketide	vacuolar proton-transporting V-type ATPase, V0 domain [GO:0000220]	181.56
Polyketide	synaptic vesicle membrane [GO:0030672]	181.56
Polyketide	clathrin-coated vesicle membrane [GO:0030665]	181.56
Polyketide	cytoplasm [GO:0005737]	1335.51
Polyketide	chloride channel complex [GO:0034707]	419.88
Polyketide	postsynaptic membrane [GO:0045211]	419.88
Polyketide	perikaryon [GO:0043204]	419.88
Polyketide	membrane [GO:0016020]	419.88
Polyketide	plasma membrane [GO:0005886]	419.88
Polyketide	dendrite [GO:0030425]	419.88
Polyketide	neuron projection [GO:0043005]	419.88
Polyketide	synapse [GO:0045202]	419.88
Polyketide	cell body [GO:0044297]	670.56
Polyketide	actin filament [GO:0005884]	670.56
Polyketide	skeletal muscle myofibril [GO:0098723]	670.56
Polyketide	stress fiber [GO:0001725]	670.56
Polyketide	filamentous actin [GO:0031941]	670.56
Polyketide	actin filament bundle [GO:0032432]	670.56
Polyketide	lamellipodium [GO:0030027]	670.56
Polyketide	striated muscle thin filament [GO:0005865]	670.56
Polyketide	cytoplasm [GO:0005737]	670.56
Polyketide	filopodium [GO:0030175]	670.56
Polyketide	nuclear chromosome [GO:0000228]	750.31
Polyketide	histone deacetylase complex [GO:0000118]	750.31
Polyketide	cytoplasm [GO:0005737]	750.31
Polyketide	nucleoplasm [GO:0005654]	750.31
Polyketide	nucleus [GO:0005634]	750.31
Polyketide	nucleoid [GO:0009295]	296.68
Polyketide	host cell nucleus [GO:0042025]	1153.98
Polyketide	viral envelope [GO:0019031]	1153.98
Polyketide	host cell plasma membrane [GO:0020002]	1153.98
Polyketide	host cell lipid droplet [GO:0044186]	1153.98
Polyketide	host cell endoplasmic reticulum membrane [GO:0044167]	1153.98
Polyketide	host cell mitochondrial membrane [GO:0044191]	1153.98
Polyketide	ribonucleoprotein complex [GO:1990904]	1153.98
Polyketide	membrane [GO:0016020]	1153.98
Polyketide	viral nucleocapsid [GO:0019013]	1153.98
Polyketide	virion membrane [GO:0055036]	1153.98
Polyketide	host cell perinuclear region of cytoplasm [GO:0044220]	1153.98
Polyketide	protein-containing complex [GO:0032991]	526.96
Polyketide	cytosol [GO:0005829]	526.96
Polyketide	nucleoplasm [GO:0005654]	526.96
Polyketide	membrane [GO:0016020]	526.96
Polyketide	plasma membrane [GO:0005886]	526.96
Polyketide	euchromatin [GO:0000791]	526.96
Polyketide	chromatin [GO:0000785]	526.96
Polyketide	transcription regulator complex [GO:0005667]	526.96
Polyketide	nucleus [GO:0005634]	526.96
Polyketide	cytoplasm [GO:0005737]	526.96
Polyketide	Golgi apparatus [GO:0005794]	526.96
Polyketide	protein-containing complex [GO:0032991]	522.19
Polyketide	cytosol [GO:0005829]	522.19
Polyketide	nucleoplasm [GO:0005654]	522.19
Polyketide	membrane [GO:0016020]	522.19
Polyketide	plasma membrane [GO:0005886]	522.19
Polyketide	euchromatin [GO:0000791]	522.19
Polyketide	chromatin [GO:0000785]	522.19
Polyketide	transcription regulator complex [GO:0005667]	522.19
Polyketide	nucleus [GO:0005634]	522.19
Polyketide	cytoplasm [GO:0005737]	522.19
Polyketide	Golgi apparatus [GO:0005794]	522.19
Polyketide	histone deacetylase complex [GO:0000118]	692.17
Polyketide	melanosome [GO:0042470]	309.85
Polyketide	axonal growth cone [GO:0044295]	309.85
Polyketide	cell body [GO:0044297]	309.85
Polyketide	endomembrane system [GO:0012505]	309.85
Polyketide	lamellipodium [GO:0030027]	309.85
Polyketide	growth cone membrane [GO:0032584]	309.85
Polyketide	plasma membrane [GO:0005886]	309.85
Polyketide	axon [GO:0030424]	309.85
Polyketide	cell surface [GO:0009986]	309.85
Polyketide	host cell nucleus [GO:0042025]	479.71
Polyketide	host cell endoplasmic reticulum membrane [GO:0044167]	479.71
Polyketide	host cell endoplasmic reticulum-Golgi intermediate compartment [GO:0044172]	479.71
Polyketide	host cell Golgi apparatus [GO:0044177]	479.71
Polyketide	host cell endosome [GO:0044174]	479.71
Polyketide	membrane [GO:0016020]	479.71
Polyketide	double membrane vesicle viral factory outer membrane [GO:0062243]	479.71
Polyketide	host cell perinuclear region of cytoplasm [GO:0044220]	479.71
Polyketide	calcineurin complex [GO:0005955]	135.6
Polyketide	extracellular region [GO:0005576]	285.16
Polyketide	membrane-bounded organelle [GO:0043227]	1166.15
Polyketide	vesicle [GO:0031982]	57.5
Polyketide	cytoplasm [GO:0005737]	57.5
Polyketide	secretory granule lumen [GO:0034774]	57.5
Polyketide	cytosol [GO:0005829]	57.5
Polyketide	ficolin-1-rich granule lumen [GO:1904813]	57.5
Polyketide	extracellular exosome [GO:0070062]	57.5
Polyketide	nucleoplasm [GO:0005654]	57.5
Polyketide	plasma membrane [GO:0005886]	57.5
Polyketide	extracellular region [GO:0005576]	57.5
Polyketide	extracellular space [GO:0005615]	57.5
Polyketide	cell surface [GO:0009986]	57.5
Polyketide	cytoplasm [GO:0005737]	504.31
Polyketide	histone deacetylase complex [GO:0000118]	246.62
Polyketide	nucleoplasm [GO:0005654]	246.62
Polyketide	nuclear chromosome [GO:0000228]	246.62
Polyketide	nucleus [GO:0005634]	246.62
Polyketide	cytoplasm [GO:0005737]	246.62
Polyketide	skeletal muscle myofibril [GO:0098723]	734.24
Polyketide	protein-DNA complex [GO:0032993]	883.62
Polyketide	dendrite [GO:0030425]	813.0
Polyketide	chloride channel complex [GO:0034707]	813.0
Polyketide	neuron projection [GO:0043005]	813.0
Polyketide	plasma membrane [GO:0005886]	813.0
Polyketide	membrane [GO:0016020]	813.0
Polyketide	postsynaptic membrane [GO:0045211]	813.0
Polyketide	synapse [GO:0045202]	813.0
Polyketide	perikaryon [GO:0043204]	813.0
Polyketide	plasma membrane [GO:0005886]	560.77
Polyketide	proton-transporting ATP synthase complex, coupling factor F(o) [GO:0045263]	560.77
Polyketide	nucleoplasm [GO:0005654]	861.47
Polyketide	nucleus [GO:0005634]	861.47
Polyketide	cytoplasm [GO:0005737]	861.47
Polyketide	cytoplasm [GO:0005737]	537.93
Polyketide	cytosol [GO:0005829]	537.93
Polyketide	plasma membrane [GO:0005886]	521.98
Polyketide	proton-transporting ATP synthase complex, coupling factor F(o) [GO:0045263]	521.98
Polyketide	membrane [GO:0016020]	1312.54
Polyketide	endoplasmic reticulum [GO:0005783]	1312.54
Polyketide	endoplasmic reticulum membrane [GO:0005789]	1312.54
Polyketide	host cell nucleus [GO:0042025]	899.59
Polyketide	viral envelope [GO:0019031]	899.59
Polyketide	host cell plasma membrane [GO:0020002]	899.59
Polyketide	host cell lipid droplet [GO:0044186]	899.59
Polyketide	host cell endoplasmic reticulum membrane [GO:0044167]	899.59
Polyketide	host cell mitochondrial membrane [GO:0044191]	899.59
Polyketide	ribonucleoprotein complex [GO:1990904]	899.59
Polyketide	membrane [GO:0016020]	899.59
Polyketide	viral nucleocapsid [GO:0019013]	899.59
Polyketide	virion membrane [GO:0055036]	899.59
Polyketide	host cell perinuclear region of cytoplasm [GO:0044220]	899.59
Polyketide	PML body [GO:0016605]	761.1
Polyketide	Sin3 complex [GO:0016580]	761.1
Polyketide	protein kinase CK2 complex [GO:0005956]	761.1
Polyketide	cytosol [GO:0005829]	761.1
Polyketide	nucleoplasm [GO:0005654]	761.1
Polyketide	plasma membrane [GO:0005886]	761.1
Polyketide	nucleus [GO:0005634]	761.1
Polyketide	nucleoplasm [GO:0005654]	549.03
Polyketide	nucleus [GO:0005634]	549.03
Polyketide	cytoplasm [GO:0005737]	549.03
Polyketide	nucleolus [GO:0005730]	549.03
Polyketide	plasma membrane [GO:0005886]	199.67
Polyketide	cytoplasm [GO:0005737]	199.67
Polyketide	peptidoglycan-based cell wall [GO:0009274]	199.67
Polyketide	basement membrane [GO:0005604]	109.21
Polyketide	collagen-containing extracellular matrix [GO:0062023]	109.21
Polyketide	sarcolemma [GO:0042383]	109.21
Polyketide	synaptic cleft [GO:0043083]	109.21
Polyketide	neuromuscular junction [GO:0031594]	109.21
Polyketide	extracellular region [GO:0005576]	109.21
Polyketide	dendritic spine [GO:0043197]	109.21
Polyketide	protein complex involved in cell-matrix adhesion [GO:0098637]	109.21
Polyketide	chloride channel complex [GO:0034707]	459.01
Polyketide	postsynaptic membrane [GO:0045211]	459.01
Polyketide	perikaryon [GO:0043204]	459.01
Polyketide	membrane [GO:0016020]	459.01
Polyketide	plasma membrane [GO:0005886]	459.01
Polyketide	dendrite [GO:0030425]	459.01
Polyketide	neuron projection [GO:0043005]	459.01
Polyketide	synapse [GO:0045202]	459.01
Polyketide	endoplasmic reticulum lumen [GO:0005788]	566.61
Polyketide	endoplasmic reticulum [GO:0005783]	566.61
Polyketide	cytosol [GO:0005829]	566.61
Polyketide	lipid droplet [GO:0005811]	566.61
Polyketide	cytoplasm [GO:0005737]	566.61
Polyketide	mitochondrial matrix [GO:0005759]	453.0
Polyketide	mitochondrion [GO:0005739]	453.0
Polyketide	extracellular exosome [GO:0070062]	453.0
Polyketide	extracellular space [GO:0005615]	412.2
Polyketide	azurophil granule lumen [GO:0035578]	412.2
Polyketide	extracellular region [GO:0005576]	412.2
Polyketide	extracellular exosome [GO:0070062]	412.2
Polyketide	host cell nucleus [GO:0042025]	884.37
Polyketide	host cell plasma membrane [GO:0020002]	884.37
Polyketide	membrane [GO:0016020]	884.37
Polyketide	viral nucleocapsid [GO:0019013]	884.37
Polyketide	host multivesicular body [GO:0072494]	884.37
Polyketide	virion membrane [GO:0055036]	884.37
Polyketide	protein-containing complex [GO:0032991]	866.86
Polyketide	cytosol [GO:0005829]	866.86
Polyketide	nucleoplasm [GO:0005654]	866.86
Polyketide	membrane [GO:0016020]	866.86
Polyketide	plasma membrane [GO:0005886]	866.86
Polyketide	euchromatin [GO:0000791]	866.86
Polyketide	chromatin [GO:0000785]	866.86
Polyketide	transcription regulator complex [GO:0005667]	866.86
Polyketide	nucleus [GO:0005634]	866.86
Polyketide	cytoplasm [GO:0005737]	866.86
Polyketide	Golgi apparatus [GO:0005794]	866.86
Polyketide	microtubule [GO:0005874]	681.96
Polyketide	cytoplasm [GO:0005737]	681.96
Polyketide	microtubule cytoskeleton [GO:0015630]	681.96
Polyketide	endoplasmic reticulum [GO:0005783]	899.73
Polyketide	focal adhesion [GO:0005925]	899.73
Polyketide	cytosol [GO:0005829]	899.73
Polyketide	early endosome [GO:0005769]	899.73
Polyketide	plasma membrane [GO:0005886]	899.73
Polyketide	mitochondrion [GO:0005739]	899.73
Polyketide	nucleus [GO:0005634]	899.73
Polyketide	late endosome [GO:0005770]	899.73
Polyketide	microtubule organizing center [GO:0005815]	899.73
Polyketide	Golgi apparatus [GO:0005794]	899.73
Polyketide	aggresome [GO:0016235]	327.86
Polyketide	cell projection [GO:0042995]	327.86
Polyketide	secretory granule membrane [GO:0030667]	327.86
Polyketide	ficolin-1-rich granule membrane [GO:0101003]	327.86
Polyketide	tertiary granule membrane [GO:0070821]	327.86
Polyketide	extracellular exosome [GO:0070062]	327.86
Polyketide	plasma membrane [GO:0005886]	327.86
Polyketide	membrane [GO:0016020]	327.86
Polyketide	specific granule membrane [GO:0035579]	327.86
Polyketide	perikaryon [GO:0043204]	327.86
Polyketide	extracellular space [GO:0005615]	302.1
Polyketide	protein-containing complex [GO:0032991]	302.1
Polyketide	aggresome [GO:0016235]	415.24
Polyketide	cell projection [GO:0042995]	415.24
Polyketide	secretory granule membrane [GO:0030667]	415.24
Polyketide	ficolin-1-rich granule membrane [GO:0101003]	415.24
Polyketide	tertiary granule membrane [GO:0070821]	415.24
Polyketide	extracellular exosome [GO:0070062]	415.24
Polyketide	plasma membrane [GO:0005886]	415.24
Polyketide	membrane [GO:0016020]	415.24
Polyketide	specific granule membrane [GO:0035579]	415.24
Polyketide	perikaryon [GO:0043204]	415.24
Polyketide	cell body [GO:0044297]	796.27
Polyketide	actin filament [GO:0005884]	796.27
Polyketide	skeletal muscle myofibril [GO:0098723]	796.27
Polyketide	stress fiber [GO:0001725]	796.27
Polyketide	filamentous actin [GO:0031941]	796.27
Polyketide	actin filament bundle [GO:0032432]	796.27
Polyketide	lamellipodium [GO:0030027]	796.27
Polyketide	striated muscle thin filament [GO:0005865]	796.27
Polyketide	cytoplasm [GO:0005737]	796.27
Polyketide	filopodium [GO:0030175]	796.27
Polyketide	cell body [GO:0044297]	878.69
Polyketide	actin filament [GO:0005884]	878.69
Polyketide	skeletal muscle myofibril [GO:0098723]	878.69
Polyketide	stress fiber [GO:0001725]	878.69
Polyketide	filamentous actin [GO:0031941]	878.69
Polyketide	actin filament bundle [GO:0032432]	878.69
Polyketide	lamellipodium [GO:0030027]	878.69
Polyketide	striated muscle thin filament [GO:0005865]	878.69
Polyketide	cytoplasm [GO:0005737]	878.69
Polyketide	filopodium [GO:0030175]	878.69
Polyketide	microtubule [GO:0005874]	586.64
Polyketide	cytoplasm [GO:0005737]	586.64
Polyketide	microtubule cytoskeleton [GO:0015630]	586.64
Polyketide	node of Ranvier [GO:0033268]	283.25
Polyketide	synapse [GO:0045202]	283.25
Polyketide	plasma membrane [GO:0005886]	283.25
Polyketide	axon initial segment [GO:0043194]	283.25
Polyketide	voltage-gated potassium channel complex [GO:0008076]	283.25
Polyketide	node of Ranvier [GO:0033268]	154.06
Polyketide	synapse [GO:0045202]	154.06
Polyketide	plasma membrane [GO:0005886]	154.06
Polyketide	axon initial segment [GO:0043194]	154.06
Polyketide	voltage-gated potassium channel complex [GO:0008076]	154.06
Polyketide	plasma membrane [GO:0005886]	1158.46
Polyketide	melanosome [GO:0042470]	512.31
Polyketide	axonal growth cone [GO:0044295]	512.31
Polyketide	cell body [GO:0044297]	512.31
Polyketide	endomembrane system [GO:0012505]	512.31
Polyketide	lamellipodium [GO:0030027]	512.31
Polyketide	growth cone membrane [GO:0032584]	512.31
Polyketide	plasma membrane [GO:0005886]	512.31
Polyketide	axon [GO:0030424]	512.31
Polyketide	cell surface [GO:0009986]	512.31
Polyketide	nucleoplasm [GO:0005654]	1074.24
Polyketide	chromatin [GO:0000785]	1074.24
Polyketide	pericentric heterochromatin [GO:0005721]	947.39
Polyketide	endoplasmic reticulum [GO:0005783]	947.39
Polyketide	intracellular membrane-bounded organelle [GO:0043231]	947.39
Polyketide	nucleoplasm [GO:0005654]	947.39
Polyketide	site of DNA damage [GO:0090734]	947.39
Polyketide	chromatin [GO:0000785]	947.39
Polyketide	nucleus [GO:0005634]	947.39
Polyketide	site of double-strand break [GO:0035861]	947.39
Polyketide	chromosome, subtelomeric region [GO:0099115]	947.39
Polyketide	plasma membrane [GO:0005886]	1781.02
Polyketide	extracellular space [GO:0005615]	285.7
Polyketide	azurophil granule lumen [GO:0035578]	285.7
Polyketide	extracellular region [GO:0005576]	285.7
Polyketide	extracellular exosome [GO:0070062]	285.7
Polyketide	microtubule [GO:0005874]	903.65
Polyketide	cytoplasm [GO:0005737]	903.65
Polyketide	plasma membrane [GO:0005886]	286.36
Polyketide	calcium channel complex [GO:0034704]	286.36
Polyketide	cardiac Troponin complex [GO:1990584]	1007.02
Polyketide	troponin complex [GO:0005861]	1007.02
Polyketide	cytosol [GO:0005829]	1007.02
Polyketide	extracellular space [GO:0005615]	290.36
Polyketide	azurophil granule lumen [GO:0035578]	290.36
Polyketide	extracellular region [GO:0005576]	290.36
Polyketide	extracellular exosome [GO:0070062]	290.36
Polyketide	proton-transporting ATP synthase complex, catalytic core F(1) [GO:0045261]	202.24
Polyketide	plasma membrane [GO:0005886]	202.24
Polyketide	mitochondrial proton-transporting ATP synthase, catalytic core [GO:0005754]	202.24
Polyketide	mitochondrial proton-transporting ATP synthase complex [GO:0005753]	202.24
Polyketide	vesicle [GO:0031982]	223.7
Polyketide	cytoplasm [GO:0005737]	223.7
Polyketide	secretory granule lumen [GO:0034774]	223.7
Polyketide	cytosol [GO:0005829]	223.7
Polyketide	ficolin-1-rich granule lumen [GO:1904813]	223.7
Polyketide	extracellular exosome [GO:0070062]	223.7
Polyketide	nucleoplasm [GO:0005654]	223.7
Polyketide	plasma membrane [GO:0005886]	223.7
Polyketide	extracellular region [GO:0005576]	223.7
Polyketide	extracellular space [GO:0005615]	223.7
Polyketide	cell surface [GO:0009986]	223.7
Polyketide	protein-containing complex [GO:0032991]	718.29
Polyketide	endocytic vesicle membrane [GO:0030666]	718.29
Polyketide	cytosol [GO:0005829]	718.29
Polyketide	transcription repressor complex [GO:0017053]	718.29
Polyketide	nucleoplasm [GO:0005654]	718.29
Polyketide	plasma membrane [GO:0005886]	718.29
Polyketide	nucleus [GO:0005634]	718.29
Polyketide	cytoplasm [GO:0005737]	718.29
Polyketide	nucleolus [GO:0005730]	718.29
Polyketide	cytoplasm [GO:0005737]	860.36
Polyketide	chromosome [GO:0005694]	764.62
Polyketide	condensed nuclear chromosome [GO:0000794]	764.62
Polyketide	nucleus [GO:0005634]	764.62
Polyketide	nucleoplasm [GO:0005654]	764.62
Polyketide	peroxisomal membrane [GO:0005778]	759.94
Polyketide	cytosol [GO:0005829]	759.94
Polyketide	peroxisomal matrix [GO:0005782]	759.94
Polyketide	peroxisome [GO:0005777]	759.94
Polyketide	cytoplasm [GO:0005737]	759.94
Polyketide	nuclear periphery [GO:0034399]	108.72
Polyketide	main axon [GO:0044304]	108.72
Polyketide	neurofibrillary tangle [GO:0097418]	108.72
Polyketide	neuron projection [GO:0043005]	108.72
Polyketide	somatodendritic compartment [GO:0036477]	108.72
Polyketide	microtubule [GO:0005874]	108.72
Polyketide	cytoplasm [GO:0005737]	108.72
Polyketide	neuronal cell body [GO:0043025]	108.72
Polyketide	cell body [GO:0044297]	108.72
Polyketide	nuclear speck [GO:0016607]	108.72
Polyketide	growth cone [GO:0030426]	108.72
Polyketide	membrane raft [GO:0045121]	108.72
Polyketide	dendrite [GO:0030425]	108.72
Polyketide	tubulin complex [GO:0045298]	108.72
Polyketide	microtubule cytoskeleton [GO:0015630]	108.72
Polyketide	cytosol [GO:0005829]	108.72
Polyketide	axolemma [GO:0030673]	108.72
Polyketide	glial cell projection [GO:0097386]	108.72
Polyketide	dendritic spine [GO:0043197]	108.72
Polyketide	extracellular region [GO:0005576]	108.72
Polyketide	cytoplasmic ribonucleoprotein granule [GO:0036464]	108.72
Polyketide	nucleus [GO:0005634]	108.72
Polyketide	axon cytoplasm [GO:1904115]	108.72
Polyketide	plasma membrane [GO:0005886]	108.72
Polyketide	mitochondrion [GO:0005739]	108.72
Polyketide	axon [GO:0030424]	108.72
Polyketide	membrane-bounded organelle [GO:0043227]	996.23
Polyketide	plasma membrane [GO:0005886]	78.82
Polyketide	proton-transporting ATP synthase complex, coupling factor F(o) [GO:0045263]	78.82
Polyketide	cytoplasm [GO:0005737]	984.8
Polyketide	dendrite [GO:0030425]	907.66
Polyketide	neuron projection [GO:0043005]	907.66
Polyketide	intracellular membrane-bounded organelle [GO:0043231]	907.66
Polyketide	plasma membrane [GO:0005886]	907.66
Polyketide	postsynaptic membrane [GO:0045211]	907.66
Polyketide	synapse [GO:0045202]	907.66
Polyketide	glycine-gated chloride channel complex [GO:0016935]	907.66
Polyketide	perikaryon [GO:0043204]	907.66
Polyketide	nucleoplasm [GO:0005654]	461.48
Polyketide	paraspeckles [GO:0042382]	461.48
Polyketide	nucleus [GO:0005634]	461.48
Polyketide	Golgi apparatus [GO:0005794]	461.48
Polyketide	nucleolus [GO:0005730]	461.48
Polyketide	protein-DNA complex [GO:0032993]	693.43
Polyketide	extracellular space [GO:0005615]	216.0
Polyketide	azurophil granule lumen [GO:0035578]	216.0
Polyketide	extracellular region [GO:0005576]	216.0
Polyketide	extracellular exosome [GO:0070062]	216.0
Polyketide	endoplasmic reticulum [GO:0005783]	504.42
Polyketide	mitochondrion [GO:0005739]	504.42
Polyketide	mitochondrial inner membrane [GO:0005743]	504.42
Polyketide	nucleus [GO:0005634]	1099.71
Polyketide	cell body [GO:0044297]	87.01
Polyketide	actin filament [GO:0005884]	87.01
Polyketide	skeletal muscle myofibril [GO:0098723]	87.01
Polyketide	stress fiber [GO:0001725]	87.01
Polyketide	filamentous actin [GO:0031941]	87.01
Polyketide	actin filament bundle [GO:0032432]	87.01
Polyketide	lamellipodium [GO:0030027]	87.01
Polyketide	striated muscle thin filament [GO:0005865]	87.01
Polyketide	cytoplasm [GO:0005737]	87.01
Polyketide	filopodium [GO:0030175]	87.01
Polyketide	cytoplasm [GO:0005737]	859.56
Polyketide	skeletal muscle myofibril [GO:0098723]	537.39
Polyketide	plasma membrane [GO:0005886]	1430.23
Polyketide	periplasmic side of plasma membrane [GO:0098567]	1430.23
Polyketide	membrane [GO:0016020]	1430.23
Polyketide	outer membrane-bounded periplasmic space [GO:0030288]	1430.23
Polyketide	efflux pump complex [GO:1990281]	1430.23
Polyketide	histone deacetylase complex [GO:0000118]	636.17
Polyketide	mitochondrial matrix [GO:0005759]	812.91
Polyketide	mitochondrion [GO:0005739]	812.91
Polyketide	extracellular exosome [GO:0070062]	812.91
Polyketide	cytoplasmic side of endoplasmic reticulum membrane [GO:0098554]	910.52
Polyketide	protein-containing complex [GO:0032991]	910.52
Polyketide	endoplasmic reticulum [GO:0005783]	910.52
Polyketide	sorting endosome [GO:0097443]	910.52
Polyketide	endosome lumen [GO:0031904]	910.52
Polyketide	early endosome [GO:0005769]	910.52
Polyketide	cytosol [GO:0005829]	910.52
Polyketide	mitochondrial crista [GO:0030061]	910.52
Polyketide	mitochondrial matrix [GO:0005759]	910.52
Polyketide	cytoplasm [GO:0005737]	910.52
Polyketide	protein-containing complex [GO:0032991]	551.08
Polyketide	cytosol [GO:0005829]	551.08
Polyketide	nucleoplasm [GO:0005654]	551.08
Polyketide	membrane [GO:0016020]	551.08
Polyketide	plasma membrane [GO:0005886]	551.08
Polyketide	euchromatin [GO:0000791]	551.08
Polyketide	chromatin [GO:0000785]	551.08
Polyketide	transcription regulator complex [GO:0005667]	551.08
Polyketide	nucleus [GO:0005634]	551.08
Polyketide	cytoplasm [GO:0005737]	551.08
Polyketide	Golgi apparatus [GO:0005794]	551.08
Polyketide	extracellular space [GO:0005615]	300.87
Polyketide	azurophil granule lumen [GO:0035578]	300.87
Polyketide	extracellular region [GO:0005576]	300.87
Polyketide	extracellular exosome [GO:0070062]	300.87
Polyketide	periplasmic space [GO:0042597]	825.92
Polyketide	protein-containing complex [GO:0032991]	570.82
Polyketide	cytosol [GO:0005829]	570.82
Polyketide	nucleoplasm [GO:0005654]	570.82
Polyketide	membrane [GO:0016020]	570.82
Polyketide	plasma membrane [GO:0005886]	570.82
Polyketide	euchromatin [GO:0000791]	570.82
Polyketide	chromatin [GO:0000785]	570.82
Polyketide	transcription regulator complex [GO:0005667]	570.82
Polyketide	nucleus [GO:0005634]	570.82
Polyketide	cytoplasm [GO:0005737]	570.82
Polyketide	Golgi apparatus [GO:0005794]	570.82
Polyketide	chloroplast stroma [GO:0009570]	423.37
Polyketide	endoplasmic reticulum [GO:0005783]	423.37
Polyketide	chloroplast [GO:0009507]	423.37
Polyketide	cytosol [GO:0005829]	423.37
Polyketide	intracellular membrane-bounded organelle [GO:0043231]	423.37
Polyketide	plasma membrane [GO:0005886]	423.37
Polyketide	apoplast [GO:0048046]	423.37
Polyketide	plasmodesma [GO:0009506]	423.37
Polyketide	plant-type vacuole [GO:0000325]	423.37
Polyketide	node of Ranvier [GO:0033268]	532.65
Polyketide	synapse [GO:0045202]	532.65
Polyketide	plasma membrane [GO:0005886]	532.65
Polyketide	axon initial segment [GO:0043194]	532.65
Polyketide	voltage-gated potassium channel complex [GO:0008076]	532.65
Polyketide	centrosome [GO:0005813]	840.86
Polyketide	cytosol [GO:0005829]	840.86
Polyketide	extracellular exosome [GO:0070062]	840.86
Polyketide	nucleoplasm [GO:0005654]	840.86
Polyketide	nucleus [GO:0005634]	840.86
Polyketide	cytoplasm [GO:0005737]	840.86
Polyketide	cytosol [GO:0005829]	1084.71
Polyketide	plasma membrane [GO:0005886]	1084.71
Polyketide	cytoplasm [GO:0005737]	1084.71
Polyketide	nucleoplasm [GO:0005654]	1084.71
Polyketide	site of double-strand break [GO:0035861]	1084.71
Polyketide	nuclear body [GO:0016604]	1084.71
Polyketide	nucleus [GO:0005634]	1084.71
Polyketide	protein-DNA complex [GO:0032993]	602.64
Polyketide	nucleoplasm [GO:0005654]	702.18
Polyketide	nucleus [GO:0005634]	702.18
Polyketide	cytoplasm [GO:0005737]	702.18
Polyketide	chromatin [GO:0000785]	702.18
Polyketide	external side of plasma membrane [GO:0009897]	1295.71
Polyketide	membrane [GO:0016020]	1295.71
Polyketide	plasma membrane [GO:0005886]	1295.71
Polyketide	mitochondrial proton-transporting ATP synthase complex [GO:0005753]	501.4
Polyketide	cytosol [GO:0005829]	501.4
Polyketide	mitochondrial proton-transporting ATP synthase complex, coupling factor F(o) [GO:0000276]	501.4
Polyketide	mitochondrion [GO:0005739]	501.4
Polyketide	mitochondrial intermembrane space [GO:0005758]	501.4
Polyketide	mitochondrial inner membrane [GO:0005743]	501.4
Polyketide	efflux pump complex [GO:1990281]	1423.74
Polyketide	outer membrane-bounded periplasmic space [GO:0030288]	1423.74
Polyketide	periplasmic side of plasma membrane [GO:0098567]	1423.74
Polyketide	plasma membrane [GO:0005886]	1423.74
Polyketide	membrane [GO:0016020]	1423.74
Polyketide	nucleus [GO:0005634]	811.03
Polyketide	host cell nucleus [GO:0042025]	970.12
Polyketide	viral envelope [GO:0019031]	970.12
Polyketide	host cell plasma membrane [GO:0020002]	970.12
Polyketide	host cell lipid droplet [GO:0044186]	970.12
Polyketide	host cell endoplasmic reticulum membrane [GO:0044167]	970.12
Polyketide	host cell mitochondrial membrane [GO:0044191]	970.12
Polyketide	ribonucleoprotein complex [GO:1990904]	970.12
Polyketide	membrane [GO:0016020]	970.12
Polyketide	viral nucleocapsid [GO:0019013]	970.12
Polyketide	virion membrane [GO:0055036]	970.12
Polyketide	host cell perinuclear region of cytoplasm [GO:0044220]	970.12
Polyketide	sarcoplasmic reticulum membrane [GO:0033017]	649.18
Polyketide	cytosol [GO:0005829]	649.18
Polyketide	Z disc [GO:0030018]	649.18
Polyketide	sarcoplasmic reticulum [GO:0016529]	649.18
Polyketide	extracellular exosome [GO:0070062]	649.18
Polyketide	nucleoplasm [GO:0005654]	649.18
Polyketide	membrane [GO:0016020]	649.18
Polyketide	endoplasmic reticulum membrane [GO:0005789]	649.18
Polyketide	T-tubule [GO:0030315]	649.18
Polyketide	cytoplasm [GO:0005737]	649.18
Polyketide	fungal-type vacuole [GO:0000324]	386.22
Polyketide	vacuolar proton-transporting V-type ATPase complex [GO:0016471]	386.22
Polyketide	vacuolar proton-transporting V-type ATPase, V0 domain [GO:0000220]	386.22
Polyketide	fungal-type vacuole membrane [GO:0000329]	386.22
Polyketide	microtubule [GO:0005874]	1542.74
Polyketide	cytoplasm [GO:0005737]	1542.74
Polyketide	microtubule cytoskeleton [GO:0015630]	1542.74
Polyketide	protein-containing complex [GO:0032991]	859.8
Polyketide	axonal growth cone [GO:0044295]	859.8
Polyketide	perinuclear region of cytoplasm [GO:0048471]	859.8
Polyketide	cytosol [GO:0005829]	859.8
Polyketide	extracellular exosome [GO:0070062]	859.8
Polyketide	nucleoplasm [GO:0005654]	859.8
Polyketide	microtubule [GO:0005874]	859.8
Polyketide	mitochondrion [GO:0005739]	859.8
Polyketide	cytoplasm [GO:0005737]	859.8
Polyketide	neuronal cell body [GO:0043025]	859.8
Polyketide	nuclear envelope [GO:0005635]	665.47
Polyketide	perinuclear region of cytoplasm [GO:0048471]	665.47
Polyketide	cytosol [GO:0005829]	665.47
Polyketide	pericentriolar material [GO:0000242]	665.47
Polyketide	Golgi membrane [GO:0000139]	665.47
Polyketide	chromosome, telomeric region [GO:0000781]	665.47
Polyketide	nucleus [GO:0005634]	665.47
Polyketide	cytoplasm [GO:0005737]	665.47
Polyketide	microtubule [GO:0005874]	1300.8
Polyketide	cytoplasm [GO:0005737]	1300.8
Polyketide	microtubule cytoskeleton [GO:0015630]	1300.8
Polyketide	cellular bud [GO:0005933]	537.1
Polyketide	endoplasmic reticulum [GO:0005783]	537.1
Polyketide	Golgi cis cisterna [GO:0000137]	537.1
Polyketide	cytosol [GO:0005829]	537.1
Polyketide	membrane [GO:0016020]	537.1
Polyketide	mitochondrion [GO:0005739]	537.1
Polyketide	sarcoplasmic reticulum membrane [GO:0033017]	972.5
Polyketide	cytoplasmic side of membrane [GO:0098562]	972.5
Polyketide	cytosol [GO:0005829]	972.5
Polyketide	Z disc [GO:0030018]	972.5
Polyketide	sarcoplasmic reticulum [GO:0016529]	972.5
Polyketide	terminal cisterna [GO:0014802]	972.5
Polyketide	membrane [GO:0016020]	972.5
Polyketide	ryanodine receptor complex [GO:1990425]	972.5
Polyketide	cytoplasm [GO:0005737]	972.5
Polyketide	melanosome [GO:0042470]	331.28
Polyketide	axonal growth cone [GO:0044295]	331.28
Polyketide	cell body [GO:0044297]	331.28
Polyketide	endomembrane system [GO:0012505]	331.28
Polyketide	lamellipodium [GO:0030027]	331.28
Polyketide	growth cone membrane [GO:0032584]	331.28
Polyketide	plasma membrane [GO:0005886]	331.28
Polyketide	axon [GO:0030424]	331.28
Polyketide	cell surface [GO:0009986]	331.28
Polyketide	cytosol [GO:0005829]	748.44
Polyketide	extracellular exosome [GO:0070062]	748.44
Polyketide	endoplasmic reticulum [GO:0005783]	261.41
Polyketide	ribonucleoprotein complex [GO:1990904]	261.41
Polyketide	cytosol [GO:0005829]	261.41
Polyketide	plasma membrane [GO:0005886]	261.41
Polyketide	ribosome [GO:0005840]	261.41
Polyketide	chromosome [GO:0005694]	331.98
Polyketide	DNA topoisomerase type II (double strand cut, ATP-hydrolyzing) complex [GO:0009330]	331.98
Polyketide	cytoplasm [GO:0005737]	331.98
Polyketide	cytosol [GO:0005829]	331.98
Polyketide	histone deacetylase complex [GO:0000118]	346.88
Polyketide	intracellular membrane-bounded organelle [GO:0043231]	523.43
Polyketide	nucleoplasm [GO:0005654]	523.43
Polyketide	mitochondrion [GO:0005739]	523.43
Polyketide	chromatin [GO:0000785]	523.43
Polyketide	nucleus [GO:0005634]	523.43
Polyketide	basolateral plasma membrane [GO:0016323]	1171.8
Polyketide	focal adhesion [GO:0005925]	1171.8
Polyketide	apical plasma membrane [GO:0016324]	1171.8
Polyketide	plasma membrane [GO:0005886]	1171.8
Polyketide	membrane [GO:0016020]	1171.8
Polyketide	microtubule [GO:0005874]	1123.82
Polyketide	cytoplasm [GO:0005737]	1123.82
Polyketide	cytoplasm [GO:0005737]	384.9
Polyketide	Ino80 complex [GO:0031011]	963.27
Polyketide	brahma complex [GO:0035060]	963.27
Polyketide	cytoskeleton [GO:0005856]	963.27
Polyketide	cytoplasm [GO:0005737]	963.27
Polyketide	dendrite [GO:0030425]	875.75
Polyketide	PML body [GO:0016605]	875.75
Polyketide	nuclear envelope [GO:0005635]	875.75
Polyketide	lysosome [GO:0005764]	875.75
Polyketide	endomembrane system [GO:0012505]	875.75
Polyketide	mitochondrial outer membrane [GO:0005741]	875.75
Polyketide	cytosol [GO:0005829]	875.75
Polyketide	Golgi membrane [GO:0000139]	875.75
Polyketide	nucleoplasm [GO:0005654]	875.75
Polyketide	endoplasmic reticulum membrane [GO:0005789]	875.75
Polyketide	membrane [GO:0016020]	875.75
Polyketide	TORC1 complex [GO:0031931]	875.75
Polyketide	nucleus [GO:0005634]	875.75
Polyketide	TORC2 complex [GO:0031932]	875.75
Polyketide	lysosomal membrane [GO:0005765]	875.75
Polyketide	cytoplasm [GO:0005737]	875.75
Polyketide	phagocytic vesicle [GO:0045335]	875.75
Polyketide	cytoplasm [GO:0005737]	226.18
Polyketide	sarcoplasmic reticulum membrane [GO:0033017]	760.66
Polyketide	cytoplasmic side of membrane [GO:0098562]	760.66
Polyketide	cytosol [GO:0005829]	760.66
Polyketide	Z disc [GO:0030018]	760.66
Polyketide	sarcoplasmic reticulum [GO:0016529]	760.66
Polyketide	terminal cisterna [GO:0014802]	760.66
Polyketide	membrane [GO:0016020]	760.66
Polyketide	ryanodine receptor complex [GO:1990425]	760.66
Polyketide	cytoplasm [GO:0005737]	760.66
Polyketide	extracellular space [GO:0005615]	351.39
Polyketide	azurophil granule lumen [GO:0035578]	351.39
Polyketide	extracellular region [GO:0005576]	351.39
Polyketide	extracellular exosome [GO:0070062]	351.39
Polyketide	intracellular membrane-bounded organelle [GO:0043231]	444.84
Polyketide	nucleoplasm [GO:0005654]	444.84
Polyketide	mitochondrion [GO:0005739]	444.84
Polyketide	chromatin [GO:0000785]	444.84
Polyketide	nucleus [GO:0005634]	444.84
Polyketide	focal adhesion [GO:0005925]	705.14
Polyketide	tertiary granule membrane [GO:0070821]	705.14
Polyketide	extracellular exosome [GO:0070062]	705.14
Polyketide	plasma membrane [GO:0005886]	705.14
Polyketide	protein complex involved in cell-matrix adhesion [GO:0098637]	705.14
Polyketide	serine protease inhibitor complex [GO:0097180]	705.14
Polyketide	extracellular region [GO:0005576]	705.14
Polyketide	specific granule membrane [GO:0035579]	705.14
Polyketide	extracellular space [GO:0005615]	705.14
Polyketide	external side of plasma membrane [GO:0009897]	705.14
Polyketide	cell surface [GO:0009986]	705.14
Polyketide	serine-type endopeptidase complex [GO:1905370]	705.14
Polyketide	nucleolus [GO:0005730]	836.68
Polyketide	nucleoplasm [GO:0005654]	836.68
Polyketide	cytoplasm [GO:0005737]	836.68
Polyketide	cytosol [GO:0005829]	836.68
Polyketide	spindle pole body [GO:0005816]	1175.83
Polyketide	perinuclear region of cytoplasm [GO:0048471]	1175.83
Polyketide	kinetochore [GO:0000776]	1175.83
Polyketide	nucleus [GO:0005634]	1175.83
Polyketide	cytoplasm [GO:0005737]	1175.83
Polyketide	nucleus [GO:0005634]	964.7
Polyketide	cytoplasm [GO:0005737]	964.7
Polyketide	proton-transporting V-type ATPase complex [GO:0033176]	125.43
Polyketide	vacuolar proton-transporting V-type ATPase, V0 domain [GO:0000220]	125.43
Polyketide	Golgi membrane [GO:0000139]	125.43
Polyketide	membrane [GO:0016020]	125.43
Polyketide	vacuolar proton-transporting V-type ATPase complex [GO:0016471]	125.43
Polyketide	fungal-type vacuole membrane [GO:0000329]	125.43
Polyketide	protein-containing complex [GO:0032991]	913.31
Polyketide	endocytic vesicle membrane [GO:0030666]	913.31
Polyketide	cytosol [GO:0005829]	913.31
Polyketide	transcription repressor complex [GO:0017053]	913.31
Polyketide	nucleoplasm [GO:0005654]	913.31
Polyketide	plasma membrane [GO:0005886]	913.31
Polyketide	nucleus [GO:0005634]	913.31
Polyketide	cytoplasm [GO:0005737]	913.31
Polyketide	nucleolus [GO:0005730]	913.31
Polyketide	nucleus [GO:0005634]	934.1
Polyketide	cytoplasm [GO:0005737]	934.1
Polyketide	cytosol [GO:0005829]	934.1
Polyketide	endoplasmic reticulum membrane [GO:0005789]	1033.04
Polyketide	endoplasmic reticulum [GO:0005783]	1033.04
Polyketide	chromosome, centromeric region [GO:0000775]	143.2
Polyketide	meiotic cohesin complex [GO:0030893]	143.2
Polyketide	chromatin [GO:0000785]	143.2
Polyketide	nucleus [GO:0005634]	143.2
Polyketide	microtubule [GO:0005874]	194.77
Polyketide	cytoplasm [GO:0005737]	194.77
Polyketide	microtubule cytoskeleton [GO:0015630]	194.77
Polyketide	chromosome [GO:0005694]	815.55
Polyketide	condensed nuclear chromosome [GO:0000794]	815.55
Polyketide	nucleus [GO:0005634]	815.55
Polyketide	nucleoplasm [GO:0005654]	815.55
Polyketide	focal adhesion [GO:0005925]	484.26
Polyketide	tertiary granule membrane [GO:0070821]	484.26
Polyketide	extracellular exosome [GO:0070062]	484.26
Polyketide	plasma membrane [GO:0005886]	484.26
Polyketide	protein complex involved in cell-matrix adhesion [GO:0098637]	484.26
Polyketide	serine protease inhibitor complex [GO:0097180]	484.26
Polyketide	extracellular region [GO:0005576]	484.26
Polyketide	specific granule membrane [GO:0035579]	484.26
Polyketide	extracellular space [GO:0005615]	484.26
Polyketide	external side of plasma membrane [GO:0009897]	484.26
Polyketide	cell surface [GO:0009986]	484.26
Polyketide	serine-type endopeptidase complex [GO:1905370]	484.26
Polyketide	plasma membrane [GO:0005886]	352.8
Polyketide	proton-transporting ATP synthase complex, coupling factor F(o) [GO:0045263]	352.8
Polyketide	septin ring [GO:0005940]	916.14
Polyketide	condensed nuclear chromosome [GO:0000794]	916.14
Polyketide	nucleus [GO:0005634]	916.14
Polyketide	cytosol [GO:0005829]	481.86
Polyketide	mitochondrion [GO:0005739]	481.86
Polyketide	mitochondrial intermembrane space [GO:0005758]	481.86
Polyketide	mitochondrial matrix [GO:0005759]	481.86
Polyketide	nucleus [GO:0005634]	481.86
Polyketide	cytosol [GO:0005829]	536.37
Polyketide	nucleoplasm [GO:0005654]	536.37
Polyketide	plasma membrane [GO:0005886]	536.37
Polyketide	nucleus [GO:0005634]	536.37
Polyketide	cytoplasm [GO:0005737]	536.37
Polyketide	nucleolus [GO:0005730]	536.37
Polyketide	node of Ranvier [GO:0033268]	355.69
Polyketide	synapse [GO:0045202]	355.69
Polyketide	plasma membrane [GO:0005886]	355.69
Polyketide	axon initial segment [GO:0043194]	355.69
Polyketide	voltage-gated potassium channel complex [GO:0008076]	355.69
Polyketide	dendrite [GO:0030425]	1014.29
Polyketide	PML body [GO:0016605]	1014.29
Polyketide	nuclear envelope [GO:0005635]	1014.29
Polyketide	lysosome [GO:0005764]	1014.29
Polyketide	endomembrane system [GO:0012505]	1014.29
Polyketide	mitochondrial outer membrane [GO:0005741]	1014.29
Polyketide	cytosol [GO:0005829]	1014.29
Polyketide	Golgi membrane [GO:0000139]	1014.29
Polyketide	nucleoplasm [GO:0005654]	1014.29
Polyketide	endoplasmic reticulum membrane [GO:0005789]	1014.29
Polyketide	membrane [GO:0016020]	1014.29
Polyketide	TORC1 complex [GO:0031931]	1014.29
Polyketide	nucleus [GO:0005634]	1014.29
Polyketide	TORC2 complex [GO:0031932]	1014.29
Polyketide	lysosomal membrane [GO:0005765]	1014.29
Polyketide	cytoplasm [GO:0005737]	1014.29
Polyketide	phagocytic vesicle [GO:0045335]	1014.29
Polyketide	plasma membrane [GO:0005886]	1729.97
Polyketide	nucleoplasm [GO:0005654]	677.68
Polyketide	cytosol [GO:0005829]	677.68
Polyketide	extracellular exosome [GO:0070062]	677.68
Polyketide	vesicle [GO:0031982]	690.53
Polyketide	cytoplasm [GO:0005737]	690.53
Polyketide	secretory granule lumen [GO:0034774]	690.53
Polyketide	cytosol [GO:0005829]	690.53
Polyketide	ficolin-1-rich granule lumen [GO:1904813]	690.53
Polyketide	extracellular exosome [GO:0070062]	690.53
Polyketide	nucleoplasm [GO:0005654]	690.53
Polyketide	plasma membrane [GO:0005886]	690.53
Polyketide	extracellular region [GO:0005576]	690.53
Polyketide	extracellular space [GO:0005615]	690.53
Polyketide	cell surface [GO:0009986]	690.53
Polyketide	pore complex [GO:0046930]	723.35
Polyketide	cell outer membrane [GO:0009279]	723.35
Polyketide	sarcoplasmic reticulum membrane [GO:0033017]	950.68
Polyketide	cytoplasmic side of membrane [GO:0098562]	950.68
Polyketide	cytosol [GO:0005829]	950.68
Polyketide	Z disc [GO:0030018]	950.68
Polyketide	sarcoplasmic reticulum [GO:0016529]	950.68
Polyketide	terminal cisterna [GO:0014802]	950.68
Polyketide	membrane [GO:0016020]	950.68
Polyketide	ryanodine receptor complex [GO:1990425]	950.68
Polyketide	cytoplasm [GO:0005737]	950.68
Polyketide	plasma membrane [GO:0005886]	1532.55
Polyketide	periplasmic side of plasma membrane [GO:0098567]	1532.55
Polyketide	membrane [GO:0016020]	1532.55
Polyketide	outer membrane-bounded periplasmic space [GO:0030288]	1532.55
Polyketide	efflux pump complex [GO:1990281]	1532.55
Polyketide	dendrite [GO:0030425]	485.68
Polyketide	chloride channel complex [GO:0034707]	485.68
Polyketide	neuron projection [GO:0043005]	485.68
Polyketide	plasma membrane [GO:0005886]	485.68
Polyketide	membrane [GO:0016020]	485.68
Polyketide	postsynaptic membrane [GO:0045211]	485.68
Polyketide	synapse [GO:0045202]	485.68
Polyketide	perikaryon [GO:0043204]	485.68
