class	GO_CC	as_max_dst
Polyketide	protein-containing complex [GO:0032991]	16.69
Polyketide	axonal growth cone [GO:0044295]	16.69
Polyketide	perinuclear region of cytoplasm [GO:0048471]	16.69
Polyketide	cytosol [GO:0005829]	16.69
Polyketide	extracellular exosome [GO:0070062]	16.69
Polyketide	nucleoplasm [GO:0005654]	16.69
Polyketide	microtubule [GO:0005874]	16.69
Polyketide	mitochondrion [GO:0005739]	16.69
Polyketide	cytoplasm [GO:0005737]	16.69
Polyketide	neuronal cell body [GO:0043025]	16.69
Polyketide	periplasmic space [GO:0042597]	12.6
Polyketide	intracellular membrane-bounded organelle [GO:0043231]	18.53
Polyketide	endoplasmic reticulum membrane [GO:0005789]	18.53
Polyketide	lysosomal lumen [GO:0043202]	11.75
Polyketide	basolateral plasma membrane [GO:0016323]	11.75
Polyketide	secretory granule lumen [GO:0034774]	11.75
Polyketide	extracellular exosome [GO:0070062]	11.75
Polyketide	nucleoplasm [GO:0005654]	11.75
Polyketide	brush border membrane [GO:0031526]	11.75
Polyketide	cytoplasm [GO:0005737]	11.75
Polyketide	cell surface [GO:0009986]	11.75
Polyketide	neuronal cell body [GO:0043025]	11.75
Polyketide	endocytic vesicle lumen [GO:0071682]	11.75
Polyketide	melanosome [GO:0042470]	11.75
Polyketide	protein-containing complex [GO:0032991]	11.75
Polyketide	axonal growth cone [GO:0044295]	11.75
Polyketide	perinuclear region of cytoplasm [GO:0048471]	11.75
Polyketide	cytosol [GO:0005829]	11.75
Polyketide	sperm mitochondrial sheath [GO:0097226]	11.75
Polyketide	membrane [GO:0016020]	11.75
Polyketide	extracellular region [GO:0005576]	11.75
Polyketide	nucleus [GO:0005634]	11.75
Polyketide	sperm plasma membrane [GO:0097524]	11.75
Polyketide	collagen-containing extracellular matrix [GO:0062023]	11.75
Polyketide	myelin sheath [GO:0043209]	11.75
Polyketide	apical plasma membrane [GO:0016324]	11.75
Polyketide	ficolin-1-rich granule lumen [GO:1904813]	11.75
Polyketide	dendritic growth cone [GO:0044294]	11.75
Polyketide	plasma membrane [GO:0005886]	11.75
Polyketide	mitochondrion [GO:0005739]	11.75
Polyketide	DNA-directed RNA polymerase complex [GO:0000428]	27.33
Polyketide	protein kinase CK2 complex [GO:0005956]	14.26
Polyketide	cytosol [GO:0005829]	14.26
Polyketide	nucleoplasm [GO:0005654]	14.26
Polyketide	chromatin [GO:0000785]	14.26
Polyketide	nucleus [GO:0005634]	14.26
Polyketide	acrosomal vesicle [GO:0001669]	14.26
Polyketide	lysosomal lumen [GO:0043202]	12.94
Polyketide	basolateral plasma membrane [GO:0016323]	12.94
Polyketide	secretory granule lumen [GO:0034774]	12.94
Polyketide	extracellular exosome [GO:0070062]	12.94
Polyketide	nucleoplasm [GO:0005654]	12.94
Polyketide	brush border membrane [GO:0031526]	12.94
Polyketide	cytoplasm [GO:0005737]	12.94
Polyketide	cell surface [GO:0009986]	12.94
Polyketide	neuronal cell body [GO:0043025]	12.94
Polyketide	endocytic vesicle lumen [GO:0071682]	12.94
Polyketide	melanosome [GO:0042470]	12.94
Polyketide	protein-containing complex [GO:0032991]	12.94
Polyketide	axonal growth cone [GO:0044295]	12.94
Polyketide	perinuclear region of cytoplasm [GO:0048471]	12.94
Polyketide	cytosol [GO:0005829]	12.94
Polyketide	sperm mitochondrial sheath [GO:0097226]	12.94
Polyketide	membrane [GO:0016020]	12.94
Polyketide	extracellular region [GO:0005576]	12.94
Polyketide	nucleus [GO:0005634]	12.94
Polyketide	sperm plasma membrane [GO:0097524]	12.94
Polyketide	collagen-containing extracellular matrix [GO:0062023]	12.94
Polyketide	myelin sheath [GO:0043209]	12.94
Polyketide	apical plasma membrane [GO:0016324]	12.94
Polyketide	ficolin-1-rich granule lumen [GO:1904813]	12.94
Polyketide	dendritic growth cone [GO:0044294]	12.94
Polyketide	plasma membrane [GO:0005886]	12.94
Polyketide	mitochondrion [GO:0005739]	12.94
Polyketide	extracellular space [GO:0005615]	9.3
Polyketide	azurophil granule lumen [GO:0035578]	9.3
Polyketide	extracellular region [GO:0005576]	9.3
Polyketide	extracellular exosome [GO:0070062]	9.3
Polyketide	chloride channel complex [GO:0034707]	16.17
Polyketide	postsynaptic membrane [GO:0045211]	16.17
Polyketide	perikaryon [GO:0043204]	16.17
Polyketide	membrane [GO:0016020]	16.17
Polyketide	plasma membrane [GO:0005886]	16.17
Polyketide	dendrite [GO:0030425]	16.17
Polyketide	neuron projection [GO:0043005]	16.17
Polyketide	synapse [GO:0045202]	16.17
Polyketide	cytoplasm [GO:0005737]	14.48
Polyketide	chloroplast stroma [GO:0009570]	10.26
Polyketide	endoplasmic reticulum [GO:0005783]	10.26
Polyketide	chloroplast [GO:0009507]	10.26
Polyketide	cytosol [GO:0005829]	10.26
Polyketide	intracellular membrane-bounded organelle [GO:0043231]	10.26
Polyketide	plasma membrane [GO:0005886]	10.26
Polyketide	apoplast [GO:0048046]	10.26
Polyketide	plasmodesma [GO:0009506]	10.26
Polyketide	plant-type vacuole [GO:0000325]	10.26
Polyketide	extracellular space [GO:0005615]	21.63
Polyketide	azurophil granule lumen [GO:0035578]	21.63
Polyketide	extracellular region [GO:0005576]	21.63
Polyketide	extracellular exosome [GO:0070062]	21.63
Polyketide	postsynaptic density [GO:0014069]	11.86
Polyketide	glutamatergic synapse [GO:0098978]	11.86
Polyketide	plasma membrane [GO:0005886]	11.86
Polyketide	DAPK1-calmodulin complex [GO:1990722]	11.86
Polyketide	actin cytoskeleton [GO:0015629]	11.86
Polyketide	nucleus [GO:0005634]	11.86
Polyketide	cytoplasm [GO:0005737]	11.86
Polyketide	node of Ranvier [GO:0033268]	13.84
Polyketide	synapse [GO:0045202]	13.84
Polyketide	plasma membrane [GO:0005886]	13.84
Polyketide	axon initial segment [GO:0043194]	13.84
Polyketide	voltage-gated potassium channel complex [GO:0008076]	13.84
Polyketide	cell body [GO:0044297]	21.74
Polyketide	actin filament [GO:0005884]	21.74
Polyketide	skeletal muscle myofibril [GO:0098723]	21.74
Polyketide	stress fiber [GO:0001725]	21.74
Polyketide	filamentous actin [GO:0031941]	21.74
Polyketide	actin filament bundle [GO:0032432]	21.74
Polyketide	lamellipodium [GO:0030027]	21.74
Polyketide	striated muscle thin filament [GO:0005865]	21.74
Polyketide	cytoplasm [GO:0005737]	21.74
Polyketide	filopodium [GO:0030175]	21.74
Polyketide	protein-containing complex [GO:0032991]	12.22
Polyketide	cytosol [GO:0005829]	12.22
Polyketide	nucleoplasm [GO:0005654]	12.22
Polyketide	membrane [GO:0016020]	12.22
Polyketide	plasma membrane [GO:0005886]	12.22
Polyketide	euchromatin [GO:0000791]	12.22
Polyketide	chromatin [GO:0000785]	12.22
Polyketide	transcription regulator complex [GO:0005667]	12.22
Polyketide	nucleus [GO:0005634]	12.22
Polyketide	cytoplasm [GO:0005737]	12.22
Polyketide	Golgi apparatus [GO:0005794]	12.22
Polyketide	nucleoplasm [GO:0005654]	17.55
Polyketide	nucleus [GO:0005634]	17.55
Polyketide	chromatin [GO:0000785]	17.55
Polyketide	microtubule [GO:0005874]	15.13
Polyketide	cytoplasm [GO:0005737]	15.13
Polyketide	intracellular membrane-bounded organelle [GO:0043231]	12.44
Polyketide	endoplasmic reticulum membrane [GO:0005789]	12.44
Polyketide	cell body [GO:0044297]	22.89
Polyketide	actin filament [GO:0005884]	22.89
Polyketide	skeletal muscle myofibril [GO:0098723]	22.89
Polyketide	stress fiber [GO:0001725]	22.89
Polyketide	filamentous actin [GO:0031941]	22.89
Polyketide	actin filament bundle [GO:0032432]	22.89
Polyketide	lamellipodium [GO:0030027]	22.89
Polyketide	striated muscle thin filament [GO:0005865]	22.89
Polyketide	cytoplasm [GO:0005737]	22.89
Polyketide	filopodium [GO:0030175]	22.89
Polyketide	cytosol [GO:0005829]	12.85
Polyketide	extracellular exosome [GO:0070062]	12.85
Polyketide	membrane [GO:0016020]	11.58
Polyketide	vesicle [GO:0031982]	20.26
Polyketide	cytoplasm [GO:0005737]	20.26
Polyketide	secretory granule lumen [GO:0034774]	20.26
Polyketide	cytosol [GO:0005829]	20.26
Polyketide	ficolin-1-rich granule lumen [GO:1904813]	20.26
Polyketide	extracellular exosome [GO:0070062]	20.26
Polyketide	nucleoplasm [GO:0005654]	20.26
Polyketide	plasma membrane [GO:0005886]	20.26
Polyketide	extracellular region [GO:0005576]	20.26
Polyketide	extracellular space [GO:0005615]	20.26
Polyketide	cell surface [GO:0009986]	20.26
Polyketide	protein-containing complex [GO:0032991]	16.12
Polyketide	cytosol [GO:0005829]	16.12
Polyketide	nucleoplasm [GO:0005654]	16.12
Polyketide	membrane [GO:0016020]	16.12
Polyketide	plasma membrane [GO:0005886]	16.12
Polyketide	euchromatin [GO:0000791]	16.12
Polyketide	chromatin [GO:0000785]	16.12
Polyketide	transcription regulator complex [GO:0005667]	16.12
Polyketide	nucleus [GO:0005634]	16.12
Polyketide	cytoplasm [GO:0005737]	16.12
Polyketide	Golgi apparatus [GO:0005794]	16.12
Polyketide	endocytic vesicle [GO:0030139]	18.62
Polyketide	focal adhesion [GO:0005925]	18.62
Polyketide	intercellular canaliculus [GO:0046581]	18.62
Polyketide	apical plasma membrane [GO:0016324]	18.62
Polyketide	lamellipodium membrane [GO:0031258]	18.62
Polyketide	lamellipodium [GO:0030027]	18.62
Polyketide	extracellular exosome [GO:0070062]	18.62
Polyketide	plasma membrane [GO:0005886]	18.62
Polyketide	membrane [GO:0016020]	18.62
Polyketide	extracellular region [GO:0005576]	18.62
Polyketide	membrane raft [GO:0045121]	18.62
Polyketide	lysosomal membrane [GO:0005765]	18.62
Polyketide	cell surface [GO:0009986]	18.62
Polyketide	nuclear envelope [GO:0005635]	12.49
Polyketide	perinuclear region of cytoplasm [GO:0048471]	12.49
Polyketide	cytosol [GO:0005829]	12.49
Polyketide	pericentriolar material [GO:0000242]	12.49
Polyketide	Golgi membrane [GO:0000139]	12.49
Polyketide	chromosome, telomeric region [GO:0000781]	12.49
Polyketide	nucleus [GO:0005634]	12.49
Polyketide	cytoplasm [GO:0005737]	12.49
Polyketide	extracellular space [GO:0005615]	14.12
Polyketide	azurophil granule lumen [GO:0035578]	14.12
Polyketide	extracellular region [GO:0005576]	14.12
Polyketide	extracellular exosome [GO:0070062]	14.12
Polyketide	neuron projection [GO:0043005]	15.97
Polyketide	cytosol [GO:0005829]	15.97
Polyketide	postsynaptic density [GO:0014069]	15.97
Polyketide	Golgi membrane [GO:0000139]	15.97
Polyketide	plasma membrane [GO:0005886]	15.97
Polyketide	Golgi apparatus [GO:0005794]	15.97
Polyketide	protein-containing complex [GO:0032991]	10.24
Polyketide	endocytic vesicle membrane [GO:0030666]	10.24
Polyketide	cytosol [GO:0005829]	10.24
Polyketide	transcription repressor complex [GO:0017053]	10.24
Polyketide	nucleoplasm [GO:0005654]	10.24
Polyketide	plasma membrane [GO:0005886]	10.24
Polyketide	nucleus [GO:0005634]	10.24
Polyketide	cytoplasm [GO:0005737]	10.24
Polyketide	nucleolus [GO:0005730]	10.24
Polyketide	protein-containing complex [GO:0032991]	13.09
Polyketide	cytosol [GO:0005829]	13.09
Polyketide	nucleoplasm [GO:0005654]	13.09
Polyketide	membrane [GO:0016020]	13.09
Polyketide	plasma membrane [GO:0005886]	13.09
Polyketide	euchromatin [GO:0000791]	13.09
Polyketide	chromatin [GO:0000785]	13.09
Polyketide	transcription regulator complex [GO:0005667]	13.09
Polyketide	nucleus [GO:0005634]	13.09
Polyketide	cytoplasm [GO:0005737]	13.09
Polyketide	Golgi apparatus [GO:0005794]	13.09
Polyketide	chromosome [GO:0005694]	17.27
Polyketide	cytoplasm [GO:0005737]	17.27
Polyketide	protein-containing complex [GO:0032991]	17.24
Polyketide	cytosol [GO:0005829]	17.24
Polyketide	nucleoplasm [GO:0005654]	17.24
Polyketide	membrane [GO:0016020]	17.24
Polyketide	plasma membrane [GO:0005886]	17.24
Polyketide	euchromatin [GO:0000791]	17.24
Polyketide	chromatin [GO:0000785]	17.24
Polyketide	transcription regulator complex [GO:0005667]	17.24
Polyketide	nucleus [GO:0005634]	17.24
Polyketide	cytoplasm [GO:0005737]	17.24
Polyketide	Golgi apparatus [GO:0005794]	17.24
Polyketide	intracellular membrane-bounded organelle [GO:0043231]	9.64
Polyketide	nucleoplasm [GO:0005654]	9.64
Polyketide	mitochondrion [GO:0005739]	9.64
Polyketide	chromatin [GO:0000785]	9.64
Polyketide	nucleus [GO:0005634]	9.64
Polyketide	host cell nucleus [GO:0042025]	15.09
Polyketide	host cell cytoplasm [GO:0030430]	15.09
Polyketide	cell body [GO:0044297]	13.63
Polyketide	actin filament [GO:0005884]	13.63
Polyketide	skeletal muscle myofibril [GO:0098723]	13.63
Polyketide	stress fiber [GO:0001725]	13.63
Polyketide	filamentous actin [GO:0031941]	13.63
Polyketide	actin filament bundle [GO:0032432]	13.63
Polyketide	lamellipodium [GO:0030027]	13.63
Polyketide	striated muscle thin filament [GO:0005865]	13.63
Polyketide	cytoplasm [GO:0005737]	13.63
Polyketide	filopodium [GO:0030175]	13.63
Polyketide	host cell nucleus [GO:0042025]	13.62
Polyketide	host cell plasma membrane [GO:0020002]	13.62
Polyketide	membrane [GO:0016020]	13.62
Polyketide	viral nucleocapsid [GO:0019013]	13.62
Polyketide	host multivesicular body [GO:0072494]	13.62
Polyketide	virion membrane [GO:0055036]	13.62
Polyketide	nucleus [GO:0005634]	21.07
Polyketide	cytoplasm [GO:0005737]	21.07
Polyketide	host cell nucleus [GO:0042025]	16.76
Polyketide	protein-containing complex [GO:0032991]	16.76
Polyketide	host cell plasma membrane [GO:0020002]	16.76
Polyketide	host cell lipid droplet [GO:0044186]	16.76
Polyketide	viral envelope [GO:0019031]	16.76
Polyketide	host cell endoplasmic reticulum membrane [GO:0044167]	16.76
Polyketide	host cell mitochondrial membrane [GO:0044191]	16.76
Polyketide	ribonucleoprotein complex [GO:1990904]	16.76
Polyketide	membrane [GO:0016020]	16.76
Polyketide	viral nucleocapsid [GO:0019013]	16.76
Polyketide	virion membrane [GO:0055036]	16.76
Polyketide	host cell perinuclear region of cytoplasm [GO:0044220]	16.76
Polyketide	nuclear chromosome [GO:0000228]	14.84
Polyketide	histone deacetylase complex [GO:0000118]	14.84
Polyketide	cytoplasm [GO:0005737]	14.84
Polyketide	nucleoplasm [GO:0005654]	14.84
Polyketide	nucleus [GO:0005634]	14.84
Polyketide	intracellular membrane-bounded organelle [GO:0043231]	10.02
Polyketide	endoplasmic reticulum membrane [GO:0005789]	10.02
Polyketide	cytoplasm [GO:0005737]	10.02
Polyketide	cytoplasmic microtubule [GO:0005881]	10.02
Polyketide	cytoplasmic side of endoplasmic reticulum membrane [GO:0098554]	18.0
Polyketide	protein-containing complex [GO:0032991]	18.0
Polyketide	endoplasmic reticulum [GO:0005783]	18.0
Polyketide	sorting endosome [GO:0097443]	18.0
Polyketide	endosome lumen [GO:0031904]	18.0
Polyketide	early endosome [GO:0005769]	18.0
Polyketide	cytosol [GO:0005829]	18.0
Polyketide	mitochondrial crista [GO:0030061]	18.0
Polyketide	mitochondrial matrix [GO:0005759]	18.0
Polyketide	cytoplasm [GO:0005737]	18.0
Polyketide	mitochondrial respiratory chain complex I [GO:0005747]	6.83
Polyketide	mitochondrial inner membrane [GO:0005743]	6.83
Polyketide	cell body [GO:0044297]	13.24
Polyketide	actin filament [GO:0005884]	13.24
Polyketide	skeletal muscle myofibril [GO:0098723]	13.24
Polyketide	stress fiber [GO:0001725]	13.24
Polyketide	filamentous actin [GO:0031941]	13.24
Polyketide	actin filament bundle [GO:0032432]	13.24
Polyketide	lamellipodium [GO:0030027]	13.24
Polyketide	striated muscle thin filament [GO:0005865]	13.24
Polyketide	cytoplasm [GO:0005737]	13.24
Polyketide	filopodium [GO:0030175]	13.24
Polyketide	postsynaptic density membrane [GO:0098839]	2.07
Polyketide	parallel fiber to Purkinje cell synapse [GO:0098688]	2.07
Polyketide	dendritic spine [GO:0043197]	2.07
Polyketide	synaptic vesicle [GO:0008021]	2.07
Polyketide	synaptic membrane [GO:0097060]	2.07
Polyketide	NMDA selective glutamate receptor complex [GO:0017146]	2.07
Polyketide	cell surface [GO:0009986]	2.07
Polyketide	plasma membrane [GO:0005886]	2.07
Polyketide	endoplasmic reticulum membrane [GO:0005789]	2.07
Polyketide	presynaptic active zone membrane [GO:0048787]	2.07
Polyketide	hippocampal mossy fiber to CA3 synapse [GO:0098686]	2.07
Polyketide	dendrite membrane [GO:0032590]	2.07
Polyketide	excitatory synapse [GO:0060076]	2.07
Polyketide	dendritic branch [GO:0044307]	2.07
Polyketide	postsynaptic membrane [GO:0045211]	2.07
Polyketide	membrane [GO:0016020]	2.07
Polyketide	presynaptic membrane [GO:0042734]	2.07
Polyketide	synaptic cleft [GO:0043083]	2.07
Polyketide	dendrite [GO:0030425]	2.07
Polyketide	cytoplasm [GO:0005737]	2.07
Polyketide	glutamatergic synapse [GO:0098978]	2.07
Polyketide	neuron projection [GO:0043005]	2.07
Polyketide	neuronal cell body [GO:0043025]	2.07
Polyketide	synaptic vesicle membrane [GO:0030672]	2.07
Polyketide	terminal bouton [GO:0043195]	2.07
Polyketide	synapse [GO:0045202]	2.07
Polyketide	postsynaptic density [GO:0014069]	2.07
Polyketide	endoplasmic reticulum [GO:0005783]	2.07
Polyketide	node of Ranvier [GO:0033268]	13.47
Polyketide	synapse [GO:0045202]	13.47
Polyketide	plasma membrane [GO:0005886]	13.47
Polyketide	axon initial segment [GO:0043194]	13.47
Polyketide	voltage-gated potassium channel complex [GO:0008076]	13.47
Polyketide	membrane [GO:0016020]	16.89
Polyketide	endoplasmic reticulum [GO:0005783]	16.89
Polyketide	endoplasmic reticulum membrane [GO:0005789]	16.89
Polyketide	maltose transport complex [GO:1990060]	-1.0
Polyketide	outer membrane-bounded periplasmic space [GO:0030288]	-1.0
Polyketide	cytoplasm [GO:0005737]	-1.0
Polyketide	sarcoplasmic reticulum membrane [GO:0033017]	-1.0
Polyketide	cytoplasmic side of membrane [GO:0098562]	-1.0
Polyketide	cytosol [GO:0005829]	-1.0
Polyketide	Z disc [GO:0030018]	-1.0
Polyketide	sarcoplasmic reticulum [GO:0016529]	-1.0
Polyketide	terminal cisterna [GO:0014802]	-1.0
Polyketide	membrane [GO:0016020]	-1.0
Polyketide	ATP-binding cassette (ABC) transporter complex [GO:0043190]	-1.0
Polyketide	ryanodine receptor complex [GO:1990425]	-1.0
Polyketide	periplasmic space [GO:0042597]	-1.0
Polyketide	ATP-binding cassette (ABC) transporter complex, substrate-binding subunit-containing [GO:0055052]	-1.0
Polyketide	cytoplasm [GO:0005737]	15.47
Polyketide	plasma membrane [GO:0005886]	8.65
Polyketide	proton-transporting ATP synthase complex, coupling factor F(o) [GO:0045263]	8.65
Polyketide	host cell endoplasmic reticulum-Golgi intermediate compartment [GO:0044172]	11.19
Polyketide	host cell Golgi apparatus [GO:0044177]	11.19
Polyketide	host cell endosome [GO:0044174]	11.19
Polyketide	host cell endoplasmic reticulum [GO:0044165]	11.19
Polyketide	membrane [GO:0016020]	11.19
Polyketide	double membrane vesicle viral factory outer membrane [GO:0062243]	11.19
Polyketide	host cell perinuclear region of cytoplasm [GO:0044220]	11.19
Polyketide	protein-containing complex [GO:0032991]	9.91
Polyketide	cytosol [GO:0005829]	9.91
Polyketide	nucleoplasm [GO:0005654]	9.91
Polyketide	membrane [GO:0016020]	9.91
Polyketide	plasma membrane [GO:0005886]	9.91
Polyketide	euchromatin [GO:0000791]	9.91
Polyketide	chromatin [GO:0000785]	9.91
Polyketide	transcription regulator complex [GO:0005667]	9.91
Polyketide	nucleus [GO:0005634]	9.91
Polyketide	cytoplasm [GO:0005737]	9.91
Polyketide	Golgi apparatus [GO:0005794]	9.91
Polyketide	dendrite [GO:0030425]	17.95
Polyketide	protein-containing complex [GO:0032991]	17.95
Polyketide	perinuclear region of cytoplasm [GO:0048471]	17.95
Polyketide	cytosol [GO:0005829]	17.95
Polyketide	nucleoplasm [GO:0005654]	17.95
Polyketide	plasma membrane [GO:0005886]	17.95
Polyketide	actin cytoskeleton [GO:0015629]	17.95
Polyketide	RNA polymerase II transcription regulator complex [GO:0090575]	17.95
Polyketide	chromatin [GO:0000785]	17.95
Polyketide	transcription regulator complex [GO:0005667]	17.95
Polyketide	nucleus [GO:0005634]	17.95
Polyketide	cytoplasm [GO:0005737]	17.95
Polyketide	nucleolus [GO:0005730]	17.95
Polyketide	chloroplast stroma [GO:0009570]	15.25
Polyketide	endoplasmic reticulum [GO:0005783]	15.25
Polyketide	chloroplast [GO:0009507]	15.25
Polyketide	cytosol [GO:0005829]	15.25
Polyketide	intracellular membrane-bounded organelle [GO:0043231]	15.25
Polyketide	plasma membrane [GO:0005886]	15.25
Polyketide	apoplast [GO:0048046]	15.25
Polyketide	plasmodesma [GO:0009506]	15.25
Polyketide	plant-type vacuole [GO:0000325]	15.25
Polyketide	proton-transporting V-type ATPase complex [GO:0033176]	18.33
Polyketide	vacuolar proton-transporting V-type ATPase, V0 domain [GO:0000220]	18.33
Polyketide	Golgi membrane [GO:0000139]	18.33
Polyketide	membrane [GO:0016020]	18.33
Polyketide	vacuolar proton-transporting V-type ATPase complex [GO:0016471]	18.33
Polyketide	fungal-type vacuole membrane [GO:0000329]	18.33
Polyketide	chromosome, centromeric region [GO:0000775]	-1.0
Polyketide	meiotic cohesin complex [GO:0030893]	-1.0
Polyketide	chromatin [GO:0000785]	-1.0
Polyketide	nucleus [GO:0005634]	-1.0
Polyketide	microtubule [GO:0005874]	12.74
Polyketide	cytoplasm [GO:0005737]	12.74
Polyketide	microtubule cytoskeleton [GO:0015630]	12.74
Polyketide	proton-transporting V-type ATPase complex [GO:0033176]	14.18
Polyketide	vacuolar proton-transporting V-type ATPase, V0 domain [GO:0000220]	14.18
Polyketide	Golgi membrane [GO:0000139]	14.18
Polyketide	membrane [GO:0016020]	14.18
Polyketide	vacuolar proton-transporting V-type ATPase complex [GO:0016471]	14.18
Polyketide	fungal-type vacuole membrane [GO:0000329]	14.18
Polyketide	fungal biofilm matrix [GO:0062040]	3.62
Polyketide	cytoplasm [GO:0005737]	3.62
Polyketide	extracellular region [GO:0005576]	3.62
Polyketide	protein-containing complex [GO:0032991]	17.56
Polyketide	endocytic vesicle membrane [GO:0030666]	17.56
Polyketide	cytosol [GO:0005829]	17.56
Polyketide	transcription repressor complex [GO:0017053]	17.56
Polyketide	nucleoplasm [GO:0005654]	17.56
Polyketide	plasma membrane [GO:0005886]	17.56
Polyketide	nucleus [GO:0005634]	17.56
Polyketide	cytoplasm [GO:0005737]	17.56
Polyketide	nucleolus [GO:0005730]	17.56
Polyketide	NuA4 histone acetyltransferase complex [GO:0035267]	14.29
Polyketide	actin filament [GO:0005884]	14.29
Polyketide	Swr1 complex [GO:0000812]	14.29
Polyketide	actin filament bundle [GO:0032432]	14.29
Polyketide	Ino80 complex [GO:0031011]	14.29
Polyketide	actin cortical patch [GO:0030479]	14.29
Polyketide	cellular bud neck contractile ring [GO:0000142]	14.29
Polyketide	chromatin [GO:0000785]	14.29
Polyketide	nucleus [GO:0005634]	14.29
Polyketide	nuclear envelope [GO:0005635]	14.08
Polyketide	perinuclear region of cytoplasm [GO:0048471]	14.08
Polyketide	cytosol [GO:0005829]	14.08
Polyketide	pericentriolar material [GO:0000242]	14.08
Polyketide	Golgi membrane [GO:0000139]	14.08
Polyketide	chromosome, telomeric region [GO:0000781]	14.08
Polyketide	nucleus [GO:0005634]	14.08
Polyketide	cytoplasm [GO:0005737]	14.08
Polyketide	melanosome [GO:0042470]	13.56
Polyketide	perinuclear region of cytoplasm [GO:0048471]	13.56
Polyketide	sarcoplasmic reticulum lumen [GO:0033018]	13.56
Polyketide	endoplasmic reticulum [GO:0005783]	13.56
Polyketide	cytoplasm [GO:0005737]	15.09
Polyketide	chromosome [GO:0005694]	11.61
Polyketide	condensed nuclear chromosome [GO:0000794]	11.61
Polyketide	nucleus [GO:0005634]	11.61
Polyketide	nucleoplasm [GO:0005654]	11.61
Polyketide	protein-containing complex [GO:0032991]	18.84
Polyketide	endocytic vesicle membrane [GO:0030666]	18.84
Polyketide	cytosol [GO:0005829]	18.84
Polyketide	transcription repressor complex [GO:0017053]	18.84
Polyketide	nucleoplasm [GO:0005654]	18.84
Polyketide	plasma membrane [GO:0005886]	18.84
Polyketide	nucleus [GO:0005634]	18.84
Polyketide	cytoplasm [GO:0005737]	18.84
Polyketide	nucleolus [GO:0005730]	18.84
Polyketide	nuclear chromosome [GO:0000228]	14.82
Polyketide	histone deacetylase complex [GO:0000118]	14.82
Polyketide	cytoplasm [GO:0005737]	14.82
Polyketide	nucleoplasm [GO:0005654]	14.82
Polyketide	nucleus [GO:0005634]	14.82
Polyketide	nucleus [GO:0005634]	15.09
Polyketide	protein-containing complex [GO:0032991]	14.57
Polyketide	cytosol [GO:0005829]	14.57
Polyketide	nucleoplasm [GO:0005654]	14.57
Polyketide	membrane [GO:0016020]	14.57
Polyketide	plasma membrane [GO:0005886]	14.57
Polyketide	euchromatin [GO:0000791]	14.57
Polyketide	chromatin [GO:0000785]	14.57
Polyketide	transcription regulator complex [GO:0005667]	14.57
Polyketide	nucleus [GO:0005634]	14.57
Polyketide	cytoplasm [GO:0005737]	14.57
Polyketide	Golgi apparatus [GO:0005794]	14.57
Polyketide	cell body [GO:0044297]	12.6
Polyketide	actin filament [GO:0005884]	12.6
Polyketide	skeletal muscle myofibril [GO:0098723]	12.6
Polyketide	stress fiber [GO:0001725]	12.6
Polyketide	filamentous actin [GO:0031941]	12.6
Polyketide	actin filament bundle [GO:0032432]	12.6
Polyketide	lamellipodium [GO:0030027]	12.6
Polyketide	striated muscle thin filament [GO:0005865]	12.6
Polyketide	cytoplasm [GO:0005737]	12.6
Polyketide	filopodium [GO:0030175]	12.6
Polyketide	protein-containing complex [GO:0032991]	14.57
Polyketide	cytosol [GO:0005829]	14.57
Polyketide	nucleoplasm [GO:0005654]	14.57
Polyketide	membrane [GO:0016020]	14.57
Polyketide	plasma membrane [GO:0005886]	14.57
Polyketide	euchromatin [GO:0000791]	14.57
Polyketide	chromatin [GO:0000785]	14.57
Polyketide	transcription regulator complex [GO:0005667]	14.57
Polyketide	nucleus [GO:0005634]	14.57
Polyketide	cytoplasm [GO:0005737]	14.57
Polyketide	Golgi apparatus [GO:0005794]	14.57
Polyketide	plasma membrane [GO:0005886]	7.6
Polyketide	proton-transporting ATP synthase complex, coupling factor F(o) [GO:0045263]	7.6
Polyketide	extracellular exosome [GO:0070062]	12.91
Polyketide	cytosol [GO:0005829]	12.91
Polyketide	transporter complex [GO:1990351]	16.49
Polyketide	plasma membrane [GO:0005886]	16.49
Polyketide	membrane [GO:0016020]	16.49
Polyketide	ATP-binding cassette (ABC) transporter complex [GO:0043190]	16.49
Polyketide	cytoplasm [GO:0005737]	16.49
Polyketide	cytosol [GO:0005829]	10.03
Polyketide	mitochondrion [GO:0005739]	10.03
Polyketide	mitochondrial intermembrane space [GO:0005758]	10.03
Polyketide	mitochondrial matrix [GO:0005759]	10.03
Polyketide	nucleus [GO:0005634]	10.03
Polyketide	collagen-containing extracellular matrix [GO:0062023]	12.43
Polyketide	cytoplasmic stress granule [GO:0010494]	12.43
Polyketide	lysosome [GO:0005764]	12.43
Polyketide	azurophil granule lumen [GO:0035578]	12.43
Polyketide	cytosol [GO:0005829]	12.43
Polyketide	extracellular exosome [GO:0070062]	12.43
Polyketide	intracellular membrane-bounded organelle [GO:0043231]	12.43
Polyketide	plasma membrane [GO:0005886]	12.43
Polyketide	membrane [GO:0016020]	12.43
Polyketide	extracellular region [GO:0005576]	12.43
Polyketide	extracellular space [GO:0005615]	12.43
Polyketide	secretory granule [GO:0030141]	12.43
Polyketide	nucleus [GO:0005634]	12.43
Polyketide	cytoplasm [GO:0005737]	12.43
Polyketide	focal adhesion [GO:0005925]	5.0
Polyketide	cytosol [GO:0005829]	5.0
Polyketide	extracellular exosome [GO:0070062]	5.0
Polyketide	glutamatergic synapse [GO:0098978]	5.0
Polyketide	membrane [GO:0016020]	5.0
Polyketide	blood microparticle [GO:0072562]	5.0
Polyketide	cell cortex [GO:0005938]	5.0
Polyketide	cytoskeleton [GO:0005856]	5.0
Polyketide	nucleus [GO:0005634]	5.0
Polyketide	cytoplasm [GO:0005737]	5.0
Polyketide	aggresome [GO:0016235]	6.96
Polyketide	cell projection [GO:0042995]	6.96
Polyketide	secretory granule membrane [GO:0030667]	6.96
Polyketide	ficolin-1-rich granule membrane [GO:0101003]	6.96
Polyketide	tertiary granule membrane [GO:0070821]	6.96
Polyketide	extracellular exosome [GO:0070062]	6.96
Polyketide	plasma membrane [GO:0005886]	6.96
Polyketide	membrane [GO:0016020]	6.96
Polyketide	specific granule membrane [GO:0035579]	6.96
Polyketide	perikaryon [GO:0043204]	6.96
Polyketide	glycosome [GO:0020015]	17.16
Polyketide	melanosome [GO:0042470]	18.15
Polyketide	axonal growth cone [GO:0044295]	18.15
Polyketide	cell body [GO:0044297]	18.15
Polyketide	endomembrane system [GO:0012505]	18.15
Polyketide	lamellipodium [GO:0030027]	18.15
Polyketide	growth cone membrane [GO:0032584]	18.15
Polyketide	plasma membrane [GO:0005886]	18.15
Polyketide	axon [GO:0030424]	18.15
Polyketide	cell surface [GO:0009986]	18.15
Polyketide	cortical cytoskeleton [GO:0030863]	21.41
Polyketide	basolateral plasma membrane [GO:0016323]	21.41
Polyketide	ankyrin-1 complex [GO:0170014]	21.41
Polyketide	Z disc [GO:0030018]	21.41
Polyketide	extracellular exosome [GO:0070062]	21.41
Polyketide	plasma membrane [GO:0005886]	21.41
Polyketide	membrane [GO:0016020]	21.41
Polyketide	blood microparticle [GO:0072562]	21.41
Polyketide	cytoplasmic side of plasma membrane [GO:0009898]	21.41
Polyketide	cytosol [GO:0005829]	17.78
Polyketide	cytosolic DNA-directed RNA polymerase complex [GO:0000345]	17.78
Polyketide	membrane [GO:0016020]	17.78
Polyketide	cytoplasm [GO:0005737]	17.78
Polyketide	transcription elongation factor complex [GO:0008023]	17.78
Polyketide	protein-containing complex [GO:0032991]	16.76
Polyketide	cytosol [GO:0005829]	16.76
Polyketide	nucleoplasm [GO:0005654]	16.76
Polyketide	membrane [GO:0016020]	16.76
Polyketide	plasma membrane [GO:0005886]	16.76
Polyketide	euchromatin [GO:0000791]	16.76
Polyketide	chromatin [GO:0000785]	16.76
Polyketide	transcription regulator complex [GO:0005667]	16.76
Polyketide	nucleus [GO:0005634]	16.76
Polyketide	cytoplasm [GO:0005737]	16.76
Polyketide	Golgi apparatus [GO:0005794]	16.76
Polyketide	mitochondrial proton-transporting ATP synthase complex [GO:0005753]	17.19
Polyketide	cytosol [GO:0005829]	17.19
Polyketide	mitochondrial proton-transporting ATP synthase complex, coupling factor F(o) [GO:0000276]	17.19
Polyketide	mitochondrion [GO:0005739]	17.19
Polyketide	mitochondrial intermembrane space [GO:0005758]	17.19
Polyketide	mitochondrial inner membrane [GO:0005743]	17.19
Polyketide	plasma membrane [GO:0005886]	18.51
Polyketide	periplasmic side of plasma membrane [GO:0098567]	18.51
Polyketide	membrane [GO:0016020]	18.51
Polyketide	outer membrane-bounded periplasmic space [GO:0030288]	18.51
Polyketide	efflux pump complex [GO:1990281]	18.51
Polyketide	RSC-type complex [GO:0016586]	10.4
Polyketide	kinetochore [GO:0000776]	10.4
Polyketide	SWI/SNF complex [GO:0016514]	10.4
Polyketide	nucleoplasm [GO:0005654]	10.4
Polyketide	nuclear matrix [GO:0016363]	10.4
Polyketide	chromatin [GO:0000785]	10.4
Polyketide	nuclear chromosome [GO:0000228]	10.4
Polyketide	nucleus [GO:0005634]	10.4
Polyketide	nuclear envelope [GO:0005635]	16.75
Polyketide	perinuclear region of cytoplasm [GO:0048471]	16.75
Polyketide	cytosol [GO:0005829]	16.75
Polyketide	pericentriolar material [GO:0000242]	16.75
Polyketide	Golgi membrane [GO:0000139]	16.75
Polyketide	chromosome, telomeric region [GO:0000781]	16.75
Polyketide	nucleus [GO:0005634]	16.75
Polyketide	cytoplasm [GO:0005737]	16.75
Polyketide	plasma membrane [GO:0005886]	8.76
Polyketide	proton-transporting ATP synthase complex, coupling factor F(o) [GO:0045263]	8.76
Polyketide	centrosome [GO:0005813]	13.43
Polyketide	cytosol [GO:0005829]	13.43
Polyketide	ruffle [GO:0001726]	13.43
Polyketide	cyclin-dependent protein kinase holoenzyme complex [GO:0000307]	13.43
Polyketide	nucleoplasm [GO:0005654]	13.43
Polyketide	cyclin D2-CDK6 complex [GO:0097132]	13.43
Polyketide	nucleus [GO:0005634]	13.43
Polyketide	cytoplasm [GO:0005737]	13.43
Polyketide	chromosome [GO:0005694]	18.94
Polyketide	cytoplasm [GO:0005737]	18.94
Polyketide	nuclear envelope [GO:0005635]	15.83
Polyketide	perinuclear region of cytoplasm [GO:0048471]	15.83
Polyketide	cytosol [GO:0005829]	15.83
Polyketide	pericentriolar material [GO:0000242]	15.83
Polyketide	Golgi membrane [GO:0000139]	15.83
Polyketide	chromosome, telomeric region [GO:0000781]	15.83
Polyketide	nucleus [GO:0005634]	15.83
Polyketide	cytoplasm [GO:0005737]	15.83
Polyketide	proton-transporting ATP synthase complex, catalytic core F(1) [GO:0045261]	9.73
Polyketide	respirasome [GO:0070469]	9.46
Polyketide	mitochondrion [GO:0005739]	9.46
Polyketide	mitochondrial inner membrane [GO:0005743]	9.46
Polyketide	plasma membrane [GO:0005886]	6.56
Polyketide	proton-transporting ATP synthase complex, coupling factor F(o) [GO:0045263]	6.56
Polyketide	cytoplasm [GO:0005737]	7.51
Polyketide	RSC-type complex [GO:0016586]	1.0
Polyketide	kinetochore [GO:0000776]	1.0
Polyketide	SWI/SNF complex [GO:0016514]	1.0
Polyketide	nucleoplasm [GO:0005654]	1.0
Polyketide	nuclear matrix [GO:0016363]	1.0
Polyketide	chromatin [GO:0000785]	1.0
Polyketide	nuclear chromosome [GO:0000228]	1.0
Polyketide	nucleus [GO:0005634]	1.0
Polyketide	plasma membrane [GO:0005886]	-1.0
Polyketide	proton-transporting ATP synthase complex, coupling factor F(o) [GO:0045263]	-1.0
Polyketide	dendrite [GO:0030425]	16.94
Polyketide	neuron projection [GO:0043005]	16.94
Polyketide	intracellular membrane-bounded organelle [GO:0043231]	16.94
Polyketide	plasma membrane [GO:0005886]	16.94
Polyketide	postsynaptic membrane [GO:0045211]	16.94
Polyketide	synapse [GO:0045202]	16.94
Polyketide	glycine-gated chloride channel complex [GO:0016935]	16.94
Polyketide	perikaryon [GO:0043204]	16.94
Polyketide	cytoplasm [GO:0005737]	14.77
Polyketide	pericentric heterochromatin [GO:0005721]	13.31
Polyketide	endoplasmic reticulum [GO:0005783]	13.31
Polyketide	intracellular membrane-bounded organelle [GO:0043231]	13.31
Polyketide	nucleoplasm [GO:0005654]	13.31
Polyketide	site of DNA damage [GO:0090734]	13.31
Polyketide	chromatin [GO:0000785]	13.31
Polyketide	nucleus [GO:0005634]	13.31
Polyketide	site of double-strand break [GO:0035861]	13.31
Polyketide	chromosome, subtelomeric region [GO:0099115]	13.31
Polyketide	cytosol [GO:0005829]	13.14
Polyketide	plasma membrane [GO:0005886]	13.14
Polyketide	peptidoglycan-based cell wall [GO:0009274]	13.14
Polyketide	protein-containing complex [GO:0032991]	16.77
Polyketide	cytosol [GO:0005829]	16.77
Polyketide	nucleoplasm [GO:0005654]	16.77
Polyketide	membrane [GO:0016020]	16.77
Polyketide	plasma membrane [GO:0005886]	16.77
Polyketide	euchromatin [GO:0000791]	16.77
Polyketide	chromatin [GO:0000785]	16.77
Polyketide	transcription regulator complex [GO:0005667]	16.77
Polyketide	nucleus [GO:0005634]	16.77
Polyketide	cytoplasm [GO:0005737]	16.77
Polyketide	Golgi apparatus [GO:0005794]	16.77
Polyketide	membrane [GO:0016020]	15.09
Polyketide	vesicle [GO:0031982]	9.39
Polyketide	cytoplasm [GO:0005737]	9.39
Polyketide	secretory granule lumen [GO:0034774]	9.39
Polyketide	cytosol [GO:0005829]	9.39
Polyketide	ficolin-1-rich granule lumen [GO:1904813]	9.39
Polyketide	extracellular exosome [GO:0070062]	9.39
Polyketide	nucleoplasm [GO:0005654]	9.39
Polyketide	plasma membrane [GO:0005886]	9.39
Polyketide	extracellular region [GO:0005576]	9.39
Polyketide	extracellular space [GO:0005615]	9.39
Polyketide	cell surface [GO:0009986]	9.39
Polyketide	plasma membrane [GO:0005886]	19.77
Polyketide	periplasmic side of plasma membrane [GO:0098567]	19.77
Polyketide	membrane [GO:0016020]	19.77
Polyketide	outer membrane-bounded periplasmic space [GO:0030288]	19.77
Polyketide	efflux pump complex [GO:1990281]	19.77
Polyketide	proton-transporting ATP synthase complex, catalytic core F(1) [GO:0045261]	8.76
Polyketide	plasma membrane [GO:0005886]	8.76
Polyketide	mitochondrial proton-transporting ATP synthase, catalytic core [GO:0005754]	8.76
Polyketide	mitochondrial proton-transporting ATP synthase complex [GO:0005753]	8.76
Polyketide	extracellular space [GO:0005615]	12.23
Polyketide	azurophil granule lumen [GO:0035578]	12.23
Polyketide	extracellular region [GO:0005576]	12.23
Polyketide	extracellular exosome [GO:0070062]	12.23
Polyketide	cortical cytoskeleton [GO:0030863]	16.58
Polyketide	basolateral plasma membrane [GO:0016323]	16.58
Polyketide	ankyrin-1 complex [GO:0170014]	16.58
Polyketide	Z disc [GO:0030018]	16.58
Polyketide	extracellular exosome [GO:0070062]	16.58
Polyketide	plasma membrane [GO:0005886]	16.58
Polyketide	membrane [GO:0016020]	16.58
Polyketide	blood microparticle [GO:0072562]	16.58
Polyketide	cytoplasmic side of plasma membrane [GO:0009898]	16.58
Polyketide	transcription repressor complex [GO:0017053]	16.11
Polyketide	nucleoplasm [GO:0005654]	16.11
Polyketide	nucleus [GO:0005634]	16.11
Polyketide	plasma membrane [GO:0005886]	5.79
Polyketide	calcium channel complex [GO:0034704]	5.79
Polyketide	extracellular space [GO:0005615]	11.42
Polyketide	azurophil granule lumen [GO:0035578]	11.42
Polyketide	extracellular region [GO:0005576]	11.42
Polyketide	extracellular exosome [GO:0070062]	11.42
Polyketide	protein-DNA complex [GO:0032993]	15.1
Polyketide	extracellular region [GO:0005576]	18.01
Polyketide	histone deacetylase complex [GO:0000118]	15.49
Polyketide	plasma membrane [GO:0005886]	15.03
Polyketide	periplasmic side of plasma membrane [GO:0098567]	15.03
Polyketide	membrane [GO:0016020]	15.03
Polyketide	outer membrane-bounded periplasmic space [GO:0030288]	15.03
Polyketide	efflux pump complex [GO:1990281]	15.03
Polyketide	plasma membrane [GO:0005886]	7.84
Polyketide	cell division site [GO:0032153]	7.84
Polyketide	cytoplasm [GO:0005737]	7.84
Polyketide	cytoplasm [GO:0005737]	12.95
Polyketide	periplasmic space [GO:0042597]	12.61
Polyketide	extracellular space [GO:0005615]	11.15
Polyketide	azurophil granule lumen [GO:0035578]	11.15
Polyketide	extracellular region [GO:0005576]	11.15
Polyketide	extracellular exosome [GO:0070062]	11.15
Polyketide	protein-DNA complex [GO:0032993]	15.36
Polyketide	protein-containing complex [GO:0032991]	9.09
Polyketide	cytosol [GO:0005829]	9.09
Polyketide	nucleoplasm [GO:0005654]	9.09
Polyketide	membrane [GO:0016020]	9.09
Polyketide	plasma membrane [GO:0005886]	9.09
Polyketide	euchromatin [GO:0000791]	9.09
Polyketide	chromatin [GO:0000785]	9.09
Polyketide	transcription regulator complex [GO:0005667]	9.09
Polyketide	nucleus [GO:0005634]	9.09
Polyketide	cytoplasm [GO:0005737]	9.09
Polyketide	Golgi apparatus [GO:0005794]	9.09
Polyketide	cell body [GO:0044297]	13.57
Polyketide	actin filament [GO:0005884]	13.57
Polyketide	skeletal muscle myofibril [GO:0098723]	13.57
Polyketide	stress fiber [GO:0001725]	13.57
Polyketide	filamentous actin [GO:0031941]	13.57
Polyketide	actin filament bundle [GO:0032432]	13.57
Polyketide	lamellipodium [GO:0030027]	13.57
Polyketide	striated muscle thin filament [GO:0005865]	13.57
Polyketide	cytoplasm [GO:0005737]	13.57
Polyketide	filopodium [GO:0030175]	13.57
Polyketide	protein-containing complex [GO:0032991]	15.82
Polyketide	mitotic spindle [GO:0072686]	15.82
Polyketide	cytosol [GO:0005829]	15.82
Polyketide	microtubule [GO:0005874]	15.82
Polyketide	membrane [GO:0016020]	15.82
Polyketide	nucleus [GO:0005634]	15.82
Polyketide	spindle [GO:0005819]	15.82
Polyketide	spindle pole [GO:0000922]	15.82
Polyketide	kinesin complex [GO:0005871]	15.82
Polyketide	protein-containing complex [GO:0032991]	13.81
Polyketide	nucleoplasm [GO:0005654]	13.81
Polyketide	mitochondrion [GO:0005739]	13.81
Polyketide	mitochondrial matrix [GO:0005759]	13.81
Polyketide	nucleus [GO:0005634]	13.81
Polyketide	ciliary plasm [GO:0097014]	12.86
Polyketide	cytoplasm [GO:0005737]	12.86
Polyketide	myelin sheath [GO:0043209]	17.91
Polyketide	cytosol [GO:0005829]	17.91
Polyketide	apical part of cell [GO:0045177]	17.91
Polyketide	extracellular exosome [GO:0070062]	17.91
Polyketide	plasma membrane [GO:0005886]	17.91
Polyketide	cytoplasm [GO:0005737]	17.91
Polyketide	sarcoplasmic reticulum membrane [GO:0033017]	20.49
Polyketide	cytoplasmic side of membrane [GO:0098562]	20.49
Polyketide	cytosol [GO:0005829]	20.49
Polyketide	Z disc [GO:0030018]	20.49
Polyketide	sarcoplasmic reticulum [GO:0016529]	20.49
Polyketide	terminal cisterna [GO:0014802]	20.49
Polyketide	membrane [GO:0016020]	20.49
Polyketide	ryanodine receptor complex [GO:1990425]	20.49
Polyketide	cytoplasm [GO:0005737]	20.49
Polyketide	cytosol [GO:0005829]	15.61
Polyketide	intracellular membrane-bounded organelle [GO:0043231]	15.61
Polyketide	nucleoplasm [GO:0005654]	15.61
Polyketide	receptor complex [GO:0043235]	15.61
Polyketide	RNA polymerase II transcription regulator complex [GO:0090575]	15.61
Polyketide	chromatin [GO:0000785]	15.61
Polyketide	nucleus [GO:0005634]	15.61
Polyketide	mitochondrial proton-transporting ATP synthase complex [GO:0005753]	3.0
Polyketide	cytosol [GO:0005829]	3.0
Polyketide	mitochondrial proton-transporting ATP synthase complex, coupling factor F(o) [GO:0000276]	3.0
Polyketide	mitochondrion [GO:0005739]	3.0
Polyketide	mitochondrial intermembrane space [GO:0005758]	3.0
Polyketide	mitochondrial inner membrane [GO:0005743]	3.0
Polyketide	extracellular space [GO:0005615]	1.29
Polyketide	extracellular region [GO:0005576]	1.29
Polyketide	fibrillar center [GO:0001650]	15.08
Polyketide	nuclear inner membrane [GO:0005637]	15.08
Polyketide	heterochromatin [GO:0000792]	15.08
Polyketide	nuclear envelope [GO:0005635]	15.08
Polyketide	PML body [GO:0016605]	15.08
Polyketide	cytosol [GO:0005829]	15.08
Polyketide	eNoSc complex [GO:0061773]	15.08
Polyketide	rDNA heterochromatin [GO:0033553]	15.08
Polyketide	nucleoplasm [GO:0005654]	15.08
Polyketide	mitochondrion [GO:0005739]	15.08
Polyketide	euchromatin [GO:0000791]	15.08
Polyketide	chromatin [GO:0000785]	15.08
Polyketide	chromatin silencing complex [GO:0005677]	15.08
Polyketide	nucleus [GO:0005634]	15.08
Polyketide	cytoplasm [GO:0005737]	15.08
Polyketide	nucleolus [GO:0005730]	15.08
Polyketide	sarcoplasmic reticulum membrane [GO:0033017]	19.25
Polyketide	cytoplasmic side of membrane [GO:0098562]	19.25
Polyketide	cytosol [GO:0005829]	19.25
Polyketide	Z disc [GO:0030018]	19.25
Polyketide	sarcoplasmic reticulum [GO:0016529]	19.25
Polyketide	terminal cisterna [GO:0014802]	19.25
Polyketide	membrane [GO:0016020]	19.25
Polyketide	ryanodine receptor complex [GO:1990425]	19.25
Polyketide	cytoplasm [GO:0005737]	19.25
Polyketide	plasma membrane [GO:0005886]	12.11
Polyketide	proton-transporting ATP synthase complex, coupling factor F(o) [GO:0045263]	12.11
Polyketide	plasma membrane [GO:0005886]	15.08
Polyketide	proton-transporting ATP synthase complex, coupling factor F(o) [GO:0045263]	15.08
Polyketide	cell body [GO:0044297]	15.03
Polyketide	actin filament [GO:0005884]	15.03
Polyketide	skeletal muscle myofibril [GO:0098723]	15.03
Polyketide	stress fiber [GO:0001725]	15.03
Polyketide	filamentous actin [GO:0031941]	15.03
Polyketide	actin filament bundle [GO:0032432]	15.03
Polyketide	lamellipodium [GO:0030027]	15.03
Polyketide	striated muscle thin filament [GO:0005865]	15.03
Polyketide	cytoplasm [GO:0005737]	15.03
Polyketide	filopodium [GO:0030175]	15.03
Polyketide	ATP-binding cassette (ABC) transporter complex [GO:0043190]	13.64
Polyketide	membrane [GO:0016020]	13.64
Polyketide	ATP-binding cassette (ABC) transporter complex, substrate-binding subunit-containing [GO:0055052]	13.64
Polyketide	maltose transport complex [GO:1990060]	13.64
Polyketide	periplasmic space [GO:0042597]	13.64
Polyketide	outer membrane-bounded periplasmic space [GO:0030288]	13.64
Polyketide	extracellular space [GO:0005615]	12.31
Polyketide	azurophil granule lumen [GO:0035578]	12.31
Polyketide	extracellular region [GO:0005576]	12.31
Polyketide	extracellular exosome [GO:0070062]	12.31
Polyketide	mitochondrial proton-transporting ATP synthase, catalytic core [GO:0005754]	17.91
Polyketide	proton-transporting ATP synthase complex, catalytic core F(1) [GO:0045261]	17.91
Polyketide	mitochondrial proton-transporting ATP synthase complex [GO:0005753]	17.91
Polyketide	cytosol [GO:0005829]	17.91
Polyketide	mitochondrion [GO:0005739]	17.91
Polyketide	mitochondrial intermembrane space [GO:0005758]	17.91
Polyketide	mitochondrial inner membrane [GO:0005743]	17.91
Polyketide	endoplasmic reticulum lumen [GO:0005788]	16.37
Polyketide	plasma membrane [GO:0005886]	16.37
Polyketide	extracellular region [GO:0005576]	16.37
Polyketide	extracellular space [GO:0005615]	16.37
Polyketide	external side of plasma membrane [GO:0009897]	16.37
Polyketide	Golgi lumen [GO:0005796]	16.37
Polyketide	nucleoplasm [GO:0005654]	11.34
Polyketide	cytosol [GO:0005829]	11.34
Polyketide	extracellular exosome [GO:0070062]	11.34
Polyketide	protein-DNA complex [GO:0032993]	14.69
Polyketide	plasma membrane [GO:0005886]	13.28
Polyketide	fungal biofilm matrix [GO:0062040]	18.87
Polyketide	cytoplasm [GO:0005737]	18.87
Polyketide	extracellular region [GO:0005576]	18.87
Polyketide	NuA4 histone acetyltransferase complex [GO:0035267]	15.3
Polyketide	actin filament [GO:0005884]	15.3
Polyketide	Swr1 complex [GO:0000812]	15.3
Polyketide	actin filament bundle [GO:0032432]	15.3
Polyketide	Ino80 complex [GO:0031011]	15.3
Polyketide	actin cortical patch [GO:0030479]	15.3
Polyketide	cellular bud neck contractile ring [GO:0000142]	15.3
Polyketide	chromatin [GO:0000785]	15.3
Polyketide	nucleus [GO:0005634]	15.3
Polyketide	plasma membrane [GO:0005886]	9.8
Polyketide	proton-transporting ATP synthase complex, coupling factor F(o) [GO:0045263]	9.8
Polyketide	endocytic vesicle [GO:0030139]	11.23
Polyketide	endoplasmic reticulum lumen [GO:0005788]	11.23
Polyketide	HFE-transferrin receptor complex [GO:1990712]	11.23
Polyketide	secretory granule lumen [GO:0034774]	11.23
Polyketide	extracellular exosome [GO:0070062]	11.23
Polyketide	blood microparticle [GO:0072562]	11.23
Polyketide	cell surface [GO:0009986]	11.23
Polyketide	recycling endosome [GO:0055037]	11.23
Polyketide	endosome membrane [GO:0010008]	11.23
Polyketide	clathrin-coated pit [GO:0005905]	11.23
Polyketide	extracellular space [GO:0005615]	11.23
Polyketide	perinuclear region of cytoplasm [GO:0048471]	11.23
Polyketide	early endosome [GO:0005769]	11.23
Polyketide	extracellular region [GO:0005576]	11.23
Polyketide	cytoplasmic vesicle [GO:0031410]	11.23
Polyketide	vesicle [GO:0031982]	11.23
Polyketide	basal plasma membrane [GO:0009925]	11.23
Polyketide	apical plasma membrane [GO:0016324]	11.23
Polyketide	plasma membrane [GO:0005886]	11.23
Polyketide	basal part of cell [GO:0045178]	11.23
Polyketide	clathrin-coated endocytic vesicle membrane [GO:0030669]	11.23
Polyketide	late endosome [GO:0005770]	11.23
Polyketide	cytosol [GO:0005829]	20.25
Polyketide	cytosolic DNA-directed RNA polymerase complex [GO:0000345]	20.25
Polyketide	membrane [GO:0016020]	20.25
Polyketide	cytoplasm [GO:0005737]	20.25
Polyketide	transcription elongation factor complex [GO:0008023]	20.25
Polyketide	histone deacetylase complex [GO:0000118]	13.91
Polyketide	host cell nucleus [GO:0042025]	22.07
Polyketide	viral envelope [GO:0019031]	22.07
Polyketide	host cell plasma membrane [GO:0020002]	22.07
Polyketide	host cell lipid droplet [GO:0044186]	22.07
Polyketide	host cell endoplasmic reticulum membrane [GO:0044167]	22.07
Polyketide	host cell mitochondrial membrane [GO:0044191]	22.07
Polyketide	ribonucleoprotein complex [GO:1990904]	22.07
Polyketide	membrane [GO:0016020]	22.07
Polyketide	viral nucleocapsid [GO:0019013]	22.07
Polyketide	virion membrane [GO:0055036]	22.07
Polyketide	host cell perinuclear region of cytoplasm [GO:0044220]	22.07
Polyketide	extracellular region [GO:0005576]	14.35
Polyketide	extracellular exosome [GO:0070062]	14.35
Polyketide	secretory granule lumen [GO:0034774]	14.35
Polyketide	cytosol [GO:0005829]	14.35
Polyketide	specific granule lumen [GO:0035580]	14.35
Polyketide	nucleoplasm [GO:0005654]	14.35
Polyketide	nucleus [GO:0005634]	14.35
Polyketide	GABA-ergic synapse [GO:0098982]	19.37
Polyketide	mitochondrial outer membrane [GO:0005741]	19.37
Polyketide	glutamatergic synapse [GO:0098978]	19.37
Polyketide	plasma membrane [GO:0005886]	19.37
Polyketide	actin cytoskeleton [GO:0015629]	19.37
Polyketide	growth cone [GO:0030426]	19.37
Polyketide	presynaptic membrane [GO:0042734]	19.37
Polyketide	membrane raft [GO:0045121]	19.37
Polyketide	cytoplasm [GO:0005737]	19.37
Polyketide	intracellular membrane-bounded organelle [GO:0043231]	20.23
Polyketide	endoplasmic reticulum membrane [GO:0005789]	20.23
Polyketide	endoplasmic reticulum [GO:0005783]	20.08
Polyketide	focal adhesion [GO:0005925]	20.08
Polyketide	cytosol [GO:0005829]	20.08
Polyketide	early endosome [GO:0005769]	20.08
Polyketide	plasma membrane [GO:0005886]	20.08
Polyketide	mitochondrion [GO:0005739]	20.08
Polyketide	nucleus [GO:0005634]	20.08
Polyketide	late endosome [GO:0005770]	20.08
Polyketide	microtubule organizing center [GO:0005815]	20.08
Polyketide	Golgi apparatus [GO:0005794]	20.08
Polyketide	membrane [GO:0016020]	10.12
Polyketide	proton-transporting V-type ATPase complex [GO:0033176]	12.49
Polyketide	vacuolar proton-transporting V-type ATPase, V0 domain [GO:0000220]	12.49
Polyketide	Golgi membrane [GO:0000139]	12.49
Polyketide	membrane [GO:0016020]	12.49
Polyketide	vacuolar proton-transporting V-type ATPase complex [GO:0016471]	12.49
Polyketide	fungal-type vacuole membrane [GO:0000329]	12.49
Polyketide	vacuolar proton-transporting V-type ATPase, V0 domain [GO:0000220]	17.42
Polyketide	synaptic vesicle membrane [GO:0030672]	17.42
Polyketide	clathrin-coated vesicle membrane [GO:0030665]	17.42
Polyketide	nucleus [GO:0005634]	17.69
Polyketide	sarcoplasmic reticulum membrane [GO:0033017]	-1.0
Polyketide	cytoplasmic side of membrane [GO:0098562]	-1.0
Polyketide	cytosol [GO:0005829]	-1.0
Polyketide	Z disc [GO:0030018]	-1.0
Polyketide	sarcoplasmic reticulum [GO:0016529]	-1.0
Polyketide	terminal cisterna [GO:0014802]	-1.0
Polyketide	membrane [GO:0016020]	-1.0
Polyketide	ryanodine receptor complex [GO:1990425]	-1.0
Polyketide	cytoplasm [GO:0005737]	-1.0
Polyketide	cytoplasm [GO:0005737]	14.05
Polyketide	protein-containing complex [GO:0032991]	12.04
Polyketide	cytosol [GO:0005829]	12.04
Polyketide	nucleoplasm [GO:0005654]	12.04
Polyketide	membrane [GO:0016020]	12.04
Polyketide	plasma membrane [GO:0005886]	12.04
Polyketide	euchromatin [GO:0000791]	12.04
Polyketide	chromatin [GO:0000785]	12.04
Polyketide	transcription regulator complex [GO:0005667]	12.04
Polyketide	nucleus [GO:0005634]	12.04
Polyketide	cytoplasm [GO:0005737]	12.04
Polyketide	Golgi apparatus [GO:0005794]	12.04
Polyketide	chromatin [GO:0000785]	13.21
Polyketide	intracellular membrane-bounded organelle [GO:0043231]	13.21
Polyketide	nucleoplasm [GO:0005654]	13.21
Polyketide	chromosome, subtelomeric region [GO:0099115]	13.21
Polyketide	pericentric heterochromatin [GO:0005721]	13.21
Polyketide	site of double-strand break [GO:0035861]	13.21
Polyketide	nucleus [GO:0005634]	13.21
Polyketide	site of DNA damage [GO:0090734]	13.21
Polyketide	endoplasmic reticulum [GO:0005783]	13.21
Polyketide	extracellular space [GO:0005615]	13.32
Polyketide	membrane [GO:0016020]	13.32
Polyketide	food vacuole [GO:0020020]	13.32
Polyketide	plasma membrane [GO:0005886]	28.64
Polyketide	cytoplasm [GO:0005737]	28.64
Polyketide	peptidoglycan-based cell wall [GO:0009274]	28.64
Polyketide	dendrite [GO:0030425]	16.05
Polyketide	cytosol [GO:0005829]	16.05
Polyketide	synapse [GO:0045202]	16.05
Polyketide	nucleus [GO:0005634]	16.05
Polyketide	cytoplasm [GO:0005737]	16.05
Polyketide	neuronal cell body [GO:0043025]	16.05
Polyketide	dendrite [GO:0030425]	20.79
Polyketide	chloride channel complex [GO:0034707]	20.79
Polyketide	neuron projection [GO:0043005]	20.79
Polyketide	plasma membrane [GO:0005886]	20.79
Polyketide	membrane [GO:0016020]	20.79
Polyketide	postsynaptic membrane [GO:0045211]	20.79
Polyketide	synapse [GO:0045202]	20.79
Polyketide	perikaryon [GO:0043204]	20.79
Polyketide	periplasmic space [GO:0042597]	21.97
Polyketide	cytosol [GO:0005829]	15.24
Polyketide	nucleoplasm [GO:0005654]	15.24
Polyketide	plasma membrane [GO:0005886]	15.24
Polyketide	nucleus [GO:0005634]	15.24
Polyketide	cytoplasm [GO:0005737]	15.24
Polyketide	nucleolus [GO:0005730]	15.24
Polyketide	mitochondrial proton-transporting ATP synthase complex, catalytic sector F(1) [GO:0000275]	15.66
Polyketide	mitochondrial proton-transporting ATP synthase complex [GO:0005753]	15.66
Polyketide	histone deacetylase complex [GO:0000118]	9.9
Polyketide	cell body [GO:0044297]	15.19
Polyketide	actin filament [GO:0005884]	15.19
Polyketide	skeletal muscle myofibril [GO:0098723]	15.19
Polyketide	stress fiber [GO:0001725]	15.19
Polyketide	filamentous actin [GO:0031941]	15.19
Polyketide	actin filament bundle [GO:0032432]	15.19
Polyketide	lamellipodium [GO:0030027]	15.19
Polyketide	striated muscle thin filament [GO:0005865]	15.19
Polyketide	cytoplasm [GO:0005737]	15.19
Polyketide	filopodium [GO:0030175]	15.19
Polyketide	Sin3-type complex [GO:0070822]	10.31
Polyketide	cytosol [GO:0005829]	10.31
Polyketide	plasma membrane [GO:0005886]	10.31
Polyketide	nucleoplasm [GO:0005654]	10.31
Polyketide	protein kinase CK2 complex [GO:0005956]	10.31
Polyketide	nucleus [GO:0005634]	10.31
Polyketide	PML body [GO:0016605]	10.31
Polyketide	extracellular region [GO:0005576]	13.11
Polyketide	cytoplasm [GO:0005737]	16.11
Polyketide	protein-containing complex [GO:0032991]	16.66
Polyketide	cytosol [GO:0005829]	16.66
Polyketide	nucleoplasm [GO:0005654]	16.66
Polyketide	membrane [GO:0016020]	16.66
Polyketide	plasma membrane [GO:0005886]	16.66
Polyketide	euchromatin [GO:0000791]	16.66
Polyketide	chromatin [GO:0000785]	16.66
Polyketide	transcription regulator complex [GO:0005667]	16.66
Polyketide	nucleus [GO:0005634]	16.66
Polyketide	cytoplasm [GO:0005737]	16.66
Polyketide	Golgi apparatus [GO:0005794]	16.66
Polyketide	collagen-containing extracellular matrix [GO:0062023]	10.5
Polyketide	lysosomal lumen [GO:0043202]	10.5
Polyketide	lysosome [GO:0005764]	10.5
Polyketide	tertiary granule lumen [GO:1904724]	10.5
Polyketide	ficolin-1-rich granule lumen [GO:1904813]	10.5
Polyketide	endolysosome lumen [GO:0036021]	10.5
Polyketide	intracellular membrane-bounded organelle [GO:0043231]	10.5
Polyketide	extracellular region [GO:0005576]	10.5
Polyketide	extracellular space [GO:0005615]	10.5
Polyketide	late endosome [GO:0005770]	10.5
Polyketide	phagocytic vesicle [GO:0045335]	10.5
Polyketide	microtubule [GO:0005874]	12.58
Polyketide	cytoplasm [GO:0005737]	12.58
Polyketide	histone deacetylase complex [GO:0000118]	10.82
Polyketide	nucleoplasm [GO:0005654]	10.82
Polyketide	nuclear chromosome [GO:0000228]	10.82
Polyketide	nucleus [GO:0005634]	10.82
Polyketide	cytoplasm [GO:0005737]	10.82
Polyketide	respirasome [GO:0070469]	12.44
Polyketide	collagen-containing extracellular matrix [GO:0062023]	17.12
Polyketide	secretory granule lumen [GO:0034774]	17.12
Polyketide	azurophil granule lumen [GO:0035578]	17.12
Polyketide	extracellular exosome [GO:0070062]	17.12
Polyketide	blood microparticle [GO:0072562]	17.12
Polyketide	platelet alpha granule lumen [GO:0031093]	17.12
Polyketide	extracellular region [GO:0005576]	17.12
Polyketide	extracellular space [GO:0005615]	17.12
Polyketide	nucleus [GO:0005634]	17.12
Polyketide	nuclear periphery [GO:0034399]	-1.0
Polyketide	main axon [GO:0044304]	-1.0
Polyketide	neurofibrillary tangle [GO:0097418]	-1.0
Polyketide	neuron projection [GO:0043005]	-1.0
Polyketide	somatodendritic compartment [GO:0036477]	-1.0
Polyketide	microtubule [GO:0005874]	-1.0
Polyketide	cytoplasm [GO:0005737]	-1.0
Polyketide	neuronal cell body [GO:0043025]	-1.0
Polyketide	cell body [GO:0044297]	-1.0
Polyketide	nuclear speck [GO:0016607]	-1.0
Polyketide	growth cone [GO:0030426]	-1.0
Polyketide	membrane raft [GO:0045121]	-1.0
Polyketide	dendrite [GO:0030425]	-1.0
Polyketide	tubulin complex [GO:0045298]	-1.0
Polyketide	microtubule cytoskeleton [GO:0015630]	-1.0
Polyketide	cytosol [GO:0005829]	-1.0
Polyketide	axolemma [GO:0030673]	-1.0
Polyketide	glial cell projection [GO:0097386]	-1.0
Polyketide	dendritic spine [GO:0043197]	-1.0
Polyketide	extracellular region [GO:0005576]	-1.0
Polyketide	cytoplasmic ribonucleoprotein granule [GO:0036464]	-1.0
Polyketide	nucleus [GO:0005634]	-1.0
Polyketide	axon cytoplasm [GO:1904115]	-1.0
Polyketide	plasma membrane [GO:0005886]	-1.0
Polyketide	mitochondrion [GO:0005739]	-1.0
Polyketide	axon [GO:0030424]	-1.0
Polyketide	host cell nucleus [GO:0042025]	20.79
Polyketide	protein-containing complex [GO:0032991]	20.79
Polyketide	host cell plasma membrane [GO:0020002]	20.79
Polyketide	host cell lipid droplet [GO:0044186]	20.79
Polyketide	viral envelope [GO:0019031]	20.79
Polyketide	host cell endoplasmic reticulum membrane [GO:0044167]	20.79
Polyketide	host cell mitochondrial membrane [GO:0044191]	20.79
Polyketide	ribonucleoprotein complex [GO:1990904]	20.79
Polyketide	membrane [GO:0016020]	20.79
Polyketide	viral nucleocapsid [GO:0019013]	20.79
Polyketide	virion membrane [GO:0055036]	20.79
Polyketide	host cell perinuclear region of cytoplasm [GO:0044220]	20.79
Polyketide	periplasmic space [GO:0042597]	12.22
Polyketide	membrane [GO:0016020]	17.65
Polyketide	node of Ranvier [GO:0033268]	10.35
Polyketide	synapse [GO:0045202]	10.35
Polyketide	plasma membrane [GO:0005886]	10.35
Polyketide	axon initial segment [GO:0043194]	10.35
Polyketide	voltage-gated potassium channel complex [GO:0008076]	10.35
Polyketide	endoplasmic reticulum lumen [GO:0005788]	19.61
Polyketide	endosome [GO:0005768]	19.61
Polyketide	Golgi-associated vesicle lumen [GO:0070931]	19.61
Polyketide	cell surface [GO:0009986]	19.61
Polyketide	neuronal cell body [GO:0043025]	19.61
Polyketide	recycling endosome [GO:0055037]	19.61
Polyketide	trans-Golgi network [GO:0005802]	19.61
Polyketide	endosome membrane [GO:0010008]	19.61
Polyketide	synaptic vesicle [GO:0008021]	19.61
Polyketide	lysosome [GO:0005764]	19.61
Polyketide	membrane raft [GO:0045121]	19.61
Polyketide	Golgi apparatus [GO:0005794]	19.61
Polyketide	dendrite [GO:0030425]	19.61
Polyketide	early endosome [GO:0005769]	19.61
Polyketide	membrane [GO:0016020]	19.61
Polyketide	multivesicular body [GO:0005771]	19.61
Polyketide	plasma membrane [GO:0005886]	19.61
Polyketide	hippocampal mossy fiber to CA3 synapse [GO:0098686]	19.61
Polyketide	axon [GO:0030424]	19.61
Polyketide	late endosome [GO:0005770]	19.61
Polyketide	node of Ranvier [GO:0033268]	9.25
Polyketide	synapse [GO:0045202]	9.25
Polyketide	plasma membrane [GO:0005886]	9.25
Polyketide	axon initial segment [GO:0043194]	9.25
Polyketide	voltage-gated potassium channel complex [GO:0008076]	9.25
Polyketide	cytosol [GO:0005829]	13.02
Polyketide	intracellular membrane-bounded organelle [GO:0043231]	13.02
Polyketide	nucleoplasm [GO:0005654]	13.02
Polyketide	receptor complex [GO:0043235]	13.02
Polyketide	RNA polymerase II transcription regulator complex [GO:0090575]	13.02
Polyketide	chromatin [GO:0000785]	13.02
Polyketide	nucleus [GO:0005634]	13.02
Polyketide	cytosol [GO:0005829]	15.12
Polyketide	intracellular membrane-bounded organelle [GO:0043231]	15.12
Polyketide	nucleoplasm [GO:0005654]	15.12
Polyketide	plasma membrane [GO:0005886]	15.12
Polyketide	nuclear speck [GO:0016607]	15.12
Polyketide	nucleus [GO:0005634]	15.12
Polyketide	cytoplasm [GO:0005737]	15.12
Polyketide	cytoplasm [GO:0005737]	12.93
Polyketide	nucleoplasm [GO:0005654]	9.42
Polyketide	plasma membrane [GO:0005886]	9.42
Polyketide	cytosol [GO:0005829]	9.42
Polyketide	chromosome [GO:0005694]	16.11
Polyketide	condensed nuclear chromosome [GO:0000794]	16.11
Polyketide	nucleus [GO:0005634]	16.11
Polyketide	nucleoplasm [GO:0005654]	16.11
Polyketide	nucleoplasm [GO:0005654]	18.18
Polyketide	mitochondrial respiratory chain complex I [GO:0005747]	18.18
Polyketide	extracellular space [GO:0005615]	8.08
Polyketide	azurophil granule lumen [GO:0035578]	8.08
Polyketide	extracellular region [GO:0005576]	8.08
Polyketide	extracellular exosome [GO:0070062]	8.08
Polyketide	cortical cytoskeleton [GO:0030863]	16.49
Polyketide	basolateral plasma membrane [GO:0016323]	16.49
Polyketide	ankyrin-1 complex [GO:0170014]	16.49
Polyketide	Z disc [GO:0030018]	16.49
Polyketide	extracellular exosome [GO:0070062]	16.49
Polyketide	plasma membrane [GO:0005886]	16.49
Polyketide	membrane [GO:0016020]	16.49
Polyketide	blood microparticle [GO:0072562]	16.49
Polyketide	cytoplasmic side of plasma membrane [GO:0009898]	16.49
Polyketide	vesicle [GO:0031982]	5.3
Polyketide	cytoplasm [GO:0005737]	5.3
Polyketide	secretory granule lumen [GO:0034774]	5.3
Polyketide	cytosol [GO:0005829]	5.3
Polyketide	ficolin-1-rich granule lumen [GO:1904813]	5.3
Polyketide	extracellular exosome [GO:0070062]	5.3
Polyketide	nucleoplasm [GO:0005654]	5.3
Polyketide	plasma membrane [GO:0005886]	5.3
Polyketide	extracellular region [GO:0005576]	5.3
Polyketide	extracellular space [GO:0005615]	5.3
Polyketide	cell surface [GO:0009986]	5.3
Polyketide	extracellular region [GO:0005576]	10.64
Polyketide	extracellular exosome [GO:0070062]	10.64
Polyketide	azurophil granule lumen [GO:0035578]	10.64
Polyketide	extracellular space [GO:0005615]	10.64
Polyketide	extracellular space [GO:0005615]	13.17
Polyketide	azurophil granule lumen [GO:0035578]	13.17
Polyketide	extracellular region [GO:0005576]	13.17
Polyketide	extracellular exosome [GO:0070062]	13.17
Polyketide	endoplasmic reticulum [GO:0005783]	10.57
Polyketide	endoplasmic reticulum membrane [GO:0005789]	10.57
Polyketide	Ire1 complex [GO:1990332]	10.57
Polyketide	nucleus [GO:0005634]	10.57
Polyketide	IRE1-TRAF2-ASK1 complex [GO:1990604]	10.57
Polyketide	cell body [GO:0044297]	-1.0
Polyketide	actin filament [GO:0005884]	-1.0
Polyketide	skeletal muscle myofibril [GO:0098723]	-1.0
Polyketide	stress fiber [GO:0001725]	-1.0
Polyketide	filamentous actin [GO:0031941]	-1.0
Polyketide	actin filament bundle [GO:0032432]	-1.0
Polyketide	lamellipodium [GO:0030027]	-1.0
Polyketide	striated muscle thin filament [GO:0005865]	-1.0
Polyketide	cytoplasm [GO:0005737]	-1.0
Polyketide	filopodium [GO:0030175]	-1.0
Polyketide	tertiary granule lumen [GO:1904724]	12.8
Polyketide	cytosol [GO:0005829]	12.8
Polyketide	ficolin-1-rich granule lumen [GO:1904813]	12.8
Polyketide	extracellular exosome [GO:0070062]	12.8
Polyketide	nucleoplasm [GO:0005654]	12.8
Polyketide	extracellular region [GO:0005576]	12.8
Polyketide	nucleus [GO:0005634]	12.8
Polyketide	extracellular region [GO:0005576]	10.83
Polyketide	extracellular exosome [GO:0070062]	10.83
Polyketide	azurophil granule lumen [GO:0035578]	10.83
Polyketide	extracellular space [GO:0005615]	10.83
Polyketide	endoplasmic reticulum membrane [GO:0005789]	11.28
Polyketide	endoplasmic reticulum [GO:0005783]	11.28
Polyketide	plasma membrane [GO:0005886]	17.1
Polyketide	periplasmic side of plasma membrane [GO:0098567]	17.1
Polyketide	membrane [GO:0016020]	17.1
Polyketide	outer membrane-bounded periplasmic space [GO:0030288]	17.1
Polyketide	efflux pump complex [GO:1990281]	17.1
Polyketide	sarcoplasmic reticulum membrane [GO:0033017]	16.61
Polyketide	cytoplasmic side of membrane [GO:0098562]	16.61
Polyketide	cytosol [GO:0005829]	16.61
Polyketide	Z disc [GO:0030018]	16.61
Polyketide	sarcoplasmic reticulum [GO:0016529]	16.61
Polyketide	terminal cisterna [GO:0014802]	16.61
Polyketide	membrane [GO:0016020]	16.61
Polyketide	ryanodine receptor complex [GO:1990425]	16.61
Polyketide	cytoplasm [GO:0005737]	16.61
Polyketide	dendrite [GO:0030425]	20.62
Polyketide	PML body [GO:0016605]	20.62
Polyketide	nuclear envelope [GO:0005635]	20.62
Polyketide	lysosome [GO:0005764]	20.62
Polyketide	endomembrane system [GO:0012505]	20.62
Polyketide	mitochondrial outer membrane [GO:0005741]	20.62
Polyketide	cytosol [GO:0005829]	20.62
Polyketide	Golgi membrane [GO:0000139]	20.62
Polyketide	nucleoplasm [GO:0005654]	20.62
Polyketide	endoplasmic reticulum membrane [GO:0005789]	20.62
Polyketide	membrane [GO:0016020]	20.62
Polyketide	TORC1 complex [GO:0031931]	20.62
Polyketide	nucleus [GO:0005634]	20.62
Polyketide	TORC2 complex [GO:0031932]	20.62
Polyketide	lysosomal membrane [GO:0005765]	20.62
Polyketide	cytoplasm [GO:0005737]	20.62
Polyketide	phagocytic vesicle [GO:0045335]	20.62
Polyketide	plasma membrane [GO:0005886]	17.87
Polyketide	cytosol [GO:0005829]	4.42
Polyketide	glutamatergic synapse [GO:0098978]	4.42
Polyketide	calcineurin complex [GO:0005955]	4.42
Polyketide	Schaffer collateral - CA1 synapse [GO:0098685]	4.42
Polyketide	parallel fiber to Purkinje cell synapse [GO:0098688]	4.42
Polyketide	hippocampal mossy fiber to CA3 synapse [GO:0098686]	4.42
Polyketide	postsynapse [GO:0098794]	4.42
Polyketide	sarcolemma [GO:0042383]	4.42
Polyketide	mitochondrial proton-transporting ATP synthase complex [GO:0005753]	11.23
Polyketide	cytosol [GO:0005829]	11.23
Polyketide	mitochondrial proton-transporting ATP synthase complex, coupling factor F(o) [GO:0000276]	11.23
Polyketide	mitochondrion [GO:0005739]	11.23
Polyketide	mitochondrial intermembrane space [GO:0005758]	11.23
Polyketide	mitochondrial inner membrane [GO:0005743]	11.23
Polyketide	protein-containing complex [GO:0032991]	16.82
Polyketide	endocytic vesicle membrane [GO:0030666]	16.82
Polyketide	cytosol [GO:0005829]	16.82
Polyketide	transcription repressor complex [GO:0017053]	16.82
Polyketide	nucleoplasm [GO:0005654]	16.82
Polyketide	plasma membrane [GO:0005886]	16.82
Polyketide	nucleus [GO:0005634]	16.82
Polyketide	cytoplasm [GO:0005737]	16.82
Polyketide	nucleolus [GO:0005730]	16.82
Polyketide	protein-containing complex [GO:0032991]	14.77
Polyketide	endocytic vesicle membrane [GO:0030666]	14.77
Polyketide	cytosol [GO:0005829]	14.77
Polyketide	transcription repressor complex [GO:0017053]	14.77
Polyketide	nucleoplasm [GO:0005654]	14.77
Polyketide	plasma membrane [GO:0005886]	14.77
Polyketide	nucleus [GO:0005634]	14.77
Polyketide	cytoplasm [GO:0005737]	14.77
Polyketide	nucleolus [GO:0005730]	14.77
Polyketide	nucleoid [GO:0009295]	11.45
Polyketide	nucleoplasm [GO:0005654]	17.61
Polyketide	nucleus [GO:0005634]	17.61
Polyketide	cytoplasm [GO:0005737]	17.61
Polyketide	nucleolus [GO:0005730]	17.61
Polyketide	nucleoplasm [GO:0005654]	12.36
Polyketide	cytosol [GO:0005829]	12.36
Polyketide	extracellular exosome [GO:0070062]	12.36
Polyketide	immunoglobulin complex [GO:0019814]	16.17
Polyketide	extracellular region [GO:0005576]	16.17
Polyketide	cell body [GO:0044297]	13.38
Polyketide	actin filament [GO:0005884]	13.38
Polyketide	skeletal muscle myofibril [GO:0098723]	13.38
Polyketide	stress fiber [GO:0001725]	13.38
Polyketide	filamentous actin [GO:0031941]	13.38
Polyketide	actin filament bundle [GO:0032432]	13.38
Polyketide	lamellipodium [GO:0030027]	13.38
Polyketide	striated muscle thin filament [GO:0005865]	13.38
Polyketide	cytoplasm [GO:0005737]	13.38
Polyketide	filopodium [GO:0030175]	13.38
Polyketide	postsynaptic density [GO:0014069]	10.65
Polyketide	glutamatergic synapse [GO:0098978]	10.65
Polyketide	plasma membrane [GO:0005886]	10.65
Polyketide	DAPK1-calmodulin complex [GO:1990722]	10.65
Polyketide	actin cytoskeleton [GO:0015629]	10.65
Polyketide	nucleus [GO:0005634]	10.65
Polyketide	cytoplasm [GO:0005737]	10.65
Polyketide	protein-containing complex [GO:0032991]	9.92
Polyketide	recycling endosome [GO:0055037]	9.92
Polyketide	early endosome [GO:0005769]	9.92
Polyketide	plasma membrane [GO:0005886]	9.92
Polyketide	specific granule [GO:0042581]	9.92
Polyketide	extracellular space [GO:0005615]	9.92
Polyketide	cell surface [GO:0009986]	9.92
Polyketide	cytoplasm [GO:0005737]	11.31
Polyketide	plasma membrane [GO:0005886]	15.65
Polyketide	Sin3-type complex [GO:0070822]	12.95
Polyketide	cytosol [GO:0005829]	12.95
Polyketide	plasma membrane [GO:0005886]	12.95
Polyketide	nucleoplasm [GO:0005654]	12.95
Polyketide	protein kinase CK2 complex [GO:0005956]	12.95
Polyketide	nucleus [GO:0005634]	12.95
Polyketide	PML body [GO:0016605]	12.95
Polyketide	chromosome [GO:0005694]	4.17
Polyketide	cytoplasm [GO:0005737]	4.17
Polyketide	postsynaptic density [GO:0014069]	12.43
Polyketide	glutamatergic synapse [GO:0098978]	12.43
Polyketide	plasma membrane [GO:0005886]	12.43
Polyketide	DAPK1-calmodulin complex [GO:1990722]	12.43
Polyketide	actin cytoskeleton [GO:0015629]	12.43
Polyketide	nucleus [GO:0005634]	12.43
Polyketide	cytoplasm [GO:0005737]	12.43
Polyketide	Sin3-type complex [GO:0070822]	13.18
Polyketide	cytosol [GO:0005829]	13.18
Polyketide	plasma membrane [GO:0005886]	13.18
Polyketide	nucleoplasm [GO:0005654]	13.18
Polyketide	protein kinase CK2 complex [GO:0005956]	13.18
Polyketide	nucleus [GO:0005634]	13.18
Polyketide	PML body [GO:0016605]	13.18
Polyketide	endoplasmic reticulum lumen [GO:0005788]	13.94
Polyketide	protein-containing complex [GO:0032991]	13.94
Polyketide	endoplasmic reticulum [GO:0005783]	13.94
Polyketide	extracellular exosome [GO:0070062]	13.94
Polyketide	blood microparticle [GO:0072562]	13.94
Polyketide	platelet alpha granule lumen [GO:0031093]	13.94
Polyketide	extracellular region [GO:0005576]	13.94
Polyketide	extracellular space [GO:0005615]	13.94
Polyketide	nucleus [GO:0005634]	13.94
Polyketide	cytoplasm [GO:0005737]	13.94
Polyketide	Golgi apparatus [GO:0005794]	13.94
Polyketide	mitochondrial proton-transporting ATP synthase complex [GO:0005753]	16.79
Polyketide	cytosol [GO:0005829]	16.79
Polyketide	mitochondrial proton-transporting ATP synthase complex, coupling factor F(o) [GO:0000276]	16.79
Polyketide	mitochondrion [GO:0005739]	16.79
Polyketide	mitochondrial intermembrane space [GO:0005758]	16.79
Polyketide	mitochondrial inner membrane [GO:0005743]	16.79
Polyketide	extracellular space [GO:0005615]	16.44
Polyketide	serine protease inhibitor complex [GO:0097180]	16.44
Polyketide	myelin sheath [GO:0043209]	10.84
Polyketide	cytosol [GO:0005829]	10.84
Polyketide	apical part of cell [GO:0045177]	10.84
Polyketide	extracellular exosome [GO:0070062]	10.84
Polyketide	plasma membrane [GO:0005886]	10.84
Polyketide	cytoplasm [GO:0005737]	10.84
Polyketide	node of Ranvier [GO:0033268]	10.35
Polyketide	synapse [GO:0045202]	10.35
Polyketide	plasma membrane [GO:0005886]	10.35
Polyketide	axon initial segment [GO:0043194]	10.35
Polyketide	voltage-gated potassium channel complex [GO:0008076]	10.35
Polyketide	microtubule [GO:0005874]	15.16
Polyketide	cytoplasm [GO:0005737]	15.16
Polyketide	microtubule cytoskeleton [GO:0015630]	15.16
Polyketide	node of Ranvier [GO:0033268]	10.81
Polyketide	synapse [GO:0045202]	10.81
Polyketide	plasma membrane [GO:0005886]	10.81
Polyketide	axon initial segment [GO:0043194]	10.81
Polyketide	voltage-gated potassium channel complex [GO:0008076]	10.81
Polyketide	dendritic shaft [GO:0043198]	15.63
Polyketide	neuron projection [GO:0043005]	15.63
Polyketide	postsynaptic density [GO:0014069]	15.63
Polyketide	somatodendritic compartment [GO:0036477]	15.63
Polyketide	dendrite membrane [GO:0032590]	15.63
Polyketide	endoplasmic reticulum membrane [GO:0005789]	15.63
Polyketide	cell surface [GO:0009986]	15.63
Polyketide	presynaptic active zone membrane [GO:0048787]	15.63
Polyketide	neuronal cell body [GO:0043025]	15.63
Polyketide	dendrite cytoplasm [GO:0032839]	15.63
Polyketide	spine synapse [GO:0106033]	15.63
Polyketide	synaptic vesicle [GO:0008021]	15.63
Polyketide	Schaffer collateral - CA1 synapse [GO:0098685]	15.63
Polyketide	presynapse [GO:0098793]	15.63
Polyketide	growth cone [GO:0030426]	15.63
Polyketide	perikaryon [GO:0043204]	15.63
Polyketide	AMPA glutamate receptor complex [GO:0032281]	15.63
Polyketide	asymmetric synapse [GO:0032279]	15.63
Polyketide	dendrite [GO:0030425]	15.63
Polyketide	protein-containing complex [GO:0032991]	15.63
Polyketide	ionotropic glutamate receptor complex [GO:0008328]	15.63
Polyketide	dendritic spine head [GO:0044327]	15.63
Polyketide	dendritic spine neck [GO:0044326]	15.63
Polyketide	glutamatergic synapse [GO:0098978]	15.63
Polyketide	membrane [GO:0016020]	15.63
Polyketide	dendritic spine [GO:0043197]	15.63
Polyketide	perisynaptic space [GO:0099544]	15.63
Polyketide	endoplasmic reticulum [GO:0005783]	15.63
Polyketide	plasma membrane [GO:0005886]	15.63
Polyketide	postsynaptic membrane [GO:0045211]	15.63
Polyketide	synapse [GO:0045202]	15.63
Polyketide	terminal bouton [GO:0043195]	15.63
Polyketide	presynaptic membrane [GO:0042734]	15.63
Polyketide	postsynaptic density membrane [GO:0098839]	15.63
Polyketide	synaptic vesicle membrane [GO:0030672]	15.63
Polyketide	axon [GO:0030424]	15.63
Polyketide	synaptic membrane [GO:0097060]	15.63
Polyketide	cytosol [GO:0005829]	17.84
Polyketide	cytosolic DNA-directed RNA polymerase complex [GO:0000345]	17.84
Polyketide	membrane [GO:0016020]	17.84
Polyketide	cytoplasm [GO:0005737]	17.84
Polyketide	transcription elongation factor complex [GO:0008023]	17.84
Polyketide	DNA-directed RNA polymerase complex [GO:0000428]	18.86
Polyketide	sarcoplasmic reticulum membrane [GO:0033017]	17.35
Polyketide	postsynaptic density [GO:0014069]	17.35
Polyketide	Z disc [GO:0030018]	17.35
Polyketide	T-tubule [GO:0030315]	17.35
Polyketide	secretory granule [GO:0030141]	17.35
Polyketide	sarcolemma [GO:0042383]	17.35
Polyketide	cytoplasm [GO:0005737]	17.35
Polyketide	calyx of Held [GO:0044305]	17.35
Polyketide	azurophil granule [GO:0042582]	17.35
Polyketide	nuclear membrane [GO:0031965]	17.35
Polyketide	membrane raft [GO:0045121]	17.35
Polyketide	postsynaptic specialization, intracellular component [GO:0099091]	17.35
Polyketide	postsynaptic density, intracellular component [GO:0099092]	17.35
Polyketide	dendrite [GO:0030425]	17.35
Polyketide	protein-containing complex [GO:0032991]	17.35
Polyketide	perinuclear region of cytoplasm [GO:0048471]	17.35
Polyketide	cytosol [GO:0005829]	17.35
Polyketide	sarcoplasmic reticulum [GO:0016529]	17.35
Polyketide	glutamatergic synapse [GO:0098978]	17.35
Polyketide	dendritic spine [GO:0043197]	17.35
Polyketide	cell periphery [GO:0071944]	17.35
Polyketide	nucleus [GO:0005634]	17.35
Polyketide	mitochondrial outer membrane [GO:0005741]	17.35
Polyketide	plasma membrane [GO:0005886]	17.35
Polyketide	synapse [GO:0045202]	17.35
Polyketide	mitochondrion [GO:0005739]	17.35
Polyketide	photoreceptor inner segment [GO:0001917]	17.35
Polyketide	cytoskeleton [GO:0005856]	17.35
Polyketide	cell body [GO:0044297]	15.63
Polyketide	actin filament [GO:0005884]	15.63
Polyketide	skeletal muscle myofibril [GO:0098723]	15.63
Polyketide	stress fiber [GO:0001725]	15.63
Polyketide	filamentous actin [GO:0031941]	15.63
Polyketide	actin filament bundle [GO:0032432]	15.63
Polyketide	lamellipodium [GO:0030027]	15.63
Polyketide	striated muscle thin filament [GO:0005865]	15.63
Polyketide	cytoplasm [GO:0005737]	15.63
Polyketide	filopodium [GO:0030175]	15.63
Polyketide	membrane [GO:0016020]	15.0
Polyketide	receptor complex [GO:0043235]	15.0
Polyketide	protein-containing complex [GO:0032991]	16.85
Polyketide	cytosol [GO:0005829]	16.85
Polyketide	nucleoplasm [GO:0005654]	16.85
Polyketide	membrane [GO:0016020]	16.85
Polyketide	plasma membrane [GO:0005886]	16.85
Polyketide	euchromatin [GO:0000791]	16.85
Polyketide	chromatin [GO:0000785]	16.85
Polyketide	transcription regulator complex [GO:0005667]	16.85
Polyketide	nucleus [GO:0005634]	16.85
Polyketide	cytoplasm [GO:0005737]	16.85
Polyketide	Golgi apparatus [GO:0005794]	16.85
Polyketide	mitochondrial matrix [GO:0005759]	15.37
Polyketide	mitochondrion [GO:0005739]	15.37
Polyketide	extracellular exosome [GO:0070062]	15.37
Polyketide	nuclear envelope [GO:0005635]	14.44
Polyketide	perinuclear region of cytoplasm [GO:0048471]	14.44
Polyketide	cytosol [GO:0005829]	14.44
Polyketide	pericentriolar material [GO:0000242]	14.44
Polyketide	Golgi membrane [GO:0000139]	14.44
Polyketide	chromosome, telomeric region [GO:0000781]	14.44
Polyketide	nucleus [GO:0005634]	14.44
Polyketide	cytoplasm [GO:0005737]	14.44
Polyketide	mitochondrial proton-transporting ATP synthase, catalytic core [GO:0005754]	20.47
Polyketide	proton-transporting ATP synthase complex, catalytic core F(1) [GO:0045261]	20.47
Polyketide	mitochondrial proton-transporting ATP synthase complex [GO:0005753]	20.47
Polyketide	cytosol [GO:0005829]	20.47
Polyketide	mitochondrion [GO:0005739]	20.47
Polyketide	mitochondrial intermembrane space [GO:0005758]	20.47
Polyketide	mitochondrial inner membrane [GO:0005743]	20.47
Polyketide	dendrite [GO:0030425]	18.59
Polyketide	PML body [GO:0016605]	18.59
Polyketide	nuclear envelope [GO:0005635]	18.59
Polyketide	lysosome [GO:0005764]	18.59
Polyketide	endomembrane system [GO:0012505]	18.59
Polyketide	mitochondrial outer membrane [GO:0005741]	18.59
Polyketide	cytosol [GO:0005829]	18.59
Polyketide	Golgi membrane [GO:0000139]	18.59
Polyketide	nucleoplasm [GO:0005654]	18.59
Polyketide	endoplasmic reticulum membrane [GO:0005789]	18.59
Polyketide	membrane [GO:0016020]	18.59
Polyketide	TORC1 complex [GO:0031931]	18.59
Polyketide	nucleus [GO:0005634]	18.59
Polyketide	TORC2 complex [GO:0031932]	18.59
Polyketide	lysosomal membrane [GO:0005765]	18.59
Polyketide	cytoplasm [GO:0005737]	18.59
Polyketide	phagocytic vesicle [GO:0045335]	18.59
Polyketide	ATP-binding cassette (ABC) transporter complex [GO:0043190]	13.79
Polyketide	membrane [GO:0016020]	13.79
Polyketide	ATP-binding cassette (ABC) transporter complex, substrate-binding subunit-containing [GO:0055052]	13.79
Polyketide	maltose transport complex [GO:1990060]	13.79
Polyketide	periplasmic space [GO:0042597]	13.79
Polyketide	outer membrane-bounded periplasmic space [GO:0030288]	13.79
Polyketide	plasma membrane [GO:0005886]	9.48
Polyketide	proton-transporting ATP synthase complex, coupling factor F(o) [GO:0045263]	9.48
Polyketide	NuA4 histone acetyltransferase complex [GO:0035267]	13.45
Polyketide	GBAF complex [GO:0140288]	13.45
Polyketide	ribonucleoprotein complex [GO:1990904]	13.45
Polyketide	extracellular exosome [GO:0070062]	13.45
Polyketide	nucleoplasm [GO:0005654]	13.45
Polyketide	blood microparticle [GO:0072562]	13.45
Polyketide	adherens junction [GO:0005912]	13.45
Polyketide	cytoplasm [GO:0005737]	13.45
Polyketide	calyx of Held [GO:0044305]	13.45
Polyketide	axon [GO:0030424]	13.45
Polyketide	cortical cytoskeleton [GO:0030863]	13.45
Polyketide	SWI/SNF complex [GO:0016514]	13.45
Polyketide	kinetochore [GO:0000776]	13.45
Polyketide	lamellipodium [GO:0030027]	13.45
Polyketide	Schaffer collateral - CA1 synapse [GO:0098685]	13.45
Polyketide	actin cytoskeleton [GO:0015629]	13.45
Polyketide	postsynaptic actin cytoskeleton [GO:0098871]	13.45
Polyketide	dense body [GO:0097433]	13.45
Polyketide	presynapse [GO:0098793]	13.45
Polyketide	extracellular space [GO:0005615]	13.45
Polyketide	tight junction [GO:0070160]	13.45
Polyketide	apical junction complex [GO:0043296]	13.45
Polyketide	protein-containing complex [GO:0032991]	13.45
Polyketide	brahma complex [GO:0035060]	13.45
Polyketide	focal adhesion [GO:0005925]	13.45
Polyketide	actin filament [GO:0005884]	13.45
Polyketide	RSC-type complex [GO:0016586]	13.45
Polyketide	cell-cell junction [GO:0005911]	13.45
Polyketide	cytosol [GO:0005829]	13.45
Polyketide	glutamatergic synapse [GO:0098978]	13.45
Polyketide	membrane [GO:0016020]	13.45
Polyketide	nBAF complex [GO:0071565]	13.45
Polyketide	chromatin [GO:0000785]	13.45
Polyketide	cytoplasmic ribonucleoprotein granule [GO:0036464]	13.45
Polyketide	nucleus [GO:0005634]	13.45
Polyketide	npBAF complex [GO:0071564]	13.45
Polyketide	vesicle [GO:0031982]	13.45
Polyketide	nucleosome [GO:0000786]	13.45
Polyketide	plasma membrane [GO:0005886]	13.45
Polyketide	synapse [GO:0045202]	13.45
Polyketide	nuclear matrix [GO:0016363]	13.45
Polyketide	bBAF complex [GO:0140092]	13.45
Polyketide	cytoskeleton [GO:0005856]	13.45
Polyketide	brush border [GO:0005903]	13.45
Polyketide	protein-containing complex [GO:0032991]	14.19
Polyketide	centrosome [GO:0005813]	14.19
Polyketide	perinuclear region of cytoplasm [GO:0048471]	14.19
Polyketide	cytosol [GO:0005829]	14.19
Polyketide	extracellular exosome [GO:0070062]	14.19
Polyketide	photoreceptor outer segment [GO:0001750]	14.19
Polyketide	ciliary basal body [GO:0036064]	14.19
Polyketide	photoreceptor inner segment [GO:0001917]	14.19
Polyketide	centriole [GO:0005814]	14.19
Polyketide	microtubule organizing center [GO:0005815]	14.19
Polyketide	host cell nucleus [GO:0042025]	20.57
Polyketide	viral envelope [GO:0019031]	20.57
Polyketide	host cell plasma membrane [GO:0020002]	20.57
Polyketide	host cell lipid droplet [GO:0044186]	20.57
Polyketide	host cell endoplasmic reticulum membrane [GO:0044167]	20.57
Polyketide	host cell mitochondrial membrane [GO:0044191]	20.57
Polyketide	ribonucleoprotein complex [GO:1990904]	20.57
Polyketide	membrane [GO:0016020]	20.57
Polyketide	viral nucleocapsid [GO:0019013]	20.57
Polyketide	virion membrane [GO:0055036]	20.57
Polyketide	host cell perinuclear region of cytoplasm [GO:0044220]	20.57
Polyketide	cytosol [GO:0005829]	19.62
Polyketide	cytosolic DNA-directed RNA polymerase complex [GO:0000345]	19.62
Polyketide	membrane [GO:0016020]	19.62
Polyketide	cytoplasm [GO:0005737]	19.62
Polyketide	transcription elongation factor complex [GO:0008023]	19.62
Polyketide	endocytic vesicle [GO:0030139]	2.23
Polyketide	endoplasmic reticulum lumen [GO:0005788]	2.23
Polyketide	HFE-transferrin receptor complex [GO:1990712]	2.23
Polyketide	secretory granule lumen [GO:0034774]	2.23
Polyketide	extracellular exosome [GO:0070062]	2.23
Polyketide	blood microparticle [GO:0072562]	2.23
Polyketide	cell surface [GO:0009986]	2.23
Polyketide	recycling endosome [GO:0055037]	2.23
Polyketide	endosome membrane [GO:0010008]	2.23
Polyketide	clathrin-coated pit [GO:0005905]	2.23
Polyketide	extracellular space [GO:0005615]	2.23
Polyketide	perinuclear region of cytoplasm [GO:0048471]	2.23
Polyketide	early endosome [GO:0005769]	2.23
Polyketide	extracellular region [GO:0005576]	2.23
Polyketide	cytoplasmic vesicle [GO:0031410]	2.23
Polyketide	vesicle [GO:0031982]	2.23
Polyketide	basal plasma membrane [GO:0009925]	2.23
Polyketide	apical plasma membrane [GO:0016324]	2.23
Polyketide	plasma membrane [GO:0005886]	2.23
Polyketide	basal part of cell [GO:0045178]	2.23
Polyketide	clathrin-coated endocytic vesicle membrane [GO:0030669]	2.23
Polyketide	late endosome [GO:0005770]	2.23
Polyketide	tertiary granule lumen [GO:1904724]	13.33
Polyketide	cytosol [GO:0005829]	13.33
Polyketide	ficolin-1-rich granule lumen [GO:1904813]	13.33
Polyketide	extracellular exosome [GO:0070062]	13.33
Polyketide	nucleoplasm [GO:0005654]	13.33
Polyketide	extracellular region [GO:0005576]	13.33
Polyketide	nucleus [GO:0005634]	13.33
Polyketide	plasma membrane [GO:0005886]	4.69
Polyketide	proton-transporting ATP synthase complex, coupling factor F(o) [GO:0045263]	4.69
Polyketide	fungal biofilm matrix [GO:0062040]	2.3
Polyketide	cytoplasm [GO:0005737]	2.3
Polyketide	extracellular region [GO:0005576]	2.3
Polyketide	cytosol [GO:0005829]	19.4
Polyketide	collagen-containing extracellular matrix [GO:0062023]	23.22
Polyketide	cytoplasm [GO:0005737]	23.22
Polyketide	secretory granule membrane [GO:0030667]	23.22
Polyketide	cytosol [GO:0005829]	23.22
Polyketide	ficolin-1-rich granule membrane [GO:0101003]	23.22
Polyketide	immunological synapse [GO:0001772]	23.22
Polyketide	extracellular exosome [GO:0070062]	23.22
Polyketide	spliceosomal complex [GO:0005681]	23.22
Polyketide	nucleoplasm [GO:0005654]	23.22
Polyketide	membrane [GO:0016020]	23.22
Polyketide	plasma membrane [GO:0005886]	23.22
Polyketide	extracellular region [GO:0005576]	23.22
Polyketide	extracellular space [GO:0005615]	23.22
Polyketide	nucleus [GO:0005634]	23.22
Polyketide	cell surface [GO:0009986]	23.22
Polyketide	mitochondrial inner membrane [GO:0005743]	23.22
Polyketide	nucleoplasm [GO:0005654]	12.25
Polyketide	cytosol [GO:0005829]	12.25
Polyketide	extracellular exosome [GO:0070062]	12.25
Polyketide	cytoplasm [GO:0005737]	19.31
Polyketide	protein-containing complex [GO:0032991]	13.32
Polyketide	endocytic vesicle membrane [GO:0030666]	13.32
Polyketide	cytosol [GO:0005829]	13.32
Polyketide	transcription repressor complex [GO:0017053]	13.32
Polyketide	nucleoplasm [GO:0005654]	13.32
Polyketide	plasma membrane [GO:0005886]	13.32
Polyketide	nucleus [GO:0005634]	13.32
Polyketide	cytoplasm [GO:0005737]	13.32
Polyketide	nucleolus [GO:0005730]	13.32
Polyketide	protein-containing complex [GO:0032991]	15.37
Polyketide	mitotic spindle [GO:0072686]	15.37
Polyketide	cytosol [GO:0005829]	15.37
Polyketide	microtubule [GO:0005874]	15.37
Polyketide	membrane [GO:0016020]	15.37
Polyketide	nucleus [GO:0005634]	15.37
Polyketide	spindle [GO:0005819]	15.37
Polyketide	spindle pole [GO:0000922]	15.37
Polyketide	kinesin complex [GO:0005871]	15.37
Polyketide	cell body [GO:0044297]	13.79
Polyketide	actin filament [GO:0005884]	13.79
Polyketide	skeletal muscle myofibril [GO:0098723]	13.79
Polyketide	stress fiber [GO:0001725]	13.79
Polyketide	filamentous actin [GO:0031941]	13.79
Polyketide	actin filament bundle [GO:0032432]	13.79
Polyketide	lamellipodium [GO:0030027]	13.79
Polyketide	striated muscle thin filament [GO:0005865]	13.79
Polyketide	cytoplasm [GO:0005737]	13.79
Polyketide	filopodium [GO:0030175]	13.79
Polyketide	protein-containing complex [GO:0032991]	14.59
Polyketide	cytosol [GO:0005829]	14.59
Polyketide	nucleoplasm [GO:0005654]	14.59
Polyketide	membrane [GO:0016020]	14.59
Polyketide	plasma membrane [GO:0005886]	14.59
Polyketide	euchromatin [GO:0000791]	14.59
Polyketide	chromatin [GO:0000785]	14.59
Polyketide	transcription regulator complex [GO:0005667]	14.59
Polyketide	nucleus [GO:0005634]	14.59
Polyketide	cytoplasm [GO:0005737]	14.59
Polyketide	Golgi apparatus [GO:0005794]	14.59
Polyketide	sarcoplasmic reticulum membrane [GO:0033017]	19.01
Polyketide	cytoplasmic side of membrane [GO:0098562]	19.01
Polyketide	cytosol [GO:0005829]	19.01
Polyketide	Z disc [GO:0030018]	19.01
Polyketide	sarcoplasmic reticulum [GO:0016529]	19.01
Polyketide	terminal cisterna [GO:0014802]	19.01
Polyketide	membrane [GO:0016020]	19.01
Polyketide	ryanodine receptor complex [GO:1990425]	19.01
Polyketide	cytoplasm [GO:0005737]	19.01
Polyketide	protein-containing complex [GO:0032991]	9.34
Polyketide	cytosol [GO:0005829]	9.34
Polyketide	nucleoplasm [GO:0005654]	9.34
Polyketide	membrane [GO:0016020]	9.34
Polyketide	plasma membrane [GO:0005886]	9.34
Polyketide	euchromatin [GO:0000791]	9.34
Polyketide	chromatin [GO:0000785]	9.34
Polyketide	transcription regulator complex [GO:0005667]	9.34
Polyketide	nucleus [GO:0005634]	9.34
Polyketide	cytoplasm [GO:0005737]	9.34
Polyketide	Golgi apparatus [GO:0005794]	9.34
Polyketide	extracellular space [GO:0005615]	6.63
Polyketide	extracellular region [GO:0005576]	6.63
Polyketide	mitochondrial proton-transporting ATP synthase complex [GO:0005753]	14.89
Polyketide	cytosol [GO:0005829]	14.89
Polyketide	mitochondrial proton-transporting ATP synthase complex, coupling factor F(o) [GO:0000276]	14.89
Polyketide	mitochondrion [GO:0005739]	14.89
Polyketide	mitochondrial intermembrane space [GO:0005758]	14.89
Polyketide	mitochondrial inner membrane [GO:0005743]	14.89
Polyketide	sarcoplasmic reticulum membrane [GO:0033017]	20.41
Polyketide	cytoplasmic side of membrane [GO:0098562]	20.41
Polyketide	cytosol [GO:0005829]	20.41
Polyketide	Z disc [GO:0030018]	20.41
Polyketide	sarcoplasmic reticulum [GO:0016529]	20.41
Polyketide	terminal cisterna [GO:0014802]	20.41
Polyketide	membrane [GO:0016020]	20.41
Polyketide	ryanodine receptor complex [GO:1990425]	20.41
Polyketide	cytoplasm [GO:0005737]	20.41
Polyketide	cell body [GO:0044297]	10.68
Polyketide	actin filament [GO:0005884]	10.68
Polyketide	skeletal muscle myofibril [GO:0098723]	10.68
Polyketide	stress fiber [GO:0001725]	10.68
Polyketide	filamentous actin [GO:0031941]	10.68
Polyketide	actin filament bundle [GO:0032432]	10.68
Polyketide	lamellipodium [GO:0030027]	10.68
Polyketide	striated muscle thin filament [GO:0005865]	10.68
Polyketide	cytoplasm [GO:0005737]	10.68
Polyketide	filopodium [GO:0030175]	10.68
Polyketide	cell body [GO:0044297]	8.05
Polyketide	actin filament [GO:0005884]	8.05
Polyketide	skeletal muscle myofibril [GO:0098723]	8.05
Polyketide	stress fiber [GO:0001725]	8.05
Polyketide	filamentous actin [GO:0031941]	8.05
Polyketide	actin filament bundle [GO:0032432]	8.05
Polyketide	lamellipodium [GO:0030027]	8.05
Polyketide	striated muscle thin filament [GO:0005865]	8.05
Polyketide	cytoplasm [GO:0005737]	8.05
Polyketide	filopodium [GO:0030175]	8.05
Polyketide	endoplasmic reticulum lumen [GO:0005788]	23.46
Polyketide	ER to Golgi transport vesicle membrane [GO:0012507]	23.46
Polyketide	HFE-transferrin receptor complex [GO:1990712]	23.46
Polyketide	extracellular exosome [GO:0070062]	23.46
Polyketide	external side of plasma membrane [GO:0009897]	23.46
Polyketide	cell surface [GO:0009986]	23.46
Polyketide	phagocytic vesicle membrane [GO:0030670]	23.46
Polyketide	early endosome membrane [GO:0031901]	23.46
Polyketide	endosome membrane [GO:0010008]	23.46
Polyketide	lysosome [GO:0005764]	23.46
Polyketide	Golgi membrane [GO:0000139]	23.46
Polyketide	extracellular space [GO:0005615]	23.46
Polyketide	lysosomal membrane [GO:0005765]	23.46
Polyketide	Golgi apparatus [GO:0005794]	23.46
Polyketide	focal adhesion [GO:0005925]	23.46
Polyketide	cytosol [GO:0005829]	23.46
Polyketide	intracellular membrane-bounded organelle [GO:0043231]	23.46
Polyketide	membrane [GO:0016020]	23.46
Polyketide	specific granule lumen [GO:0035580]	23.46
Polyketide	extracellular region [GO:0005576]	23.46
Polyketide	endoplasmic reticulum [GO:0005783]	23.46
Polyketide	early endosome lumen [GO:0031905]	23.46
Polyketide	late endosome membrane [GO:0031902]	23.46
Polyketide	MHC class I protein complex [GO:0042612]	23.46
Polyketide	MHC class II protein complex [GO:0042613]	23.46
Polyketide	MHC class I peptide loading complex [GO:0042824]	23.46
Polyketide	tertiary granule lumen [GO:1904724]	23.46
Polyketide	plasma membrane [GO:0005886]	23.46
Polyketide	recycling endosome membrane [GO:0055038]	23.46
Polyketide	Sin3-type complex [GO:0070822]	11.57
Polyketide	cytosol [GO:0005829]	11.57
Polyketide	plasma membrane [GO:0005886]	11.57
Polyketide	nucleoplasm [GO:0005654]	11.57
Polyketide	protein kinase CK2 complex [GO:0005956]	11.57
Polyketide	nucleus [GO:0005634]	11.57
Polyketide	PML body [GO:0016605]	11.57
Polyketide	histone deacetylase complex [GO:0000118]	11.39
Polyketide	cell body [GO:0044297]	21.57
Polyketide	actin filament [GO:0005884]	21.57
Polyketide	skeletal muscle myofibril [GO:0098723]	21.57
Polyketide	stress fiber [GO:0001725]	21.57
Polyketide	filamentous actin [GO:0031941]	21.57
Polyketide	actin filament bundle [GO:0032432]	21.57
Polyketide	lamellipodium [GO:0030027]	21.57
Polyketide	striated muscle thin filament [GO:0005865]	21.57
Polyketide	cytoplasm [GO:0005737]	21.57
Polyketide	filopodium [GO:0030175]	21.57
Polyketide	proton-transporting ATP synthase complex, catalytic core F(1) [GO:0045261]	7.3
Polyketide	plasma membrane [GO:0005886]	7.3
Polyketide	mitochondrial proton-transporting ATP synthase, catalytic core [GO:0005754]	7.3
Polyketide	mitochondrial proton-transporting ATP synthase complex [GO:0005753]	7.3
Polyketide	microtubule [GO:0005874]	13.21
Polyketide	cytoplasm [GO:0005737]	13.21
Polyketide	protein-containing complex [GO:0032991]	18.2
Polyketide	cytosol [GO:0005829]	18.2
Polyketide	nucleoplasm [GO:0005654]	18.2
Polyketide	membrane [GO:0016020]	18.2
Polyketide	plasma membrane [GO:0005886]	18.2
Polyketide	euchromatin [GO:0000791]	18.2
Polyketide	chromatin [GO:0000785]	18.2
Polyketide	transcription regulator complex [GO:0005667]	18.2
Polyketide	nucleus [GO:0005634]	18.2
Polyketide	cytoplasm [GO:0005737]	18.2
Polyketide	Golgi apparatus [GO:0005794]	18.2
Polyketide	collagen-containing extracellular matrix [GO:0062023]	12.43
Polyketide	lysosomal lumen [GO:0043202]	12.43
Polyketide	lysosome [GO:0005764]	12.43
Polyketide	tertiary granule lumen [GO:1904724]	12.43
Polyketide	ficolin-1-rich granule lumen [GO:1904813]	12.43
Polyketide	endolysosome lumen [GO:0036021]	12.43
Polyketide	intracellular membrane-bounded organelle [GO:0043231]	12.43
Polyketide	extracellular region [GO:0005576]	12.43
Polyketide	extracellular space [GO:0005615]	12.43
Polyketide	late endosome [GO:0005770]	12.43
Polyketide	phagocytic vesicle [GO:0045335]	12.43
Polyketide	cytoplasm [GO:0005737]	13.61
Polyketide	extracellular region [GO:0005576]	16.1
Polyketide	vacuolar proton-transporting V-type ATPase, V0 domain [GO:0000220]	9.77
Polyketide	synaptic vesicle membrane [GO:0030672]	9.77
Polyketide	clathrin-coated vesicle membrane [GO:0030665]	9.77
Polyketide	proton-transporting V-type ATPase complex [GO:0033176]	9.26
Polyketide	vacuolar proton-transporting V-type ATPase, V0 domain [GO:0000220]	9.26
Polyketide	Golgi membrane [GO:0000139]	9.26
Polyketide	fungal-type vacuole [GO:0000324]	9.26
Polyketide	membrane [GO:0016020]	9.26
Polyketide	cell periphery [GO:0071944]	9.26
Polyketide	vacuolar proton-transporting V-type ATPase complex [GO:0016471]	9.26
Polyketide	fungal-type vacuole membrane [GO:0000329]	9.26
Polyketide	cytosol [GO:0005829]	12.81
Polyketide	cytosolic large ribosomal subunit [GO:0022625]	12.81
Polyketide	intracellular membrane-bounded organelle [GO:0043231]	17.5
Polyketide	endoplasmic reticulum membrane [GO:0005789]	17.5
Polyketide	protein-containing complex [GO:0032991]	9.03
Polyketide	cytosol [GO:0005829]	9.03
Polyketide	nucleoplasm [GO:0005654]	9.03
Polyketide	membrane [GO:0016020]	9.03
Polyketide	plasma membrane [GO:0005886]	9.03
Polyketide	euchromatin [GO:0000791]	9.03
Polyketide	chromatin [GO:0000785]	9.03
Polyketide	transcription regulator complex [GO:0005667]	9.03
Polyketide	nucleus [GO:0005634]	9.03
Polyketide	cytoplasm [GO:0005737]	9.03
Polyketide	Golgi apparatus [GO:0005794]	9.03
Polyketide	protein-containing complex [GO:0032991]	12.29
Polyketide	cytosol [GO:0005829]	12.29
Polyketide	nucleoplasm [GO:0005654]	12.29
Polyketide	membrane [GO:0016020]	12.29
Polyketide	plasma membrane [GO:0005886]	12.29
Polyketide	euchromatin [GO:0000791]	12.29
Polyketide	chromatin [GO:0000785]	12.29
Polyketide	transcription regulator complex [GO:0005667]	12.29
Polyketide	nucleus [GO:0005634]	12.29
Polyketide	cytoplasm [GO:0005737]	12.29
Polyketide	Golgi apparatus [GO:0005794]	12.29
Polyketide	dendrite [GO:0030425]	15.6
Polyketide	chloride channel complex [GO:0034707]	15.6
Polyketide	neuron projection [GO:0043005]	15.6
Polyketide	plasma membrane [GO:0005886]	15.6
Polyketide	membrane [GO:0016020]	15.6
Polyketide	postsynaptic membrane [GO:0045211]	15.6
Polyketide	synapse [GO:0045202]	15.6
Polyketide	perikaryon [GO:0043204]	15.6
Polyketide	periplasmic space [GO:0042597]	19.14
Polyketide	secretory granule membrane [GO:0030667]	26.62
Polyketide	clathrin-sculpted monoamine transport vesicle membrane [GO:0070083]	26.62
Polyketide	terminal bouton [GO:0043195]	26.62
Polyketide	synaptic vesicle membrane [GO:0030672]	26.62
Polyketide	presynapse [GO:0098793]	26.62
Polyketide	endoplasmic reticulum membrane [GO:0005789]	26.62
Polyketide	protein-containing complex [GO:0032991]	16.04
Polyketide	endocytic vesicle membrane [GO:0030666]	16.04
Polyketide	cytosol [GO:0005829]	16.04
Polyketide	transcription repressor complex [GO:0017053]	16.04
Polyketide	nucleoplasm [GO:0005654]	16.04
Polyketide	plasma membrane [GO:0005886]	16.04
Polyketide	nucleus [GO:0005634]	16.04
Polyketide	cytoplasm [GO:0005737]	16.04
Polyketide	nucleolus [GO:0005730]	16.04
Polyketide	collagen-containing extracellular matrix [GO:0062023]	17.83
Polyketide	secretory granule lumen [GO:0034774]	17.83
Polyketide	azurophil granule lumen [GO:0035578]	17.83
Polyketide	extracellular exosome [GO:0070062]	17.83
Polyketide	blood microparticle [GO:0072562]	17.83
Polyketide	platelet alpha granule lumen [GO:0031093]	17.83
Polyketide	extracellular region [GO:0005576]	17.83
Polyketide	extracellular space [GO:0005615]	17.83
Polyketide	nucleus [GO:0005634]	17.83
Polyketide	extracellular space [GO:0005615]	13.99
Polyketide	membrane [GO:0016020]	13.99
Polyketide	food vacuole [GO:0020020]	13.99
Polyketide	protein-containing complex [GO:0032991]	9.71
Polyketide	cytosol [GO:0005829]	9.71
Polyketide	nucleoplasm [GO:0005654]	9.71
Polyketide	membrane [GO:0016020]	9.71
Polyketide	plasma membrane [GO:0005886]	9.71
Polyketide	euchromatin [GO:0000791]	9.71
Polyketide	chromatin [GO:0000785]	9.71
Polyketide	transcription regulator complex [GO:0005667]	9.71
Polyketide	nucleus [GO:0005634]	9.71
Polyketide	cytoplasm [GO:0005737]	9.71
Polyketide	Golgi apparatus [GO:0005794]	9.71
Polyketide	dendrite [GO:0030425]	17.52
Polyketide	PML body [GO:0016605]	17.52
Polyketide	nuclear envelope [GO:0005635]	17.52
Polyketide	lysosome [GO:0005764]	17.52
Polyketide	endomembrane system [GO:0012505]	17.52
Polyketide	mitochondrial outer membrane [GO:0005741]	17.52
Polyketide	cytosol [GO:0005829]	17.52
Polyketide	Golgi membrane [GO:0000139]	17.52
Polyketide	nucleoplasm [GO:0005654]	17.52
Polyketide	endoplasmic reticulum membrane [GO:0005789]	17.52
Polyketide	membrane [GO:0016020]	17.52
Polyketide	TORC1 complex [GO:0031931]	17.52
Polyketide	nucleus [GO:0005634]	17.52
Polyketide	TORC2 complex [GO:0031932]	17.52
Polyketide	lysosomal membrane [GO:0005765]	17.52
Polyketide	cytoplasm [GO:0005737]	17.52
Polyketide	phagocytic vesicle [GO:0045335]	17.52
Polyketide	nuclear chromosome [GO:0000228]	14.82
Polyketide	histone deacetylase complex [GO:0000118]	14.82
Polyketide	cytoplasm [GO:0005737]	14.82
Polyketide	nucleoplasm [GO:0005654]	14.82
Polyketide	nucleus [GO:0005634]	14.82
Polyketide	sarcoplasmic reticulum membrane [GO:0033017]	17.5
Polyketide	cytoplasmic side of membrane [GO:0098562]	17.5
Polyketide	cytosol [GO:0005829]	17.5
Polyketide	Z disc [GO:0030018]	17.5
Polyketide	sarcoplasmic reticulum [GO:0016529]	17.5
Polyketide	terminal cisterna [GO:0014802]	17.5
Polyketide	membrane [GO:0016020]	17.5
Polyketide	ryanodine receptor complex [GO:1990425]	17.5
Polyketide	cytoplasm [GO:0005737]	17.5
Polyketide	plasma membrane [GO:0005886]	19.42
Polyketide	efflux pump complex [GO:1990281]	19.65
Polyketide	outer membrane-bounded periplasmic space [GO:0030288]	19.65
Polyketide	periplasmic side of plasma membrane [GO:0098567]	19.65
Polyketide	plasma membrane [GO:0005886]	19.65
Polyketide	membrane [GO:0016020]	19.65
Polyketide	chromosome [GO:0005694]	20.21
Polyketide	cytoplasm [GO:0005737]	20.21
Polyketide	tertiary granule lumen [GO:1904724]	12.6
Polyketide	cytosol [GO:0005829]	12.6
Polyketide	ficolin-1-rich granule lumen [GO:1904813]	12.6
Polyketide	extracellular exosome [GO:0070062]	12.6
Polyketide	nucleoplasm [GO:0005654]	12.6
Polyketide	extracellular region [GO:0005576]	12.6
Polyketide	nucleus [GO:0005634]	12.6
Polyketide	extracellular region [GO:0005576]	10.54
Polyketide	extracellular exosome [GO:0070062]	10.54
Polyketide	azurophil granule lumen [GO:0035578]	10.54
Polyketide	extracellular space [GO:0005615]	10.54
Polyketide	cell body [GO:0044297]	22.6
Polyketide	actin filament [GO:0005884]	22.6
Polyketide	skeletal muscle myofibril [GO:0098723]	22.6
Polyketide	stress fiber [GO:0001725]	22.6
Polyketide	filamentous actin [GO:0031941]	22.6
Polyketide	actin filament bundle [GO:0032432]	22.6
Polyketide	lamellipodium [GO:0030027]	22.6
Polyketide	striated muscle thin filament [GO:0005865]	22.6
Polyketide	cytoplasm [GO:0005737]	22.6
Polyketide	filopodium [GO:0030175]	22.6
Polyketide	endoplasmic reticulum [GO:0005783]	12.24
Polyketide	endoplasmic reticulum membrane [GO:0005789]	12.24
Polyketide	Ire1 complex [GO:1990332]	12.24
Polyketide	nucleus [GO:0005634]	12.24
Polyketide	IRE1-TRAF2-ASK1 complex [GO:1990604]	12.24
Polyketide	extracellular region [GO:0005576]	10.38
Polyketide	extracellular exosome [GO:0070062]	10.38
Polyketide	azurophil granule lumen [GO:0035578]	10.38
Polyketide	extracellular space [GO:0005615]	10.38
Polyketide	extracellular space [GO:0005615]	11.08
Polyketide	azurophil granule lumen [GO:0035578]	11.08
Polyketide	extracellular region [GO:0005576]	11.08
Polyketide	extracellular exosome [GO:0070062]	11.08
Polyketide	mitochondrial proton-transporting ATP synthase complex [GO:0005753]	14.77
Polyketide	cytosol [GO:0005829]	14.77
Polyketide	mitochondrial proton-transporting ATP synthase complex, coupling factor F(o) [GO:0000276]	14.77
Polyketide	mitochondrion [GO:0005739]	14.77
Polyketide	mitochondrial intermembrane space [GO:0005758]	14.77
Polyketide	mitochondrial inner membrane [GO:0005743]	14.77
Polyketide	cytosol [GO:0005829]	17.31
Polyketide	Z disc [GO:0030018]	17.31
Polyketide	calcineurin complex [GO:0005955]	17.31
Polyketide	dendritic spine [GO:0043197]	17.31
Polyketide	sarcolemma [GO:0042383]	17.31
Polyketide	cytoplasm [GO:0005737]	17.31
Polyketide	membrane [GO:0016020]	15.51
Polyketide	host cell nucleus [GO:0042025]	22.6
Polyketide	protein-containing complex [GO:0032991]	22.6
Polyketide	host cell plasma membrane [GO:0020002]	22.6
Polyketide	host cell lipid droplet [GO:0044186]	22.6
Polyketide	viral envelope [GO:0019031]	22.6
Polyketide	host cell endoplasmic reticulum membrane [GO:0044167]	22.6
Polyketide	host cell mitochondrial membrane [GO:0044191]	22.6
Polyketide	ribonucleoprotein complex [GO:1990904]	22.6
Polyketide	membrane [GO:0016020]	22.6
Polyketide	viral nucleocapsid [GO:0019013]	22.6
Polyketide	virion membrane [GO:0055036]	22.6
Polyketide	host cell perinuclear region of cytoplasm [GO:0044220]	22.6
Polyketide	periplasmic space [GO:0042597]	12.74
Polyketide	nuclear periphery [GO:0034399]	-1.0
Polyketide	main axon [GO:0044304]	-1.0
Polyketide	neurofibrillary tangle [GO:0097418]	-1.0
Polyketide	neuron projection [GO:0043005]	-1.0
Polyketide	somatodendritic compartment [GO:0036477]	-1.0
Polyketide	microtubule [GO:0005874]	-1.0
Polyketide	cytoplasm [GO:0005737]	-1.0
Polyketide	neuronal cell body [GO:0043025]	-1.0
Polyketide	cell body [GO:0044297]	-1.0
Polyketide	nuclear speck [GO:0016607]	-1.0
Polyketide	growth cone [GO:0030426]	-1.0
Polyketide	membrane raft [GO:0045121]	-1.0
Polyketide	dendrite [GO:0030425]	-1.0
Polyketide	tubulin complex [GO:0045298]	-1.0
Polyketide	microtubule cytoskeleton [GO:0015630]	-1.0
Polyketide	cytosol [GO:0005829]	-1.0
Polyketide	axolemma [GO:0030673]	-1.0
Polyketide	glial cell projection [GO:0097386]	-1.0
Polyketide	dendritic spine [GO:0043197]	-1.0
Polyketide	extracellular region [GO:0005576]	-1.0
Polyketide	cytoplasmic ribonucleoprotein granule [GO:0036464]	-1.0
Polyketide	nucleus [GO:0005634]	-1.0
Polyketide	axon cytoplasm [GO:1904115]	-1.0
Polyketide	plasma membrane [GO:0005886]	-1.0
Polyketide	mitochondrion [GO:0005739]	-1.0
Polyketide	axon [GO:0030424]	-1.0
Polyketide	collagen-containing extracellular matrix [GO:0062023]	6.26
Polyketide	secretory granule lumen [GO:0034774]	6.26
Polyketide	azurophil granule lumen [GO:0035578]	6.26
Polyketide	extracellular exosome [GO:0070062]	6.26
Polyketide	blood microparticle [GO:0072562]	6.26
Polyketide	platelet alpha granule lumen [GO:0031093]	6.26
Polyketide	extracellular region [GO:0005576]	6.26
Polyketide	extracellular space [GO:0005615]	6.26
Polyketide	nucleus [GO:0005634]	6.26
Polyketide	nucleoplasm [GO:0005654]	17.53
Polyketide	mitochondrial respiratory chain complex I [GO:0005747]	17.53
Polyketide	extracellular region [GO:0005576]	19.49
Polyketide	extracellular region [GO:0005576]	13.52
Polyketide	extracellular exosome [GO:0070062]	13.52
Polyketide	azurophil granule lumen [GO:0035578]	13.52
Polyketide	extracellular space [GO:0005615]	13.52
Polyketide	peroxisomal matrix [GO:0005782]	23.57
Polyketide	peroxisome [GO:0005777]	23.57
Polyketide	cytosol [GO:0005829]	23.57
Polyketide	extracellular exosome [GO:0070062]	23.57
Polyketide	nucleus [GO:0005634]	13.52
Polyketide	nucleolus [GO:0005730]	13.52
Polyketide	dendrite [GO:0030425]	20.46
Polyketide	PML body [GO:0016605]	20.46
Polyketide	nuclear envelope [GO:0005635]	20.46
Polyketide	lysosome [GO:0005764]	20.46
Polyketide	endomembrane system [GO:0012505]	20.46
Polyketide	mitochondrial outer membrane [GO:0005741]	20.46
Polyketide	cytosol [GO:0005829]	20.46
Polyketide	Golgi membrane [GO:0000139]	20.46
Polyketide	nucleoplasm [GO:0005654]	20.46
Polyketide	endoplasmic reticulum membrane [GO:0005789]	20.46
Polyketide	membrane [GO:0016020]	20.46
Polyketide	TORC1 complex [GO:0031931]	20.46
Polyketide	nucleus [GO:0005634]	20.46
Polyketide	TORC2 complex [GO:0031932]	20.46
Polyketide	lysosomal membrane [GO:0005765]	20.46
Polyketide	cytoplasm [GO:0005737]	20.46
Polyketide	phagocytic vesicle [GO:0045335]	20.46
Polyketide	extracellular space [GO:0005615]	12.75
Polyketide	azurophil granule lumen [GO:0035578]	12.75
Polyketide	extracellular region [GO:0005576]	12.75
Polyketide	extracellular exosome [GO:0070062]	12.75
Polyketide	heterochromatin [GO:0000792]	13.65
Polyketide	perinuclear region of cytoplasm [GO:0048471]	13.65
Polyketide	dense fibrillar component [GO:0001651]	13.65
Polyketide	receptor complex [GO:0043235]	13.65
Polyketide	euchromatin [GO:0000791]	13.65
Polyketide	nuclear matrix [GO:0016363]	13.65
Polyketide	RNA polymerase II transcription regulator complex [GO:0090575]	13.65
Polyketide	T-tubule [GO:0030315]	13.65
Polyketide	nucleus [GO:0005634]	13.65
Polyketide	node of Ranvier [GO:0033268]	15.14
Polyketide	synapse [GO:0045202]	15.14
Polyketide	plasma membrane [GO:0005886]	15.14
Polyketide	axon initial segment [GO:0043194]	15.14
Polyketide	voltage-gated potassium channel complex [GO:0008076]	15.14
Polyketide	endoplasmic reticulum lumen [GO:0005788]	20.66
Polyketide	endosome [GO:0005768]	20.66
Polyketide	Golgi-associated vesicle lumen [GO:0070931]	20.66
Polyketide	cell surface [GO:0009986]	20.66
Polyketide	neuronal cell body [GO:0043025]	20.66
Polyketide	recycling endosome [GO:0055037]	20.66
Polyketide	trans-Golgi network [GO:0005802]	20.66
Polyketide	endosome membrane [GO:0010008]	20.66
Polyketide	synaptic vesicle [GO:0008021]	20.66
Polyketide	lysosome [GO:0005764]	20.66
Polyketide	membrane raft [GO:0045121]	20.66
Polyketide	Golgi apparatus [GO:0005794]	20.66
Polyketide	dendrite [GO:0030425]	20.66
Polyketide	early endosome [GO:0005769]	20.66
Polyketide	membrane [GO:0016020]	20.66
Polyketide	multivesicular body [GO:0005771]	20.66
Polyketide	plasma membrane [GO:0005886]	20.66
Polyketide	hippocampal mossy fiber to CA3 synapse [GO:0098686]	20.66
Polyketide	axon [GO:0030424]	20.66
Polyketide	late endosome [GO:0005770]	20.66
Polyketide	node of Ranvier [GO:0033268]	12.13
Polyketide	synapse [GO:0045202]	12.13
Polyketide	plasma membrane [GO:0005886]	12.13
Polyketide	axon initial segment [GO:0043194]	12.13
Polyketide	voltage-gated potassium channel complex [GO:0008076]	12.13
Polyketide	dendritic shaft [GO:0043198]	13.89
Polyketide	neuron projection [GO:0043005]	13.89
Polyketide	postsynaptic density [GO:0014069]	13.89
Polyketide	somatodendritic compartment [GO:0036477]	13.89
Polyketide	dendrite membrane [GO:0032590]	13.89
Polyketide	endoplasmic reticulum membrane [GO:0005789]	13.89
Polyketide	cell surface [GO:0009986]	13.89
Polyketide	presynaptic active zone membrane [GO:0048787]	13.89
Polyketide	neuronal cell body [GO:0043025]	13.89
Polyketide	dendrite cytoplasm [GO:0032839]	13.89
Polyketide	spine synapse [GO:0106033]	13.89
Polyketide	synaptic vesicle [GO:0008021]	13.89
Polyketide	Schaffer collateral - CA1 synapse [GO:0098685]	13.89
Polyketide	presynapse [GO:0098793]	13.89
Polyketide	growth cone [GO:0030426]	13.89
Polyketide	perikaryon [GO:0043204]	13.89
Polyketide	AMPA glutamate receptor complex [GO:0032281]	13.89
Polyketide	asymmetric synapse [GO:0032279]	13.89
Polyketide	dendrite [GO:0030425]	13.89
Polyketide	protein-containing complex [GO:0032991]	13.89
Polyketide	ionotropic glutamate receptor complex [GO:0008328]	13.89
Polyketide	dendritic spine head [GO:0044327]	13.89
Polyketide	dendritic spine neck [GO:0044326]	13.89
Polyketide	glutamatergic synapse [GO:0098978]	13.89
Polyketide	membrane [GO:0016020]	13.89
Polyketide	dendritic spine [GO:0043197]	13.89
Polyketide	perisynaptic space [GO:0099544]	13.89
Polyketide	endoplasmic reticulum [GO:0005783]	13.89
Polyketide	plasma membrane [GO:0005886]	13.89
Polyketide	postsynaptic membrane [GO:0045211]	13.89
Polyketide	synapse [GO:0045202]	13.89
Polyketide	terminal bouton [GO:0043195]	13.89
Polyketide	presynaptic membrane [GO:0042734]	13.89
Polyketide	postsynaptic density membrane [GO:0098839]	13.89
Polyketide	synaptic vesicle membrane [GO:0030672]	13.89
Polyketide	axon [GO:0030424]	13.89
Polyketide	synaptic membrane [GO:0097060]	13.89
Polyketide	node of Ranvier [GO:0033268]	14.24
Polyketide	synapse [GO:0045202]	14.24
Polyketide	plasma membrane [GO:0005886]	14.24
Polyketide	axon initial segment [GO:0043194]	14.24
Polyketide	voltage-gated potassium channel complex [GO:0008076]	14.24
Polyketide	microtubule [GO:0005874]	6.6
Polyketide	cytoplasm [GO:0005737]	6.6
Polyketide	microtubule cytoskeleton [GO:0015630]	6.6
Polyketide	node of Ranvier [GO:0033268]	13.32
Polyketide	synapse [GO:0045202]	13.32
Polyketide	plasma membrane [GO:0005886]	13.32
Polyketide	axon initial segment [GO:0043194]	13.32
Polyketide	voltage-gated potassium channel complex [GO:0008076]	13.32
Polyketide	mitochondrial proton-transporting ATP synthase complex [GO:0005753]	14.77
Polyketide	cytosol [GO:0005829]	14.77
Polyketide	mitochondrial proton-transporting ATP synthase complex, coupling factor F(o) [GO:0000276]	14.77
Polyketide	mitochondrion [GO:0005739]	14.77
Polyketide	mitochondrial intermembrane space [GO:0005758]	14.77
Polyketide	mitochondrial inner membrane [GO:0005743]	14.77
Polyketide	myelin sheath [GO:0043209]	11.43
Polyketide	cytosol [GO:0005829]	11.43
Polyketide	apical part of cell [GO:0045177]	11.43
Polyketide	extracellular exosome [GO:0070062]	11.43
Polyketide	plasma membrane [GO:0005886]	11.43
Polyketide	cytoplasm [GO:0005737]	11.43
Polyketide	microtubule [GO:0005874]	18.34
Polyketide	cytoplasm [GO:0005737]	18.34
Polyketide	microtubule cytoskeleton [GO:0015630]	18.34
Polyketide	postsynaptic density [GO:0014069]	15.26
Polyketide	glutamatergic synapse [GO:0098978]	15.26
Polyketide	plasma membrane [GO:0005886]	15.26
Polyketide	DAPK1-calmodulin complex [GO:1990722]	15.26
Polyketide	actin cytoskeleton [GO:0015629]	15.26
Polyketide	nucleus [GO:0005634]	15.26
Polyketide	cytoplasm [GO:0005737]	15.26
Polyketide	chromosome [GO:0005694]	18.92
Polyketide	cytoplasm [GO:0005737]	18.92
Polyketide	cell body [GO:0044297]	13.74
Polyketide	actin filament [GO:0005884]	13.74
Polyketide	skeletal muscle myofibril [GO:0098723]	13.74
Polyketide	stress fiber [GO:0001725]	13.74
Polyketide	filamentous actin [GO:0031941]	13.74
Polyketide	actin filament bundle [GO:0032432]	13.74
Polyketide	lamellipodium [GO:0030027]	13.74
Polyketide	striated muscle thin filament [GO:0005865]	13.74
Polyketide	cytoplasm [GO:0005737]	13.74
Polyketide	filopodium [GO:0030175]	13.74
Polyketide	nuclear envelope [GO:0005635]	14.55
Polyketide	perinuclear region of cytoplasm [GO:0048471]	14.55
Polyketide	cytosol [GO:0005829]	14.55
Polyketide	pericentriolar material [GO:0000242]	14.55
Polyketide	Golgi membrane [GO:0000139]	14.55
Polyketide	chromosome, telomeric region [GO:0000781]	14.55
Polyketide	nucleus [GO:0005634]	14.55
Polyketide	cytoplasm [GO:0005737]	14.55
Polyketide	mitochondrial matrix [GO:0005759]	13.18
Polyketide	mitochondrion [GO:0005739]	13.18
Polyketide	extracellular exosome [GO:0070062]	13.18
Polyketide	DNA-directed RNA polymerase complex [GO:0000428]	19.85
Polyketide	nuclear envelope [GO:0005635]	15.09
Polyketide	perinuclear region of cytoplasm [GO:0048471]	15.09
Polyketide	cytosol [GO:0005829]	15.09
Polyketide	pericentriolar material [GO:0000242]	15.09
Polyketide	Golgi membrane [GO:0000139]	15.09
Polyketide	chromosome, telomeric region [GO:0000781]	15.09
Polyketide	nucleus [GO:0005634]	15.09
Polyketide	cytoplasm [GO:0005737]	15.09
Polyketide	membrane [GO:0016020]	12.07
Polyketide	receptor complex [GO:0043235]	12.07
Polyketide	membrane [GO:0016020]	17.34
Polyketide	sarcoplasmic reticulum membrane [GO:0033017]	16.93
Polyketide	postsynaptic density [GO:0014069]	16.93
Polyketide	Z disc [GO:0030018]	16.93
Polyketide	T-tubule [GO:0030315]	16.93
Polyketide	secretory granule [GO:0030141]	16.93
Polyketide	sarcolemma [GO:0042383]	16.93
Polyketide	cytoplasm [GO:0005737]	16.93
Polyketide	calyx of Held [GO:0044305]	16.93
Polyketide	azurophil granule [GO:0042582]	16.93
Polyketide	nuclear membrane [GO:0031965]	16.93
Polyketide	membrane raft [GO:0045121]	16.93
Polyketide	postsynaptic specialization, intracellular component [GO:0099091]	16.93
Polyketide	postsynaptic density, intracellular component [GO:0099092]	16.93
Polyketide	dendrite [GO:0030425]	16.93
Polyketide	protein-containing complex [GO:0032991]	16.93
Polyketide	perinuclear region of cytoplasm [GO:0048471]	16.93
Polyketide	cytosol [GO:0005829]	16.93
Polyketide	sarcoplasmic reticulum [GO:0016529]	16.93
Polyketide	glutamatergic synapse [GO:0098978]	16.93
Polyketide	dendritic spine [GO:0043197]	16.93
Polyketide	cell periphery [GO:0071944]	16.93
Polyketide	nucleus [GO:0005634]	16.93
Polyketide	mitochondrial outer membrane [GO:0005741]	16.93
Polyketide	plasma membrane [GO:0005886]	16.93
Polyketide	synapse [GO:0045202]	16.93
Polyketide	mitochondrion [GO:0005739]	16.93
Polyketide	photoreceptor inner segment [GO:0001917]	16.93
Polyketide	cytoskeleton [GO:0005856]	16.93
Polyketide	nucleoplasm [GO:0005654]	11.86
Polyketide	cytosol [GO:0005829]	11.86
Polyketide	extracellular exosome [GO:0070062]	11.86
Polyketide	extracellular exosome [GO:0070062]	18.88
Polyketide	nucleus [GO:0005634]	18.88
Polyketide	cytoplasm [GO:0005737]	18.88
Polyketide	cytosol [GO:0005829]	18.88
Polyketide	nucleoplasm [GO:0005654]	15.49
Polyketide	nucleus [GO:0005634]	15.49
Polyketide	cytoplasm [GO:0005737]	15.49
Polyketide	nucleolus [GO:0005730]	15.49
Polyketide	nucleoid [GO:0009295]	11.21
Polyketide	protein-containing complex [GO:0032991]	15.12
Polyketide	endocytic vesicle membrane [GO:0030666]	15.12
Polyketide	cytosol [GO:0005829]	15.12
Polyketide	transcription repressor complex [GO:0017053]	15.12
Polyketide	nucleoplasm [GO:0005654]	15.12
Polyketide	plasma membrane [GO:0005886]	15.12
Polyketide	nucleus [GO:0005634]	15.12
Polyketide	cytoplasm [GO:0005737]	15.12
Polyketide	nucleolus [GO:0005730]	15.12
Polyketide	cell body [GO:0044297]	14.56
Polyketide	actin filament [GO:0005884]	14.56
Polyketide	skeletal muscle myofibril [GO:0098723]	14.56
Polyketide	stress fiber [GO:0001725]	14.56
Polyketide	filamentous actin [GO:0031941]	14.56
Polyketide	actin filament bundle [GO:0032432]	14.56
Polyketide	lamellipodium [GO:0030027]	14.56
Polyketide	striated muscle thin filament [GO:0005865]	14.56
Polyketide	cytoplasm [GO:0005737]	14.56
Polyketide	filopodium [GO:0030175]	14.56
Polyketide	cytoplasm [GO:0005737]	13.55
Polyketide	basal plasma membrane [GO:0009925]	13.62
Polyketide	centrosome [GO:0005813]	13.62
Polyketide	basolateral plasma membrane [GO:0016323]	13.62
Polyketide	apical plasma membrane [GO:0016324]	13.62
Polyketide	extracellular exosome [GO:0070062]	13.62
Polyketide	intracellular membrane-bounded organelle [GO:0043231]	13.62
Polyketide	plasma membrane [GO:0005886]	13.62
Polyketide	membrane [GO:0016020]	13.62
Polyketide	synapse [GO:0045202]	13.62
Polyketide	lateral plasma membrane [GO:0016328]	13.62
Polyketide	cell junction [GO:0030054]	13.62
Polyketide	chromosome [GO:0005694]	14.52
Polyketide	condensed nuclear chromosome [GO:0000794]	14.52
Polyketide	nucleus [GO:0005634]	14.52
Polyketide	nucleoplasm [GO:0005654]	14.52
Polyketide	endocytic vesicle [GO:0030139]	18.86
Polyketide	focal adhesion [GO:0005925]	18.86
Polyketide	intercellular canaliculus [GO:0046581]	18.86
Polyketide	apical plasma membrane [GO:0016324]	18.86
Polyketide	lamellipodium membrane [GO:0031258]	18.86
Polyketide	lamellipodium [GO:0030027]	18.86
Polyketide	extracellular exosome [GO:0070062]	18.86
Polyketide	plasma membrane [GO:0005886]	18.86
Polyketide	membrane [GO:0016020]	18.86
Polyketide	extracellular region [GO:0005576]	18.86
Polyketide	membrane raft [GO:0045121]	18.86
Polyketide	lysosomal membrane [GO:0005765]	18.86
Polyketide	cell surface [GO:0009986]	18.86
Polyketide	periplasmic space [GO:0042597]	11.05
Polyketide	vesicle [GO:0031982]	7.6
Polyketide	cytoplasm [GO:0005737]	7.6
Polyketide	secretory granule lumen [GO:0034774]	7.6
Polyketide	cytosol [GO:0005829]	7.6
Polyketide	ficolin-1-rich granule lumen [GO:1904813]	7.6
Polyketide	extracellular exosome [GO:0070062]	7.6
Polyketide	nucleoplasm [GO:0005654]	7.6
Polyketide	plasma membrane [GO:0005886]	7.6
Polyketide	extracellular region [GO:0005576]	7.6
Polyketide	extracellular space [GO:0005615]	7.6
Polyketide	cell surface [GO:0009986]	7.6
Polyketide	plasma membrane [GO:0005886]	21.01
Polyketide	cytosol [GO:0005829]	0.39
Polyketide	extracellular exosome [GO:0070062]	0.39
Polyketide	cellular anatomical entity [GO:0110165]	12.77
Polyketide	microtubule [GO:0005874]	17.56
Polyketide	cytoplasm [GO:0005737]	17.56
Polyketide	host cell endoplasmic reticulum-Golgi intermediate compartment [GO:0044172]	10.62
Polyketide	double membrane vesicle viral factory outer membrane [GO:0062243]	10.62
Polyketide	host cell perinuclear region of cytoplasm [GO:0044220]	10.62
Polyketide	host cell endosome [GO:0044174]	10.62
Polyketide	host cell nucleus [GO:0042025]	10.62
Polyketide	membrane [GO:0016020]	10.62
Polyketide	host cell endoplasmic reticulum membrane [GO:0044167]	10.62
Polyketide	host cell Golgi apparatus [GO:0044177]	10.62
Polyketide	nucleus [GO:0005634]	11.75
Polyketide	cytosol [GO:0005829]	11.75
Polyketide	protein kinase CK2 complex [GO:0005956]	11.75
Polyketide	protein-containing complex [GO:0032991]	12.75
Polyketide	endocytic vesicle membrane [GO:0030666]	12.75
Polyketide	cytosol [GO:0005829]	12.75
Polyketide	transcription repressor complex [GO:0017053]	12.75
Polyketide	nucleoplasm [GO:0005654]	12.75
Polyketide	plasma membrane [GO:0005886]	12.75
Polyketide	nucleus [GO:0005634]	12.75
Polyketide	cytoplasm [GO:0005737]	12.75
Polyketide	nucleolus [GO:0005730]	12.75
Polyketide	nucleoplasm [GO:0005654]	17.74
Polyketide	mitochondrial respiratory chain complex I [GO:0005747]	17.74
Polyketide	protein-containing complex [GO:0032991]	14.29
Polyketide	cytosol [GO:0005829]	14.29
Polyketide	nucleoplasm [GO:0005654]	14.29
Polyketide	membrane [GO:0016020]	14.29
Polyketide	plasma membrane [GO:0005886]	14.29
Polyketide	euchromatin [GO:0000791]	14.29
Polyketide	chromatin [GO:0000785]	14.29
Polyketide	transcription regulator complex [GO:0005667]	14.29
Polyketide	nucleus [GO:0005634]	14.29
Polyketide	cytoplasm [GO:0005737]	14.29
Polyketide	Golgi apparatus [GO:0005794]	14.29
Polyketide	extracellular space [GO:0005615]	9.69
Polyketide	azurophil granule lumen [GO:0035578]	9.69
Polyketide	extracellular region [GO:0005576]	9.69
Polyketide	extracellular exosome [GO:0070062]	9.69
Polyketide	nuclear envelope [GO:0005635]	15.01
Polyketide	perinuclear region of cytoplasm [GO:0048471]	15.01
Polyketide	cytosol [GO:0005829]	15.01
Polyketide	pericentriolar material [GO:0000242]	15.01
Polyketide	Golgi membrane [GO:0000139]	15.01
Polyketide	chromosome, telomeric region [GO:0000781]	15.01
Polyketide	nucleus [GO:0005634]	15.01
Polyketide	cytoplasm [GO:0005737]	15.01
Polyketide	chloride channel complex [GO:0034707]	15.81
Polyketide	postsynaptic membrane [GO:0045211]	15.81
Polyketide	perikaryon [GO:0043204]	15.81
Polyketide	membrane [GO:0016020]	15.81
Polyketide	plasma membrane [GO:0005886]	15.81
Polyketide	dendrite [GO:0030425]	15.81
Polyketide	neuron projection [GO:0043005]	15.81
Polyketide	synapse [GO:0045202]	15.81
Polyketide	extracellular space [GO:0005615]	11.63
Polyketide	azurophil granule lumen [GO:0035578]	11.63
Polyketide	extracellular region [GO:0005576]	11.63
Polyketide	extracellular exosome [GO:0070062]	11.63
Polyketide	lysosomal lumen [GO:0043202]	2.77
Polyketide	basolateral plasma membrane [GO:0016323]	2.77
Polyketide	secretory granule lumen [GO:0034774]	2.77
Polyketide	extracellular exosome [GO:0070062]	2.77
Polyketide	nucleoplasm [GO:0005654]	2.77
Polyketide	brush border membrane [GO:0031526]	2.77
Polyketide	cytoplasm [GO:0005737]	2.77
Polyketide	cell surface [GO:0009986]	2.77
Polyketide	neuronal cell body [GO:0043025]	2.77
Polyketide	endocytic vesicle lumen [GO:0071682]	2.77
Polyketide	melanosome [GO:0042470]	2.77
Polyketide	protein-containing complex [GO:0032991]	2.77
Polyketide	axonal growth cone [GO:0044295]	2.77
Polyketide	perinuclear region of cytoplasm [GO:0048471]	2.77
Polyketide	cytosol [GO:0005829]	2.77
Polyketide	sperm mitochondrial sheath [GO:0097226]	2.77
Polyketide	membrane [GO:0016020]	2.77
Polyketide	extracellular region [GO:0005576]	2.77
Polyketide	nucleus [GO:0005634]	2.77
Polyketide	sperm plasma membrane [GO:0097524]	2.77
Polyketide	collagen-containing extracellular matrix [GO:0062023]	2.77
Polyketide	myelin sheath [GO:0043209]	2.77
Polyketide	apical plasma membrane [GO:0016324]	2.77
Polyketide	ficolin-1-rich granule lumen [GO:1904813]	2.77
Polyketide	dendritic growth cone [GO:0044294]	2.77
Polyketide	plasma membrane [GO:0005886]	2.77
Polyketide	mitochondrion [GO:0005739]	2.77
Polyketide	cytoplasm [GO:0005737]	9.53
Polyketide	cytosol [GO:0005829]	15.17
Polyketide	nucleoplasm [GO:0005654]	15.17
Polyketide	plasma membrane [GO:0005886]	15.17
Polyketide	nucleus [GO:0005634]	15.17
Polyketide	cytoplasm [GO:0005737]	15.17
Polyketide	nucleolus [GO:0005730]	15.17
Polyketide	protein kinase CK2 complex [GO:0005956]	12.71
Polyketide	cytosol [GO:0005829]	12.71
Polyketide	nucleoplasm [GO:0005654]	12.71
Polyketide	chromatin [GO:0000785]	12.71
Polyketide	nucleus [GO:0005634]	12.71
Polyketide	acrosomal vesicle [GO:0001669]	12.71
Polyketide	cytosol [GO:0005829]	18.59
Polyketide	cytosolic DNA-directed RNA polymerase complex [GO:0000345]	18.59
Polyketide	membrane [GO:0016020]	18.59
Polyketide	cytoplasm [GO:0005737]	18.59
Polyketide	transcription elongation factor complex [GO:0008023]	18.59
Polyketide	periplasmic space [GO:0042597]	13.03
Polyketide	dendrite [GO:0030425]	16.74
Polyketide	PML body [GO:0016605]	16.74
Polyketide	nuclear envelope [GO:0005635]	16.74
Polyketide	lysosome [GO:0005764]	16.74
Polyketide	endomembrane system [GO:0012505]	16.74
Polyketide	mitochondrial outer membrane [GO:0005741]	16.74
Polyketide	cytosol [GO:0005829]	16.74
Polyketide	Golgi membrane [GO:0000139]	16.74
Polyketide	nucleoplasm [GO:0005654]	16.74
Polyketide	endoplasmic reticulum membrane [GO:0005789]	16.74
Polyketide	membrane [GO:0016020]	16.74
Polyketide	TORC1 complex [GO:0031931]	16.74
Polyketide	nucleus [GO:0005634]	16.74
Polyketide	TORC2 complex [GO:0031932]	16.74
Polyketide	lysosomal membrane [GO:0005765]	16.74
Polyketide	cytoplasm [GO:0005737]	16.74
Polyketide	phagocytic vesicle [GO:0045335]	16.74
Polyketide	node of Ranvier [GO:0033268]	10.31
Polyketide	synapse [GO:0045202]	10.31
Polyketide	plasma membrane [GO:0005886]	10.31
Polyketide	axon initial segment [GO:0043194]	10.31
Polyketide	voltage-gated potassium channel complex [GO:0008076]	10.31
Polyketide	plasma membrane [GO:0005886]	15.25
Polyketide	collagen-containing extracellular matrix [GO:0062023]	13.83
Polyketide	secretory granule lumen [GO:0034774]	13.83
Polyketide	azurophil granule lumen [GO:0035578]	13.83
Polyketide	extracellular exosome [GO:0070062]	13.83
Polyketide	blood microparticle [GO:0072562]	13.83
Polyketide	platelet alpha granule lumen [GO:0031093]	13.83
Polyketide	extracellular region [GO:0005576]	13.83
Polyketide	extracellular space [GO:0005615]	13.83
Polyketide	nucleus [GO:0005634]	13.83
Polyketide	postsynaptic density [GO:0014069]	12.05
Polyketide	glutamatergic synapse [GO:0098978]	12.05
Polyketide	plasma membrane [GO:0005886]	12.05
Polyketide	DAPK1-calmodulin complex [GO:1990722]	12.05
Polyketide	actin cytoskeleton [GO:0015629]	12.05
Polyketide	nucleus [GO:0005634]	12.05
Polyketide	cytoplasm [GO:0005737]	12.05
Polyketide	endosome [GO:0005768]	11.6
Polyketide	cyclin E2-CDK2 complex [GO:0097135]	11.6
Polyketide	cyclin E1-CDK2 complex [GO:0097134]	11.6
Polyketide	Cajal body [GO:0015030]	11.6
Polyketide	nucleoplasm [GO:0005654]	11.6
Polyketide	male germ cell nucleus [GO:0001673]	11.6
Polyketide	cytoplasm [GO:0005737]	11.6
Polyketide	centrosome [GO:0005813]	11.6
Polyketide	condensed chromosome [GO:0000793]	11.6
Polyketide	cyclin A1-CDK2 complex [GO:0097123]	11.6
Polyketide	cyclin A2-CDK2 complex [GO:0097124]	11.6
Polyketide	cytosol [GO:0005829]	11.6
Polyketide	X chromosome [GO:0000805]	11.6
Polyketide	chromosome, telomeric region [GO:0000781]	11.6
Polyketide	nucleus [GO:0005634]	11.6
Polyketide	Y chromosome [GO:0000806]	11.6
Polyketide	nuclear envelope [GO:0005635]	11.6
Polyketide	cyclin-dependent protein kinase holoenzyme complex [GO:0000307]	11.6
Polyketide	transcription regulator complex [GO:0005667]	11.6
Polyketide	chloroplast stroma [GO:0009570]	14.63
Polyketide	endoplasmic reticulum [GO:0005783]	14.63
Polyketide	chloroplast [GO:0009507]	14.63
Polyketide	cytosol [GO:0005829]	14.63
Polyketide	intracellular membrane-bounded organelle [GO:0043231]	14.63
Polyketide	plasma membrane [GO:0005886]	14.63
Polyketide	apoplast [GO:0048046]	14.63
Polyketide	plasmodesma [GO:0009506]	14.63
Polyketide	plant-type vacuole [GO:0000325]	14.63
Polyketide	cytoplasm [GO:0005737]	15.38
Polyketide	chloroplast stroma [GO:0009570]	14.97
Polyketide	endoplasmic reticulum [GO:0005783]	14.97
Polyketide	chloroplast [GO:0009507]	14.97
Polyketide	cytosol [GO:0005829]	14.97
Polyketide	intracellular membrane-bounded organelle [GO:0043231]	14.97
Polyketide	plasma membrane [GO:0005886]	14.97
Polyketide	apoplast [GO:0048046]	14.97
Polyketide	plasmodesma [GO:0009506]	14.97
Polyketide	plant-type vacuole [GO:0000325]	14.97
Polyketide	T-tubule [GO:0030315]	15.4
Polyketide	external side of plasma membrane [GO:0009897]	15.4
Polyketide	clathrin-coated pit [GO:0005905]	15.4
Polyketide	membrane [GO:0016020]	15.4
Polyketide	extracellular exosome [GO:0070062]	15.4
Polyketide	cytosol [GO:0005829]	15.4
Polyketide	sarcolemma [GO:0042383]	15.4
Polyketide	vesicle membrane [GO:0012506]	15.4
Polyketide	trans-Golgi network [GO:0005802]	15.4
Polyketide	perinuclear region of cytoplasm [GO:0048471]	15.4
Polyketide	sarcoplasmic reticulum [GO:0016529]	15.4
Polyketide	insulin-responsive compartment [GO:0032593]	15.4
Polyketide	endomembrane system [GO:0012505]	15.4
Polyketide	clathrin-coated vesicle [GO:0030136]	15.4
Polyketide	plasma membrane [GO:0005886]	15.4
Polyketide	membrane raft [GO:0045121]	15.4
Polyketide	presynapse [GO:0098793]	15.4
Polyketide	multivesicular body [GO:0005771]	15.4
Polyketide	cytoplasmic vesicle membrane [GO:0030659]	15.4
Polyketide	trans-Golgi network transport vesicle [GO:0030140]	15.4
Polyketide	protein-containing complex [GO:0032991]	12.6
Polyketide	cytosol [GO:0005829]	12.6
Polyketide	nucleoplasm [GO:0005654]	12.6
Polyketide	membrane [GO:0016020]	12.6
Polyketide	plasma membrane [GO:0005886]	12.6
Polyketide	euchromatin [GO:0000791]	12.6
Polyketide	chromatin [GO:0000785]	12.6
Polyketide	transcription regulator complex [GO:0005667]	12.6
Polyketide	nucleus [GO:0005634]	12.6
Polyketide	cytoplasm [GO:0005737]	12.6
Polyketide	Golgi apparatus [GO:0005794]	12.6
Polyketide	cytoplasm [GO:0005737]	15.44
Polyketide	plasma membrane [GO:0005886]	14.69
Polyketide	proton-transporting ATP synthase complex, coupling factor F(o) [GO:0045263]	14.69
Polyketide	maltose transport complex [GO:1990060]	-1.0
Polyketide	outer membrane-bounded periplasmic space [GO:0030288]	-1.0
Polyketide	cytoplasm [GO:0005737]	-1.0
Polyketide	sarcoplasmic reticulum membrane [GO:0033017]	-1.0
Polyketide	cytoplasmic side of membrane [GO:0098562]	-1.0
Polyketide	cytosol [GO:0005829]	-1.0
Polyketide	Z disc [GO:0030018]	-1.0
Polyketide	sarcoplasmic reticulum [GO:0016529]	-1.0
Polyketide	terminal cisterna [GO:0014802]	-1.0
Polyketide	membrane [GO:0016020]	-1.0
Polyketide	ATP-binding cassette (ABC) transporter complex [GO:0043190]	-1.0
Polyketide	ryanodine receptor complex [GO:1990425]	-1.0
Polyketide	periplasmic space [GO:0042597]	-1.0
Polyketide	ATP-binding cassette (ABC) transporter complex, substrate-binding subunit-containing [GO:0055052]	-1.0
Polyketide	node of Ranvier [GO:0033268]	10.95
Polyketide	synapse [GO:0045202]	10.95
Polyketide	plasma membrane [GO:0005886]	10.95
Polyketide	axon initial segment [GO:0043194]	10.95
Polyketide	voltage-gated potassium channel complex [GO:0008076]	10.95
Polyketide	membrane [GO:0016020]	-1.0
Polyketide	endoplasmic reticulum [GO:0005783]	-1.0
Polyketide	endoplasmic reticulum membrane [GO:0005789]	-1.0
Polyketide	melanosome [GO:0042470]	14.18
Polyketide	perinuclear region of cytoplasm [GO:0048471]	14.18
Polyketide	sarcoplasmic reticulum lumen [GO:0033018]	14.18
Polyketide	endoplasmic reticulum [GO:0005783]	14.18
Polyketide	nuclear envelope [GO:0005635]	15.52
Polyketide	perinuclear region of cytoplasm [GO:0048471]	15.52
Polyketide	cytosol [GO:0005829]	15.52
Polyketide	pericentriolar material [GO:0000242]	15.52
Polyketide	Golgi membrane [GO:0000139]	15.52
Polyketide	chromosome, telomeric region [GO:0000781]	15.52
Polyketide	nucleus [GO:0005634]	15.52
Polyketide	cytoplasm [GO:0005737]	15.52
Polyketide	viral envelope [GO:0019031]	18.65
Polyketide	host cell plasma membrane [GO:0020002]	18.65
Polyketide	host cell lipid droplet [GO:0044186]	18.65
Polyketide	cytoplasm [GO:0005737]	18.65
Polyketide	host cell endoplasmic reticulum membrane [GO:0044167]	18.65
Polyketide	host cell mitochondrial membrane [GO:0044191]	18.65
Polyketide	ribonucleoprotein complex [GO:1990904]	18.65
Polyketide	lipid droplet [GO:0005811]	18.65
Polyketide	plasma membrane [GO:0005886]	18.65
Polyketide	viral nucleocapsid [GO:0019013]	18.65
Polyketide	virion membrane [GO:0055036]	18.65
Polyketide	host cell perinuclear region of cytoplasm [GO:0044220]	18.65
Polyketide	protein-containing complex [GO:0032991]	14.2
Polyketide	endocytic vesicle membrane [GO:0030666]	14.2
Polyketide	cytosol [GO:0005829]	14.2
Polyketide	transcription repressor complex [GO:0017053]	14.2
Polyketide	nucleoplasm [GO:0005654]	14.2
Polyketide	plasma membrane [GO:0005886]	14.2
Polyketide	nucleus [GO:0005634]	14.2
Polyketide	cytoplasm [GO:0005737]	14.2
Polyketide	nucleolus [GO:0005730]	14.2
Polyketide	perinuclear region of cytoplasm [GO:0048471]	17.46
Polyketide	Golgi membrane [GO:0000139]	17.46
Polyketide	endoplasmic reticulum membrane [GO:0005789]	17.46
Polyketide	membrane [GO:0016020]	17.46
Polyketide	extracellular region [GO:0005576]	17.46
Polyketide	Golgi stack [GO:0005795]	17.46
Polyketide	Golgi cisterna membrane [GO:0032580]	17.46
Polyketide	Golgi apparatus [GO:0005794]	17.46
Polyketide	proton-transporting V-type ATPase complex [GO:0033176]	13.01
Polyketide	vacuolar proton-transporting V-type ATPase, V0 domain [GO:0000220]	13.01
Polyketide	Golgi membrane [GO:0000139]	13.01
Polyketide	membrane [GO:0016020]	13.01
Polyketide	vacuolar proton-transporting V-type ATPase complex [GO:0016471]	13.01
Polyketide	fungal-type vacuole membrane [GO:0000329]	13.01
Polyketide	fungal biofilm matrix [GO:0062040]	3.12
Polyketide	cytoplasm [GO:0005737]	3.12
Polyketide	extracellular region [GO:0005576]	3.12
Polyketide	nucleus [GO:0005634]	22.99
Polyketide	microtubule [GO:0005874]	14.7
Polyketide	cytoplasm [GO:0005737]	14.7
Polyketide	microtubule cytoskeleton [GO:0015630]	14.7
Polyketide	nucleus [GO:0005634]	16.11
Polyketide	cytoplasm [GO:0005737]	16.11
Polyketide	dendrite [GO:0030425]	20.54
Polyketide	perinuclear region of cytoplasm [GO:0048471]	20.54
Polyketide	apical plasma membrane [GO:0016324]	20.54
Polyketide	cytosol [GO:0005829]	20.54
Polyketide	cilium [GO:0005929]	20.54
Polyketide	mitochondrion [GO:0005739]	20.54
Polyketide	astrocyte end-foot [GO:0097450]	20.54
Polyketide	extracellular region [GO:0005576]	20.54
Polyketide	basal part of cell [GO:0045178]	20.54
Polyketide	cytoskeleton [GO:0005856]	20.54
Polyketide	nucleus [GO:0005634]	20.54
Polyketide	cytoplasm [GO:0005737]	20.54
Polyketide	central region of growth cone [GO:0090724]	20.54
Polyketide	neuronal cell body [GO:0043025]	20.54
Polyketide	cell body [GO:0044297]	14.38
Polyketide	actin filament [GO:0005884]	14.38
Polyketide	skeletal muscle myofibril [GO:0098723]	14.38
Polyketide	stress fiber [GO:0001725]	14.38
Polyketide	filamentous actin [GO:0031941]	14.38
Polyketide	actin filament bundle [GO:0032432]	14.38
Polyketide	lamellipodium [GO:0030027]	14.38
Polyketide	striated muscle thin filament [GO:0005865]	14.38
Polyketide	cytoplasm [GO:0005737]	14.38
Polyketide	filopodium [GO:0030175]	14.38
Polyketide	protein-containing complex [GO:0032991]	9.53
Polyketide	cytosol [GO:0005829]	9.53
Polyketide	nucleoplasm [GO:0005654]	9.53
Polyketide	membrane [GO:0016020]	9.53
Polyketide	plasma membrane [GO:0005886]	9.53
Polyketide	euchromatin [GO:0000791]	9.53
Polyketide	chromatin [GO:0000785]	9.53
Polyketide	transcription regulator complex [GO:0005667]	9.53
Polyketide	nucleus [GO:0005634]	9.53
Polyketide	cytoplasm [GO:0005737]	9.53
Polyketide	Golgi apparatus [GO:0005794]	9.53
Polyketide	host cell nucleus [GO:0042025]	14.1
Polyketide	host cell cytoplasm [GO:0030430]	14.1
Polyketide	protein-containing complex [GO:0032991]	12.74
Polyketide	cytosol [GO:0005829]	12.74
Polyketide	nucleoplasm [GO:0005654]	12.74
Polyketide	membrane [GO:0016020]	12.74
Polyketide	plasma membrane [GO:0005886]	12.74
Polyketide	euchromatin [GO:0000791]	12.74
Polyketide	chromatin [GO:0000785]	12.74
Polyketide	transcription regulator complex [GO:0005667]	12.74
Polyketide	nucleus [GO:0005634]	12.74
Polyketide	cytoplasm [GO:0005737]	12.74
Polyketide	Golgi apparatus [GO:0005794]	12.74
Polyketide	nucleoplasm [GO:0005654]	22.69
Polyketide	receptor complex [GO:0043235]	22.69
Polyketide	euchromatin [GO:0000791]	22.69
Polyketide	chromatin [GO:0000785]	22.69
Polyketide	chromosome [GO:0005694]	17.19
Polyketide	cytoplasm [GO:0005737]	17.19
Polyketide	protein-containing complex [GO:0032991]	13.43
Polyketide	cytosol [GO:0005829]	13.43
Polyketide	nucleoplasm [GO:0005654]	13.43
Polyketide	membrane [GO:0016020]	13.43
Polyketide	plasma membrane [GO:0005886]	13.43
Polyketide	euchromatin [GO:0000791]	13.43
Polyketide	chromatin [GO:0000785]	13.43
Polyketide	transcription regulator complex [GO:0005667]	13.43
Polyketide	nucleus [GO:0005634]	13.43
Polyketide	cytoplasm [GO:0005737]	13.43
Polyketide	Golgi apparatus [GO:0005794]	13.43
Polyketide	plasma membrane [GO:0005886]	18.68
Polyketide	periplasmic side of plasma membrane [GO:0098567]	18.68
Polyketide	membrane [GO:0016020]	18.68
Polyketide	outer membrane-bounded periplasmic space [GO:0030288]	18.68
Polyketide	efflux pump complex [GO:1990281]	18.68
Polyketide	cytoplasm [GO:0005737]	13.18
Polyketide	cytoplasmic side of endoplasmic reticulum membrane [GO:0098554]	20.28
Polyketide	protein-containing complex [GO:0032991]	20.28
Polyketide	endoplasmic reticulum [GO:0005783]	20.28
Polyketide	sorting endosome [GO:0097443]	20.28
Polyketide	endosome lumen [GO:0031904]	20.28
Polyketide	early endosome [GO:0005769]	20.28
Polyketide	cytosol [GO:0005829]	20.28
Polyketide	mitochondrial crista [GO:0030061]	20.28
Polyketide	mitochondrial matrix [GO:0005759]	20.28
Polyketide	cytoplasm [GO:0005737]	20.28
Polyketide	intracellular membrane-bounded organelle [GO:0043231]	8.47
Polyketide	endoplasmic reticulum membrane [GO:0005789]	8.47
Polyketide	cytoplasm [GO:0005737]	8.47
Polyketide	cytoplasmic microtubule [GO:0005881]	8.47
Polyketide	nuclear chromosome [GO:0000228]	19.07
Polyketide	histone deacetylase complex [GO:0000118]	19.07
Polyketide	cytoplasm [GO:0005737]	19.07
Polyketide	nucleoplasm [GO:0005654]	19.07
Polyketide	nucleus [GO:0005634]	19.07
Polyketide	secretory granule membrane [GO:0030667]	25.09
Polyketide	clathrin-sculpted monoamine transport vesicle membrane [GO:0070083]	25.09
Polyketide	terminal bouton [GO:0043195]	25.09
Polyketide	synaptic vesicle membrane [GO:0030672]	25.09
Polyketide	presynapse [GO:0098793]	25.09
Polyketide	endoplasmic reticulum membrane [GO:0005789]	25.09
Polyketide	melanosome [GO:0042470]	10.08
Polyketide	axonal growth cone [GO:0044295]	10.08
Polyketide	cell body [GO:0044297]	10.08
Polyketide	endomembrane system [GO:0012505]	10.08
Polyketide	lamellipodium [GO:0030027]	10.08
Polyketide	growth cone membrane [GO:0032584]	10.08
Polyketide	plasma membrane [GO:0005886]	10.08
Polyketide	axon [GO:0030424]	10.08
Polyketide	cell surface [GO:0009986]	10.08
Polyketide	aggresome [GO:0016235]	6.61
Polyketide	cell projection [GO:0042995]	6.61
Polyketide	secretory granule membrane [GO:0030667]	6.61
Polyketide	ficolin-1-rich granule membrane [GO:0101003]	6.61
Polyketide	tertiary granule membrane [GO:0070821]	6.61
Polyketide	extracellular exosome [GO:0070062]	6.61
Polyketide	plasma membrane [GO:0005886]	6.61
Polyketide	membrane [GO:0016020]	6.61
Polyketide	specific granule membrane [GO:0035579]	6.61
Polyketide	perikaryon [GO:0043204]	6.61
Polyketide	collagen-containing extracellular matrix [GO:0062023]	17.61
Polyketide	cytoplasmic stress granule [GO:0010494]	17.61
Polyketide	lysosome [GO:0005764]	17.61
Polyketide	azurophil granule lumen [GO:0035578]	17.61
Polyketide	cytosol [GO:0005829]	17.61
Polyketide	extracellular exosome [GO:0070062]	17.61
Polyketide	intracellular membrane-bounded organelle [GO:0043231]	17.61
Polyketide	plasma membrane [GO:0005886]	17.61
Polyketide	membrane [GO:0016020]	17.61
Polyketide	extracellular region [GO:0005576]	17.61
Polyketide	extracellular space [GO:0005615]	17.61
Polyketide	secretory granule [GO:0030141]	17.61
Polyketide	nucleus [GO:0005634]	17.61
Polyketide	cytoplasm [GO:0005737]	17.61
Polyketide	cell body [GO:0044297]	14.21
Polyketide	actin filament [GO:0005884]	14.21
Polyketide	skeletal muscle myofibril [GO:0098723]	14.21
Polyketide	stress fiber [GO:0001725]	14.21
Polyketide	filamentous actin [GO:0031941]	14.21
Polyketide	actin filament bundle [GO:0032432]	14.21
Polyketide	lamellipodium [GO:0030027]	14.21
Polyketide	striated muscle thin filament [GO:0005865]	14.21
Polyketide	cytoplasm [GO:0005737]	14.21
Polyketide	filopodium [GO:0030175]	14.21
Polyketide	chloride channel complex [GO:0034707]	14.35
Polyketide	postsynaptic membrane [GO:0045211]	14.35
Polyketide	perikaryon [GO:0043204]	14.35
Polyketide	membrane [GO:0016020]	14.35
Polyketide	plasma membrane [GO:0005886]	14.35
Polyketide	dendrite [GO:0030425]	14.35
Polyketide	neuron projection [GO:0043005]	14.35
Polyketide	synapse [GO:0045202]	14.35
Polyketide	nuclear envelope [GO:0005635]	15.06
Polyketide	perinuclear region of cytoplasm [GO:0048471]	15.06
Polyketide	cytosol [GO:0005829]	15.06
Polyketide	pericentriolar material [GO:0000242]	15.06
Polyketide	Golgi membrane [GO:0000139]	15.06
Polyketide	chromosome, telomeric region [GO:0000781]	15.06
Polyketide	nucleus [GO:0005634]	15.06
Polyketide	cytoplasm [GO:0005737]	15.06
Polyketide	chromosome [GO:0005694]	7.36
Polyketide	cytoplasm [GO:0005737]	7.36
Polyketide	extracellular region [GO:0005576]	19.03
Polyketide	nuclear envelope [GO:0005635]	15.2
Polyketide	perinuclear region of cytoplasm [GO:0048471]	15.2
Polyketide	cytosol [GO:0005829]	15.2
Polyketide	pericentriolar material [GO:0000242]	15.2
Polyketide	Golgi membrane [GO:0000139]	15.2
Polyketide	chromosome, telomeric region [GO:0000781]	15.2
Polyketide	nucleus [GO:0005634]	15.2
Polyketide	cytoplasm [GO:0005737]	15.2
Polyketide	PML body [GO:0016605]	15.12
Polyketide	Sin3 complex [GO:0016580]	15.12
Polyketide	protein kinase CK2 complex [GO:0005956]	15.12
Polyketide	cytosol [GO:0005829]	15.12
Polyketide	nucleoplasm [GO:0005654]	15.12
Polyketide	plasma membrane [GO:0005886]	15.12
Polyketide	nucleus [GO:0005634]	15.12
Polyketide	RSC-type complex [GO:0016586]	7.53
Polyketide	kinetochore [GO:0000776]	7.53
Polyketide	SWI/SNF complex [GO:0016514]	7.53
Polyketide	nucleoplasm [GO:0005654]	7.53
Polyketide	nuclear matrix [GO:0016363]	7.53
Polyketide	chromatin [GO:0000785]	7.53
Polyketide	nuclear chromosome [GO:0000228]	7.53
Polyketide	nucleus [GO:0005634]	7.53
Polyketide	mitochondrial proton-transporting ATP synthase complex [GO:0005753]	13.61
Polyketide	cytosol [GO:0005829]	13.61
Polyketide	mitochondrial proton-transporting ATP synthase complex, coupling factor F(o) [GO:0000276]	13.61
Polyketide	mitochondrion [GO:0005739]	13.61
Polyketide	mitochondrial intermembrane space [GO:0005758]	13.61
Polyketide	mitochondrial inner membrane [GO:0005743]	13.61
Polyketide	protein-containing complex [GO:0032991]	16.9
Polyketide	cytosol [GO:0005829]	16.9
Polyketide	nucleoplasm [GO:0005654]	16.9
Polyketide	membrane [GO:0016020]	16.9
Polyketide	plasma membrane [GO:0005886]	16.9
Polyketide	euchromatin [GO:0000791]	16.9
Polyketide	chromatin [GO:0000785]	16.9
Polyketide	transcription regulator complex [GO:0005667]	16.9
Polyketide	nucleus [GO:0005634]	16.9
Polyketide	cytoplasm [GO:0005737]	16.9
Polyketide	Golgi apparatus [GO:0005794]	16.9
Polyketide	cytosol [GO:0005829]	17.48
Polyketide	cytosolic DNA-directed RNA polymerase complex [GO:0000345]	17.48
Polyketide	membrane [GO:0016020]	17.48
Polyketide	cytoplasm [GO:0005737]	17.48
Polyketide	transcription elongation factor complex [GO:0008023]	17.48
Polyketide	nucleoplasm [GO:0005654]	12.2
Polyketide	cytosol [GO:0005829]	12.2
Polyketide	extracellular exosome [GO:0070062]	12.2
Polyketide	nuclear chromosome [GO:0000228]	14.86
Polyketide	histone deacetylase complex [GO:0000118]	14.86
Polyketide	cytoplasm [GO:0005737]	14.86
Polyketide	nucleoplasm [GO:0005654]	14.86
Polyketide	nucleus [GO:0005634]	14.86
Polyketide	endoplasmic reticulum lumen [GO:0005788]	17.02
Polyketide	nucleoplasm [GO:0005654]	17.02
Polyketide	cytoplasm [GO:0005737]	17.02
Polyketide	microtubule organizing center [GO:0005815]	17.02
Polyketide	azurophil granule lumen [GO:0035578]	17.02
Polyketide	caveola [GO:0005901]	17.02
Polyketide	Golgi apparatus [GO:0005794]	17.02
Polyketide	focal adhesion [GO:0005925]	17.02
Polyketide	cytosol [GO:0005829]	17.02
Polyketide	early endosome [GO:0005769]	17.02
Polyketide	extracellular region [GO:0005576]	17.02
Polyketide	nucleus [GO:0005634]	17.02
Polyketide	pseudopodium [GO:0031143]	17.02
Polyketide	mitotic spindle [GO:0072686]	17.02
Polyketide	ficolin-1-rich granule lumen [GO:1904813]	17.02
Polyketide	plasma membrane [GO:0005886]	17.02
Polyketide	synapse [GO:0045202]	17.02
Polyketide	mitochondrion [GO:0005739]	17.02
Polyketide	cytoskeleton [GO:0005856]	17.02
Polyketide	late endosome [GO:0005770]	17.02
Polyketide	chromosome [GO:0005694]	16.51
Polyketide	condensed nuclear chromosome [GO:0000794]	16.51
Polyketide	nucleus [GO:0005634]	16.51
Polyketide	nucleoplasm [GO:0005654]	16.51
Polyketide	peroxisomal membrane [GO:0005778]	7.81
Polyketide	cytosol [GO:0005829]	7.81
Polyketide	peroxisomal matrix [GO:0005782]	7.81
Polyketide	peroxisome [GO:0005777]	7.81
Polyketide	cytoplasm [GO:0005737]	7.81
Polyketide	extracellular exosome [GO:0070062]	18.08
Polyketide	cytosol [GO:0005829]	18.08
Polyketide	cytoplasm [GO:0005737]	18.08
Polyketide	nucleus [GO:0005634]	18.08
Polyketide	plasma membrane [GO:0005886]	14.37
Polyketide	proton-transporting ATP synthase complex, coupling factor F(o) [GO:0045263]	14.37
Polyketide	cytosol [GO:0005829]	13.92
Polyketide	intracellular membrane-bounded organelle [GO:0043231]	13.92
Polyketide	nucleoplasm [GO:0005654]	13.92
Polyketide	receptor complex [GO:0043235]	13.92
Polyketide	RNA polymerase II transcription regulator complex [GO:0090575]	13.92
Polyketide	chromatin [GO:0000785]	13.92
Polyketide	nucleus [GO:0005634]	13.92
Polyketide	mitochondrial envelope [GO:0005740]	15.93
Polyketide	mitochondrial outer membrane [GO:0005741]	15.93
Polyketide	mitochondrion [GO:0005739]	15.93
Polyketide	protein-containing complex [GO:0032991]	15.26
Polyketide	cytosol [GO:0005829]	15.26
Polyketide	nucleoplasm [GO:0005654]	15.26
Polyketide	membrane [GO:0016020]	15.26
Polyketide	plasma membrane [GO:0005886]	15.26
Polyketide	euchromatin [GO:0000791]	15.26
Polyketide	chromatin [GO:0000785]	15.26
Polyketide	transcription regulator complex [GO:0005667]	15.26
Polyketide	nucleus [GO:0005634]	15.26
Polyketide	cytoplasm [GO:0005737]	15.26
Polyketide	Golgi apparatus [GO:0005794]	15.26
Polyketide	protein-containing complex [GO:0032991]	16.67
Polyketide	cytosol [GO:0005829]	16.67
Polyketide	nucleoplasm [GO:0005654]	16.67
Polyketide	membrane [GO:0016020]	16.67
Polyketide	plasma membrane [GO:0005886]	16.67
Polyketide	euchromatin [GO:0000791]	16.67
Polyketide	chromatin [GO:0000785]	16.67
Polyketide	transcription regulator complex [GO:0005667]	16.67
Polyketide	nucleus [GO:0005634]	16.67
Polyketide	cytoplasm [GO:0005737]	16.67
Polyketide	Golgi apparatus [GO:0005794]	16.67
Polyketide	efflux pump complex [GO:1990281]	18.76
Polyketide	outer membrane-bounded periplasmic space [GO:0030288]	18.76
Polyketide	periplasmic side of plasma membrane [GO:0098567]	18.76
Polyketide	plasma membrane [GO:0005886]	18.76
Polyketide	membrane [GO:0016020]	18.76
Polyketide	plasma membrane [GO:0005886]	9.64
Polyketide	cell division site [GO:0032153]	9.64
Polyketide	cytoplasm [GO:0005737]	9.64
Polyketide	nucleus [GO:0005634]	14.52
Polyketide	cytosol [GO:0005829]	14.52
Polyketide	methionine adenosyltransferase complex [GO:0048269]	14.52
Polyketide	extracellular exosome [GO:0070062]	14.52
Polyketide	plasma membrane [GO:0005886]	15.33
Polyketide	periplasmic side of plasma membrane [GO:0098567]	15.33
Polyketide	membrane [GO:0016020]	15.33
Polyketide	outer membrane-bounded periplasmic space [GO:0030288]	15.33
Polyketide	efflux pump complex [GO:1990281]	15.33
Polyketide	plasma membrane [GO:0005886]	15.78
Polyketide	side of membrane [GO:0098552]	15.78
Polyketide	synaptic cleft [GO:0043083]	15.78
Polyketide	synapse [GO:0045202]	15.78
Polyketide	endoplasmic reticulum membrane [GO:0005789]	12.58
Polyketide	protein-DNA complex [GO:0032993]	14.1
Polyketide	centrosome [GO:0005813]	16.71
Polyketide	cytosol [GO:0005829]	16.71
Polyketide	extracellular exosome [GO:0070062]	16.71
Polyketide	nucleoplasm [GO:0005654]	16.71
Polyketide	nucleus [GO:0005634]	16.71
Polyketide	cytoplasm [GO:0005737]	16.71
Polyketide	protein-DNA complex [GO:0032993]	14.63
Polyketide	protein-DNA complex [GO:0032993]	15.91
Polyketide	extracellular space [GO:0005615]	9.78
Polyketide	azurophil granule lumen [GO:0035578]	9.78
Polyketide	extracellular region [GO:0005576]	9.78
Polyketide	extracellular exosome [GO:0070062]	9.78
Polyketide	cytoplasm [GO:0005737]	12.95
Polyketide	dendrite [GO:0030425]	17.56
Polyketide	neuron projection [GO:0043005]	17.56
Polyketide	intracellular membrane-bounded organelle [GO:0043231]	17.56
Polyketide	plasma membrane [GO:0005886]	17.56
Polyketide	postsynaptic membrane [GO:0045211]	17.56
Polyketide	synapse [GO:0045202]	17.56
Polyketide	glycine-gated chloride channel complex [GO:0016935]	17.56
Polyketide	perikaryon [GO:0043204]	17.56
Polyketide	membrane [GO:0016020]	10.4
Polyketide	host cell plasma membrane [GO:0020002]	10.4
Polyketide	host cell cytoplasmic vesicle membrane [GO:0044162]	10.4
Polyketide	host cell filopodium [GO:0044176]	10.4
Polyketide	host cell nucleus [GO:0042025]	10.4
Polyketide	cytoplasm [GO:0005737]	15.43
Polyketide	RSC-type complex [GO:0016586]	8.24
Polyketide	kinetochore [GO:0000776]	8.24
Polyketide	SWI/SNF complex [GO:0016514]	8.24
Polyketide	nucleoplasm [GO:0005654]	8.24
Polyketide	nuclear matrix [GO:0016363]	8.24
Polyketide	chromatin [GO:0000785]	8.24
Polyketide	nuclear chromosome [GO:0000228]	8.24
Polyketide	nucleus [GO:0005634]	8.24
Polyketide	plasma membrane [GO:0005886]	9.42
Polyketide	proton-transporting ATP synthase complex, coupling factor F(o) [GO:0045263]	9.42
Polyketide	respirasome [GO:0070469]	8.6
Polyketide	mitochondrion [GO:0005739]	8.6
Polyketide	mitochondrial inner membrane [GO:0005743]	8.6
Polyketide	host cell nucleus [GO:0042025]	12.83
Polyketide	host cell plasma membrane [GO:0020002]	12.83
Polyketide	membrane [GO:0016020]	12.83
Polyketide	viral nucleocapsid [GO:0019013]	12.83
Polyketide	host multivesicular body [GO:0072494]	12.83
Polyketide	virion membrane [GO:0055036]	12.83
Polyketide	transcription repressor complex [GO:0017053]	17.04
Polyketide	nucleoplasm [GO:0005654]	17.04
Polyketide	nucleus [GO:0005634]	17.04
Polyketide	cortical cytoskeleton [GO:0030863]	16.47
Polyketide	basolateral plasma membrane [GO:0016323]	16.47
Polyketide	ankyrin-1 complex [GO:0170014]	16.47
Polyketide	Z disc [GO:0030018]	16.47
Polyketide	extracellular exosome [GO:0070062]	16.47
Polyketide	plasma membrane [GO:0005886]	16.47
Polyketide	membrane [GO:0016020]	16.47
Polyketide	blood microparticle [GO:0072562]	16.47
Polyketide	cytoplasmic side of plasma membrane [GO:0009898]	16.47
Polyketide	plasma membrane [GO:0005886]	7.15
Polyketide	calcium channel complex [GO:0034704]	7.15
Polyketide	extracellular space [GO:0005615]	12.55
Polyketide	azurophil granule lumen [GO:0035578]	12.55
Polyketide	extracellular region [GO:0005576]	12.55
Polyketide	extracellular exosome [GO:0070062]	12.55
Polyketide	vesicle [GO:0031982]	7.91
Polyketide	cytoplasm [GO:0005737]	7.91
Polyketide	secretory granule lumen [GO:0034774]	7.91
Polyketide	cytosol [GO:0005829]	7.91
Polyketide	ficolin-1-rich granule lumen [GO:1904813]	7.91
Polyketide	extracellular exosome [GO:0070062]	7.91
Polyketide	nucleoplasm [GO:0005654]	7.91
Polyketide	plasma membrane [GO:0005886]	7.91
Polyketide	extracellular region [GO:0005576]	7.91
Polyketide	extracellular space [GO:0005615]	7.91
Polyketide	cell surface [GO:0009986]	7.91
Polyketide	proton-transporting ATP synthase complex, catalytic core F(1) [GO:0045261]	9.87
Polyketide	plasma membrane [GO:0005886]	9.87
Polyketide	mitochondrial proton-transporting ATP synthase, catalytic core [GO:0005754]	9.87
Polyketide	mitochondrial proton-transporting ATP synthase complex [GO:0005753]	9.87
Polyketide	intracellular membrane-bounded organelle [GO:0043231]	9.09
Polyketide	nucleoplasm [GO:0005654]	9.09
Polyketide	mitochondrion [GO:0005739]	9.09
Polyketide	chromatin [GO:0000785]	9.09
Polyketide	nucleus [GO:0005634]	9.09
Polyketide	membrane [GO:0016020]	18.32
Polyketide	protein-containing complex [GO:0032991]	16.13
Polyketide	cytosol [GO:0005829]	16.13
Polyketide	nucleoplasm [GO:0005654]	16.13
Polyketide	membrane [GO:0016020]	16.13
Polyketide	plasma membrane [GO:0005886]	16.13
Polyketide	euchromatin [GO:0000791]	16.13
Polyketide	chromatin [GO:0000785]	16.13
Polyketide	transcription regulator complex [GO:0005667]	16.13
Polyketide	nucleus [GO:0005634]	16.13
Polyketide	cytoplasm [GO:0005737]	16.13
Polyketide	Golgi apparatus [GO:0005794]	16.13
Polyketide	cytosol [GO:0005829]	12.57
Polyketide	plasma membrane [GO:0005886]	12.57
Polyketide	peptidoglycan-based cell wall [GO:0009274]	12.57
Polyketide	pericentric heterochromatin [GO:0005721]	13.68
Polyketide	endoplasmic reticulum [GO:0005783]	13.68
Polyketide	intracellular membrane-bounded organelle [GO:0043231]	13.68
Polyketide	nucleoplasm [GO:0005654]	13.68
Polyketide	site of DNA damage [GO:0090734]	13.68
Polyketide	chromatin [GO:0000785]	13.68
Polyketide	nucleus [GO:0005634]	13.68
Polyketide	site of double-strand break [GO:0035861]	13.68
Polyketide	chromosome, subtelomeric region [GO:0099115]	13.68
Polyketide	nuclear envelope [GO:0005635]	13.72
Polyketide	perinuclear region of cytoplasm [GO:0048471]	13.72
Polyketide	cytosol [GO:0005829]	13.72
Polyketide	pericentriolar material [GO:0000242]	13.72
Polyketide	Golgi membrane [GO:0000139]	13.72
Polyketide	chromosome, telomeric region [GO:0000781]	13.72
Polyketide	nucleus [GO:0005634]	13.72
Polyketide	cytoplasm [GO:0005737]	13.72
Polyketide	host cell nucleus [GO:0042025]	2.6
Polyketide	host cell cytoplasm [GO:0030430]	2.6
Polyketide	cytoplasm [GO:0005737]	15.83
Polyketide	collagen-containing extracellular matrix [GO:0062023]	24.26
Polyketide	lysosomal lumen [GO:0043202]	24.26
Polyketide	lysosome [GO:0005764]	24.26
Polyketide	tertiary granule lumen [GO:1904724]	24.26
Polyketide	ficolin-1-rich granule lumen [GO:1904813]	24.26
Polyketide	endolysosome lumen [GO:0036021]	24.26
Polyketide	intracellular membrane-bounded organelle [GO:0043231]	24.26
Polyketide	extracellular region [GO:0005576]	24.26
Polyketide	extracellular space [GO:0005615]	24.26
Polyketide	late endosome [GO:0005770]	24.26
Polyketide	phagocytic vesicle [GO:0045335]	24.26
Polyketide	protein-containing complex [GO:0032991]	17.17
Polyketide	cytosol [GO:0005829]	17.17
Polyketide	nucleoplasm [GO:0005654]	17.17
Polyketide	membrane [GO:0016020]	17.17
Polyketide	plasma membrane [GO:0005886]	17.17
Polyketide	euchromatin [GO:0000791]	17.17
Polyketide	chromatin [GO:0000785]	17.17
Polyketide	transcription regulator complex [GO:0005667]	17.17
Polyketide	nucleus [GO:0005634]	17.17
Polyketide	cytoplasm [GO:0005737]	17.17
Polyketide	Golgi apparatus [GO:0005794]	17.17
Polyketide	aryl hydrocarbon receptor complex [GO:0034751]	12.01
Polyketide	cytosol [GO:0005829]	12.01
Polyketide	nucleus [GO:0005634]	12.01
Polyketide	histone deacetylase complex [GO:0000118]	7.61
Polyketide	nucleoplasm [GO:0005654]	7.61
Polyketide	nuclear chromosome [GO:0000228]	7.61
Polyketide	nucleus [GO:0005634]	7.61
Polyketide	cytoplasm [GO:0005737]	7.61
Polyketide	host cell nucleus [GO:0042025]	11.22
Polyketide	host cell endoplasmic reticulum membrane [GO:0044167]	11.22
Polyketide	host cell endoplasmic reticulum-Golgi intermediate compartment [GO:0044172]	11.22
Polyketide	host cell Golgi apparatus [GO:0044177]	11.22
Polyketide	host cell endosome [GO:0044174]	11.22
Polyketide	membrane [GO:0016020]	11.22
Polyketide	double membrane vesicle viral factory outer membrane [GO:0062243]	11.22
Polyketide	host cell perinuclear region of cytoplasm [GO:0044220]	11.22
Polyketide	nucleoplasm [GO:0005654]	18.66
Polyketide	mitochondrial respiratory chain complex I [GO:0005747]	18.66
Polyketide	melanosome [GO:0042470]	10.71
Polyketide	axonal growth cone [GO:0044295]	10.71
Polyketide	cell body [GO:0044297]	10.71
Polyketide	endomembrane system [GO:0012505]	10.71
Polyketide	lamellipodium [GO:0030027]	10.71
Polyketide	growth cone membrane [GO:0032584]	10.71
Polyketide	plasma membrane [GO:0005886]	10.71
Polyketide	axon [GO:0030424]	10.71
Polyketide	cell surface [GO:0009986]	10.71
Polyketide	ribosome [GO:0005840]	17.24
Polyketide	ribonucleoprotein complex [GO:1990904]	17.24
Polyketide	cell body [GO:0044297]	15.17
Polyketide	actin filament [GO:0005884]	15.17
Polyketide	skeletal muscle myofibril [GO:0098723]	15.17
Polyketide	stress fiber [GO:0001725]	15.17
Polyketide	filamentous actin [GO:0031941]	15.17
Polyketide	actin filament bundle [GO:0032432]	15.17
Polyketide	lamellipodium [GO:0030027]	15.17
Polyketide	striated muscle thin filament [GO:0005865]	15.17
Polyketide	cytoplasm [GO:0005737]	15.17
Polyketide	filopodium [GO:0030175]	15.17
Polyketide	histone deacetylase complex [GO:0000118]	15.5
Polyketide	cytoplasm [GO:0005737]	12.38
Polyketide	cytosol [GO:0005829]	12.38
Polyketide	cell body [GO:0044297]	16.03
Polyketide	actin filament [GO:0005884]	16.03
Polyketide	skeletal muscle myofibril [GO:0098723]	16.03
Polyketide	stress fiber [GO:0001725]	16.03
Polyketide	filamentous actin [GO:0031941]	16.03
Polyketide	actin filament bundle [GO:0032432]	16.03
Polyketide	lamellipodium [GO:0030027]	16.03
Polyketide	striated muscle thin filament [GO:0005865]	16.03
Polyketide	cytoplasm [GO:0005737]	16.03
Polyketide	filopodium [GO:0030175]	16.03
Polyketide	cytosol [GO:0005829]	13.45
Polyketide	nucleoplasm [GO:0005654]	13.45
Polyketide	synapse [GO:0045202]	13.45
Polyketide	cytoplasm [GO:0005737]	13.45
Polyketide	nucleolus [GO:0005730]	13.45
Polyketide	protein-containing complex [GO:0032991]	14.17
Polyketide	cytosol [GO:0005829]	14.17
Polyketide	nucleoplasm [GO:0005654]	14.17
Polyketide	membrane [GO:0016020]	14.17
Polyketide	plasma membrane [GO:0005886]	14.17
Polyketide	euchromatin [GO:0000791]	14.17
Polyketide	chromatin [GO:0000785]	14.17
Polyketide	transcription regulator complex [GO:0005667]	14.17
Polyketide	nucleus [GO:0005634]	14.17
Polyketide	cytoplasm [GO:0005737]	14.17
Polyketide	Golgi apparatus [GO:0005794]	14.17
Polyketide	protein-containing complex [GO:0032991]	13.65
Polyketide	cytosol [GO:0005829]	13.65
Polyketide	nucleoplasm [GO:0005654]	13.65
Polyketide	membrane [GO:0016020]	13.65
Polyketide	plasma membrane [GO:0005886]	13.65
Polyketide	euchromatin [GO:0000791]	13.65
Polyketide	chromatin [GO:0000785]	13.65
Polyketide	transcription regulator complex [GO:0005667]	13.65
Polyketide	nucleus [GO:0005634]	13.65
Polyketide	cytoplasm [GO:0005737]	13.65
Polyketide	Golgi apparatus [GO:0005794]	13.65
Polyketide	centrosome [GO:0005813]	16.32
Polyketide	cytosol [GO:0005829]	16.32
Polyketide	extracellular exosome [GO:0070062]	16.32
Polyketide	nucleoplasm [GO:0005654]	16.32
Polyketide	nucleus [GO:0005634]	16.32
Polyketide	cytoplasm [GO:0005737]	16.32
Polyketide	plasma membrane [GO:0005886]	2.56
Polyketide	node of Ranvier [GO:0033268]	10.21
Polyketide	synapse [GO:0045202]	10.21
Polyketide	plasma membrane [GO:0005886]	10.21
Polyketide	axon initial segment [GO:0043194]	10.21
Polyketide	voltage-gated potassium channel complex [GO:0008076]	10.21
Polyketide	periplasmic space [GO:0042597]	21.97
Polyketide	protein-DNA complex [GO:0032993]	15.03
Polyketide	epidermal lamellar body [GO:0097209]	10.24
Polyketide	extracellular region [GO:0005576]	10.24
Polyketide	extracellular space [GO:0005615]	10.24
Polyketide	secretory granule [GO:0030141]	10.24
Polyketide	cornified envelope [GO:0001533]	10.24
Polyketide	membrane [GO:0016020]	15.36
Polyketide	apical plasma membrane [GO:0016324]	15.36
Polyketide	plasma membrane [GO:0005886]	15.36
Polyketide	basolateral plasma membrane [GO:0016323]	15.36
Polyketide	cytosol [GO:0005829]	15.27
Polyketide	extracellular exosome [GO:0070062]	15.27
Polyketide	nucleoplasm [GO:0005654]	15.27
Polyketide	membrane [GO:0016020]	15.27
Polyketide	cytoplasm [GO:0005737]	15.27
Polyketide	extracellular space [GO:0005615]	9.99
Polyketide	azurophil granule lumen [GO:0035578]	9.99
Polyketide	extracellular region [GO:0005576]	9.99
Polyketide	extracellular exosome [GO:0070062]	9.99
Polyketide	chloride channel complex [GO:0034707]	14.09
Polyketide	postsynaptic membrane [GO:0045211]	14.09
Polyketide	perikaryon [GO:0043204]	14.09
Polyketide	membrane [GO:0016020]	14.09
Polyketide	plasma membrane [GO:0005886]	14.09
Polyketide	dendrite [GO:0030425]	14.09
Polyketide	neuron projection [GO:0043005]	14.09
Polyketide	synapse [GO:0045202]	14.09
Polyketide	nucleus [GO:0005634]	23.96
Polyketide	vacuolar proton-transporting V-type ATPase, V0 domain [GO:0000220]	9.96
Polyketide	synaptic vesicle membrane [GO:0030672]	9.96
Polyketide	clathrin-coated vesicle membrane [GO:0030665]	9.96
Polyketide	membrane [GO:0016020]	10.16
Polyketide	plasma membrane [GO:0005886]	5.36
Polyketide	proton-transporting ATP synthase complex, coupling factor F(o) [GO:0045263]	5.36
Polyketide	fungal biofilm matrix [GO:0062040]	18.78
Polyketide	cytoplasm [GO:0005737]	18.78
Polyketide	extracellular region [GO:0005576]	18.78
Polyketide	nucleus [GO:0005634]	16.03
Polyketide	cytoplasm [GO:0005737]	16.03
Polyketide	proton-transporting V-type ATPase complex [GO:0033176]	17.12
Polyketide	vacuolar proton-transporting V-type ATPase, V0 domain [GO:0000220]	17.12
Polyketide	Golgi membrane [GO:0000139]	17.12
Polyketide	fungal-type vacuole [GO:0000324]	17.12
Polyketide	membrane [GO:0016020]	17.12
Polyketide	cell periphery [GO:0071944]	17.12
Polyketide	vacuolar proton-transporting V-type ATPase complex [GO:0016471]	17.12
Polyketide	fungal-type vacuole membrane [GO:0000329]	17.12
Polyketide	plasma membrane [GO:0005886]	13.44
Polyketide	proton-transporting ATP synthase complex, coupling factor F(o) [GO:0045263]	13.44
Polyketide	nucleus [GO:0005634]	13.3
Polyketide	cytoplasm [GO:0005737]	13.3
Polyketide	cytosol [GO:0005829]	13.3
Polyketide	fungal biofilm matrix [GO:0062040]	7.53
Polyketide	cytoplasm [GO:0005737]	7.53
Polyketide	extracellular region [GO:0005576]	7.53
Polyketide	sigma factor antagonist complex [GO:1903865]	9.36
Polyketide	cytosol [GO:0005829]	9.36
Polyketide	cytosolic DNA-directed RNA polymerase complex [GO:0000345]	9.36
Polyketide	peptidoglycan-based cell wall [GO:0009274]	15.93
Polyketide	sarcoplasmic reticulum membrane [GO:0033017]	-1.0
Polyketide	postsynaptic density [GO:0014069]	-1.0
Polyketide	Z disc [GO:0030018]	-1.0
Polyketide	T-tubule [GO:0030315]	-1.0
Polyketide	secretory granule [GO:0030141]	-1.0
Polyketide	sarcolemma [GO:0042383]	-1.0
Polyketide	cytoplasm [GO:0005737]	-1.0
Polyketide	calyx of Held [GO:0044305]	-1.0
Polyketide	azurophil granule [GO:0042582]	-1.0
Polyketide	nuclear membrane [GO:0031965]	-1.0
Polyketide	membrane raft [GO:0045121]	-1.0
Polyketide	postsynaptic specialization, intracellular component [GO:0099091]	-1.0
Polyketide	postsynaptic density, intracellular component [GO:0099092]	-1.0
Polyketide	dendrite [GO:0030425]	-1.0
Polyketide	protein-containing complex [GO:0032991]	-1.0
Polyketide	perinuclear region of cytoplasm [GO:0048471]	-1.0
Polyketide	cytosol [GO:0005829]	-1.0
Polyketide	sarcoplasmic reticulum [GO:0016529]	-1.0
Polyketide	glutamatergic synapse [GO:0098978]	-1.0
Polyketide	dendritic spine [GO:0043197]	-1.0
Polyketide	cell periphery [GO:0071944]	-1.0
Polyketide	nucleus [GO:0005634]	-1.0
Polyketide	mitochondrial outer membrane [GO:0005741]	-1.0
Polyketide	plasma membrane [GO:0005886]	-1.0
Polyketide	synapse [GO:0045202]	-1.0
Polyketide	mitochondrion [GO:0005739]	-1.0
Polyketide	photoreceptor inner segment [GO:0001917]	-1.0
Polyketide	cytoskeleton [GO:0005856]	-1.0
Polyketide	chromosome [GO:0005694]	13.84
Polyketide	condensed nuclear chromosome [GO:0000794]	13.84
Polyketide	nucleus [GO:0005634]	13.84
Polyketide	nucleoplasm [GO:0005654]	13.84
Polyketide	sarcoplasmic reticulum membrane [GO:0033017]	14.67
Polyketide	cytoplasmic side of membrane [GO:0098562]	14.67
Polyketide	cytosol [GO:0005829]	14.67
Polyketide	Z disc [GO:0030018]	14.67
Polyketide	sarcoplasmic reticulum [GO:0016529]	14.67
Polyketide	terminal cisterna [GO:0014802]	14.67
Polyketide	membrane [GO:0016020]	14.67
Polyketide	ryanodine receptor complex [GO:1990425]	14.67
Polyketide	cytoplasm [GO:0005737]	14.67
Polyketide	intracellular membrane-bounded organelle [GO:0043231]	20.92
Polyketide	endoplasmic reticulum membrane [GO:0005789]	20.92
Polyketide	cytoplasm [GO:0005737]	20.92
Polyketide	nucleoplasm [GO:0005654]	14.26
Polyketide	nucleus [GO:0005634]	14.26
Polyketide	cytoplasm [GO:0005737]	14.26
Polyketide	cell body [GO:0044297]	15.35
Polyketide	actin filament [GO:0005884]	15.35
Polyketide	skeletal muscle myofibril [GO:0098723]	15.35
Polyketide	stress fiber [GO:0001725]	15.35
Polyketide	filamentous actin [GO:0031941]	15.35
Polyketide	actin filament bundle [GO:0032432]	15.35
Polyketide	lamellipodium [GO:0030027]	15.35
Polyketide	striated muscle thin filament [GO:0005865]	15.35
Polyketide	cytoplasm [GO:0005737]	15.35
Polyketide	filopodium [GO:0030175]	15.35
Polyketide	protein-containing complex [GO:0032991]	12.28
Polyketide	cytosol [GO:0005829]	12.28
Polyketide	nucleoplasm [GO:0005654]	12.28
Polyketide	membrane [GO:0016020]	12.28
Polyketide	plasma membrane [GO:0005886]	12.28
Polyketide	euchromatin [GO:0000791]	12.28
Polyketide	chromatin [GO:0000785]	12.28
Polyketide	transcription regulator complex [GO:0005667]	12.28
Polyketide	nucleus [GO:0005634]	12.28
Polyketide	cytoplasm [GO:0005737]	12.28
Polyketide	Golgi apparatus [GO:0005794]	12.28
Polyketide	outer membrane-bounded periplasmic space [GO:0030288]	17.3
Polyketide	acetylcholine-gated channel complex [GO:0005892]	17.15
Polyketide	neuron projection [GO:0043005]	17.15
Polyketide	plasma membrane raft [GO:0044853]	17.15
Polyketide	cholinergic synapse [GO:0098981]	17.15
Polyketide	apical plasma membrane [GO:0016324]	17.15
Polyketide	axolemma [GO:0030673]	17.15
Polyketide	plasma membrane [GO:0005886]	17.15
Polyketide	membrane [GO:0016020]	17.15
Polyketide	postsynaptic specialization membrane [GO:0099634]	17.15
Polyketide	synapse [GO:0045202]	17.15
Polyketide	presynaptic membrane [GO:0042734]	17.15
Polyketide	postsynapse [GO:0098794]	17.15
Polyketide	external side of plasma membrane [GO:0009897]	17.15
Polyketide	histone deacetylase complex [GO:0000118]	5.8
Polyketide	cytosol [GO:0005829]	10.9
Polyketide	glutamatergic synapse [GO:0098978]	10.9
Polyketide	nucleoplasm [GO:0005654]	10.9
Polyketide	ciliary basal body [GO:0036064]	10.9
Polyketide	postsynaptic cytosol [GO:0099524]	10.9
Polyketide	nuclear speck [GO:0016607]	10.9
Polyketide	nucleus [GO:0005634]	10.9
Polyketide	midbody [GO:0030496]	10.9
Polyketide	cytoplasm [GO:0005737]	10.9
Polyketide	centrosome [GO:0005813]	14.84
Polyketide	voltage-gated calcium channel complex [GO:0005891]	14.84
Polyketide	synaptic vesicle [GO:0008021]	14.84
Polyketide	perinuclear region of cytoplasm [GO:0048471]	14.84
Polyketide	cytosol [GO:0005829]	14.84
Polyketide	gamma-tubulin complex [GO:0000930]	14.84
Polyketide	postsynaptic density [GO:0014069]	14.84
Polyketide	Z disc [GO:0030018]	14.84
Polyketide	excitatory synapse [GO:0060076]	14.84
Polyketide	dendritic spine [GO:0043197]	14.84
Polyketide	nucleus [GO:0005634]	14.84
Polyketide	mitochondrial proton-transporting ATP synthase complex [GO:0005753]	16.85
Polyketide	cytosol [GO:0005829]	16.85
Polyketide	mitochondrial proton-transporting ATP synthase complex, coupling factor F(o) [GO:0000276]	16.85
Polyketide	mitochondrion [GO:0005739]	16.85
Polyketide	mitochondrial intermembrane space [GO:0005758]	16.85
Polyketide	mitochondrial inner membrane [GO:0005743]	16.85
Polyketide	cytosol [GO:0005829]	18.33
Polyketide	intracellular membrane-bounded organelle [GO:0043231]	18.33
Polyketide	nucleoplasm [GO:0005654]	18.33
Polyketide	receptor complex [GO:0043235]	18.33
Polyketide	RNA polymerase II transcription regulator complex [GO:0090575]	18.33
Polyketide	chromatin [GO:0000785]	18.33
Polyketide	nucleus [GO:0005634]	18.33
Polyketide	sarcoplasmic reticulum membrane [GO:0033017]	20.04
Polyketide	cytoplasmic side of membrane [GO:0098562]	20.04
Polyketide	cytosol [GO:0005829]	20.04
Polyketide	Z disc [GO:0030018]	20.04
Polyketide	sarcoplasmic reticulum [GO:0016529]	20.04
Polyketide	terminal cisterna [GO:0014802]	20.04
Polyketide	membrane [GO:0016020]	20.04
Polyketide	ryanodine receptor complex [GO:1990425]	20.04
Polyketide	cytoplasm [GO:0005737]	20.04
Polyketide	cytoplasm [GO:0005737]	13.77
Polyketide	fibrillar center [GO:0001650]	14.95
Polyketide	nuclear inner membrane [GO:0005637]	14.95
Polyketide	heterochromatin [GO:0000792]	14.95
Polyketide	nuclear envelope [GO:0005635]	14.95
Polyketide	PML body [GO:0016605]	14.95
Polyketide	cytosol [GO:0005829]	14.95
Polyketide	eNoSc complex [GO:0061773]	14.95
Polyketide	rDNA heterochromatin [GO:0033553]	14.95
Polyketide	nucleoplasm [GO:0005654]	14.95
Polyketide	mitochondrion [GO:0005739]	14.95
Polyketide	euchromatin [GO:0000791]	14.95
Polyketide	chromatin [GO:0000785]	14.95
Polyketide	chromatin silencing complex [GO:0005677]	14.95
Polyketide	nucleus [GO:0005634]	14.95
Polyketide	cytoplasm [GO:0005737]	14.95
Polyketide	nucleolus [GO:0005730]	14.95
Polyketide	myelin sheath [GO:0043209]	15.99
Polyketide	cytosol [GO:0005829]	15.99
Polyketide	apical part of cell [GO:0045177]	15.99
Polyketide	extracellular exosome [GO:0070062]	15.99
Polyketide	plasma membrane [GO:0005886]	15.99
Polyketide	cytoplasm [GO:0005737]	15.99
Polyketide	extracellular space [GO:0005615]	4.47
Polyketide	extracellular region [GO:0005576]	4.47
Polyketide	histone deacetylase complex [GO:0000118]	14.63
Polyketide	cytosol [GO:0005829]	14.63
Polyketide	transcription repressor complex [GO:0017053]	14.63
Polyketide	nucleoplasm [GO:0005654]	14.63
Polyketide	nuclear speck [GO:0016607]	14.63
Polyketide	chromatin [GO:0000785]	14.63
Polyketide	nucleus [GO:0005634]	14.63
Polyketide	cytoplasm [GO:0005737]	14.63
Polyketide	protein-containing complex [GO:0032991]	8.93
Polyketide	nucleoplasm [GO:0005654]	8.93
Polyketide	mitochondrion [GO:0005739]	8.93
Polyketide	mitochondrial matrix [GO:0005759]	8.93
Polyketide	nucleus [GO:0005634]	8.93
Polyketide	nuclear envelope [GO:0005635]	14.61
Polyketide	perinuclear region of cytoplasm [GO:0048471]	14.61
Polyketide	cytosol [GO:0005829]	14.61
Polyketide	pericentriolar material [GO:0000242]	14.61
Polyketide	Golgi membrane [GO:0000139]	14.61
Polyketide	chromosome, telomeric region [GO:0000781]	14.61
Polyketide	nucleus [GO:0005634]	14.61
Polyketide	cytoplasm [GO:0005737]	14.61
Polyketide	mitochondrial matrix [GO:0005759]	13.08
Polyketide	mitochondrion [GO:0005739]	13.08
Polyketide	extracellular exosome [GO:0070062]	13.08
Polyketide	membrane [GO:0016020]	13.44
Polyketide	receptor complex [GO:0043235]	13.44
Polyketide	microtubule [GO:0005874]	7.33
Polyketide	cytoplasm [GO:0005737]	7.33
Polyketide	microtubule cytoskeleton [GO:0015630]	7.33
Polyketide	cytosol [GO:0005829]	7.33
Polyketide	protein-containing complex [GO:0032991]	16.51
Polyketide	endocytic vesicle membrane [GO:0030666]	16.51
Polyketide	cytosol [GO:0005829]	16.51
Polyketide	transcription repressor complex [GO:0017053]	16.51
Polyketide	nucleoplasm [GO:0005654]	16.51
Polyketide	plasma membrane [GO:0005886]	16.51
Polyketide	nucleus [GO:0005634]	16.51
Polyketide	cytoplasm [GO:0005737]	16.51
Polyketide	nucleolus [GO:0005730]	16.51
Polyketide	postsynaptic density [GO:0014069]	13.61
Polyketide	glutamatergic synapse [GO:0098978]	13.61
Polyketide	plasma membrane [GO:0005886]	13.61
Polyketide	DAPK1-calmodulin complex [GO:1990722]	13.61
Polyketide	actin cytoskeleton [GO:0015629]	13.61
Polyketide	nucleus [GO:0005634]	13.61
Polyketide	cytoplasm [GO:0005737]	13.61
Polyketide	cytoplasm [GO:0005737]	13.84
Polyketide	cytosol [GO:0005829]	13.84
Polyketide	mitochondrial matrix [GO:0005759]	13.36
Polyketide	mitochondrion [GO:0005739]	13.36
Polyketide	mitochondrial proton-transporting ATP synthase complex [GO:0005753]	6.28
Polyketide	cytosol [GO:0005829]	6.28
Polyketide	mitochondrial proton-transporting ATP synthase complex, coupling factor F(o) [GO:0000276]	6.28
Polyketide	mitochondrion [GO:0005739]	6.28
Polyketide	mitochondrial intermembrane space [GO:0005758]	6.28
Polyketide	mitochondrial inner membrane [GO:0005743]	6.28
Polyketide	aggresome [GO:0016235]	13.21
Polyketide	cell projection [GO:0042995]	13.21
Polyketide	secretory granule membrane [GO:0030667]	13.21
Polyketide	ficolin-1-rich granule membrane [GO:0101003]	13.21
Polyketide	tertiary granule membrane [GO:0070821]	13.21
Polyketide	extracellular exosome [GO:0070062]	13.21
Polyketide	plasma membrane [GO:0005886]	13.21
Polyketide	membrane [GO:0016020]	13.21
Polyketide	specific granule membrane [GO:0035579]	13.21
Polyketide	perikaryon [GO:0043204]	13.21
Polyketide	cytosol [GO:0005829]	17.52
Polyketide	cytoplasm [GO:0005737]	17.52
Polyketide	nucleoplasm [GO:0005654]	17.52
Polyketide	nucleus [GO:0005634]	17.52
Polyketide	cytosol [GO:0005829]	14.44
Polyketide	extracellular region [GO:0005576]	14.44
Polyketide	node of Ranvier [GO:0033268]	13.99
Polyketide	synapse [GO:0045202]	13.99
Polyketide	plasma membrane [GO:0005886]	13.99
Polyketide	axon initial segment [GO:0043194]	13.99
Polyketide	voltage-gated potassium channel complex [GO:0008076]	13.99
Polyketide	dendritic shaft [GO:0043198]	17.36
Polyketide	neuron projection [GO:0043005]	17.36
Polyketide	postsynaptic density [GO:0014069]	17.36
Polyketide	somatodendritic compartment [GO:0036477]	17.36
Polyketide	dendrite membrane [GO:0032590]	17.36
Polyketide	endoplasmic reticulum membrane [GO:0005789]	17.36
Polyketide	cell surface [GO:0009986]	17.36
Polyketide	presynaptic active zone membrane [GO:0048787]	17.36
Polyketide	neuronal cell body [GO:0043025]	17.36
Polyketide	dendrite cytoplasm [GO:0032839]	17.36
Polyketide	spine synapse [GO:0106033]	17.36
Polyketide	synaptic vesicle [GO:0008021]	17.36
Polyketide	Schaffer collateral - CA1 synapse [GO:0098685]	17.36
Polyketide	presynapse [GO:0098793]	17.36
Polyketide	growth cone [GO:0030426]	17.36
Polyketide	perikaryon [GO:0043204]	17.36
Polyketide	AMPA glutamate receptor complex [GO:0032281]	17.36
Polyketide	asymmetric synapse [GO:0032279]	17.36
Polyketide	dendrite [GO:0030425]	17.36
Polyketide	protein-containing complex [GO:0032991]	17.36
Polyketide	ionotropic glutamate receptor complex [GO:0008328]	17.36
Polyketide	dendritic spine head [GO:0044327]	17.36
Polyketide	dendritic spine neck [GO:0044326]	17.36
Polyketide	glutamatergic synapse [GO:0098978]	17.36
Polyketide	membrane [GO:0016020]	17.36
Polyketide	dendritic spine [GO:0043197]	17.36
Polyketide	perisynaptic space [GO:0099544]	17.36
Polyketide	endoplasmic reticulum [GO:0005783]	17.36
Polyketide	plasma membrane [GO:0005886]	17.36
Polyketide	postsynaptic membrane [GO:0045211]	17.36
Polyketide	synapse [GO:0045202]	17.36
Polyketide	terminal bouton [GO:0043195]	17.36
Polyketide	presynaptic membrane [GO:0042734]	17.36
Polyketide	postsynaptic density membrane [GO:0098839]	17.36
Polyketide	synaptic vesicle membrane [GO:0030672]	17.36
Polyketide	axon [GO:0030424]	17.36
Polyketide	synaptic membrane [GO:0097060]	17.36
Polyketide	node of Ranvier [GO:0033268]	12.09
Polyketide	synapse [GO:0045202]	12.09
Polyketide	plasma membrane [GO:0005886]	12.09
Polyketide	axon initial segment [GO:0043194]	12.09
Polyketide	voltage-gated potassium channel complex [GO:0008076]	12.09
Polyketide	intracellular membrane-bounded organelle [GO:0043231]	15.2
Polyketide	nucleoplasm [GO:0005654]	15.2
Polyketide	mitochondrion [GO:0005739]	15.2
Polyketide	chromatin [GO:0000785]	15.2
Polyketide	nucleus [GO:0005634]	15.2
Polyketide	endoplasmic reticulum membrane [GO:0005789]	13.3
Polyketide	endoplasmic reticulum [GO:0005783]	13.3
Polyketide	postsynaptic density [GO:0014069]	13.75
Polyketide	glutamatergic synapse [GO:0098978]	13.75
Polyketide	plasma membrane [GO:0005886]	13.75
Polyketide	DAPK1-calmodulin complex [GO:1990722]	13.75
Polyketide	actin cytoskeleton [GO:0015629]	13.75
Polyketide	nucleus [GO:0005634]	13.75
Polyketide	cytoplasm [GO:0005737]	13.75
Polyketide	dendrite [GO:0030425]	12.94
Polyketide	chloride channel complex [GO:0034707]	12.94
Polyketide	neuron projection [GO:0043005]	12.94
Polyketide	plasma membrane [GO:0005886]	12.94
Polyketide	membrane [GO:0016020]	12.94
Polyketide	postsynaptic membrane [GO:0045211]	12.94
Polyketide	synapse [GO:0045202]	12.94
Polyketide	perikaryon [GO:0043204]	12.94
Polyketide	extracellular space [GO:0005615]	11.52
Polyketide	azurophil granule lumen [GO:0035578]	11.52
Polyketide	extracellular region [GO:0005576]	11.52
Polyketide	extracellular exosome [GO:0070062]	11.52
Polyketide	postsynaptic density [GO:0014069]	14.49
Polyketide	nucleoplasm [GO:0005654]	14.49
Polyketide	cytoplasm [GO:0005737]	14.49
Polyketide	microtubule organizing center [GO:0005815]	14.49
Polyketide	dendrite cytoplasm [GO:0032839]	14.49
Polyketide	caveola [GO:0005901]	14.49
Polyketide	perikaryon [GO:0043204]	14.49
Polyketide	Golgi apparatus [GO:0005794]	14.49
Polyketide	protein-containing complex [GO:0032991]	14.49
Polyketide	focal adhesion [GO:0005925]	14.49
Polyketide	cytosol [GO:0005829]	14.49
Polyketide	early endosome [GO:0005769]	14.49
Polyketide	nucleus [GO:0005634]	14.49
Polyketide	pseudopodium [GO:0031143]	14.49
Polyketide	mitotic spindle [GO:0072686]	14.49
Polyketide	plasma membrane [GO:0005886]	14.49
Polyketide	mitochondrion [GO:0005739]	14.49
Polyketide	axon [GO:0030424]	14.49
Polyketide	cytoskeleton [GO:0005856]	14.49
Polyketide	late endosome [GO:0005770]	14.49
Polyketide	septin ring [GO:0005940]	18.91
Polyketide	condensed nuclear chromosome [GO:0000794]	18.91
Polyketide	nucleus [GO:0005634]	18.91
Polyketide	host cell nucleus [GO:0042025]	19.78
Polyketide	viral envelope [GO:0019031]	19.78
Polyketide	host cell plasma membrane [GO:0020002]	19.78
Polyketide	host cell lipid droplet [GO:0044186]	19.78
Polyketide	host cell endoplasmic reticulum membrane [GO:0044167]	19.78
Polyketide	host cell mitochondrial membrane [GO:0044191]	19.78
Polyketide	ribonucleoprotein complex [GO:1990904]	19.78
Polyketide	membrane [GO:0016020]	19.78
Polyketide	viral nucleocapsid [GO:0019013]	19.78
Polyketide	virion membrane [GO:0055036]	19.78
Polyketide	host cell perinuclear region of cytoplasm [GO:0044220]	19.78
Polyketide	cytoskeleton [GO:0005856]	10.82
Polyketide	cytoplasm [GO:0005737]	10.82
Polyketide	nucleoplasm [GO:0005654]	11.59
Polyketide	nucleus [GO:0005634]	11.59
Polyketide	cytoplasm [GO:0005737]	11.59
Polyketide	nucleolus [GO:0005730]	11.59
Polyketide	chromosome [GO:0005694]	16.3
Polyketide	DNA topoisomerase type II (double strand cut, ATP-hydrolyzing) complex [GO:0009330]	16.3
Polyketide	cytosol [GO:0005829]	16.3
Polyketide	protein-containing complex [GO:0032991]	17.61
Polyketide	cytosol [GO:0005829]	17.61
Polyketide	nucleoplasm [GO:0005654]	17.61
Polyketide	membrane [GO:0016020]	17.61
Polyketide	plasma membrane [GO:0005886]	17.61
Polyketide	euchromatin [GO:0000791]	17.61
Polyketide	chromatin [GO:0000785]	17.61
Polyketide	transcription regulator complex [GO:0005667]	17.61
Polyketide	nucleus [GO:0005634]	17.61
Polyketide	cytoplasm [GO:0005737]	17.61
Polyketide	Golgi apparatus [GO:0005794]	17.61
Polyketide	nuclear chromosome [GO:0000228]	14.51
Polyketide	histone deacetylase complex [GO:0000118]	14.51
Polyketide	cytoplasm [GO:0005737]	14.51
Polyketide	nucleoplasm [GO:0005654]	14.51
Polyketide	nucleus [GO:0005634]	14.51
Polyketide	protein-DNA complex [GO:0032993]	16.03
Polyketide	mitochondrial proton-transporting ATP synthase complex [GO:0005753]	10.46
Polyketide	cytosol [GO:0005829]	10.46
Polyketide	mitochondrial proton-transporting ATP synthase complex, coupling factor F(o) [GO:0000276]	10.46
Polyketide	mitochondrion [GO:0005739]	10.46
Polyketide	mitochondrial intermembrane space [GO:0005758]	10.46
Polyketide	mitochondrial inner membrane [GO:0005743]	10.46
Polyketide	extracellular space [GO:0005615]	10.4
Polyketide	azurophil granule lumen [GO:0035578]	10.4
Polyketide	extracellular region [GO:0005576]	10.4
Polyketide	extracellular exosome [GO:0070062]	10.4
Polyketide	membrane [GO:0016020]	20.01
Polyketide	cytosol [GO:0005829]	20.01
Polyketide	transcription regulator complex [GO:0005667]	20.01
Polyketide	cytoplasm [GO:0005737]	20.01
Polyketide	chromatin [GO:0000785]	20.01
Polyketide	Golgi apparatus [GO:0005794]	20.01
Polyketide	plasma membrane [GO:0005886]	20.01
Polyketide	nucleoplasm [GO:0005654]	20.01
Polyketide	protein-containing complex [GO:0032991]	20.01
Polyketide	euchromatin [GO:0000791]	20.01
Polyketide	nucleus [GO:0005634]	20.01
Polyketide	fungal biofilm matrix [GO:0062040]	19.56
Polyketide	cytoplasm [GO:0005737]	19.56
Polyketide	extracellular region [GO:0005576]	19.56
Polyketide	extracellular region [GO:0005576]	11.21
Polyketide	extracellular exosome [GO:0070062]	11.21
Polyketide	azurophil granule lumen [GO:0035578]	11.21
Polyketide	extracellular space [GO:0005615]	11.21
Polyketide	mitochondrion [GO:0005739]	15.73
Polyketide	mitochondrial outer membrane [GO:0005741]	15.73
Polyketide	nucleus [GO:0005634]	15.73
Polyketide	cytosol [GO:0005829]	15.73
Polyketide	cell body [GO:0044297]	-1.0
Polyketide	actin filament [GO:0005884]	-1.0
Polyketide	skeletal muscle myofibril [GO:0098723]	-1.0
Polyketide	stress fiber [GO:0001725]	-1.0
Polyketide	filamentous actin [GO:0031941]	-1.0
Polyketide	actin filament bundle [GO:0032432]	-1.0
Polyketide	lamellipodium [GO:0030027]	-1.0
Polyketide	striated muscle thin filament [GO:0005865]	-1.0
Polyketide	cytoplasm [GO:0005737]	-1.0
Polyketide	filopodium [GO:0030175]	-1.0
Polyketide	sarcoplasmic reticulum membrane [GO:0033017]	13.02
Polyketide	cytoplasmic side of membrane [GO:0098562]	13.02
Polyketide	cytosol [GO:0005829]	13.02
Polyketide	Z disc [GO:0030018]	13.02
Polyketide	sarcoplasmic reticulum [GO:0016529]	13.02
Polyketide	terminal cisterna [GO:0014802]	13.02
Polyketide	membrane [GO:0016020]	13.02
Polyketide	ryanodine receptor complex [GO:1990425]	13.02
Polyketide	cytoplasm [GO:0005737]	13.02
Polyketide	efflux pump complex [GO:1990281]	19.36
Polyketide	outer membrane-bounded periplasmic space [GO:0030288]	19.36
Polyketide	periplasmic side of plasma membrane [GO:0098567]	19.36
Polyketide	plasma membrane [GO:0005886]	19.36
Polyketide	membrane [GO:0016020]	19.36
Polyketide	mitochondrial envelope [GO:0005740]	15.8
Polyketide	mitochondrial outer membrane [GO:0005741]	15.8
Polyketide	mitochondrion [GO:0005739]	15.8
Polyketide	cytoplasm [GO:0005737]	12.64
Polyketide	node of Ranvier [GO:0033268]	12.7
Polyketide	synapse [GO:0045202]	12.7
Polyketide	plasma membrane [GO:0005886]	12.7
Polyketide	axon initial segment [GO:0043194]	12.7
Polyketide	voltage-gated potassium channel complex [GO:0008076]	12.7
Polyketide	cytosol [GO:0005829]	13.94
Polyketide	nucleoplasm [GO:0005654]	13.94
Polyketide	receptor complex [GO:0043235]	13.94
Polyketide	mitochondrion [GO:0005739]	13.94
Polyketide	RNA polymerase II transcription regulator complex [GO:0090575]	13.94
Polyketide	chromatin [GO:0000785]	13.94
Polyketide	transcription regulator complex [GO:0005667]	13.94
Polyketide	nucleus [GO:0005634]	13.94
Polyketide	node of Ranvier [GO:0033268]	8.96
Polyketide	synapse [GO:0045202]	8.96
Polyketide	plasma membrane [GO:0005886]	8.96
Polyketide	axon initial segment [GO:0043194]	8.96
Polyketide	voltage-gated potassium channel complex [GO:0008076]	8.96
Polyketide	endoplasmic reticulum [GO:0005783]	18.52
Polyketide	perinuclear region of cytoplasm [GO:0048471]	18.52
Polyketide	sarcoplasmic reticulum membrane [GO:0033017]	18.52
Polyketide	sarcoplasmic reticulum [GO:0016529]	18.52
Polyketide	endoplasmic reticulum membrane [GO:0005789]	18.52
Polyketide	H zone [GO:0031673]	18.52
Polyketide	membrane [GO:0016020]	18.52
Polyketide	endoplasmic reticulum-Golgi intermediate compartment [GO:0005793]	18.52
Polyketide	I band [GO:0031674]	18.52
Polyketide	cytoplasm [GO:0005737]	12.22
Polyketide	extracellular region [GO:0005576]	18.2
Polyketide	plasma membrane [GO:0005886]	14.71
Polyketide	cytoplasm [GO:0005737]	14.71
Polyketide	phosphatidylinositol 3-kinase complex, class IB [GO:0005944]	14.71
Polyketide	phosphatidylinositol 3-kinase complex, class IA [GO:0005943]	14.71
Polyketide	blood microparticle [GO:0072562]	8.65
Polyketide	extracellular region [GO:0005576]	8.65
Polyketide	extracellular exosome [GO:0070062]	8.65
Polyketide	secretory granule lumen [GO:0034774]	8.65
Polyketide	collagen-containing extracellular matrix [GO:0062023]	8.65
Polyketide	platelet alpha granule lumen [GO:0031093]	8.65
Polyketide	azurophil granule lumen [GO:0035578]	8.65
Polyketide	extracellular space [GO:0005615]	8.65
Polyketide	nucleus [GO:0005634]	8.65
Polyketide	protein-containing complex [GO:0032991]	13.75
Polyketide	endocytic vesicle membrane [GO:0030666]	13.75
Polyketide	cytosol [GO:0005829]	13.75
Polyketide	transcription repressor complex [GO:0017053]	13.75
Polyketide	nucleoplasm [GO:0005654]	13.75
Polyketide	plasma membrane [GO:0005886]	13.75
Polyketide	nucleus [GO:0005634]	13.75
Polyketide	cytoplasm [GO:0005737]	13.75
Polyketide	nucleolus [GO:0005730]	13.75
Polyketide	protein-containing complex [GO:0032991]	12.86
Polyketide	endocytic vesicle membrane [GO:0030666]	12.86
Polyketide	cytosol [GO:0005829]	12.86
Polyketide	transcription repressor complex [GO:0017053]	12.86
Polyketide	nucleoplasm [GO:0005654]	12.86
Polyketide	plasma membrane [GO:0005886]	12.86
Polyketide	nucleus [GO:0005634]	12.86
Polyketide	cytoplasm [GO:0005737]	12.86
Polyketide	nucleolus [GO:0005730]	12.86
Polyketide	nucleoplasm [GO:0005654]	18.71
Polyketide	mitochondrial respiratory chain complex I [GO:0005747]	18.71
Polyketide	host cell nucleus [GO:0042025]	19.33
Polyketide	protein-containing complex [GO:0032991]	19.33
Polyketide	host cell plasma membrane [GO:0020002]	19.33
Polyketide	host cell lipid droplet [GO:0044186]	19.33
Polyketide	viral envelope [GO:0019031]	19.33
Polyketide	host cell endoplasmic reticulum membrane [GO:0044167]	19.33
Polyketide	host cell mitochondrial membrane [GO:0044191]	19.33
Polyketide	ribonucleoprotein complex [GO:1990904]	19.33
Polyketide	membrane [GO:0016020]	19.33
Polyketide	viral nucleocapsid [GO:0019013]	19.33
Polyketide	virion membrane [GO:0055036]	19.33
Polyketide	host cell perinuclear region of cytoplasm [GO:0044220]	19.33
Polyketide	myelin sheath [GO:0043209]	13.04
Polyketide	cytosol [GO:0005829]	13.04
Polyketide	apical part of cell [GO:0045177]	13.04
Polyketide	extracellular exosome [GO:0070062]	13.04
Polyketide	plasma membrane [GO:0005886]	13.04
Polyketide	cytoplasm [GO:0005737]	13.04
Polyketide	nuclear periphery [GO:0034399]	-1.0
Polyketide	main axon [GO:0044304]	-1.0
Polyketide	neurofibrillary tangle [GO:0097418]	-1.0
Polyketide	neuron projection [GO:0043005]	-1.0
Polyketide	somatodendritic compartment [GO:0036477]	-1.0
Polyketide	microtubule [GO:0005874]	-1.0
Polyketide	cytoplasm [GO:0005737]	-1.0
Polyketide	neuronal cell body [GO:0043025]	-1.0
Polyketide	cell body [GO:0044297]	-1.0
Polyketide	nuclear speck [GO:0016607]	-1.0
Polyketide	growth cone [GO:0030426]	-1.0
Polyketide	membrane raft [GO:0045121]	-1.0
Polyketide	dendrite [GO:0030425]	-1.0
Polyketide	tubulin complex [GO:0045298]	-1.0
Polyketide	microtubule cytoskeleton [GO:0015630]	-1.0
Polyketide	cytosol [GO:0005829]	-1.0
Polyketide	axolemma [GO:0030673]	-1.0
Polyketide	glial cell projection [GO:0097386]	-1.0
Polyketide	dendritic spine [GO:0043197]	-1.0
Polyketide	extracellular region [GO:0005576]	-1.0
Polyketide	cytoplasmic ribonucleoprotein granule [GO:0036464]	-1.0
Polyketide	nucleus [GO:0005634]	-1.0
Polyketide	axon cytoplasm [GO:1904115]	-1.0
Polyketide	plasma membrane [GO:0005886]	-1.0
Polyketide	mitochondrion [GO:0005739]	-1.0
Polyketide	axon [GO:0030424]	-1.0
Polyketide	membrane [GO:0016020]	18.94
Polyketide	cytoplasm [GO:0005737]	15.34
Polyketide	dendrite [GO:0030425]	17.17
Polyketide	neuron projection [GO:0043005]	17.17
Polyketide	intracellular membrane-bounded organelle [GO:0043231]	17.17
Polyketide	plasma membrane [GO:0005886]	17.17
Polyketide	postsynaptic membrane [GO:0045211]	17.17
Polyketide	synapse [GO:0045202]	17.17
Polyketide	glycine-gated chloride channel complex [GO:0016935]	17.17
Polyketide	perikaryon [GO:0043204]	17.17
Polyketide	plasma membrane [GO:0005886]	9.74
Polyketide	proton-transporting ATP synthase complex, coupling factor F(o) [GO:0045263]	9.74
Polyketide	nucleus [GO:0005634]	-1.0
Polyketide	proton-transporting V-type ATPase complex [GO:0033176]	9.55
Polyketide	vacuolar proton-transporting V-type ATPase, V0 domain [GO:0000220]	9.55
Polyketide	Golgi membrane [GO:0000139]	9.55
Polyketide	membrane [GO:0016020]	9.55
Polyketide	vacuolar proton-transporting V-type ATPase complex [GO:0016471]	9.55
Polyketide	fungal-type vacuole membrane [GO:0000329]	9.55
Polyketide	perinuclear region of cytoplasm [GO:0048471]	16.81
Polyketide	Golgi membrane [GO:0000139]	16.81
Polyketide	endoplasmic reticulum membrane [GO:0005789]	16.81
Polyketide	membrane [GO:0016020]	16.81
Polyketide	extracellular region [GO:0005576]	16.81
Polyketide	Golgi stack [GO:0005795]	16.81
Polyketide	Golgi cisterna membrane [GO:0032580]	16.81
Polyketide	Golgi apparatus [GO:0005794]	16.81
Polyketide	protein-containing complex [GO:0032991]	14.46
Polyketide	endocytic vesicle membrane [GO:0030666]	14.46
Polyketide	cytosol [GO:0005829]	14.46
Polyketide	transcription repressor complex [GO:0017053]	14.46
Polyketide	nucleoplasm [GO:0005654]	14.46
Polyketide	plasma membrane [GO:0005886]	14.46
Polyketide	nucleus [GO:0005634]	14.46
Polyketide	cytoplasm [GO:0005737]	14.46
Polyketide	nucleolus [GO:0005730]	14.46
Polyketide	vacuolar proton-transporting V-type ATPase, V0 domain [GO:0000220]	14.56
Polyketide	synaptic vesicle membrane [GO:0030672]	14.56
Polyketide	clathrin-coated vesicle membrane [GO:0030665]	14.56
Polyketide	proton-transporting V-type ATPase complex [GO:0033176]	10.26
Polyketide	vacuolar proton-transporting V-type ATPase, V0 domain [GO:0000220]	10.26
Polyketide	Golgi membrane [GO:0000139]	10.26
Polyketide	membrane [GO:0016020]	10.26
Polyketide	vacuolar proton-transporting V-type ATPase complex [GO:0016471]	10.26
Polyketide	fungal-type vacuole membrane [GO:0000329]	10.26
Polyketide	melanosome [GO:0042470]	16.09
Polyketide	perinuclear region of cytoplasm [GO:0048471]	16.09
Polyketide	sarcoplasmic reticulum lumen [GO:0033018]	16.09
Polyketide	endoplasmic reticulum [GO:0005783]	16.09
Polyketide	dendrite [GO:0030425]	15.33
Polyketide	PML body [GO:0016605]	15.33
Polyketide	nuclear envelope [GO:0005635]	15.33
Polyketide	lysosome [GO:0005764]	15.33
Polyketide	endomembrane system [GO:0012505]	15.33
Polyketide	mitochondrial outer membrane [GO:0005741]	15.33
Polyketide	cytosol [GO:0005829]	15.33
Polyketide	Golgi membrane [GO:0000139]	15.33
Polyketide	nucleoplasm [GO:0005654]	15.33
Polyketide	endoplasmic reticulum membrane [GO:0005789]	15.33
Polyketide	membrane [GO:0016020]	15.33
Polyketide	TORC1 complex [GO:0031931]	15.33
Polyketide	nucleus [GO:0005634]	15.33
Polyketide	TORC2 complex [GO:0031932]	15.33
Polyketide	lysosomal membrane [GO:0005765]	15.33
Polyketide	cytoplasm [GO:0005737]	15.33
Polyketide	phagocytic vesicle [GO:0045335]	15.33
Polyketide	cytosol [GO:0005829]	13.32
Polyketide	nucleoplasm [GO:0005654]	13.32
Polyketide	endoplasmic reticulum membrane [GO:0005789]	13.32
Polyketide	receptor complex [GO:0043235]	13.32
Polyketide	chromatin [GO:0000785]	13.32
Polyketide	node of Ranvier [GO:0033268]	10.56
Polyketide	synapse [GO:0045202]	10.56
Polyketide	plasma membrane [GO:0005886]	10.56
Polyketide	axon initial segment [GO:0043194]	10.56
Polyketide	voltage-gated potassium channel complex [GO:0008076]	10.56
Polyketide	plasma membrane [GO:0005886]	14.12
Polyketide	proton-transporting ATP synthase complex, coupling factor F(o) [GO:0045263]	14.12
Polyketide	extracellular exosome [GO:0070062]	15.56
Polyketide	collagen-containing extracellular matrix [GO:0062023]	15.56
Polyketide	plasma membrane [GO:0005886]	15.56
Polyketide	peptidase inhibitor complex [GO:1904090]	15.56
Polyketide	serine protease inhibitor complex [GO:0097180]	15.56
Polyketide	extracellular region [GO:0005576]	15.56
Polyketide	platelet alpha granule lumen [GO:0031093]	15.56
Polyketide	extracellular space [GO:0005615]	15.56
Polyketide	protein-containing complex [GO:0032991]	8.95
Polyketide	cytosol [GO:0005829]	8.95
Polyketide	nucleoplasm [GO:0005654]	8.95
Polyketide	membrane [GO:0016020]	8.95
Polyketide	plasma membrane [GO:0005886]	8.95
Polyketide	euchromatin [GO:0000791]	8.95
Polyketide	chromatin [GO:0000785]	8.95
Polyketide	transcription regulator complex [GO:0005667]	8.95
Polyketide	nucleus [GO:0005634]	8.95
Polyketide	cytoplasm [GO:0005737]	8.95
Polyketide	Golgi apparatus [GO:0005794]	8.95
Polyketide	intracellular membrane-bounded organelle [GO:0043231]	10.66
Polyketide	nucleoplasm [GO:0005654]	10.66
Polyketide	mitochondrion [GO:0005739]	10.66
Polyketide	chromatin [GO:0000785]	10.66
Polyketide	nucleus [GO:0005634]	10.66
Polyketide	chloroplast stroma [GO:0009570]	14.56
Polyketide	endoplasmic reticulum [GO:0005783]	14.56
Polyketide	chloroplast [GO:0009507]	14.56
Polyketide	cytosol [GO:0005829]	14.56
Polyketide	intracellular membrane-bounded organelle [GO:0043231]	14.56
Polyketide	plasma membrane [GO:0005886]	14.56
Polyketide	apoplast [GO:0048046]	14.56
Polyketide	plasmodesma [GO:0009506]	14.56
Polyketide	plant-type vacuole [GO:0000325]	14.56
Polyketide	cytoplasm [GO:0005737]	14.6
Polyketide	host cell nucleus [GO:0042025]	14.74
Polyketide	viral envelope [GO:0019031]	14.74
Polyketide	host cell plasma membrane [GO:0020002]	14.74
Polyketide	host cell lipid droplet [GO:0044186]	14.74
Polyketide	host cell endoplasmic reticulum membrane [GO:0044167]	14.74
Polyketide	host cell mitochondrial membrane [GO:0044191]	14.74
Polyketide	ribonucleoprotein complex [GO:1990904]	14.74
Polyketide	membrane [GO:0016020]	14.74
Polyketide	viral nucleocapsid [GO:0019013]	14.74
Polyketide	virion membrane [GO:0055036]	14.74
Polyketide	host cell perinuclear region of cytoplasm [GO:0044220]	14.74
Polyketide	nuclear chromosome [GO:0000228]	13.72
Polyketide	histone deacetylase complex [GO:0000118]	13.72
Polyketide	cytoplasm [GO:0005737]	13.72
Polyketide	nucleoplasm [GO:0005654]	13.72
Polyketide	nucleus [GO:0005634]	13.72
Polyketide	intracellular membrane-bounded organelle [GO:0043231]	10.54
Polyketide	endoplasmic reticulum membrane [GO:0005789]	10.54
Polyketide	cytoplasm [GO:0005737]	10.54
Polyketide	cytoplasmic microtubule [GO:0005881]	10.54
Polyketide	cytoplasmic side of endoplasmic reticulum membrane [GO:0098554]	11.78
Polyketide	protein-containing complex [GO:0032991]	11.78
Polyketide	endoplasmic reticulum [GO:0005783]	11.78
Polyketide	sorting endosome [GO:0097443]	11.78
Polyketide	endosome lumen [GO:0031904]	11.78
Polyketide	early endosome [GO:0005769]	11.78
Polyketide	cytosol [GO:0005829]	11.78
Polyketide	mitochondrial crista [GO:0030061]	11.78
Polyketide	mitochondrial matrix [GO:0005759]	11.78
Polyketide	cytoplasm [GO:0005737]	11.78
Polyketide	PML body [GO:0016605]	13.72
Polyketide	Sin3 complex [GO:0016580]	13.72
Polyketide	protein kinase CK2 complex [GO:0005956]	13.72
Polyketide	cytosol [GO:0005829]	13.72
Polyketide	nucleoplasm [GO:0005654]	13.72
Polyketide	plasma membrane [GO:0005886]	13.72
Polyketide	nucleus [GO:0005634]	13.72
Polyketide	nucleus [GO:0005634]	17.91
Polyketide	mitochondrial respiratory chain complex I [GO:0005747]	13.08
Polyketide	mitochondrial inner membrane [GO:0005743]	13.08
Polyketide	intracellular membrane-bounded organelle [GO:0043231]	12.97
Polyketide	nucleoplasm [GO:0005654]	12.97
Polyketide	mitochondrion [GO:0005739]	12.97
Polyketide	chromatin [GO:0000785]	12.97
Polyketide	nucleus [GO:0005634]	12.97
Polyketide	nucleoplasm [GO:0005654]	12.96
Polyketide	chromatin [GO:0000785]	12.96
Polyketide	viral envelope [GO:0019031]	15.64
Polyketide	host cell plasma membrane [GO:0020002]	15.64
Polyketide	host cell endoplasmic reticulum [GO:0044165]	15.64
Polyketide	virion membrane [GO:0055036]	15.64
Polyketide	extracellular region [GO:0005576]	15.64
Polyketide	membrane raft [GO:0045121]	15.64
Polyketide	host cell cytoplasm [GO:0030430]	15.64
Polyketide	intracellular membrane-bounded organelle [GO:0043231]	10.62
Polyketide	nucleoplasm [GO:0005654]	10.62
Polyketide	mitochondrion [GO:0005739]	10.62
Polyketide	chromatin [GO:0000785]	10.62
Polyketide	nucleus [GO:0005634]	10.62
Polyketide	protein-containing complex [GO:0032991]	15.74
Polyketide	cytosol [GO:0005829]	15.74
Polyketide	nucleoplasm [GO:0005654]	15.74
Polyketide	membrane [GO:0016020]	15.74
Polyketide	plasma membrane [GO:0005886]	15.74
Polyketide	euchromatin [GO:0000791]	15.74
Polyketide	chromatin [GO:0000785]	15.74
Polyketide	transcription regulator complex [GO:0005667]	15.74
Polyketide	nucleus [GO:0005634]	15.74
Polyketide	cytoplasm [GO:0005737]	15.74
Polyketide	Golgi apparatus [GO:0005794]	15.74
Polyketide	spindle pole body [GO:0005816]	20.3
Polyketide	perinuclear region of cytoplasm [GO:0048471]	20.3
Polyketide	kinetochore [GO:0000776]	20.3
Polyketide	nucleus [GO:0005634]	20.3
Polyketide	cytoplasm [GO:0005737]	20.3
Polyketide	extracellular space [GO:0005615]	12.3
Polyketide	extracellular region [GO:0005576]	12.3
Polyketide	extracellular exosome [GO:0070062]	12.3
Polyketide	nuclear envelope [GO:0005635]	14.67
Polyketide	perinuclear region of cytoplasm [GO:0048471]	14.67
Polyketide	cytosol [GO:0005829]	14.67
Polyketide	pericentriolar material [GO:0000242]	14.67
Polyketide	Golgi membrane [GO:0000139]	14.67
Polyketide	chromosome, telomeric region [GO:0000781]	14.67
Polyketide	nucleus [GO:0005634]	14.67
Polyketide	cytoplasm [GO:0005737]	14.67
Polyketide	host cell nucleus [GO:0042025]	14.88
Polyketide	host cell cytoplasm [GO:0030430]	14.88
Polyketide	protein-containing complex [GO:0032991]	18.06
Polyketide	endocytic vesicle membrane [GO:0030666]	18.06
Polyketide	cytosol [GO:0005829]	18.06
Polyketide	transcription repressor complex [GO:0017053]	18.06
Polyketide	nucleoplasm [GO:0005654]	18.06
Polyketide	plasma membrane [GO:0005886]	18.06
Polyketide	nucleus [GO:0005634]	18.06
Polyketide	cytoplasm [GO:0005737]	18.06
Polyketide	nucleolus [GO:0005730]	18.06
Polyketide	cell body [GO:0044297]	14.53
Polyketide	actin filament [GO:0005884]	14.53
Polyketide	skeletal muscle myofibril [GO:0098723]	14.53
Polyketide	stress fiber [GO:0001725]	14.53
Polyketide	filamentous actin [GO:0031941]	14.53
Polyketide	actin filament bundle [GO:0032432]	14.53
Polyketide	lamellipodium [GO:0030027]	14.53
Polyketide	striated muscle thin filament [GO:0005865]	14.53
Polyketide	cytoplasm [GO:0005737]	14.53
Polyketide	filopodium [GO:0030175]	14.53
Polyketide	sarcoplasmic reticulum membrane [GO:0033017]	20.36
Polyketide	cytoplasmic side of membrane [GO:0098562]	20.36
Polyketide	cytosol [GO:0005829]	20.36
Polyketide	Z disc [GO:0030018]	20.36
Polyketide	sarcoplasmic reticulum [GO:0016529]	20.36
Polyketide	terminal cisterna [GO:0014802]	20.36
Polyketide	membrane [GO:0016020]	20.36
Polyketide	ryanodine receptor complex [GO:1990425]	20.36
Polyketide	cytoplasm [GO:0005737]	20.36
Polyketide	host cell nucleus [GO:0042025]	21.83
Polyketide	viral envelope [GO:0019031]	21.83
Polyketide	host cell plasma membrane [GO:0020002]	21.83
Polyketide	host cell lipid droplet [GO:0044186]	21.83
Polyketide	host cell endoplasmic reticulum membrane [GO:0044167]	21.83
Polyketide	host cell mitochondrial membrane [GO:0044191]	21.83
Polyketide	ribonucleoprotein complex [GO:1990904]	21.83
Polyketide	membrane [GO:0016020]	21.83
Polyketide	viral nucleocapsid [GO:0019013]	21.83
Polyketide	virion membrane [GO:0055036]	21.83
Polyketide	host cell perinuclear region of cytoplasm [GO:0044220]	21.83
Polyketide	cell body [GO:0044297]	15.46
Polyketide	actin filament [GO:0005884]	15.46
Polyketide	skeletal muscle myofibril [GO:0098723]	15.46
Polyketide	stress fiber [GO:0001725]	15.46
Polyketide	filamentous actin [GO:0031941]	15.46
Polyketide	actin filament bundle [GO:0032432]	15.46
Polyketide	lamellipodium [GO:0030027]	15.46
Polyketide	striated muscle thin filament [GO:0005865]	15.46
Polyketide	cytoplasm [GO:0005737]	15.46
Polyketide	filopodium [GO:0030175]	15.46
Polyketide	transcription repressor complex [GO:0017053]	11.49
Polyketide	nucleoplasm [GO:0005654]	11.49
Polyketide	nucleus [GO:0005634]	11.49
Polyketide	endoplasmic reticulum [GO:0005783]	14.95
Polyketide	ribonucleoprotein complex [GO:1990904]	14.95
Polyketide	cytosol [GO:0005829]	14.95
Polyketide	plasma membrane [GO:0005886]	14.95
Polyketide	ribosome [GO:0005840]	14.95
Polyketide	vesicle [GO:0031982]	14.84
Polyketide	cytoplasm [GO:0005737]	14.84
Polyketide	secretory granule lumen [GO:0034774]	14.84
Polyketide	cytosol [GO:0005829]	14.84
Polyketide	ficolin-1-rich granule lumen [GO:1904813]	14.84
Polyketide	extracellular exosome [GO:0070062]	14.84
Polyketide	nucleoplasm [GO:0005654]	14.84
Polyketide	plasma membrane [GO:0005886]	14.84
Polyketide	extracellular region [GO:0005576]	14.84
Polyketide	extracellular space [GO:0005615]	14.84
Polyketide	cell surface [GO:0009986]	14.84
Polyketide	cytosol [GO:0005829]	12.49
Polyketide	extracellular exosome [GO:0070062]	12.49
Polyketide	histone deacetylase complex [GO:0000118]	9.32
Polyketide	nucleoplasm [GO:0005654]	9.32
Polyketide	nuclear chromosome [GO:0000228]	9.32
Polyketide	nucleus [GO:0005634]	9.32
Polyketide	cytoplasm [GO:0005737]	9.32
Polyketide	skeletal muscle myofibril [GO:0098723]	12.98
Polyketide	extracellular space [GO:0005615]	13.81
Polyketide	azurophil granule lumen [GO:0035578]	13.81
Polyketide	extracellular region [GO:0005576]	13.81
Polyketide	extracellular exosome [GO:0070062]	13.81
Polyketide	cytoplasm [GO:0005737]	14.01
Polyketide	postsynaptic density [GO:0014069]	13.18
Polyketide	glutamatergic synapse [GO:0098978]	13.18
Polyketide	plasma membrane [GO:0005886]	13.18
Polyketide	DAPK1-calmodulin complex [GO:1990722]	13.18
Polyketide	actin cytoskeleton [GO:0015629]	13.18
Polyketide	nucleus [GO:0005634]	13.18
Polyketide	cytoplasm [GO:0005737]	13.18
Polyketide	transcription repressor complex [GO:0017053]	18.1
Polyketide	nucleoplasm [GO:0005654]	18.1
Polyketide	nucleus [GO:0005634]	18.1
Polyketide	periplasmic space [GO:0042597]	19.14
Polyketide	node of Ranvier [GO:0033268]	11.0
Polyketide	synapse [GO:0045202]	11.0
Polyketide	plasma membrane [GO:0005886]	11.0
Polyketide	axon initial segment [GO:0043194]	11.0
Polyketide	voltage-gated potassium channel complex [GO:0008076]	11.0
Polyketide	dendrite [GO:0030425]	13.81
Polyketide	PML body [GO:0016605]	13.81
Polyketide	nuclear envelope [GO:0005635]	13.81
Polyketide	lysosome [GO:0005764]	13.81
Polyketide	endomembrane system [GO:0012505]	13.81
Polyketide	mitochondrial outer membrane [GO:0005741]	13.81
Polyketide	cytosol [GO:0005829]	13.81
Polyketide	Golgi membrane [GO:0000139]	13.81
Polyketide	nucleoplasm [GO:0005654]	13.81
Polyketide	endoplasmic reticulum membrane [GO:0005789]	13.81
Polyketide	membrane [GO:0016020]	13.81
Polyketide	TORC1 complex [GO:0031931]	13.81
Polyketide	nucleus [GO:0005634]	13.81
Polyketide	TORC2 complex [GO:0031932]	13.81
Polyketide	lysosomal membrane [GO:0005765]	13.81
Polyketide	cytoplasm [GO:0005737]	13.81
Polyketide	phagocytic vesicle [GO:0045335]	13.81
Polyketide	protein-containing complex [GO:0032991]	13.7
Polyketide	cytosol [GO:0005829]	13.7
Polyketide	nucleoplasm [GO:0005654]	13.7
Polyketide	membrane [GO:0016020]	13.7
Polyketide	plasma membrane [GO:0005886]	13.7
Polyketide	euchromatin [GO:0000791]	13.7
Polyketide	chromatin [GO:0000785]	13.7
Polyketide	transcription regulator complex [GO:0005667]	13.7
Polyketide	nucleus [GO:0005634]	13.7
Polyketide	cytoplasm [GO:0005737]	13.7
Polyketide	Golgi apparatus [GO:0005794]	13.7
Polyketide	extracellular space [GO:0005615]	10.49
Polyketide	azurophil granule lumen [GO:0035578]	10.49
Polyketide	extracellular region [GO:0005576]	10.49
Polyketide	extracellular exosome [GO:0070062]	10.49
Polyketide	PML body [GO:0016605]	16.83
Polyketide	Sin3 complex [GO:0016580]	16.83
Polyketide	protein kinase CK2 complex [GO:0005956]	16.83
Polyketide	cytosol [GO:0005829]	16.83
Polyketide	nucleoplasm [GO:0005654]	16.83
Polyketide	plasma membrane [GO:0005886]	16.83
Polyketide	nucleus [GO:0005634]	16.83
Polyketide	endoplasmic reticulum lumen [GO:0005788]	16.27
Polyketide	protein-containing complex [GO:0032991]	16.27
Polyketide	endoplasmic reticulum [GO:0005783]	16.27
Polyketide	extracellular exosome [GO:0070062]	16.27
Polyketide	blood microparticle [GO:0072562]	16.27
Polyketide	platelet alpha granule lumen [GO:0031093]	16.27
Polyketide	extracellular region [GO:0005576]	16.27
Polyketide	extracellular space [GO:0005615]	16.27
Polyketide	nucleus [GO:0005634]	16.27
Polyketide	cytoplasm [GO:0005737]	16.27
Polyketide	Golgi apparatus [GO:0005794]	16.27
Polyketide	melanosome [GO:0042470]	15.47
Polyketide	axonal growth cone [GO:0044295]	15.47
Polyketide	cell body [GO:0044297]	15.47
Polyketide	endomembrane system [GO:0012505]	15.47
Polyketide	lamellipodium [GO:0030027]	15.47
Polyketide	growth cone membrane [GO:0032584]	15.47
Polyketide	plasma membrane [GO:0005886]	15.47
Polyketide	axon [GO:0030424]	15.47
Polyketide	cell surface [GO:0009986]	15.47
Polyketide	skeletal muscle myofibril [GO:0098723]	13.05
Polyketide	lysosomal lumen [GO:0043202]	11.14
Polyketide	basolateral plasma membrane [GO:0016323]	11.14
Polyketide	secretory granule lumen [GO:0034774]	11.14
Polyketide	extracellular exosome [GO:0070062]	11.14
Polyketide	nucleoplasm [GO:0005654]	11.14
Polyketide	brush border membrane [GO:0031526]	11.14
Polyketide	cytoplasm [GO:0005737]	11.14
Polyketide	cell surface [GO:0009986]	11.14
Polyketide	neuronal cell body [GO:0043025]	11.14
Polyketide	endocytic vesicle lumen [GO:0071682]	11.14
Polyketide	melanosome [GO:0042470]	11.14
Polyketide	protein-containing complex [GO:0032991]	11.14
Polyketide	axonal growth cone [GO:0044295]	11.14
Polyketide	perinuclear region of cytoplasm [GO:0048471]	11.14
Polyketide	cytosol [GO:0005829]	11.14
Polyketide	sperm mitochondrial sheath [GO:0097226]	11.14
Polyketide	membrane [GO:0016020]	11.14
Polyketide	extracellular region [GO:0005576]	11.14
Polyketide	nucleus [GO:0005634]	11.14
Polyketide	sperm plasma membrane [GO:0097524]	11.14
Polyketide	collagen-containing extracellular matrix [GO:0062023]	11.14
Polyketide	myelin sheath [GO:0043209]	11.14
Polyketide	apical plasma membrane [GO:0016324]	11.14
Polyketide	ficolin-1-rich granule lumen [GO:1904813]	11.14
Polyketide	dendritic growth cone [GO:0044294]	11.14
Polyketide	plasma membrane [GO:0005886]	11.14
Polyketide	mitochondrion [GO:0005739]	11.14
Polyketide	nucleoplasm [GO:0005654]	19.04
Polyketide	nucleus [GO:0005634]	19.04
Polyketide	cytoplasm [GO:0005737]	19.04
Polyketide	nucleolus [GO:0005730]	19.04
Polyketide	protein-DNA complex [GO:0032993]	18.19
Polyketide	extracellular space [GO:0005615]	10.36
Polyketide	azurophil granule lumen [GO:0035578]	10.36
Polyketide	extracellular region [GO:0005576]	10.36
Polyketide	extracellular exosome [GO:0070062]	10.36
Polyketide	periplasmic space [GO:0042597]	9.68
Polyketide	extracellular space [GO:0005615]	11.95
Polyketide	azurophil granule lumen [GO:0035578]	11.95
Polyketide	extracellular region [GO:0005576]	11.95
Polyketide	extracellular exosome [GO:0070062]	11.95
Polyketide	histone deacetylase complex [GO:0000118]	10.23
Polyketide	protein-containing complex [GO:0032991]	14.28
Polyketide	condensed nuclear chromosome [GO:0000794]	14.28
Polyketide	centrosome [GO:0005813]	14.28
Polyketide	kinetochore [GO:0000776]	14.28
Polyketide	cytosol [GO:0005829]	14.28
Polyketide	nucleoplasm [GO:0005654]	14.28
Polyketide	microtubule [GO:0005874]	14.28
Polyketide	nucleus [GO:0005634]	14.28
Polyketide	spindle pole [GO:0000922]	14.28
Polyketide	midbody [GO:0030496]	14.28
Polyketide	cytoplasm [GO:0005737]	14.28
Polyketide	nucleolus [GO:0005730]	14.28
Polyketide	nucleus [GO:0005634]	12.66
Polyketide	cytosol [GO:0005829]	12.66
Polyketide	methionine adenosyltransferase complex [GO:0048269]	12.66
Polyketide	extracellular exosome [GO:0070062]	12.66
Polyketide	plasma membrane [GO:0005886]	9.71
Polyketide	cell division site [GO:0032153]	9.71
Polyketide	cytoplasm [GO:0005737]	9.71
Polyketide	mitochondrion [GO:0005739]	12.74
Polyketide	mitochondrial inner membrane [GO:0005743]	12.74
Polyketide	mitochondrial proton-transporting ATP synthase complex [GO:0005753]	12.74
Polyketide	mitochondrial proton-transporting ATP synthase complex, coupling factor F(o) [GO:0000276]	12.74
Polyketide	heterochromatin [GO:0000792]	11.1
Polyketide	chromosome [GO:0005694]	11.1
Polyketide	paranode region of axon [GO:0033270]	11.1
Polyketide	microtubule [GO:0005874]	11.1
Polyketide	juxtaparanode region of axon [GO:0044224]	11.1
Polyketide	chromatin silencing complex [GO:0005677]	11.1
Polyketide	cytoplasm [GO:0005737]	11.1
Polyketide	nucleolus [GO:0005730]	11.1
Polyketide	centrosome [GO:0005813]	11.1
Polyketide	meiotic spindle [GO:0072687]	11.1
Polyketide	paranodal junction [GO:0033010]	11.1
Polyketide	lateral loop [GO:0043219]	11.1
Polyketide	centriole [GO:0005814]	11.1
Polyketide	growth cone [GO:0030426]	11.1
Polyketide	perikaryon [GO:0043204]	11.1
Polyketide	midbody [GO:0030496]	11.1
Polyketide	perinuclear region of cytoplasm [GO:0048471]	11.1
Polyketide	cytosol [GO:0005829]	11.1
Polyketide	glial cell projection [GO:0097386]	11.1
Polyketide	chromosome, telomeric region [GO:0000781]	11.1
Polyketide	spindle [GO:0005819]	11.1
Polyketide	nucleus [GO:0005634]	11.1
Polyketide	myelin sheath [GO:0043209]	11.1
Polyketide	Schmidt-Lanterman incisure [GO:0043220]	11.1
Polyketide	mitotic spindle [GO:0072686]	11.1
Polyketide	plasma membrane [GO:0005886]	11.1
Polyketide	mitochondrion [GO:0005739]	11.1
Polyketide	membrane [GO:0016020]	15.44
Polyketide	plasma membrane [GO:0005886]	17.44
Polyketide	proton-transporting ATP synthase complex, catalytic core F(1) [GO:0045261]	7.08
Polyketide	mitochondrial proton-transporting ATP synthase complex [GO:0005753]	7.08
Polyketide	vesicle [GO:0031982]	6.73
Polyketide	cytoplasm [GO:0005737]	6.73
Polyketide	secretory granule lumen [GO:0034774]	6.73
Polyketide	cytosol [GO:0005829]	6.73
Polyketide	ficolin-1-rich granule lumen [GO:1904813]	6.73
Polyketide	extracellular exosome [GO:0070062]	6.73
Polyketide	nucleoplasm [GO:0005654]	6.73
Polyketide	plasma membrane [GO:0005886]	6.73
Polyketide	extracellular region [GO:0005576]	6.73
Polyketide	extracellular space [GO:0005615]	6.73
Polyketide	cell surface [GO:0009986]	6.73
Polyketide	nucleoplasm [GO:0005654]	18.07
Polyketide	mitochondrial respiratory chain complex I [GO:0005747]	18.07
Polyketide	extracellular space [GO:0005615]	14.48
Polyketide	extracellular space [GO:0005615]	8.94
Polyketide	azurophil granule lumen [GO:0035578]	8.94
Polyketide	extracellular region [GO:0005576]	8.94
Polyketide	extracellular exosome [GO:0070062]	8.94
Polyketide	nuclear envelope [GO:0005635]	10.64
Polyketide	perinuclear region of cytoplasm [GO:0048471]	10.64
Polyketide	cytosol [GO:0005829]	10.64
Polyketide	pericentriolar material [GO:0000242]	10.64
Polyketide	Golgi membrane [GO:0000139]	10.64
Polyketide	chromosome, telomeric region [GO:0000781]	10.64
Polyketide	nucleus [GO:0005634]	10.64
Polyketide	cytoplasm [GO:0005737]	10.64
Polyketide	plasma membrane [GO:0005886]	15.65
Polyketide	proton-transporting ATP synthase complex, coupling factor F(o) [GO:0045263]	15.65
Polyketide	histone deacetylase complex [GO:0000118]	10.79
Polyketide	nucleoplasm [GO:0005654]	10.79
Polyketide	nuclear chromosome [GO:0000228]	10.79
Polyketide	nucleus [GO:0005634]	10.79
Polyketide	cytoplasm [GO:0005737]	10.79
Polyketide	membrane-bounded organelle [GO:0043227]	12.43
Polyketide	plasma membrane [GO:0005886]	6.55
Polyketide	proton-transporting ATP synthase complex, coupling factor F(o) [GO:0045263]	6.55
Polyketide	calcium channel complex [GO:0034704]	14.03
Polyketide	sarcoplasmic reticulum membrane [GO:0033017]	14.03
Polyketide	cytosol [GO:0005829]	14.03
Polyketide	Z disc [GO:0030018]	14.03
Polyketide	membrane [GO:0016020]	14.03
Polyketide	cytoplasm [GO:0005737]	14.03
Polyketide	cytoplasm [GO:0005737]	15.15
Polyketide	membrane [GO:0016020]	8.29
Polyketide	dendrite [GO:0030425]	19.61
Polyketide	neuron projection [GO:0043005]	19.61
Polyketide	intracellular membrane-bounded organelle [GO:0043231]	19.61
Polyketide	plasma membrane [GO:0005886]	19.61
Polyketide	postsynaptic membrane [GO:0045211]	19.61
Polyketide	synapse [GO:0045202]	19.61
Polyketide	glycine-gated chloride channel complex [GO:0016935]	19.61
Polyketide	perikaryon [GO:0043204]	19.61
Polyketide	membrane [GO:0016020]	18.55
Polyketide	host cell plasma membrane [GO:0020002]	11.56
Polyketide	host cell endosome membrane [GO:0044175]	11.56
Polyketide	host cell cytosol [GO:0044164]	11.56
Polyketide	membrane [GO:0016020]	11.56
Polyketide	extracellular region [GO:0005576]	11.56
Polyketide	plasma membrane [GO:0005886]	18.63
Polyketide	DNA-directed RNA polymerase complex [GO:0000428]	18.63
Polyketide	cytosol [GO:0005829]	18.63
Polyketide	peptidoglycan-based cell wall [GO:0009274]	18.63
Polyketide	protein-containing complex [GO:0032991]	17.39
Polyketide	cytosol [GO:0005829]	17.39
Polyketide	nucleoplasm [GO:0005654]	17.39
Polyketide	membrane [GO:0016020]	17.39
Polyketide	plasma membrane [GO:0005886]	17.39
Polyketide	euchromatin [GO:0000791]	17.39
Polyketide	chromatin [GO:0000785]	17.39
Polyketide	transcription regulator complex [GO:0005667]	17.39
Polyketide	nucleus [GO:0005634]	17.39
Polyketide	cytoplasm [GO:0005737]	17.39
Polyketide	Golgi apparatus [GO:0005794]	17.39
Polyketide	protein-containing complex [GO:0032991]	17.02
Polyketide	cytosol [GO:0005829]	17.02
Polyketide	nucleoplasm [GO:0005654]	17.02
Polyketide	membrane [GO:0016020]	17.02
Polyketide	plasma membrane [GO:0005886]	17.02
Polyketide	euchromatin [GO:0000791]	17.02
Polyketide	chromatin [GO:0000785]	17.02
Polyketide	transcription regulator complex [GO:0005667]	17.02
Polyketide	nucleus [GO:0005634]	17.02
Polyketide	cytoplasm [GO:0005737]	17.02
Polyketide	Golgi apparatus [GO:0005794]	17.02
Polyketide	RSC-type complex [GO:0016586]	5.59
Polyketide	kinetochore [GO:0000776]	5.59
Polyketide	SWI/SNF complex [GO:0016514]	5.59
Polyketide	nucleoplasm [GO:0005654]	5.59
Polyketide	nuclear matrix [GO:0016363]	5.59
Polyketide	chromatin [GO:0000785]	5.59
Polyketide	nuclear chromosome [GO:0000228]	5.59
Polyketide	nucleus [GO:0005634]	5.59
Polyketide	chloride channel complex [GO:0034707]	14.87
Polyketide	postsynaptic membrane [GO:0045211]	14.87
Polyketide	perikaryon [GO:0043204]	14.87
Polyketide	membrane [GO:0016020]	14.87
Polyketide	plasma membrane [GO:0005886]	14.87
Polyketide	dendrite [GO:0030425]	14.87
Polyketide	neuron projection [GO:0043005]	14.87
Polyketide	synapse [GO:0045202]	14.87
Polyketide	endoplasmic reticulum lumen [GO:0005788]	20.18
Polyketide	endoplasmic reticulum [GO:0005783]	20.18
Polyketide	cytosol [GO:0005829]	20.18
Polyketide	lipid droplet [GO:0005811]	20.18
Polyketide	cytoplasm [GO:0005737]	20.18
Polyketide	cell body [GO:0044297]	12.91
Polyketide	actin filament [GO:0005884]	12.91
Polyketide	skeletal muscle myofibril [GO:0098723]	12.91
Polyketide	stress fiber [GO:0001725]	12.91
Polyketide	filamentous actin [GO:0031941]	12.91
Polyketide	actin filament bundle [GO:0032432]	12.91
Polyketide	lamellipodium [GO:0030027]	12.91
Polyketide	striated muscle thin filament [GO:0005865]	12.91
Polyketide	cytoplasm [GO:0005737]	12.91
Polyketide	filopodium [GO:0030175]	12.91
Polyketide	mitochondrial proton-transporting ATP synthase complex [GO:0005753]	12.36
Polyketide	cytosol [GO:0005829]	12.36
Polyketide	mitochondrial proton-transporting ATP synthase complex, coupling factor F(o) [GO:0000276]	12.36
Polyketide	mitochondrion [GO:0005739]	12.36
Polyketide	mitochondrial intermembrane space [GO:0005758]	12.36
Polyketide	mitochondrial inner membrane [GO:0005743]	12.36
Polyketide	chromosome [GO:0005694]	14.82
Polyketide	DNA topoisomerase type II (double strand cut, ATP-hydrolyzing) complex [GO:0009330]	14.82
Polyketide	cytoplasm [GO:0005737]	14.82
Polyketide	cytosol [GO:0005829]	14.82
Polyketide	extracellular space [GO:0005615]	10.52
Polyketide	protein-containing complex [GO:0032991]	10.52
Polyketide	aggresome [GO:0016235]	15.9
Polyketide	cell projection [GO:0042995]	15.9
Polyketide	secretory granule membrane [GO:0030667]	15.9
Polyketide	ficolin-1-rich granule membrane [GO:0101003]	15.9
Polyketide	tertiary granule membrane [GO:0070821]	15.9
Polyketide	extracellular exosome [GO:0070062]	15.9
Polyketide	plasma membrane [GO:0005886]	15.9
Polyketide	membrane [GO:0016020]	15.9
Polyketide	specific granule membrane [GO:0035579]	15.9
Polyketide	perikaryon [GO:0043204]	15.9
Polyketide	melanosome [GO:0042470]	4.88
Polyketide	axonal growth cone [GO:0044295]	4.88
Polyketide	cell body [GO:0044297]	4.88
Polyketide	endomembrane system [GO:0012505]	4.88
Polyketide	lamellipodium [GO:0030027]	4.88
Polyketide	growth cone membrane [GO:0032584]	4.88
Polyketide	plasma membrane [GO:0005886]	4.88
Polyketide	axon [GO:0030424]	4.88
Polyketide	cell surface [GO:0009986]	4.88
Polyketide	secretory granule membrane [GO:0030667]	27.71
Polyketide	clathrin-sculpted monoamine transport vesicle membrane [GO:0070083]	27.71
Polyketide	terminal bouton [GO:0043195]	27.71
Polyketide	synaptic vesicle membrane [GO:0030672]	27.71
Polyketide	presynapse [GO:0098793]	27.71
Polyketide	endoplasmic reticulum membrane [GO:0005789]	27.71
Polyketide	presynaptic active zone cytoplasmic component [GO:0098831]	17.26
Polyketide	glutamatergic synapse [GO:0098978]	17.26
Polyketide	guanylate cyclase complex, soluble [GO:0008074]	17.26
Polyketide	cytosol [GO:0005829]	17.26
Polyketide	histone deacetylase complex [GO:0000118]	17.96
Polyketide	extracellular region [GO:0005576]	15.18
Polyketide	dendrite [GO:0030425]	18.27
Polyketide	chloride channel complex [GO:0034707]	18.27
Polyketide	neuron projection [GO:0043005]	18.27
Polyketide	plasma membrane [GO:0005886]	18.27
Polyketide	membrane [GO:0016020]	18.27
Polyketide	postsynaptic membrane [GO:0045211]	18.27
Polyketide	synapse [GO:0045202]	18.27
Polyketide	perikaryon [GO:0043204]	18.27
Polyketide	cell body [GO:0044297]	14.93
Polyketide	actin filament [GO:0005884]	14.93
Polyketide	skeletal muscle myofibril [GO:0098723]	14.93
Polyketide	stress fiber [GO:0001725]	14.93
Polyketide	filamentous actin [GO:0031941]	14.93
Polyketide	actin filament bundle [GO:0032432]	14.93
Polyketide	lamellipodium [GO:0030027]	14.93
Polyketide	striated muscle thin filament [GO:0005865]	14.93
Polyketide	cytoplasm [GO:0005737]	14.93
Polyketide	filopodium [GO:0030175]	14.93
Polyketide	cytoplasm [GO:0005737]	4.0
Polyketide	extracellular exosome [GO:0070062]	15.25
Polyketide	cytosol [GO:0005829]	15.25
Polyketide	nucleoplasm [GO:0005654]	15.25
Polyketide	protein-containing complex [GO:0032991]	15.25
Polyketide	peroxisomal matrix [GO:0005782]	15.25
Polyketide	apical cortex [GO:0045179]	15.25
Polyketide	nucleus [GO:0005634]	15.25
Polyketide	plasma membrane [GO:0005886]	12.98
Polyketide	proton-transporting ATP synthase complex, coupling factor F(o) [GO:0045263]	12.98
Polyketide	cytosol [GO:0005829]	13.77
Polyketide	nucleoplasm [GO:0005654]	13.79
Polyketide	nucleus [GO:0005634]	13.79
Polyketide	cytoplasm [GO:0005737]	13.79
Polyketide	cytoplasm [GO:0005737]	16.59
Polyketide	cytosol [GO:0005829]	11.55
Polyketide	nucleoplasm [GO:0005654]	11.55
Polyketide	endoplasmic reticulum membrane [GO:0005789]	11.55
Polyketide	receptor complex [GO:0043235]	11.55
Polyketide	chromatin [GO:0000785]	11.55
Polyketide	extracellular region [GO:0005576]	9.21
Polyketide	respirasome [GO:0070469]	16.53
Polyketide	mitochondrial inner membrane [GO:0005743]	16.53
Polyketide	efflux pump complex [GO:1990281]	18.15
Polyketide	outer membrane-bounded periplasmic space [GO:0030288]	18.15
Polyketide	periplasmic side of plasma membrane [GO:0098567]	18.15
Polyketide	plasma membrane [GO:0005886]	18.15
Polyketide	membrane [GO:0016020]	18.15
Polyketide	respirasome [GO:0070469]	17.7
Polyketide	mitochondrial inner membrane [GO:0005743]	17.7
Polyketide	cytoplasmic side of endoplasmic reticulum membrane [GO:0098554]	17.36
Polyketide	protein-containing complex [GO:0032991]	17.36
Polyketide	endoplasmic reticulum [GO:0005783]	17.36
Polyketide	sorting endosome [GO:0097443]	17.36
Polyketide	endosome lumen [GO:0031904]	17.36
Polyketide	early endosome [GO:0005769]	17.36
Polyketide	cytosol [GO:0005829]	17.36
Polyketide	mitochondrial crista [GO:0030061]	17.36
Polyketide	mitochondrial matrix [GO:0005759]	17.36
Polyketide	cytoplasm [GO:0005737]	17.36
Polyketide	intracellular membrane-bounded organelle [GO:0043231]	8.69
Polyketide	endoplasmic reticulum membrane [GO:0005789]	8.69
Polyketide	cytoplasm [GO:0005737]	8.69
Polyketide	cytoplasmic microtubule [GO:0005881]	8.69
Polyketide	nuclear chromosome [GO:0000228]	19.5
Polyketide	histone deacetylase complex [GO:0000118]	19.5
Polyketide	cytoplasm [GO:0005737]	19.5
Polyketide	nucleoplasm [GO:0005654]	19.5
Polyketide	nucleus [GO:0005634]	19.5
Polyketide	plasma membrane [GO:0005886]	15.36
Polyketide	peptidoglycan-based cell wall [GO:0009274]	15.36
Polyketide	cytosol [GO:0005829]	16.37
Polyketide	nucleoplasm [GO:0005654]	16.37
Polyketide	receptor complex [GO:0043235]	16.37
Polyketide	RNA polymerase II transcription regulator complex [GO:0090575]	16.37
Polyketide	chromatin [GO:0000785]	16.37
Polyketide	nucleus [GO:0005634]	16.37
Polyketide	cytosol [GO:0005829]	17.74
Polyketide	extracellular exosome [GO:0070062]	17.74
Polyketide	nucleoplasm [GO:0005654]	17.74
Polyketide	membrane [GO:0016020]	17.74
Polyketide	plasma membrane [GO:0005886]	17.74
Polyketide	external side of plasma membrane [GO:0009897]	17.74
Polyketide	cell surface [GO:0009986]	17.74
Polyketide	host cell nucleus [GO:0042025]	18.07
Polyketide	virion component [GO:0044423]	18.07
Polyketide	protein-containing complex [GO:0032991]	12.99
Polyketide	cytosol [GO:0005829]	12.99
Polyketide	nucleoplasm [GO:0005654]	12.99
Polyketide	membrane [GO:0016020]	12.99
Polyketide	plasma membrane [GO:0005886]	12.99
Polyketide	euchromatin [GO:0000791]	12.99
Polyketide	chromatin [GO:0000785]	12.99
Polyketide	transcription regulator complex [GO:0005667]	12.99
Polyketide	nucleus [GO:0005634]	12.99
Polyketide	cytoplasm [GO:0005737]	12.99
Polyketide	Golgi apparatus [GO:0005794]	12.99
Polyketide	protein-containing complex [GO:0032991]	9.98
Polyketide	cytosol [GO:0005829]	9.98
Polyketide	nucleoplasm [GO:0005654]	9.98
Polyketide	membrane [GO:0016020]	9.98
Polyketide	plasma membrane [GO:0005886]	9.98
Polyketide	euchromatin [GO:0000791]	9.98
Polyketide	chromatin [GO:0000785]	9.98
Polyketide	transcription regulator complex [GO:0005667]	9.98
Polyketide	nucleus [GO:0005634]	9.98
Polyketide	cytoplasm [GO:0005737]	9.98
Polyketide	Golgi apparatus [GO:0005794]	9.98
Polyketide	viral envelope [GO:0019031]	10.84
Polyketide	host cell plasma membrane [GO:0020002]	10.84
Polyketide	host cell endoplasmic reticulum [GO:0044165]	10.84
Polyketide	virion membrane [GO:0055036]	10.84
Polyketide	extracellular region [GO:0005576]	10.84
Polyketide	membrane raft [GO:0045121]	10.84
Polyketide	host cell cytoplasm [GO:0030430]	10.84
Polyketide	membrane [GO:0016020]	11.63
Polyketide	nucleoplasm [GO:0005654]	15.7
Polyketide	chromatin [GO:0000785]	15.7
Polyketide	chromosome [GO:0005694]	17.53
Polyketide	cytoplasm [GO:0005737]	17.53
Polyketide	proton-transporting V-type ATPase complex [GO:0033176]	9.59
Polyketide	vacuolar proton-transporting V-type ATPase, V0 domain [GO:0000220]	9.59
Polyketide	Golgi membrane [GO:0000139]	9.59
Polyketide	membrane [GO:0016020]	9.59
Polyketide	vacuolar proton-transporting V-type ATPase complex [GO:0016471]	9.59
Polyketide	fungal-type vacuole membrane [GO:0000329]	9.59
Polyketide	perinuclear region of cytoplasm [GO:0048471]	8.34
Polyketide	Golgi membrane [GO:0000139]	8.34
Polyketide	endoplasmic reticulum membrane [GO:0005789]	8.34
Polyketide	membrane [GO:0016020]	8.34
Polyketide	extracellular region [GO:0005576]	8.34
Polyketide	Golgi stack [GO:0005795]	8.34
Polyketide	Golgi cisterna membrane [GO:0032580]	8.34
Polyketide	Golgi apparatus [GO:0005794]	8.34
Polyketide	vacuolar proton-transporting V-type ATPase, V0 domain [GO:0000220]	9.86
Polyketide	synaptic vesicle membrane [GO:0030672]	9.86
Polyketide	clathrin-coated vesicle membrane [GO:0030665]	9.86
Polyketide	protein-containing complex [GO:0032991]	9.0
Polyketide	endocytic vesicle membrane [GO:0030666]	9.0
Polyketide	cytosol [GO:0005829]	9.0
Polyketide	transcription repressor complex [GO:0017053]	9.0
Polyketide	nucleoplasm [GO:0005654]	9.0
Polyketide	plasma membrane [GO:0005886]	9.0
Polyketide	nucleus [GO:0005634]	9.0
Polyketide	cytoplasm [GO:0005737]	9.0
Polyketide	nucleolus [GO:0005730]	9.0
Polyketide	proton-transporting V-type ATPase complex [GO:0033176]	17.69
Polyketide	vacuolar proton-transporting V-type ATPase, V0 domain [GO:0000220]	17.69
Polyketide	Golgi membrane [GO:0000139]	17.69
Polyketide	membrane [GO:0016020]	17.69
Polyketide	vacuolar proton-transporting V-type ATPase complex [GO:0016471]	17.69
Polyketide	fungal-type vacuole membrane [GO:0000329]	17.69
Polyketide	plasma membrane [GO:0005886]	13.44
Polyketide	proton-transporting ATP synthase complex, coupling factor F(o) [GO:0045263]	13.44
Polyketide	microtubule [GO:0005874]	14.43
Polyketide	cytoplasm [GO:0005737]	14.43
Polyketide	microtubule cytoskeleton [GO:0015630]	14.43
Polyketide	nucleus [GO:0005634]	-1.0
Polyketide	T-tubule [GO:0030315]	14.16
Polyketide	external side of plasma membrane [GO:0009897]	14.16
Polyketide	clathrin-coated pit [GO:0005905]	14.16
Polyketide	membrane [GO:0016020]	14.16
Polyketide	extracellular exosome [GO:0070062]	14.16
Polyketide	cytosol [GO:0005829]	14.16
Polyketide	sarcolemma [GO:0042383]	14.16
Polyketide	vesicle membrane [GO:0012506]	14.16
Polyketide	trans-Golgi network [GO:0005802]	14.16
Polyketide	perinuclear region of cytoplasm [GO:0048471]	14.16
Polyketide	sarcoplasmic reticulum [GO:0016529]	14.16
Polyketide	insulin-responsive compartment [GO:0032593]	14.16
Polyketide	endomembrane system [GO:0012505]	14.16
Polyketide	clathrin-coated vesicle [GO:0030136]	14.16
Polyketide	plasma membrane [GO:0005886]	14.16
Polyketide	membrane raft [GO:0045121]	14.16
Polyketide	presynapse [GO:0098793]	14.16
Polyketide	multivesicular body [GO:0005771]	14.16
Polyketide	cytoplasmic vesicle membrane [GO:0030659]	14.16
Polyketide	trans-Golgi network transport vesicle [GO:0030140]	14.16
Polyketide	nucleoplasm [GO:0005654]	16.47
Polyketide	cytosol [GO:0005829]	16.47
Polyketide	extracellular exosome [GO:0070062]	16.47
Polyketide	plasma membrane [GO:0005886]	19.56
Polyketide	periplasmic side of plasma membrane [GO:0098567]	19.56
Polyketide	membrane [GO:0016020]	19.56
Polyketide	outer membrane-bounded periplasmic space [GO:0030288]	19.56
Polyketide	efflux pump complex [GO:1990281]	19.56
Polyketide	plasma membrane [GO:0005886]	8.49
Polyketide	proton-transporting ATP synthase complex, coupling factor F(o) [GO:0045263]	8.49
Polyketide	membrane [GO:0016020]	17.2
Polyketide	endoplasmic reticulum [GO:0005783]	17.2
Polyketide	endoplasmic reticulum membrane [GO:0005789]	17.2
Polyketide	node of Ranvier [GO:0033268]	13.41
Polyketide	synapse [GO:0045202]	13.41
Polyketide	plasma membrane [GO:0005886]	13.41
Polyketide	axon initial segment [GO:0043194]	13.41
Polyketide	voltage-gated potassium channel complex [GO:0008076]	13.41
Polyketide	sarcoplasmic reticulum membrane [GO:0033017]	18.44
Polyketide	cytoplasmic side of membrane [GO:0098562]	18.44
Polyketide	cytosol [GO:0005829]	18.44
Polyketide	Z disc [GO:0030018]	18.44
Polyketide	sarcoplasmic reticulum [GO:0016529]	18.44
Polyketide	terminal cisterna [GO:0014802]	18.44
Polyketide	membrane [GO:0016020]	18.44
Polyketide	ryanodine receptor complex [GO:1990425]	18.44
Polyketide	cytoplasm [GO:0005737]	18.44
Polyketide	node of Ranvier [GO:0033268]	10.52
Polyketide	synapse [GO:0045202]	10.52
Polyketide	plasma membrane [GO:0005886]	10.52
Polyketide	axon initial segment [GO:0043194]	10.52
Polyketide	voltage-gated potassium channel complex [GO:0008076]	10.52
Polyketide	periplasmic space [GO:0042597]	21.96
Polyketide	periplasmic space [GO:0042597]	19.16
Polyketide	postsynaptic density [GO:0014069]	12.42
Polyketide	glutamatergic synapse [GO:0098978]	12.42
Polyketide	plasma membrane [GO:0005886]	12.42
Polyketide	DAPK1-calmodulin complex [GO:1990722]	12.42
Polyketide	actin cytoskeleton [GO:0015629]	12.42
Polyketide	nucleus [GO:0005634]	12.42
Polyketide	cytoplasm [GO:0005737]	12.42
Polyketide	microtubule [GO:0005874]	12.4
Polyketide	cytoplasm [GO:0005737]	12.4
Polyketide	microtubule cytoskeleton [GO:0015630]	12.4
Polyketide	protein-containing complex [GO:0032991]	15.79
Polyketide	cytosol [GO:0005829]	15.79
Polyketide	nucleoplasm [GO:0005654]	15.79
Polyketide	membrane [GO:0016020]	15.79
Polyketide	plasma membrane [GO:0005886]	15.79
Polyketide	euchromatin [GO:0000791]	15.79
Polyketide	chromatin [GO:0000785]	15.79
Polyketide	transcription regulator complex [GO:0005667]	15.79
Polyketide	nucleus [GO:0005634]	15.79
Polyketide	cytoplasm [GO:0005737]	15.79
Polyketide	Golgi apparatus [GO:0005794]	15.79
Polyketide	lysosomal lumen [GO:0043202]	-1.0
Polyketide	basolateral plasma membrane [GO:0016323]	-1.0
Polyketide	secretory granule lumen [GO:0034774]	-1.0
Polyketide	extracellular exosome [GO:0070062]	-1.0
Polyketide	nucleoplasm [GO:0005654]	-1.0
Polyketide	brush border membrane [GO:0031526]	-1.0
Polyketide	cytoplasm [GO:0005737]	-1.0
Polyketide	cell surface [GO:0009986]	-1.0
Polyketide	neuronal cell body [GO:0043025]	-1.0
Polyketide	endocytic vesicle lumen [GO:0071682]	-1.0
Polyketide	melanosome [GO:0042470]	-1.0
Polyketide	protein-containing complex [GO:0032991]	-1.0
Polyketide	axonal growth cone [GO:0044295]	-1.0
Polyketide	perinuclear region of cytoplasm [GO:0048471]	-1.0
Polyketide	cytosol [GO:0005829]	-1.0
Polyketide	sperm mitochondrial sheath [GO:0097226]	-1.0
Polyketide	membrane [GO:0016020]	-1.0
Polyketide	extracellular region [GO:0005576]	-1.0
Polyketide	nucleus [GO:0005634]	-1.0
Polyketide	sperm plasma membrane [GO:0097524]	-1.0
Polyketide	collagen-containing extracellular matrix [GO:0062023]	-1.0
Polyketide	myelin sheath [GO:0043209]	-1.0
Polyketide	apical plasma membrane [GO:0016324]	-1.0
Polyketide	ficolin-1-rich granule lumen [GO:1904813]	-1.0
Polyketide	dendritic growth cone [GO:0044294]	-1.0
Polyketide	plasma membrane [GO:0005886]	-1.0
Polyketide	mitochondrion [GO:0005739]	-1.0
Polyketide	extracellular space [GO:0005615]	12.89
Polyketide	azurophil granule lumen [GO:0035578]	12.89
Polyketide	extracellular region [GO:0005576]	12.89
Polyketide	extracellular exosome [GO:0070062]	12.89
Polyketide	melanosome [GO:0042470]	11.28
Polyketide	axonal growth cone [GO:0044295]	11.28
Polyketide	cell body [GO:0044297]	11.28
Polyketide	endomembrane system [GO:0012505]	11.28
Polyketide	lamellipodium [GO:0030027]	11.28
Polyketide	growth cone membrane [GO:0032584]	11.28
Polyketide	plasma membrane [GO:0005886]	11.28
Polyketide	axon [GO:0030424]	11.28
Polyketide	cell surface [GO:0009986]	11.28
Polyketide	PML body [GO:0016605]	14.8
Polyketide	Sin3 complex [GO:0016580]	14.8
Polyketide	protein kinase CK2 complex [GO:0005956]	14.8
Polyketide	cytosol [GO:0005829]	14.8
Polyketide	nucleoplasm [GO:0005654]	14.8
Polyketide	plasma membrane [GO:0005886]	14.8
Polyketide	nucleus [GO:0005634]	14.8
Polyketide	endoplasmic reticulum lumen [GO:0005788]	16.31
Polyketide	protein-containing complex [GO:0032991]	16.31
Polyketide	endoplasmic reticulum [GO:0005783]	16.31
Polyketide	extracellular exosome [GO:0070062]	16.31
Polyketide	blood microparticle [GO:0072562]	16.31
Polyketide	platelet alpha granule lumen [GO:0031093]	16.31
Polyketide	extracellular region [GO:0005576]	16.31
Polyketide	extracellular space [GO:0005615]	16.31
Polyketide	nucleus [GO:0005634]	16.31
Polyketide	cytoplasm [GO:0005737]	16.31
Polyketide	Golgi apparatus [GO:0005794]	16.31
Polyketide	cytosol [GO:0005829]	18.43
Polyketide	extracellular exosome [GO:0070062]	18.43
Polyketide	nucleoplasm [GO:0005654]	18.43
Polyketide	membrane [GO:0016020]	18.43
Polyketide	cytoplasm [GO:0005737]	18.43
Polyketide	periplasmic space [GO:0042597]	9.39
Polyketide	protein-containing complex [GO:0032991]	15.98
Polyketide	endocytic vesicle membrane [GO:0030666]	15.98
Polyketide	cytosol [GO:0005829]	15.98
Polyketide	transcription repressor complex [GO:0017053]	15.98
Polyketide	nucleoplasm [GO:0005654]	15.98
Polyketide	plasma membrane [GO:0005886]	15.98
Polyketide	nucleus [GO:0005634]	15.98
Polyketide	cytoplasm [GO:0005737]	15.98
Polyketide	nucleolus [GO:0005730]	15.98
Polyketide	cytoplasm [GO:0005737]	11.38
Polyketide	RISC complex [GO:0016442]	11.38
Polyketide	cytosol [GO:0005829]	11.38
Polyketide	P-body [GO:0000932]	11.38
Polyketide	nucleoplasm [GO:0005654]	11.38
Polyketide	cytoplasmic ribonucleoprotein granule [GO:0036464]	11.38
Polyketide	cell junction [GO:0030054]	11.38
Polyketide	melanosome [GO:0042470]	13.31
Polyketide	perinuclear region of cytoplasm [GO:0048471]	13.31
Polyketide	sarcoplasmic reticulum lumen [GO:0033018]	13.31
Polyketide	endoplasmic reticulum [GO:0005783]	13.31
Polyketide	protein-containing complex [GO:0032991]	9.07
Polyketide	cytosol [GO:0005829]	9.07
Polyketide	nucleoplasm [GO:0005654]	9.07
Polyketide	membrane [GO:0016020]	9.07
Polyketide	plasma membrane [GO:0005886]	9.07
Polyketide	euchromatin [GO:0000791]	9.07
Polyketide	chromatin [GO:0000785]	9.07
Polyketide	transcription regulator complex [GO:0005667]	9.07
Polyketide	nucleus [GO:0005634]	9.07
Polyketide	cytoplasm [GO:0005737]	9.07
Polyketide	Golgi apparatus [GO:0005794]	9.07
Polyketide	cell body [GO:0044297]	14.65
Polyketide	actin filament [GO:0005884]	14.65
Polyketide	skeletal muscle myofibril [GO:0098723]	14.65
Polyketide	stress fiber [GO:0001725]	14.65
Polyketide	filamentous actin [GO:0031941]	14.65
Polyketide	actin filament bundle [GO:0032432]	14.65
Polyketide	lamellipodium [GO:0030027]	14.65
Polyketide	striated muscle thin filament [GO:0005865]	14.65
Polyketide	cytoplasm [GO:0005737]	14.65
Polyketide	filopodium [GO:0030175]	14.65
Polyketide	cytosol [GO:0005829]	12.88
Polyketide	mitochondrion [GO:0005739]	12.88
Polyketide	mitochondrial intermembrane space [GO:0005758]	12.88
Polyketide	mitochondrial matrix [GO:0005759]	12.88
Polyketide	nucleus [GO:0005634]	12.88
Polyketide	extracellular region [GO:0005576]	13.03
Polyketide	nuclear envelope [GO:0005635]	13.41
Polyketide	perinuclear region of cytoplasm [GO:0048471]	13.41
Polyketide	cytosol [GO:0005829]	13.41
Polyketide	pericentriolar material [GO:0000242]	13.41
Polyketide	Golgi membrane [GO:0000139]	13.41
Polyketide	chromosome, telomeric region [GO:0000781]	13.41
Polyketide	nucleus [GO:0005634]	13.41
Polyketide	cytoplasm [GO:0005737]	13.41
Polyketide	nucleoplasm [GO:0005654]	20.99
Polyketide	receptor complex [GO:0043235]	20.99
Polyketide	euchromatin [GO:0000791]	20.99
Polyketide	chromatin [GO:0000785]	20.99
Polyketide	periplasmic space [GO:0042597]	12.54
Polyketide	myelin sheath [GO:0043209]	12.05
Polyketide	cytosol [GO:0005829]	12.05
Polyketide	apical part of cell [GO:0045177]	12.05
Polyketide	extracellular exosome [GO:0070062]	12.05
Polyketide	plasma membrane [GO:0005886]	12.05
Polyketide	cytoplasm [GO:0005737]	12.05
Polyketide	vesicle [GO:0031982]	15.7
Polyketide	cytoplasm [GO:0005737]	15.7
Polyketide	secretory granule lumen [GO:0034774]	15.7
Polyketide	cytosol [GO:0005829]	15.7
Polyketide	ficolin-1-rich granule lumen [GO:1904813]	15.7
Polyketide	extracellular exosome [GO:0070062]	15.7
Polyketide	nucleoplasm [GO:0005654]	15.7
Polyketide	plasma membrane [GO:0005886]	15.7
Polyketide	extracellular region [GO:0005576]	15.7
Polyketide	extracellular space [GO:0005615]	15.7
Polyketide	cell surface [GO:0009986]	15.7
Polyketide	endoplasmic reticulum [GO:0005783]	6.3
Polyketide	ribonucleoprotein complex [GO:1990904]	6.3
Polyketide	cytosol [GO:0005829]	6.3
Polyketide	plasma membrane [GO:0005886]	6.3
Polyketide	ribosome [GO:0005840]	6.3
Polyketide	intracellular membrane-bounded organelle [GO:0043231]	13.22
Polyketide	nucleoplasm [GO:0005654]	13.22
Polyketide	mitochondrion [GO:0005739]	13.22
Polyketide	chromatin [GO:0000785]	13.22
Polyketide	nucleus [GO:0005634]	13.22
Polyketide	host cell endoplasmic reticulum-Golgi intermediate compartment [GO:0044172]	11.53
Polyketide	double membrane vesicle viral factory outer membrane [GO:0062243]	11.53
Polyketide	host cell perinuclear region of cytoplasm [GO:0044220]	11.53
Polyketide	host cell endosome [GO:0044174]	11.53
Polyketide	host cell nucleus [GO:0042025]	11.53
Polyketide	membrane [GO:0016020]	11.53
Polyketide	host cell endoplasmic reticulum membrane [GO:0044167]	11.53
Polyketide	host cell Golgi apparatus [GO:0044177]	11.53
Polyketide	extracellular space [GO:0005615]	10.8
Polyketide	azurophil granule lumen [GO:0035578]	10.8
Polyketide	extracellular region [GO:0005576]	10.8
Polyketide	extracellular exosome [GO:0070062]	10.8
Polyketide	plasma membrane [GO:0005886]	6.37
Polyketide	calcium channel complex [GO:0034704]	6.37
Polyketide	cytosol [GO:0005829]	14.38
Polyketide	nucleoplasm [GO:0005654]	14.38
Polyketide	plasma membrane [GO:0005886]	14.38
Polyketide	nucleus [GO:0005634]	14.38
Polyketide	cytoplasm [GO:0005737]	14.38
Polyketide	nucleolus [GO:0005730]	14.38
Polyketide	mitochondrial proton-transporting ATP synthase complex, catalytic sector F(1) [GO:0000275]	13.72
Polyketide	mitochondrial proton-transporting ATP synthase complex [GO:0005753]	13.72
Polyketide	focal adhesion [GO:0005925]	10.69
Polyketide	cytosol [GO:0005829]	10.69
Polyketide	extracellular exosome [GO:0070062]	10.69
Polyketide	glutamatergic synapse [GO:0098978]	10.69
Polyketide	membrane [GO:0016020]	10.69
Polyketide	blood microparticle [GO:0072562]	10.69
Polyketide	cell cortex [GO:0005938]	10.69
Polyketide	cytoskeleton [GO:0005856]	10.69
Polyketide	nucleus [GO:0005634]	10.69
Polyketide	cytoplasm [GO:0005737]	10.69
Polyketide	vesicle [GO:0031982]	14.67
Polyketide	cytoplasm [GO:0005737]	14.67
Polyketide	secretory granule lumen [GO:0034774]	14.67
Polyketide	cytosol [GO:0005829]	14.67
Polyketide	ficolin-1-rich granule lumen [GO:1904813]	14.67
Polyketide	extracellular exosome [GO:0070062]	14.67
Polyketide	nucleoplasm [GO:0005654]	14.67
Polyketide	plasma membrane [GO:0005886]	14.67
Polyketide	extracellular region [GO:0005576]	14.67
Polyketide	extracellular space [GO:0005615]	14.67
Polyketide	cell surface [GO:0009986]	14.67
Polyketide	histone deacetylase complex [GO:0000118]	11.46
Polyketide	membrane [GO:0016020]	16.46
Polyketide	juxtaparanode region of axon [GO:0044224]	-1.0
Polyketide	perikaryon [GO:0043204]	-1.0
Polyketide	paranodal junction [GO:0033010]	-1.0
Polyketide	cytosol [GO:0005829]	-1.0
Polyketide	cytoplasm [GO:0005737]	-1.0
Polyketide	chromosome [GO:0005694]	-1.0
Polyketide	heterochromatin [GO:0000792]	-1.0
Polyketide	perinuclear region of cytoplasm [GO:0048471]	-1.0
Polyketide	spindle [GO:0005819]	-1.0
Polyketide	chromosome, telomeric region [GO:0000781]	-1.0
Polyketide	microtubule [GO:0005874]	-1.0
Polyketide	mitochondrion [GO:0005739]	-1.0
Polyketide	midbody [GO:0030496]	-1.0
Polyketide	nucleolus [GO:0005730]	-1.0
Polyketide	myelin sheath [GO:0043209]	-1.0
Polyketide	paranode region of axon [GO:0033270]	-1.0
Polyketide	centrosome [GO:0005813]	-1.0
Polyketide	centriole [GO:0005814]	-1.0
Polyketide	plasma membrane [GO:0005886]	-1.0
Polyketide	glial cell projection [GO:0097386]	-1.0
Polyketide	mitotic spindle [GO:0072686]	-1.0
Polyketide	growth cone [GO:0030426]	-1.0
Polyketide	chromatin silencing complex [GO:0005677]	-1.0
Polyketide	Schmidt-Lanterman incisure [GO:0043220]	-1.0
Polyketide	lateral loop [GO:0043219]	-1.0
Polyketide	meiotic spindle [GO:0072687]	-1.0
Polyketide	nucleus [GO:0005634]	-1.0
Polyketide	mitochondrion [GO:0005739]	15.11
Polyketide	mitochondrial inner membrane [GO:0005743]	15.11
Polyketide	mitochondrial proton-transporting ATP synthase complex [GO:0005753]	15.11
Polyketide	mitochondrial proton-transporting ATP synthase complex, coupling factor F(o) [GO:0000276]	15.11
Polyketide	sarcoplasmic reticulum membrane [GO:0033017]	16.84
Polyketide	postsynaptic density [GO:0014069]	16.84
Polyketide	Z disc [GO:0030018]	16.84
Polyketide	T-tubule [GO:0030315]	16.84
Polyketide	secretory granule [GO:0030141]	16.84
Polyketide	sarcolemma [GO:0042383]	16.84
Polyketide	cytoplasm [GO:0005737]	16.84
Polyketide	calyx of Held [GO:0044305]	16.84
Polyketide	azurophil granule [GO:0042582]	16.84
Polyketide	nuclear membrane [GO:0031965]	16.84
Polyketide	membrane raft [GO:0045121]	16.84
Polyketide	postsynaptic specialization, intracellular component [GO:0099091]	16.84
Polyketide	postsynaptic density, intracellular component [GO:0099092]	16.84
Polyketide	dendrite [GO:0030425]	16.84
Polyketide	protein-containing complex [GO:0032991]	16.84
Polyketide	perinuclear region of cytoplasm [GO:0048471]	16.84
Polyketide	cytosol [GO:0005829]	16.84
Polyketide	sarcoplasmic reticulum [GO:0016529]	16.84
Polyketide	glutamatergic synapse [GO:0098978]	16.84
Polyketide	dendritic spine [GO:0043197]	16.84
Polyketide	cell periphery [GO:0071944]	16.84
Polyketide	nucleus [GO:0005634]	16.84
Polyketide	mitochondrial outer membrane [GO:0005741]	16.84
Polyketide	plasma membrane [GO:0005886]	16.84
Polyketide	synapse [GO:0045202]	16.84
Polyketide	mitochondrion [GO:0005739]	16.84
Polyketide	photoreceptor inner segment [GO:0001917]	16.84
Polyketide	cytoskeleton [GO:0005856]	16.84
Polyketide	membrane [GO:0016020]	18.66
Polyketide	dendrite [GO:0030425]	16.93
Polyketide	neuron projection [GO:0043005]	16.93
Polyketide	intracellular membrane-bounded organelle [GO:0043231]	16.93
Polyketide	plasma membrane [GO:0005886]	16.93
Polyketide	postsynaptic membrane [GO:0045211]	16.93
Polyketide	synapse [GO:0045202]	16.93
Polyketide	glycine-gated chloride channel complex [GO:0016935]	16.93
Polyketide	perikaryon [GO:0043204]	16.93
Polyketide	membrane [GO:0016020]	18.78
Polyketide	RSC-type complex [GO:0016586]	8.72
Polyketide	kinetochore [GO:0000776]	8.72
Polyketide	SWI/SNF complex [GO:0016514]	8.72
Polyketide	nucleoplasm [GO:0005654]	8.72
Polyketide	nuclear matrix [GO:0016363]	8.72
Polyketide	chromatin [GO:0000785]	8.72
Polyketide	nuclear chromosome [GO:0000228]	8.72
Polyketide	nucleus [GO:0005634]	8.72
Polyketide	basolateral plasma membrane [GO:0016323]	12.44
Polyketide	plasma membrane [GO:0005886]	12.44
Polyketide	membrane [GO:0016020]	12.44
Polyketide	apical plasma membrane [GO:0016324]	12.44
Polyketide	plasma membrane [GO:0005886]	-1.0
Polyketide	proton-transporting ATP synthase complex, coupling factor F(o) [GO:0045263]	-1.0
Polyketide	protein-containing complex [GO:0032991]	14.46
Polyketide	endocytic vesicle membrane [GO:0030666]	14.46
Polyketide	cytosol [GO:0005829]	14.46
Polyketide	transcription repressor complex [GO:0017053]	14.46
Polyketide	nucleoplasm [GO:0005654]	14.46
Polyketide	plasma membrane [GO:0005886]	14.46
Polyketide	nucleus [GO:0005634]	14.46
Polyketide	cytoplasm [GO:0005737]	14.46
Polyketide	nucleolus [GO:0005730]	14.46
Polyketide	respirasome [GO:0070469]	17.3
Polyketide	mitochondrion [GO:0005739]	17.3
Polyketide	mitochondrial inner membrane [GO:0005743]	17.3
Polyketide	plasma membrane [GO:0005886]	10.45
Polyketide	proton-transporting ATP synthase complex, coupling factor F(o) [GO:0045263]	10.45
Polyketide	nuclear envelope [GO:0005635]	9.9
Polyketide	perinuclear region of cytoplasm [GO:0048471]	9.9
Polyketide	cytosol [GO:0005829]	9.9
Polyketide	pericentriolar material [GO:0000242]	9.9
Polyketide	Golgi membrane [GO:0000139]	9.9
Polyketide	chromosome, telomeric region [GO:0000781]	9.9
Polyketide	nucleus [GO:0005634]	9.9
Polyketide	cytoplasm [GO:0005737]	9.9
Polyketide	periplasmic space [GO:0042597]	11.46
Polyketide	extracellular space [GO:0005615]	11.5
Polyketide	azurophil granule lumen [GO:0035578]	11.5
Polyketide	extracellular region [GO:0005576]	11.5
Polyketide	extracellular exosome [GO:0070062]	11.5
Polyketide	protein-DNA complex [GO:0032993]	17.17
Polyketide	extracellular space [GO:0005615]	9.37
Polyketide	azurophil granule lumen [GO:0035578]	9.37
Polyketide	extracellular region [GO:0005576]	9.37
Polyketide	extracellular exosome [GO:0070062]	9.37
Polyketide	nucleus [GO:0005634]	12.34
Polyketide	cytosol [GO:0005829]	12.34
Polyketide	methionine adenosyltransferase complex [GO:0048269]	12.34
Polyketide	extracellular exosome [GO:0070062]	12.34
Polyketide	skeletal muscle myofibril [GO:0098723]	14.01
Polyketide	histone deacetylase complex [GO:0000118]	9.91
Polyketide	protein-containing complex [GO:0032991]	16.51
Polyketide	condensed nuclear chromosome [GO:0000794]	16.51
Polyketide	centrosome [GO:0005813]	16.51
Polyketide	kinetochore [GO:0000776]	16.51
Polyketide	cytosol [GO:0005829]	16.51
Polyketide	nucleoplasm [GO:0005654]	16.51
Polyketide	microtubule [GO:0005874]	16.51
Polyketide	nucleus [GO:0005634]	16.51
Polyketide	spindle pole [GO:0000922]	16.51
Polyketide	midbody [GO:0030496]	16.51
Polyketide	cytoplasm [GO:0005737]	16.51
Polyketide	nucleolus [GO:0005730]	16.51
Polyketide	dendrite [GO:0030425]	17.08
Polyketide	protein-containing complex [GO:0032991]	17.08
Polyketide	perinuclear region of cytoplasm [GO:0048471]	17.08
Polyketide	cytosol [GO:0005829]	17.08
Polyketide	nucleoplasm [GO:0005654]	17.08
Polyketide	plasma membrane [GO:0005886]	17.08
Polyketide	actin cytoskeleton [GO:0015629]	17.08
Polyketide	RNA polymerase II transcription regulator complex [GO:0090575]	17.08
Polyketide	chromatin [GO:0000785]	17.08
Polyketide	transcription regulator complex [GO:0005667]	17.08
Polyketide	nucleus [GO:0005634]	17.08
Polyketide	cytoplasm [GO:0005737]	17.08
Polyketide	nucleolus [GO:0005730]	17.08
Polyketide	cytoplasmic side of endoplasmic reticulum membrane [GO:0098554]	12.92
Polyketide	protein-containing complex [GO:0032991]	12.92
Polyketide	endoplasmic reticulum [GO:0005783]	12.92
Polyketide	sorting endosome [GO:0097443]	12.92
Polyketide	endosome lumen [GO:0031904]	12.92
Polyketide	early endosome [GO:0005769]	12.92
Polyketide	cytosol [GO:0005829]	12.92
Polyketide	mitochondrial crista [GO:0030061]	12.92
Polyketide	mitochondrial matrix [GO:0005759]	12.92
Polyketide	cytoplasm [GO:0005737]	12.92
Polyketide	cell body [GO:0044297]	11.73
Polyketide	actin filament [GO:0005884]	11.73
Polyketide	skeletal muscle myofibril [GO:0098723]	11.73
Polyketide	stress fiber [GO:0001725]	11.73
Polyketide	filamentous actin [GO:0031941]	11.73
Polyketide	actin filament bundle [GO:0032432]	11.73
Polyketide	lamellipodium [GO:0030027]	11.73
Polyketide	striated muscle thin filament [GO:0005865]	11.73
Polyketide	cytoplasm [GO:0005737]	11.73
Polyketide	filopodium [GO:0030175]	11.73
Polyketide	plasma membrane [GO:0005886]	8.27
Polyketide	proton-transporting ATP synthase complex, coupling factor F(o) [GO:0045263]	8.27
Polyketide	extracellular exosome [GO:0070062]	13.81
Polyketide	cytosol [GO:0005829]	13.81
Polyketide	nucleoplasm [GO:0005654]	13.81
Polyketide	protein-containing complex [GO:0032991]	13.81
Polyketide	peroxisomal matrix [GO:0005782]	13.81
Polyketide	apical cortex [GO:0045179]	13.81
Polyketide	nucleus [GO:0005634]	13.81
Polyketide	cytoplasm [GO:0005737]	13.61
Polyketide	cytosol [GO:0005829]	13.61
Polyketide	dendrite [GO:0030425]	16.43
Polyketide	chloride channel complex [GO:0034707]	16.43
Polyketide	neuron projection [GO:0043005]	16.43
Polyketide	plasma membrane [GO:0005886]	16.43
Polyketide	membrane [GO:0016020]	16.43
Polyketide	postsynaptic membrane [GO:0045211]	16.43
Polyketide	synapse [GO:0045202]	16.43
Polyketide	perikaryon [GO:0043204]	16.43
Polyketide	protein-DNA complex [GO:0032993]	15.25
Polyketide	extracellular region [GO:0005576]	15.67
Polyketide	focal adhesion [GO:0005925]	13.26
Polyketide	tertiary granule membrane [GO:0070821]	13.26
Polyketide	extracellular exosome [GO:0070062]	13.26
Polyketide	plasma membrane [GO:0005886]	13.26
Polyketide	protein complex involved in cell-matrix adhesion [GO:0098637]	13.26
Polyketide	serine protease inhibitor complex [GO:0097180]	13.26
Polyketide	extracellular region [GO:0005576]	13.26
Polyketide	specific granule membrane [GO:0035579]	13.26
Polyketide	extracellular space [GO:0005615]	13.26
Polyketide	external side of plasma membrane [GO:0009897]	13.26
Polyketide	cell surface [GO:0009986]	13.26
Polyketide	serine-type endopeptidase complex [GO:1905370]	13.26
Polyketide	chromosome [GO:0005694]	15.07
Polyketide	condensed nuclear chromosome [GO:0000794]	15.07
Polyketide	nucleus [GO:0005634]	15.07
Polyketide	nucleoplasm [GO:0005654]	15.07
Polyketide	microtubule [GO:0005874]	15.17
Polyketide	cytoplasm [GO:0005737]	15.17
Polyketide	cytosol [GO:0005829]	11.71
Polyketide	nucleoplasm [GO:0005654]	11.71
Polyketide	endoplasmic reticulum membrane [GO:0005789]	11.71
Polyketide	receptor complex [GO:0043235]	11.71
Polyketide	chromatin [GO:0000785]	11.71
Polyketide	cytoplasm [GO:0005737]	11.59
Polyketide	chloride channel complex [GO:0034707]	14.34
Polyketide	postsynaptic membrane [GO:0045211]	14.34
Polyketide	perikaryon [GO:0043204]	14.34
Polyketide	membrane [GO:0016020]	14.34
Polyketide	plasma membrane [GO:0005886]	14.34
Polyketide	dendrite [GO:0030425]	14.34
Polyketide	neuron projection [GO:0043005]	14.34
Polyketide	synapse [GO:0045202]	14.34
Polyketide	endoplasmic reticulum lumen [GO:0005788]	12.41
Polyketide	endoplasmic reticulum [GO:0005783]	12.41
Polyketide	cytosol [GO:0005829]	12.41
Polyketide	lipid droplet [GO:0005811]	12.41
Polyketide	cytoplasm [GO:0005737]	12.41
Polyketide	RSC-type complex [GO:0016586]	4.47
Polyketide	kinetochore [GO:0000776]	4.47
Polyketide	SWI/SNF complex [GO:0016514]	4.47
Polyketide	nucleoplasm [GO:0005654]	4.47
Polyketide	nuclear matrix [GO:0016363]	4.47
Polyketide	chromatin [GO:0000785]	4.47
Polyketide	nuclear chromosome [GO:0000228]	4.47
Polyketide	nucleus [GO:0005634]	4.47
Polyketide	PML body [GO:0016605]	15.4
Polyketide	Sin3 complex [GO:0016580]	15.4
Polyketide	protein kinase CK2 complex [GO:0005956]	15.4
Polyketide	cytosol [GO:0005829]	15.4
Polyketide	nucleoplasm [GO:0005654]	15.4
Polyketide	plasma membrane [GO:0005886]	15.4
Polyketide	nucleus [GO:0005634]	15.4
Polyketide	protein-containing complex [GO:0032991]	18.36
Polyketide	cytosol [GO:0005829]	18.36
Polyketide	nucleoplasm [GO:0005654]	18.36
Polyketide	membrane [GO:0016020]	18.36
Polyketide	plasma membrane [GO:0005886]	18.36
Polyketide	euchromatin [GO:0000791]	18.36
Polyketide	chromatin [GO:0000785]	18.36
Polyketide	transcription regulator complex [GO:0005667]	18.36
Polyketide	nucleus [GO:0005634]	18.36
Polyketide	cytoplasm [GO:0005737]	18.36
Polyketide	Golgi apparatus [GO:0005794]	18.36
Polyketide	extracellular region [GO:0005576]	11.18
Polyketide	plasma membrane [GO:0005886]	18.92
Polyketide	DNA-directed RNA polymerase complex [GO:0000428]	18.92
Polyketide	cytosol [GO:0005829]	18.92
Polyketide	peptidoglycan-based cell wall [GO:0009274]	18.92
Polyketide	secretory granule membrane [GO:0030667]	23.89
Polyketide	clathrin-sculpted monoamine transport vesicle membrane [GO:0070083]	23.89
Polyketide	terminal bouton [GO:0043195]	23.89
Polyketide	synaptic vesicle membrane [GO:0030672]	23.89
Polyketide	presynapse [GO:0098793]	23.89
Polyketide	endoplasmic reticulum membrane [GO:0005789]	23.89
Polyketide	melanosome [GO:0042470]	5.75
Polyketide	axonal growth cone [GO:0044295]	5.75
Polyketide	cell body [GO:0044297]	5.75
Polyketide	endomembrane system [GO:0012505]	5.75
Polyketide	lamellipodium [GO:0030027]	5.75
Polyketide	growth cone membrane [GO:0032584]	5.75
Polyketide	plasma membrane [GO:0005886]	5.75
Polyketide	axon [GO:0030424]	5.75
Polyketide	cell surface [GO:0009986]	5.75
Polyketide	aggresome [GO:0016235]	15.15
Polyketide	cell projection [GO:0042995]	15.15
Polyketide	secretory granule membrane [GO:0030667]	15.15
Polyketide	ficolin-1-rich granule membrane [GO:0101003]	15.15
Polyketide	tertiary granule membrane [GO:0070821]	15.15
Polyketide	extracellular exosome [GO:0070062]	15.15
Polyketide	plasma membrane [GO:0005886]	15.15
Polyketide	membrane [GO:0016020]	15.15
Polyketide	specific granule membrane [GO:0035579]	15.15
Polyketide	perikaryon [GO:0043204]	15.15
Polyketide	extracellular space [GO:0005615]	10.98
Polyketide	protein-containing complex [GO:0032991]	10.98
Polyketide	cell body [GO:0044297]	14.97
Polyketide	actin filament [GO:0005884]	14.97
Polyketide	skeletal muscle myofibril [GO:0098723]	14.97
Polyketide	stress fiber [GO:0001725]	14.97
Polyketide	filamentous actin [GO:0031941]	14.97
Polyketide	actin filament bundle [GO:0032432]	14.97
Polyketide	lamellipodium [GO:0030027]	14.97
Polyketide	striated muscle thin filament [GO:0005865]	14.97
Polyketide	cytoplasm [GO:0005737]	14.97
Polyketide	filopodium [GO:0030175]	14.97
Polyketide	mitochondrial proton-transporting ATP synthase complex [GO:0005753]	16.85
Polyketide	cytosol [GO:0005829]	16.85
Polyketide	mitochondrial proton-transporting ATP synthase complex, coupling factor F(o) [GO:0000276]	16.85
Polyketide	mitochondrion [GO:0005739]	16.85
Polyketide	mitochondrial intermembrane space [GO:0005758]	16.85
Polyketide	mitochondrial inner membrane [GO:0005743]	16.85
Polyketide	cytosol [GO:0005829]	12.62
Polyketide	plasma membrane [GO:0005886]	12.62
Polyketide	cytoplasm [GO:0005737]	12.62
Polyketide	nucleoplasm [GO:0005654]	12.62
Polyketide	site of double-strand break [GO:0035861]	12.62
Polyketide	nuclear body [GO:0016604]	12.62
Polyketide	nucleus [GO:0005634]	12.62
Polyketide	astral microtubule [GO:0000235]	17.71
Polyketide	cytosol [GO:0005829]	17.71
Polyketide	microtubule [GO:0005874]	17.71
Polyketide	cytoplasmic microtubule [GO:0005881]	17.71
Polyketide	spindle microtubule [GO:0005876]	17.71
Polyketide	nucleus [GO:0005634]	17.71
Polyketide	cytoplasm [GO:0005737]	17.71
Polyketide	periplasmic space [GO:0042597]	19.14
Polyketide	protein-DNA complex [GO:0032993]	15.34
Polyketide	plasma membrane [GO:0005886]	13.35
Polyketide	node of Ranvier [GO:0033268]	13.32
Polyketide	synapse [GO:0045202]	13.32
Polyketide	plasma membrane [GO:0005886]	13.32
Polyketide	axon initial segment [GO:0043194]	13.32
Polyketide	voltage-gated potassium channel complex [GO:0008076]	13.32
Polyketide	centrosome [GO:0005813]	17.02
Polyketide	cytosol [GO:0005829]	17.02
Polyketide	extracellular exosome [GO:0070062]	17.02
Polyketide	nucleoplasm [GO:0005654]	17.02
Polyketide	nucleus [GO:0005634]	17.02
Polyketide	cytoplasm [GO:0005737]	17.02
Polyketide	secretory granule membrane [GO:0030667]	27.12
Polyketide	clathrin-sculpted monoamine transport vesicle membrane [GO:0070083]	27.12
Polyketide	terminal bouton [GO:0043195]	27.12
Polyketide	synaptic vesicle membrane [GO:0030672]	27.12
Polyketide	presynapse [GO:0098793]	27.12
Polyketide	endoplasmic reticulum membrane [GO:0005789]	27.12
Polyketide	protein-containing complex [GO:0032991]	18.16
Polyketide	cytosol [GO:0005829]	18.16
Polyketide	nucleoplasm [GO:0005654]	18.16
Polyketide	membrane [GO:0016020]	18.16
Polyketide	plasma membrane [GO:0005886]	18.16
Polyketide	euchromatin [GO:0000791]	18.16
Polyketide	chromatin [GO:0000785]	18.16
Polyketide	transcription regulator complex [GO:0005667]	18.16
Polyketide	nucleus [GO:0005634]	18.16
Polyketide	cytoplasm [GO:0005737]	18.16
Polyketide	Golgi apparatus [GO:0005794]	18.16
Polyketide	cytoplasm [GO:0005737]	14.51
Polyketide	microtubule [GO:0005874]	14.51
Polyketide	microtubule cytoskeleton [GO:0015630]	14.51
Polyketide	protein-containing complex [GO:0032991]	17.01
Polyketide	cytosol [GO:0005829]	17.01
Polyketide	nucleoplasm [GO:0005654]	17.01
Polyketide	membrane [GO:0016020]	17.01
Polyketide	plasma membrane [GO:0005886]	17.01
Polyketide	euchromatin [GO:0000791]	17.01
Polyketide	chromatin [GO:0000785]	17.01
Polyketide	transcription regulator complex [GO:0005667]	17.01
Polyketide	nucleus [GO:0005634]	17.01
Polyketide	cytoplasm [GO:0005737]	17.01
Polyketide	Golgi apparatus [GO:0005794]	17.01
Polyketide	sarcoplasmic reticulum membrane [GO:0033017]	17.62
Polyketide	cytoplasmic side of membrane [GO:0098562]	17.62
Polyketide	cytosol [GO:0005829]	17.62
Polyketide	Z disc [GO:0030018]	17.62
Polyketide	sarcoplasmic reticulum [GO:0016529]	17.62
Polyketide	terminal cisterna [GO:0014802]	17.62
Polyketide	membrane [GO:0016020]	17.62
Polyketide	ryanodine receptor complex [GO:1990425]	17.62
Polyketide	cytoplasm [GO:0005737]	17.62
Polyketide	voltage-gated potassium channel complex [GO:0008076]	19.21
Polyketide	endoplasmic reticulum [GO:0005783]	19.21
Polyketide	cell surface [GO:0009986]	19.21
Polyketide	apical plasma membrane [GO:0016324]	19.21
Polyketide	plasma membrane [GO:0005886]	19.21
Polyketide	endoplasmic reticulum membrane [GO:0005789]	19.21
Polyketide	astrocyte projection [GO:0097449]	19.21
Polyketide	calyx of Held [GO:0044305]	19.21
Polyketide	neuronal cell body [GO:0043025]	19.21
Polyketide	vacuolar proton-transporting V-type ATPase, V0 domain [GO:0000220]	14.92
Polyketide	synaptic vesicle membrane [GO:0030672]	14.92
Polyketide	clathrin-coated vesicle membrane [GO:0030665]	14.92
Polyketide	plasma membrane [GO:0005886]	17.67
Polyketide	chloride channel complex [GO:0034707]	14.09
Polyketide	postsynaptic membrane [GO:0045211]	14.09
Polyketide	perikaryon [GO:0043204]	14.09
Polyketide	membrane [GO:0016020]	14.09
Polyketide	plasma membrane [GO:0005886]	14.09
Polyketide	dendrite [GO:0030425]	14.09
Polyketide	neuron projection [GO:0043005]	14.09
Polyketide	synapse [GO:0045202]	14.09
Polyketide	efflux pump complex [GO:1990281]	18.84
Polyketide	outer membrane-bounded periplasmic space [GO:0030288]	18.84
Polyketide	periplasmic side of plasma membrane [GO:0098567]	18.84
Polyketide	plasma membrane [GO:0005886]	18.84
Polyketide	membrane [GO:0016020]	18.84
Polyketide	extracellular space [GO:0005615]	17.62
Polyketide	azurophil granule lumen [GO:0035578]	17.62
Polyketide	extracellular region [GO:0005576]	17.62
Polyketide	extracellular exosome [GO:0070062]	17.62
Polyketide	nuclear envelope [GO:0005635]	19.42
Polyketide	cytosol [GO:0005829]	19.42
Polyketide	Golgi membrane [GO:0000139]	19.42
Polyketide	TORC1 complex [GO:0031931]	19.42
Polyketide	phagocytic vesicle [GO:0045335]	19.42
Polyketide	lysosome [GO:0005764]	19.42
Polyketide	endoplasmic reticulum membrane [GO:0005789]	19.42
Polyketide	membrane [GO:0016020]	19.42
Polyketide	dendrite [GO:0030425]	19.42
Polyketide	cytoplasm [GO:0005737]	19.42
Polyketide	lysosomal membrane [GO:0005765]	19.42
Polyketide	mitochondrial outer membrane [GO:0005741]	19.42
Polyketide	endomembrane system [GO:0012505]	19.42
Polyketide	nucleoplasm [GO:0005654]	19.42
Polyketide	TORC2 complex [GO:0031932]	19.42
Polyketide	nucleus [GO:0005634]	19.42
Polyketide	PML body [GO:0016605]	19.42
Polyketide	respirasome [GO:0070469]	14.24
Polyketide	host cell nucleus [GO:0042025]	13.42
Polyketide	host cell endoplasmic reticulum membrane [GO:0044167]	13.42
Polyketide	host cell endoplasmic reticulum-Golgi intermediate compartment [GO:0044172]	13.42
Polyketide	host cell Golgi apparatus [GO:0044177]	13.42
Polyketide	host cell endosome [GO:0044174]	13.42
Polyketide	membrane [GO:0016020]	13.42
Polyketide	double membrane vesicle viral factory outer membrane [GO:0062243]	13.42
Polyketide	host cell perinuclear region of cytoplasm [GO:0044220]	13.42
Polyketide	protein-containing complex [GO:0032991]	16.32
Polyketide	cytosol [GO:0005829]	16.32
Polyketide	nucleoplasm [GO:0005654]	16.32
Polyketide	membrane [GO:0016020]	16.32
Polyketide	plasma membrane [GO:0005886]	16.32
Polyketide	euchromatin [GO:0000791]	16.32
Polyketide	chromatin [GO:0000785]	16.32
Polyketide	transcription regulator complex [GO:0005667]	16.32
Polyketide	nucleus [GO:0005634]	16.32
Polyketide	cytoplasm [GO:0005737]	16.32
Polyketide	Golgi apparatus [GO:0005794]	16.32
Polyketide	cytoplasm [GO:0005737]	16.36
Polyketide	intracellular membrane-bounded organelle [GO:0043231]	13.77
Polyketide	endoplasmic reticulum membrane [GO:0005789]	13.77
Polyketide	mitochondrial inner membrane [GO:0005743]	13.77
Polyketide	extracellular region [GO:0005576]	14.6
Polyketide	nuclear envelope [GO:0005635]	14.52
Polyketide	perinuclear region of cytoplasm [GO:0048471]	14.52
Polyketide	cytosol [GO:0005829]	14.52
Polyketide	pericentriolar material [GO:0000242]	14.52
Polyketide	Golgi membrane [GO:0000139]	14.52
Polyketide	chromosome, telomeric region [GO:0000781]	14.52
Polyketide	nucleus [GO:0005634]	14.52
Polyketide	cytoplasm [GO:0005737]	14.52
Polyketide	cell body [GO:0044297]	14.48
Polyketide	actin filament [GO:0005884]	14.48
Polyketide	skeletal muscle myofibril [GO:0098723]	14.48
Polyketide	stress fiber [GO:0001725]	14.48
Polyketide	filamentous actin [GO:0031941]	14.48
Polyketide	actin filament bundle [GO:0032432]	14.48
Polyketide	lamellipodium [GO:0030027]	14.48
Polyketide	striated muscle thin filament [GO:0005865]	14.48
Polyketide	cytoplasm [GO:0005737]	14.48
Polyketide	filopodium [GO:0030175]	14.48
Polyketide	histone deacetylase complex [GO:0000118]	14.79
Polyketide	melanosome [GO:0042470]	15.01
Polyketide	axonal growth cone [GO:0044295]	15.01
Polyketide	cell body [GO:0044297]	15.01
Polyketide	endomembrane system [GO:0012505]	15.01
Polyketide	lamellipodium [GO:0030027]	15.01
Polyketide	growth cone membrane [GO:0032584]	15.01
Polyketide	plasma membrane [GO:0005886]	15.01
Polyketide	axon [GO:0030424]	15.01
Polyketide	cell surface [GO:0009986]	15.01
Polyketide	extracellular space [GO:0005615]	16.47
Polyketide	extracellular region [GO:0005576]	16.47
Polyketide	fibrillar center [GO:0001650]	15.6
Polyketide	nuclear inner membrane [GO:0005637]	15.6
Polyketide	heterochromatin [GO:0000792]	15.6
Polyketide	nuclear envelope [GO:0005635]	15.6
Polyketide	PML body [GO:0016605]	15.6
Polyketide	cytosol [GO:0005829]	15.6
Polyketide	eNoSc complex [GO:0061773]	15.6
Polyketide	rDNA heterochromatin [GO:0033553]	15.6
Polyketide	nucleoplasm [GO:0005654]	15.6
Polyketide	mitochondrion [GO:0005739]	15.6
Polyketide	euchromatin [GO:0000791]	15.6
Polyketide	chromatin [GO:0000785]	15.6
Polyketide	chromatin silencing complex [GO:0005677]	15.6
Polyketide	nucleus [GO:0005634]	15.6
Polyketide	cytoplasm [GO:0005737]	15.6
Polyketide	nucleolus [GO:0005730]	15.6
Polyketide	cytoplasm [GO:0005737]	13.45
Polyketide	nucleus [GO:0005634]	12.36
Polyketide	cytosol [GO:0005829]	12.36
Polyketide	methionine adenosyltransferase complex [GO:0048269]	12.36
Polyketide	extracellular exosome [GO:0070062]	12.36
Polyketide	sarcoplasmic reticulum membrane [GO:0033017]	21.39
Polyketide	cytoplasmic side of membrane [GO:0098562]	21.39
Polyketide	cytosol [GO:0005829]	21.39
Polyketide	Z disc [GO:0030018]	21.39
Polyketide	sarcoplasmic reticulum [GO:0016529]	21.39
Polyketide	terminal cisterna [GO:0014802]	21.39
Polyketide	membrane [GO:0016020]	21.39
Polyketide	ryanodine receptor complex [GO:1990425]	21.39
Polyketide	cytoplasm [GO:0005737]	21.39
Polyketide	mitochondrial proton-transporting ATP synthase complex [GO:0005753]	10.61
Polyketide	cytosol [GO:0005829]	10.61
Polyketide	mitochondrial proton-transporting ATP synthase complex, coupling factor F(o) [GO:0000276]	10.61
Polyketide	mitochondrion [GO:0005739]	10.61
Polyketide	mitochondrial intermembrane space [GO:0005758]	10.61
Polyketide	mitochondrial inner membrane [GO:0005743]	10.61
Polyketide	protein-containing complex [GO:0032991]	12.85
Polyketide	cytosol [GO:0005829]	12.85
Polyketide	nucleoplasm [GO:0005654]	12.85
Polyketide	membrane [GO:0016020]	12.85
Polyketide	plasma membrane [GO:0005886]	12.85
Polyketide	euchromatin [GO:0000791]	12.85
Polyketide	chromatin [GO:0000785]	12.85
Polyketide	transcription regulator complex [GO:0005667]	12.85
Polyketide	nucleus [GO:0005634]	12.85
Polyketide	cytoplasm [GO:0005737]	12.85
Polyketide	Golgi apparatus [GO:0005794]	12.85
Polyketide	cell body [GO:0044297]	21.97
Polyketide	actin filament [GO:0005884]	21.97
Polyketide	skeletal muscle myofibril [GO:0098723]	21.97
Polyketide	stress fiber [GO:0001725]	21.97
Polyketide	filamentous actin [GO:0031941]	21.97
Polyketide	actin filament bundle [GO:0032432]	21.97
Polyketide	lamellipodium [GO:0030027]	21.97
Polyketide	striated muscle thin filament [GO:0005865]	21.97
Polyketide	cytoplasm [GO:0005737]	21.97
Polyketide	filopodium [GO:0030175]	21.97
Polyketide	cytosol [GO:0005829]	4.87
Polyketide	glutamatergic synapse [GO:0098978]	4.87
Polyketide	nucleoplasm [GO:0005654]	4.87
Polyketide	ciliary basal body [GO:0036064]	4.87
Polyketide	postsynaptic cytosol [GO:0099524]	4.87
Polyketide	nuclear speck [GO:0016607]	4.87
Polyketide	nucleus [GO:0005634]	4.87
Polyketide	midbody [GO:0030496]	4.87
Polyketide	cytoplasm [GO:0005737]	4.87
Polyketide	protein-containing complex [GO:0032991]	13.37
Polyketide	nucleoplasm [GO:0005654]	13.37
Polyketide	mitochondrion [GO:0005739]	13.37
Polyketide	mitochondrial matrix [GO:0005759]	13.37
Polyketide	nucleus [GO:0005634]	13.37
Polyketide	histone deacetylase complex [GO:0000118]	12.26
Polyketide	cytosol [GO:0005829]	12.26
Polyketide	transcription repressor complex [GO:0017053]	12.26
Polyketide	nucleoplasm [GO:0005654]	12.26
Polyketide	nuclear speck [GO:0016607]	12.26
Polyketide	chromatin [GO:0000785]	12.26
Polyketide	nucleus [GO:0005634]	12.26
Polyketide	cytoplasm [GO:0005737]	12.26
Polyketide	skeletal muscle myofibril [GO:0098723]	13.14
Polyketide	extracellular space [GO:0005615]	15.88
Polyketide	sarcoplasmic reticulum membrane [GO:0033017]	19.39
Polyketide	postsynaptic density [GO:0014069]	19.39
Polyketide	Z disc [GO:0030018]	19.39
Polyketide	T-tubule [GO:0030315]	19.39
Polyketide	secretory granule [GO:0030141]	19.39
Polyketide	sarcolemma [GO:0042383]	19.39
Polyketide	cytoplasm [GO:0005737]	19.39
Polyketide	calyx of Held [GO:0044305]	19.39
Polyketide	azurophil granule [GO:0042582]	19.39
Polyketide	nuclear membrane [GO:0031965]	19.39
Polyketide	membrane raft [GO:0045121]	19.39
Polyketide	postsynaptic specialization, intracellular component [GO:0099091]	19.39
Polyketide	postsynaptic density, intracellular component [GO:0099092]	19.39
Polyketide	dendrite [GO:0030425]	19.39
Polyketide	protein-containing complex [GO:0032991]	19.39
Polyketide	perinuclear region of cytoplasm [GO:0048471]	19.39
Polyketide	cytosol [GO:0005829]	19.39
Polyketide	sarcoplasmic reticulum [GO:0016529]	19.39
Polyketide	glutamatergic synapse [GO:0098978]	19.39
Polyketide	dendritic spine [GO:0043197]	19.39
Polyketide	cell periphery [GO:0071944]	19.39
Polyketide	nucleus [GO:0005634]	19.39
Polyketide	mitochondrial outer membrane [GO:0005741]	19.39
Polyketide	plasma membrane [GO:0005886]	19.39
Polyketide	synapse [GO:0045202]	19.39
Polyketide	mitochondrion [GO:0005739]	19.39
Polyketide	photoreceptor inner segment [GO:0001917]	19.39
Polyketide	cytoskeleton [GO:0005856]	19.39
Polyketide	cell body [GO:0044297]	13.42
Polyketide	actin filament [GO:0005884]	13.42
Polyketide	skeletal muscle myofibril [GO:0098723]	13.42
Polyketide	stress fiber [GO:0001725]	13.42
Polyketide	filamentous actin [GO:0031941]	13.42
Polyketide	actin filament bundle [GO:0032432]	13.42
Polyketide	lamellipodium [GO:0030027]	13.42
Polyketide	striated muscle thin filament [GO:0005865]	13.42
Polyketide	cytoplasm [GO:0005737]	13.42
Polyketide	filopodium [GO:0030175]	13.42
Polyketide	cytosol [GO:0005829]	21.23
Polyketide	cytosolic DNA-directed RNA polymerase complex [GO:0000345]	21.23
Polyketide	membrane [GO:0016020]	21.23
Polyketide	cytoplasm [GO:0005737]	21.23
Polyketide	transcription elongation factor complex [GO:0008023]	21.23
Polyketide	protein serine/threonine phosphatase complex [GO:0008287]	16.91
Polyketide	cytosol [GO:0005829]	16.91
Polyketide	glutamatergic synapse [GO:0098978]	16.91
Polyketide	calcineurin complex [GO:0005955]	16.91
Polyketide	nucleoplasm [GO:0005654]	16.91
Polyketide	mitochondrion [GO:0005739]	16.91
Polyketide	presynapse [GO:0098793]	16.91
Polyketide	hippocampal mossy fiber to CA3 synapse [GO:0098686]	16.91
Polyketide	parallel fiber to Purkinje cell synapse [GO:0098688]	16.91
Polyketide	Schaffer collateral - CA1 synapse [GO:0098685]	16.91
Polyketide	postsynapse [GO:0098794]	16.91
Polyketide	sarcolemma [GO:0042383]	16.91
Polyketide	cytoplasm [GO:0005737]	16.91
Polyketide	nucleus [GO:0005634]	18.81
Polyketide	cytoplasm [GO:0005737]	18.81
Polyketide	cytosol [GO:0005829]	18.81
Polyketide	plasma membrane [GO:0005886]	9.74
Polyketide	proton-transporting ATP synthase complex, coupling factor F(o) [GO:0045263]	9.74
Polyketide	fungal biofilm matrix [GO:0062040]	-1.0
Polyketide	cytoplasm [GO:0005737]	-1.0
Polyketide	extracellular region [GO:0005576]	-1.0
Polyketide	proton-transporting V-type ATPase complex [GO:0033176]	10.01
Polyketide	vacuolar proton-transporting V-type ATPase, V0 domain [GO:0000220]	10.01
Polyketide	Golgi membrane [GO:0000139]	10.01
Polyketide	fungal-type vacuole [GO:0000324]	10.01
Polyketide	membrane [GO:0016020]	10.01
Polyketide	cell periphery [GO:0071944]	10.01
Polyketide	vacuolar proton-transporting V-type ATPase complex [GO:0016471]	10.01
Polyketide	fungal-type vacuole membrane [GO:0000329]	10.01
Polyketide	nucleoplasm [GO:0005654]	15.7
Polyketide	cytosol [GO:0005829]	15.7
Polyketide	extracellular exosome [GO:0070062]	15.7
Polyketide	plasma membrane [GO:0005886]	9.94
Polyketide	proton-transporting ATP synthase complex, coupling factor F(o) [GO:0045263]	9.94
Polyketide	nucleoplasm [GO:0005654]	16.69
Polyketide	membrane [GO:0016020]	16.69
Polyketide	chromatin [GO:0000785]	16.69
Polyketide	transcription regulator complex [GO:0005667]	16.69
Polyketide	nucleus [GO:0005634]	16.69
Polyketide	cytoplasm [GO:0005737]	16.69
Polyketide	acetylcholine-gated channel complex [GO:0005892]	16.74
Polyketide	neuron projection [GO:0043005]	16.74
Polyketide	plasma membrane raft [GO:0044853]	16.74
Polyketide	cholinergic synapse [GO:0098981]	16.74
Polyketide	apical plasma membrane [GO:0016324]	16.74
Polyketide	axolemma [GO:0030673]	16.74
Polyketide	plasma membrane [GO:0005886]	16.74
Polyketide	membrane [GO:0016020]	16.74
Polyketide	postsynaptic specialization membrane [GO:0099634]	16.74
Polyketide	synapse [GO:0045202]	16.74
Polyketide	presynaptic membrane [GO:0042734]	16.74
Polyketide	postsynapse [GO:0098794]	16.74
Polyketide	external side of plasma membrane [GO:0009897]	16.74
Polyketide	protein-containing complex [GO:0032991]	12.65
Polyketide	cytosol [GO:0005829]	12.65
Polyketide	nucleoplasm [GO:0005654]	12.65
Polyketide	membrane [GO:0016020]	12.65
Polyketide	plasma membrane [GO:0005886]	12.65
Polyketide	euchromatin [GO:0000791]	12.65
Polyketide	chromatin [GO:0000785]	12.65
Polyketide	transcription regulator complex [GO:0005667]	12.65
Polyketide	nucleus [GO:0005634]	12.65
Polyketide	cytoplasm [GO:0005737]	12.65
Polyketide	Golgi apparatus [GO:0005794]	12.65
Polyketide	host cell nucleus [GO:0042025]	21.22
Polyketide	viral envelope [GO:0019031]	21.22
Polyketide	host cell plasma membrane [GO:0020002]	21.22
Polyketide	host cell lipid droplet [GO:0044186]	21.22
Polyketide	host cell endoplasmic reticulum membrane [GO:0044167]	21.22
Polyketide	host cell mitochondrial membrane [GO:0044191]	21.22
Polyketide	ribonucleoprotein complex [GO:1990904]	21.22
Polyketide	lipid droplet [GO:0005811]	21.22
Polyketide	plasma membrane [GO:0005886]	21.22
Polyketide	host cell perinuclear region of cytoplasm [GO:0044220]	21.22
Polyketide	viral nucleocapsid [GO:0019013]	21.22
Polyketide	virion membrane [GO:0055036]	21.22
Polyketide	cytoplasm [GO:0005737]	21.22
Polyketide	nucleoplasm [GO:0005654]	14.41
Polyketide	nucleus [GO:0005634]	14.41
Polyketide	cytoplasm [GO:0005737]	14.41
Polyketide	host cell nucleus [GO:0042025]	11.61
Polyketide	host cell endoplasmic reticulum membrane [GO:0044167]	11.61
Polyketide	host cell endoplasmic reticulum-Golgi intermediate compartment [GO:0044172]	11.61
Polyketide	host cell Golgi apparatus [GO:0044177]	11.61
Polyketide	host cell endosome [GO:0044174]	11.61
Polyketide	membrane [GO:0016020]	11.61
Polyketide	double membrane vesicle viral factory outer membrane [GO:0062243]	11.61
Polyketide	host cell perinuclear region of cytoplasm [GO:0044220]	11.61
Polyketide	nucleolus [GO:0005730]	14.09
Polyketide	nucleoplasm [GO:0005654]	14.09
Polyketide	cytoplasm [GO:0005737]	14.09
Polyketide	cytosol [GO:0005829]	14.09
Polyketide	extracellular space [GO:0005615]	9.29
Polyketide	azurophil granule lumen [GO:0035578]	9.29
Polyketide	extracellular region [GO:0005576]	9.29
Polyketide	extracellular exosome [GO:0070062]	9.29
Polyketide	dendrite [GO:0030425]	19.02
Polyketide	chloride channel complex [GO:0034707]	19.02
Polyketide	neuron projection [GO:0043005]	19.02
Polyketide	plasma membrane [GO:0005886]	19.02
Polyketide	membrane [GO:0016020]	19.02
Polyketide	postsynaptic membrane [GO:0045211]	19.02
Polyketide	synapse [GO:0045202]	19.02
Polyketide	perikaryon [GO:0043204]	19.02
Polyketide	postsynaptic density [GO:0014069]	11.68
Polyketide	glutamatergic synapse [GO:0098978]	11.68
Polyketide	plasma membrane [GO:0005886]	11.68
Polyketide	DAPK1-calmodulin complex [GO:1990722]	11.68
Polyketide	actin cytoskeleton [GO:0015629]	11.68
Polyketide	nucleus [GO:0005634]	11.68
Polyketide	cytoplasm [GO:0005737]	11.68
Polyketide	endoplasmic reticulum membrane [GO:0005789]	12.45
Polyketide	endoplasmic reticulum [GO:0005783]	12.45
Polyketide	nuclear body [GO:0016604]	17.03
Polyketide	nucleoplasm [GO:0005654]	17.03
Polyketide	chromatin [GO:0000785]	17.03
Polyketide	transcription regulator complex [GO:0005667]	17.03
Polyketide	intermediate filament cytoskeleton [GO:0045111]	17.03
Polyketide	chromosome [GO:0005694]	18.62
Polyketide	DNA topoisomerase type II (double strand cut, ATP-hydrolyzing) complex [GO:0009330]	18.62
Polyketide	cytosol [GO:0005829]	18.62
Polyketide	nucleoid [GO:0009295]	15.32
Polyketide	perinuclear region of cytoplasm [GO:0048471]	18.61
Polyketide	cytosol [GO:0005829]	18.61
Polyketide	nucleus [GO:0005634]	18.61
Polyketide	cytoplasm [GO:0005737]	18.61
Polyketide	cytoplasmic side of plasma membrane [GO:0009898]	18.61
Polyketide	cell body [GO:0044297]	15.68
Polyketide	actin filament [GO:0005884]	15.68
Polyketide	skeletal muscle myofibril [GO:0098723]	15.68
Polyketide	stress fiber [GO:0001725]	15.68
Polyketide	filamentous actin [GO:0031941]	15.68
Polyketide	actin filament bundle [GO:0032432]	15.68
Polyketide	lamellipodium [GO:0030027]	15.68
Polyketide	striated muscle thin filament [GO:0005865]	15.68
Polyketide	cytoplasm [GO:0005737]	15.68
Polyketide	filopodium [GO:0030175]	15.68
Polyketide	protein-containing complex [GO:0032991]	14.32
Polyketide	endocytic vesicle membrane [GO:0030666]	14.32
Polyketide	cytosol [GO:0005829]	14.32
Polyketide	transcription repressor complex [GO:0017053]	14.32
Polyketide	nucleoplasm [GO:0005654]	14.32
Polyketide	plasma membrane [GO:0005886]	14.32
Polyketide	nucleus [GO:0005634]	14.32
Polyketide	cytoplasm [GO:0005737]	14.32
Polyketide	nucleolus [GO:0005730]	14.32
Polyketide	endoplasmic reticulum lumen [GO:0005788]	15.16
Polyketide	neuromuscular junction [GO:0031594]	15.16
Polyketide	cell surface [GO:0009986]	15.16
Polyketide	neuronal cell body [GO:0043025]	15.16
Polyketide	axon [GO:0030424]	15.16
Polyketide	extracellular space [GO:0005615]	15.16
Polyketide	Golgi apparatus [GO:0005794]	15.16
Polyketide	dendrite [GO:0030425]	15.16
Polyketide	perinuclear region of cytoplasm [GO:0048471]	15.16
Polyketide	membrane [GO:0016020]	15.16
Polyketide	extracellular region [GO:0005576]	15.16
Polyketide	synaptic cleft [GO:0043083]	15.16
Polyketide	nuclear envelope [GO:0005635]	15.16
Polyketide	basement membrane [GO:0005604]	15.16
Polyketide	plasma membrane [GO:0005886]	15.16
Polyketide	postsynaptic membrane [GO:0045211]	15.16
Polyketide	side of membrane [GO:0098552]	15.16
Polyketide	synapse [GO:0045202]	15.16
Polyketide	presynaptic membrane [GO:0042734]	15.16
Polyketide	nuclear envelope [GO:0005635]	13.43
Polyketide	perinuclear region of cytoplasm [GO:0048471]	13.43
Polyketide	cytosol [GO:0005829]	13.43
Polyketide	pericentriolar material [GO:0000242]	13.43
Polyketide	Golgi membrane [GO:0000139]	13.43
Polyketide	chromosome, telomeric region [GO:0000781]	13.43
Polyketide	nucleus [GO:0005634]	13.43
Polyketide	cytoplasm [GO:0005737]	13.43
Polyketide	membrane [GO:0016020]	13.03
Polyketide	receptor complex [GO:0043235]	13.03
Polyketide	nuclear envelope [GO:0005635]	14.95
Polyketide	perinuclear region of cytoplasm [GO:0048471]	14.95
Polyketide	cytosol [GO:0005829]	14.95
Polyketide	pericentriolar material [GO:0000242]	14.95
Polyketide	Golgi membrane [GO:0000139]	14.95
Polyketide	chromosome, telomeric region [GO:0000781]	14.95
Polyketide	nucleus [GO:0005634]	14.95
Polyketide	cytoplasm [GO:0005737]	14.95
Polyketide	mitochondrial matrix [GO:0005759]	15.61
Polyketide	mitochondrion [GO:0005739]	15.61
Polyketide	extracellular exosome [GO:0070062]	15.61
Polyketide	node of Ranvier [GO:0033268]	14.29
Polyketide	synapse [GO:0045202]	14.29
Polyketide	plasma membrane [GO:0005886]	14.29
Polyketide	axon initial segment [GO:0043194]	14.29
Polyketide	voltage-gated potassium channel complex [GO:0008076]	14.29
Polyketide	dendritic shaft [GO:0043198]	14.92
Polyketide	neuron projection [GO:0043005]	14.92
Polyketide	postsynaptic density [GO:0014069]	14.92
Polyketide	somatodendritic compartment [GO:0036477]	14.92
Polyketide	dendrite membrane [GO:0032590]	14.92
Polyketide	endoplasmic reticulum membrane [GO:0005789]	14.92
Polyketide	cell surface [GO:0009986]	14.92
Polyketide	presynaptic active zone membrane [GO:0048787]	14.92
Polyketide	neuronal cell body [GO:0043025]	14.92
Polyketide	dendrite cytoplasm [GO:0032839]	14.92
Polyketide	spine synapse [GO:0106033]	14.92
Polyketide	synaptic vesicle [GO:0008021]	14.92
Polyketide	Schaffer collateral - CA1 synapse [GO:0098685]	14.92
Polyketide	presynapse [GO:0098793]	14.92
Polyketide	growth cone [GO:0030426]	14.92
Polyketide	perikaryon [GO:0043204]	14.92
Polyketide	AMPA glutamate receptor complex [GO:0032281]	14.92
Polyketide	asymmetric synapse [GO:0032279]	14.92
Polyketide	dendrite [GO:0030425]	14.92
Polyketide	protein-containing complex [GO:0032991]	14.92
Polyketide	ionotropic glutamate receptor complex [GO:0008328]	14.92
Polyketide	dendritic spine head [GO:0044327]	14.92
Polyketide	dendritic spine neck [GO:0044326]	14.92
Polyketide	glutamatergic synapse [GO:0098978]	14.92
Polyketide	membrane [GO:0016020]	14.92
Polyketide	dendritic spine [GO:0043197]	14.92
Polyketide	perisynaptic space [GO:0099544]	14.92
Polyketide	endoplasmic reticulum [GO:0005783]	14.92
Polyketide	plasma membrane [GO:0005886]	14.92
Polyketide	postsynaptic membrane [GO:0045211]	14.92
Polyketide	synapse [GO:0045202]	14.92
Polyketide	terminal bouton [GO:0043195]	14.92
Polyketide	presynaptic membrane [GO:0042734]	14.92
Polyketide	postsynaptic density membrane [GO:0098839]	14.92
Polyketide	synaptic vesicle membrane [GO:0030672]	14.92
Polyketide	axon [GO:0030424]	14.92
Polyketide	synaptic membrane [GO:0097060]	14.92
Polyketide	node of Ranvier [GO:0033268]	12.64
Polyketide	synapse [GO:0045202]	12.64
Polyketide	plasma membrane [GO:0005886]	12.64
Polyketide	axon initial segment [GO:0043194]	12.64
Polyketide	voltage-gated potassium channel complex [GO:0008076]	12.64
Polyketide	nucleus [GO:0005634]	16.3
Polyketide	nucleolus [GO:0005730]	16.3
Polyketide	cytosol [GO:0005829]	13.39
Polyketide	cytoplasm [GO:0005737]	13.39
Polyketide	nucleoplasm [GO:0005654]	13.39
Polyketide	nucleus [GO:0005634]	13.39
Polyketide	aggresome [GO:0016235]	14.49
Polyketide	cell projection [GO:0042995]	14.49
Polyketide	secretory granule membrane [GO:0030667]	14.49
Polyketide	ficolin-1-rich granule membrane [GO:0101003]	14.49
Polyketide	tertiary granule membrane [GO:0070821]	14.49
Polyketide	extracellular exosome [GO:0070062]	14.49
Polyketide	plasma membrane [GO:0005886]	14.49
Polyketide	membrane [GO:0016020]	14.49
Polyketide	specific granule membrane [GO:0035579]	14.49
Polyketide	perikaryon [GO:0043204]	14.49
Polyketide	PML body [GO:0016605]	14.2
Polyketide	nucleoplasm [GO:0005654]	14.2
Polyketide	membrane [GO:0016020]	14.2
Polyketide	cytoplasmic ribonucleoprotein granule [GO:0036464]	14.2
Polyketide	nucleus [GO:0005634]	14.2
Polyketide	P-TEFb complex [GO:0070691]	14.2
Polyketide	transcription elongation factor complex [GO:0008023]	14.2
Polyketide	cyclin/CDK positive transcription elongation factor complex [GO:0008024]	14.2
Polyketide	extracellular region [GO:0005576]	18.66
Polyketide	postsynaptic density [GO:0014069]	12.58
Polyketide	glutamatergic synapse [GO:0098978]	12.58
Polyketide	plasma membrane [GO:0005886]	12.58
Polyketide	DAPK1-calmodulin complex [GO:1990722]	12.58
Polyketide	actin cytoskeleton [GO:0015629]	12.58
Polyketide	nucleus [GO:0005634]	12.58
Polyketide	cytoplasm [GO:0005737]	12.58
Polyketide	plasma membrane [GO:0005886]	15.16
Polyketide	cytoplasm [GO:0005737]	15.16
Polyketide	phosphatidylinositol 3-kinase complex, class IB [GO:0005944]	15.16
Polyketide	phosphatidylinositol 3-kinase complex, class IA [GO:0005943]	15.16
Polyketide	extracellular region [GO:0005576]	16.25
Polyketide	nucleoplasm [GO:0005654]	17.62
Polyketide	mitochondrial respiratory chain complex I [GO:0005747]	17.62
Polyketide	cytosol [GO:0005829]	16.34
Polyketide	nucleoplasm [GO:0005654]	16.34
Polyketide	plasma membrane [GO:0005886]	16.34
Polyketide	nucleus [GO:0005634]	16.34
Polyketide	cytoplasm [GO:0005737]	16.34
Polyketide	nucleolus [GO:0005730]	16.34
Polyketide	node of Ranvier [GO:0033268]	14.52
Polyketide	synapse [GO:0045202]	14.52
Polyketide	plasma membrane [GO:0005886]	14.52
Polyketide	axon initial segment [GO:0043194]	14.52
Polyketide	voltage-gated potassium channel complex [GO:0008076]	14.52
Polyketide	cytosol [GO:0005829]	12.67
Polyketide	nucleoplasm [GO:0005654]	12.67
Polyketide	receptor complex [GO:0043235]	12.67
Polyketide	mitochondrion [GO:0005739]	12.67
Polyketide	RNA polymerase II transcription regulator complex [GO:0090575]	12.67
Polyketide	chromatin [GO:0000785]	12.67
Polyketide	transcription regulator complex [GO:0005667]	12.67
Polyketide	nucleus [GO:0005634]	12.67
Polyketide	node of Ranvier [GO:0033268]	14.52
Polyketide	synapse [GO:0045202]	14.52
Polyketide	plasma membrane [GO:0005886]	14.52
Polyketide	axon initial segment [GO:0043194]	14.52
Polyketide	voltage-gated potassium channel complex [GO:0008076]	14.52
Polyketide	host cell nucleus [GO:0042025]	20.08
Polyketide	viral envelope [GO:0019031]	20.08
Polyketide	host cell plasma membrane [GO:0020002]	20.08
Polyketide	host cell lipid droplet [GO:0044186]	20.08
Polyketide	host cell endoplasmic reticulum membrane [GO:0044167]	20.08
Polyketide	host cell mitochondrial membrane [GO:0044191]	20.08
Polyketide	ribonucleoprotein complex [GO:1990904]	20.08
Polyketide	membrane [GO:0016020]	20.08
Polyketide	viral nucleocapsid [GO:0019013]	20.08
Polyketide	virion membrane [GO:0055036]	20.08
Polyketide	host cell perinuclear region of cytoplasm [GO:0044220]	20.08
Polyketide	dendrite [GO:0030425]	16.92
Polyketide	neuron projection [GO:0043005]	16.92
Polyketide	intracellular membrane-bounded organelle [GO:0043231]	16.92
Polyketide	plasma membrane [GO:0005886]	16.92
Polyketide	postsynaptic membrane [GO:0045211]	16.92
Polyketide	synapse [GO:0045202]	16.92
Polyketide	glycine-gated chloride channel complex [GO:0016935]	16.92
Polyketide	perikaryon [GO:0043204]	16.92
Polyketide	membrane [GO:0016020]	17.86
Polyketide	nuclear periphery [GO:0034399]	-1.0
Polyketide	main axon [GO:0044304]	-1.0
Polyketide	neurofibrillary tangle [GO:0097418]	-1.0
Polyketide	neuron projection [GO:0043005]	-1.0
Polyketide	somatodendritic compartment [GO:0036477]	-1.0
Polyketide	microtubule [GO:0005874]	-1.0
Polyketide	cytoplasm [GO:0005737]	-1.0
Polyketide	neuronal cell body [GO:0043025]	-1.0
Polyketide	cell body [GO:0044297]	-1.0
Polyketide	nuclear speck [GO:0016607]	-1.0
Polyketide	growth cone [GO:0030426]	-1.0
Polyketide	membrane raft [GO:0045121]	-1.0
Polyketide	dendrite [GO:0030425]	-1.0
Polyketide	tubulin complex [GO:0045298]	-1.0
Polyketide	microtubule cytoskeleton [GO:0015630]	-1.0
Polyketide	cytosol [GO:0005829]	-1.0
Polyketide	axolemma [GO:0030673]	-1.0
Polyketide	glial cell projection [GO:0097386]	-1.0
Polyketide	dendritic spine [GO:0043197]	-1.0
Polyketide	extracellular region [GO:0005576]	-1.0
Polyketide	cytoplasmic ribonucleoprotein granule [GO:0036464]	-1.0
Polyketide	nucleus [GO:0005634]	-1.0
Polyketide	axon cytoplasm [GO:1904115]	-1.0
Polyketide	plasma membrane [GO:0005886]	-1.0
Polyketide	mitochondrion [GO:0005739]	-1.0
Polyketide	axon [GO:0030424]	-1.0
Polyketide	intracellular membrane-bounded organelle [GO:0043231]	14.04
Polyketide	myelin sheath [GO:0043209]	14.04
Polyketide	cytoplasm [GO:0005737]	14.04
Polyketide	cytosol [GO:0005829]	14.04
Polyketide	host cell nucleus [GO:0042025]	18.72
Polyketide	protein-containing complex [GO:0032991]	18.72
Polyketide	host cell plasma membrane [GO:0020002]	18.72
Polyketide	host cell lipid droplet [GO:0044186]	18.72
Polyketide	viral envelope [GO:0019031]	18.72
Polyketide	host cell endoplasmic reticulum membrane [GO:0044167]	18.72
Polyketide	host cell mitochondrial membrane [GO:0044191]	18.72
Polyketide	ribonucleoprotein complex [GO:1990904]	18.72
Polyketide	membrane [GO:0016020]	18.72
Polyketide	viral nucleocapsid [GO:0019013]	18.72
Polyketide	virion membrane [GO:0055036]	18.72
Polyketide	host cell perinuclear region of cytoplasm [GO:0044220]	18.72
Polyketide	respirasome [GO:0070469]	14.4
Polyketide	protein-containing complex [GO:0032991]	13.66
Polyketide	endocytic vesicle membrane [GO:0030666]	13.66
Polyketide	cytosol [GO:0005829]	13.66
Polyketide	transcription repressor complex [GO:0017053]	13.66
Polyketide	nucleoplasm [GO:0005654]	13.66
Polyketide	plasma membrane [GO:0005886]	13.66
Polyketide	nucleus [GO:0005634]	13.66
Polyketide	cytoplasm [GO:0005737]	13.66
Polyketide	nucleolus [GO:0005730]	13.66
Polyketide	blood microparticle [GO:0072562]	7.13
Polyketide	extracellular region [GO:0005576]	7.13
Polyketide	extracellular exosome [GO:0070062]	7.13
Polyketide	secretory granule lumen [GO:0034774]	7.13
Polyketide	collagen-containing extracellular matrix [GO:0062023]	7.13
Polyketide	platelet alpha granule lumen [GO:0031093]	7.13
Polyketide	azurophil granule lumen [GO:0035578]	7.13
Polyketide	extracellular space [GO:0005615]	7.13
Polyketide	nucleus [GO:0005634]	7.13
Polyketide	protein-containing complex [GO:0032991]	13.7
Polyketide	endocytic vesicle membrane [GO:0030666]	13.7
Polyketide	cytosol [GO:0005829]	13.7
Polyketide	transcription repressor complex [GO:0017053]	13.7
Polyketide	nucleoplasm [GO:0005654]	13.7
Polyketide	plasma membrane [GO:0005886]	13.7
Polyketide	nucleus [GO:0005634]	13.7
Polyketide	cytoplasm [GO:0005737]	13.7
Polyketide	nucleolus [GO:0005730]	13.7
Polyketide	endoplasmic reticulum [GO:0005783]	14.34
Polyketide	mitochondrion [GO:0005739]	14.34
Polyketide	mitochondrial inner membrane [GO:0005743]	14.34
Polyketide	protein-DNA complex [GO:0032993]	17.08
Polyketide	nuclear chromosome [GO:0000228]	14.25
Polyketide	histone deacetylase complex [GO:0000118]	14.25
Polyketide	cytoplasm [GO:0005737]	14.25
Polyketide	nucleoplasm [GO:0005654]	14.25
Polyketide	nucleus [GO:0005634]	14.25
Polyketide	nuclear body [GO:0016604]	11.51
Polyketide	nucleoplasm [GO:0005654]	11.51
Polyketide	chromatin [GO:0000785]	11.51
Polyketide	transcription regulator complex [GO:0005667]	11.51
Polyketide	intermediate filament cytoskeleton [GO:0045111]	11.51
Polyketide	cytoplasmic side of endoplasmic reticulum membrane [GO:0098554]	17.12
Polyketide	protein-containing complex [GO:0032991]	17.12
Polyketide	endoplasmic reticulum [GO:0005783]	17.12
Polyketide	sorting endosome [GO:0097443]	17.12
Polyketide	endosome lumen [GO:0031904]	17.12
Polyketide	early endosome [GO:0005769]	17.12
Polyketide	cytosol [GO:0005829]	17.12
Polyketide	mitochondrial crista [GO:0030061]	17.12
Polyketide	mitochondrial matrix [GO:0005759]	17.12
Polyketide	cytoplasm [GO:0005737]	17.12
Polyketide	sarcoplasmic reticulum membrane [GO:0033017]	17.45
Polyketide	cytoplasmic side of membrane [GO:0098562]	17.45
Polyketide	cytosol [GO:0005829]	17.45
Polyketide	Z disc [GO:0030018]	17.45
Polyketide	sarcoplasmic reticulum [GO:0016529]	17.45
Polyketide	terminal cisterna [GO:0014802]	17.45
Polyketide	membrane [GO:0016020]	17.45
Polyketide	ryanodine receptor complex [GO:1990425]	17.45
Polyketide	cytoplasm [GO:0005737]	17.45
Polyketide	efflux pump complex [GO:1990281]	19.49
Polyketide	outer membrane-bounded periplasmic space [GO:0030288]	19.49
Polyketide	periplasmic side of plasma membrane [GO:0098567]	19.49
Polyketide	plasma membrane [GO:0005886]	19.49
Polyketide	membrane [GO:0016020]	19.49
Polyketide	cell body [GO:0044297]	16.4
Polyketide	actin filament [GO:0005884]	16.4
Polyketide	skeletal muscle myofibril [GO:0098723]	16.4
Polyketide	stress fiber [GO:0001725]	16.4
Polyketide	filamentous actin [GO:0031941]	16.4
Polyketide	actin filament bundle [GO:0032432]	16.4
Polyketide	lamellipodium [GO:0030027]	16.4
Polyketide	striated muscle thin filament [GO:0005865]	16.4
Polyketide	cytoplasm [GO:0005737]	16.4
Polyketide	filopodium [GO:0030175]	16.4
Polyketide	extracellular region [GO:0005576]	10.69
Polyketide	extracellular exosome [GO:0070062]	10.69
Polyketide	azurophil granule lumen [GO:0035578]	10.69
Polyketide	extracellular space [GO:0005615]	10.69
Polyketide	cytosol [GO:0005829]	18.52
Polyketide	nucleoplasm [GO:0005654]	18.52
Polyketide	plasma membrane [GO:0005886]	18.52
Polyketide	mitochondrion [GO:0005739]	18.52
Polyketide	nucleus [GO:0005634]	18.52
Polyketide	cytoplasm [GO:0005737]	18.52
Polyketide	extracellular space [GO:0005615]	11.39
Polyketide	azurophil granule lumen [GO:0035578]	11.39
Polyketide	extracellular region [GO:0005576]	11.39
Polyketide	extracellular exosome [GO:0070062]	11.39
Polyketide	membrane [GO:0016020]	14.44
Polyketide	cytosol [GO:0005829]	14.44
Polyketide	transcription regulator complex [GO:0005667]	14.44
Polyketide	cytoplasm [GO:0005737]	14.44
Polyketide	chromatin [GO:0000785]	14.44
Polyketide	Golgi apparatus [GO:0005794]	14.44
Polyketide	plasma membrane [GO:0005886]	14.44
Polyketide	nucleoplasm [GO:0005654]	14.44
Polyketide	protein-containing complex [GO:0032991]	14.44
Polyketide	euchromatin [GO:0000791]	14.44
Polyketide	nucleus [GO:0005634]	14.44
Polyketide	nucleus [GO:0005634]	9.3
Polyketide	collagen-containing extracellular matrix [GO:0062023]	17.06
Polyketide	cytosol [GO:0005829]	17.06
Polyketide	intracellular membrane-bounded organelle [GO:0043231]	17.06
Polyketide	extracellular region [GO:0005576]	17.06
Polyketide	extracellular space [GO:0005615]	17.06
Polyketide	cytoplasmic ribonucleoprotein granule [GO:0036464]	17.06
Polyketide	secretory granule [GO:0030141]	17.06
Polyketide	cytoplasm [GO:0005737]	17.06
Polyketide	dendritic shaft [GO:0043198]	-1.0
Polyketide	ribonucleoprotein complex [GO:1990904]	-1.0
Polyketide	postsynaptic density [GO:0014069]	-1.0
Polyketide	nucleoplasm [GO:0005654]	-1.0
Polyketide	microtubule [GO:0005874]	-1.0
Polyketide	Wnt signalosome [GO:1990909]	-1.0
Polyketide	cytoplasm [GO:0005737]	-1.0
Polyketide	neuronal cell body [GO:0043025]	-1.0
Polyketide	centrosome [GO:0005813]	-1.0
Polyketide	meiotic spindle [GO:0072687]	-1.0
Polyketide	Schaffer collateral - CA1 synapse [GO:0098685]	-1.0
Polyketide	presynapse [GO:0098793]	-1.0
Polyketide	growth cone [GO:0030426]	-1.0
Polyketide	dendrite [GO:0030425]	-1.0
Polyketide	protein-containing complex [GO:0032991]	-1.0
Polyketide	perinuclear region of cytoplasm [GO:0048471]	-1.0
Polyketide	cytosol [GO:0005829]	-1.0
Polyketide	glutamatergic synapse [GO:0098978]	-1.0
Polyketide	membrane [GO:0016020]	-1.0
Polyketide	dendritic spine [GO:0043197]	-1.0
Polyketide	nucleus [GO:0005634]	-1.0
Polyketide	membrane-bounded organelle [GO:0043227]	-1.0
Polyketide	plasma membrane [GO:0005886]	-1.0
Polyketide	mitochondrion [GO:0005739]	-1.0
Polyketide	axon [GO:0030424]	-1.0
Polyketide	beta-catenin destruction complex [GO:0030877]	-1.0
Polyketide	nucleoplasm [GO:0005654]	14.51
Polyketide	nucleus [GO:0005634]	14.51
Polyketide	cytoplasm [GO:0005737]	14.51
Polyketide	nucleolus [GO:0005730]	14.51
Polyketide	apicoplast [GO:0020011]	13.84
Polyketide	ATP-binding cassette (ABC) transporter complex [GO:0043190]	20.55
Polyketide	host cell nucleus [GO:0042025]	18.33
Polyketide	viral envelope [GO:0019031]	18.33
Polyketide	host cell plasma membrane [GO:0020002]	18.33
Polyketide	host cell lipid droplet [GO:0044186]	18.33
Polyketide	host cell endoplasmic reticulum membrane [GO:0044167]	18.33
Polyketide	host cell mitochondrial membrane [GO:0044191]	18.33
Polyketide	ribonucleoprotein complex [GO:1990904]	18.33
Polyketide	membrane [GO:0016020]	18.33
Polyketide	viral nucleocapsid [GO:0019013]	18.33
Polyketide	virion membrane [GO:0055036]	18.33
Polyketide	host cell perinuclear region of cytoplasm [GO:0044220]	18.33
Polyketide	cytoplasm [GO:0005737]	13.38
Polyketide	mitochondrial envelope [GO:0005740]	16.2
Polyketide	mitochondrial outer membrane [GO:0005741]	16.2
Polyketide	mitochondrion [GO:0005739]	16.2
Polyketide	cytoplasmic side of endoplasmic reticulum membrane [GO:0098554]	9.33
Polyketide	protein-containing complex [GO:0032991]	9.33
Polyketide	endoplasmic reticulum [GO:0005783]	9.33
Polyketide	sorting endosome [GO:0097443]	9.33
Polyketide	endosome lumen [GO:0031904]	9.33
Polyketide	early endosome [GO:0005769]	9.33
Polyketide	cytosol [GO:0005829]	9.33
Polyketide	mitochondrial crista [GO:0030061]	9.33
Polyketide	mitochondrial matrix [GO:0005759]	9.33
Polyketide	cytoplasm [GO:0005737]	9.33
Polyketide	transcription repressor complex [GO:0017053]	18.6
Polyketide	nucleoplasm [GO:0005654]	18.6
Polyketide	nucleus [GO:0005634]	18.6
Polyketide	nucleoplasm [GO:0005654]	14.52
Polyketide	chromatin [GO:0000785]	14.52
Polyketide	node of Ranvier [GO:0033268]	12.61
Polyketide	synapse [GO:0045202]	12.61
Polyketide	plasma membrane [GO:0005886]	12.61
Polyketide	axon initial segment [GO:0043194]	12.61
Polyketide	voltage-gated potassium channel complex [GO:0008076]	12.61
Polyketide	PML body [GO:0016605]	12.7
Polyketide	Sin3 complex [GO:0016580]	12.7
Polyketide	protein kinase CK2 complex [GO:0005956]	12.7
Polyketide	cytosol [GO:0005829]	12.7
Polyketide	nucleoplasm [GO:0005654]	12.7
Polyketide	plasma membrane [GO:0005886]	12.7
Polyketide	nucleus [GO:0005634]	12.7
Polyketide	node of Ranvier [GO:0033268]	14.57
Polyketide	synapse [GO:0045202]	14.57
Polyketide	plasma membrane [GO:0005886]	14.57
Polyketide	axon initial segment [GO:0043194]	14.57
Polyketide	voltage-gated potassium channel complex [GO:0008076]	14.57
Polyketide	centrosome [GO:0005813]	15.75
Polyketide	midbody [GO:0030496]	15.75
Polyketide	cyclin A2-CDK1 complex [GO:0097122]	15.75
Polyketide	mitotic spindle [GO:0072686]	15.75
Polyketide	cytosol [GO:0005829]	15.75
Polyketide	cyclin-dependent protein kinase holoenzyme complex [GO:0000307]	15.75
Polyketide	extracellular exosome [GO:0070062]	15.75
Polyketide	nucleoplasm [GO:0005654]	15.75
Polyketide	endoplasmic reticulum membrane [GO:0005789]	15.75
Polyketide	membrane [GO:0016020]	15.75
Polyketide	mitochondrion [GO:0005739]	15.75
Polyketide	chromosome, telomeric region [GO:0000781]	15.75
Polyketide	nucleus [GO:0005634]	15.75
Polyketide	spindle microtubule [GO:0005876]	15.75
Polyketide	mitochondrial matrix [GO:0005759]	15.75
Polyketide	cyclin B1-CDK1 complex [GO:0097125]	15.75
Polyketide	cytoplasm [GO:0005737]	15.75
Polyketide	plasma membrane [GO:0005886]	13.16
Polyketide	plasma membrane [GO:0005886]	17.23
Polyketide	periplasmic side of plasma membrane [GO:0098567]	17.23
Polyketide	membrane [GO:0016020]	17.23
Polyketide	outer membrane-bounded periplasmic space [GO:0030288]	17.23
Polyketide	efflux pump complex [GO:1990281]	17.23
Polyketide	postsynaptic density [GO:0014069]	13.46
Polyketide	glutamatergic synapse [GO:0098978]	13.46
Polyketide	plasma membrane [GO:0005886]	13.46
Polyketide	DAPK1-calmodulin complex [GO:1990722]	13.46
Polyketide	actin cytoskeleton [GO:0015629]	13.46
Polyketide	nucleus [GO:0005634]	13.46
Polyketide	cytoplasm [GO:0005737]	13.46
Polyketide	pericentric heterochromatin [GO:0005721]	12.66
Polyketide	endoplasmic reticulum [GO:0005783]	12.66
Polyketide	intracellular membrane-bounded organelle [GO:0043231]	12.66
Polyketide	nucleoplasm [GO:0005654]	12.66
Polyketide	site of DNA damage [GO:0090734]	12.66
Polyketide	chromatin [GO:0000785]	12.66
Polyketide	nucleus [GO:0005634]	12.66
Polyketide	site of double-strand break [GO:0035861]	12.66
Polyketide	chromosome, subtelomeric region [GO:0099115]	12.66
Polyketide	mitochondrial proton-transporting ATP synthase complex [GO:0005753]	12.24
Polyketide	cytosol [GO:0005829]	12.24
Polyketide	mitochondrial proton-transporting ATP synthase complex, coupling factor F(o) [GO:0000276]	12.24
Polyketide	mitochondrion [GO:0005739]	12.24
Polyketide	mitochondrial intermembrane space [GO:0005758]	12.24
Polyketide	mitochondrial inner membrane [GO:0005743]	12.24
Polyketide	mitochondrial matrix [GO:0005759]	13.96
Polyketide	mitochondrion [GO:0005739]	13.96
Polyketide	extracellular exosome [GO:0070062]	13.96
Polyketide	proton-transporting ATP synthase complex, catalytic core F(1) [GO:0045261]	16.39
Polyketide	nuclear envelope [GO:0005635]	15.46
Polyketide	perinuclear region of cytoplasm [GO:0048471]	15.46
Polyketide	cytosol [GO:0005829]	15.46
Polyketide	pericentriolar material [GO:0000242]	15.46
Polyketide	Golgi membrane [GO:0000139]	15.46
Polyketide	chromosome, telomeric region [GO:0000781]	15.46
Polyketide	nucleus [GO:0005634]	15.46
Polyketide	cytoplasm [GO:0005737]	15.46
Polyketide	plasma membrane [GO:0005886]	14.49
Polyketide	proton-transporting ATP synthase complex, coupling factor F(o) [GO:0045263]	14.49
Polyketide	nuclear envelope [GO:0005635]	14.41
Polyketide	perinuclear region of cytoplasm [GO:0048471]	14.41
Polyketide	cytosol [GO:0005829]	14.41
Polyketide	pericentriolar material [GO:0000242]	14.41
Polyketide	Golgi membrane [GO:0000139]	14.41
Polyketide	chromosome, telomeric region [GO:0000781]	14.41
Polyketide	nucleus [GO:0005634]	14.41
Polyketide	cytoplasm [GO:0005737]	14.41
Polyketide	cytosol [GO:0005829]	13.39
Polyketide	mitochondrial proton-transporting ATP synthase complex [GO:0005753]	18.76
Polyketide	cytosol [GO:0005829]	18.76
Polyketide	mitochondrial proton-transporting ATP synthase complex, coupling factor F(o) [GO:0000276]	18.76
Polyketide	mitochondrion [GO:0005739]	18.76
Polyketide	mitochondrial intermembrane space [GO:0005758]	18.76
Polyketide	mitochondrial inner membrane [GO:0005743]	18.76
Polyketide	plasma membrane [GO:0005886]	16.6
Polyketide	DNA-directed RNA polymerase complex [GO:0000428]	16.6
Polyketide	cytosol [GO:0005829]	16.6
Polyketide	peptidoglycan-based cell wall [GO:0009274]	16.6
Polyketide	membrane [GO:0016020]	17.04
Polyketide	transporter complex [GO:1990351]	21.29
Polyketide	plasma membrane [GO:0005886]	21.29
Polyketide	membrane [GO:0016020]	21.29
Polyketide	ATP-binding cassette (ABC) transporter complex [GO:0043190]	21.29
Polyketide	cytoplasm [GO:0005737]	21.29
Polyketide	nuclear periphery [GO:0034399]	-1.0
Polyketide	main axon [GO:0044304]	-1.0
Polyketide	neurofibrillary tangle [GO:0097418]	-1.0
Polyketide	neuron projection [GO:0043005]	-1.0
Polyketide	somatodendritic compartment [GO:0036477]	-1.0
Polyketide	microtubule [GO:0005874]	-1.0
Polyketide	cytoplasm [GO:0005737]	-1.0
Polyketide	neuronal cell body [GO:0043025]	-1.0
Polyketide	cell body [GO:0044297]	-1.0
Polyketide	nuclear speck [GO:0016607]	-1.0
Polyketide	growth cone [GO:0030426]	-1.0
Polyketide	membrane raft [GO:0045121]	-1.0
Polyketide	dendrite [GO:0030425]	-1.0
Polyketide	tubulin complex [GO:0045298]	-1.0
Polyketide	microtubule cytoskeleton [GO:0015630]	-1.0
Polyketide	cytosol [GO:0005829]	-1.0
Polyketide	axolemma [GO:0030673]	-1.0
Polyketide	glial cell projection [GO:0097386]	-1.0
Polyketide	dendritic spine [GO:0043197]	-1.0
Polyketide	extracellular region [GO:0005576]	-1.0
Polyketide	cytoplasmic ribonucleoprotein granule [GO:0036464]	-1.0
Polyketide	nucleus [GO:0005634]	-1.0
Polyketide	axon cytoplasm [GO:1904115]	-1.0
Polyketide	plasma membrane [GO:0005886]	-1.0
Polyketide	mitochondrion [GO:0005739]	-1.0
Polyketide	axon [GO:0030424]	-1.0
Polyketide	RSC-type complex [GO:0016586]	6.18
Polyketide	kinetochore [GO:0000776]	6.18
Polyketide	SWI/SNF complex [GO:0016514]	6.18
Polyketide	nucleoplasm [GO:0005654]	6.18
Polyketide	nuclear matrix [GO:0016363]	6.18
Polyketide	chromatin [GO:0000785]	6.18
Polyketide	nuclear chromosome [GO:0000228]	6.18
Polyketide	nucleus [GO:0005634]	6.18
Polyketide	collagen-containing extracellular matrix [GO:0062023]	21.32
Polyketide	cytoplasm [GO:0005737]	21.32
Polyketide	secretory granule membrane [GO:0030667]	21.32
Polyketide	cytosol [GO:0005829]	21.32
Polyketide	ficolin-1-rich granule membrane [GO:0101003]	21.32
Polyketide	immunological synapse [GO:0001772]	21.32
Polyketide	extracellular exosome [GO:0070062]	21.32
Polyketide	spliceosomal complex [GO:0005681]	21.32
Polyketide	nucleoplasm [GO:0005654]	21.32
Polyketide	membrane [GO:0016020]	21.32
Polyketide	plasma membrane [GO:0005886]	21.32
Polyketide	extracellular region [GO:0005576]	21.32
Polyketide	extracellular space [GO:0005615]	21.32
Polyketide	nucleus [GO:0005634]	21.32
Polyketide	cell surface [GO:0009986]	21.32
Polyketide	mitochondrial inner membrane [GO:0005743]	21.32
Polyketide	dendrite [GO:0030425]	15.86
Polyketide	PML body [GO:0016605]	15.86
Polyketide	nuclear envelope [GO:0005635]	15.86
Polyketide	lysosome [GO:0005764]	15.86
Polyketide	endomembrane system [GO:0012505]	15.86
Polyketide	mitochondrial outer membrane [GO:0005741]	15.86
Polyketide	cytosol [GO:0005829]	15.86
Polyketide	Golgi membrane [GO:0000139]	15.86
Polyketide	nucleoplasm [GO:0005654]	15.86
Polyketide	endoplasmic reticulum membrane [GO:0005789]	15.86
Polyketide	membrane [GO:0016020]	15.86
Polyketide	TORC1 complex [GO:0031931]	15.86
Polyketide	nucleus [GO:0005634]	15.86
Polyketide	TORC2 complex [GO:0031932]	15.86
Polyketide	lysosomal membrane [GO:0005765]	15.86
Polyketide	cytoplasm [GO:0005737]	15.86
Polyketide	phagocytic vesicle [GO:0045335]	15.86
Polyketide	protein-containing complex [GO:0032991]	12.62
Polyketide	cytosol [GO:0005829]	12.62
Polyketide	nucleoplasm [GO:0005654]	12.62
Polyketide	membrane [GO:0016020]	12.62
Polyketide	plasma membrane [GO:0005886]	12.62
Polyketide	euchromatin [GO:0000791]	12.62
Polyketide	chromatin [GO:0000785]	12.62
Polyketide	transcription regulator complex [GO:0005667]	12.62
Polyketide	nucleus [GO:0005634]	12.62
Polyketide	cytoplasm [GO:0005737]	12.62
Polyketide	Golgi apparatus [GO:0005794]	12.62
Polyketide	cell body [GO:0044297]	18.74
Polyketide	actin filament [GO:0005884]	18.74
Polyketide	skeletal muscle myofibril [GO:0098723]	18.74
Polyketide	stress fiber [GO:0001725]	18.74
Polyketide	filamentous actin [GO:0031941]	18.74
Polyketide	actin filament bundle [GO:0032432]	18.74
Polyketide	lamellipodium [GO:0030027]	18.74
Polyketide	striated muscle thin filament [GO:0005865]	18.74
Polyketide	cytoplasm [GO:0005737]	18.74
Polyketide	filopodium [GO:0030175]	18.74
Polyketide	host cell nucleus [GO:0042025]	19.14
Polyketide	membrane [GO:0016020]	19.14
Polyketide	T=pseudo3 icosahedral viral capsid [GO:0039618]	19.14
Polyketide	host cell cytoplasmic vesicle membrane [GO:0044162]	19.14
Polyketide	skeletal muscle myofibril [GO:0098723]	14.7
Polyketide	extracellular region [GO:0005576]	17.33
Polyketide	node of Ranvier [GO:0033268]	13.97
Polyketide	synapse [GO:0045202]	13.97
Polyketide	plasma membrane [GO:0005886]	13.97
Polyketide	axon initial segment [GO:0043194]	13.97
Polyketide	voltage-gated potassium channel complex [GO:0008076]	13.97
Polyketide	membrane [GO:0016020]	18.6
Polyketide	node of Ranvier [GO:0033268]	9.59
Polyketide	synapse [GO:0045202]	9.59
Polyketide	plasma membrane [GO:0005886]	9.59
Polyketide	axon initial segment [GO:0043194]	9.59
Polyketide	voltage-gated potassium channel complex [GO:0008076]	9.59
Polyketide	cytosol [GO:0005829]	15.43
Polyketide	plasma membrane [GO:0005886]	15.43
Polyketide	peptidoglycan-based cell wall [GO:0009274]	15.43
Polyketide	efflux pump complex [GO:1990281]	17.64
Polyketide	outer membrane-bounded periplasmic space [GO:0030288]	17.64
Polyketide	periplasmic side of plasma membrane [GO:0098567]	17.64
Polyketide	plasma membrane [GO:0005886]	17.64
Polyketide	membrane [GO:0016020]	17.64
Polyketide	nucleoplasm [GO:0005654]	18.76
Polyketide	chromatin [GO:0000785]	18.76
Polyketide	host cell nucleus [GO:0042025]	15.42
Polyketide	host cell endoplasmic reticulum membrane [GO:0044167]	15.42
Polyketide	host cell endoplasmic reticulum-Golgi intermediate compartment [GO:0044172]	15.42
Polyketide	host cell Golgi apparatus [GO:0044177]	15.42
Polyketide	host cell endosome [GO:0044174]	15.42
Polyketide	membrane [GO:0016020]	15.42
Polyketide	double membrane vesicle viral factory outer membrane [GO:0062243]	15.42
Polyketide	host cell perinuclear region of cytoplasm [GO:0044220]	15.42
Polyketide	protein-DNA complex [GO:0032993]	14.23
Polyketide	cell body [GO:0044297]	-1.0
Polyketide	actin filament [GO:0005884]	-1.0
Polyketide	skeletal muscle myofibril [GO:0098723]	-1.0
Polyketide	stress fiber [GO:0001725]	-1.0
Polyketide	filamentous actin [GO:0031941]	-1.0
Polyketide	actin filament bundle [GO:0032432]	-1.0
Polyketide	lamellipodium [GO:0030027]	-1.0
Polyketide	striated muscle thin filament [GO:0005865]	-1.0
Polyketide	cytoplasm [GO:0005737]	-1.0
Polyketide	filopodium [GO:0030175]	-1.0
Polyketide	extracellular region [GO:0005576]	6.94
Polyketide	extracellular exosome [GO:0070062]	6.94
Polyketide	azurophil granule lumen [GO:0035578]	6.94
Polyketide	extracellular space [GO:0005615]	6.94
Polyketide	dendrite [GO:0030425]	17.83
Polyketide	PML body [GO:0016605]	17.83
Polyketide	nuclear envelope [GO:0005635]	17.83
Polyketide	lysosome [GO:0005764]	17.83
Polyketide	endomembrane system [GO:0012505]	17.83
Polyketide	mitochondrial outer membrane [GO:0005741]	17.83
Polyketide	cytosol [GO:0005829]	17.83
Polyketide	Golgi membrane [GO:0000139]	17.83
Polyketide	nucleoplasm [GO:0005654]	17.83
Polyketide	endoplasmic reticulum membrane [GO:0005789]	17.83
Polyketide	membrane [GO:0016020]	17.83
Polyketide	TORC1 complex [GO:0031931]	17.83
Polyketide	nucleus [GO:0005634]	17.83
Polyketide	TORC2 complex [GO:0031932]	17.83
Polyketide	lysosomal membrane [GO:0005765]	17.83
Polyketide	cytoplasm [GO:0005737]	17.83
Polyketide	phagocytic vesicle [GO:0045335]	17.83
Polyketide	extracellular space [GO:0005615]	10.26
Polyketide	azurophil granule lumen [GO:0035578]	10.26
Polyketide	extracellular region [GO:0005576]	10.26
Polyketide	extracellular exosome [GO:0070062]	10.26
Polyketide	sarcoplasmic reticulum membrane [GO:0033017]	19.08
Polyketide	cytoplasmic side of membrane [GO:0098562]	19.08
Polyketide	cytosol [GO:0005829]	19.08
Polyketide	Z disc [GO:0030018]	19.08
Polyketide	sarcoplasmic reticulum [GO:0016529]	19.08
Polyketide	extracellular exosome [GO:0070062]	19.08
Polyketide	membrane [GO:0016020]	19.08
Polyketide	ryanodine receptor complex [GO:1990425]	19.08
Polyketide	cytoplasm [GO:0005737]	19.08
Polyketide	extracellular space [GO:0005615]	11.64
Polyketide	azurophil granule lumen [GO:0035578]	11.64
Polyketide	extracellular region [GO:0005576]	11.64
Polyketide	extracellular exosome [GO:0070062]	11.64
Polyketide	cytoplasm [GO:0005737]	16.84
Polyketide	plasma membrane [GO:0005886]	14.94
Polyketide	chloride channel complex [GO:0034707]	14.09
Polyketide	postsynaptic membrane [GO:0045211]	14.09
Polyketide	perikaryon [GO:0043204]	14.09
Polyketide	membrane [GO:0016020]	14.09
Polyketide	plasma membrane [GO:0005886]	14.09
Polyketide	dendrite [GO:0030425]	14.09
Polyketide	neuron projection [GO:0043005]	14.09
Polyketide	synapse [GO:0045202]	14.09
Polyketide	host cell nucleus [GO:0042025]	16.05
Polyketide	protein-containing complex [GO:0032991]	16.05
Polyketide	host cell plasma membrane [GO:0020002]	16.05
Polyketide	host cell lipid droplet [GO:0044186]	16.05
Polyketide	viral envelope [GO:0019031]	16.05
Polyketide	host cell endoplasmic reticulum membrane [GO:0044167]	16.05
Polyketide	host cell mitochondrial membrane [GO:0044191]	16.05
Polyketide	ribonucleoprotein complex [GO:1990904]	16.05
Polyketide	membrane [GO:0016020]	16.05
Polyketide	viral nucleocapsid [GO:0019013]	16.05
Polyketide	virion membrane [GO:0055036]	16.05
Polyketide	host cell perinuclear region of cytoplasm [GO:0044220]	16.05
Polyketide	voltage-gated potassium channel complex [GO:0008076]	16.68
Polyketide	endoplasmic reticulum [GO:0005783]	16.68
Polyketide	cell surface [GO:0009986]	16.68
Polyketide	apical plasma membrane [GO:0016324]	16.68
Polyketide	plasma membrane [GO:0005886]	16.68
Polyketide	endoplasmic reticulum membrane [GO:0005789]	16.68
Polyketide	astrocyte projection [GO:0097449]	16.68
Polyketide	calyx of Held [GO:0044305]	16.68
Polyketide	neuronal cell body [GO:0043025]	16.68
Polyketide	vacuolar proton-transporting V-type ATPase, V0 domain [GO:0000220]	16.49
Polyketide	synaptic vesicle membrane [GO:0030672]	16.49
Polyketide	clathrin-coated vesicle membrane [GO:0030665]	16.49
Polyketide	extracellular space [GO:0005615]	11.09
Polyketide	azurophil granule lumen [GO:0035578]	11.09
Polyketide	extracellular region [GO:0005576]	11.09
Polyketide	extracellular exosome [GO:0070062]	11.09
Polyketide	extracellular region [GO:0005576]	15.21
Polyketide	extracellular exosome [GO:0070062]	15.21
Polyketide	secretory granule lumen [GO:0034774]	15.21
Polyketide	cytosol [GO:0005829]	15.21
Polyketide	specific granule lumen [GO:0035580]	15.21
Polyketide	nucleoplasm [GO:0005654]	15.21
Polyketide	nucleus [GO:0005634]	15.21
Polyketide	protein-containing complex [GO:0032991]	24.41
Polyketide	cytosol [GO:0005829]	24.41
Polyketide	nucleoplasm [GO:0005654]	24.41
Polyketide	membrane [GO:0016020]	24.41
Polyketide	plasma membrane [GO:0005886]	24.41
Polyketide	euchromatin [GO:0000791]	24.41
Polyketide	chromatin [GO:0000785]	24.41
Polyketide	transcription regulator complex [GO:0005667]	24.41
Polyketide	nucleus [GO:0005634]	24.41
Polyketide	cytoplasm [GO:0005737]	24.41
Polyketide	Golgi apparatus [GO:0005794]	24.41
Polyketide	periplasmic space [GO:0042597]	13.2
Polyketide	plasma membrane [GO:0005886]	15.21
Polyketide	periplasmic space [GO:0042597]	21.97
Polyketide	dendrite [GO:0030425]	5.6
Polyketide	cytosol [GO:0005829]	5.6
Polyketide	synapse [GO:0045202]	5.6
Polyketide	nucleus [GO:0005634]	5.6
Polyketide	cytoplasm [GO:0005737]	5.6
Polyketide	neuronal cell body [GO:0043025]	5.6
Polyketide	epidermal lamellar body [GO:0097209]	8.86
Polyketide	extracellular region [GO:0005576]	8.86
Polyketide	extracellular space [GO:0005615]	8.86
Polyketide	secretory granule [GO:0030141]	8.86
Polyketide	cornified envelope [GO:0001533]	8.86
Polyketide	dendrite [GO:0030425]	16.28
Polyketide	chloride channel complex [GO:0034707]	16.28
Polyketide	neuron projection [GO:0043005]	16.28
Polyketide	plasma membrane [GO:0005886]	16.28
Polyketide	membrane [GO:0016020]	16.28
Polyketide	postsynaptic membrane [GO:0045211]	16.28
Polyketide	synapse [GO:0045202]	16.28
Polyketide	perikaryon [GO:0043204]	16.28
Polyketide	calcium channel complex [GO:0034704]	14.89
Polyketide	voltage-gated calcium channel complex [GO:0005891]	14.89
Polyketide	perinuclear region of cytoplasm [GO:0048471]	14.89
Polyketide	apical plasma membrane [GO:0016324]	14.89
Polyketide	cytosol [GO:0005829]	14.89
Polyketide	plasma membrane [GO:0005886]	14.89
Polyketide	membrane [GO:0016020]	14.89
Polyketide	nucleus [GO:0005634]	14.89
Polyketide	microtubule organizing center [GO:0005815]	14.89
Polyketide	nuclear chromosome [GO:0000228]	3.83
Polyketide	histone deacetylase complex [GO:0000118]	3.83
Polyketide	cytoplasm [GO:0005737]	3.83
Polyketide	nucleoplasm [GO:0005654]	3.83
Polyketide	nucleus [GO:0005634]	3.83
Polyketide	host cell plasma membrane [GO:0020002]	15.04
Polyketide	host cell cytosol [GO:0044164]	15.04
Polyketide	membrane [GO:0016020]	15.04
Polyketide	extracellular region [GO:0005576]	15.04
Polyketide	host cell cytoplasmic vesicle [GO:0044161]	15.04
Polyketide	host cell presynaptic membrane [GO:0044231]	15.04
Polyketide	protein-containing complex [GO:0032991]	17.18
Polyketide	cytosol [GO:0005829]	17.18
Polyketide	nucleoplasm [GO:0005654]	17.18
Polyketide	membrane [GO:0016020]	17.18
Polyketide	plasma membrane [GO:0005886]	17.18
Polyketide	euchromatin [GO:0000791]	17.18
Polyketide	chromatin [GO:0000785]	17.18
Polyketide	transcription regulator complex [GO:0005667]	17.18
Polyketide	nucleus [GO:0005634]	17.18
Polyketide	cytoplasm [GO:0005737]	17.18
Polyketide	Golgi apparatus [GO:0005794]	17.18
Polyketide	cytoplasm [GO:0005737]	13.56
Polyketide	vesicle [GO:0031982]	6.44
Polyketide	cytoplasm [GO:0005737]	6.44
Polyketide	secretory granule lumen [GO:0034774]	6.44
Polyketide	cytosol [GO:0005829]	6.44
Polyketide	ficolin-1-rich granule lumen [GO:1904813]	6.44
Polyketide	extracellular exosome [GO:0070062]	6.44
Polyketide	nucleoplasm [GO:0005654]	6.44
Polyketide	plasma membrane [GO:0005886]	6.44
Polyketide	extracellular region [GO:0005576]	6.44
Polyketide	extracellular space [GO:0005615]	6.44
Polyketide	cell surface [GO:0009986]	6.44
Polyketide	nuclear speck [GO:0016607]	17.17
Polyketide	dendrite [GO:0030425]	17.17
Polyketide	cytoplasm [GO:0005737]	17.17
Polyketide	nucleoplasm [GO:0005654]	17.17
Polyketide	cytoskeleton [GO:0005856]	17.17
Polyketide	axon [GO:0030424]	17.17
Polyketide	ribonucleoprotein complex [GO:1990904]	17.17
Polyketide	nucleus [GO:0005634]	17.17
Polyketide	cytosol [GO:0005829]	16.43
Polyketide	transcription regulator complex [GO:0005667]	16.43
Polyketide	chromatin [GO:0000785]	16.43
Polyketide	receptor complex [GO:0043235]	16.43
Polyketide	mitochondrion [GO:0005739]	16.43
Polyketide	RNA polymerase II transcription regulator complex [GO:0090575]	16.43
Polyketide	nucleoplasm [GO:0005654]	16.43
Polyketide	nucleus [GO:0005634]	16.43
Polyketide	cytosol [GO:0005829]	13.43
Polyketide	protein kinase CK2 complex [GO:0005956]	13.43
Polyketide	nucleus [GO:0005634]	13.43
Polyketide	protein-containing complex [GO:0032991]	10.37
Polyketide	cytosol [GO:0005829]	10.37
Polyketide	nucleoplasm [GO:0005654]	10.37
Polyketide	membrane [GO:0016020]	10.37
Polyketide	plasma membrane [GO:0005886]	10.37
Polyketide	euchromatin [GO:0000791]	10.37
Polyketide	chromatin [GO:0000785]	10.37
Polyketide	transcription regulator complex [GO:0005667]	10.37
Polyketide	nucleus [GO:0005634]	10.37
Polyketide	cytoplasm [GO:0005737]	10.37
Polyketide	Golgi apparatus [GO:0005794]	10.37
Polyketide	mitotic actomyosin contractile ring, intermediate layer [GO:0120105]	15.05
Polyketide	calcineurin complex [GO:0005955]	15.05
Polyketide	endoplasmic reticulum [GO:0005783]	8.71
Polyketide	ribonucleoprotein complex [GO:1990904]	8.71
Polyketide	cytosol [GO:0005829]	8.71
Polyketide	plasma membrane [GO:0005886]	8.71
Polyketide	ribosome [GO:0005840]	8.71
Polyketide	extracellular exosome [GO:0070062]	14.31
Polyketide	cytosol [GO:0005829]	14.31
Polyketide	dendrite [GO:0030425]	14.31
Polyketide	glutamatergic synapse [GO:0098978]	14.31
Polyketide	axon [GO:0030424]	14.31
Polyketide	filopodium tip [GO:0032433]	14.31
Polyketide	plasma membrane [GO:0005886]	14.31
Polyketide	membrane raft [GO:0045121]	14.31
Polyketide	extracellular region [GO:0005576]	14.31
Polyketide	early endosome membrane [GO:0031901]	14.31
Polyketide	endoplasmic reticulum [GO:0005783]	14.31
Polyketide	protein-containing complex [GO:0032991]	10.24
Polyketide	cytosol [GO:0005829]	10.24
Polyketide	nucleoplasm [GO:0005654]	10.24
Polyketide	membrane [GO:0016020]	10.24
Polyketide	plasma membrane [GO:0005886]	10.24
Polyketide	euchromatin [GO:0000791]	10.24
Polyketide	chromatin [GO:0000785]	10.24
Polyketide	transcription regulator complex [GO:0005667]	10.24
Polyketide	nucleus [GO:0005634]	10.24
Polyketide	cytoplasm [GO:0005737]	10.24
Polyketide	Golgi apparatus [GO:0005794]	10.24
Polyketide	protein-containing complex [GO:0032991]	9.14
Polyketide	cytosol [GO:0005829]	9.14
Polyketide	nucleoplasm [GO:0005654]	9.14
Polyketide	membrane [GO:0016020]	9.14
Polyketide	plasma membrane [GO:0005886]	9.14
Polyketide	euchromatin [GO:0000791]	9.14
Polyketide	chromatin [GO:0000785]	9.14
Polyketide	transcription regulator complex [GO:0005667]	9.14
Polyketide	nucleus [GO:0005634]	9.14
Polyketide	cytoplasm [GO:0005737]	9.14
Polyketide	Golgi apparatus [GO:0005794]	9.14
Polyketide	protein-containing complex [GO:0032991]	13.09
Polyketide	endocytic vesicle membrane [GO:0030666]	13.09
Polyketide	cytosol [GO:0005829]	13.09
Polyketide	transcription repressor complex [GO:0017053]	13.09
Polyketide	nucleoplasm [GO:0005654]	13.09
Polyketide	plasma membrane [GO:0005886]	13.09
Polyketide	nucleus [GO:0005634]	13.09
Polyketide	cytoplasm [GO:0005737]	13.09
Polyketide	nucleolus [GO:0005730]	13.09
Polyketide	endoplasmic reticulum lumen [GO:0005788]	17.04
Polyketide	endosome [GO:0005768]	17.04
Polyketide	Golgi-associated vesicle lumen [GO:0070931]	17.04
Polyketide	cell surface [GO:0009986]	17.04
Polyketide	neuronal cell body [GO:0043025]	17.04
Polyketide	recycling endosome [GO:0055037]	17.04
Polyketide	trans-Golgi network [GO:0005802]	17.04
Polyketide	endosome membrane [GO:0010008]	17.04
Polyketide	synaptic vesicle [GO:0008021]	17.04
Polyketide	lysosome [GO:0005764]	17.04
Polyketide	membrane raft [GO:0045121]	17.04
Polyketide	Golgi apparatus [GO:0005794]	17.04
Polyketide	dendrite [GO:0030425]	17.04
Polyketide	early endosome [GO:0005769]	17.04
Polyketide	membrane [GO:0016020]	17.04
Polyketide	multivesicular body [GO:0005771]	17.04
Polyketide	plasma membrane [GO:0005886]	17.04
Polyketide	hippocampal mossy fiber to CA3 synapse [GO:0098686]	17.04
Polyketide	axon [GO:0030424]	17.04
Polyketide	late endosome [GO:0005770]	17.04
Polyketide	bicellular tight junction [GO:0005923]	13.56
Polyketide	cytosol [GO:0005829]	13.56
Polyketide	Golgi membrane [GO:0000139]	13.56
Polyketide	plasma membrane [GO:0005886]	13.56
Polyketide	membrane [GO:0016020]	13.56
Polyketide	growth cone [GO:0030426]	13.56
Polyketide	adherens junction [GO:0005912]	13.56
Polyketide	cytoplasm [GO:0005737]	13.56
Polyketide	protein-containing complex [GO:0032991]	12.56
Polyketide	cytosol [GO:0005829]	12.56
Polyketide	nucleoplasm [GO:0005654]	12.56
Polyketide	membrane [GO:0016020]	12.56
Polyketide	plasma membrane [GO:0005886]	12.56
Polyketide	euchromatin [GO:0000791]	12.56
Polyketide	chromatin [GO:0000785]	12.56
Polyketide	transcription regulator complex [GO:0005667]	12.56
Polyketide	nucleus [GO:0005634]	12.56
Polyketide	cytoplasm [GO:0005737]	12.56
Polyketide	Golgi apparatus [GO:0005794]	12.56
Polyketide	nuclear chromosome [GO:0000228]	4.45
Polyketide	histone deacetylase complex [GO:0000118]	4.45
Polyketide	cytoplasm [GO:0005737]	4.45
Polyketide	nucleoplasm [GO:0005654]	4.45
Polyketide	nucleus [GO:0005634]	4.45
Polyketide	extracellular region [GO:0005576]	13.34
Polyketide	cytoplasm [GO:0005737]	13.82
Polyketide	host cell nucleus [GO:0042025]	10.31
Polyketide	host cell plasma membrane [GO:0020002]	10.31
Polyketide	membrane [GO:0016020]	10.31
Polyketide	viral nucleocapsid [GO:0019013]	10.31
Polyketide	host multivesicular body [GO:0072494]	10.31
Polyketide	virion membrane [GO:0055036]	10.31
Polyketide	chromosome [GO:0005694]	17.11
Polyketide	DNA topoisomerase type II (double strand cut, ATP-hydrolyzing) complex [GO:0009330]	17.11
Polyketide	cytoplasm [GO:0005737]	17.11
Polyketide	cytosol [GO:0005829]	17.11
Polyketide	chromosome [GO:0005694]	17.7
Polyketide	cytoplasm [GO:0005737]	17.7
Polyketide	skeletal muscle myofibril [GO:0098723]	-1.0
Polyketide	lamellipodium [GO:0030027]	-1.0
Polyketide	cytoplasm [GO:0005737]	-1.0
Polyketide	actin filament bundle [GO:0032432]	-1.0
Polyketide	stress fiber [GO:0001725]	-1.0
Polyketide	actin filament [GO:0005884]	-1.0
Polyketide	filamentous actin [GO:0031941]	-1.0
Polyketide	cell body [GO:0044297]	-1.0
Polyketide	striated muscle thin filament [GO:0005865]	-1.0
Polyketide	filopodium [GO:0030175]	-1.0
Polyketide	efflux pump complex [GO:1990281]	17.32
Polyketide	outer membrane-bounded periplasmic space [GO:0030288]	17.32
Polyketide	periplasmic side of plasma membrane [GO:0098567]	17.32
Polyketide	plasma membrane [GO:0005886]	17.32
Polyketide	membrane [GO:0016020]	17.32
Polyketide	mitochondrial proton-transporting ATP synthase complex [GO:0005753]	15.5
Polyketide	cytosol [GO:0005829]	15.5
Polyketide	mitochondrial proton-transporting ATP synthase complex, coupling factor F(o) [GO:0000276]	15.5
Polyketide	mitochondrion [GO:0005739]	15.5
Polyketide	mitochondrial intermembrane space [GO:0005758]	15.5
Polyketide	mitochondrial inner membrane [GO:0005743]	15.5
Polyketide	PML body [GO:0016605]	15.8
Polyketide	Sin3 complex [GO:0016580]	15.8
Polyketide	protein kinase CK2 complex [GO:0005956]	15.8
Polyketide	cytosol [GO:0005829]	15.8
Polyketide	nucleoplasm [GO:0005654]	15.8
Polyketide	plasma membrane [GO:0005886]	15.8
Polyketide	nucleus [GO:0005634]	15.8
Polyketide	fibrillar center [GO:0001650]	15.42
Polyketide	nuclear inner membrane [GO:0005637]	15.42
Polyketide	heterochromatin [GO:0000792]	15.42
Polyketide	nuclear envelope [GO:0005635]	15.42
Polyketide	PML body [GO:0016605]	15.42
Polyketide	cytosol [GO:0005829]	15.42
Polyketide	eNoSc complex [GO:0061773]	15.42
Polyketide	rDNA heterochromatin [GO:0033553]	15.42
Polyketide	nucleoplasm [GO:0005654]	15.42
Polyketide	mitochondrion [GO:0005739]	15.42
Polyketide	euchromatin [GO:0000791]	15.42
Polyketide	chromatin [GO:0000785]	15.42
Polyketide	chromatin silencing complex [GO:0005677]	15.42
Polyketide	nucleus [GO:0005634]	15.42
Polyketide	cytoplasm [GO:0005737]	15.42
Polyketide	nucleolus [GO:0005730]	15.42
Polyketide	respirasome [GO:0070469]	16.53
Polyketide	mitochondrial inner membrane [GO:0005743]	16.53
Polyketide	extracellular space [GO:0005615]	15.81
Polyketide	azurophil granule lumen [GO:0035578]	15.81
Polyketide	extracellular region [GO:0005576]	15.81
Polyketide	extracellular exosome [GO:0070062]	15.81
Polyketide	nuclear chromosome [GO:0000228]	12.92
Polyketide	histone deacetylase complex [GO:0000118]	12.92
Polyketide	cytoplasm [GO:0005737]	12.92
Polyketide	nucleoplasm [GO:0005654]	12.92
Polyketide	nucleus [GO:0005634]	12.92
Polyketide	nucleoplasm [GO:0005654]	13.51
Polyketide	plasma membrane [GO:0005886]	13.51
Polyketide	actin cytoskeleton [GO:0015629]	13.51
Polyketide	Flemming body [GO:0090543]	13.51
Polyketide	nucleus [GO:0005634]	13.51
Polyketide	endoplasmic reticulum-Golgi intermediate compartment [GO:0005793]	13.51
Polyketide	protein-containing complex [GO:0032991]	9.73
Polyketide	cytosol [GO:0005829]	9.73
Polyketide	nucleoplasm [GO:0005654]	9.73
Polyketide	membrane [GO:0016020]	9.73
Polyketide	plasma membrane [GO:0005886]	9.73
Polyketide	euchromatin [GO:0000791]	9.73
Polyketide	chromatin [GO:0000785]	9.73
Polyketide	transcription regulator complex [GO:0005667]	9.73
Polyketide	nucleus [GO:0005634]	9.73
Polyketide	cytoplasm [GO:0005737]	9.73
Polyketide	Golgi apparatus [GO:0005794]	9.73
Polyketide	sarcoplasmic reticulum membrane [GO:0033017]	20.82
Polyketide	cytoplasmic side of membrane [GO:0098562]	20.82
Polyketide	cytosol [GO:0005829]	20.82
Polyketide	Z disc [GO:0030018]	20.82
Polyketide	sarcoplasmic reticulum [GO:0016529]	20.82
Polyketide	terminal cisterna [GO:0014802]	20.82
Polyketide	membrane [GO:0016020]	20.82
Polyketide	ryanodine receptor complex [GO:1990425]	20.82
Polyketide	cytoplasm [GO:0005737]	20.82
Polyketide	chloroplast stroma [GO:0009570]	14.67
Polyketide	endoplasmic reticulum [GO:0005783]	14.67
Polyketide	chloroplast [GO:0009507]	14.67
Polyketide	cytosol [GO:0005829]	14.67
Polyketide	intracellular membrane-bounded organelle [GO:0043231]	14.67
Polyketide	plasma membrane [GO:0005886]	14.67
Polyketide	apoplast [GO:0048046]	14.67
Polyketide	plasmodesma [GO:0009506]	14.67
Polyketide	plant-type vacuole [GO:0000325]	14.67
Polyketide	neuron projection [GO:0043005]	17.02
Polyketide	synapse [GO:0045202]	17.02
Polyketide	postsynaptic membrane [GO:0045211]	17.02
Polyketide	histone deacetylase complex [GO:0000118]	13.1
Polyketide	mitochondrial proton-transporting ATP synthase, catalytic core [GO:0005754]	18.62
Polyketide	proton-transporting ATP synthase complex, catalytic core F(1) [GO:0045261]	18.62
Polyketide	mitochondrial proton-transporting ATP synthase complex [GO:0005753]	18.62
Polyketide	cytosol [GO:0005829]	18.62
Polyketide	mitochondrial nucleoid [GO:0042645]	18.62
Polyketide	mitochondrion [GO:0005739]	18.62
Polyketide	mitochondrial intermembrane space [GO:0005758]	18.62
Polyketide	mitochondrial inner membrane [GO:0005743]	18.62
Polyketide	protein-containing complex [GO:0032991]	12.63
Polyketide	cytosol [GO:0005829]	12.63
Polyketide	nucleoplasm [GO:0005654]	12.63
Polyketide	membrane [GO:0016020]	12.63
Polyketide	plasma membrane [GO:0005886]	12.63
Polyketide	euchromatin [GO:0000791]	12.63
Polyketide	chromatin [GO:0000785]	12.63
Polyketide	transcription regulator complex [GO:0005667]	12.63
Polyketide	nucleus [GO:0005634]	12.63
Polyketide	cytoplasm [GO:0005737]	12.63
Polyketide	Golgi apparatus [GO:0005794]	12.63
Polyketide	cytosol [GO:0005829]	12.72
Polyketide	protein kinase CK2 complex [GO:0005956]	12.72
Polyketide	nucleus [GO:0005634]	12.72
Polyketide	cytoplasm [GO:0005737]	15.62
Polyketide	sarcoplasmic reticulum membrane [GO:0033017]	18.03
Polyketide	cytoplasmic side of membrane [GO:0098562]	18.03
Polyketide	cytosol [GO:0005829]	18.03
Polyketide	Z disc [GO:0030018]	18.03
Polyketide	sarcoplasmic reticulum [GO:0016529]	18.03
Polyketide	terminal cisterna [GO:0014802]	18.03
Polyketide	membrane [GO:0016020]	18.03
Polyketide	ryanodine receptor complex [GO:1990425]	18.03
Polyketide	cytoplasm [GO:0005737]	18.03
Polyketide	membrane [GO:0016020]	17.54
Polyketide	endoplasmic reticulum [GO:0005783]	17.54
Polyketide	endoplasmic reticulum membrane [GO:0005789]	17.54
Polyketide	endoplasmic reticulum [GO:0005783]	14.94
Polyketide	nuclear envelope [GO:0005635]	14.94
Polyketide	nuclear membrane [GO:0031965]	14.94
Polyketide	endoplasmic reticulum membrane [GO:0005789]	14.94
Polyketide	cytoplasmic vesicle [GO:0031410]	14.94
Polyketide	cytoplasm [GO:0005737]	12.71
Polyketide	nuclear envelope [GO:0005635]	13.91
Polyketide	perinuclear region of cytoplasm [GO:0048471]	13.91
Polyketide	cytosol [GO:0005829]	13.91
Polyketide	pericentriolar material [GO:0000242]	13.91
Polyketide	Golgi membrane [GO:0000139]	13.91
Polyketide	chromosome, telomeric region [GO:0000781]	13.91
Polyketide	nucleus [GO:0005634]	13.91
Polyketide	cytoplasm [GO:0005737]	13.91
Polyketide	protein-containing complex [GO:0032991]	12.01
Polyketide	cytosol [GO:0005829]	12.01
Polyketide	nucleoplasm [GO:0005654]	12.01
Polyketide	membrane [GO:0016020]	12.01
Polyketide	plasma membrane [GO:0005886]	12.01
Polyketide	euchromatin [GO:0000791]	12.01
Polyketide	chromatin [GO:0000785]	12.01
Polyketide	transcription regulator complex [GO:0005667]	12.01
Polyketide	nucleus [GO:0005634]	12.01
Polyketide	cytoplasm [GO:0005737]	12.01
Polyketide	Golgi apparatus [GO:0005794]	12.01
Polyketide	viral envelope [GO:0019031]	20.15
Polyketide	host cell plasma membrane [GO:0020002]	20.15
Polyketide	host cell lipid droplet [GO:0044186]	20.15
Polyketide	cytoplasm [GO:0005737]	20.15
Polyketide	host cell endoplasmic reticulum membrane [GO:0044167]	20.15
Polyketide	host cell mitochondrial membrane [GO:0044191]	20.15
Polyketide	ribonucleoprotein complex [GO:1990904]	20.15
Polyketide	lipid droplet [GO:0005811]	20.15
Polyketide	plasma membrane [GO:0005886]	20.15
Polyketide	viral nucleocapsid [GO:0019013]	20.15
Polyketide	virion membrane [GO:0055036]	20.15
Polyketide	host cell perinuclear region of cytoplasm [GO:0044220]	20.15
Polyketide	nucleoplasm [GO:0005654]	13.71
Polyketide	cytosol [GO:0005829]	13.71
Polyketide	extracellular exosome [GO:0070062]	13.71
Polyketide	fungal biofilm matrix [GO:0062040]	6.78
Polyketide	cytoplasm [GO:0005737]	6.78
Polyketide	extracellular region [GO:0005576]	6.78
Polyketide	protein-DNA complex [GO:0032993]	17.8
Polyketide	plasma membrane [GO:0005886]	11.8
Polyketide	plasma membrane [GO:0005886]	15.64
Polyketide	proton-transporting ATP synthase complex, coupling factor F(o) [GO:0045263]	15.64
Polyketide	dendrite [GO:0030425]	19.74
Polyketide	neuron projection [GO:0043005]	19.74
Polyketide	intracellular membrane-bounded organelle [GO:0043231]	19.74
Polyketide	plasma membrane [GO:0005886]	19.74
Polyketide	postsynaptic membrane [GO:0045211]	19.74
Polyketide	synapse [GO:0045202]	19.74
Polyketide	glycine-gated chloride channel complex [GO:0016935]	19.74
Polyketide	perikaryon [GO:0043204]	19.74
Polyketide	cytoplasm [GO:0005737]	14.16
Polyketide	membrane-bounded organelle [GO:0043227]	21.29
Polyketide	peroxisomal membrane [GO:0005778]	14.95
Polyketide	cytosol [GO:0005829]	14.95
Polyketide	peroxisomal matrix [GO:0005782]	14.95
Polyketide	peroxisome [GO:0005777]	14.95
Polyketide	cytoplasm [GO:0005737]	14.95
Polyketide	host cell nucleus [GO:0042025]	18.7
Polyketide	protein-containing complex [GO:0032991]	18.7
Polyketide	host cell plasma membrane [GO:0020002]	18.7
Polyketide	host cell lipid droplet [GO:0044186]	18.7
Polyketide	viral envelope [GO:0019031]	18.7
Polyketide	host cell endoplasmic reticulum membrane [GO:0044167]	18.7
Polyketide	host cell mitochondrial membrane [GO:0044191]	18.7
Polyketide	ribonucleoprotein complex [GO:1990904]	18.7
Polyketide	membrane [GO:0016020]	18.7
Polyketide	viral nucleocapsid [GO:0019013]	18.7
Polyketide	virion membrane [GO:0055036]	18.7
Polyketide	host cell perinuclear region of cytoplasm [GO:0044220]	18.7
Polyketide	plasma membrane [GO:0005886]	-1.0
Polyketide	proton-transporting ATP synthase complex, coupling factor F(o) [GO:0045263]	-1.0
Polyketide	protein-containing complex [GO:0032991]	13.78
Polyketide	endocytic vesicle membrane [GO:0030666]	13.78
Polyketide	cytosol [GO:0005829]	13.78
Polyketide	transcription repressor complex [GO:0017053]	13.78
Polyketide	nucleoplasm [GO:0005654]	13.78
Polyketide	plasma membrane [GO:0005886]	13.78
Polyketide	nucleus [GO:0005634]	13.78
Polyketide	cytoplasm [GO:0005737]	13.78
Polyketide	nucleolus [GO:0005730]	13.78
Polyketide	endoplasmic reticulum membrane [GO:0005789]	9.23
Polyketide	U5 snRNP [GO:0005682]	10.24
Polyketide	nucleus [GO:0005634]	10.24
Polyketide	U4/U6 x U5 tri-snRNP complex [GO:0046540]	10.24
Polyketide	catalytic step 2 spliceosome [GO:0071013]	10.24
Polyketide	cell body [GO:0044297]	14.44
Polyketide	actin filament [GO:0005884]	14.44
Polyketide	skeletal muscle myofibril [GO:0098723]	14.44
Polyketide	stress fiber [GO:0001725]	14.44
Polyketide	filamentous actin [GO:0031941]	14.44
Polyketide	actin filament bundle [GO:0032432]	14.44
Polyketide	lamellipodium [GO:0030027]	14.44
Polyketide	striated muscle thin filament [GO:0005865]	14.44
Polyketide	cytoplasm [GO:0005737]	14.44
Polyketide	filopodium [GO:0030175]	14.44
Polyketide	extracellular region [GO:0005576]	12.9
Polyketide	host cell cytoplasm [GO:0030430]	12.9
Polyketide	peroxisomal matrix [GO:0005782]	17.02
Polyketide	peroxisome [GO:0005777]	17.02
Polyketide	cytosol [GO:0005829]	17.02
Polyketide	extracellular exosome [GO:0070062]	17.02
Polyketide	proton-transporting ATP synthase complex, catalytic core F(1) [GO:0045261]	-1.0
Polyketide	mitochondrial proton-transporting ATP synthase complex [GO:0005753]	-1.0
Polyketide	extracellular space [GO:0005615]	11.35
Polyketide	azurophil granule lumen [GO:0035578]	11.35
Polyketide	extracellular region [GO:0005576]	11.35
Polyketide	extracellular exosome [GO:0070062]	11.35
Polyketide	protein-containing complex [GO:0032991]	14.64
Polyketide	endocytic vesicle membrane [GO:0030666]	14.64
Polyketide	cytosol [GO:0005829]	14.64
Polyketide	transcription repressor complex [GO:0017053]	14.64
Polyketide	nucleoplasm [GO:0005654]	14.64
Polyketide	plasma membrane [GO:0005886]	14.64
Polyketide	nucleus [GO:0005634]	14.64
Polyketide	cytoplasm [GO:0005737]	14.64
Polyketide	nucleolus [GO:0005730]	14.64
Polyketide	plasma membrane [GO:0005886]	5.24
Polyketide	calcium channel complex [GO:0034704]	5.24
Polyketide	nucleus [GO:0005634]	18.14
Polyketide	nucleolus [GO:0005730]	18.14
Polyketide	node of Ranvier [GO:0033268]	11.41
Polyketide	synapse [GO:0045202]	11.41
Polyketide	plasma membrane [GO:0005886]	11.41
Polyketide	axon initial segment [GO:0043194]	11.41
Polyketide	voltage-gated potassium channel complex [GO:0008076]	11.41
Polyketide	pericentric heterochromatin [GO:0005721]	9.46
Polyketide	endoplasmic reticulum [GO:0005783]	9.46
Polyketide	intracellular membrane-bounded organelle [GO:0043231]	9.46
Polyketide	nucleoplasm [GO:0005654]	9.46
Polyketide	site of DNA damage [GO:0090734]	9.46
Polyketide	chromatin [GO:0000785]	9.46
Polyketide	nucleus [GO:0005634]	9.46
Polyketide	site of double-strand break [GO:0035861]	9.46
Polyketide	chromosome, subtelomeric region [GO:0099115]	9.46
Polyketide	node of Ranvier [GO:0033268]	15.12
Polyketide	synapse [GO:0045202]	15.12
Polyketide	plasma membrane [GO:0005886]	15.12
Polyketide	axon initial segment [GO:0043194]	15.12
Polyketide	voltage-gated potassium channel complex [GO:0008076]	15.12
Polyketide	nucleus [GO:0005634]	21.67
Polyketide	cytoplasm [GO:0005737]	21.67
Polyketide	nucleoplasm [GO:0005654]	18.37
Polyketide	nucleus [GO:0005634]	18.37
Polyketide	nuclear body [GO:0016604]	18.37
Polyketide	chromatin [GO:0000785]	18.37
Polyketide	focal adhesion [GO:0005925]	14.21
Polyketide	cytosol [GO:0005829]	14.21
Polyketide	extracellular exosome [GO:0070062]	14.21
Polyketide	membrane [GO:0016020]	14.21
Polyketide	presynapse [GO:0098793]	14.21
Polyketide	cytoplasm [GO:0005737]	14.21
Polyketide	cytoplasm [GO:0005737]	13.83
Polyketide	extracellular region [GO:0005576]	11.3
Polyketide	extracellular exosome [GO:0070062]	11.3
Polyketide	azurophil granule lumen [GO:0035578]	11.3
Polyketide	extracellular space [GO:0005615]	11.3
Polyketide	extracellular region [GO:0005576]	11.39
Polyketide	extracellular exosome [GO:0070062]	11.39
Polyketide	azurophil granule lumen [GO:0035578]	11.39
Polyketide	extracellular space [GO:0005615]	11.39
Polyketide	mitochondrial proton-transporting ATP synthase complex [GO:0005753]	11.42
Polyketide	cytosol [GO:0005829]	11.42
Polyketide	mitochondrial proton-transporting ATP synthase complex, coupling factor F(o) [GO:0000276]	11.42
Polyketide	mitochondrion [GO:0005739]	11.42
Polyketide	mitochondrial intermembrane space [GO:0005758]	11.42
Polyketide	mitochondrial inner membrane [GO:0005743]	11.42
Polyketide	dendrite [GO:0030425]	18.96
Polyketide	perinuclear region of cytoplasm [GO:0048471]	18.96
Polyketide	apical plasma membrane [GO:0016324]	18.96
Polyketide	cytosol [GO:0005829]	18.96
Polyketide	cilium [GO:0005929]	18.96
Polyketide	mitochondrion [GO:0005739]	18.96
Polyketide	astrocyte end-foot [GO:0097450]	18.96
Polyketide	extracellular region [GO:0005576]	18.96
Polyketide	basal part of cell [GO:0045178]	18.96
Polyketide	cytoskeleton [GO:0005856]	18.96
Polyketide	nucleus [GO:0005634]	18.96
Polyketide	cytoplasm [GO:0005737]	18.96
Polyketide	central region of growth cone [GO:0090724]	18.96
Polyketide	neuronal cell body [GO:0043025]	18.96
Polyketide	focal adhesion [GO:0005925]	14.91
Polyketide	tertiary granule membrane [GO:0070821]	14.91
Polyketide	extracellular exosome [GO:0070062]	14.91
Polyketide	plasma membrane [GO:0005886]	14.91
Polyketide	protein complex involved in cell-matrix adhesion [GO:0098637]	14.91
Polyketide	serine protease inhibitor complex [GO:0097180]	14.91
Polyketide	extracellular region [GO:0005576]	14.91
Polyketide	specific granule membrane [GO:0035579]	14.91
Polyketide	extracellular space [GO:0005615]	14.91
Polyketide	external side of plasma membrane [GO:0009897]	14.91
Polyketide	cell surface [GO:0009986]	14.91
Polyketide	serine-type endopeptidase complex [GO:1905370]	14.91
Polyketide	protein-DNA complex [GO:0032993]	13.93
Polyketide	nucleus [GO:0005634]	14.55
Polyketide	cytoplasm [GO:0005737]	14.55
Polyketide	cytosol [GO:0005829]	14.55
Polyketide	plasma membrane [GO:0005886]	15.38
Polyketide	proton-transporting ATP synthase complex, coupling factor F(o) [GO:0045263]	15.38
Polyketide	plasma membrane [GO:0005886]	13.12
Polyketide	proton-transporting ATP synthase complex, coupling factor F(o) [GO:0045263]	13.12
Polyketide	nucleoplasm [GO:0005654]	15.07
Polyketide	nucleus [GO:0005634]	15.07
Polyketide	cytoplasm [GO:0005737]	15.07
Polyketide	host cell PML body [GO:0075341]	13.33
Polyketide	intracellular membrane-bounded organelle [GO:0043231]	12.21
Polyketide	nucleoplasm [GO:0005654]	12.21
Polyketide	mitochondrion [GO:0005739]	12.21
Polyketide	chromatin [GO:0000785]	12.21
Polyketide	nucleus [GO:0005634]	12.21
Polyketide	protein-DNA complex [GO:0032993]	15.05
Polyketide	protein-containing complex [GO:0032991]	16.93
Polyketide	cytosol [GO:0005829]	16.93
Polyketide	nucleoplasm [GO:0005654]	16.93
Polyketide	membrane [GO:0016020]	16.93
Polyketide	plasma membrane [GO:0005886]	16.93
Polyketide	euchromatin [GO:0000791]	16.93
Polyketide	chromatin [GO:0000785]	16.93
Polyketide	transcription regulator complex [GO:0005667]	16.93
Polyketide	nucleus [GO:0005634]	16.93
Polyketide	cytoplasm [GO:0005737]	16.93
Polyketide	Golgi apparatus [GO:0005794]	16.93
Polyketide	nucleoplasm [GO:0005654]	16.91
Polyketide	chromatin [GO:0000785]	16.91
Polyketide	ribonucleoprotein complex [GO:1990904]	17.08
Polyketide	cytosol [GO:0005829]	17.08
Polyketide	ubiquitin ligase complex [GO:0000151]	17.08
Polyketide	nucleoplasm [GO:0005654]	17.08
Polyketide	cytoskeleton [GO:0005856]	17.08
Polyketide	nucleus [GO:0005634]	17.08
Polyketide	cytoplasm [GO:0005737]	17.08
Polyketide	melanosome [GO:0042470]	14.77
Polyketide	axonal growth cone [GO:0044295]	14.77
Polyketide	cell body [GO:0044297]	14.77
Polyketide	endomembrane system [GO:0012505]	14.77
Polyketide	lamellipodium [GO:0030027]	14.77
Polyketide	growth cone membrane [GO:0032584]	14.77
Polyketide	plasma membrane [GO:0005886]	14.77
Polyketide	axon [GO:0030424]	14.77
Polyketide	cell surface [GO:0009986]	14.77
Polyketide	membrane [GO:0016020]	21.11
Polyketide	clathrin-sculpted monoamine transport vesicle membrane [GO:0070083]	21.11
Polyketide	terminal bouton [GO:0043195]	21.11
Polyketide	centrosome [GO:0005813]	21.11
Polyketide	plasma membrane [GO:0005886]	21.11
Polyketide	intracellular membrane-bounded organelle [GO:0043231]	21.11
Polyketide	dendrite [GO:0030425]	21.11
Polyketide	dopaminergic synapse [GO:0098691]	21.11
Polyketide	secretory granule membrane [GO:0030667]	21.11
Polyketide	synaptic vesicle membrane [GO:0030672]	21.11
Polyketide	axon [GO:0030424]	21.11
Polyketide	synaptic vesicle [GO:0008021]	21.11
Polyketide	extracellular space [GO:0005615]	17.54
Polyketide	serine protease inhibitor complex [GO:0097180]	17.54
Polyketide	cell body [GO:0044297]	14.15
Polyketide	actin filament [GO:0005884]	14.15
Polyketide	skeletal muscle myofibril [GO:0098723]	14.15
Polyketide	stress fiber [GO:0001725]	14.15
Polyketide	filamentous actin [GO:0031941]	14.15
Polyketide	actin filament bundle [GO:0032432]	14.15
Polyketide	lamellipodium [GO:0030027]	14.15
Polyketide	striated muscle thin filament [GO:0005865]	14.15
Polyketide	cytoplasm [GO:0005737]	14.15
Polyketide	filopodium [GO:0030175]	14.15
Polyketide	aggresome [GO:0016235]	15.99
Polyketide	cell projection [GO:0042995]	15.99
Polyketide	secretory granule membrane [GO:0030667]	15.99
Polyketide	ficolin-1-rich granule membrane [GO:0101003]	15.99
Polyketide	tertiary granule membrane [GO:0070821]	15.99
Polyketide	extracellular exosome [GO:0070062]	15.99
Polyketide	plasma membrane [GO:0005886]	15.99
Polyketide	membrane [GO:0016020]	15.99
Polyketide	specific granule membrane [GO:0035579]	15.99
Polyketide	perikaryon [GO:0043204]	15.99
Polyketide	chromosome [GO:0005694]	19.03
Polyketide	cytoplasm [GO:0005737]	19.03
Polyketide	RSC-type complex [GO:0016586]	9.78
Polyketide	kinetochore [GO:0000776]	9.78
Polyketide	SWI/SNF complex [GO:0016514]	9.78
Polyketide	nucleoplasm [GO:0005654]	9.78
Polyketide	nuclear matrix [GO:0016363]	9.78
Polyketide	chromatin [GO:0000785]	9.78
Polyketide	nuclear chromosome [GO:0000228]	9.78
Polyketide	nucleus [GO:0005634]	9.78
Polyketide	proton-transporting ATP synthase complex, catalytic core F(1) [GO:0045261]	9.15
Polyketide	membrane raft [GO:0045121]	23.51
Polyketide	endosome membrane [GO:0010008]	23.51
Polyketide	plasma membrane [GO:0005886]	23.51
Polyketide	extracellular space [GO:0005615]	23.51
Polyketide	external side of plasma membrane [GO:0009897]	23.51
Polyketide	protein-containing complex [GO:0032991]	13.66
Polyketide	cytosol [GO:0005829]	13.66
Polyketide	nucleoplasm [GO:0005654]	13.66
Polyketide	membrane [GO:0016020]	13.66
Polyketide	plasma membrane [GO:0005886]	13.66
Polyketide	euchromatin [GO:0000791]	13.66
Polyketide	chromatin [GO:0000785]	13.66
Polyketide	transcription regulator complex [GO:0005667]	13.66
Polyketide	nucleus [GO:0005634]	13.66
Polyketide	cytoplasm [GO:0005737]	13.66
Polyketide	Golgi apparatus [GO:0005794]	13.66
Polyketide	endoplasmic reticulum lumen [GO:0005788]	10.97
Polyketide	endoplasmic reticulum [GO:0005783]	10.97
Polyketide	cytosol [GO:0005829]	10.97
Polyketide	lipid droplet [GO:0005811]	10.97
Polyketide	cytoplasm [GO:0005737]	10.97
Polyketide	chloride channel complex [GO:0034707]	16.17
Polyketide	postsynaptic membrane [GO:0045211]	16.17
Polyketide	perikaryon [GO:0043204]	16.17
Polyketide	membrane [GO:0016020]	16.17
Polyketide	plasma membrane [GO:0005886]	16.17
Polyketide	dendrite [GO:0030425]	16.17
Polyketide	neuron projection [GO:0043005]	16.17
Polyketide	synapse [GO:0045202]	16.17
Polyketide	plasma membrane [GO:0005886]	18.78
Polyketide	DNA-directed RNA polymerase complex [GO:0000428]	18.78
Polyketide	cytosol [GO:0005829]	18.78
Polyketide	peptidoglycan-based cell wall [GO:0009274]	18.78
Polyketide	protein-containing complex [GO:0032991]	9.23
Polyketide	endocytic vesicle membrane [GO:0030666]	9.23
Polyketide	cytosol [GO:0005829]	9.23
Polyketide	transcription repressor complex [GO:0017053]	9.23
Polyketide	nucleoplasm [GO:0005654]	9.23
Polyketide	plasma membrane [GO:0005886]	9.23
Polyketide	nucleus [GO:0005634]	9.23
Polyketide	cytoplasm [GO:0005737]	9.23
Polyketide	nucleolus [GO:0005730]	9.23
Polyketide	cell body [GO:0044297]	13.28
Polyketide	actin filament [GO:0005884]	13.28
Polyketide	skeletal muscle myofibril [GO:0098723]	13.28
Polyketide	stress fiber [GO:0001725]	13.28
Polyketide	filamentous actin [GO:0031941]	13.28
Polyketide	actin filament bundle [GO:0032432]	13.28
Polyketide	lamellipodium [GO:0030027]	13.28
Polyketide	striated muscle thin filament [GO:0005865]	13.28
Polyketide	cytoplasm [GO:0005737]	13.28
Polyketide	filopodium [GO:0030175]	13.28
Polyketide	microtubule [GO:0005874]	11.55
Polyketide	cytoplasm [GO:0005737]	11.55
Polyketide	microtubule cytoskeleton [GO:0015630]	11.55
Polyketide	cytosol [GO:0005829]	11.55
Polyketide	plasma membrane [GO:0005886]	9.38
Polyketide	peptidoglycan-based cell wall [GO:0009274]	9.38
Polyketide	intracellular membrane-bounded organelle [GO:0043231]	9.4
Polyketide	nucleoplasm [GO:0005654]	9.4
Polyketide	mitochondrion [GO:0005739]	9.4
Polyketide	chromatin [GO:0000785]	9.4
Polyketide	nucleus [GO:0005634]	9.4
Polyketide	microtubule [GO:0005874]	12.11
Polyketide	cytoplasm [GO:0005737]	12.11
Polyketide	extracellular space [GO:0005615]	7.82
Polyketide	azurophil granule lumen [GO:0035578]	7.82
Polyketide	extracellular region [GO:0005576]	7.82
Polyketide	extracellular exosome [GO:0070062]	7.82
Polyketide	intracellular membrane-bounded organelle [GO:0043231]	9.7
Polyketide	nucleoplasm [GO:0005654]	9.7
Polyketide	mitochondrion [GO:0005739]	9.7
Polyketide	chromatin [GO:0000785]	9.7
Polyketide	nucleus [GO:0005634]	9.7
Polyketide	outer membrane-bounded periplasmic space [GO:0030288]	15.88
Polyketide	intracellular membrane-bounded organelle [GO:0043231]	10.93
Polyketide	endoplasmic reticulum membrane [GO:0005789]	10.93
Polyketide	cytoplasm [GO:0005737]	10.93
Polyketide	cytoplasmic microtubule [GO:0005881]	10.93
Polyketide	cell body [GO:0044297]	14.17
Polyketide	actin filament [GO:0005884]	14.17
Polyketide	skeletal muscle myofibril [GO:0098723]	14.17
Polyketide	stress fiber [GO:0001725]	14.17
Polyketide	filamentous actin [GO:0031941]	14.17
Polyketide	actin filament bundle [GO:0032432]	14.17
Polyketide	lamellipodium [GO:0030027]	14.17
Polyketide	striated muscle thin filament [GO:0005865]	14.17
Polyketide	cytoplasm [GO:0005737]	14.17
Polyketide	filopodium [GO:0030175]	14.17
Polyketide	mitochondrial proton-transporting ATP synthase complex [GO:0005753]	9.35
Polyketide	cytosol [GO:0005829]	9.35
Polyketide	mitochondrial proton-transporting ATP synthase complex, coupling factor F(o) [GO:0000276]	9.35
Polyketide	mitochondrion [GO:0005739]	9.35
Polyketide	mitochondrial intermembrane space [GO:0005758]	9.35
Polyketide	mitochondrial inner membrane [GO:0005743]	9.35
Polyketide	DNA-directed RNA polymerase complex [GO:0000428]	17.58
Polyketide	cortical actin cytoskeleton [GO:0030864]	14.07
Polyketide	extracellular matrix [GO:0031012]	14.07
Polyketide	myosin II complex [GO:0016460]	14.07
Polyketide	cell cortex [GO:0005938]	14.07
Polyketide	cytoplasm [GO:0005737]	14.07
Polyketide	cleavage furrow [GO:0032154]	14.07
Polyketide	pathogen-containing vacuole [GO:0140220]	14.07
Polyketide	phagocytic cup base [GO:0097204]	14.07
Polyketide	myosin filament [GO:0032982]	14.07
Polyketide	early phagosome [GO:0032009]	14.07
Polyketide	uropod [GO:0001931]	14.07
Polyketide	cytosol [GO:0005829]	14.07
Polyketide	equatorial cell cortex [GO:1990753]	14.07
Polyketide	apical cortex [GO:0045179]	14.07
Polyketide	cytoplasmic vesicle [GO:0031410]	14.07
Polyketide	actomyosin contractile ring [GO:0005826]	14.07
Polyketide	pseudopodium [GO:0031143]	14.07
Polyketide	actomyosin [GO:0042641]	14.07
Polyketide	cell trailing edge [GO:0031254]	14.07
Polyketide	cytoskeleton [GO:0005856]	14.07
Polyketide	intracellular membrane-bounded organelle [GO:0043231]	15.83
Polyketide	endoplasmic reticulum membrane [GO:0005789]	15.83
Polyketide	mitochondrion [GO:0005739]	15.83
Polyketide	pore complex [GO:0046930]	14.03
Polyketide	cell outer membrane [GO:0009279]	14.03
Polyketide	membrane [GO:0016020]	18.75
Polyketide	Z disc [GO:0030018]	18.75
Polyketide	photoreceptor inner segment [GO:0001917]	18.75
Polyketide	extracellular exosome [GO:0070062]	18.75
Polyketide	cytosol [GO:0005829]	18.75
Polyketide	sarcolemma [GO:0042383]	18.75
Polyketide	basolateral plasma membrane [GO:0016323]	18.75
Polyketide	Golgi membrane [GO:0000139]	18.75
Polyketide	female germ cell nucleus [GO:0001674]	18.75
Polyketide	intercalated disc [GO:0014704]	18.75
Polyketide	glucose transporter complex [GO:1990350]	18.75
Polyketide	midbody [GO:0030496]	18.75
Polyketide	melanosome [GO:0042470]	18.75
Polyketide	apical plasma membrane [GO:0016324]	18.75
Polyketide	caveola [GO:0005901]	18.75
Polyketide	plasma membrane [GO:0005886]	18.75
Polyketide	presynapse [GO:0098793]	18.75
Polyketide	blood microparticle [GO:0072562]	18.75
Polyketide	cortical actin cytoskeleton [GO:0030864]	18.75
Polyketide	female pronucleus [GO:0001939]	18.75
Polyketide	plasma membrane [GO:0005886]	17.72
Polyketide	periplasmic side of plasma membrane [GO:0098567]	17.72
Polyketide	membrane [GO:0016020]	17.72
Polyketide	outer membrane-bounded periplasmic space [GO:0030288]	17.72
Polyketide	efflux pump complex [GO:1990281]	17.72
Polyketide	histone deacetylase complex [GO:0000118]	15.97
Polyketide	protein-containing complex [GO:0032991]	12.1
Polyketide	cytosol [GO:0005829]	12.1
Polyketide	nucleoplasm [GO:0005654]	12.1
Polyketide	membrane [GO:0016020]	12.1
Polyketide	plasma membrane [GO:0005886]	12.1
Polyketide	euchromatin [GO:0000791]	12.1
Polyketide	chromatin [GO:0000785]	12.1
Polyketide	transcription regulator complex [GO:0005667]	12.1
Polyketide	nucleus [GO:0005634]	12.1
Polyketide	cytoplasm [GO:0005737]	12.1
Polyketide	Golgi apparatus [GO:0005794]	12.1
Polyketide	plasma membrane [GO:0005886]	11.84
Polyketide	proton-transporting ATP synthase complex, coupling factor F(o) [GO:0045263]	11.84
Polyketide	cytosol [GO:0005829]	15.57
Polyketide	nucleoplasm [GO:0005654]	15.57
Polyketide	synapse [GO:0045202]	15.57
Polyketide	mitochondrion [GO:0005739]	15.57
Polyketide	nucleus [GO:0005634]	15.57
Polyketide	axon [GO:0030424]	15.57
Polyketide	basal dendrite [GO:0097441]	15.57
Polyketide	cytoplasm [GO:0005737]	15.57
Polyketide	maltose transport complex [GO:1990060]	2.6
Polyketide	outer membrane-bounded periplasmic space [GO:0030288]	2.6
Polyketide	cytoplasm [GO:0005737]	2.6
Polyketide	sarcoplasmic reticulum membrane [GO:0033017]	2.6
Polyketide	cytoplasmic side of membrane [GO:0098562]	2.6
Polyketide	cytosol [GO:0005829]	2.6
Polyketide	Z disc [GO:0030018]	2.6
Polyketide	sarcoplasmic reticulum [GO:0016529]	2.6
Polyketide	terminal cisterna [GO:0014802]	2.6
Polyketide	membrane [GO:0016020]	2.6
Polyketide	ATP-binding cassette (ABC) transporter complex [GO:0043190]	2.6
Polyketide	ryanodine receptor complex [GO:1990425]	2.6
Polyketide	periplasmic space [GO:0042597]	2.6
Polyketide	ATP-binding cassette (ABC) transporter complex, substrate-binding subunit-containing [GO:0055052]	2.6
Polyketide	host cell nucleus [GO:0042025]	13.44
Polyketide	host cell plasma membrane [GO:0020002]	13.44
Polyketide	membrane [GO:0016020]	13.44
Polyketide	viral nucleocapsid [GO:0019013]	13.44
Polyketide	host multivesicular body [GO:0072494]	13.44
Polyketide	virion membrane [GO:0055036]	13.44
Polyketide	plasma membrane [GO:0005886]	12.77
Polyketide	proton-transporting ATP synthase complex, coupling factor F(o) [GO:0045263]	12.77
Polyketide	cytosol [GO:0005829]	14.58
Polyketide	mitochondrion [GO:0005739]	14.58
Polyketide	mitochondrial intermembrane space [GO:0005758]	14.58
Polyketide	mitochondrial matrix [GO:0005759]	14.58
Polyketide	nucleus [GO:0005634]	14.58
Polyketide	calcium channel complex [GO:0034704]	11.93
Polyketide	voltage-gated calcium channel complex [GO:0005891]	11.93
Polyketide	perinuclear region of cytoplasm [GO:0048471]	11.93
Polyketide	apical plasma membrane [GO:0016324]	11.93
Polyketide	cytosol [GO:0005829]	11.93
Polyketide	plasma membrane [GO:0005886]	11.93
Polyketide	membrane [GO:0016020]	11.93
Polyketide	nucleus [GO:0005634]	11.93
Polyketide	microtubule organizing center [GO:0005815]	11.93
Polyketide	microtubule [GO:0005874]	14.68
Polyketide	cytoplasm [GO:0005737]	14.68
Polyketide	microtubule cytoskeleton [GO:0015630]	14.68
Polyketide	proton-transporting V-type ATPase complex [GO:0033176]	15.48
Polyketide	vacuolar proton-transporting V-type ATPase, V0 domain [GO:0000220]	15.48
Polyketide	Golgi membrane [GO:0000139]	15.48
Polyketide	membrane [GO:0016020]	15.48
Polyketide	vacuolar proton-transporting V-type ATPase complex [GO:0016471]	15.48
Polyketide	fungal-type vacuole membrane [GO:0000329]	15.48
Polyketide	protein-containing complex [GO:0032991]	14.79
Polyketide	endocytic vesicle membrane [GO:0030666]	14.79
Polyketide	cytosol [GO:0005829]	14.79
Polyketide	transcription repressor complex [GO:0017053]	14.79
Polyketide	nucleoplasm [GO:0005654]	14.79
Polyketide	plasma membrane [GO:0005886]	14.79
Polyketide	nucleus [GO:0005634]	14.79
Polyketide	cytoplasm [GO:0005737]	14.79
Polyketide	nucleolus [GO:0005730]	14.79
Polyketide	nuclear lumen [GO:0031981]	12.93
Polyketide	ciliary plasm [GO:0097014]	12.93
Polyketide	cytoplasm [GO:0005737]	12.93
Polyketide	cytosol [GO:0005829]	12.93
Polyketide	proton-transporting V-type ATPase complex [GO:0033176]	17.32
Polyketide	vacuolar proton-transporting V-type ATPase, V0 domain [GO:0000220]	17.32
Polyketide	Golgi membrane [GO:0000139]	17.32
Polyketide	fungal-type vacuole [GO:0000324]	17.32
Polyketide	membrane [GO:0016020]	17.32
Polyketide	cell periphery [GO:0071944]	17.32
Polyketide	vacuolar proton-transporting V-type ATPase complex [GO:0016471]	17.32
Polyketide	fungal-type vacuole membrane [GO:0000329]	17.32
Polyketide	plasma membrane [GO:0005886]	18.54
Polyketide	periplasmic side of plasma membrane [GO:0098567]	18.54
Polyketide	membrane [GO:0016020]	18.54
Polyketide	outer membrane-bounded periplasmic space [GO:0030288]	18.54
Polyketide	efflux pump complex [GO:1990281]	18.54
Polyketide	nuclear envelope [GO:0005635]	16.02
Polyketide	perinuclear region of cytoplasm [GO:0048471]	16.02
Polyketide	cytosol [GO:0005829]	16.02
Polyketide	pericentriolar material [GO:0000242]	16.02
Polyketide	Golgi membrane [GO:0000139]	16.02
Polyketide	chromosome, telomeric region [GO:0000781]	16.02
Polyketide	nucleus [GO:0005634]	16.02
Polyketide	cytoplasm [GO:0005737]	16.02
Polyketide	intracellular membrane-bounded organelle [GO:0043231]	18.5
Polyketide	endoplasmic reticulum membrane [GO:0005789]	18.5
Polyketide	cytoplasm [GO:0005737]	16.33
Polyketide	microtubule [GO:0005874]	16.33
Polyketide	microtubule cytoskeleton [GO:0015630]	16.33
Polyketide	extracellular space [GO:0005615]	9.94
Polyketide	azurophil granule lumen [GO:0035578]	9.94
Polyketide	extracellular region [GO:0005576]	9.94
Polyketide	extracellular exosome [GO:0070062]	9.94
Polyketide	dendrite [GO:0030425]	17.98
Polyketide	PML body [GO:0016605]	17.98
Polyketide	nuclear envelope [GO:0005635]	17.98
Polyketide	lysosome [GO:0005764]	17.98
Polyketide	endomembrane system [GO:0012505]	17.98
Polyketide	mitochondrial outer membrane [GO:0005741]	17.98
Polyketide	cytosol [GO:0005829]	17.98
Polyketide	Golgi membrane [GO:0000139]	17.98
Polyketide	nucleoplasm [GO:0005654]	17.98
Polyketide	endoplasmic reticulum membrane [GO:0005789]	17.98
Polyketide	membrane [GO:0016020]	17.98
Polyketide	TORC1 complex [GO:0031931]	17.98
Polyketide	nucleus [GO:0005634]	17.98
Polyketide	TORC2 complex [GO:0031932]	17.98
Polyketide	lysosomal membrane [GO:0005765]	17.98
Polyketide	cytoplasm [GO:0005737]	17.98
Polyketide	phagocytic vesicle [GO:0045335]	17.98
Polyketide	nucleus [GO:0005634]	13.57
Polyketide	cytosol [GO:0005829]	13.57
Polyketide	protein kinase CK2 complex [GO:0005956]	13.57
Polyketide	mitochondrial proton-transporting ATP synthase complex [GO:0005753]	16.99
Polyketide	cytosol [GO:0005829]	16.99
Polyketide	mitochondrial proton-transporting ATP synthase complex, coupling factor F(o) [GO:0000276]	16.99
Polyketide	mitochondrion [GO:0005739]	16.99
Polyketide	mitochondrial intermembrane space [GO:0005758]	16.99
Polyketide	mitochondrial inner membrane [GO:0005743]	16.99
Polyketide	postsynaptic density [GO:0014069]	11.05
Polyketide	glutamatergic synapse [GO:0098978]	11.05
Polyketide	plasma membrane [GO:0005886]	11.05
Polyketide	DAPK1-calmodulin complex [GO:1990722]	11.05
Polyketide	actin cytoskeleton [GO:0015629]	11.05
Polyketide	nucleus [GO:0005634]	11.05
Polyketide	cytoplasm [GO:0005737]	11.05
Polyketide	node of Ranvier [GO:0033268]	12.65
Polyketide	synapse [GO:0045202]	12.65
Polyketide	plasma membrane [GO:0005886]	12.65
Polyketide	axon initial segment [GO:0043194]	12.65
Polyketide	voltage-gated potassium channel complex [GO:0008076]	12.65
Polyketide	plasma membrane [GO:0005886]	20.76
Polyketide	DNA-directed RNA polymerase complex [GO:0000428]	20.76
Polyketide	cytosol [GO:0005829]	20.76
Polyketide	peptidoglycan-based cell wall [GO:0009274]	20.76
Polyketide	cytoplasm [GO:0005737]	9.92
Polyketide	chloroplast stroma [GO:0009570]	15.13
Polyketide	endoplasmic reticulum [GO:0005783]	15.13
Polyketide	chloroplast [GO:0009507]	15.13
Polyketide	cytosol [GO:0005829]	15.13
Polyketide	intracellular membrane-bounded organelle [GO:0043231]	15.13
Polyketide	plasma membrane [GO:0005886]	15.13
Polyketide	apoplast [GO:0048046]	15.13
Polyketide	plasmodesma [GO:0009506]	15.13
Polyketide	plant-type vacuole [GO:0000325]	15.13
Polyketide	endoplasmic reticulum lumen [GO:0005788]	13.23
Polyketide	protein-containing complex [GO:0032991]	13.23
Polyketide	endoplasmic reticulum [GO:0005783]	13.23
Polyketide	extracellular exosome [GO:0070062]	13.23
Polyketide	blood microparticle [GO:0072562]	13.23
Polyketide	platelet alpha granule lumen [GO:0031093]	13.23
Polyketide	extracellular region [GO:0005576]	13.23
Polyketide	extracellular space [GO:0005615]	13.23
Polyketide	nucleus [GO:0005634]	13.23
Polyketide	cytoplasm [GO:0005737]	13.23
Polyketide	Golgi apparatus [GO:0005794]	13.23
Polyketide	dendrite [GO:0030425]	18.92
Polyketide	PML body [GO:0016605]	18.92
Polyketide	nuclear envelope [GO:0005635]	18.92
Polyketide	lysosome [GO:0005764]	18.92
Polyketide	endomembrane system [GO:0012505]	18.92
Polyketide	mitochondrial outer membrane [GO:0005741]	18.92
Polyketide	cytosol [GO:0005829]	18.92
Polyketide	Golgi membrane [GO:0000139]	18.92
Polyketide	nucleoplasm [GO:0005654]	18.92
Polyketide	endoplasmic reticulum membrane [GO:0005789]	18.92
Polyketide	membrane [GO:0016020]	18.92
Polyketide	TORC1 complex [GO:0031931]	18.92
Polyketide	nucleus [GO:0005634]	18.92
Polyketide	TORC2 complex [GO:0031932]	18.92
Polyketide	lysosomal membrane [GO:0005765]	18.92
Polyketide	cytoplasm [GO:0005737]	18.92
Polyketide	phagocytic vesicle [GO:0045335]	18.92
Polyketide	extracellular space [GO:0005615]	12.2
Polyketide	azurophil granule lumen [GO:0035578]	12.2
Polyketide	extracellular region [GO:0005576]	12.2
Polyketide	extracellular exosome [GO:0070062]	12.2
Polyketide	protein-containing complex [GO:0032991]	9.85
Polyketide	cytosol [GO:0005829]	9.85
Polyketide	nucleoplasm [GO:0005654]	9.85
Polyketide	membrane [GO:0016020]	9.85
Polyketide	plasma membrane [GO:0005886]	9.85
Polyketide	euchromatin [GO:0000791]	9.85
Polyketide	chromatin [GO:0000785]	9.85
Polyketide	transcription regulator complex [GO:0005667]	9.85
Polyketide	nucleus [GO:0005634]	9.85
Polyketide	cytoplasm [GO:0005737]	9.85
Polyketide	Golgi apparatus [GO:0005794]	9.85
Polyketide	cytoplasm [GO:0005737]	7.85
Polyketide	microtubule [GO:0005874]	18.32
Polyketide	cytoplasm [GO:0005737]	18.32
Polyketide	host cell endoplasmic reticulum membrane [GO:0044167]	12.25
Polyketide	host cell Golgi apparatus [GO:0044177]	12.25
Polyketide	host cell endosome [GO:0044174]	12.25
Polyketide	membrane [GO:0016020]	12.25
Polyketide	double membrane vesicle viral factory outer membrane [GO:0062243]	12.25
Polyketide	host cell perinuclear region of cytoplasm [GO:0044220]	12.25
Polyketide	protein-containing complex [GO:0032991]	10.52
Polyketide	cytosol [GO:0005829]	10.52
Polyketide	nucleoplasm [GO:0005654]	10.52
Polyketide	membrane [GO:0016020]	10.52
Polyketide	plasma membrane [GO:0005886]	10.52
Polyketide	euchromatin [GO:0000791]	10.52
Polyketide	chromatin [GO:0000785]	10.52
Polyketide	transcription regulator complex [GO:0005667]	10.52
Polyketide	nucleus [GO:0005634]	10.52
Polyketide	cytoplasm [GO:0005737]	10.52
Polyketide	Golgi apparatus [GO:0005794]	10.52
Polyketide	cytosol [GO:0005829]	15.21
Polyketide	extracellular exosome [GO:0070062]	15.21
Polyketide	protein-containing complex [GO:0032991]	12.74
Polyketide	cytosol [GO:0005829]	12.74
Polyketide	nucleoplasm [GO:0005654]	12.74
Polyketide	membrane [GO:0016020]	12.74
Polyketide	plasma membrane [GO:0005886]	12.74
Polyketide	euchromatin [GO:0000791]	12.74
Polyketide	chromatin [GO:0000785]	12.74
Polyketide	transcription regulator complex [GO:0005667]	12.74
Polyketide	nucleus [GO:0005634]	12.74
Polyketide	cytoplasm [GO:0005737]	12.74
Polyketide	Golgi apparatus [GO:0005794]	12.74
Polyketide	vesicle [GO:0031982]	6.04
Polyketide	cytoplasm [GO:0005737]	6.04
Polyketide	secretory granule lumen [GO:0034774]	6.04
Polyketide	cytosol [GO:0005829]	6.04
Polyketide	ficolin-1-rich granule lumen [GO:1904813]	6.04
Polyketide	extracellular exosome [GO:0070062]	6.04
Polyketide	nucleoplasm [GO:0005654]	6.04
Polyketide	plasma membrane [GO:0005886]	6.04
Polyketide	extracellular region [GO:0005576]	6.04
Polyketide	extracellular space [GO:0005615]	6.04
Polyketide	cell surface [GO:0009986]	6.04
Polyketide	voltage-gated sodium channel complex [GO:0001518]	13.7
Polyketide	axon [GO:0030424]	13.7
Polyketide	plasma membrane [GO:0005886]	13.7
Polyketide	voltage-gated calcium channel complex [GO:0005891]	13.7
Polyketide	sarcoplasmic reticulum membrane [GO:0033017]	15.12
Polyketide	cytoplasmic side of membrane [GO:0098562]	15.12
Polyketide	cytosol [GO:0005829]	15.12
Polyketide	Z disc [GO:0030018]	15.12
Polyketide	sarcoplasmic reticulum [GO:0016529]	15.12
Polyketide	terminal cisterna [GO:0014802]	15.12
Polyketide	membrane [GO:0016020]	15.12
Polyketide	ryanodine receptor complex [GO:1990425]	15.12
Polyketide	cytoplasm [GO:0005737]	15.12
Polyketide	nuclear chromosome [GO:0000228]	13.23
Polyketide	histone deacetylase complex [GO:0000118]	13.23
Polyketide	cytoplasm [GO:0005737]	13.23
Polyketide	nucleoplasm [GO:0005654]	13.23
Polyketide	nucleus [GO:0005634]	13.23
Polyketide	cell body [GO:0044297]	13.94
Polyketide	actin filament [GO:0005884]	13.94
Polyketide	skeletal muscle myofibril [GO:0098723]	13.94
Polyketide	stress fiber [GO:0001725]	13.94
Polyketide	filamentous actin [GO:0031941]	13.94
Polyketide	actin filament bundle [GO:0032432]	13.94
Polyketide	lamellipodium [GO:0030027]	13.94
Polyketide	striated muscle thin filament [GO:0005865]	13.94
Polyketide	cytoplasm [GO:0005737]	13.94
Polyketide	filopodium [GO:0030175]	13.94
Polyketide	nuclear envelope [GO:0005635]	14.67
Polyketide	perinuclear region of cytoplasm [GO:0048471]	14.67
Polyketide	cytosol [GO:0005829]	14.67
Polyketide	pericentriolar material [GO:0000242]	14.67
Polyketide	Golgi membrane [GO:0000139]	14.67
Polyketide	chromosome, telomeric region [GO:0000781]	14.67
Polyketide	nucleus [GO:0005634]	14.67
Polyketide	cytoplasm [GO:0005737]	14.67
Polyketide	nuclear envelope [GO:0005635]	13.97
Polyketide	perinuclear region of cytoplasm [GO:0048471]	13.97
Polyketide	cytosol [GO:0005829]	13.97
Polyketide	pericentriolar material [GO:0000242]	13.97
Polyketide	Golgi membrane [GO:0000139]	13.97
Polyketide	chromosome, telomeric region [GO:0000781]	13.97
Polyketide	nucleus [GO:0005634]	13.97
Polyketide	cytoplasm [GO:0005737]	13.97
Polyketide	extracellular region [GO:0005576]	10.92
Polyketide	extracellular exosome [GO:0070062]	10.92
Polyketide	azurophil granule lumen [GO:0035578]	10.92
Polyketide	extracellular space [GO:0005615]	10.92
Polyketide	vesicle [GO:0031982]	15.75
Polyketide	cytoplasm [GO:0005737]	15.75
Polyketide	secretory granule lumen [GO:0034774]	15.75
Polyketide	cytosol [GO:0005829]	15.75
Polyketide	ficolin-1-rich granule lumen [GO:1904813]	15.75
Polyketide	extracellular exosome [GO:0070062]	15.75
Polyketide	nucleoplasm [GO:0005654]	15.75
Polyketide	plasma membrane [GO:0005886]	15.75
Polyketide	extracellular region [GO:0005576]	15.75
Polyketide	extracellular space [GO:0005615]	15.75
Polyketide	cell surface [GO:0009986]	15.75
Polyketide	extracellular region [GO:0005576]	10.43
Polyketide	extracellular exosome [GO:0070062]	10.43
Polyketide	azurophil granule lumen [GO:0035578]	10.43
Polyketide	extracellular space [GO:0005615]	10.43
Polyketide	endoplasmic reticulum [GO:0005783]	12.76
Polyketide	endoplasmic reticulum membrane [GO:0005789]	12.76
Polyketide	Ire1 complex [GO:1990332]	12.76
Polyketide	nucleus [GO:0005634]	12.76
Polyketide	IRE1-TRAF2-ASK1 complex [GO:1990604]	12.76
Polyketide	endoplasmic reticulum membrane [GO:0005789]	15.55
Polyketide	endoplasmic reticulum [GO:0005783]	15.55
Polyketide	cytoplasm [GO:0005737]	15.84
Polyketide	nucleus [GO:0005634]	21.05
Polyketide	cytoplasm [GO:0005737]	21.05
Polyketide	nucleoplasm [GO:0005654]	17.66
Polyketide	nucleus [GO:0005634]	17.66
Polyketide	nuclear body [GO:0016604]	17.66
Polyketide	chromatin [GO:0000785]	17.66
Polyketide	protein-DNA complex [GO:0032993]	14.06
Polyketide	focal adhesion [GO:0005925]	16.99
Polyketide	tertiary granule membrane [GO:0070821]	16.99
Polyketide	extracellular exosome [GO:0070062]	16.99
Polyketide	plasma membrane [GO:0005886]	16.99
Polyketide	protein complex involved in cell-matrix adhesion [GO:0098637]	16.99
Polyketide	serine protease inhibitor complex [GO:0097180]	16.99
Polyketide	extracellular region [GO:0005576]	16.99
Polyketide	specific granule membrane [GO:0035579]	16.99
Polyketide	extracellular space [GO:0005615]	16.99
Polyketide	external side of plasma membrane [GO:0009897]	16.99
Polyketide	cell surface [GO:0009986]	16.99
Polyketide	serine-type endopeptidase complex [GO:1905370]	16.99
Polyketide	dendrite [GO:0030425]	16.52
Polyketide	perinuclear region of cytoplasm [GO:0048471]	16.52
Polyketide	apical plasma membrane [GO:0016324]	16.52
Polyketide	cytosol [GO:0005829]	16.52
Polyketide	cilium [GO:0005929]	16.52
Polyketide	mitochondrion [GO:0005739]	16.52
Polyketide	astrocyte end-foot [GO:0097450]	16.52
Polyketide	extracellular region [GO:0005576]	16.52
Polyketide	basal part of cell [GO:0045178]	16.52
Polyketide	cytoskeleton [GO:0005856]	16.52
Polyketide	nucleus [GO:0005634]	16.52
Polyketide	cytoplasm [GO:0005737]	16.52
Polyketide	central region of growth cone [GO:0090724]	16.52
Polyketide	neuronal cell body [GO:0043025]	16.52
Polyketide	endoplasmic reticulum [GO:0005783]	13.95
Polyketide	mitochondrion [GO:0005739]	13.95
Polyketide	mitochondrial inner membrane [GO:0005743]	13.95
Polyketide	mitochondrial proton-transporting ATP synthase complex [GO:0005753]	10.99
Polyketide	cytosol [GO:0005829]	10.99
Polyketide	mitochondrial proton-transporting ATP synthase complex, coupling factor F(o) [GO:0000276]	10.99
Polyketide	mitochondrion [GO:0005739]	10.99
Polyketide	mitochondrial intermembrane space [GO:0005758]	10.99
Polyketide	mitochondrial inner membrane [GO:0005743]	10.99
Polyketide	U5 snRNP [GO:0005682]	9.7
Polyketide	cytoplasm [GO:0005737]	9.7
Polyketide	cell body [GO:0044297]	18.23
Polyketide	actin filament [GO:0005884]	18.23
Polyketide	skeletal muscle myofibril [GO:0098723]	18.23
Polyketide	stress fiber [GO:0001725]	18.23
Polyketide	filamentous actin [GO:0031941]	18.23
Polyketide	actin filament bundle [GO:0032432]	18.23
Polyketide	lamellipodium [GO:0030027]	18.23
Polyketide	striated muscle thin filament [GO:0005865]	18.23
Polyketide	cytoplasm [GO:0005737]	18.23
Polyketide	filopodium [GO:0030175]	18.23
Polyketide	cytoplasm [GO:0005737]	16.67
Polyketide	host cell nucleus [GO:0042025]	22.73
Polyketide	protein-containing complex [GO:0032991]	22.73
Polyketide	host cell plasma membrane [GO:0020002]	22.73
Polyketide	host cell lipid droplet [GO:0044186]	22.73
Polyketide	viral envelope [GO:0019031]	22.73
Polyketide	host cell endoplasmic reticulum membrane [GO:0044167]	22.73
Polyketide	host cell mitochondrial membrane [GO:0044191]	22.73
Polyketide	ribonucleoprotein complex [GO:1990904]	22.73
Polyketide	membrane [GO:0016020]	22.73
Polyketide	viral nucleocapsid [GO:0019013]	22.73
Polyketide	virion membrane [GO:0055036]	22.73
Polyketide	host cell perinuclear region of cytoplasm [GO:0044220]	22.73
Polyketide	plasma membrane [GO:0005886]	11.32
Polyketide	proton-transporting ATP synthase complex, coupling factor F(o) [GO:0045263]	11.32
Polyketide	membrane-bounded organelle [GO:0043227]	21.17
Polyketide	extracellular region [GO:0005576]	13.48
Polyketide	cytoplasm [GO:0005737]	14.66
Polyketide	dendrite [GO:0030425]	17.17
Polyketide	neuron projection [GO:0043005]	17.17
Polyketide	intracellular membrane-bounded organelle [GO:0043231]	17.17
Polyketide	plasma membrane [GO:0005886]	17.17
Polyketide	postsynaptic membrane [GO:0045211]	17.17
Polyketide	synapse [GO:0045202]	17.17
Polyketide	glycine-gated chloride channel complex [GO:0016935]	17.17
Polyketide	perikaryon [GO:0043204]	17.17
Polyketide	node of Ranvier [GO:0033268]	10.75
Polyketide	synapse [GO:0045202]	10.75
Polyketide	plasma membrane [GO:0005886]	10.75
Polyketide	axon initial segment [GO:0043194]	10.75
Polyketide	voltage-gated potassium channel complex [GO:0008076]	10.75
Polyketide	node of Ranvier [GO:0033268]	13.45
Polyketide	synapse [GO:0045202]	13.45
Polyketide	plasma membrane [GO:0005886]	13.45
Polyketide	axon initial segment [GO:0043194]	13.45
Polyketide	voltage-gated potassium channel complex [GO:0008076]	13.45
Polyketide	pericentric heterochromatin [GO:0005721]	13.46
Polyketide	endoplasmic reticulum [GO:0005783]	13.46
Polyketide	intracellular membrane-bounded organelle [GO:0043231]	13.46
Polyketide	nucleoplasm [GO:0005654]	13.46
Polyketide	site of DNA damage [GO:0090734]	13.46
Polyketide	chromatin [GO:0000785]	13.46
Polyketide	nucleus [GO:0005634]	13.46
Polyketide	site of double-strand break [GO:0035861]	13.46
Polyketide	chromosome, subtelomeric region [GO:0099115]	13.46
Polyketide	transcription repressor complex [GO:0017053]	16.38
Polyketide	nucleoplasm [GO:0005654]	16.38
Polyketide	nucleus [GO:0005634]	16.38
Polyketide	plasma membrane [GO:0005886]	7.57
Polyketide	calcium channel complex [GO:0034704]	7.57
Polyketide	microtubule [GO:0005874]	16.1
Polyketide	cytoplasm [GO:0005737]	16.1
Polyketide	microtubule cytoskeleton [GO:0015630]	16.1
Polyketide	vesicle [GO:0031982]	13.6
Polyketide	cytoplasm [GO:0005737]	13.6
Polyketide	secretory granule lumen [GO:0034774]	13.6
Polyketide	cytosol [GO:0005829]	13.6
Polyketide	ficolin-1-rich granule lumen [GO:1904813]	13.6
Polyketide	extracellular exosome [GO:0070062]	13.6
Polyketide	nucleoplasm [GO:0005654]	13.6
Polyketide	plasma membrane [GO:0005886]	13.6
Polyketide	extracellular region [GO:0005576]	13.6
Polyketide	extracellular space [GO:0005615]	13.6
Polyketide	cell surface [GO:0009986]	13.6
Polyketide	secretory granule lumen [GO:0034774]	9.38
Polyketide	ficolin-1-rich granule lumen [GO:1904813]	9.38
Polyketide	extracellular exosome [GO:0070062]	9.38
Polyketide	platelet alpha granule lumen [GO:0031093]	9.38
Polyketide	extracellular region [GO:0005576]	9.38
Polyketide	mitochondrial proton-transporting ATP synthase complex, catalytic sector F(1) [GO:0000275]	15.35
Polyketide	mitochondrial proton-transporting ATP synthase complex [GO:0005753]	15.35
Polyketide	collagen-containing extracellular matrix [GO:0062023]	14.13
Polyketide	cytoplasm [GO:0005737]	14.13
Polyketide	secretory granule membrane [GO:0030667]	14.13
Polyketide	cytosol [GO:0005829]	14.13
Polyketide	ficolin-1-rich granule membrane [GO:0101003]	14.13
Polyketide	immunological synapse [GO:0001772]	14.13
Polyketide	extracellular exosome [GO:0070062]	14.13
Polyketide	spliceosomal complex [GO:0005681]	14.13
Polyketide	nucleoplasm [GO:0005654]	14.13
Polyketide	membrane [GO:0016020]	14.13
Polyketide	plasma membrane [GO:0005886]	14.13
Polyketide	extracellular region [GO:0005576]	14.13
Polyketide	extracellular space [GO:0005615]	14.13
Polyketide	nucleus [GO:0005634]	14.13
Polyketide	cell surface [GO:0009986]	14.13
Polyketide	mitochondrial inner membrane [GO:0005743]	14.13
Polyketide	chromosome [GO:0005694]	-1.0
Polyketide	cytoplasm [GO:0005737]	-1.0
Polyketide	aggresome [GO:0016235]	11.78
Polyketide	cell projection [GO:0042995]	11.78
Polyketide	secretory granule membrane [GO:0030667]	11.78
Polyketide	ficolin-1-rich granule membrane [GO:0101003]	11.78
Polyketide	tertiary granule membrane [GO:0070821]	11.78
Polyketide	extracellular exosome [GO:0070062]	11.78
Polyketide	plasma membrane [GO:0005886]	11.78
Polyketide	membrane [GO:0016020]	11.78
Polyketide	specific granule membrane [GO:0035579]	11.78
Polyketide	perikaryon [GO:0043204]	11.78
Polyketide	extracellular space [GO:0005615]	18.68
Polyketide	serine protease inhibitor complex [GO:0097180]	18.68
Polyketide	skeletal muscle myofibril [GO:0098723]	13.14
Polyketide	protein-containing complex [GO:0032991]	16.8
Polyketide	endocytic vesicle membrane [GO:0030666]	16.8
Polyketide	cytosol [GO:0005829]	16.8
Polyketide	transcription repressor complex [GO:0017053]	16.8
Polyketide	nucleoplasm [GO:0005654]	16.8
Polyketide	plasma membrane [GO:0005886]	16.8
Polyketide	nucleus [GO:0005634]	16.8
Polyketide	cytoplasm [GO:0005737]	16.8
Polyketide	nucleolus [GO:0005730]	16.8
Polyketide	microtubule [GO:0005874]	15.59
Polyketide	cytoplasm [GO:0005737]	15.59
Polyketide	microtubule cytoskeleton [GO:0015630]	15.59
Polyketide	dendritic shaft [GO:0043198]	14.01
Polyketide	neuron projection [GO:0043005]	14.01
Polyketide	postsynaptic density [GO:0014069]	14.01
Polyketide	somatodendritic compartment [GO:0036477]	14.01
Polyketide	dendrite membrane [GO:0032590]	14.01
Polyketide	endoplasmic reticulum membrane [GO:0005789]	14.01
Polyketide	cell surface [GO:0009986]	14.01
Polyketide	presynaptic active zone membrane [GO:0048787]	14.01
Polyketide	neuronal cell body [GO:0043025]	14.01
Polyketide	dendrite cytoplasm [GO:0032839]	14.01
Polyketide	spine synapse [GO:0106033]	14.01
Polyketide	synaptic vesicle [GO:0008021]	14.01
Polyketide	Schaffer collateral - CA1 synapse [GO:0098685]	14.01
Polyketide	presynapse [GO:0098793]	14.01
Polyketide	growth cone [GO:0030426]	14.01
Polyketide	perikaryon [GO:0043204]	14.01
Polyketide	AMPA glutamate receptor complex [GO:0032281]	14.01
Polyketide	asymmetric synapse [GO:0032279]	14.01
Polyketide	dendrite [GO:0030425]	14.01
Polyketide	protein-containing complex [GO:0032991]	14.01
Polyketide	ionotropic glutamate receptor complex [GO:0008328]	14.01
Polyketide	dendritic spine head [GO:0044327]	14.01
Polyketide	dendritic spine neck [GO:0044326]	14.01
Polyketide	glutamatergic synapse [GO:0098978]	14.01
Polyketide	membrane [GO:0016020]	14.01
Polyketide	dendritic spine [GO:0043197]	14.01
Polyketide	perisynaptic space [GO:0099544]	14.01
Polyketide	endoplasmic reticulum [GO:0005783]	14.01
Polyketide	plasma membrane [GO:0005886]	14.01
Polyketide	postsynaptic membrane [GO:0045211]	14.01
Polyketide	synapse [GO:0045202]	14.01
Polyketide	terminal bouton [GO:0043195]	14.01
Polyketide	presynaptic membrane [GO:0042734]	14.01
Polyketide	postsynaptic density membrane [GO:0098839]	14.01
Polyketide	synaptic vesicle membrane [GO:0030672]	14.01
Polyketide	axon [GO:0030424]	14.01
Polyketide	synaptic membrane [GO:0097060]	14.01
Polyketide	melanosome [GO:0042470]	12.91
Polyketide	axonal growth cone [GO:0044295]	12.91
Polyketide	cell body [GO:0044297]	12.91
Polyketide	endomembrane system [GO:0012505]	12.91
Polyketide	lamellipodium [GO:0030027]	12.91
Polyketide	growth cone membrane [GO:0032584]	12.91
Polyketide	plasma membrane [GO:0005886]	12.91
Polyketide	axon [GO:0030424]	12.91
Polyketide	cell surface [GO:0009986]	12.91
Polyketide	plasma membrane [GO:0005886]	18.67
Polyketide	DNA-directed RNA polymerase complex [GO:0000428]	18.67
Polyketide	cytosol [GO:0005829]	18.67
Polyketide	peptidoglycan-based cell wall [GO:0009274]	18.67
Polyketide	mitochondrion [GO:0005739]	20.46
Polyketide	nucleus [GO:0005634]	20.46
Polyketide	cytoplasm [GO:0005737]	20.46
Polyketide	chloride channel complex [GO:0034707]	16.2
Polyketide	postsynaptic membrane [GO:0045211]	16.2
Polyketide	perikaryon [GO:0043204]	16.2
Polyketide	membrane [GO:0016020]	16.2
Polyketide	plasma membrane [GO:0005886]	16.2
Polyketide	dendrite [GO:0030425]	16.2
Polyketide	neuron projection [GO:0043005]	16.2
Polyketide	synapse [GO:0045202]	16.2
Polyketide	lysosomal lumen [GO:0043202]	12.02
Polyketide	basolateral plasma membrane [GO:0016323]	12.02
Polyketide	secretory granule lumen [GO:0034774]	12.02
Polyketide	extracellular exosome [GO:0070062]	12.02
Polyketide	nucleoplasm [GO:0005654]	12.02
Polyketide	brush border membrane [GO:0031526]	12.02
Polyketide	cytoplasm [GO:0005737]	12.02
Polyketide	cell surface [GO:0009986]	12.02
Polyketide	neuronal cell body [GO:0043025]	12.02
Polyketide	endocytic vesicle lumen [GO:0071682]	12.02
Polyketide	melanosome [GO:0042470]	12.02
Polyketide	protein-containing complex [GO:0032991]	12.02
Polyketide	axonal growth cone [GO:0044295]	12.02
Polyketide	perinuclear region of cytoplasm [GO:0048471]	12.02
Polyketide	cytosol [GO:0005829]	12.02
Polyketide	sperm mitochondrial sheath [GO:0097226]	12.02
Polyketide	membrane [GO:0016020]	12.02
Polyketide	extracellular region [GO:0005576]	12.02
Polyketide	nucleus [GO:0005634]	12.02
Polyketide	sperm plasma membrane [GO:0097524]	12.02
Polyketide	collagen-containing extracellular matrix [GO:0062023]	12.02
Polyketide	myelin sheath [GO:0043209]	12.02
Polyketide	apical plasma membrane [GO:0016324]	12.02
Polyketide	ficolin-1-rich granule lumen [GO:1904813]	12.02
Polyketide	dendritic growth cone [GO:0044294]	12.02
Polyketide	plasma membrane [GO:0005886]	12.02
Polyketide	mitochondrion [GO:0005739]	12.02
Polyketide	proton-transporting ATP synthase complex, catalytic core F(1) [GO:0045261]	26.46
Polyketide	host cell nucleus [GO:0042025]	16.73
Polyketide	host cell plasma membrane [GO:0020002]	16.73
Polyketide	membrane [GO:0016020]	16.73
Polyketide	viral nucleocapsid [GO:0019013]	16.73
Polyketide	host multivesicular body [GO:0072494]	16.73
Polyketide	virion membrane [GO:0055036]	16.73
Polyketide	RSC-type complex [GO:0016586]	6.87
Polyketide	kinetochore [GO:0000776]	6.87
Polyketide	SWI/SNF complex [GO:0016514]	6.87
Polyketide	nucleoplasm [GO:0005654]	6.87
Polyketide	nuclear matrix [GO:0016363]	6.87
Polyketide	chromatin [GO:0000785]	6.87
Polyketide	nuclear chromosome [GO:0000228]	6.87
Polyketide	nucleus [GO:0005634]	6.87
Polyketide	protein-DNA complex [GO:0032993]	15.71
Polyketide	extrinsic component of cytoplasmic side of plasma membrane [GO:0031234]	13.06
Polyketide	Golgi apparatus [GO:0005794]	13.06
Polyketide	cell projection [GO:0042995]	13.06
Polyketide	focal adhesion [GO:0005925]	13.06
Polyketide	lysosome [GO:0005764]	13.06
Polyketide	cytosol [GO:0005829]	13.06
Polyketide	intracellular membrane-bounded organelle [GO:0043231]	13.06
Polyketide	plasma membrane [GO:0005886]	13.06
Polyketide	caveola [GO:0005901]	13.06
Polyketide	transport vesicle [GO:0030133]	13.06
Polyketide	cytoskeleton [GO:0005856]	13.06
Polyketide	nucleus [GO:0005634]	13.06
Polyketide	cytoplasmic side of plasma membrane [GO:0009898]	13.06
Polyketide	plasma membrane [GO:0005886]	18.69
Polyketide	protein-containing complex [GO:0032991]	15.88
Polyketide	recycling endosome [GO:0055037]	15.88
Polyketide	early endosome [GO:0005769]	15.88
Polyketide	plasma membrane [GO:0005886]	15.88
Polyketide	specific granule [GO:0042581]	15.88
Polyketide	extracellular space [GO:0005615]	15.88
Polyketide	cell surface [GO:0009986]	15.88
Polyketide	nucleoplasm [GO:0005654]	14.45
Polyketide	nucleus [GO:0005634]	14.45
Polyketide	cytoplasm [GO:0005737]	14.45
Polyketide	extracellular exosome [GO:0070062]	16.93
Polyketide	cytosol [GO:0005829]	16.93
Polyketide	cytoplasm [GO:0005737]	16.93
Polyketide	nucleus [GO:0005634]	16.93
Polyketide	plasma membrane [GO:0005886]	9.25
Polyketide	proton-transporting ATP synthase complex, coupling factor F(o) [GO:0045263]	9.25
Polyketide	cytoplasm [GO:0005737]	9.07
Polyketide	cytosol [GO:0005829]	9.07
Polyketide	host cell nucleus [GO:0042025]	15.25
Polyketide	host cell plasma membrane [GO:0020002]	15.25
Polyketide	membrane [GO:0016020]	15.25
Polyketide	viral nucleocapsid [GO:0019013]	15.25
Polyketide	host multivesicular body [GO:0072494]	15.25
Polyketide	virion membrane [GO:0055036]	15.25
Polyketide	plasma membrane [GO:0005886]	8.47
Polyketide	proton-transporting ATP synthase complex, coupling factor F(o) [GO:0045263]	8.47
Polyketide	sarcoplasmic reticulum membrane [GO:0033017]	18.86
Polyketide	cytoplasmic side of membrane [GO:0098562]	18.86
Polyketide	cytosol [GO:0005829]	18.86
Polyketide	Z disc [GO:0030018]	18.86
Polyketide	sarcoplasmic reticulum [GO:0016529]	18.86
Polyketide	terminal cisterna [GO:0014802]	18.86
Polyketide	membrane [GO:0016020]	18.86
Polyketide	ryanodine receptor complex [GO:1990425]	18.86
Polyketide	cytoplasm [GO:0005737]	18.86
Polyketide	plasma membrane [GO:0005886]	9.07
Polyketide	proton-transporting ATP synthase complex, coupling factor F(o) [GO:0045263]	9.07
Polyketide	septin ring [GO:0005940]	19.86
Polyketide	condensed nuclear chromosome [GO:0000794]	19.86
Polyketide	nucleus [GO:0005634]	19.86
Polyketide	protein-containing complex [GO:0032991]	15.71
Polyketide	cytosol [GO:0005829]	15.71
Polyketide	nucleoplasm [GO:0005654]	15.71
Polyketide	membrane [GO:0016020]	15.71
Polyketide	plasma membrane [GO:0005886]	15.71
Polyketide	euchromatin [GO:0000791]	15.71
Polyketide	chromatin [GO:0000785]	15.71
Polyketide	transcription regulator complex [GO:0005667]	15.71
Polyketide	nucleus [GO:0005634]	15.71
Polyketide	cytoplasm [GO:0005737]	15.71
Polyketide	Golgi apparatus [GO:0005794]	15.71
Polyketide	histone deacetylase complex [GO:0000118]	14.55
Polyketide	plasma membrane [GO:0005886]	18.9
Polyketide	periplasmic side of plasma membrane [GO:0098567]	18.9
Polyketide	membrane [GO:0016020]	18.9
Polyketide	outer membrane-bounded periplasmic space [GO:0030288]	18.9
Polyketide	efflux pump complex [GO:1990281]	18.9
Polyketide	pore complex [GO:0046930]	16.19
Polyketide	cell outer membrane [GO:0009279]	16.19
Polyketide	plasma membrane [GO:0005886]	17.32
Polyketide	periplasmic side of plasma membrane [GO:0098567]	17.32
Polyketide	membrane [GO:0016020]	17.32
Polyketide	outer membrane-bounded periplasmic space [GO:0030288]	17.32
Polyketide	efflux pump complex [GO:1990281]	17.32
Polyketide	protein-containing complex [GO:0032991]	16.93
Polyketide	endocytic vesicle membrane [GO:0030666]	16.93
Polyketide	cytosol [GO:0005829]	16.93
Polyketide	transcription repressor complex [GO:0017053]	16.93
Polyketide	nucleoplasm [GO:0005654]	16.93
Polyketide	plasma membrane [GO:0005886]	16.93
Polyketide	nucleus [GO:0005634]	16.93
Polyketide	cytoplasm [GO:0005737]	16.93
Polyketide	nucleolus [GO:0005730]	16.93
Polyketide	microtubule [GO:0005874]	20.19
Polyketide	cytoplasm [GO:0005737]	20.19
Polyketide	microtubule cytoskeleton [GO:0015630]	20.19
Polyketide	proton-transporting V-type ATPase complex [GO:0033176]	7.75
Polyketide	vacuolar proton-transporting V-type ATPase, V0 domain [GO:0000220]	7.75
Polyketide	Golgi membrane [GO:0000139]	7.75
Polyketide	membrane [GO:0016020]	7.75
Polyketide	vacuolar proton-transporting V-type ATPase complex [GO:0016471]	7.75
Polyketide	fungal-type vacuole membrane [GO:0000329]	7.75
Polyketide	calcium channel complex [GO:0034704]	12.24
Polyketide	voltage-gated calcium channel complex [GO:0005891]	12.24
Polyketide	perinuclear region of cytoplasm [GO:0048471]	12.24
Polyketide	apical plasma membrane [GO:0016324]	12.24
Polyketide	cytosol [GO:0005829]	12.24
Polyketide	plasma membrane [GO:0005886]	12.24
Polyketide	membrane [GO:0016020]	12.24
Polyketide	nucleus [GO:0005634]	12.24
Polyketide	microtubule organizing center [GO:0005815]	12.24
Polyketide	intracellular membrane-bounded organelle [GO:0043231]	8.91
Polyketide	nucleoplasm [GO:0005654]	8.91
Polyketide	mitochondrion [GO:0005739]	8.91
Polyketide	chromatin [GO:0000785]	8.91
Polyketide	nucleus [GO:0005634]	8.91
Polyketide	extracellular space [GO:0005615]	12.33
Polyketide	azurophil granule lumen [GO:0035578]	12.33
Polyketide	extracellular region [GO:0005576]	12.33
Polyketide	extracellular exosome [GO:0070062]	12.33
Polyketide	plasma membrane [GO:0005886]	13.52
Polyketide	peptidoglycan-based cell wall [GO:0009274]	13.52
Polyketide	host cell nucleus [GO:0042025]	16.31
Polyketide	host cell plasma membrane [GO:0020002]	16.31
Polyketide	membrane [GO:0016020]	16.31
Polyketide	viral nucleocapsid [GO:0019013]	16.31
Polyketide	host multivesicular body [GO:0072494]	16.31
Polyketide	virion membrane [GO:0055036]	16.31
Polyketide	microtubule [GO:0005874]	18.42
Polyketide	cytoplasm [GO:0005737]	18.42
Polyketide	microtubule cytoskeleton [GO:0015630]	18.42
Polyketide	cell body [GO:0044297]	13.01
Polyketide	actin filament [GO:0005884]	13.01
Polyketide	skeletal muscle myofibril [GO:0098723]	13.01
Polyketide	stress fiber [GO:0001725]	13.01
Polyketide	filamentous actin [GO:0031941]	13.01
Polyketide	actin filament bundle [GO:0032432]	13.01
Polyketide	lamellipodium [GO:0030027]	13.01
Polyketide	striated muscle thin filament [GO:0005865]	13.01
Polyketide	cytoplasm [GO:0005737]	13.01
Polyketide	filopodium [GO:0030175]	13.01
Polyketide	protein-containing complex [GO:0032991]	11.37
Polyketide	endocytic vesicle membrane [GO:0030666]	11.37
Polyketide	cytosol [GO:0005829]	11.37
Polyketide	transcription repressor complex [GO:0017053]	11.37
Polyketide	nucleoplasm [GO:0005654]	11.37
Polyketide	plasma membrane [GO:0005886]	11.37
Polyketide	nucleus [GO:0005634]	11.37
Polyketide	cytoplasm [GO:0005737]	11.37
Polyketide	nucleolus [GO:0005730]	11.37
Polyketide	cytosol [GO:0005829]	14.68
Polyketide	nucleoplasm [GO:0005654]	14.68
Polyketide	receptor complex [GO:0043235]	14.68
Polyketide	mitochondrion [GO:0005739]	14.68
Polyketide	RNA polymerase II transcription regulator complex [GO:0090575]	14.68
Polyketide	chromatin [GO:0000785]	14.68
Polyketide	transcription regulator complex [GO:0005667]	14.68
Polyketide	nucleus [GO:0005634]	14.68
Polyketide	cell body [GO:0044297]	14.7
Polyketide	actin filament [GO:0005884]	14.7
Polyketide	skeletal muscle myofibril [GO:0098723]	14.7
Polyketide	stress fiber [GO:0001725]	14.7
Polyketide	filamentous actin [GO:0031941]	14.7
Polyketide	actin filament bundle [GO:0032432]	14.7
Polyketide	lamellipodium [GO:0030027]	14.7
Polyketide	striated muscle thin filament [GO:0005865]	14.7
Polyketide	cytoplasm [GO:0005737]	14.7
Polyketide	filopodium [GO:0030175]	14.7
Polyketide	mitochondrial respiratory chain complex I [GO:0005747]	6.83
Polyketide	mitochondrial inner membrane [GO:0005743]	6.83
Polyketide	DNA-directed RNA polymerase complex [GO:0000428]	19.6
Polyketide	mitochondrial proton-transporting ATP synthase complex [GO:0005753]	-1.0
Polyketide	cytosol [GO:0005829]	-1.0
Polyketide	mitochondrial proton-transporting ATP synthase complex, coupling factor F(o) [GO:0000276]	-1.0
Polyketide	mitochondrion [GO:0005739]	-1.0
Polyketide	mitochondrial intermembrane space [GO:0005758]	-1.0
Polyketide	mitochondrial inner membrane [GO:0005743]	-1.0
Polyketide	intracellular membrane-bounded organelle [GO:0043231]	11.36
Polyketide	plasma membrane [GO:0005886]	11.36
Polyketide	endoplasmic reticulum membrane [GO:0005789]	11.36
Polyketide	cytoplasm [GO:0005737]	11.36
Polyketide	intracellular membrane-bounded organelle [GO:0043231]	10.67
Polyketide	endoplasmic reticulum membrane [GO:0005789]	10.67
Polyketide	cytoplasm [GO:0005737]	10.67
Polyketide	cytoplasmic microtubule [GO:0005881]	10.67
Polyketide	cytoplasmic side of endoplasmic reticulum membrane [GO:0098554]	16.91
Polyketide	protein-containing complex [GO:0032991]	16.91
Polyketide	endoplasmic reticulum [GO:0005783]	16.91
Polyketide	sorting endosome [GO:0097443]	16.91
Polyketide	endosome lumen [GO:0031904]	16.91
Polyketide	early endosome [GO:0005769]	16.91
Polyketide	cytosol [GO:0005829]	16.91
Polyketide	mitochondrial crista [GO:0030061]	16.91
Polyketide	mitochondrial matrix [GO:0005759]	16.91
Polyketide	cytoplasm [GO:0005737]	16.91
Polyketide	proton-transporting ATP synthase complex, catalytic core F(1) [GO:0045261]	11.9
Polyketide	mitochondrial proton-transporting ATP synthase complex [GO:0005753]	11.9
Polyketide	voltage-gated sodium channel complex [GO:0001518]	16.38
Polyketide	axon [GO:0030424]	16.38
Polyketide	plasma membrane [GO:0005886]	16.38
Polyketide	voltage-gated calcium channel complex [GO:0005891]	16.38
Polyketide	chromosome [GO:0005694]	12.6
Polyketide	DNA topoisomerase type II (double strand cut, ATP-hydrolyzing) complex [GO:0009330]	12.6
Polyketide	cytoplasm [GO:0005737]	12.6
Polyketide	cytosol [GO:0005829]	12.6
Polyketide	cytosol [GO:0005829]	-1.0
Polyketide	extracellular exosome [GO:0070062]	-1.0
Polyketide	basolateral plasma membrane [GO:0016323]	19.35
Polyketide	focal adhesion [GO:0005925]	19.35
Polyketide	apical plasma membrane [GO:0016324]	19.35
Polyketide	plasma membrane [GO:0005886]	19.35
Polyketide	membrane [GO:0016020]	19.35
Polyketide	microtubule [GO:0005874]	16.95
Polyketide	cytoplasm [GO:0005737]	16.95
Polyketide	protein-containing complex [GO:0032991]	14.19
Polyketide	cytosol [GO:0005829]	14.19
Polyketide	nucleoplasm [GO:0005654]	14.19
Polyketide	membrane [GO:0016020]	14.19
Polyketide	plasma membrane [GO:0005886]	14.19
Polyketide	euchromatin [GO:0000791]	14.19
Polyketide	chromatin [GO:0000785]	14.19
Polyketide	transcription regulator complex [GO:0005667]	14.19
Polyketide	nucleus [GO:0005634]	14.19
Polyketide	cytoplasm [GO:0005737]	14.19
Polyketide	Golgi apparatus [GO:0005794]	14.19
Polyketide	cytoplasm [GO:0005737]	13.25
Polyketide	Ino80 complex [GO:0031011]	17.68
Polyketide	brahma complex [GO:0035060]	17.68
Polyketide	cytoskeleton [GO:0005856]	17.68
Polyketide	cytoplasm [GO:0005737]	17.68
Polyketide	nuclear envelope [GO:0005635]	13.46
Polyketide	perinuclear region of cytoplasm [GO:0048471]	13.46
Polyketide	cytosol [GO:0005829]	13.46
Polyketide	pericentriolar material [GO:0000242]	13.46
Polyketide	Golgi membrane [GO:0000139]	13.46
Polyketide	chromosome, telomeric region [GO:0000781]	13.46
Polyketide	nucleus [GO:0005634]	13.46
Polyketide	cytoplasm [GO:0005737]	13.46
Polyketide	nuclear envelope [GO:0005635]	14.77
Polyketide	perinuclear region of cytoplasm [GO:0048471]	14.77
Polyketide	cytosol [GO:0005829]	14.77
Polyketide	pericentriolar material [GO:0000242]	14.77
Polyketide	Golgi membrane [GO:0000139]	14.77
Polyketide	chromosome, telomeric region [GO:0000781]	14.77
Polyketide	nucleus [GO:0005634]	14.77
Polyketide	cytoplasm [GO:0005737]	14.77
Polyketide	nuclear body [GO:0016604]	13.39
Polyketide	cytosol [GO:0005829]	13.39
Polyketide	extracellular space [GO:0005615]	13.39
Polyketide	nucleus [GO:0005634]	13.39
Polyketide	cytoplasm [GO:0005737]	13.39
Polyketide	protein-containing complex [GO:0032991]	14.36
Polyketide	cell leading edge [GO:0031252]	14.36
Polyketide	focal adhesion [GO:0005925]	14.36
Polyketide	neuron projection [GO:0043005]	14.36
Polyketide	cytosol [GO:0005829]	14.36
Polyketide	postsynaptic density [GO:0014069]	14.36
Polyketide	Golgi membrane [GO:0000139]	14.36
Polyketide	extracellular exosome [GO:0070062]	14.36
Polyketide	plasma membrane [GO:0005886]	14.36
Polyketide	sarcomere [GO:0030017]	14.36
Polyketide	sarcoplasmic reticulum membrane [GO:0033017]	18.63
Polyketide	cytoplasmic side of membrane [GO:0098562]	18.63
Polyketide	cytosol [GO:0005829]	18.63
Polyketide	Z disc [GO:0030018]	18.63
Polyketide	sarcoplasmic reticulum [GO:0016529]	18.63
Polyketide	terminal cisterna [GO:0014802]	18.63
Polyketide	membrane [GO:0016020]	18.63
Polyketide	ryanodine receptor complex [GO:1990425]	18.63
Polyketide	cytoplasm [GO:0005737]	18.63
Polyketide	histone deacetylase complex [GO:0000118]	7.82
Polyketide	nucleoplasm [GO:0005654]	7.82
Polyketide	nuclear chromosome [GO:0000228]	7.82
Polyketide	nucleus [GO:0005634]	7.82
Polyketide	cytoplasm [GO:0005737]	7.82
Polyketide	mitochondrial proton-transporting ATP synthase complex [GO:0005753]	14.16
Polyketide	cytosol [GO:0005829]	14.16
Polyketide	mitochondrial proton-transporting ATP synthase complex, coupling factor F(o) [GO:0000276]	14.16
Polyketide	mitochondrion [GO:0005739]	14.16
Polyketide	mitochondrial intermembrane space [GO:0005758]	14.16
Polyketide	mitochondrial inner membrane [GO:0005743]	14.16
Polyketide	nucleus [GO:0005634]	12.78
Polyketide	cytosol [GO:0005829]	12.78
Polyketide	protein kinase CK2 complex [GO:0005956]	12.78
Polyketide	plasma membrane [GO:0005886]	19.51
Polyketide	periplasmic side of plasma membrane [GO:0098567]	19.51
Polyketide	membrane [GO:0016020]	19.51
Polyketide	outer membrane-bounded periplasmic space [GO:0030288]	19.51
Polyketide	efflux pump complex [GO:1990281]	19.51
Polyketide	extracellular space [GO:0005615]	13.12
Polyketide	azurophil granule lumen [GO:0035578]	13.12
Polyketide	extracellular region [GO:0005576]	13.12
Polyketide	extracellular exosome [GO:0070062]	13.12
Polyketide	protein-containing complex [GO:0032991]	9.35
Polyketide	cytosol [GO:0005829]	9.35
Polyketide	nucleoplasm [GO:0005654]	9.35
Polyketide	membrane [GO:0016020]	9.35
Polyketide	plasma membrane [GO:0005886]	9.35
Polyketide	euchromatin [GO:0000791]	9.35
Polyketide	chromatin [GO:0000785]	9.35
Polyketide	transcription regulator complex [GO:0005667]	9.35
Polyketide	nucleus [GO:0005634]	9.35
Polyketide	cytoplasm [GO:0005737]	9.35
Polyketide	Golgi apparatus [GO:0005794]	9.35
Polyketide	voltage-gated potassium channel complex [GO:0008076]	-1.0
Polyketide	endoplasmic reticulum [GO:0005783]	-1.0
Polyketide	cell surface [GO:0009986]	-1.0
Polyketide	apical plasma membrane [GO:0016324]	-1.0
Polyketide	plasma membrane [GO:0005886]	-1.0
Polyketide	endoplasmic reticulum membrane [GO:0005789]	-1.0
Polyketide	astrocyte projection [GO:0097449]	-1.0
Polyketide	calyx of Held [GO:0044305]	-1.0
Polyketide	neuronal cell body [GO:0043025]	-1.0
Polyketide	nucleus [GO:0005634]	15.63
Polyketide	nuclear envelope [GO:0005635]	16.63
Polyketide	perinuclear region of cytoplasm [GO:0048471]	16.63
Polyketide	cytosol [GO:0005829]	16.63
Polyketide	pericentriolar material [GO:0000242]	16.63
Polyketide	Golgi membrane [GO:0000139]	16.63
Polyketide	chromosome, telomeric region [GO:0000781]	16.63
Polyketide	nucleus [GO:0005634]	16.63
Polyketide	cytoplasm [GO:0005737]	16.63
Polyketide	protein kinase CK2 complex [GO:0005956]	13.25
Polyketide	cytosol [GO:0005829]	13.25
Polyketide	nucleoplasm [GO:0005654]	13.25
Polyketide	chromatin [GO:0000785]	13.25
Polyketide	nucleus [GO:0005634]	13.25
Polyketide	acrosomal vesicle [GO:0001669]	13.25
Polyketide	plasma membrane [GO:0005886]	20.52
Polyketide	periplasmic side of plasma membrane [GO:0098567]	20.52
Polyketide	membrane [GO:0016020]	20.52
Polyketide	outer membrane-bounded periplasmic space [GO:0030288]	20.52
Polyketide	efflux pump complex [GO:1990281]	20.52
Polyketide	proton-transporting V-type ATPase complex [GO:0033176]	7.79
Polyketide	vacuolar proton-transporting V-type ATPase, V0 domain [GO:0000220]	7.79
Polyketide	Golgi membrane [GO:0000139]	7.79
Polyketide	membrane [GO:0016020]	7.79
Polyketide	vacuolar proton-transporting V-type ATPase complex [GO:0016471]	7.79
Polyketide	fungal-type vacuole membrane [GO:0000329]	7.79
Polyketide	sarcoplasmic reticulum membrane [GO:0033017]	18.63
Polyketide	cytoplasmic side of membrane [GO:0098562]	18.63
Polyketide	cytosol [GO:0005829]	18.63
Polyketide	Z disc [GO:0030018]	18.63
Polyketide	sarcoplasmic reticulum [GO:0016529]	18.63
Polyketide	terminal cisterna [GO:0014802]	18.63
Polyketide	membrane [GO:0016020]	18.63
Polyketide	ryanodine receptor complex [GO:1990425]	18.63
Polyketide	cytoplasm [GO:0005737]	18.63
Polyketide	extracellular space [GO:0005615]	10.85
Polyketide	azurophil granule lumen [GO:0035578]	10.85
Polyketide	extracellular region [GO:0005576]	10.85
Polyketide	extracellular exosome [GO:0070062]	10.85
Polyketide	cytoplasm [GO:0005737]	12.97
Polyketide	endoplasmic reticulum lumen [GO:0005788]	13.39
Polyketide	protein-containing complex [GO:0032991]	13.39
Polyketide	endoplasmic reticulum [GO:0005783]	13.39
Polyketide	extracellular exosome [GO:0070062]	13.39
Polyketide	blood microparticle [GO:0072562]	13.39
Polyketide	platelet alpha granule lumen [GO:0031093]	13.39
Polyketide	extracellular region [GO:0005576]	13.39
Polyketide	extracellular space [GO:0005615]	13.39
Polyketide	nucleus [GO:0005634]	13.39
Polyketide	cytoplasm [GO:0005737]	13.39
Polyketide	Golgi apparatus [GO:0005794]	13.39
Polyketide	chloroplast stroma [GO:0009570]	12.28
Polyketide	endoplasmic reticulum [GO:0005783]	12.28
Polyketide	chloroplast [GO:0009507]	12.28
Polyketide	cytosol [GO:0005829]	12.28
Polyketide	intracellular membrane-bounded organelle [GO:0043231]	12.28
Polyketide	plasma membrane [GO:0005886]	12.28
Polyketide	apoplast [GO:0048046]	12.28
Polyketide	plasmodesma [GO:0009506]	12.28
Polyketide	plant-type vacuole [GO:0000325]	12.28
Polyketide	chromatin [GO:0000785]	13.25
Polyketide	intracellular membrane-bounded organelle [GO:0043231]	13.25
Polyketide	nucleoplasm [GO:0005654]	13.25
Polyketide	chromosome, subtelomeric region [GO:0099115]	13.25
Polyketide	pericentric heterochromatin [GO:0005721]	13.25
Polyketide	site of double-strand break [GO:0035861]	13.25
Polyketide	nucleus [GO:0005634]	13.25
Polyketide	site of DNA damage [GO:0090734]	13.25
Polyketide	endoplasmic reticulum [GO:0005783]	13.25
Polyketide	nucleoplasm [GO:0005654]	14.02
Polyketide	cytoplasm [GO:0005737]	14.02
Polyketide	cytosol [GO:0005829]	14.02
Polyketide	plasma membrane [GO:0005886]	26.97
Polyketide	DNA-directed RNA polymerase complex [GO:0000428]	26.97
Polyketide	cytosol [GO:0005829]	26.97
Polyketide	peptidoglycan-based cell wall [GO:0009274]	26.97
Polyketide	node of Ranvier [GO:0033268]	14.0
Polyketide	synapse [GO:0045202]	14.0
Polyketide	plasma membrane [GO:0005886]	14.0
Polyketide	axon initial segment [GO:0043194]	14.0
Polyketide	voltage-gated potassium channel complex [GO:0008076]	14.0
Polyketide	postsynaptic density [GO:0014069]	10.8
Polyketide	glutamatergic synapse [GO:0098978]	10.8
Polyketide	plasma membrane [GO:0005886]	10.8
Polyketide	DAPK1-calmodulin complex [GO:1990722]	10.8
Polyketide	actin cytoskeleton [GO:0015629]	10.8
Polyketide	nucleus [GO:0005634]	10.8
Polyketide	cytoplasm [GO:0005737]	10.8
Polyketide	mitochondrial proton-transporting ATP synthase complex [GO:0005753]	-1.0
Polyketide	cytosol [GO:0005829]	-1.0
Polyketide	mitochondrial proton-transporting ATP synthase complex, coupling factor F(o) [GO:0000276]	-1.0
Polyketide	mitochondrion [GO:0005739]	-1.0
Polyketide	mitochondrial intermembrane space [GO:0005758]	-1.0
Polyketide	mitochondrial inner membrane [GO:0005743]	-1.0
Polyketide	cytoplasm [GO:0005737]	15.26
Polyketide	cytosol [GO:0005829]	15.26
Polyketide	postsynaptic density [GO:0014069]	14.54
Polyketide	glutamatergic synapse [GO:0098978]	14.54
Polyketide	plasma membrane [GO:0005886]	14.54
Polyketide	DAPK1-calmodulin complex [GO:1990722]	14.54
Polyketide	actin cytoskeleton [GO:0015629]	14.54
Polyketide	nucleus [GO:0005634]	14.54
Polyketide	cytoplasm [GO:0005737]	14.54
Polyketide	plasma membrane [GO:0005886]	19.88
Polyketide	periplasmic side of plasma membrane [GO:0098567]	19.88
Polyketide	membrane [GO:0016020]	19.88
Polyketide	outer membrane-bounded periplasmic space [GO:0030288]	19.88
Polyketide	efflux pump complex [GO:1990281]	19.88
Polyketide	endosome [GO:0005768]	13.83
Polyketide	cyclin E2-CDK2 complex [GO:0097135]	13.83
Polyketide	cyclin E1-CDK2 complex [GO:0097134]	13.83
Polyketide	Cajal body [GO:0015030]	13.83
Polyketide	nucleoplasm [GO:0005654]	13.83
Polyketide	male germ cell nucleus [GO:0001673]	13.83
Polyketide	cytoplasm [GO:0005737]	13.83
Polyketide	centrosome [GO:0005813]	13.83
Polyketide	condensed chromosome [GO:0000793]	13.83
Polyketide	cyclin A1-CDK2 complex [GO:0097123]	13.83
Polyketide	cyclin A2-CDK2 complex [GO:0097124]	13.83
Polyketide	cytosol [GO:0005829]	13.83
Polyketide	X chromosome [GO:0000805]	13.83
Polyketide	chromosome, telomeric region [GO:0000781]	13.83
Polyketide	nucleus [GO:0005634]	13.83
Polyketide	Y chromosome [GO:0000806]	13.83
Polyketide	nuclear envelope [GO:0005635]	13.83
Polyketide	cyclin-dependent protein kinase holoenzyme complex [GO:0000307]	13.83
Polyketide	transcription regulator complex [GO:0005667]	13.83
Polyketide	node of Ranvier [GO:0033268]	12.2
Polyketide	synapse [GO:0045202]	12.2
Polyketide	plasma membrane [GO:0005886]	12.2
Polyketide	axon initial segment [GO:0043194]	12.2
Polyketide	voltage-gated potassium channel complex [GO:0008076]	12.2
Polyketide	chromatin [GO:0000785]	16.51
Polyketide	intracellular membrane-bounded organelle [GO:0043231]	16.51
Polyketide	nucleoplasm [GO:0005654]	16.51
Polyketide	chromosome, subtelomeric region [GO:0099115]	16.51
Polyketide	pericentric heterochromatin [GO:0005721]	16.51
Polyketide	site of double-strand break [GO:0035861]	16.51
Polyketide	nucleus [GO:0005634]	16.51
Polyketide	site of DNA damage [GO:0090734]	16.51
Polyketide	endoplasmic reticulum [GO:0005783]	16.51
Polyketide	node of Ranvier [GO:0033268]	11.0
Polyketide	synapse [GO:0045202]	11.0
Polyketide	plasma membrane [GO:0005886]	11.0
Polyketide	axon initial segment [GO:0043194]	11.0
Polyketide	voltage-gated potassium channel complex [GO:0008076]	11.0
Polyketide	plasma membrane [GO:0005886]	29.34
Polyketide	DNA-directed RNA polymerase complex [GO:0000428]	29.34
Polyketide	cytosol [GO:0005829]	29.34
Polyketide	peptidoglycan-based cell wall [GO:0009274]	29.34
Polyketide	mitochondrial proton-transporting ATP synthase complex [GO:0005753]	17.3
Polyketide	cytosol [GO:0005829]	17.3
Polyketide	mitochondrial proton-transporting ATP synthase complex, coupling factor F(o) [GO:0000276]	17.3
Polyketide	mitochondrion [GO:0005739]	17.3
Polyketide	mitochondrial intermembrane space [GO:0005758]	17.3
Polyketide	mitochondrial inner membrane [GO:0005743]	17.3
Polyketide	nuclear envelope [GO:0005635]	15.34
Polyketide	perinuclear region of cytoplasm [GO:0048471]	15.34
Polyketide	cytosol [GO:0005829]	15.34
Polyketide	pericentriolar material [GO:0000242]	15.34
Polyketide	Golgi membrane [GO:0000139]	15.34
Polyketide	chromosome, telomeric region [GO:0000781]	15.34
Polyketide	nucleus [GO:0005634]	15.34
Polyketide	cytoplasm [GO:0005737]	15.34
Polyketide	plasma membrane [GO:0005886]	9.05
Polyketide	proton-transporting ATP synthase complex, coupling factor F(o) [GO:0045263]	9.05
Polyketide	cytosol [GO:0005829]	11.49
Polyketide	extracellular exosome [GO:0070062]	11.49
Polyketide	synapse [GO:0045202]	11.49
Polyketide	axon [GO:0030424]	11.49
Polyketide	cytoplasm [GO:0005737]	11.49
Polyketide	phagocytic vesicle membrane [GO:0030670]	-1.0
Polyketide	external side of plasma membrane [GO:0009897]	-1.0
Polyketide	nuclear envelope [GO:0005635]	14.08
Polyketide	perinuclear region of cytoplasm [GO:0048471]	14.08
Polyketide	cytosol [GO:0005829]	14.08
Polyketide	pericentriolar material [GO:0000242]	14.08
Polyketide	Golgi membrane [GO:0000139]	14.08
Polyketide	chromosome, telomeric region [GO:0000781]	14.08
Polyketide	nucleus [GO:0005634]	14.08
Polyketide	cytoplasm [GO:0005737]	14.08
Polyketide	proton-transporting ATP synthase complex, catalytic core F(1) [GO:0045261]	9.87
Polyketide	apicoplast [GO:0020011]	16.21
Polyketide	nucleoplasm [GO:0005654]	13.61
Polyketide	nucleus [GO:0005634]	13.61
Polyketide	cytoplasm [GO:0005737]	13.61
Polyketide	nucleolus [GO:0005730]	13.61
Polyketide	dendritic shaft [GO:0043198]	12.77
Polyketide	ribonucleoprotein complex [GO:1990904]	12.77
Polyketide	postsynaptic density [GO:0014069]	12.77
Polyketide	nucleoplasm [GO:0005654]	12.77
Polyketide	microtubule [GO:0005874]	12.77
Polyketide	Wnt signalosome [GO:1990909]	12.77
Polyketide	cytoplasm [GO:0005737]	12.77
Polyketide	neuronal cell body [GO:0043025]	12.77
Polyketide	centrosome [GO:0005813]	12.77
Polyketide	meiotic spindle [GO:0072687]	12.77
Polyketide	Schaffer collateral - CA1 synapse [GO:0098685]	12.77
Polyketide	presynapse [GO:0098793]	12.77
Polyketide	growth cone [GO:0030426]	12.77
Polyketide	dendrite [GO:0030425]	12.77
Polyketide	protein-containing complex [GO:0032991]	12.77
Polyketide	perinuclear region of cytoplasm [GO:0048471]	12.77
Polyketide	cytosol [GO:0005829]	12.77
Polyketide	glutamatergic synapse [GO:0098978]	12.77
Polyketide	membrane [GO:0016020]	12.77
Polyketide	dendritic spine [GO:0043197]	12.77
Polyketide	nucleus [GO:0005634]	12.77
Polyketide	membrane-bounded organelle [GO:0043227]	12.77
Polyketide	plasma membrane [GO:0005886]	12.77
Polyketide	mitochondrion [GO:0005739]	12.77
Polyketide	axon [GO:0030424]	12.77
Polyketide	beta-catenin destruction complex [GO:0030877]	12.77
Polyketide	collagen-containing extracellular matrix [GO:0062023]	20.27
Polyketide	cytoplasmic stress granule [GO:0010494]	20.27
Polyketide	lysosome [GO:0005764]	20.27
Polyketide	azurophil granule lumen [GO:0035578]	20.27
Polyketide	cytosol [GO:0005829]	20.27
Polyketide	extracellular exosome [GO:0070062]	20.27
Polyketide	intracellular membrane-bounded organelle [GO:0043231]	20.27
Polyketide	plasma membrane [GO:0005886]	20.27
Polyketide	membrane [GO:0016020]	20.27
Polyketide	extracellular region [GO:0005576]	20.27
Polyketide	extracellular space [GO:0005615]	20.27
Polyketide	secretory granule [GO:0030141]	20.27
Polyketide	nucleus [GO:0005634]	20.27
Polyketide	cytoplasm [GO:0005737]	20.27
Polyketide	nucleus [GO:0005634]	10.15
Polyketide	nucleoplasm [GO:0005654]	15.11
Polyketide	chromatin [GO:0000785]	15.11
Polyketide	cytoplasmic side of endoplasmic reticulum membrane [GO:0098554]	15.73
Polyketide	protein-containing complex [GO:0032991]	15.73
Polyketide	endoplasmic reticulum [GO:0005783]	15.73
Polyketide	sorting endosome [GO:0097443]	15.73
Polyketide	endosome lumen [GO:0031904]	15.73
Polyketide	early endosome [GO:0005769]	15.73
Polyketide	cytosol [GO:0005829]	15.73
Polyketide	mitochondrial crista [GO:0030061]	15.73
Polyketide	mitochondrial matrix [GO:0005759]	15.73
Polyketide	cytoplasm [GO:0005737]	15.73
Polyketide	transcription repressor complex [GO:0017053]	17.66
Polyketide	nucleoplasm [GO:0005654]	17.66
Polyketide	nucleus [GO:0005634]	17.66
Polyketide	mitochondrial envelope [GO:0005740]	15.94
Polyketide	mitochondrial outer membrane [GO:0005741]	15.94
Polyketide	mitochondrion [GO:0005739]	15.94
Polyketide	cytoplasm [GO:0005737]	10.56
Polyketide	host cell nucleus [GO:0042025]	21.03
Polyketide	viral envelope [GO:0019031]	21.03
Polyketide	host cell plasma membrane [GO:0020002]	21.03
Polyketide	host cell lipid droplet [GO:0044186]	21.03
Polyketide	host cell endoplasmic reticulum membrane [GO:0044167]	21.03
Polyketide	host cell mitochondrial membrane [GO:0044191]	21.03
Polyketide	ribonucleoprotein complex [GO:1990904]	21.03
Polyketide	membrane [GO:0016020]	21.03
Polyketide	viral nucleocapsid [GO:0019013]	21.03
Polyketide	virion membrane [GO:0055036]	21.03
Polyketide	host cell perinuclear region of cytoplasm [GO:0044220]	21.03
Polyketide	ATP-binding cassette (ABC) transporter complex [GO:0043190]	12.82
Polyketide	extracellular space [GO:0005615]	7.58
Polyketide	azurophil granule lumen [GO:0035578]	7.58
Polyketide	extracellular region [GO:0005576]	7.58
Polyketide	extracellular exosome [GO:0070062]	7.58
Polyketide	extracellular region [GO:0005576]	10.23
Polyketide	extracellular exosome [GO:0070062]	10.23
Polyketide	azurophil granule lumen [GO:0035578]	10.23
Polyketide	extracellular space [GO:0005615]	10.23
Polyketide	cell body [GO:0044297]	-1.0
Polyketide	actin filament [GO:0005884]	-1.0
Polyketide	skeletal muscle myofibril [GO:0098723]	-1.0
Polyketide	stress fiber [GO:0001725]	-1.0
Polyketide	filamentous actin [GO:0031941]	-1.0
Polyketide	actin filament bundle [GO:0032432]	-1.0
Polyketide	lamellipodium [GO:0030027]	-1.0
Polyketide	striated muscle thin filament [GO:0005865]	-1.0
Polyketide	cytoplasm [GO:0005737]	-1.0
Polyketide	filopodium [GO:0030175]	-1.0
Polyketide	extracellular space [GO:0005615]	12.62
Polyketide	azurophil granule lumen [GO:0035578]	12.62
Polyketide	extracellular region [GO:0005576]	12.62
Polyketide	extracellular exosome [GO:0070062]	12.62
Polyketide	nucleoplasm [GO:0005654]	15.29
Polyketide	chromatin [GO:0000785]	15.29
Polyketide	host cell nucleus [GO:0042025]	15.77
Polyketide	host cell endoplasmic reticulum membrane [GO:0044167]	15.77
Polyketide	host cell endoplasmic reticulum-Golgi intermediate compartment [GO:0044172]	15.77
Polyketide	host cell Golgi apparatus [GO:0044177]	15.77
Polyketide	host cell endosome [GO:0044174]	15.77
Polyketide	membrane [GO:0016020]	15.77
Polyketide	double membrane vesicle viral factory outer membrane [GO:0062243]	15.77
Polyketide	host cell perinuclear region of cytoplasm [GO:0044220]	15.77
Polyketide	plasma membrane [GO:0005886]	16.24
Polyketide	periplasmic side of plasma membrane [GO:0098567]	16.24
Polyketide	membrane [GO:0016020]	16.24
Polyketide	outer membrane-bounded periplasmic space [GO:0030288]	16.24
Polyketide	efflux pump complex [GO:1990281]	16.24
Polyketide	extracellular space [GO:0005615]	7.95
Polyketide	azurophil granule lumen [GO:0035578]	7.95
Polyketide	extracellular region [GO:0005576]	7.95
Polyketide	extracellular exosome [GO:0070062]	7.95
Polyketide	extracellular space [GO:0005615]	11.58
Polyketide	azurophil granule lumen [GO:0035578]	11.58
Polyketide	extracellular region [GO:0005576]	11.58
Polyketide	extracellular exosome [GO:0070062]	11.58
Polyketide	extracellular space [GO:0005615]	-1.0
Polyketide	azurophil granule lumen [GO:0035578]	-1.0
Polyketide	extracellular region [GO:0005576]	-1.0
Polyketide	extracellular exosome [GO:0070062]	-1.0
Polyketide	sarcoplasmic reticulum membrane [GO:0033017]	16.15
Polyketide	cytoplasmic side of membrane [GO:0098562]	16.15
Polyketide	cytosol [GO:0005829]	16.15
Polyketide	Z disc [GO:0030018]	16.15
Polyketide	sarcoplasmic reticulum [GO:0016529]	16.15
Polyketide	terminal cisterna [GO:0014802]	16.15
Polyketide	membrane [GO:0016020]	16.15
Polyketide	ryanodine receptor complex [GO:1990425]	16.15
Polyketide	cytoplasm [GO:0005737]	16.15
Polyketide	cell body [GO:0044297]	17.52
Polyketide	actin filament [GO:0005884]	17.52
Polyketide	skeletal muscle myofibril [GO:0098723]	17.52
Polyketide	stress fiber [GO:0001725]	17.52
Polyketide	filamentous actin [GO:0031941]	17.52
Polyketide	actin filament bundle [GO:0032432]	17.52
Polyketide	lamellipodium [GO:0030027]	17.52
Polyketide	striated muscle thin filament [GO:0005865]	17.52
Polyketide	cytoplasm [GO:0005737]	17.52
Polyketide	filopodium [GO:0030175]	17.52
Polyketide	endoplasmic reticulum [GO:0005783]	11.65
Polyketide	AIP1-IRE1 complex [GO:1990597]	11.65
Polyketide	nuclear inner membrane [GO:0005637]	11.65
Polyketide	endoplasmic reticulum membrane [GO:0005789]	11.65
Polyketide	mitochondrion [GO:0005739]	11.65
Polyketide	IRE1-RACK1-PP2A complex [GO:1990630]	11.65
Polyketide	cytoplasm [GO:0005737]	11.65
Polyketide	IRE1-TRAF2-ASK1 complex [GO:1990604]	11.65
Polyketide	nucleus [GO:0005634]	16.5
Polyketide	nucleus [GO:0005634]	19.93
Polyketide	cytoplasm [GO:0005737]	19.93
Polyketide	cytosol [GO:0005829]	19.93
Polyketide	sarcoplasmic reticulum membrane [GO:0033017]	16.45
Polyketide	cytoplasmic side of membrane [GO:0098562]	16.45
Polyketide	cytosol [GO:0005829]	16.45
Polyketide	Z disc [GO:0030018]	16.45
Polyketide	sarcoplasmic reticulum [GO:0016529]	16.45
Polyketide	terminal cisterna [GO:0014802]	16.45
Polyketide	membrane [GO:0016020]	16.45
Polyketide	ryanodine receptor complex [GO:1990425]	16.45
Polyketide	cytoplasm [GO:0005737]	16.45
Polyketide	nuclear periphery [GO:0034399]	-1.0
Polyketide	main axon [GO:0044304]	-1.0
Polyketide	neurofibrillary tangle [GO:0097418]	-1.0
Polyketide	neuron projection [GO:0043005]	-1.0
Polyketide	somatodendritic compartment [GO:0036477]	-1.0
Polyketide	microtubule [GO:0005874]	-1.0
Polyketide	cytoplasm [GO:0005737]	-1.0
Polyketide	neuronal cell body [GO:0043025]	-1.0
Polyketide	cell body [GO:0044297]	-1.0
Polyketide	nuclear speck [GO:0016607]	-1.0
Polyketide	growth cone [GO:0030426]	-1.0
Polyketide	membrane raft [GO:0045121]	-1.0
Polyketide	dendrite [GO:0030425]	-1.0
Polyketide	tubulin complex [GO:0045298]	-1.0
Polyketide	microtubule cytoskeleton [GO:0015630]	-1.0
Polyketide	cytosol [GO:0005829]	-1.0
Polyketide	axolemma [GO:0030673]	-1.0
Polyketide	glial cell projection [GO:0097386]	-1.0
Polyketide	dendritic spine [GO:0043197]	-1.0
Polyketide	extracellular region [GO:0005576]	-1.0
Polyketide	cytoplasmic ribonucleoprotein granule [GO:0036464]	-1.0
Polyketide	nucleus [GO:0005634]	-1.0
Polyketide	axon cytoplasm [GO:1904115]	-1.0
Polyketide	plasma membrane [GO:0005886]	-1.0
Polyketide	mitochondrion [GO:0005739]	-1.0
Polyketide	axon [GO:0030424]	-1.0
Polyketide	RSC-type complex [GO:0016586]	10.34
Polyketide	kinetochore [GO:0000776]	10.34
Polyketide	SWI/SNF complex [GO:0016514]	10.34
Polyketide	nucleoplasm [GO:0005654]	10.34
Polyketide	nuclear matrix [GO:0016363]	10.34
Polyketide	chromatin [GO:0000785]	10.34
Polyketide	nuclear chromosome [GO:0000228]	10.34
Polyketide	nucleus [GO:0005634]	10.34
Polyketide	transporter complex [GO:1990351]	20.54
Polyketide	plasma membrane [GO:0005886]	20.54
Polyketide	membrane [GO:0016020]	20.54
Polyketide	ATP-binding cassette (ABC) transporter complex [GO:0043190]	20.54
Polyketide	cytoplasm [GO:0005737]	20.54
Polyketide	membrane [GO:0016020]	14.68
Polyketide	cytosol [GO:0005829]	13.94
Polyketide	plasma membrane [GO:0005886]	13.94
Polyketide	peptidoglycan-based cell wall [GO:0009274]	13.94
Polyketide	node of Ranvier [GO:0033268]	15.14
Polyketide	synapse [GO:0045202]	15.14
Polyketide	plasma membrane [GO:0005886]	15.14
Polyketide	axon initial segment [GO:0043194]	15.14
Polyketide	voltage-gated potassium channel complex [GO:0008076]	15.14
Polyketide	membrane [GO:0016020]	15.6
Polyketide	node of Ranvier [GO:0033268]	10.75
Polyketide	synapse [GO:0045202]	10.75
Polyketide	plasma membrane [GO:0005886]	10.75
Polyketide	axon initial segment [GO:0043194]	10.75
Polyketide	voltage-gated potassium channel complex [GO:0008076]	10.75
Polyketide	extracellular region [GO:0005576]	19.86
Polyketide	nucleoplasm [GO:0005654]	18.12
Polyketide	mitochondrial respiratory chain complex I [GO:0005747]	18.12
Polyketide	cytoplasm [GO:0005737]	11.78
Polyketide	extracellular space [GO:0005615]	11.55
Polyketide	azurophil granule lumen [GO:0035578]	11.55
Polyketide	extracellular region [GO:0005576]	11.55
Polyketide	extracellular exosome [GO:0070062]	11.55
Polyketide	histone deacetylase complex [GO:0000118]	16.5
Polyketide	protein-containing complex [GO:0032991]	8.86
Polyketide	cytosol [GO:0005829]	8.86
Polyketide	nucleoplasm [GO:0005654]	8.86
Polyketide	membrane [GO:0016020]	8.86
Polyketide	plasma membrane [GO:0005886]	8.86
Polyketide	euchromatin [GO:0000791]	8.86
Polyketide	chromatin [GO:0000785]	8.86
Polyketide	transcription regulator complex [GO:0005667]	8.86
Polyketide	nucleus [GO:0005634]	8.86
Polyketide	cytoplasm [GO:0005737]	8.86
Polyketide	Golgi apparatus [GO:0005794]	8.86
Polyketide	membrane [GO:0016020]	18.0
Polyketide	protein-containing complex [GO:0032991]	10.21
Polyketide	cytosol [GO:0005829]	10.21
Polyketide	nucleoplasm [GO:0005654]	10.21
Polyketide	membrane [GO:0016020]	10.21
Polyketide	plasma membrane [GO:0005886]	10.21
Polyketide	euchromatin [GO:0000791]	10.21
Polyketide	chromatin [GO:0000785]	10.21
Polyketide	transcription regulator complex [GO:0005667]	10.21
Polyketide	nucleus [GO:0005634]	10.21
Polyketide	cytoplasm [GO:0005737]	10.21
Polyketide	Golgi apparatus [GO:0005794]	10.21
Polyketide	cytoplasm [GO:0005737]	17.44
Polyketide	Sin3-type complex [GO:0070822]	10.07
Polyketide	cytosol [GO:0005829]	10.07
Polyketide	plasma membrane [GO:0005886]	10.07
Polyketide	nucleoplasm [GO:0005654]	10.07
Polyketide	protein kinase CK2 complex [GO:0005956]	10.07
Polyketide	nucleus [GO:0005634]	10.07
Polyketide	PML body [GO:0016605]	10.07
Polyketide	cytoplasm [GO:0005737]	13.7
Polyketide	protein-containing complex [GO:0032991]	14.58
Polyketide	cell body [GO:0044297]	14.58
Polyketide	actin filament [GO:0005884]	14.58
Polyketide	stress fiber [GO:0001725]	14.58
Polyketide	lamellipodium [GO:0030027]	14.58
Polyketide	actin cytoskeleton [GO:0015629]	14.58
Polyketide	striated muscle thin filament [GO:0005865]	14.58
Polyketide	sarcomere [GO:0030017]	14.58
Polyketide	cytoplasm [GO:0005737]	14.58
Polyketide	filopodium [GO:0030175]	14.58
Polyketide	microtubule [GO:0005874]	20.3
Polyketide	cytoplasm [GO:0005737]	20.3
Polyketide	bicellular tight junction [GO:0005923]	12.15
Polyketide	cytosol [GO:0005829]	12.15
Polyketide	Golgi membrane [GO:0000139]	12.15
Polyketide	plasma membrane [GO:0005886]	12.15
Polyketide	membrane [GO:0016020]	12.15
Polyketide	growth cone [GO:0030426]	12.15
Polyketide	adherens junction [GO:0005912]	12.15
Polyketide	cytoplasm [GO:0005737]	12.15
Polyketide	nuclear chromosome [GO:0000228]	3.65
Polyketide	histone deacetylase complex [GO:0000118]	3.65
Polyketide	cytoplasm [GO:0005737]	3.65
Polyketide	nucleoplasm [GO:0005654]	3.65
Polyketide	nucleus [GO:0005634]	3.65
Polyketide	protein-containing complex [GO:0032991]	8.34
Polyketide	cytosol [GO:0005829]	8.34
Polyketide	nucleoplasm [GO:0005654]	8.34
Polyketide	membrane [GO:0016020]	8.34
Polyketide	plasma membrane [GO:0005886]	8.34
Polyketide	euchromatin [GO:0000791]	8.34
Polyketide	chromatin [GO:0000785]	8.34
Polyketide	transcription regulator complex [GO:0005667]	8.34
Polyketide	nucleus [GO:0005634]	8.34
Polyketide	cytoplasm [GO:0005737]	8.34
Polyketide	Golgi apparatus [GO:0005794]	8.34
Polyketide	collagen-containing extracellular matrix [GO:0062023]	24.35
Polyketide	lysosomal lumen [GO:0043202]	24.35
Polyketide	lysosome [GO:0005764]	24.35
Polyketide	tertiary granule lumen [GO:1904724]	24.35
Polyketide	ficolin-1-rich granule lumen [GO:1904813]	24.35
Polyketide	endolysosome lumen [GO:0036021]	24.35
Polyketide	intracellular membrane-bounded organelle [GO:0043231]	24.35
Polyketide	extracellular region [GO:0005576]	24.35
Polyketide	extracellular space [GO:0005615]	24.35
Polyketide	late endosome [GO:0005770]	24.35
Polyketide	phagocytic vesicle [GO:0045335]	24.35
Polyketide	protein-containing complex [GO:0032991]	14.88
Polyketide	endocytic vesicle membrane [GO:0030666]	14.88
Polyketide	cytosol [GO:0005829]	14.88
Polyketide	transcription repressor complex [GO:0017053]	14.88
Polyketide	nucleoplasm [GO:0005654]	14.88
Polyketide	plasma membrane [GO:0005886]	14.88
Polyketide	nucleus [GO:0005634]	14.88
Polyketide	cytoplasm [GO:0005737]	14.88
Polyketide	nucleolus [GO:0005730]	14.88
Polyketide	nucleoid [GO:0009295]	10.91
Polyketide	periplasmic space [GO:0042597]	10.15
Polyketide	protein-containing complex [GO:0032991]	19.18
Polyketide	cytosol [GO:0005829]	19.18
Polyketide	nucleoplasm [GO:0005654]	19.18
Polyketide	membrane [GO:0016020]	19.18
Polyketide	plasma membrane [GO:0005886]	19.18
Polyketide	euchromatin [GO:0000791]	19.18
Polyketide	chromatin [GO:0000785]	19.18
Polyketide	transcription regulator complex [GO:0005667]	19.18
Polyketide	nucleus [GO:0005634]	19.18
Polyketide	cytoplasm [GO:0005737]	19.18
Polyketide	Golgi apparatus [GO:0005794]	19.18
Polyketide	membrane [GO:0016020]	25.08
Polyketide	clathrin-sculpted monoamine transport vesicle membrane [GO:0070083]	25.08
Polyketide	terminal bouton [GO:0043195]	25.08
Polyketide	centrosome [GO:0005813]	25.08
Polyketide	plasma membrane [GO:0005886]	25.08
Polyketide	intracellular membrane-bounded organelle [GO:0043231]	25.08
Polyketide	dendrite [GO:0030425]	25.08
Polyketide	dopaminergic synapse [GO:0098691]	25.08
Polyketide	secretory granule membrane [GO:0030667]	25.08
Polyketide	synaptic vesicle membrane [GO:0030672]	25.08
Polyketide	axon [GO:0030424]	25.08
Polyketide	synaptic vesicle [GO:0008021]	25.08
Polyketide	extracellular space [GO:0005615]	6.38
Polyketide	azurophil granule lumen [GO:0035578]	6.38
Polyketide	extracellular region [GO:0005576]	6.38
Polyketide	extracellular exosome [GO:0070062]	6.38
Polyketide	DNA-directed RNA polymerase complex [GO:0000428]	19.1
Polyketide	voltage-gated potassium channel complex [GO:0008076]	11.39
Polyketide	endoplasmic reticulum [GO:0005783]	11.39
Polyketide	cell surface [GO:0009986]	11.39
Polyketide	apical plasma membrane [GO:0016324]	11.39
Polyketide	plasma membrane [GO:0005886]	11.39
Polyketide	endoplasmic reticulum membrane [GO:0005789]	11.39
Polyketide	astrocyte projection [GO:0097449]	11.39
Polyketide	calyx of Held [GO:0044305]	11.39
Polyketide	neuronal cell body [GO:0043025]	11.39
Polyketide	extracellular space [GO:0005615]	11.22
Polyketide	azurophil granule lumen [GO:0035578]	11.22
Polyketide	extracellular region [GO:0005576]	11.22
Polyketide	extracellular exosome [GO:0070062]	11.22
Polyketide	chloride channel complex [GO:0034707]	16.1
Polyketide	postsynaptic membrane [GO:0045211]	16.1
Polyketide	perikaryon [GO:0043204]	16.1
Polyketide	membrane [GO:0016020]	16.1
Polyketide	plasma membrane [GO:0005886]	16.1
Polyketide	dendrite [GO:0030425]	16.1
Polyketide	neuron projection [GO:0043005]	16.1
Polyketide	synapse [GO:0045202]	16.1
Polyketide	cytoplasm [GO:0005737]	17.83
Polyketide	cytoplasm [GO:0005737]	11.9
Polyketide	vesicle [GO:0031982]	14.6
Polyketide	cytoplasm [GO:0005737]	14.6
Polyketide	secretory granule lumen [GO:0034774]	14.6
Polyketide	cytosol [GO:0005829]	14.6
Polyketide	ficolin-1-rich granule lumen [GO:1904813]	14.6
Polyketide	extracellular exosome [GO:0070062]	14.6
Polyketide	nucleoplasm [GO:0005654]	14.6
Polyketide	plasma membrane [GO:0005886]	14.6
Polyketide	extracellular region [GO:0005576]	14.6
Polyketide	extracellular space [GO:0005615]	14.6
Polyketide	cell surface [GO:0009986]	14.6
Polyketide	nuclear speck [GO:0016607]	16.67
Polyketide	dendrite [GO:0030425]	16.67
Polyketide	cytoplasm [GO:0005737]	16.67
Polyketide	nucleoplasm [GO:0005654]	16.67
Polyketide	cytoskeleton [GO:0005856]	16.67
Polyketide	axon [GO:0030424]	16.67
Polyketide	ribonucleoprotein complex [GO:1990904]	16.67
Polyketide	nucleus [GO:0005634]	16.67
Polyketide	protein-containing complex [GO:0032991]	9.81
Polyketide	cytosol [GO:0005829]	9.81
Polyketide	nucleoplasm [GO:0005654]	9.81
Polyketide	membrane [GO:0016020]	9.81
Polyketide	plasma membrane [GO:0005886]	9.81
Polyketide	euchromatin [GO:0000791]	9.81
Polyketide	chromatin [GO:0000785]	9.81
Polyketide	transcription regulator complex [GO:0005667]	9.81
Polyketide	nucleus [GO:0005634]	9.81
Polyketide	cytoplasm [GO:0005737]	9.81
Polyketide	Golgi apparatus [GO:0005794]	9.81
Polyketide	endoplasmic reticulum lumen [GO:0005788]	13.93
Polyketide	protein-containing complex [GO:0032991]	13.93
Polyketide	endoplasmic reticulum [GO:0005783]	13.93
Polyketide	extracellular exosome [GO:0070062]	13.93
Polyketide	blood microparticle [GO:0072562]	13.93
Polyketide	platelet alpha granule lumen [GO:0031093]	13.93
Polyketide	extracellular region [GO:0005576]	13.93
Polyketide	extracellular space [GO:0005615]	13.93
Polyketide	nucleus [GO:0005634]	13.93
Polyketide	cytoplasm [GO:0005737]	13.93
Polyketide	Golgi apparatus [GO:0005794]	13.93
Polyketide	DNA-directed RNA polymerase complex [GO:0000428]	18.53
Polyketide	calcium channel complex [GO:0034704]	14.35
Polyketide	voltage-gated calcium channel complex [GO:0005891]	14.35
Polyketide	perinuclear region of cytoplasm [GO:0048471]	14.35
Polyketide	apical plasma membrane [GO:0016324]	14.35
Polyketide	cytosol [GO:0005829]	14.35
Polyketide	plasma membrane [GO:0005886]	14.35
Polyketide	membrane [GO:0016020]	14.35
Polyketide	nucleus [GO:0005634]	14.35
Polyketide	microtubule organizing center [GO:0005815]	14.35
Polyketide	nuclear chromosome [GO:0000228]	4.75
Polyketide	histone deacetylase complex [GO:0000118]	4.75
Polyketide	cytoplasm [GO:0005737]	4.75
Polyketide	nucleoplasm [GO:0005654]	4.75
Polyketide	nucleus [GO:0005634]	4.75
Polyketide	dendrite [GO:0030425]	19.87
Polyketide	chloride channel complex [GO:0034707]	19.87
Polyketide	neuron projection [GO:0043005]	19.87
Polyketide	plasma membrane [GO:0005886]	19.87
Polyketide	membrane [GO:0016020]	19.87
Polyketide	postsynaptic membrane [GO:0045211]	19.87
Polyketide	synapse [GO:0045202]	19.87
Polyketide	perikaryon [GO:0043204]	19.87
Polyketide	epidermal lamellar body [GO:0097209]	10.4
Polyketide	extracellular region [GO:0005576]	10.4
Polyketide	extracellular space [GO:0005615]	10.4
Polyketide	secretory granule [GO:0030141]	10.4
Polyketide	cornified envelope [GO:0001533]	10.4
Polyketide	periplasmic space [GO:0042597]	19.14
Polyketide	dendrite [GO:0030425]	7.74
Polyketide	cytosol [GO:0005829]	7.74
Polyketide	synapse [GO:0045202]	7.74
Polyketide	nucleus [GO:0005634]	7.74
Polyketide	cytoplasm [GO:0005737]	7.74
Polyketide	neuronal cell body [GO:0043025]	7.74
Polyketide	plasma membrane [GO:0005886]	7.44
Polyketide	periplasmic space [GO:0042597]	10.64
Polyketide	membrane [GO:0016020]	16.9
Polyketide	endoplasmic reticulum [GO:0005783]	16.9
Polyketide	endoplasmic reticulum membrane [GO:0005789]	16.9
Polyketide	protein-containing complex [GO:0032991]	10.73
Polyketide	centrosome [GO:0005813]	10.73
Polyketide	perinuclear region of cytoplasm [GO:0048471]	10.73
Polyketide	cytosol [GO:0005829]	10.73
Polyketide	extracellular exosome [GO:0070062]	10.73
Polyketide	photoreceptor outer segment [GO:0001750]	10.73
Polyketide	ciliary basal body [GO:0036064]	10.73
Polyketide	photoreceptor inner segment [GO:0001917]	10.73
Polyketide	centriole [GO:0005814]	10.73
Polyketide	microtubule organizing center [GO:0005815]	10.73
Polyketide	cytoplasm [GO:0005737]	15.73
Polyketide	mitochondrial proton-transporting ATP synthase, catalytic core [GO:0005754]	17.47
Polyketide	proton-transporting ATP synthase complex, catalytic core F(1) [GO:0045261]	17.47
Polyketide	mitochondrial proton-transporting ATP synthase complex [GO:0005753]	17.47
Polyketide	cytosol [GO:0005829]	17.47
Polyketide	mitochondrial nucleoid [GO:0042645]	17.47
Polyketide	mitochondrion [GO:0005739]	17.47
Polyketide	mitochondrial intermembrane space [GO:0005758]	17.47
Polyketide	mitochondrial inner membrane [GO:0005743]	17.47
Polyketide	sarcoplasmic reticulum membrane [GO:0033017]	19.07
Polyketide	cytoplasmic side of membrane [GO:0098562]	19.07
Polyketide	cytosol [GO:0005829]	19.07
Polyketide	Z disc [GO:0030018]	19.07
Polyketide	sarcoplasmic reticulum [GO:0016529]	19.07
Polyketide	terminal cisterna [GO:0014802]	19.07
Polyketide	membrane [GO:0016020]	19.07
Polyketide	ryanodine receptor complex [GO:1990425]	19.07
Polyketide	cytoplasm [GO:0005737]	19.07
Polyketide	protein-containing complex [GO:0032991]	12.19
Polyketide	cytosol [GO:0005829]	12.19
Polyketide	nucleoplasm [GO:0005654]	12.19
Polyketide	membrane [GO:0016020]	12.19
Polyketide	plasma membrane [GO:0005886]	12.19
Polyketide	euchromatin [GO:0000791]	12.19
Polyketide	chromatin [GO:0000785]	12.19
Polyketide	transcription regulator complex [GO:0005667]	12.19
Polyketide	nucleus [GO:0005634]	12.19
Polyketide	cytoplasm [GO:0005737]	12.19
Polyketide	Golgi apparatus [GO:0005794]	12.19
Polyketide	chloroplast stroma [GO:0009570]	15.37
Polyketide	endoplasmic reticulum [GO:0005783]	15.37
Polyketide	chloroplast [GO:0009507]	15.37
Polyketide	cytosol [GO:0005829]	15.37
Polyketide	intracellular membrane-bounded organelle [GO:0043231]	15.37
Polyketide	plasma membrane [GO:0005886]	15.37
Polyketide	apoplast [GO:0048046]	15.37
Polyketide	plasmodesma [GO:0009506]	15.37
Polyketide	plant-type vacuole [GO:0000325]	15.37
Polyketide	sarcoplasmic reticulum membrane [GO:0033017]	17.79
Polyketide	cytoplasmic side of membrane [GO:0098562]	17.79
Polyketide	cytosol [GO:0005829]	17.79
Polyketide	Z disc [GO:0030018]	17.79
Polyketide	sarcoplasmic reticulum [GO:0016529]	17.79
Polyketide	extracellular exosome [GO:0070062]	17.79
Polyketide	membrane [GO:0016020]	17.79
Polyketide	ryanodine receptor complex [GO:1990425]	17.79
Polyketide	cytoplasm [GO:0005737]	17.79
Polyketide	neuron projection [GO:0043005]	13.48
Polyketide	synapse [GO:0045202]	13.48
Polyketide	postsynaptic membrane [GO:0045211]	13.48
Polyketide	protein-containing complex [GO:0032991]	9.82
Polyketide	cytosol [GO:0005829]	9.82
Polyketide	nucleoplasm [GO:0005654]	9.82
Polyketide	membrane [GO:0016020]	9.82
Polyketide	plasma membrane [GO:0005886]	9.82
Polyketide	euchromatin [GO:0000791]	9.82
Polyketide	chromatin [GO:0000785]	9.82
Polyketide	transcription regulator complex [GO:0005667]	9.82
Polyketide	nucleus [GO:0005634]	9.82
Polyketide	cytoplasm [GO:0005737]	9.82
Polyketide	Golgi apparatus [GO:0005794]	9.82
Polyketide	plasma membrane [GO:0005886]	10.45
Polyketide	proton-transporting ATP synthase complex, coupling factor F(o) [GO:0045263]	10.45
Polyketide	plasma membrane [GO:0005886]	8.65
Polyketide	extracellular space [GO:0005615]	6.6
Polyketide	azurophil granule lumen [GO:0035578]	6.6
Polyketide	extracellular region [GO:0005576]	6.6
Polyketide	extracellular exosome [GO:0070062]	6.6
Polyketide	protein-DNA complex [GO:0032993]	12.84
Polyketide	nucleoplasm [GO:0005654]	12.58
Polyketide	cytosol [GO:0005829]	12.58
Polyketide	extracellular exosome [GO:0070062]	12.58
Polyketide	fungal biofilm matrix [GO:0062040]	0.49
Polyketide	cytoplasm [GO:0005737]	0.49
Polyketide	extracellular region [GO:0005576]	0.49
Polyketide	host cell nucleus [GO:0042025]	15.56
Polyketide	viral envelope [GO:0019031]	15.56
Polyketide	host cell plasma membrane [GO:0020002]	15.56
Polyketide	host cell lipid droplet [GO:0044186]	15.56
Polyketide	host cell endoplasmic reticulum membrane [GO:0044167]	15.56
Polyketide	host cell mitochondrial membrane [GO:0044191]	15.56
Polyketide	ribonucleoprotein complex [GO:1990904]	15.56
Polyketide	membrane [GO:0016020]	15.56
Polyketide	viral nucleocapsid [GO:0019013]	15.56
Polyketide	virion membrane [GO:0055036]	15.56
Polyketide	host cell perinuclear region of cytoplasm [GO:0044220]	15.56
Polyketide	protein-containing complex [GO:0032991]	17.97
Polyketide	cytosol [GO:0005829]	17.97
Polyketide	nucleoplasm [GO:0005654]	17.97
Polyketide	membrane [GO:0016020]	17.97
Polyketide	plasma membrane [GO:0005886]	17.97
Polyketide	euchromatin [GO:0000791]	17.97
Polyketide	chromatin [GO:0000785]	17.97
Polyketide	transcription regulator complex [GO:0005667]	17.97
Polyketide	nucleus [GO:0005634]	17.97
Polyketide	cytoplasm [GO:0005737]	17.97
Polyketide	Golgi apparatus [GO:0005794]	17.97
Polyketide	extracellular space [GO:0005615]	9.57
Polyketide	azurophil granule lumen [GO:0035578]	9.57
Polyketide	extracellular region [GO:0005576]	9.57
Polyketide	extracellular exosome [GO:0070062]	9.57
Polyketide	extracellular space [GO:0005615]	15.49
Polyketide	host cell nucleus [GO:0042025]	13.5
Polyketide	host cell plasma membrane [GO:0020002]	13.5
Polyketide	membrane [GO:0016020]	13.5
Polyketide	viral nucleocapsid [GO:0019013]	13.5
Polyketide	host multivesicular body [GO:0072494]	13.5
Polyketide	virion membrane [GO:0055036]	13.5
Polyketide	tertiary granule lumen [GO:1904724]	11.07
Polyketide	cytosol [GO:0005829]	11.07
Polyketide	ficolin-1-rich granule lumen [GO:1904813]	11.07
Polyketide	extracellular exosome [GO:0070062]	11.07
Polyketide	nucleoplasm [GO:0005654]	11.07
Polyketide	extracellular region [GO:0005576]	11.07
Polyketide	nucleus [GO:0005634]	11.07
Polyketide	chromosome [GO:0005694]	17.53
Polyketide	nuclear chromosome [GO:0000228]	19.76
Polyketide	histone deacetylase complex [GO:0000118]	19.76
Polyketide	cytoplasm [GO:0005737]	19.76
Polyketide	nucleoplasm [GO:0005654]	19.76
Polyketide	nucleus [GO:0005634]	19.76
Polyketide	extracellular space [GO:0005615]	11.38
Polyketide	azurophil granule lumen [GO:0035578]	11.38
Polyketide	extracellular region [GO:0005576]	11.38
Polyketide	extracellular exosome [GO:0070062]	11.38
Polyketide	fibrillar center [GO:0001650]	17.63
Polyketide	nuclear inner membrane [GO:0005637]	17.63
Polyketide	heterochromatin [GO:0000792]	17.63
Polyketide	nuclear envelope [GO:0005635]	17.63
Polyketide	PML body [GO:0016605]	17.63
Polyketide	cytosol [GO:0005829]	17.63
Polyketide	eNoSc complex [GO:0061773]	17.63
Polyketide	rDNA heterochromatin [GO:0033553]	17.63
Polyketide	nucleoplasm [GO:0005654]	17.63
Polyketide	mitochondrion [GO:0005739]	17.63
Polyketide	euchromatin [GO:0000791]	17.63
Polyketide	chromatin [GO:0000785]	17.63
Polyketide	chromatin silencing complex [GO:0005677]	17.63
Polyketide	nucleus [GO:0005634]	17.63
Polyketide	cytoplasm [GO:0005737]	17.63
Polyketide	nucleolus [GO:0005730]	17.63
Polyketide	mitochondrial respiratory chain complex I [GO:0005747]	13.08
Polyketide	mitochondrial inner membrane [GO:0005743]	13.08
Polyketide	extracellular space [GO:0005615]	-1.0
Polyketide	extracellular region [GO:0005576]	-1.0
Polyketide	efflux pump complex [GO:1990281]	18.95
Polyketide	outer membrane-bounded periplasmic space [GO:0030288]	18.95
Polyketide	periplasmic side of plasma membrane [GO:0098567]	18.95
Polyketide	plasma membrane [GO:0005886]	18.95
Polyketide	membrane [GO:0016020]	18.95
Polyketide	mitochondrial proton-transporting ATP synthase complex [GO:0005753]	-1.0
Polyketide	cytosol [GO:0005829]	-1.0
Polyketide	mitochondrial proton-transporting ATP synthase complex, coupling factor F(o) [GO:0000276]	-1.0
Polyketide	mitochondrion [GO:0005739]	-1.0
Polyketide	mitochondrial intermembrane space [GO:0005758]	-1.0
Polyketide	mitochondrial inner membrane [GO:0005743]	-1.0
Polyketide	chromosome [GO:0005694]	11.33
Polyketide	cytoplasm [GO:0005737]	11.33
Polyketide	skeletal muscle myofibril [GO:0098723]	-1.0
Polyketide	lamellipodium [GO:0030027]	-1.0
Polyketide	cytoplasm [GO:0005737]	-1.0
Polyketide	actin filament bundle [GO:0032432]	-1.0
Polyketide	stress fiber [GO:0001725]	-1.0
Polyketide	actin filament [GO:0005884]	-1.0
Polyketide	filamentous actin [GO:0031941]	-1.0
Polyketide	cell body [GO:0044297]	-1.0
Polyketide	striated muscle thin filament [GO:0005865]	-1.0
Polyketide	filopodium [GO:0030175]	-1.0
Polyketide	microtubule [GO:0005874]	14.61
Polyketide	cytoplasm [GO:0005737]	14.61
Polyketide	microtubule cytoskeleton [GO:0015630]	14.61
Polyketide	protein-containing complex [GO:0032991]	16.43
Polyketide	cytosol [GO:0005829]	16.43
Polyketide	nucleoplasm [GO:0005654]	16.43
Polyketide	membrane [GO:0016020]	16.43
Polyketide	plasma membrane [GO:0005886]	16.43
Polyketide	euchromatin [GO:0000791]	16.43
Polyketide	chromatin [GO:0000785]	16.43
Polyketide	transcription regulator complex [GO:0005667]	16.43
Polyketide	nucleus [GO:0005634]	16.43
Polyketide	cytoplasm [GO:0005737]	16.43
Polyketide	Golgi apparatus [GO:0005794]	16.43
Polyketide	protein-containing complex [GO:0032991]	13.52
Polyketide	cytosol [GO:0005829]	13.52
Polyketide	nucleoplasm [GO:0005654]	13.52
Polyketide	membrane [GO:0016020]	13.52
Polyketide	plasma membrane [GO:0005886]	13.52
Polyketide	euchromatin [GO:0000791]	13.52
Polyketide	chromatin [GO:0000785]	13.52
Polyketide	transcription regulator complex [GO:0005667]	13.52
Polyketide	nucleus [GO:0005634]	13.52
Polyketide	cytoplasm [GO:0005737]	13.52
Polyketide	Golgi apparatus [GO:0005794]	13.52
Polyketide	RSC-type complex [GO:0016586]	8.5
Polyketide	kinetochore [GO:0000776]	8.5
Polyketide	SWI/SNF complex [GO:0016514]	8.5
Polyketide	nucleoplasm [GO:0005654]	8.5
Polyketide	nuclear matrix [GO:0016363]	8.5
Polyketide	chromatin [GO:0000785]	8.5
Polyketide	nuclear chromosome [GO:0000228]	8.5
Polyketide	nucleus [GO:0005634]	8.5
Polyketide	chloride channel complex [GO:0034707]	14.87
Polyketide	postsynaptic membrane [GO:0045211]	14.87
Polyketide	perikaryon [GO:0043204]	14.87
Polyketide	membrane [GO:0016020]	14.87
Polyketide	plasma membrane [GO:0005886]	14.87
Polyketide	dendrite [GO:0030425]	14.87
Polyketide	neuron projection [GO:0043005]	14.87
Polyketide	synapse [GO:0045202]	14.87
Polyketide	mitochondrial matrix [GO:0005759]	15.92
Polyketide	mitochondrion [GO:0005739]	15.92
Polyketide	extracellular exosome [GO:0070062]	15.92
Polyketide	endoplasmic reticulum lumen [GO:0005788]	17.53
Polyketide	endoplasmic reticulum [GO:0005783]	17.53
Polyketide	cytosol [GO:0005829]	17.53
Polyketide	lipid droplet [GO:0005811]	17.53
Polyketide	cytoplasm [GO:0005737]	17.53
Polyketide	plasma membrane [GO:0005886]	18.67
Polyketide	DNA-directed RNA polymerase complex [GO:0000428]	18.67
Polyketide	cytosol [GO:0005829]	18.67
Polyketide	peptidoglycan-based cell wall [GO:0009274]	18.67
Polyketide	melanosome [GO:0042470]	12.91
Polyketide	axonal growth cone [GO:0044295]	12.91
Polyketide	cell body [GO:0044297]	12.91
Polyketide	endomembrane system [GO:0012505]	12.91
Polyketide	lamellipodium [GO:0030027]	12.91
Polyketide	growth cone membrane [GO:0032584]	12.91
Polyketide	plasma membrane [GO:0005886]	12.91
Polyketide	axon [GO:0030424]	12.91
Polyketide	cell surface [GO:0009986]	12.91
Polyketide	node of Ranvier [GO:0033268]	12.68
Polyketide	synapse [GO:0045202]	12.68
Polyketide	plasma membrane [GO:0005886]	12.68
Polyketide	axon initial segment [GO:0043194]	12.68
Polyketide	voltage-gated potassium channel complex [GO:0008076]	12.68
Polyketide	microtubule [GO:0005874]	12.29
Polyketide	cytoplasm [GO:0005737]	12.29
Polyketide	microtubule cytoskeleton [GO:0015630]	12.29
Polyketide	node of Ranvier [GO:0033268]	11.0
Polyketide	synapse [GO:0045202]	11.0
Polyketide	plasma membrane [GO:0005886]	11.0
Polyketide	axon initial segment [GO:0043194]	11.0
Polyketide	voltage-gated potassium channel complex [GO:0008076]	11.0
Polyketide	cell body [GO:0044297]	14.95
Polyketide	actin filament [GO:0005884]	14.95
Polyketide	skeletal muscle myofibril [GO:0098723]	14.95
Polyketide	stress fiber [GO:0001725]	14.95
Polyketide	filamentous actin [GO:0031941]	14.95
Polyketide	actin filament bundle [GO:0032432]	14.95
Polyketide	lamellipodium [GO:0030027]	14.95
Polyketide	striated muscle thin filament [GO:0005865]	14.95
Polyketide	cytoplasm [GO:0005737]	14.95
Polyketide	filopodium [GO:0030175]	14.95
Polyketide	extracellular space [GO:0005615]	18.25
Polyketide	serine protease inhibitor complex [GO:0097180]	18.25
Polyketide	aggresome [GO:0016235]	14.63
Polyketide	cell projection [GO:0042995]	14.63
Polyketide	secretory granule membrane [GO:0030667]	14.63
Polyketide	ficolin-1-rich granule membrane [GO:0101003]	14.63
Polyketide	tertiary granule membrane [GO:0070821]	14.63
Polyketide	extracellular exosome [GO:0070062]	14.63
Polyketide	plasma membrane [GO:0005886]	14.63
Polyketide	membrane [GO:0016020]	14.63
Polyketide	specific granule membrane [GO:0035579]	14.63
Polyketide	perikaryon [GO:0043204]	14.63
Polyketide	extracellular space [GO:0005615]	11.4
Polyketide	protein-containing complex [GO:0032991]	11.4
Polyketide	aggresome [GO:0016235]	17.21
Polyketide	cell projection [GO:0042995]	17.21
Polyketide	secretory granule membrane [GO:0030667]	17.21
Polyketide	ficolin-1-rich granule membrane [GO:0101003]	17.21
Polyketide	tertiary granule membrane [GO:0070821]	17.21
Polyketide	extracellular exosome [GO:0070062]	17.21
Polyketide	plasma membrane [GO:0005886]	17.21
Polyketide	membrane [GO:0016020]	17.21
Polyketide	specific granule membrane [GO:0035579]	17.21
Polyketide	perikaryon [GO:0043204]	17.21
Polyketide	extracellular exosome [GO:0070062]	17.33
Polyketide	cytosol [GO:0005829]	17.33
Polyketide	nucleoplasm [GO:0005654]	17.33
Polyketide	protein-containing complex [GO:0032991]	17.33
Polyketide	peroxisomal matrix [GO:0005782]	17.33
Polyketide	apical cortex [GO:0045179]	17.33
Polyketide	nucleus [GO:0005634]	17.33
Polyketide	cytoplasm [GO:0005737]	10.19
Polyketide	cytosol [GO:0005829]	10.19
Polyketide	plasma membrane [GO:0005886]	3.97
Polyketide	proton-transporting ATP synthase complex, coupling factor F(o) [GO:0045263]	3.97
Polyketide	nucleoplasm [GO:0005654]	15.59
Polyketide	nucleus [GO:0005634]	15.59
Polyketide	cytoplasm [GO:0005737]	15.59
Polyketide	plasma membrane [GO:0005886]	9.23
Polyketide	proton-transporting ATP synthase complex, coupling factor F(o) [GO:0045263]	9.23
Polyketide	dendrite [GO:0030425]	12.94
Polyketide	chloride channel complex [GO:0034707]	12.94
Polyketide	neuron projection [GO:0043005]	12.94
Polyketide	plasma membrane [GO:0005886]	12.94
Polyketide	membrane [GO:0016020]	12.94
Polyketide	postsynaptic membrane [GO:0045211]	12.94
Polyketide	synapse [GO:0045202]	12.94
Polyketide	perikaryon [GO:0043204]	12.94
Polyketide	cell body [GO:0044297]	14.13
Polyketide	actin filament [GO:0005884]	14.13
Polyketide	skeletal muscle myofibril [GO:0098723]	14.13
Polyketide	stress fiber [GO:0001725]	14.13
Polyketide	filamentous actin [GO:0031941]	14.13
Polyketide	actin filament bundle [GO:0032432]	14.13
Polyketide	lamellipodium [GO:0030027]	14.13
Polyketide	striated muscle thin filament [GO:0005865]	14.13
Polyketide	cytoplasm [GO:0005737]	14.13
Polyketide	filopodium [GO:0030175]	14.13
Polyketide	protein-DNA complex [GO:0032993]	5.4
Polyketide	nucleoplasm [GO:0005654]	16.5
Polyketide	nucleus [GO:0005634]	16.5
Polyketide	cytoplasm [GO:0005737]	16.5
Polyketide	nucleolus [GO:0005730]	16.5
Polyketide	host cell nucleus [GO:0042025]	15.84
Polyketide	viral envelope [GO:0019031]	15.84
Polyketide	host cell plasma membrane [GO:0020002]	15.84
Polyketide	host cell lipid droplet [GO:0044186]	15.84
Polyketide	host cell endoplasmic reticulum membrane [GO:0044167]	15.84
Polyketide	host cell mitochondrial membrane [GO:0044191]	15.84
Polyketide	ribonucleoprotein complex [GO:1990904]	15.84
Polyketide	membrane [GO:0016020]	15.84
Polyketide	viral nucleocapsid [GO:0019013]	15.84
Polyketide	virion membrane [GO:0055036]	15.84
Polyketide	host cell perinuclear region of cytoplasm [GO:0044220]	15.84
Polyketide	membrane [GO:0016020]	17.69
Polyketide	endoplasmic reticulum [GO:0005783]	17.69
Polyketide	endoplasmic reticulum membrane [GO:0005789]	17.69
Polyketide	endoplasmic reticulum [GO:0005783]	11.78
Polyketide	mitochondrion [GO:0005739]	11.78
Polyketide	mitochondrial inner membrane [GO:0005743]	11.78
Polyketide	extracellular space [GO:0005615]	10.56
Polyketide	azurophil granule lumen [GO:0035578]	10.56
Polyketide	extracellular region [GO:0005576]	10.56
Polyketide	extracellular exosome [GO:0070062]	10.56
Polyketide	protein-DNA complex [GO:0032993]	14.17
Polyketide	nucleoplasm [GO:0005654]	11.11
Polyketide	paraspeckles [GO:0042382]	11.11
Polyketide	nucleus [GO:0005634]	11.11
Polyketide	Golgi apparatus [GO:0005794]	11.11
Polyketide	nucleolus [GO:0005730]	11.11
Polyketide	cytoplasmic side of endoplasmic reticulum membrane [GO:0098554]	10.97
Polyketide	protein-containing complex [GO:0032991]	10.97
Polyketide	endoplasmic reticulum [GO:0005783]	10.97
Polyketide	sorting endosome [GO:0097443]	10.97
Polyketide	endosome lumen [GO:0031904]	10.97
Polyketide	early endosome [GO:0005769]	10.97
Polyketide	cytosol [GO:0005829]	10.97
Polyketide	mitochondrial crista [GO:0030061]	10.97
Polyketide	mitochondrial matrix [GO:0005759]	10.97
Polyketide	cytoplasm [GO:0005737]	10.97
Polyketide	vesicle [GO:0031982]	12.32
Polyketide	protein-containing complex [GO:0032991]	12.32
Polyketide	focal adhesion [GO:0005925]	12.32
Polyketide	secretory granule lumen [GO:0034774]	12.32
Polyketide	cytosol [GO:0005829]	12.32
Polyketide	ficolin-1-rich granule lumen [GO:1904813]	12.32
Polyketide	extracellular exosome [GO:0070062]	12.32
Polyketide	membrane [GO:0016020]	12.32
Polyketide	extracellular region [GO:0005576]	12.32
Polyketide	extracellular space [GO:0005615]	12.32
Polyketide	nucleus [GO:0005634]	12.32
Polyketide	cytoplasm [GO:0005737]	12.32
Polyketide	cell outer membrane [GO:0009279]	19.77
Polyketide	efflux pump complex [GO:1990281]	21.36
Polyketide	outer membrane-bounded periplasmic space [GO:0030288]	21.36
Polyketide	periplasmic side of plasma membrane [GO:0098567]	21.36
Polyketide	plasma membrane [GO:0005886]	21.36
Polyketide	membrane [GO:0016020]	21.36
Polyketide	skeletal muscle myofibril [GO:0098723]	13.46
Polyketide	cell body [GO:0044297]	-1.0
Polyketide	actin filament [GO:0005884]	-1.0
Polyketide	skeletal muscle myofibril [GO:0098723]	-1.0
Polyketide	stress fiber [GO:0001725]	-1.0
Polyketide	filamentous actin [GO:0031941]	-1.0
Polyketide	actin filament bundle [GO:0032432]	-1.0
Polyketide	lamellipodium [GO:0030027]	-1.0
Polyketide	striated muscle thin filament [GO:0005865]	-1.0
Polyketide	cytoplasm [GO:0005737]	-1.0
Polyketide	filopodium [GO:0030175]	-1.0
Polyketide	calcineurin complex [GO:0005955]	18.41
Polyketide	cytoplasm [GO:0005737]	18.41
Polyketide	proton-transporting ATP synthase complex, catalytic core F(1) [GO:0045261]	7.14
Polyketide	plasma membrane [GO:0005886]	7.14
Polyketide	mitochondrial proton-transporting ATP synthase, catalytic core [GO:0005754]	7.14
Polyketide	mitochondrial proton-transporting ATP synthase complex [GO:0005753]	7.14
Polyketide	skeletal muscle myofibril [GO:0098723]	12.99
Polyketide	vesicle [GO:0031982]	14.42
Polyketide	cytoplasm [GO:0005737]	14.42
Polyketide	secretory granule lumen [GO:0034774]	14.42
Polyketide	cytosol [GO:0005829]	14.42
Polyketide	ficolin-1-rich granule lumen [GO:1904813]	14.42
Polyketide	extracellular exosome [GO:0070062]	14.42
Polyketide	nucleoplasm [GO:0005654]	14.42
Polyketide	plasma membrane [GO:0005886]	14.42
Polyketide	extracellular region [GO:0005576]	14.42
Polyketide	extracellular space [GO:0005615]	14.42
Polyketide	cell surface [GO:0009986]	14.42
Polyketide	extracellular region [GO:0005576]	21.6
Polyketide	host cell cytoplasm [GO:0030430]	21.6
Polyketide	cardiac Troponin complex [GO:1990584]	12.35
Polyketide	troponin complex [GO:0005861]	12.35
Polyketide	cytosol [GO:0005829]	12.35
Polyketide	extracellular space [GO:0005615]	8.12
Polyketide	azurophil granule lumen [GO:0035578]	8.12
Polyketide	extracellular region [GO:0005576]	8.12
Polyketide	extracellular exosome [GO:0070062]	8.12
Polyketide	cytosol [GO:0005829]	17.36
Polyketide	nucleoplasm [GO:0005654]	17.36
Polyketide	receptor complex [GO:0043235]	17.36
Polyketide	mitochondrion [GO:0005739]	17.36
Polyketide	RNA polymerase II transcription regulator complex [GO:0090575]	17.36
Polyketide	chromatin [GO:0000785]	17.36
Polyketide	transcription regulator complex [GO:0005667]	17.36
Polyketide	nucleus [GO:0005634]	17.36
Polyketide	pericentric heterochromatin [GO:0005721]	14.31
Polyketide	endoplasmic reticulum [GO:0005783]	14.31
Polyketide	intracellular membrane-bounded organelle [GO:0043231]	14.31
Polyketide	nucleoplasm [GO:0005654]	14.31
Polyketide	site of DNA damage [GO:0090734]	14.31
Polyketide	chromatin [GO:0000785]	14.31
Polyketide	nucleus [GO:0005634]	14.31
Polyketide	site of double-strand break [GO:0035861]	14.31
Polyketide	chromosome, subtelomeric region [GO:0099115]	14.31
Polyketide	dendrite [GO:0030425]	17.16
Polyketide	neuron projection [GO:0043005]	17.16
Polyketide	intracellular membrane-bounded organelle [GO:0043231]	17.16
Polyketide	plasma membrane [GO:0005886]	17.16
Polyketide	postsynaptic membrane [GO:0045211]	17.16
Polyketide	synapse [GO:0045202]	17.16
Polyketide	glycine-gated chloride channel complex [GO:0016935]	17.16
Polyketide	perikaryon [GO:0043204]	17.16
Polyketide	cytoplasm [GO:0005737]	15.82
Polyketide	plasma membrane [GO:0005886]	-1.0
Polyketide	proton-transporting ATP synthase complex, coupling factor F(o) [GO:0045263]	-1.0
Polyketide	nuclear periphery [GO:0034399]	-1.0
Polyketide	main axon [GO:0044304]	-1.0
Polyketide	neurofibrillary tangle [GO:0097418]	-1.0
Polyketide	neuron projection [GO:0043005]	-1.0
Polyketide	somatodendritic compartment [GO:0036477]	-1.0
Polyketide	microtubule [GO:0005874]	-1.0
Polyketide	cytoplasm [GO:0005737]	-1.0
Polyketide	neuronal cell body [GO:0043025]	-1.0
Polyketide	cell body [GO:0044297]	-1.0
Polyketide	nuclear speck [GO:0016607]	-1.0
Polyketide	growth cone [GO:0030426]	-1.0
Polyketide	membrane raft [GO:0045121]	-1.0
Polyketide	dendrite [GO:0030425]	-1.0
Polyketide	tubulin complex [GO:0045298]	-1.0
Polyketide	microtubule cytoskeleton [GO:0015630]	-1.0
Polyketide	cytosol [GO:0005829]	-1.0
Polyketide	axolemma [GO:0030673]	-1.0
Polyketide	glial cell projection [GO:0097386]	-1.0
Polyketide	dendritic spine [GO:0043197]	-1.0
Polyketide	extracellular region [GO:0005576]	-1.0
Polyketide	cytoplasmic ribonucleoprotein granule [GO:0036464]	-1.0
Polyketide	nucleus [GO:0005634]	-1.0
Polyketide	axon cytoplasm [GO:1904115]	-1.0
Polyketide	plasma membrane [GO:0005886]	-1.0
Polyketide	mitochondrion [GO:0005739]	-1.0
Polyketide	axon [GO:0030424]	-1.0
Polyketide	peroxisomal membrane [GO:0005778]	13.28
Polyketide	cytosol [GO:0005829]	13.28
Polyketide	peroxisomal matrix [GO:0005782]	13.28
Polyketide	peroxisome [GO:0005777]	13.28
Polyketide	cytoplasm [GO:0005737]	13.28
Polyketide	membrane-bounded organelle [GO:0043227]	15.08
Polyketide	chromosome [GO:0005694]	13.26
Polyketide	condensed nuclear chromosome [GO:0000794]	13.26
Polyketide	nucleus [GO:0005634]	13.26
Polyketide	nucleoplasm [GO:0005654]	13.26
Polyketide	host cell nucleus [GO:0042025]	12.17
Polyketide	host cell plasma membrane [GO:0020002]	12.17
Polyketide	membrane [GO:0016020]	12.17
Polyketide	viral nucleocapsid [GO:0019013]	12.17
Polyketide	host multivesicular body [GO:0072494]	12.17
Polyketide	virion membrane [GO:0055036]	12.17
Polyketide	cytoplasm [GO:0005737]	12.34
Polyketide	protein-containing complex [GO:0032991]	6.81
Polyketide	endocytic vesicle membrane [GO:0030666]	6.81
Polyketide	cytosol [GO:0005829]	6.81
Polyketide	transcription repressor complex [GO:0017053]	6.81
Polyketide	nucleoplasm [GO:0005654]	6.81
Polyketide	plasma membrane [GO:0005886]	6.81
Polyketide	nucleus [GO:0005634]	6.81
Polyketide	cytoplasm [GO:0005737]	6.81
Polyketide	nucleolus [GO:0005730]	6.81
Polyketide	sarcoplasmic reticulum membrane [GO:0033017]	3.88
Polyketide	cytoplasmic side of membrane [GO:0098562]	3.88
Polyketide	cytosol [GO:0005829]	3.88
Polyketide	Z disc [GO:0030018]	3.88
Polyketide	sarcoplasmic reticulum [GO:0016529]	3.88
Polyketide	terminal cisterna [GO:0014802]	3.88
Polyketide	membrane [GO:0016020]	3.88
Polyketide	ryanodine receptor complex [GO:1990425]	3.88
Polyketide	cytoplasm [GO:0005737]	3.88
Polyketide	cell body [GO:0044297]	15.51
Polyketide	actin filament [GO:0005884]	15.51
Polyketide	skeletal muscle myofibril [GO:0098723]	15.51
Polyketide	stress fiber [GO:0001725]	15.51
Polyketide	filamentous actin [GO:0031941]	15.51
Polyketide	actin filament bundle [GO:0032432]	15.51
Polyketide	lamellipodium [GO:0030027]	15.51
Polyketide	striated muscle thin filament [GO:0005865]	15.51
Polyketide	cytoplasm [GO:0005737]	15.51
Polyketide	filopodium [GO:0030175]	15.51
Polyketide	nuclear envelope [GO:0005635]	13.97
Polyketide	perinuclear region of cytoplasm [GO:0048471]	13.97
Polyketide	cytosol [GO:0005829]	13.97
Polyketide	pericentriolar material [GO:0000242]	13.97
Polyketide	Golgi membrane [GO:0000139]	13.97
Polyketide	chromosome, telomeric region [GO:0000781]	13.97
Polyketide	nucleus [GO:0005634]	13.97
Polyketide	cytoplasm [GO:0005737]	13.97
Polyketide	nuclear envelope [GO:0005635]	15.82
Polyketide	perinuclear region of cytoplasm [GO:0048471]	15.82
Polyketide	cytosol [GO:0005829]	15.82
Polyketide	pericentriolar material [GO:0000242]	15.82
Polyketide	Golgi membrane [GO:0000139]	15.82
Polyketide	chromosome, telomeric region [GO:0000781]	15.82
Polyketide	nucleus [GO:0005634]	15.82
Polyketide	cytoplasm [GO:0005737]	15.82
Polyketide	cytoplasm [GO:0005737]	12.83
Polyketide	cytoplasm [GO:0005737]	12.86
Polyketide	protein-containing complex [GO:0032991]	14.07
Polyketide	cytosol [GO:0005829]	14.07
Polyketide	nucleoplasm [GO:0005654]	14.07
Polyketide	membrane [GO:0016020]	14.07
Polyketide	plasma membrane [GO:0005886]	14.07
Polyketide	euchromatin [GO:0000791]	14.07
Polyketide	chromatin [GO:0000785]	14.07
Polyketide	transcription regulator complex [GO:0005667]	14.07
Polyketide	nucleus [GO:0005634]	14.07
Polyketide	cytoplasm [GO:0005737]	14.07
Polyketide	Golgi apparatus [GO:0005794]	14.07
Polyketide	microtubule [GO:0005874]	15.15
Polyketide	cytoplasm [GO:0005737]	15.15
Polyketide	transcription repressor complex [GO:0017053]	17.32
Polyketide	nucleoplasm [GO:0005654]	17.32
Polyketide	nucleus [GO:0005634]	17.32
Polyketide	histone deacetylase complex [GO:0000118]	11.7
Polyketide	host cell nucleus [GO:0042025]	15.21
Polyketide	host cell endoplasmic reticulum membrane [GO:0044167]	15.21
Polyketide	host cell endoplasmic reticulum-Golgi intermediate compartment [GO:0044172]	15.21
Polyketide	host cell Golgi apparatus [GO:0044177]	15.21
Polyketide	host cell endosome [GO:0044174]	15.21
Polyketide	membrane [GO:0016020]	15.21
Polyketide	double membrane vesicle viral factory outer membrane [GO:0062243]	15.21
Polyketide	host cell perinuclear region of cytoplasm [GO:0044220]	15.21
Polyketide	endoplasmic reticulum [GO:0005783]	7.69
Polyketide	ribonucleoprotein complex [GO:1990904]	7.69
Polyketide	cytosol [GO:0005829]	7.69
Polyketide	plasma membrane [GO:0005886]	7.69
Polyketide	ribosome [GO:0005840]	7.69
Polyketide	cytoplasm [GO:0005737]	19.29
Polyketide	intracellular membrane-bounded organelle [GO:0043231]	19.29
Polyketide	endoplasmic reticulum membrane [GO:0005789]	19.29
Polyketide	melanosome [GO:0042470]	12.93
Polyketide	axonal growth cone [GO:0044295]	12.93
Polyketide	cell body [GO:0044297]	12.93
Polyketide	endomembrane system [GO:0012505]	12.93
Polyketide	lamellipodium [GO:0030027]	12.93
Polyketide	growth cone membrane [GO:0032584]	12.93
Polyketide	plasma membrane [GO:0005886]	12.93
Polyketide	axon [GO:0030424]	12.93
Polyketide	cell surface [GO:0009986]	12.93
Polyketide	cytosol [GO:0005829]	12.28
Polyketide	extracellular exosome [GO:0070062]	12.28
Polyketide	mitochondrion [GO:0005739]	16.4
Polyketide	mitochondrial outer membrane [GO:0005741]	16.4
Polyketide	nucleus [GO:0005634]	16.4
Polyketide	cytosol [GO:0005829]	16.4
Polyketide	cytosol [GO:0005829]	18.93
Polyketide	plasma membrane [GO:0005886]	18.93
Polyketide	cytoplasm [GO:0005737]	18.93
Polyketide	nucleoplasm [GO:0005654]	18.93
Polyketide	site of double-strand break [GO:0035861]	18.93
Polyketide	nuclear body [GO:0016604]	18.93
Polyketide	nucleus [GO:0005634]	18.93
Polyketide	centrosome [GO:0005813]	18.33
Polyketide	cytosol [GO:0005829]	18.33
Polyketide	extracellular exosome [GO:0070062]	18.33
Polyketide	nucleoplasm [GO:0005654]	18.33
Polyketide	nucleus [GO:0005634]	18.33
Polyketide	cytoplasm [GO:0005737]	18.33
Polyketide	dendritic shaft [GO:0043198]	14.74
Polyketide	neuron projection [GO:0043005]	14.74
Polyketide	postsynaptic density [GO:0014069]	14.74
Polyketide	somatodendritic compartment [GO:0036477]	14.74
Polyketide	dendrite membrane [GO:0032590]	14.74
Polyketide	endoplasmic reticulum membrane [GO:0005789]	14.74
Polyketide	cell surface [GO:0009986]	14.74
Polyketide	presynaptic active zone membrane [GO:0048787]	14.74
Polyketide	neuronal cell body [GO:0043025]	14.74
Polyketide	dendrite cytoplasm [GO:0032839]	14.74
Polyketide	spine synapse [GO:0106033]	14.74
Polyketide	synaptic vesicle [GO:0008021]	14.74
Polyketide	Schaffer collateral - CA1 synapse [GO:0098685]	14.74
Polyketide	presynapse [GO:0098793]	14.74
Polyketide	growth cone [GO:0030426]	14.74
Polyketide	perikaryon [GO:0043204]	14.74
Polyketide	AMPA glutamate receptor complex [GO:0032281]	14.74
Polyketide	asymmetric synapse [GO:0032279]	14.74
Polyketide	dendrite [GO:0030425]	14.74
Polyketide	protein-containing complex [GO:0032991]	14.74
Polyketide	ionotropic glutamate receptor complex [GO:0008328]	14.74
Polyketide	dendritic spine head [GO:0044327]	14.74
Polyketide	dendritic spine neck [GO:0044326]	14.74
Polyketide	glutamatergic synapse [GO:0098978]	14.74
Polyketide	membrane [GO:0016020]	14.74
Polyketide	dendritic spine [GO:0043197]	14.74
Polyketide	perisynaptic space [GO:0099544]	14.74
Polyketide	endoplasmic reticulum [GO:0005783]	14.74
Polyketide	plasma membrane [GO:0005886]	14.74
Polyketide	postsynaptic membrane [GO:0045211]	14.74
Polyketide	synapse [GO:0045202]	14.74
Polyketide	terminal bouton [GO:0043195]	14.74
Polyketide	presynaptic membrane [GO:0042734]	14.74
Polyketide	postsynaptic density membrane [GO:0098839]	14.74
Polyketide	synaptic vesicle membrane [GO:0030672]	14.74
Polyketide	axon [GO:0030424]	14.74
Polyketide	synaptic membrane [GO:0097060]	14.74
Polyketide	node of Ranvier [GO:0033268]	10.99
Polyketide	synapse [GO:0045202]	10.99
Polyketide	plasma membrane [GO:0005886]	10.99
Polyketide	axon initial segment [GO:0043194]	10.99
Polyketide	voltage-gated potassium channel complex [GO:0008076]	10.99
Polyketide	chloroplast stroma [GO:0009570]	14.8
Polyketide	endoplasmic reticulum [GO:0005783]	14.8
Polyketide	chloroplast [GO:0009507]	14.8
Polyketide	cytosol [GO:0005829]	14.8
Polyketide	intracellular membrane-bounded organelle [GO:0043231]	14.8
Polyketide	plasma membrane [GO:0005886]	14.8
Polyketide	apoplast [GO:0048046]	14.8
Polyketide	plasmodesma [GO:0009506]	14.8
Polyketide	plant-type vacuole [GO:0000325]	14.8
Polyketide	extracellular space [GO:0005615]	15.56
Polyketide	azurophil granule lumen [GO:0035578]	15.56
Polyketide	extracellular region [GO:0005576]	15.56
Polyketide	extracellular exosome [GO:0070062]	15.56
Polyketide	protein-containing complex [GO:0032991]	17.34
Polyketide	cytosol [GO:0005829]	17.34
Polyketide	nucleoplasm [GO:0005654]	17.34
Polyketide	membrane [GO:0016020]	17.34
Polyketide	plasma membrane [GO:0005886]	17.34
Polyketide	euchromatin [GO:0000791]	17.34
Polyketide	chromatin [GO:0000785]	17.34
Polyketide	transcription regulator complex [GO:0005667]	17.34
Polyketide	nucleus [GO:0005634]	17.34
Polyketide	cytoplasm [GO:0005737]	17.34
Polyketide	Golgi apparatus [GO:0005794]	17.34
Polyketide	extracellular space [GO:0005615]	13.87
Polyketide	azurophil granule lumen [GO:0035578]	13.87
Polyketide	extracellular region [GO:0005576]	13.87
Polyketide	extracellular exosome [GO:0070062]	13.87
Polyketide	protein-containing complex [GO:0032991]	16.43
Polyketide	cytosol [GO:0005829]	16.43
Polyketide	nucleoplasm [GO:0005654]	16.43
Polyketide	membrane [GO:0016020]	16.43
Polyketide	plasma membrane [GO:0005886]	16.43
Polyketide	euchromatin [GO:0000791]	16.43
Polyketide	chromatin [GO:0000785]	16.43
Polyketide	transcription regulator complex [GO:0005667]	16.43
Polyketide	nucleus [GO:0005634]	16.43
Polyketide	cytoplasm [GO:0005737]	16.43
Polyketide	Golgi apparatus [GO:0005794]	16.43
Polyketide	microtubule [GO:0005874]	18.97
Polyketide	cytoplasm [GO:0005737]	18.97
Polyketide	microtubule cytoskeleton [GO:0015630]	18.97
Polyketide	endoplasmic reticulum lumen [GO:0005788]	16.06
Polyketide	protein-containing complex [GO:0032991]	16.06
Polyketide	endoplasmic reticulum [GO:0005783]	16.06
Polyketide	extracellular exosome [GO:0070062]	16.06
Polyketide	blood microparticle [GO:0072562]	16.06
Polyketide	platelet alpha granule lumen [GO:0031093]	16.06
Polyketide	extracellular region [GO:0005576]	16.06
Polyketide	extracellular space [GO:0005615]	16.06
Polyketide	nucleus [GO:0005634]	16.06
Polyketide	cytoplasm [GO:0005737]	16.06
Polyketide	Golgi apparatus [GO:0005794]	16.06
Polyketide	fungal-type vacuole [GO:0000324]	11.05
Polyketide	vacuolar proton-transporting V-type ATPase complex [GO:0016471]	11.05
Polyketide	vacuolar proton-transporting V-type ATPase, V0 domain [GO:0000220]	11.05
Polyketide	fungal-type vacuole membrane [GO:0000329]	11.05
Polyketide	host cell nucleus [GO:0042025]	17.91
Polyketide	viral envelope [GO:0019031]	17.91
Polyketide	host cell plasma membrane [GO:0020002]	17.91
Polyketide	host cell lipid droplet [GO:0044186]	17.91
Polyketide	host cell endoplasmic reticulum membrane [GO:0044167]	17.91
Polyketide	host cell mitochondrial membrane [GO:0044191]	17.91
Polyketide	ribonucleoprotein complex [GO:1990904]	17.91
Polyketide	membrane [GO:0016020]	17.91
Polyketide	viral nucleocapsid [GO:0019013]	17.91
Polyketide	virion membrane [GO:0055036]	17.91
Polyketide	host cell perinuclear region of cytoplasm [GO:0044220]	17.91
Polyketide	presynaptic active zone cytoplasmic component [GO:0098831]	21.8
Polyketide	glutamatergic synapse [GO:0098978]	21.8
Polyketide	guanylate cyclase complex, soluble [GO:0008074]	21.8
Polyketide	cytosol [GO:0005829]	21.8
Polyketide	nucleus [GO:0005634]	13.37
Polyketide	efflux pump complex [GO:1990281]	19.64
Polyketide	outer membrane-bounded periplasmic space [GO:0030288]	19.64
Polyketide	periplasmic side of plasma membrane [GO:0098567]	19.64
Polyketide	plasma membrane [GO:0005886]	19.64
Polyketide	membrane [GO:0016020]	19.64
Polyketide	external side of plasma membrane [GO:0009897]	18.85
Polyketide	membrane [GO:0016020]	18.85
Polyketide	plasma membrane [GO:0005886]	18.85
Polyketide	protein-containing complex [GO:0032991]	11.4
Polyketide	cytosol [GO:0005829]	11.4
Polyketide	nucleoplasm [GO:0005654]	11.4
Polyketide	membrane [GO:0016020]	11.4
Polyketide	plasma membrane [GO:0005886]	11.4
Polyketide	euchromatin [GO:0000791]	11.4
Polyketide	chromatin [GO:0000785]	11.4
Polyketide	transcription regulator complex [GO:0005667]	11.4
Polyketide	nucleus [GO:0005634]	11.4
Polyketide	cytoplasm [GO:0005737]	11.4
Polyketide	Golgi apparatus [GO:0005794]	11.4
Polyketide	nucleoplasm [GO:0005654]	16.81
Polyketide	nucleus [GO:0005634]	16.81
Polyketide	cytoplasm [GO:0005737]	16.81
Polyketide	chromatin [GO:0000785]	16.81
Polyketide	cytosol [GO:0005829]	13.24
Polyketide	mitochondrion [GO:0005739]	13.24
Polyketide	mitochondrial intermembrane space [GO:0005758]	13.24
Polyketide	mitochondrial matrix [GO:0005759]	13.24
Polyketide	nucleus [GO:0005634]	13.24
Polyketide	calcium channel complex [GO:0034704]	10.9
Polyketide	voltage-gated calcium channel complex [GO:0005891]	10.9
Polyketide	perinuclear region of cytoplasm [GO:0048471]	10.9
Polyketide	apical plasma membrane [GO:0016324]	10.9
Polyketide	cytosol [GO:0005829]	10.9
Polyketide	plasma membrane [GO:0005886]	10.9
Polyketide	membrane [GO:0016020]	10.9
Polyketide	nucleus [GO:0005634]	10.9
Polyketide	microtubule organizing center [GO:0005815]	10.9
Polyketide	microtubule [GO:0005874]	16.21
Polyketide	cytoplasm [GO:0005737]	16.21
Polyketide	endoplasmic reticulum membrane [GO:0005789]	1.56
Polyketide	endoplasmic reticulum [GO:0005783]	1.56
Polyketide	chromosome, centromeric region [GO:0000775]	4.79
Polyketide	meiotic cohesin complex [GO:0030893]	4.79
Polyketide	chromatin [GO:0000785]	4.79
Polyketide	nucleus [GO:0005634]	4.79
Polyketide	cortical cytoskeleton [GO:0030863]	19.09
Polyketide	basolateral plasma membrane [GO:0016323]	19.09
Polyketide	ankyrin-1 complex [GO:0170014]	19.09
Polyketide	Z disc [GO:0030018]	19.09
Polyketide	extracellular exosome [GO:0070062]	19.09
Polyketide	plasma membrane [GO:0005886]	19.09
Polyketide	membrane [GO:0016020]	19.09
Polyketide	blood microparticle [GO:0072562]	19.09
Polyketide	cytoplasmic side of plasma membrane [GO:0009898]	19.09
Polyketide	protein-containing complex [GO:0032991]	9.09
Polyketide	endocytic vesicle membrane [GO:0030666]	9.09
Polyketide	cytosol [GO:0005829]	9.09
Polyketide	transcription repressor complex [GO:0017053]	9.09
Polyketide	nucleoplasm [GO:0005654]	9.09
Polyketide	plasma membrane [GO:0005886]	9.09
Polyketide	nucleus [GO:0005634]	9.09
Polyketide	cytoplasm [GO:0005737]	9.09
Polyketide	nucleolus [GO:0005730]	9.09
Polyketide	proton-transporting V-type ATPase complex [GO:0033176]	11.24
Polyketide	vacuolar proton-transporting V-type ATPase, V0 domain [GO:0000220]	11.24
Polyketide	Golgi membrane [GO:0000139]	11.24
Polyketide	membrane [GO:0016020]	11.24
Polyketide	vacuolar proton-transporting V-type ATPase complex [GO:0016471]	11.24
Polyketide	fungal-type vacuole membrane [GO:0000329]	11.24
Polyketide	extracellular space [GO:0005615]	10.69
Polyketide	azurophil granule lumen [GO:0035578]	10.69
Polyketide	extracellular region [GO:0005576]	10.69
Polyketide	extracellular exosome [GO:0070062]	10.69
Polyketide	plasma membrane [GO:0005886]	20.13
Polyketide	periplasmic side of plasma membrane [GO:0098567]	20.13
Polyketide	membrane [GO:0016020]	20.13
Polyketide	outer membrane-bounded periplasmic space [GO:0030288]	20.13
Polyketide	efflux pump complex [GO:1990281]	20.13
Polyketide	membrane [GO:0016020]	17.27
Polyketide	cell outer membrane [GO:0009279]	17.27
Polyketide	transmembrane transporter complex [GO:1902495]	17.27
Polyketide	dendrite [GO:0030425]	16.43
Polyketide	chloride channel complex [GO:0034707]	16.43
Polyketide	neuron projection [GO:0043005]	16.43
Polyketide	plasma membrane [GO:0005886]	16.43
Polyketide	membrane [GO:0016020]	16.43
Polyketide	postsynaptic membrane [GO:0045211]	16.43
Polyketide	synapse [GO:0045202]	16.43
Polyketide	perikaryon [GO:0043204]	16.43
Polyketide	pore complex [GO:0046930]	13.31
Polyketide	cell outer membrane [GO:0009279]	13.31
Polyketide	nucleoplasm [GO:0005654]	15.69
Polyketide	cytosol [GO:0005829]	15.69
Polyketide	extracellular exosome [GO:0070062]	15.69
Polyketide	dendrite [GO:0030425]	20.65
Polyketide	PML body [GO:0016605]	20.65
Polyketide	nuclear envelope [GO:0005635]	20.65
Polyketide	lysosome [GO:0005764]	20.65
Polyketide	endomembrane system [GO:0012505]	20.65
Polyketide	mitochondrial outer membrane [GO:0005741]	20.65
Polyketide	cytosol [GO:0005829]	20.65
Polyketide	Golgi membrane [GO:0000139]	20.65
Polyketide	nucleoplasm [GO:0005654]	20.65
Polyketide	endoplasmic reticulum membrane [GO:0005789]	20.65
Polyketide	membrane [GO:0016020]	20.65
Polyketide	TORC1 complex [GO:0031931]	20.65
Polyketide	nucleus [GO:0005634]	20.65
Polyketide	TORC2 complex [GO:0031932]	20.65
Polyketide	lysosomal membrane [GO:0005765]	20.65
Polyketide	cytoplasm [GO:0005737]	20.65
Polyketide	phagocytic vesicle [GO:0045335]	20.65
Polyketide	cytosol [GO:0005829]	10.93
Polyketide	nucleoplasm [GO:0005654]	10.93
Polyketide	endoplasmic reticulum membrane [GO:0005789]	10.93
Polyketide	receptor complex [GO:0043235]	10.93
Polyketide	chromatin [GO:0000785]	10.93
Polyketide	node of Ranvier [GO:0033268]	13.45
Polyketide	synapse [GO:0045202]	13.45
Polyketide	plasma membrane [GO:0005886]	13.45
Polyketide	axon initial segment [GO:0043194]	13.45
Polyketide	voltage-gated potassium channel complex [GO:0008076]	13.45
Polyketide	plasma membrane [GO:0005886]	7.97
Polyketide	proton-transporting ATP synthase complex, coupling factor F(o) [GO:0045263]	7.97
Polyketide	septin ring [GO:0005940]	17.24
Polyketide	condensed nuclear chromosome [GO:0000794]	17.24
Polyketide	nucleus [GO:0005634]	17.24
Polyketide	outer membrane-bounded periplasmic space [GO:0030288]	16.54
Polyketide	cytoplasm [GO:0005737]	13.53
Polyketide	dendrite [GO:0030425]	20.62
Polyketide	PML body [GO:0016605]	20.62
Polyketide	nuclear envelope [GO:0005635]	20.62
Polyketide	lysosome [GO:0005764]	20.62
Polyketide	endomembrane system [GO:0012505]	20.62
Polyketide	mitochondrial outer membrane [GO:0005741]	20.62
Polyketide	cytosol [GO:0005829]	20.62
Polyketide	Golgi membrane [GO:0000139]	20.62
Polyketide	nucleoplasm [GO:0005654]	20.62
Polyketide	endoplasmic reticulum membrane [GO:0005789]	20.62
Polyketide	membrane [GO:0016020]	20.62
Polyketide	TORC1 complex [GO:0031931]	20.62
Polyketide	nucleus [GO:0005634]	20.62
Polyketide	TORC2 complex [GO:0031932]	20.62
Polyketide	lysosomal membrane [GO:0005765]	20.62
Polyketide	cytoplasm [GO:0005737]	20.62
Polyketide	phagocytic vesicle [GO:0045335]	20.62
Polyketide	DNA-directed RNA polymerase complex [GO:0000428]	19.96
Polyketide	sarcoplasmic reticulum membrane [GO:0033017]	14.36
Polyketide	cytoplasmic side of membrane [GO:0098562]	14.36
Polyketide	cytosol [GO:0005829]	14.36
Polyketide	Z disc [GO:0030018]	14.36
Polyketide	sarcoplasmic reticulum [GO:0016529]	14.36
Polyketide	terminal cisterna [GO:0014802]	14.36
Polyketide	membrane [GO:0016020]	14.36
Polyketide	ryanodine receptor complex [GO:1990425]	14.36
Polyketide	cytoplasm [GO:0005737]	14.36
Polyketide	spindle pole body [GO:0005816]	20.44
Polyketide	perinuclear region of cytoplasm [GO:0048471]	20.44
Polyketide	kinetochore [GO:0000776]	20.44
Polyketide	nucleus [GO:0005634]	20.44
Polyketide	cytoplasm [GO:0005737]	20.44
Polyketide	protein-containing complex [GO:0032991]	14.77
Polyketide	endosome membrane [GO:0010008]	14.77
Polyketide	cytosol [GO:0005829]	14.77
Polyketide	ATAC complex [GO:0140672]	14.77
Polyketide	plasma membrane [GO:0005886]	14.77
Polyketide	nuclear speck [GO:0016607]	14.77
Polyketide	nucleus [GO:0005634]	14.77
Polyketide	cytoplasm [GO:0005737]	14.77
Polyketide	intracellular membrane-bounded organelle [GO:0043231]	10.17
Polyketide	nucleoplasm [GO:0005654]	10.17
Polyketide	mitochondrion [GO:0005739]	10.17
Polyketide	chromatin [GO:0000785]	10.17
Polyketide	nucleus [GO:0005634]	10.17
Polyketide	calcium channel complex [GO:0034704]	19.32
Polyketide	sarcoplasmic reticulum membrane [GO:0033017]	19.32
Polyketide	cytosol [GO:0005829]	19.32
Polyketide	Z disc [GO:0030018]	19.32
Polyketide	membrane [GO:0016020]	19.32
Polyketide	cytoplasm [GO:0005737]	19.32
Polyketide	mitochondrial envelope [GO:0005740]	19.31
Polyketide	mitochondrial outer membrane [GO:0005741]	19.31
Polyketide	mitochondrion [GO:0005739]	19.31
Polyketide	intracellular membrane-bounded organelle [GO:0043231]	9.89
Polyketide	nucleoplasm [GO:0005654]	9.89
Polyketide	mitochondrion [GO:0005739]	9.89
Polyketide	chromatin [GO:0000785]	9.89
Polyketide	nucleus [GO:0005634]	9.89
Polyketide	extracellular space [GO:0005615]	23.6
Polyketide	extracellular region [GO:0005576]	23.6
Polyketide	extracellular exosome [GO:0070062]	23.6
Polyketide	endoplasmic reticulum lumen [GO:0005788]	15.61
Polyketide	protein-containing complex [GO:0032991]	15.61
Polyketide	endoplasmic reticulum [GO:0005783]	15.61
Polyketide	nuclear inner membrane [GO:0005637]	15.61
Polyketide	neuron projection [GO:0043005]	15.61
Polyketide	caveola [GO:0005901]	15.61
Polyketide	endoplasmic reticulum membrane [GO:0005789]	15.61
Polyketide	nuclear outer membrane [GO:0005640]	15.61
Polyketide	cytoplasm [GO:0005737]	15.61
Polyketide	secretory granule lumen [GO:0034774]	13.34
Polyketide	cytosol [GO:0005829]	13.34
Polyketide	ficolin-1-rich granule lumen [GO:1904813]	13.34
Polyketide	glutamatergic synapse [GO:0098978]	13.34
Polyketide	nucleoplasm [GO:0005654]	13.34
Polyketide	mitochondrion [GO:0005739]	13.34
Polyketide	nuclear speck [GO:0016607]	13.34
Polyketide	extracellular region [GO:0005576]	13.34
Polyketide	spindle pole [GO:0000922]	13.34
Polyketide	nucleus [GO:0005634]	13.34
Polyketide	cytoplasm [GO:0005737]	13.34
Polyketide	extracellular space [GO:0005615]	12.0
Polyketide	azurophil granule lumen [GO:0035578]	12.0
Polyketide	extracellular region [GO:0005576]	12.0
Polyketide	extracellular exosome [GO:0070062]	12.0
Polyketide	extracellular space [GO:0005615]	6.27
Polyketide	azurophil granule lumen [GO:0035578]	6.27
Polyketide	extracellular region [GO:0005576]	6.27
Polyketide	extracellular exosome [GO:0070062]	6.27
Polyketide	plasma membrane [GO:0005886]	18.15
Polyketide	periplasmic side of plasma membrane [GO:0098567]	18.15
Polyketide	membrane [GO:0016020]	18.15
Polyketide	outer membrane-bounded periplasmic space [GO:0030288]	18.15
Polyketide	efflux pump complex [GO:1990281]	18.15
Polyketide	nucleus [GO:0005634]	12.65
Polyketide	cytosol [GO:0005829]	12.65
Polyketide	methionine adenosyltransferase complex [GO:0048269]	12.65
Polyketide	extracellular exosome [GO:0070062]	12.65
Polyketide	mitochondrial envelope [GO:0005740]	17.26
Polyketide	mitochondrial outer membrane [GO:0005741]	17.26
Polyketide	mitochondrion [GO:0005739]	17.26
Polyketide	nucleoplasm [GO:0005654]	17.73
Polyketide	chromatin [GO:0000785]	17.73
Polyketide	extracellular space [GO:0005615]	10.01
Polyketide	azurophil granule lumen [GO:0035578]	10.01
Polyketide	extracellular region [GO:0005576]	10.01
Polyketide	extracellular exosome [GO:0070062]	10.01
Polyketide	membrane [GO:0016020]	17.31
Polyketide	cytosol [GO:0005829]	17.31
Polyketide	transcription regulator complex [GO:0005667]	17.31
Polyketide	cytoplasm [GO:0005737]	17.31
Polyketide	chromatin [GO:0000785]	17.31
Polyketide	Golgi apparatus [GO:0005794]	17.31
Polyketide	plasma membrane [GO:0005886]	17.31
Polyketide	nucleoplasm [GO:0005654]	17.31
Polyketide	protein-containing complex [GO:0032991]	17.31
Polyketide	euchromatin [GO:0000791]	17.31
Polyketide	nucleus [GO:0005634]	17.31
Polyketide	cell body [GO:0044297]	-1.0
Polyketide	actin filament [GO:0005884]	-1.0
Polyketide	skeletal muscle myofibril [GO:0098723]	-1.0
Polyketide	stress fiber [GO:0001725]	-1.0
Polyketide	filamentous actin [GO:0031941]	-1.0
Polyketide	actin filament bundle [GO:0032432]	-1.0
Polyketide	lamellipodium [GO:0030027]	-1.0
Polyketide	striated muscle thin filament [GO:0005865]	-1.0
Polyketide	cytoplasm [GO:0005737]	-1.0
Polyketide	filopodium [GO:0030175]	-1.0
Polyketide	extracellular region [GO:0005576]	11.39
Polyketide	extracellular exosome [GO:0070062]	11.39
Polyketide	azurophil granule lumen [GO:0035578]	11.39
Polyketide	extracellular space [GO:0005615]	11.39
Polyketide	endoplasmic reticulum lumen [GO:0005788]	15.55
Polyketide	endosome [GO:0005768]	15.55
Polyketide	Golgi-associated vesicle lumen [GO:0070931]	15.55
Polyketide	cell surface [GO:0009986]	15.55
Polyketide	neuronal cell body [GO:0043025]	15.55
Polyketide	recycling endosome [GO:0055037]	15.55
Polyketide	trans-Golgi network [GO:0005802]	15.55
Polyketide	endosome membrane [GO:0010008]	15.55
Polyketide	synaptic vesicle [GO:0008021]	15.55
Polyketide	lysosome [GO:0005764]	15.55
Polyketide	membrane raft [GO:0045121]	15.55
Polyketide	Golgi apparatus [GO:0005794]	15.55
Polyketide	dendrite [GO:0030425]	15.55
Polyketide	early endosome [GO:0005769]	15.55
Polyketide	membrane [GO:0016020]	15.55
Polyketide	multivesicular body [GO:0005771]	15.55
Polyketide	plasma membrane [GO:0005886]	15.55
Polyketide	hippocampal mossy fiber to CA3 synapse [GO:0098686]	15.55
Polyketide	axon [GO:0030424]	15.55
Polyketide	late endosome [GO:0005770]	15.55
Polyketide	cell body [GO:0044297]	17.16
Polyketide	actin filament [GO:0005884]	17.16
Polyketide	skeletal muscle myofibril [GO:0098723]	17.16
Polyketide	stress fiber [GO:0001725]	17.16
Polyketide	filamentous actin [GO:0031941]	17.16
Polyketide	actin filament bundle [GO:0032432]	17.16
Polyketide	lamellipodium [GO:0030027]	17.16
Polyketide	striated muscle thin filament [GO:0005865]	17.16
Polyketide	cytoplasm [GO:0005737]	17.16
Polyketide	filopodium [GO:0030175]	17.16
Polyketide	cytosol [GO:0005829]	17.89
Polyketide	nucleoplasm [GO:0005654]	17.89
Polyketide	plasma membrane [GO:0005886]	17.89
Polyketide	nucleus [GO:0005634]	17.89
Polyketide	cytoplasm [GO:0005737]	17.89
Polyketide	nucleolus [GO:0005730]	17.89
Polyketide	endoplasmic reticulum [GO:0005783]	18.74
Polyketide	perinuclear region of cytoplasm [GO:0048471]	18.74
Polyketide	sarcoplasmic reticulum membrane [GO:0033017]	18.74
Polyketide	sarcoplasmic reticulum [GO:0016529]	18.74
Polyketide	endoplasmic reticulum membrane [GO:0005789]	18.74
Polyketide	H zone [GO:0031673]	18.74
Polyketide	membrane [GO:0016020]	18.74
Polyketide	endoplasmic reticulum-Golgi intermediate compartment [GO:0005793]	18.74
Polyketide	I band [GO:0031674]	18.74
Polyketide	intracellular membrane-bounded organelle [GO:0043231]	10.55
Polyketide	nucleoplasm [GO:0005654]	10.55
Polyketide	mitochondrion [GO:0005739]	10.55
Polyketide	chromatin [GO:0000785]	10.55
Polyketide	nucleus [GO:0005634]	10.55
Polyketide	extracellular region [GO:0005576]	18.79
Polyketide	nucleoplasm [GO:0005654]	18.3
Polyketide	mitochondrial respiratory chain complex I [GO:0005747]	18.3
Polyketide	node of Ranvier [GO:0033268]	14.75
Polyketide	synapse [GO:0045202]	14.75
Polyketide	plasma membrane [GO:0005886]	14.75
Polyketide	axon initial segment [GO:0043194]	14.75
Polyketide	voltage-gated potassium channel complex [GO:0008076]	14.75
Polyketide	pericentric heterochromatin [GO:0005721]	13.55
Polyketide	endoplasmic reticulum [GO:0005783]	13.55
Polyketide	intracellular membrane-bounded organelle [GO:0043231]	13.55
Polyketide	nucleoplasm [GO:0005654]	13.55
Polyketide	site of DNA damage [GO:0090734]	13.55
Polyketide	chromatin [GO:0000785]	13.55
Polyketide	nucleus [GO:0005634]	13.55
Polyketide	site of double-strand break [GO:0035861]	13.55
Polyketide	chromosome, subtelomeric region [GO:0099115]	13.55
Polyketide	cytosol [GO:0005829]	19.61
Polyketide	extracellular exosome [GO:0070062]	19.61
Polyketide	extracellular space [GO:0005615]	19.61
Polyketide	nucleus [GO:0005634]	19.61
Polyketide	cytoplasm [GO:0005737]	19.61
Polyketide	node of Ranvier [GO:0033268]	15.14
Polyketide	synapse [GO:0045202]	15.14
Polyketide	plasma membrane [GO:0005886]	15.14
Polyketide	axon initial segment [GO:0043194]	15.14
Polyketide	voltage-gated potassium channel complex [GO:0008076]	15.14
Polyketide	membrane [GO:0016020]	9.87
Polyketide	membrane [GO:0016020]	13.17
Polyketide	plasma membrane [GO:0005886]	7.08
Polyketide	proton-transporting ATP synthase complex, coupling factor F(o) [GO:0045263]	7.08
Polyketide	protein-containing complex [GO:0032991]	14.31
Polyketide	endocytic vesicle membrane [GO:0030666]	14.31
Polyketide	cytosol [GO:0005829]	14.31
Polyketide	transcription repressor complex [GO:0017053]	14.31
Polyketide	nucleoplasm [GO:0005654]	14.31
Polyketide	plasma membrane [GO:0005886]	14.31
Polyketide	nucleus [GO:0005634]	14.31
Polyketide	cytoplasm [GO:0005737]	14.31
Polyketide	nucleolus [GO:0005730]	14.31
Polyketide	nuclear periphery [GO:0034399]	-1.0
Polyketide	main axon [GO:0044304]	-1.0
Polyketide	neurofibrillary tangle [GO:0097418]	-1.0
Polyketide	neuron projection [GO:0043005]	-1.0
Polyketide	somatodendritic compartment [GO:0036477]	-1.0
Polyketide	microtubule [GO:0005874]	-1.0
Polyketide	cytoplasm [GO:0005737]	-1.0
Polyketide	neuronal cell body [GO:0043025]	-1.0
Polyketide	cell body [GO:0044297]	-1.0
Polyketide	nuclear speck [GO:0016607]	-1.0
Polyketide	growth cone [GO:0030426]	-1.0
Polyketide	membrane raft [GO:0045121]	-1.0
Polyketide	dendrite [GO:0030425]	-1.0
Polyketide	tubulin complex [GO:0045298]	-1.0
Polyketide	microtubule cytoskeleton [GO:0015630]	-1.0
Polyketide	cytosol [GO:0005829]	-1.0
Polyketide	axolemma [GO:0030673]	-1.0
Polyketide	glial cell projection [GO:0097386]	-1.0
Polyketide	dendritic spine [GO:0043197]	-1.0
Polyketide	extracellular region [GO:0005576]	-1.0
Polyketide	cytoplasmic ribonucleoprotein granule [GO:0036464]	-1.0
Polyketide	nucleus [GO:0005634]	-1.0
Polyketide	axon cytoplasm [GO:1904115]	-1.0
Polyketide	plasma membrane [GO:0005886]	-1.0
Polyketide	mitochondrion [GO:0005739]	-1.0
Polyketide	axon [GO:0030424]	-1.0
Polyketide	plasma membrane [GO:0005886]	10.09
Polyketide	proton-transporting ATP synthase complex, coupling factor F(o) [GO:0045263]	10.09
Polyketide	nuclear envelope [GO:0005635]	9.22
Polyketide	perinuclear region of cytoplasm [GO:0048471]	9.22
Polyketide	cytosol [GO:0005829]	9.22
Polyketide	pericentriolar material [GO:0000242]	9.22
Polyketide	Golgi membrane [GO:0000139]	9.22
Polyketide	chromosome, telomeric region [GO:0000781]	9.22
Polyketide	nucleus [GO:0005634]	9.22
Polyketide	cytoplasm [GO:0005737]	9.22
Polyketide	MOZ/MORF histone acetyltransferase complex [GO:0070776]	13.53
Polyketide	histone acetyltransferase complex [GO:0000123]	13.53
Polyketide	cytosol [GO:0005829]	13.53
Polyketide	nucleoplasm [GO:0005654]	13.53
Polyketide	plasma membrane [GO:0005886]	13.53
Polyketide	nucleus [GO:0005634]	13.53
Polyketide	cytoplasm [GO:0005737]	13.53
Polyketide	sarcoplasmic reticulum membrane [GO:0033017]	16.37
Polyketide	cytoplasmic side of membrane [GO:0098562]	16.37
Polyketide	cytosol [GO:0005829]	16.37
Polyketide	Z disc [GO:0030018]	16.37
Polyketide	sarcoplasmic reticulum [GO:0016529]	16.37
Polyketide	terminal cisterna [GO:0014802]	16.37
Polyketide	membrane [GO:0016020]	16.37
Polyketide	ryanodine receptor complex [GO:1990425]	16.37
Polyketide	cytoplasm [GO:0005737]	16.37
Polyketide	nuclear envelope [GO:0005635]	16.6
Polyketide	perinuclear region of cytoplasm [GO:0048471]	16.6
Polyketide	cytosol [GO:0005829]	16.6
Polyketide	pericentriolar material [GO:0000242]	16.6
Polyketide	Golgi membrane [GO:0000139]	16.6
Polyketide	chromosome, telomeric region [GO:0000781]	16.6
Polyketide	nucleus [GO:0005634]	16.6
Polyketide	cytoplasm [GO:0005737]	16.6
Polyketide	protein-containing complex [GO:0032991]	13.31
Polyketide	cytosol [GO:0005829]	13.31
Polyketide	nucleoplasm [GO:0005654]	13.31
Polyketide	membrane [GO:0016020]	13.31
Polyketide	plasma membrane [GO:0005886]	13.31
Polyketide	euchromatin [GO:0000791]	13.31
Polyketide	chromatin [GO:0000785]	13.31
Polyketide	transcription regulator complex [GO:0005667]	13.31
Polyketide	nucleus [GO:0005634]	13.31
Polyketide	cytoplasm [GO:0005737]	13.31
Polyketide	Golgi apparatus [GO:0005794]	13.31
Polyketide	nucleus [GO:0005634]	11.7
Polyketide	cytosol [GO:0005829]	17.76
Polyketide	extracellular exosome [GO:0070062]	17.76
Polyketide	synapse [GO:0045202]	17.76
Polyketide	axon [GO:0030424]	17.76
Polyketide	cytoplasm [GO:0005737]	17.76
Polyketide	nuclear envelope [GO:0005635]	14.25
Polyketide	perinuclear region of cytoplasm [GO:0048471]	14.25
Polyketide	cytosol [GO:0005829]	14.25
Polyketide	pericentriolar material [GO:0000242]	14.25
Polyketide	Golgi membrane [GO:0000139]	14.25
Polyketide	chromosome, telomeric region [GO:0000781]	14.25
Polyketide	nucleus [GO:0005634]	14.25
Polyketide	cytoplasm [GO:0005737]	14.25
Polyketide	RSC-type complex [GO:0016586]	9.3
Polyketide	kinetochore [GO:0000776]	9.3
Polyketide	SWI/SNF complex [GO:0016514]	9.3
Polyketide	nucleoplasm [GO:0005654]	9.3
Polyketide	nuclear matrix [GO:0016363]	9.3
Polyketide	chromatin [GO:0000785]	9.3
Polyketide	nuclear chromosome [GO:0000228]	9.3
Polyketide	nucleus [GO:0005634]	9.3
Polyketide	plasma membrane [GO:0005886]	29.93
Polyketide	DNA-directed RNA polymerase complex [GO:0000428]	29.93
Polyketide	cytosol [GO:0005829]	29.93
Polyketide	peptidoglycan-based cell wall [GO:0009274]	29.93
Polyketide	activin receptor complex [GO:0048179]	14.86
Polyketide	BMP receptor complex [GO:0070724]	14.86
Polyketide	plasma membrane [GO:0005886]	14.86
Polyketide	apical part of cell [GO:0045177]	14.86
Polyketide	secretory granule membrane [GO:0030667]	25.86
Polyketide	clathrin-sculpted monoamine transport vesicle membrane [GO:0070083]	25.86
Polyketide	terminal bouton [GO:0043195]	25.86
Polyketide	synaptic vesicle membrane [GO:0030672]	25.86
Polyketide	presynapse [GO:0098793]	25.86
Polyketide	endoplasmic reticulum membrane [GO:0005789]	25.86
Polyketide	node of Ranvier [GO:0033268]	13.95
Polyketide	synapse [GO:0045202]	13.95
Polyketide	plasma membrane [GO:0005886]	13.95
Polyketide	axon initial segment [GO:0043194]	13.95
Polyketide	voltage-gated potassium channel complex [GO:0008076]	13.95
Polyketide	cell body [GO:0044297]	14.47
Polyketide	actin filament [GO:0005884]	14.47
Polyketide	skeletal muscle myofibril [GO:0098723]	14.47
Polyketide	stress fiber [GO:0001725]	14.47
Polyketide	filamentous actin [GO:0031941]	14.47
Polyketide	actin filament bundle [GO:0032432]	14.47
Polyketide	lamellipodium [GO:0030027]	14.47
Polyketide	striated muscle thin filament [GO:0005865]	14.47
Polyketide	cytoplasm [GO:0005737]	14.47
Polyketide	filopodium [GO:0030175]	14.47
Polyketide	node of Ranvier [GO:0033268]	15.72
Polyketide	synapse [GO:0045202]	15.72
Polyketide	plasma membrane [GO:0005886]	15.72
Polyketide	axon initial segment [GO:0043194]	15.72
Polyketide	voltage-gated potassium channel complex [GO:0008076]	15.72
Polyketide	cytoplasm [GO:0005737]	12.69
Polyketide	efflux pump complex [GO:1990281]	18.56
Polyketide	outer membrane-bounded periplasmic space [GO:0030288]	18.56
Polyketide	periplasmic side of plasma membrane [GO:0098567]	18.56
Polyketide	plasma membrane [GO:0005886]	18.56
Polyketide	membrane [GO:0016020]	18.56
Polyketide	mitochondrial proton-transporting ATP synthase complex [GO:0005753]	17.05
Polyketide	cytosol [GO:0005829]	17.05
Polyketide	mitochondrial proton-transporting ATP synthase complex, coupling factor F(o) [GO:0000276]	17.05
Polyketide	mitochondrion [GO:0005739]	17.05
Polyketide	mitochondrial intermembrane space [GO:0005758]	17.05
Polyketide	mitochondrial inner membrane [GO:0005743]	17.05
Polyketide	membrane [GO:0016020]	21.82
Polyketide	clathrin-sculpted monoamine transport vesicle membrane [GO:0070083]	21.82
Polyketide	terminal bouton [GO:0043195]	21.82
Polyketide	centrosome [GO:0005813]	21.82
Polyketide	plasma membrane [GO:0005886]	21.82
Polyketide	intracellular membrane-bounded organelle [GO:0043231]	21.82
Polyketide	dendrite [GO:0030425]	21.82
Polyketide	dopaminergic synapse [GO:0098691]	21.82
Polyketide	secretory granule membrane [GO:0030667]	21.82
Polyketide	synaptic vesicle membrane [GO:0030672]	21.82
Polyketide	axon [GO:0030424]	21.82
Polyketide	synaptic vesicle [GO:0008021]	21.82
Polyketide	cytoplasm [GO:0005737]	11.22
Polyketide	plasma membrane [GO:0005886]	12.9
Polyketide	proton-transporting ATP synthase complex, coupling factor F(o) [GO:0045263]	12.9
Polyketide	transcription repressor complex [GO:0017053]	18.68
Polyketide	nucleoplasm [GO:0005654]	18.68
Polyketide	nucleus [GO:0005634]	18.68
Polyketide	intracellular membrane-bounded organelle [GO:0043231]	13.77
Polyketide	nucleoplasm [GO:0005654]	13.77
Polyketide	mitochondrion [GO:0005739]	13.77
Polyketide	chromatin [GO:0000785]	13.77
Polyketide	nucleus [GO:0005634]	13.77
Polyketide	bicellular tight junction [GO:0005923]	11.77
Polyketide	cytosol [GO:0005829]	11.77
Polyketide	Golgi membrane [GO:0000139]	11.77
Polyketide	plasma membrane [GO:0005886]	11.77
Polyketide	membrane [GO:0016020]	11.77
Polyketide	growth cone [GO:0030426]	11.77
Polyketide	adherens junction [GO:0005912]	11.77
Polyketide	cytoplasm [GO:0005737]	11.77
Polyketide	mitochondrial respiratory chain complex III [GO:0005750]	12.43
Polyketide	membrane [GO:0016020]	12.43
Polyketide	mitochondrial membrane [GO:0031966]	12.43
Polyketide	nucleoplasm [GO:0005654]	16.55
Polyketide	nucleus [GO:0005634]	16.55
Polyketide	cytoplasm [GO:0005737]	16.55
Polyketide	nucleolus [GO:0005730]	16.55
Polyketide	melanosome [GO:0042470]	19.4
Polyketide	basolateral plasma membrane [GO:0016323]	19.4
Polyketide	plasma membrane [GO:0005886]	19.4
Polyketide	membrane [GO:0016020]	19.4
Polyketide	axon [GO:0030424]	19.4
Polyketide	sarcolemma [GO:0042383]	19.4
Polyketide	sodium:potassium-exchanging ATPase complex [GO:0005890]	19.4
Polyketide	cell body [GO:0044297]	14.12
Polyketide	actin filament [GO:0005884]	14.12
Polyketide	skeletal muscle myofibril [GO:0098723]	14.12
Polyketide	stress fiber [GO:0001725]	14.12
Polyketide	filamentous actin [GO:0031941]	14.12
Polyketide	actin filament bundle [GO:0032432]	14.12
Polyketide	lamellipodium [GO:0030027]	14.12
Polyketide	striated muscle thin filament [GO:0005865]	14.12
Polyketide	cytoplasm [GO:0005737]	14.12
Polyketide	filopodium [GO:0030175]	14.12
Polyketide	intracellular membrane-bounded organelle [GO:0043231]	14.55
Polyketide	endoplasmic reticulum membrane [GO:0005789]	14.55
Polyketide	mitochondrial inner membrane [GO:0005743]	14.55
Polyketide	cytoplasm [GO:0005737]	12.89
Polyketide	protein-containing complex [GO:0032991]	15.45
Polyketide	endocytic vesicle membrane [GO:0030666]	15.45
Polyketide	cytosol [GO:0005829]	15.45
Polyketide	transcription repressor complex [GO:0017053]	15.45
Polyketide	nucleoplasm [GO:0005654]	15.45
Polyketide	plasma membrane [GO:0005886]	15.45
Polyketide	nucleus [GO:0005634]	15.45
Polyketide	cytoplasm [GO:0005737]	15.45
Polyketide	nucleolus [GO:0005730]	15.45
Polyketide	cell outer membrane [GO:0009279]	18.79
Polyketide	pore complex [GO:0046930]	18.79
Polyketide	endoplasmic reticulum lumen [GO:0005788]	17.2
Polyketide	endosome [GO:0005768]	17.2
Polyketide	Golgi-associated vesicle lumen [GO:0070931]	17.2
Polyketide	cell surface [GO:0009986]	17.2
Polyketide	neuronal cell body [GO:0043025]	17.2
Polyketide	recycling endosome [GO:0055037]	17.2
Polyketide	trans-Golgi network [GO:0005802]	17.2
Polyketide	endosome membrane [GO:0010008]	17.2
Polyketide	synaptic vesicle [GO:0008021]	17.2
Polyketide	lysosome [GO:0005764]	17.2
Polyketide	membrane raft [GO:0045121]	17.2
Polyketide	Golgi apparatus [GO:0005794]	17.2
Polyketide	dendrite [GO:0030425]	17.2
Polyketide	early endosome [GO:0005769]	17.2
Polyketide	membrane [GO:0016020]	17.2
Polyketide	multivesicular body [GO:0005771]	17.2
Polyketide	plasma membrane [GO:0005886]	17.2
Polyketide	hippocampal mossy fiber to CA3 synapse [GO:0098686]	17.2
Polyketide	axon [GO:0030424]	17.2
Polyketide	late endosome [GO:0005770]	17.2
Polyketide	vacuolar proton-transporting V-type ATPase, V0 domain [GO:0000220]	16.76
Polyketide	synaptic vesicle membrane [GO:0030672]	16.76
Polyketide	clathrin-coated vesicle membrane [GO:0030665]	16.76
Polyketide	protein-containing complex [GO:0032991]	13.71
Polyketide	endocytic vesicle membrane [GO:0030666]	13.71
Polyketide	cytosol [GO:0005829]	13.71
Polyketide	transcription repressor complex [GO:0017053]	13.71
Polyketide	nucleoplasm [GO:0005654]	13.71
Polyketide	plasma membrane [GO:0005886]	13.71
Polyketide	nucleus [GO:0005634]	13.71
Polyketide	cytoplasm [GO:0005737]	13.71
Polyketide	nucleolus [GO:0005730]	13.71
Polyketide	fungal biofilm matrix [GO:0062040]	7.51
Polyketide	cytoplasm [GO:0005737]	7.51
Polyketide	extracellular region [GO:0005576]	7.51
Polyketide	nucleoplasm [GO:0005654]	11.89
Polyketide	cytosol [GO:0005829]	11.89
Polyketide	extracellular exosome [GO:0070062]	11.89
Polyketide	plasma membrane [GO:0005886]	8.2
Polyketide	proton-transporting ATP synthase complex, coupling factor F(o) [GO:0045263]	8.2
Polyketide	chromosome [GO:0005694]	15.37
Polyketide	condensed nuclear chromosome [GO:0000794]	15.37
Polyketide	nucleus [GO:0005634]	15.37
Polyketide	nucleoplasm [GO:0005654]	15.37
Polyketide	extracellular space [GO:0005615]	9.8
Polyketide	azurophil granule lumen [GO:0035578]	9.8
Polyketide	extracellular region [GO:0005576]	9.8
Polyketide	extracellular exosome [GO:0070062]	9.8
Polyketide	plasma membrane [GO:0005886]	8.08
Polyketide	dendrite [GO:0030425]	17.01
Polyketide	chloride channel complex [GO:0034707]	17.01
Polyketide	neuron projection [GO:0043005]	17.01
Polyketide	plasma membrane [GO:0005886]	17.01
Polyketide	membrane [GO:0016020]	17.01
Polyketide	postsynaptic membrane [GO:0045211]	17.01
Polyketide	synapse [GO:0045202]	17.01
Polyketide	perikaryon [GO:0043204]	17.01
Polyketide	sarcoplasmic reticulum membrane [GO:0033017]	20.41
Polyketide	cytoplasmic side of membrane [GO:0098562]	20.41
Polyketide	cytosol [GO:0005829]	20.41
Polyketide	Z disc [GO:0030018]	20.41
Polyketide	sarcoplasmic reticulum [GO:0016529]	20.41
Polyketide	terminal cisterna [GO:0014802]	20.41
Polyketide	membrane [GO:0016020]	20.41
Polyketide	ryanodine receptor complex [GO:1990425]	20.41
Polyketide	cytoplasm [GO:0005737]	20.41
Polyketide	cytoplasm [GO:0005737]	15.07
Polyketide	protein-containing complex [GO:0032991]	12.58
Polyketide	cytosol [GO:0005829]	12.58
Polyketide	nucleoplasm [GO:0005654]	12.58
Polyketide	membrane [GO:0016020]	12.58
Polyketide	plasma membrane [GO:0005886]	12.58
Polyketide	euchromatin [GO:0000791]	12.58
Polyketide	chromatin [GO:0000785]	12.58
Polyketide	transcription regulator complex [GO:0005667]	12.58
Polyketide	nucleus [GO:0005634]	12.58
Polyketide	cytoplasm [GO:0005737]	12.58
Polyketide	Golgi apparatus [GO:0005794]	12.58
Polyketide	sarcoplasmic reticulum membrane [GO:0033017]	18.26
Polyketide	cytoplasmic side of membrane [GO:0098562]	18.26
Polyketide	cytosol [GO:0005829]	18.26
Polyketide	Z disc [GO:0030018]	18.26
Polyketide	sarcoplasmic reticulum [GO:0016529]	18.26
Polyketide	terminal cisterna [GO:0014802]	18.26
Polyketide	membrane [GO:0016020]	18.26
Polyketide	ryanodine receptor complex [GO:1990425]	18.26
Polyketide	cytoplasm [GO:0005737]	18.26
Polyketide	histone deacetylase complex [GO:0000118]	11.04
Polyketide	protein-containing complex [GO:0032991]	8.97
Polyketide	centrosome [GO:0005813]	8.97
Polyketide	perinuclear region of cytoplasm [GO:0048471]	8.97
Polyketide	cytosol [GO:0005829]	8.97
Polyketide	extracellular exosome [GO:0070062]	8.97
Polyketide	photoreceptor outer segment [GO:0001750]	8.97
Polyketide	ciliary basal body [GO:0036064]	8.97
Polyketide	photoreceptor inner segment [GO:0001917]	8.97
Polyketide	centriole [GO:0005814]	8.97
Polyketide	microtubule organizing center [GO:0005815]	8.97
Polyketide	endoplasmic reticulum [GO:0005783]	18.89
Polyketide	nuclear envelope [GO:0005635]	18.89
Polyketide	nuclear membrane [GO:0031965]	18.89
Polyketide	endoplasmic reticulum membrane [GO:0005789]	18.89
Polyketide	cytoplasmic vesicle [GO:0031410]	18.89
Polyketide	mitochondrial proton-transporting ATP synthase complex [GO:0005753]	10.84
Polyketide	cytosol [GO:0005829]	10.84
Polyketide	mitochondrial proton-transporting ATP synthase complex, coupling factor F(o) [GO:0000276]	10.84
Polyketide	mitochondrion [GO:0005739]	10.84
Polyketide	mitochondrial intermembrane space [GO:0005758]	10.84
Polyketide	mitochondrial inner membrane [GO:0005743]	10.84
Polyketide	cell body [GO:0044297]	14.01
Polyketide	actin filament [GO:0005884]	14.01
Polyketide	skeletal muscle myofibril [GO:0098723]	14.01
Polyketide	stress fiber [GO:0001725]	14.01
Polyketide	filamentous actin [GO:0031941]	14.01
Polyketide	actin filament bundle [GO:0032432]	14.01
Polyketide	lamellipodium [GO:0030027]	14.01
Polyketide	striated muscle thin filament [GO:0005865]	14.01
Polyketide	cytoplasm [GO:0005737]	14.01
Polyketide	filopodium [GO:0030175]	14.01
Polyketide	host cell nucleus [GO:0042025]	11.8
Polyketide	host cell cytoplasm [GO:0030430]	11.8
Polyketide	fibrillar center [GO:0001650]	16.37
Polyketide	nuclear inner membrane [GO:0005637]	16.37
Polyketide	heterochromatin [GO:0000792]	16.37
Polyketide	nuclear envelope [GO:0005635]	16.37
Polyketide	PML body [GO:0016605]	16.37
Polyketide	cytosol [GO:0005829]	16.37
Polyketide	eNoSc complex [GO:0061773]	16.37
Polyketide	rDNA heterochromatin [GO:0033553]	16.37
Polyketide	nucleoplasm [GO:0005654]	16.37
Polyketide	mitochondrion [GO:0005739]	16.37
Polyketide	euchromatin [GO:0000791]	16.37
Polyketide	chromatin [GO:0000785]	16.37
Polyketide	chromatin silencing complex [GO:0005677]	16.37
Polyketide	nucleus [GO:0005634]	16.37
Polyketide	cytoplasm [GO:0005737]	16.37
Polyketide	nucleolus [GO:0005730]	16.37
Polyketide	cytoplasmic side of endoplasmic reticulum membrane [GO:0098554]	18.79
Polyketide	protein-containing complex [GO:0032991]	18.79
Polyketide	endoplasmic reticulum [GO:0005783]	18.79
Polyketide	sorting endosome [GO:0097443]	18.79
Polyketide	endosome lumen [GO:0031904]	18.79
Polyketide	early endosome [GO:0005769]	18.79
Polyketide	cytosol [GO:0005829]	18.79
Polyketide	mitochondrial crista [GO:0030061]	18.79
Polyketide	mitochondrial matrix [GO:0005759]	18.79
Polyketide	cytoplasm [GO:0005737]	18.79
Polyketide	dendrite [GO:0030425]	12.04
Polyketide	postsynapse [GO:0098794]	12.04
Polyketide	cell body [GO:0044297]	12.04
Polyketide	glutamatergic synapse [GO:0098978]	12.04
Polyketide	membrane [GO:0016020]	12.04
Polyketide	postsynaptic membrane [GO:0045211]	12.04
Polyketide	dendritic spine [GO:0043197]	12.04
Polyketide	axon [GO:0030424]	12.04
Polyketide	cytoplasm [GO:0005737]	12.04
Polyketide	cytosol [GO:0005829]	17.79
Polyketide	extracellular exosome [GO:0070062]	17.79
Polyketide	nucleoplasm [GO:0005654]	17.79
Polyketide	membrane [GO:0016020]	17.79
Polyketide	cytoplasm [GO:0005737]	17.79
Polyketide	centrosome [GO:0005813]	15.47
Polyketide	voltage-gated calcium channel complex [GO:0005891]	15.47
Polyketide	synaptic vesicle [GO:0008021]	15.47
Polyketide	perinuclear region of cytoplasm [GO:0048471]	15.47
Polyketide	cytosol [GO:0005829]	15.47
Polyketide	gamma-tubulin complex [GO:0000930]	15.47
Polyketide	postsynaptic density [GO:0014069]	15.47
Polyketide	Z disc [GO:0030018]	15.47
Polyketide	excitatory synapse [GO:0060076]	15.47
Polyketide	dendritic spine [GO:0043197]	15.47
Polyketide	nucleus [GO:0005634]	15.47
Polyketide	lipid droplet [GO:0005811]	17.43
Polyketide	cytoplasm [GO:0005737]	17.43
Polyketide	cytosol [GO:0005829]	17.43
Polyketide	membrane [GO:0016020]	15.99
Polyketide	ATP-binding cassette (ABC) transporter complex, substrate-binding subunit-containing [GO:0055052]	15.99
Polyketide	outer membrane-bounded periplasmic space [GO:0030288]	15.99
Polyketide	periplasmic space [GO:0042597]	12.84
Polyketide	nucleoplasm [GO:0005654]	12.36
Polyketide	plasma membrane [GO:0005886]	12.36
Polyketide	cytosol [GO:0005829]	12.36
Polyketide	mitochondrion [GO:0005739]	13.4
Polyketide	acetyl-CoA carboxylase complex [GO:0009317]	13.4
Polyketide	endoplasmic reticulum membrane [GO:0005789]	13.4
Polyketide	cytosol [GO:0005829]	13.4
Polyketide	cytoplasm [GO:0005737]	11.34
Polyketide	aryl hydrocarbon receptor complex [GO:0034751]	11.69
Polyketide	cytosol [GO:0005829]	11.69
Polyketide	nucleus [GO:0005634]	11.69
Polyketide	histone deacetylase complex [GO:0000118]	10.63
Polyketide	nucleoplasm [GO:0005654]	10.63
Polyketide	nuclear chromosome [GO:0000228]	10.63
Polyketide	nucleus [GO:0005634]	10.63
Polyketide	cytoplasm [GO:0005737]	10.63
Polyketide	cell body [GO:0044297]	13.69
Polyketide	actin filament [GO:0005884]	13.69
Polyketide	skeletal muscle myofibril [GO:0098723]	13.69
Polyketide	stress fiber [GO:0001725]	13.69
Polyketide	filamentous actin [GO:0031941]	13.69
Polyketide	actin filament bundle [GO:0032432]	13.69
Polyketide	lamellipodium [GO:0030027]	13.69
Polyketide	striated muscle thin filament [GO:0005865]	13.69
Polyketide	cytoplasm [GO:0005737]	13.69
Polyketide	filopodium [GO:0030175]	13.69
Polyketide	protein-containing complex [GO:0032991]	15.02
Polyketide	mitotic spindle [GO:0072686]	15.02
Polyketide	cytosol [GO:0005829]	15.02
Polyketide	microtubule [GO:0005874]	15.02
Polyketide	membrane [GO:0016020]	15.02
Polyketide	nucleus [GO:0005634]	15.02
Polyketide	spindle [GO:0005819]	15.02
Polyketide	spindle pole [GO:0000922]	15.02
Polyketide	kinesin complex [GO:0005871]	15.02
Polyketide	cytoplasm [GO:0005737]	12.91
Polyketide	cytosol [GO:0005829]	11.6
Polyketide	transcription regulator complex [GO:0005667]	11.6
Polyketide	chromatin [GO:0000785]	11.6
Polyketide	receptor complex [GO:0043235]	11.6
Polyketide	mitochondrion [GO:0005739]	11.6
Polyketide	RNA polymerase II transcription regulator complex [GO:0090575]	11.6
Polyketide	nucleoplasm [GO:0005654]	11.6
Polyketide	nucleus [GO:0005634]	11.6
Polyketide	histone deacetylase complex [GO:0000118]	8.32
Polyketide	nucleoplasm [GO:0005654]	8.32
Polyketide	nuclear chromosome [GO:0000228]	8.32
Polyketide	nucleus [GO:0005634]	8.32
Polyketide	cytoplasm [GO:0005737]	8.32
Polyketide	cytoplasm [GO:0005737]	13.55
Polyketide	vesicle [GO:0031982]	10.77
Polyketide	cytoplasm [GO:0005737]	10.77
Polyketide	secretory granule lumen [GO:0034774]	10.77
Polyketide	cytosol [GO:0005829]	10.77
Polyketide	ficolin-1-rich granule lumen [GO:1904813]	10.77
Polyketide	extracellular exosome [GO:0070062]	10.77
Polyketide	nucleoplasm [GO:0005654]	10.77
Polyketide	plasma membrane [GO:0005886]	10.77
Polyketide	extracellular region [GO:0005576]	10.77
Polyketide	extracellular space [GO:0005615]	10.77
Polyketide	cell surface [GO:0009986]	10.77
Polyketide	nucleus [GO:0005634]	19.78
Polyketide	cytoplasm [GO:0005737]	19.78
Polyketide	cytosol [GO:0005829]	19.78
Polyketide	membrane-bounded organelle [GO:0043227]	19.09
Polyketide	nucleoplasm [GO:0005654]	14.54
Polyketide	chromatin [GO:0000785]	14.54
Polyketide	host cell nucleus [GO:0042025]	14.36
Polyketide	host cell endoplasmic reticulum membrane [GO:0044167]	14.36
Polyketide	host cell endoplasmic reticulum-Golgi intermediate compartment [GO:0044172]	14.36
Polyketide	host cell Golgi apparatus [GO:0044177]	14.36
Polyketide	host cell endosome [GO:0044174]	14.36
Polyketide	membrane [GO:0016020]	14.36
Polyketide	double membrane vesicle viral factory outer membrane [GO:0062243]	14.36
Polyketide	host cell perinuclear region of cytoplasm [GO:0044220]	14.36
Polyketide	protein-containing complex [GO:0032991]	11.79
Polyketide	cytosol [GO:0005829]	11.79
Polyketide	nucleoplasm [GO:0005654]	11.79
Polyketide	membrane [GO:0016020]	11.79
Polyketide	plasma membrane [GO:0005886]	11.79
Polyketide	euchromatin [GO:0000791]	11.79
Polyketide	chromatin [GO:0000785]	11.79
Polyketide	transcription regulator complex [GO:0005667]	11.79
Polyketide	nucleus [GO:0005634]	11.79
Polyketide	cytoplasm [GO:0005737]	11.79
Polyketide	Golgi apparatus [GO:0005794]	11.79
Polyketide	extracellular exosome [GO:0070062]	11.79
Polyketide	cytoplasm [GO:0005737]	11.79
Polyketide	cytosol [GO:0005829]	11.79
Polyketide	dendrite [GO:0030425]	14.75
Polyketide	cytosol [GO:0005829]	14.75
Polyketide	synapse [GO:0045202]	14.75
Polyketide	nucleus [GO:0005634]	14.75
Polyketide	cytoplasm [GO:0005737]	14.75
Polyketide	neuronal cell body [GO:0043025]	14.75
Polyketide	periplasmic space [GO:0042597]	19.14
Polyketide	plasma membrane [GO:0005886]	16.02
Polyketide	protein-DNA complex [GO:0032993]	14.12
Polyketide	epidermal lamellar body [GO:0097209]	5.74
Polyketide	extracellular region [GO:0005576]	5.74
Polyketide	extracellular space [GO:0005615]	5.74
Polyketide	secretory granule [GO:0030141]	5.74
Polyketide	cornified envelope [GO:0001533]	5.74
Polyketide	cell body [GO:0044297]	15.15
Polyketide	actin filament [GO:0005884]	15.15
Polyketide	skeletal muscle myofibril [GO:0098723]	15.15
Polyketide	stress fiber [GO:0001725]	15.15
Polyketide	filamentous actin [GO:0031941]	15.15
Polyketide	actin filament bundle [GO:0032432]	15.15
Polyketide	lamellipodium [GO:0030027]	15.15
Polyketide	striated muscle thin filament [GO:0005865]	15.15
Polyketide	cytoplasm [GO:0005737]	15.15
Polyketide	filopodium [GO:0030175]	15.15
Polyketide	postsynaptic density [GO:0014069]	13.51
Polyketide	glutamatergic synapse [GO:0098978]	13.51
Polyketide	plasma membrane [GO:0005886]	13.51
Polyketide	DAPK1-calmodulin complex [GO:1990722]	13.51
Polyketide	actin cytoskeleton [GO:0015629]	13.51
Polyketide	nucleus [GO:0005634]	13.51
Polyketide	cytoplasm [GO:0005737]	13.51
Polyketide	nuclear body [GO:0016604]	14.01
Polyketide	nucleoplasm [GO:0005654]	14.01
Polyketide	chromatin [GO:0000785]	14.01
Polyketide	transcription regulator complex [GO:0005667]	14.01
Polyketide	intermediate filament cytoskeleton [GO:0045111]	14.01
Polyketide	nuclear chromosome [GO:0000228]	12.24
Polyketide	histone deacetylase complex [GO:0000118]	12.24
Polyketide	cytoplasm [GO:0005737]	12.24
Polyketide	nucleoplasm [GO:0005654]	12.24
Polyketide	nucleus [GO:0005634]	12.24
Polyketide	extracellular space [GO:0005615]	10.21
Polyketide	azurophil granule lumen [GO:0035578]	10.21
Polyketide	extracellular region [GO:0005576]	10.21
Polyketide	extracellular exosome [GO:0070062]	10.21
Polyketide	protein-containing complex [GO:0032991]	14.64
Polyketide	cytosol [GO:0005829]	14.64
Polyketide	nucleoplasm [GO:0005654]	14.64
Polyketide	membrane [GO:0016020]	14.64
Polyketide	plasma membrane [GO:0005886]	14.64
Polyketide	euchromatin [GO:0000791]	14.64
Polyketide	chromatin [GO:0000785]	14.64
Polyketide	transcription regulator complex [GO:0005667]	14.64
Polyketide	nucleus [GO:0005634]	14.64
Polyketide	cytoplasm [GO:0005737]	14.64
Polyketide	Golgi apparatus [GO:0005794]	14.64
Polyketide	chloride channel complex [GO:0034707]	14.1
Polyketide	postsynaptic membrane [GO:0045211]	14.1
Polyketide	perikaryon [GO:0043204]	14.1
Polyketide	membrane [GO:0016020]	14.1
Polyketide	plasma membrane [GO:0005886]	14.1
Polyketide	dendrite [GO:0030425]	14.1
Polyketide	neuron projection [GO:0043005]	14.1
Polyketide	synapse [GO:0045202]	14.1
Polyketide	plasma membrane [GO:0005886]	15.43
Polyketide	cytoplasm [GO:0005737]	14.35
Polyketide	vacuolar proton-transporting V-type ATPase, V0 domain [GO:0000220]	19.32
Polyketide	synaptic vesicle membrane [GO:0030672]	19.32
Polyketide	clathrin-coated vesicle membrane [GO:0030665]	19.32
Polyketide	voltage-gated potassium channel complex [GO:0008076]	14.79
Polyketide	endoplasmic reticulum [GO:0005783]	14.79
Polyketide	cell surface [GO:0009986]	14.79
Polyketide	apical plasma membrane [GO:0016324]	14.79
Polyketide	plasma membrane [GO:0005886]	14.79
Polyketide	endoplasmic reticulum membrane [GO:0005789]	14.79
Polyketide	astrocyte projection [GO:0097449]	14.79
Polyketide	calyx of Held [GO:0044305]	14.79
Polyketide	neuronal cell body [GO:0043025]	14.79
Polyketide	extracellular region [GO:0005576]	11.13
Polyketide	extracellular exosome [GO:0070062]	11.13
Polyketide	azurophil granule lumen [GO:0035578]	11.13
Polyketide	extracellular space [GO:0005615]	11.13
Polyketide	extracellular space [GO:0005615]	11.67
Polyketide	azurophil granule lumen [GO:0035578]	11.67
Polyketide	extracellular region [GO:0005576]	11.67
Polyketide	extracellular exosome [GO:0070062]	11.67
Polyketide	protein-containing complex [GO:0032991]	20.35
Polyketide	cytosol [GO:0005829]	20.35
Polyketide	nucleoplasm [GO:0005654]	20.35
Polyketide	membrane [GO:0016020]	20.35
Polyketide	plasma membrane [GO:0005886]	20.35
Polyketide	euchromatin [GO:0000791]	20.35
Polyketide	chromatin [GO:0000785]	20.35
Polyketide	transcription regulator complex [GO:0005667]	20.35
Polyketide	nucleus [GO:0005634]	20.35
Polyketide	cytoplasm [GO:0005737]	20.35
Polyketide	Golgi apparatus [GO:0005794]	20.35
Polyketide	cytosol [GO:0005829]	20.5
Polyketide	extracellular exosome [GO:0070062]	20.5
Polyketide	extracellular space [GO:0005615]	20.5
Polyketide	nucleus [GO:0005634]	20.5
Polyketide	cytoplasm [GO:0005737]	20.5
Polyketide	node of Ranvier [GO:0033268]	9.44
Polyketide	synapse [GO:0045202]	9.44
Polyketide	plasma membrane [GO:0005886]	9.44
Polyketide	axon initial segment [GO:0043194]	9.44
Polyketide	voltage-gated potassium channel complex [GO:0008076]	9.44
Polyketide	node of Ranvier [GO:0033268]	14.79
Polyketide	synapse [GO:0045202]	14.79
Polyketide	plasma membrane [GO:0005886]	14.79
Polyketide	axon initial segment [GO:0043194]	14.79
Polyketide	voltage-gated potassium channel complex [GO:0008076]	14.79
Polyketide	plasma membrane [GO:0005886]	15.83
Polyketide	extracellular region [GO:0005576]	19.53
Polyketide	intracellular membrane-bounded organelle [GO:0043231]	-1.0
Polyketide	nucleoplasm [GO:0005654]	-1.0
Polyketide	mitochondrion [GO:0005739]	-1.0
Polyketide	chromatin [GO:0000785]	-1.0
Polyketide	nucleus [GO:0005634]	-1.0
Polyketide	chromosome [GO:0005694]	13.4
Polyketide	condensed nuclear chromosome [GO:0000794]	13.4
Polyketide	nucleus [GO:0005634]	13.4
Polyketide	nucleoplasm [GO:0005654]	13.4
Polyketide	cytosol [GO:0005829]	12.74
Polyketide	nucleoplasm [GO:0005654]	12.74
Polyketide	plasma membrane [GO:0005886]	12.74
Polyketide	nucleus [GO:0005634]	12.74
Polyketide	cytoplasm [GO:0005737]	12.74
Polyketide	nucleolus [GO:0005730]	12.74
Polyketide	calcineurin complex [GO:0005955]	17.93
Polyketide	cytoplasm [GO:0005737]	17.93
Polyketide	endoplasmic reticulum [GO:0005783]	13.28
Polyketide	AIP1-IRE1 complex [GO:1990597]	13.28
Polyketide	nuclear inner membrane [GO:0005637]	13.28
Polyketide	endoplasmic reticulum membrane [GO:0005789]	13.28
Polyketide	mitochondrion [GO:0005739]	13.28
Polyketide	IRE1-RACK1-PP2A complex [GO:1990630]	13.28
Polyketide	cytoplasm [GO:0005737]	13.28
Polyketide	IRE1-TRAF2-ASK1 complex [GO:1990604]	13.28
Polyketide	plasma membrane [GO:0005886]	8.2
Polyketide	proton-transporting ATP synthase complex, coupling factor F(o) [GO:0045263]	8.2
Polyketide	host cell nucleus [GO:0042025]	17.34
Polyketide	protein-containing complex [GO:0032991]	17.34
Polyketide	host cell plasma membrane [GO:0020002]	17.34
Polyketide	host cell lipid droplet [GO:0044186]	17.34
Polyketide	viral envelope [GO:0019031]	17.34
Polyketide	host cell endoplasmic reticulum membrane [GO:0044167]	17.34
Polyketide	host cell mitochondrial membrane [GO:0044191]	17.34
Polyketide	ribonucleoprotein complex [GO:1990904]	17.34
Polyketide	membrane [GO:0016020]	17.34
Polyketide	viral nucleocapsid [GO:0019013]	17.34
Polyketide	virion membrane [GO:0055036]	17.34
Polyketide	host cell perinuclear region of cytoplasm [GO:0044220]	17.34
Polyketide	nuclear periphery [GO:0034399]	-1.0
Polyketide	main axon [GO:0044304]	-1.0
Polyketide	neurofibrillary tangle [GO:0097418]	-1.0
Polyketide	neuron projection [GO:0043005]	-1.0
Polyketide	somatodendritic compartment [GO:0036477]	-1.0
Polyketide	microtubule [GO:0005874]	-1.0
Polyketide	cytoplasm [GO:0005737]	-1.0
Polyketide	neuronal cell body [GO:0043025]	-1.0
Polyketide	cell body [GO:0044297]	-1.0
Polyketide	nuclear speck [GO:0016607]	-1.0
Polyketide	growth cone [GO:0030426]	-1.0
Polyketide	membrane raft [GO:0045121]	-1.0
Polyketide	dendrite [GO:0030425]	-1.0
Polyketide	tubulin complex [GO:0045298]	-1.0
Polyketide	microtubule cytoskeleton [GO:0015630]	-1.0
Polyketide	cytosol [GO:0005829]	-1.0
Polyketide	axolemma [GO:0030673]	-1.0
Polyketide	glial cell projection [GO:0097386]	-1.0
Polyketide	dendritic spine [GO:0043197]	-1.0
Polyketide	extracellular region [GO:0005576]	-1.0
Polyketide	cytoplasmic ribonucleoprotein granule [GO:0036464]	-1.0
Polyketide	nucleus [GO:0005634]	-1.0
Polyketide	axon cytoplasm [GO:1904115]	-1.0
Polyketide	plasma membrane [GO:0005886]	-1.0
Polyketide	mitochondrion [GO:0005739]	-1.0
Polyketide	axon [GO:0030424]	-1.0
Polyketide	protein-containing complex [GO:0032991]	14.69
Polyketide	endocytic vesicle membrane [GO:0030666]	14.69
Polyketide	cytosol [GO:0005829]	14.69
Polyketide	transcription repressor complex [GO:0017053]	14.69
Polyketide	nucleoplasm [GO:0005654]	14.69
Polyketide	plasma membrane [GO:0005886]	14.69
Polyketide	nucleus [GO:0005634]	14.69
Polyketide	cytoplasm [GO:0005737]	14.69
Polyketide	nucleolus [GO:0005730]	14.69
Polyketide	plasma membrane [GO:0005886]	0.47
Polyketide	proton-transporting ATP synthase complex, coupling factor F(o) [GO:0045263]	0.47
Polyketide	transporter complex [GO:1990351]	16.98
Polyketide	plasma membrane [GO:0005886]	16.98
Polyketide	membrane [GO:0016020]	16.98
Polyketide	ATP-binding cassette (ABC) transporter complex [GO:0043190]	16.98
Polyketide	cytoplasm [GO:0005737]	16.98
Polyketide	membrane [GO:0016020]	19.97
Polyketide	extracellular space [GO:0005615]	-1.0
Polyketide	azurophil granule lumen [GO:0035578]	-1.0
Polyketide	extracellular region [GO:0005576]	-1.0
Polyketide	extracellular exosome [GO:0070062]	-1.0
Polyketide	extracellular space [GO:0005615]	9.38
Polyketide	azurophil granule lumen [GO:0035578]	9.38
Polyketide	extracellular region [GO:0005576]	9.38
Polyketide	extracellular exosome [GO:0070062]	9.38
Polyketide	nucleolus [GO:0005730]	13.49
Polyketide	nucleoplasm [GO:0005654]	13.49
Polyketide	cytoplasm [GO:0005737]	13.49
Polyketide	cytosol [GO:0005829]	13.49
Polyketide	cell body [GO:0044297]	-1.0
Polyketide	actin filament [GO:0005884]	-1.0
Polyketide	skeletal muscle myofibril [GO:0098723]	-1.0
Polyketide	stress fiber [GO:0001725]	-1.0
Polyketide	filamentous actin [GO:0031941]	-1.0
Polyketide	actin filament bundle [GO:0032432]	-1.0
Polyketide	lamellipodium [GO:0030027]	-1.0
Polyketide	striated muscle thin filament [GO:0005865]	-1.0
Polyketide	cytoplasm [GO:0005737]	-1.0
Polyketide	filopodium [GO:0030175]	-1.0
Polyketide	extracellular region [GO:0005576]	11.3
Polyketide	extracellular exosome [GO:0070062]	11.3
Polyketide	azurophil granule lumen [GO:0035578]	11.3
Polyketide	extracellular space [GO:0005615]	11.3
Polyketide	organelle membrane [GO:0031090]	21.84
Polyketide	cytosol [GO:0005829]	21.84
Polyketide	autophagosome [GO:0005776]	21.84
Polyketide	intracellular membrane-bounded organelle [GO:0043231]	21.84
Polyketide	glutamatergic synapse [GO:0098978]	21.84
Polyketide	microtubule [GO:0005874]	21.84
Polyketide	autolysosome [GO:0044754]	21.84
Polyketide	late endosome [GO:0005770]	21.84
Polyketide	autophagosome membrane [GO:0000421]	21.84
Polyketide	extracellular space [GO:0005615]	10.64
Polyketide	azurophil granule lumen [GO:0035578]	10.64
Polyketide	extracellular region [GO:0005576]	10.64
Polyketide	extracellular exosome [GO:0070062]	10.64
Polyketide	membrane [GO:0016020]	14.41
Polyketide	cytosol [GO:0005829]	14.41
Polyketide	transcription regulator complex [GO:0005667]	14.41
Polyketide	cytoplasm [GO:0005737]	14.41
Polyketide	chromatin [GO:0000785]	14.41
Polyketide	Golgi apparatus [GO:0005794]	14.41
Polyketide	plasma membrane [GO:0005886]	14.41
Polyketide	nucleoplasm [GO:0005654]	14.41
Polyketide	protein-containing complex [GO:0032991]	14.41
Polyketide	euchromatin [GO:0000791]	14.41
Polyketide	nucleus [GO:0005634]	14.41
Polyketide	mitochondrial envelope [GO:0005740]	16.94
Polyketide	mitochondrial outer membrane [GO:0005741]	16.94
Polyketide	mitochondrion [GO:0005739]	16.94
Polyketide	endosome [GO:0005768]	13.4
Polyketide	cyclin E2-CDK2 complex [GO:0097135]	13.4
Polyketide	cyclin E1-CDK2 complex [GO:0097134]	13.4
Polyketide	Cajal body [GO:0015030]	13.4
Polyketide	nucleoplasm [GO:0005654]	13.4
Polyketide	male germ cell nucleus [GO:0001673]	13.4
Polyketide	cytoplasm [GO:0005737]	13.4
Polyketide	centrosome [GO:0005813]	13.4
Polyketide	condensed chromosome [GO:0000793]	13.4
Polyketide	cyclin A1-CDK2 complex [GO:0097123]	13.4
Polyketide	cyclin A2-CDK2 complex [GO:0097124]	13.4
Polyketide	cytosol [GO:0005829]	13.4
Polyketide	X chromosome [GO:0000805]	13.4
Polyketide	chromosome, telomeric region [GO:0000781]	13.4
Polyketide	nucleus [GO:0005634]	13.4
Polyketide	Y chromosome [GO:0000806]	13.4
Polyketide	nuclear envelope [GO:0005635]	13.4
Polyketide	cyclin-dependent protein kinase holoenzyme complex [GO:0000307]	13.4
Polyketide	transcription regulator complex [GO:0005667]	13.4
Polyketide	nucleus [GO:0005634]	12.3
Polyketide	cytosol [GO:0005829]	12.3
Polyketide	methionine adenosyltransferase complex [GO:0048269]	12.3
Polyketide	extracellular exosome [GO:0070062]	12.3
Polyketide	endoplasmic reticulum lumen [GO:0005788]	12.23
Polyketide	protein-containing complex [GO:0032991]	12.23
Polyketide	endoplasmic reticulum [GO:0005783]	12.23
Polyketide	extracellular exosome [GO:0070062]	12.23
Polyketide	blood microparticle [GO:0072562]	12.23
Polyketide	platelet alpha granule lumen [GO:0031093]	12.23
Polyketide	extracellular region [GO:0005576]	12.23
Polyketide	extracellular space [GO:0005615]	12.23
Polyketide	nucleus [GO:0005634]	12.23
Polyketide	cytoplasm [GO:0005737]	12.23
Polyketide	Golgi apparatus [GO:0005794]	12.23
Polyketide	efflux pump complex [GO:1990281]	18.44
Polyketide	outer membrane-bounded periplasmic space [GO:0030288]	18.44
Polyketide	periplasmic side of plasma membrane [GO:0098567]	18.44
Polyketide	plasma membrane [GO:0005886]	18.44
Polyketide	membrane [GO:0016020]	18.44
Polyketide	cytosol [GO:0005829]	16.58
Polyketide	presynaptic active zone cytoplasmic component [GO:0098831]	16.99
Polyketide	glutamatergic synapse [GO:0098978]	16.99
Polyketide	guanylate cyclase complex, soluble [GO:0008074]	16.99
Polyketide	cytosol [GO:0005829]	16.99
Polyketide	chromosome [GO:0005694]	15.35
Polyketide	condensed nuclear chromosome [GO:0000794]	15.35
Polyketide	nucleus [GO:0005634]	15.35
Polyketide	nucleoplasm [GO:0005654]	15.35
Polyketide	sarcoplasmic reticulum membrane [GO:0033017]	19.7
Polyketide	cytoplasmic side of membrane [GO:0098562]	19.7
Polyketide	cytosol [GO:0005829]	19.7
Polyketide	Z disc [GO:0030018]	19.7
Polyketide	sarcoplasmic reticulum [GO:0016529]	19.7
Polyketide	terminal cisterna [GO:0014802]	19.7
Polyketide	membrane [GO:0016020]	19.7
Polyketide	ryanodine receptor complex [GO:1990425]	19.7
Polyketide	cytoplasm [GO:0005737]	19.7
Polyketide	plasma membrane [GO:0005886]	9.09
Polyketide	proton-transporting ATP synthase complex, coupling factor F(o) [GO:0045263]	9.09
Polyketide	cytoplasm [GO:0005737]	12.93
Polyketide	cytosol [GO:0005829]	9.17
Polyketide	cytoplasm [GO:0005737]	16.38
Polyketide	nuclear speck [GO:0016607]	11.27
Polyketide	cytosol [GO:0005829]	11.27
Polyketide	plasma membrane [GO:0005886]	11.27
Polyketide	intracellular membrane-bounded organelle [GO:0043231]	11.27
Polyketide	cytoplasm [GO:0005737]	11.27
Polyketide	nucleoplasm [GO:0005654]	11.27
Polyketide	nucleus [GO:0005634]	11.27
Polyketide	nucleoplasm [GO:0005654]	19.63
Polyketide	receptor complex [GO:0043235]	19.63
Polyketide	euchromatin [GO:0000791]	19.63
Polyketide	chromatin [GO:0000785]	19.63
Polyketide	endoplasmic reticulum [GO:0005783]	19.1
Polyketide	focal adhesion [GO:0005925]	19.1
Polyketide	cytosol [GO:0005829]	19.1
Polyketide	early endosome [GO:0005769]	19.1
Polyketide	plasma membrane [GO:0005886]	19.1
Polyketide	mitochondrion [GO:0005739]	19.1
Polyketide	nucleus [GO:0005634]	19.1
Polyketide	late endosome [GO:0005770]	19.1
Polyketide	microtubule organizing center [GO:0005815]	19.1
Polyketide	Golgi apparatus [GO:0005794]	19.1
Polyketide	cytosol [GO:0005829]	14.24
Polyketide	intracellular membrane-bounded organelle [GO:0043231]	14.24
Polyketide	nucleoplasm [GO:0005654]	14.24
Polyketide	receptor complex [GO:0043235]	14.24
Polyketide	RNA polymerase II transcription regulator complex [GO:0090575]	14.24
Polyketide	chromatin [GO:0000785]	14.24
Polyketide	nucleus [GO:0005634]	14.24
Polyketide	cell body [GO:0044297]	13.39
Polyketide	actin filament [GO:0005884]	13.39
Polyketide	skeletal muscle myofibril [GO:0098723]	13.39
Polyketide	stress fiber [GO:0001725]	13.39
Polyketide	filamentous actin [GO:0031941]	13.39
Polyketide	actin filament bundle [GO:0032432]	13.39
Polyketide	lamellipodium [GO:0030027]	13.39
Polyketide	striated muscle thin filament [GO:0005865]	13.39
Polyketide	cytoplasm [GO:0005737]	13.39
Polyketide	filopodium [GO:0030175]	13.39
Polyketide	neuron projection [GO:0043005]	15.86
Polyketide	cytosol [GO:0005829]	15.86
Polyketide	postsynaptic density [GO:0014069]	15.86
Polyketide	Golgi membrane [GO:0000139]	15.86
Polyketide	plasma membrane [GO:0005886]	15.86
Polyketide	Golgi apparatus [GO:0005794]	15.86
Polyketide	plasma membrane [GO:0005886]	20.0
Polyketide	DNA-directed RNA polymerase complex [GO:0000428]	20.0
Polyketide	cytosol [GO:0005829]	20.0
Polyketide	peptidoglycan-based cell wall [GO:0009274]	20.0
Polyketide	collagen-containing extracellular matrix [GO:0062023]	9.39
Polyketide	basement membrane [GO:0005604]	9.39
Polyketide	neuromuscular junction [GO:0031594]	9.39
Polyketide	protein complex involved in cell-matrix adhesion [GO:0098637]	9.39
Polyketide	extracellular region [GO:0005576]	9.39
Polyketide	dendritic spine [GO:0043197]	9.39
Polyketide	synaptic cleft [GO:0043083]	9.39
Polyketide	sarcolemma [GO:0042383]	9.39
Polyketide	extracellular space [GO:0005615]	10.01
Polyketide	azurophil granule lumen [GO:0035578]	10.01
Polyketide	extracellular region [GO:0005576]	10.01
Polyketide	extracellular exosome [GO:0070062]	10.01
Polyketide	cytosol [GO:0005829]	16.85
Polyketide	extracellular exosome [GO:0070062]	16.85
Polyketide	synapse [GO:0045202]	16.85
Polyketide	axon [GO:0030424]	16.85
Polyketide	cytoplasm [GO:0005737]	16.85
Polyketide	nuclear envelope [GO:0005635]	15.89
Polyketide	perinuclear region of cytoplasm [GO:0048471]	15.89
Polyketide	cytosol [GO:0005829]	15.89
Polyketide	pericentriolar material [GO:0000242]	15.89
Polyketide	Golgi membrane [GO:0000139]	15.89
Polyketide	chromosome, telomeric region [GO:0000781]	15.89
Polyketide	nucleus [GO:0005634]	15.89
Polyketide	cytoplasm [GO:0005737]	15.89
Polyketide	membrane [GO:0016020]	11.21
Polyketide	receptor complex [GO:0043235]	11.21
Polyketide	nuclear envelope [GO:0005635]	14.44
Polyketide	perinuclear region of cytoplasm [GO:0048471]	14.44
Polyketide	cytosol [GO:0005829]	14.44
Polyketide	pericentriolar material [GO:0000242]	14.44
Polyketide	Golgi membrane [GO:0000139]	14.44
Polyketide	chromosome, telomeric region [GO:0000781]	14.44
Polyketide	nucleus [GO:0005634]	14.44
Polyketide	cytoplasm [GO:0005737]	14.44
Polyketide	phagocytic vesicle membrane [GO:0030670]	6.08
Polyketide	external side of plasma membrane [GO:0009897]	6.08
Polyketide	cytosol [GO:0005829]	14.91
Polyketide	cytoplasm [GO:0005737]	14.91
Polyketide	nucleoplasm [GO:0005654]	14.91
Polyketide	nucleus [GO:0005634]	14.91
Polyketide	mitochondrial proton-transporting ATP synthase complex [GO:0005753]	15.01
Polyketide	cytosol [GO:0005829]	15.01
Polyketide	mitochondrial proton-transporting ATP synthase complex, coupling factor F(o) [GO:0000276]	15.01
Polyketide	mitochondrion [GO:0005739]	15.01
Polyketide	mitochondrial intermembrane space [GO:0005758]	15.01
Polyketide	mitochondrial inner membrane [GO:0005743]	15.01
Polyketide	extracellular region [GO:0005576]	17.84
Polyketide	node of Ranvier [GO:0033268]	11.75
Polyketide	synapse [GO:0045202]	11.75
Polyketide	plasma membrane [GO:0005886]	11.75
Polyketide	axon initial segment [GO:0043194]	11.75
Polyketide	voltage-gated potassium channel complex [GO:0008076]	11.75
Polyketide	melanosome [GO:0042470]	5.8
Polyketide	axonal growth cone [GO:0044295]	5.8
Polyketide	cell body [GO:0044297]	5.8
Polyketide	endomembrane system [GO:0012505]	5.8
Polyketide	lamellipodium [GO:0030027]	5.8
Polyketide	growth cone membrane [GO:0032584]	5.8
Polyketide	plasma membrane [GO:0005886]	5.8
Polyketide	axon [GO:0030424]	5.8
Polyketide	cell surface [GO:0009986]	5.8
Polyketide	cell body [GO:0044297]	13.87
Polyketide	actin filament [GO:0005884]	13.87
Polyketide	skeletal muscle myofibril [GO:0098723]	13.87
Polyketide	stress fiber [GO:0001725]	13.87
Polyketide	filamentous actin [GO:0031941]	13.87
Polyketide	actin filament bundle [GO:0032432]	13.87
Polyketide	lamellipodium [GO:0030027]	13.87
Polyketide	striated muscle thin filament [GO:0005865]	13.87
Polyketide	cytoplasm [GO:0005737]	13.87
Polyketide	filopodium [GO:0030175]	13.87
Polyketide	node of Ranvier [GO:0033268]	10.25
Polyketide	synapse [GO:0045202]	10.25
Polyketide	plasma membrane [GO:0005886]	10.25
Polyketide	axon initial segment [GO:0043194]	10.25
Polyketide	voltage-gated potassium channel complex [GO:0008076]	10.25
Polyketide	chromatin [GO:0000785]	16.6
Polyketide	intracellular membrane-bounded organelle [GO:0043231]	16.6
Polyketide	nucleoplasm [GO:0005654]	16.6
Polyketide	chromosome, subtelomeric region [GO:0099115]	16.6
Polyketide	pericentric heterochromatin [GO:0005721]	16.6
Polyketide	site of double-strand break [GO:0035861]	16.6
Polyketide	nucleus [GO:0005634]	16.6
Polyketide	site of DNA damage [GO:0090734]	16.6
Polyketide	endoplasmic reticulum [GO:0005783]	16.6
Polyketide	extracellular space [GO:0005615]	14.72
Polyketide	xanthine dehydrogenase complex [GO:0002197]	14.72
Polyketide	peroxisome [GO:0005777]	14.72
Polyketide	intracellular membrane-bounded organelle [GO:0043231]	10.13
Polyketide	nucleoplasm [GO:0005654]	10.13
Polyketide	mitochondrion [GO:0005739]	10.13
Polyketide	chromatin [GO:0000785]	10.13
Polyketide	nucleus [GO:0005634]	10.13
Polyketide	fibrillar center [GO:0001650]	14.2
Polyketide	nuclear inner membrane [GO:0005637]	14.2
Polyketide	heterochromatin [GO:0000792]	14.2
Polyketide	nuclear envelope [GO:0005635]	14.2
Polyketide	PML body [GO:0016605]	14.2
Polyketide	cytosol [GO:0005829]	14.2
Polyketide	eNoSc complex [GO:0061773]	14.2
Polyketide	rDNA heterochromatin [GO:0033553]	14.2
Polyketide	nucleoplasm [GO:0005654]	14.2
Polyketide	mitochondrion [GO:0005739]	14.2
Polyketide	euchromatin [GO:0000791]	14.2
Polyketide	chromatin [GO:0000785]	14.2
Polyketide	chromatin silencing complex [GO:0005677]	14.2
Polyketide	nucleus [GO:0005634]	14.2
Polyketide	cytoplasm [GO:0005737]	14.2
Polyketide	nucleolus [GO:0005730]	14.2
Polyketide	cell body [GO:0044297]	13.91
Polyketide	actin filament [GO:0005884]	13.91
Polyketide	skeletal muscle myofibril [GO:0098723]	13.91
Polyketide	stress fiber [GO:0001725]	13.91
Polyketide	filamentous actin [GO:0031941]	13.91
Polyketide	actin filament bundle [GO:0032432]	13.91
Polyketide	lamellipodium [GO:0030027]	13.91
Polyketide	striated muscle thin filament [GO:0005865]	13.91
Polyketide	cytoplasm [GO:0005737]	13.91
Polyketide	filopodium [GO:0030175]	13.91
Polyketide	chromosome [GO:0005694]	17.8
Polyketide	cytoplasm [GO:0005737]	17.8
Polyketide	mitochondrial proton-transporting ATP synthase complex [GO:0005753]	10.9
Polyketide	cytosol [GO:0005829]	10.9
Polyketide	mitochondrial proton-transporting ATP synthase complex, coupling factor F(o) [GO:0000276]	10.9
Polyketide	mitochondrion [GO:0005739]	10.9
Polyketide	mitochondrial intermembrane space [GO:0005758]	10.9
Polyketide	mitochondrial inner membrane [GO:0005743]	10.9
Polyketide	cytoplasm [GO:0005737]	18.81
Polyketide	cell body [GO:0044297]	24.96
Polyketide	actin filament [GO:0005884]	24.96
Polyketide	skeletal muscle myofibril [GO:0098723]	24.96
Polyketide	stress fiber [GO:0001725]	24.96
Polyketide	filamentous actin [GO:0031941]	24.96
Polyketide	actin filament bundle [GO:0032432]	24.96
Polyketide	lamellipodium [GO:0030027]	24.96
Polyketide	striated muscle thin filament [GO:0005865]	24.96
Polyketide	cytoplasm [GO:0005737]	24.96
Polyketide	filopodium [GO:0030175]	24.96
Polyketide	nucleoplasm [GO:0005654]	14.73
Polyketide	nucleus [GO:0005634]	14.73
Polyketide	cytoplasm [GO:0005737]	14.73
Polyketide	chromatin [GO:0000785]	14.73
Polyketide	histone deacetylase complex [GO:0000118]	15.36
Polyketide	cytosol [GO:0005829]	15.36
Polyketide	transcription repressor complex [GO:0017053]	15.36
Polyketide	nucleoplasm [GO:0005654]	15.36
Polyketide	nuclear speck [GO:0016607]	15.36
Polyketide	chromatin [GO:0000785]	15.36
Polyketide	nucleus [GO:0005634]	15.36
Polyketide	cytoplasm [GO:0005737]	15.36
Polyketide	extracellular space [GO:0005615]	5.86
Polyketide	azurophil granule lumen [GO:0035578]	5.86
Polyketide	extracellular region [GO:0005576]	5.86
Polyketide	extracellular exosome [GO:0070062]	5.86
Polyketide	plasma membrane [GO:0005886]	9.09
Polyketide	chromosome [GO:0005694]	7.84
Polyketide	condensed nuclear chromosome [GO:0000794]	7.84
Polyketide	nucleus [GO:0005634]	7.84
Polyketide	nucleoplasm [GO:0005654]	7.84
Polyketide	plasma membrane [GO:0005886]	9.71
Polyketide	proton-transporting ATP synthase complex, coupling factor F(o) [GO:0045263]	9.71
Polyketide	fungal biofilm matrix [GO:0062040]	5.53
Polyketide	cytoplasm [GO:0005737]	5.53
Polyketide	extracellular region [GO:0005576]	5.53
Polyketide	nucleoplasm [GO:0005654]	10.36
Polyketide	cytosol [GO:0005829]	10.36
Polyketide	extracellular exosome [GO:0070062]	10.36
Polyketide	protein-containing complex [GO:0032991]	19.51
Polyketide	endocytic vesicle membrane [GO:0030666]	19.51
Polyketide	cytosol [GO:0005829]	19.51
Polyketide	transcription repressor complex [GO:0017053]	19.51
Polyketide	nucleoplasm [GO:0005654]	19.51
Polyketide	plasma membrane [GO:0005886]	19.51
Polyketide	nucleus [GO:0005634]	19.51
Polyketide	cytoplasm [GO:0005737]	19.51
Polyketide	nucleolus [GO:0005730]	19.51
Polyketide	vacuolar proton-transporting V-type ATPase, V0 domain [GO:0000220]	10.49
Polyketide	synaptic vesicle membrane [GO:0030672]	10.49
Polyketide	clathrin-coated vesicle membrane [GO:0030665]	10.49
Polyketide	protein-containing complex [GO:0032991]	16.47
Polyketide	cytosol [GO:0005829]	16.47
Polyketide	nucleoplasm [GO:0005654]	16.47
Polyketide	membrane [GO:0016020]	16.47
Polyketide	plasma membrane [GO:0005886]	16.47
Polyketide	euchromatin [GO:0000791]	16.47
Polyketide	chromatin [GO:0000785]	16.47
Polyketide	transcription regulator complex [GO:0005667]	16.47
Polyketide	nucleus [GO:0005634]	16.47
Polyketide	cytoplasm [GO:0005737]	16.47
Polyketide	Golgi apparatus [GO:0005794]	16.47
Polyketide	host cell nucleus [GO:0042025]	19.49
Polyketide	viral envelope [GO:0019031]	19.49
Polyketide	host cell plasma membrane [GO:0020002]	19.49
Polyketide	host cell lipid droplet [GO:0044186]	19.49
Polyketide	host cell endoplasmic reticulum membrane [GO:0044167]	19.49
Polyketide	host cell mitochondrial membrane [GO:0044191]	19.49
Polyketide	ribonucleoprotein complex [GO:1990904]	19.49
Polyketide	membrane [GO:0016020]	19.49
Polyketide	viral nucleocapsid [GO:0019013]	19.49
Polyketide	virion membrane [GO:0055036]	19.49
Polyketide	host cell perinuclear region of cytoplasm [GO:0044220]	19.49
Polyketide	extracellular space [GO:0005615]	10.41
Polyketide	azurophil granule lumen [GO:0035578]	10.41
Polyketide	extracellular region [GO:0005576]	10.41
Polyketide	extracellular exosome [GO:0070062]	10.41
Polyketide	endoplasmic reticulum [GO:0005783]	16.02
Polyketide	nuclear envelope [GO:0005635]	16.02
Polyketide	nuclear membrane [GO:0031965]	16.02
Polyketide	endoplasmic reticulum membrane [GO:0005789]	16.02
Polyketide	cytoplasmic vesicle [GO:0031410]	16.02
Polyketide	histone deacetylase complex [GO:0000118]	10.23
Polyketide	intracellular membrane-bounded organelle [GO:0043231]	9.51
Polyketide	nucleoplasm [GO:0005654]	9.51
Polyketide	mitochondrion [GO:0005739]	9.51
Polyketide	chromatin [GO:0000785]	9.51
Polyketide	nucleus [GO:0005634]	9.51
Polyketide	cell body [GO:0044297]	14.76
Polyketide	actin filament [GO:0005884]	14.76
Polyketide	skeletal muscle myofibril [GO:0098723]	14.76
Polyketide	stress fiber [GO:0001725]	14.76
Polyketide	filamentous actin [GO:0031941]	14.76
Polyketide	actin filament bundle [GO:0032432]	14.76
Polyketide	lamellipodium [GO:0030027]	14.76
Polyketide	striated muscle thin filament [GO:0005865]	14.76
Polyketide	cytoplasm [GO:0005737]	14.76
Polyketide	filopodium [GO:0030175]	14.76
Polyketide	dendrite [GO:0030425]	19.24
Polyketide	PML body [GO:0016605]	19.24
Polyketide	nuclear envelope [GO:0005635]	19.24
Polyketide	lysosome [GO:0005764]	19.24
Polyketide	endomembrane system [GO:0012505]	19.24
Polyketide	mitochondrial outer membrane [GO:0005741]	19.24
Polyketide	cytosol [GO:0005829]	19.24
Polyketide	Golgi membrane [GO:0000139]	19.24
Polyketide	nucleoplasm [GO:0005654]	19.24
Polyketide	endoplasmic reticulum membrane [GO:0005789]	19.24
Polyketide	membrane [GO:0016020]	19.24
Polyketide	TORC1 complex [GO:0031931]	19.24
Polyketide	nucleus [GO:0005634]	19.24
Polyketide	TORC2 complex [GO:0031932]	19.24
Polyketide	lysosomal membrane [GO:0005765]	19.24
Polyketide	cytoplasm [GO:0005737]	19.24
Polyketide	phagocytic vesicle [GO:0045335]	19.24
Polyketide	cytoplasm [GO:0005737]	13.27
Polyketide	protein-containing complex [GO:0032991]	16.13
Polyketide	cytosol [GO:0005829]	16.13
Polyketide	nucleoplasm [GO:0005654]	16.13
Polyketide	membrane [GO:0016020]	16.13
Polyketide	plasma membrane [GO:0005886]	16.13
Polyketide	euchromatin [GO:0000791]	16.13
Polyketide	chromatin [GO:0000785]	16.13
Polyketide	transcription regulator complex [GO:0005667]	16.13
Polyketide	nucleus [GO:0005634]	16.13
Polyketide	cytoplasm [GO:0005737]	16.13
Polyketide	Golgi apparatus [GO:0005794]	16.13
Polyketide	dendrite [GO:0030425]	13.72
Polyketide	chloride channel complex [GO:0034707]	13.72
Polyketide	neuron projection [GO:0043005]	13.72
Polyketide	plasma membrane [GO:0005886]	13.72
Polyketide	membrane [GO:0016020]	13.72
Polyketide	postsynaptic membrane [GO:0045211]	13.72
Polyketide	synapse [GO:0045202]	13.72
Polyketide	perikaryon [GO:0043204]	13.72
Polyketide	sarcoplasmic reticulum membrane [GO:0033017]	20.51
Polyketide	cytoplasmic side of membrane [GO:0098562]	20.51
Polyketide	cytosol [GO:0005829]	20.51
Polyketide	Z disc [GO:0030018]	20.51
Polyketide	sarcoplasmic reticulum [GO:0016529]	20.51
Polyketide	terminal cisterna [GO:0014802]	20.51
Polyketide	membrane [GO:0016020]	20.51
Polyketide	ryanodine receptor complex [GO:1990425]	20.51
Polyketide	cytoplasm [GO:0005737]	20.51
Polyketide	protein-containing complex [GO:0032991]	12.12
Polyketide	cytosol [GO:0005829]	12.12
Polyketide	nucleoplasm [GO:0005654]	12.12
Polyketide	membrane [GO:0016020]	12.12
Polyketide	plasma membrane [GO:0005886]	12.12
Polyketide	euchromatin [GO:0000791]	12.12
Polyketide	chromatin [GO:0000785]	12.12
Polyketide	transcription regulator complex [GO:0005667]	12.12
Polyketide	nucleus [GO:0005634]	12.12
Polyketide	cytoplasm [GO:0005737]	12.12
Polyketide	Golgi apparatus [GO:0005794]	12.12
Polyketide	extracellular space [GO:0005615]	10.4
Polyketide	azurophil granule lumen [GO:0035578]	10.4
Polyketide	extracellular region [GO:0005576]	10.4
Polyketide	extracellular exosome [GO:0070062]	10.4
Polyketide	extracellular space [GO:0005615]	12.9
Polyketide	azurophil granule lumen [GO:0035578]	12.9
Polyketide	extracellular region [GO:0005576]	12.9
Polyketide	extracellular exosome [GO:0070062]	12.9
Polyketide	postsynaptic density [GO:0014069]	12.6
Polyketide	glutamatergic synapse [GO:0098978]	12.6
Polyketide	plasma membrane [GO:0005886]	12.6
Polyketide	DAPK1-calmodulin complex [GO:1990722]	12.6
Polyketide	actin cytoskeleton [GO:0015629]	12.6
Polyketide	nucleus [GO:0005634]	12.6
Polyketide	cytoplasm [GO:0005737]	12.6
Polyketide	cell body [GO:0044297]	14.19
Polyketide	actin filament [GO:0005884]	14.19
Polyketide	skeletal muscle myofibril [GO:0098723]	14.19
Polyketide	stress fiber [GO:0001725]	14.19
Polyketide	filamentous actin [GO:0031941]	14.19
Polyketide	actin filament bundle [GO:0032432]	14.19
Polyketide	lamellipodium [GO:0030027]	14.19
Polyketide	striated muscle thin filament [GO:0005865]	14.19
Polyketide	cytoplasm [GO:0005737]	14.19
Polyketide	filopodium [GO:0030175]	14.19
Polyketide	extracellular exosome [GO:0070062]	18.55
Polyketide	cell junction [GO:0030054]	18.55
Polyketide	nuclear speck [GO:0016607]	18.55
Polyketide	cytosol [GO:0005829]	18.55
Polyketide	epidermal lamellar body [GO:0097209]	8.97
Polyketide	extracellular region [GO:0005576]	8.97
Polyketide	extracellular space [GO:0005615]	8.97
Polyketide	secretory granule [GO:0030141]	8.97
Polyketide	cornified envelope [GO:0001533]	8.97
Polyketide	protein-DNA complex [GO:0032993]	14.02
Polyketide	plasma membrane [GO:0005886]	10.23
Polyketide	dendrite [GO:0030425]	15.22
Polyketide	cytosol [GO:0005829]	15.22
Polyketide	synapse [GO:0045202]	15.22
Polyketide	nucleus [GO:0005634]	15.22
Polyketide	cytoplasm [GO:0005737]	15.22
Polyketide	neuronal cell body [GO:0043025]	15.22
Polyketide	periplasmic space [GO:0042597]	21.1
Polyketide	protein-containing complex [GO:0032991]	18.1
Polyketide	cytosol [GO:0005829]	18.1
Polyketide	nucleoplasm [GO:0005654]	18.1
Polyketide	membrane [GO:0016020]	18.1
Polyketide	plasma membrane [GO:0005886]	18.1
Polyketide	euchromatin [GO:0000791]	18.1
Polyketide	chromatin [GO:0000785]	18.1
Polyketide	transcription regulator complex [GO:0005667]	18.1
Polyketide	nucleus [GO:0005634]	18.1
Polyketide	cytoplasm [GO:0005737]	18.1
Polyketide	Golgi apparatus [GO:0005794]	18.1
Polyketide	extracellular space [GO:0005615]	12.0
Polyketide	azurophil granule lumen [GO:0035578]	12.0
Polyketide	extracellular region [GO:0005576]	12.0
Polyketide	extracellular exosome [GO:0070062]	12.0
Polyketide	extracellular region [GO:0005576]	10.46
Polyketide	extracellular exosome [GO:0070062]	10.46
Polyketide	azurophil granule lumen [GO:0035578]	10.46
Polyketide	extracellular space [GO:0005615]	10.46
Polyketide	voltage-gated potassium channel complex [GO:0008076]	19.11
Polyketide	endoplasmic reticulum [GO:0005783]	19.11
Polyketide	cell surface [GO:0009986]	19.11
Polyketide	apical plasma membrane [GO:0016324]	19.11
Polyketide	plasma membrane [GO:0005886]	19.11
Polyketide	endoplasmic reticulum membrane [GO:0005789]	19.11
Polyketide	astrocyte projection [GO:0097449]	19.11
Polyketide	calyx of Held [GO:0044305]	19.11
Polyketide	neuronal cell body [GO:0043025]	19.11
Polyketide	vacuolar proton-transporting V-type ATPase, V0 domain [GO:0000220]	9.84
Polyketide	synaptic vesicle membrane [GO:0030672]	9.84
Polyketide	clathrin-coated vesicle membrane [GO:0030665]	9.84
Polyketide	cytoplasm [GO:0005737]	17.93
Polyketide	chloride channel complex [GO:0034707]	14.1
Polyketide	postsynaptic membrane [GO:0045211]	14.1
Polyketide	perikaryon [GO:0043204]	14.1
Polyketide	membrane [GO:0016020]	14.1
Polyketide	plasma membrane [GO:0005886]	14.1
Polyketide	dendrite [GO:0030425]	14.1
Polyketide	neuron projection [GO:0043005]	14.1
Polyketide	synapse [GO:0045202]	14.1
Polyketide	cell body [GO:0044297]	12.7
Polyketide	actin filament [GO:0005884]	12.7
Polyketide	skeletal muscle myofibril [GO:0098723]	12.7
Polyketide	stress fiber [GO:0001725]	12.7
Polyketide	filamentous actin [GO:0031941]	12.7
Polyketide	actin filament bundle [GO:0032432]	12.7
Polyketide	lamellipodium [GO:0030027]	12.7
Polyketide	striated muscle thin filament [GO:0005865]	12.7
Polyketide	cytoplasm [GO:0005737]	12.7
Polyketide	filopodium [GO:0030175]	12.7
Polyketide	nuclear chromosome [GO:0000228]	13.15
Polyketide	histone deacetylase complex [GO:0000118]	13.15
Polyketide	cytoplasm [GO:0005737]	13.15
Polyketide	nucleoplasm [GO:0005654]	13.15
Polyketide	nucleus [GO:0005634]	13.15
Polyketide	nucleoid [GO:0009295]	12.52
Polyketide	host cell nucleus [GO:0042025]	20.09
Polyketide	viral envelope [GO:0019031]	20.09
Polyketide	host cell plasma membrane [GO:0020002]	20.09
Polyketide	host cell lipid droplet [GO:0044186]	20.09
Polyketide	host cell endoplasmic reticulum membrane [GO:0044167]	20.09
Polyketide	host cell mitochondrial membrane [GO:0044191]	20.09
Polyketide	ribonucleoprotein complex [GO:1990904]	20.09
Polyketide	membrane [GO:0016020]	20.09
Polyketide	viral nucleocapsid [GO:0019013]	20.09
Polyketide	virion membrane [GO:0055036]	20.09
Polyketide	host cell perinuclear region of cytoplasm [GO:0044220]	20.09
Polyketide	protein-containing complex [GO:0032991]	9.01
Polyketide	cytosol [GO:0005829]	9.01
Polyketide	nucleoplasm [GO:0005654]	9.01
Polyketide	membrane [GO:0016020]	9.01
Polyketide	plasma membrane [GO:0005886]	9.01
Polyketide	euchromatin [GO:0000791]	9.01
Polyketide	chromatin [GO:0000785]	9.01
Polyketide	transcription regulator complex [GO:0005667]	9.01
Polyketide	nucleus [GO:0005634]	9.01
Polyketide	cytoplasm [GO:0005737]	9.01
Polyketide	Golgi apparatus [GO:0005794]	9.01
Polyketide	protein-containing complex [GO:0032991]	9.44
Polyketide	cytosol [GO:0005829]	9.44
Polyketide	nucleoplasm [GO:0005654]	9.44
Polyketide	membrane [GO:0016020]	9.44
Polyketide	plasma membrane [GO:0005886]	9.44
Polyketide	euchromatin [GO:0000791]	9.44
Polyketide	chromatin [GO:0000785]	9.44
Polyketide	transcription regulator complex [GO:0005667]	9.44
Polyketide	nucleus [GO:0005634]	9.44
Polyketide	cytoplasm [GO:0005737]	9.44
Polyketide	Golgi apparatus [GO:0005794]	9.44
Polyketide	histone deacetylase complex [GO:0000118]	16.25
Polyketide	melanosome [GO:0042470]	11.23
Polyketide	axonal growth cone [GO:0044295]	11.23
Polyketide	cell body [GO:0044297]	11.23
Polyketide	endomembrane system [GO:0012505]	11.23
Polyketide	lamellipodium [GO:0030027]	11.23
Polyketide	growth cone membrane [GO:0032584]	11.23
Polyketide	plasma membrane [GO:0005886]	11.23
Polyketide	axon [GO:0030424]	11.23
Polyketide	cell surface [GO:0009986]	11.23
Polyketide	host cell nucleus [GO:0042025]	13.53
Polyketide	host cell endoplasmic reticulum membrane [GO:0044167]	13.53
Polyketide	host cell endoplasmic reticulum-Golgi intermediate compartment [GO:0044172]	13.53
Polyketide	host cell Golgi apparatus [GO:0044177]	13.53
Polyketide	host cell endosome [GO:0044174]	13.53
Polyketide	membrane [GO:0016020]	13.53
Polyketide	double membrane vesicle viral factory outer membrane [GO:0062243]	13.53
Polyketide	host cell perinuclear region of cytoplasm [GO:0044220]	13.53
Polyketide	calcineurin complex [GO:0005955]	3.41
Polyketide	extracellular region [GO:0005576]	7.29
Polyketide	membrane-bounded organelle [GO:0043227]	18.32
Polyketide	vesicle [GO:0031982]	0.71
Polyketide	cytoplasm [GO:0005737]	0.71
Polyketide	secretory granule lumen [GO:0034774]	0.71
Polyketide	cytosol [GO:0005829]	0.71
Polyketide	ficolin-1-rich granule lumen [GO:1904813]	0.71
Polyketide	extracellular exosome [GO:0070062]	0.71
Polyketide	nucleoplasm [GO:0005654]	0.71
Polyketide	plasma membrane [GO:0005886]	0.71
Polyketide	extracellular region [GO:0005576]	0.71
Polyketide	extracellular space [GO:0005615]	0.71
Polyketide	cell surface [GO:0009986]	0.71
Polyketide	cytoplasm [GO:0005737]	15.48
Polyketide	histone deacetylase complex [GO:0000118]	7.01
Polyketide	nucleoplasm [GO:0005654]	7.01
Polyketide	nuclear chromosome [GO:0000228]	7.01
Polyketide	nucleus [GO:0005634]	7.01
Polyketide	cytoplasm [GO:0005737]	7.01
Polyketide	skeletal muscle myofibril [GO:0098723]	14.14
Polyketide	protein-DNA complex [GO:0032993]	16.1
Polyketide	dendrite [GO:0030425]	19.02
Polyketide	chloride channel complex [GO:0034707]	19.02
Polyketide	neuron projection [GO:0043005]	19.02
Polyketide	plasma membrane [GO:0005886]	19.02
Polyketide	membrane [GO:0016020]	19.02
Polyketide	postsynaptic membrane [GO:0045211]	19.02
Polyketide	synapse [GO:0045202]	19.02
Polyketide	perikaryon [GO:0043204]	19.02
Polyketide	plasma membrane [GO:0005886]	15.23
Polyketide	proton-transporting ATP synthase complex, coupling factor F(o) [GO:0045263]	15.23
Polyketide	nucleoplasm [GO:0005654]	16.27
Polyketide	nucleus [GO:0005634]	16.27
Polyketide	cytoplasm [GO:0005737]	16.27
Polyketide	cytoplasm [GO:0005737]	12.71
Polyketide	cytosol [GO:0005829]	12.71
Polyketide	plasma membrane [GO:0005886]	14.12
Polyketide	proton-transporting ATP synthase complex, coupling factor F(o) [GO:0045263]	14.12
Polyketide	membrane [GO:0016020]	17.26
Polyketide	endoplasmic reticulum [GO:0005783]	17.26
Polyketide	endoplasmic reticulum membrane [GO:0005789]	17.26
Polyketide	host cell nucleus [GO:0042025]	16.62
Polyketide	viral envelope [GO:0019031]	16.62
Polyketide	host cell plasma membrane [GO:0020002]	16.62
Polyketide	host cell lipid droplet [GO:0044186]	16.62
Polyketide	host cell endoplasmic reticulum membrane [GO:0044167]	16.62
Polyketide	host cell mitochondrial membrane [GO:0044191]	16.62
Polyketide	ribonucleoprotein complex [GO:1990904]	16.62
Polyketide	membrane [GO:0016020]	16.62
Polyketide	viral nucleocapsid [GO:0019013]	16.62
Polyketide	virion membrane [GO:0055036]	16.62
Polyketide	host cell perinuclear region of cytoplasm [GO:0044220]	16.62
Polyketide	PML body [GO:0016605]	18.71
Polyketide	Sin3 complex [GO:0016580]	18.71
Polyketide	protein kinase CK2 complex [GO:0005956]	18.71
Polyketide	cytosol [GO:0005829]	18.71
Polyketide	nucleoplasm [GO:0005654]	18.71
Polyketide	plasma membrane [GO:0005886]	18.71
Polyketide	nucleus [GO:0005634]	18.71
Polyketide	nucleoplasm [GO:0005654]	14.96
Polyketide	nucleus [GO:0005634]	14.96
Polyketide	cytoplasm [GO:0005737]	14.96
Polyketide	nucleolus [GO:0005730]	14.96
Polyketide	plasma membrane [GO:0005886]	7.63
Polyketide	cytoplasm [GO:0005737]	7.63
Polyketide	peptidoglycan-based cell wall [GO:0009274]	7.63
Polyketide	basement membrane [GO:0005604]	-1.0
Polyketide	collagen-containing extracellular matrix [GO:0062023]	-1.0
Polyketide	sarcolemma [GO:0042383]	-1.0
Polyketide	synaptic cleft [GO:0043083]	-1.0
Polyketide	neuromuscular junction [GO:0031594]	-1.0
Polyketide	extracellular region [GO:0005576]	-1.0
Polyketide	dendritic spine [GO:0043197]	-1.0
Polyketide	protein complex involved in cell-matrix adhesion [GO:0098637]	-1.0
Polyketide	chloride channel complex [GO:0034707]	15.24
Polyketide	postsynaptic membrane [GO:0045211]	15.24
Polyketide	perikaryon [GO:0043204]	15.24
Polyketide	membrane [GO:0016020]	15.24
Polyketide	plasma membrane [GO:0005886]	15.24
Polyketide	dendrite [GO:0030425]	15.24
Polyketide	neuron projection [GO:0043005]	15.24
Polyketide	synapse [GO:0045202]	15.24
Polyketide	endoplasmic reticulum lumen [GO:0005788]	11.69
Polyketide	endoplasmic reticulum [GO:0005783]	11.69
Polyketide	cytosol [GO:0005829]	11.69
Polyketide	lipid droplet [GO:0005811]	11.69
Polyketide	cytoplasm [GO:0005737]	11.69
Polyketide	mitochondrial matrix [GO:0005759]	12.86
Polyketide	mitochondrion [GO:0005739]	12.86
Polyketide	extracellular exosome [GO:0070062]	12.86
Polyketide	extracellular space [GO:0005615]	12.88
Polyketide	azurophil granule lumen [GO:0035578]	12.88
Polyketide	extracellular region [GO:0005576]	12.88
Polyketide	extracellular exosome [GO:0070062]	12.88
Polyketide	host cell nucleus [GO:0042025]	16.44
Polyketide	host cell plasma membrane [GO:0020002]	16.44
Polyketide	membrane [GO:0016020]	16.44
Polyketide	viral nucleocapsid [GO:0019013]	16.44
Polyketide	host multivesicular body [GO:0072494]	16.44
Polyketide	virion membrane [GO:0055036]	16.44
Polyketide	protein-containing complex [GO:0032991]	17.3
Polyketide	cytosol [GO:0005829]	17.3
Polyketide	nucleoplasm [GO:0005654]	17.3
Polyketide	membrane [GO:0016020]	17.3
Polyketide	plasma membrane [GO:0005886]	17.3
Polyketide	euchromatin [GO:0000791]	17.3
Polyketide	chromatin [GO:0000785]	17.3
Polyketide	transcription regulator complex [GO:0005667]	17.3
Polyketide	nucleus [GO:0005634]	17.3
Polyketide	cytoplasm [GO:0005737]	17.3
Polyketide	Golgi apparatus [GO:0005794]	17.3
Polyketide	microtubule [GO:0005874]	13.6
Polyketide	cytoplasm [GO:0005737]	13.6
Polyketide	microtubule cytoskeleton [GO:0015630]	13.6
Polyketide	endoplasmic reticulum [GO:0005783]	19.64
Polyketide	focal adhesion [GO:0005925]	19.64
Polyketide	cytosol [GO:0005829]	19.64
Polyketide	early endosome [GO:0005769]	19.64
Polyketide	plasma membrane [GO:0005886]	19.64
Polyketide	mitochondrion [GO:0005739]	19.64
Polyketide	nucleus [GO:0005634]	19.64
Polyketide	late endosome [GO:0005770]	19.64
Polyketide	microtubule organizing center [GO:0005815]	19.64
Polyketide	Golgi apparatus [GO:0005794]	19.64
Polyketide	aggresome [GO:0016235]	11.23
Polyketide	cell projection [GO:0042995]	11.23
Polyketide	secretory granule membrane [GO:0030667]	11.23
Polyketide	ficolin-1-rich granule membrane [GO:0101003]	11.23
Polyketide	tertiary granule membrane [GO:0070821]	11.23
Polyketide	extracellular exosome [GO:0070062]	11.23
Polyketide	plasma membrane [GO:0005886]	11.23
Polyketide	membrane [GO:0016020]	11.23
Polyketide	specific granule membrane [GO:0035579]	11.23
Polyketide	perikaryon [GO:0043204]	11.23
Polyketide	extracellular space [GO:0005615]	13.35
Polyketide	protein-containing complex [GO:0032991]	13.35
Polyketide	aggresome [GO:0016235]	17.09
Polyketide	cell projection [GO:0042995]	17.09
Polyketide	secretory granule membrane [GO:0030667]	17.09
Polyketide	ficolin-1-rich granule membrane [GO:0101003]	17.09
Polyketide	tertiary granule membrane [GO:0070821]	17.09
Polyketide	extracellular exosome [GO:0070062]	17.09
Polyketide	plasma membrane [GO:0005886]	17.09
Polyketide	membrane [GO:0016020]	17.09
Polyketide	specific granule membrane [GO:0035579]	17.09
Polyketide	perikaryon [GO:0043204]	17.09
Polyketide	cell body [GO:0044297]	13.73
Polyketide	actin filament [GO:0005884]	13.73
Polyketide	skeletal muscle myofibril [GO:0098723]	13.73
Polyketide	stress fiber [GO:0001725]	13.73
Polyketide	filamentous actin [GO:0031941]	13.73
Polyketide	actin filament bundle [GO:0032432]	13.73
Polyketide	lamellipodium [GO:0030027]	13.73
Polyketide	striated muscle thin filament [GO:0005865]	13.73
Polyketide	cytoplasm [GO:0005737]	13.73
Polyketide	filopodium [GO:0030175]	13.73
Polyketide	cell body [GO:0044297]	14.58
Polyketide	actin filament [GO:0005884]	14.58
Polyketide	skeletal muscle myofibril [GO:0098723]	14.58
Polyketide	stress fiber [GO:0001725]	14.58
Polyketide	filamentous actin [GO:0031941]	14.58
Polyketide	actin filament bundle [GO:0032432]	14.58
Polyketide	lamellipodium [GO:0030027]	14.58
Polyketide	striated muscle thin filament [GO:0005865]	14.58
Polyketide	cytoplasm [GO:0005737]	14.58
Polyketide	filopodium [GO:0030175]	14.58
Polyketide	microtubule [GO:0005874]	11.87
Polyketide	cytoplasm [GO:0005737]	11.87
Polyketide	microtubule cytoskeleton [GO:0015630]	11.87
Polyketide	node of Ranvier [GO:0033268]	12.25
Polyketide	synapse [GO:0045202]	12.25
Polyketide	plasma membrane [GO:0005886]	12.25
Polyketide	axon initial segment [GO:0043194]	12.25
Polyketide	voltage-gated potassium channel complex [GO:0008076]	12.25
Polyketide	node of Ranvier [GO:0033268]	13.85
Polyketide	synapse [GO:0045202]	13.85
Polyketide	plasma membrane [GO:0005886]	13.85
Polyketide	axon initial segment [GO:0043194]	13.85
Polyketide	voltage-gated potassium channel complex [GO:0008076]	13.85
Polyketide	plasma membrane [GO:0005886]	17.84
Polyketide	melanosome [GO:0042470]	11.0
Polyketide	axonal growth cone [GO:0044295]	11.0
Polyketide	cell body [GO:0044297]	11.0
Polyketide	endomembrane system [GO:0012505]	11.0
Polyketide	lamellipodium [GO:0030027]	11.0
Polyketide	growth cone membrane [GO:0032584]	11.0
Polyketide	plasma membrane [GO:0005886]	11.0
Polyketide	axon [GO:0030424]	11.0
Polyketide	cell surface [GO:0009986]	11.0
Polyketide	nucleoplasm [GO:0005654]	18.54
Polyketide	chromatin [GO:0000785]	18.54
Polyketide	pericentric heterochromatin [GO:0005721]	17.99
Polyketide	endoplasmic reticulum [GO:0005783]	17.99
Polyketide	intracellular membrane-bounded organelle [GO:0043231]	17.99
Polyketide	nucleoplasm [GO:0005654]	17.99
Polyketide	site of DNA damage [GO:0090734]	17.99
Polyketide	chromatin [GO:0000785]	17.99
Polyketide	nucleus [GO:0005634]	17.99
Polyketide	site of double-strand break [GO:0035861]	17.99
Polyketide	chromosome, subtelomeric region [GO:0099115]	17.99
Polyketide	plasma membrane [GO:0005886]	17.84
Polyketide	extracellular space [GO:0005615]	10.44
Polyketide	azurophil granule lumen [GO:0035578]	10.44
Polyketide	extracellular region [GO:0005576]	10.44
Polyketide	extracellular exosome [GO:0070062]	10.44
Polyketide	microtubule [GO:0005874]	15.87
Polyketide	cytoplasm [GO:0005737]	15.87
Polyketide	plasma membrane [GO:0005886]	12.22
Polyketide	calcium channel complex [GO:0034704]	12.22
Polyketide	cardiac Troponin complex [GO:1990584]	16.08
Polyketide	troponin complex [GO:0005861]	16.08
Polyketide	cytosol [GO:0005829]	16.08
Polyketide	extracellular space [GO:0005615]	11.09
Polyketide	azurophil granule lumen [GO:0035578]	11.09
Polyketide	extracellular region [GO:0005576]	11.09
Polyketide	extracellular exosome [GO:0070062]	11.09
Polyketide	proton-transporting ATP synthase complex, catalytic core F(1) [GO:0045261]	12.51
Polyketide	plasma membrane [GO:0005886]	12.51
Polyketide	mitochondrial proton-transporting ATP synthase, catalytic core [GO:0005754]	12.51
Polyketide	mitochondrial proton-transporting ATP synthase complex [GO:0005753]	12.51
Polyketide	vesicle [GO:0031982]	8.31
Polyketide	cytoplasm [GO:0005737]	8.31
Polyketide	secretory granule lumen [GO:0034774]	8.31
Polyketide	cytosol [GO:0005829]	8.31
Polyketide	ficolin-1-rich granule lumen [GO:1904813]	8.31
Polyketide	extracellular exosome [GO:0070062]	8.31
Polyketide	nucleoplasm [GO:0005654]	8.31
Polyketide	plasma membrane [GO:0005886]	8.31
Polyketide	extracellular region [GO:0005576]	8.31
Polyketide	extracellular space [GO:0005615]	8.31
Polyketide	cell surface [GO:0009986]	8.31
Polyketide	protein-containing complex [GO:0032991]	15.55
Polyketide	endocytic vesicle membrane [GO:0030666]	15.55
Polyketide	cytosol [GO:0005829]	15.55
Polyketide	transcription repressor complex [GO:0017053]	15.55
Polyketide	nucleoplasm [GO:0005654]	15.55
Polyketide	plasma membrane [GO:0005886]	15.55
Polyketide	nucleus [GO:0005634]	15.55
Polyketide	cytoplasm [GO:0005737]	15.55
Polyketide	nucleolus [GO:0005730]	15.55
Polyketide	cytoplasm [GO:0005737]	14.23
Polyketide	chromosome [GO:0005694]	12.6
Polyketide	condensed nuclear chromosome [GO:0000794]	12.6
Polyketide	nucleus [GO:0005634]	12.6
Polyketide	nucleoplasm [GO:0005654]	12.6
Polyketide	peroxisomal membrane [GO:0005778]	15.78
Polyketide	cytosol [GO:0005829]	15.78
Polyketide	peroxisomal matrix [GO:0005782]	15.78
Polyketide	peroxisome [GO:0005777]	15.78
Polyketide	cytoplasm [GO:0005737]	15.78
Polyketide	nuclear periphery [GO:0034399]	-1.0
Polyketide	main axon [GO:0044304]	-1.0
Polyketide	neurofibrillary tangle [GO:0097418]	-1.0
Polyketide	neuron projection [GO:0043005]	-1.0
Polyketide	somatodendritic compartment [GO:0036477]	-1.0
Polyketide	microtubule [GO:0005874]	-1.0
Polyketide	cytoplasm [GO:0005737]	-1.0
Polyketide	neuronal cell body [GO:0043025]	-1.0
Polyketide	cell body [GO:0044297]	-1.0
Polyketide	nuclear speck [GO:0016607]	-1.0
Polyketide	growth cone [GO:0030426]	-1.0
Polyketide	membrane raft [GO:0045121]	-1.0
Polyketide	dendrite [GO:0030425]	-1.0
Polyketide	tubulin complex [GO:0045298]	-1.0
Polyketide	microtubule cytoskeleton [GO:0015630]	-1.0
Polyketide	cytosol [GO:0005829]	-1.0
Polyketide	axolemma [GO:0030673]	-1.0
Polyketide	glial cell projection [GO:0097386]	-1.0
Polyketide	dendritic spine [GO:0043197]	-1.0
Polyketide	extracellular region [GO:0005576]	-1.0
Polyketide	cytoplasmic ribonucleoprotein granule [GO:0036464]	-1.0
Polyketide	nucleus [GO:0005634]	-1.0
Polyketide	axon cytoplasm [GO:1904115]	-1.0
Polyketide	plasma membrane [GO:0005886]	-1.0
Polyketide	mitochondrion [GO:0005739]	-1.0
Polyketide	axon [GO:0030424]	-1.0
Polyketide	membrane-bounded organelle [GO:0043227]	15.36
Polyketide	plasma membrane [GO:0005886]	-1.0
Polyketide	proton-transporting ATP synthase complex, coupling factor F(o) [GO:0045263]	-1.0
Polyketide	cytoplasm [GO:0005737]	14.14
Polyketide	dendrite [GO:0030425]	16.86
Polyketide	neuron projection [GO:0043005]	16.86
Polyketide	intracellular membrane-bounded organelle [GO:0043231]	16.86
Polyketide	plasma membrane [GO:0005886]	16.86
Polyketide	postsynaptic membrane [GO:0045211]	16.86
Polyketide	synapse [GO:0045202]	16.86
Polyketide	glycine-gated chloride channel complex [GO:0016935]	16.86
Polyketide	perikaryon [GO:0043204]	16.86
Polyketide	nucleoplasm [GO:0005654]	11.63
Polyketide	paraspeckles [GO:0042382]	11.63
Polyketide	nucleus [GO:0005634]	11.63
Polyketide	Golgi apparatus [GO:0005794]	11.63
Polyketide	nucleolus [GO:0005730]	11.63
Polyketide	protein-DNA complex [GO:0032993]	15.2
Polyketide	extracellular space [GO:0005615]	11.22
Polyketide	azurophil granule lumen [GO:0035578]	11.22
Polyketide	extracellular region [GO:0005576]	11.22
Polyketide	extracellular exosome [GO:0070062]	11.22
Polyketide	endoplasmic reticulum [GO:0005783]	11.83
Polyketide	mitochondrion [GO:0005739]	11.83
Polyketide	mitochondrial inner membrane [GO:0005743]	11.83
Polyketide	nucleus [GO:0005634]	18.84
Polyketide	cell body [GO:0044297]	-1.0
Polyketide	actin filament [GO:0005884]	-1.0
Polyketide	skeletal muscle myofibril [GO:0098723]	-1.0
Polyketide	stress fiber [GO:0001725]	-1.0
Polyketide	filamentous actin [GO:0031941]	-1.0
Polyketide	actin filament bundle [GO:0032432]	-1.0
Polyketide	lamellipodium [GO:0030027]	-1.0
Polyketide	striated muscle thin filament [GO:0005865]	-1.0
Polyketide	cytoplasm [GO:0005737]	-1.0
Polyketide	filopodium [GO:0030175]	-1.0
Polyketide	cytoplasm [GO:0005737]	12.21
Polyketide	skeletal muscle myofibril [GO:0098723]	13.06
Polyketide	plasma membrane [GO:0005886]	18.92
Polyketide	periplasmic side of plasma membrane [GO:0098567]	18.92
Polyketide	membrane [GO:0016020]	18.92
Polyketide	outer membrane-bounded periplasmic space [GO:0030288]	18.92
Polyketide	efflux pump complex [GO:1990281]	18.92
Polyketide	histone deacetylase complex [GO:0000118]	15.64
Polyketide	mitochondrial matrix [GO:0005759]	18.26
Polyketide	mitochondrion [GO:0005739]	18.26
Polyketide	extracellular exosome [GO:0070062]	18.26
Polyketide	cytoplasmic side of endoplasmic reticulum membrane [GO:0098554]	18.01
Polyketide	protein-containing complex [GO:0032991]	18.01
Polyketide	endoplasmic reticulum [GO:0005783]	18.01
Polyketide	sorting endosome [GO:0097443]	18.01
Polyketide	endosome lumen [GO:0031904]	18.01
Polyketide	early endosome [GO:0005769]	18.01
Polyketide	cytosol [GO:0005829]	18.01
Polyketide	mitochondrial crista [GO:0030061]	18.01
Polyketide	mitochondrial matrix [GO:0005759]	18.01
Polyketide	cytoplasm [GO:0005737]	18.01
Polyketide	protein-containing complex [GO:0032991]	11.09
Polyketide	cytosol [GO:0005829]	11.09
Polyketide	nucleoplasm [GO:0005654]	11.09
Polyketide	membrane [GO:0016020]	11.09
Polyketide	plasma membrane [GO:0005886]	11.09
Polyketide	euchromatin [GO:0000791]	11.09
Polyketide	chromatin [GO:0000785]	11.09
Polyketide	transcription regulator complex [GO:0005667]	11.09
Polyketide	nucleus [GO:0005634]	11.09
Polyketide	cytoplasm [GO:0005737]	11.09
Polyketide	Golgi apparatus [GO:0005794]	11.09
Polyketide	extracellular space [GO:0005615]	9.08
Polyketide	azurophil granule lumen [GO:0035578]	9.08
Polyketide	extracellular region [GO:0005576]	9.08
Polyketide	extracellular exosome [GO:0070062]	9.08
Polyketide	periplasmic space [GO:0042597]	16.96
Polyketide	protein-containing complex [GO:0032991]	8.43
Polyketide	cytosol [GO:0005829]	8.43
Polyketide	nucleoplasm [GO:0005654]	8.43
Polyketide	membrane [GO:0016020]	8.43
Polyketide	plasma membrane [GO:0005886]	8.43
Polyketide	euchromatin [GO:0000791]	8.43
Polyketide	chromatin [GO:0000785]	8.43
Polyketide	transcription regulator complex [GO:0005667]	8.43
Polyketide	nucleus [GO:0005634]	8.43
Polyketide	cytoplasm [GO:0005737]	8.43
Polyketide	Golgi apparatus [GO:0005794]	8.43
Polyketide	chloroplast stroma [GO:0009570]	10.64
Polyketide	endoplasmic reticulum [GO:0005783]	10.64
Polyketide	chloroplast [GO:0009507]	10.64
Polyketide	cytosol [GO:0005829]	10.64
Polyketide	intracellular membrane-bounded organelle [GO:0043231]	10.64
Polyketide	plasma membrane [GO:0005886]	10.64
Polyketide	apoplast [GO:0048046]	10.64
Polyketide	plasmodesma [GO:0009506]	10.64
Polyketide	plant-type vacuole [GO:0000325]	10.64
Polyketide	node of Ranvier [GO:0033268]	12.65
Polyketide	synapse [GO:0045202]	12.65
Polyketide	plasma membrane [GO:0005886]	12.65
Polyketide	axon initial segment [GO:0043194]	12.65
Polyketide	voltage-gated potassium channel complex [GO:0008076]	12.65
Polyketide	centrosome [GO:0005813]	17.35
Polyketide	cytosol [GO:0005829]	17.35
Polyketide	extracellular exosome [GO:0070062]	17.35
Polyketide	nucleoplasm [GO:0005654]	17.35
Polyketide	nucleus [GO:0005634]	17.35
Polyketide	cytoplasm [GO:0005737]	17.35
Polyketide	cytosol [GO:0005829]	18.09
Polyketide	plasma membrane [GO:0005886]	18.09
Polyketide	cytoplasm [GO:0005737]	18.09
Polyketide	nucleoplasm [GO:0005654]	18.09
Polyketide	site of double-strand break [GO:0035861]	18.09
Polyketide	nuclear body [GO:0016604]	18.09
Polyketide	nucleus [GO:0005634]	18.09
Polyketide	protein-DNA complex [GO:0032993]	14.49
Polyketide	nucleoplasm [GO:0005654]	16.61
Polyketide	nucleus [GO:0005634]	16.61
Polyketide	cytoplasm [GO:0005737]	16.61
Polyketide	chromatin [GO:0000785]	16.61
Polyketide	external side of plasma membrane [GO:0009897]	19.16
Polyketide	membrane [GO:0016020]	19.16
Polyketide	plasma membrane [GO:0005886]	19.16
Polyketide	mitochondrial proton-transporting ATP synthase complex [GO:0005753]	16.57
Polyketide	cytosol [GO:0005829]	16.57
Polyketide	mitochondrial proton-transporting ATP synthase complex, coupling factor F(o) [GO:0000276]	16.57
Polyketide	mitochondrion [GO:0005739]	16.57
Polyketide	mitochondrial intermembrane space [GO:0005758]	16.57
Polyketide	mitochondrial inner membrane [GO:0005743]	16.57
Polyketide	efflux pump complex [GO:1990281]	20.87
Polyketide	outer membrane-bounded periplasmic space [GO:0030288]	20.87
Polyketide	periplasmic side of plasma membrane [GO:0098567]	20.87
Polyketide	plasma membrane [GO:0005886]	20.87
Polyketide	membrane [GO:0016020]	20.87
Polyketide	nucleus [GO:0005634]	16.62
Polyketide	host cell nucleus [GO:0042025]	17.35
Polyketide	viral envelope [GO:0019031]	17.35
Polyketide	host cell plasma membrane [GO:0020002]	17.35
Polyketide	host cell lipid droplet [GO:0044186]	17.35
Polyketide	host cell endoplasmic reticulum membrane [GO:0044167]	17.35
Polyketide	host cell mitochondrial membrane [GO:0044191]	17.35
Polyketide	ribonucleoprotein complex [GO:1990904]	17.35
Polyketide	membrane [GO:0016020]	17.35
Polyketide	viral nucleocapsid [GO:0019013]	17.35
Polyketide	virion membrane [GO:0055036]	17.35
Polyketide	host cell perinuclear region of cytoplasm [GO:0044220]	17.35
Polyketide	sarcoplasmic reticulum membrane [GO:0033017]	12.56
Polyketide	cytosol [GO:0005829]	12.56
Polyketide	Z disc [GO:0030018]	12.56
Polyketide	sarcoplasmic reticulum [GO:0016529]	12.56
Polyketide	extracellular exosome [GO:0070062]	12.56
Polyketide	nucleoplasm [GO:0005654]	12.56
Polyketide	membrane [GO:0016020]	12.56
Polyketide	endoplasmic reticulum membrane [GO:0005789]	12.56
Polyketide	T-tubule [GO:0030315]	12.56
Polyketide	cytoplasm [GO:0005737]	12.56
Polyketide	fungal-type vacuole [GO:0000324]	12.68
Polyketide	vacuolar proton-transporting V-type ATPase complex [GO:0016471]	12.68
Polyketide	vacuolar proton-transporting V-type ATPase, V0 domain [GO:0000220]	12.68
Polyketide	fungal-type vacuole membrane [GO:0000329]	12.68
Polyketide	microtubule [GO:0005874]	18.38
Polyketide	cytoplasm [GO:0005737]	18.38
Polyketide	microtubule cytoskeleton [GO:0015630]	18.38
Polyketide	protein-containing complex [GO:0032991]	18.14
Polyketide	axonal growth cone [GO:0044295]	18.14
Polyketide	perinuclear region of cytoplasm [GO:0048471]	18.14
Polyketide	cytosol [GO:0005829]	18.14
Polyketide	extracellular exosome [GO:0070062]	18.14
Polyketide	nucleoplasm [GO:0005654]	18.14
Polyketide	microtubule [GO:0005874]	18.14
Polyketide	mitochondrion [GO:0005739]	18.14
Polyketide	cytoplasm [GO:0005737]	18.14
Polyketide	neuronal cell body [GO:0043025]	18.14
Polyketide	nuclear envelope [GO:0005635]	14.33
Polyketide	perinuclear region of cytoplasm [GO:0048471]	14.33
Polyketide	cytosol [GO:0005829]	14.33
Polyketide	pericentriolar material [GO:0000242]	14.33
Polyketide	Golgi membrane [GO:0000139]	14.33
Polyketide	chromosome, telomeric region [GO:0000781]	14.33
Polyketide	nucleus [GO:0005634]	14.33
Polyketide	cytoplasm [GO:0005737]	14.33
Polyketide	microtubule [GO:0005874]	20.69
Polyketide	cytoplasm [GO:0005737]	20.69
Polyketide	microtubule cytoskeleton [GO:0015630]	20.69
Polyketide	cellular bud [GO:0005933]	15.63
Polyketide	endoplasmic reticulum [GO:0005783]	15.63
Polyketide	Golgi cis cisterna [GO:0000137]	15.63
Polyketide	cytosol [GO:0005829]	15.63
Polyketide	membrane [GO:0016020]	15.63
Polyketide	mitochondrion [GO:0005739]	15.63
Polyketide	sarcoplasmic reticulum membrane [GO:0033017]	21.56
Polyketide	cytoplasmic side of membrane [GO:0098562]	21.56
Polyketide	cytosol [GO:0005829]	21.56
Polyketide	Z disc [GO:0030018]	21.56
Polyketide	sarcoplasmic reticulum [GO:0016529]	21.56
Polyketide	terminal cisterna [GO:0014802]	21.56
Polyketide	membrane [GO:0016020]	21.56
Polyketide	ryanodine receptor complex [GO:1990425]	21.56
Polyketide	cytoplasm [GO:0005737]	21.56
Polyketide	melanosome [GO:0042470]	11.16
Polyketide	axonal growth cone [GO:0044295]	11.16
Polyketide	cell body [GO:0044297]	11.16
Polyketide	endomembrane system [GO:0012505]	11.16
Polyketide	lamellipodium [GO:0030027]	11.16
Polyketide	growth cone membrane [GO:0032584]	11.16
Polyketide	plasma membrane [GO:0005886]	11.16
Polyketide	axon [GO:0030424]	11.16
Polyketide	cell surface [GO:0009986]	11.16
Polyketide	cytosol [GO:0005829]	12.18
Polyketide	extracellular exosome [GO:0070062]	12.18
Polyketide	endoplasmic reticulum [GO:0005783]	10.21
Polyketide	ribonucleoprotein complex [GO:1990904]	10.21
Polyketide	cytosol [GO:0005829]	10.21
Polyketide	plasma membrane [GO:0005886]	10.21
Polyketide	ribosome [GO:0005840]	10.21
Polyketide	chromosome [GO:0005694]	9.53
Polyketide	DNA topoisomerase type II (double strand cut, ATP-hydrolyzing) complex [GO:0009330]	9.53
Polyketide	cytoplasm [GO:0005737]	9.53
Polyketide	cytosol [GO:0005829]	9.53
Polyketide	histone deacetylase complex [GO:0000118]	12.26
Polyketide	intracellular membrane-bounded organelle [GO:0043231]	13.12
Polyketide	nucleoplasm [GO:0005654]	13.12
Polyketide	mitochondrion [GO:0005739]	13.12
Polyketide	chromatin [GO:0000785]	13.12
Polyketide	nucleus [GO:0005634]	13.12
Polyketide	basolateral plasma membrane [GO:0016323]	19.29
Polyketide	focal adhesion [GO:0005925]	19.29
Polyketide	apical plasma membrane [GO:0016324]	19.29
Polyketide	plasma membrane [GO:0005886]	19.29
Polyketide	membrane [GO:0016020]	19.29
Polyketide	microtubule [GO:0005874]	19.29
Polyketide	cytoplasm [GO:0005737]	19.29
Polyketide	cytoplasm [GO:0005737]	11.54
Polyketide	Ino80 complex [GO:0031011]	18.35
Polyketide	brahma complex [GO:0035060]	18.35
Polyketide	cytoskeleton [GO:0005856]	18.35
Polyketide	cytoplasm [GO:0005737]	18.35
Polyketide	dendrite [GO:0030425]	19.85
Polyketide	PML body [GO:0016605]	19.85
Polyketide	nuclear envelope [GO:0005635]	19.85
Polyketide	lysosome [GO:0005764]	19.85
Polyketide	endomembrane system [GO:0012505]	19.85
Polyketide	mitochondrial outer membrane [GO:0005741]	19.85
Polyketide	cytosol [GO:0005829]	19.85
Polyketide	Golgi membrane [GO:0000139]	19.85
Polyketide	nucleoplasm [GO:0005654]	19.85
Polyketide	endoplasmic reticulum membrane [GO:0005789]	19.85
Polyketide	membrane [GO:0016020]	19.85
Polyketide	TORC1 complex [GO:0031931]	19.85
Polyketide	nucleus [GO:0005634]	19.85
Polyketide	TORC2 complex [GO:0031932]	19.85
Polyketide	lysosomal membrane [GO:0005765]	19.85
Polyketide	cytoplasm [GO:0005737]	19.85
Polyketide	phagocytic vesicle [GO:0045335]	19.85
Polyketide	cytoplasm [GO:0005737]	9.49
Polyketide	sarcoplasmic reticulum membrane [GO:0033017]	17.5
Polyketide	cytoplasmic side of membrane [GO:0098562]	17.5
Polyketide	cytosol [GO:0005829]	17.5
Polyketide	Z disc [GO:0030018]	17.5
Polyketide	sarcoplasmic reticulum [GO:0016529]	17.5
Polyketide	terminal cisterna [GO:0014802]	17.5
Polyketide	membrane [GO:0016020]	17.5
Polyketide	ryanodine receptor complex [GO:1990425]	17.5
Polyketide	cytoplasm [GO:0005737]	17.5
Polyketide	extracellular space [GO:0005615]	10.79
Polyketide	azurophil granule lumen [GO:0035578]	10.79
Polyketide	extracellular region [GO:0005576]	10.79
Polyketide	extracellular exosome [GO:0070062]	10.79
Polyketide	intracellular membrane-bounded organelle [GO:0043231]	9.17
Polyketide	nucleoplasm [GO:0005654]	9.17
Polyketide	mitochondrion [GO:0005739]	9.17
Polyketide	chromatin [GO:0000785]	9.17
Polyketide	nucleus [GO:0005634]	9.17
Polyketide	focal adhesion [GO:0005925]	15.78
Polyketide	tertiary granule membrane [GO:0070821]	15.78
Polyketide	extracellular exosome [GO:0070062]	15.78
Polyketide	plasma membrane [GO:0005886]	15.78
Polyketide	protein complex involved in cell-matrix adhesion [GO:0098637]	15.78
Polyketide	serine protease inhibitor complex [GO:0097180]	15.78
Polyketide	extracellular region [GO:0005576]	15.78
Polyketide	specific granule membrane [GO:0035579]	15.78
Polyketide	extracellular space [GO:0005615]	15.78
Polyketide	external side of plasma membrane [GO:0009897]	15.78
Polyketide	cell surface [GO:0009986]	15.78
Polyketide	serine-type endopeptidase complex [GO:1905370]	15.78
Polyketide	nucleolus [GO:0005730]	15.77
Polyketide	nucleoplasm [GO:0005654]	15.77
Polyketide	cytoplasm [GO:0005737]	15.77
Polyketide	cytosol [GO:0005829]	15.77
Polyketide	spindle pole body [GO:0005816]	22.11
Polyketide	perinuclear region of cytoplasm [GO:0048471]	22.11
Polyketide	kinetochore [GO:0000776]	22.11
Polyketide	nucleus [GO:0005634]	22.11
Polyketide	cytoplasm [GO:0005737]	22.11
Polyketide	nucleus [GO:0005634]	19.52
Polyketide	cytoplasm [GO:0005737]	19.52
Polyketide	proton-transporting V-type ATPase complex [GO:0033176]	5.34
Polyketide	vacuolar proton-transporting V-type ATPase, V0 domain [GO:0000220]	5.34
Polyketide	Golgi membrane [GO:0000139]	5.34
Polyketide	membrane [GO:0016020]	5.34
Polyketide	vacuolar proton-transporting V-type ATPase complex [GO:0016471]	5.34
Polyketide	fungal-type vacuole membrane [GO:0000329]	5.34
Polyketide	protein-containing complex [GO:0032991]	13.09
Polyketide	endocytic vesicle membrane [GO:0030666]	13.09
Polyketide	cytosol [GO:0005829]	13.09
Polyketide	transcription repressor complex [GO:0017053]	13.09
Polyketide	nucleoplasm [GO:0005654]	13.09
Polyketide	plasma membrane [GO:0005886]	13.09
Polyketide	nucleus [GO:0005634]	13.09
Polyketide	cytoplasm [GO:0005737]	13.09
Polyketide	nucleolus [GO:0005730]	13.09
Polyketide	nucleus [GO:0005634]	19.2
Polyketide	cytoplasm [GO:0005737]	19.2
Polyketide	cytosol [GO:0005829]	19.2
Polyketide	endoplasmic reticulum membrane [GO:0005789]	19.42
Polyketide	endoplasmic reticulum [GO:0005783]	19.42
Polyketide	chromosome, centromeric region [GO:0000775]	4.94
Polyketide	meiotic cohesin complex [GO:0030893]	4.94
Polyketide	chromatin [GO:0000785]	4.94
Polyketide	nucleus [GO:0005634]	4.94
Polyketide	microtubule [GO:0005874]	6.9
Polyketide	cytoplasm [GO:0005737]	6.9
Polyketide	microtubule cytoskeleton [GO:0015630]	6.9
Polyketide	chromosome [GO:0005694]	16.22
Polyketide	condensed nuclear chromosome [GO:0000794]	16.22
Polyketide	nucleus [GO:0005634]	16.22
Polyketide	nucleoplasm [GO:0005654]	16.22
Polyketide	focal adhesion [GO:0005925]	13.65
Polyketide	tertiary granule membrane [GO:0070821]	13.65
Polyketide	extracellular exosome [GO:0070062]	13.65
Polyketide	plasma membrane [GO:0005886]	13.65
Polyketide	protein complex involved in cell-matrix adhesion [GO:0098637]	13.65
Polyketide	serine protease inhibitor complex [GO:0097180]	13.65
Polyketide	extracellular region [GO:0005576]	13.65
Polyketide	specific granule membrane [GO:0035579]	13.65
Polyketide	extracellular space [GO:0005615]	13.65
Polyketide	external side of plasma membrane [GO:0009897]	13.65
Polyketide	cell surface [GO:0009986]	13.65
Polyketide	serine-type endopeptidase complex [GO:1905370]	13.65
Polyketide	plasma membrane [GO:0005886]	14.39
Polyketide	proton-transporting ATP synthase complex, coupling factor F(o) [GO:0045263]	14.39
Polyketide	septin ring [GO:0005940]	19.37
Polyketide	condensed nuclear chromosome [GO:0000794]	19.37
Polyketide	nucleus [GO:0005634]	19.37
Polyketide	cytosol [GO:0005829]	13.36
Polyketide	mitochondrion [GO:0005739]	13.36
Polyketide	mitochondrial intermembrane space [GO:0005758]	13.36
Polyketide	mitochondrial matrix [GO:0005759]	13.36
Polyketide	nucleus [GO:0005634]	13.36
Polyketide	cytosol [GO:0005829]	13.61
Polyketide	nucleoplasm [GO:0005654]	13.61
Polyketide	plasma membrane [GO:0005886]	13.61
Polyketide	nucleus [GO:0005634]	13.61
Polyketide	cytoplasm [GO:0005737]	13.61
Polyketide	nucleolus [GO:0005730]	13.61
Polyketide	node of Ranvier [GO:0033268]	11.03
Polyketide	synapse [GO:0045202]	11.03
Polyketide	plasma membrane [GO:0005886]	11.03
Polyketide	axon initial segment [GO:0043194]	11.03
Polyketide	voltage-gated potassium channel complex [GO:0008076]	11.03
Polyketide	dendrite [GO:0030425]	18.53
Polyketide	PML body [GO:0016605]	18.53
Polyketide	nuclear envelope [GO:0005635]	18.53
Polyketide	lysosome [GO:0005764]	18.53
Polyketide	endomembrane system [GO:0012505]	18.53
Polyketide	mitochondrial outer membrane [GO:0005741]	18.53
Polyketide	cytosol [GO:0005829]	18.53
Polyketide	Golgi membrane [GO:0000139]	18.53
Polyketide	nucleoplasm [GO:0005654]	18.53
Polyketide	endoplasmic reticulum membrane [GO:0005789]	18.53
Polyketide	membrane [GO:0016020]	18.53
Polyketide	TORC1 complex [GO:0031931]	18.53
Polyketide	nucleus [GO:0005634]	18.53
Polyketide	TORC2 complex [GO:0031932]	18.53
Polyketide	lysosomal membrane [GO:0005765]	18.53
Polyketide	cytoplasm [GO:0005737]	18.53
Polyketide	phagocytic vesicle [GO:0045335]	18.53
Polyketide	plasma membrane [GO:0005886]	19.24
Polyketide	nucleoplasm [GO:0005654]	12.2
Polyketide	cytosol [GO:0005829]	12.2
Polyketide	extracellular exosome [GO:0070062]	12.2
Polyketide	vesicle [GO:0031982]	13.07
Polyketide	cytoplasm [GO:0005737]	13.07
Polyketide	secretory granule lumen [GO:0034774]	13.07
Polyketide	cytosol [GO:0005829]	13.07
Polyketide	ficolin-1-rich granule lumen [GO:1904813]	13.07
Polyketide	extracellular exosome [GO:0070062]	13.07
Polyketide	nucleoplasm [GO:0005654]	13.07
Polyketide	plasma membrane [GO:0005886]	13.07
Polyketide	extracellular region [GO:0005576]	13.07
Polyketide	extracellular space [GO:0005615]	13.07
Polyketide	cell surface [GO:0009986]	13.07
Polyketide	pore complex [GO:0046930]	14.44
Polyketide	cell outer membrane [GO:0009279]	14.44
Polyketide	sarcoplasmic reticulum membrane [GO:0033017]	17.82
Polyketide	cytoplasmic side of membrane [GO:0098562]	17.82
Polyketide	cytosol [GO:0005829]	17.82
Polyketide	Z disc [GO:0030018]	17.82
Polyketide	sarcoplasmic reticulum [GO:0016529]	17.82
Polyketide	terminal cisterna [GO:0014802]	17.82
Polyketide	membrane [GO:0016020]	17.82
Polyketide	ryanodine receptor complex [GO:1990425]	17.82
Polyketide	cytoplasm [GO:0005737]	17.82
Polyketide	plasma membrane [GO:0005886]	19.85
Polyketide	periplasmic side of plasma membrane [GO:0098567]	19.85
Polyketide	membrane [GO:0016020]	19.85
Polyketide	outer membrane-bounded periplasmic space [GO:0030288]	19.85
Polyketide	efflux pump complex [GO:1990281]	19.85
Polyketide	dendrite [GO:0030425]	14.19
Polyketide	chloride channel complex [GO:0034707]	14.19
Polyketide	neuron projection [GO:0043005]	14.19
Polyketide	plasma membrane [GO:0005886]	14.19
Polyketide	membrane [GO:0016020]	14.19
Polyketide	postsynaptic membrane [GO:0045211]	14.19
Polyketide	synapse [GO:0045202]	14.19
Polyketide	perikaryon [GO:0043204]	14.19
